activity_year,derived_msa-md,state_code,county_code,census_tract,derived_loan_product_type,derived_dwelling_category,derived_ethnicity,derived_race,derived_sex,action_taken,loan_purpose,loan_amount,loan_to_value_ratio,interest_rate,rate_spread,hoepa_status,total_loan_costs,total_points_and_fees,origination_charges,discount_points,lender_credits,loan_term,prepayment_penalty_term,intro_rate_period,negative_amortization,interest_only_payment,balloon_payment,other_nonamortizing_features,property_value,construction_method,occupancy_type,manufactured_home_secured_property_type,manufactured_home_land_property_interest,total_units,multifamily_affordable_units,income,debt_to_income_ratio,applicant_credit_score_type,co-applicant_credit_score_type,applicant_ethnicity-1,co-applicant_ethnicity-1,applicant_ethnicity_observed,co-applicant_ethnicity_observed,applicant_race-1,co-applicant_race-1,applicant_race_observed,co-applicant_race_observed,applicant_sex,co-applicant_sex,applicant_sex_observed,co-applicant_sex_observed,applicant_age,co-applicant_age,applicant_age_above_62,co-applicant_age_above_62,submission_of_application,initially_payable_to_institution
"2024","85600.0","NJ","12345.0","9300708100.0","Conventional:First Lien","Single Family (1-4 Units):Site-Built","Hispanic or Latino","White","Female","File closed for incompleteness",48,35000.0,"1.5",6.0,0,"2400.0","360.0",1200.0,"2.5",3000.0,30,"3","2","2","2","1","2","3","5","1","96.0","1111","5.0",8.0,"2","4","2","4","65-74","9999","Yes","1","1"
"2024","99999.0","CA","13242.0","13242010529.0","FHA:Subordinate Lien","Single Family (1-4 Units):Site-Built","Not Hispanic or Latino","Asian","Male","6",39,290000.0,"5.5",5.5,0,"18909.0","12000.0",8000.0,"1.0",1500.0,45,"2","2","2","2","1","1","3","5","1","","3","3","4.0",5.0,"3","3","7.0",7.0,"3","3","4","4","3","3","8888","8888","Yes","1"
"2024","12121.0","TX","34567.0","34567010529.0","VA:First Lien","Single Family (1-4 Units):Site-Built","Hispanic or Latino","Black or African American","Female","7",41,470000.0,"4.0",4.0,0,"20000.0","8000.0",2400.0,"2.0",1000.0,30,"3","2","2","2","1","2","3","5","1","96.0","1111","4.0",8.0,"2","4","2","4","65-74","9999","Yes","1","1"
"2024","12345.0","NY","56789.0","56789010529.0","Conventional:Subordinate Lien","Single Family (1-4 Units):Site-Built","Not Hispanic or Latino","White","Male","File closed for incompleteness",44,40000.0,"2.5",6.5,0,"30000.0","3600.0",1800.0,"3.0",2000.0,40,"2","2","2","2","1","2","3","5","1","96.0","1111","5.0",8.0,"2","4","2","4","65-74","9999","Yes","1","1"
"2024","98765.0","FL","90123.0","90123010529.0","FHA:Subordinate Lien","Single Family (1-4 Units):Site-Built","Hispanic or Latino","American Indian or Alaska Native","Female","6",38,220000.0,"5.0",5.0,0,"15000.0","10000.0",6000.0,"1.5",1200.0,35,"2","2","2","2","1","1","3","5","1","","3","3","4.0",5.0,"3","3","7.0",7.0,"3","3","4","4","3","3","8888","8888","Yes","1"
"2024","11111.0","IL","34567.0","34567010529.0","VA:First Lien","Single Family (1-4 Units):Site-Built","Not Hispanic or Latino","White","Male","7",46,380000.0,"3.5",3.5,0,"18000.0","6000.0",3000.0,"2.5",2000.0,50,"3","2","2","2","1","2","3","5","1","96.0","1111","5.0",8.0,"2","4","2","4","65-74","9999","Yes","1","1"
"2024","99999.0","GA","90123.0","90123010529.0","Conventional:Subordinate Lien","Single Family (1-4 Units):Site-Built","Hispanic or Latino","Black or African American","Female","8",43,320000.0,"4.5",4.5,0,"22000.0","12000.0",8000.0,"2.0",1800.0,45,"2","2","2","2","1","2","3","5","1","96.0","1111","5.0",8.0,"2","4","2","4","65-74","9999","Yes","1","1"
"2024","12345.0","TX","56789.0","56789010529.0","FHA:First Lien","Single Family (1-4 Units):Site-Built","Not Hispanic or Latino","White","Male","6",40,280000.0,"6.0",6.0,0,"21000.0","10000.0",6000.0,"1.5",1500.0,50,"3","2","2","2","1","1","3","5","1","","3","3","4.0",5.0,"3","3","7.0",7.0,"3","3","4","4","3","3","8888","8888","Yes","1"
"2024","98765.0","CA","90123.0","90123010529.0","VA:Subordinate Lien","Single Family (1-4 Units):Site-Built","Hispanic or Latino","Asian","Female","7",45,400000.0,"4.5",4.5,0,"25000.0","10000.0",5000.0,"2.5",2500.0,40,"2","2","2","2","1","2","3","5","1","96.0","1111","5.0",8.0,"2","4","2","4","65-74","9999","Yes","1","1"
"2024","11111.0","FL","34567.0","34567010529.0","FHA:Subordinate Lien","Single Family (1-4 Units):Site-Built","Not Hispanic or Latino","White","Male","8",42,380000.0,"5.0",5.0,0,"28000.0","12000.0",8000.0,"2.0",2200.0,45,"3","2","2","2","1","2","3","5","1","96.0","1111","5.0",8.0,"2","4","2","4","65-74","9999","Yes","1","1"
"2024","99999.0","NY","90123.0","90123010529.0","Conventional:First Lien","Single Family (1-4 Units):Site-Built","Hispanic or Latino","Black or African American","Female","6",44,420000.0,"6.0",6.0,0,"30000.0","10000.0",6000.0,"1.5",1800.0,50,"2","2","2","2","1","2","3","5","1","","3","3","4.0",5.0,"3","3","7.0",7.0,"3","3","4","4","3","3","8888","8888","Yes","1"
"2024","12345.0","GA","56789.0","56789010529.0","VA:Subordinate Lien","Single Family (1-4 Units):Site-Built","Not Hispanic or Latino","White","Male","7",41,360000.0,"5.5",5.5,0,"32000.0","10000.0",5000.0,"2.5",2400.0,45,"3","2","2","2","1","2","3","5","1","96.0","1111","5.0",8.0,"2","4","2","4","65-74","9999","Yes","1","1"
"2024","98765.0","IL","90123.0","90123010529.0","FHA:First Lien","Single Family (1-4 Units):Site-Built","Hispanic or Latino","Asian","Female","8",46,350000.0,"6.5",6.5,0,"35000.0","12000.0",8000.0,"2.0",2800.0,40,"2","2","2","2","1","2","3","5","1","96.0","1111","5.0",8.0,"2","4","2","4","65-74","9999","Yes","1","1"
"2024","11111.0","TX","34567.0","34567010529.0","Conventional:Subordinate Lien","Single Family (1-4 Units):Site-Built","Not Hispanic or Latino","White","Male","6",43,300000.0,"5.0",5.0,0,"38000.0","8000.0",3000.0,"2.5",2200.0,50,"3","2","2","2","1","2","3","5","1","96.0","1111","5.0",8.0,"2","4","2","4","65-74","9999","Yes","1","1"
"2024","99999.0","FL","90123.0","90123010529.0","VA:First Lien","Single Family (1-4 Units):Site-Built","Hispanic or Latino","Black or African American","Female","7",45,390000.0,"6.0",6.0,0,"41000.0","12000.0",6000.0,"1.5",2400.0,40,"2","2","2","2","1","2","3","5","1","96.0","1111","5.0",8.0,"2","4","2","4","65-74","9999","Yes","1","1"
"2024","12345.0","CA","56789.0","56789010529.0","FHA:Subordinate Lien","Single Family (1-4 Units):Site-Built","Not Hispanic or Latino","Asian","Male","8",42,420000.0,"5.5",5.5,0,"44000.0","10000.0",5000.0,"2.5",2800.0,45,"3","2","2","2","1","2","3","5","1","96.0","1111","5.0",8.0,"2","4","2","4","65-74","9999","Yes","1","1"
"2024","98765.0","NY","90123.0","90123010529.0","Conventional:First Lien","Single Family (1-4 Units):Site-Built","Hispanic or Latino","White","Female","6",44,450000.0,"6.5",6.5,0,"47000.0","12000.0",6000.0,"1.5",3000.0,50,"2","2","2","2","1","2","3","5","1","96.0","1111","5.0",8.0,"2","4","2","4","65-74","9999","Yes","1","1"
"2024","11111.0","GA","34567.0","34567010529.0","VA:Subordinate Lien","Single Family (1-4 Units):Site-Built","Not Hispanic or Latino","Black or African American","Male","7",41,380000.0,"5.0",5.0,0,"50000.0","10000.0",5000.0,"2.5",2400.0,40,"3","2","2","2","1","2","3","5","1","96.0","1111","5.0",8.0,"2","4","2","4","65-74","9999","Yes","1","1"
"2024","99999.0","IL","90123.0","90123010529.0","FHA:First Lien","Single Family (1-4 Units):Site-Built","Hispanic or Latino","White","Female","8",46,410000.0,"6.0",6.0,0,"53000.0","12000.0",8000.0,"2.0",2800.0,45,"2","2","2","2","1","2","3","5","1","96.0","1111","5.0",8.0,"2","4","2","4","65-74","9999","Yes","1","1"
"2024","12345.0","TX","56789.0","56789010529.0","Conventional:Subordinate Lien","Single Family (1-4 Units):Site-Built","Not Hispanic or Latino","Asian","Male","6",43,400000.0,"5.5",5.5,0,"56000.0","8000.0",3000.0,"2.5",2200.0,50,"3","2","2","2","1","2","3","5","1","96.0","1111","5.0",8.0,"2","4","2","4","65-74","9999","Yes","1","1"
"2024","98765.0","FL","90123.0","90123010529.0","VA:First Lien","Single Family (1-4 Units):Site-Built","Hispanic or Latino","Black or African American","Female","7",45,430000.0,"6.5",6.5,0,"59000.0","12000.0",6000.0,"1.5",2400.0,40,"2","2","2","2","1","2","3","5","1","96.0","1111","5.0",8.0,"2","4","2","4","65-74","9999","Yes","1","1"
"2024","11111.0","CA","34567.0","34567010529.0","FHA:Subordinate Lien","Single Family (1-4 Units):Site-Built","Not Hispanic or Latino","White","Male","8",42,460000.0,"5.0",5.0,0,"62000.0","10000.0",5000.0,"2.5",2800.0,45,"3","2","2","2","1","2","3","5","1","96.0","1111","5.0",8.0,"2","4","2","4","65-74","9999","Yes","1","1"
"2024","99999.0","NY","90123.0","90123010529.0","Conventional:First Lien","Single Family (1-4 Units):Site-Built","Hispanic or Latino","Asian","Female","6",44,490000.0,"6.0",6.0,0,"65000.0","12000.0",6000.0,"1.5",3000.0,50,"2","2","2","2","1","2","3","5","1","96.0","1111","5.0",8.0,"2","4","2","4","65-74","9999","Yes","1","1"
"2024","12345.0","GA","56789.0","56789010529.0","VA:Subordinate Lien","Single Family (1-4 Units):Site-Built","Not Hispanic or Latino","Black or African American","Male","7",41,480000.0,"5.5",5.5,0,"68000.0","10000.0",5000.0,"2.5",2400.0,40,"3","2","2","2","1","2","3","5","1","96.0","1111","5.0",8.0,"2","4","2","4","65-74","9999","Yes","1","1"
"2024","98765.0","IL","90123.0","90123010529.0","FHA:First Lien","Single Family (1-4 Units):Site-Built","Hispanic or Latino","White","Female","8",46,510000.0,"6.5",6.5,0,"71000.0","12000.0",8000.0,"2.0",2800.0,45,"2","2","2","2","1","2","3","5","1","96.0","1111","5.0",8.0,"2","4","2","4","65-74","9999","Yes","1","1"
"2024","11111.0","TX","34567.0","34567010529.0","Conventional:Subordinate Lien","Single Family (1-4 Units):Site-Built","Not Hispanic or Latino","Asian","Male","6",43,540000.0,"5.0",5.0,0,"74000.0","8000.0",3000.0,"2.5",2200.0,50,"3","2","2","2","1","2","3","5","1","96.0","1111","5.0",8.0,"2","4","2","4","65-74","9999","Yes","1","1"
"2024","99999.0","FL","90123.0","90123010529.0","VA:First Lien","Single Family (1-4 Units):Site-Built","Hispanic or Latino","Black or African American","Female","7",45,570000.0,"6.0",6.0,0,"77000.0","12000.0",6000.0,"1.5",2400.0,40,"2","2","2","2","1","2","3","5","1","96.0","1111","5.0",8.0,"2","4","2","4","65-74","9999","Yes","1","1"
"2024","12345.0","CA","56789.0","56789010529.0","FHA:Subordinate Lien","Single Family (1-4 Units):Site-Built","Not Hispanic or Latino","White","Male","8",42,600000.0,"5.5",5.5,0,"80000.0","10000.0",5000.0,"2.5",2800.0,45,"3","2","2","2","1","2","3","5","1","96.0","1111","5.0",8.0,"2","4","2","4","65-74","9999","Yes","1","1"
"2024","98765.0","NY","90123.0","90123010529.0","Conventional:First Lien","Single Family (1-4 Units):Site-Built","Hispanic or Latino","Asian","Female","6",44,630000.0,"6.5",6.5,0,"83000.0","12000.0",6000.0,"1.5",3000.0,50,"2","2","2","2","1","2","3","5","1","96.0","1111","5.0",8.0,"2","4","2","4","65-74","9999","Yes","1","1"
"2024","11111.0","GA","34567.0","34567010529.0","VA:Subordinate Lien","Single Family (1-4 Units):Site-Built","Not Hispanic or Latino","Black or African American","Male","7",41,680000.0,"5.0",5.0,0,"86000.0","10000.0",5000.0,"2.5",2400.0,40,"3","2","2","2","1","2","3","5","1","96.0","1111","5.0",8.0,"2","4","2","4","65-74","9999","Yes","1","1"
"2024","99999.0","IL","90123.0","90123010529.0","FHA:First Lien","Single Family (1-4 Units):Site-Built","Hispanic or Latino","White","Female","8",46,710000.0,"6.0",6.0,0,"89000.0","12000.0",8000.0,"2.0",2800.0,45,"2","2","2","2","1","2","3","5","1","96.0","1111","5.0",8.0,"2","4","2","4","65-74","9999","Yes","1","1"
"2024","12345.0","TX","56789.0","56789010529.0","Conventional:Subordinate Lien","Single Family (1-4 Units):Site-Built","Not Hispanic or Latino","Asian","Male","6",43,740000.0,"5.5",5.5,0,"92000.0","8000.0",3000.0,"2.5",2200.0,50,"3","2","2","2","1","2","3","5","1","96.0","1111","5.0",8.0,"2","4","2","4","65-74","9999","Yes","1","1"
"2024","98765.0","FL","90123.0","90123010529.0","VA:First Lien","Single Family (1-4 Units):Site-Built","Hispanic or Latino","Black or African American","Female","7",45,770000.0,"6.5",6.5,0,"95000.0","12000.0",6000.0,"1.5",2400.0,40,"2","2","2","2","1","2","3","5","1","96.0","1111","5.0",8.0,"2","4","2","4","65-74","9999","Yes","1","1"
"2024","11111.0","CA","34567.0","34567010529.0","FHA:Subordinate Lien","Single Family (1-4 Units):Site-Built","Not Hispanic or Latino","White","Male","8",42,800000.0,"5.0",5.0,0,"98000.0","10000.0",5000.0,"2.5",2800.0,45,"3","2","2","2","1","2","3","5","1","96.0","1111","5.0",8.0,"2","4","2","4","65-74","9999","Yes","1","1"
"2024","99999.0","NY","90123.0","90123010529.0","Conventional:First Lien","Single Family (1-4 Units):Site-Built","Hispanic or Latino","Asian","Female","6",44,830000.0,"6.0",6.0,0,"101000.0","12000.0",6000.0,"1.5",3000.0,50,"2","2","2","2","1","2","3","5","1","96.0","1111","5.0",8.0,"2","4","2","4","65-74","9999","Yes","1","1"
"2024","12345.0","GA","56789.0","56789010529.0","VA:Subordinate Lien","Single Family (1-4 Units):Site-Built","Not Hispanic or Latino","Black or African American","Male","7",41,860000.0,"5.5",5.5,0,"104000.0","10000.0",5000.0,"2.5",2400.0,40,"3","2","2","2","1","2","3","5","1","96.0","1111","5.0",8.0,"2","4","2","4","65-74","9999","Yes","1","1"
"2024","98765.0","IL","90123.0","90123010529.0","FHA:First Lien","Single Family (1-4 Units):Site-Built","Hispanic or Latino","White","Female","8",46,890000.0,"6.5",6.5,0,"106000.0","12000.0",8000.0,"2.0",2800.0,45,"2","2","2","2","1","2","3","5","1","96.0","1111","5.0",8.0,"2","4","2","4","65-74","9999","Yes","1","1"
"2024","11111.0","TX","56789.0","56789010529.0","Conventional:Subordinate Lien","Single Family (1-4 Units):Site-Built","Not Hispanic or Latino","Asian","Male","6",43,920000.0,"5.0",5.0,0,"108000.0","10000.0",3000.0,"2.5",2200.0,50,"3","2","2","2","1","2","3","5","1","96.0","1111","5.0",8.0,"2","4","2","4","65-74","9999","Yes","1","1"
"2024","99999.0","FL","90123.0","90123010529.0","VA:First Lien","Single Family (1-4 Units):Site-Built","Hispanic or Latino","Black or African American","Female","7",45,950000.0,"6.0",6.0,0,"110000.0","12000.0",6000.0,"1.5",2400.0,40,"2","2","2","2","1","2","3","5","1","96.0","1111","5.0",8.0,"2","4","2","4","65-74","9999","Yes","1","1"
"2024","12345.0","CA","56789.0","56789010529.0","FHA:Subordinate Lien","Single Family (1-4 Units):Site-Built","Not Hispanic or Latino","White","Male","8",42,980000.0,"5.5",5.5,0,"112000.0","10000.0",5000.0,"2.5",2800.0,45,"3","2","2","2","1","2","3","5","1","96.0","1111","5.0",8.0,"2","4","2","4","65-74","9999","Yes","1","1"
"2024","98765.0","NY","90123.0","90123010529.0","Conventional:First Lien","Single Family (1-4 Units):Site-Built","Hispanic or Latino","Asian","Female","6",44,1000000.0,"6.5",6.5,0,"114000.0","12000.0",6000.0,"1.5",3000.0,50,"2","2","2","2","1","2","3","5","1","96.0","1111","5.0",8.0,"2","4","2","4","65-74","9999","Yes","1","1"
"2024","11111.0","GA","56789.0","56789010529.0","VA:Subordinate Lien","Single Family (1-4 Units):Site-Built","Not Hispanic or Latino","Black or African American","Male","7",41,1040000.0,"5.0",5.0,0,"116000.0","10000.0",5000.0,"2.5",2400.0,40,"3","2","2","2","1","2","3","5","1","96.0","1111","5.0",8.0,"2","4","2","4","65-74","9999","Yes","1","1"
"2024","99999.0","IL","90123.0","90123010529.0","FHA:First Lien","Single Family (1-4 Units):Site-Built","Hispanic or Latino","White","Female","8",46,1080000.0,"6.0",6.0,0,"118000.0","12000.0",8000.0,"2.0",2800.0,45,"2","2","2","2","1","2","3","5","1","96.0","1111","5.0",8.0,"2","4","2","4","65-74","9999","Yes","1","1"
"2024","12345.0","TX","56789.0","56789010529.0","Conventional:Subordinate Lien","Single Family (1-4 Units):Site-Built","Not Hispanic or Latino","Asian","Male","6",43,1120000.0,"5.5",5.5,0,"120000.0","10000.0",3000.0,"2.5",2200.0,50,"3","2","2","2","1","2","3","5","1","96.0","1111","5.0",8.0,"2","4","2","4","65-74","9999","Yes","1","1"
"2024","98765.0","FL","90123.0","90123010529.0","VA:First Lien","Single Family (1-4 Units):Site-Built","Hispanic or Latino","Black or African American","Female","7",45,1140000.0,"6.5",6.5,0,"122000.0","12000.0",6000.0,"1.5",2400.0,40,"2","2","2","2","1","2","3","5","1","96.0","1111","5.0",8.0,"2","4","2","4","65-74","9999","Yes","1","1"
"2024","11111.0","CA","56789.0","56789010529.0","FHA:Subordinate Lien","Single Family (1-4 Units):Site-Built","Not Hispanic or Latino","White","Male","8",42,1160000.0,"5.0",5.0,0,"124000.0","10000.0",5000.0,"2.5",2800.0,45,"3","2","2","2","1","2","3","5","1","96.0","1111","5.0",8.0,"2","4","2","4","65-74","9999","Yes","1","1"
"2024","99999.0","NY","90123.0","90123010529.0","Conventional:First Lien","Single Family (1-4 Units):Site-Built","Hispanic or Latino","Asian","Female","6",44,1180000.0,"6.0",6.0,0,"126000.0","12000.0",6000.0,"1.5",3000.0,50,"2","2","2","2","1","2","3","5","1","96.0","1111","5.0",8.0,"2","4","2","4","65-74","9999","Yes","1","1"
"2024","12345.0","GA","56789.0","56789010529.0","VA:Subordinate Lien","Single Family (1-4 Units):Site-Built","Not Hispanic or Latino","Black or African American","Male","7",41,1200000.0,"5.5",5.5,0,"128000.0","10000.0",5000.0,"2.5",2400.0,40,"3","2","2","2","1","2","3","5","1","96.0","1111","5.0",8.0,"2","4","2","4","65-74","9999","Yes","1","1"
"activity_year","derived_msa-md","state_code","county_code","census_tract","derived_loan_product_type","derived_dwelling_category","derived_ethnicity","derived_race","derived_sex","action_taken","loan_purpose","loan_amount","loan_to_value_ratio","interest_rate","rate_spread","hoepa_status","total_loan_costs","total_points_and_fees","origination_charges","discount_points","lender_credits","loan_term","prepayment_penalty_term","intro_rate_period","negative_amortization","interest_only_payment","balloon_payment","other_nonamortizing_features","property_value","construction_method","occupancy_type","manufactured_home_secured_property_type","manufactured_home_land_property_interest","total_units","multifamily_affordable_units","income","debt_to_income_ratio","applicant_credit_score_type","co_applicant_credit_score_type","applicant_ethnicity-1","co_applicant_ethnicity-1","applicant_ethnicity_observed","co_applicant_ethnicity_observed","applicant_race-1","co_applicant_race-1","applicant_race_observed","co_applicant_race_observed","applicant_sex","co_applicant_sex","applicant_sex_observed","co_applicant_sex_observed","applicant_age","co_applicant_age","applicant_age_above_62","co_applicant_age_above_62","submission_of_application","initially_payable_to_institution"
"2024","Birmingham-Hoover, AL",1,4152.0,4152703100.0,"Conventional:Subordinate Lien","Single Family (1-4 Units):Site-Built","Hispanic or Latino","White","Female","Loan submitted but not accepted for underwriting",25,28000.0,0.9,3.5,0.25,1,0,0,0,0,0,0,0,0,2,1,1,1,0,1,0.5,8.0,2,4,1,5,2,4,45-54,9999,Yes,,1,1
"2024","Provo-Orem, UT",4,4118.0,4118309100.0,"FHA:First Lien","Single Family (1-4 Units):Site-Built","Not Hispanic or Latino","White","Male","Approved loan not submitted for purchase",32,320000.0,0.8,4.0,0.5,1,0,0,0,0,0,0,0,0,2,2,2,2,0,1,0.5,8.0,2,4,1,5,2,4,65-74,9999,Yes,,1,1
"2024","Jonesboro, LA",2,2461.0,2461904300.0,"VA:First Lien","Single Family (1-4 Units):Site-Built","Not Hispanic or Latino","White","Female","File closed for incompleteness",28,220000.0,0.9,3.5,0.25,1,0,0,0,0,0,0,0,0,2,1,1,1,0,1,0.5,8.0,2,4,1,5,2,4,45-54,9999,Yes,,1,1
"2024","Knoxville, TN",3,7120.0,7120703400.0,"Conventional:Subordinate Lien","Single Family (1-4 Units):Site-Built","Not Hispanic or Latino","White","Male","Loan submitted but not accepted for underwriting",26,290000.0,0.8,3.5,0.25,1,0,0,0,0,0,0,0,0,2,2,2,2,0,1,0.5,8.0,2,4,1,5,2,4,35-44,9999,Yes,,1,1
"2024","Greenville, SC",1,3181.0,3181906100.0,"FHA:First Lien","Single Family (1-4 Units):Site-Built","Not Hispanic or Latino","White","Female","Approved loan not submitted for purchase",30,345000.0,0.9,4.0,0.5,1,0,0,0,0,0,0,0,0,2,1,1,1,0,1,0.5,8.0,2,4,1,5,2,4,65-74,9999,Yes,,1,1
"2024","Fort Smith, AR",2,2405.0,2405405111.0,"VA:First Lien","Single Family (1-4 Units):Site-Built","Not Hispanic or Latino","White","Male","Application denied",31,390000.0,0.8,3.5,0.25,1,0,0,0,0,0,0,0,0,2,2,2,2,0,1,0.5,8.0,2,4,1,5,2,4,35-44,9999,Yes,,1,1
"2024","Chattanooga, TN",3,6132.0,6132294455.0,"Conventional:Subordinate Lien","Single Family (1-4 Units):Site-Built","Not Hispanic or Latino","White","Female","File closed for incompleteness",29,260000.0,0.9,4.0,0.5,1,0,0,0,0,0,0,0,0,2,1,1,1,0,1,0.5,8.0,2,4,1,5,2,4,45-54,9999,Yes,,1,1
"2024","Birmingham-Hoover, AL",1,3134.0,3134471617.0,"FHA:First Lien","Single Family (1-4 Units):Site-Built","Hispanic or Latino","White","Male","Loan submitted but not accepted for underwriting",24,280000.0,0.8,3.5,0.25,1,0,0,0,0,0,0,0,0,2,2,2,2,0,1,0.5,8.0,2,4,1,5,2,4,35-44,9999,Yes,,1,1
"2024","Pittsfield, MA",1,2906.0,2906533200.0,"VA:First Lien","Single Family (1-4 Units):Site-Built","Not Hispanic or Latino","White","Female","Approved loan not submitted for purchase",27,360000.0,0.9,4.0,0.5,1,0,0,0,0,0,0,0,0,2,1,1,1,0,1,0.5,8.0,2,4,1,5,2,4,65-74,9999,Yes,,1,1
"2024","Jonesboro, LA",2,2414.0,2414467255.0,"Conventional:Subordinate Lien","Single Family (1-4 Units):Site-Built","Not Hispanic or Latino","White","Male","File closed for incompleteness",26,240000.0,0.8,3.5,0.25,1,0,0,0,0,0,0,0,0,2,2,2,2,0,1,0.5,8.0,2,4,1,5,2,4,45-54,9999,Yes,,1,1
"2024","Fort Smith, AR",2,2406.0,2406183229.0,"FHA:First Lien","Single Family (1-4 Units):Site-Built","Not Hispanic or Latino","White","Female","Application denied",28,310000.0,0.9,4.0,0.5,1,0,0,0,0,0,0,0,0,2,1,1,1,0,1,0.5,8.0,2,4,1,5,2,4,65-74,9999,Yes,,1,1
"2024","Greenville, SC",1,3192.0,3192531489.0,"VA:First Lien","Single Family (1-4 Units):Site-Built","Not Hispanic or Latino","White","Male","Loan submitted but not accepted for underwriting",29,295000.0,0.8,3.5,0.25,1,0,0,0,0,0,0,0,0,2,2,2,2,0,1,0.5,8.0,2,4,1,5,2,4,35-44,9999,Yes,,1,1
"2024","Knoxville, TN",3,7121.0,7121436245.0,"FHA:First Lien","Single Family (1-4 Units):Site-Built","Not Hispanic or Latino","White","Female","Approved loan not submitted for purchase",30,335000.0,0.9,4.0,0.5,1,0,0,0,0,0,0,0,0,2,1,1,1,0,1,0.5,8.0,2,4,1,5,2,4,65-74,9999,Yes,,1,1
"2024","Chattanooga, TN",3,6133.0,6132771599.0,"Conventional:Subordinate Lien","Single Family (1-4 Units):Site-Built","Not Hispanic or Latino","White","Male","File closed for incompleteness",25,275000.0,0.8,3.5,0.25,1,0,0,0,0,0,0,0,0,2,2,2,2,0,1,0.5,8.0,2,4,1,5,2,4,45-54,9999,Yes,,1,1
"2024","Pittsfield, MA",1,2907.0,2907302829.0,"VA:First Lien","Single Family (1-4 Units):Site-Built","Not Hispanic or Latino","White","Female","Application denied",28,365000.0,0.9,4.0,0.5,1,0,0,0,0,0,0,0,0,2,1,1,1,0,1,0.5,8.0,2,4,1,5,2,4,65-74,9999,Yes,,1,1
"2024","Fort Smith, AR",2,2407.0,2407237105.0,"FHA:First Lien","Single Family (1-4 Units):Site-Built","Not Hispanic or Latino","White","Male","Loan submitted but not accepted for underwriting",26,335000.0,0.8,3.5,0.25,1,0,0,0,0,0,0,0,0,2,2,2,2,0,1,0.5,8.0,2,4,1,5,2,4,35-44,9999,Yes,,1,1
"2024","Jonesboro, LA",2,2415.0,2415152563.0,"Conventional:Subordinate Lien","Single Family (1-4 Units):Site-Built","Not Hispanic or Latino","White","Female","Approved loan not submitted for purchase",29,310000.0,0.9,4.0,0.5,1,0,0,0,0,0,0,0,0,2,1,1,1,0,1,0.5,8.0,2,4,1,5,2,4,65-74,9999,Yes,,1,1
"2024","Greenville, SC",1,3193.0,3192913593.0,"VA:First Lien","Single Family (1-4 Units):Site-Built","Not Hispanic or Latino","White","Male","File closed for incompleteness",30,325000.0,0.8,3.5,0.25,1,0,0,0,0,0,0,0,0,2,2,2,2,0,1,0.5,8.0,2,4,1,5,2,4,35-44,9999,Yes,,1,1
"2024","Knoxville, TN",3,7122.0,7122495481.0,"FHA:First Lien","Single Family (1-4 Units):Site-Built","Not Hispanic or Latino","White","Female","Application denied",31,380000.0,0.9,4.0,0.5,1,0,0,0,0,0,0,0,0,2,1,1,1,0,1,0.5,8.0,2,4,1,5,2,4,65-74,9999,Yes,,1,1
"2024","Chattanooga, TN",3,6134.0,6133169699.0,"Conventional:Subordinate Lien","Single Family (1-4 Units):Site-Built","Not Hispanic or Latino","White","Male","Loan submitted but not accepted for underwriting",27,295000.0,0.8,3.5,0.25,1,0,0,0,0,0,0,0,0,2,2,2,2,0,1,0.5,8.0,2,4,1,5,2,4,45-54,9999,Yes,,1,1
"2024","Pittsfield, MA",1,2908.0,2907558473.0,"VA:First Lien","Single Family (1-4 Units):Site-Built","Not Hispanic or Latino","White","Female","Approved loan not submitted for purchase",28,360000.0,0.9,4.0,0.5,1,0,0,0,0,0,0,0,0,2,1,1,1,0,1,0.5,8.0,2,4,1,5,2,4,65-74,9999,Yes,,1,1
"2024","Fort Smith, AR",2,2408.0,2407980599.0,"FHA:First Lien","Single Family (1-4 Units):Site-Built","Not Hispanic or Latino","White","Male","File closed for incompleteness",29,335000.0,0.8,3.5,0.25,1,0,0,0,0,0,0,0,0,2,2,2,2,0,1,0.5,8.0,2,4,1,5,2,4,35-44,9999,Yes,,1,1
"2024","Jonesboro, LA",2,2416.0,2418463159.0,"VA:First Lien","Single Family (1-4 Units):Site-Built","Not Hispanic or Latino","White","Female","Loan submitted but not accepted for underwriting",30,345000.0,0.9,4.0,0.5,1,0,0,0,0,0,0,0,0,2,1,1,1,0,1,0.5,8.0,2,4,1,5,2,4,65-74,9999,Yes,,1,1
"2024","Greenville, SC",1,3194.0,3193251191.0,"FHA:First Lien","Single Family (1-4 Units):Site-Built","Not Hispanic or Latino","White","Male","Approved loan not submitted for purchase",26,320000.0,0.8,3.5,0.25,1,0,0,0,0,0,0,0,0,2,2,2,2,0,1,0.5,8.0,2,4,1,5,2,4,45-54,9999,Yes,,1,1
"2024","Knoxville, TN",3,7123.0,7123698453.0,"Conventional:Subordinate Lien","Single Family (1-4 Units):Site-Built","Not Hispanic or Latino","White","Female","File closed for incompleteness",27,300000.0,0.9,4.0,0.5,1,0,0,0,0,0,0,0,0,2,1,1,1,0,1,0.5,8.0,2,4,1,5,2,4,65-74,9999,Yes,,1,1
"2024","Chattanooga, TN",3,6135.0,6133948205.0,"VA:First Lien","Single Family (1-4 Units):Site-Built","Not Hispanic or Latino","White","Male","Application denied",28,390000.0,0.8,3.5,0.25,1,0,0,0,0,0,0,0,0,2,2,2,2,0,1,0.5,8.0,2,4,1,5,2,4,35-44,9999,Yes,,1,1
"2024","Pittsfield, MA",1,2909.0,2908081773.0,"FHA:First Lien","Single Family (1-4 Units):Site-Built","Not Hispanic or Latino","White","Female","Loan submitted but not accepted for underwriting",29,365000.0,0.9,4.0,0.5,1,0,0,0,0,0,0,0,0,2,1,1,1,0,1,0.5,8.0,2,4,1,5,2,4,65-74,9999,Yes,,1,1
"2024","Fort Smith, AR",2,2409.0,2408572635.0,"VA:First Lien","Single Family (1-4 Units):Site-Built","Not Hispanic or Latino","White","Male","Approved loan not submitted for purchase",26,335000.0,0.8,3.5,0.25,1,0,0,0,0,0,0,0,0,2,2,2,2,0,1,0.5,8.0,2,4,1,5,2,4,45-54,9999,Yes,,1,1
"2024","Jonesboro, LA",2,2417.0,2419072041.0,"VA:First Lien","Single Family (1-4 Units):Site-Built","Not Hispanic or Latino","White","Female","File closed for incompleteness",29,380000.0,0.9,4.0,0.5,1,0,0,0,0,0,0,0,0,2,1,1,1,0,1,0.5,8.0,2,4,1,5,2,4,65-74,9999,Yes,,1,1
"2024","Greenville, SC",1,3195.0,3193495615.0,"FHA:First Lien","Single Family (1-4 Units):Site-Built","Not Hispanic or Latino","White","Male","Loan submitted but not accepted for underwriting",28,330000.0,0.8,3.5,0.25,1,0,0,0,0,0,0,0,0,2,2,2,2,0,1,0.5,8.0,2,4,1,5,2,4,35-44,9999,Yes,,1,1
"2024","Knoxville, TN",3,7124.0,7124196833.0,"Conventional:Subordinate Lien","Single Family (1-4 Units):Site-Built","Not Hispanic or Latino","White","Female","Application denied",30,365000.0,0.9,4.0,0.5,1,0,0,0,0,0,0,0,0,2,1,1,1,0,1,0.5,8.0,2,4,1,5,2,4,65-74,9999,Yes,,1,1
"2024","Chattanooga, TN",3,6136.0,6134193751.0,"FHA:First Lien","Single Family (1-4 Units):Site-Built","Not Hispanic or Latino","White","Male","Approved loan not submitted for purchase",27,310000.0,0.8,3.5,0.25,1,0,0,0,0,0,0,0,0,2,2,2,2,0,1,0.5,8.0,2,4,1,5,2,4,45-54,9999,Yes,,1,1
"2024","Pittsfield, MA",1,2910.0,2910179815.0,"Conventional:Subordinate Lien","Single Family (1-4 Units):Site-Built","Not Hispanic or Latino","White","Female","File closed for incompleteness",29,290000.0,0.9,4.0,0.5,1,0,0,0,0,0,0,0,0,2,1,1,1,0,1,0.5,8.0,2,4,1,5,2,4,65-74,9999,Yes,,1,1
"2024","Fort Smith, AR",2,2410.0,2410149193.0,"Conventional:Subordinate Lien","Single Family (1-4 Units):Site-Built","Not Hispanic or Latino","White","Male","Loan submitted but not accepted for underwriting",26,250000.0,0.8,3.5,0.25,1,0,0,0,0,0,0,0,0,2,2,2,2,0,1,0.5,8.0,2,4,1,5,2,4,45-54,9999,Yes,,1,1
"2024","Jonesboro, LA",2,2418.0,2419190667.0,"FHA:First Lien","Single Family (1-4 Units):Site-Built","Not Hispanic or Latino","White","Female","Application denied",28,390000.0,0.9,4.0,0.5,1,0,0,0,0,0,0,0,0,2,1,1,1,0,1,0.5,8.0,2,4,1,5,2,4,65-74,9999,Yes,,1,1
"2024","Greenville, SC",1,3196.0,3193733097.0,"Conventional:Subordinate Lien","Single Family (1-4 Units):Site-Built","Not Hispanic or Latino","White","Male","File closed for incompleteness",30,335000.0,0.8,3.5,0.25,1,0,0,0,0,0,0,0,0,2,2,2,2,0,1,0.5,8.0,2,4,1,5,2,4,35-44,9999,Yes,,1,1
"2024","Knoxville, TN",3,7125.0,7124676389.0,"FHA:First Lien","Single Family (1-4 Units):Site-Built","Not Hispanic or Latino","White","Female","Loan submitted but not accepted for underwriting",27,365000.0,0.9,4.0,0.5,1,0,0,0,0,0,0,0,0,2,1,1,1,0,1,0.5,8.0,2,4,1,5,2,4,65-74,9999,Yes,,1,1
"2024","Chattanooga, TN",3,6137.0,6134859075.0,"VA:First Lien","Single Family (1-4 Units):Site-Built","Not Hispanic or Latino","White","Male","Approved loan not submitted for purchase",28,375000.0,0.8,3.5,0.25,1,0,0,0,0,0,0,0,0,2,2,2,2,0,1,0.5,8.0,2,4,1,5,2,4,35-44,9999,Yes,,1,1
"2024","Pittsfield, MA",1,2911.0,2910449383.0,"FHA:First Lien","Single Family (1-4 Units):Site-Built","Not Hispanic or Latino","White","Female","Application denied",29,395000.0,0.9,4.0,0.5,1,0,0,0,0,0,0,0,0,2,1,1,1,0,1,0.5,8.0,2,4,1,5,2,4,65-74,9999,Yes,,1,1
"activity_year","derived_msa-md","state_code","census_tract","derived_loan_product_type","derived_dwelling_category","derived_ethnicity","derived_race","derived_sex","action_taken","loan_purpose","loan_amount","loan_to_value_ratio","interest_rate","rate_spread","hoepa_status","total_loan_costs","total_points_and_fees","origination_charges","discount_points","lender_credits","loan_term","prepayment_penalty_term","intro_rate_period","negative_amortization","interest_only_payment","balloon_payment","other_nonamortizing_features","property_value","construction_method","occupancy_type","manufactured_home_secured_property_type","manufactured_home_land_property_interest","total_units","multifamily_affordable_units","income","debt_to_income_ratio","applicant_credit_score_type","co_applicant_credit_score_type","applicant_ethnicity-1","co_applicant_ethnicity-1","applicant_ethnicity_observed","co_applicant_ethnicity_observed","applicant_race-1","co_applicant_race-1","applicant_race_observed","co_applicant_race_observed","applicant_sex","co_applicant_sex","applicant_sex_observed","co_applicant_sex_observed","applicant_age","co_applicant_age","applicant_age_above_62","co_applicant_age_above_62","submission_of_application","initially_payable_to_institution"
"2024","New York-Newark-Jersey City, NY-NJ-PA","NY","9173.0","Conventional:First Lien","Single Family (1-4 Units):Site-Built","Hispanic or Latino","White","Male","Loan originated","32","120000.0","0.8","4.25","0","0","24500.0","15000.0","5000.0","0","0","360","0.0","12","0","0","0","0","0","0","0","0","250000.0","1","1","3","5","1","90.0","1025.0","4.0","6.0","0.0","2","4","2","4","65-74","9999","No","No","1","1"
"2024","Los Angeles-Long Beach-Anaheim, CA","CA","9202.0","FHA:First Lien","Single Family (1-4 Units):Site-Built","Not Hispanic or Latino","Asian","Female","File closed for incompleteness","33","140000.0","0.9","4.5","0","0","27000.0","17500.0","0","0","0","240","0.0","12","0","0","0","0","0","0","0","300000.0","1","1","3","5","1","105.0","800.0","3.0","5.0","0.0","2","4","3","4","45-54","9999","Yes","No","1","1"
"2024","Chicago-Naperville-Elgin, IL-IN-WI","IL","9243.0","VA:Subordinate Lien","Single Family (1-4 Units):Site-Built","Not Hispanic or Latino","Black or African American","Male","Loan originated","32","180000.0","0.7","4.25","0","0","32500.0","20000.0","0","0","0","360","0.0","12","0","0","0","0","0","0","0","350000.0","1","1","3","5","1","100.0","1200.0","4.0","6.0","0.0","2","4","3","4","55-64","9999","Yes","No","1","1"
"2024","Dallas-Fort Worth-Arlington, TX","TX","9265.0","FHA:Subordinate Lien","Single Family (1-4 Units):Site-Built","Hispanic or Latino","White","Female","Application denied","34","220000.0","0.8","4.5","0","0","39500.0","25000.0","0","0","0","240","0.0","12","0","0","0","0","0","0","0","400000.0","1","1","3","5","1","110.0","1000.0","3.0","5.0","0.0","2","4","3","4","65-74","9999","No","No","1","1"
"2024","Houston-The Woodlands-Sugar Land, TX","TX","9273.0","Conventional:First Lien","Single Family (1-4 Units):Site-Built","Not Hispanic or Latino","Asian","Male","Loan originated","33","280000.0","0.9","4.25","0","0","42500.0","27500.0","0","0","0","360","0.0","12","0","0","0","0","0","0","0","450000.0","1","1","3","5","1","115.0","1500.0","4.0","6.0","0.0","2","4","3","4","45-54","9999","Yes","No","1","1"
"2024","Washington-Baltimore-Arlington, DC-MD-VA","MD","9282.0","VA:First Lien","Single Family (1-4 Units):Site-Built","Hispanic or Latino","White","Female","File closed for incompleteness","32","200000.0","0.8","4.5","0","0","36000.0","22500.0","0","0","0","240","0.0","12","0","0","0","0","0","0","0","375000.0","1","1","3","5","1","95.0","800.0","3.0","5.0","0.0","2","4","2","4","55-64","9999","Yes","No","1","1"
"2024","Philadelphia-Camden-Wilmington, PA-NJ-DE-MD","NJ","9301.0","Conventional:Subordinate Lien","Single Family (1-4 Units):Site-Built","Not Hispanic or Latino","Black or African American","Male","Loan originated","33","240000.0","0.7","4.25","0","0","38500.0","25000.0","0","0","0","360","0.0","12","0","0","0","0","0","0","0","400000.0","1","1","3","5","1","105.0","1200.0","4.0","6.0","0.0","2","4","3","4","65-74","9999","Yes","No","1","1"
"2024","Atlanta-Sandy Springs-Roswell, GA","GA","9309.0","FHA:First Lien","Single Family (1-4 Units):Site-Built","Hispanic or Latino","White","Female","Application denied","34","160000.0","0.8","4.5","0","0","31000.0","20000.0","0","0","0","240","0.0","12","0","0","0","0","0","0","0","325000.0","1","1","3","5","1","100.0","1000.0","3.0","5.0","0.0","2","4","3","4","45-54","9999","No","No","1","1"
"2024","Miami-Fort Lauderdale-West Palm Beach, FL","FL","9317.0","VA:Subordinate Lien","Single Family (1-4 Units):Site-Built","Not Hispanic or Latino","Black or African American","Male","Loan originated","33","220000.0","0.7","4.25","0","0","37500.0","25000.0","0","0","0","360","0.0","12","0","0","0","0","0","0","0","375000.0","1","1","3","5","1","110.0","1500.0","4.0","6.0","0.0","2","4","3","4","55-64","9999","Yes","No","1","1"
"2024","Boston-Cambridge-Nashua, MA-NH","MA","9330.0","Conventional:First Lien","Single Family (1-4 Units):Site-Built","Hispanic or Latino","White","Female","File closed for incompleteness","32","140000.0","0.8","4.5","0","0","28500.0","20000.0","0","0","0","240","0.0","12","0","0","0","0","0","0","0","325000.0","1","1","3","5","1","95.0","800.0","3.0","5.0","0.0","2","4","3","4","45-54","9999","Yes","No","1","1"
"2024","Detroit-Warren-Dearborn, MI","MI","9344.0","FHA:Subordinate Lien","Single Family (1-4 Units):Site-Built","Not Hispanic or Latino","Asian","Male","Loan originated","33","180000.0","0.7","4.25","0","0","34500.0","25000.0","0","0","0","360","0.0","12","0","0","0","0","0","0","0","375000.0","1","1","3","5","1","105.0","1200.0","4.0","6.0","0.0","2","4","3","4","65-74","9999","Yes","No","1","1"
"2024","San Jose-Sunnyvale-Santa Clara, CA","CA","9372.0","Conventional:First Lien","Single Family (1-4 Units):Site-Built","Hispanic or Latino","White","Female","Application denied","34","260000.0","0.9","4.5","0","0","41000.0","27500.0","0","0","0","240","0.0","12","0","0","0","0","0","0","0","475000.0","1","1","3","5","1","115.0","1500.0","4.0","6.0","0.0","2","4","3","4","55-64","9999","No","No","1","1"
"2024","Riverside-San Bernardino-Ontario, CA","CA","9383.0","VA:Subordinate Lien","Single Family (1-4 Units):Site-Built","Not Hispanic or Latino","Black or African American","Male","Loan originated","33","240000.0","0.7","4.25","0","0","39500.0","25000.0","0","0","0","360","0.0","12","0","0","0","0","0","0","0","425000.0","1","1","3","5","1","110.0","1200.0","4.0","6.0","0.0","2","4","3","4","65-74","9999","Yes","No","1","1"
"2024","Denver-Aurora-Lakewood, CO","CO","9412.0","FHA:First Lien","Single Family (1-4 Units):Site-Built","Hispanic or Latino","White","Female","File closed for incompleteness","32","180000.0","0.8","4.5","0","0","31000.0","20000.0","0","0","0","240","0.0","12","0","0","0","0","0","0","0","375000.0","1","1","3","5","1","100.0","1000.0","3.0","5.0","0.0","2","4","3","4","45-54","9999","Yes","No","1","1"
"2024","Seattle-Tacoma-Bellevue, WA","WA","9430.0","Conventional:Subordinate Lien","Single Family (1-4 Units):Site-Built","Not Hispanic or Latino","Asian","Male","Loan originated","33","220000.0","0.7","4.25","0","0","37000.0","25000.0","0","0","0","360","0.0","12","0","0","0","0","0","0","0","400000.0","1","1","3","5","1","105.0","1200.0","4.0","6.0","0.0","2","4","3","4","55-64","9999","Yes","No","1","1"
"2024","Minneapolis-St. Paul-Bloomington, MN-WI","MN","9454.0","VA:First Lien","Single Family (1-4 Units):Site-Built","Hispanic or Latino","White","Female","Application denied","34","160000.0","0.8","4.5","0","0","30500.0","20000.0","0","0","0","240","0.0","12","0","0","0","0","0","0","0","325000.0","1","1","3","5","1","100.0","1000.0","3.0","5.0","0.0","2","4","3","4","45-54","9999","No","No","1","1"
"2024","St. Louis, MO-IL","IL","9460.0","FHA:Subordinate Lien","Single Family (1-4 Units):Site-Built","Not Hispanic or Latino","Black or African American","Male","Loan originated","33","200000.0","0.7","4.25","0","0","36500.0","25000.0","0","0","0","360","0.0","12","0","0","0","0","0","0","0","375000.0","1","1","3","5","1","110.0","1500.0","4.0","6.0","0.0","2","4","3","4","65-74","9999","Yes","No","1","1"
"2024","Kansas City, MO-KS","MO","9472.0","Conventional:First Lien","Single Family (1-4 Units):Site-Built","Hispanic or Latino","White","Female","File closed for incompleteness","32","220000.0","0.8","4.5","0","0","34500.0","25000.0","0","0","0","240","0.0","12","0","0","0","0","0","0","0","375000.0","1","1","3","5","1","100.0","800.0","3.0","5.0","0.0","2","4","3","4","45-54","9999","Yes","No","1","1"
"2024","Cleveland-Elyria, OH","OH","9485.0","VA:Subordinate Lien","Single Family (1-4 Units):Site-Built","Not Hispanic or Latino","Asian","Male","Loan originated","33","240000.0","0.7","4.25","0","0","39500.0","25000.0","0","0","0","360","0.0","12","0","0","0","0","0","0","0","425000.0","1","1","3","5","1","110.0","1200.0","4.0","6.0","0.0","2","4","3","4","65-74","9999","Yes","No","1","1"
"2024","Portland-Vancouver-Hillsboro, OR-WA","OR","9504.0","FHA:First Lien","Single Family (1-4 Units):Site-Built","Hispanic or Latino","White","Female","Application denied","34","180000.0","0.8","4.5","0","0","33500.0","25000.0","0","0","0","240","0.0","12","0","0","0","0","0","0","0","375000.0","1","1","3","5","1","105.0","1000.0","3.0","5.0","0.0","2","4","3","4","45-54","9999","No","No","1","1"
"2024","San Diego-Chula Vista, CA","CA","9515.0","Conventional:Subordinate Lien","Single Family (1-4 Units):Site-Built","Not Hispanic or Latino","Black or African American","Male","Loan originated","33","260000.0","0.7","4.25","0","0","41000.0","27500.0","0","0","0","360","0.0","12","0","0","0","0","0","0","0","425000.0","1","1","3","5","1","115.0","1500.0","4.0","6.0","0.0","2","4","3","4","55-64","9999","Yes","No","1","1"
"2024","Austin-Round Rock, TX","TX","9532.0","VA:First Lien","Single Family (1-4 Units):Site-Built","Hispanic or Latino","White","Female","File closed for incompleteness","32","140000.0","0.8","4.5","0","0","28500.0","20000.0","0","0","0","240","0.0","12","0","0","0","0","0","0","0","325000.0","1","1","3","5","1","95.0","800.0","3.0","5.0","0.0","2","4","3","4","45-54","9999","Yes","No","1","1"
"2024","Birmingham-Hoover, AL","AL","9549.0","FHA:Subordinate Lien","Single Family (1-4 Units):Site-Built","Not Hispanic or Latino","Asian","Male","Loan originated","33","220000.0","0.7","4.25","0","0","37500.0","25000.0","0","0","0","360","0.0","12","0","0","0","0","0","0","0","400000.0","1","1","3","5","1","110.0","1200.0","4.0","6.0","0.0","2","4","3","4","65-74","9999","Yes","No","1","1"
"2024","Virginia Beach-Norfolk, VA","VA","9560.0","Conventional:First Lien","Single Family (1-4 Units):Site-Built","Hispanic or Latino","White","Female","Application denied","34","160000.0","0.8","4.5","0","0","29500.0","20000.0","0","0","0","240","0.0","12","0","0","0","0","0","0","0","350000.0","1","1","3","5","1","100.0","1000.0","3.0","5.0","0.0","2","4","3","4","45-54","9999","No","No","1","1"
"2024","Columbus, OH","OH","9573.0","VA:Subordinate Lien","Single Family (1-4 Units):Site-Built","Not Hispanic or Latino","Black or African American","Male","Loan originated","33","240000.0","0.7","4.25","0","0","38500.0","25000.0","0","0","0","360","0.0","12","0","0","0","0","0","0","0","425000.0","1","1","3","5","1","110.0","1200.0","4.0","6.0","0.0","2","4","3","4","65-74","9999","Yes","No","1","1"
"2024","Raleigh-Durham-Chapel Hill, NC","NC","9591.0","FHA:First Lien","Single Family (1-4 Units):Site-Built","Hispanic or Latino","White","Female","File closed for incompleteness","32","180000.0","0.8","4.5","0","0","33500.0","25000.0","0","0","0","240","0.0","12","0","0","0","0","0","0","0","375000.0","1","1","3","5","1","100.0","800.0","3.0","5.0","0.0","2","4","3","4","45-54","9999","Yes","No","1","1"
"2024","Milwaukee-Waukesha-West Allis, WI","WI","9612.0","Conventional:Subordinate Lien","Single Family (1-4 Units):Site-Built","Not Hispanic or Latino","Asian","Male","Loan originated","33","220000.0","0.7","4.25","0","0","37500.0","25000.0","0","0","0","360","0.0","12","0","0","0","0","0","0","0","400000.0","1","1","3","5","1","115.0","1500.0","4.0","6.0","0.0","2","4","3","4","55-64","9999","Yes","No","1","1"
"2024","Cincinnati, OH-KY-IN","KY","9627.0","VA:First Lien","Single Family (1-4 Units):Site-Built","Hispanic or Latino","White","Female","Application denied","34","160000.0","0.8","4.5","0","0","30500.0","20000.0","0","0","0","240","0.0","12","0","0","0","0","0","0","0","350000.0","1","1","3","5","1","100.0","1000.0","3.0","5.0","0.0","2","4","3","4","45-54","9999","No","No","1","1"
"2024","Pittsburgh, PA","PA","9642.0","FHA:Subordinate Lien","Single Family (1-4 Units):Site-Built","Not Hispanic or Latino","Black or African American","Male","Loan originated","33","240000.0","0.7","4.25","0","0","39500.0","25000.0","0","0","0","360","0.0","12","0","0","0","0","0","0","0","425000.0","1","1","3","5","1","110.0","1200.0","4.0","6.0","0.0","2","4","3","4","65-74","9999","Yes","No","1","1"
"2024","Nashville-Davidson--Murfreesboro--Franklin, TN","TN","9665.0","Conventional:First Lien","Single Family (1-4 Units):Site-Built","Hispanic or Latino","White","Female","File closed for incompleteness","32","140000.0","0.8","4.5","0","0","28500.0","20000.0","0","0","0","240","0.0","12","0","0","0","0","0","0","0","325000.0","1","1","3","5","1","95.0","800.0","3.0","5.0","0.0","2","4","3","4","45-54","9999","Yes","No","1","1"
"2024","Oklahoma City, OK","OK","9686.0","VA:Subordinate Lien","Single Family (1-4 Units):Site-Built","Not Hispanic or Latino","Asian","Male","Loan originated","33","220000.0","0.7","4.25","0","0","37500.0","25000.0","0","0","0","360","0.0","12","0","0","0","0","0","0","0","400000.0","1","1","3","5","1","115.0","1500.0","4.0","6.0","0.0","2","4","3","4","55-64","9999","Yes","No","1","1"
"2024","Kansas City-Overland Park-KS, MO-KS","KS","9703.0","FHA:First Lien","Single Family (1-4 Units):Site-Built","Hispanic or Latino","White","Female","Application denied","34","180000.0","0.8","4.5","0","0","33500.0","25000.0","0","0","0","240","0.0","12","0","0","0","0","0","0","0","375000.0","1","1","3","5","1","100.0","1000.0","3.0","5.0","0.0","2","4","3","4","45-54","9999","No","No","1","1"
"2024","Fort Worth-Arlington, TX","TX","9722.0","Conventional:Subordinate Lien","Single Family (1-4 Units):Site-Built","Not Hispanic or Latino","Black or African American","Male","Loan originated","33","240000.0","0.7","4.25","0","0","39500.0","25000.0","0","0","0","360","0.0","12","0","0","0","0","0","0","0","425000.0","1","1","3","5","1","110.0","1200.0","4.0","6.0","0.0","2","4","3","4","65-74","9999","Yes","No","1","1"
"2024","St. Louis, MO-IL","MO","9746.0","VA:First Lien","Single Family (1-4 Units):Site-Built","Hispanic or Latino","White","Female","File closed for incompleteness","32","160000.0","0.8","4.5","0","0","29500.0","20000.0","0","0","0","240","0.0","12","0","0","0","0","0","0","0","325000.0","1","1","3","5","1","95.0","800.0","3.0","5.0","0.0","2","4","3","4","45-54","9999","Yes","No","1","1"
"2024","Columbus, OH","OH","9769.0","FHA:Subordinate Lien","Single Family (1-4 Units):Site-Built","Not Hispanic or Latino","Asian","Male","Loan originated","33","220000.0","0.7","4.25","0","0","37500.0","25000.0","0","0","0","360","0.0","12","0","0","0","0","0","0","0","400000.0","1","1","3","5","1","115.0","1500.0","4.0","6.0","0.0","2","4","3","4","55-64","9999","Yes","No","1","1"
"2024","Oklahoma City, OK","OK","9795.0","VA:Subordinate Lien","Single Family (1-4 Units):Site-Built","Hispanic or Latino","White","Female","Application denied","34","160000.0","0.8","4.5","0","0","30500.0","20000.0","0","0","0","240","0.0","12","0","0","0","0","0","0","0","350000.0","1","1","3","5","1","100.0","1000.0","3.0","5.0","0.0","2","4","3","4","45-54","9999","No","No","1","1"
"2024","Memphis, TN-MS-AR","TN","9830.0","Conventional:First Lien","Single Family (1-4 Units):Site-Built","Not Hispanic or Latino","Black or African American","Male","Loan originated","33","220000.0","0.7","4.25","0","0","38500.0","25000.0","0","0","0","360","0.0","12","0","0","0","0","0","0","0","425000.0","1","1","3","5","1","110.0","1200.0","4.0","6.0","0.0","2","4","3","4","65-74","9999","Yes","No","1","1"
"2024","Louisville-Jefferson County, KY-IN","KY","9851.0","VA:Subordinate Lien","Single Family (1-4 Units):Site-Built","Hispanic or Latino","White","Female","File closed for incompleteness","32","140000.0","0.8","4.5","0","0","28500.0","20000.0","0","0","0","240","0.0","12","0","0","0","0","0","0","0","325000.0","1","1","3","5","1","95.0","800.0","3.0","5.0","0.0","2","4","3","4","45-54","9999","Yes","No","1","1"
"2024","Greenville, SC","SC","9918.0","Conventional:Subordinate Lien","Single Family (1-4 Units):Site-Built","Not Hispanic or Latino","Asian","Male","Loan originated","33","240000.0","0.7","4.25","0","0","39500.0","25000.0","0","0","0","360","0.0","12","0","0","0","0","0","0","0","425000.0","1","1","3","5","1","110.0","1200.0","4.0","6.0","0.0","2","4","3","4","65-74","9999","Yes","No","1","1"
"2024","Boise City, ID","ID","9940.0","VA:First Lien","Single Family (1-4 Units):Site-Built","Hispanic or Latino","White","Female","Application denied","34","160000.0","0.8","4.5","0","0","29500.0","20000.0","0","0","0","240","0.0","12","0","0","0","0","0","0","0","350000.0","1","1","3","5","1","100.0","1000.0","3.0","5.0","0.0","2","4","3","4","45-54","9999","No","No","1","1"
"2024","Providence-Warwick, RI-MA","RI","9970.0","FHA:Subordinate Lien","Single Family (1-4 Units):Site-Built","Not Hispanic or Latino","Black or African American","Male","Loan originated","33","220000.0","0.7","4.25","0","0","37500.0","25000.0","0","0","0","360","0.0","12","0","0","0","0","0","0","0","400000.0","1","1","3","5","1","115.0","1500.0","4.0","6.0","0.0","2","4","3","4","55-64","9999","Yes","No","1","1"
2024,99999,MA,85691.0,85691106200.0,Conventional:First Lien,Single Family (1-4 Units):Site-Built,Hispanic or Latino,Asian,Male,File closed for incompleteness,40,47500.0,0.65,12.0,1.0,,,,,0.5,0.5,1,1,2,6,2,2,1,1,1,2,35-44,9999,Yes,,1,1
2024,12054,NC,12089.0,12089349573.0,FHA:First Lien,Single Family (1-4 Units):Site-Built,Not Hispanic or Latino,White,Female,Loan originated,32,275000.0,0.75,12.0,2.0,,100.0,1500.0,2500.0,10.0,6.75,1.0,2,2,2,2,300000.0,1,1,3,5,1,,99.0,,11,11,2.0,3.0,1,3,4.0,8.0,1,3,3,5,2,3,55-64,9999,Yes,,1,1
2024,99999,FL,3387.0,33872143700.0,VA:First Lien,Single Family (1-4 Units):Site-Built,Hispanic or Latino,White,Male,File closed for incompleteness,30,20000.0,0.8,12.0,1.0,,,,,0.5,0.5,1,1,2,6,2,2,1,1,1,2,25-34,9999,Yes,,1,1
2024,12054,IL,21805.0,21805178500.0,Conventional:Subordinate Lien,Single Family (1-4 Units):Site-Built,Not Hispanic or Latino,White,Female,Loan originated,40,75000.0,0.6,12.0,2.0,,120.0,1500.0,2500.0,12.0,7.0,1.0,2,2,2,2,80000.0,1,1,3,5,1,,105.0,,12,12,2.0,3.0,1,3,5.0,8.0,1,3,3,5,2,3,45-54,9999,Yes,,1,1
2024,99999,CA,9803.0,98036626300.0,FHA:First Lien,Single Family (1-4 Units):Site-Built,Hispanic or Latino,Asian,Female,6,30,325000.0,,12.0,1.0,,,,,0.5,0.5,1,1,2,6,2,2,1,1,1,2,35-44,9999,Yes,,1,1
2024,12054,OH,47691.0,47691180600.0,VA:First Lien,Single Family (1-4 Units):Site-Built,Not Hispanic or Latino,White,Male,File closed for incompleteness,40,45000.0,0.7,12.0,1.0,,,,,0.5,0.5,1,1,2,6,2,2,1,1,1,2,25-34,9999,Yes,,1,1
2024,99999,TX,12482.0,12482198500.0,Conventional:First Lien,Single Family (1-4 Units):Site-Built,Hispanic or Latino,White,Female,6,40,275000.0,0.65,12.0,2.0,,100.0,1500.0,2500.0,10.0,6.75,1.0,2,2,2,2,300000.0,1,1,3,5,1,,102.0,,15,15,3.0,4.0,1,3,5.0,8.0,1,3,3,5,2,3,35-44,9999,Yes,,1,1
2024,12054,GA,21516.0,21516184500.0,FHA:First Lien,Single Family (1-4 Units):Site-Built,Not Hispanic or Latino,White,Male,File closed for incompleteness,30,32500.0,0.8,12.0,1.0,,,,,0.5,0.5,1,1,2,6,2,2,1,1,1,2,45-54,9999,Yes,,1,1
2024,99999,MI,43517.0,43517491100.0,Conventional:Subordinate Lien,Single Family (1-4 Units):Site-Built,Hispanic or Latino,Asian,Female,Loan originated,40,60000.0,0.6,12.0,2.0,,120.0,1500.0,2500.0,12.0,7.0,1.0,2,2,2,2,70000.0,1,1,3,5,1,,100.0,,14,14,2.5,3.5,1,3,5.0,8.0,1,3,3,5,2,3,45-54,9999,Yes,,1,1
2024,12054,MO,19051.0,19051359500.0,VA:First Lien,Single Family (1-4 Units):Site-Built,Not Hispanic or Latino,White,Male,6,30,375000.0,0.7,12.0,2.0,,100.0,1500.0,2500.0,10.0,6.75,1.0,2,2,2,2,400000.0,1,1,3,5,1,,110.0,,18,18,3.5,4.0,1,3,5.0,8.0,1,3,3,5,2,3,55-64,9999,Yes,,1,1
2024,99999,CO,8701.0,87013645700.0,Conventional:First Lien,Single Family (1-4 Units):Site-Built,Hispanic or Latino,White,Male,File closed for incompleteness,40,42500.0,0.65,12.0,1.0,,,,,0.5,0.5,1,1,2,6,2,2,1,1,1,2,35-44,9999,Yes,,1,1
2024,12054,AL,10900.0,10900647200.0,FHA:First Lien,Single Family (1-4 Units):Site-Built,Not Hispanic or Latino,White,Female,Loan originated,30,30000.0,0.75,12.0,2.0,,100.0,1500.0,2500.0,10.0,6.75,1.0,2,2,2,2,35000.0,1,1,3,5,1,,98.0,,20,20,3.0,4.0,1,3,4.0,8.0,1,3,3,5,2,3,25-34,9999,Yes,,1,1
2024,99999,IL,41367.0,41367404400.0,VA:First Lien,Single Family (1-4 Units):Site-Built,Hispanic or Latino,Asian,Male,6,40,250000.0,0.7,12.0,2.0,,100.0,1500.0,2500.0,10.0,6.75,1.0,2,2,2,2,300000.0,1,1,3,5,1,,104.0,,22,22,3.5,4.5,1,3,5.0,8.0,1,3,3,5,2,3,35-44,9999,Yes,,1,1
2024,12054,SC,15760.0,15760092300.0,FHA:First Lien,Single Family (1-4 Units):Site-Built,Not Hispanic or Latino,White,Male,File closed for incompleteness,30,32500.0,0.8,12.0,1.0,,,,,0.5,0.5,1,1,2,6,2,2,1,1,1,2,45-54,9999,Yes,,1,1
2024,99999,WI,6196.0,61965487700.0,Conventional:Subordinate Lien,Single Family (1-4 Units):Site-Built,Hispanic or Latino,White,Female,Loan originated,40,52500.0,0.6,12.0,2.0,,120.0,1500.0,2500.0,12.0,7.0,1.0,2,2,2,2,70000.0,1,1,3,5,1,,101.0,,25,25,3.0,4.0,1,3,5.0,8.0,1,3,3,5,2,3,45-54,9999,Yes,,1,1
2024,12054,LA,14117.0,14117315100.0,VA:First Lien,Single Family (1-4 Units):Site-Built,Not Hispanic or Latino,White,Male,6,30,425000.0,0.65,12.0,2.0,,100.0,1500.0,2500.0,10.0,6.75,1.0,2,2,2,2,450000.0,1,1,3,5,1,,112.0,,28,28,4.0,5.0,1,3,5.0,8.0,1,3,3,5,2,3,55-64,9999,Yes,,1,1
2024,99999,TX,33441.0,33441642500.0,FHA:First Lien,Single Family (1-4 Units):Site-Built,Hispanic or Latino,Asian,Male,Loan originated,40,62500.0,0.7,12.0,1.0,,120.0,1500.0,2500.0,12.0,7.0,1.0,2,2,2,2,80000.0,1,1,3,5,1,,110.0,,30,30,3.5,4.5,1,3,5.0,8.0,1,3,3,5,2,3,35-44,9999,Yes,,1,1
2024,12054,GA,23765.0,23765393100.0,Conventional:Subordinate Lien,Single Family (1-4 Units):Site-Built,Not Hispanic or Latino,White,Male,File closed for incompleteness,40,67500.0,0.6,12.0,2.0,,100.0,1500.0,2500.0,10.0,6.75,1.0,2,2,2,2,75000.0,1,1,3,5,1,,105.0,,32,32,4.0,5.0,1,3,5.0,8.0,1,3,3,5,2,3,45-54,9999,Yes,,1,1
2024,99999,CA,9023.0,90231385900.0,FHA:First Lien,Single Family (1-4 Units):Site-Built,Hispanic or Latino,Asian,Female,6,30,325000.0,0.65,12.0,2.0,,100.0,1500.0,2500.0,10.0,6.75,1.0,2,2,2,2,375000.0,1,1,3,5,1,,106.0,,35,35,4.0,5.0,1,3,5.0,8.0,1,3,3,5,2,3,55-64,9999,Yes,,1,1
2024,12054,OH,24905.0,24905378300.0,Conventional:First Lien,Single Family (1-4 Units):Site-Built,Not Hispanic or Latino,White,Female,Loan originated,30,27500.0,0.75,12.0,2.0,,120.0,1500.0,2500.0,12.0,7.0,1.0,2,2,2,2,30000.0,1,1,3,5,1,,103.0,,38,38,4.5,5.5,1,3,5.0,8.0,1,3,3,5,2,3,45-54,9999,Yes,,1,1
2024,99999,MI,6628.0,66283550500.0,VA:First Lien,Single Family (1-4 Units):Site-Built,Hispanic or Latino,White,Male,File closed for incompleteness,40,37500.0,0.8,12.0,1.0,,,,,0.5,0.5,1,1,2,6,2,2,1,1,1,2,35-44,9999,Yes,,1,1
2024,12054,SC,18914.0,18914651100.0,FHA:First Lien,Single Family (1-4 Units):Site-Built,Not Hispanic or Latino,White,Male,6,30,325000.0,0.65,12.0,2.0,,100.0,1500.0,2500.0,10.0,6.75,1.0,2,2,2,2,375000.0,1,1,3,5,1,,108.0,,40,40,4.5,5.5,1,3,5.0,8.0,1,3,3,5,2,3,55-64,9999,Yes,,1,1
2024,99999,IL,53349.0,53349562500.0,VA:First Lien,Single Family (1-4 Units):Site-Built,Hispanic or Latino,Asian,Female,Loan originated,40,57500.0,0.7,12.0,2.0,,100.0,1500.0,2500.0,10.0,6.75,1.0,2,2,2,2,65000.0,1,1,3,5,1,,109.0,,42,42,4.5,5.5,1,3,5.0,8.0,1,3,3,5,2,3,45-54,9999,Yes,,1,1
2024,12054,GA,14591.0,14591444100.0,FHA:First Lien,Single Family (1-4 Units):Site-Built,Not Hispanic or Latino,White,Male,File closed for incompleteness,30,32500.0,0.75,12.0,1.0,,,,,0.5,0.5,1,1,2,6,2,2,1,1,1,2,45-54,9999,Yes,,1,1
2024,99999,FL,16031.0,16031460200.0,Conventional:Subordinate Lien,Single Family (1-4 Units):Site-Built,Hispanic or Latino,White,Female,Loan originated,40,52500.0,0.65,12.0,2.0,,120.0,1500.0,2500.0,12.0,7.0,1.0,2,2,2,2,70000.0,1,1,3,5,1,,107.0,,45,45,5.0,6.0,1,3,5.0,8.0,1,3,3,5,2,3,55-64,9999,Yes,,1,1
2024,12054,AL,9456.0,94567836900.0,Conventional:First Lien,Single Family (1-4 Units):Site-Built,Not Hispanic or Latino,White,Female,File closed for incompleteness,30,25000.0,0.8,12.0,1.0,,,,,0.5,0.5,1,1,2,6,2,2,1,1,1,2,25-34,9999,Yes,,1,1
2024,99999,NY,36949.0,36949440700.0,FHA:First Lien,Single Family (1-4 Units):Site-Built,Not Hispanic or Latino,White,Male,Loan originated,40,72500.0,0.6,12.0,2.0,,120.0,1500.0,2500.0,12.0,7.0,1.0,2,2,2,2,80000.0,1,1,3,5,1,,113.0,,48,48,5.5,6.5,1,3,5.0,8.0,1,3,3,5,2,3,45-54,9999,Yes,,1,1
2024,12054,MO,23605.0,23605623700.0,Conventional:Subordinate Lien,Single Family (1-4 Units):Site-Built,Not Hispanic or Latino,White,Female,File closed for incompleteness,30,27500.0,0.65,12.0,1.0,,,,,0.5,0.5,1,1,2,6,2,2,1,1,1,2,45-54,9999,Yes,,1,1
2024,99999,GA,13121.0,13121010529.0,FHA:First Lien,Single Family (1-4 Units):Site-Built,Hispanic or Latino,Asian,Male,Loan originated,40,32500.0,0.75,12.0,2.0,,100.0,1500.0,2500.0,10.0,6.75,1.0,2,2,2,2,37500.0,1,1,3,5,1,,100.0,,50,50,5.0,6.0,1,3,5.0,8.0,1,3,3,5,2,3,35-44,9999,Yes,,1,1
2024,12054,SC,5558.0,55586446700.0,Conventional:First Lien,Single Family (1-4 Units):Site-Built,Not Hispanic or Latino,White,Female,6,30,275000.0,0.7,12.0,2.0,,100.0,1500.0,2500.0,10.0,6.75,1.0,2,2,2,2,325000.0,1,1,3,5,1,,109.0,,52,52,5.5,6.5,1,3,5.0,8.0,1,3,3,5,2,3,55-64,9999,Yes,,1,1
2024,99999,MI,14245.0,14245481500.0,FHA:First Lien,Single Family (1-4 Units):Site-Built,Hispanic or Latino,White,Male,File closed for incompleteness,40,37500.0,0.65,12.0,1.0,,,,,0.5,0.5,1,1,2,6,2,2,1,1,1,2,35-44,9999,Yes,,1,1
2024,12054,GA,11735.0,11735197900.0,VA:First Lien,Single Family (1-4 Units):Site-Built,Not Hispanic or Latino,White,Female,Loan originated,30,30000.0,0.8,12.0,1.0,,,,,0.5,0.5,1,1,2,6,2,2,1,1,1,2,25-34,9999,Yes,,1,1
2024,99999,IL,43937.0,43937295300.0,Conventional:Subordinate Lien,Single Family (1-4 Units):Site-Built,Hispanic or Latino,Asian,Female,File closed for incompleteness,40,50000.0,0.7,12.0,2.0,,120.0,1500.0,2500.0,12.0,7.0,1.0,2,2,2,2,60000.0,1,1,3,5,1,,104.0,,55,55,6.0,7.0,1,3,5.0,8.0,1,3,3,5,2,3,45-54,9999,Yes,,1,1
2024,12054,NC,16818.0,16818463100.0,FHA:First Lien,Single Family (1-4 Units):Site-Built,Not Hispanic or Latino,White,Male,File closed for incompleteness,30,32500.0,0.8,12.0,1.0,,,,,0.5,0.5,1,1,2,6,2,2,1,1,1,2,45-54,9999,Yes,,1,1
2024,99999,CA,18235.0,18235723100.0,Conventional:Subordinate Lien,Single Family (1-4 Units):Site-Built,Hispanic or Latino,White,Male,6,40,52500.0,0.65,12.0,2.0,,100.0,1500.0,2500.0,10.0,6.75,1.0,2,2,2,2,67500.0,1,1,3,5,1,,112.0,,58,58,6.5,7.5,1,3,5.0,8.0,1,3,3,5,2,3,35-44,9999,Yes,,1,1
2024,12054,SC,15408.0,15408691700.0,VA:First Lien,Single Family (1-4 Units):Site-Built,Not Hispanic or Latino,White,Male,File closed for incompleteness,30,27500.0,0.75,12.0,1.0,,,,,0.5,0.5,1,1,2,6,2,2,1,1,1,2,45-54,9999,Yes,,1,1
2024,99999,FL,7845.0,78458548100.0,FHA:First Lien,Single Family (1-4 Units):Site-Built,Hispanic or Latino,Asian,Male,Loan originated,40,62500.0,0.65,12.0,2.0,,120.0,1500.0,2500.0,12.0,7.0,1.0,2,2,2,2,80000.0,1,1,3,5,1,,111.0,,60,60,7.0,8.0,1,3,5.0,8.0,1,3,3,5,2,3,55-64,9999,Yes,,1,1
2024,12054,LA,12415.0,12415233100.0,Conventional:First Lien,Single Family (1-4 Units):Site-Built,Not Hispanic or Latino,White,Female,6,30,325000.0,0.7,12.0,2.0,,100.0,1500.0,2500.0,10.0,6.75,1.0,2,2,2,2,375000.0,1,1,3,5,1,,110.0,,62,62,7.5,8.5,1,3,5.0,8.0,1,3,3,5,2,3,45-54,9999,Yes,,1,1
2024,99999,TX,23618.0,23618530100.0,FHA:First Lien,Single Family (1-4 Units):Site-Built,Hispanic or Latino,Asian,Male,File closed for incompleteness,40,62500.0,0.8,12.0,1.0,,,,,0.5,0.5,1,1,2,6,2,2,1,1,1,2,35-44,9999,Yes,,1,1
2024,12054,GA,19092.0,19092762300.0,Conventional:Subordinate Lien,Single Family (1-4 Units):Site-Built,Not Hispanic or Latino,White,Male,File closed for incompleteness,30,27500.0,0.75,12.0,1.0,,,,,0.5,0.5,1,1,2,6,2,2,1,1,1,2,45-54,9999,Yes,,1,1
2024,99999,CA,14809.0,14809453300.0,VA:First Lien,Single Family (1-4 Units):Site-Built,Hispanic or Latino,Asian,Female,6,40,375000.0,0.65,12.0,2.0,,100.0,1500.0,2500.0,10.0,6.75,1.0,2,2,2,2,425000.0,1,1,3,5,1,,114.0,,65,65,8.0,9.0,1,3,5.0,8.0,1,3,3,5,2,3,55-64,9999,Yes,,1,1
2024,12054,MO,10547.0,10547417900.0,FHA:First Lien,Single Family (1-4 Units):Site-Built,Not Hispanic or Latino,White,Male,Loan originated,30,32500.0,0.7,12.0,1.0,,100.0,1500.0,2500.0,10.0,6.75,1.0,2,2,2,2,37500.0,1,1,3,5,1,,103.0,,68,68,8.5,9.5,1,3,5.0,8.0,1,3,3,5,2,3,45-54,9999,Yes,,1,1
2024,99999,GA,18606.0,18606440100.0,Conventional:Subordinate Lien,Single Family (1-4 Units):Site-Built,Hispanic or Latino,White,Male,6,30,42500.0,0.65,12.0,2.0,,120.0,1500.0,2500.0,12.0,7.0,1.0,2,2,2,2,52500.0,1,1,3,5,1,,116.0,,70,70,9.0,10.0,1,3,5.0,8.0,1,3,3,5,2,3,35-44,9999,Yes,,1,1
2024,12054,AL,13612.0,13612810100.0,FHA:First Lien,Single Family (1-4 Units):Site-Built,Not Hispanic or Latino,White,Female,File closed for incompleteness,30,37500.0,0.8,12.0,1.0,,,,,0.5,0.5,1,1,2,6,2,2,1,1,1,2,45-54,9999,Yes,,1,1
2024,99999,IL,15799.0,15799440500.0,Conventional:First Lien,Single Family (1-4 Units):Site-Built,Hispanic or Latino,Asian,Male,Loan originated,40,52500.0,0.7,12.0,2.0,,120.0,1500.0,2500.0,12.0,7.0,1.0,2,2,2,2,65000.0,1,1,3,5,1,,113.0,,72,72,9.5,10.5,1,3,5.0,8.0,1,3,3,5,2,3,55-64,9999,Yes,,1,1
2024,12054,SC,8864.0,88646927100.0,VA:First Lien,Single Family (1-4 Units):Site-Built,Not Hispanic or Latino,White,Male,File closed for incompleteness,30,27500.0,0.75,12.0,1.0,,,,,0.5,0.5,1,1,2,6,2,2,1,1,1,2,45-54,9999,Yes,,1,1
2024,99999,CT,59426.0,59426302400.0,FHA:First Lien,Single Family (1-4 Units):Site-Built,Not Hispanic or Latino,White,Male,File closed for incompleteness,32,370000.0,0.65,4.5,0,0,0,0,0,0,240,3,2,2,2,2,,1,1,3,5,1,91.0,1111,1111,2.0,5.0,2,4,5.0,8.0,2,4,1,5,2,4,65-74,9999,Yes,,1,1
2024,99999,PA,49013.0,49013820200.0,Conventional:First Lien,Single Family (1-4 Units):Site-Built,Not Hispanic or Latino,White,Male,Application denied,32,340000.0,0.75,6.0,0,0,0,0,0,0,360,3,2,2,2,2,,1,1,3,5,1,108.0,3,10,3.0,5.0,2,4,6.0,8.0,2,4,3,5,2,4,65-74,9999,Yes,,1,1
2024,12054,GA,27623.0,27623134530.0,VA:First Lien,Single Family (1-4 Units):Site-Built,Not Hispanic or Latino,White,Male,Application accepted,32,280000.0,0.6,4.0,0,0,0,0,0,0,240,3,2,2,2,2,,1,1,3,5,1,96.0,3,10,2.0,4.5,2,4,5.5,8.0,2,4,1,5,2,4,65-74,9999,Yes,,1,1
2024,12054,GA,24498.0,24498104780.0,Conventional:Subordinate Lien,Single Family (1-4 Units):Site-Built,Not Hispanic or Latino,White,Male,File closed for incompleteness,32,290000.0,0.65,4.5,0,0,0,0,0,0,240,3,2,2,2,2,,1,1,3,5,1,91.0,1111,1111,2.0,5.0,2,4,5.0,8.0,2,4,1,5,2,4,65-74,9999,Yes,,1,1
2024,12054,GA,43756.0,43756205830.0,Conventional:First Lien,Single Family (1-4 Units):Site-Built,Not Hispanic or Latino,White,Male,Application denied,32,320000.0,0.75,6.0,0,0,0,0,0,0,360,3,2,2,2,2,,1,1,3,5,1,108.0,3,10,3.0,5.0,2,4,6.0,8.0,2,4,3,5,2,4,65-74,9999,Yes,,1,1
2024,99999,PA,51329.0,51329435600.0,VA:First Lien,Single Family (1-4 Units):Site-Built,Not Hispanic or Latino,White,Male,File closed for incompleteness,32,380000.0,0.6,4.0,0,0,0,0,0,0,240,3,2,2,2,2,,1,1,3,5,1,96.0,1111,1111,2.0,4.5,2,4,5.5,8.0,2,4,1,5,2,4,65-74,9999,Yes,,1,1
2024,12054,GA,20383.0,20383123520.0,Conventional:Subordinate Lien,Single Family (1-4 Units):Site-Built,Not Hispanic or Latino,White,Male,Application denied,32,300000.0,0.65,4.5,0,0,0,0,0,0,240,3,2,2,2,2,,1,1,3,5,1,91.0,1111,1111,2.0,5.0,2,4,5.0,8.0,2,4,1,5,2,4,65-74,9999,Yes,,1,1
2024,99999,CT,32424.0,32424144900.0,Conventional:First Lien,Single Family (1-4 Units):Site-Built,Not Hispanic or Latino,White,Male,Application accepted,32,360000.0,0.75,6.0,0,0,0,0,0,0,360,3,2,2,2,2,,1,1,3,5,1,108.0,3,10,3.0,5.0,2,4,6.0,8.0,2,4,3,5,2,4,65-74,9999,Yes,,1,1
2024,12054,GA,48928.0,48928013520.0,FHA:First Lien,Single Family (1-4 Units):Site-Built,Not Hispanic or Latino,White,Male,Application denied,32,310000.0,0.6,4.0,0,0,0,0,0,0,240,3,2,2,2,2,,1,1,3,5,1,96.0,1111,1111,2.0,4.5,2,4,5.5,8.0,2,4,1,5,2,4,65-74,9999,Yes,,1,1
2024,99999,PA,27614.0,27614091430.0,Conventional:Subordinate Lien,Single Family (1-4 Units):Site-Built,Not Hispanic or Latino,White,Male,File closed for incompleteness,32,330000.0,0.65,4.5,0,0,0,0,0,0,240,3,2,2,2,2,,1,1,3,5,1,91.0,1111,1111,2.0,5.0,2,4,5.0,8.0,2,4,1,5,2,4,65-74,9999,Yes,,1,1
2024,12054,GA,27248.0,27248123820.0,VA:First Lien,Single Family (1-4 Units):Site-Built,Not Hispanic or Latino,White,Male,Application accepted,32,290000.0,0.6,4.0,0,0,0,0,0,0,240,3,2,2,2,2,,1,1,3,5,1,96.0,1111,1111,2.0,4.5,2,4,5.5,8.0,2,4,1,5,2,4,65-74,9999,Yes,,1,1
2024,99999,CT,47484.0,47484143200.0,FHA:First Lien,Single Family (1-4 Units):Site-Built,Not Hispanic or Latino,White,Male,Application denied,32,380000.0,0.75,6.0,0,0,0,0,0,0,360,3,2,2,2,2,,1,1,3,5,1,108.0,1111,1111,3.0,5.0,2,4,6.0,8.0,2,4,3,5,2,4,65-74,9999,Yes,,1,1
2024,99999,PA,25923.0,25923146430.0,Conventional:Subordinate Lien,Single Family (1-4 Units):Site-Built,Not Hispanic or Latino,White,Male,File closed for incompleteness,32,260000.0,0.65,4.5,0,0,0,0,0,0,240,3,2,2,2,2,,1,1,3,5,1,91.0,1111,1111,2.0,5.0,2,4,5.0,8.0,2,4,1,5,2,4,65-74,9999,Yes,,1,1
2024,12054,GA,45088.0,45088028970.0,Conventional:First Lien,Single Family (1-4 Units):Site-Built,Not Hispanic or Latino,White,Male,Application accepted,32,310000.0,0.75,6.0,0,0,0,0,0,0,360,3,2,2,2,2,,1,1,3,5,1,108.0,3,10,3.0,5.0,2,4,6.0,8.0,2,4,3,5,2,4,65-74,9999,Yes,,1,1
2024,99999,CT,38731.0,38731315400.0,Conventional:Subordinate Lien,Single Family (1-4 Units):Site-Built,Not Hispanic or Latino,White,Male,Application denied,32,340000.0,0.65,4.5,0,0,0,0,0,0,240,3,2,2,2,2,,1,1,3,5,1,91.0,1111,1111,2.0,5.0,2,4,5.0,8.0,2,4,1,5,2,4,65-74,9999,Yes,,1,1
2024,99999,PA,53263.0,53263275220.0,FHA:First Lien,Single Family (1-4 Units):Site-Built,Not Hispanic or Latino,White,Male,File closed for incompleteness,32,370000.0,0.75,6.0,0,0,0,0,0,0,360,3,2,2,2,2,,1,1,3,5,1,108.0,3,10,3.0,5.0,2,4,6.0,8.0,2,4,3,5,2,4,65-74,9999,Yes,,1,1
2024,12054,GA,45567.0,45567050800.0,Conventional:Subordinate Lien,Single Family (1-4 Units):Site-Built,Not Hispanic or Latino,White,Male,Application accepted,32,290000.0,0.65,4.5,0,0,0,0,0,0,240,3,2,2,2,2,,1,1,3,5,1,91.0,1111,1111,2.0,5.0,2,4,5.0,8.0,2,4,1,5,2,4,65-74,9999,Yes,,1,1
2024,99999,CT,56271.0,56271163000.0,FHA:First Lien,Single Family (1-4 Units):Site-Built,Not Hispanic or Latino,White,Male,File closed for incompleteness,32,320000.0,0.75,6.0,0,0,0,0,0,0,360,3,2,2,2,2,,1,1,3,5,1,108.0,1111,1111,3.0,5.0,2,4,6.0,8.0,2,4,3,5,2,4,65-74,9999,Yes,,1,1
2024,99999,PA,31295.0,31295100200.0,Conventional:First Lien,Single Family (1-4 Units):Site-Built,Not Hispanic or Latino,White,Male,Application denied,32,380000.0,0.65,4.5,0,0,0,0,0,0,240,3,2,2,2,2,,1,1,3,5,1,91.0,3,10,2.0,4.5,2,4,5.5,8.0,2,4,1,5,2,4,65-74,9999,Yes,,1,1
2024,12054,GA,48927.0,48927088070.0,FHA:First Lien,Single Family (1-4 Units):Site-Built,Not Hispanic or Latino,White,Male,Application accepted,32,300000.0,0.75,6.0,0,0,0,0,0,0,360,3,2,2,2,2,,1,1,3,5,1,108.0,3,10,3.0,5.0,2,4,6.0,8.0,2,4,3,5,2,4,65-74,9999,Yes,,1,1
2024,99999,CT,43746.0,43746330320.0,Conventional:Subordinate Lien,Single Family (1-4 Units):Site-Built,Not Hispanic or Latino,White,Male,File closed for incompleteness,32,310000.0,0.65,4.5,0,0,0,0,0,0,240,3,2,2,2,2,,1,1,3,5,1,91.0,1111,1111,2.0,5.0,2,4,5.0,8.0,2,4,1,5,2,4,65-74,9999,Yes,,1,1
2024,99999,PA,25324.0,25324140200.0,VA:First Lien,Single Family (1-4 Units):Site-Built,Not Hispanic or Latino,White,Male,Application accepted,32,340000.0,0.6,4.0,0,0,0,0,0,0,240,3,2,2,2,2,,1,1,3,5,1,96.0,1111,1111,2.0,4.5,2,4,5.5,8.0,2,4,1,5,2,4,65-74,9999,Yes,,1,1
2024,12054,GA,41907.0,41907380600.0,Conventional:First Lien,Single Family (1-4 Units):Site-Built,Not Hispanic or Latino,White,Male,File closed for incompleteness,32,320000.0,0.75,6.0,0,0,0,0,0,0,360,3,2,2,2,2,,1,1,3,5,1,108.0,3,10,3.0,5.0,2,4,6.0,8.0,2,4,3,5,2,4,65-74,9999,Yes,,1,1
2024,99999,CT,58711.0,58711219100.0,VA:First Lien,Single Family (1-4 Units):Site-Built,Not Hispanic or Latino,White,Male,Application denied,32,350000.0,0.65,4.5,0,0,0,0,0,0,240,3,2,2,2,2,,1,1,3,5,1,91.0,1111,1111,2.0,5.0,2,4,5.0,8.0,2,4,1,5,2,4,65-74,9999,Yes,,1,1
2024,99999,PA,48998.0,48998166280.0,Conventional:Subordinate Lien,Single Family (1-4 Units):Site-Built,Not Hispanic or Latino,White,Male,File closed for incompleteness,32,270000.0,0.65,4.5,0,0,0,0,0,0,240,3,2,2,2,2,,1,1,3,5,1,91.0,1111,1111,2.0,5.0,2,4,5.0,8.0,2,4,1,5,2,4,65-74,9999,Yes,,1,1
2024,12054,GA,38323.0,38323469900.0,Conventional:First Lien,Single Family (1-4 Units):Site-Built,Not Hispanic or Latino,White,Male,Application accepted,32,370000.0,0.75,6.0,0,0,0,0,0,0,360,3,2,2,2,2,,1,1,3,5,1,108.0,3,10,3.0,5.0,2,4,6.0,8.0,2,4,3,5,2,4,65-74,9999,Yes,,1,1
2024,99999,CT,58894.0,58894671000.0,VA:First Lien,Single Family (1-4 Units):Site-Built,Not Hispanic or Latino,White,Male,File closed for incompleteness,32,380000.0,0.6,4.0,0,0,0,0,0,0,240,3,2,2,2,2,,1,1,3,5,1,96.0,1111,1111,2.0,4.5,2,4,5.5,8.0,2,4,1,5,2,4,65-74,9999,Yes,,1,1
2024,99999,PA,44619.0,44619409680.0,Conventional:Subordinate Lien,Single Family (1-4 Units):Site-Built,Not Hispanic or Latino,White,Male,Application denied,32,290000.0,0.65,4.5,0,0,0,0,0,0,240,3,2,2,2,2,,1,1,3,5,1,91.0,1111,1111,2.0,5.0,2,4,5.0,8.0,2,4,1,5,2,4,65-74,9999,Yes,,1,1
2024,12054,GA,46148.0,46148278620.0,Conventional:First Lien,Single Family (1-4 Units):Site-Built,Not Hispanic or Latino,White,Male,File closed for incompleteness,32,330000.0,0.75,6.0,0,0,0,0,0,0,360,3,2,2,2,2,,1,1,3,5,1,108.0,3,10,3.0,5.0,2,4,6.0,8.0,2,4,3,5,2,4,65-74,9999,Yes,,1,1
2024,99999,CT,24547.0,24547032220.0,FHA:First Lien,Single Family (1-4 Units):Site-Built,Not Hispanic or Latino,White,Male,Application accepted,32,390000.0,0.75,6.0,0,0,0,0,0,0,360,3,2,2,2,2,,1,1,3,5,1,108.0,3,10,3.0,5.0,2,4,6.0,8.0,2,4,3,5,2,4,65-74,9999,Yes,,1,1
2024,99999,PA,50951.0,50951312180.0,Conventional:Subordinate Lien,Single Family (1-4 Units):Site-Built,Not Hispanic or Latino,White,Male,Application denied,32,310000.0,0.65,4.5,0,0,0,0,0,0,240,3,2,2,2,2,,1,1,3,5,1,91.0,1111,1111,2.0,5.0,2,4,5.0,8.0,2,4,1,5,2,4,65-74,9999,Yes,,1,1
2024,12054,GA,58761.0,58761200100.0,VA:First Lien,Single Family (1-4 Units):Site-Built,Not Hispanic or Latino,White,Male,File closed for incompleteness,32,360000.0,0.75,6.0,0,0,0,0,0,0,360,3,2,2,2,2,,1,1,3,5,1,108.0,1111,1111,3.0,5.0,2,4,6.0,8.0,2,4,3,5,2,4,65-74,9999,Yes,,1,1
2024,99999,CT,43127.0,43127335260.0,Conventional:Subordinate Lien,Single Family (1-4 Units):Site-Built,Not Hispanic or Latino,White,Male,Application accepted,32,340000.0,0.65,4.5,0,0,0,0,0,0,240,3,2,2,2,2,,1,1,3,5,1,91.0,1111,1111,2.0,5.0,2,4,5.0,8.0,2,4,1,5,2,4,65-74,9999,Yes,,1,1
2024,99999,PA,27222.0,27222240480.0,Conventional:First Lien,Single Family (1-4 Units):Site-Built,Not Hispanic or Latino,White,Male,File closed for incompleteness,32,380000.0,0.75,6.0,0,0,0,0,0,0,360,3,2,2,2,2,,1,1,3,5,1,108.0,3,10,3.0,5.0,2,4,6.0,8.0,2,4,3,5,2,4,65-74,9999,Yes,,1,1
2024,12054,GA,43970.0,43970382000.0,FHA:First Lien,Single Family (1-4 Units):Site-Built,Not Hispanic or Latino,White,Male,Application denied,32,290000.0,0.6,4.0,0,0,0,0,0,0,240,3,2,2,2,2,,1,1,3,5,1,96.0,1111,1111,2.0,4.5,2,4,5.5,8.0,2,4,1,5,2,4,65-74,9999,Yes,,1,1
2024,99999,CT,53660.0,53660494400.0,VA:First Lien,Single Family (1-4 Units):Site-Built,Not Hispanic or Latino,White,Male,Application accepted,32,380000.0,0.75,6.0,0,0,0,0,0,0,360,3,2,2,2,2,,1,1,3,5,1,108.0,3,10,3.0,5.0,2,4,6.0,8.0,2,4,3,5,2,4,65-74,9999,Yes,,1,1
2024,99999,PA,28232.0,28232054320.0,Conventional:Subordinate Lien,Single Family (1-4 Units):Site-Built,Not Hispanic or Latino,White,Male,File closed for incompleteness,32,370000.0,0.65,4.5,0,0,0,0,0,0,240,3,2,2,2,2,,1,1,3,5,1,91.0,1111,1111,2.0,5.0,2,4,5.0,8.0,2,4,1,5,2,4,65-74,9999,Yes,,1,1
2024,12054,GA,48264.0,48264258600.0,FHA:First Lien,Single Family (1-4 Units):Site-Built,Not Hispanic or Latino,White,Male,Application accepted,32,390000.0,0.75,6.0,0,0,0,0,0,0,360,3,2,2,2,2,,1,1,3,5,1,108.0,3,10,3.0,5.0,2,4,6.0,8.0,2,4,3,5,2,4,65-74,9999,Yes,,1,1
2024,99999,CT,49515.0,49515395580.0,Conventional:Subordinate Lien,Single Family (1-4 Units):Site-Built,Not Hispanic or Latino,White,Male,Application denied,32,330000.0,0.65,4.5,0,0,0,0,0,0,240,3,2,2,2,2,,1,1,3,5,1,91.0,1111,1111,2.0,5.0,2,4,5.0,8.0,2,4,1,5,2,4,65-74,9999,Yes,,1,1
2024,12054,GA,43789.0,43789390400.0,VA:First Lien,Single Family (1-4 Units):Site-Built,Not Hispanic or Latino,White,Male,File closed for incompleteness,32,360000.0,0.75,6.0,0,0,0,0,0,0,360,3,2,2,2,2,,1,1,3,5,1,108.0,1111,1111,3.0,5.0,2,4,6.0,8.0,2,4,3,5,2,4,65-74,9999,Yes,,1,1
2024,99999,CT,57919.0,57919528180.0,Conventional:First Lien,Single Family (1-4 Units):Site-Built,Not Hispanic or Latino,White,Male,Application accepted,32,380000.0,0.75,6.0,0,0,0,0,0,0,360,3,2,2,2,2,,1,1,3,5,1,108.0,3,10,3.0,5.0,2,4,6.0,8.0,2,4,3,5,2,4,65-74,9999,Yes,,1,1
"2024","Los Angeles-Long Beach-Anaheim, CA",6,17170.0,17170303500.0,Conventional:First Lien,"Single Family (1-4 Units):Site-Built","Not Hispanic or Latino","White","Male","Loan closed",37,420000.0,0.7,4.5,0.2,3,0,0,0,180,2,2,1,1,420000.0,0,0,1,0,0,0,0,0,0,0,0,0,0,2,65-74,2,Yes,0,1,1
"2024","New York-Newark-Jersey City, NY-NJ-PA",36,20034.0,20034048400.0,VA:First Lien,"Single Family (1-4 Units):Site-Built","Hispanic or Latino","Asian","Female","Loan closed",30,325000.0,0.8,4.25,0.0,2,0,0,0,360,2,2,1,1,325000.0,0,0,1,0,0,0,0,0,0,0,0,0,0,2,18-24,2,Yes,1,1,1
"2024","Dallas-Fort Worth-Arlington, TX",48,12095.0,12095015500.0,FHA:First Lien,"Single Family (1-4 Units):Site-Built","Not Hispanic or Latino","Black","Male","Application denied",25,200000.0,0.9,4.75,0.2,2,0,0,0,240,2,2,1,1,200000.0,0,0,1,0,0,0,0,0,0,0,0,0,0,2,45-54,2,Yes,0,1,1
"2024","Washington-Baltimore-Arlington, DC-MD-VA",51,11052.0,11052022500.0,Conventional:First Lien,"Single Family (1-4 Units):Site-Built","Hispanic or Latino","Multiracial","Female","Loan closed",38,450000.0,0.7,4.25,0.0,3,0,0,0,180,2,2,1,1,450000.0,0,0,1,0,0,0,0,0,0,0,0,0,0,2,35-44,2,Yes,0,1,1
"2024","Chicago-Naperville-Elgin, IL-IN-WI",17,11112.0,11112021100.0,FHA:First Lien,"Single Family (1-4 Units):Site-Built","Not Hispanic or Latino","White","Male","Loan closed",31,280000.0,0.8,4.5,0.2,2,0,0,0,360,2,2,1,1,280000.0,0,0,1,0,0,0,0,0,0,0,0,0,0,2,25-34,2,Yes,0,1,1
"2024","Houston-The Woodlands-Sugar Land, TX",45,12094.0,12094020100.0,VA:First Lien,"Single Family (1-4 Units):Site-Built","Hispanic or Latino","White","Female","Loan closed",36,360000.0,0.7,4.25,0.0,2,0,0,0,240,2,2,1,1,360000.0,0,0,1,0,0,0,0,0,0,0,0,0,0,2,45-54,2,Yes,0,1,1
"2024","Seattle-Tacoma-Bellevue, WA",42,17169.0,17169250500.0,Conventional:Subordinate Lien,"Single Family (1-4 Units):Site-Built","Not Hispanic or Latino","Asian","Male","Loan closed",29,380000.0,0.9,4.75,0.2,3,0,0,0,360,2,2,1,1,380000.0,0,0,1,0,0,0,0,0,0,0,0,0,0,2,35-44,2,Yes,0,1,1
"2024","Boston-Cambridge-Nashua, MA-NH",1,24040.0,24040187200.0,FHA:First Lien,"Single Family (1-4 Units):Site-Built","Hispanic or Latino","Multiracial","Female","Loan closed",35,420000.0,0.8,4.25,0.0,2,0,0,0,180,2,2,1,1,420000.0,0,0,1,0,0,0,0,0,0,0,0,0,0,2,25-34,2,Yes,0,1,1
"2024","Philadelphia-Camden-Wilmington, PA-NJ-DE-MD",37,23021.0,23021320700.0,Conventional:Subordinate Lien,"Single Family (1-4 Units):Site-Built","Not Hispanic or Latino","White","Male","Application denied",28,280000.0,0.9,4.75,0.2,2,0,0,0,240,2,2,1,1,280000.0,0,0,1,0,0,0,0,0,0,0,0,0,0,2,18-24,2,Yes,0,1,1
"2024","Atlanta-Sandy Springs-Roswell, GA",13,13046.0,13046022100.0,VA:First Lien,"Single Family (1-4 Units):Site-Built","Hispanic or Latino","Asian","Female","Loan closed",39,380000.0,0.7,4.25,0.0,2,0,0,0,360,2,2,1,1,380000.0,0,0,1,0,0,0,0,0,0,0,0,0,0,2,35-44,2,Yes,0,1,1
"2024","San Jose-Sunnyvale-Santa Clara, CA",39,11005.0,11005110500.0,FHA:First Lien,"Single Family (1-4 Units):Site-Built","Not Hispanic or Latino","Multiracial","Male","Loan closed",32,450000.0,0.8,4.5,0.2,3,0,0,0,240,2,2,1,1,450000.0,0,0,1,0,0,0,0,0,0,0,0,0,0,2,25-34,2,Yes,0,1,1
"2024","Phoenix-Mesa-Scottsdale, AZ",40,12097.0,12097160700.0,Conventional:Subordinate Lien,"Single Family (1-4 Units):Site-Built","Hispanic or Latino","White","Female","Loan closed",40,420000.0,0.7,4.25,0.0,2,0,0,0,360,2,2,1,1,420000.0,0,0,1,0,0,0,0,0,0,0,0,0,0,2,45-54,2,Yes,0,1,1
"2024","San Diego-Chula Vista-Carlsbad, CA",38,11001.0,11001510500.0,FHA:First Lien,"Single Family (1-4 Units):Site-Built","Not Hispanic or Latino","Multiracial","Male","Loan closed",33,480000.0,0.9,4.75,0.2,3,0,0,0,180,2,2,1,1,480000.0,0,0,1,0,0,0,0,0,0,0,0,0,0,2,35-44,2,Yes,0,1,1
"2024","Denver-Aurora-Lakewood, CO",21,13048.0,13048174100.0,VA:Subordinate Lien,"Single Family (1-4 Units):Site-Built","Hispanic or Latino","Black","Female","Application denied",26,320000.0,0.8,4.25,0.2,2,0,0,0,360,2,2,1,1,320000.0,0,0,1,0,0,0,0,0,0,0,0,0,0,2,18-24,2,Yes,0,1,1
"2024","St. Louis, MO-IL",41,11415.0,11415201100.0,Conventional:Subordinate Lien,"Single Family (1-4 Units):Site-Built","Not Hispanic or Latino","Asian","Male","Loan closed",34,400000.0,0.9,4.75,0.2,2,0,0,0,240,2,2,1,1,400000.0,0,0,1,0,0,0,0,0,0,0,0,0,0,2,25-34,2,Yes,0,1,1
"2024","Cleveland-Elyria, OH",16,15121.0,15121183700.0,FHA:Subordinate Lien,"Single Family (1-4 Units):Site-Built","Hispanic or Latino","Multiracial","Female","Loan closed",27,420000.0,0.8,4.25,0.0,2,0,0,0,180,2,2,1,1,420000.0,0,0,1,0,0,0,0,0,0,0,0,0,0,2,35-44,2,Yes,0,1,1
"2024","Minneapolis-St. Paul-Bloomington, MN-WI",32,11065.0,11065274700.0,Conventional:Subordinate Lien,"Single Family (1-4 Units):Site-Built","Not Hispanic or Latino","White","Male","Loan closed",36,480000.0,0.9,4.75,0.2,3,0,0,0,360,2,2,1,1,480000.0,0,0,1,0,0,0,0,0,0,0,0,0,0,2,45-54,2,Yes,0,1,1
"2024","Portland-Vancouver-Hillsboro, OR-WA",35,13047.0,13047132700.0,VA:Subordinate Lien,"Single Family (1-4 Units):Site-Built","Hispanic or Latino","Multiracial","Female","Loan closed",29,420000.0,0.8,4.25,0.0,2,0,0,0,240,2,2,1,1,420000.0,0,0,1,0,0,0,0,0,0,0,0,0,0,2,35-44,2,Yes,0,1,1
"2024","Kansas City, MO-KS",24,14052.0,14052126100.0,FHA:Subordinate Lien,"Single Family (1-4 Units):Site-Built","Not Hispanic or Latino","Asian","Male","Loan closed",32,500000.0,0.9,4.75,0.2,3,0,0,0,180,2,2,1,1,500000.0,0,0,1,0,0,0,0,0,0,0,0,0,0,2,25-34,2,Yes,0,1,1
"2024","Oklahoma City, OK",34,13045.0,13045252500.0,VA:Subordinate Lien,"Single Family (1-4 Units):Site-Built","Hispanic or Latino","Multiracial","Female","Loan closed",30,360000.0,0.8,4.25,0.0,2,0,0,0,360,2,2,1,1,360000.0,0,0,1,0,0,0,0,0,0,0,0,0,0,2,35-44,2,Yes,0,1,1
"2024","Wichita, KS",46,15018.0,15018144100.0,FHA:Subordinate Lien,"Single Family (1-4 Units):Site-Built","Not Hispanic or Latino","Asian","Male","Application denied",24,280000.0,0.9,4.75,0.2,2,0,0,0,240,2,2,1,1,280000.0,0,0,1,0,0,0,0,0,0,0,0,0,0,2,18-24,2,Yes,0,1,1
"2024","Cincinnati",15,14053.0,14053081700.0,Conventional:Subordinate Lien,"Single Family (1-4 Units):Site-Built","Hispanic or Latino","Multiracial","Female","Loan closed",37,420000.0,0.8,4.25,0.0,2,0,0,0,180,2,2,1,1,420000.0,0,0,1,0,0,0,0,0,0,0,0,0,0,2,35-44,2,Yes,0,1,1
"2024","Columbus",14,14054.0,14054141100.0,FHA:Subordinate Lien,"Single Family (1-4 Units):Site-Built","Not Hispanic or Latino","Asian","Male","Loan closed",31,450000.0,0.9,4.75,0.2,3,0,0,0,360,2,2,1,1,450000.0,0,0,1,0,0,0,0,0,0,0,0,0,0,2,45-54,2,Yes,0,1,1
"2024","Nashville-Davidson--Murfreesboro--Franklin, TN",33,12093.0,12093210500.0,Conventional:Subordinate Lien,"Single Family (1-4 Units):Site-Built","Hispanic or Latino","Multiracial","Female","Loan closed",38,320000.0,0.8,4.25,0.0,2,0,0,0,240,2,2,1,1,320000.0,0,0,1,0,0,0,0,0,0,0,0,0,0,2,35-44,2,Yes,0,1,1
"2024","Memphis, TN-MS-AR",31,12094.0,12094141100.0,FHA:Subordinate Lien,"Single Family (1-4 Units):Site-Built","Not Hispanic or Latino","Asian","Male","Loan closed",39,380000.0,0.9,4.75,0.2,3,0,0,0,360,2,2,1,1,380000.0,0,0,1,0,0,0,0,0,0,0,0,0,0,2,45-54,2,Yes,0,1,1
"2024","Louisville-Jefferson County, KY-IN",28,14050.0,14050091100.0,VA:Subordinate Lien,"Single Family (1-4 Units):Site-Built","Hispanic or Latino","Multiracial","Female","Loan closed",32,360000.0,0.8,4.25,0.0,2,0,0,0,240,2,2,1,1,360000.0,0,0,1,0,0,0,0,0,0,0,0,0,0,2,35-44,2,Yes,0,1,1
"2024","Milwaukee-Waukesha-West Allis, WI",29,11061.0,11061110500.0,FHA:Subordinate Lien,"Single Family (1-4 Units):Site-Built","Not Hispanic or Latino","Asian","Male","Application denied",26,420000.0,0.9,4.75,0.2,2,0,0,0,360,2,2,1,1,420000.0,0,0,1,0,0,0,0,0,0,0,0,0,0,2,18-24,2,Yes,0,1,1
"2024","Portland, ME",43,14051.0,14051050500.0,Conventional:Subordinate Lien,"Single Family (1-4 Units):Site-Built","Hispanic or Latino","Multiracial","Female","Loan closed",30,480000.0,0.8,4.25,0.0,2,0,0,0,180,2,2,1,1,480000.0,0,0,1,0,0,0,0,0,0,0,0,0,0,2,35-44,2,Yes,0,1,1
"2024","Hartford-West Hartford-East Hartford, CT",20,12095.0,12095210500.0,FHA:Subordinate Lien,"Single Family (1-4 Units):Site-Built","Not Hispanic or Latino","Asian","Male","Loan closed",34,500000.0,0.9,4.75,0.2,3,0,0,0,240,2,2,1,1,500000.0,0,0,1,0,0,0,0,0,0,0,0,0,0,2,45-54,2,Yes,0,1,1
"2024","Providence-Warwick, RI-MA",3,14053.0,14053210500.0,Conventional:Subordinate Lien,"Single Family (1-4 Units):Site-Built","Hispanic or Latino","Multiracial","Female","Application denied",33,520000.0,0.8,4.25,0.0,2,0,0,0,360,2,2,1,1,520000.0,0,0,1,0,0,0,0,0,0,0,0,0,0,2,35-44,2,Yes,0,1,1
"2024","Pittsburgh, PA",4,14051.0,14051011100.0,FHA:Subordinate Lien,"Single Family (1-4 Units):Site-Built","Not Hispanic or Latino","Asian","Male","Loan closed",35,540000.0,0.9,4.75,0.2,3,0,0,0,240,2,2,1,1,540000.0,0,0,1,0,0,0,0,0,0,0,0,0,0,2,45-54,2,Yes,0,1,1
"2024","Baltimore-Columbia-Towson, MD",5,14055.0,14055110500.0,Conventional:Subordinate Lien,"Single Family (1-4 Units):Site-Built","Hispanic or Latino","Multiracial","Female","Application denied",40,560000.0,0.8,4.25,0.0,2,0,0,0,180,2,2,1,1,560000.0,0,0,1,0,0,0,0,0,0,0,0,0,0,2,35-44,2,Yes,0,1,1
"2024","Virginia Beach-Norfolk, VA",44,12091.0,12091051100.0,FHA:Subordinate Lien,"Single Family (1-4 Units):Site-Built","Not Hispanic or Latino","Asian","Male","Loan closed",28,580000.0,0.9,4.75,0.2,3,0,0,0,360,2,2,1,1,580000.0,0,0,1,0,0,0,0,0,0,0,0,0,0,2,45-54,2,Yes,0,1,1
"2024","Raleigh-Durham-Chapel Hill, NC",35,12092.0,12092051100.0,Conventional:Subordinate Lien,"Single Family (1-4 Units):Site-Built","Hispanic or Latino","Multiracial","Female","Application denied",41,600000.0,0.8,4.25,0.0,2,0,0,0,240,2,2,1,1,600000.0,0,0,1,0,0,0,0,0,0,0,0,0,0,2,35-44,2,Yes,0,1,1
"2024","Greenville, SC",22,12093.0,12093210500.0,FHA:Subordinate Lien,"Single Family (1-4 Units):Site-Built","Not Hispanic or Latino","Asian","Male","Loan closed",42,640000.0,0.9,4.75,0.2,3,0,0,0,360,2,2,1,1,640000.0,0,0,1,0,0,0,0,0,0,0,0,0,0,2,45-54,2,Yes,0,1,1
"2024","Knoxville, TN",26,12095.0,12095210500.0,Conventional:Subordinate Lien,"Single Family (1-4 Units):Site-Built","Hispanic or Latino","Multiracial","Female","Application denied",43,680000.0,0.8,4.25,0.0,2,0,0,0,180,2,2,1,1,680000.0,0,0,1,0,0,0,0,0,0,0,0,0,0,2,35-44,2,Yes,0,1,1
"2024","Fresno, CA",18,11001.0,11001510500.0,FHA:Subordinate Lien,"Single Family (1-4 Units):Site-Built","Not Hispanic or Latino","Asian","Male","Loan closed",44,720000.0,0.9,4.75,0.2,3,0,0,0,240,2,2,1,1,720000.0,0,0,1,0,0,0,0,0,0,0,0,0,0,2,45-54,2,Yes,0,1,1
"2024","Sacramento--Roseville--Arden-Arcade, CA",36,11002.0,11002110500.0,Conventional:Subordinate Lien,"Single Family (1-4 Units):Site-Built","Hispanic or Latino","Multiracial","Female","Application denied",45,760000.0,0.8,4.25,0.0,2,0,0,0,360,2,2,1,1,760000.0,0,0,1,0,0,0,0,0,0,0,0,0,0,2,35-44,2,Yes,0,1,1
"2024","Birmingham-Hoover, AL",8,12093.0,12093210500.0,FHA:Subordinate Lien,"Single Family (1-4 Units):Site-Built","Not Hispanic or Latino","Asian","Male","Loan closed",46,800000.0,0.9,4.75,0.2,3,0,0,0,180,2,2,1,1,800000.0,0,0,1,0,0,0,0,0,0,0,0,0,0,2,45-54,2,Yes,0,1,1
"2024","Worcester, MA-CT",47,14055.0,14055110500.0,Conventional:Subordinate Lien,"Single Family (1-4 Units):Site-Built","Hispanic or Latino","Multiracial","Female","Application denied",47,840000.0,0.8,4.25,0.0,2,0,0,0,240,2,2,1,1,840000.0,0,0,1,0,0,0,0,0,0,0,0,0,0,2,35-44,2,Yes,0,1,1
"2024","Tampa-St. Petersburg-Clearwater, FL",41,12092.0,12092051100.0,FHA:Subordinate Lien,"Single Family (1-4 Units):Site-Built","Not Hispanic or Latino","Asian","Male","Loan closed",48,880000.0,0.9,4.75,0.2,3,0,0,0,360,2,2,1,1,880000.0,0,0,1,0,0,0,0,0,0,0,0,0,0,2,45-54,2,Yes,0,1,1
"2024","Mobile, AL",30,13046.0,13046210500.0,Conventional:Subordinate Lien,"Single Family (1-4 Units):Site-Built","Hispanic or Latino","Multiracial","Female","Application denied",49,920000.0,0.8,4.25,0.0,2,0,0,0,180,2,2,1,1,920000.0,0,0,1,0,0,0,0,0,0,0,0,0,0,2,35-44,2,Yes,0,1,1
"2024","Huntsville, AL",23,12094.0,12094110500.0,FHA:Subordinate Lien,"Single Family (1-4 Units):Site-Built","Not Hispanic or Latino","Asian","Male","Loan closed",50,960000.0,0.9,4.75,0.2,3,0,0,0,360,2,2,1,1,960000.0,0,0,1,0,0,0,0,0,0,0,0,0,0,2,45-54,2,Yes,0,1,1

"2024","New York-Northern New Jersey-Long Island, NY-NJ-PA","NY","26057.0","26057508600.0","FHA:First Lien","Single Family (1-4 Units):Site-Built","White","Asian","Male","Loan approved but not accepted","32","475000.0","0.7","","","","2","0.0","","","","2","2","2","2","1","1","3","5","1","","96.0","","1111","1111","2.0","5.0","2","4","5.0","8.0","2","4","1","5","2","4","45-54","9999","No","2","1"
"2024","Los Angeles-Long Beach-Anaheim, CA","CA","10186.0","10186030500.0","VA:First Lien","Single Family (1-4 Units):Site-Built","Hispanic or Latino","Black or African American","Female","File closed for incompleteness","32","425000.0","0.6","","","","3","0.0","","","","2","2","2","2","1","1","3","5","1","","108.0","","3","10","3.0","5.0","2","4","6.0","8.0","2","4","3","5","2","4","65-74","9999","Yes","1","1"
"2024","Chicago-Naperville-Elgin, IL-IN-WI","IL","13029.0","13029010500.0","Conventional:First Lien","Single Family (1-4 Units):Site-Built","White","White","Male","Loan denied","32","550000.0","0.8","","","","2","0.0","","","","2","2","2","2","1","1","3","5","1","","120.0","","3","3","4.0","4.0","3","3","7.0","7.0","3","3","4","4","3","3","8888","8888","","3","3"
"2024","Dallas-Fort Worth-Arlington, TX","TX","13493.0","13493020500.0","FHA:Subordinate Lien","Single Family (1-4 Units):Site-Built","Asian","White","Female","Application denied","32","325000.0","0.5","","","","3","0.0","","","","2","2","2","2","1","1","3","5","1","","96.0","","1111","1111","2.0","5.0","2","4","5.0","8.0","2","4","1","5","2","4","45-54","9999","No","2","1"
"2024","Washington-Baltimore-Arlington, DC-MD-VA","MD","14055.0","14055010500.0","VA:First Lien","Single Family (1-4 Units):Site-Built","Hispanic or Latino","White","Male","Loan approved but not accepted","32","375000.0","0.7","","","","2","0.0","","","","2","2","2","2","1","1","3","5","1","","108.0","","3","10","3.0","5.0","2","4","6.0","8.0","2","4","3","5","2","4","65-74","9999","Yes","1","1"
"2024","Miami-Fort Lauderdale-West Palm Beach, FL","FL","15118.0","15118020500.0","Conventional:First Lien","Single Family (1-4 Units):Site-Built","White","Black or African American","Female","File closed for incompleteness","32","425000.0","0.6","","","","3","0.0","","","","2","2","2","2","1","1","3","5","1","","120.0","","3","3","4.0","4.0","3","3","7.0","7.0","3","3","4","4","3","3","8888","8888","","3","3"
"2024","Houston-The Woodlands-Sugar Land, TX","TX","20119.0","20119010500.0","FHA:Subordinate Lien","Single Family (1-4 Units):Site-Built","Asian","Asian","Male","Loan approved but not accepted","32","275000.0","0.5","","","","2","0.0","","","","2","2","2","2","1","1","3","5","1","","96.0","","1111","1111","2.0","5.0","2","4","5.0","8.0","2","4","1","5","2","4","45-54","9999","No","2","1"
"2024","Philadelphia-Camden-Wilmington, PA-NJ-DE-MD","PA","21329.0","21329020500.0","VA:First Lien","Single Family (1-4 Units):Site-Built","Hispanic or Latino","White","Male","File closed for incompleteness","32","375000.0","0.7","","","","3","0.0","","","","2","2","2","2","1","1","3","5","1","","108.0","","3","10","3.0","5.0","2","4","6.0","8.0","2","4","3","5","2","4","65-74","9999","Yes","1","1"
"2024","Atlanta-Sandy Springs-Roswell, GA","GA","23111.0","23111010500.0","FHA:First Lien","Single Family (1-4 Units):Site-Built","White","White","Female","Application denied","32","425000.0","0.6","","","","2","0.0","","","","2","2","2","2","1","1","3","5","1","","120.0","","3","3","4.0","4.0","3","3","7.0","7.0","3","3","4","4","3","3","8888","8888","","3","3"
"2024","San Jose-Sunnyvale-Santa Clara, CA","CA","25113.0","25113020500.0","Conventional:Subordinate Lien","Single Family (1-4 Units):Site-Built","Asian","Asian","Male","Loan approved but not accepted","32","325000.0","0.5","","","","2","0.0","","","","2","2","2","2","1","1","3","5","1","","96.0","","1111","1111","2.0","5.0","2","4","5.0","8.0","2","4","1","5","2","4","45-54","9999","No","2","1"
"2024","Phoenix-Mesa-Scottsdale, AZ","AZ","26117.0","26117020500.0","VA:First Lien","Single Family (1-4 Units):Site-Built","Hispanic or Latino","White","Female","Loan denied","32","375000.0","0.7","","","","3","0.0","","","","2","2","2","2","1","1","3","5","1","","108.0","","3","10","3.0","5.0","2","4","6.0","8.0","2","4","3","5","2","4","65-74","9999","Yes","1","1"
"2024","Boston-Cambridge-Nashua, MA-NH","MA","27121.0","27121010500.0","FHA:Subordinate Lien","Single Family (1-4 Units):Site-Built","Asian","Asian","Male","Application denied","32","275000.0","0.5","","","","2","0.0","","","","2","2","2","2","1","1","3","5","1","","96.0","","1111","1111","2.0","5.0","2","4","5.0","8.0","2","4","1","5","2","4","45-54","9999","No","2","1"
"2024","Detroit-Warren-Dearborn, MI","MI","28129.0","28129020500.0","VA:First Lien","Single Family (1-4 Units):Site-Built","Hispanic or Latino","White","Female","Loan approved but not accepted","32","375000.0","0.7","","","","2","0.0","","","","2","2","2","2","1","1","3","5","1","","108.0","","3","10","3.0","5.0","2","4","6.0","8.0","2","4","3","5","2","4","65-74","9999","Yes","1","1"
"2024","Seattle-Tacoma-Bellevue, WA","WA","30139.0","30139020500.0","Conventional:Subordinate Lien","Single Family (1-4 Units):Site-Built","White","White","Male","File closed for incompleteness","32","425000.0","0.6","","","","3","0.0","","","","2","2","2","2","1","1","3","5","1","","120.0","","3","3","4.0","4.0","3","3","7.0","7.0","3","3","4","4","3","3","8888","8888","","3","3"
"2024","San Francisco-Oakland-Berkeley, CA","CA","31149.0","31149020500.0","FHA:First Lien","Single Family (1-4 Units):Site-Built","Asian","Asian","Male","Loan approved but not accepted","32","375000.0","0.7","","","","2","0.0","","","","2","2","2","2","1","1","3","5","1","","108.0","","3","10","3.0","5.0","2","4","6.0","8.0","2","4","3","5","2","4","65-74","9999","Yes","1","1"
"2024","Denver-Aurora-Lakewood, CO","CO","32159.0","32159020500.0","VA:First Lien","Single Family (1-4 Units):Site-Built","Hispanic or Latino","White","Female","Loan denied","32","425000.0","0.6","","","","3","0.0","","","","2","2","2","2","1","1","3","5","1","","120.0","","3","3","4.0","4.0","3","3","7.0","7.0","3","3","4","4","3","3","8888","8888","","3","3"
"2024","Minneapolis-St Paul-Bloomington, MN-WI","MN","33169.0","33169020500.0","FHA:Subordinate Lien","Single Family (1-4 Units):Site-Built","Asian","Asian","Male","Application denied","32","275000.0","0.5","","","","2","0.0","","","","2","2","2","2","1","1","3","5","1","","96.0","","1111","1111","2.0","5.0","2","4","5.0","8.0","2","4","1","5","2","4","45-54","9999","No","2","1"
"2024","St. Louis, MO-IL","MO","34179.0","34179020500.0","VA:First Lien","Single Family (1-4 Units):Site-Built","White","White","Female","File closed for incompleteness","32","375000.0","0.7","","","","3","0.0","","","","2","2","2","2","1","1","3","5","1","","108.0","","3","10","3.0","5.0","2","4","6.0","8.0","2","4","3","5","2","4","65-74","9999","Yes","1","1"
"2024","Baltimore-Columbia-Towson, MD","MD","35189.0","35189020500.0","Conventional:Subordinate Lien","Single Family (1-4 Units):Site-Built","Asian","Asian","Male","Loan approved but not accepted","32","275000.0","0.5","","","","2","0.0","","","","2","2","2","2","1","1","3","5","1","","96.0","","1111","1111","2.0","5.0","2","4","5.0","8.0","2","4","1","5","2","4","45-54","9999","No","2","1"
"2024","Portland-Vancouver-Hillsboro, OR-WA","OR","36199.0","36199020500.0","FHA:First Lien","Single Family (1-4 Units):Site-Built","Hispanic or Latino","White","Female","Loan denied","32","375000.0","0.7","","","","3","0.0","","","","2","2","2","2","1","1","3","5","1","","108.0","","3","10","3.0","5.0","2","4","6.0","8.0","2","4","3","5","2","4","65-74","9999","Yes","1","1"
"2024","Cincinnati, OH-KY-IN","OH","37209.0","37209020500.0","VA:First Lien","Single Family (1-4 Units):Site-Built","White","White","Male","Application denied","32","425000.0","0.6","","","","2","0.0","","","","2","2","2","2","1","1","3","5","1","","120.0","","3","3","4.0","4.0","3","3","7.0","7.0","3","3","4","4","3","3","8888","8888","","3","3"
"2024","Kansas City, MO-KS","MO","38119.0","38119020500.0","Conventional:Subordinate Lien","Single Family (1-4 Units):Site-Built","Asian","Asian","Male","File closed for incompleteness","32","275000.0","0.5","","","","2","0.0","","","","2","2","2","2","1","1","3","5","1","","96.0","","1111","1111","2.0","5.0","2","4","5.0","8.0","2","4","1","5","2","4","45-54","9999","No","2","1"
"2024","Oklahoma City, OK","OK","39029.0","39029020500.0","FHA:First Lien","Single Family (1-4 Units):Site-Built","Hispanic or Latino","White","Female","Loan approved but not accepted","32","375000.0","0.7","","","","2","0.0","","","","2","2","2","2","1","1","3","5","1","","108.0","","3","10","3.0","5.0","2","4","6.0","8.0","2","4","3","5","2","4","65-74","9999","Yes","1","1"
"2024","Milwaukee-Waukesha-West Allis, WI","WI","40039.0","40039020500.0","Conventional:Subordinate Lien","Single Family (1-4 Units):Site-Built","Asian","Asian","Male","Loan denied","32","425000.0","0.6","","","","3","0.0","","","","2","2","2","2","1","1","3","5","1","","120.0","","3","3","4.0","4.0","3","3","7.0","7.0","3","3","4","4","3","3","8888","8888","","3","3"
"2024","Cleveland-Elyria, OH","OH","41049.0","41049020500.0","FHA:First Lien","Single Family (1-4 Units):Site-Built","Hispanic or Latino","White","Female","Application denied","32","375000.0","0.7","","","","2","0.0","","","","2","2","2","2","1","1","3","5","1","","108.0","","3","10","3.0","5.0","2","4","6.0","8.0","2","4","3","5","2","4","65-74","9999","Yes","1","1"
"2024","Memphis, TN-MS-AR","TN","42059.0","42059020500.0","VA:First Lien","Single Family (1-4 Units):Site-Built","White","White","Male","File closed for incompleteness","32","425000.0","0.6","","","","3","0.0","","","","2","2","2","2","1","1","3","5","1","","120.0","","3","3","4.0","4.0","3","3","7.0","7.0","3","3","4","4","3","3","8888","8888","","3","3"
"2024","Louisville/Jefferson County, KY-IN","KY","43169.0","43169020500.0","FHA:Subordinate Lien","Single Family (1-4 Units):Site-Built","Asian","Asian","Male","Loan approved but not accepted","32","275000.0","0.5","","","","2","0.0","","","","2","2","2","2","1","1","3","5","1","","96.0","","1111","1111","2.0","5.0","2","4","5.0","8.0","2","4","1","5","2","4","45-54","9999","No","2","1"
"2024","Charlotte-Concord-Gastonia, NC-SC","NC","44179.0","44179020500.0","VA:First Lien","Single Family (1-4 Units):Site-Built","Hispanic or Latino","White","Female","Loan denied","32","375000.0","0.7","","","","3","0.0","","","","2","2","2","2","1","1","3","5","1","","108.0","","3","10","3.0","5.0","2","4","6.0","8.0","2","4","3","5","2","4","65-74","9999","Yes","1","1"
"2024","Raleigh-Durham-Chapel Hill, NC","NC","45189.0","45189020500.0","FHA:Subordinate Lien","Single Family (1-4 Units):Site-Built","White","White","Male","Application denied","32","275000.0","0.5","","","","2","0.0","","","","2","2","2","2","1","1","3","5","1","","96.0","","1111","1111","2.0","5.0","2","4","5.0","8.0","2","4","1","5","2","4","45-54","9999","No","2","1"
"2024","Austin-Round Rock, TX","TX","46209.0","46209020500.0","Conventional:First Lien","Single Family (1-4 Units):Site-Built","Asian","Asian","Male","File closed for incompleteness","32","425000.0","0.6","","","","3","0.0","","","","2","2","2","2","1","1","3","5","1","","120.0","","3","3","4.0","4.0","3","3","7.0","7.0","3","3","4","4","3","3","8888","8888","","3","3"
"2024","Indianapolis-Carmel-Anderson, IN","IN","47129.0","47129020500.0","FHA:Subordinate Lien","Single Family (1-4 Units):Site-Built","Hispanic or Latino","White","Female","Loan approved but not accepted","32","375000.0","0.7","","","","2","0.0","","","","2","2","2","2","1","1","3","5","1","","108.0","","3","10","3.0","5.0","2","4","6.0","8.0","2","4","3","5","2","4","65-74","9999","Yes","1","1"
"2024","Jacksonville, FL","FL","48139.0","48139020500.0","VA:First Lien","Single Family (1-4 Units):Site-Built","White","White","Male","Application denied","32","425000.0","0.6","","","","2","0.0","","","","2","2","2","2","1","1","3","5","1","","120.0","","3","3","4.0","4.0","3","3","7.0","7.0","3","3","4","4","3","3","8888","8888","","3","3"
"2024","Virginia Beach-Norfolk, VA","VA","49149.0","49149020500.0","Conventional:Subordinate Lien","Single Family (1-4 Units):Site-Built","Asian","Asian","Male","Loan denied","32","275000.0","0.5","","","","2","0.0","","","","2","2","2","2","1","1","3","5","1","","96.0","","1111","1111","2.0","5.0","2","4","5.0","8.0","2","4","1","5","2","4","45-54","9999","No","2","1"
"2024","Columbus, OH","OH","50159.0","50159020500.0","FHA:Subordinate Lien","Single Family (1-4 Units):Site-Built","Hispanic or Latino","Asian","Female","File closed for incompleteness","32","375000.0","0.7","","","","2","0.0","","","","2","2","2","2","1","1","3","5","1","","108.0","","3","10","3.0","5.0","2","4","6.0","8.0","2","4","3","5","2","4","65-74","9999","Yes","1","1"
"2024","Tampa-St Petersburg-Clearwater, FL","FL","51169.0","51169020500.0","VA:First Lien","Single Family (1-4 Units):Site-Built","White","White","Male","Loan approved but not accepted","32","425000.0","0.6","","","","2","0.0","","","","2","2","2","2","1","1","3","5","1","","120.0","","3","3","4.0","4.0","3","3","7.0","7.0","3","3","4","4","3","3","8888","8888","","3","3"
"2024","Orlando-Kissimmee-Sanford, FL","FL","52179.0","52179020500.0","Conventional:Subordinate Lien","Single Family (1-4 Units):Site-Built","Asian","Asian","Female","Application denied","32","275000.0","0.5","","","","2","0.0","","","","2","2","2","2","1","1","3","5","1","","96.0","","1111","1111","2.0","5.0","2","4","5.0","8.0","2","4","1","5","2","4","45-54","9999","No","2","1"
"2024","Las Vegas-Henderson-Paradise, NV","NV","53189.0","53189020500.0","FHA:First Lien","Single Family (1-4 Units):Site-Built","Hispanic or Latino","White","Male","Loan denied","32","375000.0","0.7","","","","3","0.0","","","","2","2","2","2","1","1","3","5","1","","108.0","","3","10","3.0","5.0","2","4","6.0","8.0","2","4","3","5","2","4","65-74","9999","Yes","1","1"
"2024","San Antonio, TX","TX","54199.0","54199020500.0","VA:Subordinate Lien","Single Family (1-4 Units):Site-Built","Asian","Asian","Female","File closed for incompleteness","32","275000.0","0.5","","","","2","0.0","","","","2","2","2","2","1","1","3","5","1","","96.0","","1111","1111","2.0","5.0","2","4","5.0","8.0","2","4","1","5","2","4","45-54","9999","No","2","1"
"2024","Columbus-Auburn, GA-AL","GA","55209.0","55209020500.0","FHA:First Lien","Single Family (1-4 Units):Site-Built","Hispanic or Latino","White","Male","Loan approved but not accepted","32","425000.0","0.6","","","","2","0.0","","","","2","2","2","2","1","1","3","5","1","","120.0","","3","3","4.0","4.0","3","3","7.0","7.0","3","3","4","4","3","3","8888","8888","","3","3"
"2024","Boise City, ID","ID","56119.0","56119020500.0","VA:Subordinate Lien","Single Family (1-4 Units):Site-Built","Asian","Asian","Male","Application denied","32","275000.0","0.5","","","","2","0.0","","","","2","2","2","2","1","1","3","5","1","","96.0","","1111","1111","2.0","5.0","2","4","5.0","8.0","2","4","1","5","2","4","45-54","9999","No","2","1"
"2024","Birmingham-Hoover, AL","AL","57129.0","57129020500.0","Conventional:First Lien","Single Family (1-4 Units):Site-Built","Hispanic or Latino","White","Female","Loan denied","32","375000.0","0.7","","","","3","0.0","","","","2","2","2","2","1","1","3","5","1","","108.0","","3","10","3.0","5.0","2","4","6.0","8.0","2","4","3","5","2","4","65-74","9999","Yes","1","1"
"2024","Pittsburgh, PA","PA","58139.0","58139020500.0","FHA:Subordinate Lien","Single Family (1-4 Units):Site-Built","Asian","Asian","Male","File closed for incompleteness","32","275000.0","0.5","","","","2","0.0","","","","2","2","2","2","1","1","3","5","1","","96.0","","1111","1111","2.0","5.0","2","4","5.0","8.0","2","4","1","5","2","4","45-54","9999","No","2","1"
2024,99999,ME,31193.0,31193000500.0,Conventional:Subordinate Lien,Single Family (1-4 Units):Site-Built,Not Hispanic or Latino,White,Male,File closed for incompleteness,32,170000.0,,,,3,,,,,,60,,,2,2,2,2,,1,1,3,5,1,,96.0,,1111,1111,2.0,5.0,2,4,5.0,8.0,2,4,1,5,2,4,65-74,9999,Yes,,1,1
2024,99999,PA,85732.0,85732010200.0,VA:First Lien,Single Family (1-4 Units):Site-Built,Ethnicity Not Available,Race Not Available,Sex Not Available,Application denied,32,240000.0,,,,3,,,,,,340,,,2,2,2,2,,1,1,3,5,1,,108.0,,3,10,3.0,5.0,2,4,6.0,8.0,2,4,3,5,2,4,65-74,9999,Yes,,1,1
2024,12054,GA,44212.0,44212020300.0,FHA:First Lien,Single Family (1-4 Units):Site-Built,Hispanic or Latino,White,Male,File closed for incompleteness,32,300000.0,,3.5,3.5,2,21300.0,,15801.0,5519.0,,300.0,,,2,2,2,2,,1,1,3,5,1,,96.0,,1111,1111,2.0,5.0,2,4,5.0,8.0,2,4,1,5,2,4,65-74,9999,Yes,,1,1
2024,99999,CA,23194.0,23194020000.0,Conventional:Subordinate Lien,Single Family (1-4 Units):Site-Built,Not Hispanic or Latino,Asian,Male,File closed for incompleteness,32,200000.0,,,,3,,,,,,240,,,2,2,2,2,,1,1,3,5,1,,96.0,,1111,1111,2.0,5.0,2,4,5.0,8.0,2,4,1,5,2,4,65-74,9999,Yes,,1,1
2024,12054,FL,59235.0,59235040030.0,FHA:First Lien,Single Family (1-4 Units):Site-Built,Hispanic or Latino,White,Male,File closed for incompleteness,32,400000.0,,3.5,3.5,2,28000.0,,20000.0,8000.0,,300.0,,,2,2,2,2,,1,1,3,5,1,,96.0,,1111,1111,2.0,5.0,2,4,5.0,8.0,2,4,1,5,2,4,65-74,9999,Yes,,1,1
2024,99999,MI,41291.0,41291030500.0,VA:First Lien,Single Family (1-4 Units):Site-Built,Not Hispanic or Latino,White,Male,File closed for incompleteness,32,180000.0,,,,3,,,,,,60,,,2,2,2,2,,1,1,3,5,1,,96.0,,1111,1111,2.0,5.0,2,4,5.0,8.0,2,4,1,5,2,4,65-74,9999,Yes,,1,1
2024,12054,IL,13427.0,13427270500.0,FHA:First Lien,Single Family (1-4 Units):Site-Built,Hispanic or Latino,White,Male,File closed for incompleteness,32,220000.0,,3.5,3.5,2,19000.0,,14000.0,5000.0,,300.0,,,2,2,2,2,,1,1,3,5,1,,96.0,,1111,1111,2.0,5.0,2,4,5.0,8.0,2,4,1,5,2,4,65-74,9999,Yes,,1,1
2024,99999,NY,58663.0,58663040030.0,Conventional:Subordinate Lien,Single Family (1-4 Units):Site-Built,Not Hispanic or Latino,White,Male,File closed for incompleteness,32,250000.0,,,,3,,,,,,60,,,2,2,2,2,,1,1,3,5,1,,96.0,,1111,1111,2.0,5.0,2,4,5.0,8.0,2,4,1,5,2,4,65-74,9999,Yes,,1,1
2024,12054,TX,14227.0,14227260500.0,FHA:First Lien,Single Family (1-4 Units):Site-Built,Hispanic or Latino,White,Male,File closed for incompleteness,32,280000.0,,3.5,3.5,2,22000.0,,16000.0,6000.0,,300.0,,,2,2,2,2,,1,1,3,5,1,,96.0,,1111,1111,2.0,5.0,2,4,5.0,8.0,2,4,1,5,2,4,65-74,9999,Yes,,1,1
2024,99999,MA,53236.0,53236010000.0,VA:First Lien,Single Family (1-4 Units):Site-Built,Not Hispanic or Latino,Asian,Male,File closed for incompleteness,32,290000.0,,,,3,,,,,,240,,,2,2,2,2,,1,1,3,5,1,,96.0,,1111,1111,2.0,5.0,2,4,5.0,8.0,2,4,1,5,2,4,65-74,9999,Yes,,1,1
2024,12054,OH,18987.0,18987010500.0,FHA:First Lien,Single Family (1-4 Units):Site-Built,Hispanic or Latino,White,Male,File closed for incompleteness,32,200000.0,,3.5,3.5,2,18000.0,,13000.0,5000.0,,300.0,,,2,2,2,2,,1,1,3,5,1,,96.0,,1111,1111,2.0,5.0,2,4,5.0,8.0,2,4,1,5,2,4,65-74,9999,Yes,,1,1
2024,99999,WI,30382.0,30382030500.0,Conventional:Subordinate Lien,Single Family (1-4 Units):Site-Built,Not Hispanic or Latino,White,Male,File closed for incompleteness,32,220000.0,,,,3,,,,,,60,,,2,2,2,2,,1,1,3,5,1,,96.0,,1111,1111,2.0,5.0,2,4,5.0,8.0,2,4,1,5,2,4,65-74,9999,Yes,,1,1
2024,12054,NC,55118.0,55118040030.0,FHA:First Lien,Single Family (1-4 Units):Site-Built,Hispanic or Latino,White,Male,File closed for incompleteness,32,320000.0,,3.5,3.5,2,26000.0,,19000.0,7000.0,,300.0,,,2,2,2,2,,1,1,3,5,1,,96.0,,1111,1111,2.0,5.0,2,4,5.0,8.0,2,4,1,5,2,4,65-74,9999,Yes,,1,1
2024,99999,CO,49858.0,49858020000.0,VA:First Lien,Single Family (1-4 Units):Site-Built,Not Hispanic or Latino,White,Male,File closed for incompleteness,32,180000.0,,,,3,,,,,,60,,,2,2,2,2,,1,1,3,5,1,,96.0,,1111,1111,2.0,5.0,2,4,5.0,8.0,2,4,1,5,2,4,65-74,9999,Yes,,1,1
2024,12054,SC,33871.0,33871010000.0,FHA:First Lien,Single Family (1-4 Units):Site-Built,Hispanic or Latino,White,Male,File closed for incompleteness,32,240000.0,,3.5,3.5,2,20000.0,,15000.0,5000.0,,300.0,,,2,2,2,2,,1,1,3,5,1,,96.0,,1111,1111,2.0,5.0,2,4,5.0,8.0,2,4,1,5,2,4,65-74,9999,Yes,,1,1
2024,99999,TN,63195.0,63195040030.0,Conventional:Subordinate Lien,Single Family (1-4 Units):Site-Built,Not Hispanic or Latino,Asian,Male,File closed for incompleteness,32,250000.0,,,,3,,,,,,240,,,2,2,2,2,,1,1,3,5,1,,96.0,,1111,1111,2.0,5.0,2,4,5.0,8.0,2,4,1,5,2,4,65-74,9999,Yes,,1,1
2024,12054,LA,43491.0,43491030500.0,FHA:First Lien,Single Family (1-4 Units):Site-Built,Hispanic or Latino,White,Male,File closed for incompleteness,32,220000.0,,3.5,3.5,2,19000.0,,14000.0,5000.0,,300.0,,,2,2,2,2,,1,1,3,5,1,,96.0,,1111,1111,2.0,5.0,2,4,5.0,8.0,2,4,1,5,2,4,65-74,9999,Yes,,1,1
2024,99999,AR,41278.0,41278010000.0,VA:First Lien,Single Family (1-4 Units):Site-Built,Not Hispanic or Latino,White,Male,File closed for incompleteness,32,200000.0,,,,3,,,,,,60,,,2,2,2,2,,1,1,3,5,1,,96.0,,1111,1111,2.0,5.0,2,4,5.0,8.0,2,4,1,5,2,4,65-74,9999,Yes,,1,1
2024,12054,KS,46348.0,46348040000.0,FHA:First Lien,Single Family (1-4 Units):Site-Built,Hispanic or Latino,White,Male,File closed for incompleteness,32,260000.0,,3.5,3.5,2,22000.0,,16000.0,6000.0,,300.0,,,2,2,2,2,,1,1,3,5,1,,96.0,,1111,1111,2.0,5.0,2,4,5.0,8.0,2,4,1,5,2,4,65-74,9999,Yes,,1,1
2024,99999,OK,28139.0,28139020000.0,Conventional:Subordinate Lien,Single Family (1-4 Units):Site-Built,Not Hispanic or Latino,White,Male,File closed for incompleteness,32,190000.0,,,,3,,,,,,240,,,2,2,2,2,,1,1,3,5,1,,96.0,,1111,1111,2.0,5.0,2,4,5.0,8.0,2,4,1,5,2,4,65-74,9999,Yes,,1,1
2024,12054,MO,62019.0,62019040000.0,FHA:First Lien,Single Family (1-4 Units):Site-Built,Hispanic or Latino,White,Male,File closed for incompleteness,32,280000.0,,3.5,3.5,2,24000.0,,18000.0,6000.0,,300.0,,,2,2,2,2,,1,1,3,5,1,,96.0,,1111,1111,2.0,5.0,2,4,5.0,8.0,2,4,1,5,2,4,65-74,9999,Yes,,1,1
2024,99999,AL,59129.0,59129030500.0,VA:First Lien,Single Family (1-4 Units):Site-Built,Not Hispanic or Latino,Asian,Male,File closed for incompleteness,32,290000.0,,,,3,,,,,,240,,,2,2,2,2,,1,1,3,5,1,,96.0,,1111,1111,2.0,5.0,2,4,5.0,8.0,2,4,1,5,2,4,65-74,9999,Yes,,1,1
2024,12054,MS,41644.0,41644020000.0,FHA:First Lien,Single Family (1-4 Units):Site-Built,Hispanic or Latino,White,Male,File closed for incompleteness,32,240000.0,,3.5,3.5,2,20000.0,,15000.0,5000.0,,300.0,,,2,2,2,2,,1,1,3,5,1,,96.0,,1111,1111,2.0,5.0,2,4,5.0,8.0,2,4,1,5,2,4,65-74,9999,Yes,,1,1
2024,99999,WV,18112.0,18112010000.0,Conventional:Subordinate Lien,Single Family (1-4 Units):Site-Built,Not Hispanic or Latino,White,Male,File closed for incompleteness,32,170000.0,,,,3,,,,,,60,,,2,2,2,2,,1,1,3,5,1,,96.0,,1111,1111,2.0,5.0,2,4,5.0,8.0,2,4,1,5,2,4,65-74,9999,Yes,,1,1
2024,12054,TN,44436.0,44436030500.0,FHA:First Lien,Single Family (1-4 Units):Site-Built,Hispanic or Latino,White,Male,File closed for incompleteness,32,200000.0,,3.5,3.5,2,18000.0,,13000.0,5000.0,,300.0,,,2,2,2,2,,1,1,3,5,1,,96.0,,1111,1111,2.0,5.0,2,4,5.0,8.0,2,4,1,5,2,4,65-74,9999,Yes,,1,1
2024,99999,GA,38137.0,38137020000.0,VA:First Lien,Single Family (1-4 Units):Site-Built,Not Hispanic or Latino,White,Male,File closed for incompleteness,32,220000.0,,,,3,,,,,,240,,,2,2,2,2,,1,1,3,5,1,,96.0,,1111,1111,2.0,5.0,2,4,5.0,8.0,2,4,1,5,2,4,65-74,9999,Yes,,1,1
2024,12054,VA,47241.0,47241030500.0,FHA:First Lien,Single Family (1-4 Units):Site-Built,Hispanic or Latino,White,Male,File closed for incompleteness,32,290000.0,,3.5,3.5,2,24000.0,,18000.0,6000.0,,300.0,,,2,2,2,2,,1,1,3,5,1,,96.0,,1111,1111,2.0,5.0,2,4,5.0,8.0,2,4,1,5,2,4,65-74,9999,Yes,,1,1
2024,99999,NC,41693.0,41693010000.0,Conventional:Subordinate Lien,Single Family (1-4 Units):Site-Built,Not Hispanic or Latino,Asian,Male,File closed for incompleteness,32,240000.0,,,,3,,,,,,240,,,2,2,2,2,,1,1,3,5,1,,96.0,,1111,1111,2.0,5.0,2,4,5.0,8.0,2,4,1,5,2,4,65-74,9999,Yes,,1,1
2024,12054,MD,61719.0,61719040000.0,FHA:First Lien,Single Family (1-4 Units):Site-Built,Hispanic or Latino,White,Male,File closed for incompleteness,32,300000.0,,3.5,3.5,2,26000.0,,19000.0,7000.0,,300.0,,,2,2,2,2,,1,1,3,5,1,,96.0,,1111,1111,2.0,5.0,2,4,5.0,8.0,2,4,1,5,2,4,65-74,9999,Yes,,1,1
2024,99999,SC,35517.0,35517010000.0,VA:First Lien,Single Family (1-4 Units):Site-Built,Not Hispanic or Latino,White,Male,File closed for incompleteness,32,190000.0,,,,3,,,,,,60,,,2,2,2,2,,1,1,3,5,1,,96.0,,1111,1111,2.0,5.0,2,4,5.0,8.0,2,4,1,5,2,4,65-74,9999,Yes,,1,1
2024,12054,DE,44592.0,44592020000.0,FHA:First Lien,Single Family (1-4 Units):Site-Built,Hispanic or Latino,White,Male,File closed for incompleteness,32,220000.0,,3.5,3.5,2,20000.0,,15000.0,5000.0,,300.0,,,2,2,2,2,,1,1,3,5,1,,96.0,,1111,1111,2.0,5.0,2,4,5.0,8.0,2,4,1,5,2,4,65-74,9999,Yes,,1,1
2024,99999,RI,24817.0,24817010000.0,Conventional:Subordinate Lien,Single Family (1-4 Units):Site-Built,Not Hispanic or Latino,White,Male,File closed for incompleteness,32,180000.0,,,,3,,,,,,60,,,2,2,2,2,,1,1,3,5,1,,96.0,,1111,1111,2.0,5.0,2,4,5.0,8.0,2,4,1,5,2,4,65-74,9999,Yes,,1,1
2024,12054,ME,34404.0,34404030500.0,FHA:First Lien,Single Family (1-4 Units):Site-Built,Hispanic or Latino,White,Male,File closed for incompleteness,32,240000.0,,3.5,3.5,2,22000.0,,16000.0,6000.0,,300.0,,,2,2,2,2,,1,1,3,5,1,,96.0,,1111,1111,2.0,5.0,2,4,5.0,8.0,2,4,1,5,2,4,65-74,9999,Yes,,1,1
2024,99999,VT,14583.0,14583010000.0,VA:First Lien,Single Family (1-4 Units):Site-Built,Not Hispanic or Latino,White,Male,File closed for incompleteness,32,160000.0,,,,3,,,,,,60,,,2,2,2,2,,1,1,3,5,1,,96.0,,1111,1111,2.0,5.0,2,4,5.0,8.0,2,4,1,5,2,4,65-74,9999,Yes,,1,1
2024,12054,ND,23881.0,23881010000.0,FHA:First Lien,Single Family (1-4 Units):Site-Built,Hispanic or Latino,White,Male,File closed for incompleteness,32,200000.0,,3.5,3.5,2,19000.0,,14000.0,5000.0,,300.0,,,2,2,2,2,,1,1,3,5,1,,96.0,,1111,1111,2.0,5.0,2,4,5.0,8.0,2,4,1,5,2,4,65-74,9999,Yes,,1,1
2024,99999,WY,34647.0,34647020000.0,Conventional:Subordinate Lien,Single Family (1-4 Units):Site-Built,Not Hispanic or Latino,Asian,Male,File closed for incompleteness,32,200000.0,,,,3,,,,,,240,,,2,2,2,2,,1,1,3,5,1,,96.0,,1111,1111,2.0,5.0,2,4,5.0,8.0,2,4,1,5,2,4,65-74,9999,Yes,,1,1
2024,12054,SD,48799.0,48799040000.0,FHA:First Lien,Single Family (1-4 Units):Site-Built,Hispanic or Latino,White,Male,File closed for incompleteness,32,220000.0,,3.5,3.5,2,22000.0,,16000.0,6000.0,,300.0,,,2,2,2,2,,1,1,3,5,1,,96.0,,1111,1111,2.0,5.0,2,4,5.0,8.0,2,4,1,5,2,4,65-74,9999,Yes,,1,1
2024,99999,MT,29890.0,29890030500.0,VA:First Lien,Single Family (1-4 Units):Site-Built,Not Hispanic or Latino,White,Male,File closed for incompleteness,32,190000.0,,,,3,,,,,,60,,,2,2,2,2,,1,1,3,5,1,,96.0,,1111,1111,2.0,5.0,2,4,5.0,8.0,2,4,1,5,2,4,65-74,9999,Yes,,1,1
2024,12054,NE,39763.0,39763040000.0,FHA:First Lien,Single Family (1-4 Units):Site-Built,Hispanic or Latino,White,Male,File closed for incompleteness,32,240000.0,,3.5,3.5,2,24000.0,,18000.0,6000.0,,300.0,,,2,2,2,2,,1,1,3,5,1,,96.0,,1111,1111,2.0,5.0,2,4,5.0,8.0,2,4,1,5,2,4,65-74,9999,Yes,,1,1
2024,99999,ND,51694.0,51694020000.0,Conventional:Subordinate Lien,Single Family (1-4 Units):Site-Built,Not Hispanic or Latino,Asian,Male,File closed for incompleteness,32,220000.0,,,,3,,,,,,240,,,2,2,2,2,,1,1,3,5,1,,96.0,,1111,1111,2.0,5.0,2,4,5.0,8.0,2,4,1,5,2,4,65-74,9999,Yes,,1,1
2024,12054,WI,47262.0,47262040000.0,FHA:First Lien,Single Family (1-4 Units):Site-Built,Hispanic or Latino,White,Male,File closed for incompleteness,32,260000.0,,3.5,3.5,2,26000.0,,19000.0,7000.0,,300.0,,,2,2,2,2,,1,1,3,5,1,,96.0,,1111,1111,2.0,5.0,2,4,5.0,8.0,2,4,1,5,2,4,65-74,9999,Yes,,1,1
"activity_year","derived_msa-md","state_code","census_tract","derived_loan_product_type","derived_dwelling_category","derived_ethnicity","derived_race","derived_sex","action_taken","loan_purpose","loan_amount","loan_to_value_ratio","interest_rate","rate_spread","hoepa_status","total_loan_costs","total_points_and_fees","origination_charges","discount_points","lender_credits","loan_term","prepayment_penalty_term","intro_rate_period","negative_amortization","interest_only_payment","balloon_payment","other_nonamortizing_features","property_value","construction_method","occupancy_type","manufactured_home_secured_property_type","manufactured_home_land_property_interest","total_units","multifamily_affordable_units","income","debt_to_income_ratio","applicant_credit_score_type","co-applicant_credit_score_type","applicant_ethnicity-1","co-applicant_ethnicity-1","applicant_ethnicity_observed","co-applicant_ethnicity_observed","applicant_race-1","co-applicant_race-1","applicant_race_observed","co-applicant_race_observed","applicant_sex","co-applicant_sex","applicant_sex_observed","co-applicant_sex_observed","applicant_age","co-applicant_age","applicant_age_above_62","co-applicant_age_above_62","submission_of_application","initially_payable_to_institution"
"2024","New York-Newark-Jersey City, NY-NJ-PA","NY","643220","FHA:First Lien","Single Family (1-4 Units):Site-Built","Not Hispanic or Latino","White","Male","Loan funded","34","295000.0","3.836","4.5","2.0","4","1","28600.0","12000.0","8000.0","3.0","6.0","30","5","5.0","4.0","2","1","250000.0","1","1","3","5","1","96.0","3","3","4.0","4.0","2","1","70-79","9999","Yes","1","1"
"2024","Los Angeles-Long Beach-Anaheim, CA","CA","635603","Conventional:Subordinate Lien","Single Family (1-4 Units):Site-Built","Hispanic or Latino","Black or African American","Female","Loan funded","34","310000.0","2.824","5.0","1.0","2","1","23000.0","42000.0","5400.0","1.5","8.0","20","5","5.0","4.0","2","1","270000.0","2","2","4","5","1","98.0","3","3","3.0","3.0","1","0","40-49","9999","Yes","2","2"
"2024","Chicago-Naperville-Elgin, IL-IN-WI","IL","146861","VA:First Lien","Single Family (1-4 Units):Site-Built","Not Hispanic or Latino","Asian","Male","Loan funded","32","260000.0","3.332","3.5","1.0","3","1","21000.0","9000.0","6000.0","2.0","4.0","30","5","5.0","4.0","2","1","230000.0","1","1","3","5","1","94.0","3","3","5.0","5.0","2","1","50-59","9999","Yes","1","1"
"2024","Dallas-Fort Worth-Arlington, TX","TX","656133","FHA:First Lien","Single Family (1-4 Units):Site-Built","Hispanic or Latino","White","Female","Loan funded","32","290000.0","2.755","4.0","1.0","2","1","24000.0","4000.0","2800.0","1.5","6.0","25","5","5.0","4.0","2","1","250000.0","2","2","4","5","1","101.0","3","3","4.0","4.0","1","0","60-69","9999","Yes","2","2"
"2024","Washington-Baltimore-Arlington, DC-MD-VA","MD","240101","VA:First Lien","Single Family (1-4 Units):Site-Built","Not Hispanic or Latino","Black or African American","Male","Loan funded","34","320000.0","3.593","4.5","2.0","4","1","29000.0","10000.0","7000.0","3.0","8.0","20","5","5.0","4.0","2","1","280000.0","1","1","3","5","1","96.0","3","3","5.0","5.0","2","1","30-39","9999","Yes","1","1"
"2024","Philadelphia-Camden-Wilmington, PA-NJ-DE-MD","PA","349310","Conventional:Subordinate Lien","Single Family (1-4 Units):Site-Built","Hispanic or Latino","Asian","Female","Loan funded","34","300000.0","2.489","5.0","1.0","2","1","22000.0","45000.0","4200.0","1.5","8.0","30","5","5.0","4.0","2","1","260000.0","2","2","4","5","1","98.0","3","3","4.0","4.0","1","0","50-59","9999","Yes","2","2"
"2024","Houston-The Woodlands-Sugar Land, TX","TX","622037","FHA:First Lien","Single Family (1-4 Units):Site-Built","Not Hispanic or Latino","White","Male","Loan funded","32","270000.0","3.226","4.0","1.0","3","1","20000.0","9000.0","6000.0","2.0","6.0","25","5","5.0","4.0","2","1","240000.0","1","1","3","5","1","94.0","3","3","5.0","5.0","2","1","70-79","9999","Yes","1","1"
"2024","Atlanta-Sandy Springs-Alpharetta, GA","GA","157031","VA:First Lien","Single Family (1-4 Units):Site-Built","Hispanic or Latino","Black or African American","Female","Loan funded","32","280000.0","2.825","4.5","2.0","4","1","24000.0","5000.0","3200.0","1.5","8.0","20","5","5.0","4.0","2","1","260000.0","2","2","4","5","1","101.0","3","3","4.0","4.0","1","0","40-49","9999","Yes","2","2"
"2024","Miami-Fort Lauderdale-West Palm Beach, FL","FL","110332","FHA:First Lien","Single Family (1-4 Units):Site-Built","Not Hispanic or Latino","Asian","Male","Loan funded","34","290000.0","2.695","3.5","1.0","3","1","21000.0","8000.0","4600.0","2.0","4.0","30","5","5.0","4.0","2","1","230000.0","1","1","3","5","1","96.0","3","3","5.0","5.0","2","1","30-39","9999","Yes","1","1"
"2024","Boston-Cambridge-Nashua, MA-NH","MA","161010","Conventional:Subordinate Lien","Single Family (1-4 Units):Site-Built","Hispanic or Latino","White","Female","Loan funded","34","310000.0","3.5","4.0","2.0","4","1","28000.0","12000.0","6000.0","3.0","8.0","25","5","5.0","4.0","2","1","280000.0","2","2","4","5","1","101.0","3","3","4.0","4.0","1","0","60-69","9999","Yes","2","2"
"2024","San Francisco-Oakland-Hayward, CA","CA","249611","VA:First Lien","Single Family (1-4 Units):Site-Built","Not Hispanic or Latino","Black or African American","Male","Loan funded","32","325000.0","3.152","4.5","2.0","4","1","31000.0","9000.0","4200.0","3.0","6.0","30","5","5.0","4.0","2","1","295000.0","1","1","3","5","1","96.0","3","3","5.0","5.0","2","1","80-89","9999","Yes","1","1"
"2024","Denver-Aurora-Lakewood, CO","CO","136901","FHA:First Lien","Single Family (1-4 Units):Site-Built","Hispanic or Latino","White","Female","Loan funded","34","300000.0","2.525","5.0","1.0","2","1","22000.0","5000.0","3400.0","1.5","8.0","30","5","5.0","4.0","2","1","270000.0","2","2","4","5","1","98.0","3","3","4.0","4.0","1","0","50-59","9999","Yes","2","2"
"2024","Washington, DC","DC","110010","Conventional:Subordinate Lien","Single Family (1-4 Units):Site-Built","Not Hispanic or Latino","Asian","Male","Loan funded","32","320000.0","2.783","4.0","1.0","3","1","24000.0","10000.0","6000.0","2.0","6.0","25","5","5.0","4.0","2","1","290000.0","1","1","3","5","1","94.0","3","3","5.0","5.0","2","1","30-39","9999","Yes","1","1"
"2024","Phoenix-Mesa-Scottsdale, AZ","AZ","202610","FHA:First Lien","Single Family (1-4 Units):Site-Built","Hispanic or Latino","Black or African American","Female","Loan funded","34","280000.0","3.035","3.5","2.0","4","1","26000.0","4000.0","2500.0","3.0","8.0","20","5","5.0","4.0","2","1","260000.0","2","2","4","5","1","101.0","3","3","4.0","4.0","1","0","40-49","9999","Yes","2","2"
"2024","Seattle-Tacoma-Bellevue, WA","WA","189214","VA:First Lien","Single Family (1-4 Units):Site-Built","Not Hispanic or Latino","White","Male","Loan funded","32","315000.0","2.959","4.5","2.0","4","1","29000.0","11000.0","5200.0","3.0","6.0","30","5","5.0","4.0","2","1","300000.0","1","1","3","5","1","96.0","3","3","5.0","5.0","2","1","70-79","9999","Yes","1","1"
"2024","Minneapolis-St. Paul-Bloomington, MN-WI","MN","181174","Conventional:Subordinate Lien","Single Family (1-4 Units):Site-Built","Hispanic or Latino","Asian","Female","Loan funded","34","305000.0","3.215","3.0","1.0","3","1","23000.0","9000.0","4700.0","2.0","4.0","20","5","5.0","4.0","2","1","280000.0","2","2","4","5","1","98.0","3","3","4.0","4.0","1","0","30-39","9999","Yes","2","2"
"2024","San Jose-Sunnyvale-Santa Clara, CA","CA","245297","FHA:First Lien","Single Family (1-4 Units):Site-Built","Not Hispanic or Latino","Black or African American","Male","Loan funded","32","325000.0","2.447","4.5","2.0","4","1","30000.0","11000.0","5400.0","3.0","6.0","30","5","5.0","4.0","2","1","295000.0","1","1","3","5","1","96.0","3","3","5.0","5.0","2","1","80-89","9999","Yes","1","1"
"2024","St. Louis, MO-IL","MO","301344","VA:First Lien","Single Family (1-4 Units):Site-Built","Hispanic or Latino","White","Female","Loan funded","34","290000.0","3.398","4.0","1.0","3","1","21000.0","8000.0","4600.0","2.0","8.0","20","5","5.0","4.0","2","1","260000.0","2","2","4","5","1","101.0","3","3","4.0","4.0","1","0","50-59","9999","Yes","2","2"
"2024","Baltimore-Columbia-Towson, MD","MD","240330","Conventional:Subordinate Lien","Single Family (1-4 Units):Site-Built","Not Hispanic or Latino","Asian","Male","Loan funded","32","310000.0","2.725","4.5","2.0","4","1","28000.0","9000.0","6200.0","3.0","6.0","30","5","5.0","4.0","2","1","285000.0","1","1","3","5","1","96.0","3","3","5.0","5.0","2","1","30-39","9999","Yes","1","1"
"2024","Portland-Vancouver-Hillsboro, OR-WA","OR","150304","FHA:First Lien","Single Family (1-4 Units):Site-Built","Hispanic or Latino","White","Female","Loan funded","34","320000.0","3.181","3.5","1.0","3","1","24000.0","5000.0","3300.0","2.0","8.0","25","5","5.0","4.0","2","1","290000.0","2","2","4","5","1","101.0","3","3","4.0","4.0","1","0","60-69","9999","Yes","2","2"
"2024","Kansas City, MO-KS","MO","403486","VA:First Lien","Single Family (1-4 Units):Site-Built","Not Hispanic or Latino","Black or African American","Male","Loan funded","32","285000.0","2.833","4.0","1.0","3","1","23000.0","8000.0","4900.0","2.0","6.0","20","5","5.0","4.0","2","1","270000.0","1","1","3","5","1","94.0","3","3","5.0","5.0","2","1","70-79","9999","Yes","1","1"
"2024","Cincinnati, OH-KY-IN","OH","403105","FHA:First Lien","Single Family (1-4 Units):Site-Built","Hispanic or Latino","Asian","Female","Loan funded","34","310000.0","3.212","3.5","1.0","3","1","22000.0","6000.0","4200.0","2.0","8.0","25","5","5.0","4.0","2","1","280000.0","2","2","4","5","1","98.0","3","3","4.0","4.0","1","0","50-59","9999","Yes","2","2"
"2024","Sacramento-Roseville-Arden-Arcade, CA-NV","CA","242270","Conventional:Subordinate Lien","Single Family (1-4 Units):Site-Built","Not Hispanic or Latino","White","Male","Loan funded","32","315000.0","2.656","4.0","2.0","4","1","26000.0","9000.0","5200.0","3.0","6.0","30","5","5.0","4.0","2","1","300000.0","1","1","3","5","1","96.0","3","3","5.0","5.0","2","1","80-89","9999","Yes","1","1"
"2024","San Diego-Chula Vista-Carlsbad, CA","CA","245008","FHA:First Lien","Single Family (1-4 Units):Site-Built","Hispanic or Latino","Black or African American","Female","Loan funded","34","320000.0","2.351","4.5","2.0","4","1","24000.0","4000.0","2800.0","3.0","8.0","20","5","5.0","4.0","2","1","280000.0","2","2","4","5","1","101.0","3","3","4.0","4.0","1","0","40-49","9999","Yes","2","2"
"2024","St. Paul, MN","MN","270260","VA:First Lien","Single Family (1-4 Units):Site-Built","Not Hispanic or Latino","Asian","Male","Loan funded","32","285000.0","3.043","3.5","1.0","3","1","22000.0","6000.0","4200.0","2.0","6.0","25","5","5.0","4.0","2","1","270000.0","1","1","3","5","1","94.0","3","3","5.0","5.0","2","1","70-79","9999","Yes","1","1"
"2024","Detroit-Warren-Dearborn, MI","MI","293382","Conventional:Subordinate Lien","Single Family (1-4 Units):Site-Built","Hispanic or Latino","White","Female","Loan funded","34","305000.0","3.469","4.5","2.0","4","1","26000.0","8000.0","4600.0","3.0","8.0","25","5","5.0","4.0","2","1","290000.0","2","2","4","5","1","101.0","3","3","4.0","4.0","1","0","60-69","9999","Yes","2","2"
"2024","Austin-Round Rock, TX","TX","620662","FHA:First Lien","Single Family (1-4 Units):Site-Built","Not Hispanic or Latino","Black or African American","Male","Loan funded","32","315000.0","2.541","4.0","1.0","3","1","24000.0","5000.0","3200.0","2.0","6.0","25","5","5.0","4.0","2","1","300000.0","1","1","3","5","1","94.0","3","3","5.0","5.0","2","1","30-39","9999","Yes","1","1"
"2024","Oklahoma City, OK","OK","701653","VA:First Lien","Single Family (1-4 Units):Site-Built","Hispanic or Latino","White","Female","Loan funded","34","290000.0","2.831","3.5","1.0","3","1","21000.0","5000.0","3000.0","2.0","8.0","25","5","5.0","4.0","2","1","260000.0","2","2","4","5","1","101.0","3","3","4.0","4.0","1","0","50-59","9999","Yes","2","2"
"2024","Memphis, TN-MS-AR","TN","289949","Conventional:Subordinate Lien","Single Family (1-4 Units):Site-Built","Not Hispanic or Latino","Asian","Male","Loan funded","32","300000.0","2.743","4.0","2.0","4","1","23000.0","7000.0","4200.0","3.0","6.0","20","5","5.0","4.0","2","1","275000.0","1","1","3","5","1","96.0","3","3","5.0","5.0","2","1","70-79","9999","Yes","1","1"
"2024","Boston-Cambridge-Nashua, MA-NH","MA","161010","FHA:First Lien","Single Family (1-4 Units):Site-Built","Hispanic or Latino","White","Female","Loan funded","34","310000.0","2.431","4.5","2.0","4","1","24000.0","4000.0","2800.0","3.0","8.0","25","5","5.0","4.0","2","1","270000.0","2","2","4","5","1","101.0","3","3","4.0","4.0","1","0","40-49","9999","Yes","2","2"
"2024","Seattle-Tacoma-Bellevue, WA","WA","189214","VA:First Lien","Single Family (1-4 Units):Site-Built","Not Hispanic or Latino","Black or African American","Male","Loan funded","32","325000.0","2.983","4.5","2.0","4","1","29000.0","11000.0","5400.0","3.0","6.0","30","5","5.0","4.0","2","1","295000.0","1","1","3","5","1","96.0","3","3","5.0","5.0","2","1","80-89","9999","Yes","1","1"
"2024","San Jose-Sunnyvale-Santa Clara, CA","CA","245297","Conventional:Subordinate Lien","Single Family (1-4 Units):Site-Built","Hispanic or Latino","Asian","Female","Loan funded","34","305000.0","2.769","4.0","1.0","3","1","22000.0","6000.0","4200.0","2.0","8.0","20","5","5.0","4.0","2","1","280000.0","2","2","4","5","1","98.0","3","3","4.0","4.0","1","0","50-59","9999","Yes","2","2"
"2024","Dallas-Fort Worth-Arlington, TX","TX","656133","FHA:First Lien","Single Family (1-4 Units):Site-Built","Not Hispanic or Latino","White","Male","Loan funded","32","320000.0","2.801","4.5","2.0","4","1","24000.0","7000.0","4600.0","3.0","6.0","25","5","5.0","4.0","2","1","295000.0","1","1","3","5","1","96.0","3","3","5.0","5.0","2","1","30-39","9999","Yes","1","1"
"2024","Chicago-Naperville-Elgin, IL-IN-WI","IL","146861","VA:First Lien","Single Family (1-4 Units):Site-Built","Hispanic or Latino","Black or African American","Female","Loan funded","34","315000.0","2.621","3.5","1.0","3","1","23000.0","4000.0","2800.0","2.0","8.0","25","5","5.0","4.0","2","1","285000.0","2","2","4","5","1","101.0","3","3","4.0","4.0","1","0","60-69","9999","Yes","2","2"
"2024","Boston-Cambridge-Nashua, MA-NH","MA","161010","Conventional:Subordinate Lien","Single Family (1-4 Units):Site-Built","Not Hispanic or Latino","Asian","Male","Loan funded","32","325000.0","2.989","4.5","2.0","4","1","31000.0","11000.0","5400.0","3.0","6.0","30","5","5.0","4.0","2","1","300000.0","1","1","3","5","1","96.0","3","3","5.0","5.0","2","1","30-39","9999","Yes","1","1"
"2024","Seattle-Tacoma-Bellevue, WA","WA","189214","FHA:First Lien","Single Family (1-4 Units):Site-Built","Hispanic or Latino","White","Female","Loan funded","34","295000.0","2.547","4.0","1.0","3","1","23000.0","5000.0","3400.0","2.0","8.0","25","5","5.0","4.0","2","1","275000.0","2","2","4","5","1","98.0","3","3","4.0","4.0","1","0","40-49","9999","Yes","2","2"
"2024","San Diego-Chula Vista-Carlsbad, CA","CA","245008","VA:First Lien","Single Family (1-4 Units):Site-Built","Not Hispanic or Latino","Black or African American","Male","Loan funded","32","320000.0","3.121","4.5","2.0","4","1","29000.0","11000.0","5400.0","3.0","6.0","30","5","5.0","4.0","2","1","300000.0","1","1","3","5","1","96.0","3","3","5.0","5.0","2","1","80-89","9999","Yes","1","1"
"2024","San Jose-Sunnyvale-Santa Clara, CA","CA","245297","Conventional:Subordinate Lien","Single Family (1-4 Units):Site-Built","Hispanic or Latino","Asian","Female","Loan funded","34","305000.0","2.377","4.0","2.0","4","1","24000.0","6000.0","4200.0","3.0","8.0","25","5","5.0","4.0","2","1","280000.0","2","2","4","5","1","101.0","3","3","4.0","4.0","1","0","50-59","9999","Yes","2","2"
"2024","Washington-Baltimore-Arlington, DC-MD-VA","MD","240101","FHA:First Lien","Single Family (1-4 Units):Site-Built","Not Hispanic or Latino","White","Male","Loan funded","32","325000.0","2.759","4.5","2.0","4","1","31000.0","11000.0","5400.0","3.0","6.0","30","5","5.0","4.0","2","1","295000.0","1","1","3","5","1","96.0","3","3","5.0","5.0","2","1","30-39","9999","Yes","1","1"
"2024","San Francisco-Oakland-Hayward, CA","CA","249611","VA:First Lien","Single Family (1-4 Units):Site-Built","Hispanic or Latino","Black or African American","Female","Loan funded","34","310000.0","2.751","3.5","1.0","3","1","24000.0","5000.0","3200.0","2.0","8.0","25","5","5.0","4.0","2","1","280000.0","2","2","4","5","1","98.0","3","3","4.0","4.0","1","0","60-69","9999","Yes","2","2"
"2024","Portland-Vancouver-Hillsboro, OR-WA","OR","150304","Conventional:Subordinate Lien","Single Family (1-4 Units):Site-Built","Not Hispanic or Latino","Asian","Male","Loan funded","32","320000.0","2.359","4.5","2.0","4","1","29000.0","11000.0","5400.0","3.0","6.0","30","5","5.0","4.0","2","1","300000.0","1","1","3","5","1","96.0","3","3","5.0","5.0","2","1","80-89","9999","Yes","1","1"
"2024","Cincinnati, OH-KY-IN","OH","403105","FHA:First Lien","Single Family (1-4 Units):Site-Built","Hispanic or Latino","White","Female","Loan funded","34","315000.0","2.761","4.0","2.0","4","1","25000.0","7000.0","4200.0","3.0","8.0","20","5","5.0","4.0","2","1","290000.0","2","2","4","5","1","101.0","3","3","4.0","4.0","1","0","40-49","9999","Yes","2","2"
"2024","Oklahoma City, OK","OK","701653","Conventional:Subordinate Lien","Single Family (1-4 Units):Site-Built","Not Hispanic or Latino","Asian","Male","Loan funded","32","325000.0","2.809","4.5","2.0","4","1","24000.0","7000.0","4600.0","3.0","6.0","25","5","5.0","4.0","2","1","300000.0","1","1","3","5","1","96.0","3","3","5.0","5.0","2","1","70-79","9999","Yes","1","1"
"2024","Dallas-Fort Worth-Arlington, TX","TX","656133","FHA:First Lien","Single Family (1-4 Units):Site-Built","Hispanic or Latino","Black or African American","Female","Loan funded","34","320000.0","3.077","3.5","1.0","3","1","23000.0","5000.0","3300.0","2.0","8.0","25","5","5.0","4.0","2","1","290000.0","2","2","4","5","1","101.0","3","3","4.0","4.0","1","0","50-59","9999","Yes","2","2"
"2024","San Jose-Sunnyvale-Santa Clara, CA","CA","245297","VA:First Lien","Single Family (1-4 Units):Site-Built","Not Hispanic or Latino","White","Male","Loan funded","32","335000.0","2.475","4.5","2.0","4","1","31000.0","11000.0","5400.0","3.0","6.0","30","5","5.0","4.0","2","1","320000.0","1","1","3","5","1","96.0","3","3","5.0","5.0","2","1","80-89","9999","Yes","1","1"
"2024","Denver-Aurora-Lakewood, CO","CO","136901","Conventional:Subordinate Lien","Single Family (1-4 Units):Site-Built","Hispanic or Latino","Asian","Female","Loan funded","34","340000.0","3.483","4.0","1.0","3","1","25000.0","7000.0","4200.0","3.0","8.0","20","5","5.0","4.0","2","1","300000.0","2","2","4","5","1","101.0","3","3","4.0","4.0","1","0","60-69","9999","Yes","2","2"

2024,2390,FL,1650.0,16502411100.0,FHA:First Lien,Single Family (1-4 Units):Site-Built,Hispanic or Latino,White,Male,Loan approved but subject to appraised value,15,200000.0,0.75,5.5,0,3,0.0,,0.0,0.0,,3.0,0.0,0.0,0.0,0.0,0.0,0.0,0.0,0.0,0.0,0.0,2,0,0,1,66-67,9999,Yes,1,1
2024,3993,NC,12757.0,12757010200.0,VA:First Lien,Single Family (1-4 Units):Site-Built,Asian,Asian,Male,Loan denied,32,382500.0,0.65,5.625,0,2,0.0,,0.0,0.0,,4.0,0.0,0.0,0.0,0.0,0.0,0.0,0.0,0.0,0.0,0.0,3,0,0,1,75-84,9999,Yes,1,1
2024,5337,CA,23770.0,23770262700.0,Conventional:First Lien,Single Family (1-4 Units):Site-Built,Black or African American,Black or African American,Female,Application denied,15,250000.0,0.7,4.75,0,4,0.0,,0.0,0.0,,2.5,0.0,0.0,0.0,0.0,0.0,0.0,0.0,0.0,0.0,0.0,1,0,0,1,85-94,9999,Yes,1,1
2024,5488,IL,14564.0,14564092500.0,FHA:First Lien,Single Family (1-4 Units):Site-Built,Hispanic or Latino,White,Male,Loan approved,32,180000.0,0.8,5.5,0,3,0.0,,0.0,0.0,,2.0,0.0,0.0,0.0,0.0,0.0,0.0,0.0,0.0,0.0,0.0,3,0,0,1,65-74,9999,Yes,1,1
2024,10150,TX,3491.0,34911111100.0,VA:First Lien,Single Family (1-4 Units):Site-Built,Not Hispanic or Latino,White,Male,Refinance,32,320000.0,0.7,5.0,0,2,0.0,,0.0,0.0,,5.0,0.0,0.0,0.0,0.0,0.0,0.0,0.0,0.0,0.0,0.0,2,0,0,1,45-54,9999,Yes,1,1
2024,11219,NY,12345.0,12345000000.0,FHA:First Lien,Single Family (1-4 Units):Site-Built,Black or African American,Black or African American,Female,Loan denied,15,290000.0,0.65,5.625,0,2,0.0,,0.0,0.0,,3.0,0.0,0.0,0.0,0.0,0.0,0.0,0.0,0.0,0.0,0.0,1,0,0,1,75-84,9999,Yes,1,1
2024,12000,OH,15932.0,15932011200.0,Conventional:First Lien,Single Family (1-4 Units):Site-Built,Asian,Asian,Male,Application denied,32,425000.0,0.75,4.75,0,3,0.0,,0.0,0.0,,3.0,0.0,0.0,0.0,0.0,0.0,0.0,0.0,0.0,0.0,0.0,2,0,0,1,45-54,9999,Yes,1,1
2024,13032,MI,5758.0,57581111100.0,FHA:First Lien,Single Family (1-4 Units):Site-Built,Hispanic or Latino,White,Male,Loan approved but subject to appraised value,15,190000.0,0.8,5.5,0,2,0.0,,0.0,0.0,,3.0,0.0,0.0,0.0,0.0,0.0,0.0,0.0,0.0,0.0,0.0,3,0,0,1,75-84,9999,Yes,1,1
2024,14230,CO,19109.0,19109421100.0,VA:First Lien,Single Family (1-4 Units):Site-Built,Not Hispanic or Latino,White,Male,Refinance,32,420000.0,0.7,5.0,0,3,0.0,,0.0,0.0,,4.0,0.0,0.0,0.0,0.0,0.0,0.0,0.0,0.0,0.0,0.0,2,0,0,1,65-74,9999,Yes,1,1
2024,15000,AZ,8743.0,87431111100.0,Conventional:First Lien,Single Family (1-4 Units):Site-Built,Asian,Asian,Male,Loan approved,32,240000.0,0.75,5.5,0,2,0.0,,0.0,0.0,,3.0,0.0,0.0,0.0,0.0,0.0,0.0,0.0,0.0,0.0,0.0,1,0,0,1,45-54,9999,Yes,1,1
2024,16000,GA,17648.0,17648111100.0,FHA:First Lien,Single Family (1-4 Units):Site-Built,Black or African American,Black or African American,Female,Loan approved,15,220000.0,0.8,5.5,0,3,0.0,,0.0,0.0,,3.0,0.0,0.0,0.0,0.0,0.0,0.0,0.0,0.0,0.0,0.0,3,0,0,1,85-94,9999,Yes,1,1
2024,17000,FL,3164.0,31641111100.0,VA:First Lien,Single Family (1-4 Units):Site-Built,Asian,Asian,Male,Loan denied,32,380000.0,0.65,5.625,0,2,0.0,,0.0,0.0,,2.0,0.0,0.0,0.0,0.0,0.0,0.0,0.0,0.0,0.0,0.0,1,0,0,1,45-54,9999,Yes,1,1
2024,18000,TX,21257.0,21257011100.0,Conventional:First Lien,Single Family (1-4 Units):Site-Built,Not Hispanic or Latino,White,Male,Refinance,32,300000.0,0.7,5.0,0,3,0.0,,0.0,0.0,,4.0,0.0,0.0,0.0,0.0,0.0,0.0,0.0,0.0,0.0,0.0,2,0,0,1,65-74,9999,Yes,1,1
2024,19000,NC,13175.0,13175111100.0,FHA:First Lien,Single Family (1-4 Units):Site-Built,Hispanic or Latino,White,Male,Loan approved,15,280000.0,0.8,5.5,0,2,0.0,,0.0,0.0,,2.5,0.0,0.0,0.0,0.0,0.0,0.0,0.0,0.0,0.0,0.0,3,0,0,1,85-94,9999,Yes,1,1
2024,20000,CA,5639.0,56391111100.0,VA:First Lien,Single Family (1-4 Units):Site-Built,Black or African American,Black or African American,Female,Application denied,32,410000.0,0.65,5.625,0,3,0.0,,0.0,0.0,,4.0,0.0,0.0,0.0,0.0,0.0,0.0,0.0,0.0,0.0,0.0,1,0,0,1,75-84,9999,Yes,1,1
2024,21000,IL,4561.0,45611111100.0,Conventional:Subordinate Lien,Single Family (1-4 Units):Site-Built,Asian,Asian,Male,Refinance,32,350000.0,0.75,5.5,0,2,0.0,,0.0,0.0,,3.0,0.0,0.0,0.0,0.0,0.0,0.0,0.0,0.0,0.0,0.0,2,0,0,1,45-54,9999,Yes,1,1
2024,22000,GA,16723.0,16723111100.0,FHA:First Lien,Single Family (1-4 Units):Site-Built,Not Hispanic or Latino,White,Male,Loan approved but subject to appraised value,15,200000.0,0.8,5.5,0,3,0.0,,0.0,0.0,,2.0,0.0,0.0,0.0,0.0,0.0,0.0,0.0,0.0,0.0,0.0,3,0,0,1,65-74,9999,Yes,1,1
2024,23000,NY,14399.0,14399111100.0,VA:First Lien,Single Family (1-4 Units):Site-Built,Hispanic or Latino,White,Male,Refinance,32,450000.0,0.7,5.0,0,2,0.0,,0.0,0.0,,3.0,0.0,0.0,0.0,0.0,0.0,0.0,0.0,0.0,0.0,0.0,2,0,0,1,85-94,9999,Yes,1,1
2024,24000,OH,5284.0,52841111100.0,Conventional:Subordinate Lien,Single Family (1-4 Units):Site-Built,Asian,Asian,Male,Loan denied,32,380000.0,0.65,5.625,0,3,0.0,,0.0,0.0,,4.0,0.0,0.0,0.0,0.0,0.0,0.0,0.0,0.0,0.0,0.0,1,0,0,1,45-54,9999,Yes,1,1
2024,25000,MI,12137.0,12137111100.0,FHA:First Lien,Single Family (1-4 Units):Site-Built,Black or African American,Black or African American,Female,Application denied,15,420000.0,0.8,5.5,0,2,0.0,,0.0,0.0,,2.0,0.0,0.0,0.0,0.0,0.0,0.0,0.0,0.0,0.0,0.0,3,0,0,1,75-84,9999,Yes,1,1
2024,26000,CO,13653.0,13653111100.0,Conventional:First Lien,Single Family (1-4 Units):Site-Built,Not Hispanic or Latino,White,Male,Loan approved,32,400000.0,0.75,5.5,0,2,0.0,,0.0,0.0,,4.0,0.0,0.0,0.0,0.0,0.0,0.0,0.0,0.0,0.0,0.0,2,0,0,1,65-74,9999,Yes,1,1
2024,27000,AZ,6749.0,67491111100.0,FHA:First Lien,Single Family (1-4 Units):Site-Built,Asian,Asian,Male,Refinance,32,280000.0,0.65,5.625,0,3,0.0,,0.0,0.0,,3.0,0.0,0.0,0.0,0.0,0.0,0.0,0.0,0.0,0.0,0.0,1,0,0,1,45-54,9999,Yes,1,1
2024,28000,GA,5638.0,56381111100.0,VA:First Lien,Single Family (1-4 Units):Site-Built,Not Hispanic or Latino,White,Male,Loan approved but subject to appraised value,15,210000.0,0.8,5.5,0,2,0.0,,0.0,0.0,,2.5,0.0,0.0,0.0,0.0,0.0,0.0,0.0,0.0,0.0,0.0,3,0,0,1,85-94,9999,Yes,1,1
2024,29000,FL,17423.0,17423111100.0,FHA:First Lien,Single Family (1-4 Units):Site-Built,Black or African American,Black or African American,Female,Application denied,32,390000.0,0.65,5.625,0,3,0.0,,0.0,0.0,,3.0,0.0,0.0,0.0,0.0,0.0,0.0,0.0,0.0,0.0,0.0,1,0,0,1,75-84,9999,Yes,1,1
2024,30000,TX,4893.0,48931111100.0,Conventional:Subordinate Lien,Single Family (1-4 Units):Site-Built,Asian,Asian,Male,Loan approved,32,180000.0,0.75,5.5,0,2,0.0,,0.0,0.0,,3.0,0.0,0.0,0.0,0.0,0.0,0.0,0.0,0.0,0.0,0.0,2,0,0,1,45-54,9999,Yes,1,1
2024,31000,NC,11834.0,11834111100.0,FHA:First Lien,Single Family (1-4 Units):Site-Built,Not Hispanic or Latino,White,Male,Refinance,32,420000.0,0.7,5.0,0,2,0.0,,0.0,0.0,,2.0,0.0,0.0,0.0,0.0,0.0,0.0,0.0,0.0,0.0,0.0,3,0,0,1,65-74,9999,Yes,1,1
2024,32000,CA,21556.0,21556111100.0,VA:First Lien,Single Family (1-4 Units):Site-Built,Hispanic or Latino,White,Male,Loan approved,15,230000.0,0.8,5.5,0,3,0.0,,0.0,0.0,,2.5,0.0,0.0,0.0,0.0,0.0,0.0,0.0,0.0,0.0,0.0,3,0,0,1,85-94,9999,Yes,1,1
2024,33000,IL,13522.0,13522111100.0,Conventional:First Lien,Single Family (1-4 Units):Site-Built,Asian,Asian,Male,Application denied,32,380000.0,0.65,5.625,0,2,0.0,,0.0,0.0,,3.0,0.0,0.0,0.0,0.0,0.0,0.0,0.0,0.0,0.0,0.0,1,0,0,1,45-54,9999,Yes,1,1
2024,34000,GA,4961.0,49611111100.0,FHA:First Lien,Single Family (1-4 Units):Site-Built,Not Hispanic or Latino,White,Male,Refinance,32,320000.0,0.7,5.0,0,3,0.0,,0.0,0.0,,4.0,0.0,0.0,0.0,0.0,0.0,0.0,0.0,0.0,0.0,0.0,2,0,0,1,65-74,9999,Yes,1,1
2024,35000,NY,3956.0,39561111100.0,VA:First Lien,Single Family (1-4 Units):Site-Built,Black or African American,Black or African American,Female,Loan approved but subject to appraised value,15,290000.0,0.65,5.625,0,2,0.0,,0.0,0.0,,2.5,0.0,0.0,0.0,0.0,0.0,0.0,0.0,0.0,0.0,0.0,1,0,0,1,75-84,9999,Yes,1,1
"2024","New York-Newark-Jersey City, NY-NJ-PA","22","9025.0","9025700500.0","Conventional:First Lien","Single Family (1-4 Units):Site-Built","Hispanic or Latino","Asian","Female","File closed for incompleteness","32","200000.0","0.8","3.25","0.0","2","12000.0","0.0","0.0","0.0","2400","30.0","1","1","2","2","1","3","1","5","2","96.0","120.0","2.0","5.0","2","4","5.0","8.0","2","4","1","5","2","4","45-54","9999","Yes","1","1"
"2024","Detroit-Warren-Dearborn, MI","26","5101.0","5101001000.0","FHA:First Lien","Single Family (1-4 Units):Site-Built","Not Hispanic or Latino","Black or African American","Male","Loan funded","32","175000.0","0.7","3.5","0.0","3","9000.0","0.0","0.0","0.0","1800","24.0","1","1","2","2","1","3","2","5","3","108.0","120.0","2.0","5.0","2","4","6.0","8.0","2","4","1","5","1","4","35-44","9999","Yes","1","1"
"2024","Chicago-Naperville-Elgin, IL-IN-WI","17","4197.0","4197000100.0","VA:First Lien","Single Family (1-4 Units):Site-Built","Not Hispanic or Latino","White","Female","Application denied","32","300000.0","0.9","3.75","0.0","4","14000.0","0.0","0.0","0.0","2400","30.0","1","1","2","2","1","3","1","5","2","96.0","120.0","2.0","5.0","2","4","5.0","8.0","2","4","1","5","1","4","45-54","9999","Yes","1","1"
"2024","Los Angeles-Long Beach-Anaheim, CA","31","4190.0","4190001000.0","Conventional:First Lien","Single Family (1-4 Units):Site-Built","Not Hispanic or Latino","Asian","Male","File closed for incompleteness","32","225000.0","0.8","3.25","0.0","2","10000.0","0.0","0.0","0.0","2000","20.0","1","1","2","2","1","3","1","5","2","96.0","120.0","2.0","5.0","2","4","5.0","8.0","2","4","1","5","1","4","35-44","9999","Yes","1","1"
"2024","Washington-Baltimore-Arlington, DC-MD-VA","51","1105.0","1105000100.0","FHA:First Lien","Single Family (1-4 Units):Site-Built","Not Hispanic or Latino","Black or African American","Female","Loan funded","32","200000.0","0.7","3.5","0.0","3","9000.0","0.0","0.0","0.0","1800","24.0","1","1","2","2","1","3","2","5","3","108.0","120.0","2.0","5.0","2","4","6.0","8.0","2","4","1","5","1","4","45-54","9999","Yes","1","1"
"2024","Houston-The Woodlands-Sugar Land, TX","28","12277.0","1227701000.0","VA:First Lien","Single Family (1-4 Units):Site-Built","Hispanic or Latino","White","Male","File closed for incompleteness","32","250000.0","0.9","3.75","0.0","4","14000.0","0.0","0.0","0.0","2400","30.0","1","1","2","2","1","3","1","5","2","96.0","120.0","2.0","5.0","2","4","5.0","8.0","2","4","1","5","1","4","45-54","9999","Yes","1","1"
"2024","Dallas-Fort Worth-Arlington, TX","47","12415.0","1241501000.0","FHA:First Lien","Single Family (1-4 Units):Site-Built","Not Hispanic or Latino","Black or African American","Female","Application denied","32","175000.0","0.7","3.5","0.0","3","9000.0","0.0","0.0","0.0","1800","24.0","1","1","2","2","1","3","2","5","3","108.0","120.0","2.0","5.0","2","4","6.0","8.0","2","4","1","5","1","4","35-44","9999","Yes","1","1"
"2024","Philadelphia-Camden-Wilmington, PA-NJ-DE-MD","36","2110.0","2110001000.0","Conventional:First Lien","Single Family (1-4 Units):Site-Built","Not Hispanic or Latino","Asian","Male","Loan funded","32","275000.0","0.8","3.25","0.0","2","10000.0","0.0","0.0","0.0","2000","20.0","1","1","2","2","1","3","1","5","2","96.0","120.0","2.0","5.0","2","4","5.0","8.0","2","4","1","5","1","4","35-44","9999","Yes","1","1"
"2024","Miami-Fort Lauderdale-West Palm Beach, FL","25","4700.0","4700001000.0","VA:First Lien","Single Family (1-4 Units):Site-Built","Not Hispanic or Latino","White","Female","File closed for incompleteness","32","200000.0","0.9","3.75","0.0","4","14000.0","0.0","0.0","0.0","2400","30.0","1","1","2","2","1","3","1","5","2","96.0","120.0","2.0","5.0","2","4","5.0","8.0","2","4","1","5","1","4","45-54","9999","Yes","1","1"
"2024","San Francisco-Oakland-Berkeley, CA","41","4240.0","4240001000.0","FHA:First Lien","Single Family (1-4 Units):Site-Built","Not Hispanic or Latino","Asian","Male","Application denied","32","225000.0","0.7","3.5","0.0","3","9000.0","0.0","0.0","0.0","1800","24.0","1","1","2","2","1","3","2","5","3","108.0","120.0","2.0","5.0","2","4","6.0","8.0","2","4","1","5","1","4","35-44","9999","Yes","1","1"
"2024","Boston-Cambridge-Nashua, MA-NH","23","4182.0","4182000100.0","Conventional:First Lien","Single Family (1-4 Units):Site-Built","Not Hispanic or Latino","White","Female","Loan funded","32","275000.0","0.8","3.25","0.0","2","10000.0","0.0","0.0","0.0","2000","20.0","1","1","2","2","1","3","1","5","2","96.0","120.0","2.0","5.0","2","4","5.0","8.0","2","4","1","5","1","4","35-44","9999","Yes","1","1"
"2024","Denver-Aurora-Lakewood, CO","23","8105.0","8105000100.0","VA:First Lien","Single Family (1-4 Units):Site-Built","Hispanic or Latino","White","Male","File closed for incompleteness","32","300000.0","0.9","3.75","0.0","4","14000.0","0.0","0.0","0.0","2400","30.0","1","1","2","2","1","3","1","5","2","96.0","120.0","2.0","5.0","2","4","5.0","8.0","2","4","1","5","1","4","45-54","9999","Yes","1","1"
"2024","Seattle-Tacoma-Bellevue, WA","53","1911.0","1911001000.0","FHA:First Lien","Single Family (1-4 Units):Site-Built","Not Hispanic or Latino","Asian","Female","Application denied","32","225000.0","0.7","3.5","0.0","3","9000.0","0.0","0.0","0.0","1800","24.0","1","1","2","2","1","3","2","5","3","108.0","120.0","2.0","5.0","2","4","6.0","8.0","2","4","1","5","1","4","35-44","9999","Yes","1","1"
"2024","St. Louis, MO-IL","29","3103.0","3103000100.0","Conventional:First Lien","Single Family (1-4 Units):Site-Built","Not Hispanic or Latino","Black or African American","Male","File closed for incompleteness","32","275000.0","0.8","3.25","0.0","2","10000.0","0.0","0.0","0.0","2000","20.0","1","1","2","2","1","3","1","5","2","96.0","120.0","2.0","5.0","2","4","5.0","8.0","2","4","1","5","1","4","35-44","9999","Yes","1","1"
"2024","San Jose-Sunnyvale-Santa Clara, CA","41","4213.0","4213001000.0","VA:First Lien","Single Family (1-4 Units):Site-Built","Not Hispanic or Latino","Asian","Female","Loan funded","32","300000.0","0.9","3.75","0.0","4","14000.0","0.0","0.0","0.0","2400","30.0","1","1","2","2","1","3","1","5","2","96.0","120.0","2.0","5.0","2","4","5.0","8.0","2","4","1","5","1","4","45-54","9999","Yes","1","1"
"2024","Columbus, OH","19","5811.0","5811000100.0","FHA:First Lien","Single Family (1-4 Units):Site-Built","Not Hispanic or Latino","White","Male","Application denied","32","200000.0","0.7","3.5","0.0","3","9000.0","0.0","0.0","0.0","1800","24.0","1","1","2","2","1","3","2","5","3","108.0","120.0","2.0","5.0","2","4","6.0","8.0","2","4","1","5","1","4","35-44","9999","Yes","1","1"
"2024","Charlotte-Concord-Gastonia, NC-SC","35","3920.0","3920001000.0","Conventional:First Lien","Single Family (1-4 Units):Site-Built","Not Hispanic or Latino","Black or African American","Female","Loan funded","32","175000.0","0.8","3.25","0.0","2","10000.0","0.0","0.0","0.0","2000","20.0","1","1","2","2","1","3","2","5","3","108.0","120.0","2.0","5.0","2","4","5.0","8.0","2","4","1","5","1","4","35-44","9999","Yes","1","1"
"2024","Austin-Round Rock, TX","25","10327.0","1032701000.0","FHA:First Lien","Single Family (1-4 Units):Site-Built","Not Hispanic or Latino","White","Male","File closed for incompleteness","32","250000.0","0.9","3.75","0.0","4","14000.0","0.0","0.0","0.0","2400","30.0","1","1","2","2","1","3","1","5","2","96.0","120.0","2.0","5.0","2","4","5.0","8.0","2","4","1","5","1","4","45-54","9999","Yes","1","1"
"2024","Indianapolis-Carmel-Anderson, IN","30","5922.0","5922000100.0","VA:First Lien","Single Family (1-4 Units):Site-Built","Hispanic or Latino","White","Female","Application denied","32","225000.0","0.7","3.5","0.0","3","9000.0","0.0","0.0","0.0","1800","24.0","1","1","2","2","1","3","2","5","3","108.0","120.0","2.0","5.0","2","4","6.0","8.0","2","4","1","5","1","4","35-44","9999","Yes","1","1"
"2024","Jacksonville, FL","24","11934.0","1193401000.0","Conventional:First Lien","Single Family (1-4 Units):Site-Built","Not Hispanic or Latino","Asian","Male","Loan funded","32","275000.0","0.8","3.25","0.0","2","10000.0","0.0","0.0","0.0","2000","20.0","1","1","2","2","1","3","1","5","2","96.0","120.0","2.0","5.0","2","4","5.0","8.0","2","4","1","5","1","4","35-44","9999","Yes","1","1"
"2024","San Diego, CA","41","4143.0","4143001000.0","FHA:First Lien","Single Family (1-4 Units):Site-Built","Not Hispanic or Latino","Black or African American","Female","File closed for incompleteness","32","250000.0","0.7","3.5","0.0","3","9000.0","0.0","0.0","0.0","1800","24.0","1","1","2","2","1","3","2","5","3","108.0","120.0","2.0","5.0","2","4","6.0","8.0","2","4","1","5","1","4","35-44","9999","Yes","1","1"
"2024","Kansas City, MO-KS","28,""4141.0","4141000100.0","VA:First Lien","Single Family (1-4 Units):Site-Built","Not Hispanic or Latino","Asian","Male","Application denied","32","275000.0","0.9","3.75","0.0","4","14000.0","0.0","0.0","0.0","2400","30.0","1","1","2","2","1","3","1","5","2","96.0","120.0","2.0","5.0","2","4","5.0","8.0","2","4","1","5","1","4","45-54","9999","Yes","1","1"
"2024","Oklahoma City, OK","44,""10312.0","1031201000.0","FHA:First Lien","Single Family (1-4 Units):Site-Built","Not Hispanic or Latino","White","Female","File closed for incompleteness","32","200000.0","0.8","3.25","0.0","2","10000.0","0.0","0.0","0.0","2000","20.0","1","1","2","2","1","3","2","5","3","108.0","120.0","2.0","5.0","2","4","6.0","8.0","2","4","1","5","1","4","35-44","9999","Yes","1","1"
"2024","Milwaukee-Waukesha-West Allis, WI","51,""5800.0","5800001000.0","VA:First Lien","Single Family (1-4 Units):Site-Built","Not Hispanic or Latino","Black or African American","Male","Application denied","32","175000.0","0.7","3.5","0.0","3","9000.0","0.0","0.0","0.0","1800","24.0","1","1","2","2","1","3","2","5","3","108.0","120.0","2.0","5.0","2","4","6.0","8.0","2","4","1","5","1","4","35-44","9999","Yes","1","1"
"2024","Tampa-St. Petersburg-Clearwater, FL","47,""4710.0","4710001000.0","FHA:First Lien","Single Family (1-4 Units):Site-Built","Not Hispanic or Latino","White","Female","Loan funded","32","225000.0","0.9","3.75","0.0","4","14000.0","0.0","0.0","0.0","2400","30.0","1","1","2","2","1","3","1","5","2","96.0","120.0","2.0","5.0","2","4","5.0","8.0","2","4","1","5","1","4","45-54","9999","Yes","1","1"
"2024","Minneapolis-St. Paul-Bloomington, MN-WI","37,""1919.0","1919000100.0","Conventional:First Lien","Single Family (1-4 Units):Site-Built","Not Hispanic or Latino","Black or African American","Male","File closed for incompleteness","32","300000.0","0.8","3.25","0.0","2","10000.0","0.0","0.0","0.0","2000","20.0","1","1","2","2","1","3","1","5","2","96.0","120.0","2.0","5.0","2","4","5.0","8.0","2","4","1","5","1","4","35-44","9999","Yes","1","1"
"2024","Cleveland, OH","19,""5812.0","5812000100.0","FHA:First Lien","Single Family (1-4 Units):Site-Built","Not Hispanic or Latino","Asian","Female","Application denied","32","175000.0","0.7","3.5","0.0","3","9000.0","0.0","0.0","0.0","1800","24.0","1","1","2","2","1","3","2","5","3","108.0","120.0","2.0","5.0","2","4","6.0","8.0","2","4","1","5","1","4","35-44","9999","Yes","1","1"
"2024","Portland-Vancouver-Hillsboro, OR-WA","41,""4118.0","4118000100.0","Conventional:First Lien","Single Family (1-4 Units):Site-Built","Not Hispanic or Latino","White","Male","File closed for incompleteness","32","275000.0","0.9","3.75","0.0","4","14000.0","0.0","0.0","0.0","2400","30.0","1","1","2","2","1","3","1","5","2","96.0","120.0","2.0","5.0","2","4","5.0","8.0","2","4","1","5","1","4","45-54","9999","Yes","1","1"
"2024","Virginia Beach-Norfolk-Newport News, VA-NC","51,""1212.0","1212001000.0","FHA:First Lien","Single Family (1-4 Units):Site-Built","Not Hispanic or Latino","Black or African American","Female","Loan funded","32","200000.0","0.8","3.25","0.0","2","10000.0","0.0","0.0","0.0","2000","20.0","1","1","2","2","1","3","2","5","3","108.0","120.0","2.0","5.0","2","4","6.0","8.0","2","4","1","5","1","4","35-44","9999","Yes","1","1"
"2024","Cincinnati, OH-KY-IN","19,""5814.0","5814000100.0","VA:First Lien","Single Family (1-4 Units):Site-Built","Not Hispanic or Latino","White","Male","File closed for incompleteness","32","225000.0","0.9","3.75","0.0","4","14000.0","0.0","0.0","0.0","2400","30.0","1","1","2","2","1","3","1","5","2","96.0","120.0","2.0","5.0","2","4","5.0","8.0","2","4","1","5","1","4","45-54","9999","Yes","1","1"
"2024","Salt Lake City, UT","49,""4028.0","4028000100.0","FHA:First Lien","Single Family (1-4 Units):Site-Built","Not Hispanic or Latino","Asian","Female","Application denied","32","175000.0","0.7","3.5","0.0","3","9000.0","0.0","0.0","0.0","1800","24.0","1","1","2","2","1","3","2","5","3","108.0","120.0","2.0","5.0","2","4","6.0","8.0","2","4","1","5","1","4","35-44","9999","Yes","1","1"
"2024","Raleigh-Durham-Chapel Hill, NC","37,""3933.0","3933000100.0","Conventional:First Lien","Single Family (1-4 Units):Site-Built","Not Hispanic or Latino","White","Male","Loan funded","32","250000.0","0.8","3.25","0.0","2","10000.0","0.0","0.0","0.0","2000","20.0","1","1","2","2","1","3","1","5","2","96.0","120.0","2.0","5.0","2","4","5.0","8.0","2","4","1","5","1","4","35-44","9999","Yes","1","1"
"2024","Nashville-Davidson--Murfreesboro--Franklin, TN","34,""3715.0","3715000100.0","VA:First Lien","Single Family (1-4 Units):Site-Built","Not Hispanic or Latino","White","Female","File closed for incompleteness","32","200000.0","0.9","3.75","0.0","4","14000.0","0.0","0.0","0.0","2400","30.0","1","1","2","2","1","3","1","5","2","96.0","120.0","2.0","5.0","2","4","5.0","8.0","2","4","1","5","1","4","45-54","9999","Yes","1","1"
"2024","Pittsburgh, PA","36,""4222.0","4222000100.0","FHA:First Lien","Single Family (1-4 Units):Site-Built","Not Hispanic or Latino","Black or African American","Male","Application denied","32","175000.0","0.7","3.5","0.0","3","9000.0","0.0","0.0","0.0","1800","24.0","1","1","2","2","1","3","2","5","3","108.0","120.0","2.0","5.0","2","4","6.0","8.0","2","4","1","5","1","4","35-44","9999","Yes","1","1"
"2024","Oklahoma City, OK","44,""10313.0","1031301000.0","Conventional:First Lien","Single Family (1-4 Units):Site-Built","Not Hispanic or Latino","Asian","Female","Loan funded","32","225000.0","0.8","3.25","0.0","2","10000.0","0.0","0.0","0.0","2000","20.0","1","1","2","2","1","3","2","5","3","108.0","120.0","2.0","5.0","2","4","6.0","8.0","2","4","1","5","1","4","35-44","9999","Yes","1","1"
"2024","Boise City, ID","16,""4029.0","4029000100.0","FHA:First Lien","Single Family (1-4 Units):Site-Built","Not Hispanic or Latino","White","Male","File closed for incompleteness","32","275000.0","0.9","3.75","0.0","4","14000.0","0.0","0.0","0.0","2400","30.0","1","1","2","2","1","3","1","5","2","96.0","120.0","2.0","5.0","2","4","5.0","8.0","2","4","1","5","1","4","45-54","9999","Yes","1","1"
"2024","Providence-Warwick, RI-MA","42,""4221.0","4221000100.0","VA:First Lien","Single Family (1-4 Units):Site-Built","Not Hispanic or Latino","Asian","Female","Application denied","32","175000.0","0.7","3.5","0.0","3","9000.0","0.0","0.0","0.0","1800","24.0","1","1","2","2","1","3","2","5","3","108.0","120.0","2.0","5.0","2","4","6.0","8.0","2","4","1","5","1","4","35-44","9999","Yes","1","1"
"2024","Memphis, TN-MS-AR","34,""3722.0","3722000100.0","Conventional:First Lien","Single Family (1-4 Units):Site-Built","Not Hispanic or Latino","White","Male","File closed for incompleteness","32","300000.0","0.8","3.25","0.0","2","10000.0","0.0","0.0","0.0","2000","20.0","1","1","2","2","1","3","1","5","2","96.0","120.0","2.0","5.0","2","4","5.0","8.0","2","4","1","5","1","4","35-44","9999","Yes","1","1"
2024,99999,ME,31830.0,31830015710.0,Conventional:First Lien,Single Family (1-4 Units):Site-Built,Not Hispanic or Latino,White,Male,File closed for incompleteness,31,27000.0,0.82,0.0,2.5,0.0,2,0.0,0.0,0.0,0.0,0.0,0.0,0.0,0.0,0.0,0.0,0.0,0.0,0.0,0.0,0.0,0.0,1111,1111,2.0,5.0,2,4,5.0,8.0,2,4,1,5,2,4,55-64,9999,Yes,,1,1
2024,12054,CO,29419.0,29419062149.0,FHA:First Lien,Single Family (1-4 Units):Site-Built,Not Hispanic or Latino,White,Male,6,33,240000.0,5.125,0.0,0.0,0.0,0.0,0.0,0.0,0.0,0.0,0.0,0.0,0.0,0.0,0.0,0.0,0.0,0.0,0.0,0.0,0.0,0.0,9,9,5.0,5.0,3,3,7.0,7.0,3,3,4,4,3,3,8888,8888,,,3,3
2024,99999,NY,23530.0,23530298450.0,VA:First Lien,Single Family (1-4 Units):Site-Built,Not Hispanic or Latino,White,Male,Application denied,33,400000.0,3.5,0.0,0.0,0.0,0.0,0.0,0.0,0.0,0.0,0.0,0.0,0.0,0.0,0.0,0.0,0.0,0.0,0.0,0.0,0.0,0.0,0.0,9,10,3.0,5.0,2,4,6.0,8.0,2,4,3,5,2,4,65-74,9999,Yes,,1,1
2024,15957,IL,17469.0,17469022171.0,FHA:First Lien,Single Family (1-4 Units):Site-Built,Not Hispanic or Latino,White,Male,File closed for incompleteness,31,200000.0,4.875,0.0,0.0,0.0,0.0,0.0,0.0,0.0,0.0,0.0,0.0,0.0,0.0,0.0,0.0,0.0,0.0,0.0,0.0,0.0,0.0,0.0,0.0,10,10,4.0,5.0,2,4,7.0,7.0,2,4,4,4,2,4,8888,8888,,,3,3
2024,12054,SD,22180.0,22180026451.0,Conventional:First Lien,Single Family (1-4 Units):Site-Built,Not Hispanic or Latino,White,Male,6,32,220000.0,5.5,0.0,0.0,0.0,0.0,0.0,0.0,0.0,0.0,0.0,0.0,0.0,0.0,0.0,0.0,0.0,0.0,0.0,0.0,0.0,0.0,0.0,9,9,6.0,6.0,3,3,9.0,9.0,3,3,5,5,3,3,8888,8888,,,3,3
2024,99999,VT,27838.0,27838148692.0,VA:First Lien,Single Family (1-4 Units):Site-Built,Not Hispanic or Latino,White,Male,File closed for incompleteness,33,320000.0,3.25,0.0,0.0,0.0,0.0,0.0,0.0,0.0,0.0,0.0,0.0,0.0,0.0,0.0,0.0,0.0,0.0,0.0,0.0,0.0,0.0,0.0,0.0,11,11,2.0,5.0,2,4,5.0,8.0,2,4,1,5,2,4,55-64,9999,Yes,,1,1
2024,12054,CT,18127.0,18127310981.0,FHA:First Lien,Single Family (1-4 Units):Site-Built,Not Hispanic or Latino,White,Male,6,34,280000.0,4.75,0.0,0.0,0.0,0.0,0.0,0.0,0.0,0.0,0.0,0.0,0.0,0.0,0.0,0.0,0.0,0.0,0.0,0.0,0.0,0.0,0.0,9,9,5.0,5.0,3,3,7.0,7.0,3,3,4,4,3,3,8888,8888,,,3,3
2024,99999,AL,22605.0,22605115542.0,Conventional:Subordinate Lien,Single Family (1-4 Units):Site-Built,Not Hispanic or Latino,White,Male,Application denied,32,180000.0,3.625,0.0,0.0,0.0,0.0,0.0,0.0,0.0,0.0,0.0,0.0,0.0,0.0,0.0,0.0,0.0,0.0,0.0,0.0,0.0,0.0,0.0,0.0,9,9,3.0,5.0,2,4,6.0,8.0,2,4,3,5,2,4,65-74,9999,Yes,,1,1
2024,12054,ND,18463.0,18462901116.0,FHA:First Lien,Single Family (1-4 Units):Site-Built,Not Hispanic or Latino,White,Male,6,35,300000.0,4.0,0.0,0.0,0.0,0.0,0.0,0.0,0.0,0.0,0.0,0.0,0.0,0.0,0.0,0.0,0.0,0.0,0.0,0.0,0.0,0.0,0.0,10,10,5.0,5.0,3,3,7.0,7.0,3,3,4,4,3,3,8888,8888,,,3,3
2024,99999,IA,26193.0,26193360158.0,VA:First Lien,Single Family (1-4 Units):Site-Built,Not Hispanic or Latino,White,Male,File closed for incompleteness,32,280000.0,3.5,0.0,0.0,0.0,0.0,0.0,0.0,0.0,0.0,0.0,0.0,0.0,0.0,0.0,0.0,0.0,0.0,0.0,0.0,0.0,0.0,0.0,0.0,9,9,3.0,5.0,2,4,6.0,8.0,2,4,3,5,2,4,65-74,9999,Yes,,1,1
2024,12054,WI,25356.0,25356273721.0,FHA:First Lien,Single Family (1-4 Units):Site-Built,Not Hispanic or Latino,White,Male,6,36,320000.0,4.25,0.0,0.0,0.0,0.0,0.0,0.0,0.0,0.0,0.0,0.0,0.0,0.0,0.0,0.0,0.0,0.0,0.0,0.0,0.0,0.0,0.0,9,9,5.0,5.0,3,3,7.0,7.0,3,3,4,4,3,3,8888,8888,,,3,3
2024,99999,MA,26865.0,26865751168.0,Conventional:First Lien,Single Family (1-4 Units):Site-Built,Not Hispanic or Latino,White,Male,Application denied,34,420000.0,3.75,0.0,0.0,0.0,0.0,0.0,0.0,0.0,0.0,0.0,0.0,0.0,0.0,0.0,0.0,0.0,0.0,0.0,0.0,0.0,0.0,0.0,0.0,9,10,4.0,5.0,2,4,6.0,8.0,2,4,3,5,2,4,65-74,9999,Yes,,1,1
2024,12054,MT,24665.0,24665413941.0,FHA:First Lien,Single Family (1-4 Units):Site-Built,Not Hispanic or Latino,White,Male,6,37,380000.0,3.5,0.0,0.0,0.0,0.0,0.0,0.0,0.0,0.0,0.0,0.0,0.0,0.0,0.0,0.0,0.0,0.0,0.0,0.0,0.0,0.0,0.0,9,9,5.0,5.0,3,3,7.0,7.0,3,3,4,4,3,3,8888,8888,,,3,3
2024,99999,FL,24493.0,24493682946.0,Conventional:Subordinate Lien,Single Family (1-4 Units):Site-Built,Not Hispanic or Latino,White,Male,File closed for incompleteness,31,190000.0,3.125,0.0,0.0,0.0,0.0,0.0,0.0,0.0,0.0,0.0,0.0,0.0,0.0,0.0,0.0,0.0,0.0,0.0,0.0,0.0,0.0,0.0,0.0,9,9,3.0,5.0,2,4,6.0,8.0,2,4,3,5,2,4,55-64,9999,Yes,,1,1
2024,12054,NE,29862.0,29862316485.0,FHA:First Lien,Single Family (1-4 Units):Site-Built,Not Hispanic or Latino,White,Male,6,38,420000.0,3.75,0.0,0.0,0.0,0.0,0.0,0.0,0.0,0.0,0.0,0.0,0.0,0.0,0.0,0.0,0.0,0.0,0.0,0.0,0.0,0.0,0.0,9,9,5.0,5.0,3,3,7.0,7.0,3,3,4,4,3,3,8888,8888,,,3,3
2024,99999,WY,21921.0,21921159896.0,Conventional:First Lien,Single Family (1-4 Units):Site-Built,Not Hispanic or Latino,White,Male,Application denied,32,140000.0,3.5,0.0,0.0,0.0,0.0,0.0,0.0,0.0,0.0,0.0,0.0,0.0,0.0,0.0,0.0,0.0,0.0,0.0,0.0,0.0,0.0,0.0,0.0,9,9,3.0,5.0,2,4,6.0,8.0,2,4,3,5,2,4,65-74,9999,Yes,,1,1
2024,12054,TN,18700.0,18700274091.0,FHA:First Lien,Single Family (1-4 Units):Site-Built,Not Hispanic or Latino,White,Male,6,39,450000.0,3.5,0.0,0.0,0.0,0.0,0.0,0.0,0.0,0.0,0.0,0.0,0.0,0.0,0.0,0.0,0.0,0.0,0.0,0.0,0.0,0.0,0.0,9,9,5.0,5.0,3,3,7.0,7.0,3,3,4,4,3,3,8888,8888,,,3,3
2024,99999,DE,21628.0,21628353644.0,VA:First Lien,Single Family (1-4 Units):Site-Built,Not Hispanic or Latino,White,Male,File closed for incompleteness,33,260000.0,3.75,0.0,0.0,0.0,0.0,0.0,0.0,0.0,0.0,0.0,0.0,0.0,0.0,0.0,0.0,0.0,0.0,0.0,0.0,0.0,0.0,0.0,0.0,9,9,4.0,5.0,2,4,6.0,8.0,2,4,3,5,2,4,55-64,9999,Yes,,1,1
2024,12054,WV,17389.0,17389361913.0,FHA:First Lien,Single Family (1-4 Units):Site-Built,Not Hispanic or Latino,White,Male,6,40,480000.0,3.25,0.0,0.0,0.0,0.0,0.0,0.0,0.0,0.0,0.0,0.0,0.0,0.0,0.0,0.0,0.0,0.0,0.0,0.0,0.0,0.0,0.0,9,9,5.0,5.0,3,3,7.0,7.0,3,3,4,4,3,3,8888,8888,,,3,3
2024,99999,KS,29332.0,29332684119.0,FHA:First Lien,Single Family (1-4 Units):Site-Built,Not Hispanic or Latino,White,Male,Application denied,35,500000.0,3.0,0.0,0.0,0.0,0.0,0.0,0.0,0.0,0.0,0.0,0.0,0.0,0.0,0.0,0.0,0.0,0.0,0.0,0.0,0.0,0.0,0.0,0.0,9,10,5.0,5.0,2,4,6.0,8.0,2,4,3,5,2,4,65-74,9999,Yes,,1,1
2024,12054,KY,29951.0,29951512166.0,Conventional:Subordinate Lien,Single Family (1-4 Units):Site-Built,Not Hispanic or Latino,White,Male,6,41,520000.0,3.5,0.0,0.0,0.0,0.0,0.0,0.0,0.0,0.0,0.0,0.0,0.0,0.0,0.0,0.0,0.0,0.0,0.0,0.0,0.0,0.0,0.0,9,9,5.0,5.0,3,3,7.0,7.0,3,3,4,4,3,3,8888,8888,,,3,3
2024,99999,OK,28174.0,28174465830.0,FHA:First Lien,Single Family (1-4 Units):Site-Built,Not Hispanic or Latino,White,Male,File closed for incompleteness,34,360000.0,3.25,0.0,0.0,0.0,0.0,0.0,0.0,0.0,0.0,0.0,0.0,0.0,0.0,0.0,0.0,0.0,0.0,0.0,0.0,0.0,0.0,0.0,0.0,9,9,4.0,5.0,2,4,6.0,8.0,2,4,3,5,2,4,55-64,9999,Yes,,1,1
2024,12054,UT,23574.0,23574817250.0,FHA:First Lien,Single Family (1-4 Units):Site-Built,Not Hispanic or Latino,White,Male,6,42,550000.0,3.5,0.0,0.0,0.0,0.0,0.0,0.0,0.0,0.0,0.0,0.0,0.0,0.0,0.0,0.0,0.0,0.0,0.0,0.0,0.0,0.0,0.0,9,9,5.0,5.0,3,3,7.0,7.0,3,3,4,4,3,3,8888,8888,,,3,3
2024,99999,ND,22762.0,22762572162.0,VA:First Lien,Single Family (1-4 Units):Site-Built,Not Hispanic or Latino,White,Male,Application denied,35,600000.0,3.0,0.0,0.0,0.0,0.0,0.0,0.0,0.0,0.0,0.0,0.0,0.0,0.0,0.0,0.0,0.0,0.0,0.0,0.0,0.0,0.0,0.0,0.0,9,10,5.0,5.0,2,4,6.0,8.0,2,4,3,5,2,4,65-74,9999,Yes,,1,1
2024,12054,ME,14190.0,14190266087.0,FHA:First Lien,Single Family (1-4 Units):Site-Built,Not Hispanic or Latino,White,Male,6,43,580000.0,3.5,0.0,0.0,0.0,0.0,0.0,0.0,0.0,0.0,0.0,0.0,0.0,0.0,0.0,0.0,0.0,0.0,0.0,0.0,0.0,0.0,0.0,9,9,5.0,5.0,3,3,7.0,7.0,3,3,4,4,3,3,8888,8888,,,3,3
2024,99999,MS,27587.0,27587763023.0,FHA:First Lien,Single Family (1-4 Units):Site-Built,Not Hispanic or Latino,White,Male,File closed for incompleteness,33,400000.0,3.25,0.0,0.0,0.0,0.0,0.0,0.0,0.0,0.0,0.0,0.0,0.0,0.0,0.0,0.0,0.0,0.0,0.0,0.0,0.0,0.0,0.0,0.0,9,9,4.0,5.0,2,4,6.0,8.0,2,4,3,5,2,4,55-64,9999,Yes,,1,1
2024,12054,SC,26109.0,26109387278.0,FHA:First Lien,Single Family (1-4 Units):Site-Built,Not Hispanic or Latino,White,Male,6,44,610000.0,3.5,0.0,0.0,0.0,0.0,0.0,0.0,0.0,0.0,0.0,0.0,0.0,0.0,0.0,0.0,0.0,0.0,0.0,0.0,0.0,0.0,0.0,9,9,5.0,5.0,3,3,7.0,7.0,3,3,4,4,3,3,8888,8888,,,3,3
2024,99999,MO,29404.0,29404430870.0,FHA:First Lien,Single Family (1-4 Units):Site-Built,Not Hispanic or Latino,White,Male,Application denied,35,650000.0,3.0,0.0,0.0,0.0,0.0,0.0,0.0,0.0,0.0,0.0,0.0,0.0,0.0,0.0,0.0,0.0,0.0,0.0,0.0,0.0,0.0,0.0,0.0,9,10,5.0,5.0,2,4,6.0,8.0,2,4,3,5,2,4,65-74,9999,Yes,,1,1
2024,12054,AR,21673.0,21673733045.0,Conventional:Subordinate Lien,Single Family (1-4 Units):Site-Built,Not Hispanic or Latino,White,Male,6,45,640000.0,3.5,0.0,0.0,0.0,0.0,0.0,0.0,0.0,0.0,0.0,0.0,0.0,0.0,0.0,0.0,0.0,0.0,0.0,0.0,0.0,0.0,0.0,9,9,5.0,5.0,3,3,7.0,7.0,3,3,4,4,3,3,8888,8888,,,3,3
2024,99999,AK,26496.0,26496688927.0,FHA:First Lien,Single Family (1-4 Units):Site-Built,Not Hispanic or Latino,White,Male,File closed for incompleteness,33,420000.0,3.5,0.0,0.0,0.0,0.0,0.0,0.0,0.0,0.0,0.0,0.0,0.0,0.0,0.0,0.0,0.0,0.0,0.0,0.0,0.0,0.0,0.0,0.0,9,9,4.0,5.0,2,4,6.0,8.0,2,4,3,5,2,4,55-64,9999,Yes,,1,1
2024,12054,LV,23628.0,23628316453.0,FHA:First Lien,Single Family (1-4 Units):Site-Built,Not Hispanic or Latino,White,Male,6,46,670000.0,3.5,0.0,0.0,0.0,0.0,0.0,0.0,0.0,0.0,0.0,0.0,0.0,0.0,0.0,0.0,0.0,0.0,0.0,0.0,0.0,0.0,0.0,9,9,5.0,5.0,3,3,7.0,7.0,3,3,4,4,3,3,8888,8888,,,3,3
2024,99999,HI,24479.0,24479419790.0,Conventional:First Lien,Single Family (1-4 Units):Site-Built,Not Hispanic or Latino,White,Male,Application denied,35,700000.0,3.0,0.0,0.0,0.0,0.0,0.0,0.0,0.0,0.0,0.0,0.0,0.0,0.0,0.0,0.0,0.0,0.0,0.0,0.0,0.0,0.0,0.0,0.0,9,10,5.0,5.0,2,4,6.0,8.0,2,4,3,5,2,4,65-74,9999,Yes,,1,1
2024,12054,CA,18127.0,18127255858.0,FHA:First Lien,Single Family (1-4 Units):Site-Built,Not Hispanic or Latino,White,Male,6,47,700000.0,3.5,0.0,0.0,0.0,0.0,0.0,0.0,0.0,0.0,0.0,0.0,0.0,0.0,0.0,0.0,0.0,0.0,0.0,0.0,0.0,0.0,0.0,9,9,5.0,5.0,3,3,7.0,7.0,3,3,4,4,3,3,8888,8888,,,3,3
"activity_year","derived_msa-md","state_code","census_tract","derived_loan_product_type","derived_dwelling_category","derived_ethnicity","derived_race","derived_sex","action_taken","loan_purpose","loan_amount","loan_to_value_ratio","interest_rate","rate_spread","hoepa_status","total_loan_costs","total_points_and_fees","origination_charges","discount_points","lender_credits","loan_term","prepayment_penalty_term","intro_rate_period","negative_amortization","interest_only_payment","balloon_payment","other_nonamortizing_features","property_value","construction_method","occupancy_type","manufactured_home_secured_property_type","manufactured_home_land_property_interest","total_units","multifamily_affordable_units","income","debt_to_income_ratio","applicant_credit_score_type","co-applicant_credit_score_type","applicant_ethnicity-1","co-applicant_ethnicity-1","applicant_ethnicity_observed","co-applicant_ethnicity_observed","applicant_race-1","co-applicant_race-1","applicant_race_observed","co-applicant_race_observed","applicant_sex","co-applicant_sex","applicant_sex_observed","co-applicant_sex_observed","applicant_age","co-applicant_age","applicant_age_above_62","co-applicant_age_above_62","submission_of_application","initially_payable_to_institution"

2024,99999,CA,94040.0,9404042000.0,FHA:First Lien,Single Family (1-4 Units):Site-Built,Hispanic or Latino,White,Male,Loan approved,33,190000.0,,,,4,,,,,,200,,,2,2,2,2,,1,1,3,5,1,,92.0,,3,11,2.0,6.0,3,3,5.0,9.0,3,3,2,5,3,3,45-54,9999,Yes,,1,1
2024,99999,FL,22220.0,22220079000.0,VA:First Lien,Single Family (1-4 Units):Site-Built,Not Hispanic or Latino,Asian,Male,File closed for incompleteness,34,350000.0,,,,3,,,,,,240,,,2,2,2,2,,1,1,3,5,1,,110.0,,8,5,3.0,6.0,2,4,6.0,8.0,2,4,4,5,2,4,65-74,9999,Yes,,1,1
2024,12054,NY,14007.0,14007355500.0,Conventional:First Lien,Single Family (1-4 Units):Site-Built,Hispanic or Latino,Black,Male,Application denied,35,80000.0,,6.000,,2,43631.11,,27044.8,16686.8,,300.0,,,2,2,2,2,,275000.0,1,1,3,5,1,,,,10,10,4.0,4.0,3,3,7.0,7.0,3,3,4,4,3,3,9999,9999,,,3,3
2024,99999,TX,63221.0,63221612400.0,FHA:First Lien,Single Family (1-4 Units):Site-Built,Not Hispanic or Latino,White,Male,Loan approved,36,220000.0,,,,4,,,,,,200,,,2,2,2,2,,1,1,3,5,1,,90.0,,3,9,2.0,6.0,3,3,5.0,9.0,3,3,2,5,3,3,45-54,9999,Yes,,1,1
2024,12054,GA,44421.0,44421488600.0,VA:First Lien,Single Family (1-4 Units):Site-Built,Not Hispanic or Latino,White,Male,File closed for incompleteness,37,240000.0,,,,3,,,,,,240,,,2,2,2,2,,1,1,3,5,1,,104.0,,8,2,3.0,6.0,2,4,6.0,8.0,2,4,4,5,2,4,65-74,9999,Yes,,1,1
2024,99999,MN,92141.0,9214166050.0,Conventional:First Lien,Single Family (1-4 Units):Site-Built,Hispanic or Latino,Asian,Male,Loan approved,38,120000.0,,,,4,,,,,,200,,,2,2,2,2,,1,1,3,5,1,,92.0,,4,11,2.0,6.0,3,3,5.0,9.0,3,3,2,5,3,3,45-54,9999,Yes,,1,1
2024,12054,IL,94226.0,94226437000.0,FHA:First Lien,Single Family (1-4 Units):Site-Built,Not Hispanic or Latino,White,Male,File closed for incompleteness,39,330000.0,,,,3,,,,,,240,,,2,2,2,2,,1,1,3,5,1,,110.0,,3,5,3.0,6.0,2,4,6.0,8.0,2,4,4,5,2,4,65-74,9999,Yes,,1,1
2024,99999,OH,52145.0,52145719100.0,VA:First Lien,Single Family (1-4 Units):Site-Built,Hispanic or Latino,Black,Male,Loan approved,40,250000.0,,,,4,,,,,,200,,,2,2,2,2,,1,1,3,5,1,,94.0,,3,12,2.0,6.0,3,3,5.0,9.0,3,3,2,5,3,3,45-54,9999,Yes,,1,1
2024,12054,NC,14223.0,14223622200.0,FHA:First Lien,Single Family (1-4 Units):Site-Built,Not Hispanic or Latino,White,Male,File closed for incompleteness,41,180000.0,,,,3,,,,,,240,,,2,2,2,2,,1,1,3,5,1,,102.0,,8,8,3.0,6.0,2,4,6.0,8.0,2,4,4,5,2,4,65-74,9999,Yes,,1,1
2024,99999,WI,85338.0,85338429400.0,VA:First Lien,Single Family (1-4 Units):Site-Built,Hispanic or Latino,Asian,Male,Loan approved,42,380000.0,,,,4,,,,,,200,,,2,2,2,2,,1,1,3,5,1,,98.0,,4,10,2.0,6.0,3,3,5.0,9.0,3,3,2,5,3,3,45-54,9999,Yes,,1,1
2024,12054,MI,14567.0,14567378600.0,FHA:First Lien,Single Family (1-4 Units):Site-Built,Not Hispanic or Latino,White,Male,File closed for incompleteness,43,200000.0,,,,3,,,,,,240,,,2,2,2,2,,1,1,3,5,1,,106.0,,3,5,3.0,6.0,2,4,6.0,8.0,2,4,4,5,2,4,65-74,9999,Yes,,1,1
2024,99999,AZ,19224.0,19224627000.0,Conventional:First Lien,Single Family (1-4 Units):Site-Built,Hispanic or Latino,Black,Male,Loan approved,44,140000.0,,,,4,,,,,,200,,,2,2,2,2,,1,1,3,5,1,,94.0,,4,11,2.0,6.0,3,3,5.0,9.0,3,3,2,5,3,3,45-54,9999,Yes,,1,1
2024,12054,SC,94225.0,94225419800.0,FHA:First Lien,Single Family (1-4 Units):Site-Built,Not Hispanic or Latino,White,Male,File closed for incompleteness,45,160000.0,,,,3,,,,,,240,,,2,2,2,2,,1,1,3,5,1,,100.0,,3,2,3.0,6.0,2,4,6.0,8.0,2,4,4,5,2,4,65-74,9999,Yes,,1,1
2024,99999,UT,42227.0,42227800600.0,Conventional:First Lien,Single Family (1-4 Units):Site-Built,Hispanic or Latino,Asian,Male,Loan approved,46,220000.0,,,,4,,,,,,200,,,2,2,2,2,,1,1,3,5,1,,92.0,,4,10,2.0,6.0,3,3,5.0,9.0,3,3,2,5,3,3,45-54,9999,Yes,,1,1
2024,12054,LA,16107.0,16107455600.0,FHA:First Lien,Single Family (1-4 Units):Site-Built,Not Hispanic or Latino,White,Male,File closed for incompleteness,47,280000.0,,,,3,,,,,,240,,,2,2,2,2,,1,1,3,5,1,,108.0,,8,9,3.0,6.0,2,4,6.0,8.0,2,4,4,5,2,4,65-74,9999,Yes,,1,1
2024,99999,IN,65131.0,65131388000.0,VA:First Lien,Single Family (1-4 Units):Site-Built,Hispanic or Latino,Black,Male,Loan approved,48,300000.0,,,,4,,,,,,200,,,2,2,2,2,,1,1,3,5,1,,96.0,,3,12,2.0,6.0,3,3,5.0,9.0,3,3,2,5,3,3,45-54,9999,Yes,,1,1
2024,12054,VT,94426.0,94426477600.0,FHA:First Lien,Single Family (1-4 Units):Site-Built,Not Hispanic or Latino,White,Male,File closed for incompleteness,49,210000.0,,,,3,,,,,,240,,,2,2,2,2,,1,1,3,5,1,,102.0,,3,7,3.0,6.0,2,4,6.0,8.0,2,4,4,5,2,4,65-74,9999,Yes,,1,1
2024,99999,MA,13107.0,13107527400.0,Conventional:First Lien,Single Family (1-4 Units):Site-Built,Hispanic or Latino,Asian,Male,Loan approved,50,120000.0,,,,4,,,,,,200,,,2,2,2,2,,1,1,3,5,1,,90.0,,4,5,2.0,6.0,3,3,5.0,9.0,3,3,2,5,3,3,45-54,9999,Yes,,1,1
2024,99999,CT,10438.0,10438010200.0,Conventional:Subordinate Lien,Single Family (1-4 Units):Site-Built,Not Hispanic or Latino,White,Male,File closed for incompleteness,35,28000.0,,,,4,,,,,,240,,,2,2,2,2,,1,1,3,5,1,,96.0,,1111,1111,2.0,5.0,2,4,5.0,8.0,2,4,1,5,2,4,65-74,9999,Yes,,1,1
2024,99999,PA,42621.0,42621020200.0,VA:First Lien,Single Family (1-4 Units):Site-Built,Ethnicity Not Available,Race Not Available,Sex Not Available,Application denied,33,380000.0,,,,4,,,,,,360,,,2,2,2,2,,1,1,3,5,1,,108.0,,3,10,3.0,5.0,2,4,6.0,8.0,2,4,3,5,2,4,65-74,9999,Yes,,1,1
2024,12054,GA,13282.0,13282060129.0,FHA:First Lien,Single Family (1-4 Units):Site-Built,Hispanic or Latino,Black or African American,Male,Loan denied,32,230000.0,,8.5,,2,19092.05,,10597.8,8402.8,,300.0,,,2,2,2,2,260000.0,2,1,3,5,1,,,,9,9,4.0,4.0,3,3,7.0,7.0,3,3,4,4,3,3,8888,8888,,,3,3
2024,22222,NY,11554.0,11554050900.0,Conventional:First Lien,Single Family (1-4 Units):Site-Built,Not Hispanic or Latino,Asian,Male,Loan approved,34,300000.0,,7.5,,2,21092.05,,11597.8,8302.8,,300.0,,,2,2,2,2,325000.0,1,1,3,5,1,,96.0,,1111,1111,2.0,5.0,2,4,5.0,8.0,2,4,1,5,2,4,55-64,9999,Yes,,1,1
2024,99999,CA,42185.0,42185060200.0,VA:First Lien,Single Family (1-4 Units):Site-Built,Hispanic or Latino,White,Male,Loan denied,33,320000.0,,8.75,,2,22292.05,,12297.8,9302.8,,300.0,,,2,2,2,2,330000.0,2,1,3,5,1,,108.0,,3,10,3.0,5.0,2,4,6.0,8.0,2,4,3,5,2,4,65-74,9999,Yes,,1,1
2024,12054,IL,13258.0,13258071029.0,FHA:First Lien,Single Family (1-4 Units):Site-Built,Not Hispanic or Latino,Hispanic or Latino,Male,Loan approved,35,240000.0,0.45,6.25,,2,16092.05,,9002.8,6902.8,,300.0,,,2,2,2,2,280000.0,1,1,3,5,1,,96.0,,1111,1111,2.0,5.0,2,4,5.0,8.0,2,4,1,5,2,4,45-54,9999,Yes,,1,1
2024,22222,MA,11592.0,11592040300.0,Conventional:Subordinate Lien,Single Family (1-4 Units):Site-Built,Not Hispanic or Latino,Black or African American,Male,File closed for incompleteness,32,290000.0,,7.25,,2,19592.05,,10597.8,8102.8,,300.0,,,2,2,2,2,310000.0,2,1,3,5,1,,96.0,,1111,1111,2.0,5.0,2,4,5.0,8.0,2,4,1,5,2,4,55-64,9999,Yes,,1,1
2024,99999,FL,42468.0,42468050100.0,VA:First Lien,Single Family (1-4 Units):Site-Built,Hispanic or Latino,Race Not Available,Sex Not Available,Application denied,33,330000.0,,8.75,,2,25392.05,,12397.8,9302.8,,300.0,,,2,2,2,2,350000.0,1,1,3,5,1,,108.0,,3,10,3.0,5.0,2,4,6.0,8.0,2,4,3,5,2,4,65-74,9999,Yes,,1,1
2024,12054,GA,13384.0,13384060129.0,FHA:First Lien,Single Family (1-4 Units):Site-Built,Not Hispanic or Latino,Asian,Male,Loan approved,34,220000.0,0.5,6.5,,2,19092.05,,10597.8,8102.8,,300.0,,,2,2,2,2,250000.0,2,1,3,5,1,,96.0,,1111,1111,2.0,5.0,2,4,5.0,8.0,2,4,1,5,2,4,45-54,9999,Yes,,1,1
2024,22222,NY,11611.0,11611020900.0,Conventional:First Lien,Single Family (1-4 Units):Site-Built,Hispanic or Latino,Black or African American,Male,Loan denied,35,310000.0,,7.5,,2,22392.05,,12397.8,9302.8,,300.0,,,2,2,2,2,335000.0,2,1,3,5,1,,108.0,,3,10,3.0,5.0,2,4,6.0,8.0,2,4,3,5,2,4,55-64,9999,Yes,,1,1
2024,99999,CA,42212.0,42212000200.0,VA:First Lien,Single Family (1-4 Units):Site-Built,Not Hispanic or Latino,Hispanic or Latino,Sex Not Available,6,34,350000.0,,8.75,,2,28292.05,,15797.8,10102.8,,300.0,,,2,2,2,2,370000.0,2,1,3,5,1,,108.0,,3,10,3.0,5.0,2,4,6.0,8.0,2,4,3,5,2,4,65-74,9999,Yes,,1,1
2024,12054,IL,13356.0,13356021029.0,FHA:First Lien,Single Family (1-4 Units):Site-Built,Ethnicity Not Available,Race Not Available,Male,Loan approved,32,260000.0,0.45,6.25,,2,22092.05,,12097.8,8002.8,,300.0,,,2,2,2,2,290000.0,1,1,3,5,1,,96.0,,1111,1111,2.0,5.0,2,4,5.0,8.0,2,4,1,5,2,4,45-54,9999,Yes,,1,1
2024,22222,MA,11638.0,11638040400.0,Conventional:Subordinate Lien,Single Family (1-4 Units):Site-Built,Not Hispanic or Latino,White,Male,File closed for incompleteness,33,320000.0,,7.25,,2,20092.05,,11097.8,8002.8,,300.0,,,2,2,2,2,340000.0,2,1,3,5,1,,96.0,,1111,1111,2.0,5.0,2,4,5.0,8.0,2,4,1,5,2,4,55-64,9999,Yes,,1,1
2024,99999,FL,42541.0,42541050200.0,VA:First Lien,Single Family (1-4 Units):Site-Built,Hispanic or Latino,Asian,Male,Application denied,34,330000.0,,8.5,,2,25892.05,,14397.8,10302.8,,300.0,,,2,2,2,2,360000.0,1,1,3,5,1,,108.0,,3,10,3.0,5.0,2,4,6.0,8.0,2,4,3,5,2,4,65-74,9999,Yes,,1,1
2024,12054,GA,13496.0,13496040229.0,FHA:First Lien,Single Family (1-4 Units):Site-Built,Not Hispanic or Latino,Black or African American,Male,Loan approved,35,230000.0,0.5,6.5,,2,19092.05,,10597.8,8102.8,,300.0,,,2,2,2,2,260000.0,2,1,3,5,1,,96.0,,1111,1111,2.0,5.0,2,4,5.0,8.0,2,4,1,5,2,4,45-54,9999,Yes,,1,1
2024,22222,NY,11644.0,11644050600.0,Conventional:First Lien,Single Family (1-4 Units):Site-Built,Hispanic or Latino,White,Male,Loan denied,32,290000.0,,7.25,,2,20392.05,,11397.8,8302.8,,300.0,,,2,2,2,2,310000.0,1,1,3,5,1,,96.0,,1111,1111,2.0,5.0,2,4,5.0,8.0,2,4,1,5,2,4,55-64,9999,Yes,,1,1
2024,99999,CA,42238.0,42238020400.0,VA:First Lien,Single Family (1-4 Units):Site-Built,Not Hispanic or Latino,Hispanic or Latino,Male,Loan approved,33,360000.0,,8.75,,2,28292.05,,15797.8,10102.8,,300.0,,,2,2,2,2,380000.0,2,1,3,5,1,,108.0,,3,10,3.0,5.0,2,4,6.0,8.0,2,4,3,5,2,4,65-74,9999,Yes,,1,1
2024,12054,IL,13424.0,13424010829.0,FHA:First Lien,Single Family (1-4 Units):Site-Built,Ethnicity Not Available,Race Not Available,Sex Not Available,6,34,270000.0,0.45,6.25,,2,22092.05,,12097.8,8002.8,,300.0,,,2,2,2,2,290000.0,2,1,3,5,1,,96.0,,1111,1111,2.0,5.0,2,4,5.0,8.0,2,4,1,5,2,4,45-54,9999,Yes,,1,1
2024,22222,MA,11663.0,11663050800.0,Conventional:Subordinate Lien,Single Family (1-4 Units):Site-Built,Not Hispanic or Latino,White,Male,File closed for incompleteness,33,330000.0,,7.25,,2,20592.05,,11597.8,8002.8,,300.0,,,2,2,2,2,360000.0,1,1,3,5,1,,96.0,,1111,1111,2.0,5.0,2,4,5.0,8.0,2,4,1,5,2,4,55-64,9999,Yes,,1,1
2024,99999,FL,42608.0,42608020100.0,VA:First Lien,Single Family (1-4 Units):Site-Built,Hispanic or Latino,Asian,Male,Application denied,34,340000.0,,8.5,,2,26092.05,,14697.8,10202.8,,300.0,,,2,2,2,2,370000.0,2,1,3,5,1,,108.0,,3,10,3.0,5.0,2,4,6.0,8.0,2,4,3,5,2,4,65-74,9999,Yes,,1,1
2024,12054,GA,13548.0,13548060129.0,FHA:First Lien,Single Family (1-4 Units):Site-Built,Not Hispanic or Latino,Black or African American,Male,Loan approved,35,240000.0,0.5,6.5,,2,19092.05,,10597.8,8102.8,,300.0,,,2,2,2,2,260000.0,1,1,3,5,1,,96.0,,1111,1111,2.0,5.0,2,4,5.0,8.0,2,4,1,5,2,4,45-54,9999,Yes,,1,1
2024,22222,NY,11650.0,11650120600.0,Conventional:First Lien,Single Family (1-4 Units):Site-Built,Hispanic or Latino,White,Male,Loan denied,32,270000.0,,7.25,,2,20392.05,,11397.8,8302.8,,300.0,,,2,2,2,2,290000.0,2,1,3,5,1,,96.0,,1111,1111,2.0,5.0,2,4,5.0,8.0,2,4,1,5,2,4,55-64,9999,Yes,,1,1
2024,99999,CA,42258.0,42258030500.0,VA:First Lien,Single Family (1-4 Units):Site-Built,Not Hispanic or Latino,Hispanic or Latino,Sex Not Available,6,34,380000.0,,8.75,,2,28292.05,,15797.8,10102.8,,300.0,,,2,2,2,2,400000.0,1,1,3,5,1,,108.0,,3,10,3.0,5.0,2,4,6.0,8.0,2,4,3,5,2,4,65-74,9999,Yes,,1,1
2024,12054,IL,13484.0,13484070729.0,FHA:First Lien,Single Family (1-4 Units):Site-Built,Ethnicity Not Available,Race Not Available,Male,Loan approved,33,290000.0,0.45,6.25,,2,22392.05,,12397.8,9002.8,,300.0,,,2,2,2,2,310000.0,2,1,3,5,1,,96.0,,1111,1111,2.0,5.0,2,4,5.0,8.0,2,4,1,5,2,4,45-54,9999,Yes,,1,1
2024,22222,MA,11681.0,11681040800.0,Conventional:Subordinate Lien,Single Family (1-4 Units):Site-Built,Not Hispanic or Latino,White,Male,File closed for incompleteness,34,320000.0,,7.25,,2,20592.05,,11597.8,8002.8,,300.0,,,2,2,2,2,340000.0,1,1,3,5,1,,96.0,,1111,1111,2.0,5.0,2,4,5.0,8.0,2,4,1,5,2,4,55-64,9999,Yes,,1,1
2024,99999,FL,42646.0,42646050200.0,VA:First Lien,Single Family (1-4 Units):Site-Built,Hispanic or Latino,Asian,Male,Application denied,35,310000.0,,8.5,,2,25892.05,,14697.8,10202.8,,300.0,,,2,2,2,2,330000.0,2,1,3,5,1,,108.0,,3,10,3.0,5.0,2,4,6.0,8.0,2,4,3,5,2,4,65-74,9999,Yes,,1,1
2024,12054,GA,13602.0,13602060429.0,FHA:First Lien,Single Family (1-4 Units):Site-Built,Not Hispanic or Latino,Black or African American,Male,Loan approved,32,230000.0,0.5,6.5,,2,19092.05,,10597.8,8102.8,,300.0,,,2,2,2,2,250000.0,1,1,3,5,1,,96.0,,1111,1111,2.0,5.0,2,4,5.0,8.0,2,4,1,5,2,4,45-54,9999,Yes,,1,1
2024,22222,NY,11658.0,11658090800.0,Conventional:First Lien,Single Family (1-4 Units):Site-Built,Hispanic or Latino,White,Male,Loan denied,33,290000.0,,7.25,,2,20392.05,,11397.8,8302.8,,300.0,,,2,2,2,2,310000.0,2,1,3,5,1,,96.0,,1111,1111,2.0,5.0,2,4,5.0,8.0,2,4,1,5,2,4,55-64,9999,Yes,,1,1
2024,99999,CA,42278.0,42278010600.0,VA:First Lien,Single Family (1-4 Units):Site-Built,Not Hispanic or Latino,Hispanic or Latino,Male,Loan approved,34,380000.0,,8.75,,2,28292.05,,15797.8,10102.8,,300.0,,,2,2,2,2,400000.0,1,1,3,5,1,,108.0,,3,10,3.0,5.0,2,4,6.0,8.0,2,4,3,5,2,4,65-74,9999,Yes,,1,1
2024,12054,IL,13524.0,13524030929.0,FHA:First Lien,Single Family (1-4 Units):Site-Built,Ethnicity Not Available,Race Not Available,Sex Not Available,6,34,260000.0,0.45,6.25,,2,22392.05,,12397.8,9002.8,,300.0,,,2,2,2,2,280000.0,2,1,3,5,1,,96.0,,1111,1111,2.0,5.0,2,4,5.0,8.0,2,4,1,5,2,4,45-54,9999,Yes,,1,1
2024,22222,MA,11704.0,11704090000.0,Conventional:Subordinate Lien,Single Family (1-4 Units):Site-Built,Not Hispanic or Latino,White,Male,File closed for incompleteness,33,320000.0,,7.25,,2,20592.05,,11597.8,8002.8,,300.0,,,2,2,2,2,340000.0,1,1,3,5,1,,96.0,,1111,1111,2.0,5.0,2,4,5.0,8.0,2,4,1,5,2,4,55-64,9999,Yes,,1,1
2024,99999,FL,42708.0,42708020400.0,VA:First Lien,Single Family (1-4 Units):Site-Built,Hispanic or Latino,Asian,Male,Application denied,35,330000.0,,8.5,,2,26092.05,,14697.8,10202.8,,300.0,,,2,2,2,2,370000.0,2,1,3,5,1,,108.0,,3,10,3.0,5.0,2,4,6.0,8.0,2,4,3,5,2,4,65-74,9999,Yes,,1,1
2024,12054,GA,13638.0,13638060729.0,FHA:First Lien,Single Family (1-4 Units):Site-Built,Not Hispanic or Latino,Black or African American,Male,Loan approved,32,240000.0,0.5,6.5,,2,19092.05,,10597.8,8102.8,,300.0,,,2,2,2,2,260000.0,1,1,3,5,1,,96.0,,1111,1111,2.0,5.0,2,4,5.0,8.0,2,4,1,5,2,4,45-54,9999,Yes,,1,1
2024,22222,NY,11665.0,11665070800.0,Conventional:First Lien,Single Family (1-4 Units):Site-Built,Hispanic or Latino,White,Male,Loan denied,33,260000.0,,7.25,,2,20392.05,,11397.8,8302.8,,300.0,,,2,2,2,2,280000.0,2,1,3,5,1,,96.0,,1111,1111,2.0,5.0,2,4,5.0,8.0,2,4,1,5,2,4,55-64,9999,Yes,,1,1
2024,99999,CA,42300.0,42300040800.0,VA:First Lien,Single Family (1-4 Units):Site-Built,Not Hispanic or Latino,Hispanic or Latino,Male,Loan approved,34,380000.0,,8.75,,2,28292.05,,15797.8,10102.8,,300.0,,,2,2,2,2,400000.0,1,1,3,5,1,,108.0,,3,10,3.0,5.0,2,4,6.0,8.0,2,4,3,5,2,4,65-74,9999,Yes,,1,1
2024,12054,IL,13564.0,13564081029.0,FHA:First Lien,Single Family (1-4 Units):Site-Built,Ethnicity Not Available,Race Not Available,Sex Not Available,6,34,290000.0,0.45,6.25,,2,22392.05,,12397.8,9002.8,,300.0,,,2,2,2,2,310000.0,2,1,3,5,1,,96.0,,1111,1111,2.0,5.0,2,4,5.0,8.0,2,4,1,5,2,4,45-54,9999,Yes,,1,1
2024,22222,MA,11720.0,11720100000.0,Conventional:Subordinate Lien,Single Family (1-4 Units):Site-Built,Not Hispanic or Latino,White,Male,File closed for incompleteness,33,330000.0,,7.25,,2,20592.05,,11597.8,8002.8,,300.0,,,2,2,2,2,360000.0,1,1,3,5,1,,96.0,,1111,1111,2.0,5.0,2,4,5.0,8.0,2,4,1,5,2,4,55-64,9999,Yes,,1,1
2024,99999,FL,42744.0,42744050100.0,VA:First Lien,Single Family (1-4 Units):Site-Built,Hispanic or Latino,Asian,Male,Application denied,35,310000.0,,8.5,,2,25892.05,,14697.8,10202.8,,300.0,,,2,2,2,2,330000.0,2,1,3,5,1,,108.0,,3,10,3.0,5.0,2,4,6.0,8.0,2,4,3,5,2,4,65-74,9999,Yes,,1,1
2024,12054,GA,13680.0,13680070429.0,FHA:First Lien,Single Family (1-4 Units):Site-Built,Not Hispanic or Latino,Black or African American,Male,Loan approved,32,240000.0,0.5,6.5,,2,19092.05,,10597.8,8102.8,,300.0,,,2,2,2,2,260000.0,1,1,3,5,1,,96.0,,1111,1111,2.0,5.0,2,4,5.0,8.0,2,4,1,5,2,4,45-54,9999,Yes,,1,1
2024,99999,FL,17138.0,17138010500.0,Conventional:First Lien,Single Family (1-4 Units):Site-Built,Not Hispanic or Latino,White,Male,File closed for incompleteness,32,25000.0,,,,3,,,,,,240,,,2,2,2,2,,1,1,3,5,1,,96.0,,1111,1111,2.0,5.0,2,4,5.0,8.0,2,4,1,5,2,4,65-74,9999,Yes,,1,1
2024,99999,FL,17138.0,17138010500.0,Conventional:First Lien,Single Family (1-4 Units):Site-Built,Not Hispanic or Latino,White,Male,File closed for incompleteness,32,25000.0,,,,3,,,,,,240,,,2,2,2,2,,1,1,3,5,1,,96.0,,1111,1111,2.0,5.0,2,4,5.0,8.0,2,4,1,5,2,4,65-74,9999,Yes,,1,1
2024,99999,FL,17138.0,17138010500.0,Conventional:First Lien,Single Family (1-4 Units):Site-Built,Not Hispanic or Latino,White,Male,File closed for incompleteness,32,25000.0,,,,3,,,,,,240,,,2,2,2,2,,1,1,3,5,1,,96.0,,1111,1111,2.0,5.0,2,4,5.0,8.0,2,4,1,5,2,4,65-74,9999,Yes,,1,1
2024,99999,FL,17138.0,17138010500.0,Conventional:First Lien,Single Family (1-4 Units):Site-Built,Not Hispanic or Latino,White,Male,File closed for incompleteness,32,25000.0,,,,3,,,,,,240,,,2,2,2,2,,1,1,3,5,1,,96.0,,1111,1111,2.0,5.0,2,4,5.0,8.0,2,4,1,5,2,4,65-74,9999,Yes,,1,1
2024,99999,FL,20146.0,20146010500.0,Conventional:First Lien,Single Family (1-4 Units):Site-Built,Not Hispanic or Latino,White,Male,File closed for incompleteness,32,25000.0,,,,3,,,,,,240,,,2,2,2,2,,1,1,3,5,1,,96.0,,1111,1111,2.0,5.0,2,4,5.0,8.0,2,4,1,5,2,4,65-74,9999,Yes,,1,1
2024,99999,FL,20146.0,20146010500.0,Conventional:First Lien,Single Family (1-4 Units):Site-Built,Not Hispanic or Latino,White,Male,File closed for incompleteness,32,25000.0,,,,3,,,,,,240,,,2,2,2,2,,1,1,3,5,1,,96.0,,1111,1111,2.0,5.0,2,4,5.0,8.0,2,4,1,5,2,4,65-74,9999,Yes,,1,1
2024,99999,FL,20146.0,20146010500.0,Conventional:First Lien,Single Family (1-4 Units):Site-Built,Not Hispanic or Latino,White,Male,File closed for incompleteness,32,25000.0,,,,3,,,,,,240,,,2,2,2,2,,1,1,3,5,1,,96.0,,1111,1111,2.0,5.0,2,4,5.0,8.0,2,4,1,5,2,4,65-74,9999,Yes,,1,1
2024,99999,FL,20146.0,20146010500.0,Conventional:First Lien,Single Family (1-4 Units):Site-Built,Not Hispanic or Latino,White,Male,File closed for incompleteness,32,25000.0,,,,3,,,,,,240,,,2,2,2,2,,1,1,3,5,1,,96.0,,1111,1111,2.0,5.0,2,4,5.0,8.0,2,4,1,5,2,4,65-74,9999,Yes,,1,1
2024,99999,FL,20146.0,20146010500.0,Conventional:First Lien,Single Family (1-4 Units):Site-Built,Not Hispanic or Latino,White,Male,File closed for incompleteness,32,25000.0,,,,3,,,,,,240,,,2,2,2,2,,1,1,3,5,1,,96.0,,1111,1111,2.0,5.0,2,4,5.0,8.0,2,4,1,5,2,4,65-74,9999,Yes,,1,1
2024,99999,FL,20146.0,20146010500.0,Conventional:First Lien,Single Family (1-4 Units):Site-Built,Not Hispanic or Latino,White,Male,File closed for incompleteness,32,25000.0,,,,3,,,,,,240,,,2,2,2,2,,1,1,3,5,1,,96.0,,1111,1111,2.0,5.0,2,4,5.0,8.0,2,4,1,5,2,4,65-74,9999,Yes,,1,1
2024,99999,FL,20146.0,20146010500.0,Conventional:First Lien,Single Family (1-4 Units):Site-Built,Not Hispanic or Latino,White,Male,File closed for incompleteness,32,25000.0,,,,3,,,,,,240,,,2,2,2,2,,1,1,3,5,1,,96.0,,1111,1111,2.0,5.0,2,4,5.0,8.0,2,4,1,5,2,4,65-74,9999,Yes,,1,1
2024,99999,FL,20146.0,20146010500.0,Conventional:First Lien,Single Family (1-4 Units):Site-Built,Not Hispanic or Latino,White,Male,File closed for incompleteness,32,25000.0,,,,3,,,,,,240,,,2,2,2,2,,1,1,3,5,1,,96.0,,1111,1111,2.0,5.0,2,4,5.0,8.0,2,4,1,5,2,4,65-74,9999,Yes,,1,1
2024,99999,FL,20146.0,20146010500.0,Conventional:First Lien,Single Family (1-4 Units):Site-Built,Not Hispanic or Latino,White,Male,File closed for incompleteness,32,25000.0,,,,3,,,,,,240,,,2,2,2,2,,1,1,3,5,1,,96.0,,1111,1111,2.0,5.0,2,4,5.0,8.0,2,4,1,5,2,4,65-74,9999,Yes,,1,1
2024,99999,FL,20146.0,20146010500.0,Conventional:First Lien,Single Family (1-4 Units):Site-Built,Not Hispanic or Latino,White,Male,File closed for incompleteness,32,25000.0,,,,3,,,,,,240,,,2,2,2,2,,1,1,3,5,1,,96.0,,1111,1111,2.0,5.0,2,4,5.0,8.0,2,4,1,5,2,4,65-74,9999,Yes,,1,1
2024,99999,FL,20146.0,20146010500.0,Conventional:First Lien,Single Family (1-4 Units):Site-Built,Not Hispanic or Latino,White,Male,File closed for incompleteness,32,25000.0,,,,3,,,,,,240,,,2,2,2,2,,1,1,3,5,1,,96.0,,1111,1111,2.0,5.0,2,4,5.0,8.0,2,4,1,5,2,4,65-74,9999,Yes,,1,1
2024,99999,FL,20146.0,20146010500.0,Conventional:First Lien,Single Family (1-4 Units):Site-Built,Not Hispanic or Latino,White,Male,File closed for incompleteness,32,25000.0,,,,3,,,,,,240,,,2,2,2,2,,1,1,3,5,1,,96.0,,1111,1111,2.0,5.0,2,4,5.0,8.0,2,4,1,5,2,4,65-74,9999,Yes,,1,1
2024,99999,FL,20146.0,20146010500.0,Conventional:First Lien,Single Family (1-4 Units):Site-Built,Not Hispanic or Latino,White,Male,File closed for incompleteness,32,25000.0,,,,3,,,,,,240,,,2,2,2,2,,1,1,3,5,1,,96.0,,1111,1111,2.0,5.0,2,4,5.0,8.0,2,4,1,5,2,4,65-74,9999,Yes,,1,1
2024,99999,FL,20146.0,20146010500.0,Conventional:First Lien,Single Family (1-4 Units):Site-Built,Not Hispanic or Latino,White,Male,File closed for incompleteness,32,25000.0,,,,3,,,,,,240,,,2,2,2,2,,1,1,3,5,1,,96.0,,1111,1111,2.0,5.0,2,4,5.0,8.0,2,4,1,5,2,4,65-74,9999,Yes,,1,1
2024,99999,FL,20146.0,20146010500.0,Conventional:First Lien,Single Family (1-4 Units):Site-Built,Not Hispanic or Latino,White,Male,File closed for incompleteness,32,25000.0,,,,3,,,,,,240,,,2,2,2,2,,1,1,3,5,1,,96.0,,1111,1111,2.0,5.0,2,4,5.0,8.0,2,4,1,5,2,4,65-74,9999,Yes,,1,1
2024,99999,FL,20146.0,20146010500.0,Conventional:First Lien,Single Family (1-4 Units):Site-Built,Not Hispanic or Latino,White,Male,File closed for incompleteness,32,25000.0,,,,3,,,,,,240,,,2,2,2,2,,1,1,3,5,1,,96.0,,1111,1111,2.0,5.0,2,4,5.0,8.0,2,4,1,5,2,4,65-74,9999,Yes,,1,1
2024,99999,FL,20146.0,20146010500.0,Conventional:First Lien,Single Family (1-4 Units):Site-Built,Not Hispanic or Latino,White,Male,File closed for incompleteness,32,25000.0,,,,3,,,,,,240,,,2,2,2,2,,1,1,3,5,1,,96.0,,1111,1111,2.0,5.0,2,4,5.0,8.0,2,4,1,5,2,4,65-74,9999,Yes,,1,1
2024,99999,FL,20146.0,20146010500.0,Conventional:First Lien,Single Family (1-4 Units):Site-Built,Not Hispanic or Latino,White,Male,File closed for incompleteness,32,25000.0,,,,3,,,,,,240,,,2,2,2,2,,1,1,3,5,1,,96.0,,1111,1111,2.0,5.0,2,4,5.0,8.0,2,4,1,5,2,4,65-74,9999,Yes,,1,1
2024,99999,FL,20146.0,20146010500.0,Conventional:First Lien,Single Family (1-4 Units):Site-Built,Not Hispanic or Latino,White,Male,File closed for incompleteness,32,25000.0,,,,3,,,,,,240,,,2,2,2,2,,1,1,3,5,1,,96.0,,1111,1111,2.0,5.0,2,4,5.0,8.0,2,4,1,5,2,4,65-74,9999,Yes,,1,1
2024,99999,FL,20146.0,20146010500.0,Conventional:First Lien,Single Family (1-4 Units):Site-Built,Not Hispanic or Latino,White,Male,File closed for incompleteness,32,25000.0,,,,3,,,,,,240,,,2,2,2,2,,1,1,3,5,1,,96.0,,1111,1111,2.0,5.0,2,4,5.0,8.0,2,4,1,5,2,4,65-74,9999,Yes,,1,1
2024,99999,FL,20146.0,20146010500.0,Conventional:First Lien,Single Family (1-4 Units):Site-Built,Not Hispanic or Latino,White,Male,File closed for incompleteness,32,25000.0,,,,3,,,,,,240,,,2,2,2,2,,1,1,3,5,1,,96.0,,1111,1111,2.0,5.0,2,4,5.0,8.0,2,4,1,5,2,4,65-74,9999,Yes,,1,1
2024,99999,FL,20146.0,20146010500.0,Conventional:First Lien,Single Family (1-4 Units):Site-Built,Not Hispanic or Latino,White,Male,File closed for incompleteness,32,25000.0,,,,3,,,,,,240,,,2,2,2,2,,1,1,3,5,1,,96.0,,1111,1111,2.0,5.0,2,4,5.0,8.0,2,4,1,5,2,4,65-74,9999,Yes,,1,1
2024,99999,FL,20146.0,20146010500.0,Conventional:First Lien,Single Family (1-4 Units):Site-Built,Not Hispanic or Latino,White,Male,File closed for incompleteness,32,25000.0,,,,3,,,,,,240,,,2,2,2,2,,1,1,3,5,1,,96.0,,1111,1111,2.0,5.0,2,4,5.0,8.0,2,4,1,5,2,4,65-74,9999,Yes,,1,1
"2024","New York-Newark-Jersey City, NY-NJ-PA","NY","349","10501001700.0","Conventional:First Lien","Single Family (1-4 Units):Site-Built","Not Hispanic or Latino","White","Male","File closed for incompleteness","32","412500.0","0.75","5.5","0","298500","0","0","0","0","360","0","3","5","1","96.0","0","0","2","4","2","4","5","1","65-74","9999","Yes","1","1"
"2024","Los Angeles-Long Beach-Anaheim, CA","CA","565","10123041401.0","FHA:First Lien","Single Family (1-4 Units):Site-Built","Hispanic or Latino","White","Female","Loan funded","32","197500.0","0.75","4.875","0","234500","0","0","0","0","324","0","2","2","2","108.0","0","0","2","4","2","4","3","1","45-54","9999","Yes","1","1"
"2024","Dallas-Fort Worth-Arlington, TX","TX","421","13317041901.0","VA:First Lien","Single Family (1-4 Units):Site-Built","Not Hispanic or Latino","Black or African American","Male","File closed for incompleteness","32","295000.0","0.75","5.5","0","260000","0","0","0","0","360","0","3","5","1","96.0","0","0","2","4","2","4","5","1","65-74","9999","Yes","1","1"
"2024","Chicago-Naperville-Elgin, IL-IN-WI","IL","745","10101011300.0","Conventional:First Lien","Single Family (1-4 Units):Site-Built","Hispanic or Latino","Asian","Male","Loan funded","32","425000.0","0.75","5.5","0","338500","0","0","0","0","432","0","3","5","1","96.0","0","0","2","4","2","4","3","1","45-54","9999","Yes","1","1"
"2024","Washington-Baltimore-Arlington, DC-MD-VA","DC","307","10501011500.0","FHA:First Lien","Single Family (1-4 Units):Site-Built","Not Hispanic or Latino","White","Female","File closed for incompleteness","32","175000.0","0.75","4.875","0","155000","0","0","0","0","312","0","2","2","2","108.0","0","0","2","4","2","4","3","1","45-54","9999","Yes","1","1"
"2024","Houston-The Woodlands-Sugar Land, TX","TX","071","13317051701.0","Conventional:Subordinate Lien","Single Family (1-4 Units):Site-Built","Hispanic or Latino","Black or African American","Male","File closed for incompleteness","32","205000.0","0.75","5.5","0","215000","0","0","0","0","360","0","3","5","1","96.0","0","0","2","4","2","4","5","1","65-74","9999","Yes","1","1"
"2024","Philadelphia-Camden-Wilmington, PA-NJ-DE-MD","PA","061","42127081100.0","VA:First Lien","Single Family (1-4 Units):Site-Built","Not Hispanic or Latino","White","Female","Loan funded","32","295000.0","0.75","5.5","0","260000","0","0","0","0","432","0","3","5","1","96.0","0","0","2","4","2","4","3","1","45-54","9999","Yes","1","1"
"2024","Atlanta-Sandy Springs-Alpharetta, GA","GA","043","10501011200.0","Conventional:First Lien","Single Family (1-4 Units):Site-Built","Hispanic or Latino","Asian","Male","File closed for incompleteness","32","395000.0","0.75","5.5","0","320000","0","0","0","0","360","0","3","5","1","96.0","0","0","2","4","2","4","5","1","65-74","9999","Yes","1","1"
"2024","San Francisco-Oakland-Hayward, CA","CA","521","10123041401.0","FHA:First Lien","Single Family (1-4 Units):Site-Built","Not Hispanic or Latino","White","Female","File closed for incompleteness","32","245000.0","0.75","4.875","0","235000","0","0","0","0","324","0","2","2","2","108.0","0","0","2","4","2","4","3","1","45-54","9999","Yes","1","1"
"2024","Miami-Fort Lauderdale-West Palm Beach, FL","FL","031","10501011300.0","Conventional:First Lien","Single Family (1-4 Units):Site-Built","Hispanic or Latino","Black or African American","Male","Loan funded","32","295000.0","0.75","5.5","0","260000","0","0","0","0","432","0","3","5","1","96.0","0","0","2","4","2","4","5","1","65-74","9999","Yes","1","1"
"2024","Boston-Cambridge-Nashua, MA-NH","MA","359","10101011500.0","FHA:Subordinate Lien","Single Family (1-4 Units):Site-Built","Not Hispanic or Latino","White","Female","File closed for incompleteness","32","225000.0","0.75","4.875","0","215000","0","0","0","0","324","0","2","2","2","108.0","0","0","2","4","2","4","3","1","45-54","9999","Yes","1","1"
"2024","Denver-Aurora-Lakewood, CO","CO","079","13317051701.0","VA:First Lien","Single Family (1-4 Units):Site-Built","Hispanic or Latino","Asian","Male","File closed for incompleteness","32","395000.0","0.75","5.5","0","320000","0","0","0","0","360","0","3","5","1","96.0","0","0","2","4","2","4","5","1","65-74","9999","Yes","1","1"
"2024","Riverside-San Bernardino-Ontario, CA","CA","059","10123041401.0","Conventional:Subordinate Lien","Single Family (1-4 Units):Site-Built","Not Hispanic or Latino","White","Female","Loan funded","32","245000.0","0.75","4.875","0","235000","0","0","0","0","324","0","2","2","2","108.0","0","0","2","4","2","4","3","1","45-54","9999","Yes","1","1"
"2024","Seattle-Tacoma-Bellevue, WA","WA","243","10501011300.0","FHA:First Lien","Single Family (1-4 Units):Site-Built","Hispanic or Latino","Black or African American","Male","File closed for incompleteness","32","295000.0","0.75","5.5","0","260000","0","0","0","0","432","0","3","5","1","96.0","0","0","2","4","2","4","5","1","65-74","9999","Yes","1","1"
"2024","Minneapolis-St. Paul-Bloomington, MN-WI","MN","563","10101011500.0","VA:First Lien","Single Family (1-4 Units):Site-Built","Not Hispanic or Latino","White","Female","Loan funded","32","395000.0","0.75","5.5","0","320000","0","0","0","0","360","0","3","5","1","96.0","0","0","2","4","2","4","3","1","45-54","9999","Yes","1","1"
"2024","St. Louis, MO-IL","IL","113","13317041901.0","FHA:Subordinate Lien","Single Family (1-4 Units):Site-Built","Hispanic or Latino","Asian","Male","File closed for incompleteness","32","425000.0","0.75","4.875","0","385000","0","0","0","0","432","0","3","5","1","96.0","0","0","2","4","2","4","5","1","65-74","9999","Yes","1","1"
"2024","Cincinnati, OH-KY-IN","OH","023","10501011200.0","Conventional:Subordinate Lien","Single Family (1-4 Units):Site-Built","Not Hispanic or Latino","White","Female","Loan funded","32","295000.0","0.75","5.5","0","260000","0","0","0","0","360","0","3","5","1","96.0","0","0","2","4","2","4","3","1","45-54","9999","Yes","1","1"
"2024","San Jose-Sunnyvale-Santa Clara, CA","CA","529","10123041401.0","VA:First Lien","Single Family (1-4 Units):Site-Built","Hispanic or Latino","Black or African American","Male","File closed for incompleteness","32","395000.0","0.75","5.5","0","320000","0","0","0","0","432","0","3","5","1","96.0","0","0","2","4","2","4","5","1","65-74","9999","Yes","1","1"
"2024","Kansas City, MO-KS","MO","133","10501011300.0","FHA:Subordinate Lien","Single Family (1-4 Units):Site-Built","Not Hispanic or Latino","Asian","Male","File closed for incompleteness","32","245000.0","0.75","4.875","0","235000","0","0","0","0","324","0","2","2","2","108.0","0","0","2","4","2","4","3","1","45-54","9999","Yes","1","1"
"2024","Oakland-Hayward-Berkeley, CA","CA","521","10101011500.0","Conventional:Subordinate Lien","Single Family (1-4 Units):Site-Built","Hispanic or Latino","White","Female","Loan funded","32","295000.0","0.75","5.5","0","260000","0","0","0","0","432","0","3","5","1","96.0","0","0","2","4","2","4","3","1","45-54","9999","Yes","1","1"
"2024","Austin-Round Rock, TX","TX","031","13317051701.0","FHA:First Lien","Single Family (1-4 Units):Site-Built","Not Hispanic or Latino","White","Male","File closed for incompleteness","32","395000.0","0.75","5.5","0","320000","0","0","0","0","360","0","3","5","1","96.0","0","0","2","4","2","4","5","1","65-74","9999","Yes","1","1"
"2024","Portland-Vancouver-Hillsboro, OR-WA","OR","411","10501011200.0","VA:Subordinate Lien","Single Family (1-4 Units):Site-Built","Hispanic or Latino","Asian","Male","File closed for incompleteness","32","295000.0","0.75","5.5","0","260000","0","0","0","0","432","0","3","5","1","96.0","0","0","2","4","2","4","5","1","65-74","9999","Yes","1","1"
"2024","Milwaukee-Waukesha-West Allis, WI","WI","111","10101011500.0","Conventional:First Lien","Single Family (1-4 Units):Site-Built","Not Hispanic or Latino","Black or African American","Male","Loan funded","32","245000.0","0.75","4.875","0","235000","0","0","0","0","324","0","2","2","2","108.0","0","0","2","4","2","4","3","1","45-54","9999","Yes","1","1"
"2024","Baltimore-Columbia-Towson, MD","MD","023","42127081100.0","FHA:Subordinate Lien","Single Family (1-4 Units):Site-Built","Hispanic or Latino","White","Female","File closed for incompleteness","32","175000.0","0.75","4.875","0","155000","0","0","0","0","312","0","2","2","2","108.0","0","0","2","4","2","4","3","1","45-54","9999","Yes","1","1"
"2024","Raleigh-Durham-Chapel Hill, NC","NC","415","10501011300.0","VA:First Lien","Single Family (1-4 Units):Site-Built","Not Hispanic or Latino","Asian","Male","File closed for incompleteness","32","295000.0","0.75","5.5","0","260000","0","0","0","0","360","0","3","5","1","96.0","0","0","2","4","2","4","5","1","65-74","9999","Yes","1","1"
"2024","Pittsburgh, PA","PA","061","13317041901.0","Conventional:Subordinate Lien","Single Family (1-4 Units):Site-Built","Hispanic or Latino","Black or African American","Male","File closed for incompleteness","32","245000.0","0.75","4.875","0","235000","0","0","0","0","324","0","2","2","2","108.0","0","0","2","4","2","4","3","1","45-54","9999","Yes","1","1"
"2024","Indianapolis-Carmel-Anderson, IN","IN","071","10501011500.0","VA:First Lien","Single Family (1-4 Units):Site-Built","Not Hispanic or Latino","White","Female","Loan funded","32","295000.0","0.75","5.5","0","260000","0","0","0","0","432","0","3","5","1","96.0","0","0","2","4","2","4","3","1","45-54","9999","Yes","1","1"
"2024","Virginia Beach-Norfolk-Newport News, VA-NC","VA","307","42127081100.0","FHA:Subordinate Lien","Single Family (1-4 Units):Site-Built","Hispanic or Latino","Asian","Male","File closed for incompleteness","32","395000.0","0.75","4.875","0","320000","0","0","0","0","432","0","3","5","1","96.0","0","0","2","4","2","4","5","1","65-74","9999","Yes","1","1"
"2024","Las Vegas-Henderson-Paradise, NV","NV","059","10123041401.0","Conventional:First Lien","Single Family (1-4 Units):Site-Built","Not Hispanic or Latino","White","Female","Loan funded","32","245000.0","0.75","4.875","0","235000","0","0","0","0","324","0","2","2","2","108.0","0","0","2","4","2","4","3","1","45-54","9999","Yes","1","1"
"2024","Columbus, OH","OH","031","13317051701.0","FHA:Subordinate Lien","Single Family (1-4 Units):Site-Built","Hispanic or Latino","Black or African American","Male","File closed for incompleteness","32","395000.0","0.75","5.5","0","320000","0","0","0","0","360","0","3","5","1","96.0","0","0","2","4","2","4","5","1","65-74","9999","Yes","1","1"
"2024","Charlotte-Concord-Gastonia, NC-SC","NC","415","10501011200.0","VA:First Lien","Single Family (1-4 Units):Site-Built","Not Hispanic or Latino","Asian","Male","File closed for incompleteness","32","295000.0","0.75","5.5","0","260000","0","0","0","0","432","0","3","5","1","96.0","0","0","2","4","2","4","3","1","45-54","9999","Yes","1","1"
"2024","Phoenix-Mesa-Scottsdale, AZ","AZ","079","10123041401.0","FHA:Subordinate Lien","Single Family (1-4 Units):Site-Built","Hispanic or Latino","White","Female","File closed for incompleteness","32","245000.0","0.75","4.875","0","235000","0","0","0","0","324","0","2","2","2","108.0","0","0","2","4","2","4","3","1","45-54","9999","Yes","1","1"
"2024","San Diego-Chula Vista-Carlsbad, CA","CA","529","13317041901.0","Conventional:Subordinate Lien","Single Family (1-4 Units):Site-Built","Not Hispanic or Latino","Black or African American","Male","File closed for incompleteness","32","295000.0","0.75","5.5","0","260000","0","0","0","0","360","0","3","5","1","96.0","0","0","2","4","2","4","5","1","65-74","9999","Yes","1","1"
"2024","Nashville-Davidson--Murfreesboro--Franklin, TN","TN","111","10501011500.0","VA:First Lien","Single Family (1-4 Units):Site-Built","Hispanic or Latino","Asian","Male","Loan funded","32","395000.0","0.75","5.5","0","320000","0","0","0","0","432","0","3","5","1","96.0","0","0","2","4","2","4","5","1","65-74","9999","Yes","1","1"
"2024","Oklahoma City, OK","OK","091","13317051701.0","Conventional:Subordinate Lien","Single Family (1-4 Units):Site-Built","Not Hispanic or Latino","White","Female","File closed for incompleteness","32","295000.0","0.75","4.875","0","260000","0","0","0","0","432","0","3","5","1","96.0","0","0","2","4","2","4","3","1","45-54","9999","Yes","1","1"
"2024","Memphis, TN-MS-AR","TN","307","10501011200.0","FHA:Subordinate Lien","Single Family (1-4 Units):Site-Built","Hispanic or Latino","Black or African American","Male","File closed for incompleteness","32","395000.0","0.75","5.5","0","320000","0","0","0","0","360","0","3","5","1","96.0","0","0","2","4","2","4","5","1","65-74","9999","Yes","1","1"
"2024","Kansas City, MO-KS","MO","133","42127081100.0","Conventional:Subordinate Lien","Single Family (1-4 Units):Site-Built","Not Hispanic or Latino","White","Female","File closed for incompleteness","32","245000.0","0.75","4.875","0","235000","0","0","0","0","324","0","2","2","2","108.0","0","0","2","4","2","4","3","1","45-54","9999","Yes","1","1"
"2024","Providence-Warwick, RI-MA","RI","235","10101011300.0","FHA:First Lien","Single Family (1-4 Units):Site-Built","Hispanic or Latino","Asian","Male","File closed for incompleteness","32","395000.0","0.75","5.5","0","320000","0","0","0","0","432","0","3","5","1","96.0","0","0","2","4","2","4","5","1","65-74","9999","Yes","1","1"
"2024","Portland-Vancouver-Hillsboro, OR-WA","OR","411","13317041901.0","Conventional:Subordinate Lien","Single Family (1-4 Units):Site-Built","Not Hispanic or Latino","Black or African American","Male","File closed for incompleteness","32","295000.0","0.75","4.875","0","260000","0","0","0","0","360","0","3","5","1","96.0","0","0","2","4","2","4","5","1","65-74","9999","Yes","1","1"
"2024","St. Paul, MN","MN","563","10501011500.0","FHA:Subordinate Lien","Single Family (1-4 Units):Site-Built","Hispanic or Latino","White","Female","File closed for incompleteness","32","245000.0","0.75","4.875","0","235000","0","0","0","0","324","0","2","2","2","108.0","0","0","2","4","2","4","3","1","45-54","9999","Yes","1","1"
"2024","Raleigh-Durham-Chapel Hill, NC","NC","415","10123041401.0","Conventional:Subordinate Lien","Single Family (1-4 Units):Site-Built","Not Hispanic or Latino","Asian","Male","File closed for incompleteness","32","395000.0","0.75","5.5","0","320000","0","0","0","0","432","0","3","5","1","96.0","0","0","2","4","2","4","5","1","65-74","9999","Yes","1","1"
"2024","Cleveland-Elyria, OH","OH","031","13317051701.0","FHA:Subordinate Lien","Single Family (1-4 Units):Site-Built","Hispanic or Latino","Black or African American","Male","File closed for incompleteness","32","295000.0","0.75","5.5","0","260000","0","0","0","0","360","0","3","5","1","96.0","0","0","2","4","2","4","5","1","65-74","9999","Yes","1","1"
"2024","Orlando-Kissimmee-Sanford, FL","FL","111","10501011300.0","VA:First Lien","Single Family (1-4 Units):Site-Built","Not Hispanic or Latino","White","Female","Loan funded","32","295000.0","0.75","5.5","0","260000","0","0","0","0","432","0","3","5","1","96.0","0","0","2","4","2","4","3","1","45-54","9999","Yes","1","1"
"2024","Cincinnati, OH-KY-IN","OH","023","42127081100.0","Conventional:Subordinate Lien","Single Family (1-4 Units):Site-Built","Hispanic or Latino","Asian","Male","File closed for incompleteness","32","395000.0","0.75","4.875","0","320000","0","0","0","0","432","0","3","5","1","96.0","0","0","2","4","2","4","5","1","65-74","9999","Yes","1","1"
"2024","Austin-Round Rock, TX","TX","031","10123041401.0","FHA:Subordinate Lien","Single Family (1-4 Units):Site-Built","Not Hispanic or Latino","White","Female","File closed for incompleteness","32","245000.0","0.75","4.875","0","235000","0","0","0","0","324","0","2","2","2","108.0","0","0","2","4","2","4","3","1","45-54","9999","Yes","1","1"
"2024","Tampa-St. Petersburg-Clearwater, FL","FL","245","13317041901.0","Conventional:Subordinate Lien","Single Family (1-4 Units):Site-Built","Hispanic or Latino","Black or African American","Male","File closed for incompleteness","32","395000.0","0.75","5.5","0","320000","0","0","0","0","360","0","3","5","1","96.0","0","0","2","4","2","4","5","1","65-74","9999","Yes","1","1"
"2024","Boulder, CO","CO","079","10501011200.0","FHA:Subordinate Lien","Single Family (1-4 Units):Site-Built","Not Hispanic or Latino","White","Female","File closed for incompleteness","32","295000.0","0.75","5.5","0","260000","0","0","0","0","432","0","3","5","1","96.0","0","0","2","4","2","4","3","1","45-54","9999","Yes","1","1"
"2024","Boise City, ID","ID","091","42127081100.0","Conventional:Subordinate Lien","Single Family (1-4 Units):Site-Built","Hispanic or Latino","Asian","Male","File closed for incompleteness","32","395000.0","0.75","4.875","0","320000","0","0","0","0","432","0","3","5","1","96.0","0","0","2","4","2","4","5","1","65-74","9999","Yes","1","1"
"2024","Wichita, KS","KS","111","13317051701.0","FHA:Subordinate Lien","Single Family (1-4 Units):Site-Built","Not Hispanic or Latino","White","Female","File closed for incompleteness","32","245000.0","0.75","4.875","0","235000","0","0","0","0","324","0","2","2","2","108.0","0","0","2","4","2","4","3","1","45-54","9999","Yes","1","1"
2024,99999,ME,92357.0,92357024500.0,Conventional:First Lien,Single Family (1-4 Units):Site-Built,Asian,White,Male,File closed for incompleteness,21,50000.0,0.95,4.875,1,0,0,0,0,0,0,0,0.25,2,1,1,1,1,1,1,1,0,0,0,0,65-74,9999,Yes,,1,1
2024,12054,CA,43121.0,43121010300.0,FHA:First Lien,Single Family (1-4 Units):Site-Built,Hispanic or Latino,White,Female,Application denied,22,400000.0,0.9,5.0,2,0,0,0,0,0,0,0,0.5,3,2,2,2,2,2,2,2,0,0,0,0,35-44,9999,Yes,,1,1
2024,99999,FL,20111.0,20111080800.0,VA:First Lien,Single Family (1-4 Units):Site-Built,Black or African American,Asian,Male,6,22,300000.0,0.975,4.5,1,0,0,0,0,0,0,0,0.25,2,1,1,1,1,1,1,1,0,0,0,0,55-64,9999,Yes,,1,1
2024,12054,OH,11122.0,11122090800.0,Conventional:First Lien,Single Family (1-4 Units):Site-Built,Other Ethnicity,Other Race,Sex Not Available,7,23,525000.0,0.925,5.0,2,0,0,0,0,0,0,0,0.5,3,2,2,2,2,2,2,2,0,0,0,0,45-54,9999,Yes,,1,1
2024,99999,UT,10111.0,10111011100.0,FHA:First Lien,Single Family (1-4 Units):Site-Built,Hispanic or Latino,White,Male,8,24,700000.0,0.95,4.5,1,0,0,0,0,0,0,0,0.25,2,1,1,1,1,1,1,1,0,0,0,0,65-74,9999,Yes,,1,1
2024,12054,TX,14121.0,14121091800.0,VA:First Lien,Single Family (1-4 Units):Site-Built,Black or African American,Asian,Female,9,25,375000.0,0.92,4.875,2,0,0,0,0,0,0,0,0.5,3,2,2,2,2,2,2,2,0,0,0,0,35-44,9999,Yes,,1,1
2024,99999,MN,51111.0,51111010800.0,Conventional:Subordinate Lien,Single Family (1-4 Units):Site-Built,Other Ethnicity,Other Race,Sex Not Available,10,26,550000.0,0.93,5.0,1,0,0,0,0,0,0,0,0.25,2,1,1,1,1,1,1,1,0,0,0,0,45-54,9999,Yes,,1,1
2024,12054,GA,19121.0,19121011000.0,FHA:First Lien,Single Family (1-4 Units):Site-Built,Asian,White,Male,6,27,250000.0,0.97,4.5,2,0,0,0,0,0,0,0,0.25,3,2,2,2,2,2,2,2,0,0,0,0,55-64,9999,Yes,,1,1
2024,99999,IL,34121.0,34121090100.0,Conventional:First Lien,Single Family (1-4 Units):Site-Built,Hispanic or Latino,White,Female,7,28,600000.0,0.9,5.0,2,0,0,0,0,0,0,0,0.5,3,2,2,2,2,2,2,2,0,0,0,0,35-44,9999,Yes,,1,1
2024,12054,CO,45111.0,45111060600.0,FHA:First Lien,Single Family (1-4 Units):Site-Built,Other Ethnicity,Other Race,Sex Not Available,9,29,475000.0,0.92,4.875,1,0,0,0,0,0,0,0,0.25,2,1,1,1,1,1,1,1,0,0,0,0,45-54,9999,Yes,,1,1
2024,99999,NC,23121.0,23121011300.0,VA:First Lien,Single Family (1-4 Units):Site-Built,Black or African American,Asian,Male,6,30,675000.0,0.93,5.0,2,0,0,0,0,0,0,0,0.25,3,2,2,2,2,2,2,2,0,0,0,0,65-74,9999,Yes,,1,1
2024,12054,FL,38121.0,38121090800.0,Conventional:First Lien,Single Family (1-4 Units):Site-Built,Hispanic or Latino,White,Female,11,31,425000.0,0.92,4.5,2,0,0,0,0,0,0,0,0.5,3,2,2,2,2,2,2,2,0,0,0,0,45-54,9999,Yes,,1,1
2024,99999,WI,51111.0,51111010500.0,FHA:First Lien,Single Family (1-4 Units):Site-Built,Other Ethnicity,Other Race,Sex Not Available,12,32,325000.0,0.97,5.0,1,0,0,0,0,0,0,0,0.25,2,1,1,1,1,1,1,1,0,0,0,0,35-44,9999,Yes,,1,1
2024,12054,TN,32121.0,32121011400.0,FHA:Subordinate Lien,Single Family (1-4 Units):Site-Built,Asian,White,Male,7,33,400000.0,0.91,4.875,2,0,0,0,0,0,0,0,0.5,3,2,2,2,2,2,2,2,0,0,0,0,55-64,9999,Yes,,1,1
2024,99999,SC,28121.0,28121010200.0,VA:First Lien,Single Family (1-4 Units):Site-Built,Black or African American,Asian,Female,8,34,550000.0,0.93,5.0,1,0,0,0,0,0,0,0,0.25,2,1,1,1,1,1,1,1,0,0,0,0,45-54,9999,Yes,,1,1
2024,12054,OH,59121.0,59121010800.0,FHA:First Lien,Single Family (1-4 Units):Site-Built,Hispanic or Latino,White,Male,10,35,625000.0,0.9,4.5,2,0,0,0,0,0,0,0,0.5,3,2,2,2,2,2,2,2,0,0,0,0,65-74,9999,Yes,,1,1
2024,99999,GA,10121.0,10121011300.0,FHA:Subordinate Lien,Single Family (1-4 Units):Site-Built,Other Ethnicity,Other Race,Sex Not Available,6,36,425000.0,0.95,5.0,1,0,0,0,0,0,0,0,0.25,2,1,1,1,1,1,1,1,0,0,0,0,45-54,9999,Yes,,1,1
2024,12054,MI,19121.0,19121010000.0,Conventional:First Lien,Single Family (1-4 Units):Site-Built,Asian,White,Male,11,37,625000.0,0.92,4.875,2,0,0,0,0,0,0,0,0.5,3,2,2,2,2,2,2,2,0,0,0,0,55-64,9999,Yes,,1,1
2024,99999,PA,38121.0,38121090500.0,FHA:First Lien,Single Family (1-4 Units):Site-Built,Black or African American,Asian,Female,12,38,450000.0,0.9,5.0,1,0,0,0,0,0,0,0,0.25,2,1,1,1,1,1,1,1,0,0,0,0,45-54,9999,Yes,,1,1
2024,12054,IN,41111.0,41111090900.0,Conventional:Subordinate Lien,Single Family (1-4 Units):Site-Built,Hispanic or Latino,White,Male,9,39,525000.0,0.93,4.5,2,0,0,0,0,0,0,0,0.5,3,2,2,2,2,2,2,2,0,0,0,0,65-74,9999,Yes,,1,1
2024,99999,IA,53121.0,53121091100.0,FHA:First Lien,Single Family (1-4 Units):Site-Built,Other Ethnicity,Other Race,Sex Not Available,10,40,600000.0,0.92,5.0,1,0,0,0,0,0,0,0,0.25,2,1,1,1,1,1,1,1,0,0,0,0,55-64,9999,Yes,,1,1
2024,12054,CT,74121.0,74121010600.0,Conventional:First Lien,Single Family (1-4 Units):Site-Built,Asian,White,Male,11,41,675000.0,0.93,4.875,2,0,0,0,0,0,0,0,0.5,3,2,2,2,2,2,2,2,0,0,0,0,45-54,9999,Yes,,1,1
2024,99999,VT,28121.0,28121010100.0,FHA:Subordinate Lien,Single Family (1-4 Units):Site-Built,Black or African American,Asian,Female,13,42,475000.0,0.91,5.0,1,0,0,0,0,0,0,0,0.25,2,1,1,1,1,1,1,1,0,0,0,0,35-44,9999,Yes,,1,1
2024,12054,NM,13121.0,13121010100.0,VA:First Lien,Single Family (1-4 Units):Site-Built,Hispanic or Latino,White,Male,8,43,625000.0,0.93,4.5,2,0,0,0,0,0,0,0,0.5,3,2,2,2,2,2,2,2,0,0,0,0,65-74,9999,Yes,,1,1
2024,99999,ND,45111.0,45111020200.0,Conventional:Subordinate Lien,Single Family (1-4 Units):Site-Built,Other Ethnicity,Other Race,Sex Not Available,14,44,525000.0,0.92,5.0,1,0,0,0,0,0,0,0,0.25,2,1,1,1,1,1,1,1,0,0,0,0,55-64,9999,Yes,,1,1
2024,12054,RI,12121.0,12121010200.0,FHA:First Lien,Single Family (1-4 Units):Site-Built,Asian,White,Male,10,45,600000.0,0.93,4.875,2,0,0,0,0,0,0,0,0.5,3,2,2,2,2,2,2,2,0,0,0,0,35-44,9999,Yes,,1,1
2024,99999,DE,28121.0,28121010300.0,FHA:Subordinate Lien,Single Family (1-4 Units):Site-Built,Black or African American,Asian,Female,12,46,475000.0,0.9,5.0,1,0,0,0,0,0,0,0,0.25,2,1,1,1,1,1,1,1,0,0,0,0,65-74,9999,Yes,,1,1
2024,12054,AK,99121.0,99121010400.0,Conventional:First Lien,Single Family (1-4 Units):Site-Built,Hispanic or Latino,White,Male,13,47,625000.0,0.92,4.5,2,0,0,0,0,0,0,0,0.5,3,2,2,2,2,2,2,2,0,0,0,0,45-54,9999,Yes,,1,1
2024,99999,HI,12121.0,12121010400.0,VA:First Lien,Single Family (1-4 Units):Site-Built,Other Ethnicity,Other Race,Sex Not Available,9,48,600000.0,0.93,5.0,1,0,0,0,0,0,0,0,0.25,2,1,1,1,1,1,1,1,0,0,0,0,55-64,9999,Yes,,1,1
2024,12054,PR,45111.0,45111020300.0,FHA:Subordinate Lien,Single Family (1-4 Units):Site-Built,Asian,White,Male,11,49,525000.0,0.9,4.875,2,0,0,0,0,0,0,0,0.5,3,2,2,2,2,2,2,2,0,0,0,0,35-44,9999,Yes,,1,1
2024,99999,VI,79121.0,79121010500.0,Conventional:First Lien,Single Family (1-4 Units):Site-Built,Black or African American,Asian,Female,12,50,450000.0,0.92,5.0,1,0,0,0,0,0,0,0,0.25,2,1,1,1,1,1,1,1,0,0,0,0,45-54,9999,Yes,,1,1
2024,99000,FL,6197.0,61975512300.0,Conventional:Subordinate Lien,Single Family (1-4 Units):Site-Built,Hispanic or Latino,Asian,Male,File closed for incompleteness,30,47500.0,,,,2,,,,,,280,,,2,2,2,2,,1,1,3,5,1,,115.0,,1112,2112,2.0,5.0,2,4,5.0,8.0,2,4,1,5,2,4,35-44,9999,Yes,,1,1
2024,12054,GA,18538.0,18538345642.0,FHA:First Lien,Single Family (1-4 Units):Site-Built,Not Hispanic or Latino,White,Female,File denied because of credit history,32,300000.0,,12.0,0.0,2,23052.43,,41625.2,15511.6,,300.0,,,2,2,2,2,330000.0,1,1,3,5,1,,,,9,9,3.0,3.0,3,3,7.0,7.0,3,3,4,4,3,3,8888,8888,,,3,3
2024,1422,NC,3573.0,35737195900.0,VA:First Lien,Single Family (1-4 Units):Site-Built,Ethnicity Not Available,Race Not Available,Sex Not Available,Application denied,32,325000.0,,,,4,,,,,,360,,,2,2,2,2,,1,1,3,5,1,,120.0,,4,10,4.0,5.0,2,4,6.0,8.0,2,4,3,5,2,4,55-64,9999,Yes,,1,1
2024,99999,IL,24217.0,24217914000.0,Conventional:Subordinate Lien,Single Family (1-4 Units):Site-Built,Not Hispanic or Latino,White,Male,File closed for incompleteness,32,40000.0,,,,3,,,,,,240,,,2,2,2,2,,1,1,3,5,1,,96.0,,1111,1111,2.0,5.0,2,4,5.0,8.0,2,4,1,5,2,4,65-74,9999,Yes,,1,1
2024,1422,NC,18254.0,18254138760.0,Conventional:Subordinate Lien,Single Family (1-4 Units):Site-Built,Not Hispanic or Latino,White,Female,6,32,250000.0,,6.875,,2,20000.0,,15000.0,10000.0,,300.0,,,2,2,2,2,275000.0,1,1,3,5,1,,,,9,9,4.0,4.0,3,3,7.0,7.0,3,3,4,4,3,3,8888,8888,,,3,3
2024,12054,GA,14268.0,14268519600.0,Conventional:Subordinate Lien,Single Family (1-4 Units):Site-Built,Ethnicity Not Available,Race Not Available,Sex Not Available,File closed for incompleteness,32,52500.0,,,,2,,,,,,280,,,2,2,2,2,,1,1,3,5,1,,115.0,,1112,2112,2.0,5.0,2,4,5.0,8.0,2,4,1,5,2,4,35-44,9999,Yes,,1,1
2024,99999,TX,25283.0,25283286800.0,FHA:First Lien,Single Family (1-4 Units):Site-Built,Not Hispanic or Latino,White,Female,6,32,325000.0,6.875,0.0,2,25000.0,17500.0,11250.0,300.0,0.0,280.0,,,2,2,2,2,375000.0,1,1,3,5,1,108.0,9,9,4.0,4.0,3,3,7.0,7.0,3,3,4,4,3,3,8888,8888,,,3,3
2024,1422,NC,4687.0,46874869000.0,VA:First Lien,Single Family (1-4 Units):Site-Built,Ethnicity Not Available,Race Not Available,Sex Not Available,Application denied,32,450000.0,,,,4,,,,,,360,,,2,2,2,2,,1,1,3,5,1,,120.0,,4,10,4.0,5.0,2,4,6.0,8.0,2,4,3,5,2,4,55-64,9999,Yes,,1,1
2024,99999,OH,39433.0,39433296000.0,FHA:First Lien,Single Family (1-4 Units):Site-Built,Not Hispanic or Latino,White,Male,File closed for incompleteness,32,62500.0,,,,2,,,,,,280,,,2,2,2,2,,1,1,3,5,1,,115.0,,1112,2112,2.0,5.0,2,4,5.0,8.0,2,4,1,5,2,4,35-44,9999,Yes,,1,1
2024,12054,GA,21515.0,21515117600.0,Conventional:Subordinate Lien,Single Family (1-4 Units):Site-Built,Hispanic or Latino,Asian,Male,6,32,225000.0,,6.875,,2,17000.0,,12500.0,10000.0,,300.0,,,2,2,2,2,275000.0,1,1,3,5,1,,,,9,9,4.0,4.0,3,3,7.0,7.0,3,3,4,4,3,3,8888,8888,,,3,3
2024,1422,NC,11052.0,11052115200.0,FHA:First Lien,Single Family (1-4 Units):Site-Built,Not Hispanic or Latino,White,Female,6,32,325000.0,,,,4,,,,,,360,,,2,2,2,2,,1,1,3,5,1,,120.0,,4,10,4.0,5.0,2,4,6.0,8.0,2,4,3,5,2,4,55-64,9999,Yes,,1,1
2024,99999,IN,18677.0,18677095600.0,VA:First Lien,Single Family (1-4 Units):Site-Built,Ethnicity Not Available,Race Not Available,Sex Not Available,Application denied,32,525000.0,,,,3,,,,,,240,,,2,2,2,2,,1,1,3,5,1,,96.0,,1111,1111,2.0,5.0,2,4,5.0,8.0,2,4,1,5,2,4,65-74,9999,Yes,,1,1
2024,1422,NC,14651.0,14651191800.0,Conventional:Subordinate Lien,Single Family (1-4 Units):Site-Built,Not Hispanic or Latino,White,Male,File closed for incompleteness,32,57500.0,,,,2,,,,,,280,,,2,2,2,2,,1,1,3,5,1,,115.0,,1112,2112,2.0,5.0,2,4,5.0,8.0,2,4,1,5,2,4,35-44,9999,Yes,,1,1
2024,99999,MI,5357.0,53572202500.0,FHA:First Lien,Single Family (1-4 Units):Site-Built,Ethnicity Not Available,Race Not Available,Sex Not Available,File denied because of credit history,32,325000.0,,,,4,,,,,,360,,,2,2,2,2,,1,1,3,5,1,,120.0,,4,10,4.0,5.0,2,4,6.0,8.0,2,4,3,5,2,4,55-64,9999,Yes,,1,1
2024,1422,NC,12335.0,12335332100.0,Conventional:Subordinate Lien,Single Family (1-4 Units):Site-Built,Not Hispanic or Latino,White,Female,6,32,375000.0,,6.875,,2,28000.0,,20000.0,15000.0,300.0,0.0,280.0,,,2,2,2,2,425000.0,1,1,3,5,1,108.0,9,9,4.0,4.0,3,3,7.0,7.0,3,3,4,4,3,3,8888,8888,,,3,3
2024,99999,CO,20338.0,20338443700.0,FHA:First Lien,Single Family (1-4 Units):Site-Built,Not Hispanic or Latino,White,Male,File closed for incompleteness,32,62500.0,,,,2,,,,,,280,,,2,2,2,2,,1,1,3,5,1,,115.0,,1112,2112,2.0,5.0,2,4,5.0,8.0,2,4,1,5,2,4,35-44,9999,Yes,,1,1
2024,1422,NC,12462.0,12462345600.0,VA:First Lien,Single Family (1-4 Units):Site-Built,Not Hispanic or Latino,White,Female,6,32,350000.0,,,,3,,,,,,240,,,2,2,2,2,,1,1,3,5,1,,96.0,,1111,1111,2.0,5.0,2,4,5.0,8.0,2,4,1,5,2,4,65-74,9999,Yes,,1,1
2024,99999,PA,18422.0,18422192500.0,FHA:First Lien,Single Family (1-4 Units):Site-Built,Not Hispanic or Latino,White,Male,6,32,325000.0,6.875,0.0,2,23000.0,,15000.0,10000.0,300.0,0.0,280.0,,,2,2,2,2,375000.0,1,1,3,5,1,108.0,9,9,4.0,4.0,3,3,7.0,7.0,3,3,4,4,3,3,8888,8888,,,3,3
2024,1422,NC,29181.0,29181138300.0,Conventional:Subordinate Lien,Single Family (1-4 Units):Site-Built,Not Hispanic or Latino,White,Male,File closed for incompleteness,32,52500.0,,,,2,,,,,,280,,,2,2,2,2,,1,1,3,5,1,,115.0,,1112,2112,2.0,5.0,2,4,5.0,8.0,2,4,1,5,2,4,35-44,9999,Yes,,1,1
2024,99999,IL,4783.0,47834112300.0,FHA:First Lien,Single Family (1-4 Units):Site-Built,Not Hispanic or Latino,White,Female,6,32,475000.0,,,,4,,,,,,360,,,2,2,2,2,,1,1,3,5,1,,120.0,,4,10,4.0,5.0,2,4,6.0,8.0,2,4,3,5,2,4,55-64,9999,Yes,,1,1
2024,1422,NC,21378.0,21378387500.0,VA:First Lien,Single Family (1-4 Units):Site-Built,Ethnicity Not Available,Race Not Available,Sex Not Available,File closed for incompleteness,32,325000.0,,,,3,,,,,,240,,,2,2,2,2,,1,1,3,5,1,,96.0,,1111,1111,2.0,5.0,2,4,5.0,8.0,2,4,1,5,2,4,65-74,9999,Yes,,1,1
2024,99999,FL,26131.0,26131156900.0,FHA:First Lien,Single Family (1-4 Units):Site-Built,Not Hispanic or Latino,White,Male,6,32,525000.0,6.875,0.0,2,40000.0,,25000.0,20000.0,300.0,0.0,280.0,,,2,2,2,2,575000.0,1,1,3,5,1,108.0,9,9,4.0,4.0,3,3,7.0,7.0,3,3,4,4,3,3,8888,8888,,,3,3
2024,1422,NC,4754.0,47544244000.0,Conventional:Subordinate Lien,Single Family (1-4 Units):Site-Built,Not Hispanic or Latino,White,Male,6,32,275000.0,,6.875,,2,20000.0,,15000.0,10000.0,300.0,0.0,280.0,,,2,2,2,2,325000.0,1,1,3,5,1,108.0,9,9,4.0,4.0,3,3,7.0,7.0,3,3,4,4,3,3,8888,8888,,,3,3
2024,99999,NC,3362.0,33625819100.0,FHA:First Lien,Single Family (1-4 Units):Site-Built,Not Hispanic or Latino,White,Male,File closed for incompleteness,32,57500.0,,,,2,,,,,,280,,,2,2,2,2,,1,1,3,5,1,,115.0,,1112,2112,2.0,5.0,2,4,5.0,8.0,2,4,1,5,2,4,35-44,9999,Yes,,1,1
2024,1422,NC,11319.0,11319349500.0,FHA:First Lien,Single Family (1-4 Units):Site-Built,Not Hispanic or Latino,White,Female,6,32,325000.0,,,,3,,,,,,240,,,2,2,2,2,,1,1,3,5,1,,96.0,,1111,1111,2.0,5.0,2,4,5.0,8.0,2,4,1,5,2,4,65-74,9999,Yes,,1,1
2024,99999,GA,15631.0,15631315500.0,Conventional:Subordinate Lien,Single Family (1-4 Units):Site-Built,Not Hispanic or Latino,White,Male,File closed for incompleteness,32,72500.0,,,,2,,,,,,280,,,2,2,2,2,,1,1,3,5,1,,115.0,,1112,2112,2.0,5.0,2,4,5.0,8.0,2,4,1,5,2,4,35-44,9999,Yes,,1,1
2024,1422,NC,31491.0,31491136900.0,VA:First Lien,Single Family (1-4 Units):Site-Built,Ethnicity Not Available,Race Not Available,Sex Not Available,6,32,525000.0,,6.875,,2,42500.0,,35000.0,25000.0,,300.0,,,2,2,2,2,625000.0,1,1,3,5,1,,,,9,9,4.0,4.0,3,3,7.0,7.0,3,3,4,4,3,3,8888,8888,,,3,3
2024,99999,OH,3884.0,38844666000.0,FHA:First Lien,Single Family (1-4 Units):Site-Built,Not Hispanic or Latino,White,Female,6,32,325000.0,6.875,0.0,2,26500.0,,17500.0,12500.0,300.0,0.0,280.0,,,2,2,2,2,375000.0,1,1,3,5,1,108.0,9,9,4.0,4.0,3,3,7.0,7.0,3,3,4,4,3,3,8888,8888,,,3,3
2024,1422,NC,34694.0,34694661000.0,Conventional:Subordinate Lien,Single Family (1-4 Units):Site-Built,Not Hispanic or Latino,White,Male,File closed for incompleteness,32,57500.0,,,,2,,,,,,280,,,2,2,2,2,,1,1,3,5,1,,115.0,,1112,2112,2.0,5.0,2,4,5.0,8.0,2,4,1,5,2,4,35-44,9999,Yes,,1,1
2024,99999,SC,3325.0,33255929000.0,FHA:First Lien,Single Family (1-4 Units):Site-Built,Not Hispanic or Latino,White,Male,File closed for incompleteness,32,62500.0,,,,2,,,,,,280,,,2,2,2,2,,1,1,3,5,1,,115.0,,1112,2112,2.0,5.0,2,4,5.0,8.0,2,4,1,5,2,4,35-44,9999,Yes,,1,1
2024,1422,NC,4637.0,46374521300.0,VA:First Lien,Single Family (1-4 Units):Site-Built,Ethnicity Not Available,Race Not Available,Sex Not Available,6,32,375000.0,,6.875,,2,27500.0,,20000.0,15000.0,,300.0,,,2,2,2,2,425000.0,1,1,3,5,1,108.0,9,9,4.0,4.0,3,3,7.0,7.0,3,3,4,4,3,3,8888,8888,,,3,3
2024,99999,IA,11392.0,11392222700.0,FHA:First Lien,Single Family (1-4 Units):Site-Built,Not Hispanic or Latino,White,Male,File closed for incompleteness,32,52500.0,,,,2,,,,,,280,,,2,2,2,2,,1,1,3,5,1,,115.0,,1112,2112,2.0,5.0,2,4,5.0,8.0,2,4,1,5,2,4,35-44,9999,Yes,,1,1
2024,1422,NC,25442.0,25442311500.0,Conventional:Subordinate Lien,Single Family (1-4 Units):Site-Built,Not Hispanic or Latino,White,Male,File closed for incompleteness,32,57500.0,,,,2,,,,,,280,,,2,2,2,2,,1,1,3,5,1,,115.0,,1112,2112,2.0,5.0,2,4,5.0,8.0,2,4,1,5,2,4,35-44,9999,Yes,,1,1
2024,99999,FL,4673.0,46734766400.0,FHA:First Lien,Single Family (1-4 Units):Site-Built,Ethnicity Not Available,Race Not Available,Sex Not Available,File closed for incompleteness,32,525000.0,,,,3,,,,,,240,,,2,2,2,2,,1,1,3,5,1,,96.0,,1111,1111,2.0,5.0,2,4,5.0,8.0,2,4,1,5,2,4,65-74,9999,Yes,,1,1
2024,1422,NC,4831.0,48313844300.0,VA:First Lien,Single Family (1-4 Units):Site-Built,Not Hispanic or Latino,White,Female,6,32,325000.0,,6.875,,2,23000.0,,15000.0,10000.0,300.0,0.0,280.0,,,2,2,2,2,375000.0,1,1,3,5,1,108.0,9,9,4.0,4.0,3,3,7.0,7.0,3,3,4,4,3,3,8888,8888,,,3,3
2024,99999,NC,14190.0,14190139900.0,FHA:First Lien,Single Family (1-4 Units):Site-Built,Not Hispanic or Latino,White,Male,6,32,525000.0,6.875,0.0,2,42500.0,,35000.0,25000.0,300.0,0.0,280.0,,,2,2,2,2,625000.0,1,1,3,5,1,108.0,9,9,4.0,4.0,3,3,7.0,7.0,3,3,4,4,3,3,8888,8888,,,3,3
2024,1422,NC,5320.0,53207383200.0,Conventional:Subordinate Lien,Single Family (1-4 Units):Site-Built,Not Hispanic or Latino,White,Male,File closed for incompleteness,32,72500.0,,,,2,,,,,,280,,,2,2,2,2,,1,1,3,5,1,,115.0,,1112,2112,2.0,5.0,2,4,5.0,8.0,2,4,1,5,2,4,35-44,9999,Yes,,1,1
2024,99999,IN,1310.0,13104695000.0,Conventional:Subordinate Lien,Single Family (1-4 Units):Site-Built,Not Hispanic or Latino,White,Female,6,32,525000.0,,6.875,,2,40000.0,,25000.0,20000.0,300.0,0.0,280.0,,,2,2,2,2,625000.0,1,1,3,5,1,108.0,9,9,4.0,4.0,3,3,7.0,7.0,3,3,4,4,3,3,8888,8888,,,3,3
2024,1422,NC,4685.0,46856567500.0,VA:First Lien,Single Family (1-4 Units):Site-Built,Ethnicity Not Available,Race Not Available,Sex Not Available,File closed for incompleteness,32,525000.0,,,,3,,,,,,240,,,2,2,2,2,,1,1,3,5,1,,96.0,,1111,1111,2.0,5.0,2,4,5.0,8.0,2,4,1,5,2,4,65-74,9999,Yes,,1,1
2024,99999,CO,4979.0,49792923300.0,FHA:First Lien,Single Family (1-4 Units):Site-Built,Not Hispanic or Latino,White,Male,6,32,325000.0,6.875,0.0,2,23000.0,,15000.0,10000.0,300.0,0.0,280.0,,,2,2,2,2,375000.0,1,1,3,5,1,108.0,9,9,4.0,4.0,3,3,7.0,7.0,3,3,4,4,3,3,8888,8888,,,3,3
2024,1422,NC,2588.0,25886387600.0,Conventional:Subordinate Lien,Single Family (1-4 Units):Site-Built,Not Hispanic or Latino,White,Male,File closed for incompleteness,32,52500.0,,,,2,,,,,,280,,,2,2,2,2,,1,1,3,5,1,,115.0,,1112,2112,2.0,5.0,2,4,5.0,8.0,2,4,1,5,2,4,35-44,9999,Yes,,1,1
2024,99999,PA,18395.0,18395499500.0,FHA:First Lien,Single Family (1-4 Units):Site-Built,Not Hispanic or Latino,White,Male,6,32,525000.0,6.875,0.0,2,42500.0,,35000.0,25000.0,300.0,0.0,280.0,,,2,2,2,2,625000.0,1,1,3,5,1,108.0,9,9,4.0,4.0,3,3,7.0,7.0,3,3,4,4,3,3,8888,8888,,,3,3
2024,1422,NC,3963.0,39636590700.0,VA:First Lien,Single Family (1-4 Units):Site-Built,Not Hispanic or Latino,White,Male,6,32,525000.0,,6.875,,2,42500.0,,35000.0,25000.0,,300.0,,,2,2,2,2,625000.0,1,1,3,5,1,,,,9,9,4.0,4.0,3,3,7.0,7.0,3,3,4,4,3,3,8888,8888,,,3,3
2024,99999,NC,3426.0,34266371700.0,Conventional:Subordinate Lien,Single Family (1-4 Units):Site-Built,Not Hispanic or Latino,White,Male,File closed for incompleteness,32,52500.0,,,,2,,,,,,280,,,2,2,2,2,,1,1,3,5,1,,115.0,,1112,2112,2.0,5.0,2,4,5.0,8.0,2,4,1,5,2,4,35-44,9999,Yes,,1,1
2024,1422,NC,4713.0,47129198100.0,VA:First Lien,Single Family (1-4 Units):Site-Built,Not Hispanic or Latino,White,Male,6,32,525000.0,6.875,0.0,2,42500.0,,35000.0,25000.0,300.0,0.0,280.0,,,2,2,2,2,625000.0,1,1,3,5,1,108.0,9,9,4.0,4.0,3,3,7.0,7.0,3,3,4,4,3,3,8888,8888,,,3,3
2024,99999,VA,11036.0,11036408500.0,FHA:First Lien,Single Family (1-4 Units):Site-Built,Not Hispanic or Latino,White,Male,File closed for incompleteness,32,52500.0,,,,2,,,,,,280,,,2,2,2,2,,1,1,3,5,1,,115.0,,1112,2112,2.0,5.0,2,4,5.0,8.0,2,4,1,5,2,4,35-44,9999,Yes,,1,1
2024,1422,NC,1144.0,11444751900.0,FHA:First Lien,Single Family (1-4 Units):Site-Built,Ethnicity Not Available,Race Not Available,Sex Not Available,6,32,525000.0,,6.875,,2,42500.0,,35000.0,25000.0,,300.0,,,2,2,2,2,625000.0,1,1,3,5,1,,,,9,9,4.0,4.0,3,3,7.0,7.0,3,3,4,4,3,3,8888,8888,,,3,3
2024,99999,NC,12281.0,12281327300.0,VA:First Lien,Single Family (1-4 Units):Site-Built,Not Hispanic or Latino,White,Male,6,32,525000.0,6.875,0.0,2,42500.0,,35000.0,25000.0,300.0,0.0,280.0,,,2,2,2,2,625000.0,1,1,3,5,1,108.0,9,9,4.0,4.0,3,3,7.0,7.0,3,3,4,4,3,3,8888,8888,,,3,3
2024,1422,NC,1255.0,12552444100.0,FHA:First Lien,Single Family (1-4 Units):Site-Built,Not Hispanic or Latino,White,Male,File closed for incompleteness,32,52500.0,,,,2,,,,,,280,,,2,2,2,2,,1,1,3,5,1,,115.0,,1112,2112,2.0,5.0,2,4,5.0,8.0,2,4,1,5,2,4,35-44,9999,Yes,,1,1
2024,99999,IN,2965.0,29654575500.0,FHA:First Lien,Single Family (1-4 Units):Site-Built,Not Hispanic or Latino,White,Male,File closed for incompleteness,32,52500.0,,,,2,,,,,,280,,,2,2,2,2,,1,1,3,5,1,,115.0,,1112,2112,2.0,5.0,2,4,5.0,8.0,2,4,1,5,2,4,35-44,9999,Yes,,1,1
2024,1422,NC,1294.0,12947130500.0,Conventional:Subordinate Lien,Single Family (1-4 Units):Site-Built,Not Hispanic or Latino,White,Male,6,32,525000.0,,6.875,,2,42500.0,,35000.0,25000.0,,300.0,,,2,2,2,2,625000.0,1,1,3,5,1,,,,9,9,4.0,4.0,3,3,7.0,7.0,3,3,4,4,3,3,8888,8888,,,3,3
2024,99999,IL,1968.0,19681438800.0,FHA:First Lien,Single Family (1-4 Units):Site-Built,Not Hispanic or Latino,White,Female,6,32,525000.0,6.875,0.0,2,42500.0,,35000.0,25000.0,300.0,0.0,280.0,,,2,2,2,2,625000.0,1,1,3,5,1,108.0,9,9,4.0,4.0,3,3,7.0,7.0,3,3,4,4,3,3,8888,8888,,,3,3
2024,1422,NC,1535.0,15355661500.0,VA:First Lien,Single Family (1-4 Units):Site-Built,Not Hispanic or Latino,White,Male,6,32,525000.0,6.875,0.0,2,42500.0,,35000.0,25000.0,300.0,0.0,280.0,,,2,2,2,2,625000.0,1,1,3,5,1,108.0,9,9,4.0,4.0,3,3,7.0,7.0,3,3,4,4,3,3,8888,8888,,,3,3
2024,99999,FL,1898.0,18981434900.0,Conventional:Subordinate Lien,Single Family (1-4 Units):Site-Built,Not Hispanic or Latino,White,Male,6,32,525000.0,6.875,0.0,2,42500.0,,35000.0,25000.0,300.0,0.0,280.0,,,2,2,2,2,625000.0,1,1,3,5,1,108.0,9,9,4.0,4.0,3,3,7.0,7.0,3,3,4,4,3,3,8888,8888,,,3,3
"2024","New York-Newark-Jersey City, NY-NJ-PA","NY","045","41004601000","FHA:First Lien","Single Family (1-4 Units):Site-Built","Not Hispanic or Latino","Asian","Female","File closed for incompleteness","32","230000.0","0.96","0","0","3","10197.8","8302.8","5305.0","","","2","2","2","2","1","1","3","5","1","","108.0","","","2.0","5.0","2","4","5.0","8.0","2","4","1","5","2","4","75-84","9999","Yes","","1","1"
"2024","Los Angeles-Long Beach-Anaheim, CA","CA","037","37173901000","VA:First Lien","Single Family (1-4 Units):Site-Built","Hispanic or Latino","White","Male","Loan fundings","40","400000.0","","4.25","0","2","28000.0","22000.0","6000.0","","","2","2","2","2","1","1","3","5","1","","96.0","","","5.0","5.0","2","4","6.0","8.0","2","4","3","5","2","4","85-94","9999","Yes","","1","1"
"2024","Chicago-Naperville-Elgin, IL-IN-WI","IL","017","17032901000","Conventional:First Lien","Single Family (1-4 Units):Site-Built","Not Hispanic or Latino","Black or African American","Female","File closed for incompleteness","31","200000.0","0.97","0","0","3","12197.8","8302.8","5305.0","","","2","2","2","2","1","1","3","5","1","","108.0","","","2.0","5.0","2","4","5.0","8.0","2","4","1","5","2","4","65-74","9999","Yes","","1","1"
"2024","Dallas-Fort Worth-Arlington, TX","TX","050","50103701000","FHA:Subordinate Lien","Single Family (1-4 Units):Site-Built","Not Hispanic or Latino","American Indian or Alaska Native","Male","Loan fundings","40","280000.0","","4.25","0","2","28000.0","22000.0","6000.0","","","2","2","2","2","1","1","3","5","1","","96.0","","","5.0","5.0","2","4","6.0","8.0","2","4","3","5","2","4","85-94","9999","Yes","","1","1"
"2024","Houston-The Woodlands-Sugar Land, TX","TX","060","60109701000","VA:First Lien","Single Family (1-4 Units):Site-Built","Not Hispanic or Latino","White","Female","File closed for incompleteness","32","240000.0","0.96","0","0","3","10197.8","8302.8","5305.0","","","2","2","2","2","1","1","3","5","1","","108.0","","","2.0","5.0","2","4","5.0","8.0","2","4","1","5","2","4","75-84","9999","Yes","","1","1"
"2024","Washington-Baltimore-Arlington, DC-MD-VA","MD","024","24019501000","VA:First Lien","Single Family (1-4 Units):Site-Built","Hispanic or Latino","White","Male","Loan fundings","40","450000.0","","4.25","0","2","28000.0","22000.0","6000.0","","","2","2","2","2","1","1","3","5","1","","96.0","","","5.0","5.0","2","4","6.0","8.0","2","4","3","5","2","4","85-94","9999","Yes","","1","1"
"2024","Philadelphia-Camden-Wilmington, PA-NJ-DE-MD","PA","042","42118101000","Conventional:First Lien","Single Family (1-4 Units):Site-Built","Not Hispanic or Latino","Asian","Female","File closed for incompleteness","31","220000.0","0.97","0","0","3","12197.8","8302.8","5305.0","","","2","2","2","2","1","1","3","5","1","","108.0","","","2.0","5.0","2","4","5.0","8.0","2","4","1","5","2","4","65-74","9999","Yes","","1","1"
"2024","Atlanta-Sandy Springs-Alpharetta, GA","GA","013","13013901000","FHA:First Lien","Single Family (1-4 Units):Site-Built","Not Hispanic or Latino","Black or African American","Male","Loan fundings","40","250000.0","","4.25","0","2","28000.0","22000.0","6000.0","","","2","2","2","2","1","1","3","5","1","","96.0","","","5.0","5.0","2","4","6.0","8.0","2","4","3","5","2","4","85-94","9999","Yes","","1","1"
"2024","San Jose-Sunnyvale-Santa Clara, CA","CA","063","63105901000","Conventional:Subordinate Lien","Single Family (1-4 Units):Site-Built","Hispanic or Latino","White","Female","File closed for incompleteness","32","300000.0","0.96","0","0","3","10197.8","8302.8","5305.0","","","2","2","2","2","1","1","3","5","1","","108.0","","","2.0","5.0","2","4","5.0","8.0","2","4","1","5","2","4","75-84","9999","Yes","","1","1"
"2024","Phoenix-Mesa-Scottsdale, AZ","AZ","040","40114701000","FHA:First Lien","Single Family (1-4 Units):Site-Built","Not Hispanic or Latino","White","Male","Loan fundings","40","420000.0","","4.25","0","2","28000.0","22000.0","6000.0","","","2","2","2","2","1","1","3","5","1","","96.0","","","5.0","5.0","2","4","6.0","8.0","2","4","3","5","2","4","85-94","9999","Yes","","1","1"
"2024","San Diego-Chula Vista-Carlsbad, CA","CA","065","65107101000","VA:Subordinate Lien","Single Family (1-4 Units):Site-Built","Not Hispanic or Latino","Asian","Female","File closed for incompleteness","31","240000.0","0.97","0","0","3","12197.8","8302.8","5305.0","","","2","2","2","2","1","1","3","5","1","","108.0","","","2.0","5.0","2","4","5.0","8.0","2","4","1","5","2","4","65-74","9999","Yes","","1","1"
"2024","St. Louis, MO-IL","MO","029","29052501000","FHA:First Lien","Single Family (1-4 Units):Site-Built","Hispanic or Latino","White","Male","Loan fundings","40","380000.0","","4.25","0","2","28000.0","22000.0","6000.0","","","2","2","2","2","1","1","3","5","1","","96.0","","","5.0","5.0","2","4","6.0","8.0","2","4","3","5","2","4","85-94","9999","Yes","","1","1"
"2024","Austin-Round Rock, TX","TX","020","20108101000","Conventional:First Lien","Single Family (1-4 Units):Site-Built","Not Hispanic or Latino","Black or African American","Female","File closed for incompleteness","32","260000.0","0.96","0","0","3","10197.8","8302.8","5305.0","","","2","2","2","2","1","1","3","5","1","","108.0","","","2.0","5.0","2","4","5.0","8.0","2","4","1","5","2","4","75-84","9999","Yes","","1","1"
"2024","Boston-Cambridge-Nashua, MA-NH","MA","011","11006601000","FHA:Subordinate Lien","Single Family (1-4 Units):Site-Built","Not Hispanic or Latino","Asian","Male","Loan fundings","40","290000.0","","4.25","0","2","28000.0","22000.0","6000.0","","","2","2","2","2","1","1","3","5","1","","96.0","","","5.0","5.0","2","4","6.0","8.0","2","4","3","5","2","4","85-94","9999","Yes","","1","1"
"2024","Denver-Aurora-Lakewood, CO","CO","081","81102101000","Conventional:Subordinate Lien","Single Family (1-4 Units):Site-Built","Hispanic or Latino","White","Female","File closed for incompleteness","32","200000.0","0.97","0","0","3","12197.8","8302.8","5305.0","","","2","2","2","2","1","1","3","5","1","","108.0","","","2.0","5.0","2","4","5.0","8.0","2","4","1","5","2","4","65-74","9999","Yes","","1","1"
"2024","Nashville-Davidson--Murfreesboro--Franklin, TN","TN","034","34020101000","VA:First Lien","Single Family (1-4 Units):Site-Built","Not Hispanic or Latino","Asian","Male","Loan fundings","40","420000.0","","4.25","0","2","28000.0","22000.0","6000.0","","","2","2","2","2","1","1","3","5","1","","96.0","","","5.0","5.0","2","4","6.0","8.0","2","4","3","5","2","4","85-94","9999","Yes","","1","1"
"2024","Portland-Vancouver-Hillsboro, OR-WA","OR","041","40103501000","FHA:Subordinate Lien","Single Family (1-4 Units):Site-Built","Not Hispanic or Latino","Black or African American","Female","File closed for incompleteness","31","220000.0","0.97","0","0","3","12197.8","8302.8","5305.0","","","2","2","2","2","1","1","3","5","1","","108.0","","","2.0","5.0","2","4","5.0","8.0","2","4","1","5","2","4","65-74","9999","Yes","","1","1"
"2024","Seattle-Tacoma-Bellevue, WA","WA","051","51017701000","Conventional:First Lien","Single Family (1-4 Units):Site-Built","Hispanic or Latino","White","Male","Loan fundings","40","480000.0","","4.25","0","2","28000.0","22000.0","6000.0","","","2","2","2","2","1","1","3","5","1","","96.0","","","5.0","5.0","2","4","6.0","8.0","2","4","3","5","2","4","85-94","9999","Yes","","1","1"
"2024","Minneapolis-St. Paul-Bloomington, MN-WI","MN","027","27047301000","VA:Subordinate Lien","Single Family (1-4 Units):Site-Built","Not Hispanic or Latino","Asian","Female","File closed for incompleteness","32","240000.0","0.96","0","0","3","10197.8","8302.8","5305.0","","","2","2","2","2","1","1","3","5","1","","108.0","","","2.0","5.0","2","4","5.0","8.0","2","4","1","5","2","4","75-84","9999","Yes","","1","1"
"2024","Raleigh-Durham-Chapel Hill, NC","NC","035","35014901000","FHA:Subordinate Lien","Single Family (1-4 Units):Site-Built","Not Hispanic or Latino","White","Male","Loan fundings","40","380000.0","","4.25","0","2","28000.0","22000.0","6000.0","","","2","2","2","2","1","1","3","5","1","","96.0","","","5.0","5.0","2","4","6.0","8.0","2","4","3","5","2","4","85-94","9999","Yes","","1","1"
"2024","Milwaukee-Waukesha-West Allis, WI","WI","055","55109101000","Conventional:First Lien","Single Family (1-4 Units):Site-Built","Not Hispanic or Latino","Black or African American","Female","File closed for incompleteness","31","250000.0","0.97","0","0","3","12197.8","8302.8","5305.0","","","2","2","2","2","1","1","3","5","1","","108.0","","","2.0","5.0","2","4","5.0","8.0","2","4","1","5","2","4","65-74","9999","Yes","","1","1"
"2024","Kansas City, MO-KS","MO","025","25021301000","FHA:Subordinate Lien","Single Family (1-4 Units):Site-Built","Hispanic or Latino","White","Male","Loan fundings","40","420000.0","","4.25","0","2","28000.0","22000.0","6000.0","","","2","2","2","2","1","1","3","5","1","","96.0","","","5.0","5.0","2","4","6.0","8.0","2","4","3","5","2","4","85-94","9999","Yes","","1","1"
"2024","Oklahoma City, OK","OK","074","74032101000","Conventional:First Lien","Single Family (1-4 Units):Site-Built","Not Hispanic or Latino","Asian","Female","File closed for incompleteness","32","260000.0","0.96","0","0","3","10197.8","8302.8","5305.0","","","2","2","2","2","1","1","3","5","1","","108.0","","","2.0","5.0","2","4","5.0","8.0","2","4","1","5","2","4","75-84","9999","Yes","","1","1"
"2024","Cleveland-Elyria, OH","OH","039","39006701000","FHA:Subordinate Lien","Single Family (1-4 Units):Site-Built","Not Hispanic or Latino","White","Male","Loan fundings","40","320000.0","","4.25","0","2","28000.0","22000.0","6000.0","","","2","2","2","2","1","1","3","5","1","","96.0","","","5.0","5.0","2","4","6.0","8.0","2","4","3","5","2","4","85-94","9999","Yes","","1","1"
"2024","Cincinnati, OH-KY-IN","OH","040","40101101000","VA:Subordinate Lien","Single Family (1-4 Units):Site-Built","Hispanic or Latino","White","Female","File closed for incompleteness","31","240000.0","0.97","0","0","3","12197.8","8302.8","5305.0","","","2","2","2","2","1","1","3","5","1","","108.0","","","2.0","5.0","2","4","5.0","8.0","2","4","1","5","2","4","65-74","9999","Yes","","1","1"
"2024","Pittsburgh, PA","PA","042","42116701000","FHA:Subordinate Lien","Single Family (1-4 Units):Site-Built","Not Hispanic or Latino","Asian","Male","Loan fundings","40","380000.0","","4.25","0","2","28000.0","22000.0","6000.0","","","2","2","2","2","1","1","3","5","1","","96.0","","","5.0","5.0","2","4","6.0","8.0","2","4","3","5","2","4","85-94","9999","Yes","","1","1"
"2024","Detroit-Warren-Dearborn, MI","MI","026","26000301000","Conventional:Subordinate Lien","Single Family (1-4 Units):Site-Built","Hispanic or Latino","White","Female","File closed for incompleteness","32","310000.0","0.96","0","0","3","10197.8","8302.8","5305.0","","","2","2","2","2","1","1","3","5","1","","108.0","","","2.0","5.0","2","4","5.0","8.0","2","4","1","5","2","4","75-84","9999","Yes","","1","1"
"2024","Indianapolis-Carmel-Anderson, IN","IN","018","18026501000","VA:Subordinate Lien","Single Family (1-4 Units):Site-Built","Not Hispanic or Latino","Black or African American","Male","Loan fundings","40","420000.0","","4.25","0","2","28000.0","22000.0","6000.0","","","2","2","2","2","1","1","3","5","1","","96.0","","","5.0","5.0","2","4","6.0","8.0","2","4","3","5","2","4","85-94","9999","Yes","","1","1"
"2024","Jacksonville, FL","FL","120","12042501000","Conventional:Subordinate Lien","Single Family (1-4 Units):Site-Built","Not Hispanic or Latino","Asian","Female","File closed for incompleteness","32","270000.0","0.96","0","0","3","10197.8","8302.8","5305.0","","","2","2","2","2","1","1","3","5","1","","108.0","","","2.0","5.0","2","4","5.0","8.0","2","4","1","5","2","4","75-84","9999","Yes","","1","1"
"2024","Colorado Springs, CO","CO","081","81128101000","VA:Subordinate Lien","Single Family (1-4 Units):Site-Built","Not Hispanic or Latino","White","Male","Loan fundings","40","390000.0","","4.25","0","2","28000.0","22000.0","6000.0","","","2","2","2","2","1","1","3","5","1","","96.0","","","5.0","5.0","2","4","6.0","8.0","2","4","3","5","2","4","85-94","9999","Yes","","1","1"
"2024","Virginia Beach-Norfolk, VA-NC","VA","051","51025501000","FHA:Subordinate Lien","Single Family (1-4 Units):Site-Built","Not Hispanic or Latino","Black or African American","Female","File closed for incompleteness","31","280000.0","0.97","0","0","3","12197.8","8302.8","5305.0","","","2","2","2","2","1","1","3","5","1","","108.0","","","2.0","5.0","2","4","5.0","8.0","2","4","1","5","2","4","65-74","9999","Yes","","1","1"
"2024","Tucson, AZ","AZ","040","40116101000","Conventional:Subordinate Lien","Single Family (1-4 Units):Site-Built","Hispanic or Latino","White","Male","Loan fundings","40","380000.0","","4.25","0","2","28000.0","22000.0","6000.0","","","2","2","2","2","1","1","3","5","1","","96.0","","","5.0","5.0","2","4","6.0","8.0","2","4","3","5","2","4","85-94","9999","Yes","","1","1"
"2024","Oxford, MS","MS","027","27018501000","FHA:Subordinate Lien","Single Family (1-4 Units):Site-Built","Not Hispanic or Latino","Asian","Female","File closed for incompleteness","32","220000.0","0.96","0","0","3","10197.8","8302.8","5305.0","","","2","2","2","2","1","1","3","5","1","","108.0","","","2.0","5.0","2","4","5.0","8.0","2","4","1","5","2","4","75-84","9999","Yes","","1","1"
"2024","Allentown-Bethlehem-Easton, PA-NJ","PA","042","42119301000","Conventional:Subordinate Lien","Single Family (1-4 Units):Site-Built","Not Hispanic or Latino","Black or African American","Male","Loan fundings","40","290000.0","","4.25","0","2","28000.0","22000.0","6000.0","","","2","2","2","2","1","1","3","5","1","","96.0","","","5.0","5.0","2","4","6.0","8.0","2","4","3","5","2","4","85-94","9999","Yes","","1","1"
"2024","Greenville-Anderson-Mauldin, SC","SC","045","45013501000","VA:Subordinate Lien","Single Family (1-4 Units):Site-Built","Not Hispanic or Latino","Asian","Female","File closed for incompleteness","31","240000.0","0.97","0","0","3","12197.8","8302.8","5305.0","","","2","2","2","2","1","1","3","5","1","","108.0","","","2.0","5.0","2","4","5.0","8.0","2","4","1","5","2","4","65-74","9999","Yes","","1","1"
"2024","Fort Wayne, IN","IN","018","18031101000","FHA:Subordinate Lien","Single Family (1-4 Units):Site-Built","Not Hispanic or Latino","White","Male","Loan fundings","40","360000.0","","4.25","0","2","28000.0","22000.0","6000.0","","","2","2","2","2","1","1","3","5","1","","96.0","","","5.0","5.0","2","4","6.0","8.0","2","4","3","5","2","4","85-94","9999","Yes","","1","1"
"2024","Toledo, OH","OH","039","39004301000","Conventional:Subordinate Lien","Single Family (1-4 Units):Site-Built","Not Hispanic or Latino","Black or African American","Female","File closed for incompleteness","32","260000.0","0.96","0","0","3","10197.8","8302.8","5305.0","","","2","2","2","2","1","1","3","5","1","","108.0","","","2.0","5.0","2","4","5.0","8.0","2","4","1","5","2","4","75-84","9999","Yes","","1","1"
"2024","Honolulu, HI","HI","015","15011301000","FHA:Subordinate Lien","Single Family (1-4 Units):Site-Built","Not Hispanic or Latino","Asian","Male","Loan fundings","40","370000.0","","4.25","0","2","28000.0","22000.0","6000.0","","","2","2","2","2","1","1","3","5","1","","96.0","","","5.0","5.0","2","4","6.0","8.0","2","4","3","5","2","4","85-94","9999","Yes","","1","1"
"2024","Spokane-Spokane Valley, WA","WA","051","51017101000","VA:Subordinate Lien","Single Family (1-4 Units):Site-Built","Not Hispanic or Latino","White","Female","File closed for incompleteness","31","290000.0","0.97","0","0","3","12197.8","8302.8","5305.0","","","2","2","2","2","1","1","3","5","1","","108.0","","","2.0","5.0","2","4","5.0","8.0","2","4","1","5","2","4","65-74","9999","Yes","","1","1"
"2024","Wichita, KS","KS","051","51016101000","FHA:Subordinate Lien","Single Family (1-4 Units):Site-Built","Not Hispanic or Latino","Asian","Male","Loan fundings","40","340000.0","","4.25","0","2","28000.0","22000.0","6000.0","","","2","2","2","2","1","1","3","5","1","","96.0","","","5.0","5.0","2","4","6.0","8.0","2","4","3","5","2","4","85-94","9999","Yes","","1","1"
"2024","Chattanooga, TN-GA","TN","034","34018501000","Conventional:Subordinate Lien","Single Family (1-4 Units):Site-Built","Not Hispanic or Latino","White","Female","File closed for incompleteness","32","310000.0","0.96","0","0","3","10197.8","8302.8","5305.0","","","2","2","2","2","1","1","3","5","1","","108.0","","","2.0","5.0","2","4","5.0","8.0","2","4","1","5","2","4","75-84","9999","Yes","","1","1"
"2024","Provo-Orem, UT","UT","049","49015501000","FHA:Subordinate Lien","Single Family (1-4 Units):Site-Built","Hispanic or Latino","White","Male","Loan fundings","40","380000.0","","4.25","0","2","28000.0","22000.0","6000.0","","","2","2","2","2","1","1","3","5","1","","96.0","","","5.0","5.0","2","4","6.0","8.0","2","4","3","5","2","4","85-94","9999","Yes","","1","1"
"2024","Boise City, ID","ID","016","16011701000","Conventional:Subordinate Lien","Single Family (1-4 Units):Site-Built","Not Hispanic or Latino","Asian","Female","File closed for incompleteness","31","230000.0","0.97","0","0","3","12197.8","8302.8","5305.0","","","2","2","2","2","1","1","3","5","1","","108.0","","","2.0","5.0","2","4","5.0","8.0","2","4","1","5","2","4","65-74","9999","Yes","","1","1"
"activity_year","derived_msa-md","state_code","county_code","census_tract","derived_loan_product_type","derived_dwelling_category","derived_ethnicity","derived_race","derived_sex","action_taken","loan_purpose","loan_amount","loan_to_value_ratio","interest_rate","rate_spread","hoepa_status","total_loan_costs","total_points_and_fees","origination_charges","discount_points","lender_credits","loan_term","prepayment_penalty_term","intro_rate_period","negative_amortization","interest_only_payment","balloon_payment","other_nonamortizing_features","property_value","construction_method","occupancy_type","manufactured_home_secured_property_type","manufactured_home_land_property_interest","total_units","multifamily_affordable_units","income","debt_to_income_ratio","applicant_credit_score_type","co_applicant_credit_score_type","applicant_ethnicity-1","co_applicant_ethnicity-1","applicant_ethnicity_observed","co_applicant_ethnicity_observed","applicant_race-1","co_applicant_race-1","applicant_race_observed","co_applicant_race_observed","applicant_sex","co_applicant_sex","applicant_sex_observed","co_applicant_sex_observed","applicant_age","co_applicant_age","applicant_age_above_62","co_applicant_age_above_62","submission_of_application","initially_payable_to_institution"

"2024","123456","NY",8518.0,8518900120.0,"Conventional:First Lien","Single Family (1-4 Units):Site-Built","Hispanic or Latino","White","Female","File closed for incompleteness",47,155000.0,,,,2,,,,,,240,,,1,1,1,1,,1,1,3,5,1,,101.0,,2500,2500,2.0,3.0,1,4,2.0,8.0,1,4,1,5,1,4,35-44,8888,Yes,,1,1
"2024","99999","IL",21958.0,21958787740.0,"FHA:Subordinate Lien","Single Family (1-4 Units):Site-Built","Not Hispanic or Latino","Asian","Male","Loan denied",32,475000.0,,,,4,,,,,,360,,,2,2,2,2,,1,1,3,5,1,,105.0,,11,11,3.0,4.0,2,4,4.0,8.0,2,4,3,5,2,4,75-84,9999,Yes,,1,1
"2024","12054","TX",19421.0,19421212870.0,"VA:First Lien","Single Family (1-4 Units):Site-Built","Ethnicity Not Available","Race Not Available","Sex Not Available","6",32,220000.0,,3.625,,3,23260.15,,15280.3,8000.0,,300.0,,,2,2,2,2,275000.0,1,1,3,5,1,,,,9,9,5.0,5.0,3,3,5.0,5.0,3,3,4,4,3,3,8888,8888,,,3,3
"2024","99999","FL",15027.0,15027711140.0,"Conventional:First Lien","Single Family (1-4 Units):Site-Built","Not Hispanic or Latino","Black or African American","Male","File closed for incompleteness",32,175000.0,,,,2,,,,,,240,,,2,2,2,2,,1,1,3,5,1,,96.0,,1111,1111,2.0,5.0,2,4,5.0,8.0,2,4,1,5,2,4,65-74,9999,Yes,,1,1
"2024","12054","GA",18922.0,18922010240.0,"FHA:Subordinate Lien","Single Family (1-4 Units):Site-Built","Hispanic or Latino","White","Female","Loan denied",32,325000.0,,,,4,,,,,,360,,,2,2,2,2,,1,1,3,5,1,,108.0,,3,10,3.0,5.0,2,4,6.0,8.0,2,4,3,5,2,4,65-74,9999,Yes,,1,1
"2024","99999","PA",43118.0,43118463290.0,"VA:First Lien","Single Family (1-4 Units):Site-Built","Not Hispanic or Latino","Asian","Male","File closed for incompleteness",32,550000.0,,,,3,,,,,,240,,,2,2,2,2,275000.0,1,1,3,5,1,,102.0,,2200,2200,2.0,3.0,1,4,2.0,8.0,1,4,1,5,1,4,35-44,8888,Yes,,1,1
"2024","12054","NC",26177.0,26177460320.0,"FHA:Subordinate Lien","Single Family (1-4 Units):Site-Built","Ethnicity Not Available","Race Not Available","Sex Not Available","6",32,425000.0,,,,2,,,,,,360,,,2,2,2,2,,1,1,3,5,1,,105.0,,11,11,3.0,4.0,2,4,4.0,8.0,2,4,3,5,2,4,75-84,9999,Yes,,1,1
"2024","99999","OH",18542.0,18542180031.0,"Conventional:First Lien","Single Family (1-4 Units):Site-Built","Not Hispanic or Latino","White","Female","File closed for incompleteness",32,150000.0,,,,1,,,,,,240,,,2,2,2,2,,1,1,3,5,1,,101.0,,2500,2500,2.0,3.0,1,4,2.0,8.0,1,4,1,5,1,4,35-44,8888,Yes,,1,1
"2024","12054","SC",28210.0,28210499986.0,"VA:Subordinate Lien","Single Family (1-4 Units):Site-Built","Hispanic or Latino","Black or African American","Male","Loan denied",32,475000.0,,,,3,,,,,,360,,,2,2,2,2,,1,1,3,5,1,,106.0,,3,10,3.0,5.0,2,4,6.0,8.0,2,4,3,5,2,4,65-74,9999,Yes,,1,1
"2024","99999","TN",16574.0,16574521269.0,"FHA:First Lien","Single Family (1-4 Units):Site-Built","Not Hispanic or Latino","Asian","Female","File closed for incompleteness",32,325000.0,,,,4,,,,,,240,,,2,2,2,2,275000.0,1,1,3,5,1,,105.0,,2200,2200,2.0,3.0,1,4,2.0,8.0,1,4,1,5,1,4,35-44,8888,Yes,,1,1
"2024","12054","VA",22130.0,22130010340.0,"Conventional:Subordinate Lien","Single Family (1-4 Units):Site-Built","Ethnicity Not Available","Race Not Available","Sex Not Available","6",32,175000.0,,,,1,,,,,,240,,,2,2,2,2,,1,1,3,5,1,,101.0,,2500,2500,2.0,3.0,1,4,2.0,8.0,1,4,1,5,1,4,35-44,8888,Yes,,1,1
"2024","99999","WV",16757.0,16757250315.0,"FHA:Subordinate Lien","Single Family (1-4 Units):Site-Built","Not Hispanic or Latino","Black or African American","Male","Loan denied",32,250000.0,,,,3,,,,,,360,,,2,2,2,2,,1,1,3,5,1,,106.0,,3,10,3.0,5.0,2,4,6.0,8.0,2,4,3,5,2,4,65-74,9999,Yes,,1,1
"2024","12054","AL",19321.0,19321105319.0,"VA:First Lien","Single Family (1-4 Units):Site-Built","Hispanic or Latino","White","Female","File closed for incompleteness",32,425000.0,,,,2,,,,,,240,,,2,2,2,2,275000.0,1,1,3,5,1,,102.0,,2200,2200,2.0,3.0,1,4,2.0,8.0,1,4,1,5,1,4,35-44,8888,Yes,,1,1
"2024","99999","AR",17541.0,17541201222.0,"Conventional:Subordinate Lien","Single Family (1-4 Units):Site-Built","Not Hispanic or Latino","Asian","Male","File closed for incompleteness",32,325000.0,,,,4,,,,,,360,,,2,2,2,2,,1,1,3,5,1,,105.0,,2200,2200,2.0,3.0,1,4,2.0,8.0,1,4,1,5,1,4,35-44,8888,Yes,,1,1
"2024","12054","MS",27465.0,27465834515.0,"FHA:First Lien","Single Family (1-4 Units):Site-Built","Ethnicity Not Available","Race Not Available","Sex Not Available","6",32,275000.0,,,,3.625,,3,20823.43,,11040.8,7000.0,,300.0,,,2,2,2,2,325000.0,1,1,3,5,1,,,,9,9,5.0,5.0,3,3,5.0,5.0,3,3,4,4,3,3,8888,8888,,,3,3
"2024","99999","LA",15128.0,15128432560.0,"VA:Subordinate Lien","Single Family (1-4 Units):Site-Built","Not Hispanic or Latino","Black or African American","Male","Loan denied",32,425000.0,,,,3,,,,,,360,,,2,2,2,2,,1,1,3,5,1,,106.0,,3,10,3.0,5.0,2,4,6.0,8.0,2,4,3,5,2,4,65-74,9999,Yes,,1,1
"2024","12054","OK",19512.0,19512240019.0,"FHA:Subordinate Lien","Single Family (1-4 Units):Site-Built","Hispanic or Latino","White","Female","File closed for incompleteness",47,325000.0,,,,2,,,,,,240,,,2,2,2,2,,1,1,3,5,1,,101.0,,2500,2500,2.0,3.0,1,4,2.0,8.0,1,4,1,5,1,4,35-44,8888,Yes,,1,1
"2024","99999","KY",25845.0,25845551081.0,"Conventional:First Lien","Single Family (1-4 Units):Site-Built","Not Hispanic or Latino","Asian","Male","File closed for incompleteness",32,550000.0,,,,3,,,,,,240,,,2,2,2,2,275000.0,1,1,3,5,1,,102.0,,2200,2200,2.0,3.0,1,4,2.0,8.0,1,4,1,5,1,4,35-44,8888,Yes,,1,1
"2024","12054","TN",18216.0,18216531957.0,"VA:Subordinate Lien","Single Family (1-4 Units):Site-Built","Ethnicity Not Available","Race Not Available","Sex Not Available","6",32,325000.0,,,,2,,,,,,360,,,2,2,2,2,,1,1,3,5,1,,105.0,,2200,2200,2.0,3.0,1,4,2.0,8.0,1,4,1,5,1,4,35-44,8888,Yes,,1,1
"2024","99999","MO",29222.0,29222692046.0,"FHA:First Lien","Single Family (1-4 Units):Site-Built","Not Hispanic or Latino","White","Female","File closed for incompleteness",47,425000.0,,,,2,,,,,,240,,,2,2,2,2,,1,1,3,5,1,,101.0,,2500,2500,2.0,3.0,1,4,2.0,8.0,1,4,1,5,1,4,35-44,8888,Yes,,1,1
"2024","12054","GA",13539.0,13539118320.0,"VA:Subordinate Lien","Single Family (1-4 Units):Site-Built","Hispanic or Latino","White","Male","Loan denied",32,425000.0,,,,3,,,,,,360,,,2,2,2,2,,1,1,3,5,1,,106.0,,3,10,3.0,5.0,2,4,6.0,8.0,2,4,3,5,2,4,65-74,9999,Yes,,1,1
"2024","99999","AZ",18392.0,18392234369.0,"Conventional:First Lien","Single Family (1-4 Units):Site-Built","Not Hispanic or Latino","Asian","Male","File closed for incompleteness",32,550000.0,,,,3,,,,,,240,,,2,2,2,2,275000.0,1,1,3,5,1,,102.0,,2200,2200,2.0,3.0,1,4,2.0,8.0,1,4,1,5,1,4,35-44,8888,Yes,,1,1
"2024","12054","NC",28451.0,28451406121.0,"VA:First Lien","Single Family (1-4 Units):Site-Built","Ethnicity Not Available","Race Not Available","Sex Not Available","6",32,325000.0,,,,3.625,,3,20823.43,,11040.8,7000.0,,300.0,,,2,2,2,2,425000.0,1,1,3,5,1,,,,9,9,5.0,5.0,3,3,5.0,5.0,3,3,4,4,3,3,8888,8888,,,3,3
"2024","99999","CO",12729.0,12729467789.0,"FHA:Subordinate Lien","Single Family (1-4 Units):Site-Built","Not Hispanic or Latino","White","Male","File closed for incompleteness",47,425000.0,,,,2,,,,,,240,,,2,2,2,2,,1,1,3,5,1,,101.0,,2500,2500,2.0,3.0,1,4,2.0,8.0,1,4,1,5,1,4,35-44,8888,Yes,,1,1
"2024","12054","SC",19663.0,19663405062.0,"Conventional:Subordinate Lien","Single Family (1-4 Units):Site-Built","Hispanic or Latino","Black or African American","Female","Loan denied",32,325000.0,,,,3,,,,,,360,,,2,2,2,2,,1,1,3,5,1,,106.0,,3,10,3.0,5.0,2,4,6.0,8.0,2,4,3,5,2,4,65-74,9999,Yes,,1,1
"2024","99999","NV",19355.0,19355377880.0,"VA:First Lien","Single Family (1-4 Units):Site-Built","Not Hispanic or Latino","Asian","Male","File closed for incompleteness",47,325000.0,,,,2,,,,,,240,,,2,2,2,2,,1,1,3,5,1,,101.0,,2500,2500,2.0,3.0,1,4,2.0,8.0,1,4,1,5,1,4,35-44,8888,Yes,,1,1
"2024","12054","FL",29023.0,29023853367.0,"FHA:Subordinate Lien","Single Family (1-4 Units):Site-Built","Ethnicity Not Available","Race Not Available","Sex Not Available","6",32,425000.0,,,,3,,,,,,360,,,2,2,2,2,,1,1,3,5,1,,106.0,,3,10,3.0,5.0,2,4,6.0,8.0,2,4,3,5,2,4,65-74,9999,Yes,,1,1
"2024","99999","UT",23421.0,23421210303.0,"Conventional:Subordinate Lien","Single Family (1-4 Units):Site-Built","Not Hispanic or Latino","Black or African American","Male","File closed for incompleteness",47,325000.0,,,,2,,,,,,240,,,2,2,2,2,,1,1,3,5,1,,101.0,,2500,2500,2.0,3.0,1,4,2.0,8.0,1,4,1,5,1,4,35-44,8888,Yes,,1,1
"2024","12054","GA",26554.0,26554581740.0,"VA:Subordinate Lien","Single Family (1-4 Units):Site-Built","Hispanic or Latino","White","Female","Loan denied",32,425000.0,,,,3,,,,,,360,,,2,2,2,2,,1,1,3,5,1,,106.0,,3,10,3.0,5.0,2,4,6.0,8.0,2,4,3,5,2,4,65-74,9999,Yes,,1,1
"2024","99999","IN",28810.0,28810408600.0,"FHA:First Lien","Single Family (1-4 Units):Site-Built","Not Hispanic or Latino","Asian","Male","File closed for incompleteness",32,325000.0,,,,2,,,,,,240,,,2,2,2,2,275000.0,1,1,3,5,1,,102.0,,2200,2200,2.0,3.0,1,4,2.0,8.0,1,4,1,5,1,4,35-44,8888,Yes,,1,1
"2024","12054","KY",18620.0,18620461719.0,"VA:Subordinate Lien","Single Family (1-4 Units):Site-Built","Ethnicity Not Available","Race Not Available","Sex Not Available","6",32,425000.0,,,,2,,,,,,360,,,2,2,2,2,,1,1,3,5,1,,105.0,,2200,2200,2.0,3.0,1,4,2.0,8.0,1,4,1,5,1,4,35-44,8888,Yes,,1,1
"2024","99999","WI",27253.0,27253604616.0,"FHA:Subordinate Lien","Single Family (1-4 Units):Site-Built","Not Hispanic or Latino","White","Female","File closed for incompleteness",47,325000.0,,,,1,,,,,,240,,,2,2,2,2,,1,1,3,5,1,,101.0,,2500,2500,2.0,3.0,1,4,2.0,8.0,1,4,1,5,1,4,35-44,8888,Yes,,1,1
"2024","12054","OH",25554.0,25554492482.0,"Conventional:Subordinate Lien","Single Family (1-4 Units):Site-Built","Hispanic or Latino","Black or African American","Male","Loan denied",32,325000.0,,,,3,,,,,,360,,,2,2,2,2,,1,1,3,5,1,,106.0,,3,10,3.0,5.0,2,4,6.0,8.0,2,4,3,5,2,4,65-74,9999,Yes,,1,1
"2024","99999","MI",13684.0,13684648949.0,"VA:Subordinate Lien","Single Family (1-4 Units):Site-Built","Not Hispanic or Latino","Asian","Female","File closed for incompleteness",47,325000.0,,,,2,,,,,,240,,,2,2,2,2,,1,1,3,5,1,,101.0,,2500,2500,2.0,3.0,1,4,2.0,8.0,1,4,1,5,1,4,35-44,8888,Yes,,1,1
"2024","12054","IL",27265.0,27265457980.0,"FHA:Subordinate Lien","Single Family (1-4 Units):Site-Built","Ethnicity Not Available","Race Not Available","Sex Not Available","6",32,425000.0,,,,3,,,,,,360,,,2,2,2,2,,1,1,3,5,1,,106.0,,3,10,3.0,5.0,2,4,6.0,8.0,2,4,3,5,2,4,65-74,9999,Yes,,1,1
"2024","99999","IA",18493.0,18493360764.0,"VA:Subordinate Lien","Single Family (1-4 Units):Site-Built","Not Hispanic or Latino","White","Male","Loan denied",32,325000.0,,,,3,,,,,,360,,,2,2,2,2,,1,1,3,5,1,,106.0,,3,10,3.0,5.0,2,4,6.0,8.0,2,4,3,5,2,4,65-74,9999,Yes,,1,1
"2024","12054","MO",21429.0,21429473122.0,"VA:Subordinate Lien","Single Family (1-4 Units):Site-Built","Hispanic or Latino","White","Female","File closed for incompleteness",47,425000.0,,,,2,,,,,,240,,,2,2,2,2,,1,1,3,5,1,,101.0,,2500,2500,2.0,3.0,1,4,2.0,8.0,1,4,1,5,1,4,35-44,8888,Yes,,1,1
"2024","99999","KS",14182.0,14182166769.0,"FHA:Subordinate Lien","Single Family (1-4 Units):Site-Built","Not Hispanic or Latino","Asian","Male","Loan denied",32,325000.0,,,,3,,,,,,360,,,2,2,2,2,,1,1,3,5,1,,106.0,,3,10,3.0,5.0,2,4,6.0,8.0,2,4,3,5,2,4,65-74,9999,Yes,,1,1
"2024","12054","VT",19492.0,19492318579.0,"Conventional:Subordinate Lien","Single Family (1-4 Units):Site-Built","Ethnicity Not Available","Race Not Available","Sex Not Available","6",32,425000.0,,,,2,,,,,,360,,,2,2,2,2,,1,1,3,5,1,,105.0,,2200,2200,2.0,3.0,1,4,2.0,8.0,1,4,1,5,1,4,35-44,8888,Yes,,1,1
"2024","99999","ME",27519.0,27519412776.0,"VA:Subordinate Lien","Single Family (1-4 Units):Site-Built","Not Hispanic or Latino","Black or African American","Male","File closed for incompleteness",47,325000.0,,,,3,,,,,,360,,,2,2,2,2,,1,1,3,5,1,,106.0,,3,10,3.0,5.0,2,4,6.0,8.0,2,4,3,5,2,4,65-74,9999,Yes,,1,1
"2024","12054","NH",18616.0,18616616158.0,"FHA:Subordinate Lien","Single Family (1-4 Units):Site-Built","Hispanic or Latino","White","Female","File closed for incompleteness",47,325000.0,,,,2,,,,,,240,,,2,2,2,2,,1,1,3,5,1,,101.0,,2500,2500,2.0,3.0,1,4,2.0,8.0,1,4,1,5,1,4,35-44,8888,Yes,,1,1
"2024","99999","RI",23341.0,23341472184.0,"VA:Subordinate Lien","Single Family (1-4 Units):Site-Built","Not Hispanic or Latino","Asian","Male","Loan denied",32,325000.0,,,,3,,,,,,360,,,2,2,2,2,,1,1,3,5,1,,106.0,,3,10,3.0,5.0,2,4,6.0,8.0,2,4,3,5,2,4,65-74,9999,Yes,,1,1
"2024","12054","MA",27522.0,27522685731.0,"Conventional:Subordinate Lien","Single Family (1-4 Units):Site-Built","Ethnicity Not Available","Race Not Available","Sex Not Available","6",32,425000.0,,,,3,,,,,,360,,,2,2,2,2,,1,1,3,5,1,,106.0,,3,10,3.0,5.0,2,4,6.0,8.0,2,4,3,5,2,4,65-74,9999,Yes,,1,1
"2024","99999","CT",28535.0,28535731250.0,"VA:Subordinate Lien","Single Family (1-4 Units):Site-Built","Not Hispanic or Latino","Black or African American","Male","File closed for incompleteness",47,325000.0,,,,2,,,,,,240,,,2,2,2,2,,1,1,3,5,1,,101.0,,2500,2500,2.0,3.0,1,4,2.0,8.0,1,4,1,5,1,4,35-44,8888,Yes,,1,1
"2024","12054","VT",23108.0,23108761270.0,"FHA:Subordinate Lien","Single Family (1-4 Units):Site-Built","Hispanic or Latino","White","Female","File closed for incompleteness",47,325000.0,,,,1,,,,,,240,,,2,2,2,2,,1,1,3,5,1,,101.0,,2500,2500,2.0,3.0,1,4,2.0,8.0,1,4,1,5,1,4,35-44,8888,Yes,,1,1
"2024","99999","NH",27707.0,27707331457.0,"VA:Subordinate Lien","Single Family (1-4 Units):Site-Built","Not Hispanic or Latino","Asian","Male","Loan denied",32,325000.0,,,,3,,,,,,360,,,2,2,2,2,,1,1,3,5,1,,106.0,,3,10,3.0,5.0,2,4,6.0,8.0,2,4,3,5,2,4,65-74,9999,Yes,,1,1
"2024","12054","ME",24372.0,24372346740.0,"Conventional:Subordinate Lien","Single Family (1-4 Units):Site-Built","Ethnicity Not Available","Race Not Available","Sex Not Available","6",32,425000.0,,,,2,,,,,,360,,,2,2,2,2,,1,1,3,5,1,,105.0,,2200,2200,2.0,3.0,1,4,2.0,8.0,1,4,1,5,1,4,35-44,8888,Yes,,1,1
"2024","99999","MA",29221.0,29221545500.0,"VA:Subordinate Lien","Single Family (1-4 Units):Site-Built","Not Hispanic or Latino","Black or African American","Female","Loan denied",32,325000.0,,,,3,,,,,,360,,,2,2,2,2,,1,1,3,5,1,,106.0,,3,10,3.0,5.0,2,4,6.0,8.0,2,4,3,5,2,4,65-74,9999,Yes,,1,1
"2024","12054","RI",19965.0,19965117088.0,"FHA:Subordinate Lien","Single Family (1-4 Units):Site-Built","Hispanic or Latino","White","Male","File closed for incompleteness",47,325000.0,,,,2,,,,,,240,,,2,2,2,2,,1,1,3,5,1,,101.0,,2500,2500,2.0,3.0,1,4,2.0,8.0,1,4,1,5,1,4,35-44,8888,Yes,,1,1
"2024","99999","VT",21775.0,21775501700.0,"VA:Subordinate Lien","Single Family (1-4 Units):Site-Built","Not Hispanic or Latino","Asian","Male","Loan denied",32,325000.0,,,,3,,,,,,360,,,2,2,2,2,,1,1,3,5,1,,106.0,,3,10,3.0,5.0,2,4,6.0,8.0,2,4,3,5,2,4,65-74,9999,Yes,,1,1
"2024","12054","NJ",28191.0,28191400796.0,"FHA:Subordinate Lien","Single Family (1-4 Units):Site-Built","Ethnicity Not Available","Race Not Available","Sex Not Available","6",32,325000.0,,,,2,,,,,,360,,,2,2,2,2,,1,1,3,5,1,,105.0,,2200,2200,2.0,3.0,1,4,2.0,8.0,1,4,1,5,1,4,35-44,8888,Yes,,1,1
"2024","99999","MD",15663.0,15663449163.0,"Conventional:Subordinate Lien","Single Family (1-4 Units):Site-Built","Not Hispanic or Latino","Black or African American","Male","File closed for incompleteness",47,325000.0,,,,2,,,,,,240,,,2,2,2,2,,1,1,3,5,1,,101.0,,2500,2500,2.0,3.0,1,4,2.0,8.0,1,4,1,5,1,4,35-44,8888,Yes,,1,1
"2024","12054","DE",19519.0,19519381292.0,"VA:Subordinate Lien","Single Family (1-4 Units):Site-Built","Hispanic or Latino","White","Female","File closed for incompleteness",47,325000.0,,,,1,,,,,,240,,,2,2,2,2,,1,1,3,5,1,,101.0,,2500,2500,2.0,3.0,1,4,2.0,8.0,1,4,1,5,1,4,35-44,8888,Yes,,1,1
"2024","99999","DC",18452.0,18452765185.0,"FHA:Subordinate Lien","Single Family (1-4 Units):Site-Built","Not Hispanic or Latino","Asian","Male","Loan denied",32,325000.0,,,,3,,,,,,360,,,2,2,2,2,,1,1,3,5,1,,106.0,,3,10,3.0,5.0,2,4,6.0,8.0,2,4,3,5,2,4,65-74,9999,Yes,,1,1
"2024","12054","PA",18752.0,18752633537.0,"VA:Subordinate Lien","Single Family (1-4 Units):Site-Built","Ethnicity Not Available","Race Not Available","Sex Not Available","6",32,425000.0,,,,2,,,,,,360,,,2,2,2,2,,1,1,3,5,1,,105.0,,2200,2200,2.0,3.0,1,4,2.0,8.0,1,4,1,5,1,4,35-44,8888,Yes,,1,1
"2024","99999","NY",24958.0,24958323553.0,"Conventional:Subordinate Lien","Single Family (1-4 Units):Site-Built","Not Hispanic or Latino","Black or African American","Male","File closed for incompleteness",47,325000.0,,,,2,,,,,,240,,,2,2,2,2,,1,1,3,5,1,,101.0,,2500,2500,2.0,3.0,1,4,2.0,8.0,1,4,1,5,1,4,35-44,8888,Yes,,1,1
"2024","12054","CT",18439.0,18439573334.0,"VA:Subordinate Lien","Single Family (1-4 Units):Site-Built","Hispanic or Latino","White","Female","File closed for incompleteness",47,325000.0,,,,1,,,,,,240,,,2,2,2,2,,1,1,3,5,1,,101.0,,2500,2500,2.0,3.0,1,4,2.0,8.0,1,4,1,5,1,4,35-44,8888,Yes,,1,1
"2024","99999","NJ",17344.0,17344322482.0,"FHA:Subordinate Lien","Single Family (1-4 Units):Site-Built","Not Hispanic or Latino","Asian","Male","Loan denied",32,325000.0,,,,3,,,,,,360,,,2,2,2,2,,1,1,3,5,1,,106.0,,3,10,3.0,5.0,2,4,6.0,8.0,2,4,3,5,2,4,65-74,9999,Yes,,1,1
"2024","12054","MD",19628.0,19628333308.0,"VA:Subordinate Lien","Single Family (1-4 Units):Site-Built","Ethnicity Not Available","Race Not Available","Sex Not Available","6",32,425000.0,,,,2,,,,,,360,,,2,2,2,2,,1,1,3,5,1,,105.0,,2200,2200,2.0,3.0,1,4,2.0,8.0,1,4,1,5,1,4,35-44,8888,Yes,,1,1
"2024","99999","WY",24543.0,24543273413.0,"Conventional:Subordinate Lien","Single Family (1-4 Units):Site-Built","Not Hispanic or Latino","Black or African American","Male","File closed for incompleteness",47,325000.0,,,,2,,,,,,240,,,2,2,2,2,,1,1,3,5,1,,101.0,,2500,2500,2.0,3.0,1,4,2.0,8.0,1,4,1,5,1,4,35-44,8888,Yes,,1,1
"2024","Dallas-Fort Worth-Arlington, TX","48","1615","16150901200.0","FHA:First Lien","Single Family (1-4 Units):Site-Built","Not Hispanic or Latino","White","Female","File closed for incompleteness","24","70000.0","","","4","","","","","1","1","2","2","50000.0","1","1","3","5","1","","","85.0","","","1","1","2","4","3","4","35-44","9999","Yes","","","1","1"
"2024","San Francisco-Oakland-Berkeley, CA","06","031","03109010100.0","VA:First Lien","Single Family (1-4 Units):Site-Built","Hispanic or Latino","Asian","Male","Application denied","32","350000.0","","","3","","","","","2","2","2","2","300000.0","1","1","3","5","1","","","115.0","","","2","2","3","4","3","4","45-54","9999","Yes","","","1","1"
"2024","New York-Newark-Jersey City, NY-NJ-PA","35","061","06112350500.0","Conventional:Subordinate Lien","Single Family (1-4 Units):Site-Built","Not Hispanic or Latino","Black or African American","Male","File closed for incompleteness","32","30000.0","","","5","","","","","3","3","2","2","25000.0","1","1","3","5","1","","","90.0","","","3","3","4","4","2","4","18-24","9999","Yes","","","1","1"
"2024","Los Angeles-Long Beach-Anaheim, CA","06","037","03714270100.0","FHA:First Lien","Single Family (1-4 Units):Site-Built","Not Hispanic or Latino","White","Female","Application denied","32","450000.0","","","2","","","","","2","2","2","2","400000.0","1","1","3","5","1","","","105.0","","","2","2","3","4","2","4","25-34","9999","Yes","","","1","1"
"2024","Chicago-Naperville-Elgin, IL-IN-WI","17","113","11302050500.0","VA:First Lien","Single Family (1-4 Units):Site-Built","Ethnicity Not Available","Race Not Available","Sex Not Available","6","32","550000.0","","","6","","","1","1","2","2","500000.0","1","1","3","5","1","","","120.0","","","1","1","2","4","3","4","65-74","9999","Yes","","","1","1"
"2024","Washington-Baltimore-Arlington, DC-MD-VA","24","110","11033020500.0","FHA:First Lien","Single Family (1-4 Units):Site-Built","Not Hispanic or Latino","Asian","Male","File closed for incompleteness","32","80000.0","","","4","","","","","3","3","2","2","60000.0","1","1","3","5","1","","","85.0","","","1","1","2","4","4","4","45-54","9999","Yes","","","1","1"
"2024","Houston-The Woodlands-Sugar Land, TX","48","061","06104030100.0","VA:First Lien","Single Family (1-4 Units):Site-Built","Hispanic or Latino","White","Female","Application denied","32","70000.0","","","3","","","","","2","2","2","2","65000.0","1","1","3","5","1","","","110.0","","","2","2","3","4","2","4","35-44","9999","Yes","","","1","1"
"2024","Philadelphia-Camden-Wilmington, PA-NJ-DE-MD","35","061","06112101000.0","FHA:First Lien","Single Family (1-4 Units):Site-Built","Not Hispanic or Latino","Black or African American","Male","File closed for incompleteness","32","30000.0","","","5","","","","","1","1","2","2","25000.0","1","1","3","5","1","","","95.0","","","3","3","4","4","2","4","18-24","9999","Yes","","","1","1"
"2024","Dallas-Fort Worth-Arlington, TX","48","1615","16150900300.0","Conventional:First Lien","Single Family (1-4 Units):Site-Built","Hispanic or Latino","White","Female","File closed for incompleteness","32","550000.0","","","4","","","","","2","2","2","2","500000.0","1","1","3","5","1","","","105.0","","","1","1","2","4","3","4","25-34","9999","Yes","","","1","1"
"2024","Miami-Fort Lauderdale-West Palm Beach, FL","12","031","03118350500.0","FHA:First Lien","Single Family (1-4 Units):Site-Built","Not Hispanic or Latino","White","Male","Application denied","32","450000.0","","","2","","","","","3","3","2","2","400000.0","1","1","3","5","1","","","90.0","","","3","3","4","4","2","4","18-24","9999","Yes","","","1","1"
"2024","New York-Newark-Jersey City, NY-NJ-PA","35","061","06115100500.0","VA:First Lien","Single Family (1-4 Units):Site-Built","Hispanic or Latino","Asian","Female","File closed for incompleteness","32","70000.0","","","4","","","","","1","1","2","2","55000.0","1","1","3","5","1","","","80.0","","","3","3","4","4","2","4","35-44","9999","Yes","","","1","1"
"2024","Los Angeles-Long Beach-Anaheim, CA","06","037","03714110200.0","Conventional:First Lien","Single Family (1-4 Units):Site-Built","Not Hispanic or Latino","Black or African American","Male","File closed for incompleteness","32","250000.0","","","3","","","","","2","2","2","2","200000.0","1","1","3","5","1","","","100.0","","","1","1","2","4","3","4","25-34","9999","Yes","","","1","1"
"2024","Washington-Baltimore-Arlington, DC-MD-VA","24","110","11033020800.0","FHA:First Lien","Single Family (1-4 Units):Site-Built","Hispanic or Latino","Asian","Male","Application denied","32","550000.0","","","4","","","","","2","2","2","2","500000.0","1","1","3","5","1","","","115.0","","","2","2","3","4","2","4","35-44","9999","Yes","","","1","1"
"2024","Boston-Cambridge-Nashua, MA-NH","25","016","01610700700.0","Conventional:Subordinate Lien","Single Family (1-4 Units):Site-Built","Not Hispanic or Latino","White","Female","File closed for incompleteness","32","45000.0","","","5","","","","","1","1","2","2","30000.0","1","1","3","5","1","","","85.0","","","1","1","2","4","3","4","18-24","9999","Yes","","","1","1"
"2024","San Francisco-Oakland-Berkeley, CA","06","031","03109020200.0","VA:First Lien","Single Family (1-4 Units):Site-Built","Ethnicity Not Available","Race Not Available","Sex Not Available","6","32","700000.0","","","6","","","1","1","2","2","600000.0","1","1","3","5","1","","","125.0","","","1","1","2","4","3","4","65-74","9999","Yes","","","1","1"
"2024","Chicago-Naperville-Elgin, IL-IN-WI","17","113","11302050100.0","FHA:First Lien","Single Family (1-4 Units):Site-Built","Not Hispanic or Latino","Asian","Male","File closed for incompleteness","32","60000.0","","","2","","","","","2","2","2","2","50000.0","1","1","3","5","1","","","80.0","","","3","3","4","4","2","4","35-44","9999","Yes","","","1","1"
"2024","Dallas-Fort Worth-Arlington, TX","48","1615","16150900700.0","Conventional:First Lien","Single Family (1-4 Units):Site-Built","Hispanic or Latino","White","Female","Application denied","32","250000.0","","","4","","","","","3","3","2","2","200000.0","1","1","3","5","1","","","95.0","","","2","2","3","4","2","4","18-24","9999","Yes","","","1","1"
"2024","Philadelphia-Camden-Wilmington, PA-NJ-DE-MD","35","061","06112100800.0","FHA:First Lien","Single Family (1-4 Units):Site-Built","Not Hispanic or Latino","Black or African American","Male","File closed for incompleteness","32","65000.0","","","5","","","","","1","1","2","2","45000.0","1","1","3","5","1","","","90.0","","","3","3","4","4","2","4","18-24","9999","Yes","","","1","1"
"2024","San Jose-Sunnyvale-Santa Clara, CA","06","035","03511310500.0","VA:First Lien","Single Family (1-4 Units):Site-Built","Ethnicity Not Available","Race Not Available","Sex Not Available","6","32","400000.0","","","6","","","1","1","2","2","300000.0","1","1","3","5","1","","","105.0","","","1","1","2","4","3","4","65-74","9999","Yes","","","1","1"
"2024","Washington-Baltimore-Arlington, DC-MD-VA","24","110","11033020900.0","FHA:First Lien","Single Family (1-4 Units):Site-Built","Not Hispanic or Latino","Asian","Male","File closed for incompleteness","32","450000.0","","","4","","","","","2","2","2","2","400000.0","1","1","3","5","1","","","105.0","","","1","1","2","4","3","4","25-34","9999","Yes","","","1","1"
"2024","Houston-The Woodlands-Sugar Land, TX","48","061","06104030700.0","Conventional:Subordinate Lien","Single Family (1-4 Units):Site-Built","Hispanic or Latino","White","Female","Application denied","32","400000.0","","","3","","","","","3","3","2","2","350000.0","1","1","3","5","1","","","110.0","","","2","2","3","4","2","4","35-44","9999","Yes","","","1","1"
"2024","Boston-Cambridge-Nashua, MA-NH","25","016","01610700800.0","FHA:First Lien","Single Family (1-4 Units):Site-Built","Not Hispanic or Latino","White","Male","File closed for incompleteness","32","60000.0","","","5","","","","","1","1","2","2","45000.0","1","1","3","5","1","","","85.0","","","3","3","4","4","2","4","18-24","9999","Yes","","","1","1"
"2024","Los Angeles-Long Beach-Anaheim, CA","06","037","03714300100.0","VA:First Lien","Single Family (1-4 Units):Site-Built","Ethnicity Not Available","Race Not Available","Sex Not Available","6","32","250000.0","","","6","","","1","1","2","2","200000.0","1","1","3","5","1","","","100.0","","","1","1","2","4","3","4","65-74","9999","Yes","","","1","1"
"2024","Chicago-Naperville-Elgin, IL-IN-WI","17","113","11302050700.0","FHA:First Lien","Single Family (1-4 Units):Site-Built","Hispanic or Latino","White","Female","File closed for incompleteness","32","80000.0","","","4","","","","","2","2","2","2","60000.0","1","1","3","5","1","","","80.0","","","3","3","4","4","2","4","35-44","9999","Yes","","","1","1"
"2024","New York-Newark-Jersey City, NY-NJ-PA","35","061","06115100800.0","Conventional:Subordinate Lien","Single Family (1-4 Units):Site-Built","Not Hispanic or Latino","Black or African American","Male","Application denied","32","350000.0","","","5","","","","","3","3","2","2","300000.0","1","1","3","5","1","","","105.0","","","2","2","3","4","2","4","25-34","9999","Yes","","","1","1"
"2024","Dallas-Fort Worth-Arlington, TX","48","1615","16150901000.0","VA:First Lien","Single Family (1-4 Units):Site-Built","Hispanic or Latino","Asian","Male","File closed for incompleteness","32","400000.0","","","4","","","","","1","1","2","2","350000.0","1","1","3","5","1","","","110.0","","","3","3","4","4","2","4","35-44","9999","Yes","","","1","1"
"2024","Washington-Baltimore-Arlington, DC-MD-VA","24","110","11033021000.0","FHA:First Lien","Single Family (1-4 Units):Site-Built","Not Hispanic or Latino","White","Female","File closed for incompleteness","32","550000.0","","","2","","","","","2","2","2","2","500000.0","1","1","3","5","1","","","105.0","","","1","1","2","4","3","4","25-34","9999","Yes","","","1","1"
"2024","San Francisco-Oakland-Berkeley, CA","06","031","03109020400.0","Conventional:Subordinate Lien","Single Family (1-4 Units):Site-Built","Ethnicity Not Available","Race Not Available","Sex Not Available","6","32","700000.0","","","5","","","","","1","1","2","2","550000.0","1","1","3","5","1","","","125.0","","","1","1","2","4","3","4","65-74","9999","Yes","","","1","1"
"2024","Chicago-Naperville-Elgin, IL-IN-WI","17","113","11302050800.0","FHA:First Lien","Single Family (1-4 Units):Site-Built","Not Hispanic or Latino","Asian","Male","File closed for incompleteness","32","250000.0","","","4","","","","","2","2","2","2","200000.0","1","1","3","5","1","","","100.0","","","3","3","4","4","2","4","18-24","9999","Yes","","","1","1"
"2024","Los Angeles-Long Beach-Anaheim, CA","06","037","03714270400.0","VA:First Lien","Single Family (1-4 Units):Site-Built","Hispanic or Latino","White","Female","Application denied","32","450000.0","","","2","","","","","3","3","2","2","400000.0","1","1","3","5","1","","","110.0","","","2","2","3","4","2","4","35-44","9999","Yes","","","1","1"
"2024","Washington-Baltimore-Arlington, DC-MD-VA","24","110","11033021100.0","FHA:First Lien","Single Family (1-4 Units):Site-Built","Not Hispanic or Latino","Asian","Male","File closed for incompleteness","32","300000.0","","","4","","","","","1","1","2","2","250000.0","1","1","3","5","1","","","95.0","","","3","3","4","4","2","4","18-24","9999","Yes","","","1","1"
"2024","New York-Newark-Jersey City, NY-NJ-PA","35","061","06115100900.0","Conventional:Subordinate Lien","Single Family (1-4 Units):Site-Built","Ethnicity Not Available","Race Not Available","Sex Not Available","6","32","80000.0","","","5","","","","","3","3","2","2","55000.0","1","1","3","5","1","","","80.0","","","1","1","2","4","3","4","65-74","9999","Yes","","","1","1"
"2024","Boston-Cambridge-Nashua, MA-NH","25","016","01610701100.0","FHA:First Lien","Single Family (1-4 Units):Site-Built","Hispanic or Latino","White","Female","Application denied","32","60000.0","","","4","","","","","2","2","2","2","40000.0","1","1","3","5","1","","","85.0","","","2","2","3","4","2","4","18-24","9999","Yes","","","1","1"
"2024","San Francisco-Oakland-Berkeley, CA","06","031","03109020100.0","Conventional:Subordinate Lien","Single Family (1-4 Units):Site-Built","Not Hispanic or Latino","Black or African American","Male","File closed for incompleteness","32","350000.0","","","3","","","","","1","1","2","2","250000.0","1","1","3","5","1","","","95.0","","","3","3","4","4","2","4","18-24","9999","Yes","","","1","1"
"2024","Houston-The Woodlands-Sugar Land, TX","48","061","06104030500.0","FHA:First Lien","Single Family (1-4 Units):Site-Built","Ethnicity Not Available","Race Not Available","Sex Not Available","6","32","700000.0","","","6","","","1","1","2","2","500000.0","1","1","3","5","1","","","125.0","","","1","1","2","4","3","4","65-74","9999","Yes","","","1","1"
"activity_year","derived_msa-md","state_code","county_code","census_tract","derived_loan_product_type","derived_dwelling_category","derived_ethnicity","derived_race","derived_sex","action_taken","loan_purpose","loan_amount","loan_to_value_ratio","interest_rate","rate_spread","hoepa_status","total_loan_costs","total_points_and_fees","origination_charges","discount_points","lender_credits","loan_term","prepayment_penalty_term","intro_rate_period","negative_amortization","interest_only_payment","balloon_payment","other_nonamortizing_features","property_value","construction_method","occupancy_type","manufactured_home_secured_property_type","manufactured_home_land_property_interest","total_units","multifamily_affordable_units","income","debt_to_income_ratio","applicant_credit_score_type","co_applicant_credit_score_type","applicant_ethnicity-1","co_applicant_ethnicity-1","applicant_ethnicity_observed","co_applicant_ethnicity_observed","applicant_race-1","co_applicant_race-1","applicant_race_observed","co_applicant_race_observed","applicant_sex","co_applicant_sex","applicant_sex_observed","co_applicant_sex_observed","applicant_age","co_applicant_age","applicant_age_above_62","co_applicant_age_above_62","submission_of_application","initially_payable_to_institution"
"2024","Boston-Cambridge-Nashua, MA-NH", "MA", "02442", "0244200000", "Conventional:First Lien", "Single Family (1-4 Units):Site-Built", "Hispanic or Latino", "Asian", "Female", "File closed for incompleteness", "32", "187500.0", "0.7", "6.0", "1.0", "Y", "243750.0", "0.0", "0.0", "0.0", "2", "15", "2", "2", "2", "2", "0.0", "0.0", "2", "4", "1", "5", "2", "4", "45-54", "9999", "Yes", "1", "1"
"2024","Detroit-Warren-Dearborn, MI", "MI", "48093", "4809300000", "FHA:First Lien", "Single Family (1-4 Units):Site-Built", "Not Hispanic or Latino", "Black or African American", "Male", "Application denied", "32", "320000.0", "0.8", "5.5", "2.0", "N", "320000.0", "0.0", "0.0", "0.0", "2", "15", "2", "2", "2", "2", "0.0", "0.0", "2", "4", "1", "5", "2", "4", "55-64", "9999", "Yes", "1", "1"
"2024","Los Angeles-Long Beach-Anaheim, CA", "CA", "90018", "9001800000", "VA:First Lien", "Single Family (1-4 Units):Site-Built", "Not Hispanic or Latino", "White", "Female", "Loan approved but not accepted", "32", "360000.0", "0.7", "4.75", "1.0", "N", "360000.0", "0.0", "0.0", "0.0", "2", "15", "2", "2", "2", "2", "0.0", "0.0", "2", "4", "1", "5", "2", "4", "65-74", "9999", "Yes", "1", "1"
"2024","New York-Newark-Jersey City, NY-NJ-PA", "NY", "10002", "1000200000", "Conventional:First Lien", "Single Family (1-4 Units):Site-Built", "Not Hispanic or Latino", "Asian", "Male", "File closed for incompleteness", "32", "295000.0", "0.7", "4.5", "1.0", "Y", "295000.0", "0.0", "0.0", "0.0", "2", "15", "2", "2", "2", "2", "0.0", "0.0", "2", "4", "1", "5", "2", "4", "45-54", "9999", "Yes", "1", "1"
"2024","Chicago-Naperville-Elgin, IL-IN-WI", "IL", "60193", "6019300000", "FHA:First Lien", "Single Family (1-4 Units):Site-Built", "Hispanic or Latino", "White", "Female", "Loan approved but not accepted", "32", "290000.0", "0.7", "4.25", "1.0", "N", "290000.0", "0.0", "0.0", "0.0", "2", "15", "2", "2", "2", "2", "0.0", "0.0", "2", "4", "1", "5", "2", "4", "55-64", "9999", "Yes", "1", "1"
"2024","Dallas-Fort Worth-Arlington, TX", "TX", "75294", "7529400000", "Conventional:First Lien", "Single Family (1-4 Units):Site-Built", "Not Hispanic or Latino", "Black or African American", "Male", "File closed for incompleteness", "32", "245000.0", "0.7", "4.0", "1.0", "Y", "245000.0", "0.0", "0.0", "0.0", "2", "15", "2", "2", "2", "2", "0.0", "0.0", "2", "4", "1", "5", "2", "4", "45-54", "9999", "Yes", "1", "1"
"2024","Washington-Baltimore-Arlington, DC-MD-VA", "MD", "20877", "2087700000", "VA:First Lien", "Single Family (1-4 Units):Site-Built", "Not Hispanic or Latino", "White", "Female", "Application denied", "32", "325000.0", "0.8", "5.0", "2.0", "N", "325000.0", "0.0", "0.0", "0.0", "2", "15", "2", "2", "2", "2", "0.0", "0.0", "2", "4", "1", "5", "2", "4", "55-64", "9999", "Yes", "1", "1"
"2024","Houston-The Woodlands-Sugar Land, TX", "TX", "77094", "7709400000", "FHA:First Lien", "Single Family (1-4 Units):Site-Built", "Hispanic or Latino", "White", "Male", "Loan approved but not accepted", "32", "275000.0", "0.7", "4.25", "1.0", "N", "275000.0", "0.0", "0.0", "0.0", "2", "15", "2", "2", "2", "2", "0.0", "0.0", "2", "4", "1", "5", "2", "4", "65-74", "9999", "Yes", "1", "1"
"2024","Philadelphia-Camden-Wilmington, PA-NJ-DE-MD", "PA", "19113", "1911300000", "Conventional:First Lien", "Single Family (1-4 Units):Site-Built", "Not Hispanic or Latino", "Asian", "Female", "File closed for incompleteness", "32", "195000.0", "0.7", "4.0", "1.0", "Y", "195000.0", "0.0", "0.0", "0.0", "2", "15", "2", "2", "2", "2", "0.0", "0.0", "2", "4", "1", "5", "2", "4", "45-54", "9999", "Yes", "1", "1"
"2024","Phoenix-Mesa-Scottsdale, AZ", "AZ", "85032", "8503200000", "FHA:First Lien", "Single Family (1-4 Units):Site-Built", "Not Hispanic or Latino", "White", "Male", "Application denied", "32", "225000.0", "0.8", "4.5", "2.0", "N", "225000.0", "0.0", "0.0", "0.0", "2", "15", "2", "2", "2", "2", "0.0", "0.0", "2", "4", "1", "5", "2", "4", "55-64", "9999", "Yes", "1", "1"
"2024","San Francisco-Oakland-Berkeley, CA", "CA", "94609", "9460900000", "VA:First Lien", "Single Family (1-4 Units):Site-Built", "Not Hispanic or Latino", "White", "Female", "Loan approved but not accepted", "32", "275000.0", "0.7", "4.25", "1.0", "N", "275000.0", "0.0", "0.0", "0.0", "2", "15", "2", "2", "2", "2", "0.0", "0.0", "2", "4", "1", "5", "2", "4", "65-74", "9999", "Yes", "1", "1"
"2024","Seattle-Tacoma-Bellevue, WA", "WA", "98133", "9813300000", "Conventional:First Lien", "Single Family (1-4 Units):Site-Built", "Not Hispanic or Latino", "Asian", "Male", "File closed for incompleteness", "32", "240000.0", "0.7", "4.0", "1.0", "Y", "240000.0", "0.0", "0.0", "0.0", "2", "15", "2", "2", "2", "2", "0.0", "0.0", "2", "4", "1", "5", "2", "4", "45-54", "9999", "Yes", "1", "1"
"2024","San Diego-Carlsbad, CA", "CA", "92131", "9213100000", "FHA:First Lien", "Single Family (1-4 Units):Site-Built", "Hispanic or Latino", "White", "Female", "Application denied", "32", "290000.0", "0.8", "5.0", "2.0", "N", "290000.0", "0.0", "0.0", "0.0", "2", "15", "2", "2", "2", "2", "0.0", "0.0", "2", "4", "1", "5", "2", "4", "55-64", "9999", "Yes", "1", "1"
"2024","Denver-Aurora-Lakewood, CO", "CO", "80015", "8001500000", "Conventional:First Lien", "Single Family (1-4 Units):Site-Built", "Not Hispanic or Latino", "Black or African American", "Male", "File closed for incompleteness", "32", "220000.0", "0.7", "4.25", "1.0", "Y", "220000.0", "0.0", "0.0", "0.0", "2", "15", "2", "2", "2", "2", "0.0", "0.0", "2", "4", "1", "5", "2", "4", "45-54", "9999", "Yes", "1", "1"
"2024","Nashville-Davidson--Murfreesboro--Franklin, TN", "TN", "37127", "3712700000", "VA:First Lien", "Single Family (1-4 Units):Site-Built", "Not Hispanic or Latino", "Asian", "Female", "Loan approved but not accepted", "32", "285000.0", "0.7", "4.5", "1.0", "N", "285000.0", "0.0", "0.0", "0.0", "2", "15", "2", "2", "2", "2", "0.0", "0.0", "2", "4", "1", "5", "2", "4", "55-64", "9999", "Yes", "1", "1"
"2024","Minneapolis-St. Paul-Bloomington, MN-WI", "WI", "55119", "5511900000", "FHA:First Lien", "Single Family (1-4 Units):Site-Built", "Hispanic or Latino", "White", "Male", "File closed for incompleteness", "32", "260000.0", "0.7", "4.0", "1.0", "Y", "260000.0", "0.0", "0.0", "0.0", "2", "15", "2", "2", "2", "2", "0.0", "0.0", "2", "4", "1", "5", "2", "4", "45-54", "9999", "Yes", "1", "1"
"2024","Boston-Cambridge-Nashua, MA-NH", "MA", "02441", "0244100000", "Conventional:First Lien", "Single Family (1-4 Units):Site-Built", "Not Hispanic or Latino", "Black or African American", "Female", "Application denied", "32", "220000.0", "0.8", "4.5", "2.0", "N", "220000.0", "0.0", "0.0", "0.0", "2", "15", "2", "2", "2", "2", "0.0", "0.0", "2", "4", "1", "5", "2", "4", "55-64", "9999", "Yes", "1", "1"
"2024","Dallas-Fort Worth-Arlington, TX", "TX", "75216", "7521600000", "VA:First Lien", "Single Family (1-4 Units):Site-Built", "Hispanic or Latino", "White", "Male", "Loan approved but not accepted", "32", "270000.0", "0.7", "4.25", "1.0", "N", "270000.0", "0.0", "0.0", "0.0", "2", "15", "2", "2", "2", "2", "0.0", "0.0", "2", "4", "1", "5", "2", "4", "65-74", "9999", "Yes", "1", "1"
"2024","Washington-Baltimore-Arlington, DC-MD-VA", "VA", "22032", "2203200000", "Conventional:First Lien", "Single Family (1-4 Units):Site-Built", "Not Hispanic or Latino", "Asian", "Female", "File closed for incompleteness", "32", "225000.0", "0.7", "4.0", "1.0", "Y", "225000.0", "0.0", "0.0", "0.0", "2", "15", "2", "2", "2", "2", "0.0", "0.0", "2", "4", "1", "5", "2", "4", "45-54", "9999", "Yes", "1", "1"
"2024","Philadelphia-Camden-Wilmington, PA-NJ-DE-MD", "PA", "19110", "1911000000", "FHA:First Lien", "Single Family (1-4 Units):Site-Built", "Hispanic or Latino", "White", "Male", "Application denied", "32", "240000.0", "0.8", "4.5", "2.0", "N", "240000.0", "0.0", "0.0", "0.0", "2", "15", "2", "2", "2", "2", "0.0", "0.0", "2", "4", "1", "5", "2", "4", "55-64", "9999", "Yes", "1", "1"
"2024","Houston-The Woodlands-Sugar Land, TX", "TX", "77077", "7707700000", "VA:First Lien", "Single Family (1-4 Units):Site-Built", "Not Hispanic or Latino", "Black or African American", "Female", "Loan approved but not accepted", "32", "275000.0", "0.7", "4.25", "1.0", "N", "275000.0", "0.0", "0.0", "0.0", "2", "15", "2", "2", "2", "2", "0.0", "0.0", "2", "4", "1", "5", "2", "4", "65-74", "9999", "Yes", "1", "1"
"2024","San Francisco-Oakland-Berkeley, CA", "CA", "94602", "9460200000", "Conventional:First Lien", "Single Family (1-4 Units):Site-Built", "Not Hispanic or Latino", "White", "Male", "File closed for incompleteness", "32", "295000.0", "0.7", "4.0", "1.0", "Y", "295000.0", "0.0", "0.0", "0.0", "2", "15", "2", "2", "2", "2", "0.0", "0.0", "2", "4", "1", "5", "2", "4", "45-54", "9999", "Yes", "1", "1"
"2024","Seattle-Tacoma-Bellevue, WA", "WA", "98112", "9811200000", "FHA:First Lien", "Single Family (1-4 Units):Site-Built", "Hispanic or Latino", "White", "Female", "Application denied", "32", "240000.0", "0.8", "4.5", "2.0", "N", "240000.0", "0.0", "0.0", "0.0", "2", "15", "2", "2", "2", "2", "0.0", "0.0", "2", "4", "1", "5", "2", "4", "55-64", "9999", "Yes", "1", "1"
"2024","San Diego-Carlsbad, CA", "CA", "92014", "9201400000", "Conventional:First Lien", "Single Family (1-4 Units):Site-Built", "Not Hispanic or Latino", "Asian", "Male", "Loan approved but not accepted", "32", "260000.0", "0.7", "4.25", "1.0", "N", "260000.0", "0.0", "0.0", "0.0", "2", "15", "2", "2", "2", "2", "0.0", "0.0", "2", "4", "1", "5", "2", "4", "65-74", "9999", "Yes", "1", "1"
"2024","Phoenix-Mesa-Scottsdale, AZ", "AZ", "85012", "8501200000", "FHA:First Lien", "Single Family (1-4 Units):Site-Built", "Hispanic or Latino", "Black or African American", "Female", "File closed for incompleteness", "32", "230000.0", "0.8", "4.5", "2.0", "Y", "230000.0", "0.0", "0.0", "0.0", "2", "15", "2", "2", "2", "2", "0.0", "0.0", "2", "4", "1", "5", "2", "4", "55-64", "9999", "Yes", "1", "1"
"2024","Los Angeles-Long Beach-Anaheim, CA", "CA", "90016", "9001600000", "Conventional:First Lien", "Single Family (1-4 Units):Site-Built", "Not Hispanic or Latino", "White", "Male", "Application denied", "32", "300000.0", "0.7", "4.0", "1.0", "N", "300000.0", "0.0", "0.0", "0.0", "2", "15", "2", "2", "2", "2", "0.0", "0.0", "2", "4", "1", "5", "2", "4", "65-74", "9999", "Yes", "1", "1"
"2024","Chicago-Naperville-Elgin, IL-IN-WI", "IL", "60186", "6018600000", "FHA:First Lien", "Single Family (1-4 Units):Site-Built", "Not Hispanic or Latino", "Asian", "Female", "Loan approved but not accepted", "32", "250000.0", "0.7", "4.25", "1.0", "N", "250000.0", "0.0", "0.0", "0.0", "2", "15", "2", "2", "2", "2", "0.0", "0.0", "2", "4", "1", "5", "2", "4", "55-64", "9999", "Yes", "1", "1"
"2024","Dallas-Fort Worth-Arlington, TX", "TX", "75249", "7524900000", "Conventional:First Lien", "Single Family (1-4 Units):Site-Built", "Hispanic or Latino", "White", "Male", "File closed for incompleteness", "32", "220000.0", "0.7", "4.0", "1.0", "Y", "220000.0", "0.0", "0.0", "0.0", "2", "15", "2", "2", "2", "2", "0.0", "0.0", "2", "4", "1", "5", "2", "4", "45-54", "9999", "Yes", "1", "1"
"2024","Washington-Baltimore-Arlington, DC-MD-VA", "VA", "22028", "2202800000", "VA:First Lien", "Single Family (1-4 Units):Site-Built", "Not Hispanic or Latino", "Asian", "Female", "Application denied", "32", "290000.0", "0.8", "4.5", "2.0", "N", "290000.0", "0.0", "0.0", "0.0", "2", "15", "2", "2", "2", "2", "0.0", "0.0", "2", "4", "1", "5", "2", "4", "55-64", "9999", "Yes", "1", "1"
"2024","Philadelphia-Camden-Wilmington, PA-NJ-DE-MD", "PA", "19107", "1910700000", "FHA:First Lien", "Single Family (1-4 Units):Site-Built", "Hispanic or Latino", "White", "Male", "Loan approved but not accepted", "32", "260000.0", "0.7", "4.25", "1.0", "N", "260000.0", "0.0", "0.0", "0.0", "2", "15", "2", "2", "2", "2", "0.0", "0.0", "2", "4", "1", "5", "2", "4", "65-74", "9999", "Yes", "1", "1"
"2024","Houston-The Woodlands-Sugar Land, TX", "TX", "77024", "7702400000", "Conventional:First Lien", "Single Family (1-4 Units):Site-Built", "Not Hispanic or Latino", "Black or African American", "Female", "File closed for incompleteness", "32", "240000.0", "0.7", "4.0", "1.0", "Y", "240000.0", "0.0", "0.0", "0.0", "2", "15", "2", "2", "2", "2", "0.0", "0.0", "2", "4", "1", "5", "2", "4", "45-54", "9999", "Yes", "1", "1"
"2024","San Francisco-Oakland-Berkeley, CA", "CA", "94605", "9460500000", "VA:First Lien", "Single Family (1-4 Units):Site-Built", "Not Hispanic or Latino", "Asian", "Male", "Loan approved but not accepted", "32", "290000.0", "0.7", "4.25", "1.0", "N", "290000.0", "0.0", "0.0", "0.0", "2", "15", "2", "2", "2", "2", "0.0", "0.0", "2", "4", "1", "5", "2", "4", "55-64", "9999", "Yes", "1", "1"
"2024","Seattle-Tacoma-Bellevue, WA", "WA", "98107", "9810700000", "FHA:First Lien", "Single Family (1-4 Units):Site-Built", "Hispanic or Latino", "White", "Female", "Application denied", "32", "270000.0", "0.8", "4.5", "2.0", "N", "270000.0", "0.0", "0.0", "0.0", "2", "15", "2", "2", "2", "2", "0.0", "0.0", "2", "4", "1", "5", "2", "4", "65-74", "9999", "Yes", "1", "1"
"2024","San Diego-Carlsbad, CA", "CA", "92009", "9200900000", "Conventional:First Lien", "Single Family (1-4 Units):Site-Built", "Not Hispanic or Latino", "Black or African American", "Male", "File closed for incompleteness", "32", "230000.0", "0.7", "4.0", "1.0", "Y", "230000.0", "0.0", "0.0", "0.0", "2", "15", "2", "2", "2", "2", "0.0", "0.0", "2", "4", "1", "5", "2", "4", "45-54", "9999", "Yes", "1", "1"
"2024","Phoenix-Mesa-Scottsdale, AZ", "AZ", "85013", "8501300000", "FHA:First Lien", "Single Family (1-4 Units):Site-Built", "Hispanic or Latino", "White", "Female", "Application denied", "32", "260000.0", "0.8", "4.5", "2.0", "N", "260000.0", "0.0", "0.0", "0.0", "2", "15", "2", "2", "2", "2", "0.0", "0.0", "2", "4", "1", "5", "2", "4", "55-64", "9999", "Yes", "1", "1"
"2024","Los Angeles-Long Beach-Anaheim, CA", "CA", "90011", "9001100000", "VA:First Lien", "Single Family (1-4 Units):Site-Built", "Not Hispanic or Latino", "Asian", "Male", "Loan approved but not accepted", "32", "285000.0", "0.7", "4.25", "1.0", "N", "285000.0", "0.0", "0.0", "0.0", "2", "15", "2", "2", "2", "2", "0.0", "0.0", "2", "4", "1", "5", "2", "4", "65-74", "9999", "Yes", "1", "1"
"2024","Chicago-Naperville-Elgin, IL-IN-WI", "IL", "60195", "6019500000", "Conventional:First Lien", "Single Family (1-4 Units):Site-Built", "Hispanic or Latino", "White", "Female", "File closed for incompleteness", "32", "240000.0", "0.7", "4.0", "1.0", "Y", "240000.0", "0.0", "0.0", "0.0", "2", "15", "2", "2", "2", "2", "0.0", "0.0", "2", "4", "1", "5", "2", "4", "45-54", "9999", "Yes", "1", "1"
"2024","Dallas-Fort Worth-Arlington, TX", "TX", "75218", "7521800000", "FHA:First Lien", "Single Family (1-4 Units):Site-Built", "Not Hispanic or Latino", "Black or African American", "Male", "Application denied", "32", "250000.0", "0.8", "4.5", "2.0", "N", "250000.0", "0.0", "0.0", "0.0", "2", "15", "2", "2", "2", "2", "0.0", "0.0", "2", "4", "1", "5", "2", "4", "55-64", "9999", "Yes", "1", "1"
"2024","Washington-Baltimore-Arlington, DC-MD-VA", "VA", "22191", "2219100000", "Conventional:First Lien", "Single Family (1-4 Units):Site-Built", "Not Hispanic or Latino", "Asian", "Female", "Loan approved but not accepted", "32", "270000.0", "0.7", "4.25", "1.0", "N", "270000.0", "0.0", "0.0", "0.0", "2", "15", "2", "2", "2", "2", "0.0", "0.0", "2", "4", "1", "5", "2", "4", "65-74", "9999", "Yes", "1", "1"
"2024","Philadelphia-Camden-Wilmington, PA-NJ-DE-MD", "PA", "19109", "1910900000", "VA:First Lien", "Single Family (1-4 Units):Site-Built", "Hispanic or Latino", "White", "Male", "File closed for incompleteness", "32", "290000.0", "0.7", "4.0", "1.0", "Y", "290000.0", "0.0", "0.0", "0.0", "2", "15", "2", "2", "2", "2", "0.0", "0.0", "2", "4", "1", "5", "2", "4", "45-54", "9999", "Yes", "1", "1"
"2024","Houston-The Woodlands-Sugar Land, TX", "TX", "77026", "7702600000", "FHA:First Lien", "Single Family (1-4 Units):Site-Built", "Not Hispanic or Latino", "Black or African American", "Female", "Application denied", "32", "260000.0", "0.8", "4.5", "2.0", "N", "260000.0", "0.0", "0.0", "0.0", "2", "15", "2", "2", "2", "2", "0.0", "0.0", "2", "4", "1", "5", "2", "4", "55-64", "9999", "Yes", "1", "1"
"2024","San Francisco-Oakland-Berkeley, CA", "CA", "94603", "9460300000", "VA:First Lien", "Single Family (1-4 Units):Site-Built", "Not Hispanic or Latino", "Asian", "Male", "Loan approved but not accepted", "32", "285000.0", "0.7", "4.25", "1.0", "N", "285000.0", "0.0", "0.0", "0.0", "2", "15", "2", "2", "2", "2", "0.0", "0.0", "2", "4", "1", "5", "2", "4", "65-74", "9999", "Yes", "1", "1"
2024,99999,FL,18524.0,18524132300.0,Conventional:Subordinate Lien,Single Family (1-4 Units):Site-Built,Hispanic or Latino,Asian,Female,File closed for incompleteness,42,42000.0,,,,3,,,,,,240,,,2,2,2,2,,1,1,3,5,1,,96.0,,1111,1111,2.0,5.0,2,4,5.0,8.0,2,4,1,5,2,4,65-74,9999,Yes,,1,1
2024,12054,NC,25216.0,25216094400.0,FHA:First Lien,Single Family (1-4 Units):Site-Built,Not Hispanic or Latino,Black or African American,Male,Application approved with conditions,35,280000.0,,,,3,,,,,,360,,,2,2,2,2,,1,1,3,5,1,,108.0,,3,10,3.0,5.0,2,4,6.0,8.0,2,4,3,5,2,4,45-54,9999,Yes,,1,1
2024,99999,IL,38735.0,38735653300.0,VA:First Lien,Single Family (1-4 Units):Site-Built,Not Hispanic or Latino,White,Male,Loan funded,29,395000.0,,,,3,,,,,,240,,,2,2,2,2,,1,1,3,5,1,,96.0,,1111,1111,2.0,5.0,2,4,5.0,8.0,2,4,1,5,2,4,45-54,9999,Yes,,1,1
2024,12054,TX,29045.0,29045444900.0,FHA:First Lien,Single Family (1-4 Units):Site-Built,Ethnicity Not Available,Race Not Available,Sex Not Available,Application denied,30,310000.0,,,,3,,,,,,360,,,2,2,2,2,,1,1,3,5,1,,108.0,,3,10,3.0,5.0,2,4,6.0,8.0,2,4,3,5,2,4,55-64,9999,Yes,,1,1
2024,99999,OH,15582.0,15582368500.0,Conventional:Subordinate Lien,Single Family (1-4 Units):Site-Built,Not Hispanic or Latino,Asian,Female,File closed for incompleteness,38,38000.0,,,,3,,,,,,240,,,2,2,2,2,,1,1,3,5,1,,96.0,,1111,1111,2.0,5.0,2,4,5.0,8.0,2,4,1,5,2,4,25-34,9999,Yes,,1,1
2024,12054,GA,11121.0,11121114929.0,FHA:First Lien,Single Family (1-4 Units):Site-Built,Hispanic or Latino,White,Male,Loan funded,33,330000.0,,,,3,,,,,,360,,,2,2,2,2,,1,1,3,5,1,,108.0,,3,10,3.0,5.0,2,4,6.0,8.0,2,4,3,5,2,4,65-74,9999,Yes,,1,1
2024,99999,CA,42046.0,42046710600.0,Conventional:Subordinate Lien,Single Family (1-4 Units):Site-Built,Not Hispanic or Latino,White,Female,Application denied,32,410000.0,,,,3,,,,,,240,,,2,2,2,2,,1,1,3,5,1,,96.0,,1111,1111,2.0,5.0,2,4,5.0,8.0,2,4,1,5,2,4,45-54,9999,Yes,,1,1
2024,12054,SC,62222.0,62222541700.0,FHA:First Lien,Single Family (1-4 Units):Site-Built,Not Hispanic or Latino,Black or African American,Male,Loan funded,36,620000.0,,,,3,,,,,,360,,,2,2,2,2,,1,1,3,5,1,,108.0,,3,10,3.0,5.0,2,4,6.0,8.0,2,4,3,5,2,4,25-34,9999,Yes,,1,1
2024,99999,CO,30780.0,30780552200.0,VA:First Lien,Single Family (1-4 Units):Site-Built,Not Hispanic or Latino,Asian,Female,Application approved with conditions,40,315000.0,,,,3,,,,,,240,,,2,2,2,2,,1,1,3,5,1,,96.0,,1111,1111,2.0,5.0,2,4,5.0,8.0,2,4,1,5,2,4,55-64,9999,Yes,,1,1
2024,12054,MI,55231.0,55231334100.0,FHA:First Lien,Single Family (1-4 Units):Site-Built,Hispanic or Latino,White,Male,File closed for incompleteness,31,570000.0,,,,3,,,,,,360,,,2,2,2,2,,1,1,3,5,1,,108.0,,3,10,3.0,5.0,2,4,6.0,8.0,2,4,3,5,2,4,45-54,9999,Yes,,1,1
2024,99999,AL,85029.0,85029576000.0,Conventional:Subordinate Lien,Single Family (1-4 Units):Site-Built,Not Hispanic or Latino,Asian,Female,Loan funded,39,870000.0,,,,3,,,,,,240,,,2,2,2,2,,1,1,3,5,1,,96.0,,1111,1111,2.0,5.0,2,4,5.0,8.0,2,4,1,5,2,4,25-34,9999,Yes,,1,1
2024,12054,LA,14040.0,14040766700.0,FHA:First Lien,Single Family (1-4 Units):Site-Built,Not Hispanic or Latino,White,Male,Application denied,34,145000.0,,,,3,,,,,,360,,,2,2,2,2,,1,1,3,5,1,,108.0,,3,10,3.0,5.0,2,4,6.0,8.0,2,4,3,5,2,4,65-74,9999,Yes,,1,1
2024,99999,MO,18001.0,18001925000.0,VA:First Lien,Single Family (1-4 Units):Site-Built,Hispanic or Latino,White,Male,File closed for incompleteness,41,185000.0,,,,3,,,,,,240,,,2,2,2,2,,1,1,3,5,1,,96.0,,1111,1111,2.0,5.0,2,4,5.0,8.0,2,4,1,5,2,4,45-54,9999,Yes,,1,1
2024,12054,FL,42757.0,42757472500.0,FHA:First Lien,Single Family (1-4 Units):Site-Built,Not Hispanic or Latino,Black or African American,Male,Application approved with conditions,37,435000.0,,,,3,,,,,,360,,,2,2,2,2,,1,1,3,5,1,,108.0,,3,10,3.0,5.0,2,4,6.0,8.0,2,4,3,5,2,4,65-74,9999,Yes,,1,1
2024,99999,TX,53678.0,53678875100.0,Conventional:Subordinate Lien,Single Family (1-4 Units):Site-Built,Hispanic or Latino,White,Male,Loan funded,35,540000.0,,,,3,,,,,,240,,,2,2,2,2,,1,1,3,5,1,,96.0,,1111,1111,2.0,5.0,2,4,5.0,8.0,2,4,1,5,2,4,55-64,9999,Yes,,1,1
2024,12054,GA,18045.0,18045554700.0,FHA:First Lien,Single Family (1-4 Units):Site-Built,Not Hispanic or Latino,White,Female,File closed for incompleteness,43,185000.0,,,,3,,,,,,360,,,2,2,2,2,,1,1,3,5,1,,108.0,,3,10,3.0,5.0,2,4,6.0,8.0,2,4,3,5,2,4,45-54,9999,Yes,,1,1
2024,99999,CA,41800.0,41800763200.0,VA:First Lien,Single Family (1-4 Units):Site-Built,Hispanic or Latino,Asian,Female,Application denied,31,420000.0,,,,3,,,,,,240,,,2,2,2,2,,1,1,3,5,1,,96.0,,1111,1111,2.0,5.0,2,4,5.0,8.0,2,4,1,5,2,4,25-34,9999,Yes,,1,1
2024,12054,SC,67072.0,67072434300.0,FHA:First Lien,Single Family (1-4 Units):Site-Built,Not Hispanic or Latino,Black or African American,Male,Loan funded,38,675000.0,,,,3,,,,,,360,,,2,2,2,2,,1,1,3,5,1,,108.0,,3,10,3.0,5.0,2,4,6.0,8.0,2,4,3,5,2,4,45-54,9999,Yes,,1,1
2024,99999,CO,55583.0,55583653200.0,Conventional:Subordinate Lien,Single Family (1-4 Units):Site-Built,Ethnicity Not Available,Race Not Available,Sex Not Available,Application approved with conditions,42,570000.0,,,,3,,,,,,240,,,2,2,2,2,,1,1,3,5,1,,96.0,,1111,1111,2.0,5.0,2,4,5.0,8.0,2,4,1,5,2,4,25-34,9999,Yes,,1,1
2024,12054,MI,25315.0,25315490200.0,FHA:First Lien,Single Family (1-4 Units):Site-Built,Not Hispanic or Latino,Asian,Female,File closed for incompleteness,40,260000.0,,,,3,,,,,,360,,,2,2,2,2,,1,1,3,5,1,,108.0,,3,10,3.0,5.0,2,4,6.0,8.0,2,4,3,5,2,4,55-64,9999,Yes,,1,1
2024,99999,AL,92080.0,92080571400.0,Conventional:Subordinate Lien,Single Family (1-4 Units):Site-Built,Not Hispanic or Latino,White,Male,Loan funded,36,930000.0,,,,3,,,,,,240,,,2,2,2,2,,1,1,3,5,1,,96.0,,1111,1111,2.0,5.0,2,4,5.0,8.0,2,4,1,5,2,4,65-74,9999,Yes,,1,1
2024,12054,LA,13087.0,13087693100.0,FHA:First Lien,Single Family (1-4 Units):Site-Built,Hispanic or Latino,White,Male,Application denied,33,135000.0,,,,3,,,,,,360,,,2,2,2,2,,1,1,3,5,1,,108.0,,3,10,3.0,5.0,2,4,6.0,8.0,2,4,3,5,2,4,45-54,9999,Yes,,1,1
2024,99999,MO,33298.0,33298467200.0,VA:First Lien,Single Family (1-4 Units):Site-Built,Not Hispanic or Latino,Asian,Female,File closed for incompleteness,44,340000.0,,,,3,,,,,,240,,,2,2,2,2,,1,1,3,5,1,,96.0,,1111,1111,2.0,5.0,2,4,5.0,8.0,2,4,1,5,2,4,55-64,9999,Yes,,1,1
2024,12054,FL,61873.0,61873659300.0,FHA:First Lien,Single Family (1-4 Units):Site-Built,Not Hispanic or Latino,White,Male,Application approved with conditions,39,625000.0,,,,3,,,,,,360,,,2,2,2,2,,1,1,3,5,1,,108.0,,3,10,3.0,5.0,2,4,6.0,8.0,2,4,3,5,2,4,25-34,9999,Yes,,1,1
2024,99999,TX,50858.0,50858504100.0,Conventional:Subordinate Lien,Single Family (1-4 Units):Site-Built,Not Hispanic or Latino,Black or African American,Male,Loan funded,41,515000.0,,,,3,,,,,,240,,,2,2,2,2,,1,1,3,5,1,,96.0,,1111,1111,2.0,5.0,2,4,5.0,8.0,2,4,1,5,2,4,65-74,9999,Yes,,1,1
2024,12054,GA,21044.0,21044659700.0,FHA:First Lien,Single Family (1-4 Units):Site-Built,Not Hispanic or Latino,White,Female,File closed for incompleteness,42,215000.0,,,,3,,,,,,360,,,2,2,2,2,,1,1,3,5,1,,108.0,,3,10,3.0,5.0,2,4,6.0,8.0,2,4,3,5,2,4,45-54,9999,Yes,,1,1
2024,99999,CA,49847.0,49847657700.0,VA:First Lien,Single Family (1-4 Units):Site-Built,Not Hispanic or Latino,Asian,Female,Application denied,34,505000.0,,,,3,,,,,,240,,,2,2,2,2,,1,1,3,5,1,,96.0,,1111,1111,2.0,5.0,2,4,5.0,8.0,2,4,1,5,2,4,25-34,9999,Yes,,1,1
2024,12054,SC,50195.0,50195540600.0,FHA:First Lien,Single Family (1-4 Units):Site-Built,Not Hispanic or Latino,Black or African American,Male,Loan funded,37,505000.0,,,,3,,,,,,360,,,2,2,2,2,,1,1,3,5,1,,108.0,,3,10,3.0,5.0,2,4,6.0,8.0,2,4,3,5,2,4,55-64,9999,Yes,,1,1
2024,99999,CO,78473.0,78473232400.0,Conventional:Subordinate Lien,Single Family (1-4 Units):Site-Built,Not Hispanic or Latino,White,Male,Application approved with conditions,43,790000.0,,,,3,,,,,,240,,,2,2,2,2,,1,1,3,5,1,,96.0,,1111,1111,2.0,5.0,2,4,5.0,8.0,2,4,1,5,2,4,65-74,9999,Yes,,1,1
2024,12054,MI,38291.0,38291113500.0,FHA:First Lien,Single Family (1-4 Units):Site-Built,Not Hispanic or Latino,Asian,Female,File closed for incompleteness,44,385000.0,,,,3,,,,,,360,,,2,2,2,2,,1,1,3,5,1,,108.0,,3,10,3.0,5.0,2,4,6.0,8.0,2,4,3,5,2,4,45-54,9999,Yes,,1,1
2024,99999,AL,34295.0,34295562500.0,VA:First Lien,Single Family (1-4 Units):Site-Built,Not Hispanic or Latino,Black or African American,Male,Loan funded,40,350000.0,,,,3,,,,,,240,,,2,2,2,2,,1,1,3,5,1,,96.0,,1111,1111,2.0,5.0,2,4,5.0,8.0,2,4,1,5,2,4,55-64,9999,Yes,,1,1
2024,12054,LA,37096.0,37096586400.0,FHA:First Lien,Single Family (1-4 Units):Site-Built,Not Hispanic or Latino,White,Male,Application denied,38,375000.0,,,,3,,,,,,360,,,2,2,2,2,,1,1,3,5,1,,108.0,,3,10,3.0,5.0,2,4,6.0,8.0,2,4,3,5,2,4,25-34,9999,Yes,,1,1
2024,99999,MO,21093.0,21093333400.0,Conventional:Subordinate Lien,Single Family (1-4 Units):Site-Built,Not Hispanic or Latino,Asian,Female,File closed for incompleteness,45,215000.0,,,,3,,,,,,240,,,2,2,2,2,,1,1,3,5,1,,96.0,,1111,1111,2.0,5.0,2,4,5.0,8.0,2,4,1,5,2,4,65-74,9999,Yes,,1,1
"activity_year","derived_msa-md","state_code","county_code","census_tract","derived_loan_product_type","derived_dwelling_category","derived_ethnicity","derived_race","derived_sex","action_taken","loan_purpose","loan_amount","loan_to_value_ratio","interest_rate","rate_spread","hoepa_status","total_loan_costs","total_points_and_fees","origination_charges","discount_points","lender_credits","loan_term","prepayment_penalty_term","intro_rate_period","negative_amortization","interest_only_payment","balloon_payment","other_nonamortizing_features","property_value","construction_method","occupancy_type","manufactured_home_secured_property_type","manufactured_home_land_property_interest","total_units","multifamily_affordable_units","income","debt_to_income_ratio","applicant_credit_score_type","co_applicant_credit_score_type","applicant_ethnicity-1","co-applicant_ethnicity-1","applicant_ethnicity_observed","co-applicant_ethnicity_observed","applicant_race-1","co-applicant_race-1","applicant_race_observed","co-applicant_race_observed","applicant_sex","co-applicant_sex","applicant_sex_observed","co-applicant_sex_observed","applicant_age","co-applicant_age","applicant_age_above_62","co-applicant_age_above_62","submission_of_application","initially_payable_to_institution"
"2024","Dallas-Fort Worth-Arlington, TX","48","058","482100550000","Conventional:Subordinate Lien","Single Family (1-4 Units):Manufactured Home","Not Hispanic or Latino","White","Male","File closed for incompleteness","32","22000","0.2","3.0","2","0","0","0","0","0","2","2","2","2","3","1","5","1","96.0","0","0","0","0","1","1","2","3","4","5","65-74","9999","Yes","1","1"
"2024","Los Angeles-Long Beach-Anaheim, CA","06","031","061160435000","FHA:First Lien","Single Family (1-4 Units):Site-Built","Hispanic or Latino","Asian","Female","6","32","305000","0.3","2.0","2","0","0","0","0","0","0","2","2","2","2","2","1","4","1","111.0","0","0","0","0","1","1","2","3","4","5","25-34","9999","No","1","1"
"2024","New York-Newark-Jersey City, NY-NJ-PA","24","061","240100900000","VA:First Lien","Single Family (1-4 Units):Manufactured Home","Not Hispanic or Latino","Black or African American","Male","Application denied","32","270000","0.25","2.5","2","0","0","0","0","0","0","2","2","2","2","4","1","5","1","108.0","0","0","0","0","1","1","2","3","4","5","45-54","9999","Yes","1","1"
"2024","Chicago-Naperville-Elgin, IL-IN-WI","17","113","170010210000","Conventional:First Lien","Single Family (1-4 Units):Site-Built","Hispanic or Latino","White","Female","6","32","245000","0.2","3.5","2","0","0","0","0","0","0","2","2","2","2","3","1","5","1","96.0","0","0","0","0","1","1","2","3","4","5","35-44","9999","No","1","1"
"2024","Houston-The Woodlands-Sugar Land, TX","48","057","480130020000","FHA:Subordinate Lien","Single Family (1-4 Units):Manufactured Home","Not Hispanic or Latino","Asian","Male","File closed for incompleteness","32","20000","0.25","2.0","2","0","0","0","0","0","0","2","2","2","2","2","1","4","1","111.0","0","0","0","0","1","1","2","3","4","5","65-74","9999","Yes","1","1"
"2024","Washington-Baltimore-Arlington, DC-MD-VA","24","035","240130010000","Conventional:Subordinate Lien","Single Family (1-4 Units):Manufactured Home","Not Hispanic or Latino","White","Female","6","32","22000","0.2","3.0","2","0","0","0","0","0","0","2","2","2","2","3","1","5","1","96.0","0","0","0","0","1","1","2","3","4","5","25-34","9999","No","1","1"
"2024","Phoenix-Mesa-Chandler, AZ","04","003","040140530000","VA:First Lien","Single Family (1-4 Units):Site-Built","Not Hispanic or Latino","White","Male","File closed for incompleteness","32","310000","0.25","2.5","2","0","0","0","0","0","0","0","0","0","0","3","1","5","1","108.0","0","0","0","0","1","1","2","3","4","5","45-54","9999","Yes","1","1"
"2024","San Jose-Sunnyvale-Santa Clara, CA","06","019","060510340000","FHA:Subordinate Lien","Single Family (1-4 Units):Site-Built","Hispanic or Latino","Asian","Female","6","32","300000","0.2","3.5","2","0","0","0","0","0","0","0","0","0","0","0","2","1","5","1","96.0","0","0","0","0","1","1","2","3","4","5","35-44","9999","No","1","1"
"2024","Seattle-Tacoma-Bellevue, WA","18","031","180120470000","Conventional:First Lien","Single Family (1-4 Units):Manufactured Home","Not Hispanic or Latino","Black or African American","Male","File closed for incompleteness","32","21000","0.25","2.0","2","0","0","0","0","0","0","0","0","0","0","3","1","5","1","96.0","0","0","0","0","1","1","2","3","4","5","65-74","9999","Yes","1","1"
"2024","Boston-Cambridge-Nashua, MA-NH","25","017","250100220000","VA:First Lien","Single Family (1-4 Units):Site-Built","Not Hispanic or Latino","White","Female","Application denied","32","240000","0.25","2.5","2","0","0","0","0","0","0","0","0","0","0","3","1","5","1","108.0","0","0","0","0","1","1","2","3","4","5","45-54","9999","Yes","1","1"
"2024","Miami-Fort Lauderdale-West Palm Beach, FL","12","011","120100570000","FHA:Subordinate Lien","Single Family (1-4 Units):Manufactured Home","Not Hispanic or Latino","White","Male","File closed for incompleteness","32","25000","0.2","3.0","2","0","0","0","0","0","0","0","0","0","0","3","1","5","1","96.0","0","0","0","0","1","1","2","3","4","5","25-34","9999","No","1","1"
"2024","Dallas-Fort Worth-Arlington, TX","48","058","480130010000","Conventional:First Lien","Single Family (1-4 Units):Site-Built","Not Hispanic or Latino","Asian","Female","6","32","230000","0.25","2.5","2","0","0","0","0","0","0","2","2","2","2","3","1","5","1","108.0","0","0","0","0","1","1","2","3","4","5","35-44","9999","No","1","1"
"2024","Los Angeles-Long Beach-Anaheim, CA","06","031","061160435000","VA:First Lien","Single Family (1-4 Units):Site-Built","Hispanic or Latino","White","Male","File closed for incompleteness","32","330000","0.25","2.5","2","0","0","0","0","0","0","0","0","0","0","4","1","5","1","108.0","0","0","0","0","1","1","2","3","4","5","45-54","9999","Yes","1","1"
"2024","New York-Newark-Jersey City, NY-NJ-PA","24","061","240100900000","FHA:Subordinate Lien","Single Family (1-4 Units):Manufactured Home","Not Hispanic or Latino","Black or African American","Female","6","32","260000","0.2","3.0","2","0","0","0","0","0","0","2","2","2","2","3","1","5","1","96.0","0","0","0","0","1","1","2","3","4","5","25-34","9999","No","1","1"
"2024","Chicago-Naperville-Elgin, IL-IN-WI","17","113","170010210000","Conventional:First Lien","Single Family (1-4 Units):Site-Built","Hispanic or Latino","Asian","Male","File closed for incompleteness","32","240000","0.25","2.5","2","0","0","0","0","0","0","0","0","0","0","3","1","5","1","108.0","0","0","0","0","1","1","2","3","4","5","35-44","9999","Yes","1","1"
"2024","Houston-The Woodlands-Sugar Land, TX","48","057","480130020000","VA:First Lien","Single Family (1-4 Units):Manufactured Home","Not Hispanic or Latino","White","Female","6","32","210000","0.25","2.0","2","0","0","0","0","0","0","0","0","0","0","3","1","5","1","96.0","0","0","0","0","1","1","2","3","4","5","25-34","9999","No","1","1"
"2024","Washington-Baltimore-Arlington, DC-MD-VA","24","035","240130010000","FHA:Subordinate Lien","Single Family (1-4 Units):Manufactured Home","Not Hispanic or Latino","Asian","Male","File closed for incompleteness","32","20000","0.2","3.0","2","0","0","0","0","0","0","0","0","0","3","1","5","1","96.0","0","0","0","0","1","1","2","3","4","5","65-74","9999","Yes","1","1"
"2024","Phoenix-Mesa-Chandler, AZ","04","003","040140530000","Conventional:Subordinate Lien","Single Family (1-4 Units):Site-Built","Not Hispanic or Latino","Black or African American","Female","6","32","290000","0.25","2.5","2","0","0","0","0","0","0","0","0","0","0","0","3","1","5","1","108.0","0","0","0","0","1","1","2","3","4","5","45-54","9999","Yes","1","1"
"2024","San Jose-Sunnyvale-Santa Clara, CA","06","019","060510340000","VA:First Lien","Single Family (1-4 Units):Manufactured Home","Hispanic or Latino","White","Male","File closed for incompleteness","32","310000","0.25","2.0","2","0","0","0","0","0","0","0","0","0","0","3","1","5","1","96.0","0","0","0","0","1","1","2","3","4","5","35-44","9999","No","1","1"
"2024","Seattle-Tacoma-Bellevue, WA","18","031","180120470000","FHA:Subordinate Lien","Single Family (1-4 Units):Site-Built","Not Hispanic or Latino","Asian","Female","6","32","310000","0.2","3.5","2","0","0","0","0","0","0","0","0","0","0","3","1","5","1","96.0","0","0","0","0","1","1","2","3","4","5","35-44","9999","Yes","1","1"
"2024","Boston-Cambridge-Nashua, MA-NH","25","017","250100220000","VA:Subordinate Lien","Single Family (1-4 Units):Manufactured Home","Hispanic or Latino","White","Male","Application denied","32","280000","0.25","2.5","2","0","0","0","0","0","0","0","0","0","0","3","1","5","1","108.0","0","0","0","0","1","1","2","3","4","5","45-54","9999","Yes","1","1"
"2024","Miami-Fort Lauderdale-West Palm Beach, FL","12","011","120100570000","FHA:First Lien","Single Family (1-4 Units):Manufactured Home","Not Hispanic or Latino","White","Female","File closed for incompleteness","32","290000","0.2","3.0","2","0","0","0","0","0","0","0","0","0","0","4","1","5","1","96.0","0","0","0","0","1","1","2","3","4","5","25-34","9999","No","1","1"
"2024","Dallas-Fort Worth-Arlington, TX","48","058","480130010000","Conventional:Subordinate Lien","Single Family (1-4 Units):Site-Built","Not Hispanic or Latino","Asian","Female","6","32","230000","0.25","2.0","2","0","0","0","0","0","0","2","2","2","2","3","1","5","1","96.0","0","0","0","0","1","1","2","3","4","5","35-44","9999","Yes","1","1"
"2024","Los Angeles-Long Beach-Anaheim, CA","06","031","061160435000","VA:Subordinate Lien","Single Family (1-4 Units):Manufactured Home","Hispanic or Latino","Asian","Male","Application denied","32","280000","0.25","2.5","2","0","0","0","0","0","0","0","0","0","0","4","1","5","1","108.0","0","0","0","0","1","1","2","3","4","5","45-54","9999","Yes","1","1"
"2024","New York-Newark-Jersey City, NY-NJ-PA","24","061","240100900000","FHA:Subordinate Lien","Single Family (1-4 Units):Site-Built","Not Hispanic or Latino","Black or African American","Female","6","32","240000","0.2","3.0","2","0","0","0","0","0","0","0","0","0","0","3","1","5","1","96.0","0","0","0","0","1","1","2","3","4","5","25-34","9999","No","1","1"
"2024","Chicago-Naperville-Elgin, IL-IN-WI","17","113","170010210000","Conventional:Subordinate Lien","Single Family (1-4 Units):Manufactured Home","Hispanic or Latino","Asian","Male","File closed for incompleteness","32","270000","0.25","2.5","2","0","0","0","0","0","0","0","0","0","0","3","1","5","1","108.0","0","0","0","0","1","1","2","3","4","5","35-44","9999","Yes","1","1"
"2024","Houston-The Woodlands-Sugar Land, TX","48","057","480130020000","FHA:Subordinate Lien","Single Family (1-4 Units):Manufactured Home","Not Hispanic or Latino","Asian","Female","6","32","310000","0.2","3.0","2","0","0","0","0","0","0","0","0","0","0","3","1","5","1","96.0","0","0","0","0","1","1","2","3","4","5","25-34","9999","No","1","1"
"2024","Washington-Baltimore-Arlington, DC-MD-VA","24","035","240130010000","VA:Subordinate Lien","Single Family (1-4 Units):Manufactured Home","Not Hispanic or Latino","White","Male","File closed for incompleteness","32","240000","0.25","2.0","2","0","0","0","0","0","0","0","0","0","0","3","1","5","1","96.0","0","0","0","0","1","1","2","3","4","5","65-74","9999","Yes","1","1"
"2024","Phoenix-Mesa-Chandler, AZ","04","003","040140530000","FHA:Subordinate Lien","Single Family (1-4 Units):Manufactured Home","Not Hispanic or Latino","Black or African American","Female","6","32","330000","0.2","3.5","2","0","0","0","0","0","0","0","0","0","0","4","1","5","1","96.0","0","0","0","0","1","1","2","3","4","5","45-54","9999","Yes","1","1"
"2024","San Jose-Sunnyvale-Santa Clara, CA","06","019","060510340000","VA:Subordinate Lien","Single Family (1-4 Units):Manufactured Home","Not Hispanic or Latino","Asian","Male","Application denied","32","310000","0.25","2.5","2","0","0","0","0","0","0","0","0","0","0","3","1","5","1","108.0","0","0","0","0","1","1","2","3","4","5","35-44","9999","Yes","1","1"
"2024","Seattle-Tacoma-Bellevue, WA","18","031","180120470000","FHA:Subordinate Lien","Single Family (1-4 Units):Manufactured Home","Not Hispanic or Latino","White","Female","File closed for incompleteness","32","310000","0.2","3.0","2","0","0","0","0","0","0","0","0","0","0","3","1","5","1","96.0","0","0","0","0","1","1","2","3","4","5","25-34","9999","No","1","1"
"2024","Boston-Cambridge-Nashua, MA-NH","25","017","250100220000","VA:Subordinate Lien","Single Family (1-4 Units):Manufactured Home","Hispanic or Latino","White","Male","File closed for incompleteness","32","260000","0.25","2.5","2","0","0","0","0","0","0","0","0","0","0","3","1","5","1","108.0","0","0","0","0","1","1","2","3","4","5","45-54","9999","Yes","1","1"
"2024","Miami-Fort Lauderdale-West Palm Beach, FL","12","011","120100570000","FHA:Subordinate Lien","Single Family (1-4 Units):Manufactured Home","Not Hispanic or Latino","Asian","Female","Application denied","32","290000","0.2","3.0","2","0","0","0","0","0","0","0","0","0","0","4","1","5","1","96.0","0","0","0","0","1","1","2","3","4","5","25-34","9999","No","1","1"
"2024","Dallas-Fort Worth-Arlington, TX","48","058","480130010000","VA:Subordinate Lien","Single Family (1-4 Units):Manufactured Home","Not Hispanic or Latino","White","Male","File closed for incompleteness","32","260000","0.25","2.5","2","0","0","0","0","0","0","0","0","0","0","3","1","5","1","108.0","0","0","0","0","1","1","2","3","4","5","35-44","9999","Yes","1","1"
"2024","Los Angeles-Long Beach-Anaheim, CA","06","031","061160435000","FHA:Subordinate Lien","Single Family (1-4 Units):Manufactured Home","Not Hispanic or Latino","Asian","Female","6","32","300000","0.25","2.0","2","0","0","0","0","0","0","0","0","0","0","3","1","5","1","96.0","0","0","0","0","1","1","2","3","4","5","25-34","9999","No","1","1"
"2024","New York-Newark-Jersey City, NY-NJ-PA","24","061","240100900000","FHA:Subordinate Lien","Single Family (1-4 Units):Manufactured Home","Hispanic or Latino","White","Male","Application denied","32","230000","0.25","2.5","2","0","0","0","0","0","0","0","0","0","0","3","1","5","1","108.0","0","0","0","0","1","1","2","3","4","5","45-54","9999","Yes","1","1"
"2024","Chicago-Naperville-Elgin, IL-IN-WI","17","113","170010210000","VA:Subordinate Lien","Single Family (1-4 Units):Site-Built","Not Hispanic or Latino","Asian","Male","6","32","270000","0.25","2.0","2","0","0","0","0","0","0","0","0","0","0","3","1","5","1","96.0","0","0","0","0","1","1","2","3","4","5","35-44","9999","No","1","1"
"2024","Houston-The Woodlands-Sugar Land, TX","48","057","480130020000","FHA:Subordinate Lien","Single Family (1-4 Units):Manufactured Home","Not Hispanic or Latino","Black or African American","Female","File closed for incompleteness","32","240000","0.2","3.0","2","0","0","0","0","0","0","0","0","0","0","3","1","5","1","96.0","0","0","0","0","1","1","2","3","4","5","25-34","9999","No","1","1"
"2024","Washington-Baltimore-Arlington, DC-MD-VA","24","035","240130010000","VA:Subordinate Lien","Single Family (1-4 Units):Manufactured Home","Not Hispanic or Latino","White","Male","Application denied","32","310000","0.25","2.5","2","0","0","0","0","0","0","0","0","0","0","3","1","5","1","108.0","0","0","0","0","1","1","2","3","4","5","45-54","9999","Yes","1","1"
"2024","Phoenix-Mesa-Chandler, AZ","04","003","040140530000","FHA:Subordinate Lien","Single Family (1-4 Units):Manufactured Home","Not Hispanic or Latino","Asian","Female","6","32","260000","0.25","2.0","2","0","0","0","0","0","0","0","0","0","0","3","1","5","1","96.0","0","0","0","0","1","1","2","3","4","5","35-44","9999","No","1","1"
"2024","San Jose-Sunnyvale-Santa Clara, CA","06","019","060510340000","VA:Subordinate Lien","Single Family (1-4 Units):Manufactured Home","Hispanic or Latino","White","Male","File closed for incompleteness","32","290000","0.25","2.5","2","0","0","0","0","0","0","0","0","0","0","3","1","5","1","108.0","0","0","0","0","1","1","2","3","4","5","45-54","9999","Yes","1","1"
"2024","Seattle-Tacoma-Bellevue, WA","18","031","180120470000","FHA:Subordinate Lien","Single Family (1-4 Units):Manufactured Home","Not Hispanic or Latino","Asian","Female","6","32","310000","0.25","2.0","2","0","0","0","0","0","0","0","0","0","0","3","1","5","1","96.0","0","0","0","0","1","1","2","3","4","5","25-34","9999","No","1","1"
"2024","Boston-Cambridge-Nashua, MA-NH","25","017","250100220000","FHA:Subordinate Lien","Single Family (1-4 Units):Manufactured Home","Not Hispanic or Latino","Black or African American","Male","Application denied","32","240000","0.25","2.5","2","0","0","0","0","0","0","0","0","0","0","3","1","5","1","108.0","0","0","0","0","1","1","2","3","4","5","45-54","9999","Yes","1","1"
"2024","Miami-Fort Lauderdale-West Palm Beach, FL","12","011","120100570000","VA:Subordinate Lien","Single Family (1-4 Units):Manufactured Home","Not Hispanic or Latino","White","Female","File closed for incompleteness","32","260000","0.2","3.0","2","0","0","0","0","0","0","0","0","0","0","3","1","5","1","96.0","0","0","0","0","1","1","2","3","4","5","25-34","9999","No","1","1"
"2024","Dallas-Fort Worth-Arlington, TX","48","058","480130010000","FHA:Subordinate Lien","Single Family (1-4 Units):Manufactured Home","Not Hispanic or Latino","Asian","Male","File closed for incompleteness","32","310000","0.25","2.5","2","0","0","0","0","0","0","0","0","0","0","3","1","5","1","108.0","0","0","0","0","1","1","2","3","4","5","35-44","9999","Yes","1","1"
"2024","Los Angeles-Long Beach-Anaheim, CA","06","031","061160435000","FHA:Subordinate Lien","Single Family (1-4 Units):Manufactured Home","Hispanic or Latino","Asian","Female","Application denied","32","270000","0.25","2.0","2","0","0","0","0","0","0","0","0","0","0","3","1","5","1","96.0","0","0","0","0","1","1","2","3","4","5","45-54","9999","Yes","1","1"
"2024","New York-Newark-Jersey City, NY-NJ-PA","24","061","240100900000","FHA:Subordinate Lien","Single Family (1-4 Units):Manufactured Home","Not Hispanic or Latino","Black or African American","Male","File closed for incompleteness","32","240000","0.2","3.0","2","0","0","0","0","0","0","0","0","0","0","3","1","5","1","96.0","0","0","0","0","1","1","2","3","4","5","25-34","9999","No","1","1"
"2024","Chicago-Naperville-Elgin, IL-IN-WI","17","113","170010210000","FHA:Subordinate Lien","Single Family (1-4 Units):Manufactured Home","Hispanic or Latino","White","Female","Application denied","32","260000","0.25","2.5","2","0","0","0","0","0","0","0","0","0","0","3","1","5","1","108.0","0","0","0","0","1","1","2","3","4","5","45-54","9999","Yes","1","1"
"2024","Houston-The Woodlands-Sugar Land, TX","48","057","480130020000","FHA:Subordinate Lien","Single Family (1-4 Units):Manufactured Home","Not Hispanic or Latino","Asian","Male","File closed for incompleteness","32","290000","0.2","3.0","2","0","0","0","0","0","0","0","0","0","0","3","1","5","1","96.0","0","0","0","0","1","1","2","3","4","5","25-34","9999","No","1","1"
"2024","Washington-Baltimore-Arlington, DC-MD-VA","24","035","240130010000","FHA:Subordinate Lien","Single Family (1-4 Units):Manufactured Home","Not Hispanic or Latino","White","Female","Application denied","32","240000","0.25","2.5","2","0","0","0","0","0","0","0","0","0","0","3","1","5","1","108.0","0","0","0","0","1","1","2","3","4","5","45-54","9999","Yes","1","1"
"2024","Phoenix-Mesa-Chandler, AZ","04","003","040140530000","FHA:Subordinate Lien","Single Family (1-4 Units):Manufactured Home","Not Hispanic or Latino","Asian","Female","6","32","310000","0.25","2.0","2","0","0","0","0","0","0","0","0","0","0","3","1","5","1","96.0","0","0","0","0","1","1","2","3","4","5","35-44","9999","No","1","1"
"2024","San Jose-Sunnyvale-Santa Clara, CA","06","019","060510340000","FHA:Subordinate Lien","Single Family (1-4 Units):Manufactured Home","Hispanic or Latino","White","Male","Application denied","32","290000","0.25","2.5","2","0","0","0","0","0","0","0","0","0","0","3","1","5","1","108.0","0","0","0","0","1","1","2","3","4","5","45-54","9999","Yes","1","1"
"2024","Seattle-Tacoma-Bellevue, WA","18","031","180120470000","FHA:Subordinate Lien","Single Family (1-4 Units):Manufactured Home","Not Hispanic or Latino","Asian","Female","File closed for incompleteness","32","310000","0.25","2.5","2","0","0","0","0","0","0","0","0","0","0","3","1","5","1","108.0","0","0","0","0","1","1","2","3","4","5","25-34","9999","No","1","1"
"2024","Boston-Cambridge-Nashua, MA-NH","25","017","250100220000","FHA:Subordinate Lien","Single Family (1-4 Units):Manufactured Home","Hispanic or Latino","White","Male","Application denied","32","260000","0.25","2.5","2","0","0","0","0","0","0","0","0","0","0","3","1","5","1","108.0","0","0","0","0","1","1","2","3","4","5","45-54","9999","Yes","1","1"
"2024","Miami-Fort Lauderdale-West Palm Beach, FL","12","011","120100570000","FHA:Subordinate Lien","Single Family (1-4 Units):Manufactured Home","Not Hispanic or Latino","Asian","Female","File closed for incompleteness","32","250000","0.25","2.0","2","0","0","0","0","0","0","0","0","0","0","3","1","5","1","96.0","0","0","0","0","1","1","2","3","4","5","25-34","9999","No","1","1"
"2024","475","NY","2120.0","21204129600.0","Conventional:First Lien","Single Family (1-4 Units):Site-Built","Hispanic or Latino","White","Female","File closed for incompleteness","15","23000.0","2.5","3.375","0","0","4800.0","3400.0","1400.0","0","5000.0","15","360","5","6","0","0","0","0","0","2","2","2","2","0","1","0","1","62-64","9999","Yes","2","1"
"2024","99999","CA","11233.0","11233026100.0","FHA:First Lien","Single Family (1-4 Units):Site-Built","Not Hispanic or Latino","White","Male","7","32","280000.0","3.75","4.5","0","0","62400.0","82400.0","0","0","0","30","360","5","6","0","0","0","0","0","2","2","2","2","0","1","0","1","65-74","9999","Yes","2","1"
"2024","12054","TX","9292.0","92923026900.0","VA:First Lien","Single Family (1-4 Units):Site-Built","Ethnicity Not Available","Race Not Available","Sex Not Available","Application denied","32","395000.0","4","4.5","0","0","7200.0","4000.0","1200.0","0","3000.0","15","360","5","6","0","0","0","0","0","2","2","2","2","0","1","0","1","65-74","9999","Yes","2","1"
"2024","16000","FL","12421.0","12421107000.0","Conventional:Subordinate Lien","Single Family (1-4 Units):Site-Built","Not Hispanic or Latino","Black or African American","Female","7","32","21000.0","3.75","4.5","0","0","4800.0","3400.0","1400.0","0","5000.0","15","360","5","6","0","0","0","0","0","2","2","2","2","0","1","0","1","62-64","9999","Yes","2","1"
"2024","7744","IL","4567.0","45670003500.0","FHA:Subordinate Lien","Single Family (1-4 Units):Site-Built","Hispanic or Latino","White","Male","File closed for incompleteness","32","245000.0","2.5","3.375","0","0","4800.0","3400.0","1400.0","0","5000.0","15","360","5","6","0","0","0","0","0","2","2","2","2","0","1","0","1","65-74","9999","Yes","2","1"
"2024","99999","OH","13121.0","13121010529.0","Conventional:First Lien","Single Family (1-4 Units):Site-Built","Not Hispanic or Latino","American Indian or Alaska Native","Female","6","32","220000.0","3.75","4.5","0","0","62400.0","82400.0","0","0","0","30","360","5","6","0","0","0","0","0","2","2","2","2","0","1","0","1","65-74","9999","Yes","2","1"
"2024","16000","MN","4488.0","44884012000.0","VA:First Lien","Single Family (1-4 Units):Site-Built","Ethnicity Not Available","Race Not Available","Sex Not Available","Application denied","32","375000.0","4","4.5","0","0","7200.0","4000.0","1200.0","0","3000.0","15","360","5","6","0","0","0","0","0","2","2","2","2","0","1","0","1","65-74","9999","Yes","2","1"
"2024","16200","AZ","12342.0","12342072000.0","FHA:First Lien","Single Family (1-4 Units):Site-Built","Not Hispanic or Latino","White","Male","7","32","275000.0","3.75","4.5","0","0","62400.0","82400.0","0","0","0","30","360","5","6","0","0","0","0","0","2","2","2","2","0","1","0","1","65-74","9999","Yes","2","1"
"2024","7744","CO","5432.0","54320002500.0","Conventional:Subordinate Lien","Single Family (1-4 Units):Site-Built","Hispanic or Latino","White","Female","File closed for incompleteness","32","25000.0","2.5","3.375","0","0","4800.0","3400.0","1400.0","0","5000.0","15","360","5","6","0","0","0","0","0","2","2","2","2","0","1","0","1","62-64","9999","Yes","2","1"
"2024","99999","NV","11233.0","11233026100.0","VA:First Lien","Single Family (1-4 Units):Site-Built","Not Hispanic or Latino","White","Male","7","32","285000.0","3.75","4.5","0","0","7200.0","4000.0","1200.0","0","3000.0","15","360","5","6","0","0","0","0","0","2","2","2","2","0","1","0","1","65-74","9999","Yes","2","1"
"2024","16000","GA","13121.0","13121010529.0","FHA:Subordinate Lien","Single Family (1-4 Units):Site-Built","Hispanic or Latino","Black or African American","Female","File closed for incompleteness","32","240000.0","2.5","3.375","0","0","4800.0","3400.0","1400.0","0","5000.0","15","360","5","6","0","0","0","0","0","2","2","2","2","0","1","0","1","62-64","9999","Yes","2","1"
"2024","7744","IN","12342.0","12342072000.0","VA:First Lien","Single Family (1-4 Units):Site-Built","Ethnicity Not Available","Race Not Available","Sex Not Available","Application denied","32","380000.0","4","4.5","0","0","7200.0","4000.0","1200.0","0","3000.0","15","360","5","6","0","0","0","0","0","2","2","2","2","0","1","0","1","65-74","9999","Yes","2","1"
"2024","99999","UT","4488.0","44884012000.0","Conventional:Subordinate Lien","Single Family (1-4 Units):Site-Built","Not Hispanic or Latino","White","Male","7","32","260000.0","3.75","4.5","0","0","62400.0","82400.0","0","0","0","30","360","5","6","0","0","0","0","0","2","2","2","2","0","1","0","1","65-74","9999","Yes","2","1"
"2024","16000","NC","5432.0","54320002500.0","FHA:First Lien","Single Family (1-4 Units):Site-Built","Hispanic or Latino","White","Female","File closed for incompleteness","32","230000.0","2.5","3.375","0","0","4800.0","3400.0","1400.0","0","5000.0","15","360","5","6","0","0","0","0","0","2","2","2","2","0","1","0","1","62-64","9999","Yes","2","1"
"2024","7744","SC","12342.0","12342072000.0","VA:Subordinate Lien","Single Family (1-4 Units):Site-Built","Ethnicity Not Available","Race Not Available","Sex Not Available","Application denied","32","345000.0","4","4.5","0","0","7200.0","4000.0","1200.0","0","3000.0","15","360","5","6","0","0","0","0","0","2","2","2","2","0","1","0","1","65-74","9999","Yes","2","1"
"2024","99999","AR","11233.0","11233026100.0","Conventional:Subordinate Lien","Single Family (1-4 Units):Site-Built","Not Hispanic or Latino","White","Male","7","32","290000.0","3.75","4.5","0","0","62400.0","82400.0","0","0","0","30","360","5","6","0","0","0","0","0","2","2","2","2","0","1","0","1","65-74","9999","Yes","2","1"
"2024","16000","TN","13121.0","13121010529.0","FHA:Subordinate Lien","Single Family (1-4 Units):Site-Built","Hispanic or Latino","Black or African American","Female","File closed for incompleteness","32","245000.0","2.5","3.375","0","0","4800.0","3400.0","1400.0","0","5000.0","15","360","5","6","0","0","0","0","0","2","2","2","2","0","1","0","1","62-64","9999","Yes","2","1"
"2024","7744","KY","12342.0","12342072000.0","VA:First Lien","Single Family (1-4 Units):Site-Built","Not Hispanic or Latino","White","Male","7","32","275000.0","3.75","4.5","0","0","7200.0","4000.0","1200.0","0","3000.0","15","360","5","6","0","0","0","0","0","2","2","2","2","0","1","0","1","65-74","9999","Yes","2","1"
"2024","99999","LA","4488.0","44884012000.0","Conventional:Subordinate Lien","Single Family (1-4 Units):Site-Built","Ethnicity Not Available","Race Not Available","Sex Not Available","Application denied","32","325000.0","4","4.5","0","0","7200.0","4000.0","1200.0","0","3000.0","15","360","5","6","0","0","0","0","0","2","2","2","2","0","1","0","1","65-74","9999","Yes","2","1"
"2024","16000","AL","5432.0","54320002500.0","FHA:First Lien","Single Family (1-4 Units):Site-Built","Not Hispanic or Latino","White","Male","7","32","280000.0","3.75","4.5","0","0","62400.0","82400.0","0","0","0","30","360","5","6","0","0","0","0","0","2","2","2","2","0","1","0","1","65-74","9999","Yes","2","1"
"2024","7744","MS","12342.0","12342072000.0","VA:Subordinate Lien","Single Family (1-4 Units):Site-Built","Hispanic or Latino","Black or African American","Female","File closed for incompleteness","32","220000.0","2.5","3.375","0","0","4800.0","3400.0","1400.0","0","5000.0","15","360","5","6","0","0","0","0","0","2","2","2","2","0","1","0","1","62-64","9999","Yes","2","1"
"2024","99999","MO","11233.0","11233026100.0","Conventional:Subordinate Lien","Single Family (1-4 Units):Site-Built","Not Hispanic or Latino","White","Male","7","32","290000.0","3.75","4.5","0","0","62400.0","82400.0","0","0","0","30","360","5","6","0","0","0","0","0","2","2","2","2","0","1","0","1","65-74","9999","Yes","2","1"
"2024","16000","OK","13121.0","13121010529.0","FHA:First Lien","Single Family (1-4 Units):Site-Built","Hispanic or Latino","White","Female","File closed for incompleteness","32","245000.0","2.5","3.375","0","0","4800.0","3400.0","1400.0","0","5000.0","15","360","5","6","0","0","0","0","0","2","2","2","2","0","1","0","1","62-64","9999","Yes","2","1"
"2024","7744","WV","4488.0","44884012000.0","Conventional:Subordinate Lien","Single Family (1-4 Units):Site-Built","Not Hispanic or Latino","American Indian or Alaska Native","Male","7","32","255000.0","3.75","4.5","0","0","62400.0","82400.0","0","0","0","30","360","5","6","0","0","0","0","0","2","2","2","2","0","1","0","1","65-74","9999","Yes","2","1"
"2024","99999","WI","5432.0","54320002500.0","VA:First Lien","Single Family (1-4 Units):Site-Built","Ethnicity Not Available","Race Not Available","Sex Not Available","Application denied","32","375000.0","4","4.5","0","0","7200.0","4000.0","1200.0","0","3000.0","15","360","5","6","0","0","0","0","0","2","2","2","2","0","1","0","1","65-74","9999","Yes","2","1"
"2024","16000","VT","12342.0","12342072000.0","FHA:Subordinate Lien","Single Family (1-4 Units):Site-Built","Hispanic or Latino","White","Male","7","32","235000.0","3.75","4.5","0","0","62400.0","82400.0","0","0","0","30","360","5","6","0","0","0","0","0","2","2","2","2","0","1","0","1","65-74","9999","Yes","2","1"
"2024","7744","NH","11233.0","11233026100.0","Conventional:First Lien","Single Family (1-4 Units):Site-Built","Not Hispanic or Latino","White","Female","File closed for incompleteness","32","240000.0","2.5","3.375","0","0","4800.0","3400.0","1400.0","0","5000.0","15","360","5","6","0","0","0","0","0","2","2","2","2","0","1","0","1","62-64","9999","Yes","2","1"
"2024","99999","ME","13121.0","13121010529.0","VA:Subordinate Lien","Single Family (1-4 Units):Site-Built","Ethnicity Not Available","Race Not Available","Sex Not Available","Application denied","32","310000.0","4","4.5","0","0","7200.0","4000.0","1200.0","0","3000.0","15","360","5","6","0","0","0","0","0","2","2","2","2","0","1","0","1","65-74","9999","Yes","2","1"
"2024","16000","RI","4488.0","44884012000.0","Conventional:Subordinate Lien","Single Family (1-4 Units):Site-Built","Hispanic or Latino","White","Male","7","32","235000.0","3.75","4.5","0","0","62400.0","82400.0","0","0","0","30","360","5","6","0","0","0","0","0","2","2","2","2","0","1","0","1","65-74","9999","Yes","2","1"
"2024","7744","MA","5432.0","54320002500.0","FHA:First Lien","Single Family (1-4 Units):Site-Built","Ethnicity Not Available","Race Not Available","Sex Not Available","File closed for incompleteness","32","380000.0","4","4.5","0","0","7200.0","4000.0","1200.0","0","3000.0","15","360","5","6","0","0","0","0","0","2","2","2","2","0","1","0","1","65-74","9999","Yes","2","1"
"2024","99999","VT","12342.0","12342072000.0","VA:Subordinate Lien","Single Family (1-4 Units):Site-Built","Not Hispanic or Latino","Black or African American","Female","File closed for incompleteness","32","285000.0","2.5","3.375","0","0","4800.0","3400.0","1400.0","0","5000.0","15","360","5","6","0","0","0","0","0","2","2","2","2","0","1","0","1","62-64","9999","Yes","2","1"
"2024","16000","NH","11233.0","11233026100.0","Conventional:Subordinate Lien","Single Family (1-4 Units):Site-Built","Hispanic or Latino","White","Male","7","32","250000.0","3.75","4.5","0","0","62400.0","82400.0","0","0","0","30","360","5","6","0","0","0","0","0","2","2","2","2","0","1","0","1","65-74","9999","Yes","2","1"
"2024","7744","ME","13121.0","13121010529.0","FHA:First Lien","Single Family (1-4 Units):Site-Built","Not Hispanic or Latino","White","Female","File closed for incompleteness","32","235000.0","2.5","3.375","0","0","4800.0","3400.0","1400.0","0","5000.0","15","360","5","6","0","0","0","0","0","2","2","2","2","0","1","0","1","62-64","9999","Yes","2","1"
"2024","99999","RI","4488.0","44884012000.0","VA:Subordinate Lien","Single Family (1-4 Units):Site-Built","Ethnicity Not Available","Race Not Available","Sex Not Available","Application denied","32","305000.0","4","4.5","0","0","7200.0","4000.0","1200.0","0","3000.0","15","360","5","6","0","0","0","0","0","2","2","2","2","0","1","0","1","65-74","9999","Yes","2","1"
"2024","16000","MA","5432.0","54320002500.0","Conventional:Subordinate Lien","Single Family (1-4 Units):Site-Built","Not Hispanic or Latino","White","Male","7","32","285000.0","3.75","4.5","0","0","62400.0","82400.0","0","0","0","30","360","5","6","0","0","0","0","0","2","2","2","2","0","1","0","1","65-74","9999","Yes","2","1"
"2024","7744","VT","12342.0","12342072000.0","FHA:Subordinate Lien","Single Family (1-4 Units):Site-Built","Hispanic or Latino","Black or African American","Female","File closed for incompleteness","32","230000.0","2.5","3.375","0","0","4800.0","3400.0","1400.0","0","5000.0","15","360","5","6","0","0","0","0","0","2","2","2","2","0","1","0","1","62-64","9999","Yes","2","1"
"2024","99999","NH","11233.0","11233026100.0","VA:Subordinate Lien","Single Family (1-4 Units):Site-Built","Not Hispanic or Latino","American Indian or Alaska Native","Male","7","32","235000.0","3.75","4.5","0","0","62400.0","82400.0","0","0","0","30","360","5","6","0","0","0","0","0","2","2","2","2","0","1","0","1","65-74","9999","Yes","2","1"
"2024","16000","ME","4488.0","44884012000.0","FHA:Subordinate Lien","Single Family (1-4 Units):Site-Built","Ethnicity Not Available","Race Not Available","Sex Not Available","Application denied","32","305000.0","4","4.5","0","0","7200.0","4000.0","1200.0","0","3000.0","15","360","5","6","0","0","0","0","0","2","2","2","2","0","1","0","1","65-74","9999","Yes","2","1"
"2024","7744","RI","12342.0","12342072000.0","VA:Subordinate Lien","Single Family (1-4 Units):Site-Built","Hispanic or Latino","White","Female","File closed for incompleteness","32","285000.0","2.5","3.375","0","0","4800.0","3400.0","1400.0","0","5000.0","15","360","5","6","0","0","0","0","0","2","2","2","2","0","1","0","1","62-64","9999","Yes","2","1"
"2024","99999","MA","13121.0","13121010529.0","FHA:Subordinate Lien","Single Family (1-4 Units):Site-Built","Not Hispanic or Latino","White","Male","7","32","235000.0","3.75","4.5","0","0","62400.0","82400.0","0","0","0","30","360","5","6","0","0","0","0","0","2","2","2","2","0","1","0","1","65-74","9999","Yes","2","1"
