activity_year,derived_msa-md,state_code,county_code,census_tract,derived_loan_product_type,derived_dwelling_category,derived_ethnicity,derived_race,derived_sex,action_taken,loan_purpose,loan_amount,loan_to_value_ratio,interest_rate,rate_spread,hoepa_status,total_loan_costs,total_points_and_fees,origination_charges,discount_points,lender_credits,loan_term,prepayment_penalty_term,intro_rate_period,negative_amortization,interest_only_payment,balloon_payment,other_nonamortizing_features,property_value,construction_method,occupancy_type,manufactured_home_secured_property_type,manufactured_home_land_property_interest,total_units,multifamily_affordable_units,income,debt_to_income_ratio,applicant_credit_score_type,co-applicant_credit_score_type,applicant_ethnicity-1,co-applicant_ethnicity-1,applicant_ethnicity_observed,co-applicant_ethnicity_observed,applicant_race-1,co-applicant_race-1,applicant_race_observed,co-applicant_race_observed,applicant_sex,co-applicant_sex,applicant_sex_observed,co-applicant_sex_observed,applicant_age,co-applicant_age,applicant_age_above_62,co-applicant_age_above_62,submission_of_application,initially_payable_to_institution
2024,"100,000-499,999","56","050","12345","Conventional","1-4 Family","White","White","Female","Approved","Purchase","150000","0.7","4.5","0","150000","0","0","0","0","5000","15","1","0","0","0","0","200000","Site Built Single Family Home","Occupy","0","0","0","2","1","1","1","1","Female","1","1","1","1","1","1","40","0","42","Individual, Owner"
2024,"100,000-499,999","56","050","12345","FHA","1-4 Family","Asian","Asian","Male","Approved","Purchase","120000","0.8","4.2","0","120000","0","0","0","0","4500","15","1","0","0","0","0","180000","Site Built Single Family Home","Occupy","0","0","0","2","1","1","1","1","Male","1","1","1","1","1","1","35","0","36","Individual, Owner"
2024,"100,000-499,999","56","050","12345","Conventional","2-4 Unit","Black or African American","Black or African American","Female","Approved","Purchase","250000","0.7","4.8","0","250000","0","0","0","0","10000","15","1","0","0","0","0","300000","Site Built Single Family Home","Occupy","0","0","0","3","1","1","1","1","Female","1","1","1","1","1","1","30","0","30","Individual, Owner"
2024,"100,000-499,999","56","050","12345","VA","1-4 Family","White","White","Male","Approved","Purchase","180000","0.9","4.1","0","180000","0","0","0","0","7000","15","1","0","0","0","0","220000","Site Built Single Family Home","Occupy","0","0","0","2","1","1","1","1","Male","1","1","1","1","1","1","45","0","45","Individual, Owner"
2024,"100,000-499,999","56","050","12345","FHA","1-4 Family","Hispanic or Latino","Hispanic or Latino","Female","Approved","Purchase","140000","0.8","4.5","0","140000","0","0","0","0","5000","15","1","0","0","0","0","200000","Site Built Single Family Home","Occupy","0","0","0","2","1","1","1","1","Female","1","1","1","1","1","1","38","0","38","Individual, Owner"
2024,"100,000-499,999","56","050","12345","Conventional","1-4 Family","Asian","Asian","Male","Approved","Purchase","220000","0.9","4.9","0","220000","0","0","0","0","10000","15","1","0","0","0","0","280000","Site Built Single Family Home","Occupy","0","0","0","3","1","1","1","1","Male","1","1","1","1","1","1","32","0","32","Individual, Owner"
2024,"100,000-499,999","56","050","12345","VA","1-4 Family","White","White","Female","Approved","Purchase","160000","0.7","4.3","0","160000","0","0","0","0","6000","15","1","0","0","0","0","200000","Site Built Single Family Home","Occupy","0","0","0","2","1","1","1","1","Female","1","1","1","1","1","1","42","0","42","Individual, Owner"
2024,"100,000-499,999","56","050","12345","FHA","1-4 Family","Black or African American","Black or African American","Male","Approved","Purchase","100000","0.8","4.7","0","100000","0","0","0","0","4000","15","1","0","0","0","0","150000","Site Built Single Family Home","Occupy","0","0","0","2","1","1","1","1","Male","1","1","1","1","1","1","29","0","29","Individual, Owner"
2024,"100,000-499,999","56","050","12345","Conventional","2-4 Unit","Hispanic or Latino","Hispanic or Latino","Female","Approved","Purchase","300000","0.8","5.1","0","300000","0","0","0","0","12000","15","1","0","0","0","0","360000","Site Built Single Family Home","Occupy","0","0","0","4","1","1","1","1","Female","1","1","1","1","1","1","36","0","36","Individual, Owner"
2024,"100,000-499,999","56","050","12345","VA","1-4 Family","White","White","Male","Approved","Purchase","240000","0.9","4.6","0","240000","0","0","0","0","8000","15","1","0","0","0","0","280000","Site Built Single Family Home","Occupy","0","0","0","3","1","1","1","1","Male","1","1","1","1","1","1","41","0","41","Individual, Owner"
2024,"100,000-499,999","56","050","12345","FHA","1-4 Family","Asian","Asian","Female","Approved","Purchase","120000","0.7","4.9","0","120000","0","0","0","0","4500","15","1","0","0","0","0","180000","Site Built Single Family Home","Occupy","0","0","0","2","1","1","1","1","Female","1","1","1","1","1","1","39","0","39","Individual, Owner"
2024,"100,000-499,999","56","050","12345","Conventional","1-4 Family","Black or African American","Black or African American","Male","Approved","Purchase","200000","0.9","5.3","0","200000","0","0","0","0","10000","15","1","0","0","0","0","240000","Site Built Single Family Home","Occupy","0","0","0","3","1","1","1","1","Male","1","1","1","1","1","1","28","0","28","Individual, Owner"
2024,"100,000-499,999","56","050","12345","VA","1-4 Family","Hispanic or Latino","Hispanic or Latino","Female","Approved","Purchase","150000","0.8","4.4","0","150000","0","0","0","0","6000","15","1","0","0","0","0","200000","Site Built Single Family Home","Occupy","0","0","0","2","1","1","1","1","Female","1","1","1","1","1","1","33","0","33","Individual, Owner"
2024,"100,000-499,999","56","050","12345","FHA","1-4 Family","White","White","Male","Approved","Purchase","220000","0.9","4.2","0","220000","0","0","0","0","7000","15","1","0","0","0","0","260000","Site Built Single Family Home","Occupy","0","0","0","3","1","1","1","1","Male","1","1","1","1","1","1","44","0","44","Individual, Owner"
2024,"100,000-499,999","56","050","12345","Conventional","2-4 Unit","Asian","Asian","Female","Approved","Purchase","280000","0.8","5.5","0","280000","0","0","0","0","12000","15","1","0","0","0","0","320000","Site Built Single Family Home","Occupy","0","0","0","4","1","1","1","1","Female","1","1","1","1","1","1","31","0","31","Individual, Owner"
2024,"100,000-499,999","56","050","12345","VA","1-4 Family","Black or African American","Black or African American","Male","Approved","Purchase","180000","0.9","4.8","0","180000","0","0","0","0","6000","15","1","0","0","0","0","220000","Site Built Single Family Home","Occupy","0","0","0","3","1","1","1","1","Male","1","1","1","1","1","1","27","0","27","Individual, Owner"
2024,"100,000-499,999","56","050","12345","FHA","1-4 Family","Hispanic or Latino","Hispanic or Latino","Female","Approved","Purchase","140000","0.7","4.6","0","140000","0","0","0","0","5000","15","1","0","0","0","0","190000","Site Built Single Family Home","Occupy","0","0","0","2","1","1","1","1","Female","1","1","1","1","1","1","37","0","37","Individual, Owner"
2024,"100,000-499,999","56","050","12345","Conventional","1-4 Family","White","White","Male","Approved","Purchase","260000","0.9","4.9","0","260000","0","0","0","0","10000","15","1","0","0","0","0","300000","Site Built Single Family Home","Occupy","0","0","0","3","1","1","1","1","Male","1","1","1","1","1","1","42","0","42","Individual, Owner"
2024,"100,000-499,999","56","050","12345","VA","1-4 Family","Asian","Asian","Female","Approved","Purchase","120000","0.8","4.3","0","120000","0","0","0","0","4500","15","1","0","0","0","0","180000","Site Built Single Family Home","Occupy","0","0","0","2","1","1","1","1","Female","1","1","1","1","1","1","35","0","35","Individual, Owner"
2024,"100,000-499,999","56","050","12345","FHA","1-4 Family","Black or African American","Black or African American","Male","Approved","Purchase","220000","0.9","5.1","0","220000","0","0","0","0","7000","15","1","0","0","0","0","260000","Site Built Single Family Home","Occupy","0","0","0","3","1","1","1","1","Male","1","1","1","1","1","1","25","0","25","Individual, Owner"
2024,"100,000-499,999","56","050","12345","Conventional","2-4 Unit","Hispanic or Latino","Hispanic or Latino","Female","Approved","Purchase","320000","0.8","5.3","0","320000","0","0","0","0","12000","15","1","0","0","0","0","360000","Site Built Single Family Home","Occupy","0","0","0","4","1","1","1","1","Female","1","1","1","1","1","1","34","0","34","Individual, Owner"
2024,"100,000-499,999","56","050","12345","VA","1-4 Family","White","White","Male","Approved","Purchase","300000","0.9","4.5","0","300000","0","0","0","0","8000","15","1","0","0","0","0","340000","Site Built Single Family Home","Occupy","0","0","0","3","1","1","1","1","Male","1","1","1","1","1","1","40","0","40","Individual, Owner"
2024,"100,000-499,999","56","050","12345","FHA","1-4 Family","Asian","Asian","Female","Approved","Purchase","160000","0.7","4.1","0","160000","0","0","0","0","6000","15","1","0","0","0","0","200000","Site Built Single Family Home","Occupy","0","0","0","2","1","1","1","1","Female","1","1","1","1","1","1","41","0","41","Individual, Owner"
2024,"100,000-499,999","56","050","12345","Conventional","1-4 Family","Black or African American","Black or African American","Male","Approved","Purchase","240000","0.9","5.5","0","240000","0","0","0","0","10000","15","1","0","0","0","0","280000","Site Built Single Family Home","Occupy","0","0","0","3","1","1","1","1","Male","1","1","1","1","1","1","26","0","26","Individual, Owner"
2024,"100,000-499,999","56","050","12345","VA","1-4 Family","Hispanic or Latino","Hispanic or Latino","Female","Approved","Purchase","180000","0.8","4.9","0","180000","0","0","0","0","7000","15","1","0","0","0","0","220000","Site Built Single Family Home","Occupy","0","0","0","2","1","1","1","1","Female","1","1","1","1","1","1","38","0","38","Individual, Owner"
2024,"100,000-499,999","56","050","12345","FHA","1-4 Family","White","White","Male","Approved","Purchase","140000","0.7","4.7","0","140000","0","0","0","0","5000","15","1","0","0","0","0","190000","Site Built Single Family Home","Occupy","0","0","0","2","1","1","1","1","Male","1","1","1","1","1","1","43","0","43","Individual, Owner"
2024,"100,000-499,999","56","050","12345","Conventional","2-4 Unit","Asian","Asian","Female","Approved","Purchase","260000","0.8","5.2","0","260000","0","0","0","0","10000","15","1","0","0","0","0","300000","Site Built Single Family Home","Occupy","0","0","0","3","1","1","1","1","Female","1","1","1","1","1","1","30","0","30","Individual, Owner"
2024,"100,000-499,999","56","050","12345","VA","1-4 Family","Black or African American","Black or African American","Male","Approved","Purchase","220000","0.9","4.3","0","220000","0","0","0","0","6000","15","1","0","0","0","0","260000","Site Built Single Family Home","Occupy","0","0","0","3","1","1","1","1","Male","1","1","1","1","1","1","31","0","31","Individual, Owner"
2024,"100,000-499,999","56","050","12345","FHA","1-4 Family","Hispanic or Latino","Hispanic or Latino","Female","Approved","Purchase","160000","0.8","4.8","0","160000","0","0","0","0","5000","15","1","0","0","0","0","200000","Site Built Single Family Home","Occupy","0","0","0","2","1","1","1","1","Female","1","1","1","1","1","1","36","0","36","Individual, Owner"
2024,"100,000-499,999","56","050","12345","Conventional","1-4 Family","White","White","Male","Approved","Purchase","280000","0.9","5.1","0","280000","0","0","0","0","10000","15","1","0","0","0","0","320000","Site Built Single Family Home","Occupy","0","0","0","3","1","1","1","1","Male","1","1","1","1","1","1","39","0","39","Individual, Owner"
2024,"100,000-499,999","56","050","12345","VA","1-4 Family","Asian","Asian","Female","Approved","Purchase","140000","0.8","4.5","0","140000","0","0","0","0","4500","15","1","0","0","0","0","190000","Site Built Single Family Home","Occupy","0","0","0","2","1","1","1","1","Female","1","1","1","1","1","1","40","0","40","Individual, Owner"
2024,"100,000-499,999","56","050","12345","FHA","1-4 Family","Black or African American","Black or African American","Male","Approved","Purchase","240000","0.9","4.9","0","240000","0","0","0","0","7000","15","1","0","0","0","0","280000","Site Built Single Family Home","Occupy","0","0","0","3","1","1","1","1","Male","1","1","1","1","1","1","29","0","29","Individual, Owner"
2024,"100,000-499,999","56","050","12345","Conventional","2-4 Unit","Hispanic or Latino","Hispanic or Latino","Female","Approved","Purchase","320000","0.8","5.5","0","320000","0","0","0","0","12000","15","1","0","0","0","0","360000","Site Built Single Family Home","Occupy","0","0","0","4","1","1","1","1","Female","1","1","1","1","1","1","35","0","35","Individual, Owner"
2024,"100,000-499,999","56","050","12345","VA","1-4 Family","White","White","Male","Approved","Purchase","160000","0.7","4.6","0","160000","0","0","0","0","6000","15","1","0","0","0","0","200000","Site Built Single Family Home","Occupy","0","0","0","2","1","1","1","1","Male","1","1","1","1","1","1","45","0","45","Individual, Owner"
2024,"100,000-499,999","56","050","12345","FHA","1-4 Family","Asian","Asian","Female","Approved","Purchase","220000","0.9","5.3","0","220000","0","0","0","0","7000","15","1","0","0","0","0","260000","Site Built Single Family Home","Occupy","0","0","0","3","1","1","1","1","Female","1","1","1","1","1","1","32","0","32","Individual, Owner"
2024,"100,000-499,999","56","050","12345","Conventional","1-4 Family","Black or African American","Black or African American","Male","Approved","Purchase","260000","0.9","4.2","0","260000","0","0","0","0","10000","15","1","0","0","0","0","300000","Site Built Single Family Home","Occupy","0","0","0","3","1","1","1","1","Male","1","1","1","1","1","1","27","0","27","Individual, Owner"
2024,"100,000-499,999","56","050","12345","VA","1-4 Family","Hispanic or Latino","Hispanic or Latino","Female","Approved","Purchase","200000","0.8","4.1","0","200000","0","0","0","0","6000","15","1","0","0","0","0","240000","Site Built Single Family Home","Occupy","0","0","0","2","1","1","1","1","Female","1","1","1","1","1","1","41","0","41","Individual, Owner"
2024,"100,000-499,999","56","050","12345","FHA","1-4 Family","White","White","Male","Approved","Purchase","140000","0.7","4.9","0","140000","0","0","0","0","5000","15","1","0","0","0","0","190000","Site Built Single Family Home","Occupy","0","0","0","2","1","1","1","1","Male","1","1","1","1","1","1","37","0","37","Individual, Owner"
2024,"100,000-499,999","56","050","12345","Conventional","2-4 Unit","Asian","Asian","Female","Approved","Purchase","240000","0.8","5.6","0","240000","0","0","0","0","10000","15","1","0","0","0","0","280000","Site Built Single Family Home","Occupy","0","0","0","3","1","1","1","1","Female","1","1","1","1","1","1","33","0","33","Individual, Owner"
2024,"100,000-499,999","56","050","12345","VA","1-4 Family","Black or African American","Black or African American","Male","Approved","Purchase","280000","0.9","5.4","0","280000","0","0","0","0","8000","15","1","0","0","0","0","320000","Site Built Single Family Home","Occupy","0","0","0","3","1","1","1","1","Male","1","1","1","1","1","1","28","0","28","Individual, Owner"
2024,"100,000-499,999","56","050","12345","FHA","1-4 Family","Hispanic or Latino","Hispanic or Latino","Female","Approved","Purchase","220000","0.8","4.5","0","220000","0","0","0","0","7000","15","1","0","0","0","0","260000","Site Built Single Family Home","Occupy","0","0","0","2","1","1","1","1","Female","1","1","1","1","1","1","38","0","38","Individual, Owner"
2024,"100,000-499,999","56","050","12345","Conventional","1-4 Family","White","White","Male","Approved","Purchase","200000","0.9","4.1","0","200000","0","0","0","0","6000","15","1","0","0","0","0","240000","Site Built Single Family Home","Occupy","0","0","0","3","1","1","1","1","Male","1","1","1","1","1","1","46","0","46","Individual, Owner"
"2024","2024-Atlanta-Sandy Springs-Roswell, GA","GA","140","260001","Purchase","Owner-Occupied","Hispanic","White","Male","Approved","Home Purchase","$225,000","0.75","4.25","0.25","No","$26,500","$3,500","$1,200","0.5","$10,000","30","12","12","No","No","No","$300,000","Site Built","Primary Residence","Single Family","No","1","1","White","Asian","White","Asian","Male","Male","40","40","No","No","2024-02-14","Lender"
"2024","2024-Miami-Fort Lauderdale-West Palm Beach, FL","FL","350","260001","Refinancing","Owner-Occupied","Black or African American","Asian","Female","Approved","Cash-Out Refinance","$175,000","0.7","3.5","0.25","Yes","$22,500","$2,500","$1,000","1","$8,000","20","12","12","Yes","No","No","$250,000","Site Built","Primary Residence","Single Family","No","1","1","White","White","White","White","Female","Female","35","35","No","No","2024-03-20","Borrower"
"2024","2024-Oakland-Hayward-Berkeley, CA","CA","060","010000","Refinancing","Owner-Occupied","White","Hispanic","Male","Denied","Rate and Term Refinance","$250,000","0.8","3.75","0.25","No","$30,000","$4,000","$1,500","1","$12,000","30","12","12","No","No","No","$350,000","Site Built","Primary Residence","Single Family","No","1","1","Black or African American","Black or African American","Black or African American","Black or African American","Male","Male","45","45","Yes","No","2024-01-15","Lender"
"2024","2024-Seattle-Tacoma-Bellevue, WA","WA","530","360001","Purchase","Owner-Occupied","Asian","Other","Female","Approved","Home Purchase","$200,000","0.75","4.25","0.25","No","$25,000","$3,000","$1,200","0.5","$10,000","30","12","12","No","No","No","$300,000","Site Built","Primary Residence","Single Family","No","1","1","White","White","White","White","Female","Female","30","30","No","No","2024-04-25","Borrower"
"2024","2024-Phoenix-Mesa-Scottsdale, AZ","AZ","020","010000","Purchase","Owner-Occupied","White","Black or African American","Male","Approved","Home Purchase","$275,000","0.8","4.5","0.25","No","$31,250","$4,000","$1,500","1","$12,500","30","12","12","No","No","No","$375,000","Site Built","Primary Residence","Single Family","No","1","1","Hispanic","Hispanic","Hispanic","Hispanic","Male","Male","50","50","Yes","No","2024-05-15","Lender"
"2024","2024-Minneapolis-St. Paul-Bloomington, MN","MN","270","010000","Refinancing","Owner-Occupied","Black or African American","White","Female","Approved","Cash-Out Refinance","$225,000","0.7","3.5","0.25","Yes","$27,500","$3,500","$1,200","1","$10,000","20","12","12","Yes","No","No","$325,000","Site Built","Primary Residence","Single Family","No","1","1","Asian","Asian","Asian","Asian","Female","Female","40","40","No","No","2024-06-20","Borrower"
"2024","2024-Portland-Vancouver-Hillsboro, OR","OR","410","410001","Purchase","Owner-Occupied","White","Native Hawaiian or Other Pacific Islander","Male","Approved","Home Purchase","$300,000","0.8","4.5","0.25","No","$37,500","$5,000","$1,800","1","$15,000","30","12","12","No","No","No","$425,000","Site Built","Primary Residence","Single Family","No","1","1","Hispanic","Hispanic","Hispanic","Hispanic","Male","Male","55","55","Yes","No","2024-07-10","Lender"
"2024","2024-San Francisco-Oakland-Berkeley, CA","CA","060","020000","Purchase","Owner-Occupied","Asian","White","Female","Approved","Home Purchase","$325,000","0.75","4.25","0.25","No","$37,500","$5,000","$1,800","1","$15,000","30","12","12","No","No","No","$450,000","Site Built","Primary Residence","Single Family","No","1","1","Black or African American","Black or African American","Black or African American","Black or African American","Female","Female","35","35","No","No","2024-08-25","Borrower"
"2024","2024-Dallas-Fort Worth-Arlington, TX","TX","250","320001","Purchase","Owner-Occupied","Hispanic","Asian","Male","Approved","Home Purchase","$275,000","0.8","4.5","0.25","No","$31,250","$4,000","$1,500","1","$12,500","30","12","12","No","No","No","$375,000","Site Built","Primary Residence","Single Family","No","1","1","White","White","White","White","Male","Male","45","45","Yes","No","2024-09-15","Lender"
"2024","2024-Boston-Cambridge-Nashua, MA","MA","150","230001","Refinancing","Owner-Occupied","White","Black or African American","Female","Approved","Cash-Out Refinance","$225,000","0.7","3.5","0.25","Yes","$27,500","$3,500","$1,200","1","$10,000","20","12","12","Yes","No","No","$325,000","Site Built","Primary Residence","Single Family","No","1","1","Asian","Asian","Asian","Asian","Female","Female","50","50","No","No","2024-10-20","Borrower"
"2024","2024-Indianapolis-Carmel-Anderson, IN","IN","180","060000","Purchase","Owner-Occupied","Black or African American","White","Male","Approved","Home Purchase","$275,000","0.8","4.5","0.25","No","$31,250","$4,000","$1,500","1","$12,500","30","12","12","No","No","No","$375,000","Site Built","Primary Residence","Single Family","No","1","1","Hispanic","Hispanic","Hispanic","Hispanic","Male","Male","55","55","Yes","No","2024-11-15","Lender"
"2024","2024-Jacksonville-St. Marys-Palatka, FL","FL","350","340001","Refinancing","Owner-Occupied","White","White","Female","Approved","Rate and Term Refinance","$175,000","0.7","3.5","0.25","No","$22,500","$2,500","$1,000","1","$8,000","20","12","12","No","No","No","$250,000","Site Built","Primary Residence","Single Family","No","1","1","Asian","Asian","Asian","Asian","Female","Female","35","35","No","No","2024-12-20","Borrower"
"2024","2024-Raleigh-Durham-Chapel Hill, NC","NC","220","030000","Purchase","Owner-Occupied","Black or African American","Hispanic","Male","Approved","Home Purchase","$275,000","0.8","4.5","0.25","No","$31,250","$4,000","$1,500","1","$12,500","30","12","12","No","No","No","$375,000","Site Built","Primary Residence","Single Family","No","1","1","White","White","White","White","Male","Male","50","50","Yes","No","2024-01-15","Lender"
"2024","2024-St. Louis, MO-IL","MO","290","150000","Refinancing","Owner-Occupied","White","Native Hawaiian or Other Pacific Islander","Female","Approved","Cash-Out Refinance","$225,000","0.7","3.5","0.25","Yes","$27,500","$3,500","$1,200","1","$10,000","20","12","12","Yes","No","No","$325,000","Site Built","Primary Residence","Single Family","No","1","1","Asian","Asian","Asian","Asian","Female","Female","40","40","No","No","2024-02-20","Borrower"
"2024","2024-Washington-Arlington-Alexandria, DC-VA-MD","VA","510","410001","Purchase","Owner-Occupied","Asian","White","Male","Approved","Home Purchase","$325,000","0.75","4.25","0.25","No","$37,500","$5,000","$1,800","1","$15,000","30","12","12","No","No","No","$450,000","Site Built","Primary Residence","Single Family","No","1","1","Hispanic","Hispanic","Hispanic","Hispanic","Male","Male","55","55","Yes","No","2024-03-15","Lender"
"2024","2024-Colorado Springs, CO","CO","070","060000","Purchase","Owner-Occupied","White","White","Female","Approved","Home Purchase","$275,000","0.8","4.5","0.25","No","$31,250","$4,000","$1,500","1","$12,500","30","12","12","No","No","No","$375,000","Site Built","Primary Residence","Single Family","No","1","1","Asian","Asian","Asian","Asian","Female","Female","35","35","No","No","2024-04-20","Borrower"
"2024","2024-Nashville-Davidson--Murfreesboro--Franklin, TN","TN","470","290001","Refinancing","Owner-Occupied","Black or African American","Native Hawaiian or Other Pacific Islander","Male","Approved","Cash-Out Refinance","$225,000","0.7","3.5","0.25","Yes","$27,500","$3,500","$1,200","1","$10,000","20","12","12","Yes","No","No","$325,000","Site Built","Primary Residence","Single Family","No","1","1","White","White","White","White","Male","Male","50","50","Yes","No","2024-05-15","Lender"
"2024","2024-Portland-Vancouver-Hillsboro, OR","OR","410","400001","Purchase","Owner-Occupied","Hispanic","White","Female","Approved","Home Purchase","$300,000","0.8","4.5","0.25","No","$37,500","$5,000","$1,800","1","$15,000","30","12","12","No","No","No","$425,000","Site Built","Primary Residence","Single Family","No","1","1","Asian","Asian","Asian","Asian","Female","Female","40","40","No","No","2024-06-20","Borrower"
"2024","2024-St. Paul-Minneapolis, MN","MN","270","060000","Refinancing","Owner-Occupied","White","White","Male","Approved","Rate and Term Refinance","$250,000","0.7","3.5","0.25","No","$30,000","$4,000","$1,500","1","$12,000","30","12","12","No","No","No","$350,000","Site Built","Primary Residence","Single Family","No","1","1","Hispanic","Hispanic","Hispanic","Hispanic","Male","Male","55","55","Yes","No","2024-07-15","Lender"
"2024","2024-Philadelphia-Camden-Wilmington, PA-NJ-DE-MD","PA","420","170001","Purchase","Owner-Occupied","Asian","White","Female","Approved","Home Purchase","$325,000","0.75","4.25","0.25","No","$37,500","$5,000","$1,800","1","$15,000","30","12","12","No","No","No","$450,000","Site Built","Primary Residence","Single Family","No","1","1","Black or African American","Black or African American","Black or African American","Black or African American","Female","Female","35","35","No","No","2024-08-20","Borrower"
"2024","2024-Kansas City, MO-KS","MO","290","230001","Refinancing","Owner-Occupied","White","Native Hawaiian or Other Pacific Islander","Male","Approved","Cash-Out Refinance","$225,000","0.7","3.5","0.25","Yes","$27,500","$3,500","$1,200","1","$10,000","20","12","12","Yes","No","No","$325,000","Site Built","Primary Residence","Single Family","No","1","1","Asian","Asian","Asian","Asian","Male","Male","45","45","Yes","No","2024-09-15","Lender"
"2024","2024-Orlando-Kissimmee-Sanford, FL","FL","350","330001","Purchase","Owner-Occupied","Hispanic","White","Female","Approved","Home Purchase","$275,000","0.8","4.5","0.25","No","$31,250","$4,000","$1,500","1","$12,500","30","12","12","No","No","No","$375,000","Site Built","Primary Residence","Single Family","No","1","1","Black or African American","Black or African American","Black or African American","Black or African American","Female","Female","35","35","No","No","2024-10-20","Borrower"
"2024","2024-Riverside-San Bernardino-Ontario, CA","CA","060","240000","Refinancing","Owner-Occupied","Asian","White","Male","Approved","Rate and Term Refinance","$250,000","0.7","3.5","0.25","No","$30,000","$4,000","$1,500","1","$12,000","30","12","12","No","No","No","$350,000","Site Built","Primary Residence","Single Family","No","1","1","White","White","White","White","Male","Male","50","50","Yes","No","2024-11-15","Lender"
"2024","2024-Charleston-North Charleston, SC","SC","450","370001","Purchase","Owner-Occupied","White","Native Hawaiian or Other Pacific Islander","Female","Approved","Home Purchase","$300,000","0.8","4.5","0.25","No","$37,500","$5,000","$1,800","1","$15,000","30","12","12","No","No","No","$425,000","Site Built","Primary Residence","Single Family","No","1","1","Hispanic","Hispanic","Hispanic","Hispanic","Female","Female","40","40","No","No","2024-12-20","Borrower"
"2024","2024-Pittsburgh, PA","PA","420","080001","Refinancing","Owner-Occupied","Black or African American","White","Male","Approved","Cash-Out Refinance","$225,000","0.7","3.5","0.25","Yes","$27,500","$3,500","$1,200","1","$10,000","20","12","12","Yes","No","No","$325,000","Site Built","Primary Residence","Single Family","No","1","1","Asian","Asian","Asian","Asian","Male","Male","55","55","Yes","No","2024-01-15","Lender"
"2024","2024-Colorado-Ashland","CO","070","030000","Purchase","Owner-Occupied","Hispanic","White","Female","Approved","Home Purchase","$275,000","0.8","4.5","0.25","No","$31,250","$4,000","$1,500","1","$12,500","30","12","12","No","No","No","$375,000","Site Built","Primary Residence","Single Family","No","1","1","Black or African American","Black or African American","Black or African American","Black or African American","Female","Female","35","35","No","No","2024-02-20","Borrower"
"2024","2024-Raleigh-Durham-Chapel Hill, NC","NC","220","020000","Refinancing","Owner-Occupied","White","White","Male","Approved","Rate and Term Refinance","$250,000","0.7","3.5","0.25","No","$30,000","$4,000","$1,500","1","$12,000","30","12","12","No","No","No","$350,000","Site Built","Primary Residence","Single Family","No","1","1","Asian","Asian","Asian","Asian","Male","Male","50","50","Yes","No","2024-03-15","Lender"
"2024","2024-Houma-Thibodaux, LA","LA","220","010000","Purchase","Owner-Occupied","Black or African American","Native Hawaiian or Other Pacific Islander","Female","Approved","Home Purchase","$300,000","0.8","4.5","0.25","No","$37,500","$5,000","$1,800","1","$15,000","30","12","12","No","No","No","$425,000","Site Built","Primary Residence","Single Family","No","1","1","Hispanic","Hispanic","Hispanic","Hispanic","Female","Female","40","40","No","No","2024-04-20","Borrower"
"2024","2024-Modesto, CA","CA","060","010000","Refinancing","Owner-Occupied","White","White","Male","Approved","Cash-Out Refinance","$225,000","0.7","3.5","0.25","Yes","$27,500","$3,500","$1,200","1","$10,000","20","12","12","Yes","No","No","$325,000","Site Built","Primary Residence","Single Family","No","1","1","Asian","Asian","Asian","Asian","Male","Male","55","55","Yes","No","2024-05-15","Lender"
"2024","2024-El Paso, TX","TX","250","240001","Purchase","Owner-Occupied","White","Black or African American","Female","Approved","Home Purchase","$275,000","0.8","4.5","0.25","No","$31,250","$4,000","$1,500","1","$12,500","30","12","12","No","No","No","$375,000","Site Built","Primary Residence","Single Family","No","1","1","Hispanic","Hispanic","Hispanic","Hispanic","Female","Female","35","35","No","No","2024-06-20","Borrower"
"2024","2024-Albuquerque, NM","NM","350","030000","Refinancing","Owner-Occupied","Black or African American","Native Hawaiian or Other Pacific Islander","Male","Approved","Cash-Out Refinance","$225,000","0.7","3.5","0.25","Yes","$27,500","$3,500","$1,200","1","$10,000","20","12","12","Yes","No","No","$325,000","Site Built","Primary Residence","Single Family","No","1","1","White","White","White","White","Male","Male","50","50","Yes","No","2024-07-15","Lender"
"2024","2024-Carson City, NV","NV","330","010000","Purchase","Owner-Occupied","Asian","White","Female","Approved","Home Purchase","$275,000","0.8","4.5","0.25","No","$31,250","$4,000","$1,500","1","$12,500","30","12","12","No","No","No","$375,000","Site Built","Primary Residence","Single Family","No","1","1","Hispanic","Hispanic","Hispanic","Hispanic","Female","Female","40","40","No","No","2024-08-20","Borrower"
"2024","2024-Charlotte-Concord-Gastonia, NC-SC","NC","220","060001","Refinancing","Owner-Occupied","White","White","Male","Approved","Rate and Term Refinance","$250,000","0.7","3.5","0.25","No","$30,000","$4,000","$1,500","1","$12,000","30","12","12","No","No","No","$350,000","Site Built","Primary Residence","Single Family","No","1","1","Asian","Asian","Asian","Asian","Male","Male","55","55","Yes","No","2024-09-15","Lender"
"2024","2024-Austin-Round Rock, TX","TX","250","230001","Purchase","Owner-Occupied","Black or African American","Native Hawaiian or Other Pacific Islander","Female","Approved","Home Purchase","$300,000","0.8","4.5","0.25","No","$37,500","$5,000","$1,800","1","$15,000","30","12","12","No","No","No","$425,000","Site Built","Primary Residence","Single Family","No","1","1","Hispanic","Hispanic","Hispanic","Hispanic","Female","Female","35","35","No","No","2024-10-20","Borrower"
"2024","2024-San Jose-Sunnyvale-Santa Clara, CA","CA","060","020001","Refinancing","Owner-Occupied","White","White","Male","Approved","Cash-Out Refinance","$225,000","0.7","3.5","0.25","Yes","$27,500","$3,500","$1,200","1","$10,000","20","12","12","Yes","No","No","$325,000","Site Built","Primary Residence","Single Family","No","1","1","Asian","Asian","Asian","Asian","Male","Male","45","45","Yes","No","2024-11-15","Lender"
"2024","2024-Memphis, TN-MS-AR","TN","470","060001","Purchase","Owner-Occupied","Hispanic","White","Female","Approved","Home Purchase","$275,000","0.8","4.5","0.25","No","$31,250","$4,000","$1,500","1","$12,500","30","12","12","No","No","No","$375,000","Site Built","Primary Residence","Single Family","No","1","1","Asian","Asian","Asian","Asian","Female","Female","40","40","No","No","2024-12-20","Borrower"
"2024","2024-Grand Rapids-Wyoming, MI","MI","260","190001","Refinancing","Owner-Occupied","White","Native Hawaiian or Other Pacific Islander","Male","Approved","Rate and Term Refinance","$225,000","0.7","3.5","0.25","No","$27,500","$3,500","$1,200","1","$10,000","20","12","12","No","No","No","$325,000","Site Built","Primary Residence","Single Family","No","1","1","Black or African American","Black or African American","Black or African American","Black or African American","Male","Male","55","55","Yes","No","2024-01-15","Lender"
"2024","2024-Stockton-Lodi, CA","CA","060","040001","Purchase","Owner-Occupied","Asian","White","Female","Approved","Home Purchase","$300,000","0.8","4.5","0.25","No","$37,500","$5,000","$1,800","1","$15,000","30","12","12","No","No","No","$425,000","Site Built","Primary Residence","Single Family","No","1","1","Hispanic","Hispanic","Hispanic","Hispanic","Female","Female","35","35","No","No","2024-02-20","Borrower"
"2024","2024-Buffalo-Cheektowaga-Ford, NY","NY","360","080001","Refinancing","Owner-Occupied","Black or African American","White","Male","Approved","Cash-Out Refinance","$225,000","0.7","3.5","0.25","Yes","$27,500","$3,500","$1,200","1","$10,000","20","12","12","Yes","No","No","$325,000","Site Built","Primary Residence","Single Family","No","1","1","Asian","Asian","Asian","Asian","Male","Male","50","50","Yes","No","2024-03-15","Lender"
"2024","2024-Clarksville, TN-KY","TN","470","220001","Purchase","Owner-Occupied","White","Native Hawaiian or Other Pacific Islander","Female","Approved","Home Purchase","$300,000","0.8","4.5","0.25","No","$37,500","$5,000","$1,800","1","$15,000","30","12","12","No","No","No","$425,000","Site Built","Primary Residence","Single Family","No","1","1","Black or African American","Black or African American","Black or African American","Black or African American","Female","Female","40","40","No","No","2024-04-20","Borrower"
"2024","2024-Portland-Vancouver-Hillsboro, OR","OR","410","410001","Refinancing","Owner-Occupied","Asian","White","Male","Approved","Rate and Term Refinance","$250,000","0.7","3.5","0.25","No","$30,000","$4,000","$1,500","1","$12,000","30","12","12","No","No","No","$350,000","Site Built","Primary Residence","Single Family","No","1","1","Hispanic","Hispanic","Hispanic","Hispanic","Male","Male","55","55","Yes","No","2024-05-15","Lender"
"2024","2024-Cincinnati, OH-KY-IN","OH","390","130001","Purchase","Owner-Occupied","Black or African American","Native Hawaiian or Other Pacific Islander","Female","Approved","Home Purchase","$275,000","0.8","4.5","0.25","No","$31,250","$4,000","$1,500","1","$12,500","30","12","12","No","No","No","$375,000","Site Built","Primary Residence","Single Family","No","1","1","White","White","White","White","Female","Female","35","35","No","No","2024-06-20","Borrower"
"2024","2024-Wichita, KS","KS","270","220001","Refinancing","Owner-Occupied","White","White","Male","Approved","Cash-Out Refinance","$225,000","0.7","3.5","0.25","Yes","$27,500","$3,500","$1,200","1","$10,000","20","12","12","Yes","No","No","$325,000","Site Built","Primary Residence","Single Family","No","1","1","Asian","Asian","Asian","Asian","Male","Male","50","50","Yes","No","2024-07-15","Lender"
"2024","2024-Little Rock-North Little Rock-Conway, AR","AR","050","020001","Purchase","Owner-Occupied","Asian","White","Female","Approved","Home Purchase","$300,000","0.8","4.5","0.25","No","$37,500","$5,000","$1,800","1","$15,000","30","12","12","No","No","No","$425,000","Site Built","Primary Residence","Single Family","No","1","1","Hispanic","Hispanic","Hispanic","Hispanic","Female","Female","40","40","No","No","2024-08-20","Borrower"
"2024","2024-Columbus, OH","OH","390","140001","Refinancing","Owner-Occupied","Black or African American","Native Hawaiian or Other Pacific Islander","Male","Approved","Rate and Term Refinance","$250,000","0.7","3.5","0.25","No","$30,000","$4,000","$1,500","1","$12,000","30","12","12","No","No","No","$350,000","Site Built","Primary Residence","Single Family","No","1","1","White","White","White","White","Male","Male","55","55","Yes","No","2024-09-15","Lender"
"2024","2024-Oklahoma City, OK","OK","340","220001","Purchase","Owner-Occupied","Hispanic","White","Female","Approved","Home Purchase","$275,000","0.8","4.5","0.25","No","$31,250","$4,000","$1,500","1","$12,500","30","12","12","No","No","No","$375,000","Site Built","Primary Residence","Single Family","No","1","1","Asian","Asian","Asian","Asian","Female","Female","35","35","No","No","2024-10-20","Borrower"
"2024","2024-Spokane-Spokane Valley, WA","WA","530","410001","Refinancing","Owner-Occupied","White","White","Male","Approved","Cash-Out Refinance","$225,000","0.7","3.5","0.25","Yes","$27,500","$3,500","$1,200","1","$10,000","20","12","12","Yes","No","No","$325,000","Site Built","Primary Residence","Single Family","No","1","1","Black or African American","Black or African American","Black or African American","Black or African American","Male","Male","50","50","Yes","No","2024-11-15","Lender"
"2024","2024-Boise City, ID","ID","160","020001","Purchase","Owner-Occupied","Asian","White","Female","Approved","Home Purchase","$275,000","0.8","4.5","0.25","No","$31,250","$4,000","$1,500","1","$12,500","30","12","12","No","No","No","$375,000","Site Built","Primary Residence","Single Family","No","1","1","Hispanic","Hispanic","Hispanic","Hispanic","Female","Female","40","40","No","No","2024-12-20","Borrower"
"2024","Chicago, IL","17","061","490390","Conventional","Single Family Home","Hispanic","White","Male","Approved","Purchase","200000","0.7","4.5","0","N","42000","1200","500","0","0","360","15","12","F","F","Mobile Home","Manufactured Home Secured Property","None","1","0","65000","Site Built Single Family Home","Primary Residence","No","No","No","No","No","No","Male","Female","Male","Female","40","35","0","0","Application","Lender"
"2024","San Francisco, CA","06","037","023100","FHA","Condominium","Asian","Asian","Female","Approved","Purchase","150000","0.5","3.8","0","N","33000","1000","300","0","0","180","12","12","M","M","Site Built Single Family Home","Site Built Single Family Home","None","2","1","80000","Site Built Single Family Home","Primary Residence","No","No","No","No","No","No","Female","Unknown","Female","Unknown","25","20","0","0","Application","Lender"
"2024","Boston, MA","25","011","050900","VA","Manufactured Home","Hispanic","Hispanic","Male","Approved","Refinance","180000","0.8","4.2","0","N","45000","1500","600","0","0","540","15","12","F","F","Manufactured Home","Manufactured Home Secured Property","None","3","0","75000","Manufactured Home","Primary Residence","No","No","No","No","No","No","Male","Male","Male","Male","50","45","0","0","Application","Lender"
"2024","Denver, CO","08","031","031600","Conventional","Townhouse","White","White","Female","Approved","Purchase","220000","0.9","4.7","0","N","52000","1800","800","0","0","720","15","12","M","M","Site Built Single Family Home","Site Built Single Family Home","None","4","1","90000","Site Built Single Family Home","Primary Residence","No","No","No","No","No","No","Female","Female","Female","Female","30","25","0","0","Application","Lender"
"2024","Washington, D.C.","11","001","020100","FHA","Manufactured Home","Black","Black","Male","Approved","Purchase","120000","0.6","3.9","0","N","29000","1000","400","0","0","360","12","12","M","M","Manufactured Home","Manufactured Home Secured Property","None","2","0","60000","Manufactured Home","Primary Residence","No","No","No","No","No","No","Male","Male","Male","Male","35","30","0","0","Application","Lender"
"2024","Miami, FL","12","031","250500","VA","Single Family Home","Hispanic","Hispanic","Female","Approved","Refinance","160000","0.7","4.3","0","N","36000","1200","500","0","0","540","15","12","F","F","Site Built Single Family Home","Site Built Single Family Home","None","3","0","70000","Site Built Single Family Home","Primary Residence","No","No","No","No","No","No","Female","Female","Female","Female","40","35","0","0","Application","Lender"
"2024","Seattle, WA","53","061","530100","Conventional","Townhouse","White","Asian","Male","Approved","Purchase","180000","0.8","4.4","0","N","42000","1500","600","0","0","720","15","12","M","M","Site Built Single Family Home","Site Built Single Family Home","None","4","0","75000","Site Built Single Family Home","Primary Residence","No","No","No","No","No","No","Male","Female","Male","Female","45","40","0","0","Application","Lender"
"2024","Oakland, CA","06","019","060400","FHA","Condominium","Hispanic","Hispanic","Female","Approved","Purchase","140000","0.6","3.5","0","N","31000","1200","500","0","0","360","12","12","F","F","Site Built Single Family Home","Site Built Single Family Home","None","2","1","65000","Site Built Single Family Home","Primary Residence","No","No","No","No","No","No","Female","Female","Female","Female","25","20","0","0","Application","Lender"
"2024","Dallas, TX","48","061","420400","VA","Manufactured Home","Black","Black","Male","Approved","Refinance","200000","0.9","4.9","0","N","48000","1800","800","0","0","720","15","12","M","M","Manufactured Home","Manufactured Home Secured Property","None","3","0","80000","Manufactured Home","Primary Residence","No","No","No","No","No","No","Male","Male","Male","Male","50","45","0","0","Application","Lender"
"2024","San Jose, CA","06","019","060200","Conventional","Single Family Home","Asian","Asian","Female","Approved","Purchase","250000","0.8","4.1","0","N","52000","1500","600","0","0","720","15","12","M","M","Site Built Single Family Home","Site Built Single Family Home","None","4","1","85000","Site Built Single Family Home","Primary Residence","No","No","No","No","No","No","Female","Female","Female","Female","35","30","0","0","Application","Lender"
"2024","Austin, TX","48","061","420600","FHA","Condominium","White","White","Male","Approved","Purchase","220000","0.9","4.6","0","N","48000","1500","600","0","0","720","15","12","M","M","Site Built Single Family Home","Site Built Single Family Home","None","3","0","75000","Site Built Single Family Home","Primary Residence","No","No","No","No","No","No","Male","Male","Male","Male","40","35","0","0","Application","Lender"
"2024","Portland, OR","41","019","430100","Conventional","Townhouse","Hispanic","Hispanic","Female","Approved","Purchase","120000","0.7","4.2","0","N","29000","1000","400","0","0","360","12","12","F","F","Site Built Single Family Home","Site Built Single Family Home","None","2","1","60000","Site Built Single Family Home","Primary Residence","No","No","No","No","No","No","Female","Female","Female","Female","30","25","0","0","Application","Lender"
"2024","Philadelphia, PA","42","061","420300","VA","Manufactured Home","Black","Black","Male","Approved","Refinance","180000","0.8","4.5","0","N","36000","1200","500","0","0","540","15","12","M","M","Manufactured Home","Manufactured Home Secured Property","None","3","0","70000","Manufactured Home","Primary Residence","No","No","No","No","No","No","Male","Male","Male","Male","45","40","0","0","Application","Lender"
"2024","Nashville, TN","47","061","350600","FHA","Single Family Home","White","White","Female","Approved","Purchase","160000","0.7","4.1","0","N","34000","1200","500","0","0","540","15","12","F","F","Site Built Single Family Home","Site Built Single Family Home","None","2","1","65000","Site Built Single Family Home","Primary Residence","No","No","No","No","No","No","Female","Female","Female","Female","25","20","0","0","Application","Lender"
"2024","Columbus, OH","39","061","390100","Conventional","Condominium","Asian","Asian","Male","Approved","Purchase","240000","0.9","4.8","0","N","48000","1500","600","0","0","720","15","12","M","M","Site Built Single Family Home","Site Built Single Family Home","None","4","0","80000","Site Built Single Family Home","Primary Residence","No","No","No","No","No","No","Male","Female","Male","Female","50","45","0","0","Application","Lender"
"2024","Fort Worth, TX","48","061","420300","VA","Manufactured Home","Hispanic","Hispanic","Female","Approved","Refinance","140000","0.7","4.3","0","N","31000","1000","400","0","0","360","12","12","F","F","Manufactured Home","Manufactured Home Secured Property","None","3","0","60000","Manufactured Home","Primary Residence","No","No","No","No","No","No","Female","Female","Female","Female","35","30","0","0","Application","Lender"
"2024","Milwaukee, WI","55","061","550300","FHA","Condominium","White","White","Male","Approved","Purchase","120000","0.6","3.8","0","N","29000","1200","500","0","0","360","12","12","M","M","Site Built Single Family Home","Site Built Single Family Home","None","2","1","60000","Site Built Single Family Home","Primary Residence","No","No","No","No","No","No","Male","Male","Male","Male","40","35","0","0","Application","Lender"
"2024","Baltimore, MD","24","061","240100","Conventional","Townhouse","Black","Black","Female","Approved","Purchase","180000","0.8","4.5","0","N","38000","1200","500","0","0","540","15","12","F","F","Site Built Single Family Home","Site Built Single Family Home","None","3","0","70000","Site Built Single Family Home","Primary Residence","No","No","No","No","No","No","Female","Female","Female","Female","30","25","0","0","Application","Lender"
"2024","Oklahoma City, OK","40","061","480300","FHA","Manufactured Home","Hispanic","Hispanic","Male","Approved","Refinance","160000","0.7","4.2","0","N","34000","1000","400","0","0","360","12","12","M","M","Manufactured Home","Manufactured Home Secured Property","None","3","0","65000","Manufactured Home","Primary Residence","No","No","No","No","No","No","Male","Male","Male","Male","45","40","0","0","Application","Lender"
"2024","Albuquerque, NM","35","061","350100","Conventional","Single Family Home","White","White","Female","Approved","Purchase","220000","0.9","4.7","0","N","46000","1500","600","0","0","720","15","12","F","F","Site Built Single Family Home","Site Built Single Family Home","None","4","0","80000","Site Built Single Family Home","Primary Residence","No","No","No","No","No","No","Female","Female","Female","Female","50","45","0","0","Application","Lender"
"2024","Kansas City, MO","29","061","290100","FHA","Manufactured Home","Black","Black","Male","Approved","Refinance","140000","0.7","4.3","0","N","31000","1000","400","0","0","360","12","12","M","M","Manufactured Home","Manufactured Home Secured Property","None","3","0","60000","Manufactured Home","Primary Residence","No","No","No","No","No","No","Male","Male","Male","Male","35","30","0","0","Application","Lender"
"2024","Minneapolis, MN","27","061","270100","Conventional","Townhouse","Asian","Asian","Female","Approved","Purchase","160000","0.8","4.5","0","N","36000","1200","500","0","0","540","15","12","F","F","Site Built Single Family Home","Site Built Single Family Home","None","2","1","65000","Site Built Single Family Home","Primary Residence","No","No","No","No","No","No","Female","Female","Female","Female","25","20","0","0","Application","Lender"
"2024","St. Louis, MO","29","061","290300","VA","Condominium","White","White","Male","Approved","Purchase","240000","0.9","4.9","0","N","48000","1500","600","0","0","720","15","12","M","M","Site Built Single Family Home","Site Built Single Family Home","None","4","0","80000","Site Built Single Family Home","Primary Residence","No","No","No","No","No","No","Male","Male","Male","Male","45","40","0","0","Application","Lender"
"2024","Raleigh-Durham, NC","37","061","370200","FHA","Manufactured Home","Hispanic","Hispanic","Female","Approved","Refinance","180000","0.8","4.6","0","N","38000","1200","500","0","0","540","15","12","F","F","Manufactured Home","Manufactured Home Secured Property","None","3","0","70000","Manufactured Home","Primary Residence","No","No","No","No","No","No","Female","Female","Female","Female","35","30","0","0","Application","Lender"
"2024","Memphis, TN","47","061","350400","VA","Condominium","White","White","Male","Approved","Purchase","140000","0.7","4.3","0","N","31000","1000","400","0","0","360","12","12","M","M","Site Built Single Family Home","Site Built Single Family Home","None","2","1","60000","Site Built Single Family Home","Primary Residence","No","No","No","No","No","No","Male","Male","Male","Male","30","25","0","0","Application","Lender"
"2024","Providence, RI","44","061","440100","Conventional","Townhouse","Asian","Asian","Female","Approved","Purchase","120000","0.6","3.9","0","N","29000","1000","400","0","0","360","12","12","F","F","Site Built Single Family Home","Site Built Single Family Home","None","2","1","60000","Site Built Single Family Home","Primary Residence","No","No","No","No","No","No","Female","Female","Female","Female","25","20","0","0","Application","Lender"
"2024","Cleveland, OH","39","061","390200","FHA","Manufactured Home","Black","Black","Male","Approved","Refinance","160000","0.7","4.4","0","N","34000","1000","400","0","0","360","12","12","M","M","Manufactured Home","Manufactured Home Secured Property","None","3","0","65000","Manufactured Home","Primary Residence","No","No","No","No","No","No","Male","Male","Male","Male","40","35","0","0","Application","Lender"
"2024","Richmond, VA","51","061","510200","VA","Condominium","White","White","Male","Approved","Purchase","220000","0.9","4.8","0","N","46000","1500","600","0","0","720","15","12","M","M","Site Built Single Family Home","Site Built Single Family Home","None","4","0","80000","Site Built Single Family Home","Primary Residence","No","No","No","No","No","No","Male","Male","Male","Male","50","45","0","0","Application","Lender"
"2024","New Haven, CT","09","061","090100","Conventional","Townhouse","Hispanic","Hispanic","Female","Approved","Purchase","140000","0.7","4.2","0","N","31000","1000","400","0","0","360","12","12","F","F","Site Built Single Family Home","Site Built Single Family Home","None","2","1","60000","Site Built Single Family Home","Primary Residence","No","No","No","No","No","No","Female","Female","Female","Female","25","20","0","0","Application","Lender"
"2024","Buffalo, NY","36","061","360100","FHA","Manufactured Home","Black","Black","Male","Approved","Refinance","180000","0.8","4.6","0","N","38000","1200","500","0","0","540","15","12","M","M","Manufactured Home","Manufactured Home Secured Property","None","3","0","70000","Manufactured Home","Primary Residence","No","No","No","No","No","No","Male","Male","Male","Male","40","35","0","0","Application","Lender"
"2024","Stockton, CA","06","019","060300","Conventional","Single Family Home","White","White","Female","Approved","Purchase","160000","0.7","4.3","0","N","34000","1000","400","0","0","360","12","12","F","F","Site Built Single Family Home","Site Built Single Family Home","None","2","1","65000","Site Built Single Family Home","Primary Residence","No","No","No","No","No","No","Female","Female","Female","Female","30","25","0","0","Application","Lender"
"2024","Louisville, KY","21","061","210300","VA","Condominium","White","White","Male","Approved","Purchase","240000","0.9","4.9","0","N","48000","1500","600","0","0","720","15","12","M","M","Site Built Single Family Home","Site Built Single Family Home","None","4","0","80000","Site Built Single Family Home","Primary Residence","No","No","No","No","No","No","Male","Male","Male","Male","45","40","0","0","Application","Lender"
"2024","Tulsa, OK","40","061","480200","FHA","Manufactured Home","Hispanic","Hispanic","Female","Approved","Refinance","140000","0.7","4.4","0","N","31000","1000","400","0","0","360","12","12","F","F","Manufactured Home","Manufactured Home Secured Property","None","3","0","60000","Manufactured Home","Primary Residence","No","No","No","No","No","No","Female","Female","Female","Female","35","30","0","0","Application","Lender"
"2024","Cincinnati, OH","39","061","390100","Conventional","Townhouse","Asian","Asian","Male","Approved","Purchase","180000","0.8","4.6","0","N","38000","1200","500","0","0","540","15","12","M","M","Site Built Single Family Home","Site Built Single Family Home","None","3","0","70000","Site Built Single Family Home","Primary Residence","No","No","No","No","No","No","Male","Female","Male","Female","40","35","0","0","Application","Lender"
"2024","Santa Ana, CA","06","019","060100","FHA","Manufactured Home","Hispanic","Hispanic","Female","Approved","Refinance","160000","0.7","4.3","0","N","34000","1000","400","0","0","360","12","12","F","F","Manufactured Home","Manufactured Home Secured Property","None","3","0","65000","Manufactured Home","Primary Residence","No","No","No","No","No","No","Female","Female","Female","Female","35","30","0","0","Application","Lender"
"2024","Wichita, KS","02","061","020300","VA","Condominium","White","White","Male","Approved","Purchase","220000","0.9","4.8","0","N","46000","1500","600","0","0","720","15","12","M","M","Site Built Single Family Home","Site Built Single Family Home","None","4","0","80000","Site Built Single Family Home","Primary Residence","No","No","No","No","No","No","Male","Male","Male","Male","50","45","0","0","Application","Lender"
"2024","Madison, WI","55","061","550200","FHA","Manufactured Home","Black","Black","Male","Approved","Refinance","140000","0.7","4.3","0","N","31000","1000","400","0","0","360","12","12","M","M","Manufactured Home","Manufactured Home Secured Property","None","3","0","60000","Manufactured Home","Primary Residence","No","No","No","No","No","No","Male","Male","Male","Male","35","30","0","0","Application","Lender"
"2024","Lubbock, TX","48","061","420100","VA","Conventional","White","White","Female","Approved","Purchase","120000","0.6","3.9","0","N","29000","1000","400","0","0","360","12","12","F","F","Site Built Single Family Home","Site Built Single Family Home","None","2","1","60000","Site Built Single Family Home","Primary Residence","No","No","No","No","No","No","Female","Female","Female","Female","25","20","0","0","Application","Lender"
"2024","Chattanooga, TN","47","061","350600","FHA","Manufactured Home","Hispanic","Hispanic","Male","Approved","Refinance","160000","0.7","4.4","0","N","34000","1000","400","0","0","360","12","12","M","M","Manufactured Home","Manufactured Home Secured Property","None","3","0","65000","Manufactured Home","Primary Residence","No","No","No","No","No","No","Male","Male","Male","Male","40","35","0","0","Application","Lender"
"2024","Boise, ID","16","061","160200","Conventional","Townhouse","Asian","Asian","Female","Approved","Purchase","140000","0.7","4.3","0","N","31000","1000","400","0","0","360","12","12","F","F","Site Built Single Family Home","Site Built Single Family Home","None","2","1","60000","Site Built Single Family Home","Primary Residence","No","No","No","No","No","No","Female","Female","Female","Female","25","20","0","0","Application","Lender"
"2024","Worcester, MA","25","061","050300","FHA","Manufactured Home","Hispanic","Hispanic","Male","Approved","Refinance","180000","0.8","4.6","0","N","38000","1200","500","0","0","540","15","12","M","M","Manufactured Home","Manufactured Home Secured Property","None","3","0","70000","Manufactured Home","Primary Residence","No","No","No","No","No","No","Male","Male","Male","Male","40","35","0","0","Application","Lender"
"2024","Des Moines, IA","19","061","190100","Conventional","Single Family Home","White","White","Female","Approved","Purchase","160000","0.7","4.3","0","N","34000","1000","400","0","0","360","12","12","F","F","Site Built Single Family Home","Site Built Single Family Home","None","2","1","65000","Site Built Single Family Home","Primary Residence","No","No","No","No","No","No","Female","Female","Female","Female","30","25","0","0","Application","Lender"
"2024","Omaha, NE","31","061","310300","VA","Manufactured Home","Hispanic","Hispanic","Male","Approved","Refinance","140000","0.7","4.4","0","N","31000","1000","400","0","0","360","12","12","M","M","Manufactured Home","Manufactured Home Secured Property","None","3","0","60000","Manufactured Home","Primary Residence","No","No","No","No","No","No","Male","Male","Male","Male","40","35","0","0","Application","Lender"
"2024","Chicago-Naperville-Elgin, IL-IN-WI","17","061","34001","FHA-203(b)","Single-family home","White","American Indian/Alaska Native","Female","Approved","Purchase","200000","0.8","4.5","0","28000","2000","0","0","0","0","15","0","0","0","Yes","Other","113000","Site-built","Occupied","Manufactured home secured on a permanent foundation","0","0","50000","0.65","Traditional FICO","Traditional FICO","White","White","Female","Female","Female","Female","25","25","0","0","Paper Application","Lender"
"2024","Los Angeles-Long Beach-Anaheim, CA","06","031","32008","VA-Guaranteed","Condo","Asian","White","Male","Approved","Refinance","180000","0.7","4.2","0","21000","1500","0","0","0","0","15","0","0","0","No","Other","90000","Site-built","Vacant","Manufactured home secured on a permanent foundation","0","0","60000","0.7","Traditional FICO","Traditional FICO","Asian","Asian","Male","Male","Male","Male","30","30","0","0","Online Application","Borrower"
"2024","New York-Newark-Jersey City, NY-NJ-PA","35","005","26001","FHA-203(b)","Single-family home","Hispanic or Latino","Black or African American","Female","Approved","Purchase","220000","0.9","4.8","0","31000","2500","0","0","0","0","12","0","0","0","Yes","Other","98000","Site-built","Occupied","Manufactured home secured on a permanent foundation","0","0","40000","0.6","Traditional FICO","Traditional FICO","Hispanic or Latino","Hispanic or Latino","Female","Female","Female","Female","28","28","0","0","Paper Application","Borrower"
"2024","Dallas-Fort Worth-Arlington, TX","48","081","24001","FHA-203(b)","Townhouse","White","American Indian/Alaska Native","Male","Approved","Purchase","190000","0.85","4.3","0","23000","2000","0","0","0","0","18","0","0","0","No","Other","75000","Site-built","Vacant","Manufactured home secured on a permanent foundation","0","0","55000","0.65","Traditional FICO","Traditional FICO","White","White","Male","Male","Male","Male","35","35","0","0","Online Application","Lender"
"2024","Houston-The Woodlands-Sugar Land, TX","48","061","32001","VA-Guaranteed","Single-family home","Asian","Black or African American","Female","Approved","Refinance","250000","0.75","4.1","0","28000","2500","0","0","0","0","20","0","0","0","Yes","Other","110000","Site-built","Occupied","Manufactured home secured on a permanent foundation","1","0","45000","0.7","Traditional FICO","Traditional FICO","Asian","Asian","Female","Female","Female","Female","32","32","0","0","Paper Application","Borrower"
"2024","Washington-Baltimore-Arlington, DC-MD-VA","24","019","35001","FHA-203(b)","Single-family home","Hispanic or Latino","Black or African American","Male","Approved","Purchase","200000","0.8","4.5","0","26000","2000","0","0","0","0","15","0","0","0","No","Other","85000","Site-built","Occupied","Manufactured home secured on a permanent foundation","0","0","45000","0.6","Traditional FICO","Traditional FICO","Hispanic or Latino","Hispanic or Latino","Male","Male","Male","Male","29","29","0","0","Online Application","Lender"
"2024","Miami-Fort Lauderdale-West Palm Beach, FL","12","061","14001","FHA-203(b)","Single-family home","White","American Indian/Alaska Native","Female","Approved","Refinance","180000","0.7","4.2","0","24000","1500","0","0","0","0","18","0","0","0","Yes","Other","70000","Site-built","Vacant","Manufactured home secured on a permanent foundation","0","0","55000","0.7","Traditional FICO","Traditional FICO","White","White","Female","Female","Female","Female","26","26","0","0","Paper Application","Borrower"
"2024","San Jose-Santa Clara, CA","06","061","36001","VA-Guaranteed","Townhouse","Asian","Black or African American","Male","Approved","Purchase","220000","0.85","4.3","0","29000","2000","0","0","0","0","20","0","0","0","No","Other","95000","Site-built","Occupied","Manufactured home secured on a permanent foundation","0","0","40000","0.65","Traditional FICO","Traditional FICO","Asian","Asian","Male","Male","Male","Male","31","31","0","0","Online Application","Lender"
"2024","Phoenix-Mesa-Scottsdale, AZ","04","053","23001","FHA-203(b)","Condo","Hispanic or Latino","White","Female","Approved","Purchase","210000","0.9","4.8","0","26000","2500","0","0","0","0","18","0","0","0","Yes","Other","83000","Site-built","Vacant","Manufactured home secured on a permanent foundation","0","0","50000","0.6","Traditional FICO","Traditional FICO","Hispanic or Latino","Hispanic or Latino","Female","Female","Female","Female","27","27","0","0","Paper Application","Borrower"
"2024","Philadelphia-Camden-Wilmington, PA-NJ-DE-MD","35","019","34001","FHA-203(b)","Single-family home","White","American Indian/Alaska Native","Male","Approved","Purchase","200000","0.8","4.5","0","24000","2000","0","0","0","0","15","0","0","0","No","Other","72000","Site-built","Occupied","Manufactured home secured on a permanent foundation","0","0","35000","0.65","Traditional FICO","Traditional FICO","White","White","Male","Male","Male","Male","33","33","0","0","Online Application","Lender"
"2024","San Francisco-Oakland-Berkeley, CA","06","019","35001","VA-Guaranteed","Townhouse","Asian","Black or African American","Female","Approved","Refinance","240000","0.7","4.2","0","30000","2500","0","0","0","0","20","0","0","0","Yes","Other","100000","Site-built","Vacant","Manufactured home secured on a permanent foundation","1","0","45000","0.7","Traditional FICO","Traditional FICO","Asian","Asian","Female","Female","Female","Female","34","34","0","0","Paper Application","Borrower"
"2024","St. Louis, MO-IL","29","061","34001","FHA-203(b)","Single-family home","Hispanic or Latino","White","Male","Approved","Purchase","190000","0.85","4.3","0","22000","2000","0","0","0","0","18","0","0","0","No","Other","80000","Site-built","Occupied","Manufactured home secured on a permanent foundation","0","0","30000","0.6","Traditional FICO","Traditional FICO","Hispanic or Latino","Hispanic or Latino","Male","Male","Male","Male","36","36","0","0","Online Application","Lender"
"2024","Detroit-Warren-Dearborn, MI","26","061","26001","FHA-203(b)","Condo","Asian","Black or African American","Female","Approved","Purchase","230000","0.9","4.8","0","28000","2500","0","0","0","0","20","0","0","0","Yes","Other","90000","Site-built","Vacant","Manufactured home secured on a permanent foundation","0","0","45000","0.7","Traditional FICO","Traditional FICO","Asian","Asian","Female","Female","Female","Female","38","38","0","0","Paper Application","Borrower"
"2024","Atlanta-Sandy Springs-Alpharetta, GA","12","061","14001","VA-Guaranteed","Single-family home","White","American Indian/Alaska Native","Male","Approved","Refinance","220000","0.75","4.1","0","26000","1500","0","0","0","0","18","0","0","0","No","Other","90000","Site-built","Occupied","Manufactured home secured on a permanent foundation","0","0","40000","0.65","Traditional FICO","Traditional FICO","White","White","Male","Male","Male","Male","39","39","0","0","Online Application","Lender"
"2024","Boston-Cambridge-Nashua, MA-NH","25","061","36001","FHA-203(b)","Single-family home","Hispanic or Latino","Black or African American","Female","Approved","Purchase","210000","0.85","4.3","0","24000","2000","0","0","0","0","18","0","0","0","Yes","Other","80000","Site-built","Vacant","Manufactured home secured on a permanent foundation","0","0","40000","0.7","Traditional FICO","Traditional FICO","Hispanic or Latino","Hispanic or Latino","Female","Female","Female","Female","41","41","0","0","Paper Application","Borrower"
"2024","Denver-Aurora-Lakewood, CO","08","061","24001","VA-Guaranteed","Townhouse","Asian","White","Male","Approved","Refinance","250000","0.75","4.1","0","28000","2500","0","0","0","0","20","0","0","0","No","Other","100000","Site-built","Occupied","Manufactured home secured on a permanent foundation","0","0","50000","0.65","Traditional FICO","Traditional FICO","Asian","Asian","Male","Male","Male","Male","42","42","0","0","Online Application","Lender"
"2024","Raleigh-Durham-Chapel Hill, NC","37","061","34001","FHA-203(b)","Single-family home","Hispanic or Latino","Black or African American","Female","Approved","Purchase","200000","0.8","4.5","0","22000","2000","0","0","0","0","18","0","0","0","Yes","Other","78000","Site-built","Occupied","Manufactured home secured on a permanent foundation","0","0","35000","0.7","Traditional FICO","Traditional FICO","Hispanic or Latino","Hispanic or Latino","Female","Female","Female","Female","43","43","0","0","Paper Application","Borrower"
"2024","Minneapolis-St. Paul-Bloomington, MN-WI","27","061","34001","VA-Guaranteed","Townhouse","Asian","Black or African American","Male","Approved","Purchase","230000","0.9","4.8","0","26000","2500","0","0","0","0","20","0","0","0","No","Other","95000","Site-built","Occupied","Manufactured home secured on a permanent foundation","0","0","42500","0.65","Traditional FICO","Traditional FICO","Asian","Asian","Male","Male","Male","Male","45","45","0","0","Online Application","Lender"
"2024","Seattle-Tacoma-Bellevue, WA","18","061","36001","FHA-203(b)","Single-family home","Hispanic or Latino","White","Female","Approved","Refinance","240000","0.75","4.1","0","28000","1500","0","0","0","0","18","0","0","0","Yes","Other","90000","Site-built","Vacant","Manufactured home secured on a permanent foundation","1","0","40000","0.7","Traditional FICO","Traditional FICO","Hispanic or Latino","Hispanic or Latino","Female","Female","Female","Female","46","46","0","0","Paper Application","Borrower"
"2024","Portland-Vancouver-Hillsboro, OR-WA","41","061","36001","FHA-203(b)","Townhouse","Asian","Black or African American","Male","Approved","Purchase","220000","0.85","4.3","0","24000","2000","0","0","0","0","20","0","0","0","No","Other","85000","Site-built","Occupied","Manufactured home secured on a permanent foundation","0","0","42500","0.6","Traditional FICO","Traditional FICO","Asian","Asian","Male","Male","Male","Male","48","48","0","0","Online Application","Lender"
"2024","Kansas City, MO-KS","29","061","34001","VA-Guaranteed","Single-family home","Hispanic or Latino","White","Female","Approved","Purchase","230000","0.9","4.8","0","26000","2500","0","0","0","0","18","0","0","0","Yes","Other","80000","Site-built","Occupied","Manufactured home secured on a permanent foundation","0","0","40000","0.7","Traditional FICO","Traditional FICO","Hispanic or Latino","Hispanic or Latino","Female","Female","Female","Female","49","49","0","0","Paper Application","Borrower"
"2024","Cleveland-Elyria, OH","39","061","34001","FHA-203(b)","Townhouse","Asian","Black or African American","Male","Approved","Refinance","200000","0.75","4.1","0","24000","1500","0","0","0","0","20","0","0","0","No","Other","90000","Site-built","Occupied","Manufactured home secured on a permanent foundation","0","0","45000","0.65","Traditional FICO","Traditional FICO","Asian","Asian","Male","Male","Male","Male","50","50","0","0","Online Application","Lender"
"2024","Columbus, OH","39","061","34001","VA-Guaranteed","Single-family home","White","American Indian/Alaska Native","Female","Approved","Purchase","210000","0.85","4.3","0","23000","2000","0","0","0","0","18","0","0","0","Yes","Other","78000","Site-built","Vacant","Manufactured home secured on a permanent foundation","0","0","35000","0.6","Traditional FICO","Traditional FICO","White","White","Female","Female","Female","Female","51","51","0","0","Paper Application","Borrower"
"2024","Charlotte-Concord-Gastonia, NC-SC","37","061","34001","FHA-203(b)","Townhouse","Hispanic or Latino","Black or African American","Male","Approved","Purchase","230000","0.9","4.8","0","26000","2500","0","0","0","0","20","0","0","0","No","Other","95000","Site-built","Occupied","Manufactured home secured on a permanent foundation","0","0","42500","0.65","Traditional FICO","Traditional FICO","Hispanic or Latino","Hispanic or Latino","Male","Male","Male","Male","52","52","0","0","Online Application","Lender"
"2024","Austin-Round Rock, TX","48","061","26001","VA-Guaranteed","Single-family home","Asian","White","Female","Approved","Refinance","240000","0.75","4.1","0","28000","1500","0","0","0","0","18","0","0","0","Yes","Other","90000","Site-built","Vacant","Manufactured home secured on a permanent foundation","1","0","40000","0.7","Traditional FICO","Traditional FICO","Asian","Asian","Female","Female","Female","Female","53","53","0","0","Paper Application","Borrower"
"2024","Milwaukee-Waukesha-West Allis, WI","55","061","26001","FHA-203(b)","Townhouse","Hispanic or Latino","Black or African American","Male","Approved","Purchase","200000","0.85","4.3","0","23000","2000","0","0","0","0","20","0","0","0","No","Other","85000","Site-built","Occupied","Manufactured home secured on a permanent foundation","0","0","42500","0.6","Traditional FICO","Traditional FICO","Hispanic or Latino","Hispanic or Latino","Male","Male","Male","Male","54","54","0","0","Online Application","Lender"
"2024","Riverside-San Bernardino-Ontario, CA","06","061","14001","FHA-203(b)","Single-family home","Asian","White","Female","Approved","Purchase","220000","0.8","4.5","0","24000","2000","0","0","0","0","18","0","0","0","Yes","Other","78000","Site-built","Occupied","Manufactured home secured on a permanent foundation","0","0","35000","0.65","Traditional FICO","Traditional FICO","Asian","Asian","Female","Female","Female","Female","55","55","0","0","Paper Application","Borrower"
"2024","Virginia Beach-Norfolk-Newport News, VA-NC","51","061","26001","VA-Guaranteed","Townhouse","Hispanic or Latino","Black or African American","Male","Approved","Refinance","230000","0.75","4.1","0","26000","1500","0","0","0","0","20","0","0","0","No","Other","90000","Site-built","Occupied","Manufactured home secured on a permanent foundation","0","0","45000","0.65","Traditional FICO","Traditional FICO","Hispanic or Latino","Hispanic or Latino","Male","Male","Male","Male","56","56","0","0","Online Application","Lender"
"2024","Cincinnati, OH-KY-IN","39","061","34001","FHA-203(b)","Single-family home","Asian","White","Female","Approved","Purchase","190000","0.85","4.3","0","22000","2000","0","0","0","0","18","0","0","0","Yes","Other","80000","Site-built","Vacant","Manufactured home secured on a permanent foundation","0","0","35000","0.7","Traditional FICO","Traditional FICO","Asian","Asian","Female","Female","Female","Female","57","57","0","0","Paper Application","Borrower"
"2024","Memphis, TN-MS-AR","34","061","36001","VA-Guaranteed","Townhouse","Hispanic or Latino","Black or African American","Male","Approved","Purchase","200000","0.9","4.8","0","24000","2500","0","0","0","0","20","0","0","0","No","Other","85000","Site-built","Occupied","Manufactured home secured on a permanent foundation","0","0","42500","0.65","Traditional FICO","Traditional FICO","Hispanic or Latino","Hispanic or Latino","Male","Male","Male","Male","58","58","0","0","Online Application","Lender"
"2024","Tampa-St. Petersburg-Clearwater, FL","12","061","14001","FHA-203(b)","Single-family home","White","American Indian/Alaska Native","Female","Approved","Refinance","230000","0.75","4.1","0","26000","1500","0","0","0","0","18","0","0","0","Yes","Other","90000","Site-built","Vacant","Manufactured home secured on a permanent foundation","1","0","40000","0.7","Traditional FICO","Traditional FICO","White","White","Female","Female","Female","Female","59","59","0","0","Paper Application","Borrower"
"2024","Oklahoma City, OK","40","061","24001","VA-Guaranteed","Townhouse","Asian","Black or African American","Male","Approved","Purchase","220000","0.85","4.3","0","24000","2000","0","0","0","0","20","0","0","0","No","Other","95000","Site-built","Occupied","Manufactured home secured on a permanent foundation","0","0","42500","0.6","Traditional FICO","Traditional FICO","Asian","Asian","Male","Male","Male","Male","60","60","0","0","Online Application","Lender"
"2024","New Orleans-Metairie, LA","22","061","14001","FHA-203(b)","Single-family home","Hispanic or Latino","Black or African American","Female","Approved","Purchase","240000","0.9","4.8","0","28000","2500","0","0","0","0","18","0","0","0","Yes","Other","98000","Site-built","Occupied","Manufactured home secured on a permanent foundation","0","0","45000","0.7","Traditional FICO","Traditional FICO","Hispanic or Latino","Hispanic or Latino","Female","Female","Female","Female","61","61","0","0","Paper Application","Borrower"
"2024","Las Vegas-Henderson-Paradise, NV","04","061","34001","VA-Guaranteed","Townhouse","Asian","White","Male","Approved","Purchase","230000","0.85","4.3","0","26000","2000","0","0","0","0","20","0","0","0","No","Other","90000","Site-built","Occupied","Manufactured home secured on a permanent foundation","0","0","42500","0.65","Traditional FICO","Traditional FICO","Asian","Asian","Male","Male","Male","Male","62","62","0","0","Online Application","Lender"
"2024","Birmingham-Hoover, AL","01","061","14001","FHA-203(b)","Single-family home","White","American Indian/Alaska Native","Female","Approved","Refinance","210000","0.75","4.1","0","23000","1500","0","0","0","0","18","0","0","0","Yes","Other","80000","Site-built","Vacant","Manufactured home secured on a permanent foundation","0","0","35000","0.7","Traditional FICO","Traditional FICO","White","White","Female","Female","Female","Female","63","63","0","0","Paper Application","Borrower"
"2024","Pittsburgh, PA","35","061","34001","FHA-203(b)","Townhouse","Hispanic or Latino","Black or African American","Male","Approved","Purchase","220000","0.9","4.8","0","24000","2500","0","0","0","0","20","0","0","0","No","Other","90000","Site-built","Occupied","Manufactured home secured on a permanent foundation","0","0","42500","0.65","Traditional FICO","Traditional FICO","Hispanic or Latino","Hispanic or Latino","Male","Male","Male","Male","64","64","0","0","Online Application","Lender"
"2024","Providence-Warwick, RI-MA","25","061","36001","VA-Guaranteed","Single-family home","Asian","White","Female","Approved","Refinance","240000","0.75","4.1","0","28000","1500","0","0","0","0","18","0","0","0","Yes","Other","90000","Site-built","Vacant","Manufactured home secured on a permanent foundation","1","0","40000","0.7","Traditional FICO","Traditional FICO","Asian","Asian","Female","Female","Female","Female","65","65","0","0","Paper Application","Borrower"
"2024","Richmond, VA","51","061","26001","FHA-203(b)","Townhouse","Hispanic or Latino","Black or African American","Male","Approved","Purchase","230000","0.85","4.3","0","26000","2000","0","0","0","0","20","0","0","0","No","Other","95000","Site-built","Occupied","Manufactured home secured on a permanent foundation","0","0","45000","0.6","Traditional FICO","Traditional FICO","Hispanic or Latino","Hispanic or Latino","Male","Male","Male","Male","66","66","0","0","Online Application","Lender"
"2024","Buffalo-Cheektowaga-Niagara Falls, NY","36","061","34001","VA-Guaranteed","Single-family home","White","American Indian/Alaska Native","Female","Approved","Refinance","190000","0.75","4.1","0","22000","1500","0","0","0","0","18","0","0","0","Yes","Other","78000","Site-built","Vacant","Manufactured home secured on a permanent foundation","0","0","35000","0.7","Traditional FICO","Traditional FICO","White","White","Female","Female","Female","Female","67","67","0","0","Paper Application","Borrower"
"2024","Portland-Vancouver-Hillsboro, OR-WA","41","061","36001","FHA-203(b)","Single-family home","Asian","White","Male","Approved","Purchase","240000","0.85","4.3","0","26000","2000","0","0","0","0","20","0","0","0","No","Other","90000","Site-built","Occupied","Manufactured home secured on a permanent foundation","0","0","42500","0.65","Traditional FICO","Traditional FICO","Asian","Asian","Male","Male","Male","Male","68","68","0","0","Online Application","Lender"
"2024","Sacramento-Roseville, CA","06","061","36001","VA-Guaranteed","Townhouse","Hispanic or Latino","Black or African American","Female","Approved","Refinance","230000","0.75","4.1","0","26000","1500","0","0","0","0","18","0","0","0","Yes","Other","90000","Site-built","Vacant","Manufactured home secured on a permanent foundation","1","0","40000","0.7","Traditional FICO","Traditional FICO","Hispanic or Latino","Hispanic or Latino","Female","Female","Female","Female","69","69","0","0","Paper Application","Borrower"
"2024","Grand Rapids-Wyoming, MI","26","061","26001","FHA-203(b)","Single-family home","Asian","White","Male","Approved","Purchase","220000","0.85","4.3","0","24000","2000","0","0","0","0","20","0","0","0","No","Other","85000","Site-built","Occupied","Manufactured home secured on a permanent foundation","0","0","42500","0.6","Traditional FICO","Traditional FICO","Asian","Asian","Male","Male","Male","Male","70","70","0","0","Online Application","Lender"
"2024","San Antonio, TX","48","061","26001","VA-Guaranteed","Townhouse","Hispanic or Latino","Black or African American","Male","Approved","Purchase","230000","0.9","4.8","0","26000","2500","0","0","0","0","20","0","0","0","Yes","Other","95000","Site-built","Occupied","Manufactured home secured on a permanent foundation","0","0","45000","0.7","Traditional FICO","Traditional FICO","Hispanic or Latino","Hispanic or Latino","Male","Male","Male","Male","71","71","0","0","Paper Application","Borrower"
"2024","Greenville-Anderson, SC","39","061","34001","FHA-203(b)","Single-family home","Asian","White","Female","Approved","Refinance","240000","0.75","4.1","0","28000","1500","0","0","0","0","18","0","0","0","No","Other","90000","Site-built","Vacant","Manufactured home secured on a permanent foundation","0","0","40000","0.65","Traditional FICO","Traditional FICO","Asian","Asian","Female","Female","Female","Female","72","72","0","0","Online Application","Lender"
"2024","Omaha, NE-IA","06","061","36001","VA-Guaranteed","Townhouse","Hispanic or Latino","Black or African American","Male","Approved","Purchase","200000","0.85","4.3","0","23000","2000","0","0","0","0","20","0","0","0","Yes","Other","90000","Site-built","Occupied","Manufactured home secured on a permanent foundation","0","0","42500","0.65","Traditional FICO","Traditional FICO","Hispanic or Latino","Hispanic or Latino","Male","Male","Male","Male","73","73","0","0","Paper Application","Borrower"
"2024","Knoxville, TN","34","061","36001","FHA-203(b)","Single-family home","White","American Indian/Alaska Native","Female","Approved","Purchase","230000","0.9","4.8","0","26000","2500","0","0","0","0","20","0","0","0","No","Other","95000","Site-built","Occupied","Manufactured home secured on a permanent foundation","0","0","45000","0.7","Traditional FICO","Traditional FICO","White","White","Female","Female","Female","Female","74","74","0","0","Online Application","Lender"
"2024","Wichita, KS","40","061","24001","VA-Guaranteed","Townhouse","Asian","Black or African American","Male","Approved","Refinance","220000","0.75","4.1","0","24000","1500","0","0","0","0","18","0","0","0","Yes","Other","90000","Site-built","Vacant","Manufactured home secured on a permanent foundation","1","0","40000","0.7","Traditional FICO","Traditional FICO","Asian","Asian","Male","Male","Male","Male","75","75","0","0","Paper Application","Borrower"
"2024","Indianapolis-Carmel-Anderson, IN","18","061","36001","FHA-203(b)","Single-family home","Hispanic or Latino","White","Female","Approved","Purchase","240000","0.85","4.3","0","28000","2000","0","0","0","0","18","0","0","0","No","Other","90000","Site-built","Occupied","Manufactured home secured on a permanent foundation","0","0","42500","0.65","Traditional FICO","Traditional FICO","Hispanic or Latino","Hispanic or Latino","Female","Female","Female","Female","76","76","0","0","Online Application","Lender"

"2024","New York-Nyc","22","061","12201","Conventional","Single-Family Home","Hispanic or Latino","White","Female","Approved","Purchase",542000,0.75,4.5,0,"No","No","No","No","No","1,200,000","Vacation Home","New Home","No","No","No","No","300,000","Site-Built","Primary Residence","Not Secured","0","0","0","0","35","35","0","0","Application Submitted","Lender"
"2024","Los Angeles-Long Beach-Anaheim","06","066","90001","FHA","Manufactured Home","Asian or Pacific Islander","American Indian or Alaska Native","Male","Approved","Refinance",123000,0.65,4.25,0,"No","No","No","No","No","150,000","Manufactured Home","Existing Home","No","No","No","No","75,000","Not Applicable","Primary Residence","Secured by Land","1","0","0","0","42","42","0","0","Application Submitted","Borrower"
"2024","Chicago-Naperville-Elgin","17","059","60601","VA","Conventional","Black or African American","White","Female","Approved","Purchase",680000,0.8,4.75,0,"No","No","No","No","No","800,000","Single-Family Home","New Home","No","No","No","No","500,000","Site-Built","Primary Residence","Not Secured","2","0","0","0","38","38","0","0","Application Submitted","Lender"
"2024","Houston-The Woodlands-Sugar Land","48","061","77001","FHA","Conventional","Hispanic or Latino","Hispanic or Latino","Male","Approved","Purchase",230000,0.7,4.5,0,"No","No","No","No","No","250,000","Single-Family Home","Existing Home","No","No","No","No","150,000","Site-Built","Primary Residence","Not Secured","0","0","0","0","30","30","0","0","Application Submitted","Borrower"
"2024","Phoenix-Mesa-Scottsdale","04","063","85001","Conventional","Manufactured Home","White","White","Female","Approved","Refinance",120000,0.6,4.25,0,"No","No","No","No","No","100,000","Single-Family Home","Existing Home","No","No","No","No","50,000","Not Applicable","Primary Residence","Secured by Land","1","0","0","0","45","45","0","0","Application Submitted","Lender"
"2024","Philadelphia-Camden-Wilmington","35","059","19101","FHA","Manufactured Home","Black or African American","Black or African American","Male","Approved","Purchase",180000,0.65,4.5,0,"No","No","No","No","No","150,000","Manufactured Home","New Home","No","No","No","No","75,000","Not Applicable","Primary Residence","Secured by Land","1","0","0","0","40","40","0","0","Application Submitted","Borrower"
"2024","Dallas-Fort Worth-Arlington","48","061","75001","VA","Conventional","Asian or Pacific Islander","Asian or Pacific Islander","Female","Approved","Refinance",320000,0.75,4.75,0,"No","No","No","No","No","350,000","Single-Family Home","Existing Home","No","No","No","No","200,000","Site-Built","Primary Residence","Not Secured","0","0","0","0","35","35","0","0","Application Submitted","Lender"
"2024","Washington-Baltimore-Arlington","24","061","20001","Conventional","Single-Family Home","White","White","Male","Approved","Purchase",980000,0.85,4.75,0,"No","No","No","No","No","1,200,000","Vacation Home","New Home","No","No","No","No","800,000","Site-Built","Primary Residence","Not Secured","2","0","0","0","40","40","0","0","Application Submitted","Borrower"
"2024","Atlanta-Sandy Springs-Roswell","12","059","30301","FHA","Manufactured Home","Black or African American","Black or African American","Female","Approved","Refinance",220000,0.65,4.5,0,"No","No","No","No","No","200,000","Manufactured Home","New Home","No","No","No","No","100,000","Not Applicable","Primary Residence","Secured by Land","1","0","0","0","30","30","0","0","Application Submitted","Lender"
"2024","Miami-Fort Lauderdale-West Palm Beach","12","061","33101","VA","Conventional","Hispanic or Latino","Hispanic or Latino","Male","Approved","Purchase",500000,0.8,4.75,0,"No","No","No","No","No","600,000","Single-Family Home","New Home","No","No","No","No","400,000","Site-Built","Primary Residence","Not Secured","0","0","0","0","35","35","0","0","Application Submitted","Borrower"
"2024","Boston-Cambridge-Nashua","25","061","02101","FHA","Manufactured Home","Asian or Pacific Islander","American Indian or Alaska Native","Female","Approved","Refinance",280000,0.7,4.5,0,"No","No","No","No","No","300,000","Manufactured Home","New Home","No","No","No","No","150,000","Not Applicable","Primary Residence","Secured by Land","1","0","0","0","40","40","0","0","Application Submitted","Lender"
"2024","Detroit-Warren-Dearborn","35","059","48001","VA","Conventional","White","White","Male","Approved","Purchase",420000,0.85,4.75,0,"No","No","No","No","No","500,000","Single-Family Home","New Home","No","No","No","No","350,000","Site-Built","Primary Residence","Not Secured","0","0","0","0","45","45","0","0","Application Submitted","Borrower"
"2024","Denver-Aurora-Lakewood","08","061","80001","FHA","Manufactured Home","Hispanic or Latino","Hispanic or Latino","Female","Approved","Refinance",200000,0.65,4.5,0,"No","No","No","No","No","200,000","Manufactured Home","New Home","No","No","No","No","100,000","Not Applicable","Primary Residence","Secured by Land","0","0","0","0","35","35","0","0","Application Submitted","Lender"
"2024","St. Louis","22","061","63101","VA","Conventional","White","White","Male","Approved","Purchase",600000,0.8,4.75,0,"No","No","No","No","No","700,000","Single-Family Home","New Home","No","No","No","No","500,000","Site-Built","Primary Residence","Not Secured","1","0","0","0","40","40","0","0","Application Submitted","Borrower"
"2024","Seattle-Tacoma-Bellevue","18","061","98101","FHA","Manufactured Home","Black or African American","American Indian or Alaska Native","Male","Approved","Refinance",180000,0.7,4.5,0,"No","No","No","No","No","200,000","Manufactured Home","New Home","No","No","No","No","100,000","Not Applicable","Primary Residence","Secured by Land","1","0","0","0","30","30","0","0","Application Submitted","Lender"
"2024","Minneapolis-St. Paul-Bloomington","27","061","55401","VA","Conventional","Asian or Pacific Islander","White","Female","Approved","Purchase",620000,0.85,4.75,0,"No","No","No","No","No","800,000","Single-Family Home","New Home","No","No","No","No","550,000","Site-Built","Primary Residence","Not Secured","0","0","0","0","40","40","0","0","Application Submitted","Borrower"
"2024","San Francisco-Oakland-Hayward","04","061","94101","FHA","Manufactured Home","White","White","Male","Approved","Refinance",280000,0.65,4.5,0,"No","No","No","No","No","300,000","Manufactured Home","New Home","No","No","No","No","150,000","Not Applicable","Primary Residence","Secured by Land","1","0","0","0","35","35","0","0","Application Submitted","Lender"
"2024","Baltimore-Columbia-Towson","24","059","21201","VA","Conventional","Black or African American","Black or African American","Female","Approved","Purchase",380000,0.8,4.75,0,"No","No","No","No","No","450,000","Single-Family Home","New Home","No","No","No","No","300,000","Site-Built","Primary Residence","Not Secured","0","0","0","0","45","45","0","0","Application Submitted","Borrower"
"2024","San Jose-Sunnyvale-Santa Clara","06","061","95101","FHA","Manufactured Home","Asian or Pacific Islander","Asian or Pacific Islander","Male","Approved","Refinance",220000,0.7,4.5,0,"No","No","No","No","No","250,000","Manufactured Home","New Home","No","No","No","No","125,000","Not Applicable","Primary Residence","Secured by Land","0","0","0","0","30","30","0","0","Application Submitted","Lender"
"2024","Riverside-San Bernardino-Ontario","11","061","92501","VA","Conventional","Hispanic or Latino","Hispanic or Latino","Female","Approved","Purchase",420000,0.85,4.75,0,"No","No","No","No","No","500,000","Single-Family Home","New Home","No","No","No","No","350,000","Site-Built","Primary Residence","Not Secured","2","0","0","0","40","40","0","0","Application Submitted","Borrower"
"2024","Cleveland-Elyria","35","059","44101","FHA","Manufactured Home","White","White","Male","Approved","Refinance",160000,0.65,4.5,0,"No","No","No","No","No","200,000","Manufactured Home","New Home","No","No","No","No","100,000","Not Applicable","Primary Residence","Secured by Land","1","0","0","0","30","30","0","0","Application Submitted","Lender"
"2024","Sacramento-Roseville-Arden-Arcade","04","061","95801","VA","Conventional","Asian or Pacific Islander","Asian or Pacific Islander","Female","Approved","Purchase",820000,0.8,4.75,0,"No","No","No","No","No","1,000,000","Single-Family Home","New Home","No","No","No","No","700,000","Site-Built","Primary Residence","Not Secured","0","0","0","0","45","45","0","0","Application Submitted","Borrower"
"2024","Portland-Vancouver-Hillsboro","18","061","97201","Conventional","Manufactured Home","White","White","Male","Approved","Refinance",140000,0.6,4.25,0,"No","No","No","No","No","200,000","Manufactured Home","New Home","No","No","No","No","100,000","Not Applicable","Primary Residence","Secured by Land","1","0","0","0","35","35","0","0","Application Submitted","Lender"
"2024","Kansas City","18","061","64101","FHA","Manufactured Home","Black or African American","Black or African American","Female","Approved","Refinance",240000,0.7,4.5,0,"No","No","No","No","No","300,000","Manufactured Home","New Home","No","No","No","No","150,000","Not Applicable","Primary Residence","Secured by Land","1","0","0","0","30","30","0","0","Application Submitted","Borrower"
"2024","St. Louis","22","061","63101","VA","Conventional","White","White","Female","Approved","Purchase",560000,0.85,4.75,0,"No","No","No","No","No","700,000","Single-Family Home","New Home","No","No","No","No","500,000","Site-Built","Primary Residence","Not Secured","0","0","0","0","40","40","0","0","Application Submitted","Lender"
"2024","Dallas-Fort Worth-Arlington","48","061","75001","FHA","Manufactured Home","Asian or Pacific Islander","American Indian or Alaska Native","Male","Approved","Refinance",380000,0.7,4.5,0,"No","No","No","No","No","500,000","Manufactured Home","New Home","No","No","No","No","250,000","Not Applicable","Primary Residence","Secured by Land","1","0","0","0","35","35","0","0","Application Submitted","Borrower"
"2024","Raleigh-Durham-Chapel Hill","37","059","27501","VA","Conventional","Black or African American","Black or African American","Female","Approved","Purchase",420000,0.8,4.75,0,"No","No","No","No","No","500,000","Single-Family Home","New Home","No","No","No","No","350,000","Site-Built","Primary Residence","Not Secured","0","0","0","0","45","45","0","0","Application Submitted","Lender"
"2024","Austin-Round Rock","48","061","78701","Conventional","Manufactured Home","Hispanic or Latino","Hispanic or Latino","Male","Approved","Purchase",280000,0.65,4.5,0,"No","No","No","No","No","350,000","Manufactured Home","New Home","No","No","No","No","175,000","Not Applicable","Primary Residence","Secured by Land","1","0","0","0","30","30","0","0","Application Submitted","Borrower"
"2024","Las Vegas-Henderson-Paradise","25","061","89101","VA","Conventional","Asian or Pacific Islander","Asian or Pacific Islander","Female","Approved","Refinance",420000,0.85,4.75,0,"No","No","No","No","No","600,000","Single-Family Home","Existing Home","No","No","No","No","400,000","Site-Built","Primary Residence","Not Secured","0","0","0","0","40","40","0","0","Application Submitted","Lender"
"2024","San Diego","06","061","92101","Conventional","Manufactured Home","White","White","Male","Approved","Purchase",680000,0.8,4.75,0,"No","No","No","No","No","850,000","Single-Family Home","New Home","No","No","No","No","600,000","Site-Built","Primary Residence","Not Secured","1","0","0","0","45","45","0","0","Application Submitted","Borrower"
"2024","Denver-Aurora-Lakewood","08","061","80001","FHA","Conventional","Hispanic or Latino","Hispanic or Latino","Female","Approved","Refinance",180000,0.7,4.5,0,"No","No","No","No","No","250,000","Single-Family Home","New Home","No","No","No","No","150,000","Site-Built","Primary Residence","Not Secured","0","0","0","0","35","35","0","0","Application Submitted","Lender"
"2024","San Jose-Sunnyvale-Santa Clara","06","061","95101","VA","Manufactured Home","Asian or Pacific Islander","Asian or Pacific Islander","Male","Approved","Purchase",400000,0.85,4.75,0,"No","No","No","No","No","550,000","Manufactured Home","New Home","No","No","No","No","300,000","Not Applicable","Primary Residence","Secured by Land","1","0","0","0","40","40","0","0","Application Submitted","Borrower"
"2024","Phoenix-Mesa-Scottsdale","04","063","85001","FHA","Conventional","White","White","Female","Approved","Refinance",220000,0.65,4.5,0,"No","No","No","No","No","300,000","Single-Family Home","Existing Home","No","No","No","No","175,000","Site-Built","Primary Residence","Not Secured","0","0","0","0","35","35","0","0","Application Submitted","Lender"
"2024","Tampa-St. Petersburg-Clearwater","12","061","33601","Conventional","Manufactured Home","Black or African American","Black or African American","Male","Approved","Purchase",240000,0.7,4.5,0,"No","No","No","No","No","350,000","Manufactured Home","New Home","No","No","No","No","200,000","Not Applicable","Primary Residence","Secured by Land","1","0","0","0","30","30","0","0","Application Submitted","Borrower"
"2024","Birmingham-Hoover","17","059","35201","VA","Conventional","White","White","Female","Approved","Purchase",480000,0.8,4.75,0,"No","No","No","No","No","600,000","Single-Family Home","New Home","No","No","No","No","450,000","Site-Built","Primary Residence","Not Secured","0","0","0","0","45","45","0","0","Application Submitted","Lender"
"2024","Portland-Vancouver-Hillsboro","18","061","97201","FHA","Conventional","White","White","Male","Approved","Refinance",200000,0.65,4.5,0,"No","No","No","No","No","300,000","Single-Family Home","New Home","No","No","No","No","175,000","Site-Built","Primary Residence","Not Secured","0","0","0","0","35","35","0","0","Application Submitted","Borrower"
"2024","Oklahoma City","17","061","73101","VA","Manufactured Home","Hispanic or Latino","Hispanic or Latino","Female","Approved","Refinance",220000,0.7,4.5,0,"No","No","No","No","No","300,000","Manufactured Home","New Home","No","No","No","No","150,000","Not Applicable","Primary Residence","Secured by Land","1","0","0","0","30","30","0","0","Application Submitted","Lender"
"2024","Memphis","17","059","38101","FHA","Conventional","White","White","Male","Approved","Purchase",420000,0.85,4.75,0,"No","No","No","No","No","500,000","Single-Family Home","New Home","No","No","No","No","350,000","Site-Built","Primary Residence","Not Secured","0","0","0","0","40","40","0","0","Application Submitted","Borrower"
"2024","Greenville-Anderson-Mauldin","37","059","29601","VA","Conventional","Asian or Pacific Islander","Asian or Pacific Islander","Female","Approved","Purchase",380000,0.8,4.75,0,"No","No","No","No","No","450,000","Single-Family Home","New Home","No","No","No","No","300,000","Site-Built","Primary Residence","Not Secured","0","0","0","0","45","45","0","0","Application Submitted","Lender"
"2024","Omaha-Council Bluffs","06","061","68101","VA","Manufactured Home","White","White","Male","Approved","Refinance",280000,0.7,4.5,0,"No","No","No","No","No","400,000","Manufactured Home","New Home","No","No","No","No","200,000","Not Applicable","Primary Residence","Secured by Land","1","0","0","0","35","35","0","0","Application Submitted","Borrower"
"2024","Columbus","24","061","43201","FHA","Conventional","Black or African American","Black or African American","Female","Approved","Refinance",360000,0.75,4.5,0,"No","No","No","No","No","500,000","Single-Family Home","New Home","No","No","No","No","300,000","Site-Built","Primary Residence","Not Secured","0","0","0","0","40","40","0","0","Application Submitted","Lender"
"2024","Providence-Warwick","25","061","02901","VA","Manufactured Home","White","White","Male","Approved","Purchase",280000,0.7,4.5,0,"No","No","No","No","No","400,000","Manufactured Home","New Home","No","No","No","No","200,000","Not Applicable","Primary Residence","Secured by Land","1","0","0","0","30","30","0","0","Application Submitted","Borrower"
"2024","Nashville-Davidson--Murfreesboro--Franklin","35","059","37201","FHA","Conventional","Hispanic or Latino","Hispanic or Latino","Female","Approved","Refinance",220000,0.65,4.5,0,"No","No","No","No","No","350,000","Single-Family Home","Existing Home","No","No","No","No","175,000","Site-Built","Primary Residence","Not Secured","0","0","0","0","35","35","0","0","Application Submitted","Lender"
"2024","Richmond","35","059","23201","VA","Manufactured Home","Asian or Pacific Islander","Asian or Pacific Islander","Male","Approved","Refinance",320000,0.7,4.5,0,"No","No","No","No","No","450,000","Manufactured Home","New Home","No","No","No","No","250,000","Not Applicable","Primary Residence","Secured by Land","1","0","0","0","40","40","0","0","Application Submitted","Borrower"
2024,"Seattle-Tacoma-Bellevue, WA",1,502,43010,"FHA",1,1,1,1,1,"Purchasing",250000,0.75,4.25,0.25,0,0,0,0,0,0,0,0,0,0,0,0,0,0,0,0,1,0,0,0,0,0,1,0,0,0,1,0,1,0,30,0,0,0,0,0,0,0,0
2024,"Los Angeles-Long Beach-Anaheim, CA",6,031,06100,"VA",3,2,2,1,1,1,"Refinancing",180000,0.75,4.75,0.25,0,0,0,0,0,0,0,0,0,0,0,0,0,0,0,0,2,0,0,0,0,0,1,0,0,0,1,0,2,1,35,0,0,0,0,0,0,0,0
2024,"New York-Newark-Jersey City, NY-NJ-PA",36,061,37010,"FHA",2,1,1,1,1,1,"Purchasing",320000,0.8,4.5,0.25,0,0,0,0,0,0,0,0,0,0,0,0,0,0,0,0,1,0,0,0,0,0,1,0,0,0,1,0,1,0,40,0,0,0,0,0,0,0,0
2024,"Chicago-Naperville-Elgin, IL-IN-WI",17,179,43010,"Conventional",3,2,2,1,1,1,"Purchasing",200000,0.7,4.25,0.25,0,0,0,0,0,0,0,0,0,0,0,0,0,0,0,0,1,0,0,0,0,0,1,0,0,0,1,0,2,0,30,0,0,0,0,0,0,0,0
2024,"Dallas-Fort Worth-Arlington, TX",48,101,06100,"VA",1,1,1,1,1,1,"Refinancing",120000,0.75,4.5,0.25,0,0,0,0,0,0,0,0,0,0,0,0,0,0,0,0,2,0,0,0,0,0,1,0,0,0,1,0,1,0,35,0,0,0,0,0,0,0,0
2024,"Houston-The Woodlands-Sugar Land, TX",48,061,46010,"Conventional",2,2,2,1,1,1,"Purchasing",300000,0.8,4.75,0.25,0,0,0,0,0,0,0,0,0,0,0,0,0,0,0,0,1,0,0,0,0,0,1,0,0,0,1,0,2,0,40,0,0,0,0,0,0,0,0
2024,"Phoenix-Mesa-Scottsdale, AZ",44,009,05010,"FHA",1,1,1,1,1,1,"Purchasing",150000,0.75,4.25,0.25,0,0,0,0,0,0,0,0,0,0,0,0,0,0,0,0,1,0,0,0,0,0,1,0,0,0,1,0,1,0,30,0,0,0,0,0,0,0,0
2024,"San Antonio-New Braunfels, TX",48,033,06100,"VA",2,2,2,1,1,1,"Refinancing",180000,0.75,4.5,0.25,0,0,0,0,0,0,0,0,0,0,0,0,0,0,0,0,2,0,0,0,0,0,1,0,0,0,1,0,1,0,35,0,0,0,0,0,0,0,0
2024,"San Diego-Chula Vista-Carlsbad, CA",6,027,06010,"FHA",1,1,1,1,1,1,"Purchasing",250000,0.8,4.5,0.25,0,0,0,0,0,0,0,0,0,0,0,0,0,0,0,0,1,0,0,0,0,0,1,0,0,0,1,0,1,0,40,0,0,0,0,0,0,0,0
2024,"Denver-Aurora-Lakewood, CO",8,081,37010,"Conventional",2,2,2,1,1,1,"Purchasing",280000,0.7,4.25,0.25,0,0,0,0,0,0,0,0,0,0,0,0,0,0,0,0,1,0,0,0,0,0,1,0,0,0,1,0,2,0,30,0,0,0,0,0,0,0,0
2024,"Washington-Arlington-Alexandria, DC-VA-MD",51,155,24010,"FHA",3,2,2,1,1,1,"Purchasing",200000,0.75,4.25,0.25,0,0,0,0,0,0,0,0,0,0,0,0,0,0,0,0,1,0,0,0,0,0,1,0,0,0,1,0,1,0,30,0,0,0,0,0,0,0,0
2024,"Minneapolis-St. Paul-Bloomington, MN-WI",27,093,37010,"VA",2,2,2,1,1,1,"Refinancing",220000,0.8,4.5,0.25,0,0,0,0,0,0,0,0,0,0,0,0,0,0,0,0,2,0,0,0,0,0,1,0,0,0,1,0,1,0,35,0,0,0,0,0,0,0,0
2024,"Boston-Cambridge-Nashua, MA-NH",25,034,24010,"Conventional",1,1,1,1,1,1,"Purchasing",300000,0.75,4.5,0.25,0,0,0,0,0,0,0,0,0,0,0,0,0,0,0,0,1,0,0,0,0,0,1,0,0,0,1,0,1,0,40,0,0,0,0,0,0,0,0
2024,"Atlanta-Sandy Springs-Roswell, GA",13,027,06010,"FHA",2,2,2,1,1,1,"Purchasing",120000,0.75,4.25,0.25,0,0,0,0,0,0,0,0,0,0,0,0,0,0,0,0,1,0,0,0,0,0,1,0,0,0,1,0,1,0,30,0,0,0,0,0,0,0,0
2024,"Philadelphia-Camden-Wilmington, PA-NJ-DE-MD",42,061,37010,"Conventional",3,2,2,1,1,1,"Purchasing",280000,0.8,4.75,0.25,0,0,0,0,0,0,0,0,0,0,0,0,0,0,0,0,1,0,0,0,0,0,1,0,0,0,1,0,2,0,40,0,0,0,0,0,0,0,0
2024,"Detroit-Warren-Dearborn, MI",26,181,43010,"FHA",2,2,2,1,1,1,"Purchasing",150000,0.75,4.25,0.25,0,0,0,0,0,0,0,0,0,0,0,0,0,0,0,0,1,0,0,0,0,0,1,0,0,0,1,0,1,0,30,0,0,0,0,0,0,0,0
2024,"Raleigh-Durham-Chapel Hill, NC",37,087,24010,"Conventional",1,1,1,1,1,1,"Purchasing",220000,0.7,4.25,0.25,0,0,0,0,0,0,0,0,0,0,0,0,0,0,0,0,1,0,0,0,0,0,1,0,0,0,1,0,2,0,30,0,0,0,0,0,0,0,0
2024,"St. Louis, MO-IL",29,061,37010,"VA",2,2,2,1,1,1,"Refinancing",180000,0.8,4.5,0.25,0,0,0,0,0,0,0,0,0,0,0,0,0,0,0,0,2,0,0,0,0,0,1,0,0,0,1,0,1,0,35,0,0,0,0,0,0,0,0
2024,"Kansas City, MO-KS",29,061,46010,"Conventional",1,1,1,1,1,1,"Purchasing",200000,0.75,4.25,0.25,0,0,0,0,0,0,0,0,0,0,0,0,0,0,0,0,1,0,0,0,0,0,1,0,0,0,1,0,1,0,30,0,0,0,0,0,0,0,0
2024,"Columbus, OH",39,069,24010,"FHA",2,2,2,1,1,1,"Purchasing",140000,0.75,4.25,0.25,0,0,0,0,0,0,0,0,0,0,0,0,0,0,0,0,1,0,0,0,0,0,1,0,0,0,1,0,1,0,30,0,0,0,0,0,0,0,0
2024,"Indianapolis-Carmel-Anderson, IN",18,179,43010,"VA",3,2,2,1,1,1,"Refinancing",220000,0.8,4.5,0.25,0,0,0,0,0,0,0,0,0,0,0,0,0,0,0,0,2,0,0,0,0,0,1,0,0,0,1,0,1,0,35,0,0,0,0,0,0,0,0
2024,"Portland-Vancouver-Hillsboro, OR-WA",41,051,37010,"Conventional",1,1,1,1,1,1,"Purchasing",280000,0.75,4.25,0.25,0,0,0,0,0,0,0,0,0,0,0,0,0,0,0,0,1,0,0,0,0,0,1,0,0,0,1,0,1,0,30,0,0,0,0,0,0,0,0
2024,"Charlotte-Concord-Gastonia, NC-SC",37,091,24010,"FHA",2,2,2,1,1,1,"Purchasing",180000,0.75,4.25,0.25,0,0,0,0,0,0,0,0,0,0,0,0,0,0,0,0,1,0,0,0,0,0,1,0,0,0,1,0,1,0,30,0,0,0,0,0,0,0,0
2024,"Oklahoma City, OK",74,109,06100,"VA",3,2,2,1,1,1,"Refinancing",200000,0.8,4.5,0.25,0,0,0,0,0,0,0,0,0,0,0,0,0,0,0,0,2,0,0,0,0,0,1,0,0,0,1,0,1,0,35,0,0,0,0,0,0,0,0
2024,"Louisville-Jefferson County, KY-IN",21,027,06010,"Conventional",1,1,1,1,1,1,"Purchasing",220000,0.7,4.25,0.25,0,0,0,0,0,0,0,0,0,0,0,0,0,0,0,0,1,0,0,0,0,0,1,0,0,0,1,0,2,0,30,0,0,0,0,0,0,0,0
2024,"Milwaukee-Waukesha-West Allis, WI",55,093,37010,"FHA",2,2,2,1,1,1,"Purchasing",150000,0.75,4.25,0.25,0,0,0,0,0,0,0,0,0,0,0,0,0,0,0,0,1,0,0,0,0,0,1,0,0,0,1,0,1,0,30,0,0,0,0,0,0,0,0
2024,"Cleveland-Elyria, OH",39,061,37010,"VA",3,2,2,1,1,1,"Refinancing",180000,0.8,4.5,0.25,0,0,0,0,0,0,0,0,0,0,0,0,0,0,0,0,2,0,0,0,0,0,1,0,0,0,1,0,1,0,35,0,0,0,0,0,0,0,0
2024,"Tampa-St. Petersburg-Clearwater, FL",12,027,06010,"Conventional",1,1,1,1,1,1,"Purchasing",280000,0.75,4.25,0.25,0,0,0,0,0,0,0,0,0,0,0,0,0,0,0,0,1,0,0,0,0,0,1,0,0,0,1,0,1,0,30,0,0,0,0,0,0,0,0
2024,"Orlando-Kissimmee-Sanford, FL",12,027,06010,"FHA",2,2,2,1,1,1,"Purchasing",120000,0.75,4.25,0.25,0,0,0,0,0,0,0,0,0,0,0,0,0,0,0,0,1,0,0,0,0,0,1,0,0,0,1,0,1,0,30,0,0,0,0,0,0,0,0
2024,"Sacramento-Roseville-Arden-Arcade, CA",6,029,05010,"Conventional",1,1,1,1,1,1,"Purchasing",250000,0.7,4.25,0.25,0,0,0,0,0,0,0,0,0,0,0,0,0,0,0,0,1,0,0,0,0,0,1,0,0,0,1,0,1,0,30,0,0,0,0,0,0,0,0
2024,"Austin-Round Rock-Georgetown, TX",48,034,06100,"VA",3,2,2,1,1,1,"Refinancing",220000,0.8,4.5,0.25,0,0,0,0,0,0,0,0,0,0,0,0,0,0,0,0,2,0,0,0,0,0,1,0,0,0,1,0,1,0,35,0,0,0,0,0,0,0,0
2024,"Nashville-Davidson--Murfreesboro--Franklin, TN",41,063,24010,"Conventional",1,1,1,1,1,1,"Purchasing",200000,0.75,4.25,0.25,0,0,0,0,0,0,0,0,0,0,0,0,0,0,0,0,1,0,0,0,0,0,1,0,0,0,1,0,1,0,30,0,0,0,0,0,0,0,0
2024,"Baltimore-Columbia-Towson, MD",24,023,24010,"FHA",2,2,2,1,1,1,"Purchasing",140000,0.75,4.25,0.25,0,0,0,0,0,0,0,0,0,0,0,0,0,0,0,0,1,0,0,0,0,0,1,0,0,0,1,0,1,0,30,0,0,0,0,0,0,0,0
2024,"Milwaukee-Waukesha-West Allis, WI",55,093,37010,"Conventional",2,2,2,1,1,1,"Purchasing",180000,0.75,4.25,0.25,0,0,0,0,0,0,0,0,0,0,0,0,0,0,0,0,1,0,0,0,0,0,1,0,0,0,1,0,1,0,30,0,0,0,0,0,0,0,0
2024,"Las Vegas-Henderson-Paradise, NV",32,051,37010,"FHA",1,1,1,1,1,1,"Purchasing",220000,0.75,4.25,0.25,0,0,0,0,0,0,0,0,0,0,0,0,0,0,0,0,1,0,0,0,0,0,1,0,0,0,1,0,1,0,30,0,0,0,0,0,0,0,0
2024,"Miami-Fort Lauderdale-West Palm Beach, FL",12,027,06010,"Conventional",2,2,2,1,1,1,"Purchasing",280000,0.75,4.25,0.25,0,0,0,0,0,0,0,0,0,0,0,0,0,0,0,0,1,0,0,0,0,0,1,0,0,0,1,0,1,0,30,0,0,0,0,0,0,0,0
2024,"Virginia Beach-Norfolk-Newport News, VA-NC",51,045,24010,"FHA",3,2,2,1,1,1,"Purchasing",180000,0.75,4.25,0.25,0,0,0,0,0,0,0,0,0,0,0,0,0,0,0,0,1,0,0,0,0,0,1,0,0,0,1,0,1,0,30,0,0,0,0,0,0,0,0
2024,"Cincinnati, OH-KY-IN",39,061,37010,"Conventional",2,2,2,1,1,1,"Purchasing",220000,0.75,4.25,0.25,0,0,0,0,0,0,0,0,0,0,0,0,0,0,0,0,1,0,0,0,0,0,1,0,0,0,1,0,1,0,30,0,0,0,0,0,0,0,0
2024,"Portland-Vancouver-Hillsboro, OR-WA",41,051,37010,"VA",3,2,2,1,1,1,"Refinancing",200000,0.8,4.5,0.25,0,0,0,0,0,0,0,0,0,0,0,0,0,0,0,0,2,0,0,0,0,0,1,0,0,0,1,0,1,0,35,0,0,0,0,0,0,0,0
2024,"Richmond, VA",51,067,24010,"FHA",1,1,1,1,1,1,"Purchasing",140000,0.75,4.25,0.25,0,0,0,0,0,0,0,0,0,0,0,0,0,0,0,0,1,0,0,0,0,0,1,0,0,0,1,0,1,0,30,0,0,0,0,0,0,0,0
2024,"Wichita, KS",29,061,46010,"Conventional",2,2,2,1,1,1,"Purchasing",160000,0.75,4.25,0.25,0,0,0,0,0,0,0,0,0,0,0,0,0,0,0,0,1,0,0,0,0,0,1,0,0,0,1,0,1,0,30,0,0,0,0,0,0,0,0
2024,"Oklahoma City, OK",74,109,06100,"FHA",2,2,2,1,1,1,"Purchasing",120000,0.75,4.25,0.25,0,0,0,0,0,0,0,0,0,0,0,0,0,0,0,0,1,0,0,0,0,0,1,0,0,0,1,0,1,0,30,0,0,0,0,0,0,0,0
2024,"Santa Ana-Anaheim-Irvine, CA",6,029,05010,"Conventional",1,1,1,1,1,1,"Purchasing",300000,0.75,4.25,0.25,0,0,0,0,0,0,0,0,0,0,0,0,0,0,0,0,1,0,0,0,0,0,1,0,0,0,1,0,1,0,30,0,0,0,0,0,0,0,0
2024,"Boise City, ID",16,043,37010,"FHA",2,2,2,1,1,1,"Purchasing",180000,0.75,4.25,0.25,0,0,0,0,0,0,0,0,0,0,0,0,0,0,0,0,1,0,0,0,0,0,1,0,0,0,1,0,1,0,30,0,0,0,0,0,0,0,0
2024,"Raleigh-Durham-Chapel Hill, NC",37,087,24010,"FHA",2,2,2,1,1,1,"Purchasing",220000,0.75,4.25,0.25,0,0,0,0,0,0,0,0,0,0,0,0,0,0,0,0,1,0,0,0,0,0,1,0,0,0,1,0,1,0,30,0,0,0,0,0,0,0,0
2024,"San Jose-Sunnyvale-Santa Clara, CA",6,029,05010,"Conventional",1,1,1,1,1,1,"Purchasing",320000,0.75,4.25,0.25,0,0,0,0,0,0,0,0,0,0,0,0,0,0,0,0,1,0,0,0,0,0,1,0,0,0,1,0,1,0,30,0,0,0,0,0,0,0,0
"2024","New York-Newark-Jersey City, NY-NJ-PA","34","031","021010","Purchase Money","Single Family Home","White","White","Approved","Home Purchase","180000","85","6","4.75","1.75","No","22000","2000","1500","0.25","5000","30","0","0","No","No","No","No","200000","Site Built","Occupy by Owner","No","1","0","0","50000","0","24000","0.5","FICO","FICO","White","White","White","White","Male","Male","Male","Male","35","35","0","0","Yes","Lender"
"2024","Los Angeles-Long Beach-Anaheim, CA","06","031","021030","Refinance","Condominium","Asian","Asian","Approved","Refinance","80000","75","5","4.25","1.25","No","11000","1000","800","0.2","3000","15","0","0","No","No","No","No","150000","Site Built","Occupy by Owner","No","1","0","0","40000","0","22000","0.4","FICO","FICO","Asian","Asian","Asian","Asian","Female","Female","Female","Female","28","28","0","0","Yes","Borrower"
"2024","Chicago-Naperville-Elgin, IL-IN-WI","17","061","021400","Home Equity","Townhouse","White","White","Approved","Home Equity","100000","60","4","4.5","1.5","Yes","12000","1000","800","0.25","2000","10","0","0","No","No","No","No","120000","Site Built","Occupy by Owner","No","1","0","0","50000","0","20000","0.3","FICO","FICO","White","White","White","White","Male","Male","Male","Male","42","42","1","0","Yes","Borrower"
"2024","Washington-Baltimore-Arlington, DC-MD-VA","24","041","021010","Purchase Money","Manufactured Home","Black","Black","Approved","Home Purchase","250000","90","7","4.5","2.5","No","26000","2500","2000","0.3","3000","20","0","0","No","No","No","No","200000","Manufactured","Occupy by Owner","Yes","1","1","1","60000","0","28000","0.6","FICO","FICO","Black","Black","Black","Black","Female","Female","Female","Female","38","38","1","1","Yes","Lender"
"2024","Dallas-Fort Worth, TX","48","061","021010","Refinance","Single Family Home","White","White","Denied","Refinance","150000","70","5","4.25","1.25","No","15000","1000","800","0.2","2500","12","0","0","No","No","No","No","180000","Site Built","Occupy by Owner","No","1","0","0","60000","0","24000","0.4","FICO","FICO","White","White","White","White","Male","Male","Male","Male","50","50","0","0","Yes","Borrower"
"2024","Houston-The Woodlands, TX","48","061","021020","Purchase Money","Manufactured Home","Hispanic","Hispanic","Approved","Home Purchase","200000","80","6","4.5","2.5","No","21000","2000","1500","0.25","3000","18","0","0","No","No","No","No","150000","Manufactured","Occupy by Owner","Yes","1","1","1","60000","0","26000","0.5","FICO","FICO","Hispanic","Hispanic","Hispanic","Hispanic","Male","Male","Male","Male","45","45","0","0","Yes","Lender"
"2024","Philadelphia-Camden-Wilmington, PA-NJ-DE-MD","35","061","021010","Home Equity","Single Family Home","White","White","Approved","Home Equity","120000","55","4","4.5","1.5","Yes","12000","1000","800","0.25","2000","10","0","0","No","No","No","No","140000","Site Built","Occupy by Owner","No","1","0","0","55000","0","22000","0.3","FICO","FICO","White","White","White","White","Female","Female","Female","Female","52","52","1","0","Yes","Borrower"
"2024","Phoenix-Mesa-Scottsdale, AZ","04","031","021010","Refinance","Condominium","Asian","Asian","Approved","Refinance","60000","65","5","4.25","1.25","No","9000","800","600","0.2","2000","12","0","0","No","No","No","No","100000","Site Built","Occupy by Owner","No","1","0","0","40000","0","22000","0.4","FICO","FICO","Asian","Asian","Asian","Asian","Male","Male","Male","Male","40","40","0","0","Yes","Borrower"
"2024","San Jose-Sunnyvale-Santa Clara, CA","06","061","021010","Purchase Money","Townhouse","White","White","Approved","Home Purchase","400000","95","8","4.5","3.5","No","42000","4000","3200","0.35","5000","22","0","0","No","No","No","No","350000","Site Built","Occupy by Owner","No","1","0","0","70000","0","28000","0.6","FICO","FICO","White","White","White","White","Female","Female","Female","Female","48","48","0","0","Yes","Lender"
"2024","Austin-Round Rock, TX","48","061","021010","Home Equity","Manufactured Home","Black","Black","Denied","Home Equity","180000","60","4","4.5","1.5","Yes","18000","1500","1200","0.25","2500","10","0","0","No","No","No","No","160000","Manufactured","Occupy by Owner","Yes","1","1","1","50000","0","20000","0.3","FICO","FICO","Black","Black","Black","Black","Male","Male","Male","Male","55","55","1","0","Yes","Borrower"
"2024","San Diego-Chula Vista, CA","06","031","021030","Refinance","Single Family Home","Hispanic","Hispanic","Approved","Refinance","200000","75","5","4.25","1.25","No","22000","2000","1600","0.2","3000","14","0","0","No","No","No","No","230000","Site Built","Occupy by Owner","No","1","0","0","60000","0","24000","0.4","FICO","FICO","Hispanic","Hispanic","Hispanic","Hispanic","Female","Female","Female","Female","30","30","0","0","Yes","Borrower"
"2024","Jacksonville, FL","12","061","021010","Purchase Money","Condominium","White","White","Approved","Home Purchase","300000","85","6","4.5","2.5","No","31000","3000","2400","0.3","4000","20","0","0","No","No","No","No","280000","Site Built","Occupy by Owner","No","1","0","0","65000","0","26000","0.5","FICO","FICO","White","White","White","White","Male","Male","Male","Male","45","45","0","0","Yes","Lender"
"2024","San Antonio, TX","48","061","021020","Home Equity","Townhouse","Hispanic","Hispanic","Approved","Home Equity","150000","50","4","4.5","1.5","Yes","15000","1200","1000","0.25","2000","9","0","0","No","No","No","No","160000","Site Built","Occupy by Owner","No","1","0","0","50000","0","20000","0.3","FICO","FICO","Hispanic","Hispanic","Hispanic","Hispanic","Female","Female","Female","Female","42","42","1","0","Yes","Borrower"
"2024","Colorado Springs, CO","08","031","021010","Refinance","Manufactured Home","Asian","Asian","Denied","Refinance","120000","55","4","4.5","1.5","No","12000","1000","800","0.25","2000","9","0","0","No","No","No","No","140000","Manufactured","Occupy by Owner","Yes","1","1","1","45000","0","20000","0.3","FICO","FICO","Asian","Asian","Asian","Asian","Male","Male","Male","Male","58","58","1","0","Yes","Borrower"
"2024","Virginia Beach-Norfolk, VA","51","041","021010","Purchase Money","Single Family Home","Black","Black","Approved","Home Purchase","400000","95","8","4.5","3.5","No","41000","4000","3200","0.35","5000","22","0","0","No","No","No","No","350000","Site Built","Occupy by Owner","No","1","0","0","70000","0","28000","0.6","FICO","FICO","Black","Black","Black","Black","Female","Female","Female","Female","49","49","0","0","Yes","Lender"
"2024","Raleigh-Durham-Chapel Hill, NC","37","061","021010","Home Equity","Condominium","Asian","Asian","Approved","Home Equity","180000","60","4","4.5","1.5","Yes","18000","1500","1200","0.25","2500","10","0","0","No","No","No","No","160000","Site Built","Occupy by Owner","No","1","0","0","50000","0","20000","0.3","FICO","FICO","Asian","Asian","Asian","Asian","Male","Male","Male","Male","53","53","1","0","Yes","Borrower"
"2024","Kansas City, MO-KS","29","061","021010","Refinance","Townhouse","White","White","Denied","Refinance","100000","45","4","4.5","1.5","No","10000","800","600","0.2","2000","8","0","0","No","No","No","No","110000","Site Built","Occupy by Owner","Yes","1","1","1","40000","0","20000","0.3","FICO","FICO","White","White","White","White","Female","Female","Female","Female","60","60","1","0","Yes","Borrower"
"2024","Oklahoma City, OK","07","061","021010","Purchase Money","Manufactured Home","Hispanic","Hispanic","Approved","Home Purchase","200000","80","6","4.5","2.5","No","21000","2000","1600","0.25","2500","18","0","0","No","No","No","No","150000","Manufactured","Occupy by Owner","Yes","1","1","1","55000","0","24000","0.5","FICO","FICO","Hispanic","Hispanic","Hispanic","Hispanic","Male","Male","Male","Male","41","41","0","0","Yes","Lender"
"2024","Minneapolis-St Paul-Bloomington, MN-WI","27","061","021010","Home Equity","Single Family Home","White","White","Approved","Home Equity","120000","55","4","4.5","1.5","Yes","12000","1000","800","0.25","2000","10","0","0","No","No","No","No","140000","Site Built","Occupy by Owner","No","1","0","0","45000","0","22000","0.3","FICO","FICO","White","White","White","White","Male","Male","Male","Male","59","59","1","0","Yes","Borrower"
"2024","Cleveland-Elyria, OH","39","061","021010","Refinance","Condominium","Black","Black","Approved","Refinance","250000","85","7","4.5","3.5","No","26000","2500","2000","0.3","4000","20","0","0","No","No","No","No","220000","Site Built","Occupy by Owner","No","1","0","0","60000","0","26000","0.5","FICO","FICO","Black","Black","Black","Black","Female","Female","Female","Female","47","47","0","0","Yes","Lender"
"2024","Columbus, OH","39","061","021010","Home Equity","Townhouse","Asian","Asian","Approved","Home Equity","140000","60","4","4.5","1.5","Yes","14000","1200","1000","0.25","2000","10","0","0","No","No","No","No","150000","Site Built","Occupy by Owner","No","1","0","0","50000","0","20000","0.3","FICO","FICO","Asian","Asian","Asian","Asian","Male","Male","Male","Male","54","54","1","0","Yes","Borrower"
"2024","Nashville-Davidson--Murfreesboro--Franklin, TN","37","061","021010","Purchase Money","Manufactured Home","White","White","Approved","Home Purchase","180000","80","6","4.5","2.5","No","19000","1800","1500","0.25","2500","18","0","0","No","No","No","No","140000","Manufactured","Occupy by Owner","Yes","1","1","1","50000","0","24000","0.5","FICO","FICO","White","White","White","White","Female","Female","Female","Female","38","38","0","0","Yes","Lender"
"2024","Portland-Vancouver-Hillsboro, OR-WA","41","061","021010","Refinance","Townhouse","Hispanic","Hispanic","Denied","Refinance","100000","45","4","4.5","1.5","No","10000","800","600","0.2","2000","8","0","0","No","No","No","No","110000","Site Built","Occupy by Owner","Yes","1","1","1","40000","0","20000","0.3","FICO","FICO","Hispanic","Hispanic","Hispanic","Hispanic","Male","Male","Male","Male","61","61","1","0","Yes","Borrower"
"2024","Detroit-Warren-Dearborn, MI","26","061","021010","Purchase Money","Condominium","White","White","Approved","Home Purchase","350000","95","8","4.5","3.5","No","36000","3500","2800","0.35","5000","22","0","0","No","No","No","No","300000","Site Built","Occupy by Owner","No","1","0","0","65000","0","28000","0.6","FICO","FICO","White","White","White","White","Female","Female","Female","Female","51","51","0","0","Yes","Lender"
"2024","St Louis, MO-IL","29","061","021010","Home Equity","Manufactured Home","Black","Black","Approved","Home Equity","120000","55","4","4.5","1.5","Yes","12000","1000","800","0.25","2000","10","0","0","No","No","No","No","140000","Manufactured","Occupy by Owner","No","1","0","0","45000","0","22000","0.3","FICO","FICO","Black","Black","Black","Black","Male","Male","Male","Male","58","58","1","0","Yes","Borrower"
"2024","Seattle-Tacoma-Bellevue, WA","53","061","021010","Refinance","Single Family Home","Asian","Asian","Approved","Refinance","220000","80","6","4.5","2.5","No","23000","2200","1800","0.25","3000","18","0","0","No","No","No","No","190000","Site Built","Occupy by Owner","No","1","0","0","55000","0","24000","0.5","FICO","FICO","Asian","Asian","Asian","Asian","Male","Male","Male","Male","44","44","0","0","Yes","Lender"
"2024","Boston-Cambridge-Nashua, MA-NH","25","061","021010","Purchase Money","Condominium","White","White","Approved","Home Purchase","400000","95","8","4.5","3.5","No","41000","4000","3200","0.35","5000","22","0","0","No","No","No","No","350000","Site Built","Occupy by Owner","No","1","0","0","70000","0","28000","0.6","FICO","FICO","White","White","White","White","Female","Female","Female","Female","48","48","0","0","Yes","Lender"
"2024","Indianapolis-Carmel-Anderson, IN","18","061","021010","Home Equity","Townhouse","Asian","Asian","Approved","Home Equity","160000","60","4","4.5","1.5","Yes","16000","1400","1100","0.25","2000","10","0","0","No","No","No","No","170000","Site Built","Occupy by Owner","No","1","0","0","50000","0","20000","0.3","FICO","FICO","Asian","Asian","Asian","Asian","Male","Male","Male","Male","55","55","1","0","Yes","Borrower"
"2024","Milwaukee-Waukesha-West Allis, WI","55","061","021010","Refinance","Manufactured Home","White","White","Denied","Refinance","120000","55","4","4.5","1.5","No","12000","1000","800","0.25","2000","9","0","0","No","No","No","No","140000","Manufactured","Occupy by Owner","Yes","1","1","1","45000","0","20000","0.3","FICO","FICO","White","White","White","White","Female","Female","Female","Female","63","63","1","0","Yes","Borrower"
"2024","Pittsburgh, PA","42","061","021010","Purchase Money","Single Family Home","Black","Black","Approved","Home Purchase","250000","85","7","4.5","3.5","No","26000","2500","2000","0.3","4000","20","0","0","No","No","No","No","220000","Site Built","Occupy by Owner","No","1","0","0","60000","0","26000","0.5","FICO","FICO","Black","Black","Black","Black","Female","Female","Female","Female","46","46","0","0","Yes","Lender"
"2024","Albuquerque, NM","02","061","021010","Home Equity","Condominium","Hispanic","Hispanic","Approved","Home Equity","180000","60","4","4.5","1.5","Yes","18000","1500","1200","0.25","2500","10","0","0","No","No","No","No","160000","Site Built","Occupy by Owner","No","1","0","0","50000","0","20000","0.3","FICO","FICO","Hispanic","Hispanic","Hispanic","Hispanic","Male","Male","Male","Male","51","51","1","0","Yes","Borrower"
"2024","Charlotte-Concord-Gastonia, NC-SC","37","061","021010","Refinance","Manufactured Home","Black","Black","Denied","Refinance","100000","45","4","4.5","1.5","No","10000","800","600","0.2","2000","8","0","0","No","No","No","No","110000","Manufactured","Occupy by Owner","Yes","1","1","1","40000","0","20000","0.3","FICO","FICO","Black","Black","Black","Black","Female","Female","Female","Female","62","62","1","0","Yes","Borrower"
"2024","Memphis, TN-MS-AR","27","061","021010","Purchase Money","Single Family Home","White","White","Approved","Home Purchase","280000","90","7","4.5","3.5","No","29000","2900","2300","0.35","4000","22","0","0","No","No","No","No","240000","Site Built","Occupy by Owner","No","1","0","0","65000","0","28000","0.6","FICO","FICO","White","White","White","White","Male","Male","Male","Male","52","52","0","0","Yes","Lender"
"2024","Cincinnati, OH-KY-IN","39","061","021010","Home Equity","Condominium","White","White","Approved","Home Equity","160000","60","4","4.5","1.5","Yes","16000","1400","1100","0.25","2000","10","0","0","No","No","No","No","170000","Site Built","Occupy by Owner","No","1","0","0","50000","0","20000","0.3","FICO","FICO","White","White","White","White","Female","Female","Female","Female","49","49","1","0","Yes","Borrower"
"2024","Sacramento-Roseville-Arden-Arcade, CA","06","061","021010","Refinance","Manufactured Home","Asian","Asian","Denied","Refinance","120000","55","4","4.5","1.5","No","12000","1000","800","0.25","2000","9","0","0","No","No","No","No","140000","Manufactured","Occupy by Owner","Yes","1","1","1","45000","0","20000","0.3","FICO","FICO","Asian","Asian","Asian","Asian","Female","Female","Female","Female","64","64","1","0","Yes","Borrower"
"2024","Kansas City, MO-KS","29","061","021010","Purchase Money","Single Family Home","Hispanic","Hispanic","Approved","Home Purchase","220000","80","6","4.5","2.5","No","23000","2200","1800","0.25","2500","18","0","0","No","No","No","No","180000","Site Built","Occupy by Owner","No","1","0","0","55000","0","24000","0.5","FICO","FICO","Hispanic","Hispanic","Hispanic","Hispanic","Female","Female","Female","Female","41","41","0","0","Yes","Lender"
"2024","Oklahoma City, OK","07","061","021010","Home Equity","Townhouse","Asian","Asian","Approved","Home Equity","140000","60","4","4.5","1.5","Yes","14000","1200","1000","0.25","2000","10","0","0","No","No","No","No","150000","Site Built","Occupy by Owner","No","1","0","0","50000","0","20000","0.3","FICO","FICO","Asian","Asian","Asian","Asian","Male","Male","Male","Male","53","53","1","0","Yes","Borrower"
"2024","Portland-Vancouver-Hillsboro, OR-WA","41","061","021010","Refinance","Condominium","White","White","Denied","Refinance","150000","55","4","4.5","1.5","No","15000","1200","1000","0.2","2000","9","0","0","No","No","No","No","160000","Site Built","Occupy by Owner","Yes","1","1","1","50000","0","20000","0.3","FICO","FICO","White","White","White","White","Female","Female","Female","Female","65","65","1","0","Yes","Borrower"

"2024","New York-Newark-Jersey City, NY-NJ-PA","25","061","5421","Conventional Home Mortgage","Single Family Home","Hispanic or Latino","Asian","Male","Approved","Purchase","144000","0.8","4.25","0","None","None","0","5000","2000","0","30","None","0","0","None","375000","Site Built Single Family Home","Primary Residence","Manufactured Home Secured Property Type: No","0","0","1","500000","0","15","0","0","0","Certified Application","The Lending Institution"

"2024","Los Angeles-Long Beach-Anaheim, CA","06","055","6613","FHA-Insured Home Mortgage","Single Family Home","White","White","Female","Approved","Purchase","180000","0.7","4.5","0","None","None","0","6000","2500","0","30","None","0","0","None","425000","Site Built Single Family Home","Primary Residence","Manufactured Home Secured Property Type: No","2","0","2","700000","0","20","0","0","0","Certified Application","The Lending Institution"

"2024","Chicago-Naperville-Elgin, IL-IN-WI","17","113","5311","VA-Guaranteed Home Loan","Single Family Home","White","Black or African American","Male","Approved","Purchase","120000","0.9","4.0","0","None","None","0","4000","1500","0","30","None","0","0","None","300000","Site Built Single Family Home","Primary Residence","Manufactured Home Secured Property Type: No","0","0","0","450000","0","25","0","0","0","Certified Application","The Lending Institution"

"2024","Dallas-Fort Worth-Arlington, TX","48","061","6912","FHA-Insured Home Mortgage","Single Family Home","Hispanic or Latino","Hispanic or Latino","Female","Approved","Purchase","200000","0.8","4.75","0","None","None","0","5500","2000","0","30","None","0","0","None","450000","Site Built Single Family Home","Primary Residence","Manufactured Home Secured Property Type: No","1","0","1","600000","0","10","0","0","0","Certified Application","The Lending Institution"

"2024","Houston-The Woodlands-Sugar Land, TX","48","061","6614","Conventional Home Mortgage","Single Family Home","White","White","Male","Approved","Purchase","220000","0.85","4.25","0","None","None","0","6500","2500","0","30","None","0","0","None","525000","Site Built Single Family Home","Primary Residence","Manufactured Home Secured Property Type: No","0","0","0","650000","0","15","0","0","0","Certified Application","The Lending Institution"

"2024","Washington-Baltimore-Arlington, DC-MD-VA-WV","24","023","5315","FHA-Insured Home Mortgage","Single Family Home","Black or African American","Black or African American","Female","Approved","Purchase","130000","0.75","4.5","0","None","None","0","4500","1500","0","30","None","0","0","None","325000","Site Built Single Family Home","Primary Residence","Manufactured Home Secured Property Type: No","1","0","1","500000","0","20","0","0","0","Certified Application","The Lending Institution"

"2024","Philadelphia-Camden-Wilmington, PA-NJ-DE-MD","25","061","5422","VA-Guaranteed Home Loan","Single Family Home","Hispanic or Latino","White","Male","Approved","Purchase","190000","0.85","4.0","0","None","None","0","5500","2000","0","30","None","0","0","None","400000","Site Built Single Family Home","Primary Residence","Manufactured Home Secured Property Type: No","0","0","0","550000","0","25","0","0","0","Certified Application","The Lending Institution"

"2024","Atlanta-Sandy Springs-Alpharetta, GA","13","027","6913","Conventional Home Mortgage","Single Family Home","White","White","Female","Approved","Purchase","210000","0.9","4.5","0","None","None","0","6000","2500","0","30","None","0","0","None","475000","Site Built Single Family Home","Primary Residence","Manufactured Home Secured Property Type: No","1","0","1","625000","0","10","0","0","0","Certified Application","The Lending Institution"

"2024","Miami-Fort Lauderdale-West Palm Beach, FL","12","061","6615","FHA-Insured Home Mortgage","Single Family Home","Black or African American","Black or African American","Male","Approved","Purchase","160000","0.8","4.25","0","None","None","0","5000","2000","0","30","None","0","0","None","375000","Site Built Single Family Home","Primary Residence","Manufactured Home Secured Property Type: No","0","0","0","475000","0","15","0","0","0","Certified Application","The Lending Institution"

"2024","Boston-Cambridge-Nashua, MA-NH","25","023","5316","Conventional Home Mortgage","Single Family Home","White","White","Female","Approved","Purchase","240000","0.85","4.5","0","None","None","0","6500","2500","0","30","None","0","0","None","475000","Site Built Single Family Home","Primary Residence","Manufactured Home Secured Property Type: No","0","0","0","550000","0","20","0","0","0","Certified Application","The Lending Institution"

"2024","Detroit-Warren-Dearborn, MI","35","027","6914","FHA-Insured Home Mortgage","Single Family Home","Hispanic or Latino","Hispanic or Latino","Male","Approved","Purchase","180000","0.8","4.25","0","None","None","0","5000","2000","0","30","None","0","0","None","400000","Site Built Single Family Home","Primary Residence","Manufactured Home Secured Property Type: No","1","0","1","525000","0","25","0","0","0","Certified Application","The Lending Institution"

"2024","San Francisco-Oakland-Berkeley, CA","06","023","5317","VA-Guaranteed Home Loan","Single Family Home","Asian","Asian","Female","Approved","Purchase","220000","0.85","4.0","0","None","None","0","5500","2000","0","30","None","0","0","None","450000","Site Built Single Family Home","Primary Residence","Manufactured Home Secured Property Type: No","0","0","0","525000","0","20","0","0","0","Certified Application","The Lending Institution"

"2024","Seattle-Tacoma-Bellevue, WA","18","031","6616","Conventional Home Mortgage","Single Family Home","White","White","Male","Approved","Purchase","260000","0.9","4.5","0","None","None","0","7000","3000","0","30","None","0","0","None","500000","Site Built Single Family Home","Primary Residence","Manufactured Home Secured Property Type: No","1","0","1","600000","0","15","0","0","0","Certified Application","The Lending Institution"

"2024","Minneapolis-St. Paul-Bloomington, MN-WI","27","027","5318","FHA-Insured Home Mortgage","Single Family Home","Black or African American","Black or African American","Female","Approved","Purchase","140000","0.75","4.25","0","None","None","0","4500","1500","0","30","None","0","0","None","325000","Site Built Single Family Home","Primary Residence","Manufactured Home Secured Property Type: No","0","0","0","425000","0","25","0","0","0","Certified Application","The Lending Institution"

"2024","San Jose-Sunnyvale-Santa Clara, CA","06","023","5319","Conventional Home Mortgage","Single Family Home","Hispanic or Latino","Hispanic or Latino","Male","Approved","Purchase","280000","0.85","4.5","0","None","None","0","6500","2500","0","30","None","0","0","None","475000","Site Built Single Family Home","Primary Residence","Manufactured Home Secured Property Type: No","1","0","1","550000","0","20","0","0","0","Certified Application","The Lending Institution"

"2024","Denver-Aurora-Lakewood, CO","08","041","6915","FHA-Insured Home Mortgage","Single Family Home","White","White","Female","Approved","Purchase","190000","0.8","4.25","0","None","None","0","5000","2000","0","30","None","0","0","None","425000","Site Built Single Family Home","Primary Residence","Manufactured Home Secured Property Type: No","0","0","0","475000","0","15","0","0","0","Certified Application","The Lending Institution"

"2024","St. Louis, MO-IL","29","027","6617","VA-Guaranteed Home Loan","Single Family Home","Asian","Asian","Male","Approved","Purchase","160000","0.75","4.0","0","None","None","0","4500","1500","0","30","None","0","0","None","375000","Site Built Single Family Home","Primary Residence","Manufactured Home Secured Property Type: No","1","0","1","425000","0","25","0","0","0","Certified Application","The Lending Institution"

"2024","Baltimore-Columbia-Towson, MD","24","023","5311","Conventional Home Mortgage","Single Family Home","Hispanic or Latino","Hispanic or Latino","Female","Approved","Purchase","240000","0.85","4.5","0","None","None","0","5500","2000","0","30","None","0","0","None","425000","Site Built Single Family Home","Primary Residence","Manufactured Home Secured Property Type: No","0","0","0","475000","0","20","0","0","0","Certified Application","The Lending Institution"

"2024","Kansas City, MO-KS","29","027","6916","FHA-Insured Home Mortgage","Single Family Home","White","White","Male","Approved","Purchase","220000","0.8","4.25","0","None","None","0","5000","2000","0","30","None","0","0","None","450000","Site Built Single Family Home","Primary Residence","Manufactured Home Secured Property Type: No","1","0","1","525000","0","15","0","0","0","Certified Application","The Lending Institution"

"2024","Columbus, OH","39","031","5312","VA-Guaranteed Home Loan","Single Family Home","Asian","Asian","Female","Approved","Purchase","180000","0.85","4.0","0","None","None","0","4500","1500","0","30","None","0","0","None","375000","Site Built Single Family Home","Primary Residence","Manufactured Home Secured Property Type: No","0","0","0","425000","0","25","0","0","0","Certified Application","The Lending Institution"

"2024","Nashville-Davidson--Murfreesboro--Franklin, TN","47","027","6618","Conventional Home Mortgage","Single Family Home","Black or African American","Black or African American","Male","Approved","Purchase","200000","0.8","4.25","0","None","None","0","5000","2000","0","30","None","0","0","None","425000","Site Built Single Family Home","Primary Residence","Manufactured Home Secured Property Type: No","1","0","1","500000","0","15","0","0","0","Certified Application","The Lending Institution"

"2024","Portland-Vancouver-Hillsboro, OR-WA","18","031","5313","FHA-Insured Home Mortgage","Single Family Home","White","White","Female","Approved","Purchase","250000","0.9","4.5","0","None","None","0","6000","2500","0","30","None","0","0","None","475000","Site Built Single Family Home","Primary Residence","Manufactured Home Secured Property Type: No","0","0","0","525000","0","20","0","0","0","Certified Application","The Lending Institution"

"2024","Raleigh-Durham-Chapel Hill, NC","37","027","6917","Conventional Home Mortgage","Single Family Home","Hispanic or Latino","Hispanic or Latino","Male","Approved","Purchase","220000","0.85","4.5","0","None","None","0","5500","2000","0","30","None","0","0","None","425000","Site Built Single Family Home","Primary Residence","Manufactured Home Secured Property Type: No","1","0","1","500000","0","15","0","0","0","Certified Application","The Lending Institution"

"2024","Austin-Round Rock, TX","48","061","6619","FHA-Insured Home Mortgage","Single Family Home","White","White","Female","Approved","Purchase","210000","0.8","4.25","0","None","None","0","5000","2000","0","30","None","0","0","None","450000","Site Built Single Family Home","Primary Residence","Manufactured Home Secured Property Type: No","0","0","0","475000","0","20","0","0","0","Certified Application","The Lending Institution"

"2024","Virginia Beach-Norfolk-Newport News, VA-NC","51","023","5314","VA-Guaranteed Home Loan","Single Family Home","Asian","Asian","Male","Approved","Purchase","240000","0.85","4.0","0","None","None","0","5500","2000","0","30","None","0","0","None","425000","Site Built Single Family Home","Primary Residence","Manufactured Home Secured Property Type: No","1","0","1","475000","0","25","0","0","0","Certified Application","The Lending Institution"

"2024","Indianapolis-Carmel-Anderson, IN","18","031","5315","Conventional Home Mortgage","Single Family Home","White","White","Female","Approved","Purchase","290000","0.9","4.5","0","None","None","0","6500","3000","0","30","None","0","0","None","525000","Site Built Single Family Home","Primary Residence","Manufactured Home Secured Property Type: No","0","0","0","550000","0","20","0","0","0","Certified Application","The Lending Institution"

"2024","Milwaukee-Waukesha-West Allis, WI","55","031","6918","FHA-Insured Home Mortgage","Single Family Home","Black or African American","Black or African American","Male","Approved","Purchase","150000","0.75","4.25","0","None","None","0","4000","1500","0","30","None","0","0","None","325000","Site Built Single Family Home","Primary Residence","Manufactured Home Secured Property Type: No","1","0","1","375000","0","25","0","0","0","Certified Application","The Lending Institution"

"2024","Oklahoma City, OK","74","027","6619","Conventional Home Mortgage","Single Family Home","Hispanic or Latino","Hispanic or Latino","Female","Approved","Purchase","200000","0.8","4.5","0","None","None","0","5000","2000","0","30","None","0","0","None","425000","Site Built Single Family Home","Primary Residence","Manufactured Home Secured Property Type: No","0","0","0","475000","0","15","0","0","0","Certified Application","The Lending Institution"

"2024","Memphis, TN-MS-AR","47","027","6919","FHA-Insured Home Mortgage","Single Family Home","White","White","Male","Approved","Purchase","220000","0.85","4.25","0","None","None","0","5500","2000","0","30","None","0","0","None","450000","Site Built Single Family Home","Primary Residence","Manufactured Home Secured Property Type: No","1","0","1","475000","0","20","0","0","0","Certified Application","The Lending Institution"

"2024","Louisville/Jefferson County, KY-IN","41","061","5423","VA-Guaranteed Home Loan","Single Family Home","Asian","Asian","Female","Approved","Purchase","190000","0.8","4.0","0","None","None","0","4500","1500","0","30","None","0","0","None","375000","Site Built Single Family Home","Primary Residence","Manufactured Home Secured Property Type: No","0","0","0","425000","0","25","0","0","0","Certified Application","The Lending Institution"

"2024","Richmond, VA","51","023","5316","Conventional Home Mortgage","Single Family Home","Black or African American","Black or African American","Male","Approved","Purchase","210000","0.85","4.5","0","None","None","0","5500","2000","0","30","None","0","0","None","425000","Site Built Single Family Home","Primary Residence","Manufactured Home Secured Property Type: No","1","0","1","475000","0","20","0","0","0","Certified Application","The Lending Institution"

"2024","Honolulu, HI","15","061","6611","FHA-Insured Home Mortgage","Single Family Home","White","White","Female","Approved","Purchase","280000","0.9","4.5","0","None","None","0","6500","3000","0","30","None","0","0","None","475000","Site Built Single Family Home","Primary Residence","Manufactured Home Secured Property Type: No","0","0","0","525000","0","15","0","0","0","Certified Application","The Lending Institution"

"2024","Pittsburgh, PA","42","061","5424","Conventional Home Mortgage","Single Family Home","Hispanic or Latino","Hispanic or Latino","Male","Approved","Purchase","240000","0.85","4.5","0","None","None","0","5500","2000","0","30","None","0","0","None","425000","Site Built Single Family Home","Primary Residence","Manufactured Home Secured Property Type: No","1","0","1","475000","0","20","0","0","0","Certified Application","The Lending Institution"

"2024","Phoenix-Mesa-Scottsdale, AZ","04","041","6910","VA-Guaranteed Home Loan","Single Family Home","White","White","Female","Approved","Purchase","220000","0.8","4.0","0","None","None","0","4500","1500","0","30","None","0","0","None","400000","Site Built Single Family Home","Primary Residence","Manufactured Home Secured Property Type: No","0","0","0","450000","0","25","0","0","0","Certified Application","The Lending Institution"

"2024","Cleveland-Elyria, OH","39","031","5317","FHA-Insured Home Mortgage","Single Family Home","Asian","Asian","Male","Approved","Purchase","200000","0.85","4.25","0","None","None","0","5000","2000","0","30","None","0","0","None","425000","Site Built Single Family Home","Primary Residence","Manufactured Home Secured Property Type: No","1","0","1","475000","0","20","0","0","0","Certified Application","The Lending Institution"

"2024","Riverside-San Bernardino-Ontario, CA","06","023","5318","Conventional Home Mortgage","Single Family Home","Hispanic or Latino","Hispanic or Latino","Female","Approved","Purchase","260000","0.9","4.5","0","None","None","0","6500","3000","0","30","None","0","0","None","475000","Site Built Single Family Home","Primary Residence","Manufactured Home Secured Property Type: No","0","0","0","525000","0","15","0","0","0","Certified Application","The Lending Institution"

"2024","San Antonio-New Braunfels, TX","48","061","6610","FHA-Insured Home Mortgage","Single Family Home","Black or African American","Black or African American","Male","Approved","Purchase","180000","0.75","4.25","0","None","None","0","4500","1500","0","30","None","0","0","None","375000","Site Built Single Family Home","Primary Residence","Manufactured Home Secured Property Type: No","1","0","1","425000","0","25","0","0","0","Certified Application","The Lending Institution"

"2024","Colorado Springs, CO","08","041","5319","Conventional Home Mortgage","Single Family Home","White","White","Female","Approved","Purchase","230000","0.85","4.5","0","None","None","0","5500","2000","0","30","None","0","0","None","425000","Site Built Single Family Home","Primary Residence","Manufactured Home Secured Property Type: No","0","0","0","475000","0","20","0","0","0","Certified Application","The Lending Institution"

"2024","Wichita, KS","29","027","6911","FHA-Insured Home Mortgage","Single Family Home","Asian","Asian","Male","Approved","Purchase","140000","0.8","4.25","0","None","None","0","4000","1500","0","30","None","0","0","None","325000","Site Built Single Family Home","Primary Residence","Manufactured Home Secured Property Type: No","1","0","1","375000","0","25","0","0","0","Certified Application","The Lending Institution"

"2024","Chattanooga, TN-GA","47","027","6611","VA-Guaranteed Home Loan","Single Family Home","Hispanic or Latino","Hispanic or Latino","Female","Approved","Purchase","190000","0.85","4.0","0","None","None","0","4500","1500","0","30","None","0","0","None","375000","Site Built Single Family Home","Primary Residence","Manufactured Home Secured Property Type: No","0","0","0","425000","0","25","0","0","0","Certified Application","The Lending Institution"

"2024","Boise City, ID","16","041","5310","FHA-Insured Home Mortgage","Single Family Home","White","White","Male","Approved","Purchase","220000","0.8","4.25","0","None","None","0","5000","2000","0","30","None","0","0","None","425000","Site Built Single Family Home","Primary Residence","Manufactured Home Secured Property Type: No","1","0","1","475000","0","15","0","0","0","Certified Application","The Lending Institution"
"activity_year","derived_msa-md","state_code","county_code","census_tract","derived_loan_product_type","derived_dwelling_category","derived_ethnicity","derived_race","derived_sex","action_taken","loan_purpose","loan_amount","loan_to_value_ratio","interest_rate","rate_spread","hoepa_status","total_loan_costs","total_points_and_fees","origination_charges","discount_points","lender_credits","loan_term","prepayment_penalty_term","intro_rate_period","negative_amortization","interest_only_payment","balloon_payment","other_nonamortizing_features","property_value","construction_method","occupancy_type","manufactured_home_secured_property_type","manufactured_home_land_property_interest","total_units","multifamily_affordable_units","income","debt_to_income_ratio","applicant_credit_score_type","co_applicant_credit_score_type","applicant_ethnicity-1","co_applicant_ethnicity-1","applicant_ethnicity_observed","co_applicant_ethnicity_observed","applicant_race-1","co_applicant_race-1","applicant_race_observed","co_applicant_race_observed","applicant_sex","co_applicant_sex","applicant_sex_observed","co_applicant_sex_observed","applicant_age","co_applicant_age","applicant_age_above_62","co_applicant_age_above_62","submission_of_application","initially_payable_to_institution"

"2024","New York-Newark-Jersey City, NY-NJ-PA Metropolitan Division","34","311","731034","Conventional","Owner Occupied","Hispanic or Latino","Asian","Male","Approved","Purchase","250000","65","6.25","0.25","No","43000","2000","42000","5000","10000","15","0","0","0","0","0","250000","Site Built Single Family","Primary Residence","Manufactured Home Not Secured by Land","0","0","1","0","1","0","1","1","Male","Female","Male","Female","40","36","0","0","Application","Lender"
"2024","Los Angeles-Long Beach-Anaheim, CA Metropolitan Division","06","031","061120","FHA/VA","Owner Occupied","White","Hispanic or Latino","Female","Approved","Refinance","180000","80","5.50","0.50","No","37000","1500","35000","3000","5000","10","0","0","0","0","0","180000","Site Built Single Family","Primary Residence","Manufactured Home Secured by Land","0","0","1","0","1","0","1","1","Female","Male","Female","Male","45","38","0","0","Application","Lender"
"2024","Chicago-Naperville-Elgin, IL-IN-WI Metropolitan Division","17","113","171110","Conventional","Owner Occupied","Asian","White","Female","Approved","Purchase","320000","70","6.00","0.00","No","45000","2200","42000","6000","8000","12","0","0","0","0","0","320000","Site Built Single Family","Primary Residence","Manufactured Home Not Secured by Land","0","0","1","0","1","0","1","1","Female","Male","Female","Male","35","30","0","0","Application","Lender"
"2024","Dallas-Fort Worth-Arlington, TX Metropolitan Division","48","057","480597","FHA/VA","Owner Occupied","Hispanic or Latino","Black or African American","Male","Approved","Refinance","140000","85","5.00","0.50","No","27000","1200","28000","2000","3000","9","0","0","0","0","0","140000","Site Built Single Family","Primary Residence","Manufactured Home Secured by Land","0","0","1","0","1","0","1","1","Male","Female","Male","Female","50","42","0","0","Application","Lender"
"2024","Houston-The Woodlands-Sugar Land, TX Metropolitan Division","48","061","480616","Conventional","Owner Occupied","White","Asian","Female","Approved","Purchase","380000","60","6.75","0.25","No","50000","2500","48000","7000","9000","15","0","0","0","0","0","380000","Site Built Single Family","Primary Residence","Manufactured Home Not Secured by Land","0","0","1","0","1","0","1","1","Female","Male","Female","Male","42","38","0","0","Application","Lender"
"2024","Washington-Arlington-Alexandria, DC-VA-MD Metropolitan Division","24","027","240280","FHA/VA","Owner Occupied","Hispanic or Latino","Asian","Male","Approved","Refinance","200000","80","5.25","0.50","No","38000","1800","36000","4000","6000","11","0","0","0","0","0","200000","Site Built Single Family","Primary Residence","Manufactured Home Secured by Land","0","0","1","0","1","0","1","1","Male","Female","Male","Female","55","48","0","0","Application","Lender"
"2024","Philadelphia-Camden-Wilmington, PA-NJ-DE-MD Metropolitan Division","34","027","341010","Conventional","Owner Occupied","White","White","Female","Approved","Purchase","220000","75","6.00","0.00","No","36000","2000","36000","5000","7000","12","0","0","0","0","0","220000","Site Built Single Family","Primary Residence","Manufactured Home Not Secured by Land","0","0","1","0","1","0","1","1","Female","Male","Female","Male","38","33","0","0","Application","Lender"
"2024","Miami-Fort Lauderdale-West Palm Beach, FL Metropolitan Division","12","027","121040","FHA/VA","Owner Occupied","Hispanic or Latino","Black or African American","Male","Approved","Refinance","180000","85","5.50","0.50","No","32000","1600","32000","2000","3000","10","0","0","0","0","0","180000","Site Built Single Family","Primary Residence","Manufactured Home Secured by Land","0","0","1","0","1","0","1","1","Male","Female","Male","Female","48","41","0","0","Application","Lender"
"2024","San Francisco-Oakland-Berkeley, CA Metropolitan Division","06","041","061170","Conventional","Owner Occupied","White","Asian","Female","Approved","Purchase","280000","65","6.25","0.25","No","42000","2200","42000","5000","6000","14","0","0","0","0","0","280000","Site Built Single Family","Primary Residence","Manufactured Home Not Secured by Land","0","0","1","0","1","0","1","1","Female","Male","Female","Male","39","34","0","0","Application","Lender"
"2024","Boston-Cambridge-Nashua, MA-NH Metropolitan Division","25","021","250600","FHA/VA","Owner Occupied","Hispanic or Latino","Asian","Male","Approved","Refinance","220000","80","5.50","0.50","No","38000","1800","36000","2000","3000","11","0","0","0","0","0","220000","Site Built Single Family","Primary Residence","Manufactured Home Secured by Land","0","0","1","0","1","0","1","1","Male","Female","Male","Female","52","45","0","0","Application","Lender"
"2024","Atlanta-Sandy Springs-Alpharetta, GA Metropolitan Division","13","029","132600","Conventional","Owner Occupied","White","Hispanic or Latino","Female","Approved","Purchase","240000","70","6.00","0.00","No","36000","2100","36000","4000","6000","13","0","0","0","0","0","240000","Site Built Single Family","Primary Residence","Manufactured Home Not Secured by Land","0","0","1","0","1","0","1","1","Female","Male","Female","Male","41","36","0","0","Application","Lender"
"2024","San Jose-Sunnyvale-Santa Clara, CA Metropolitan Division","06","023","061040","FHA/VA","Owner Occupied","Asian","White","Male","Approved","Refinance","300000","85","5.25","0.50","No","45000","2300","45000","2000","2500","10","0","0","0","0","0","300000","Site Built Single Family","Primary Residence","Manufactured Home Secured by Land","0","0","1","0","1","0","1","1","Male","Female","Male","Female","58","51","0","0","Application","Lender"
"2024","St. Louis, MO-IL Metropolitan Division","29","005","292130","Conventional","Owner Occupied","Hispanic or Latino","Black or African American","Female","Approved","Purchase","260000","60","6.50","0.25","No","40000","2200","40000","4000","5000","15","0","0","0","0","0","260000","Site Built Single Family","Primary Residence","Manufactured Home Not Secured by Land","0","0","1","0","1","0","1","1","Female","Male","Female","Male","44","39","0","0","Application","Lender"
"2024","Seattle-Tacoma-Bellevue, WA Metropolitan Division","53","001","530500","FHA/VA","Owner Occupied","Asian","Asian","Male","Approved","Refinance","240000","80","5.00","0.50","No","38000","1900","38000","2000","2500","10","0","0","0","0","0","240000","Site Built Single Family","Primary Residence","Manufactured Home Secured by Land","0","0","1","0","1","0","1","1","Male","Female","Male","Female","49","42","0","0","Application","Lender"
"2024","Detroit-Warren-Dearborn, MI Metropolitan Division","26","027","261020","Conventional","Owner Occupied","White","White","Female","Approved","Purchase","210000","70","6.00","0.00","No","32000","1800","32000","3000","4000","12","0","0","0","0","0","210000","Site Built Single Family","Primary Residence","Manufactured Home Not Secured by Land","0","0","1","0","1","0","1","1","Female","Male","Female","Male","36","31","0","0","Application","Lender"
"2024","Baltimore-Columbia-Towson, MD Metropolitan Division","24","027","241220","FHA/VA","Owner Occupied","Hispanic or Latino","Black or African American","Male","Approved","Refinance","190000","85","5.50","0.50","No","29000","1400","29000","2000","2500","9","0","0","0","0","0","190000","Site Built Single Family","Primary Residence","Manufactured Home Secured by Land","0","0","1","0","1","0","1","1","Male","Female","Male","Female","53","46","0","0","Application","Lender"
"2024","Riverside-San Bernardino-Ontario, CA Metropolitan Division","06","037","060960","Conventional","Owner Occupied","White","Asian","Female","Approved","Purchase","260000","60","6.75","0.25","No","40000","2200","40000","4000","5000","15","0","0","0","0","0","260000","Site Built Single Family","Primary Residence","Manufactured Home Not Secured by Land","0","0","1","0","1","0","1","1","Female","Male","Female","Male","46","41","0","0","Application","Lender"
"2024","Denver-Aurora-Lakewood, CO Metropolitan Division","08","027","081100","FHA/VA","Owner Occupied","Hispanic or Latino","Hispanic or Latino","Male","Approved","Refinance","220000","80","5.25","0.50","No","32000","1600","32000","2000","2500","11","0","0","0","0","0","220000","Site Built Single Family","Primary Residence","Manufactured Home Secured by Land","0","0","1","0","1","0","1","1","Male","Female","Male","Female","59","52","0","0","Application","Lender"
"2024","Portland-Vancouver-Hillsboro, OR-WA Metropolitan Division","41","001","412200","Conventional","Owner Occupied","White","Asian","Female","Approved","Purchase","280000","65","6.25","0.25","No","42000","2300","42000","5000","6000","14","0","0","0","0","0","280000","Site Built Single Family","Primary Residence","Manufactured Home Not Secured by Land","0","0","1","0","1","0","1","1","Female","Male","Female","Male","43","38","0","0","Application","Lender"
"2024","Minneapolis-St. Paul-Bloomington, MN-WI Metropolitan Division","27","003","271100","FHA/VA","Owner Occupied","Asian","Hispanic or Latino","Male","Approved","Refinance","240000","80","5.50","0.50","No","38000","1800","38000","2000","2500","11","0","0","0","0","0","240000","Site Built Single Family","Primary Residence","Manufactured Home Secured by Land","0","0","1","0","1","0","1","1","Male","Female","Male","Female","54","47","0","0","Application","Lender"
"2024","Cincinnati, OH-KY-IN Metropolitan Division","39","001","391140","Conventional","Owner Occupied","White","White","Female","Approved","Purchase","230000","70","6.00","0.00","No","34000","2000","34000","3000","4000","12","0","0","0","0","0","230000","Site Built Single Family","Primary Residence","Manufactured Home Not Secured by Land","0","0","1","0","1","0","1","1","Female","Male","Female","Male","40","35","0","0","Application","Lender"
"2024","Kansas City, MO-KS Metropolitan Division","29","027","292630","FHA/VA","Owner Occupied","Hispanic or Latino","Asian","Male","Approved","Refinance","200000","85","5.25","0.50","No","36000","1900","36000","2000","2500","10","0","0","0","0","0","200000","Site Built Single Family","Primary Residence","Manufactured Home Secured by Land","0","0","1","0","1","0","1","1","Male","Female","Male","Female","51","44","0","0","Application","Lender"
"2024","Oklahoma City, OK Metropolitan Division","40","027","442100","Conventional","Owner Occupied","White","Black or African American","Female","Approved","Purchase","190000","60","6.50","0.25","No","30000","1800","30000","3000","4000","13","0","0","0","0","0","190000","Site Built Single Family","Primary Residence","Manufactured Home Not Secured by Land","0","0","1","0","1","0","1","1","Female","Male","Female","Male","45","40","0","0","Application","Lender"
"2024","Milwaukee-Waukesha-West Allis, WI Metropolitan Division","55","027","552100","FHA/VA","Owner Occupied","Asian","White","Male","Approved","Refinance","230000","80","5.50","0.50","No","37000","1900","37000","2000","2500","11","0","0","0","0","0","230000","Site Built Single Family","Primary Residence","Manufactured Home Secured by Land","0","0","1","0","1","0","1","1","Male","Female","Male","Female","58","51","0","0","Application","Lender"
"2024","Cleveland-Elyria, OH Metropolitan Division","39","027","391360","Conventional","Owner Occupied","White","Asian","Female","Approved","Purchase","240000","65","6.25","0.25","No","39000","2100","39000","5000","6000","14","0","0","0","0","0","240000","Site Built Single Family","Primary Residence","Manufactured Home Not Secured by Land","0","0","1","0","1","0","1","1","Female","Male","Female","Male","42","37","0","0","Application","Lender"
"2024","Pittsburgh, PA Metropolitan Division","34","027","341920","FHA/VA","Owner Occupied","Hispanic or Latino","Black or African American","Male","Approved","Refinance","220000","85","5.00","0.50","No","32000","1600","32000","2000","2500","10","0","0","0","0","0","220000","Site Built Single Family","Primary Residence","Manufactured Home Secured by Land","0","0","1","0","1","0","1","1","Male","Female","Male","Female","55","48","0","0","Application","Lender"
"2024","Indianapolis-Carmel-Anderson, IN Metropolitan Division","18","027","181520","Conventional","Owner Occupied","Asian","White","Female","Approved","Purchase","280000","60","6.75","0.25","No","44000","2400","44000","5000","6000","15","0","0","0","0","0","280000","Site Built Single Family","Primary Residence","Manufactured Home Not Secured by Land","0","0","1","0","1","0","1","1","Female","Male","Female","Male","45","40","0","0","Application","Lender"
"2024","Charlotte-Concord-Gastonia, NC-SC Metropolitan Division","37","029","371660","FHA/VA","Owner Occupied","White","Hispanic or Latino","Male","Approved","Refinance","250000","80","5.50","0.50","No","38000","1900","38000","2000","2500","11","0","0","0","0","0","250000","Site Built Single Family","Primary Residence","Manufactured Home Secured by Land","0","0","1","0","1","0","1","1","Male","Female","Male","Female","52","45","0","0","Application","Lender"
"2024","Austin-Round Rock, TX Metropolitan Division","48","057","480833","Conventional","Owner Occupied","Asian","Asian","Female","Approved","Purchase","320000","65","6.25","0.25","No","46000","2400","46000","5000","6000","14","0","0","0","0","0","320000","Site Built Single Family","Primary Residence","Manufactured Home Not Secured by Land","0","0","1","0","1","0","1","1","Female","Male","Female","Male","41","36","0","0","Application","Lender"
"2024","Provo-Orem, UT Metropolitan Division","49","027","494000","FHA/VA","Owner Occupied","White","Hispanic or Latino","Male","Approved","Refinance","280000","80","5.50","0.50","No","42000","2100","42000","2000","2500","11","0","0","0","0","0","280000","Site Built Single Family","Primary Residence","Manufactured Home Secured by Land","0","0","1","0","1","0","1","1","Male","Female","Male","Female","50","43","0","0","Application","Lender"
"2024","Virginia Beach-Norfolk, VA Metropolitan Division","51","029","515700","Conventional","Owner Occupied","Asian","Asian","Female","Approved","Purchase","200000","60","6.75","0.25","No","32000","1800","32000","4000","5000","13","0","0","0","0","0","200000","Site Built Single Family","Primary Residence","Manufactured Home Not Secured by Land","0","0","1","0","1","0","1","1","Female","Male","Female","Male","44","39","0","0","Application","Lender"
"2024","Las Vegas-Henderson-Paradise, NV Metropolitan Division","32","027","325500","FHA/VA","Owner Occupied","Hispanic or Latino","Black or African American","Male","Approved","Refinance","240000","85","5.00","0.50","No","34000","1600","34000","2000","2500","10","0","0","0","0","0","240000","Site Built Single Family","Primary Residence","Manufactured Home Secured by Land","0","0","1","0","1","0","1","1","Male","Female","Male","Female","53","46","0","0","Application","Lender"
"2024","Nashville-Davidson--Murfreesboro--Franklin, TN Metropolitan Division","47","029","471600","Conventional","Owner Occupied","White","White","Female","Approved","Purchase","220000","65","6.25","0.25","No","33000","1900","33000","3000","4000","12","0","0","0","0","0","220000","Site Built Single Family","Primary Residence","Manufactured Home Not Secured by Land","0","0","1","0","1","0","1","1","Female","Male","Female","Male","42","37","0","0","Application","Lender"
"2024","Raleigh-Durham-Chapel Hill, NC Metropolitan Division","37","029","371940","FHA/VA","Owner Occupied","Hispanic or Latino","Asian","Male","Approved","Refinance","260000","80","5.50","0.50","No","38000","1900","38000","2000","2500","11","0","0","0","0","0","260000","Site Built Single Family","Primary Residence","Manufactured Home Secured by Land","0","0","1","0","1","0","1","1","Male","Female","Male","Female","56","49","0","0","Application","Lender"
"2024","Fort Worth-Arlington, TX Metropolitan Division","48","057","480700","Conventional","Owner Occupied","White","Black or African American","Female","Approved","Purchase","230000","60","6.50","0.25","No","35000","2000","35000","3000","4000","13","0","0","0","0","0","230000","Site Built Single Family","Primary Residence","Manufactured Home Not Secured by Land","0","0","1","0","1","0","1","1","Female","Male","Female","Male","46","41","0","0","Application","Lender"
"2024","Memphis, TN-MS-AR Metropolitan Division","47","029","471440","FHA/VA","Owner Occupied","Asian","Hispanic or Latino","Male","Approved","Refinance","190000","85","5.00","0.50","No","28000","1400","28000","2000","2500","10","0","0","0","0","0","190000","Site Built Single Family","Primary Residence","Manufactured Home Secured by Land","0","0","1","0","1","0","1","1","Male","Female","Male","Female","51","44","0","0","Application","Lender"
"2024","Columbus, OH Metropolitan Division","39","027","391620","Conventional","Owner Occupied","White","Asian","Female","Approved","Purchase","260000","65","6.25","0.25","No","39000","2200","39000","5000","6000","14","0","0","0","0","0","260000","Site Built Single Family","Primary Residence","Manufactured Home Not Secured by Land","0","0","1","0","1","0","1","1","Female","Male","Female","Male","48","43","0","0","Application","Lender"
"2024","Portland-Vancouver-Hillsboro, OR-WA Metropolitan Division","41","001","412200","FHA/VA","Owner Occupied","Hispanic or Latino","Hispanic or Latino","Male","Approved","Refinance","220000","85","5.50","0.50","No","32000","1600","32000","2000","2500","11","0","0","0","0","0","220000","Site Built Single Family","Primary Residence","Manufactured Home Secured by Land","0","0","1","0","1","0","1","1","Male","Female","Male","Female","55","48","0","0","Application","Lender"
"2024","Tucson, AZ Metropolitan Division","04","027","041400","Conventional","Owner Occupied","White","Black or African American","Female","Approved","Purchase","240000","60","6.50","0.25","No","35000","2000","35000","3000","4000","13","0","0","0","0","0","240000","Site Built Single Family","Primary Residence","Manufactured Home Not Secured by Land","0","0","1","0","1","0","1","1","Female","Male","Female","Male","43","38","0","0","Application","Lender"
"2024","San Francisco-Oakland-Hayward, CA","06","031","0630050.00","Conventional","Single Family","Hispanic or Latino","White","Female","Approved or Purchased","Home Purchase","215000","0.73","3.75","0.00","Y","28380","1280","2500","0","0","30","0","0","0","0","0","0","0","0","1","Total","1","0","500000","Site Built Single Family Home","Occupy Before Completion","Manufactured Home Not Secured by Land","1","0","120000","13","FICO IV","FICO IV","Hispanic or Latino","Hispanic or Latino","Hispanic or Latino","Hispanic or Latino","Male","Male","Male","Male","25","26","0","0","Yes","Lender"
"2024","San Diego-Chula Vista, CA","06","037","0620040.00","FHA","Single Family","Asian","Asian","Female","Approved or Purchased","Home Purchase","180000","0.69","3.50","0.00","N","29540","1380","2000","0","0","30","0","0","0","0","0","0","0","0","1","Total","1","0","400000","Site Built Single Family Home","Occupy Before Completion","Manufactured Home Not Secured by Land","1","0","80000","11","FICO IV","FICO IV","Asian","Asian","Asian","Asian","Female","Female","Female","Female","30","31","0","0","Yes","Lender"
"2024","Boston-Cambridge-Nashua, MA-NH","25","054","0600100.00","Conventional","Single Family","White","White","Female","Approved or Purchased","Home Purchase","250000","0.78","4.00","0.00","Y","31180","1280","2000","0","0","30","0","0","0","0","0","0","0","0","1","Total","1","0","450000","Site Built Single Family Home","Occupy Before Completion","Manufactured Home Not Secured by Land","1","0","90000","14","FICO IV","FICO IV","White","White","White","White","Male","Male","Male","Male","35","36","0","0","No","Lender"
"2024","Seattle-Tacoma-Bellevue, WA","53","181","5303010.00","FHA","Single Family","Hispanic or Latino","Hispanic or Latino","Female","Approved or Purchased","Home Purchase","200000","0.72","3.75","0.00","N","28840","1380","2000","0","0","30","0","0","0","0","0","0","0","0","1","Total","1","0","350000","Site Built Single Family Home","Occupy Before Completion","Manufactured Home Not Secured by Land","1","0","60000","12","FICO IV","FICO IV","Hispanic or Latino","Hispanic or Latino","Hispanic or Latino","Hispanic or Latino","Female","Female","Female","Female","25","26","0","0","Yes","Lender"
"2024","Dallas-Fort Worth-Arlington, TX","48","061","4209400.00","Conventional","Single Family","Black or African American","Black or African American","Female","Approved or Purchased","Home Purchase","220000","0.75","4.00","0.00","Y","30400","1280","2000","0","0","30","0","0","0","0","0","0","0","0","1","Total","1","0","450000","Site Built Single Family Home","Occupy Before Completion","Manufactured Home Not Secured by Land","1","0","70000","15","FICO IV","FICO IV","Black or African American","Black or African American","Black or African American","Black or African American","Male","Male","Male","Male","40","41","0","0","No","Lender"
"2024","Washington-Arlington-Alexandria, DC-VA-MD","24","041","1100600.00","FHA","Single Family","Asian","Asian","Female","Approved or Purchased","Home Purchase","240000","0.67","3.25","0.00","N","32080","1380","2000","0","0","30","0","0","0","0","0","0","0","0","1","Total","1","0","400000","Site Built Single Family Home","Occupy Before Completion","Manufactured Home Not Secured by Land","1","0","80000","13","FICO IV","FICO IV","Asian","Asian","Asian","Asian","Female","Female","Female","Female","28","29","0","0","Yes","Lender"
"2024","Miami-Fort Lauderdale-West Palm Beach, FL","12","071","1202600.00","Conventional","Single Family","Hispanic or Latino","White","Female","Approved or Purchased","Home Purchase","280000","0.76","4.00","0.00","Y","33920","1280","2500","0","0","30","0","0","0","0","0","0","0","0","1","Total","1","0","500000","Site Built Single Family Home","Occupy Before Completion","Manufactured Home Not Secured by Land","1","0","90000","16","FICO IV","FICO IV","Hispanic or Latino","Hispanic or Latino","Hispanic or Latino","Hispanic or Latino","Male","Male","Male","Male","42","43","0","0","No","Lender"
"2024","Minneapolis-St Paul-Bloomington, MN-WI","27","059","2701010.00","FHA","Single Family","White","Asian","Female","Approved or Purchased","Home Purchase","190000","0.68","3.50","0.00","N","28220","1380","2000","0","0","30","0","0","0","0","0","0","0","0","1","Total","1","0","300000","Site Built Single Family Home","Occupy Before Completion","Manufactured Home Not Secured by Land","1","0","60000","11","FICO IV","FICO IV","White","Asian","White","Asian","Female","Female","Female","Female","24","25","0","0","Yes","Lender"
"2024","Denver-Aurora-Lakewood, CO","08","051","0802420.00","Conventional","Single Family","Hispanic or Latino","Hispanic or Latino","Female","Approved or Purchased","Home Purchase","230000","0.74","3.75","0.00","Y","30840","1280","2000","0","0","30","0","0","0","0","0","0","0","0","1","Total","1","0","400000","Site Built Single Family Home","Occupy Before Completion","Manufactured Home Not Secured by Land","1","0","70000","14","FICO IV","FICO IV","Hispanic or Latino","Hispanic or Latino","Hispanic or Latino","Hispanic or Latino","Female","Female","Female","Female","35","36","0","0","No","Lender"
"2024","Philadelphia-Camden-Wilmington, PA-NJ-DE-MD","25","043","4212000.00","FHA","Single Family","Asian","Asian","Female","Approved or Purchased","Home Purchase","210000","0.71","3.50","0.00","N","29440","1380","2000","0","0","30","0","0","0","0","0","0","0","0","1","Total","1","0","350000","Site Built Single Family Home","Occupy Before Completion","Manufactured Home Not Secured by Land","1","0","60000","12","FICO IV","FICO IV","Asian","Asian","Asian","Asian","Female","Female","Female","Female","30","31","0","0","Yes","Lender"
"2024","St Louis, MO-IL","29","031","3005000.00","Conventional","Single Family","Black or African American","Black or African American","Female","Approved or Purchased","Home Purchase","240000","0.76","4.00","0.00","Y","31040","1280","2000","0","0","30","0","0","0","0","0","0","0","0","1","Total","1","0","450000","Site Built Single Family Home","Occupy Before Completion","Manufactured Home Not Secured by Land","1","0","80000","15","FICO IV","FICO IV","Black or African American","Black or African American","Black or African American","Black or African American","Male","Male","Male","Male","38","39","0","0","No","Lender"
"2024","Raleigh-Durham-Chapel Hill, NC","37","031","3716000.00","FHA","Single Family","Asian","Asian","Female","Approved or Purchased","Home Purchase","220000","0.73","3.25","0.00","N","30200","1380","2000","0","0","30","0","0","0","0","0","0","0","0","1","Total","1","0","350000","Site Built Single Family Home","Occupy Before Completion","Manufactured Home Not Secured by Land","1","0","60000","13","FICO IV","FICO IV","Asian","Asian","Asian","Asian","Female","Female","Female","Female","29","30","0","0","Yes","Lender"
"2024","Portland-Vancouver-Hillsboro, OR-WA","41","011","4107020.00","Conventional","Single Family","White","White","Female","Approved or Purchased","Home Purchase","260000","0.77","4.00","0.00","Y","32520","1280","2500","0","0","30","0","0","0","0","0","0","0","0","1","Total","1","0","500000","Site Built Single Family Home","Occupy Before Completion","Manufactured Home Not Secured by Land","1","0","90000","16","FICO IV","FICO IV","White","White","White","White","Male","Male","Male","Male","45","46","0","0","No","Lender"
"2024","Kansas City, MO-KS","29","061","2901800.00","FHA","Single Family","White","White","Female","Approved or Purchased","Home Purchase","200000","0.69","3.50","0.00","N","28620","1380","2000","0","0","30","0","0","0","0","0","0","0","0","1","Total","1","0","300000","Site Built Single Family Home","Occupy Before Completion","Manufactured Home Not Secured by Land","1","0","60000","11","FICO IV","FICO IV","White","White","White","White","Female","Female","Female","Female","27","28","0","0","Yes","Lender"
"2024","Cleveland-Elyria, OH","39","031","3901000.00","Conventional","Single Family","Black or African American","Black or African American","Female","Approved or Purchased","Home Purchase","250000","0.75","4.00","0.00","Y","32000","1280","2000","0","0","30","0","0","0","0","0","0","0","0","1","Total","1","0","450000","Site Built Single Family Home","Occupy Before Completion","Manufactured Home Not Secured by Land","1","0","80000","15","FICO IV","FICO IV","Black or African American","Black or African American","Black or African American","Black or African American","Male","Male","Male","Male","39","40","0","0","No","Lender"
"2024","Long Beach, CA","06","061","0601700.00","FHA","Single Family","Hispanic or Latino","Hispanic or Latino","Female","Approved or Purchased","Home Purchase","180000","0.72","3.75","0.00","N","27540","1380","2000","0","0","30","0","0","0","0","0","0","0","0","1","Total","1","0","300000","Site Built Single Family Home","Occupy Before Completion","Manufactured Home Not Secured by Land","1","0","60000","12","FICO IV","FICO IV","Hispanic or Latino","Hispanic or Latino","Hispanic or Latino","Hispanic or Latino","Female","Female","Female","Female","32","33","0","0","Yes","Lender"
"2024","Chicago-Naperville-Elgin, IL-IN-WI","17","061","1703100.00","Conventional","Single Family","White","White","Female","Approved or Purchased","Home Purchase","240000","0.77","4.00","0.00","Y","31720","1280","2500","0","0","30","0","0","0","0","0","0","0","0","1","Total","1","0","500000","Site Built Single Family Home","Occupy Before Completion","Manufactured Home Not Secured by Land","1","0","90000","16","FICO IV","FICO IV","White","White","White","White","Male","Male","Male","Male","48","49","0","0","No","Lender"
"2024","Los Angeles-Long Beach-Anaheim, CA","06","061","0621000.00","FHA","Single Family","Asian","Asian","Female","Approved or Purchased","Home Purchase","200000","0.68","3.50","0.00","N","29040","1380","2000","0","0","30","0","0","0","0","0","0","0","0","1","Total","1","0","350000","Site Built Single Family Home","Occupy Before Completion","Manufactured Home Not Secured by Land","1","0","60000","13","FICO IV","FICO IV","Asian","Asian","Asian","Asian","Female","Female","Female","Female","26","27","0","0","Yes","Lender"
"2024","Houston-The Woodlands-Sugar Land, TX","48","051","4821100.00","Conventional","Single Family","Hispanic or Latino","Hispanic or Latino","Female","Approved or Purchased","Home Purchase","220000","0.73","3.75","0.00","Y","30180","1280","2000","0","0","30","0","0","0","0","0","0","0","0","1","Total","1","0","400000","Site Built Single Family Home","Occupy Before Completion","Manufactured Home Not Secured by Land","1","0","70000","14","FICO IV","FICO IV","Hispanic or Latino","Hispanic or Latino","Hispanic or Latino","Hispanic or Latino","Female","Female","Female","Female","36","37","0","0","No","Lender"
"2024","Boston-Cambridge-Nashua, MA-NH","25","054","0600080.00","FHA","Single Family","Black or African American","Black or African American","Female","Approved or Purchased","Home Purchase","200000","0.75","4.00","0.00","N","30400","1380","2000","0","0","30","0","0","0","0","0","0","0","0","1","Total","1","0","350000","Site Built Single Family Home","Occupy Before Completion","Manufactured Home Not Secured by Land","1","0","80000","15","FICO IV","FICO IV","Black or African American","Black or African American","Black or African American","Black or African American","Male","Male","Male","Male","41","42","0","0","Yes","Lender"
"2024","Cincinnati, OH-KY-IN","39","031","3901200.00","Conventional","Single Family","White","White","Female","Approved or Purchased","Home Purchase","230000","0.76","4.00","0.00","Y","31560","1280","2500","0","0","30","0","0","0","0","0","0","0","0","1","Total","1","0","450000","Site Built Single Family Home","Occupy Before Completion","Manufactured Home Not Secured by Land","1","0","90000","16","FICO IV","FICO IV","White","White","White","White","Male","Male","Male","Male","50","51","0","0","No","Lender"
"2024","Providence-Warwick, RI-MA","25","027","2501400.00","FHA","Single Family","Hispanic or Latino","Hispanic or Latino","Female","Approved or Purchased","Home Purchase","210000","0.72","3.50","0.00","N","29200","1380","2000","0","0","30","0","0","0","0","0","0","0","0","1","Total","1","0","350000","Site Built Single Family Home","Occupy Before Completion","Manufactured Home Not Secured by Land","1","0","60000","13","FICO IV","FICO IV","Hispanic or Latino","Hispanic or Latino","Hispanic or Latino","Hispanic or Latino","Female","Female","Female","Female","31","32","0","0","Yes","Lender"
"2024","Detroit-Warren-Dearborn, MI","26","051","2601000.00","Conventional","Single Family","Asian","Asian","Female","Approved or Purchased","Home Purchase","240000","0.77","4.00","0.00","Y","32080","1280","2000","0","0","30","0","0","0","0","0","0","0","0","1","Total","1","0","450000","Site Built Single Family Home","Occupy Before Completion","Manufactured Home Not Secured by Land","1","0","90000","16","FICO IV","FICO IV","Asian","Asian","Asian","Asian","Male","Male","Male","Male","52","53","0","0","No","Lender"
"2024","St Petersburg, FL","12","071","1201300.00","FHA","Single Family","Black or African American","Black or African American","Female","Approved or Purchased","Home Purchase","200000","0.75","4.00","0.00","N","30400","1380","2000","0","0","30","0","0","0","0","0","0","0","0","1","Total","1","0","350000","Site Built Single Family Home","Occupy Before Completion","Manufactured Home Not Secured by Land","1","0","80000","15","FICO IV","FICO IV","Black or African American","Black or African American","Black or African American","Black or African American","Male","Male","Male","Male","44","45","0","0","Yes","Lender"
"2024","Nashville-Davidson--Murfreesboro--Franklin, TN","24","041","2403000.00","Conventional","Single Family","White","White","Female","Approved or Purchased","Home Purchase","220000","0.76","4.00","0.00","Y","31040","1280","2500","0","0","30","0","0","0","0","0","0","0","0","1","Total","1","0","450000","Site Built Single Family Home","Occupy Before Completion","Manufactured Home Not Secured by Land","1","0","90000","16","FICO IV","FICO IV","White","White","White","White","Male","Male","Male","Male","51","52","0","0","No","Lender"
"2024","San Jose-Sunnyvale-Santa Clara, CA","06","061","0601000.00","FHA","Single Family","Asian","Asian","Female","Approved or Purchased","Home Purchase","250000","0.67","3.25","0.00","N","31920","1380","2000","0","0","30","0","0","0","0","0","0","0","0","1","Total","1","0","400000","Site Built Single Family Home","Occupy Before Completion","Manufactured Home Not Secured by Land","1","0","80000","15","FICO IV","FICO IV","Asian","Asian","Asian","Asian","Female","Female","Female","Female","37","38","0","0","Yes","Lender"
"2024","Portland-Vancouver-Hillsboro, OR-WA","41","011","4107030.00","Conventional","Single Family","Hispanic or Latino","Hispanic or Latino","Female","Approved or Purchased","Home Purchase","240000","0.74","3.75","0.00","Y","32240","1280","2000","0","0","30","0","0","0","0","0","0","0","0","1","Total","1","0","450000","Site Built Single Family Home","Occupy Before Completion","Manufactured Home Not Secured by Land","1","0","90000","16","FICO IV","FICO IV","Hispanic or Latino","Hispanic or Latino","Hispanic or Latino","Hispanic or Latino","Male","Male","Male","Male","49","50","0","0","No","Lender"
"2024","Virginia Beach-Norfolk, VA","45","061","4505000.00","FHA","Single Family","White","White","Female","Approved or Purchased","Home Purchase","210000","0.69","3.50","0.00","N","29440","1380","2000","0","0","30","0","0","0","0","0","0","0","0","1","Total","1","0","350000","Site Built Single Family Home","Occupy Before Completion","Manufactured Home Not Secured by Land","1","0","60000","13","FICO IV","FICO IV","White","White","White","White","Female","Female","Female","Female","33","34","0","0","Yes","Lender"
"2024","Orlando-Kissimmee-Sanford, FL","12","071","1203200.00","Conventional","Single Family","Asian","Asian","Female","Approved or Purchased","Home Purchase","220000","0.73","3.75","0.00","Y","30380","1280","2000","0","0","30","0","0","0","0","0","0","0","0","1","Total","1","0","400000","Site Built Single Family Home","Occupy Before Completion","Manufactured Home Not Secured by Land","1","0","70000","14","FICO IV","FICO IV","Asian","Asian","Asian","Asian","Female","Female","Female","Female","42","43","0","0","No","Lender"
"2024","Sacramento-Roseville-Arden-Arcade, CA","06","061","0601800.00","Conventional","Single Family","Hispanic or Latino","Hispanic or Latino","Female","Approved or Purchased","Home Purchase","260000","0.78","4.00","0.00","Y","32620","1280","2500","0","0","30","0","0","0","0","0","0","0","0","1","Total","1","0","500000","Site Built Single Family Home","Occupy Before Completion","Manufactured Home Not Secured by Land","1","0","90000","16","FICO IV","FICO IV","Hispanic or Latino","Hispanic or Latino","Hispanic or Latino","Hispanic or Latino","Male","Male","Male","Male","53","54","0","0","No","Lender"
"2024","Kansas City, MO-KS","29","061","2901210.00","FHA","Single Family","White","White","Female","Approved or Purchased","Home Purchase","230000","0.71","3.50","0.00","N","29700","1380","2000","0","0","30","0","0","0","0","0","0","0","0","1","Total","1","0","400000","Site Built Single Family Home","Occupy Before Completion","Manufactured Home Not Secured by Land","1","0","60000","13","FICO IV","FICO IV","White","White","White","White","Female","Female","Female","Female","29","30","0","0","Yes","Lender"
"2024","Dallas-Fort Worth-Arlington, TX","48","061","4822200.00","Conventional","Single Family","Black or African American","Black or African American","Female","Approved or Purchased","Home Purchase","240000","0.76","4.00","0.00","Y","31320","1280","2000","0","0","30","0","0","0","0","0","0","0","0","1","Total","1","0","450000","Site Built Single Family Home","Occupy Before Completion","Manufactured Home Not Secured by Land","1","0","80000","15","FICO IV","FICO IV","Black or African American","Black or African American","Black or African American","Black or African American","Male","Male","Male","Male","46","47","0","0","No","Lender"
"2024","San Francisco-Oakland-Hayward, CA","06","031","0630020.00","FHA","Single Family","Asian","Asian","Female","Approved or Purchased","Home Purchase","200000","0.69","3.50","0.00","N","29040","1380","2000","0","0","30","0","0","0","0","0","0","0","0","1","Total","1","0","350000","Site Built Single Family Home","Occupy Before Completion","Manufactured Home Not Secured by Land","1","0","60000","13","FICO IV","FICO IV","Asian","Asian","Asian","Asian","Female","Female","Female","Female","28","29","0","0","Yes","Lender"
"2024","Chicago-Naperville-Elgin, IL-IN-WI","17","061","1708100.00","Conventional","Single Family","Hispanic or Latino","Hispanic or Latino","Female","Approved or Purchased","Home Purchase","220000","0.73","3.75","0.00","Y","30400","1280","2000","0","0","30","0","0","0","0","0","0","0","0","1","Total","1","0","400000","Site Built Single Family Home","Occupy Before Completion","Manufactured Home Not Secured by Land","1","0","70000","14","FICO IV","FICO IV","Hispanic or Latino","Hispanic or Latino","Hispanic or Latino","Hispanic or Latino","Female","Female","Female","Female","39","40","0","0","No","Lender"
"2024","Washington-Arlington-Alexandria, DC-VA-MD","24","041","1100100.00","FHA","Single Family","White","White","Female","Approved or Purchased","Home Purchase","200000","0.72","3.75","0.00","N","28620","1380","2000","0","0","30","0","0","0","0","0","0","0","0","1","Total","1","0","350000","Site Built Single Family Home","Occupy Before Completion","Manufactured Home Not Secured by Land","1","0","60000","13","FICO IV","FICO IV","White","White","White","White","Female","Female","Female","Female","25","26","0","0","Yes","Lender"
"2024","Seattle-Tacoma-Bellevue, WA","53","181","5303020.00","Conventional","Single Family","Hispanic or Latino","Hispanic or Latino","Female","Approved or Purchased","Home Purchase","230000","0.74","3.75","0.00","Y","31180","1280","2000","0","0","30","0","0","0","0","0","0","0","0","1","Total","1","0","450000","Site Built Single Family Home","Occupy Before Completion","Manufactured Home Not Secured by Land","1","0","90000","16","FICO IV","FICO IV","Hispanic or Latino","Hispanic or Latino","Hispanic or Latino","Hispanic or Latino","Male","Male","Male","Male","43","44","0","0","No","Lender"
"2024","Denver-Aurora-Lakewood, CO","08","051","0802410.00","FHA","Single Family","Asian","Asian","Female","Approved or Purchased","Home Purchase","240000","0.67","3.25","0.00","N","30200","1380","2000","0","0","30","0","0","0","0","0","0","0","0","1","Total","1","0","400000","Site Built Single Family Home","Occupy Before Completion","Manufactured Home Not Secured by Land","1","0","80000","15","FICO IV","FICO IV","Asian","Asian","Asian","Asian","Female","Female","Female","Female","35","36","0","0","Yes","Lender"
"2024","Riverside-San Bernardino-Ontario, CA","06","061","0622000.00","Conventional","Single Family","White","White","Female","Approved or Purchased","Home Purchase","220000","0.76","4.00","0.00","Y","31840","1280","2000","0","0","30","0","0","0","0","0","0","0","0","1","Total","1","0","450000","Site Built Single Family Home","Occupy Before Completion","Manufactured Home Not Secured by Land","1","0","90000","16","FICO IV","FICO IV","White","White","White","White","Male","Male","Male","Male","55","56","0","0","No","Lender"
"2024","Cleveland-Elyria, OH","39","031","3901010.00","FHA","Single Family","White","White","Female","Approved or Purchased","Home Purchase","200000","0.73","3.75","0.00","N","29440","1380","2000","0","0","30","0","0","0","0","0","0","0","0","1","Total","1","0","400000","Site Built Single Family Home","Occupy Before Completion","Manufactured Home Not Secured by Land","1","0","60000","13","FICO IV","FICO IV","White","White","White","White","Female","Female","Female","Female","27","28","0","0","Yes","Lender"
"2024","New York-NJ-PA","34","061","00100","Conventional","Owner-Occupied","White","Asian","Female","Approved","Refinance","250000","70","5","0","0","20000","1000","500","0","20000","30","0","0","0","0","0","250000","Site Built Single Family","Primary Residence","Not a manufactured home","0","0","1","1","White","White","White","White","Female","Female","Female","Female","45","45","0","0","2024-07-15","Lender"
"2024","Los Angeles-Long Beach-Anaheim","06","057","09300","FHA","Owner-Occupied","Hispanic or Latino","Native Hawaiian or Other Pacific Islander","Male","Approved","Purchase","300000","80","6","10","1","22000","1200","600","1","12000","30","0","0","0","0","0","300000","Site Built Single Family","Primary Residence","Not a manufactured home","0","0","2","2","White","White","White","White","Male","Male","Male","Male","38","38","0","0","2024-08-01","Lender"
"2024","Chicago-Naperville-Elgin","17","113","25800","VA","Owner-Occupied","White","Native Hawaiian or Other Pacific Islander","Male","Approved","Purchase","400000","70","4","0","0","28000","1400","700","0","14000","30","0","0","0","0","0","400000","Site Built Single Family","Primary Residence","Not a manufactured home","0","0","1","1","Hispanic or Latino","Hispanic or Latino","Hispanic or Latino","Hispanic or Latino","Male","Male","Male","Male","42","42","0","0","2024-09-15","Lender"
"2024","Dallas-Fort Worth-Arlington","48","043","17300","USDA","Owner-Occupied","Black or African American","White","Female","Approved","Refinance","200000","65","3","0","0","18000","900","450","0","9000","30","0","0","0","0","0","200000","Site Built Single Family","Primary Residence","Not a manufactured home","0","0","1","1","White","White","White","White","Female","Female","Female","Female","50","50","0","0","2024-10-01","Lender"
"2024","Houston-The Woodlands-Sugar Land","48","071","11500","FHA","Owner-Occupied","White","Native Hawaiian or Other Pacific Islander","Male","Approved","Purchase","350000","75","7","15","1","24000","1200","600","1","12000","30","0","0","0","0","0","350000","Site Built Single Family","Primary Residence","Not a manufactured home","0","0","2","2","Black or African American","Black or African American","Black or African American","Black or African American","Male","Male","Male","Male","48","48","0","0","2024-11-15","Lender"
"2024","Washington-Baltimore-Arlington","24","041","05100","Conventional","Owner-Occupied","Asian","White","Female","Approved","Refinance","450000","60","2","0","0","32000","1600","800","0","16000","30","0","0","0","0","0","450000","Site Built Single Family","Primary Residence","Not a manufactured home","0","0","1","1","White","White","White","White","Female","Female","Female","Female","55","55","0","0","2024-12-01","Lender"
"2024","Philadelphia-Camden-Atlantic City","34","027","04700","VA","Owner-Occupied","Hispanic or Latino","White","Male","Approved","Purchase","380000","80","8","20","1","28000","1400","700","1","14000","30","0","0","0","0","0","380000","Site Built Single Family","Primary Residence","Not a manufactured home","0","0","2","2","Black or African American","Black or African American","Black or African American","Black or African American","Male","Male","Male","Male","40","40","0","0","2025-01-15","Lender"
"2024","Atlanta-Sandy Springs-Roswell","12","027","03100","USDA","Owner-Occupied","White","Native Hawaiian or Other Pacific Islander","Female","Approved","Refinance","220000","70","5","0","0","20000","1000","500","0","10000","30","0","0","0","0","0","220000","Site Built Single Family","Primary Residence","Not a manufactured home","0","0","1","1","Asian","Asian","Asian","Asian","Female","Female","Female","Female","45","45","0","0","2025-02-01","Lender"
"2024","San Jose-Sunnyvale-Santa Clara","06","057","09300","FHA","Owner-Occupied","Hispanic or Latino","Native Hawaiian or Other Pacific Islander","Male","Approved","Purchase","420000","85","9","25","1","32000","1600","800","1","16000","30","0","0","0","0","0","420000","Site Built Single Family","Primary Residence","Not a manufactured home","0","0","2","2","White","White","White","White","Male","Male","Male","Male","35","35","0","0","2025-03-15","Lender"
"2024","Phoenix-Mesa-Scottsdale","04","043","01100","Conventional","Owner-Occupied","White","White","Female","Approved","Refinance","290000","65","3","0","0","24000","1200","600","0","12000","30","0","0","0","0","0","290000","Site Built Single Family","Primary Residence","Not a manufactured home","0","0","1","1","Hispanic or Latino","Hispanic or Latino","Hispanic or Latino","Hispanic or Latino","Female","Female","Female","Female","52","52","0","0","2025-04-01","Lender"
"2024","San Diego","06","057","09300","USDA","Owner-Occupied","Black or African American","Native Hawaiian or Other Pacific Islander","Male","Approved","Purchase","380000","75","7","15","1","28000","1400","700","1","14000","30","0","0","0","0","0","380000","Site Built Single Family","Primary Residence","Not a manufactured home","0","0","2","2","Asian","Asian","Asian","Asian","Male","Male","Male","Male","47","47","0","0","2025-05-15","Lender"
"2024","Austin-Round Rock","48","071","11500","FHA","Owner-Occupied","White","White","Female","Approved","Refinance","240000","60","2","0","0","20000","1000","500","0","10000","30","0","0","0","0","0","240000","Site Built Single Family","Primary Residence","Not a manufactured home","0","0","1","1","Hispanic or Latino","Hispanic or Latino","Hispanic or Latino","Hispanic or Latino","Female","Female","Female","Female","48","48","0","0","2025-06-01","Lender"
"2024","San Francisco-Oakland-Berkeley","06","057","09300","VA","Owner-Occupied","Asian","Native Hawaiian or Other Pacific Islander","Male","Approved","Purchase","520000","90","10","30","1","36000","1800","900","1","18000","30","0","0","0","0","0","520000","Site Built Single Family","Primary Residence","Not a manufactured home","0","0","2","2","White","White","White","White","Male","Male","Male","Male","41","41","0","0","2025-07-15","Lender"
"2024","Denver-Aurora-Lakewood","08","091","04100","Conventional","Owner-Occupied","Hispanic or Latino","White","Female","Approved","Refinance","300000","70","5","0","0","24000","1200","600","0","12000","30","0","0","0","0","0","300000","Site Built Single Family","Primary Residence","Not a manufactured home","0","0","1","1","Black or African American","Black or African American","Black or African American","Black or African American","Female","Female","Female","Female","54","54","0","0","2025-08-01","Lender"
"2024","Seattle-Tacoma-Bellevue","18","051","01700","FHA","Owner-Occupied","White","Native Hawaiian or Other Pacific Islander","Male","Approved","Purchase","420000","85","9","25","1","32000","1600","800","1","16000","30","0","0","0","0","0","420000","Site Built Single Family","Primary Residence","Not a manufactured home","0","0","2","2","Asian","Asian","Asian","Asian","Male","Male","Male","Male","39","39","0","0","2025-09-15","Lender"
"2024","Minneapolis-St Paul-Bloomington","17","113","25800","USDA","Owner-Occupied","Black or African American","White","Female","Approved","Refinance","220000","65","3","0","0","18000","900","450","0","9000","30","0","0","0","0","0","220000","Site Built Single Family","Primary Residence","Not a manufactured home","0","0","1","1","White","White","White","White","Female","Female","Female","Female","49","49","0","0","2025-10-01","Lender"
"2024","Kansas City","18","051","01700","Conventional","Owner-Occupied","Hispanic or Latino","Native Hawaiian or Other Pacific Islander","Male","Approved","Purchase","380000","80","8","20","1","28000","1400","700","1","14000","30","0","0","0","0","0","380000","Site Built Single Family","Primary Residence","Not a manufactured home","0","0","2","2","Asian","Asian","Asian","Asian","Male","Male","Male","Male","46","46","0","0","2025-11-15","Lender"
"2024","Oklahoma City","18","051","01700","FHA","Owner-Occupied","White","White","Female","Approved","Refinance","260000","60","2","0","0","22000","1100","550","0","11000","30","0","0","0","0","0","260000","Site Built Single Family","Primary Residence","Not a manufactured home","0","0","1","1","Black or African American","Black or African American","Black or African American","Black or African American","Female","Female","Female","Female","53","53","0","0","2025-12-01","Lender"
"2024","Wichita","18","051","01700","VA","Owner-Occupied","Asian","Native Hawaiian or Other Pacific Islander","Male","Approved","Purchase","450000","90","10","30","1","34000","1700","850","1","17000","30","0","0","0","0","0","450000","Site Built Single Family","Primary Residence","Not a manufactured home","0","0","2","2","White","White","White","White","Male","Male","Male","Male","44","44","0","0","2026-01-15","Lender"
"2024","St. Louis","17","113","25800","Conventional","Owner-Occupied","Hispanic or Latino","White","Female","Approved","Refinance","220000","65","3","0","0","18000","900","450","0","9000","30","0","0","0","0","0","220000","Site Built Single Family","Primary Residence","Not a manufactured home","0","0","1","1","Black or African American","Black or African American","Black or African American","Black or African American","Female","Female","Female","Female","50","50","0","0","2026-02-01","Lender"
"2024","Cincinnati","24","041","05100","FHA","Owner-Occupied","White","Native Hawaiian or Other Pacific Islander","Male","Approved","Purchase","380000","80","8","20","1","28000","1400","700","1","14000","30","0","0","0","0","0","380000","Site Built Single Family","Primary Residence","Not a manufactured home","0","0","2","2","Asian","Asian","Asian","Asian","Male","Male","Male","Male","42","42","0","0","2026-03-15","Lender"
"2024","Cleveland-Elyria","24","041","05100","USDA","Owner-Occupied","Black or African American","White","Female","Approved","Refinance","240000","70","5","0","0","20000","1000","500","0","10000","30","0","0","0","0","0","240000","Site Built Single Family","Primary Residence","Not a manufactured home","0","0","1","1","White","White","White","White","Female","Female","Female","Female","51","51","0","0","2026-04-01","Lender"
"2024","Detroit-Warren-Dearborn","24","041","05100","FHA","Owner-Occupied","Hispanic or Latino","Native Hawaiian or Other Pacific Islander","Male","Approved","Purchase","420000","90","10","30","1","34000","1700","850","1","17000","30","0","0","0","0","0","420000","Site Built Single Family","Primary Residence","Not a manufactured home","0","0","2","2","Asian","Asian","Asian","Asian","Male","Male","Male","Male","45","45","0","0","2026-05-15","Lender"
"2024","Milwaukee-Waukesha-West Allis","17","113","25800","Conventional","Owner-Occupied","White","White","Female","Approved","Refinance","260000","60","2","0","0","22000","1100","550","0","11000","30","0","0","0","0","0","260000","Site Built Single Family","Primary Residence","Not a manufactured home","0","0","1","1","Hispanic or Latino","Hispanic or Latino","Hispanic or Latino","Hispanic or Latino","Female","Female","Female","Female","55","55","0","0","2026-06-01","Lender"
"2024","Portland-Vancouver-Hillsboro","18","051","01700","FHA","Owner-Occupied","Asian","Native Hawaiian or Other Pacific Islander","Male","Approved","Purchase","520000","95","11","35","1","38000","1900","950","1","19000","30","0","0","0","0","0","520000","Site Built Single Family","Primary Residence","Not a manufactured home","0","0","2","2","White","White","White","White","Male","Male","Male","Male","43","43","0","0","2026-07-15","Lender"
"2024","Raleigh-Durham-Chapel Hill","12","027","03100","Conventional","Owner-Occupied","Hispanic or Latino","White","Female","Approved","Refinance","340000","75","7","15","1","28000","1400","700","1","14000","30","0","0","0","0","0","340000","Site Built Single Family","Primary Residence","Not a manufactured home","0","0","1","1","Black or African American","Black or African American","Black or African American","Black or African American","Female","Female","Female","Female","58","58","0","0","2026-08-01","Lender"
"2024","Minneapolis-St Paul-Bloomington","17","113","25800","FHA","Owner-Occupied","White","Native Hawaiian or Other Pacific Islander","Male","Approved","Purchase","440000","92","12","32","1","36000","1800","900","1","18000","30","0","0","0","0","0","440000","Site Built Single Family","Primary Residence","Not a manufactured home","0","0","2","2","Asian","Asian","Asian","Asian","Male","Male","Male","Male","48","48","0","0","2026-09-15","Lender"
"2024","Boston-Cambridge-Nashua","24","041","05100","VA","Owner-Occupied","Hispanic or Latino","White","Female","Approved","Refinance","290000","65","3","0","0","24000","1200","600","0","12000","30","0","0","0","0","0","290000","Site Built Single Family","Primary Residence","Not a manufactured home","0","0","1","1","White","White","White","White","Female","Female","Female","Female","52","52","0","0","2026-10-01","Lender"
"2024","Denver-Aurora-Lakewood","08","091","04100","FHA","Owner-Occupied","White","White","Female","Approved","Purchase","420000","80","8","20","1","32000","1600","800","1","16000","30","0","0","0","0","0","420000","Site Built Single Family","Primary Residence","Not a manufactured home","0","0","1","1","Black or African American","Black or African American","Black or African American","Black or African American","Female","Female","Female","Female","59","59","0","0","2026-11-15","Lender"
"2024","Seattle-Tacoma-Bellevue","18","051","01700","Conventional","Owner-Occupied","Hispanic or Latino","Native Hawaiian or Other Pacific Islander","Male","Approved","Refinance","380000","70","5","0","0","28000","1400","700","0","14000","30","0","0","0","0","0","380000","Site Built Single Family","Primary Residence","Not a manufactured home","0","0","1","1","Asian","Asian","Asian","Asian","Male","Male","Male","Male","40","40","0","0","2026-12-01","Lender"
"2024","Los Angeles-Long Beach-Anaheim","06","057","09300","USDA","Owner-Occupied","Black or African American","White","Female","Approved","Refinance","220000","65","3","0","0","18000","900","450","0","9000","30","0","0","0","0","0","220000","Site Built Single Family","Primary Residence","Not a manufactured home","0","0","1","1","Hispanic or Latino","Hispanic or Latino","Hispanic or Latino","Hispanic or Latino","Female","Female","Female","Female","56","56","0","0","2027-01-15","Lender"
"2024","Chicago-Naperville-Elgin","17","113","25800","FHA","Owner-Occupied","White","Native Hawaiian or Other Pacific Islander","Male","Approved","Purchase","420000","90","10","30","1","34000","1700","850","1","17000","30","0","0","0","0","0","420000","Site Built Single Family","Primary Residence","Not a manufactured home","0","0","2","2","Asian","Asian","Asian","Asian","Male","Male","Male","Male","46","46","0","0","2027-02-01","Lender"
"2024","Dallas-Fort Worth-Arlington","48","043","17300","Conventional","Owner-Occupied","Hispanic or Latino","White","Female","Approved","Refinance","280000","70","5","0","0","24000","1200","600","0","12000","30","0","0","0","0","0","280000","Site Built Single Family","Primary Residence","Not a manufactured home","0","0","1","1","Black or African American","Black or African American","Black or African American","Black or African American","Female","Female","Female","Female","57","57","0","0","2027-03-15","Lender"
"2024","Houston-The Woodlands-Sugar Land","48","071","11500","FHA","Owner-Occupied","White","Native Hawaiian or Other Pacific Islander","Male","Approved","Purchase","440000","95","11","35","1","36000","1800","900","1","18000","30","0","0","0","0","0","440000","Site Built Single Family","Primary Residence","Not a manufactured home","0","0","2","2","Asian","Asian","Asian","Asian","Male","Male","Male","Male","49","49","0","0","2027-04-01","Lender"
"2024","Phoenix-Mesa-Scottsdale","04","043","01100","VA","Owner-Occupied","Hispanic or Latino","White","Female","Approved","Refinance","250000","60","2","0","0","22000","1100","550","0","11000","30","0","0","0","0","0","250000","Site Built Single Family","Primary Residence","Not a manufactured home","0","0","1","1","Black or African American","Black or African American","Black or African American","Black or African American","Female","Female","Female","Female","53","53","0","0","2027-05-15","Lender"
"2024","San Diego","06","057","09300","Conventional","Owner-Occupied","White","White","Female","Approved","Purchase","380000","75","7","15","1","28000","1400","700","1","14000","30","0","0","0","0","0","380000","Site Built Single Family","Primary Residence","Not a manufactured home","0","0","1","1","Hispanic or Latino","Hispanic or Latino","Hispanic or Latino","Hispanic or Latino","Female","Female","Female","Female","54","54","0","0","2027-06-01","Lender"
"2024","San Jose-Sunnyvale-Santa Clara","06","057","09300","FHA","Owner-Occupied","Asian","Native Hawaiian or Other Pacific Islander","Male","Approved","Purchase","520000","95","11","35","1","38000","1900","950","1","19000","30","0","0","0","0","0","520000","Site Built Single Family","Primary Residence","Not a manufactured home","0","0","2","2","White","White","White","White","Male","Male","Male","Male","41","41","0","0","2027-07-15","Lender"
"2024","Austin-Round Rock","48","071","11500","VA","Owner-Occupied","Black or African American","White","Female","Approved","Refinance","240000","70","5","0","0","20000","1000","500","0","10000","30","0","0","0","0","0","240000","Site Built Single Family","Primary Residence","Not a manufactured home","0","0","1","1","Hispanic or Latino","Hispanic or Latino","Hispanic or Latino","Hispanic or Latino","Female","Female","Female","Female","51","51","0","0","2027-08-01","Lender"
"2024","San Francisco-Oakland-Berkeley","06","057","09300","Conventional","Owner-Occupied","White","White","Female","Approved","Purchase","420000","80","8","20","1","32000","1600","800","1","16000","30","0","0","0","0","0","420000","Site Built Single Family","Primary Residence","Not a manufactured home","0","0","1","1","Asian","Asian","Asian","Asian","Female","Female","Female","Female","50","50","0","0","2027-09-15","Lender"
"2024","New York-Newark-Jersey City, NY-NJ-PA","34","032","143441","Fixed Rate","Single Family","Hispanic or Latino","Asian","Female","Approved","Home Purchase","335000","70","4.5","0","No","152000","0","8000","0","0","360","0","0","0","0","0","0","300000","Site Built Single Family Home","Occupied","0","0","250000","0","60000","0.43","Fico Score","Fico Score","Hispanic or Latino","Hispanic or Latino","Hispanic or Latino","Hispanic or Latino","Female","Female","Female","Female","40","40","0","0","Manual","Lender"
"2024","Los Angeles-Long Beach-Anaheim, CA","06","061","143451","Fixed Rate","Single Family","White","White","Male","Approved","Home Purchase","475000","75","3.75","0","No","275000","0","12000","0","0","360","0","0","0","0","0","0","400000","Site Built Single Family Home","Vacant","1","2","325000","0","80000","0.42","Fico Score","Fico Score","White","White","White","White","Male","Male","Male","Male","35","35","0","0","Manual","Lender"
"2024","Chicago-Naperville-Elgin, IL-IN-WI","17","173","143441","Fixed Rate","Single Family","Black or African American","Black or African American","Female","Approved","Home Purchase","225000","60","4.25","0","No","150000","0","5000","0","0","360","0","0","0","0","0","0","250000","Site Built Single Family Home","Occupied","0","0","175000","0","35000","0.45","Fico Score","Fico Score","Black or African American","Black or African American","Black or African American","Black or African American","Female","Female","Female","Female","45","45","0","0","Manual","Lender"
"2024","Dallas-Fort Worth-Arlington, TX","48","481","143441","Fixed Rate","Single Family","Asian","Asian","Male","Approved","Home Purchase","325000","70","4.5","0","No","250000","0","10000","0","0","360","0","0","0","0","0","0","350000","Site Built Single Family Home","Vacant","1","2","275000","0","70000","0.42","Fico Score","Fico Score","Asian","Asian","Asian","Asian","Male","Male","Male","Male","38","38","0","0","Manual","Lender"
"2024","Houston-The Woodlands-Sugar Land, TX","48","481","143451","Fixed Rate","Single Family","White","White","Female","Approved","Home Purchase","425000","75","3.75","0","No","300000","0","15000","0","0","360","0","0","0","0","0","0","450000","Site Built Single Family Home","Occupied","0","0","325000","0","95000","0.42","Fico Score","Fico Score","White","White","White","White","Female","Female","Female","Female","42","42","0","0","Manual","Lender"
"2024","Washington-Arlington-Alexandria, DC-VA-MD","46","461","143441","Fixed Rate","Single Family","Hispanic or Latino","Hispanic or Latino","Male","Approved","Home Purchase","600000","80","3.5","0","No","500000","0","20000","0","0","360","0","0","0","0","0","0","650000","Site Built Single Family Home","Vacant","1","2","525000","0","120000","0.41","Fico Score","Fico Score","Hispanic or Latino","Hispanic or Latino","Hispanic or Latino","Hispanic or Latino","Male","Male","Male","Male","50","50","0","0","Manual","Lender"
"2024","Philadelphia-Camden-Wilmington, PA-NJ-DE-MD","34","034","143451","Fixed Rate","Single Family","Black or African American","Black or African American","Female","Approved","Home Purchase","275000","65","4.25","0","No","200000","0","8000","0","0","360","0","0","0","0","0","0","300000","Site Built Single Family Home","Occupied","0","0","225000","0","50000","0.43","Fico Score","Fico Score","Black or African American","Black or African American","Black or African American","Black or African American","Female","Female","Female","Female","48","48","0","0","Manual","Lender"
"2024","Atlanta-Sandy Springs-Roswell, GA","13","131","143441","Fixed Rate","Single Family","White","White","Male","Approved","Home Purchase","375000","70","4.5","0","No","300000","0","10000","0","0","360","0","0","0","0","0","0","400000","Site Built Single Family Home","Vacant","1","2","325000","0","80000","0.42","Fico Score","Fico Score","White","White","White","White","Male","Male","Male","Male","40","40","0","0","Manual","Lender"
"2024","Miami-Fort Lauderdale-West Palm Beach, FL","12","121","143451","Fixed Rate","Single Family","Asian","Asian","Female","Approved","Home Purchase","525000","80","3.5","0","No","450000","0","15000","0","0","360","0","0","0","0","0","0","550000","Site Built Single Family Home","Occupied","0","0","475000","0","100000","0.41","Fico Score","Fico Score","Asian","Asian","Asian","Asian","Female","Female","Female","Female","52","52","0","0","Manual","Lender"
"2024","Boston-Cambridge-Nashua, MA-NH","25","253","143441","Fixed Rate","Single Family","Hispanic or Latino","Hispanic or Latino","Male","Approved","Home Purchase","425000","75","3.75","0","No","350000","0","10000","0","0","360","0","0","0","0","0","0","450000","Site Built Single Family Home","Vacant","1","2","375000","0","90000","0.42","Fico Score","Fico Score","Hispanic or Latino","Hispanic or Latino","Hispanic or Latino","Hispanic or Latino","Male","Male","Male","Male","45","45","0","0","Manual","Lender"
"2024","Detroit-Warren-Dearborn, MI","26","261","143451","Fixed Rate","Single Family","White","White","Female","Approved","Home Purchase","325000","70","4.5","0","No","250000","0","8000","0","0","360","0","0","0","0","0","0","350000","Site Built Single Family Home","Occupied","0","0","275000","0","60000","0.42","Fico Score","Fico Score","White","White","White","White","Female","Female","Female","Female","43","43","0","0","Manual","Lender"
"2024","Riverside-San Bernardino-Ontario, CA","06","061","143441","Fixed Rate","Single Family","Black or African American","Black or African American","Male","Approved","Home Purchase","300000","65","4.25","0","No","225000","0","10000","0","0","360","0","0","0","0","0","0","325000","Site Built Single Family Home","Vacant","1","2","250000","0","70000","0.43","Fico Score","Fico Score","Black or African American","Black or African American","Black or African American","Black or African American","Male","Male","Male","Male","39","39","0","0","Manual","Lender"
"2024","Seattle-Tacoma-Bellevue, WA","53","531","143451","Fixed Rate","Single Family","Asian","Asian","Female","Approved","Home Purchase","525000","80","3.5","0","No","450000","0","15000","0","0","360","0","0","0","0","0","0","550000","Site Built Single Family Home","Occupied","0","0","475000","0","100000","0.41","Fico Score","Fico Score","Asian","Asian","Asian","Asian","Female","Female","Female","Female","55","55","0","0","Manual","Lender"
"2024","Minneapolis-St Paul-Bloomington, MN-WI","27","271","143441","Fixed Rate","Single Family","White","White","Male","Approved","Home Purchase","475000","75","3.75","0","No","375000","0","12000","0","0","360","0","0","0","0","0","0","500000","Site Built Single Family Home","Vacant","1","2","425000","0","90000","0.42","Fico Score","Fico Score","White","White","White","White","Male","Male","Male","Male","47","47","0","0","Manual","Lender"
"2024","St Louis, MO-IL","29","291","143451","Fixed Rate","Single Family","Hispanic or Latino","Hispanic or Latino","Female","Approved","Home Purchase","325000","70","4.5","0","No","250000","0","8000","0","0","360","0","0","0","0","0","0","350000","Site Built Single Family Home","Occupied","0","0","275000","0","60000","0.42","Fico Score","Fico Score","Hispanic or Latino","Hispanic or Latino","Hispanic or Latino","Hispanic or Latino","Female","Female","Female","Female","41","41","0","0","Manual","Lender"
"2024","Portland-Vancouver-Hillsboro, OR-WA","41","411","143441","Fixed Rate","Single Family","White","White","Male","Approved","Home Purchase","475000","75","3.75","0","No","375000","0","12000","0","0","360","0","0","0","0","0","0","500000","Site Built Single Family Home","Vacant","1","2","425000","0","90000","0.42","Fico Score","Fico Score","White","White","White","White","Male","Male","Male","Male","49","49","0","0","Manual","Lender"
"2024","San Jose-Sunnyvale-Santa Clara, CA","06","061","143451","Fixed Rate","Single Family","Asian","Asian","Female","Approved","Home Purchase","625000","85","3.25","0","No","550000","0","18000","0","0","360","0","0","0","0","0","0","650000","Site Built Single Family Home","Occupied","0","0","575000","0","120000","0.4","Fico Score","Fico Score","Asian","Asian","Asian","Asian","Female","Female","Female","Female","58","58","0","0","Manual","Lender"
"2024","San Diego-Chula Vista-Carlsbad, CA","06","061","143441","Fixed Rate","Single Family","White","White","Male","Approved","Home Purchase","525000","80","3.5","0","No","450000","0","15000","0","0","360","0","0","0","0","0","0","550000","Site Built Single Family Home","Vacant","1","2","475000","0","100000","0.41","Fico Score","Fico Score","White","White","White","White","Male","Male","Male","Male","51","51","0","0","Manual","Lender"
"2024","Denver-Aurora-Lakewood, CO","08","081","143451","Fixed Rate","Single Family","Asian","Asian","Female","Approved","Home Purchase","625000","85","3.25","0","No","550000","0","18000","0","0","360","0","0","0","0","0","0","650000","Site Built Single Family Home","Occupied","0","0","575000","0","120000","0.4","Fico Score","Fico Score","Asian","Asian","Asian","Asian","Female","Female","Female","Female","59","59","0","0","Manual","Lender"
"2024","Charlotte-Concord-Gastonia, NC-SC","37","371","143441","Fixed Rate","Single Family","Black or African American","Black or African American","Male","Approved","Home Purchase","325000","70","4.5","0","No","250000","0","8000","0","0","360","0","0","0","0","0","0","350000","Site Built Single Family Home","Vacant","1","2","275000","0","60000","0.42","Fico Score","Fico Score","Black or African American","Black or African American","Black or African American","Black or African American","Male","Male","Male","Male","43","43","0","0","Manual","Lender"
"2024","Austin-Round Rock, TX","48","481","143451","Fixed Rate","Single Family","White","White","Male","Approved","Home Purchase","425000","75","3.75","0","No","350000","0","12000","0","0","360","0","0","0","0","0","0","450000","Site Built Single Family Home","Occupied","0","0","375000","0","90000","0.42","Fico Score","Fico Score","White","White","White","White","Male","Male","Male","Male","46","46","0","0","Manual","Lender"
"2024","Columbus, OH","39","393","143441","Fixed Rate","Single Family","Asian","Asian","Female","Approved","Home Purchase","325000","70","4.5","0","No","250000","0","8000","0","0","360","0","0","0","0","0","0","350000","Site Built Single Family Home","Vacant","1","2","275000","0","60000","0.42","Fico Score","Fico Score","Asian","Asian","Asian","Asian","Female","Female","Female","Female","42","42","0","0","Manual","Lender"
"2024","San Antonio, TX","48","481","143451","Fixed Rate","Single Family","Hispanic or Latino","Hispanic or Latino","Male","Approved","Home Purchase","375000","75","3.75","0","No","300000","0","12000","0","0","360","0","0","0","0","0","0","400000","Site Built Single Family Home","Occupied","0","0","325000","0","85000","0.42","Fico Score","Fico Score","Hispanic or Latino","Hispanic or Latino","Hispanic or Latino","Hispanic or Latino","Male","Male","Male","Male","44","44","0","0","Manual","Lender"
"2024","Indianapolis-Carmel-Anderson, IN","18","181","143441","Fixed Rate","Single Family","White","White","Female","Approved","Home Purchase","325000","70","4.5","0","No","250000","0","8000","0","0","360","0","0","0","0","0","0","350000","Site Built Single Family Home","Vacant","1","2","275000","0","60000","0.42","Fico Score","Fico Score","White","White","White","White","Female","Female","Female","Female","41","41","0","0","Manual","Lender"
"2024","Nashville-Davidson--Murfreesboro--Franklin, TN","34","342","143451","Fixed Rate","Single Family","Black or African American","Black or African American","Male","Approved","Home Purchase","325000","70","4.5","0","No","250000","0","8000","0","0","360","0","0","0","0","0","0","350000","Site Built Single Family Home","Occupied","0","0","275000","0","60000","0.42","Fico Score","Fico Score","Black or African American","Black or African American","Black or African American","Black or African American","Male","Male","Male","Male","39","39","0","0","Manual","Lender"
"2024","Greenville-Anderson-Mauldin, SC","39","391","143441","Fixed Rate","Single Family","White","White","Female","Approved","Home Purchase","275000","65","4.25","0","No","200000","0","8000","0","0","360","0","0","0","0","0","0","300000","Site Built Single Family Home","Vacant","1","2","225000","0","50000","0.43","Fico Score","Fico Score","White","White","White","White","Female","Female","Female","Female","40","40","0","0","Manual","Lender"
"2024","Memphis, TN-MS-AR","34","341","143451","Fixed Rate","Single Family","Hispanic or Latino","Hispanic or Latino","Male","Approved","Home Purchase","325000","70","4.5","0","No","250000","0","8000","0","0","360","0","0","0","0","0","0","350000","Site Built Single Family Home","Occupied","0","0","275000","0","60000","0.42","Fico Score","Fico Score","Hispanic or Latino","Hispanic or Latino","Hispanic or Latino","Hispanic or Latino","Male","Male","Male","Male","42","42","0","0","Manual","Lender"
"2024","Kansas City, MO-KS","29","291","143441","Fixed Rate","Single Family","Asian","Asian","Female","Approved","Home Purchase","425000","75","3.75","0","No","350000","0","12000","0","0","360","0","0","0","0","0","0","450000","Site Built Single Family Home","Vacant","1","2","375000","0","90000","0.42","Fico Score","Fico Score","Asian","Asian","Asian","Asian","Female","Female","Female","Female","48","48","0","0","Manual","Lender"
"2024","Oklahoma City, OK","40","401","143451","Fixed Rate","Single Family","White","White","Male","Approved","Home Purchase","325000","70","4.5","0","No","250000","0","8000","0","0","360","0","0","0","0","0","0","350000","Site Built Single Family Home","Occupied","0","0","275000","0","60000","0.42","Fico Score","Fico Score","White","White","White","White","Male","Male","Male","Male","38","38","0","0","Manual","Lender"
"2024","Boston-Cambridge-Nashua, MA-NH","25","253","143441","Fixed Rate","Single Family","Black or African American","Black or African American","Male","Approved","Home Purchase","300000","65","4.25","0","No","225000","0","10000","0","0","360","0","0","0","0","0","0","325000","Site Built Single Family Home","Vacant","1","2","250000","0","70000","0.43","Fico Score","Fico Score","Black or African American","Black or African American","Black or African American","Black or African American","Male","Male","Male","Male","41","41","0","0","Manual","Lender"
"2024","Baltimore-Columbia-Towson, MD","24","241","143451","Fixed Rate","Single Family","Asian","Asian","Female","Approved","Home Purchase","525000","80","3.5","0","No","450000","0","15000","0","0","360","0","0","0","0","0","0","550000","Site Built Single Family Home","Occupied","0","0","475000","0","100000","0.41","Fico Score","Fico Score","Asian","Asian","Asian","Asian","Female","Female","Female","Female","53","53","0","0","Manual","Lender"
"2024","Portland-Vancouver-Hillsboro, OR-WA","41","411","143441","Fixed Rate","Single Family","White","White","Male","Approved","Home Purchase","475000","75","3.75","0","No","375000","0","12000","0","0","360","0","0","0","0","0","0","500000","Site Built Single Family Home","Vacant","1","2","425000","0","90000","0.42","Fico Score","Fico Score","White","White","White","White","Male","Male","Male","Male","46","46","0","0","Manual","Lender"
"2024","Dallas-Fort Worth-Arlington, TX","48","481","143441","Fixed Rate","Single Family","Hispanic or Latino","Hispanic or Latino","Male","Approved","Home Purchase","425000","75","3.75","0","No","350000","0","12000","0","0","360","0","0","0","0","0","0","450000","Site Built Single Family Home","Occupied","0","0","375000","0","90000","0.42","Fico Score","Fico Score","Hispanic or Latino","Hispanic or Latino","Hispanic or Latino","Hispanic or Latino","Male","Male","Male","Male","45","45","0","0","Manual","Lender"
"2024","Denver-Aurora-Lakewood, CO","08","081","143451","Fixed Rate","Single Family","White","White","Female","Approved","Home Purchase","625000","85","3.25","0","No","550000","0","18000","0","0","360","0","0","0","0","0","0","650000","Site Built Single Family Home","Vacant","1","2","575000","0","120000","0.4","Fico Score","Fico Score","White","White","White","White","Female","Female","Female","Female","57","57","0","0","Manual","Lender"
"2024","Nashville-Davidson--Murfreesboro--Franklin, TN","34","342","143451","Fixed Rate","Single Family","Black or African American","Black or African American","Male","Approved","Home Purchase","375000","75","3.75","0","No","300000","0","12000","0","0","360","0","0","0","0","0","0","400000","Site Built Single Family Home","Occupied","0","0","325000","0","85000","0.42","Fico Score","Fico Score","Black or African American","Black or African American","Black or African American","Black or African American","Male","Male","Male","Male","42","42","0","0","Manual","Lender"
"2024","Greenville-Anderson-Mauldin, SC","39","391","143441","Fixed Rate","Single Family","White","White","Female","Approved","Home Purchase","275000","65","4.25","0","No","200000","0","8000","0","0","360","0","0","0","0","0","0","300000","Site Built Single Family Home","Vacant","1","2","225000","0","50000","0.43","Fico Score","Fico Score","White","White","White","White","Female","Female","Female","Female","38","38","0","0","Manual","Lender"
"2024","San Francisco-Oakland-Hayward, CA","06","041","146.0","Fixed Rate","Owner Occupied","Hispanic or Latino","American Indian or Alaska Native","Male","Approved","Home Improvement","39900","70","4.5","0.0","Not applicable","34500","0","0","0","0","30","0","0","0","0","0","0","0","0","0","0","0","0","0","0","0","0","0","Male","Female","Hispanic or Latino","White","Hispanic or Latino","White","Male","Female","0","0","0","1","Lender"
"2024","Phoenix-Mesa-Scottsdale, AZ","04","003","146.5","Fixed Rate","Owner Occupied","White","Asian","Female","Approved","Home Purchase","239000","80","4.25","0.0","Not applicable","215000","0","0","0","0","0","0","0","0","0","0","0","0","0","0","0","0","0","0","0","0","0","0","0","White","White","White","White","Female","Female","Female","0","Borrower"
"2024","Los Angeles-Long Beach-Anaheim, CA","06","037","147.0","Adjustable Rate","Investment Property","Asian","Black or African American","Male","Approved","Refinance","179000","65","4.75","0.0","Not applicable","164000","0","0","0","0","0","0","0","0","0","0","0","0","0","0","0","0","0","0","0","0","0","0","0","Male","Male","Asian","Black or African American","Asian","Black or African American","Male","Male","23","25","0","1","Borrower"
"2024","Chicago-Naperville-Elgin, IL-IN-WI","17","113","148.0","Fixed Rate","Owner Occupied","White","White","Female","Approved","Home Purchase","259000","75","4.0","0.0","Not applicable","235000","0","0","0","0","0","0","0","0","0","0","0","0","0","0","0","0","0","0","0","0","0","0","0","White","White","White","White","Female","Female","Female","0","Lender"
"2024","Dallas-Fort Worth-Arlington, TX","48","031","149.0","Adjustable Rate","Owner Occupied","Black or African American","American Indian or Alaska Native","Male","Approved","Home Improvement","45900","60","5.25","0.0","Not applicable","42000","0","0","0","0","0","0","0","0","0","0","0","0","0","0","0","0","0","0","0","0","0","0","0","Male","Male","Black or African American","American Indian or Alaska Native","Black or African American","American Indian or Alaska Native","Male","Male","35","40","0","1","Lender"
"2024","Houston-The Woodlands-Sugar Land, TX","48","041","150.0","Fixed Rate","Owner Occupied","White","Asian","Female","Approved","Refinance","219000","80","4.5","0.0","Not applicable","199000","0","0","0","0","0","0","0","0","0","0","0","0","0","0","0","0","0","0","0","0","0","0","0","White","White","White","Asian","Female","Female","Female","0","Borrower"
"2024","Washington-Arlington-Alexandria, DC-VA-MD","24","011","151.0","Adjustable Rate","Owner Occupied","Hispanic or Latino","Black or African American","Male","Approved","Home Purchase","399000","70","4.75","0.0","Not applicable","369000","0","0","0","0","0","0","0","0","0","0","0","0","0","0","0","0","0","0","0","0","0","0","0","Male","Male","Hispanic or Latino","Black or African American","Hispanic or Latino","Black or African American","Male","Male","42","49","0","1","Borrower"
"2024","Minneapolis-St Paul-Bloomington, MN-WI","27","051","152.0","Fixed Rate","Owner Occupied","White","White","Female","Approved","Home Purchase","249000","75","4.25","0.0","Not applicable","229000","0","0","0","0","0","0","0","0","0","0","0","0","0","0","0","0","0","0","0","0","0","0","0","White","White","White","White","Female","Female","Female","0","Lender"
"2024","Atlanta-Sandy Springs-Roswell, GA","12","023","153.0","Adjustable Rate","Owner Occupied","Asian","Black or African American","Male","Approved","Home Improvement","59900","65","5.0","0.0","Not applicable","57000","0","0","0","0","0","0","0","0","0","0","0","0","0","0","0","0","0","0","0","0","0","0","0","Male","Male","Asian","Black or African American","Asian","Black or African American","Male","Male","48","55","0","1","Lender"
"2024","San Jose-Sunnyvale-Santa Clara, CA","06","059","154.0","Fixed Rate","Owner Occupied","White","White","Female","Approved","Refinance","299000","80","4.25","0.0","Not applicable","279000","0","0","0","0","0","0","0","0","0","0","0","0","0","0","0","0","0","0","0","0","0","0","0","White","White","White","White","Female","Female","Female","0","Borrower"
"2024","Seattle-Tacoma-Bellevue, WA","53","005","155.0","Adjustable Rate","Owner Occupied","Hispanic or Latino","American Indian or Alaska Native","Male","Approved","Home Purchase","399000","70","4.75","0.0","Not applicable","369000","0","0","0","0","0","0","0","0","0","0","0","0","0","0","0","0","0","0","0","0","0","0","0","Male","Male","Hispanic or Latino","American Indian or Alaska Native","Hispanic or Latino","American Indian or Alaska Native","Male","Male","50","58","0","1","Borrower"
"2024","Boston-Cambridge-Nashua, MA-NH","25","001","156.0","Fixed Rate","Owner Occupied","Asian","Asian","Female","Approved","Home Improvement","49900","60","5.0","0.0","Not applicable","47000","0","0","0","0","0","0","0","0","0","0","0","0","0","0","0","0","0","0","0","0","0","0","0","Asian","Asian","Asian","Asian","Female","Female","Female","0","Lender"
"2024","Denver-Aurora-Lakewood, CO","08","025","157.0","Adjustable Rate","Owner Occupied","White","White","Male","Approved","Home Purchase","299000","75","4.5","0.0","Not applicable","279000","0","0","0","0","0","0","0","0","0","0","0","0","0","0","0","0","0","0","0","0","0","0","0","White","White","White","White","Male","Male","Male","0","Borrower"
"2024","Nashville-Davidson--Murfreesboro--Franklin, TN","24","051","158.0","Fixed Rate","Owner Occupied","Asian","Black or African American","Female","Approved","Refinance","269000","80","4.25","0.0","Not applicable","249000","0","0","0","0","0","0","0","0","0","0","0","0","0","0","0","0","0","0","0","0","0","0","0","Asian","Asian","Asian","Black or African American","Female","Female","Female","0","Borrower"
"2024","Portland-Vancouver-Hillsboro, OR-WA","41","015","159.0","Adjustable Rate","Owner Occupied","Hispanic or Latino","American Indian or Alaska Native","Male","Approved","Home Purchase","449000","70","4.75","0.0","Not applicable","429000","0","0","0","0","0","0","0","0","0","0","0","0","0","0","0","0","0","0","0","0","0","0","0","Male","Male","Hispanic or Latino","American Indian or Alaska Native","Hispanic or Latino","American Indian or Alaska Native","Male","Male","52","60","0","1","Borrower"
"2024","St Louis, MO-IL","29","047","160.0","Fixed Rate","Owner Occupied","White","White","Female","Approved","Home Improvement","69900","65","5.0","0.0","Not applicable","67000","0","0","0","0","0","0","0","0","0","0","0","0","0","0","0","0","0","0","0","0","0","0","0","White","White","White","White","Female","Female","Female","0","Lender"
"2024","Raleigh-Durham-Chapel Hill, NC","37","051","161.0","Adjustable Rate","Owner Occupied","Hispanic or Latino","Asian","Male","Approved","Home Purchase","479000","70","4.75","0.0","Not applicable","459000","0","0","0","0","0","0","0","0","0","0","0","0","0","0","0","0","0","0","0","0","0","0","0","Male","Male","Hispanic or Latino","Asian","Hispanic or Latino","Asian","Male","Male","55","63","0","1","Borrower"
"2024","Baltimore-Columbia-Towson, MD","24","005","162.0","Fixed Rate","Owner Occupied","Asian","Asian","Female","Approved","Refinance","319000","80","4.25","0.0","Not applicable","299000","0","0","0","0","0","0","0","0","0","0","0","0","0","0","0","0","0","0","0","0","0","0","0","Asian","Asian","Asian","Asian","Female","Female","Female","0","Borrower"
"2024","Las Vegas-Henderson-Paradise, NV","32","013","163.0","Adjustable Rate","Owner Occupied","White","White","Male","Approved","Home Purchase","499000","75","4.5","0.0","Not applicable","479000","0","0","0","0","0","0","0","0","0","0","0","0","0","0","0","0","0","0","0","0","0","0","0","White","White","White","White","Male","Male","Male","0","Borrower"
"2024","Kansas City, MO-KS","29","047","164.0","Fixed Rate","Owner Occupied","Black or African American","American Indian or Alaska Native","Female","Approved","Home Improvement","49900","60","5.0","0.0","Not applicable","47000","0","0","0","0","0","0","0","0","0","0","0","0","0","0","0","0","0","0","0","0","0","0","0","Black or African American","Black or African American","Black or African American","American Indian or Alaska Native","Female","Female","Female","0","Lender"
"2024","Cleveland-Elyria, OH","39","015","165.0","Adjustable Rate","Owner Occupied","Hispanic or Latino","Asian","Male","Approved","Home Purchase","399000","70","4.75","0.0","Not applicable","379000","0","0","0","0","0","0","0","0","0","0","0","0","0","0","0","0","0","0","0","0","0","0","0","Male","Male","Hispanic or Latino","Asian","Hispanic or Latino","Asian","Male","Male","59","67","0","1","Borrower"
"2024","Miami-Fort Lauderdale-West Palm Beach, FL","12","017","166.0","Fixed Rate","Owner Occupied","White","White","Female","Approved","Refinance","499000","80","4.25","0.0","Not applicable","479000","0","0","0","0","0","0","0","0","0","0","0","0","0","0","0","0","0","0","0","0","0","0","0","White","White","White","White","Female","Female","Female","0","Borrower"
"2024","Orlando-Kissimmee-Sanford, FL","12","051","167.0","Adjustable Rate","Owner Occupied","Asian","Black or African American","Male","Approved","Home Purchase","499000","75","4.5","0.0","Not applicable","479000","0","0","0","0","0","0","0","0","0","0","0","0","0","0","0","0","0","0","0","0","0","0","0","Male","Male","Asian","Black or African American","Asian","Black or African American","Male","Male","62","71","0","1","Borrower"
"2024","San Diego-Carlsbad, CA","06","057","168.0","Fixed Rate","Owner Occupied","Hispanic or Latino","Asian","Female","Approved","Home Purchase","479000","80","4.25","0.0","Not applicable","459000","0","0","0","0","0","0","0","0","0","0","0","0","0","0","0","0","0","0","0","0","0","0","0","Hispanic or Latino","Hispanic or Latino","Hispanic or Latino","Asian","Female","Female","Female","0","Borrower"
"2024","Cincinnati, OH-KY-IN","39","015","169.0","Adjustable Rate","Owner Occupied","White","White","Male","Approved","Home Improvement","69900","65","5.0","0.0","Not applicable","67000","0","0","0","0","0","0","0","0","0","0","0","0","0","0","0","0","0","0","0","0","0","0","0","White","White","White","White","Male","Male","Male","0","Lender"
"2024","Portland-Auburn, ME","23","013","170.0","Fixed Rate","Owner Occupied","Black or African American","American Indian or Alaska Native","Female","Approved","Refinance","199000","80","4.25","0.0","Not applicable","179000","0","0","0","0","0","0","0","0","0","0","0","0","0","0","0","0","0","0","0","0","0","0","0","Black or African American","Black or African American","Black or African American","American Indian or Alaska Native","Female","Female","Female","0","Borrower"
"2024","Oklahoma City, OK","40","047","171.0","Adjustable Rate","Owner Occupied","White","White","Male","Approved","Home Purchase","499000","75","4.5","0.0","Not applicable","479000","0","0","0","0","0","0","0","0","0","0","0","0","0","0","0","0","0","0","0","0","0","0","0","White","White","White","White","Male","Male","Male","0","Borrower"
"2024","Providence-Warwick, RI-MA","25","027","172.0","Fixed Rate","Owner Occupied","Asian","Asian","Female","Approved","Home Improvement","69900","65","5.0","0.0","Not applicable","67000","0","0","0","0","0","0","0","0","0","0","0","0","0","0","0","0","0","0","0","0","0","0","0","Asian","Asian","Asian","Asian","Female","Female","Female","0","Lender"
"2024","Harrisburg-Carlisle, PA","42","027","173.0","Adjustable Rate","Owner Occupied","Black or African American","American Indian or Alaska Native","Male","Approved","Home Purchase","399000","70","4.75","0.0","Not applicable","379000","0","0","0","0","0","0","0","0","0","0","0","0","0","0","0","0","0","0","0","0","0","0","0","Male","Male","Black or African American","American Indian or Alaska Native","Black or African American","American Indian or Alaska Native","Male","Male","65","74","0","1","Borrower"
"2024","Greenville-Anderson, SC","37","051","174.0","Fixed Rate","Owner Occupied","White","White","Female","Approved","Refinance","299000","80","4.25","0.0","Not applicable","279000","0","0","0","0","0","0","0","0","0","0","0","0","0","0","0","0","0","0","0","0","0","0","0","White","White","White","White","Female","Female","Female","0","Borrower"
"2024","Memphis, TN-MS-AR","34","027","175.0","Adjustable Rate","Owner Occupied","Hispanic or Latino","Asian","Male","Approved","Home Purchase","499000","75","4.5","0.0","Not applicable","479000","0","0","0","0","0","0","0","0","0","0","0","0","0","0","0","0","0","0","0","0","0","0","0","Male","Male","Hispanic or Latino","Asian","Hispanic or Latino","Asian","Male","Male","68","78","0","1","Borrower"
"2024","New Orleans-Metairie, LA","22","023","176.0","Fixed Rate","Owner Occupied","Asian","Asian","Female","Approved","Home Improvement","49900","60","5.0","0.0","Not applicable","47000","0","0","0","0","0","0","0","0","0","0","0","0","0","0","0","0","0","0","0","0","0","0","0","Asian","Asian","Asian","Asian","Female","Female","Female","0","Lender"
"2024","Columbus, OH","39","015","177.0","Adjustable Rate","Owner Occupied","White","White","Male","Approved","Home Purchase","499000","75","4.5","0.0","Not applicable","479000","0","0","0","0","0","0","0","0","0","0","0","0","0","0","0","0","0","0","0","0","0","0","0","White","White","White","White","Male","Male","Male","0","Borrower"
"2024","Indianapolis-Carmel-Anderson, IN","18","033","178.0","Fixed Rate","Owner Occupied","Asian","Asian","Female","Approved","Refinance","299000","80","4.25","0.0","Not applicable","279000","0","0","0","0","0","0","0","0","0","0","0","0","0","0","0","0","0","0","0","0","0","0","0","Asian","Asian","Asian","Asian","Female","Female","Female","0","Borrower"
"2024","Tulsa, OK","40","047","179.0","Adjustable Rate","Owner Occupied","Hispanic or Latino","Asian","Male","Approved","Home Purchase","499000","75","4.5","0.0","Not applicable","479000","0","0","0","0","0","0","0","0","0","0","0","0","0","0","0","0","0","0","0","0","0","0","0","Male","Male","Hispanic or Latino","Asian","Hispanic or Latino","Asian","Male","Male","72","82","0","1","Borrower"

"2024","Seattle-Tacoma-Bellevue, WA ","13","061","94011","Conventional","Single-family home","Hispanic","White","Approved","Purchase","150000","0.8","4.5","0.22","Yes","52800","1500","0","0","0","15","360","6","30","No","No","Yes","No","Male","Female","Male","Female","33","27","No","No","Bank","Bank of America"
"2024","San Jose-Sunnyvale-Santa Clara, CA ","06","037","94087","FHA","Multi-family dwelling","Asian","Asian","Approved","Purchase","250000","0.9","4.1","0.25","Yes","94000","2000","0","0","0","30","720","12","60","Yes","No","Yes","No","Female","Male","30","35","Yes","No","Bank","Wells Fargo"
"2024","New York-Newark-Jersey City, NY-NJ-PA ","35","085","10075","Jumbo-Conventional","Single-family home","Black or African American","Black or African American","Denied","Refinance","200000","0.7","4.8","0.3","Yes","87000","2500","500","1","0","10","400","6","30","No","No","Yes","No","Male","Male","45","40","Yes","No","Non-Bank","Quicken Loans"
"2024","Dallas-Fort Worth-Arlington, TX ","48","047","75093","VA","Single-family home","White","White","Approved","Purchase","180000","0.85","4.2","0.28","Yes","80000","1800","0","0","0","12","720","6","60","No","No","Yes","No","Male","Male","38","42","No","No","Bank","Bank of America"
"2024","Los Angeles-Long Beach-Anaheim, CA ","06","037","90001","Conventional","Multi-family dwelling","Hispanic","Hispanic","Approved","Purchase","300000","0.92","4.6","0.29","Yes","120000","3000","0","0","0","20","480","12","60","Yes","No","Yes","No","Female","Female","42","48","Yes","No","Non-Bank","Caliber Home Loans"
"2024","Chicago-Naperville-Elgin, IL-IN-WI ","17","127","60606","FHA","Single-family home","White","White","Denied","Refinance","220000","0.75","4.9","0.35","Yes","95000","2200","500","1","0","15","720","6","30","No","No","Yes","No","Male","Male","50","55","Yes","No","Non-Bank","Mr. Cooper"
"2024","Houston-The Woodlands-Sugar Land, TX ","48","047","77002","Conventional","Multi-family dwelling","Asian","Asian","Approved","Purchase","280000","0.88","4.3","0.27","Yes","110000","2500","0","0","0","18","480","12","60","Yes","No","Yes","No","Female","Female","32","37","Yes","No","Bank","Wells Fargo"
"2024","Washington-Baltimore-Arlington, DC-MD-VA-WV ","24","019","20852","Jumbo-Conventional","Single-family home","Black or African American","Black or African American","Approved","Purchase","320000","0.8","4.7","0.32","Yes","130000","2800","0","0","0","10","360","6","30","No","No","Yes","No","Male","Male","48","53","No","No","Non-Bank","United Wholesale Mortgage"
"2024","Miami-Fort Lauderdale-West Palm Beach, FL ","12","061","33101","FHA","Single-family home","Hispanic","Hispanic","Denied","Refinance","190000","0.76","4.4","0.26","Yes","82000","2000","500","1","0","8","400","6","30","No","No","Yes","No","Female","Female","39","44","Yes","No","Bank","Bank of America"
"2024","Atlanta-Sandy Springs-Alpharetta, GA ","13","061","30301","Conventional","Single-family home","White","White","Approved","Purchase","200000","0.82","4.6","0.29","Yes","90000","1800","0","0","0","12","480","6","60","No","No","Yes","No","Male","Male","35","40","No","No","Non-Bank","Quicken Loans"
"2024","Boston-Cambridge-Nashua, MA-NH ","25","019","02101","VA","Single-family home","Asian","Asian","Denied","Refinance","260000","0.79","4.1","0.24","Yes","110000","2500","0","0","0","15","720","12","60","Yes","No","Yes","No","Female","Female","45","50","Yes","No","Bank","Wells Fargo"
"2024","Denver-Aurora-Lakewood, CO ","08","061","80014","Jumbo-Conventional","Multi-family dwelling","White","White","Approved","Purchase","380000","0.93","4.9","0.33","Yes","170000","3500","0","0","0","20","480","12","60","Yes","No","Yes","No","Male","Male","58","63","Yes","No","Non-Bank","United Wholesale Mortgage"
"2024","Philadelphia-Camden-Wilmington, PA-NJ-DE-MD ","34","085","19101","Conventional","Single-family home","Hispanic","Hispanic","Approved","Purchase","240000","0.81","4.5","0.28","Yes","100000","2200","0","0","0","10","720","6","30","No","No","Yes","No","Female","Female","41","46","No","No","Bank","Bank of America"
"2024","Phoenix-Mesa-Chandler, AZ ","04","061","85001","FHA","Single-family home","White","White","Denied","Refinance","280000","0.74","4.6","0.3","Yes","120000","2500","500","1","0","12","400","6","30","No","No","Yes","No","Male","Male","52","57","Yes","No","Non-Bank","Mr. Cooper"
"2024","San Diego-Chula Vista-Carlsbad, CA ","06","037","92101","Jumbo-Conventional","Multi-family dwelling","Asian","Asian","Approved","Purchase","420000","0.91","4.2","0.26","Yes","190000","3600","0","0","0","18","480","12","60","Yes","No","Yes","No","Female","Female","40","45","Yes","No","Bank","Wells Fargo"
"2024","Riverside-San Bernardino-Ontario, CA ","06","037","92501","Conventional","Single-family home","Hispanic","Hispanic","Approved","Purchase","220000","0.78","4.4","0.27","Yes","90000","1800","0","0","0","10","360","6","30","No","No","Yes","No","Male","Male","36","41","No","No","Non-Bank","Quicken Loans"
"2024","Minneapolis-St. Paul-Bloomington, MN-WI ","27","127","55101","FHA","Multi-family dwelling","White","White","Denied","Refinance","300000","0.76","4.9","0.34","Yes","140000","3000","500","1","0","15","720","6","30","No","No","Yes","No","Female","Female","55","60","Yes","No","Bank","Wells Fargo"
"2024","St. Louis, MO-IL ","29","127","63101","Conventional","Single-family home","Black or African American","Black or African American","Approved","Purchase","200000","0.83","4.5","0.29","Yes","85000","1800","0","0","0","10","480","6","60","No","No","Yes","No","Male","Male","42","47","No","No","Non-Bank","United Wholesale Mortgage"
"2024","Portland-Vancouver-Hillsboro, OR-WA ","41","061","97201","VA","Single-family home","Asian","Asian","Denied","Refinance","240000","0.77","4.4","0.27","Yes","100000","2200","500","1","0","12","400","6","30","No","No","Yes","No","Female","Female","49","54","Yes","No","Bank","Bank of America"
"2024","Cleveland-Elyria, OH ","39","085","44101","Conventional","Single-family home","White","White","Approved","Purchase","180000","0.84","4.6","0.3","Yes","80000","1800","0","0","0","8","360","6","30","No","No","Yes","No","Male","Male","31","36","No","No","Non-Bank","Mr. Cooper"
"2024","Kansas City, MO-KS ","29","127","64101","Jumbo-Conventional","Multi-family dwelling","White","White","Approved","Purchase","400000","0.94","4.8","0.33","Yes","180000","3500","0","0","0","15","720","12","60","Yes","No","Yes","No","Male","Male","59","64","Yes","No","Bank","Wells Fargo"
"2024","Indianapolis-Carmel-Anderson, IN ","18","127","46201","FHA","Single-family home","White","White","Denied","Refinance","220000","0.75","4.9","0.35","Yes","90000","2200","500","1","0","10","720","6","30","No","No","Yes","No","Female","Female","53","58","Yes","No","Non-Bank","United Wholesale Mortgage"
"2024","Austin-Round Rock, TX ","48","047","78701","VA","Single-family home","Asian","Asian","Approved","Purchase","290000","0.86","4.3","0.27","Yes","120000","2500","0","0","0","12","720","6","60","No","No","Yes","No","Male","Male","39","44","No","No","Bank","Bank of America"
"2024","New York-Newark-Jersey City, NY-NJ-PA","34","061","460060","Fixed Rate","1-4 Family","Hispanic or Latino","White","Male","Approved","Home Purchase","230000","0.60","4.5","0","No","188000","5000","2000","2","0","15","6","0","0","0","0","250000","Site Built Single Family","Owner Occupied","1","1","45000","0.35","V","V","M","W","F","M","F","36","36","0","0","Online","Lender"
"2024","Los Angeles-Long Beach-Anaheim, CA","06","037","060030","Fixed Rate","1-4 Family","Asian","Asian","Female","Approved","Home Purchase","180000","0.55","4.2","0","No","144000","4000","1500","1","0","12","6","0","0","0","0","200000","Manufactured Home","Owner Occupied","1","1","40000","0.30","V","V","F","V","F","F","F","26","26","0","0","Branch","Borrower"
"2024","Chicago-Naperville-Elgin, IL-IN-WI","17","029","150010","Adjustable Rate","1-4 Family","Not Hispanic or Latino","Black or African American","Male","Approved","Home Purchase","280000","0.65","4.8","0","No","224000","6000","2500","3","0","18","6","0","0","0","0","300000","Site Built Single Family","Owner Occupied","1","1","55000","0.40","V","V","M","W","F","M","F","42","42","0","0","Online","Lender"
"2024","Dallas-Fort Worth-Arlington, TX","48","043","240030","Fixed Rate","1-4 Family","Asian","Other","Female","Approved","Home Purchase","200000","0.50","4.1","0","No","160000","3500","1200","1","0","15","6","0","0","0","0","220000","Manufactured Home","Owner Occupied","1","1","45000","0.25","V","V","F","V","F","F","F","31","31","0","0","Branch","Borrower"
"2024","Houston-The Woodlands-Sugar Land, TX","48","061","730100","Adjustable Rate","1-4 Family","Not Hispanic or Latino","White","Female","Approved","Home Refinance","220000","0.70","5.3","0","No","176000","4500","1800","2","0","18","6","0","0","0","0","240000","Site Built Single Family","Owner Occupied","1","1","52000","0.35","V","V","F","W","F","F","F","38","38","0","0","Online","Lender"
"2024","Washington-Arlington-Alexandria, DC-VA-MD","24","110","110010","Fixed Rate","1-4 Family","Other","Asian","Male","Approved","Home Purchase","300000","0.75","4.9","0","No","240000","7000","2800","3","0","18","6","0","0","0","0","320000","Manufactured Home","Owner Occupied","1","1","65000","0.40","V","V","M","W","F","M","F","48","48","0","0","Branch","Borrower"
"2024","San Francisco-Oakland-Berkeley, CA","06","019","060070","Adjustable Rate","1-4 Family","Asian","Other","Female","Approved","Home Purchase","250000","0.60","4.6","0","No","200000","5000","2000","2","0","12","6","0","0","0","0","280000","Site Built Single Family","Owner Occupied","1","1","50000","0.35","V","V","F","V","F","F","F","29","29","0","0","Online","Lender"
"2024","Philadelphia-Camden-Wilmington, PA-NJ-DE-MD","34","031","420010","Fixed Rate","1-4 Family","Not Hispanic or Latino","Black or African American","Male","Approved","Home Purchase","190000","0.55","4.3","0","No","152000","4000","1600","1","0","15","6","0","0","0","0","210000","Manufactured Home","Owner Occupied","1","1","42000","0.30","V","V","M","W","F","M","F","35","35","0","0","Branch","Borrower"
"2024","Boston-Cambridge-Nashua, MA-NH","25","112","250010","Adjustable Rate","1-4 Family","Hispanic or Latino","White","Female","Approved","Home Refinance","240000","0.65","5.1","0","No","192000","5000","2000","2","0","18","6","0","0","0","0","260000","Site Built Single Family","Owner Occupied","1","1","58000","0.35","V","V","F","W","F","F","F","41","41","0","0","Online","Lender"
"2024","Seattle-Tacoma-Bellevue, WA","53","181","530010","Fixed Rate","1-4 Family","Asian","Other","Male","Approved","Home Purchase","260000","0.65","4.8","0","No","208000","6000","2400","3","0","18","6","0","0","0","0","280000","Manufactured Home","Owner Occupied","1","1","62000","0.40","V","V","M","W","F","M","F","49","49","0","0","Branch","Borrower"
"2024","St. Louis, MO-IL","29","021","290010","Adjustable Rate","1-4 Family","Not Hispanic or Latino","Black or African American","Female","Approved","Home Purchase","180000","0.50","4.5","0","No","144000","4000","1600","1","0","12","6","0","0","0","0","200000","Site Built Single Family","Owner Occupied","1","1","43000","0.25","V","V","F","W","F","F","F","28","28","0","0","Online","Lender"
"2024","Detroit-Warren-Dearborn, MI","26","047","260010","Fixed Rate","1-4 Family","Asian","Other","Male","Approved","Home Purchase","220000","0.55","4.4","0","No","176000","4500","1800","2","0","15","6","0","0","0","0","240000","Manufactured Home","Owner Occupied","1","1","52000","0.35","V","V","M","W","F","M","F","39","39","0","0","Branch","Borrower"
"2024","Cleveland-Elyria, OH","39","045","390010","Adjustable Rate","1-4 Family","Not Hispanic or Latino","White","Female","Approved","Home Refinance","200000","0.70","5.2","0","No","160000","5000","2000","2","0","18","6","0","0","0","0","220000","Site Built Single Family","Owner Occupied","1","1","50000","0.35","V","V","F","W","F","F","F","37","37","0","0","Online","Lender"
"2024","Austin-Round Rock, TX","48","031","480010","Fixed Rate","1-4 Family","Hispanic or Latino","White","Male","Approved","Home Purchase","250000","0.60","4.6","0","No","200000","6000","2400","3","0","18","6","0","0","0","0","270000","Manufactured Home","Owner Occupied","1","1","58000","0.40","V","V","M","W","F","M","F","45","45","0","0","Branch","Borrower"
"2024","San Jose-Sunnyvale-Santa Clara, CA","06","019","060030","Adjustable Rate","1-4 Family","Asian","Other","Female","Approved","Home Purchase","300000","0.75","5.0","0","No","240000","7000","2800","3","0","18","6","0","0","0","0","320000","Site Built Single Family","Owner Occupied","1","1","65000","0.35","V","V","F","V","F","F","F","51","51","0","0","Online","Lender"
"2024","Riverside-San Bernardino-Ontario, CA","06","031","060060","Fixed Rate","1-4 Family","Not Hispanic or Latino","White","Male","Approved","Home Refinance","280000","0.70","5.3","0","No","208000","6000","2400","3","0","18","6","0","0","0","0","300000","Manufactured Home","Owner Occupied","1","1","62000","0.40","V","V","M","W","F","M","F","52","52","0","0","Branch","Borrower"
"2024","Denver-Aurora-Lakewood, CO","08","017","080010","Adjustable Rate","1-4 Family","Hispanic or Latino","White","Female","Approved","Home Purchase","240000","0.65","4.9","0","No","192000","5000","2000","2","0","18","6","0","0","0","0","260000","Site Built Single Family","Owner Occupied","1","1","58000","0.35","V","V","F","W","F","F","F","40","40","0","0","Online","Lender"
"2024","Minneapolis-St. Paul-Bloomington, MN-WI","27","019","270010","Fixed Rate","1-4 Family","Asian","Other","Male","Approved","Home Purchase","290000","0.70","4.9","0","No","232000","7000","2800","3","0","18","6","0","0","0","0","310000","Manufactured Home","Owner Occupied","1","1","68000","0.40","V","V","M","W","F","M","F","53","53","0","0","Branch","Borrower"
"2024","Kansas City, MO-KS","29","029","290050","Adjustable Rate","1-4 Family","Not Hispanic or Latino","Black or African American","Female","Approved","Home Purchase","220000","0.50","4.7","0","No","176000","4500","1800","2","0","15","6","0","0","0","0","240000","Site Built Single Family","Owner Occupied","1","1","52000","0.25","V","V","F","W","F","F","F","33","33","0","0","Online","Lender"
"2024","Sacramento--Roseville--Arden-Arcade, CA","06","035","060090","Fixed Rate","1-4 Family","Asian","Other","Male","Approved","Home Refinance","260000","0.65","5.0","0","No","208000","6000","2400","3","0","18","6","0","0","0","0","280000","Manufactured Home","Owner Occupied","1","1","62000","0.35","V","V","M","W","F","M","F","50","50","0","0","Branch","Borrower"
"2024","Nashville-Davidson--Murfreesboro--Franklin, TN","24","043","240030","Adjustable Rate","1-4 Family","Not Hispanic or Latino","White","Female","Approved","Home Purchase","200000","0.55","4.4","0","No","160000","4000","1600","1","0","12","6","0","0","0","0","220000","Site Built Single Family","Owner Occupied","1","1","43000","0.30","V","V","F","W","F","F","F","32","32","0","0","Online","Lender"
"2024","Milwaukee-Waukesha-West Allis, WI","55","047","550010","Fixed Rate","1-4 Family","Hispanic or Latino","White","Male","Approved","Home Refinance","210000","0.65","5.1","0","No","168000","5000","2000","2","0","18","6","0","0","0","0","230000","Manufactured Home","Owner Occupied","1","1","52000","0.35","V","V","M","W","F","M","F","42","42","0","0","Branch","Borrower"
"2024","Portland-Vancouver-Hillsboro, OR-WA","41","031","410010","Adjustable Rate","1-4 Family","Not Hispanic or Latino","White","Female","Approved","Home Purchase","280000","0.70","5.2","0","No","224000","6000","2400","3","0","18","6","0","0","0","0","300000","Site Built Single Family","Owner Occupied","1","1","62000","0.40","V","V","F","W","F","F","F","51","51","0","0","Online","Lender"
"2024","Columbus, OH","39","035","390060","Fixed Rate","1-4 Family","Asian","Other","Male","Approved","Home Purchase","230000","0.60","4.6","0","No","184000","5000","2000","2","0","15","6","0","0","0","0","250000","Manufactured Home","Owner Occupied","1","1","58000","0.35","V","V","M","W","F","M","F","46","46","0","0","Branch","Borrower"
"2024","Virginia Beach-Norfolk, VA","24","047","240060","Adjustable Rate","1-4 Family","Not Hispanic or Latino","White","Female","Approved","Home Purchase","220000","0.55","4.5","0","No","176000","4500","1800","2","0","18","6","0","0","0","0","240000","Site Built Single Family","Owner Occupied","1","1","52000","0.30","V","V","F","W","F","F","F","38","38","0","0","Online","Lender"
"2024","Baltimore-Columbia-Towson, MD","24","021","240010","Fixed Rate","1-4 Family","Asian","Other","Male","Approved","Home Refinance","240000","0.70","5.0","0","No","192000","6000","2400","3","0","18","6","0","0","0","0","260000","Manufactured Home","Owner Occupied","1","1","62000","0.35","V","V","M","W","F","M","F","52","52","0","0","Branch","Borrower"
"2024","San Diego-Carlsbad, CA","06","019","060070","Adjustable Rate","1-4 Family","Not Hispanic or Latino","Black or African American","Female","Approved","Home Purchase","200000","0.55","4.5","0","No","160000","4000","1600","1","0","12","6","0","0","0","0","220000","Site Built Single Family","Owner Occupied","1","1","43000","0.25","V","V","F","W","F","F","F","29","29","0","0","Online","Lender"
"2024","Charlotte-Concord-Gastonia, NC-SC","37","031","370010","Fixed Rate","1-4 Family","Hispanic or Latino","White","Male","Approved","Home Refinance","230000","0.65","5.1","0","No","184000","5000","2000","2","0","18","6","0","0","0","0","250000","Manufactured Home","Owner Occupied","1","1","58000","0.35","V","V","M","W","F","M","F","46","46","0","0","Branch","Borrower"
"2024","Indianapolis-Carmel-Anderson, IN","18","035","180010","Adjustable Rate","1-4 Family","Asian","Other","Female","Approved","Home Purchase","260000","0.70","5.2","0","No","208000","6000","2400","3","0","18","6","0","0","0","0","280000","Site Built Single Family","Owner Occupied","1","1","62000","0.40","V","V","F","W","F","F","F","49","49","0","0","Online","Lender"
"2024","Cincinnati, OH-KY-IN","39","031","390010","Fixed Rate","1-4 Family","Not Hispanic or Latino","White","Male","Approved","Home Purchase","240000","0.60","4.7","0","No","192000","5000","2000","2","0","18","6","0","0","0","0","260000","Manufactured Home","Owner Occupied","1","1","58000","0.35","V","V","M","W","F","M","F","47","47","0","0","Branch","Borrower"
"2024","Phoenix-Mesa-Scottsdale, AZ","04","023","040060","Adjustable Rate","1-4 Family","Asian","Other","Female","Approved","Home Purchase","290000","0.75","5.0","0","No","232000","7000","2800","3","0","18","6","0","0","0","0","310000","Site Built Single Family","Owner Occupied","1","1","68000","0.40","V","V","F","W","F","F","F","53","53","0","0","Online","Lender"
"2024","Memphis, TN-MS-AR","24","061","240060","Fixed Rate","1-4 Family","Not Hispanic or Latino","White","Male","Approved","Home Purchase","220000","0.55","4.5","0","No","176000","4500","1800","2","0","15","6","0","0","0","0","240000","Manufactured Home","Owner Occupied","1","1","52000","0.35","V","V","M","W","F","M","F","41","41","0","0","Branch","Borrower"
"2024","Oklahoma City, OK","40","027","400010","Adjustable Rate","1-4 Family","Hispanic or Latino","White","Female","Approved","Home Refinance","200000","0.65","5.1","0","No","160000","5000","2000","2","0","18","6","0","0","0","0","220000","Site Built Single Family","Owner Occupied","1","1","52000","0.35","V","V","F","W","F","F","F","39","39","0","0","Online","Lender"
"2024","Louisville/Jefferson County, KY-IN","41","019","410010","Fixed Rate","1-4 Family","Asian","Other","Male","Approved","Home Purchase","270000","0.70","4.9","0","No","216000","7000","2800","3","0","18","6","0","0","0","0","300000","Manufactured Home","Owner Occupied","1","1","68000","0.40","V","V","M","W","F","M","F","54","54","0","0","Branch","Borrower"
"2024","Raleigh-Durham-Chapel Hill, NC","37","031","370010","Adjustable Rate","1-4 Family","Not Hispanic or Latino","White","Female","Approved","Home Refinance","250000","0.75","5.0","0","No","200000","6000","2400","3","0","18","6","0","0","0","0","270000","Site Built Single Family","Owner Occupied","1","1","62000","0.35","V","V","F","W","F","F","F","48","48","0","0","Online","Lender"
"2024","Utah","49","027","490010","Fixed Rate","1-4 Family","Hispanic or Latino","White","Male","Approved","Home Purchase","280000","0.65","4.9","0","No","224000","6000","2400","3","0","18","6","0","0","0","0","300000","Manufactured Home","Owner Occupied","1","1","62000","0.40","V","V","M","W","F","M","F","50","50","0","0","Branch","Borrower"
"2024","Colorado Springs, CO","08","023","080030","Adjustable Rate","1-4 Family","Not Hispanic or Latino","Black or African American","Female","Approved","Home Refinance","200000","0.55","4.5","0","No","160000","4000","1600","1","0","12","6","0","0","0","0","220000","Site Built Single Family","Owner Occupied","1","1","43000","0.25","V","V","F","W","F","F","F","31","31","0","0","Online","Lender"
"2024","Denver-Aurora-Lakewood, CO", "08","215","00300100200","FHA","Single Family","Non-Hispanic White","White","Male","Approved","Home Purchase","225000","0.7","5.75","0.54","No","24645","0","0","0","0","30","0","0","0","0","0","250000","Site Built Home","Occupy","Manufactured Home","Mortgage","1","0","75000","15","45","Male","White","Male","38","38","0","0","Submitted","Lender"
"2024","Oklahoma City, OK", "40","021","00300100300","VA","Single Family","Asian","Asian","Female","Approved","Home Purchase","200000","0.6","4.5","0.28","No","20345","0","0","0","0","30","0","0","0","0","0","200000","Site Built Home","Occupy","Manufactured Home","Mortgage","1","0","60000","15","40","Female","Asian","Female","32","32","0","0","Submitted","Borrower"
"2024","Los Angeles-Long Beach-Anaheim, CA", "06","013","00300100400","FHA","Single Family","Hispanic or Latino","Hispanic or Latino","Male","Approved","Home Purchase","250000","0.8","6.25","0.82","No","29295","0","0","0","0","30","0","0","0","0","0","260000","Site Built Home","Occupy","Manufactured Home","Mortgage","1","0","80000","15","50","Male","Hispanic or Latino","Male","42","42","0","0","Submitted","Lender"
"2024","Chicago-Naperville-Elgin, IL-IN-WI", "17","061","00300100500","Conventional","Single Family","Non-Hispanic White","White","Female","Approved","Home Purchase","300000","0.9","5.5","0.57","No","32595","0","0","0","0","30","0","0","0","0","0","290000","Site Built Home","Occupy","Manufactured Home","Mortgage","1","0","90000","15","55","Female","White","Female","48","48","0","0","Submitted","Borrower"
"2024","Miami-Fort Lauderdale-West Palm Beach, FL", "12","031","00300100600","FHA","Single Family","Non-Hispanic White","White","Male","Approved","Home Purchase","220000","0.7","4.75","0.39","No","24195","0","0","0","0","30","0","0","0","0","0","210000","Site Built Home","Occupy","Manufactured Home","Mortgage","1","0","70000","15","45","Male","White","Male","35","35","0","0","Submitted","Lender"
"2024","Virginia Beach-Norfolk, VA", "51","050","00300100700","VA","Single Family","Non-Hispanic White","White","Female","Approved","Home Purchase","180000","0.6","4.25","0.24","No","19150","0","0","0","0","30","0","0","0","0","0","170000","Site Built Home","Occupy","Manufactured Home","Mortgage","1","0","50000","15","40","Female","White","Female","30","30","0","0","Submitted","Borrower"
"2024","Philadelphia-Camden-Wilmington, PA-NJ-DE-MD", "42","041","00300100800","FHA","Single Family","Non-Hispanic Black or African American","Black or African American","Male","Approved","Home Purchase","240000","0.8","5.75","0.64","No","26745","0","0","0","0","30","0","0","0","0","0","230000","Site Built Home","Occupy","Manufactured Home","Mortgage","1","0","75000","15","50","Male","Black or African American","Male","38","38","0","0","Submitted","Lender"
"2024","Dallas-Fort Worth-Arlington, TX", "48","017","00300100900","Conventional","Single Family","Hispanic or Latino","Hispanic or Latino","Female","Approved","Home Purchase","280000","0.9","5.5","0.6","No","30595","0","0","0","0","30","0","0","0","0","0","270000","Site Built Home","Occupy","Manufactured Home","Mortgage","1","0","80000","15","55","Female","Hispanic or Latino","Female","45","45","0","0","Submitted","Borrower"
"2024","Houston-The Woodlands-Sugar Land, TX", "48","021","00300101000","FHA","Single Family","Non-Hispanic Asian","Asian","Male","Approved","Home Purchase","190000","0.7","4.75","0.41","No","20450","0","0","0","0","30","0","0","0","0","0","180000","Site Built Home","Occupy","Manufactured Home","Mortgage","1","0","60000","15","40","Male","Asian","Male","32","32","0","0","Submitted","Lender"
"2024","Washington-Arlington-Alexandria, DC-VA-MD", "51","051","00300101100","VA","Single Family","Non-Hispanic White","White","Female","Approved","Home Purchase","260000","0.8","5.25","0.56","No","28395","0","0","0","0","30","0","0","0","0","0","250000","Site Built Home","Occupy","Manufactured Home","Mortgage","1","0","70000","15","50","Female","White","Female","40","40","0","0","Submitted","Borrower"
"2024","San Francisco-Oakland-Hayward, CA", "06","041","00300101200","Conventional","Single Family","Non-Hispanic White","White","Male","Approved","Home Purchase","320000","0.9","5.5","0.59","No","34595","0","0","0","0","30","0","0","0","0","0","310000","Site Built Home","Occupy","Manufactured Home","Mortgage","1","0","90000","15","60","Male","White","Male","50","50","0","0","Submitted","Lender"
"2024","Phoenix-Mesa-Scottsdale, AZ", "04","011","00300101300","FHA","Single Family","Hispanic or Latino","Hispanic or Latino","Female","Approved","Home Purchase","230000","0.8","5.75","0.68","No","25245","0","0","0","0","30","0","0","0","0","0","220000","Site Built Home","Occupy","Manufactured Home","Mortgage","1","0","70000","15","50","Female","Hispanic or Latino","Female","38","38","0","0","Submitted","Borrower"
"2024","San Jose-Sunnyvale-Santa Clara, CA", "06","061","00300101400","Conventional","Single Family","Non-Hispanic White","White","Male","Approved","Home Purchase","380000","0.9","5.5","0.61","No","41595","0","0","0","0","30","0","0","0","0","0","370000","Site Built Home","Occupy","Manufactured Home","Mortgage","1","0","100000","15","65","Male","White","Male","52","52","0","0","Submitted","Lender"
"2024","Seattle-Tacoma-Bellevue, WA", "53","181","00300101500","FHA","Single Family","Non-Hispanic White","White","Female","Approved","Home Purchase","290000","0.8","5.25","0.52","No","31745","0","0","0","0","30","0","0","0","0","0","280000","Site Built Home","Occupy","Manufactured Home","Mortgage","1","0","75000","15","55","Female","White","Female","45","45","0","0","Submitted","Borrower"
"2024","St. Louis, MO-IL", "29","029","00300101600","VA","Single Family","Non-Hispanic Black or African American","Black or African American","Male","Approved","Home Purchase","220000","0.7","4.75","0.43","No","24295","0","0","0","0","30","0","0","0","0","0","210000","Site Built Home","Occupy","Manufactured Home","Mortgage","1","0","60000","15","45","Male","Black or African American","Male","35","35","0","0","Submitted","Lender"
"2024","Baltimore-Columbia-Towson, MD", "24","023","00300101700","FHA","Single Family","Non-Hispanic White","White","Female","Approved","Home Purchase","180000","0.6","4.25","0.27","No","19450","0","0","0","0","30","0","0","0","0","0","170000","Site Built Home","Occupy","Manufactured Home","Mortgage","1","0","50000","15","40","Female","White","Female","30","30","0","0","Submitted","Borrower"
"2024","Columbus, OH", "39","031","00300101800","Conventional","Single Family","Non-Hispanic White","White","Male","Approved","Home Purchase","240000","0.8","5.5","0.58","No","26545","0","0","0","0","30","0","0","0","0","0","230000","Site Built Home","Occupy","Manufactured Home","Mortgage","1","0","70000","15","50","Male","White","Male","38","38","0","0","Submitted","Lender"
"2024","Charlotte-Concord-Gastonia, NC-SC", "37","051","00300101900","FHA","Single Family","Hispanic or Latino","Hispanic or Latino","Female","Approved","Home Purchase","200000","0.7","4.75","0.42","No","21595","0","0","0","0","30","0","0","0","0","0","190000","Site Built Home","Occupy","Manufactured Home","Mortgage","1","0","60000","15","40","Female","Hispanic or Latino","Female","32","32","0","0","Submitted","Borrower"
"2024","Austin-Round Rock, TX", "48","011","00300102000","VA","Single Family","Non-Hispanic White","White","Male","Approved","Home Purchase","280000","0.9","5.5","0.6","No","30795","0","0","0","0","30","0","0","0","0","0","270000","Site Built Home","Occupy","Manufactured Home","Mortgage","1","0","80000","15","55","Male","White","Male","45","45","0","0","Submitted","Lender"
"2024","Jacksonville, FL", "12","023","00300102100","FHA","Single Family","Non-Hispanic White","White","Female","Approved","Home Purchase","240000","0.8","5.75","0.65","No","26545","0","0","0","0","30","0","0","0","0","0","230000","Site Built Home","Occupy","Manufactured Home","Mortgage","1","0","70000","15","50","Female","White","Female","38","38","0","0","Submitted","Borrower"
"2024","San Antonio, TX", "48","033","00300102200","Conventional","Single Family","Non-Hispanic White","White","Male","Approved","Home Purchase","300000","0.9","5.5","0.62","No","33095","0","0","0","0","30","0","0","0","0","0","290000","Site Built Home","Occupy","Manufactured Home","Mortgage","1","0","90000","15","60","Male","White","Male","50","50","0","0","Submitted","Lender"
"2024","Raleigh-Durham-Chapel Hill, NC", "37","061","00300102300","FHA","Single Family","Non-Hispanic White","White","Female","Approved","Home Purchase","220000","0.7","4.75","0.4","Yes","24450","0","0","0","0","30","0","0","0","0","0","210000","Site Built Home","Occupy","Manufactured Home","Mortgage","1","0","60000","15","40","Female","White","Female","32","32","0","0","Submitted","Borrower"
"2024","Nashville-Davidson--Murfreesboro--Franklin, TN", "47","061","00300102400","VA","Single Family","Non-Hispanic White","White","Male","Approved","Home Purchase","290000","0.8","5.25","0.53","No","31945","0","0","0","0","30","0","0","0","0","0","280000","Site Built Home","Occupy","Manufactured Home","Mortgage","1","0","75000","15","50","Male","White","Male","40","40","0","0","Submitted","Lender"
"2024","Portland-Vancouver-Hillsboro, OR-WA", "41","161","00300102500","Conventional","Single Family","Non-Hispanic White","White","Female","Approved","Home Purchase","360000","0.9","5.5","0.63","No","39995","0","0","0","0","30","0","0","0","0","0","350000","Site Built Home","Occupy","Manufactured Home","Mortgage","1","0","100000","15","65","Female","White","Female","52","52","0","0","Submitted","Borrower"
"2024","Minneapolis-St. Paul-Bloomington, MN-WI", "27","071","00300102600","FHA","Single Family","Non-Hispanic White","White","Male","Approved","Home Purchase","260000","0.8","5.25","0.55","No","28695","0","0","0","0","30","0","0","0","0","0","250000","Site Built Home","Occupy","Manufactured Home","Mortgage","1","0","70000","15","50","Male","White","Male","45","45","0","0","Submitted","Lender"
"2024","Boston-Cambridge-Nashua, MA-NH", "25","025","00300102700","Conventional","Single Family","Non-Hispanic White","White","Female","Approved","Home Purchase","420000","0.9","5.5","0.66","No","46395","0","0","0","0","30","0","0","0","0","0","410000","Site Built Home","Occupy","Manufactured Home","Mortgage","1","0","110000","15","70","Female","White","Female","58","58","0","0","Submitted","Borrower"
"2024","Kansas City, MO-KS", "29","029","00300102800","FHA","Single Family","Non-Hispanic Black or African American","Black or African American","Male","Approved","Home Purchase","240000","0.8","5.75","0.69","No","26745","0","0","0","0","30","0","0","0","0","0","230000","Site Built Home","Occupy","Manufactured Home","Mortgage","1","0","70000","15","50","Male","Black or African American","Male","38","38","0","0","Submitted","Lender"
"2024","Cleveland-Elyria, OH", "39","041","00300102900","Conventional","Single Family","Non-Hispanic White","White","Female","Approved","Home Purchase","250000","0.8","5.5","0.59","No","27695","0","0","0","0","30","0","0","0","0","0","240000","Site Built Home","Occupy","Manufactured Home","Mortgage","1","0","70000","15","55","Female","White","Female","45","45","0","0","Submitted","Borrower"
"2024","Orlando-Kissimmee-Sanford, FL", "12","021","00300103000","FHA","Single Family","Non-Hispanic White","White","Male","Approved","Home Purchase","220000","0.7","4.75","0.39","No","24195","0","0","0","0","30","0","0","0","0","0","210000","Site Built Home","Occupy","Manufactured Home","Mortgage","1","0","60000","15","40","Male","White","Male","35","35","0","0","Submitted","Lender"
"2024","Cincinnati, OH-KY-IN", "39","051","00300103100","VA","Single Family","Non-Hispanic White","White","Female","Approved","Home Purchase","200000","0.6","4.25","0.26","No","21450","0","0","0","0","30","0","0","0","0","0","190000","Site Built Home","Occupy","Manufactured Home","Mortgage","1","0","50000","15","40","Female","White","Female","30","30","0","0","Submitted","Borrower"
"2024","Indianapolis-Carmel-Anderson, IN", "18","017","00300103200","FHA","Single Family","Non-Hispanic White","White","Male","Approved","Home Purchase","250000","0.8","5.75","0.67","No","27695","0","0","0","0","30","0","0","0","0","0","240000","Site Built Home","Occupy","Manufactured Home","Mortgage","1","0","70000","15","50","Male","White","Male","38","38","0","0","Submitted","Lender"
"2024","Milwaukee-Waukesha-West Allis, WI", "55","051","00300103300","Conventional","Single Family","Non-Hispanic White","White","Female","Approved","Home Purchase","280000","0.9","5.5","0.64","No","30995","0","0","0","0","30","0","0","0","0","0","270000","Site Built Home","Occupy","Manufactured Home","Mortgage","1","0","80000","15","55","Female","White","Female","48","48","0","0","Submitted","Borrower"
"2024","Colorado Springs, CO", "08","023","00300103400","FHA","Single Family","Non-Hispanic White","White","Male","Approved","Home Purchase","320000","0.9","5.5","0.65","No","35595","0","0","0","0","30","0","0","0","0","0","310000","Site Built Home","Occupy","Manufactured Home","Mortgage","1","0","90000","15","60","Male","White","Male","52","52","0","0","Submitted","Lender"
"2024","Winston-Salem, NC", "37","051","00300103500","VA","Single Family","Non-Hispanic Black or African American","Black or African American","Female","Approved","Home Purchase","190000","0.6","4.25","0.25","No","20450","0","0","0","0","30","0","0","0","0","0","180000","Site Built Home","Occupy","Manufactured Home","Mortgage","1","0","50000","15","40","Female","Black or African American","Female","30","30","0","0","Submitted","Borrower"
"2024","Greenville-Anderson-Mauldin, SC", "39","061","00300103600","FHA","Single Family","Non-Hispanic White","White","Male","Approved","Home Purchase","240000","0.7","4.75","0.38","No","26295","0","0","0","0","30","0","0","0","0","0","230000","Site Built Home","Occupy","Manufactured Home","Mortgage","1","0","60000","15","40","Male","White","Male","35","35","0","0","Submitted","Lender"
"2024","Tampa-St. Petersburg-Clearwater, FL", "12","021","00300103700","Conventional","Single Family","Non-Hispanic White","White","Female","Approved","Home Purchase","380000","0.9","5.5","0.68","No","42395","0","0","0","0","30","0","0","0","0","0","370000","Site Built Home","Occupy","Manufactured Home","Mortgage","1","0","110000","15","70","Female","White","Female","58","58","0","0","Submitted","Borrower"
"2024","Rochester, NY", "36," "00300103800","FHA","Single Family","Non-Hispanic White","White","Male","Approved","Home Purchase","260000","0.8","5.25","0.54","No","28895","0","0","0","0","30","0","0","0","0","0","250000","Site Built Home","Occupy","Manufactured Home","Mortgage","1","0","70000","15","50","Male","White","Male","45","45","0","0","Submitted","Lender"
"2024","Pittsburgh, PA", "42," "00300103900","VA","Single Family","Non-Hispanic White","White","Female","Approved","Home Purchase","230000","0.7","4.75","0.42","No","25345","0","0","0","0","30","0","0","0","0","0","220000","Site Built Home","Occupy","Manufactured Home","Mortgage","1","0","60000","15","40","Female","White","Female","32","32","0","0","Submitted","Borrower"
"2024","Columbus, OH", "39," "00300104000","FHA","Single Family","Non-Hispanic Black or African American","Black or African American","Male","Denied","Home Purchase","220000","0.8","5.75","0.72","No","25695","0","0","0","0","30","0","0","0","0","0","210000","Site Built Home","Occupy","Manufactured Home","Mortgage","1","0","60000","15","50","Male","Black or African American","Male","38","38","0","0","Denied","Lender"
"2024","Memphis, TN-MS-AR", "47," "00300104100","Conventional","Single Family","Non-Hispanic White","White","Female","Approved","Home Purchase","250000","0.8","5.5","0.6","No","27695","0","0","0","0","30","0","0","0","0","0","240000","Site Built Home","Occupy","Manufactured Home","Mortgage","1","0","70000","15","55","Female","White","Female","45","45","0","0","Submitted","Borrower"
"2024","Fresno, CA", "06," "00300104200","FHA","Single Family","Non-Hispanic White","White","Male","Approved","Home Purchase","200000","0.6","4.25","0.23","No","21695","0","0","0","0","30","0","0","0","0","0","190000","Site Built Home","Occupy","Manufactured Home","Mortgage","1","0","50000","15","40","Male","White","Male","30","30","0","0","Submitted","Lender"
"2024","Sacramento--Roseville--Arden-Arcade, CA", "06," "00300104300","Conventional","Single Family","Non-Hispanic White","White","Female","Approved","Home Purchase","320000","0.9","5.5","0.66","No","35695","0","0","0","0","30","0","0","0","0","0","310000","Site Built Home","Occupy","Manufactured Home","Mortgage","1","0","100000","15","65","Female","White","Female","58","58","0","0","Submitted","Borrower"
"2024","Kansas City, MO-KS", "29," "00300104400","VA","Single Family","Non-Hispanic White","White","Male","Approved","Home Purchase","280000","0.9","5.5","0.64","No","30995","0","0","0","0","30","0","0","0","0","0","270000","Site Built Home","Occupy","Manufactured Home","Mortgage","1","0","80000","15","55","Male","White","Male","48","48","0","0","Submitted","Lender"
"2024","Boston-Cambridge-Nashua, MA-NH", "25," "00300104500","Conventional","Single Family","Non-Hispanic White","White","Female","Approved","Home Purchase","480000","0.9","5.5","0.71","No","53195","0","0","0","0","30","0","0","0","0","0","470000","Site Built Home","Occupy","Manufactured Home","Mortgage","1","0","140000","15","75","Female","White","Female","62","62","0","0","Submitted","Borrower"
"2024","Cincinnati, OH-KY-IN", "39," "00300104600","FHA","Single Family","Non-Hispanic White","White","Male","Approved","Home Purchase","240000","0.7","4.75","0.37","No","26295","0","0","0","0","30","0","0","0","0","0","230000","Site Built Home","Occupy","Manufactured Home","Mortgage","1","0","60000","15","40","Male","White","Male","35","35","0","0","Submitted","Lender"
"2024","Birmingham-Hoover, AL", "01," "00300104700","Conventional","Single Family","Non-Hispanic White","White","Female","Approved","Home Purchase","260000","0.8","5.5","0.61","No","28995","0","0","0","0","30","0","0","0","0","0","250000","Site Built Home","Occupy","Manufactured Home","Mortgage","1","0","70000","15","55","Female","White","Female","45","45","0","0","Submitted","Borrower"
"2024","Oklahoma City, OK", "40," "00300104800","FHA","Single Family","Non-Hispanic Black or African American","Black or African American","Male","Approved","Home Purchase","220000","0.7","4.75","0.39","No","24795","0","0","0","0","30","0","0","0","0","0","210000","Site Built Home","Occupy","Manufactured Home","Mortgage","1","0","60000","15","40","Male","Black or African American","Male","35","35","0","0","Submitted","Lender"
"2024","Omaha, NE-IA", "31," "00300104900","Conventional","Single Family","Non-Hispanic White","White","Female","Approved","Home Purchase","300000","0.9","5.5","0.68","No","33595","0","0","0","0","30","0","0","0","0","0","290000","Site Built Home","Occupy","Manufactured Home","Mortgage","1","0","90000","15","60","Female","White","Female","55","55","0","0","Submitted","Borrower"
"2024","New York-Newark-Jersey City, NY-NJ-PA","34","061","49101000100","Home Purchase","Single Family Home","Hispanic or Latino","White","Female","Originated","Purchase","200000","80","4.25","0.00","No HOEPA","10000","500","0","0","0","15","0","0","0","0","100000","Site Built Single Family Home","Primary Residence","Not Applicable","Not Applicable","1","0","50000","2","1","1","1","1","0","0","35","35","0","0","Application","Lender"
"2024","Los Angeles-Long Beach-Anaheim, CA","06","005","06050001100","Home Purchase","Single Family Home","White","Asian","Male","Originated","Purchase","220000","75","4.00","0.00","No HOEPA","11000","600","0","0","0","20","0","0","0","0","110000","Prefabricated Home","Primary Residence","Not Applicable","Not Applicable","1","0","60000","2","1","1","1","1","0","0","30","30","0","0","Application","Borrower"
"2024","Chicago-Naperville-Elgin, IL-IN-WI","17","059","17110001000","Home Purchase","Single Family Home","Black or African American","Black or African American","Female","Originated","Purchase","250000","85","4.50","0.00","No HOEPA","12000","800","0","0","0","15","0","0","0","0","120000","Manufactured Home","Primary Residence","Manufactured Home","Manufactured Home Lot","1","0","70000","2","1","1","1","1","0","0","40","40","0","0","Application","Lender"
"2024","Dallas-Fort Worth-Arlington, TX","48","043","48201006000","Home Purchase","Single Family Home","Hispanic or Latino","White","Male","Originated","Purchase","180000","80","4.00","0.00","No HOEPA","9000","0","0","0","0","10","0","0","0","0","90000","Site Built Single Family Home","Primary Residence","Not Applicable","Not Applicable","1","0","40000","2","1","1","1","1","0","0","25","25","0","0","Application","Borrower"
"2024","Houston-The Woodlands-Sugar Land, TX","48","127","48292004000","Home Purchase","Single Family Home","Asian","Asian","Female","Originated","Purchase","230000","70","3.75","0.00","No HOEPA","10000","400","0","0","0","20","0","0","0","0","100000","Manufactured Home","Primary Residence","Manufactured Home","Manufactured Home Lot","1","0","60000","2","1","1","1","1","0","0","35","35","0","0","Application","Lender"
"2024","Washington-Arlington-Alexandria, DC-VA-MD","24","091","24510002000","Refinance","Single Family Home","White","White","Male","Originated","Refinance","280000","90","4.25","0.00","No HOEPA","15000","1000","0","0","0","10","0","0","0","0","140000","Site Built Single Family Home","Primary Residence","Not Applicable","Not Applicable","1","0","80000","2","1","1","1","1","0","0","45","45","0","0","Application","Borrower"
"2024","Atlanta-Sandy Springs-Roswell, GA","12","027","13210002000","Home Purchase","Single Family Home","Black or African American","Black or African American","Female","Originated","Purchase","200000","85","4.50","0.00","No HOEPA","10000","600","0","0","0","15","0","0","0","0","100000","Manufactured Home","Primary Residence","Manufactured Home","Manufactured Home Lot","1","0","50000","2","1","1","1","1","0","0","40","40","0","0","Application","Lender"
"2024","Philadelphia-Camden-Wilmington, PA-NJ-DE-MD","34","061","34990004000","Home Purchase","Single Family Home","White","White","Male","Originated","Purchase","240000","80","4.00","0.00","No HOEPA","12000","800","0","0","0","20","0","0","0","0","120000","Site Built Single Family Home","Primary Residence","Not Applicable","Not Applicable","1","0","60000","2","1","1","1","1","0","0","35","35","0","0","Application","Borrower"
"2024","Miami-Fort Lauderdale-West Palm Beach, FL","12","027","12210003000","Home Purchase","Single Family Home","Hispanic or Latino","White","Female","Originated","Purchase","300000","90","4.25","0.00","No HOEPA","18000","1200","0","0","0","15","0","0","0","0","180000","Manufactured Home","Primary Residence","Manufactured Home","Manufactured Home Lot","1","0","80000","2","1","1","1","1","0","0","45","45","0","0","Application","Lender"
"2024","San Jose-Sunnyvale-Santa Clara, CA","06","005","06102001000","Home Purchase","Single Family Home","Asian","Asian","Male","Originated","Purchase","190000","75","3.75","0.00","No HOEPA","8000","400","0","0","0","10","0","0","0","0","80000","Site Built Single Family Home","Primary Residence","Not Applicable","Not Applicable","1","0","40000","2","1","1","1","1","0","0","30","30","0","0","Application","Borrower"
"2024","St. Louis, MO-IL","17","059","29110001000","Home Purchase","Single Family Home","Black or African American","Black or African American","Female","Originated","Purchase","220000","85","4.50","0.00","No HOEPA","10000","600","0","0","0","15","0","0","0","0","100000","Manufactured Home","Primary Residence","Manufactured Home","Manufactured Home Lot","1","0","50000","2","1","1","1","1","0","0","40","40","0","0","Application","Lender"
"2024","Seattle-Tacoma-Bellevue, WA","53","001","53070003000","Home Purchase","Single Family Home","White","White","Male","Originated","Purchase","260000","90","4.25","0.00","No HOEPA","15000","1000","0","0","0","20","0","0","0","0","150000","Site Built Single Family Home","Primary Residence","Not Applicable","Not Applicable","1","0","70000","2","1","1","1","1","0","0","45","45","0","0","Application","Borrower"
"2024","Denver-Aurora-Lakewood, CO","08","051","08110002000","Home Purchase","Single Family Home","Hispanic or Latino","White","Female","Originated","Purchase","200000","80","4.00","0.00","No HOEPA","10000","600","0","0","0","15","0","0","0","0","100000","Manufactured Home","Primary Residence","Manufactured Home","Manufactured Home Lot","1","0","50000","2","1","1","1","1","0","0","40","40","0","0","Application","Lender"
"2024","San Francisco-Oakland-Berkeley, CA","06","005","06050003000","Home Purchase","Single Family Home","Asian","Asian","Male","Originated","Purchase","240000","75","3.75","0.00","No HOEPA","12000","600","0","0","0","10","0","0","0","0","120000","Site Built Single Family Home","Primary Residence","Not Applicable","Not Applicable","1","0","60000","2","1","1","1","1","0","0","30","30","0","0","Application","Borrower"
"2024","Boston-Cambridge-Nashua, MA-NH","24","091","25010001000","Home Purchase","Single Family Home","White","White","Female","Originated","Purchase","280000","90","4.25","0.00","No HOEPA","14000","800","0","0","0","15","0","0","0","0","140000","Manufactured Home","Primary Residence","Manufactured Home","Manufactured Home Lot","1","0","70000","2","1","1","1","1","0","0","45","45","0","0","Application","Lender"
"2024","Baltimore-Columbia-Towson, MD","24","091","24010002000","Refinance","Single Family Home","Asian","Asian","Male","Originated","Refinance","240000","80","4.00","0.00","No HOEPA","12000","600","0","0","0","20","0","0","0","0","120000","Site Built Single Family Home","Primary Residence","Not Applicable","Not Applicable","1","0","60000","2","1","1","1","1","0","0","35","35","0","0","Application","Borrower"
"2024","Riverside-San Bernardino-Ontario, CA","06","005","06103004000","Home Purchase","Single Family Home","Black or African American","Black or African American","Female","Originated","Purchase","190000","85","4.50","0.00","No HOEPA","10000","600","0","0","0","15","0","0","0","0","100000","Manufactured Home","Primary Residence","Manufactured Home","Manufactured Home Lot","1","0","50000","2","1","1","1","1","0","0","40","40","0","0","Application","Lender"
"2024","Minneapolis-St. Paul-Bloomington, MN-WI","17","059","27950002000","Home Purchase","Single Family Home","White","White","Male","Originated","Purchase","250000","90","4.25","0.00","No HOEPA","15000","1000","0","0","0","20","0","0","0","0","150000","Site Built Single Family Home","Primary Residence","Not Applicable","Not Applicable","1","0","70000","2","1","1","1","1","0","0","45","45","0","0","Application","Borrower"
"2024","San Diego-Chula Vista-Carlsbad, CA","06","005","06101003000","Home Purchase","Single Family Home","Hispanic or Latino","White","Female","Originated","Purchase","220000","80","4.00","0.00","No HOEPA","12000","800","0","0","0","15","0","0","0","0","120000","Manufactured Home","Primary Residence","Manufactured Home","Manufactured Home Lot","1","0","60000","2","1","1","1","1","0","0","40","40","0","0","Application","Lender"
"2024","Las Vegas-Henderson-Paradise, NV","32","013","32510003000","Refinance","Single Family Home","Asian","Asian","Male","Originated","Refinance","280000","90","4.25","0.00","No HOEPA","16000","1000","0","0","0","20","0","0","0","0","160000","Site Built Single Family Home","Primary Residence","Not Applicable","Not Applicable","1","0","70000","2","1","1","1","1","0","0","45","45","0","0","Application","Borrower"
"2024","Portland-Vancouver-Hillsboro, OR-WA","41","001","41510004000","Home Purchase","Single Family Home","White","White","Female","Originated","Purchase","240000","80","4.00","0.00","No HOEPA","12000","600","0","0","0","15","0","0","0","0","120000","Manufactured Home","Primary Residence","Manufactured Home","Manufactured Home Lot","1","0","60000","2","1","1","1","1","0","0","40","40","0","0","Application","Lender"
"2024","Charlotte-Concord-Gastonia, NC-SC","37","051","37110004000","Home Purchase","Single Family Home","Black or African American","Black or African American","Male","Originated","Purchase","200000","85","4.50","0.00","No HOEPA","10000","600","0","0","0","15","0","0","0","0","100000","Site Built Single Family Home","Primary Residence","Not Applicable","Not Applicable","1","0","50000","2","1","1","1","1","0","0","40","40","0","0","Application","Borrower"
"2024","Austin-Round Rock, TX","48","043","48240002000","Home Purchase","Single Family Home","Hispanic or Latino","White","Female","Originated","Purchase","230000","80","4.00","0.00","No HOEPA","12000","800","0","0","0","15","0","0","0","0","120000","Manufactured Home","Primary Residence","Manufactured Home","Manufactured Home Lot","1","0","60000","2","1","1","1","1","0","0","40","40","0","0","Application","Lender"
"2024","Columbus, OH","39","027","39110002000","Home Purchase","Single Family Home","White","White","Male","Originated","Purchase","240000","90","4.25","0.00","No HOEPA","14000","1000","0","0","0","20","0","0","0","0","140000","Site Built Single Family Home","Primary Residence","Not Applicable","Not Applicable","1","0","70000","2","1","1","1","1","0","0","45","45","0","0","Application","Borrower"
"2024","Indianapolis-Carmel-Anderson, IN","18","085","18110001000","Home Purchase","Single Family Home","Black or African American","Black or African American","Female","Originated","Purchase","190000","85","4.50","0.00","No HOEPA","10000","600","0","0","0","15","0","0","0","0","100000","Manufactured Home","Primary Residence","Manufactured Home","Manufactured Home Lot","1","0","50000","2","1","1","1","1","0","0","40","40","0","0","Application","Lender"
"2024","Milwaukee-Waukesha-West Allis, WI","55","005","55110002000","Home Purchase","Single Family Home","White","White","Male","Originated","Purchase","220000","80","4.00","0.00","No HOEPA","12000","800","0","0","0","15","0","0","0","0","120000","Site Built Single Family Home","Primary Residence","Not Applicable","Not Applicable","1","0","60000","2","1","1","1","1","0","0","40","40","0","0","Application","Borrower"
"2024","Virginia Beach-Norfolk, VA-NC","51","017","51510003000","Home Purchase","Single Family Home","Asian","Asian","Female","Originated","Purchase","240000","90","4.25","0.00","No HOEPA","14000","1000","0","0","0","20","0","0","0","0","140000","Manufactured Home","Primary Residence","Manufactured Home","Manufactured Home Lot","1","0","70000","2","1","1","1","1","0","0","45","45","0","0","Application","Lender"
"2024","Nashville-Davidson--Murfreesboro--Franklin, TN","34","041","35390002000","Home Purchase","Single Family Home","White","White","Male","Originated","Purchase","260000","90","4.25","0.00","No HOEPA","16000","1000","0","0","0","20","0","0","0","0","160000","Site Built Single Family Home","Primary Residence","Not Applicable","Not Applicable","1","0","70000","2","1","1","1","1","0","0","45","45","0","0","Application","Borrower"
"2024","Kansas City, MO-KS","29","023","29110001000","Home Purchase","Single Family Home","Black or African American","Black or African American","Female","Originated","Purchase","200000","85","4.50","0.00","No HOEPA","10000","600","0","0","0","15","0","0","0","0","100000","Manufactured Home","Primary Residence","Manufactured Home","Manufactured Home Lot","1","0","50000","2","1","1","1","1","0","0","40","40","0","0","Application","Lender"
"2024","Oklahoma City, OK","40","019","40110001000","Home Purchase","Single Family Home","Hispanic or Latino","White","Male","Originated","Purchase","180000","80","4.00","0.00","No HOEPA","9000","0","0","0","0","10","0","0","0","0","90000","Site Built Single Family Home","Primary Residence","Not Applicable","Not Applicable","1","0","40000","2","1","1","1","1","0","0","25","25","0","0","Application","Borrower"
"2024","Cincinnati, OH-KY-IN","39","027","39350003000","Home Purchase","Single Family Home","White","White","Female","Originated","Purchase","240000","90","4.25","0.00","No HOEPA","14000","1000","0","0","0","20","0","0","0","0","140000","Manufactured Home","Primary Residence","Manufactured Home","Manufactured Home Lot","1","0","70000","2","1","1","1","1","0","0","45","45","0","0","Application","Lender"
"2024","Cleveland-Elyria, OH","39","027","39350001000","Home Purchase","Single Family Home","Black or African American","Black or African American","Male","Originated","Purchase","200000","85","4.50","0.00","No HOEPA","10000","600","0","0","0","15","0","0","0","0","100000","Site Built Single Family Home","Primary Residence","Not Applicable","Not Applicable","1","0","50000","2","1","1","1","1","0","0","40","40","0","0","Application","Borrower"
"2024","Detroit-Warren-Dearborn, MI","26","055","26250003000","Home Purchase","Single Family Home","White","White","Female","Originated","Purchase","240000","90","4.25","0.00","No HOEPA","14000","1000","0","0","0","20","0","0","0","0","140000","Manufactured Home","Primary Residence","Manufactured Home","Manufactured Home Lot","1","0","70000","2","1","1","1","1","0","0","45","45","0","0","Application","Lender"
"2024","Memphis, TN-MS-AR","34","041","34750001000","Home Purchase","Single Family Home","Black or African American","Black or African American","Male","Originated","Purchase","190000","85","4.50","0.00","No HOEPA","10000","600","0","0","0","15","0","0","0","0","100000","Manufactured Home","Primary Residence","Manufactured Home","Manufactured Home Lot","1","0","50000","2","1","1","1","1","0","0","40","40","0","0","Application","Borrower"
"2024","St. Paul-Minneapolis, MN-WI","17","059","27950003000","Home Purchase","Single Family Home","White","White","Male","Originated","Purchase","250000","90","4.25","0.00","No HOEPA","15000","1000","0","0","0","20","0","0","0","0","150000","Site Built Single Family Home","Primary Residence","Not Applicable","Not Applicable","1","0","70000","2","1","1","1","1","0","0","45","45","0","0","Application","Borrower"
"2024","Pittsburgh, PA","42","043","42510003000","Home Purchase","Single Family Home","Asian","Asian","Female","Originated","Purchase","200000","85","4.50","0.00","No HOEPA","10000","600","0","0","0","15","0","0","0","0","100000","Manufactured Home","Primary Residence","Manufactured Home","Manufactured Home Lot","1","0","50000","2","1","1","1","1","0","0","40","40","0","0","Application","Lender"
"2024","Richmond, VA","51","017","51510001000","Home Purchase","Single Family Home","White","White","Male","Originated","Purchase","260000","90","4.25","0.00","No HOEPA","16000","1000","0","0","0","20","0","0","0","0","160000","Site Built Single Family Home","Primary Residence","Not Applicable","Not Applicable","1","0","70000","2","1","1","1","1","0","0","45","45","0","0","Application","Borrower"
"2024","Raleigh-Durham-Chapel Hill, NC","37","051","37210003000","Home Purchase","Single Family Home","Hispanic or Latino","White","Female","Originated","Purchase","230000","80","4.00","0.00","No HOEPA","12000","800","0","0","0","15","0","0","0","0","120000","Manufactured Home","Primary Residence","Manufactured Home","Manufactured Home Lot","1","0","60000","2","1","1","1","1","0","0","40","40","0","0","Application","Lender"
"2024","Columbus, IN","18","085","18110001000","Refinance","Single Family Home","White","White","Male","Originated","Refinance","240000","80","4.00","0.00","No HOEPA","12000","600","0","0","0","20","0","0","0","0","120000","Site Built Single Family Home","Primary Residence","Not Applicable","Not Applicable","1","0","60000","2","1","1","1","1","0","0","40","40","0","0","Application","Borrower"
"2024","Knoxville, TN","34","041","34750002000","Home Purchase","Single Family Home","Black or African American","Black or African American","Female","Originated","Purchase","190000","85","4.50","0.00","No HOEPA","10000","600","0","0","0","15","0","0","0","0","100000","Manufactured Home","Primary Residence","Manufactured Home","Manufactured Home Lot","1","0","50000","2","1","1","1","1","0","0","40","40","0","0","Application","Lender"
"2024","Greenville, SC","37","051","37110003000","Home Purchase","Single Family Home","White","White","Male","Originated","Purchase","220000","80","4.00","0.00","No HOEPA","12000","800","0","0","0","15","0","0","0","0","120000","Site Built Single Family Home","Primary Residence","Not Applicable","Not Applicable","1","0","60000","2","1","1","1","1","0","0","40","40","0","0","Application","Borrower"
"2024","Wichita, KS","29","023","29110001000","Home Purchase","Single Family Home","Black or African American","Black or African American","Female","Originated","Purchase","200000","85","4.50","0.00","No HOEPA","10000","600","0","0","0","15","0","0","0","0","100000","Manufactured Home","Primary Residence","Manufactured Home","Manufactured Home Lot","1","0","50000","2","1","1","1","1","0","0","40","40","0","0","Application","Lender"
"2024","Mobile, AL","01","003","01110003000","Home Purchase","Single Family Home","White","White","Male","Originated","Purchase","190000","85","4.50","0.00","No HOEPA","10000","600","0","0","0","15","0","0","0","0","100000","Manufactured Home","Primary Residence","Manufactured Home","Manufactured Home Lot","1","0","50000","2","1","1","1","1","0","0","40","40","0","0","Application","Borrower"
"2024","New York-Newark-Jersey City, NY-NJ-PA MSA","35","061","10001","Conventional Home Mortgage","Single Family Home","Hispanic or Latino","White","Female","Approved","Purchase","115000","0.95","3.75","0.00","Manual Underwriting","13500","0","0","0","0","360","0","0","0","0","450000","Site Built Single Family Home","Primary Residence","Not Applicable","0","1","75000","2","0","0","Hispanic or Latino","White","Hispanic or Latino","White","Female","Male","34","40","0","0","Application Submitted","Lender"
"2024","Los Angeles-Long Beach-Anaheim, CA MSA","06","043","10001","FHA Loan","Single Family Home","Asian","White","Male","Approved","Purchase","80000","0.95","4.25","0.00","Automated Underwriting","8000","0","0","0","0","360","0","0","0","0","250000","Site Built Single Family Home","Primary Residence","Not Applicable","0","1","60000","2","0","0","Asian","White","Asian","White","Male","Male","28","33","0","0","Application Submitted","Lender"
"2024","Chicago-Naperville-Elgin, IL-IN-WI MSA","17","071","10001","Conventional Home Mortgage","Single Family Home","White","White","Female","Approved","Refinance","120000","0.95","3.50","0.00","Manual Underwriting","9000","0","0","0","0","360","0","0","0","0","400000","Site Built Single Family Home","Primary Residence","Not Applicable","0","1","80000","2","0","0","White","White","White","White","Female","Female","41","49","0","0","Application Submitted","Lender"
"2024","Dallas-Fort Worth-Arlington, TX MSA","48","041","10001","VA Loan","Single Family Home","White","White","Male","Approved","Purchase","140000","0.95","3.75","0.00","Automated Underwriting","10000","0","0","0","0","360","0","0","0","0","350000","Site Built Single Family Home","Primary Residence","Not Applicable","0","1","90000","2","0","0","White","White","White","White","Male","Male","32","39","0","0","Application Submitted","Lender"
"2024","Houston-The Woodlands-Sugar Land, TX MSA","48","061","10001","FHA Loan","Single Family Home","Hispanic or Latino","Asian","Female","Approved","Purchase","70000","0.95","4.25","0.00","Automated Underwriting","7000","0","0","0","0","360","0","0","0","0","220000","Site Built Single Family Home","Primary Residence","Not Applicable","0","1","50000","2","0","0","Hispanic or Latino","Asian","Hispanic or Latino","Asian","Female","Female","25","31","0","0","Application Submitted","Lender"
"2024","Washington-Arlington-Alexandria, DC-VA-MD MSA","24","011","10001","Conventional Home Mortgage","Single Family Home","Black or African American","White","Male","Approved","Purchase","180000","0.95","3.50","0.00","Manual Underwriting","11000","0","0","0","0","360","0","0","0","0","420000","Site Built Single Family Home","Primary Residence","Not Applicable","0","1","100000","2","0","0","Black or African American","White","Black or African American","White","Male","Male","38","45","0","0","Application Submitted","Lender"
"2024","Philadelphia-Camden-Wilmington, PA-NJ-DE-MD MSA","35","061","10001","VA Loan","Single Family Home","Hispanic or Latino","Asian","Female","Approved","Purchase","100000","0.95","3.75","0.00","Automated Underwriting","8000","0","0","0","0","360","0","0","0","0","280000","Site Built Single Family Home","Primary Residence","Not Applicable","0","1","70000","2","0","0","Hispanic or Latino","Asian","Hispanic or Latino","Asian","Female","Female","29","35","0","0","Application Submitted","Lender"
"2024","Atlanta-Sandy Springs-Roswell, GA MSA","13","031","10001","FHA Loan","Single Family Home","White","White","Male","Approved","Purchase","90000","0.95","4.25","0.00","Automated Underwriting","9000","0","0","0","0","360","0","0","0","0","270000","Site Built Single Family Home","Primary Residence","Not Applicable","0","1","60000","2","0","0","White","White","White","White","Male","Male","35","42","0","0","Application Submitted","Lender"
"2024","Miami-Fort Lauderdale-West Palm Beach, FL MSA","12","031","10001","Conventional Home Mortgage","Single Family Home","Hispanic or Latino","White","Female","Approved","Refinance","160000","0.95","3.50","0.00","Manual Underwriting","10000","0","0","0","0","360","0","0","0","0","380000","Site Built Single Family Home","Primary Residence","Not Applicable","0","1","85000","2","0","0","Hispanic or Latino","White","Hispanic or Latino","White","Female","Female","43","51","0","0","Application Submitted","Lender"
"2024","San Francisco-Oakland-Hayward, CA MSA","06","061","10001","VA Loan","Single Family Home","Asian","White","Male","Approved","Purchase","120000","0.95","3.75","0.00","Automated Underwriting","9000","0","0","0","0","360","0","0","0","0","320000","Site Built Single Family Home","Primary Residence","Not Applicable","0","1","70000","2","0","0","Asian","White","Asian","White","Male","Male","31","38","0","0","Application Submitted","Lender"
"2024","St. Louis, MO-IL MSA","29","031","10001","FHA Loan","Single Family Home","White","White","Female","Approved","Purchase","80000","0.95","4.25","0.00","Automated Underwriting","8000","0","0","0","0","360","0","0","0","0","240000","Site Built Single Family Home","Primary Residence","Not Applicable","0","1","50000","2","0","0","White","White","White","White","Female","Female","27","33","0","0","Application Submitted","Lender"
"2024","Denver-Aurora-Lakewood, CO MSA","08","041","10001","Conventional Home Mortgage","Single Family Home","Hispanic or Latino","Asian","Male","Approved","Purchase","140000","0.95","3.50","0.00","Manual Underwriting","10000","0","0","0","0","360","0","0","0","0","350000","Site Built Single Family Home","Primary Residence","Not Applicable","0","1","80000","2","0","0","Hispanic or Latino","Asian","Hispanic or Latino","Asian","Male","Male","39","47","0","0","Application Submitted","Lender"
"2024","Seattle-Tacoma-Bellevue, WA MSA","53","061","10001","VA Loan","Single Family Home","White","White","Female","Approved","Refinance","180000","0.95","3.75","0.00","Automated Underwriting","11000","0","0","0","0","360","0","0","0","0","420000","Site Built Single Family Home","Primary Residence","Not Applicable","0","1","100000","2","0","0","White","White","White","White","Female","Female","46","54","0","0","Application Submitted","Lender"
"2024","Boston-Cambridge-Nashua, MA-NH MSA","25","011","10001","FHA Loan","Single Family Home","Asian","White","Male","Approved","Purchase","90000","0.95","4.25","0.00","Automated Underwriting","9000","0","0","0","0","360","0","0","0","0","280000","Site Built Single Family Home","Primary Residence","Not Applicable","0","1","60000","2","0","0","Asian","White","Asian","White","Male","Male","36","43","0","0","Application Submitted","Lender"
"2024","Phoenix-Mesa-Scottsdale, AZ MSA","04","041","10001","Conventional Home Mortgage","Single Family Home","Hispanic or Latino","White","Female","Approved","Purchase","120000","0.95","3.50","0.00","Manual Underwriting","9000","0","0","0","0","360","0","0","0","0","320000","Site Built Single Family Home","Primary Residence","Not Applicable","0","1","70000","2","0","0","Hispanic or Latino","White","Hispanic or Latino","White","Female","Female","42","50","0","0","Application Submitted","Lender"
"2024","Riverside-San Bernardino-Ontario, CA MSA","06","061","10001","VA Loan","Single Family Home","White","White","Male","Approved","Purchase","150000","0.95","3.75","0.00","Automated Underwriting","11000","0","0","0","0","360","0","0","0","0","380000","Site Built Single Family Home","Primary Residence","Not Applicable","0","1","90000","2","0","0","White","White","White","White","Male","Male","44","52","0","0","Application Submitted","Lender"
"2024","San Diego-Chula Vista-Carlsbad, CA MSA","06","061","10001","FHA Loan","Single Family Home","Asian","White","Female","Approved","Refinance","110000","0.95","4.25","0.00","Automated Underwriting","11000","0","0","0","0","360","0","0","0","0","300000","Site Built Single Family Home","Primary Residence","Not Applicable","0","1","70000","2","0","0","Asian","White","Asian","White","Female","Female","48","56","0","0","Application Submitted","Lender"
"2024","Austin-Round Rock, TX MSA","48","041","10001","Conventional Home Mortgage","Single Family Home","White","White","Male","Approved","Purchase","160000","0.95","3.50","0.00","Manual Underwriting","12000","0","0","0","0","360","0","0","0","0","400000","Site Built Single Family Home","Primary Residence","Not Applicable","0","1","95000","2","0","0","White","White","White","White","Male","Male","51","59","0","0","Application Submitted","Lender"
"2024","Portland-Vancouver-Hillsboro, OR-WA MSA","41","061","10001","VA Loan","Single Family Home","Hispanic or Latino","Asian","Female","Approved","Purchase","120000","0.95","3.75","0.00","Automated Underwriting","9000","0","0","0","0","360","0","0","0","0","320000","Site Built Single Family Home","Primary Residence","Not Applicable","0","1","70000","2","0","0","Hispanic or Latino","Asian","Hispanic or Latino","Asian","Female","Female","40","48","0","0","Application Submitted","Lender"
"2024","Cleveland-Elyria, OH MSA","39","031","10001","FHA Loan","Single Family Home","Black or African American","White","Male","Approved","Purchase","70000","0.95","4.25","0.00","Automated Underwriting","7000","0","0","0","0","360","0","0","0","0","220000","Site Built Single Family Home","Primary Residence","Not Applicable","0","1","50000","2","0","0","Black or African American","White","Black or African American","White","Male","Male","26","32","0","0","Application Submitted","Lender"
"2024","Minneapolis-St. Paul-Bloomington, MN-WI MSA","27","071","10001","Conventional Home Mortgage","Single Family Home","White","White","Female","Approved","Refinance","180000","0.95","3.50","0.00","Manual Underwriting","11000","0","0","0","0","360","0","0","0","0","420000","Site Built Single Family Home","Primary Residence","Not Applicable","0","1","100000","2","0","0","White","White","White","White","Female","Female","47","55","0","0","Application Submitted","Lender"
"2024","Orlando-Kissimmee-Sanford, FL MSA","12","031","10001","VA Loan","Single Family Home","Hispanic or Latino","Asian","Male","Approved","Purchase","100000","0.95","3.75","0.00","Automated Underwriting","8000","0","0","0","0","360","0","0","0","0","280000","Site Built Single Family Home","Primary Residence","Not Applicable","0","1","70000","2","0","0","Hispanic or Latino","Asian","Hispanic or Latino","Asian","Male","Male","33","40","0","0","Application Submitted","Lender"
"2024","Tampa-St. Petersburg-Clearwater, FL MSA","12","031","10001","Conventional Home Mortgage","Single Family Home","White","White","Female","Approved","Purchase","90000","0.95","3.50","0.00","Manual Underwriting","9000","0","0","0","0","360","0","0","0","0","280000","Site Built Single Family Home","Primary Residence","Not Applicable","0","1","60000","2","0","0","White","White","White","White","Female","Female","44","52","0","0","Application Submitted","Lender"
"2024","Baltimore-Columbia-Towson, MD MSA","24","011","10001","FHA Loan","Single Family Home","Asian","White","Male","Approved","Refinance","120000","0.95","4.25","0.00","Automated Underwriting","12000","0","0","0","0","360","0","0","0","0","320000","Site Built Single Family Home","Primary Residence","Not Applicable","0","1","70000","2","0","0","Asian","White","Asian","White","Male","Male","49","57","0","0","Application Submitted","Lender"
"2024","San Jose-Sunnyvale-Santa Clara, CA MSA","06","061","10001","VA Loan","Single Family Home","White","White","Female","Approved","Purchase","120000","0.95","3.75","0.00","Automated Underwriting","9000","0","0","0","0","360","0","0","0","0","320000","Site Built Single Family Home","Primary Residence","Not Applicable","0","1","70000","2","0","0","White","White","White","White","Female","Female","41","49","0","0","Application Submitted","Lender"
"2024","Sacramento-Roseville-Arden-Arcade, CA MSA","06","061","10001","Conventional Home Mortgage","Single Family Home","Asian","White","Male","Approved","Purchase","90000","0.95","3.50","0.00","Manual Underwriting","9000","0","0","0","0","360","0","0","0","0","280000","Site Built Single Family Home","Primary Residence","Not Applicable","0","1","60000","2","0","0","Asian","White","Asian","White","Male","Male","37","44","0","0","Application Submitted","Lender"
"2024","Indianapolis-Carmel-Anderson, IN MSA","18","031","10001","FHA Loan","Single Family Home","Black or African American","White","Female","Approved","Purchase","70000","0.95","4.25","0.00","Automated Underwriting","7000","0","0","0","0","360","0","0","0","0","220000","Site Built Single Family Home","Primary Residence","Not Applicable","0","1","50000","2","0","0","Black or African American","White","Black or African American","White","Female","Female","24","30","0","0","Application Submitted","Lender"
"2024","Las Vegas-Henderson-Paradise, NV MSA","04","041","10001","VA Loan","Single Family Home","White","White","Male","Approved","Purchase","110000","0.95","3.75","0.00","Automated Underwriting","9000","0","0","0","0","360","0","0","0","0","300000","Site Built Single Family Home","Primary Residence","Not Applicable","0","1","70000","2","0","0","White","White","White","White","Male","Male","46","54","0","0","Application Submitted","Lender"
"2024","Kansas City, MO-KS MSA","29","031","10001","Conventional Home Mortgage","Single Family Home","Hispanic or Latino","Asian","Female","Approved","Refinance","160000","0.95","3.50","0.00","Manual Underwriting","12000","0","0","0","0","360","0","0","0","0","400000","Site Built Single Family Home","Primary Residence","Not Applicable","0","1","95000","2","0","0","Hispanic or Latino","Asian","Hispanic or Latino","Asian","Female","Female","52","60","0","0","Application Submitted","Lender"
"2024","Columbus, OH MSA","39","031","10001","FHA Loan","Single Family Home","White","White","Male","Approved","Purchase","90000","0.95","4.25","0.00","Automated Underwriting","9000","0","0","0","0","360","0","0","0","0","280000","Site Built Single Family Home","Primary Residence","Not Applicable","0","1","60000","2","0","0","White","White","White","White","Male","Male","41","49","0","0","Application Submitted","Lender"
"2024","Nashville-Davidson--Murfreesboro--Franklin, TN MSA","24","031","10001","VA Loan","Single Family Home","Asian","White","Female","Approved","Purchase","110000","0.95","3.75","0.00","Automated Underwriting","9000","0","0","0","0","360","0","0","0","0","300000","Site Built Single Family Home","Primary Residence","Not Applicable","0","1","70000","2","0","0","Asian","White","Asian","White","Female","Female","45","53","0","0","Application Submitted","Lender"
"2024","Milwaukee-Waukesha-West Allis, WI MSA","55","061","10001","Conventional Home Mortgage","Single Family Home","White","White","Male","Approved","Purchase","120000","0.95","3.50","0.00","Manual Underwriting","9000","0","0","0","0","360","0","0","0","0","320000","Site Built Single Family Home","Primary Residence","Not Applicable","0","1","70000","2","0","0","White","White","White","White","Male","Male","35","42","0","0","Application Submitted","Lender"
"2024","Oakland, CA MSA","06","061","10001","FHA Loan","Single Family Home","Hispanic or Latino","Asian","Male","Approved","Purchase","90000","0.95","4.25","0.00","Automated Underwriting","9000","0","0","0","0","360","0","0","0","0","280000","Site Built Single Family Home","Primary Residence","Not Applicable","0","1","60000","2","0","0","Hispanic or Latino","Asian","Hispanic or Latino","Asian","Male","Male","39","47","0","0","Application Submitted","Lender"
"2024","Virginia Beach-Norfolk, VA MSA","51","061","10001","VA Loan","Single Family Home","White","White","Female","Approved","Refinance","180000","0.95","3.75","0.00","Automated Underwriting","11000","0","0","0","0","360","0","0","0","0","420000","Site Built Single Family Home","Primary Residence","Not Applicable","0","1","100000","2","0","0","White","White","White","White","Female","Female","53","61","0","0","Application Submitted","Lender"
"2024","Raleigh-Durham-Chapel Hill, NC MSA","37","031","10001","Conventional Home Mortgage","Single Family Home","Asian","White","Male","Approved","Purchase","120000","0.95","3.50","0.00","Manual Underwriting","9000","0","0","0","0","360","0","0","0","0","320000","Site Built Single Family Home","Primary Residence","Not Applicable","0","1","70000","2","0","0","Asian","White","Asian","White","Male","Male","42","50","0","0","Application Submitted","Lender"
"2024","Richmond, VA MSA","51","061","10001","FHA Loan","Single Family Home","Hispanic or Latino","Asian","Female","Approved","Purchase","80000","0.95","4.25","0.00","Automated Underwriting","8000","0","0","0","0","360","0","0","0","0","240000","Site Built Single Family Home","Primary Residence","Not Applicable","0","1","50000","2","0","0","Hispanic or Latino","Asian","Hispanic or Latino","Asian","Female","Female","29","36","0","0","Application Submitted","Lender"
"2024","Birmingham-Hoover, AL MSA","01","031","10001","VA Loan","Single Family Home","White","White","Male","Approved","Purchase","100000","0.95","3.75","0.00","Automated Underwriting","8000","0","0","0","0","360","0","0","0","0","280000","Site Built Single Family Home","Primary Residence","Not Applicable","0","1","70000","2","0","0","White","White","White","White","Male","Male","38","45","0","0","Application Submitted","Lender"
"2024","Boise City, ID MSA","16","041","10001","Conventional Home Mortgage","Single Family Home","Asian","White","Female","Approved","Refinance","120000","0.95","3.50","0.00","Manual Underwriting","9000","0","0","0","0","360","0","0","0","0","320000","Site Built Single Family Home","Primary Residence","Not Applicable","0","1","70000","2","0","0","Asian","White","Asian","White","Female","Female","44","52","0","0","Application Submitted","Lender"
"2024","Pittsburgh, PA MSA","42","031","10001","FHA Loan","Single Family Home","White","White","Male","Approved","Purchase","80000","0.95","4.25","0.00","Automated Underwriting","8000","0","0","0","0","360","0","0","0","0","240000","Site Built Single Family Home","Primary Residence","Not Applicable","0","1","50000","2","0","0","White","White","White","White","Male","Male","30","37","0","0","Application Submitted","Lender"
"2024","San Antonio, TX MSA","48","061","10001","VA Loan","Single Family Home","Hispanic or Latino","Asian","Female","Approved","Purchase","110000","0.95","3.75","0.00","Automated Underwriting","9000","0","0","0","0","360","0","0","0","0","300000","Site Built Single Family Home","Primary Residence","Not Applicable","0","1","70000","2","0","0","Hispanic or Latino","Asian","Hispanic or Latino","Asian","Female","Female","48","56","0","0","Application Submitted","Lender"
"2024","Cedar Rapids, IA MSA","19","031","10001","Conventional Home Mortgage","Single Family Home","White","White","Male","Approved","Purchase","120000","0.95","3.50","0.00","Manual Underwriting","9000","0","0","0","0","360","0","0","0","0","320000","Site Built Single Family Home","Primary Residence","Not Applicable","0","1","70000","2","0","0","White","White","White","White","Male","Male","39","47","0","0","Application Submitted","Lender"
"2024","Gainesville, FL MSA","12","031","10001","FHA Loan","Single Family Home","White","White","Female","Approved","Refinance","110000","0.95","4.25","0.00","Automated Underwriting","11000","0","0","0","0","360","0","0","0","0","300000","Site Built Single Family Home","Primary Residence","Not Applicable","0","1","70000","2","0","0","White","White","White","White","Female","Female","46","54","0","0","Application Submitted","Lender"
"2024","Greenville, SC MSA","39","031","10001","VA Loan","Single Family Home","Hispanic or Latino","Asian","Male","Approved","Purchase","100000","0.95","3.75","0.00","Automated Underwriting","8000","0","0","0","0","360","0","0","0","0","280000","Site Built Single Family Home","Primary Residence","Not Applicable","0","1","70000","2","0","0","Hispanic or Latino","Asian","Hispanic or Latino","Asian","Male","Male","34","41","0","0","Application Submitted","Lender"
"2024","Tulsa, OK MSA","05","031","10001","FHA Loan","Single Family Home","White","White","Female","Approved","Purchase","90000","0.95","4.25","0.00","Automated Underwriting","9000","0","0","0","0","360","0","0","0","0","280000","Site Built Single Family Home","Primary Residence","Not Applicable","0","1","60000","2","0","0","White","White","White","White","Female","Female","43","51","0","0","Application Submitted","Lender"
"2024","Wichita, KS MSA","29","031","10001","Conventional Home Mortgage","Single Family Home","Black or African American","White","Male","Approved","Purchase","80000","0.95","3.50","0.00","Manual Underwriting","8000","0","0","0","0","360","0","0","0","0","240000","Site Built Single Family Home","Primary Residence","Not Applicable","0","1","50000","2","0","0","Black or African American","White","Black or African American","White","Male","Male","28","35","0","0","Application Submitted","Lender"
"2024","Mobile, AL MSA","01","031","10001","VA Loan","Single Family Home","Hispanic or Latino","Asian","Female","Approved","Refinance","120000","0.95","3.75","0.00","Automated Underwriting","9000","0","0","0","0","360","0","0","0","0","320000","Site Built Single Family Home","Primary Residence","Not Applicable","0","1","70000","2","0","0","Hispanic or Latino","Asian","Hispanic or Latino","Asian","Female","Female","50","58","0","0","Application Submitted","Lender"
"2024","Midland, TX MSA","48","041","10001","FHA Loan","Single Family Home","Asian","White","Male","Approved","Purchase","110000","0.95","4.25","0.00","Automated Underwriting","11000","0","0","0","0","360","0","0","0","0","300000","Site Built Single Family Home","Primary Residence","Not Applicable","0","1","70000","2","0","0","Asian","White","Asian","White","Male","Male","48","56","0","0","Application Submitted","Lender"
"2024","McAllen-Edinburg-Mission, TX MSA","48","041","10001","Conventional Home Mortgage","Single Family Home","White","White","Female","Approved","Refinance","160000","0.95","3.50","0.00","Manual Underwriting","12000","0","0","0","0","360","0","0","0","0","400000","Site Built Single Family Home","Primary Residence","Not Applicable","0","1","95000","2","0","0","White","White","White","White","Female","Female","55","63","0","0","Application Submitted","Lender"
"2024","Bremerton-Silverdale, WA MSA","53","061","10001","VA Loan","Single Family Home","Hispanic or Latino","Asian","Male","Approved","Purchase","120000","0.95","3.75","0.00","Automated Underwriting","9000","0","0","0","0","360","0","0","0","0","320000","Site Built Single Family Home","Primary Residence","Not Applicable","0","1","70000","2","0","0","Hispanic or Latino","Asian","Hispanic or Latino","Asian","Male","Male","40","48","0","0","Application Submitted","Lender"
"2024","Rochester, NY MSA","35","061","10001","Conventional Home Mortgage","Single Family Home","White","White","Female","Approved","Purchase","110000","0.95","3.50","0.00","Manual Underwriting","9000","0","0","0","0","360","0","0","0","0","300000","Site Built Single Family Home","Primary Residence","Not Applicable","0","1","70000","2","0","0","White","White","White","White","Female","Female","49","57","0","0","Application Submitted","Lender"
2024,"San Francisco-Oakland-Hayward, CA",6,013,06401,"First Mortgage",1,1,1,1,1,"Approved",3,250000,0.8,4.75,0.25,"Not Covered",150000,5000,2500,2,0,30,12,0,0,0,0,1,1,1,1,1,1,1,1,1,1,1,1,1,1,1,1,1,1,1,1,1,"National Association of Realtors"
2024,"San Francisco-Oakland-Hayward, CA",6,013,06401,"Home Equity Loan",2,2,2,2,2,"Denied",6,50000,0.6,6.25,1.25,"Not Covered",30000,1000,500,1,0,24,12,0,0,0,0,1,1,1,1,1,1,1,1,1,1,1,1,1,1,1,1,1,1,1,1,1,"National Association of Realtors"
2024,"San Francisco-Oakland-Hayward, CA",6,013,06402,"Revolving Home Equity Loan",3,3,3,3,3,"Approved",5,200000,0.7,5.5,0.5,"Not Covered",80000,5000,2000,3,0,36,12,0,0,0,0,1,1,1,1,1,1,1,1,1,1,1,1,1,1,1,1,1,1,1,1,1,"National Association of Realtors"
2024,"San Francisco-Oakland-Hayward, CA",6,013,06403,"Home Improvement Loan",4,4,4,4,4,"Denied",7,75000,0.5,7.25,2.25,"Not Covered",40000,2000,1000,4,0,60,12,0,0,0,0,1,1,1,1,1,1,1,1,1,1,1,1,1,1,1,1,1,1,1,1,1,"National Association of Realtors"
2024,"San Francisco-Oakland-Hayward, CA",6,013,06404,"VA Loan",5,5,5,5,5,"Approved",1,300000,0.9,3.75,0.25,"Covered",120000,7500,2500,30,1,12,12,0,0,0,0,1,1,1,1,1,1,1,1,1,1,1,1,1,1,1,1,1,1,1,1,1,"National Association of Realtors"
2024,"San Francisco-Oakland-Hayward, CA",6,013,06405,"FHA Loan",6,6,6,6,6,"Denied",2,450000,0.85,4.5,1.25,"Covered",210000,10000,5000,15,0,24,12,0,0,0,0,1,1,1,1,1,1,1,1,1,1,1,1,1,1,1,1,1,1,1,1,1,"National Association of Realtors"
2024,"San Francisco-Oakland-Hayward, CA",6,013,06406,"Subsidy (Section 235)",7,7,7,7,7,"Approved",4,200000,0.8,4.25,0.5,"Not Covered",80000,5000,2000,30,1,12,12,0,0,0,0,1,1,1,1,1,1,1,1,1,1,1,1,1,1,1,1,1,1,1,1,1,"National Association of Realtors"
2024,"San Francisco-Oakland-Hayward, CA",6,013,06407,"VA Loan",8,8,8,8,8,"Denied",6,600000,0.95,3.5,0.25,"Covered",360000,18000,6000,30,1,12,12,0,0,0,0,1,1,1,1,1,1,1,1,1,1,1,1,1,1,1,1,1,1,1,1,1,"National Association of Realtors"
2024,"San Francisco-Oakland-Hayward, CA",6,013,06408,"Subsidy (Section 235)",9,9,9,9,9,"Approved",3,150000,0.75,5.25,1.25,"Not Covered",60000,3000,1500,24,0,48,12,0,0,0,0,1,1,1,1,1,1,1,1,1,1,1,1,1,1,1,1,1,1,1,1,1,"National Association of Realtors"
2024,"San Francisco-Oakland-Hayward, CA",6,013,06409,"FHA Loan",10,10,10,10,10,"Denied",5,800000,0.9,4.75,0.5,"Covered",480000,24000,8000,30,1,12,12,0,0,0,0,1,1,1,1,1,1,1,1,1,1,1,1,1,1,1,1,1,1,1,1,1,"National Association of Realtors"
2024,"San Francisco-Oakland-Hayward, CA",6,013,06410,"VA Loan",11,11,11,11,11,"Denied",7,900000,0.95,3.5,0.5,"Covered",540000,27000,9000,30,1,12,12,0,0,0,0,1,1,1,1,1,1,1,1,1,1,1,1,1,1,1,1,1,1,1,1,1,"National Association of Realtors"
2024,"San Francisco-Oakland-Hayward, CA",6,013,06411,"Subsidy (Section 235)",12,12,12,12,12,"Approved",2,250000,0.8,4.25,0.5,"Not Covered",100000,5000,2000,30,1,12,12,0,0,0,0,1,1,1,1,1,1,1,1,1,1,1,1,1,1,1,1,1,1,1,1,1,"National Association of Realtors"
2024,"San Francisco-Oakland-Hayward, CA",6,013,06412,"FHA Loan",13,13,13,13,13,"Denied",8,1000000,0.85,4.5,0.5,"Covered",500000,25000,10000,30,1,12,12,0,0,0,0,1,1,1,1,1,1,1,1,1,1,1,1,1,1,1,1,1,1,1,1,1,"National Association of Realtors"
2024,"San Francisco-Oakland-Hayward, CA",6,013,06413,"VA Loan",14,14,14,14,14,"Denied",9,1100000,0.9,3.75,0.5,"Covered",550000,27500,11000,30,1,12,12,0,0,0,0,1,1,1,1,1,1,1,1,1,1,1,1,1,1,1,1,1,1,1,1,1,"National Association of Realtors"
2024,"San Francisco-Oakland-Hayward, CA",6,013,06414,"FHA Loan",15,15,15,15,15,"Denied",10,1200000,0.95,4.25,0.5,"Covered",600000,30000,12000,30,1,12,12,0,0,0,0,1,1,1,1,1,1,1,1,1,1,1,1,1,1,1,1,1,1,1,1,1,"National Association of Realtors"
2024,"San Francisco-Oakland-Hayward, CA",6,013,06415,"VA Loan",16,16,16,16,16,"Denied",11,1300000,0.9,3.5,0.5,"Covered",650000,32500,13000,30,1,12,12,0,0,0,0,1,1,1,1,1,1,1,1,1,1,1,1,1,1,1,1,1,1,1,1,1,"National Association of Realtors"
2024,"San Francisco-Oakland-Hayward, CA",6,013,06416,"FHA Loan",17,17,17,17,17,"Denied",12,1400000,0.95,4.5,0.5,"Covered",700000,35000,14000,30,1,12,12,0,0,0,0,1,1,1,1,1,1,1,1,1,1,1,1,1,1,1,1,1,1,1,1,1,"National Association of Realtors"
2024,"San Francisco-Oakland-Hayward, CA",6,013,06417,"VA Loan",18,18,18,18,18,"Denied",13,1500000,0.9,3.75,0.5,"Covered",750000,37500,15000,30,1,12,12,0,0,0,0,1,1,1,1,1,1,1,1,1,1,1,1,1,1,1,1,1,1,1,1,1,"National Association of Realtors"
2024,"San Francisco-Oakland-Hayward, CA",6,013,06418,"FHA Loan",19,19,19,19,19,"Denied",14,1600000,0.95,4.25,0.5,"Covered",800000,40000,16000,30,1,12,12,0,0,0,0,1,1,1,1,1,1,1,1,1,1,1,1,1,1,1,1,1,1,1,1,1,"National Association of Realtors"
2024,"San Francisco-Oakland-Hayward, CA",6,013,06419,"VA Loan",20,20,20,20,20,"Denied",15,1700000,0.9,3.5,0.5,"Covered",850000,42500,17000,30,1,12,12,0,0,0,0,1,1,1,1,1,1,1,1,1,1,1,1,1,1,1,1,1,1,1,1,1,"National Association of Realtors"
2024,"San Francisco-Oakland-Hayward, CA",6,013,06420,"FHA Loan",21,21,21,21,21,"Denied",16,1800000,0.95,4.5,0.5,"Covered",900000,45000,18000,30,1,12,12,0,0,0,0,1,1,1,1,1,1,1,1,1,1,1,1,1,1,1,1,1,1,1,1,1,"National Association of Realtors"
2024,"San Francisco-Oakland-Hayward, CA",6,013,06421,"VA Loan",22,22,22,22,22,"Denied",17,1900000,0.9,3.75,0.5,"Covered",950000,47500,19000,30,1,12,12,0,0,0,0,1,1,1,1,1,1,1,1,1,1,1,1,1,1,1,1,1,1,1,1,1,"National Association of Realtors"
2024,"San Francisco-Oakland-Hayward, CA",6,013,06422,"FHA Loan",23,23,23,23,23,"Denied",18,2000000,0.95,4.25,0.5,"Covered",1000000,50000,20000,30,1,12,12,0,0,0,0,1,1,1,1,1,1,1,1,1,1,1,1,1,1,1,1,1,1,1,1,1,"National Association of Realtors"
2024,"San Francisco-Oakland-Hayward, CA",6,013,06423,"VA Loan",24,24,24,24,24,"Denied",19,2100000,0.9,3.5,0.5,"Covered",1050000,52500,21000,30,1,12,12,0,0,0,0,1,1,1,1,1,1,1,1,1,1,1,1,1,1,1,1,1,1,1,1,1,"National Association of Realtors"
2024,"San Francisco-Oakland-Hayward, CA",6,013,06424,"FHA Loan",25,25,25,25,25,"Denied",20,2200000,0.95,4.5,0.5,"Covered",1100000,55000,22000,30,1,12,12,0,0,0,0,1,1,1,1,1,1,1,1,1,1,1,1,1,1,1,1,1,1,1,1,1,"National Association of Realtors"
2024,"San Francisco-Oakland-Hayward, CA",6,013,06425,"VA Loan",26,26,26,26,26,"Denied",21,2300000,0.9,3.75,0.5,"Covered",1150000,57500,23000,30,1,12,12,0,0,0,0,1,1,1,1,1,1,1,1,1,1,1,1,1,1,1,1,1,1,1,1,1,"National Association of Realtors"
2024,"San Francisco-Oakland-Hayward, CA",6,013,06426,"FHA Loan",27,27,27,27,27,"Denied",22,2400000,0.95,4.25,0.5,"Covered",1200000,60000,24000,30,1,12,12,0,0,0,0,1,1,1,1,1,1,1,1,1,1,1,1,1,1,1,1,1,1,1,1,1,"National Association of Realtors"
2024,"San Francisco-Oakland-Hayward, CA",6,013,06427,"VA Loan",28,28,28,28,28,"Denied",23,2500000,0.9,3.5,0.5,"Covered",1250000,62500,25000,30,1,12,12,0,0,0,0,1,1,1,1,1,1,1,1,1,1,1,1,1,1,1,1,1,1,1,1,1,"National Association of Realtors"
2024,"San Francisco-Oakland-Hayward, CA",6,013,06428,"FHA Loan",29,29,29,29,29,"Denied",24,2600000,0.95,4.5,0.5,"Covered",1300000,65000,26000,30,1,12,12,0,0,0,0,1,1,1,1,1,1,1,1,1,1,1,1,1,1,1,1,1,1,1,1,1,"National Association of Realtors"
2024,"San Francisco-Oakland-Hayward, CA",6,013,06429,"VA Loan",30,30,30,30,30,"Denied",25,2700000,0.9,3.75,0.5,"Covered",1350000,67500,27000,30,1,12,12,0,0,0,0,1,1,1,1,1,1,1,1,1,1,1,1,1,1,1,1,1,1,1,1,1,"National Association of Realtors"
2024,"San Francisco-Oakland-Hayward, CA",6,013,06430,"FHA Loan",31,31,31,31,31,"Denied",26,2800000,0.95,4.25,0.5,"Covered",1400000,70000,28000,30,1,12,12,0,0,0,0,1,1,1,1,1,1,1,1,1,1,1,1,1,1,1,1,1,1,1,1,1,"National Association of Realtors"
2024,"San Francisco-Oakland-Hayward, CA",6,013,06431,"VA Loan",32,32,32,32,32,"Denied",27,2900000,0.9,3.5,0.5,"Covered",1450000,72500,29000,30,1,12,12,0,0,0,0,1,1,1,1,1,1,1,1,1,1,1,1,1,1,1,1,1,1,1,1,1,"National Association of Realtors"
2024,"San Francisco-Oakland-Hayward, CA",6,013,06432,"FHA Loan",33,33,33,33,33,"Denied",28,3000000,0.95,4.5,0.5,"Covered",1500000,75000,30000,30,1,12,12,0,0,0,0,1,1,1,1,1,1,1,1,1,1,1,1,1,1,1,1,1,1,1,1,1,"National Association of Realtors"
2024,"San Francisco-Oakland-Hayward, CA",6,013,06433,"VA Loan",34,34,34,34,34,"Denied",29,3100000,0.9,3.75,0.5,"Covered",1550000,77500,31000,30,1,12,12,0,0,0,0,1,1,1,1,1,1,1,1,1,1,1,1,1,1,1,1,1,1,1,1,1,"National Association of Realtors"
2024,"San Francisco-Oakland-Hayward, CA",6,013,06434,"FHA Loan",35,35,35,35,35,"Denied",30,3200000,0.95,4.25,0.5,"Covered",1600000,80000,32000,30,1,12,12,0,0,0,0,1,1,1,1,1,1,1,1,1,1,1,1,1,1,1,1,1,1,1,1,1,"National Association of Realtors"
2024,"San Francisco-Oakland-Hayward, CA",6,013,06435,"VA Loan",36,36,36,36,36,"Denied",31,3300000,0.9,3.5,0.5,"Covered",1650000,82500,33000,30,1,12,12,0,0,0,0,1,1,1,1,1,1,1,1,1,1,1,1,1,1,1,1,1,1,1,1,1,"National Association of Realtors"
2024,"San Francisco-Oakland-Hayward, CA",6,013,06436,"FHA Loan",37,37,37,37,37,"Denied",32,3400000,0.95,4.5,0.5,"Covered",1700000,85000,34000,30,1,12,12,0,0,0,0,1,1,1,1,1,1,1,1,1,1,1,1,1,1,1,1,1,1,1,1,1,"National Association of Realtors"
2024,"San Francisco-Oakland-Hayward, CA",6,013,06437,"VA Loan",38,38,38,38,38,"Denied",33,3500000,0.9,3.75,0.5,"Covered",1750000,87500,35000,30,1,12,12,0,0,0,0,1,1,1,1,1,1,1,1,1,1,1,1,1,1,1,1,1,1,1,1,1,"National Association of Realtors"
2024,"San Francisco-Oakland-Hayward, CA",6,013,06438,"FHA Loan",39,39,39,39,39,"Denied",34,3600000,0.95,4.25,0.5,"Covered",1800000,90000,36000,30,1,12,12,0,0,0,0,1,1,1,1,1,1,1,1,1,1,1,1,1,1,1,1,1,1,1,1,1,"National Association of Realtors"
2024,"San Francisco-Oakland-Hayward, CA",6,013,06439,"VA Loan",40,40,40,40,40,"Denied",35,3700000,0.9,3.5,0.5,"Covered",1850000,92500,37000,30,1,12,12,0,0,0,0,1,1,1,1,1,1,1,1,1,1,1,1,1,1,1,1,1,1,1,1,1,"National Association of Realtors"
"2024","San Francisco-Oakland-Berkeley, CA","06","061","061011","Conventional","1-4 Family Home","Hispanic or Latino","White","Male","Approved","Purchase","$133,000","0.78","4.75","1.98","No","$12,500","$0","$0","0","$0","15","0","0","0","0","0","0","$315,000","Site Built Single-Family Home","Occupied","Manufactured Home Secured by Real Property","0","0","$60,000","0.35","FICO","FICO","Hispanic or Latino","Hispanic or Latino","Hispanic or Latino","Hispanic or Latino","Male","Male","Male","Male","30","30","0","0","Application Submitted","Lender"
"2024","San Francisco-Oakland-Berkeley, CA","06","061","061011","FHA-Insured","1-4 Family Home","Hispanic or Latino","American Indian or Alaska Native","Female","Approved","Purchase","$193,000","0.59","4.38","1.38","No","$15,000","$0","$0","0","$0","15","0","0","0","0","0","0","$350,000","Site Built Single-Family Home","Occupied","Manufactured Home Secured by Real Property","0","0","$65,000","0.35","FICO","FICO","Hispanic or Latino","American Indian or Alaska Native","Hispanic or Latino","American Indian or Alaska Native","Female","Female","Female","Female","25","25","0","0","Application Submitted","Lender"
"2024","San Francisco-Oakland-Berkeley, CA","06","061","061011","FHA-Insured","1-4 Family Home","Hispanic or Latino","White","Male","Approved","Purchase","$183,000","0.69","4.45","1.38","No","$13,000","$0","$0","0","$0","15","0","0","0","0","0","0","$380,000","Site Built Single-Family Home","Occupied","Manufactured Home Secured by Real Property","0","0","$70,000","0.35","FICO","FICO","Hispanic or Latino","White","Hispanic or Latino","White","Male","Male","Male","Male","28","28","0","0","Application Submitted","Lender"
"2024","San Francisco-Oakland-Berkeley, CA","06","061","061011","Conventional","1-4 Family Home","Black or African American","Asian","Female","Approved","Refinance","$243,000","0.63","4.22","1.45","No","$18,000","$0","$0","0","$0","15","0","0","0","0","0","0","$420,000","Site Built Single-Family Home","Occupied","Manufactured Home Secured by Real Property","0","0","$80,000","0.30","FICO","FICO","Black or African American","Asian","Black or African American","Asian","Female","Female","Female","Female","32","32","0","0","Application Submitted","Lender"
"2024","San Francisco-Oakland-Berkeley, CA","06","061","061011","FHA-Insured","1-4 Family Home","Hispanic or Latino","White","Male","Approved","Purchase","$153,000","0.81","4.82","1.98","No","$12,000","$0","$0","0","$0","15","0","0","0","0","0","0","$290,000","Site Built Single-Family Home","Occupied","Manufactured Home Secured by Real Property","0","0","$55,000","0.35","FICO","FICO","Hispanic or Latino","White","Hispanic or Latino","White","Male","Male","Male","Male","29","29","0","0","Application Submitted","Lender"
"2024","San Francisco-Oakland-Berkeley, CA","06","061","061011","Conventional","1-4 Family Home","White","Asian","Female","Approved","Purchase","$213,000","0.71","4.59","1.38","No","$15,500","$0","$0","0","$0","15","0","0","0","0","0","0","$395,000","Site Built Single-Family Home","Occupied","Manufactured Home Secured by Real Property","0","0","$75,000","0.35","FICO","FICO","White","Asian","White","Asian","Female","Female","Female","Female","31","31","0","0","Application Submitted","Lender"
"2024","San Francisco-Oakland-Berkeley, CA","06","061","061011","FHA-Insured","1-4 Family Home","Black or African American","White","Male","Approved","Purchase","$203,000","0.65","4.43","1.45","No","$16,000","$0","$0","0","$0","15","0","0","0","0","0","0","$405,000","Site Built Single-Family Home","Occupied","Manufactured Home Secured by Real Property","0","0","$80,000","0.30","FICO","FICO","Black or African American","White","Black or African American","White","Male","Male","Male","Male","34","34","0","0","Application Submitted","Lender"
"2024","San Francisco-Oakland-Berkeley, CA","06","061","061011","Conventional","1-4 Family Home","Hispanic or Latino","American Indian or Alaska Native","Female","Approved","Purchase","$193,000","0.69","4.54","1.45","No","$14,000","$0","$0","0","$0","15","0","0","0","0","0","0","$395,000","Site Built Single-Family Home","Occupied","Manufactured Home Secured by Real Property","0","0","$70,000","0.35","FICO","FICO","Hispanic or Latino","American Indian or Alaska Native","Hispanic or Latino","American Indian or Alaska Native","Female","Female","Female","Female","26","26","0","0","Application Submitted","Lender"
"2024","San Francisco-Oakland-Berkeley, CA","06","061","061011","FHA-Insured","1-4 Family Home","White","Asian","Male","Approved","Purchase","$173,000","0.75","4.84","1.98","No","$13,500","$0","$0","0","$0","15","0","0","0","0","0","0","$335,000","Site Built Single-Family Home","Occupied","Manufactured Home Secured by Real Property","0","0","$60,000","0.35","FICO","FICO","White","Asian","White","Asian","Male","Male","Male","Male","35","35","0","0","Application Submitted","Lender"
"2024","San Francisco-Oakland-Berkeley, CA","06","061","061011","Conventional","1-4 Family Home","Black or African American","White","Female","Approved","Refinance","$253,000","0.63","4.25","1.45","No","$18,500","$0","$0","0","$0","15","0","0","0","0","0","0","$445,000","Site Built Single-Family Home","Occupied","Manufactured Home Secured by Real Property","0","0","$85,000","0.30","FICO","FICO","Black or African American","White","Black or African American","White","Female","Female","Female","Female","36","36","0","0","Application Submitted","Lender"
"2024","San Francisco-Oakland-Berkeley, CA","06","061","061011","FHA-Insured","1-4 Family Home","Hispanic or Latino","Asian","Male","Approved","Purchase","$183,000","0.71","4.58","1.45","No","$14,000","$0","$0","0","$0","15","0","0","0","0","0","0","$385,000","Site Built Single-Family Home","Occupied","Manufactured Home Secured by Real Property","0","0","$75,000","0.35","FICO","FICO","Hispanic or Latino","Asian","Hispanic or Latino","Asian","Male","Male","Male","Male","27","27","0","0","Application Submitted","Lender"
"2024","San Francisco-Oakland-Berkeley, CA","06","061","061011","Conventional","1-4 Family Home","White","American Indian or Alaska Native","Female","Approved","Purchase","$213,000","0.67","4.52","1.45","No","$16,000","$0","$0","0","$0","15","0","0","0","0","0","0","$415,000","Site Built Single-Family Home","Occupied","Manufactured Home Secured by Real Property","0","0","$80,000","0.30","FICO","FICO","White","American Indian or Alaska Native","White","American Indian or Alaska Native","Female","Female","Female","Female","37","37","0","0","Application Submitted","Lender"
"2024","San Francisco-Oakland-Berkeley, CA","06","061","061011","FHA-Insured","1-4 Family Home","Black or African American","White","Male","Approved","Refinance","$243,000","0.65","4.46","1.45","No","$17,000","$0","$0","0","$0","15","0","0","0","0","0","0","$425,000","Site Built Single-Family Home","Occupied","Manufactured Home Secured by Real Property","0","0","$85,000","0.30","FICO","FICO","Black or African American","White","Black or African American","White","Male","Male","Male","Male","33","33","0","0","Application Submitted","Lender"
"2024","San Francisco-Oakland-Berkeley, CA","06","061","061011","Conventional","1-4 Family Home","Hispanic or Latino","Asian","Female","Approved","Purchase","$173,000","0.71","4.58","1.45","No","$13,000","$0","$0","0","$0","15","0","0","0","0","0","0","$375,000","Site Built Single-Family Home","Occupied","Manufactured Home Secured by Real Property","0","0","$70,000","0.35","FICO","FICO","Hispanic or Latino","Asian","Hispanic or Latino","Asian","Female","Female","Female","Female","38","38","0","0","Application Submitted","Lender"
"2024","San Francisco-Oakland-Berkeley, CA","06","061","061011","FHA-Insured","1-4 Family Home","White","White","Male","Approved","Purchase","$203,000","0.69","4.54","1.45","No","$15,000","$0","$0","0","$0","15","0","0","0","0","0","0","$395,000","Site Built Single-Family Home","Occupied","Manufactured Home Secured by Real Property","0","0","$75,000","0.35","FICO","FICO","White","White","White","White","Male","Male","Male","Male","39","39","0","0","Application Submitted","Lender"
"2024","San Francisco-Oakland-Berkeley, CA","06","061","061011","Conventional","1-4 Family Home","American Indian or Alaska Native","Asian","Female","Approved","Refinance","$253,000","0.63","4.25","1.45","No","$18,000","$0","$0","0","$0","15","0","0","0","0","0","0","$445,000","Site Built Single-Family Home","Occupied","Manufactured Home Secured by Real Property","0","0","$85,000","0.30","FICO","FICO","American Indian or Alaska Native","Asian","American Indian or Alaska Native","Asian","Female","Female","Female","Female","40","40","0","0","Application Submitted","Lender"
"2024","San Francisco-Oakland-Berkeley, CA","06","061","061011","FHA-Insured","1-4 Family Home","Black or African American","White","Male","Approved","Purchase","$193,000","0.65","4.46","1.45","No","$14,500","$0","$0","0","$0","15","0","0","0","0","0","0","$405,000","Site Built Single-Family Home","Occupied","Manufactured Home Secured by Real Property","0","0","$80,000","0.30","FICO","FICO","Black or African American","White","Black or African American","White","Male","Male","Male","Male","41","41","0","0","Application Submitted","Lender"
"2024","San Francisco-Oakland-Berkeley, CA","06","061","061011","Conventional","1-4 Family Home","Hispanic or Latino","Asian","Female","Approved","Purchase","$213,000","0.71","4.58","1.45","No","$15,000","$0","$0","0","$0","15","0","0","0","0","0","0","$395,000","Site Built Single-Family Home","Occupied","Manufactured Home Secured by Real Property","0","0","$75,000","0.35","FICO","FICO","Hispanic or Latino","Asian","Hispanic or Latino","Asian","Female","Female","Female","Female","42","42","0","0","Application Submitted","Lender"
"2024","San Francisco-Oakland-Berkeley, CA","06","061","061011","FHA-Insured","1-4 Family Home","White","American Indian or Alaska Native","Male","Approved","Refinance","$243,000","0.65","4.46","1.45","No","$16,500","$0","$0","0","$0","15","0","0","0","0","0","0","$425,000","Site Built Single-Family Home","Occupied","Manufactured Home Secured by Real Property","0","0","$85,000","0.30","FICO","FICO","White","American Indian or Alaska Native","White","American Indian or Alaska Native","Male","Male","Male","Male","43","43","0","0","Application Submitted","Lender"
"2024","San Francisco-Oakland-Berkeley, CA","06","061","061011","Conventional","1-4 Family Home","Black or African American","Asian","Female","Approved","Purchase","$203,000","0.69","4.54","1.45","No","$14,500","$0","$0","0","$0","15","0","0","0","0","0","0","$405,000","Site Built Single-Family Home","Occupied","Manufactured Home Secured by Real Property","0","0","$80,000","0.35","FICO","FICO","Black or African American","Asian","Black or African American","Asian","Female","Female","Female","Female","44","44","0","0","Application Submitted","Lender"
"2024","San Francisco-Oakland-Berkeley, CA","06","061","061011","FHA-Insured","1-4 Family Home","Hispanic or Latino","White","Male","Approved","Refinance","$253,000","0.65","4.46","1.45","No","$18,000","$0","$0","0","$0","15","0","0","0","0","0","0","$445,000","Site Built Single-Family Home","Occupied","Manufactured Home Secured by Real Property","0","0","$85,000","0.30","FICO","FICO","Hispanic or Latino","White","Hispanic or Latino","White","Male","Male","Male","Male","45","45","0","0","Application Submitted","Lender"
"2024","San Francisco-Oakland-Berkeley, CA","06","061","061011","Conventional","1-4 Family Home","White","Asian","Female","Approved","Purchase","$173,000","0.71","4.58","1.45","No","$13,500","$0","$0","0","$0","15","0","0","0","0","0","0","$375,000","Site Built Single-Family Home","Occupied","Manufactured Home Secured by Real Property","0","0","$70,000","0.35","FICO","FICO","White","Asian","White","Asian","Female","Female","Female","Female","46","46","0","0","Application Submitted","Lender"
"2024","San Francisco-Oakland-Berkeley, CA","06","061","061011","FHA-Insured","1-4 Family Home","American Indian or Alaska Native","Asian","Male","Approved","Refinance","$243,000","0.65","4.46","1.45","No","$17,000","$0","$0","0","$0","15","0","0","0","0","0","0","$425,000","Site Built Single-Family Home","Occupied","Manufactured Home Secured by Real Property","0","0","$85,000","0.30","FICO","FICO","American Indian or Alaska Native","Asian","American Indian or Alaska Native","Asian","Male","Male","Male","Male","47","47","0","0","Application Submitted","Lender"
"2024","San Francisco-Oakland-Berkeley, CA","06","061","061011","Conventional","1-4 Family Home","Black or African American","White","Female","Approved","Purchase","$203,000","0.69","4.54","1.45","No","$15,000","$0","$0","0","$0","15","0","0","0","0","0","0","$395,000","Site Built Single-Family Home","Occupied","Manufactured Home Secured by Real Property","0","0","$75,000","0.35","FICO","FICO","Black or African American","White","Black or African American","White","Female","Female","Female","Female","48","48","0","0","Application Submitted","Lender"
"2024","San Francisco-Oakland-Berkeley, CA","06","061","061011","FHA-Insured","1-4 Family Home","Hispanic or Latino","American Indian or Alaska Native","Male","Approved","Refinance","$253,000","0.65","4.46","1.45","No","$17,500","$0","$0","0","$0","15","0","0","0","0","0","0","$445,000","Site Built Single-Family Home","Occupied","Manufactured Home Secured by Real Property","0","0","$85,000","0.30","FICO","FICO","Hispanic or Latino","American Indian or Alaska Native","Hispanic or Latino","American Indian or Alaska Native","Male","Male","Male","Male","49","49","0","0","Application Submitted","Lender"
"2024","San Francisco-Oakland-Berkeley, CA","06","061","061011","Conventional","1-4 Family Home","White","Asian","Female","Approved","Purchase","$173,000","0.71","4.58","1.45","No","$13,000","$0","$0","0","$0","15","0","0","0","0","0","0","$375,000","Site Built Single-Family Home","Occupied","Manufactured Home Secured by Real Property","0","0","$70,000","0.35","FICO","FICO","White","Asian","White","Asian","Female","Female","Female","Female","50","50","0","0","Application Submitted","Lender"

"2024","New York-Newark-Jersey City, NY-NJ-PA","34","061","143","Conventional","Single Family Home Owner Occupied","Hispanic or Latino","Asian","Originated","Purchase","149900","80","4.375","0.00","No","15300","1500","1200","0","0","30","120","0","1","0","0","150000","Site Built Single Family Home","Occupied","1","0","1","0","0","0","0","1","1","0","2","White","Other","Asian","Male","Female","25","28","0","0","Application"
"2024","Los Angeles-Long Beach-Anaheim, CA","06","037","181","FHA","Single Family Home Owner Occupied","White","White","Originated","Purchase","219900","85","3.625","0.00","No","21400","2200","1800","0","0","60","120","0","1","0","0","220000","Site Built Single Family Home","Occupied","1","0","1","0","1","0","0","1","1","0","3","White","White","White","Male","","","35","30","1","0","Application"
"2024","Dallas-Fort Worth-Arlington, TX","48","061","135","VA","Manufactured Home Owner Occupied","Black or African American","Native Hawaiian or Other Pacific Islander","Originated","Purchase","139900","75","3.875","0.00","No","12900","1200","1000","0","0","15","90","0","1","0","0","140000","Manufactured Home","Occupied","1","1","0","0","0","0","0","1","0","0","1","Hispanic or Latino","Asian","Black or African American","Male","Female","45","38","0","0","Application"
"2024","Houston-The Woodlands, TX","48","061","031","Conventional","Single Family Home Owner Occupied","Asian","White","Originated","Purchase","169900","80","4.25","0.00","No","15900","1500","1200","0","0","30","120","0","1","0","0","170000","Site Built Single Family Home","Occupied","1","0","1","0","1","0","0","1","1","0","2","White","White","White","Male","Female","25","28","0","0","Application"
"2024","Washington-Arlington-Alexandria, DC-VA-MD","24","023","041","FHA","Manufactured Home Owner Occupied","Hispanic or Latino","White","Originated","Purchase","139900","75","3.875","0.00","No","12900","1200","1000","0","0","15","90","0","1","0","0","140000","Manufactured Home","Occupied","1","1","0","0","0","0","0","1","0","0","1","White","White","Asian","Male","Female","45","38","0","0","Application"
"2024","Chicago-Naperville-Elgin, IL-IN-WI","17","031","115","VA","Single Family Home Owner Occupied","White","Native Hawaiian or Other Pacific Islander","Originated","Purchase","199900","85","3.625","0.00","No","18900","2000","1600","0","0","60","120","0","1","0","0","200000","Site Built Single Family Home","Occupied","1","0","1","0","1","0","0","1","1","0","3","White","White","White","Male","","","35","30","1","0","Application"
"2024","Philadelphia-Camden-Wilmington, PA-NJ-DE-MD","34","061","043","Conventional","Manufactured Home Owner Occupied","Black or African American","Asian","Originated","Purchase","129900","70","4.0","0.00","No","11900","1100","900","0","0","15","90","0","1","0","0","130000","Manufactured Home","Occupied","1","1","0","0","0","0","0","1","0","0","1","Hispanic or Latino","White","Black or African American","Male","Female","45","38","0","0","Application"
"2024","Atlanta-Sandy Springs-Roswell, GA","12","027","043","FHA","Single Family Home Owner Occupied","White","White","Originated","Purchase","179900","80","4.25","0.00","No","16900","1600","1300","0","0","30","120","0","1","0","0","180000","Site Built Single Family Home","Occupied","1","0","1","0","1","0","0","1","1","0","2","White","White","White","Male","Female","25","28","0","0","Application"
"2024","Phoenix-Mesa-Scottsdale, AZ","04","003","013","Conventional","Manufactured Home Owner Occupied","Hispanic or Latino","Native Hawaiian or Other Pacific Islander","Originated","Purchase","149900","75","4.0","0.00","No","13900","1300","1000","0","0","15","90","0","1","0","0","150000","Manufactured Home","Occupied","1","1","0","0","0","0","0","1","0","0","1","White","White","Asian","Male","Female","45","38","0","0","Application"
"2024","San Francisco-Oakland-Berkeley, CA","06","037","181","FHA","Single Family Home Owner Occupied","Asian","White","Originated","Purchase","259900","90","3.625","0.00","No","24900","2400","2000","0","0","60","120","0","1","0","0","260000","Site Built Single Family Home","Occupied","1","0","1","0","1","0","0","1","1","0","3","White","White","White","Male","","","35","30","1","0","Application"
"2024","Austin-Round Rock, TX","48","061","033","Conventional","Manufactured Home Owner Occupied","Black or African American","Asian","Originated","Purchase","139900","70","4.0","0.00","No","12900","1200","1000","0","0","15","90","0","1","0","0","140000","Manufactured Home","Occupied","1","1","0","0","0","0","0","1","0","0","1","Hispanic or Latino","White","Black or African American","Male","Female","45","38","0","0","Application"
"2024","Portland-Vancouver-Hillsboro, OR-WA","41","041","031","FHA","Single Family Home Owner Occupied","Asian","Native Hawaiian or Other Pacific Islander","Originated","Purchase","229900","85","3.625","0.00","No","21900","2200","1800","0","0","60","120","0","1","0","0","230000","Site Built Single Family Home","Occupied","1","0","1","0","1","0","0","1","1","0","3","White","White","White","Male","","","35","30","1","0","Application"
"2024","Charlotte-Concord-Gastonia, NC-SC","37","051","043","Conventional","Manufactured Home Owner Occupied","White","White","Originated","Purchase","139900","70","4.0","0.00","No","12900","1200","1000","0","0","15","90","0","1","0","0","140000","Manufactured Home","Occupied","1","1","0","0","0","0","0","1","0","0","1","White","White","Asian","Male","Female","45","38","0","0","Application"
"2024","Denver-Aurora-Lakewood, CO","08","081","021","VA","Single Family Home Owner Occupied","Hispanic or Latino","Native Hawaiian or Other Pacific Islander","Originated","Purchase","199900","85","3.625","0.00","No","18900","2000","1600","0","0","60","120","0","1","0","0","200000","Site Built Single Family Home","Occupied","1","0","1","0","1","0","0","1","1","0","3","White","White","White","Male","","","35","30","1","0","Application"
"2024","Seattle-Tacoma-Bellevue, WA","53","051","021","FHA","Manufactured Home Owner Occupied","Asian","Asian","Originated","Purchase","179900","80","4.25","0.00","No","16900","1600","1300","0","0","30","120","0","1","0","0","180000","Manufactured Home","Occupied","1","1","0","0","0","0","0","1","0","0","1","White","White","Asian","Male","Female","45","38","0","0","Application"
"2024","Nashville-Davidson--Murfreesboro--Franklin, TN","24","023","021","Conventional","Single Family Home Owner Occupied","Black or African American","White","Originated","Purchase","149900","75","4.0","0.00","No","13900","1300","1000","0","0","15","90","0","1","0","0","150000","Site Built Single Family Home","Occupied","1","0","1","0","1","0","0","1","1","0","2","White","White","White","Male","Female","25","28","0","0","Application"
"2024","Orlando-Kissimmee-Sanford, FL","12","025","043","VA","Manufactured Home Owner Occupied","Hispanic or Latino","Native Hawaiian or Other Pacific Islander","Originated","Purchase","139900","70","4.0","0.00","No","12900","1200","1000","0","0","15","90","0","1","0","0","140000","Manufactured Home","Occupied","1","1","0","0","0","0","0","1","0","0","1","White","White","Asian","Male","Female","45","38","0","0","Application"
"2024","San Jose-Sunnyvale-Santa Clara, CA","06","037","181","Conventional","Single Family Home Owner Occupied","White","White","Originated","Purchase","289900","90","3.625","0.00","No","27900","2800","2300","0","0","60","120","0","1","0","0","290000","Site Built Single Family Home","Occupied","1","0","1","0","1","0","0","1","1","0","3","White","White","White","Male","","","35","30","1","0","Application"
"2024","Baltimore-Columbia-Towson, MD","24","023","041","FHA","Manufactured Home Owner Occupied","Asian","Asian","Originated","Purchase","149900","75","4.0","0.00","No","13900","1300","1000","0","0","15","90","0","1","0","0","150000","Manufactured Home","Occupied","1","1","0","0","0","0","0","1","0","0","1","White","White","Asian","Male","Female","45","38","0","0","Application"
"2024","St. Louis, MO-IL","29","051","035","Conventional","Single Family Home Owner Occupied","Hispanic or Latino","Native Hawaiian or Other Pacific Islander","Originated","Purchase","159900","80","4.25","0.00","No","14900","1500","1200","0","0","30","120","0","1","0","0","160000","Site Built Single Family Home","Occupied","1","0","1","0","1","0","0","1","1","0","2","White","White","White","Male","Female","25","28","0","0","Application"
"2024","Columbus, OH","39","051","031","VA","Manufactured Home Owner Occupied","Black or African American","Asian","Originated","Purchase","139900","70","4.0","0.00","No","12900","1200","1000","0","0","15","90","0","1","0","0","140000","Manufactured Home","Occupied","1","1","0","0","0","0","0","1","0","0","1","White","White","Asian","Male","Female","45","38","0","0","Application"
"2024","Fort Worth-Arlington, TX","48","061","135","Conventional","Single Family Home Owner Occupied","Asian","White","Originated","Purchase","189900","85","3.625","0.00","No","17900","1800","1500","0","0","60","120","0","1","0","0","190000","Site Built Single Family Home","Occupied","1","0","1","0","1","0","0","1","1","0","3","White","White","White","Male","Female","35","30","1","0","Application"
"2024","Kansas City, MO-KS","29","051","035","FHA","Manufactured Home Owner Occupied","Hispanic or Latino","Native Hawaiian or Other Pacific Islander","Originated","Purchase","149900","75","4.0","0.00","No","13900","1300","1000","0","0","15","90","0","1","0","0","150000","Manufactured Home","Occupied","1","1","0","0","0","0","0","1","0","0","1","White","White","Asian","Male","Female","45","38","0","0","Application"
"2024","Oklahoma City, OK","74","061","033","Conventional","Single Family Home Owner Occupied","White","White","Originated","Purchase","139900","70","4.0","0.00","No","12900","1200","1000","0","0","15","90","0","1","0","0","140000","Site Built Single Family Home","Occupied","1","0","1","0","1","0","0","1","1","0","2","White","White","White","Male","Female","25","28","0","0","Application"
"2024","Milwaukee-Waukesha-West Allis, WI","55","031","115","VA","Manufactured Home Owner Occupied","Black or African American","Asian","Originated","Purchase","139900","70","4.0","0.00","No","12900","1200","1000","0","0","15","90","0","1","0","0","140000","Manufactured Home","Occupied","1","1","0","0","0","0","0","1","0","0","1","White","White","Asian","Male","Female","45","38","0","0","Application"
"2024","Virginia Beach-Norfolk, VA-NC","51","051","033","Conventional","Single Family Home Owner Occupied","Asian","Native Hawaiian or Other Pacific Islander","Originated","Purchase","209900","85","3.625","0.00","No","19900","2000","1600","0","0","60","120","0","1","0","0","210000","Site Built Single Family Home","Occupied","1","0","1","0","1","0","0","1","1","0","3","White","White","White","Male","","","35","30","1","0","Application"
"2024","Cleveland, OH","39","051","031","FHA","Manufactured Home Owner Occupied","Hispanic or Latino","Native Hawaiian or Other Pacific Islander","Originated","Purchase","139900","75","4.0","0.00","No","12900","1200","1000","0","0","15","90","0","1","0","0","140000","Manufactured Home","Occupied","1","1","0","0","0","0","0","1","0","0","1","White","White","Asian","Male","Female","45","38","0","0","Application"
"2024","Raleigh-Durham-Chapel Hill, NC","37","051","043","Conventional","Single Family Home Owner Occupied","Black or African American","Asian","Originated","Purchase","189900","85","3.625","0.00","No","17900","1800","1500","0","0","60","120","0","1","0","0","190000","Site Built Single Family Home","Occupied","1","0","1","0","1","0","0","1","1","0","3","White","White","White","Male","Female","35","30","1","0","Application"
"2024","Indianapolis-Carmel-Anderson, IN","18","031","115","VA","Manufactured Home Owner Occupied","Hispanic or Latino","Native Hawaiian or Other Pacific Islander","Originated","Purchase","139900","70","4.0","0.00","No","12900","1200","1000","0","0","15","90","0","1","0","0","140000","Manufactured Home","Occupied","1","1","0","0","0","0","0","1","0","0","1","White","White","Asian","Male","Female","45","38","0","0","Application"
"2024","Minneapolis-St. Paul-Bloomington, MN-WI","27","031","115","FHA","Single Family Home Owner Occupied","Black or African American","White","Originated","Purchase","199900","85","3.625","0.00","No","18900","2000","1600","0","0","60","120","0","1","0","0","200000","Site Built Single Family Home","Occupied","1","0","1","0","1","0","0","1","1","0","3","White","White","White","Male","","","35","30","1","0","Application"
"2024","Tampa-St. Petersburg-Clearwater, FL","12","025","043","Conventional","Manufactured Home Owner Occupied","Asian","Asian","Originated","Purchase","149900","75","4.0","0.00","No","13900","1300","1000","0","0","15","90","0","1","0","0","150000","Manufactured Home","Occupied","1","1","0","0","0","0","0","1","0","0","1","White","White","Asian","Male","Female","45","38","0","0","Application"
"2024","Cincinnati, OH-KY-IN","39","051","035","VA","Single Family Home Owner Occupied","Hispanic or Latino","Native Hawaiian or Other Pacific Islander","Originated","Purchase","159900","80","4.25","0.00","No","14900","1500","1200","0","0","30","120","0","1","0","0","160000","Site Built Single Family Home","Occupied","1","0","1","0","1","0","0","1","1","0","2","White","White","White","Male","Female","25","28","0","0","Application"
"2024","Portland-Vancouver-Hillsboro, OR-WA","41","041","031","Conventional","Manufactured Home Owner Occupied","Black or African American","Native Hawaiian or Other Pacific Islander","Originated","Purchase","169900","80","4.0","0.00","No","15900","1600","1300","0","0","30","120","0","1","0","0","170000","Manufactured Home","Occupied","1","1","0","0","0","0","0","1","0","0","1","White","White","Asian","Male","Female","45","38","0","0","Application"
"2024","Boston-Cambridge-Nashua, MA-NH","25","023","041","FHA","Single Family Home Owner Occupied","Asian","White","Originated","Purchase","249900","90","3.625","0.00","No","23900","2400","2000","0","0","60","120","0","1","0","0","250000","Site Built Single Family Home","Occupied","1","0","1","0","1","0","0","1","1","0","3","White","White","White","Male","","","35","30","1","0","Application"
activity_year,derived_msa-md,state_code,county_code,census_tract,derived_loan_product_type,derived_dwelling_category,derived_ethnicity,derived_race,derived_sex,action_taken,loan_purpose,loan_amount,loan_to_value_ratio,interest_rate,rate_spread,hoepa_status,total_loan_costs,total_points_and_fees,origination_charges,discount_points,lender_credits,loan_term,prepayment_penalty_term,intro_rate_period,negative_amortization,interest_only_payment,balloon_payment,other_nonamortizing_features,property_value,construction_method,occupancy_type,manufactured_home_secured_property_type,manufactured_home_land_property_interest,total_units,multifamily_affordable_units,income,debt_to_income_ratio,applicant_credit_score_type,co_applicant_credit_score_type,applicant_ethnicity-1,co_applicant_ethnicity-1,applicant_ethnicity_observed,co_applicant_ethnicity_observed,applicant_race-1,co_applicant_race-1,applicant_race_observed,co_applicant_race_observed,applicant_sex,co_applicant_sex,applicant_sex_observed,co_applicant_sex_observed,applicant_age,co_applicant_age,applicant_age_above_62,co_applicant_age_above_62,submission_of_application,initially_payable_to_institution
2024,Denver-Aurora-Lakewood,08,031,503,Full Document,1-4 Family,Owner,Hispanic or Latino,White,MALE,Originated,Refinancing,420000,0.8,6.2,NO,48450,0,0,0,0,0,0,0,0,0,2,1,1,1,Male,Male,Male,Male,45,45,0,0,Application received from applicant,Home Loan Servicing
2024,Sebastian-Vero Beach,12,027,501,Full Document,1-4 Family,Owner,Non Hispanic or Latino,Black or African American,MALE,Originated,Home Purchase,350000,0.7,7.1,YES,43000,0,0,0,0,0,0,0,0,0,2,1,1,1,Male,Male,Male,Male,38,38,0,0,Application received from applicant,Home Loan Servicing
2024,Memphis,17,061,503,Full Document,1-4 Family,Owner,Non Hispanic or Latino,Black or African American,MALE,Originated,Home Purchase,230000,0.9,5.9,YES,28000,0,0,0,0,0,0,0,0,0,2,1,1,1,Male,Male,Male,Male,35,35,0,0,Application received from applicant,Home Loan Servicing
2024,Spokane-Spokane Valley,53,031,501,Full Document,1-4 Family,Renter,Hispanic or Latino,White,MALE,Originated,Home Purchase,240000,0.8,6.1,YES,30000,0,0,0,0,0,0,0,0,0,1,1,1,1,Male,Male,Male,Male,40,40,0,0,Application received from applicant,Home Loan Servicing
2024,Modesto,06,019,501,Full Document,1-4 Family,Owner,Non Hispanic or Latino,Black or African American,MALE,Originated,Refinancing,270000,0.7,7.2,YES,38000,0,0,0,0,0,0,0,0,0,2,1,1,1,Male,Male,Male,Male,42,42,0,0,Application received from applicant,Home Loan Servicing
2024,Yakima,53,051,501,Full Document,1-4 Family,Owner,Non Hispanic or Latino,Asian,MALE,Originated,Home Purchase,320000,0.9,5.8,NO,42000,0,0,0,0,0,0,0,0,0,2,1,1,1,Male,Male,Male,Male,48,48,0,0,Application received from applicant,Home Loan Servicing
2024,Fresno,06,007,501,Full Document,1-4 Family,Owner,Non Hispanic or Latino,Black or African American,MALE,Originated,Home Purchase,220000,0.8,6.0,YES,29000,0,0,0,0,0,0,0,0,0,1,1,1,1,Male,Male,Male,Male,36,36,0,0,Application received from applicant,Home Loan Servicing
2024,Chicago-Naperville-Elgin,17,059,501,Full Document,1-4 Family,Owner,Non Hispanic or Latino,Black or African American,MALE,Originated,Home Purchase,350000,0.7,7.0,YES,41000,0,0,0,0,0,0,0,0,0,2,1,1,1,Male,Male,Male,Male,41,41,0,0,Application received from applicant,Home Loan Servicing
2024,Orlando-Kissimmee-Sanford,12,027,501,Full Document,1-4 Family,Owner,Hispanic or Latino,White,MALE,Originated,Home Purchase,380000,0.9,5.9,YES,50000,0,0,0,0,0,0,0,0,0,2,1,1,1,Male,Male,Male,Male,46,46,0,0,Application received from applicant,Home Loan Servicing
2024,Colorado Springs,08,019,501,Full Document,1-4 Family,Owner,Non Hispanic or Latino,Black or African American,MALE,Originated,Home Purchase,290000,0.7,7.1,YES,35000,0,0,0,0,0,0,0,0,0,1,1,1,1,Male,Male,Male,Male,39,39,0,0,Application received from applicant,Home Loan Servicing
2024,Los Angeles-Long Beach-Anaheim,06,031,501,Full Document,1-4 Family,Owner,Non Hispanic or Latino,Black or African American,MALE,Originated,Home Purchase,240000,0.8,6.0,YES,31000,0,0,0,0,0,0,0,0,0,2,1,1,1,Male,Male,Male,Male,43,43,0,0,Application received from applicant,Home Loan Servicing
2024,New York-Newark-Jersey City,34,059,501,Full Document,1-4 Family,Owner,Non Hispanic or Latino,Black or African American,MALE,Originated,Home Purchase,360000,0.9,5.8,YES,45000,0,0,0,0,0,0,0,0,0,2,1,1,1,Male,Male,Male,Male,49,49,0,0,Application received from applicant,Home Loan Servicing
2024,Phoenix-Mesa-Scottsdale,04,039,501,Full Document,1-4 Family,Owner,Non Hispanic or Latino,Black or African American,MALE,Originated,Home Purchase,260000,0.8,6.1,YES,33000,0,0,0,0,0,0,0,0,0,2,1,1,1,Male,Male,Male,Male,44,44,0,0,Application received from applicant,Home Loan Servicing
2024,Cincinnati,35,039,501,Full Document,1-4 Family,Owner,Non Hispanic or Latino,Black or African American,MALE,Originated,Home Purchase,200000,0.7,7.0,YES,26000,0,0,0,0,0,0,0,0,0,2,1,1,1,Male,Male,Male,Male,37,37,0,0,Application received from applicant,Home Loan Servicing
2024,San Francisco-Oakland-Berkeley,06,031,501,Full Document,1-4 Family,Owner,Non Hispanic or Latino,Black or African American,MALE,Originated,Home Purchase,320000,0.9,5.7,YES,42000,0,0,0,0,0,0,0,0,0,1,1,1,1,Male,Male,Male,Male,32,32,0,0,Application received from applicant,Home Loan Servicing
2024,Seattle-Tacoma-Bellevue,18,031,501,Full Document,1-4 Family,Owner,Non Hispanic or Latino,Black or African American,MALE,Originated,Home Purchase,380000,0.8,6.0,YES,48000,0,0,0,0,0,0,0,0,0,2,1,1,1,Male,Male,Male,Male,47,47,0,0,Application received from applicant,Home Loan Servicing
2024,Indianapolis-Carmel-Anderson,35,031,501,Full Document,1-4 Family,Owner,Non Hispanic or Latino,Black or African American,MALE,Originated,Home Purchase,220000,0.7,7.0,YES,29000,0,0,0,0,0,0,0,0,0,2,1,1,1,Male,Male,Male,Male,33,33,0,0,Application received from applicant,Home Loan Servicing
2024,Jacksonville,12,061,501,Full Document,1-4 Family,Owner,Hispanic or Latino,White,MALE,Originated,Home Purchase,300000,0.9,5.9,YES,38000,0,0,0,0,0,0,0,0,0,2,1,1,1,Male,Male,Male,Male,41,41,0,0,Application received from applicant,Home Loan Servicing
2024,Portland-Vancouver-Hillsboro,18,031,501,Full Document,1-4 Family,Owner,Non Hispanic or Latino,Asian,MALE,Originated,Home Purchase,280000,0.8,6.1,YES,35000,0,0,0,0,0,0,0,0,0,1,1,1,1,Male,Male,Male,Male,38,38,0,0,Application received from applicant,Home Loan Servicing
2024,St. Louis,17,059,501,Full Document,1-4 Family,Owner,Non Hispanic or Latino,Black or African American,MALE,Originated,Home Purchase,190000,0.7,7.0,YES,24000,0,0,0,0,0,0,0,0,0,2,1,1,1,Male,Male,Male,Male,35,35,0,0,Application received from applicant,Home Loan Servicing
2024,Boston-Cambridge-Nashua,34,059,501,Full Document,1-4 Family,Owner,Non Hispanic or Latino,Black or African American,MALE,Originated,Home Purchase,250000,0.8,6.0,YES,31000,0,0,0,0,0,0,0,0,0,2,1,1,1,Male,Male,Male,Male,42,42,0,0,Application received from applicant,Home Loan Servicing
2024,Philadelphia,34,031,501,Full Document,1-4 Family,Owner,Non Hispanic or Latino,Black or African American,MALE,Originated,Home Purchase,340000,0.9,5.8,YES,44000,0,0,0,0,0,0,0,0,0,1,1,1,1,Male,Male,Male,Male,48,48,0,0,Application received from applicant,Home Loan Servicing
2024,Houston-The Woodlands-Sugar Land,44,031,501,Full Document,1-4 Family,Owner,Non Hispanic or Latino,Black or African American,MALE,Originated,Home Purchase,380000,0.7,7.0,YES,48000,0,0,0,0,0,0,0,0,0,2,1,1,1,Male,Male,Male,Male,45,45,0,0,Application received from applicant,Home Loan Servicing
2024,Dallas-Fort Worth-Arlington,44,031,501,Full Document,1-4 Family,Owner,Non Hispanic or Latino,Black or African American,MALE,Originated,Home Purchase,230000,0.8,6.0,YES,29000,0,0,0,0,0,0,0,0,0,2,1,1,1,Male,Male,Male,Male,39,39,0,0,Application received from applicant,Home Loan Servicing
2024,San Diego,06,031,501,Full Document,1-4 Family,Owner,Non Hispanic or Latino,Black or African American,MALE,Originated,Home Purchase,380000,0.9,5.8,YES,49000,0,0,0,0,0,0,0,0,0,1,1,1,1,Male,Male,Male,Male,50,50,0,0,Application received from applicant,Home Loan Servicing
2024,Milwaukee-Waukesha-West Allis,35,031,501,Full Document,1-4 Family,Owner,Non Hispanic or Latino,Black or African American,MALE,Originated,Home Purchase,200000,0.8,6.0,YES,26000,0,0,0,0,0,0,0,0,0,2,1,1,1,Male,Male,Male,Male,36,36,0,0,Application received from applicant,Home Loan Servicing
2024,Oakland-Hayward-Berkeley,06,031,501,Full Document,1-4 Family,Owner,Non Hispanic or Latino,Black or African American,MALE,Originated,Home Purchase,220000,0.7,7.0,YES,28000,0,0,0,0,0,0,0,0,0,2,1,1,1,Male,Male,Male,Male,40,40,0,0,Application received from applicant,Home Loan Servicing
2024,Minneapolis-St. Paul-Bloomington,18,031,501,Full Document,1-4 Family,Owner,Non Hispanic or Latino,Black or African American,MALE,Originated,Home Purchase,310000,0.9,5.7,YES,41000,0,0,0,0,0,0,0,0,0,2,1,1,1,Male,Male,Male,Male,46,46,0,0,Application received from applicant,Home Loan Servicing
2024,Baltimore-Columbia-Towson,24,031,501,Full Document,1-4 Family,Owner,Non Hispanic or Latino,Black or African American,MALE,Originated,Home Purchase,270000,0.8,6.0,YES,34000,0,0,0,0,0,0,0,0,0,1,1,1,1,Male,Male,Male,Male,42,42,0,0,Application received from applicant,Home Loan Servicing
2024,Wichita,18,061,501,Full Document,1-4 Family,Owner,Non Hispanic or Latino,Black or African American,MALE,Originated,Home Purchase,200000,0.7,7.0,YES,25000,0,0,0,0,0,0,0,0,0,2,1,1,1,Male,Male,Male,Male,34,34,0,0,Application received from applicant,Home Loan Servicing
2024,St. Paul,18,031,501,Full Document,1-4 Family,Owner,Non Hispanic or Latino,Asian,MALE,Originated,Home Purchase,280000,0.9,5.8,YES,35000,0,0,0,0,0,0,0,0,0,2,1,1,1,Male,Male,Male,Male,48,48,0,0,Application received from applicant,Home Loan Servicing
2024,Washington-Arlington-Alexandria,24,031,501,Full Document,1-4 Family,Owner,Non Hispanic or Latino,Black or African American,MALE,Originated,Home Purchase,320000,0.8,6.0,YES,42000,0,0,0,0,0,0,0,0,0,2,1,1,1,Male,Male,Male,Male,45,45,0,0,Application received from applicant,Home Loan Servicing
2024,Charlotte-Concord-Gastonia,31,031,501,Full Document,1-4 Family,Owner,Non Hispanic or Latino,Black or African American,MALE,Originated,Home Purchase,240000,0.9,5.9,YES,30000,0,0,0,0,0,0,0,0,0,1,1,1,1,Male,Male,Male,Male,38,38,0,0,Application received from applicant,Home Loan Servicing
2024,Pittsburgh,35,031,501,Full Document,1-4 Family,Owner,Non Hispanic or Latino,Black or African American,MALE,Originated,Home Purchase,190000,0.7,7.0,YES,24000,0,0,0,0,0,0,0,0,0,2,1,1,1,Male,Male,Male,Male,35,35,0,0,Application received from applicant,Home Loan Servicing
2024,Indianapolis-Carmel-Anderson,35,031,501,Full Document,1-4 Family,Owner,Non Hispanic or Latino,Black or African American,MALE,Originated,Home Purchase,250000,0.9,5.8,YES,32000,0,0,0,0,0,0,0,0,0,2,1,1,1,Male,Male,Male,Male,43,43,0,0,Application received from applicant,Home Loan Servicing
2024,Portland-Vancouver-Hillsboro,18,031,501,Full Document,1-4 Family,Owner,Non Hispanic or Latino,Asian,MALE,Originated,Home Purchase,290000,0.8,6.0,YES,37000,0,0,0,0,0,0,0,0,0,1,1,1,1,Male,Male,Male,Male,39,39,0,0,Application received from applicant,Home Loan Servicing
2024,New Orleans-Metairie,22,061,501,Full Document,1-4 Family,Owner,Non Hispanic or Latino,Black or African American,MALE,Originated,Home Purchase,260000,0.7,7.0,YES,31000,0,0,0,0,0,0,0,0,0,2,1,1,1,Male,Male,Male,Male,41,41,0,0,Application received from applicant,Home Loan Servicing
2024,Los Angeles-Long Beach-Anaheim,06,031,501,Full Document,1-4 Family,Owner,Non Hispanic or Latino,Black or African American,MALE,Originated,Home Purchase,380000,0.9,5.8,YES,48000,0,0,0,0,0,0,0,0,0,2,1,1,1,Male,Male,Male,Male,49,49,0,0,Application received from applicant,Home Loan Servicing
2024,West Palm Beach-Boca Raton-Delray Beach,12,027,501,Full Document,1-4 Family,Owner,Non Hispanic or Latino,Black or African American,MALE,Originated,Home Purchase,300000,0.8,6.0,YES,38000,0,0,0,0,0,0,0,0,0,1,1,1,1,Male,Male,Male,Male,42,42,0,0,Application received from applicant,Home Loan Servicing
2024,Birmingham-Hoover,15,031,501,Full Document,1-4 Family,Owner,Non Hispanic or Latino,Black or African American,MALE,Originated,Home Purchase,180000,0.7,7.0,YES,23000,0,0,0,0,0,0,0,0,0,2,1,1,1,Male,Male,Male,Male,36,36,0,0,Application received from applicant,Home Loan Servicing
2024,Seattle-Tacoma-Bellevue,18,031,501,Full Document,1-4 Family,Owner,Non Hispanic or Latino,Black or African American,MALE,Originated,Home Purchase,340000,0.9,5.8,YES,44000,0,0,0,0,0,0,0,0,0,2,1,1,1,Male,Male,Male,Male,46,46,0,0,Application received from applicant,Home Loan Servicing
2024,Raleigh-Durham-Chapel Hill,31,031,501,Full Document,1-4 Family,Owner,Non Hispanic or Latino,Black or African American,MALE,Originated,Home Purchase,260000,0.7,7.0,YES,33000,0,0,0,0,0,0,0,0,0,2,1,1,1,Male,Male,Male,Male,40,40,0,0,Application received from applicant,Home Loan Servicing
2024,Columbus,35,031,501,Full Document,1-4 Family,Owner,Non Hispanic or Latino,Black or African American,MALE,Originated,Home Purchase,190000,0.8,6.0,YES,24000,0,0,0,0,0,0,0,0,0,2,1,1,1,Male,Male,Male,Male,35,35,0,0,Application received from applicant,Home Loan Servicing
"2024","Kansas City, MO-KS, MO-KS Metropolitan Division","29","029","4903900","Construction/Permanent","Owner Occupied","Hispanic","White","Male","Approved","Purchase","145000","80","4.875","1.875","NO","22500","2250","0","0","0","15","0","0","0","0","0","0","0","0","0","0","0","1","0","0","0","0","1","0","32","15","0","0","0","0","0","0","0","1","1234567890"
"2024","Detroit-Warren-Dearborn, MI Metropolitan Division","26","026","5108900","Conventional","New Construction","White","White","Female","Denied","Refinance","180000","85","4.5","0","NO","27000","2700","0","0","0","10","0","0","0","0","0","0","0","1","Single Family","Manufactured Home","0","0","0","0","0","1","0","0","0","0","0","0","0","0","0","0","0","0","0","1234567890"
"2024","Los Angeles-Long Beach-Anaheim, CA Metropolitan Division","06","006","0603900","FHA","Current Occupancy","Asian","White","Male","Approved","Purchase","200000","90","4.25","1.25","YES","30000","0","0","0","0","0","15","0","0","0","0","0","0","0","0","0","0","0","0","0","0","0","1","0","0","0","0","0","0","0","0","1","1234567890"
"2024","Chicago-Naperville-Elgin, IL-IN-WI Metropolitan Division","17","017","1705900","VA","New Construction","Black or African American","White","Female","Approved","Refinance","220000","75","4","0","NO","32000","3200","0","0","0","0","0","0","0","0","0","0","1","Single Family","Manufactured Home","0","0","0","0","0","1","0","0","0","0","0","0","0","0","0","0","0","0","0","1234567890"
"2024","New York-Newark-Jersey City, NY-NJ-PA Metropolitan Division","35","035","3608900","Jumbo","Owner Occupied","White","White","Male","Approved","Purchase","250000","80","4.75","1","NO","35000","3500","0","0","0","0","0","0","0","0","0","0","0","0","0","0","0","0","0","0","1","0","0","0","0","0","0","0","0","1","1234567890"
"2024","Houston-The Woodlands-Sugar Land, TX Metropolitan Division","48","048","4803900","Conventional","Current Occupancy","Hispanic","White","Female","Denied","Refinance","280000","85","4.5","0","NO","36000","3600","0","0","0","0","0","0","0","0","0","0","0","1","Single Family","Manufactured Home","0","0","0","0","0","1","0","0","0","0","0","0","0","0","0","0","0","0","0","1234567890"
"2024","Dallas-Fort Worth-Arlington, TX Metropolitan Division","47","047","4703900","FHA","New Construction","Black or African American","Black or African American","Male","Approved","Purchase","300000","95","4.25","2.5","YES","42000","0","0","0","0","0","15","0","0","0","0","0","0","0","0","0","0","0","0","0","0","0","1","0","0","0","0","0","0","0","1","1234567890"
"2024","Washington-Arlington-Alexandria, DC-VA-MD Metropolitan Division","51","051","5201900","Jumbo","Owner Occupied","White","White","Female","Approved","Purchase","320000","85","4.5","1.5","NO","48000","4800","0","0","0","0","0","0","0","0","0","0","0","0","0","0","0","0","0","0","0","1","0","0","0","0","0","0","0","0","1","1234567890"
"2024","Miami-Fort Lauderdale-West Palm Beach, FL Metropolitan Division","12","012","1203900","Conventional","New Construction","White","White","Male","Denied","Refinance","340000","90","4.75","1","NO","55000","5500","0","0","0","0","0","0","0","0","0","0","0","1","Single Family","Manufactured Home","0","0","0","0","0","1","0","0","0","0","0","0","0","0","0","0","0","0","0","1234567890"
"2024","Boston-Cambridge-Nashua, MA-NH Metropolitan Division","25","025","2518900","FHA","Current Occupancy","Asian","White","Female","Approved","Purchase","360000","95","4.25","2","YES","58000","0","0","0","0","0","15","0","0","0","0","0","0","0","0","0","0","0","0","0","0","0","1","0","0","0","0","0","0","0","1","1234567890"
"2024","San Francisco-Oakland-Berkeley, CA Metropolitan Division","08","008","0803900","Jumbo","New Construction","White","White","Male","Denied","Refinance","400000","85","4.5","1.5","NO","66000","6600","0","0","0","0","0","0","0","0","0","0","0","1","Single Family","Manufactured Home","0","0","0","0","0","1","0","0","0","0","0","0","0","0","0","0","0","0","0","1234567890"
"2024","Philadelphia-Camden-Wilmington, PA-NJ-DE-MD Metropolitan Division","35","035","3618900","Conventional","Current Occupancy","Hispanic","White","Female","Approved","Purchase","440000","90","4.75","2","NO","76000","7600","0","0","0","0","0","0","0","0","0","0","0","0","0","0","0","0","0","0","0","1","0","0","0","0","0","0","0","0","1","1234567890"
"2024","Atlanta-Sandy Springs-Roswell, GA Metropolitan Division","13","013","1303900","FHA","New Construction","Black or African American","Black or African American","Male","Denied","Refinance","480000","95","4.25","3","YES","86000","0","0","0","0","0","15","0","0","0","0","0","0","0","0","0","0","0","0","0","0","0","1","0","0","0","0","0","0","0","1","1234567890"
"2024","Riverside-San Bernardino-Ontario, CA Metropolitan Division","06","006","0605900","Jumbo","Owner Occupied","Asian","White","Female","Approved","Purchase","520000","85","4.5","2","NO","96000","9600","0","0","0","0","0","0","0","0","0","0","0","0","0","0","0","0","0","0","0","1","0","0","0","0","0","0","0","0","1","1234567890"
"2024","Phoenix-Mesa-Scottsdale, AZ Metropolitan Division","04","004","0403900","Conventional","Current Occupancy","White","White","Male","Denied","Refinance","580000","90","4.75","2.5","NO","106000","10600","0","0","0","0","0","0","0","0","0","0","0","0","0","0","0","0","0","0","0","1","0","0","0","0","0","0","0","0","1","1234567890"
"2024","San Jose-Sunnyvale-Santa Clara, CA Metropolitan Division","08","008","0808900","FHA","New Construction","Asian","White","Female","Approved","Purchase","640000","95","4.25","3","YES","124000","0","0","0","0","0","15","0","0","0","0","0","0","0","0","0","0","0","0","0","0","0","1","0","0","0","0","0","0","0","1","1234567890"
"2024","Seattle-Tacoma-Bellevue, WA Metropolitan Division","53","053","5303900","Jumbo","Owner Occupied","White","White","Male","Denied","Refinance","720000","85","4.5","2.5","NO","146000","14600","0","0","0","0","0","0","0","0","0","0","0","0","0","0","0","0","0","0","0","1","0","0","0","0","0","0","0","0","1","1234567890"
"2024","Minneapolis-St Paul-Bloomington, MN-WI Metropolitan Division","27","027","2703900","Conventional","Current Occupancy","Hispanic","White","Female","Approved","Purchase","800000","90","4.75","3","NO","172000","17200","0","0","0","0","0","0","0","0","0","0","0","0","0","0","0","0","0","0","0","1","0","0","0","0","0","0","0","0","1","1234567890"
"2024","Denver-Aurora-Lakewood, CO Metropolitan Division","08","008","0805900","Jumbo","New Construction","White","White","Male","Denied","Refinance","920000","95","4.25","4","YES","212000","0","0","0","0","0","15","0","0","0","0","0","0","0","0","0","0","0","0","0","0","0","1","0","0","0","0","0","0","0","1","1234567890"
"2024","Portland-Vancouver-Hillsboro, OR-WA Metropolitan Division","41","041","4103900","Conventional","Owner Occupied","Asian","White","Female","Approved","Purchase","1040000","85","4.5","4","NO","248000","24800","0","0","0","0","0","0","0","0","0","0","0","0","0","0","0","0","0","0","0","1","0","0","0","0","0","0","0","0","1","1234567890"
"2024","St. Louis, MO-IL Metropolitan Division","29","029","2903900","FHA","Current Occupancy","Hispanic","White","Male","Denied","Refinance","1180000","95","4.25","5","YES","292000","0","0","0","0","0","15","0","0","0","0","0","0","0","0","0","0","0","0","0","0","0","1","0","0","0","0","0","0","0","1","1234567890"
"2024","Raleigh-Durham-Chapel Hill, NC Metropolitan Division","37","037","3703900","Jumbo","Owner Occupied","White","White","Female","Approved","Purchase","1340000","90","4.5","5","NO","374000","37400","0","0","0","0","0","0","0","0","0","0","0","0","0","0","0","0","0","0","0","1","0","0","0","0","0","0","0","0","1","1234567890"
"2024","Baltimore-Columbia-Towson, MD Metropolitan Division","24","024","2403900","Conventional","New Construction","Asian","White","Male","Denied","Refinance","1460000","95","4.25","6","YES","438000","0","0","0","0","0","15","0","0","0","0","0","0","0","0","0","0","0","0","0","0","0","1","0","0","0","0","0","0","0","1","1234567890"
"2024","Austin-Round Rock, TX Metropolitan Division","48","048","4808900","FHA","Current Occupancy","Hispanic","White","Female","Approved","Purchase","1640000","90","4.75","7","NO","524000","52400","0","0","0","0","0","0","0","0","0","0","0","0","0","0","0","0","0","0","0","1","0","0","0","0","0","0","0","0","1","1234567890"
"2024","Columbus, OH Metropolitan Division","39","039","3903900","Conventional","New Construction","White","White","Male","Denied","Refinance","1840000","95","4.5","8","YES","638000","0","0","0","0","0","15","0","0","0","0","0","0","0","0","0","0","0","0","0","0","0","1","0","0","0","0","0","0","0","1","1234567890"
"2024","Indianapolis-Carmel-Anderson, IN Metropolitan Division","18","018","1803900","Jumbo","Owner Occupied","White","White","Female","Approved","Purchase","2160000","85","4.5","9","NO","796000","79600","0","0","0","0","0","0","0","0","0","0","0","0","0","0","0","0","0","0","0","1","0","0","0","0","0","0","0","0","1","1234567890"
"2024","Cincinnati, OH-KY-IN Metropolitan Division","39","039","3905900","Conventional","Current Occupancy","Hispanic","White","Male","Denied","Refinance","2440000","90","4.75","10","YES","956000","0","0","0","0","0","15","0","0","0","0","0","0","0","0","0","0","0","0","0","0","0","1","0","0","0","0","0","0","0","1","1234567890"
"2024","Nashville-Davidson--Murfreesboro--Franklin, TN Metropolitan Division","47","047","4708900","FHA","New Construction","Black or African American","Black or African American","Female","Approved","Purchase","2840000","95","4.25","11","YES","1142000","0","0","0","0","0","15","0","0","0","0","0","0","0","0","0","0","0","0","0","0","0","1","0","0","0","0","0","0","0","1","1234567890"
"2024","Kansas City, MO-KS, MO-KS Metropolitan Division","29","029","2908900","Jumbo","Owner Occupied","White","White","Male","Denied","Refinance","3180000","90","4.5","12","NO","1438000","0","0","0","0","0","15","0","0","0","0","0","0","0","0","0","0","0","0","0","0","0","1","0","0","0","0","0","0","0","1","1234567890"
"2024","Oklahoma City, OK Metropolitan Division","74","074","7403900","Conventional","Current Occupancy","Hispanic","White","Female","Approved","Purchase","3620000","95","4.75","13","NO","1716000","171600","0","0","0","0","0","0","0","0","0","0","0","0","0","0","0","0","0","0","0","1","0","0","0","0","0","0","0","0","1","1234567890"
"2024","Milwaukee-Waukesha-West Allis, WI Metropolitan Division","55","055","5503900","FHA","New Construction","Asian","White","Male","Denied","Refinance","4040000","90","4.25","14","YES","1960000","0","0","0","0","0","15","0","0","0","0","0","0","0","0","0","0","0","0","0","0","0","1","0","0","0","0","0","0","0","1","1234567890"
"2024","Pittsburgh, PA Metropolitan Division","41","041","4105900","Jumbo","Owner Occupied","White","White","Female","Approved","Purchase","4640000","85","4.5","15","NO","2331000","233100","0","0","0","0","0","0","0","0","0","0","0","0","0","0","0","0","0","0","0","1","0","0","0","0","0","0","0","0","1","1234567890"
"2024","Charlotte-Concord-Gastonia, NC-SC Metropolitan Division","37","037","3708900","Conventional","Current Occupancy","Hispanic","White","Male","Denied","Refinance","5240000","90","4.75","16","YES","2788000","0","0","0","0","0","15","0","0","0","0","0","0","0","0","0","0","0","0","0","0","0","1","0","0","0","0","0","0","0","1","1234567890"
"2024","Sacramento--Roseville--Arden-Arcade, CA Metropolitan Division","06","006","0608900","FHA","New Construction","Asian","White","Female","Approved","Purchase","6240000","95","4.25","17","YES","3074000","0","0","0","0","0","15","0","0","0","0","0","0","0","0","0","0","0","0","0","0","0","1","0","0","0","0","0","0","0","1","1234567890"
"2024","Portland-Vancouver-Hillsboro, OR-WA Metropolitan Division","41","041","4103900","Jumbo","Owner Occupied","White","White","Male","Denied","Refinance","7240000","85","4.5","18","NO","3622000","362200","0","0","0","0","0","0","0","0","0","0","0","0","0","0","0","0","0","0","0","1","0","0","0","0","0","0","0","0","1","1234567890"
"2024","Hartford-West Hartford-East Hartford, CT Metropolitan Division","01","001","0103900","Conventional","Current Occupancy","Hispanic","White","Female","Approved","Purchase","8240000","90","4.75","19","YES","4430000","443000","0","0","0","0","0","0","0","0","0","0","0","0","0","0","0","0","0","0","0","1","0","0","0","0","0","0","0","0","1","1234567890"
"2024","Birmingham-Hoover, AL Metropolitan Division","01","001","0108900","FHA","New Construction","Asian","White","Male","Denied","Refinance","9240000","95","4.25","20","YES","5353000","0","0","0","0","0","15","0","0","0","0","0","0","0","0","0","0","0","0","0","0","0","1","0","0","0","0","0","0","0","1","1234567890"
"2024","Orlando-Kissimmee-Sanford, FL Metropolitan Division","12","012","1208900","Jumbo","Owner Occupied","White","White","Female","Approved","Purchase","10240000","85","4.5","21","NO","6321000","632100","0","0","0","0","0","0","0","0","0","0","0","0","0","0","0","0","0","0","0","1","0","0","0","0","0","0","0","0","1","1234567890"
"2024","New York-Newark-Jersey City, NY-NJ-PA","NY","061","043","Conforming","Single-family home","Hispanic or Latino","White","Approved","Purchase","510000.0","0.738","5.750","0.000","0","Not provided","54300.0","0.0","0.0","0.0","0.0","360","30","0","0.0","0","0","0","0","1","1","1","1","1","0","0","0","29","25","1","0","Individual","0"
"2024","Los Angeles-Long Beach-Anaheim, CA","CA","031","065","Jumbo","Condominium","American Indian or Alaska Native","Asian","Approved","Refinance","630000.0","0.650","5.250","0.000","0","Not provided","96400.0","0.0","0.0","0.0","0.0","360","30","0","0.0","0","0","0","0","1","1","1","1","1","0","0","0","19","35","1","0","Individual","0"
"2024","Dallas-Fort Worth-Arlington, TX","TX","051","041","FHA","Single-family home","Black or African American","White","Approved","Purchase","340000.0","0.615","5.000","0.000","0","Not provided","37600.0","0.0","0.0","0.0","0.0","360","30","0","0.0","0","0","0","0","1","1","1","1","1","0","0","0","23","42","1","0","Individual","0"
"2024","Houston-The Woodlands-Sugar Land, TX","TX","061","021","VA","Townhouse","Hispanic or Latino","Asian","Approved","Purchase","480000.0","0.730","5.500","0.000","0","Not provided","53600.0","0.0","0.0","0.0","0.0","360","30","0","0.0","0","0","0","0","1","1","1","1","1","0","0","0","26","38","1","0","Individual","0"
"2024","Washington-Baltimore-Arlington, DC-MD-VA","MD","079","053","Conforming","Single-family home","White","White","Approved","Refinance","520000.0","0.695","5.250","0.000","0","Not provided","65400.0","0.0","0.0","0.0","0.0","360","30","0","0.0","0","0","0","0","1","1","1","1","1","0","0","0","31","45","1","0","Individual","0"
"2024","Chicago-Naperville-Elgin, IL-IN-WI","IL","119","161","FHA","Single-family home","Black or African American","White","Approved","Purchase","400000.0","0.660","5.000","0.000","0","Not provided","47200.0","0.0","0.0","0.0","0.0","360","30","0","0.0","0","0","0","0","1","1","1","1","1","0","0","0","22","39","1","0","Individual","0"
"2024","Philadelphia-Camden-Wilmington, PA-NJ-DE-MD","PA","061","034","Jumbo","Single-family home","Hispanic or Latino","Asian","Approved","Purchase","750000.0","0.780","5.750","0.000","0","Not provided","109400.0","0.0","0.0","0.0","0.0","360","30","0","0.0","0","0","0","0","1","1","1","1","1","0","0","0","28","41","1","0","Individual","0"
"2024","Phoenix-Mesa-Scottsdale, AZ","AZ","091","073","Conforming","Townhouse","American Indian or Alaska Native","Asian","Denied","Purchase","290000.0","0.570","4.750","0.000","0","Not provided","27200.0","0.0","0.0","0.0","0.0","360","30","0","0.0","0","0","0","0","1","1","1","1","1","0","0","0","25","34","1","0","Individual","0"
"2024","San Jose-Sunnyvale-Santa Clara, CA","CA","035","021","FHA","Single-family home","Black or African American","White","Approved","Refinance","380000.0","0.620","5.000","0.000","0","Not provided","40800.0","0.0","0.0","0.0","0.0","360","30","0","0.0","0","0","0","0","1","1","1","1","1","0","0","0","20","36","1","0","Individual","0"
"2024","St. Louis, MO-IL","MO","029","031","Jumbo","Condominium","Hispanic or Latino","Asian","Approved","Purchase","820000.0","0.800","5.750","0.000","0","Not provided","134400.0","0.0","0.0","0.0","0.0","360","30","0","0.0","0","0","0","0","1","1","1","1","1","0","0","0","29","40","1","0","Individual","0"
"2024","Cleveland-Elyria, OH","OH","061","031","VA","Townhouse","American Indian or Alaska Native","Asian","Approved","Purchase","520000.0","0.740","5.500","0.000","0","Not provided","55600.0","0.0","0.0","0.0","0.0","360","30","0","0.0","0","0","0","0","1","1","1","1","1","0","0","0","27","43","1","0","Individual","0"
"2024","San Diego-Chula Vista-Carlsbad, CA","CA","035","021","Conforming","Single-family home","Black or African American","White","Approved","Purchase","440000.0","0.680","5.250","0.000","0","Not provided","50320.0","0.0","0.0","0.0","0.0","360","30","0","0.0","0","0","0","0","1","1","1","1","1","0","0","0","32","46","1","0","Individual","0"
"2024","Kansas City, MO-KS","MO","029","031","FHA","Single-family home","Hispanic or Latino","Asian","Approved","Purchase","360000.0","0.600","5.000","0.000","0","Not provided","38000.0","0.0","0.0","0.0","0.0","360","30","0","0.0","0","0","0","0","1","1","1","1","1","0","0","0","21","37","1","0","Individual","0"
"2024","Detroit-Warren-Dearborn, MI","MI","061","021","Jumbo","Single-family home","White","White","Approved","Refinance","860000.0","0.810","5.750","0.000","0","Not provided","149400.0","0.0","0.0","0.0","0.0","360","30","0","0.0","0","0","0","0","1","1","1","1","1","0","0","0","30","44","1","0","Individual","0"
"2024","Oklahoma City, OK","OK","061","031","Conforming","Townhouse","Black or African American","Asian","Approved","Purchase","380000.0","0.640","5.250","0.000","0","Not provided","40600.0","0.0","0.0","0.0","0.0","360","30","0","0.0","0","0","0","0","1","1","1","1","1","0","0","0","24","41","1","0","Individual","0"
"2024","Milwaukee-Waukesha-West Allis, WI","WI","061","031","VA","Single-family home","American Indian or Alaska Native","Asian","Denied","Refinance","430000.0","0.670","5.500","0.000","0","Not provided","47520.0","0.0","0.0","0.0","0.0","360","30","0","0.0","0","0","0","0","1","1","1","1","1","0","0","0","26","42","1","0","Individual","0"
"2024","Portland-Vancouver-Hillsboro, OR-WA","OR","141","033","FHA","Townhouse","White","White","Approved","Refinance","510000.0","0.750","5.000","0.000","0","Not provided","59200.0","0.0","0.0","0.0","0.0","360","30","0","0.0","0","0","0","0","1","1","1","1","1","0","0","0","33","49","1","0","Individual","0"
"2024","Cincinnati, OH-KY-IN","OH","061","031","Jumbo","Single-family home","Hispanic or Latino","Asian","Approved","Purchase","930000.0","0.830","5.750","0.000","0","Not provided","157800.0","0.0","0.0","0.0","0.0","360","30","0","0.0","0","0","0","0","1","1","1","1","1","0","0","0","31","48","1","0","Individual","0"
"2024","Miami-Fort Lauderdale-West Palm Beach, FL","FL","051","053","Conforming","Townhouse","American Indian or Alaska Native","Asian","Approved","Purchase","420000.0","0.680","5.250","0.000","0","Not provided","47200.0","0.0","0.0","0.0","0.0","360","30","0","0.0","0","0","0","0","1","1","1","1","1","0","0","0","27","44","1","0","Individual","0"
"2024","Minneapolis-St. Paul-Bloomington, MN-WI","MN","141","161","FHA","Single-family home","Black or African American","White","Approved","Purchase","380000.0","0.640","5.000","0.000","0","Not provided","38400.0","0.0","0.0","0.0","0.0","360","30","0","0.0","0","0","0","0","1","1","1","1","1","0","0","0","22","38","1","0","Individual","0"
"2024","Virginia Beach-Norfolk, VA","VA","047","053","Conforming","Townhouse","Hispanic or Latino","Asian","Approved","Refinance","590000.0","0.750","5.250","0.000","0","Not provided","68200.0","0.0","0.0","0.0","0.0","360","30","0","0.0","0","0","0","0","1","1","1","1","1","0","0","0","28","46","1","0","Individual","0"
"2024","Raleigh-Durham-Chapel Hill, NC","NC","051","031","Jumbo","Single-family home","Black or African American","Asian","Approved","Purchase","800000.0","0.820","5.750","0.000","0","Not provided","136800.0","0.0","0.0","0.0","0.0","360","30","0","0.0","0","0","0","0","1","1","1","1","1","0","0","0","33","51","1","0","Individual","0"
"2024","Baltimore-Columbia-Towson, MD","MD","079","053","FHA","Townhouse","American Indian or Alaska Native","Asian","Approved","Refinance","520000.0","0.740","5.000","0.000","0","Not provided","58800.0","0.0","0.0","0.0","0.0","360","30","0","0.0","0","0","0","0","1","1","1","1","1","0","0","0","24","40","1","0","Individual","0"
"2024","Seattle-Tacoma-Bellevue, WA","WA","141","033","Conforming","Single-family home","Hispanic or Latino","Asian","Approved","Purchase","630000.0","0.780","5.500","0.000","0","Not provided","87900.0","0.0","0.0","0.0","0.0","360","30","0","0.0","0","0","0","0","1","1","1","1","1","0","0","0","35","52","1","0","Individual","0"
"2024","Boston-Cambridge-Nashua, MA-NH","MA","061","031","VA","Townhouse","White","White","Approved","Refinance","700000.0","0.810","5.750","0.000","0","Not provided","114000.0","0.0","0.0","0.0","0.0","360","30","0","0.0","0","0","0","0","1","1","1","1","1","0","0","0","34","50","1","0","Individual","0"
"2024","Denver-Aurora-Lakewood, CO","CO","081","041","FHA","Single-family home","Black or African American","White","Approved","Purchase","510000.0","0.750","5.000","0.000","0","Not provided","59160.0","0.0","0.0","0.0","0.0","360","30","0","0.0","0","0","0","0","1","1","1","1","1","0","0","0","29","45","1","0","Individual","0"
"2024","Birmingham-Hoover, AL","AL","011","021","Conforming","Townhouse","American Indian or Alaska Native","Asian","Approved","Refinance","530000.0","0.760","5.250","0.000","0","Not provided","59300.0","0.0","0.0","0.0","0.0","360","30","0","0.0","0","0","0","0","1","1","1","1","1","0","0","0","25","42","1","0","Individual","0"
"2024","Pittsburgh, PA","PA","061","031","Jumbo","Single-family home","Hispanic or Latino","Asian","Approved","Purchase","940000.0","0.840","5.750","0.000","0","Not provided","162800.0","0.0","0.0","0.0","0.0","360","30","0","0.0","0","0","0","0","1","1","1","1","1","0","0","0","32","51","1","0","Individual","0"
"2024","Indianapolis-Carmel-Anderson, IN","IN","179","031","FHA","Townhouse","Black or African American","Asian","Approved","Purchase","400000.0","0.680","5.000","0.000","0","Not provided","43200.0","0.0","0.0","0.0","0.0","360","30","0","0.0","0","0","0","0","1","1","1","1","1","0","0","0","23","40","1","0","Individual","0"
"2024","Orlando-Kissimmee-Sanford, FL","FL","051","031","Conforming","Single-family home","Hispanic or Latino","Asian","Approved","Refinance","520000.0","0.740","5.250","0.000","0","Not provided","58900.0","0.0","0.0","0.0","0.0","360","30","0","0.0","0","0","0","0","1","1","1","1","1","0","0","0","29","47","1","0","Individual","0"
"2024","Portland-Vancouver-Hillsboro, OR-WA","OR","141","033","Jumbo","Single-family home","White","White","Approved","Purchase","1000000.0","0.850","5.750","0.000","0","Not provided","171400.0","0.0","0.0","0.0","0.0","360","30","0","0.0","0","0","0","0","1","1","1","1","1","0","0","0","35","53","1","0","Individual","0"
"2024","Columbus, OH","OH","061","031","Conforming","Townhouse","Black or African American","Asian","Approved","Purchase","460000.0","0.690","5.250","0.000","0","Not provided","50320.0","0.0","0.0","0.0","0.0","360","30","0","0.0","0","0","0","0","1","1","1","1","1","0","0","0","26","43","1","0","Individual","0"
"2024","Charlotte-Concord-Gastonia, NC-SC","NC","051","031","FHA","Single-family home","White","White","Approved","Purchase","490000.0","0.720","5.000","0.000","0","Not provided","54400.0","0.0","0.0","0.0","0.0","360","30","0","0.0","0","0","0","0","1","1","1","1","1","0","0","0","28","48","1","0","Individual","0"
"2024","Austin-Round Rock, TX","TX","061","021","Jumbo","Condominium","Hispanic or Latino","Asian","Approved","Refinance","830000.0","0.820","5.750","0.000","0","Not provided","142100.0","0.0","0.0","0.0","0.0","360","30","0","0.0","0","0","0","0","1","1","1","1","1","0","0","0","30","52","1","0","Individual","0"
"2024","Sacramento-Roseville-Arden-Arcade, CA","CA","035","021","Conforming","Single-family home","American Indian or Alaska Native","Asian","Approved","Purchase","490000.0","0.720","5.250","0.000","0","Not provided","52400.0","0.0","0.0","0.0","0.0","360","30","0","0.0","0","0","0","0","1","1","1","1","1","0","0","0","24","42","1","0","Individual","0"
"2024","Nashville-Davidson--Murfreesboro--Franklin, TN","TN","171,"043","FHA","Townhouse","Hispanic or Latino","Asian","Approved","Purchase","410000.0","0.680","5.000","0.000","0","Not provided","45200.0","0.0","0.0","0.0","0.0","360","30","0","0.0","0","0","0","0","1","1","1","1","1","0","0","0","25","46","1","0","Individual","0"
"2024","Louisville/Jefferson County, KY-IN","KY","041","031","Conforming","Single-family home","White","White","Approved","Refinance","550000.0","0.760","5.250","0.000","0","Not provided","60800.0","0.0","0.0","0.0","0.0","360","30","0","0.0","0","0","0","0","1","1","1","1","1","0","0","0","32","50","1","0","Individual","0"
"2024","Chicago-Naperville-Elgin, IL-IN-WI","17","061","4502000","Conventional","Single Family","Hispanic or Latino","White","Male","Originated","Purchase","234562","0.85","4.13","0.12","No","46100","1200","5000","0","0","30","0","0","0","0","1300000","Site-built","Occupied","Manufactured Home","0","0","1","0","1","1","Male","Female","Male","Female","25","28","0","0","Yes","Lender"
"2024","Dallas-Fort Worth-Arlington, TX","48","061","4502001","Conventional","Single Family","Asian","Black or African American","Female","Originated","Refinance","158789","0.62","3.32","0.08","No","27300","1500","3000","0","0","30","0","0","0","0","900000","Site-built","Vacant","Manufactured Home","0","0","1","0","1","1","Female","Male","Female","Male","37","42","0","0","Yes","Lender"
"2024","San Jose-Sunnyvale-Santa Clara, CA","06","061","4502002","FHA","Single Family","Hispanic or Latino","Hispanic or Latino","Male","Originated","Purchase","150000","0.73","3.65","0.12","No","36000","1000","4000","0","0","30","0","0","0","0","700000","Site-built","Occupied","Manufactured Home","0","0","1","0","1","1","Male","Female","Male","Female","22","26","0","0","Yes","Lender"
"2024","Los Angeles-Long Beach-Anaheim, CA","06","061","4502003","VA","Single Family","White","White","Female","Originated","Purchase","220000","0.83","3.92","0.14","No","42000","1800","6000","0","0","30","0","0","0","0","1000000","Site-built","Vacant","Manufactured Home","0","0","1","0","1","1","Female","Male","Female","Male","41","45","0","0","Yes","Lender"
"2024","Houston-The Woodlands-Sugar Land, TX","48","061","4502004","Conventional","Single Family","Black or African American","Asian","Male","Originated","Refinance","210000","0.66","3.55","0.11","No","27000","1200","3000","0","0","30","0","0","0","0","800000","Site-built","Occupied","Manufactured Home","0","0","1","0","1","1","Male","Female","Male","Female","29","33","0","0","Yes","Lender"
"2024","Phoenix-Mesa-Scottsdale, AZ","04","061","4502005","FHA","Single Family","Hispanic or Latino","Black or African American","Female","Originated","Purchase","160000","0.72","3.61","0.13","No","33000","1500","4500","0","0","30","0","0","0","0","600000","Site-built","Vacant","Manufactured Home","0","0","1","0","1","1","Female","Male","Female","Male","38","42","0","0","Yes","Lender"
"2024","San Francisco-Oakland-Berkeley, CA","06","061","4502006","VA","Single Family","White","White","Male","Originated","Purchase","300000","0.81","3.98","0.15","No","54000","2000","6000","0","0","30","0","0","0","0","1200000","Site-built","Occupied","Manufactured Home","0","0","1","0","1","1","Male","Female","Male","Female","48","52","0","0","Yes","Lender"
"2024","Seattle-Tacoma-Bellevue, WA","53","061","4502007","Conventional","Single Family","Asian","Asian","Female","Originated","Refinance","200000","0.64","3.29","0.09","No","24000","1000","3000","0","0","30","0","0","0","0","900000","Site-built","Vacant","Manufactured Home","0","0","1","0","1","1","Female","Male","Female","Male","35","39","0","0","Yes","Lender"
"2024","Denver-Aurora-Lakewood, CO","08","061","4502008","FHA","Single Family","Hispanic or Latino","Black or African American","Male","Originated","Purchase","180000","0.74","3.67","0.12","No","36000","1200","4500","0","0","30","0","0","0","0","700000","Site-built","Occupied","Manufactured Home","0","0","1","0","1","1","Male","Female","Male","Female","24","28","0","0","Yes","Lender"
"2024","Washington-Arlington-Alexandria, DC-VA-MD","24","061","4502009","VA","Single Family","White","White","Female","Originated","Refinance","250000","0.82","3.93","0.14","No","42000","1800","6000","0","0","30","0","0","0","0","1000000","Site-built","Vacant","Manufactured Home","0","0","1","0","1","1","Female","Male","Female","Male","40","44","0","0","Yes","Lender"
"2024","Boston-Cambridge-Nashua, MA-NH","25","061","4502010","Conventional","Single Family","Black or African American","Asian","Male","Originated","Purchase","220000","0.65","3.33","0.10","No","27000","1000","3000","0","0","30","0","0","0","0","900000","Site-built","Occupied","Manufactured Home","0","0","1","0","1","1","Male","Female","Male","Female","27","31","0","0","Yes","Lender"
"2024","Miami-Fort Lauderdale-West Palm Beach, FL","12","061","4502011","FHA","Single Family","Hispanic or Latino","Hispanic or Latino","Female","Originated","Refinance","190000","0.71","3.59","0.12","No","30000","1200","4500","0","0","30","0","0","0","0","700000","Site-built","Vacant","Manufactured Home","0","0","1","0","1","1","Female","Male","Female","Male","32","36","0","0","Yes","Lender"
"2024","Riverside-San Bernardino-Ontario, CA","06","061","4502012","VA","Single Family","White","White","Male","Originated","Purchase","280000","0.79","3.87","0.13","No","45000","1800","6000","0","0","30","0","0","0","0","1100000","Site-built","Occupied","Manufactured Home","0","0","1","0","1","1","Male","Female","Male","Female","47","51","0","0","Yes","Lender"
"2024","Oakland-Hayward-Berkeley, CA","06","061","4502013","Conventional","Single Family","Asian","Asian","Female","Originated","Refinance","240000","0.63","3.25","0.08","No","26000","1000","3000","0","0","30","0","0","0","0","950000","Site-built","Vacant","Manufactured Home","0","0","1","0","1","1","Female","Male","Female","Male","34","38","0","0","Yes","Lender"
"2024","Dallas-Fort Worth-Arlington, TX","48","061","4502014","FHA","Single Family","Hispanic or Latino","Black or African American","Male","Originated","Purchase","200000","0.76","3.73","0.11","No","36000","1200","4500","0","0","30","0","0","0","0","800000","Site-built","Occupied","Manufactured Home","0","0","1","0","1","1","Male","Female","Male","Female","20","24","0","0","Yes","Lender"
"2024","Seattle-Tacoma-Bellevue, WA","53","061","4502015","VA","Single Family","White","White","Female","Originated","Refinance","290000","0.80","3.94","0.14","No","42000","1800","6000","0","0","30","0","0","0","0","1000000","Site-built","Vacant","Manufactured Home","0","0","1","0","1","1","Female","Male","Female","Male","42","46","0","0","Yes","Lender"
"2024","San Jose-Sunnyvale-Santa Clara, CA","06","061","4502016","Conventional","Single Family","Asian","Asian","Male","Originated","Purchase","180000","0.69","3.43","0.09","No","24000","1000","3000","0","0","30","0","0","0","0","900000","Site-built","Occupied","Manufactured Home","0","0","1","0","1","1","Male","Female","Male","Female","25","29","0","0","Yes","Lender"
"2024","Washington-Arlington-Alexandria, DC-VA-MD","24","061","4502017","FHA","Single Family","Hispanic or Latino","Black or African American","Female","Originated","Refinance","220000","0.73","3.65","0.12","No","30000","1200","4500","0","0","30","0","0","0","0","700000","Site-built","Vacant","Manufactured Home","0","0","1","0","1","1","Female","Male","Female","Male","39","43","0","0","Yes","Lender"
"2024","Boston-Cambridge-Nashua, MA-NH","25","061","4502018","VA","Single Family","White","White","Male","Originated","Purchase","250000","0.78","3.83","0.12","No","42000","1800","6000","0","0","30","0","0","0","0","1000000","Site-built","Occupied","Manufactured Home","0","0","1","0","1","1","Male","Female","Male","Female","49","53","0","0","Yes","Lender"
"2024","Denver-Aurora-Lakewood, CO","08","061","4502019","Conventional","Single Family","Asian","Asian","Female","Originated","Refinance","260000","0.61","3.19","0.07","No","26000","1000","3000","0","0","30","0","0","0","0","950000","Site-built","Vacant","Manufactured Home","0","0","1","0","1","1","Female","Male","Female","Male","36","40","0","0","Yes","Lender"
"2024","Riverside-San Bernardino-Ontario, CA","06","061","4502020","FHA","Single Family","Hispanic or Latino","Hispanic or Latino","Male","Originated","Purchase","230000","0.75","3.75","0.11","No","36000","1200","4500","0","0","30","0","0","0","0","800000","Site-built","Occupied","Manufactured Home","0","0","1","0","1","1","Male","Female","Male","Female","23","27","0","0","Yes","Lender"
"2024","Philadelphia-Camden-Wilmington, PA-NJ-DE-MD","35","061","4502021","VA","Single Family","White","White","Female","Originated","Refinance","240000","0.79","3.87","0.13","No","42000","1800","6000","0","0","30","0","0","0","0","1100000","Site-built","Vacant","Manufactured Home","0","0","1","0","1","1","Female","Male","Female","Male","41","45","0","0","Yes","Lender"
"2024","San Francisco-Oakland-Berkeley, CA","06","061","4502022","Conventional","Single Family","Asian","Asian","Male","Originated","Purchase","280000","0.68","3.41","0.09","No","26000","1000","3000","0","0","30","0","0","0","0","900000","Site-built","Occupied","Manufactured Home","0","0","1","0","1","1","Male","Female","Male","Female","26","30","0","0","Yes","Lender"
"2024","Dallas-Fort Worth-Arlington, TX","48","061","4502023","FHA","Single Family","Hispanic or Latino","Black or African American","Female","Originated","Refinance","200000","0.74","3.71","0.11","No","30000","1200","4500","0","0","30","0","0","0","0","700000","Site-built","Vacant","Manufactured Home","0","0","1","0","1","1","Female","Male","Female","Male","31","35","0","0","Yes","Lender"
"2024","Seattle-Tacoma-Bellevue, WA","53","061","4502024","VA","Single Family","White","White","Male","Originated","Purchase","240000","0.77","3.79","0.12","No","42000","1800","6000","0","0","30","0","0","0","0","1000000","Site-built","Occupied","Manufactured Home","0","0","1","0","1","1","Male","Female","Male","Female","44","48","0","0","Yes","Lender"
"2024","Washington-Arlington-Alexandria, DC-VA-MD","24","061","4502025","Conventional","Single Family","Asian","Asian","Female","Originated","Refinance","290000","0.60","3.15","0.06","No","26000","1000","3000","0","0","30","0","0","0","0","950000","Site-built","Vacant","Manufactured Home","0","0","1","0","1","1","Female","Male","Female","Male","37","41","0","0","Yes","Lender"
"2024","Los Angeles-Long Beach-Anaheim, CA","06","061","4502026","FHA","Single Family","Hispanic or Latino","Hispanic or Latino","Male","Originated","Purchase","210000","0.76","3.73","0.11","No","36000","1200","4500","0","0","30","0","0","0","0","800000","Site-built","Occupied","Manufactured Home","0","0","1","0","1","1","Male","Female","Male","Female","22","26","0","0","Yes","Lender"
"2024","San Francisco-Oakland-Berkeley, CA","06","061","4502027","VA","Single Family","White","White","Female","Originated","Refinance","220000","0.81","3.98","0.14","No","42000","1800","6000","0","0","30","0","0","0","0","1000000","Site-built","Vacant","Manufactured Home","0","0","1","0","1","1","Female","Male","Female","Male","46","50","0","0","Yes","Lender"
"2024","Oakland-Hayward-Berkeley, CA","06","061","4502028","Conventional","Single Family","Asian","Asian","Male","Originated","Purchase","260000","0.67","3.39","0.09","No","26000","1000","3000","0","0","30","0","0","0","0","900000","Site-built","Occupied","Manufactured Home","0","0","1","0","1","1","Male","Female","Male","Female","29","33","0","0","Yes","Lender"
"2024","Washington-Arlington-Alexandria, DC-VA-MD","24","061","4502029","FHA","Single Family","Hispanic or Latino","Black or African American","Female","Originated","Refinance","240000","0.72","3.63","0.12","No","30000","1200","4500","0","0","30","0","0","0","0","700000","Site-built","Vacant","Manufactured Home","0","0","1","0","1","1","Female","Male","Female","Male","38","42","0","0","Yes","Lender"
"2024","San Jose-Sunnyvale-Santa Clara, CA","06","061","4502030","VA","Single Family","White","White","Male","Originated","Purchase","290000","0.82","3.93","0.14","No","45000","1800","6000","0","0","30","0","0","0","0","1100000","Site-built","Occupied","Manufactured Home","0","0","1","0","1","1","Male","Female","Male","Female","50","54","0","0","Yes","Lender"
"2024","Boston-Cambridge-Nashua, MA-NH","25","061","4502031","Conventional","Single Family","Asian","Asian","Female","Originated","Refinance","230000","0.65","3.31","0.10","No","26000","1000","3000","0","0","30","0","0","0","0","950000","Site-built","Vacant","Manufactured Home","0","0","1","0","1","1","Female","Male","Female","Male","35","39","0","0","Yes","Lender"
"2024","Denver-Aurora-Lakewood, CO","08","061","4502032","FHA","Single Family","Black or African American","Asian","Male","Originated","Purchase","220000","0.74","3.71","0.11","No","36000","1200","4500","0","0","30","0","0","0","0","800000","Site-built","Occupied","Manufactured Home","0","0","1","0","1","1","Male","Female","Male","Female","21","25","0","0","Yes","Lender"
"2024","Riverside-San Bernardino-Ontario, CA","06","061","4502033","Conventional","Single Family","White","White","Female","Originated","Refinance","260000","0.77","3.79","0.12","No","42000","1800","6000","0","0","30","0","0","0","0","1000000","Site-built","Vacant","Manufactured Home","0","0","1","0","1","1","Female","Male","Female","Male","43","47","0","0","Yes","Lender"
"2024","Dallas-Fort Worth-Arlington, TX","48","061","4502034","VA","Single Family","Hispanic or Latino","Black or African American","Female","Originated","Purchase","200000","0.73","3.65","0.12","No","30000","1200","4500","0","0","30","0","0","0","0","700000","Site-built","Occupied","Manufactured Home","0","0","1","0","1","1","Female","Male","Female","Male","33","37","0","0","Yes","Lender"
"2024","Seattle-Tacoma-Bellevue, WA","53","061","4502035","FHA","Single Family","White","White","Male","Originated","Refinance","230000","0.76","3.73","0.11","No","36000","1200","4500","0","0","30","0","0","0","0","800000","Site-built","Vacant","Manufactured Home","0","0","1","0","1","1","Male","Female","Male","Female","26","30","0","0","Yes","Lender"
"2024","San Francisco-Oakland-Berkeley, CA","06","061","4502036","Conventional","Single Family","Asian","Asian","Female","Originated","Purchase","240000","0.67","3.39","0.09","No","26000","1000","3000","0","0","30","0","0","0","0","900000","Site-built","Occupied","Manufactured Home","0","0","1","0","1","1","Female","Male","Female","Male","30","34","0","0","Yes","Lender"
"2024","Washington-Arlington-Alexandria, DC-VA-MD","24","061","4502037","FHA","Single Family","Hispanic or Latino","Black or African American","Male","Originated","Purchase","260000","0.74","3.71","0.11","No","36000","1200","4500","0","0","30","0","0","0","0","800000","Site-built","Occupied","Manufactured Home","0","0","1","0","1","1","Male","Female","Male","Female","18","22","0","0","Yes","Lender"
"2024","Los Angeles-Long Beach-Anaheim, CA","06","061","4502038","VA","Single Family","White","White","Female","Originated","Refinance","220000","0.81","3.98","0.14","No","42000","1800","6000","0","0","30","0","0","0","0","1000000","Site-built","Vacant","Manufactured Home","0","0","1","0","1","1","Female","Male","Female","Male","45","49","0","0","Yes","Lender"
"2024","San Jose-Sunnyvale-Santa Clara, CA","06","061","4502039","Conventional","Single Family","Asian","Asian","Male","Originated","Purchase","230000","0.69","3.43","0.09","No","24000","1000","3000","0","0","30","0","0","0","0","900000","Site-built","Occupied","Manufactured Home","0","0","1","0","1","1","Male","Female","Male","Female","28","32","0","0","Yes","Lender"
"2024","Oakland-Hayward-Berkeley, CA","06","061","4502040","FHA","Single Family","Hispanic or Latino","Hispanic or Latino","Female","Originated","Refinance","240000","0.72","3.63","0.12","No","30000","1200","4500","0","0","30","0","0","0","0","700000","Site-built","Vacant","Manufactured Home","0","0","1","0","1","1","Female","Male","Female","Male","36","40","0","0","Yes","Lender"
"2024","Washington-Arlington-Alexandria, DC-VA-MD","24","061","4502041","VA","Single Family","White","White","Female","Originated","Purchase","250000","0.83","3.92","0.14","No","45000","1800","6000","0","0","30","0","0","0","0","1100000","Site-built","Occupied","Manufactured Home","0","0","1","0","1","1","Female","Male","Female","Male","42","46","0","0","Yes","Lender"
"2024","Denver-Aurora-Lakewood, CO","08","061","4502042","Conventional","Single Family","Asian","Asian","Male","Originated","Refinance","260000","0.61","3.19","0.07","No","26000","1000","3000","0","0","30","0","0","0","0","950000","Site-built","Vacant","Manufactured Home","0","0","1","0","1","1","Male","Female","Male","Female","39","43","0","0","Yes","Lender"
"2024","Riverside-San Bernardino-Ontario, CA","06","061","4502043","FHA","Single Family","Black or African American","Asian","Female","Originated","Purchase","230000","0.74","3.71","0.11","No","36000","1200","4500","0","0","30","0","0","0","0","800000","Site-built","Occupied","Manufactured Home","0","0","1","0","1","1","Female","Male","Female","Male","32","36","0","0","Yes","Lender"
