data_year,agency_type_name,state_abbr,state_name,incident_date,adult_victim_count,juvenile_victim_count,total_offender_count,adult_offender_count,juvenile_offender_count,offender_race,offender_ethnicity,victim_count,offense_name,total_individual_victims,location_name,bias_desc,victim_types,multiple_offense,multiple_bias
1991,City,AL,Alabama,1991-03-15,,,0,,,Unknown,Not Specified,1,Destruction/Damage/Vandalism of Property,0.0,School/College,Anti-Black or African American,Other,S,S
1992,County,AZ,Arizona,1992-11-22,1.0,0.0,2,1.0,1.0,White,Not Hispanic or Latino,1,Assault,2.0,Park/Agricultural Area,Anti-Jewish,Individual,S,S
1993,Tribal,AR,Arkansas,1993-07-18,,,1,,,American Indian or Alaska Native,Not Specified,1,Simple Assault,1.0,Other Public Property,Anti-Asian,Individual,S,S
1994,City,CA,California,1994-01-05,,,1,,,Hispanic or Latino,Not Specified,1,Aggravated Assault,1.0,Residence/Home,Anti-Hispanic or Latino,Other,S,S
1995,County,CO,Colorado,1995-08-30,,,1,,,White,Not Specified,1,Simple Assault,1.0,Church/Synagogue/A temple,Anti-Jewish,Individual,S,S
1996,City,CT,Connecticut,1996-02-14,1.0,0.0,1,1.0,0.0,White,Not Hispanic or Latino,3,Aggravated Assault,4.0,Highway/Road/Alley/Street/Sidewalk,Anti-White,Group,S,S
1997,County,DE,Delaware,1997-09-09,,,1,,,Hispanic or Latino,Not Specified,1,Destruction/Damage/Vandalism of Property,1.0,Hospital Building,Anti-Hispanic or Latino,Individual,S,S
1998,City,FL,Florida,1998-04-12,,,0,,,Unknown,Not Specified,1,Destruction/Damage/Vandalism of Property,0.0,Office Building,Anti-Black or African American,Individual,S,S
1999,County,GA,Georgia,1999-10-03,2.0,0.0,1,1.0,0.0,Hispanic or Latino,Not Specified,1,Aggravated Assault,2.0,Warehouse/Apartment Storage Facility,Anti-Hispanic or Latino,Individual,S,S
2000,City,HI,Hawaii,2000-06-17,,,1,,,Unknown,Not Specified,1,Simple Assault,1.0,Residence/Home,Anti-Asian,Individual,S,S
2001,County,ID,Idaho,2001-05-21,1.0,0.0,1,1.0,0.0,White,Not Hispanic or Latino,1,Assault,1.0,Church/Synagogue/A temple,Anti-Jewish,Individual,S,S
2002,City,IL,Illinois,2002-12-25,0.0,1.0,1,0.0,1.0,Black or African American,Not Specified,1,Aggravated Assault,2.0,Other Educational Institution,Anti-Black or African American,Individual,S,S
2003,County,IN,Indiana,2003-03-08,,,1,,,White,Not Specified,1,Destruction/Damage/Vandalism of Property,1.0,School/College,Anti-Jewish,Group,S,S
2004,City,IA,Iowa,2004-09-19,,,1,,,Hispanic or Latino,Not Specified,1,Simple Assault,1.0,Park/Agricultural Area,Anti-Gay (Male),Other,S,S
2005,County,KS,Kansas,2005-11-11,1.0,0.0,1,1.0,0.0,White,Not Hispanic or Latino,1,Assault,1.0,School/College,Anti-White,Individual,S,S
2006,City,KY,Kentucky,2006-07-27,,1.0,1,,1.0,Hispanic or Latino,Not Specified,1,Aggravated Assault,2.0,Residence/Home,Anti-Hispanic or Latino,Individual,S,S
2007,County,LA,Louisiana,2007-01-30,,,1,,,Black or African American,Not Specified,1,Destruction/Damage/Vandalism of Property,1.0,Retail Store,Anti-Black or African American,Individual,S,S
2008,City,ME,Maine,2008-04-22,0.0,0.0,1,0.0,1.0,White,Not Hispanic or Latino,2,Simple Assault,2.0,Other Public Property,Anti-Jewish,Group,S,S
2009,County,MD,Maryland,2009-10-15,,,1,,,American Indian or Alaska Native,Not Specified,1,Aggravated Assault,1.0,Office Building,Anti-American Indian or Alaska Native,Individual,S,S
2010,City,MA,Massachusetts,2010-02-06,1.0,0.0,2,1.0,1.0,Black or African American,Not Specified,1,Assault,2.0,Hospital Building,Anti-Black or African American,Individual,S,S
2011,County,MI,Michigan,2011-08-13,,,1,,,White,Not Specified,1,Destruction/Damage/Vandalism of Property,1.0,Store/Shop/Apartment,Anti-Gay (Male),Individual,S,S
2012,City,MN,Minnesota,2012-05-28,,,1,,,White,Not Specified,1,Simple Assault,1.0,Residence/Home,Other,Anti-Jewish,Individual,S,S
2013,County,MS,Mississippi,2013-03-14,1.0,0.0,1,1.0,0.0,Hispanic or Latino,Not Specified,1,Aggravated Assault,1.0,Church/Synagogue/A temple,Anti-Hispanic or Latino,Individual,S,S
2014,City,MO,Missouri,2014-11-02,,1.0,1,,1.0,Black or African American,Not Specified,1,Simple Assault,2.0,Other Educational Institution,Anti-Black or African American,Individual,S,S
1991,City,MT,Montana,1991-06-19,,,1,,,White,Not Specified,1,Destruction/Damage/Vandalism of Property,1.0,Residence/Home,Anti-Jewish,Individual,S,S
1992,County,NE,Nebraska,1992-12-05,0.0,1.0,1,0.0,1.0,White,Not Specified,1,Assault,2.0,School/College,Anti-White,Group,S,S
1993,City,NV,Nevada,1993-04-11,,,0,,,Unknown,Not Specified,2,Destruction/Damage/Vandalism of Property,0.0,School/College,Anti-Asian,Group,S,S
1994,County,NH,New Hampshire,1994-09-30,,,1,,,American Indian or Alaska Native,Not Specified,1,Aggravated Assault,1.0,Office Building,Anti-American Indian or Alaska Native,Individual,S,S
1995,City,NJ,New Jersey,1995-07-08,1.0,0.0,1,1.0,0.0,Black or African American,Not Specified,1,Simple Assault,1.0,Church/Synagogue/A temple,Anti-Black or African American,Individual,S,S
1996,County,NM,New Mexico,1996-02-21,,,1,,,Hispanic or Latino,Not Specified,1,Assault,1.0,Hospital Building,Anti-Hispanic or Latino,Individual,S,S
1997,City,NY,New York,1997-10-15,2.0,0.0,1,1.0,0.0,White,Not Hispanic or Latino,1,Aggravated Assault,2.0,Store/Shop/Apartment,Anti-Jewish,Group,S,S
1998,County,NC,North Carolina,1998-01-18,,,1,,,White,Not Specified,2,Destruction/Damage/Vandalism of Property,1.0,Highway/Road/Alley/Street/Sidewalk,Anti-White,Individual,S,S
1999,City,ND,North Dakota,1999-08-08,1.0,0.0,1,1.0,0.0,Hispanic or Latino,Not Specified,1,Simple Assault,1.0,Residence/Home,Anti-Gay (Male),Individual,S,S
2000,County,OH,Ohio,2000-03-23,0.0,0.0,1,0.0,1.0,White,Not Specified,1,Aggravated Assault,1.0,Retail Store,Anti-Jewish,Individual,S,S
2001,City,OK,Oklahoma,2001-05-17,1.0,0.0,1,1.0,0.0,Black or African American,Not Specified,1,Assault,1.0,Other Educational Institution,Anti-Black or African American,Individual,S,S
2002,County,OR,Oregon,2002-11-11,,,0,,,Unknown,Not Specified,1,Destruction/Damage/Vandalism of Property,0.0,Park/Agricultural Area,Anti-Asian,Individual,S,S
2003,City,PA,Pennsylvania,2003-07-29,1.0,0.0,1,1.0,0.0,White,Not Hispanic or Latino,1,Simple Assault,1.0,Hospital Building,Anti-Jewish,Individual,S,S
2004,County,RI,Rhode Island,2004-09-14,,,1,,,American Indian or Alaska Native,Not Specified,1,Aggravated Assault,1.0,Church/Synagogue/A temple,Anti-American Indian or Alaska Native,Individual,S,S
2005,City,SC,South Carolina,2005-01-04,2.0,0.0,1,1.0,0.0,White,Not Specified,1,Assault,3.0,Residence/Home,Anti-White,Group,S,S
2006,County,SD,South Dakota,2006-06-18,,,1,,,White,Not Specified,1,Destruction/Damage/Vandalism of Property,1.0,Highway/Road/Alley/Street/Sidewalk,Anti-Gay (Male),Individual,S,S
2007,City,TN,Tennessee,2007-07-07,0.0,1.0,1,0.0,1.0,Hispanic or Latino,Not Specified,1,Simple Assault,2.0,Other Educational Institution,Anti-Hispanic or Latino,Individual,S,S
2008,County,TX,Texas,2008-02-01,1.0,0.0,1,1.0,0.0,Hispanic or Latino,Not Specified,1,Aggravated Assault,1.0,Store/Shop/Apartment,Anti-Hispanic or Latino,Individual,S,S
2009,City,UT,Utah,2009-08-12,,,0,,,Unknown,Not Specified,1,Destruction/Damage/Vandalism of Property,0.0,Church/Synagogue/A temple,Anti-Black or African American,Individual,S,S
2010,County,VT,Vermont,2010-03-25,0.0,0.0,1,0.0,1.0,White,Not Specified,1,Assault,1.0,Residence/Home,Anti-Jewish,Individual,S,S
2011,City,VA,Virginia,2011-09-19,,,1,,,White,Not Specified,1,Destruction/Damage/Vandalism of Property,1.0,Park/Agricultural Area,Anti-White,Individual,S,S
2012,County,WA,Washington,2012-04-03,1.0,0.0,1,1.0,0.0,Black or African American,Not Specified,1,Simple Assault,1.0,Office Building,Anti-Black or African American,Individual,S,S
2013,City,WV,West Virginia,2013-10-28,1.0,0.0,1,1.0,0.0,Hispanic or Latino,Not Specified,1,Assault,1.0,School/College,Anti-Hispanic or Latino,Individual,S,S
2014,County,WI,Wisconsin,2014-01-15,0.0,1.0,1,0.0,1.0,White,Not Specified,1,Aggravated Assault,2.0,Hospital Building,Anti-Jewish,Individual,S,S
1991,City,WY,Wyoming,1991-07-08,,,1,,,White,Not Specified,1,Destruction/Damage/Vandalism of Property,1.0,Office Building,Anti-White,Individual,S,S
1992,County,AK,Alaska,1992-04-30,,,1,,,Unknown,Not Specified,1,Simple Assault,1.0,Church/Synagogue/A temple,Anti-Asian,Individual,S,S
1993,City,AZ,Arizona,1993-05-22,2.0,0.0,1,1.0,0.0,Hispanic or Latino,Not Specified,1,Aggravated Assault,2.0,Store/Shop/Apartment,Anti-Hispanic or Latino,Individual,S,S
1994,County,CA,California,1994-11-14,,1.0,1,,1.0,Black or African American,Not Specified,1,Assault,2.0,Residence/Home,Anti-Black or African American,Individual,S,S
1995,City,CO,Colorado,1995-06-06,1.0,0.0,1,1.0,0.0,White,Not Hispanic or Latino,1,Simple Assault,1.0,Retail Store,Anti-Jewish,Individual,S,S
1996,County,CT,Connecticut,1996-08-09,,,1,,,White,Not Specified,1,Aggravated Assault,1.0,Other Educational Institution,Anti-Jewish,Individual,S,S
1997,City,DE,Delaware,1997-12-20,1.0,0.0,1,1.0,0.0,Hispanic or Latino,Not Specified,1,Destruction/Damage/Vandalism of Property,1.0,Church/Synagogue/A temple,Anti-Hispanic or Latino,Individual,S,S
1998,County,FL,Florida,1998-02-17,,,1,,,American Indian or Alaska Native,Not Specified,1,Simple Assault,1.0,Hospital Building,Anti-American Indian or Alaska Native,Individual,S,S
1999,City,GA,Georgia,1999-10-30,1.0,0.0,2,1.0,1.0,White,Not Hispanic or Latino,1,Assault,2.0,School/College,Anti-White,Group,S,S
2000,County,HI,Hawaii,2000-07-18,,,1,,,White,Not Specified,1,Aggravated Assault,1.0,Store/Shop/Apartment,Anti-Jewish,Individual,S,S
2001,City,IL,Illinois,2001-11-03,,1.0,1,,1.0,Hispanic or Latino,Not Specified,1,Destruction/Damage/Vandalism of Property,2.0,Other Public Property,Anti-Hispanic or Latino,Individual,S,S
1995,City,FL,Florida,1995-03-18,1.0,0.0,2,1.0,1.0,White,Not Hispanic or Latino,2,Assault,2.0,Residence,Anti-Jewish,Individual,N,N
2001,County,NY,New York,2001-11-22,0.0,1.0,1,,1.0,White,Not Hispanic or Latino,1,Burglary,1.0,Apartment Complex,Anti-African American,Individual,S,S
1998,State,OH,Ohio,1998-07-09,2.0,0.0,3,2.0,1.0,White,Not Hispanic or Latino,2,Murder and Non-negligent Manslaughter,2.0,Public Place,Anti-American Indian or Alaska Native,Individual,N,N
2003,City,TX,Texas,2003-02-14,1.0,1.0,2,1.0,1.0,Hispanic or Latino,Hispanic or Latino,2,Destruction/Damage/Vandalism of Property,2.0,Store/Apartment Building,Anti-Mexican,Group,S,S
1996,Other,GA,Georgia,1996-09-30,,1.0,1,1.0,0.0,Black or African American,Not Hispanic or Latino,1,Simple Assault,1.0,Office Building,Anti-Gay (Male),Individual,S,N
2008,Police,KY,Kentucky,2008-04-16,3.0,0.0,4,3.0,1.0,White,Not Hispanic or Latino,3,Assault,3.0,Restaurant,Anti-Black or African American,Individual,N,N
1993,City,VA,Virginia,1993-12-05,1.0,0.0,1,1.0,0.0,Unknown,Not Specified,1,Arson,1.0,Church,Anti-Islamic,Group,S,S
1999,City,PA,Pennsylvania,1999-06-17,0.0,1.0,2,,1.0,White,Not Hispanic or Latino,1,Aggravated Assault,1.0,School/College,Anti-Asian,Group,S,S
2005,County,IL,Illinois,2005-10-29,2.0,0.0,2,2.0,0.0,Black or African American,Not Hispanic or Latino,2,Assault,2.0,Public Place,Anti-Hispanic or Latino,Individual,N,N
2002,State,NH,New Hampshire,2002-01-03,,1.0,1,1.0,0.0,White,Not Hispanic or Latino,1,Simple Assault,1.0,Airport,Anti-Gay (Female),Individual,S,S
2000,City,NJ,New Jersey,2000-08-11,3.0,0.0,3,3.0,0.0,Hispanic or Latino,Hispanic or Latino,3,Assault,3.0,Bar/Club,Anti-Gay (Male),Group,S,S
1994,City,MD, Maryland,1994-05-21,1.0,1.0,2,1.0,1.0,White,Not Hispanic or Latino,2,Intimidation,2.0,Residence,Anti-Gay (Female),Individual,N,N
2010,Police,WA,Washington,2010-03-27,1.0,1.0,1,1.0,0.0,Unknown,Not Specified,1,Robbery,1.0,Hotel/Motel,Anti-Black or African American,Individual,S,S
2007,State,MO,Missouri,2007-12-09,2.0,0.0,4,3.0,1.0,White,Not Hispanic or Latino,2,Murder and Non-negligent Manslaughter,2.0,School/College,Anti-Asian,Individual,S,N
1997,Other,NC, North Carolina,1997-04-02,0.0,1.0,2,,1.0,White,Not Hispanic or Latino,1,Destruction/Damage/Vandalism of Property,1.0,Library,Anti-Gay (Male),Individual,S,S
2004,County,SC,South Carolina,2004-11-15,0.0,1.0,2,,1.0,Black or African American,Not Hispanic or Latino,1,Aggravated Assault,1.0,Public Place,Anti-Mexican,Group,S,S
2006,City,AR,Arkansas,2006-09-28,3.0,1.0,3,2.0,1.0,Hispanic or Latino,Hispanic or Latino,3,Assault,3.0,Residence,Anti-American Indian or Alaska Native,Individual,N,N
2011,Police,NV,Nevada,2011-02-18,1.0,0.0,1,1.0,0.0,White,Not Hispanic or Latino,1,Simple Assault,1.0,Air/Bus/Train Terminal,Anti-Hispanic or Latino,Group,S,S
2009,State,TN,Tennessee,2009-06-07,2.0,0.0,2,2.0,0.0,White,Not Hispanic or Latino,2,Assault,2.0,Restaurant,Anti-African American,Individual,S,N
1992,City,WI,Wisconsin,1992-03-11,,1.0,1,1.0,0.0,White,Not Hispanic or Latino,1,Aggravated Assault,1.0,Church,Anti-Black or African American,Individual,S,S
2013,County,MN,Minnesota,2013-08-23,2.0,0.0,4,3.0,1.0,Black or African American,Not Hispanic or Latino,2,Destruction/Damage/Vandalism of Property,2.0,Store/Apartment Building,Anti-American Indian or Alaska Native,Individual,N,N
1991,Other,AL,Alabama,1991-11-03,1.0,0.0,3,2.0,1.0,White,Not Hispanic or Latino,1,Assault,1.0,Public Place,Anti-Gay (Male),Individual,S,S
2014,City,LA,Louisiana,2014-05-01,2.0,1.0,2,2.0,0.0,White,Not Hispanic or Latino,2,Simple Assault,2.0,University,Anti-Islamic,Group,S,S
2003,State,MI,Michigan,2003-09-19,3.0,0.0,1,1.0,0.0,White,Not Hispanic or Latino,3,Assault,3.0,School/College,Anti-Gay (Female),Individual,N,N
2008,Police,OR,Oregon,2008-07-17,,1.0,1,1.0,0.0,White,Not Hispanic or Latino,1,Simple Assault,1.0,Hospital,Anti-Mexican,Individual,S,S
2012,County,IN,Indiana,2012-01-08,0.0,1.0,2,,1.0,Black or African American,Not Hispanic or Latino,1,Assault,1.0,Public Place,Anti-Black or African American,Group,S,S
2005,City,VT,Vermont,2005-10-31,1.0,0.0,1,1.0,0.0,White,Not Hispanic or Latino,1,Aggravated Assault,1.0,Residence,Anti-Islamic,Individual,S,N
1997,State,NM,New Mexico,1997-02-13,1.0,1.0,2,1.0,1.0,White,Not Hispanic or Latino,2,Assault,2.0,Store/Apartment Building,Anti-American Indian or Alaska Native,Individual,S,S
2002,Other,MS,Mississippi,2002-04-04,2.0,0.0,3,2.0,1.0,White,Not Hispanic or Latino,2,Destruction/Damage/Vandalism of Property,2.0,Public Place,Anti-American Indian or Alaska Native,Individual,S,N
1998,City,RI,Rhode Island,1998-06-04,0.0,3.0,2,,2.0,White,Not Hispanic or Latino,3,Aggravated Assault,3.0,Apartment Complex,Anti-Hispanic or Latino,Individual,S,S
2000,Police,UT,Utah,2000-12-26,0.0,1.0,1,,1.0,Black or African American,Not Hispanic or Latino,1,Simple Assault,1.0,Bar/Club,Anti-Black or African American,Individual,N,S
2009,City,ID,Idaho,2009-08-12,3.0,0.0,3,2.0,1.0,White,Not Hispanic or Latino,3,Assault,3.0,Highway/Road/Alley/Street/Sidewalk,Anti-Gay (Female),Individual,S,N
2004,State,ND,North Dakota,2004-03-30,1.0,0.0,2,1.0,1.0,White,Not Hispanic or Latino,1,Aggravated Assault,1.0,Restaurant,Anti-Black or African American,Individual,S,S
1999,Other,SD,South Dakota,1999-09-09,1.0,1.0,1,1.0,0.0,White,Not Hispanic or Latino,1,Simple Assault,1.0,Library,Anti-Jewish,Individual,S,S
2007,City,NE,Nebraska,2007-05-16,3.0,1.0,4,3.0,1.0,White,Not Hispanic or Latino,3,Assault,3.0,Store/Apartment Building,Anti-American Indian or Alaska Native,Individual,S,N
2010,County,OK,Oklahoma,2010-07-05,0.0,2.0,1,,1.0,White,Not Hispanic or Latino,2,Destruction/Damage/Vandalism of Property,2.0,School/College,Anti-Gay (Male),Group,S,S
2001,State,MW,Missouri,2001-12-20,1.0,0.0,3,3.0,0.0,White,Not Hispanic or Latino,1,Simple Assault,1.0,Hospital,Anti-Gay (Female),Individual,S,N
1993,Police,KS,Kansas,1993-04-26,2.0,1.0,3,2.0,1.0,White,Not Hispanic or Latino,2,Assault,2.0,Office Building,Anti-Asian,Individual,S,S
2011,City,KY,Kentucky,2011-10-17,0.0,1.0,2,,1.0,White,Not Hispanic or Latino,1,Murder and Non-negligent Manslaughter,1.0,Public Place,Anti-American Indian or Alaska Native,Individual,S,S
2006,Other,MD, Maryland,2006-06-14,2.0,0.0,3,2.0,1.0,Black or African American,Not Hispanic or Latino,2,Aggravated Assault,2.0,Apartment Complex,Anti-Gay (Male),Group,S,N
2003,State,IA,Iowa,2003-03-23,1.0,1.0,1,1.0,0.0,White,Not Hispanic or Latino,1,Assault,1.0,Store/Apartment Building,Anti-Hispanic or Latino,Individual,S,S
2005,Police,NY,New York,2005-08-21,1.0,0.0,2,1.0,1.0,White,Not Hispanic or Latino,1,Destruction/Damage/Vandalism of Property,1.0,Store/Apartment Building,Anti-Mexican,Individual,S,N
1992,City,HI,Hawaii,1992-12-10,2.0,1.0,3,2.0,1.0,White,Not Hispanic or Latino,2,Assault,2.0,Restaurant,Anti-Jewish,Individual,S,S
2008,County,ME,Maine,2008-09-07,1.0,0.0,1,1.0,0.0,White,Not Hispanic or Latino,1,Simple Assault,1.0,Residence,Anti-Gay (Female),Individual,S,S
2014,State,TX,Texas,2014-11-12,2.0,1.0,4,3.0,1.0,White,Not Hispanic or Latino,2,Assault,2.0,School/College,Anti-Black or African American,Individual,N,N
2002,Other,WV,West Virginia,2002-02-28,1.0,0.0,2,1.0,1.0,White,Not Hispanic or Latino,1,Aggravated Assault,1.0,Public Place,Anti-Islamic,Individual,S,S
1995,Police,RI,Rhode Island,1995-07-15,2.0,0.0,3,2.0,1.0,White,Not Hispanic or Latino,2,Assault,2.0,University,Anti-Gay (Male),Group,S,N
2007,City,VT,Vermont,2007-04-05,,1.0,1,1.0,0.0,White,Not Hispanic or Latino,1,Destruction/Damage/Vandalism of Property,1.0,School/College,Anti-Gay (Female),Individual,S,S
2009,State,FL,Florida,2009-05-11,1.0,0.0,3,2.0,1.0,Hispanic or Latino,Hispanic or Latino,1,Simple Assault,1.0,Public Place,Anti-Mexican,Individual,S,N
2005,County,IN,Indiana,2005-09-03,2.0,0.0,2,2.0,0.0,White,Not Hispanic or Latino,2,Assault,2.0,Bar/Club,Anti-Asian,Individual,S,S
1996,Other,NH,New Hampshire,1996-10-25,0.0,1.0,1,,1.0,White,Not Hispanic or Latino,1,Murder and Non-negligent Manslaughter,1.0,Office Building,Anti-Gay (Male),Individual,S,S
2013,City,WY,Wyoming,2013-01-15,1.0,1.0,2,1.0,1.0,White,Not Hispanic or Latino,1,Assault,1.0,Apartment Complex,Anti-American Indian or Alaska Native,Individual,S,N
2001,Police,OH,Ohio,2001-08-08,1.0,0.0,2,1.0,1.0,White,Not Hispanic or Latino,1,Destruction/Damage/Vandalism of Property,1.0,School/College,Anti-Hispanic or Latino,Individual,S,S
2006,State,CT,Connecticut,2006-02-27,0.0,1.0,1,,1.0,White,Not Hispanic or Latino,1,Simple Assault,1.0,Church,Anti-Black or African American,Individual,S,S
1994,Other,NJ,New Jersey,1994-11-22,1.0,0.0,3,2.0,1.0,White,Not Hispanic or Latino,1,Aggravated Assault,1.0,Hotel/Motel,Anti-Gay (Female),Individual,S,N
2012,City,PA,Pennsylvania,2012-03-30,3.0,0.0,2,2.0,0.0,White,Not Hispanic or Latino,3,Assault,3.0,Public Place,Anti-Mexican,Individual,S,S
2008,County,WI,Wisconsin,2008-07-10,2.0,1.0,4,2.0,2.0,White,Not Hispanic or Latino,2,Assault,2.0,Highway/Road/Alley/Street/Sidewalk,Anti-African American,Individual,N,N
2004,State,GA,Georgia,2004-05-04,1.0,0.0,1,1.0,0.0,White,Not Hispanic or Latino,1,Destruction/Damage/Vandalism of Property,1.0,Farm Land,Anti-Israeli,Individual,S,S
2000,Police,NC, North Carolina,2000-09-28,0.0,2.0,2,,2.0,White,Not Hispanic or Latino,2,Aggravated Assault,2.0,Residence,Anti-Black or African American,Individual,S,S
1997,City,AZ,Arizona,1997-01-27,2.0,1.0,3,2.0,1.0,White,Not Hispanic or Latino,2,Assault,2.0,School/College,Anti-American Indian or Alaska Native,Group,S,N
2010,Other,DE,Delaware,2010-04-12,1.0,0.0,2,1.0,1.0,White,Not Hispanic or Latino,1,Simple Assault,1.0,Store/Apartment Building,Anti-Gay (Male),Individual,S,S
2003,County,RI,Rhode Island,2003-08-18,,1.0,1,1.0,0.0,White,Not Hispanic or Latino,1,Assault,1.0,School/College,Anti-Islamic,Individual,S,S
1991,City,AL,Alabama,1991-03-15,1.0,0.0,2,1.0,1.0,White,Hispanic or Latino,1,Simple Assault,1.0,Residence,Anti-Jewish,Individual,S,S
1992,County,NY,New York,1992-07-22,0.0,1.0,1,0.0,1.0,Black or African American,Not Specified,1,Assault,1.0,Park/Agricultural Land,Anti-Black or African American,Individual,S,S
1993,Tribal,AZ,Arizona,1993-11-08,2.0,0.0,3,2.0,1.0,Unknown,Not Specified,2,Aggravated Assault,2.0,School/College,Anti-American Indian or Alaska Native,Individual,S,S
1994,City,FL,Florida,1994-04-19,1.0,1.0,2,1.0,1.0,Hispanic or Latino,Hispanic or Latino,2,Criminal Mischief,2.0,Restaurant,Anti-Hispanic/Latino,Individual,S,S
1995,State,GA,Georgia,1995-09-05,0.0,1.0,1,0.0,1.0,Asian,Not Specified,1,Fraud,1.0,Hospital,Anti-Asian,Other,S,S
1996,Other,NC, North Carolina,1996-12-29,3.0,0.0,1,1.0,0.0,White,Not Specified,3,Robbery,3.0,Grocery Store,Anti-White,Other,S,S
1997,City,MI,Michigan,1997-01-10,0.0,1.0,2,0.0,2.0,Black or African American,Not Specified,1,Assault,2.0,Community Center,Anti-Black or African American,Individual,S,S
1998,County,WA,Washington,1998-06-17,2.0,1.0,1,1.0,0.0,White,Not Specified,3,Intimidation,3.0,Place of Worship,Anti-White,Individual,S,S
1999,Other,OH,Ohio,1999-08-30,1.0,0.0,3,2.0,1.0,Black or African American,Hispanic or Latino,1,Assault,1.0,Residence,Anti-Black or African American,Individual,S,S
2000,City,MN,Minnesota,2000-02-04,0.0,0.0,2,1.0,1.0,Hispanic or Latino,Hispanic or Latino,0,Sexual Assault,1.0,Hotel/Motel,Anti-Hispanic/Latino,Individual,S,S
2001,State,TX,Texas,2001-05-11,1.0,0.0,2,1.0,1.0,Asian,Asian,1,Disorderly Conduct,1.0,Shopping Mall,Anti-Asian,Individual,S,S
2002,County,VA,Virginia,2002-10-18,1.0,2.0,1,1.0,0.0,White,Not Specified,3,Criminal Mischief,3.0,Residence,Anti-White,Individual,S,S
2003,City,CO,Colorado,2003-03-23,0.0,0.0,4,2.0,2.0,Brown,Hispanic or Latino,0,Aggravated Assault,4.0,University Campus,Anti-Brown,Individual,S,S
2004,Other,IN,Indiana,2004-07-30,1.0,0.0,2,1.0,1.0,Black or African American,Not Specified,1,Assault,1.0,Bank,Anti-Black or African American,Individual,S,S
2005,City,SC,South Carolina,2005-12-13,1.0,1.0,1,1.0,0.0,Hispanic or Latino,Hispanic or Latino,2,Robbery,2.0,Office Building,Anti-Hispanic/Latino,Individual,S,S
2006,County,AR,Arkansas,2006-04-06,2.0,1.0,3,1.0,2.0,Unknown,Not Specified,3,Destruction/Damage/Vandalism of Property,3.0,Railroad Station,Anti-Gay (Male),Other,S,S
2007,Other,NV,Nevada,2007-09-25,0.0,1.0,2,0.0,2.0,White,Not Specified,1,Assault,2.0,School/College,Anti-White,Individual,S,S
2008,City,MA,Massachusetts,2008-01-14,1.0,0.0,1,1.0,0.0,Native American,Not Specified,1,Simple Assault,1.0,Residence,Anti-American Indian or Alaska Native,Individual,S,S
2009,State,MD,Michigan,2009-03-21,0.0,0.0,4,2.0,2.0,Brown,Hispanic or Latino,0,Robbery,4.0,Restaurant,Anti-Brown,Individual,S,S
2010,City,CT,Connecticut,2010-07-12,2.0,0.0,2,2.0,0.0,White,Not Specified,2,Assault,2.0,Park/Agricultural Land,Anti-White,Individual,S,S
2011,Other,IL,Illinois,2011-10-19,3.0,1.0,3,2.0,1.0,Black or African American,Not Specified,4,Intimidation,4.0,Community Center,Anti-Black or African American,Individual,S,S
2012,City,OR,Oregon,2012-12-05,0.0,1.0,1,0.0,1.0,Asian,Asian,1,Aggravated Assault,1.0,University Campus,Anti-Asian,Individual,S,S
2013,County,MS,Mississippi,2013-02-16,1.0,2.0,1,1.0,0.0,Hispanic or Latino,Hispanic or Latino,3,Murder,3.0,Residence,Anti-Hispanic/Latino,Individual,S,S
2014,Other,WI,Wisconsin,2014-05-29,0.0,1.0,1,0.0,1.0,Unknown,Not Specified,1,Assault,1.0,Transportation Facility,Anti-Gay (Male),Individual,S,S
1991,City,FL,Florida,1991-04-07,1.0,0.0,2,1.0,1.0,White,Not Specified,1,Simple Assault,1.0,Park/Agricultural Land,Anti-White,Individual,S,S
1992,County,PA,Pennsylvania,1992-08-14,0.0,1.0,1,0.0,1.0,Black or African American,Not Specified,1,Sexual Assault,1.0,Residence,Anti-Black or African American,Individual,S,S
1993,City,GA,Georgia,1993-11-03,2.0,2.0,1,1.0,0.0,Asian,Asian,4,Criminal Mischief,4.0,University Campus,Anti-Asian,Individual,S,S
1994,Other,AL,Alabama,1994-01-11,0.0,0.0,3,2.0,1.0,Hispanic or Latino,Hispanic or Latino,0,Assault,3.0,Restaurant,Anti-Hispanic/Latino,Individual,S,S
1995,State,TX,Texas,1995-03-30,1.0,1.0,2,1.0,1.0,Brown,Hispanic or Latino,2,Aggravated Assault,2.0,Home/Apartment,Individual,S,S
1996,City,KY,Kentucky,1996-06-20,2.0,0.0,1,1.0,0.0,White,Not Specified,2,Robbery,2.0,Place of Worship,Anti-White,Other,S,S
1997,County,OK,Oklahoma,1997-09-17,1.0,1.0,3,1.0,2.0,Native American,Not Specified,2,Destruction/Damage/Vandalism of Property,2.0,School/College,Anti-American Indian or Alaska Native,Individual,S,S
1998,Other,MN,Minnesota,1998-12-10,0.0,1.0,2,0.0,2.0,Black or African American,Not Specified,1,Assault,2.0,Residence,Anti-Black or African American,Individual,S,S
1999,City,NJ,New Jersey,1999-02-05,1.0,0.0,3,2.0,1.0,Hispanic or Latino,Hispanic or Latino,1,Intimidation,1.0,Shopping Mall,Anti-Hispanic/Latino,Individual,S,S
2000,State,MO,Missouri,2000-05-18,3.0,0.0,1,1.0,0.0,White,Not Specified,3,Simple Assault,3.0,Community Center,Anti-White,Individual,S,S
2001,City,VT,Vermont,2001-08-25,0.0,0.0,4,2.0,2.0,Asian,Asian,0,Aggravated Assault,4.0,University Campus,Anti-Asian,Individual,S,S
2002,County,IA,Iowa,2002-11-30,1.0,1.0,1,1.0,0.0,Black or African American,Not Specified,2,Robbery,2.0,Hotel/Motel,Anti-Black or African American,Individual,S,S
2003,Other,NE,Nebraska,2003-01-04,1.0,0.0,1,1.0,0.0,Unknown,Not Specified,1,Criminal Mischief,1.0,Residence,Anti-Gay (Male),Individual,S,S
2004,City,WY,Wyoming,2004-04-15,1.0,1.0,1,1.0,0.0,White,Not Specified,2,Assault,2.0,Restaurant,Anti-White,Individual,S,S
2005,State,MT,Montana,2005-07-22,0.0,0.0,3,2.0,1.0,Brown,Hispanic or Latino,0,Sexual Assault,3.0,School/College,Anti-Brown,Individual,S,S
2006,City,NH,New Hampshire,2006-10-28,1.0,2.0,2,1.0,1.0,Hispanic or Latino,Hispanic or Latino,3,Destruction/Damage/Vandalism of Property,3.0,Transportation Facility,Anti-Hispanic/Latino,Individual,S,S
2007,County,LA,Louisiana,2007-01-09,0.0,1.0,1,0.0,1.0,Native American,Not Specified,1,Aggravated Assault,1.0,Residence,Anti-American Indian or Alaska Native,Individual,S,S
2008,Other,ME,Maine,2008-03-20,2.0,0.0,2,2.0,0.0,White,Not Specified,2,Robbery,2.0,Office Building,Anti-White,Individual,S,S
2009,City,RI,Rhode Island,2009-06-13,0.0,1.0,1,0.0,1.0,Asian,Asian,1,Assault,1.0,Park/Agricultural Land,Anti-Asian,Individual,S,S
2010,State,DE,Delaware,2010-09-26,1.0,1.0,4,2.0,2.0,Black or African American,Not Specified,2,Disorderly Conduct,2.0,Community Center,Anti-Black or African American,Individual,S,S
2011,City,VT,Vermont,2011-12-08,1.0,0.0,1,1.0,0.0,Hispanic or Latino,Hispanic or Latino,1,Simple Assault,1.0,University Campus,Anti-Hispanic/Latino,Individual,S,S
2012,County,SD,South Dakota,2012-02-21,2.0,2.0,1,1.0,0.0,White,Not Specified,4,Assault,4.0,Shopping Mall,Anti-White,Individual,S,S
2013,Other,ND,North Dakota,2013-05-06,0.0,0.0,1,1.0,0.0,Brown,Hispanic or Latino,0,Intimidation,1.0,Railroad Station,Anti-Brown,Individual,S,S
2014,City,WA,Washington,2014-08-12,3.0,1.0,2,2.0,0.0,Asian,Asian,4,Aggravated Assault,4.0,School/College,Anti-Asian,Individual,S,S
1991,State,CA,California,1991-10-16,1.0,0.0,1,1.0,0.0,White,Not Specified,1,Robbery,1.0,Residence,Anti-White,Individual,S,S
1992,City,RI,Rhode Island,1992-01-28,0.0,1.0,2,0.0,2.0,Black or African American,Not Specified,1,Criminal Mischief,2.0,Restaurants,Anti-Black or African American,Individual,S,S
1993,County,AK,Alaska,1993-05-11,1.0,0.0,3,2.0,1.0,Asian,Not Specified,1,Assault,1.0,School/College,Anti-Asian,Individual,S,S
1994,Other,ID,Idaho,1994-08-05,1.0,1.0,1,1.0,0.0,Hispanic or Latino,Hispanic or Latino,2,Sexual Assault,2.0,Community Center,Anti-Hispanic/Latino,Individual,S,S
1995,City,AR,Arkansas,1995-11-20,0.0,0.0,2,1.0,1.0,Unknown,Not Specified,0,Intimidation,2.0,Restaurant,Anti-Gay (Male),Individual,S,S
1996,State,WV,West Virginia,1996-02-14,1.0,0.0,1,1.0,0.0,White,Not Specified,1,Destruction/Damage/Vandalism of Property,1.0,Park/Agricultural Land,Anti-White,Individual,S,S
1997,City,MS,Mississippi,1997-06-18,1.0,1.0,1,1.0,0.0,Black or African American,Not Specified,2,Assault,2.0,Residence,Anti-Black or African American,Individual,S,S
1998,County,FL,Florida,1998-09-23,0.0,1.0,3,0.0,3.0,Asian,Asian,1,Robbery,3.0,School/College,Anti-Asian,Individual,S,S
1999,Other,TX,Texas,1999-12-30,2.0,0.0,2,2.0,0.0,Hispanic or Latino,Hispanic or Latino,2,Simple Assault,2.0,Grocery Store,Anti-Hispanic/Latino,Individual,S,S
2000,City,MN,Minnesota,2000-03-15,0.0,1.0,1,0.0,1.0,Native American,Not Specified,1,Aggravated Assault,1.0,Residence,Anti-American Indian or Alaska Native,Individual,S,S
2001,State,GA,Georgia,2001-07-09,1.0,2.0,1,1.0,0.0,White,Not Specified,3,Intimidation,3.0,Office Building,Anti-White,Individual,S,S
2002,City,NV,Nevada,2002-10-04,0.0,0.0,1,1.0,0.0,Brown,Hispanic or Latino,0,Murder,1.0,University Campus,Anti-Brown,Individual,S,S
2003,County,NJ,New Jersey,2003-12-17,1.0,0.0,1,1.0,0.0,Hispanic or Latino,Hispanic or Latino,1,Disorderly Conduct,1.0,Residence,Anti-Hispanic/Latino,Individual,S,S
2004,Other,WY,Wyoming,2004-05-20,1.0,1.0,2,1.0,1.0,White,Not Specified,2,Assault,2.0,Restaurants,Anti-White,Individual,S,S
2005,City,MD,Maryland,2005-08-28,0.0,0.0,2,1.0,1.0,Black or African American,Not Specified,0,Sexual Assault,2.0,Community Center,Anti-Black or African American,Individual,S,S
2006,State,MN,Minnesota,2006-11-10,2.0,1.0,1,1.0,0.0,Unknown,Not Specified,3,Robbery,3.0,Park/Agricultural Land,Anti-Gay (Male),Individual,S,S
2007,City,NM,New Mexico,2007-02-22,3.0,0.0,1,1.0,0.0,Asian,Asian,3,Simple Assault,3.0,Residence,Anti-Asian,Individual,S,S
1992,City,IL,Illinois,1992-03-15,1.0,0.0,2,1.0,1.0,White,Not Hispanic or Latino,1,Simple Assault,1.0,Residence,Anti-Jewish,Individual,N,N
1995,County,GA,Georgia,1995-08-22,0.0,1.0,1,0.0,1.0,Black or African American,Not Specified,1,Felony Assault,1.0,Store/Apartment Building,Anti-Black or African American,Individual,S,Y
2001,Tribal,NV,Nevada,2001-06-10,,,0,,,Unknown,Not Specified,1,Intimidation,0.0,School/College,Anti-American Indian or Alaska Native,Other,N,N
1999,City,TX,Texas,1999-04-28,2.0,0.0,3,2.0,1.0,Hispanic or Latino,Hispanic or Latino,2,Felony Assault,2.0,Highway/Road/Alley/Street/Sidewalk,Anti-Hispanic or Latino,Individual,N,Y
2008,Other,FL,Florida,2008-11-05,0.0,0.0,1,1.0,0.0,White,Not Specified,1,Aggravated Assault,1.0,Hospital,Anti-White,Individual,S,N
1993,County,NY,New York,1993-01-18,1.0,0.0,2,1.0,1.0,Black or African American,Not Specified,1,Destruction/Damage/Vandalism of Property,1.0,Restaurant/Academic Building,Anti-Black or African American,Individual,N,N
2006,City,OH,Ohio,2006-09-14,0.0,1.0,1,0.0,1.0,White,Hispanic or Latino,1,Destruction/Damage/Vandalism of Property,1.0,Grocery Store,Anti-Jewish,Individual,N,N
1994,Other,WA,Washington,1994-02-20,1.0,0.0,2,1.0,1.0,Asian or Pacific Islander,Not Specified,1,Felony Assault,1.0,Public Park,Anti-Asian,Individual,N,N
2003,City,MD,Maryland,2003-07-12,0.0,0.0,1,1.0,0.0,White,Not Specified,1,Murder,1.0,Office Building,Anti-White,Individual,S,Y
1996,County,CO,Colorado,1996-12-30,3.0,0.0,1,1.0,0.0,Black or African American,Not Specified,3,Simple Assault,3.0,Store/Apartment Building,Anti-Black or African American,Individual,N,N
2010,City,VA,Virginia,2010-03-17,0.0,0.0,2,2.0,0.0,White,Not Specified,1,Intimidation,1.0,Shopping Mall,Anti-White,Individual,N,N
1998,Other,NC,North Carolina,1998-05-27,2.0,0.0,2,2.0,0.0,Hispanic or Latino,Hispanic or Latino,2,Simple Assault,2.0,School/College,Anti-Hispanic or Latino,Individual,N,Y
2005,City,PA,Pennsylvania,2005-10-04,0.0,0.0,1,1.0,0.0,White,Not Specified,1,Aggravated Assault,1.0,Residence,Anti-White,Individual,N,N
1991,City,TX,Texas,1991-11-08,1.0,0.0,1,1.0,0.0,Asian or Pacific Islander,Not Specified,1,Destruction/Damage/Vandalism of Property,1.0,Public Park,Anti-Asian,Individual,N,N
2012,County,MI,Michigan,2012-06-03,0.0,0.0,3,3.0,0.0,White,Not Specified,1,Intimidation,1.0,Highway/Road/Alley/Street/Sidewalk,Anti-White,Individual,N,N
2002,Other,OR,Oregon,2002-08-19,2.0,0.0,1,1.0,0.0,Black or African American,Not Specified,2,Felony Assault,2.0,Store/Apartment Building,Anti-Black or African American,Individual,N,N
1997,City,WI,Wisconsin,1997-04-10,,,0,,,Unknown,Not Specified,1,Aggravated Assault,0.0,Public Park,Anti-American Indian or Alaska Native,Other,S,S
2007,City,SC,Carolina,2007-09-21,,0.0,0.0,1,1.0,0.0,White,Not Specified,1,Simple Assault,0.0,Shopping Mall,Anti-White,Individual,S,N
1999,County,GA,Georgia,1999-07-25,0.0,1.0,2,0.0,2.0,Black or African American,Not Specified,1,Felony Assault,1.0,School/College,Anti-Black or African American,Individual,N,N
2009,City,FL,Florida,2009-03-12,1.0,0.0,1,1.0,0.0,White,Not Hispanic or Latino,1,Destruction/Damage/Vandalism of Property,1.0,Hospital,Anti-Jewish,Individual,N,S
2004,Other,NJ,New Jersey,2004-12-05,0.0,0.0,1,1.0,0.0,Hispanic or Latino,Hispanic or Latino,1,Felony Assault,1.0,Museum/Academic Building,Anti-Hispanic or Latino,Individual,N,N
1993,City,CA,California,1993-08-17,1.0,0.0,2,1.0,1.0,White,Not Specified,1,Murder,1.0,Restaurant/Academic Building,Anti-White,Individual,N,N
2006,County,NJ,New Jersey,2006-05-30,0.0,0.0,1,1.0,0.0,Asian or Pacific Islander,Not Specified,1,Aggravated Assault,1.0,Office Building,Anti-Asian,Individual,N,N
1995,City,OR,Oregon,1995-02-14,0.0,0.0,2,2.0,0.0,White,Hispanic or Latino,1,Destruction/Damage/Vandalism of Property,1.0,Shopping Mall,Anti-White,Individual,N,N
2001,Other,GA,Georgia,2001-09-28,,,0,,,Unknown,Not Specified,1,Felony Assault,0.0,Air/Bus/Train Terminal,Anti-Catholic,Other,S,S
2003,City,NC, North Carolina,2003-06-11,1.0,0.0,1,1.0,0.0,White,Not Hispanic or Latino,1,Simple Assault,1.0,Store/Apartment Building,Anti-Jewish,Individual,N,N
1992,County,MN,Minnesota,1992-10-13,0.0,0.0,1,1.0,0.0,Black or African American,Not Specified,1,Aggravated Assault,1.0,Highway/Road/Alley/Street/Sidewalk,Anti-Black or African American,Individual,N,N
2008,City,TX,Texas,2008-01-19,2.0,0.0,1,1.0,0.0,White,Not Specified,2,Felony Assault,2.0,Residence,Anti-Jewish,Individual,N,N
1996,Other,MD,maryland,1996-05-09,0.0,1.0,2,0.0,2.0,White,Hispanic or Latino,1,Destruction/Damage/Vandalism of Property,1.0,Hospital,Anti-White,Individual,N,N
2005,City,CO,Colorado,2005-11-16,,,0,,,Unknown,Not Specified,1,Murder,0.0,School/College,Anti-Catholic,Other,Y,Y
2010,County,WI,Wisconsin,2010-04-02,1.0,0.0,3,1.0,2.0,Asian or Pacific Islander,Not Specified,1,Simple Assault,1.0,Store/Apartment Building,Anti-Asian,Individual,S,N
1994,City,VA,Virginia,1994-07-22,0.0,0.0,1,1.0,0.0,Black or African American,Not Specified,1,Aggravated Assault,1.0,Shopping Mall,Anti-Black or African American,Individual,N,N
2011,City,IL,Illinois,2011-03-10,0.0,1.0,1,0.0,1.0,White,Hispanic or Latino,1,Destruction/Damage/Vandalism of Property,1.0,Public Park,Anti-Jewish,Individual,F,N
1998,Emergency Services,PA,Pennsylvania,1998-08-18,2.0,0.0,1,1.0,0.0,White,Not Specified,2,Murder,2.0,Hospital,Anti-White,Individual,N,N
1997,City,WA,Washington,1997-12-06,0.0,0.0,2,2.0,0.0,White,Not Specified,1,Simple Assault,1.0,Office Building,Anti-White,Individual,N,N
2002,County,MN,Minnesota,2002-01-14,0.0,1.0,1,0.0,1.0,Black or African American,Not Specified,1,Felony Assault,1.0,Restaurant/Academic Building,Anti-Black or African American,Individual,N,N
2013,City,OH,Ohio,2013-05-20,0.0,1.0,1,0.0,1.0,Hispanic or Latino,Hispanic or Latino,1,Destruction/Damage/Vandalism of Property,1.0,School/College,Anti-Hispanic or Latino,Individual,N,N
1991,Emergency Services,NY,New York,1991-10-27,1.0,0.0,1,1.0,0.0,Asian or Pacific Islander,Not Specified,1,Felony Assault,1.0,Residence,Anti-Asian,Individual,N,N
2007,County,AL,Alabama,2007-04-22,0.0,0.0,2,2.0,0.0,White,Not Specified,1,Simple Assault,1.0,Shopping Mall,Anti-White,Individual,N,N
1999,City,KY,Kentucky,1999-03-05,1.0,0.0,1,1.0,0.0,White,Hispanic or Latino,1,Aggravated Assault,1.0,School/College,Anti-Jewish,Individual,N,N
2009,City,GA,Georgia,2009-09-16,0.0,1.0,1,0.0,1.0,White,Not Specified,1,Destruction/Damage/Vandalism of Property,1.0,Hospital,Anti-White,Individual,N,N
2000,Emergency Services,OR,Oregon,2000-11-08,2.0,0.0,1,1.0,0.0,Black or African American,Not Specified,2,Felony Assault,2.0,Highway/Road/Alley/Street/Sidewalk,Anti-Black or African American,Individual,N,N
2004,County,CO,Colorado,2004-08-01,0.0,1.0,1,0.0,1.0,Hispanic or Latino,Hispanic or Latino,1,Murder,1.0,Store/Apartment Building,Anti-Hispanic or Latino,Individual,N,N
2014,City,TN,Tennessee,2014-02-17,0.0,0.0,2,2.0,0.0,White,Not Specified,1,Aggravated Assault,1.0,Office Building,Anti-White,Individual,N,N
1993,City,NJ,New Jersey,1993-07-23,1.0,0.0,2,1.0,1.0,White,Not Hispanic or Latino,1,Simple Assault,1.0,Residence,Anti-Jewish,Individual,N,N
2006,City,NV,Nevada,2006-09-19,0.0,0.0,1,1.0,0.0,White,Not Specified,1,Destruction/Damage/Vandalism of Property,1.0,School/College,Anti-White,Individual,S,N
1995,Other,AR,Arkansas,1995-05-30,0.0,0.0,1,1.0,0.0,Black or African American,Not Specified,1,Murder,1.0,Restaurant/Academic Building,Anti-Black or African American,Individual,N,N
2012,City,MI,Michigan,2012-12-23,0.0,1.0,2,0.0,2.0,White,Hispanic or Latino,1,Felony Assault,1.0,Highway/Road/Alley/Street/Sidewalk,Anti-White,Individual,N,N
2003,Emergency Services,FL,Florida,2003-06-04,1.0,0.0,3,1.0,2.0,White,Not Specified,1,Simple Assault,1.0,Store/Apartment Building,Anti-White,Individual,N,N
1997,City,NY,New York,1997-03-11,0.0,0.0,1,1.0,0.0,White,Hispanic or Latino,1,Aggravated Assault,1.0,Hospital,Anti-White,Individual,N,N
2008,County,CA,California,2008-07-15,0.0,1.0,1,0.0,1.0,Asian or Pacific Islander,Not Specified,1,Destruction/Damage/Vandalism of Property,1.0,Shopping Mall,Anti-Asian,Individual,N,N
2010,Other,KY,Kentucky,2010-10-30,,,0,,,Unknown,Not Specified,1,Intimidation,0.0,School/College,Anti-Catholic,Other,S,S
1996,City,WY,Wyoming,1996-04-09,1.0,0.0,1,1.0,0.0,White,Not Specified,1,Felony Assault,1.0,Store/Apartment Building,Anti-Jewish,Individual,N,N
2001,City,AL,Alabama,2001-01-29,0.0,0.0,2,2.0,0.0,White,Not Specified,1,Simple Assault,1.0,Residence,Anti-White,Individual,N,N
2005,County,MO,Missouri,2005-10-21,2.0,0.0,1,1.0,0.0,Hispanic or Latino,Hispanic or Latino,2,Murder,2.0,Office Building,Anti-Hispanic or Latino,Individual,N,N
2009,City,MD,maryland,2009-02-13,0.0,0.0,2,2.0,0.0,White,Not Specified,1,Destruction/Damage/Vandalism of Property,1.0,Hospital,Anti-White,Individual,N,N
1994,City,NJ,New Jersey,1994-06-06,1.0,0.0,1,1.0,0.0,White,Hispanic or Latino,1,Aggravated Assault,1.0,Restaurant/Academic Building,Anti-Jewish,Individual,N,N
1999,County,LA,Louisiana,1999-09-01,0.0,1.0,2,0.0,2.0,White,Not Specified,1,Felony Assault,1.0,School/College,Anti-White,Individual,N,N
2011,City,VT,Vermont,2011-03-18,0.0,0.0,1,1.0,0.0,Asian or Pacific Islander,Not Specified,1,Simple Assault,1.0,Store/Apartment Building,Anti-Asian,Individual,N,N
2003,City,FL,Florida,2003-06-15,1.0,0.0,2,1.0,1.0,Hispanic or Latino,Hispanic or Latino,1,Assault,1.0,Residence,Anti-Hispanic or Latino,Individual,S,N
1999,Township,OH,Ohio,1999-08-22,0.0,1.0,1,1.0,0.0,White,Not Hispanic or Latino,1,Vandalism,1.0,School/College,Anti-White,Individual,S,N
2008,County,GA,Georgia,2008-03-17,2.0,0.0,3,2.0,1.0,Black or African American,Not Specified,1,Felony Assault,2.0,Community Center,Anti-Black or African American,Individual,S,S
2012,Police Department,VA,Virginia,2012-11-09,0.0,1.0,1,1.0,0.0,Asian,Not Specified,1,Harassment/Intimidation,2.0,Restaurant,Anti-Asian,Individual,S,N
2005,City,WI,Wisconsin,2005-02-28,1.0,0.0,2,2.0,0.0,White,Not Hispanic or Latino,1,Assault,1.0,Office Building,Anti-White,Individual,S,S
2001,Town,MI,Michigan,2001-07-14,0.0,2.0,1,1.0,0.0,Hispanic or Latino,Hispanic or Latino,1,Robbery,2.0,Park,Anti-Hispanic or Latino,Individual,S,N
2014,County,NY,New York,2014-05-30,3.0,1.0,2,2.0,0.0,White,Not Hispanic or Latino,1,Burglary,4.0,Residence,Anti-White,Individual,S,S
2007,University,Pennsylvania,PA,2007-09-19,1.0,0.0,1,1.0,0.0,Asian,Not Specified,1,Aggravated Assault,1.0,College/University,Anti-Asian,Individual,S,N
2002,City,TX,Texas,2002-12-04,2.0,0.0,3,2.0,1.0,Hispanic or Latino,Hispanic or Latino,1,Assault,2.0,School/College,Anti-Hispanic or Latino,Individual,N,S
2009,Police Department,IL,Illinois,2009-01-08,0.0,1.0,2,1.0,1.0,Black or African American,Not Specified,1,Simple Assault,2.0,Place of Worship,Anti-Black or African American,Individual,S,E
1995,City,LA,Louisiana,1995-04-21,1.0,0.0,1,1.0,0.0,White,Not Hispanic or Latino,1,Harassment/Intimidation,1.0,Home,Anti-White,Individual,N,N
2013,Police Department,NC,Carolina,2013-08-27,3.0,0.0,2,2.0,0.0,Black or African American,Not Specified,1,Vandalism,3.0,Shopping Mall,Anti-Black or African American,Individual,S,S
1998,City,SC,Carolina,1998-10-10,0.0,1.0,1,1.0,0.0,White,Not Hispanic or Latino,1,Assault,2.0,Government Building,Anti-White,Individual,S,N
2006,Police Department,MD,Maryland,2006-11-03,1.0,0.0,2,2.0,0.0,Hispanic or Latino,Hispanic or Latino,1,Aggravated Assault,1.0,Holiday Event,Anti-Hispanic or Latino,Individual,S,S
2011,City,TN,Tennessee,2011-02-12,2.0,0.0,3,1.0,2.0,Asian,Not Specified,1,Simple Assault,2.0,Store/Apartment Complex,Anti-Asian,Individual,S,N
2000,City,AL,Alabama,2000-06-18,0.0,1.0,1,1.0,0.0,White,Not Hispanic or Latino,1,Robbery,2.0,Restaurant,Anti-White,Individual,S,N
2005,Township,MO,Missouri,2005-03-22,1.0,0.0,1,1.0,0.0,Hispanic or Latino,Hispanic or Latino,1,Assault,1.0,Residence,Anti-Hispanic or Latino,Individual,S,N
2010,Police Department,WV,West Virginia,2010-07-21,2.0,0.0,2,2.0,0.0,Black or African American,Not Specified,1,Assault,2.0,School/College,Anti-Black or African American,Individual,S,N
2004,City,NH,New Hampshire,2004-05-13,1.0,0.0,1,1.0,0.0,White,Not Hispanic or Latino,1,Felony Assault,1.0,Office Building,Anti-White,Individual,S,N
2012,City,OR,Oregon,2012-09-15,0.0,1.0,2,2.0,0.0,Asian,Not Specified,1,Harassment/Intimidation,2.0,Home,Anti-Asian,Individual,S,N
2008,County,MN,Minnesota,2008-12-28,1.0,0.0,1,1.0,0.0,White,Not Hispanic or Latino,1,Burglary,1.0,Store/Apartment Complex,Anti-White,Individual,S,N
1997,City,KY,Kentucky,1997-01-07,0.0,2.0,3,1.0,2.0,Black or African American,Not Specified,1,Assault,2.0,School/College,Anti-Black or African American,Individual,S,N
2009,City,NJ,New Jersey,2009-04-09,2.0,1.0,2,1.0,1.0,White,Not Hispanic or Latino,1,Aggravated Assault,3.0,Holiday Event,Anti-White,Individual,S,N
2013,City,CT,Connecticut,2013-08-22,0.0,1.0,1,1.0,0.0,Hispanic or Latino,Hispanic or Latino,1,Simple Assault,2.0,School/College,Anti-Hispanic or Latino,Individual,S,N
2001,City,VT,Vermon,2001-11-30,1.0,0.0,1,1.0,0.0,Black or African American,Not Specified,1,Assault,1.0,Residence,Anti-Black or African American,Individual,S,N
2007,Police Department,AR,Arkansas,2007-03-10,2.0,0.0,3,2.0,1.0,White,Not Hispanic or Latino,1,Robbery,2.0,Office Building,Anti-White,Individual,N,N
2014,City,IN,Indiana,2014-06-11,0.0,1.0,1,1.0,0.0,Asian,Not Specified,1,Simple Assault,2.0,Restaurant,Anti-Asian,Individual,S,N
1999,County,WA,Washington,1999-09-24,1.0,0.0,1,1.0,0.0,White,Not Hispanic or Latino,1,Assault,1.0,Place of Worship,Anti-White,Individual,S,N
2002,City,OK,Oklahoma,2002-12-01,2.0,0.0,2,1.0,1.0,Hispanic or Latino,Hispanic or Latino,1,Aggravated Assault,2.0,Park,Anti-Hispanic or Latino,Individual,N,N
2006,City,FL,Florida,2006-07-17,0.0,1.0,3,1.0,2.0,Black or African American,Not Specified,1,Assault,2.0,Community Center,Anti-Black or African American,Individual,S,N
2011,Police Department,MD,Maryland,2011-10-09,1.0,0.0,2,1.0,1.0,White,Not Hispanic or Latino,1,Vandalism,2.0,Store/Apartment Complex,Anti-White,Individual,S,N
2003,City,OH,Ohio,2003-03-05,3.0,0.0,1,1.0,0.0,Asian,Not Specified,1,Simple Assault,3.0,School/College,Anti-Asian,Individual,S,N
2008,Township,CA,California,2008-06-16,0.0,1.0,2,2.0,0.0,White,Not Hispanic or Latino,1,Robbery,2.0,Holiday Event,Anti-White,Individual,S,N
2004,City,TX,Texas,2004-09-20,1.0,0.0,1,1.0,0.0,Hispanic or Latino,Hispanic or Latino,1,Felony Assault,1.0,University,Anti-Hispanic or Latino,Individual,S,N
2010,City,PA,Pennsylvania,2010-12-18,2.0,0.0,2,2.0,0.0,Black or African American,Not Specified,1,Assault,2.0,Residence,Anti-Black or African American,Individual,N,N
2000,City,GA,Georgia,2000-01-31,0.0,1.0,1,1.0,0.0,White,Not Hispanic or Latino,1,Harassment/Intimidation,2.0,Shopping Mall,Anti-White,Individual,S,N
2005,County,RI,Rhode Island,2005-05-12,1.0,0.0,1,1.0,0.0,Asian,Not Specified,1,Assault,1.0,School/College,Anti-Asian,Individual,S,N
2013,City,WI,Wisconsin,2013-03-23,3.0,0.0,2,2.0,0.0,White,Not Hispanic or Latino,1,Aggravated Assault,3.0,Office Building,Anti-White,Individual,S,N
2009,City,NY,New York,2009-08-14,0.0,1.0,1,1.0,0.0,Hispanic or Latino,Hispanic or Latino,1,Simple Assault,1.0,Public Housing,Anti-Hispanic or Latino,Individual,N,N
1998,City,MN,Minnesota,1998-11-04,1.0,0.0,1,1.0,0.0,White,Not Hispanic or Latino,1,Vandalism,1.0,Restaurant,Anti-White,Individual,S,N
2007,Police Department,MS,Mississippi,2007-02-26,2.0,0.0,3,2.0,1.0,Black or African American,Not Specified,1,Burglary,2.0,School/College,Anti-Black or African American,Individual,S,N
2012,County,KY,Kentucky,2012-07-07,0.0,1.0,1,1.0,0.0,White,Not Hispanic or Latino,1,Assault,1.0,Residence,Anti-White,Individual,N,N
2001,City,DE,Delaware,2001-04-19,1.0,0.0,2,1.0,1.0,Hispanic or Latino,Hispanic or Latino,1,Aggravated Assault,1.0,Store/Apartment Complex,Anti-Hispanic or Latino,Individual,S,N
2006,City,WV,West Virginia,2006-10-30,2.0,0.0,1,1.0,0.0,White,Not Hispanic or Latino,1,Assault,2.0,Community Center,Anti-White,Individual,S,N
2003,Police Department,NJ,New Jersey,2003-08-12,1.0,0.0,1,1.0,0.0,Black or African American,Not Specified,1,Simple Assault,1.0,Holiday Event,Anti-Black or African American,Individual,S,N
2014,City,NE,Nebraska,2014-01-24,0.0,1.0,3,2.0,1.0,White,Not Hispanic or Latino,1,Felony Assault,2.0,University,Anti-White,Individual,S,N
2002,City,IL,Illinois,2002-03-15,1.0,0.0,2,1.0,1.0,Asian,Not Specified,1,Assault,1.0,Place of Worship,Anti-Asian,Individual,S,N
2007,City,VT,Vermon,2007-07-05,3.0,0.0,1,1.0,0.0,White,Not Hispanic or Latino,1,Robbery,3.0,Store/Apartment Complex,Anti-White,Individual,S,N
2011,Police Department,MN,Minnesota,2011-12-10,0.0,1.0,2,1.0,1.0,Black or African American,Not Specified,1,Aggravated Assault,2.0,School/College,Anti-Black or African American,Individual,N,N
2000,County,FL,Florida,2000-05-08,1.0,0.0,1,1.0,0.0,Hispanic or Latino,Hispanic or Latino,1,Assault,1.0,Residence,Anti-Hispanic or Latino,Individual,S,N
2005,City,MT,Montana,2005-09-23,2.0,0.0,2,2.0,0.0,White,Not Hispanic or Latino,1,Vandalism,2.0,Office Building,Anti-White,Individual,N,N
2010,City,WY,Wyoming,2010-06-14,0.0,1.0,1,1.0,0.0,Asian,Not Specified,1,Simple Assault,2.0,Restaurant,Anti-Asian,Individual,S,N
2008,University,CO,Colorado,2008-11-27,1.0,0.0,3,1.0,2.0,White,Not Hispanic or Latino,1,Assault,1.0,"University/College Campus",Anti-White,Individual,S,N
2004,Township,ID,Idaho,2004-04-09,2.0,0.0,1,1.0,0.0,Black or African American,Not Specified,1,Aggravated Assault,2.0,School/College,Anti-Black or African American,Individual,S,N
2013,City,CA,California,2013-02-28,0.0,1.0,2,1.0,1.0,White,Not Hispanic or Latino,1,Burglary,2.0,Office Building,Anti-White,Individual,S,N
1995,City,IL,Illinois,1995-03-18,1.0,0.0,2,1.0,1.0,White,Not Specified,1,Assault,1.0,Hospital,Anti-Jewish,Individual,S,S
2001,County,FL,Florida,2001-11-22,0.0,1.0,1,0.0,1.0,Black or African American,Not Hispanic or Latino,1,Harassment,1.0,Park,Anti-Black or African American,Bystander,S,S
1998,State,GA,Georgia,1998-07-05,2.0,0.0,3,2.0,1.0,Hispanic or Latino,Hispanic or Latino,2,Murder,2.0,Residence,Anti-Hispanic or Latino,Individual,S,S
2003,City,TX,Texas,2003-09-14,1.0,0.0,1,1.0,0.0,Unknown,Not Specified,1,Felony Assault,1.0,Shopping Mall,Anti-White,Individual,S,S
2006,County,PA,Pennsylvania,2006-04-03,0.0,2.0,2,0.0,2.0,White,Not Specified,1,Aggravated Assault,2.0,School/College,Anti-Male,Group,S,S
1999,City,WA,Washington,1999-12-29,1.0,1.0,1,1.0,0.0,Black or African American,Not Hispanic or Latino,2,Simple Assault,2.0,Public Place,Anti-African American,Individual,S,S
2010,State,NJ,New Jersey,2010-01-16,3.0,0.0,2,2.0,0.0,White,Not Specified,3,Assault,3.0,Rest Area,Anti-Christian,Individual,S,S
2002,Other,OH,Ohio,2002-06-11,1.0,1.0,3,1.0,2.0,Hispanic or Latino,Hispanic or Latino,2,Robbery,2.0,Office Building,Anti-Hispanic or Latino,Individual,S,S
2011,City,CO,Colorado,2011-08-27,2.0,0.0,1,1.0,0.0,Black or African American,Not Hispanic or Latino,2,Vandalism of Property,2.0,University,Anti-Black or African American,Individual,S,S
1996,County,MD, Maryland,1996-02-19,0.0,1.0,2,0.0,2.0,White,Not Specified,1,Intimidation,1.0,Library,Anti-LGBTQ+,Group,S,S
2013,City,LA,Louisiana,2013-04-07,1.0,0.0,1,1.0,0.0,White,Not Specified,1,Simple Assault,1.0,Restaurant,Anti-Gay (Male),Individual,S,S
1997,State,NY,New York,1997-10-26,1.0,1.0,3,1.0,2.0,Unknown,Not Specified,2,Harassment,2.0,Store,Anti-Unknown,Individual,S,S
2009,Other,VA,Virginia,2009-03-31,1.0,0.0,1,1.0,0.0,Black or African American,Not Hispanic or Latino,1,Destruction/Damage/Vandalism of Property,1.0,Apartment Complex,Anti-Black or African American,Individual,S,S
2005,City,NC,North Carolina,2005-08-17,2.0,2.0,2,2.0,0.0,White,Not Specified,4,Assault,4.0,Church,Anti-Person of Color,Group,S,S
1994,County,TX,Texas,1994-07-10,1.0,1.0,1,1.0,0.0,Other Race,Not Specified,2,Simple Assault,2.0,Highway/Road/Alley/Street/Sidewalk,Anti-Gay (Female),Bystander,S,S
2012,State,OR,Oregon,2012-01-05,0.0,1.0,1,0.0,1.0,Hispanic or Latino,Hispanic or Latino,1,Murder,1.0,Highway/Road/Alley/Street/Sidewalk,Anti-Hispanic or Latino,Individual,S,S
2008,City,FL,Florida,2008-11-21,2.0,0.0,2,2.0,0.0,White,Not Specified,2,Aggravated Assault,2.0,Residence,Anti-White,Individual,S,S
2000,Other,GA,Georgia,2000-03-23,0.0,1.0,1,0.0,1.0,Other Race,Not Specified,1,Assault,1.0,School/College,Anti-Other Race,Individual,S,S
2007,City,MI,Michigan,2007-09-18,1.0,0.0,1,1.0,0.0,Unknown,Not Specified,1,Felony Assault,1.0,Shopping Mall,Anti-Unknown,Individual,S,S
2014,County,IN,Indiana,2014-02-12,1.0,1.0,3,1.0,2.0,White,Not Specified,2,Harassment,2.0,Public Place,Anti-White,Group,S,S
1991,City,AZ,Arizona,1991-06-15,0.0,2.0,2,0.0,2.0,Hispanic or Latino,Hispanic or Latino,1,Intimidation,1.0,Residence,Anti-Hispanic or Latino,Individual,S,S
2004,State,AL,Alabama,2004-05-09,3.0,0.0,1,1.0,0.0,Black or African American,Not Hispanic or Latino,3,Murder,3.0,Hospital,Anti-Black or African American,Individual,S,S
2010,Other,MI,Michigan,2010-12-28,2.0,0.0,1,1.0,0.0,White,Not Specified,2,Simple Assault,2.0,Office Building,Anti-White,Individual,S,S
2003,City,NJ,New Jersey,2003-04-01,1.0,0.0,3,1.0,2.0,Black or African American,Not Hispanic or Latino,1,Aggravated Assault,1.0,Public Place,Anti-Black or African American,Individual,S,S
1992,County,FL,Florida,1992-08-30,1.0,1.0,1,1.0,0.0,Hispanic or Latino,Hispanic or Latino,2,Destruction/Damage/Vandalism of Property,2.0,Apartment Complex,Anti-Hispanic or Latino,Group,S,S
2006,State,VA,Virginia,2006-07-07,0.0,1.0,1,0.0,1.0,Unknown,Not Specified,1,Assault,1.0,Park,Anti-Unknown,Individual,S,S
2009,City,SC,South Carolina,2009-11-27,2.0,0.0,1,1.0,0.0,White,Not Specified,2,Harassment,2.0,Highway/Road/Alley/Street/Sidewalk,Anti-White,Individual,S,S
2013,County,CT,Connecticut,2013-10-31,0.0,2.0,2,0.0,2.0,Hispanic or Latino,Hispanic or Latino,1,Felony Assault,1.0,Shopping Mall,Anti-Hispanic or Latino,Individual,S,S
1998,City,NY,New York,1998-01-19,1.0,0.0,1,1.0,0.0,Black or African American,Not Hispanic or Latino,1,Robbery,1.0,School/College,Anti-Black or African American,Individual,S,S
2005,Other,IL,Illinois,2005-04-14,1.0,1.0,1,1.0,0.0,White,Not Specified,2,Assault,2.0,Store,Anti-White,Individual,S,S
2007,State,UT,Utah,2007-02-23,1.0,1.0,1,1.0,0.0,Other Race,Not Specified,2,Simple Assault,2.0,Apartment Complex,Anti-Other Race,Member,S,S
2011,City,WY,Wyoming,2011-09-11,0.0,1.0,3,0.0,3.0,White,Not Specified,1,Intimidation,1.0,Church,Anti-White,Group,S,S
1993,County,CA,California,1993-03-28,2.0,1.0,3,2.0,1.0,Hispanic or Latino,Hispanic or Latino,3,Destruction/Damage/Vandalism of Property,3.0,School/College,Anti-Hispanic or Latino,Individual,S,S
2012,State,TX,Texas,2012-08-19,0.0,1.0,1,0.0,1.0,Unknown,Not Specified,1,Aggravated Assault,1.0,Public Place,Anti-Unknown,Individual,S,S
2001,City,NV,Nevada,2001-10-31,3.0,0.0,1,1.0,0.0,Black or African American,Not Hispanic or Latino,3,Assault,3.0,Restaurant,Anti-Black or African American,Individual,S,S
2014,Other,MS,Mississippi,2014-06-07,0.0,1.0,2,0.0,2.0,White,Not Specified,1,Felony Assault,1.0,Hospital,Anti-White,Individual,S,S
1996,City,AZ,Arizona,1996-02-04,1.0,0.0,2,1.0,1.0,Hispanic or Latino,Hispanic or Latino,1,Murder,1.0,Residence,Anti-Hispanic or Latino,Individual,S,S
2008,County,VA,Virginia,2008-07-10,1.0,1.0,3,1.0,2.0,Black or African American,Not Hispanic or Latino,2,Harassment,2.0,School/College,Anti-Black or African American,Group,S,S
2010,State,OH,Ohio,2010-03-04,2.0,0.0,1,1.0,0.0,White,Not Specified,2,Assault,2.0,Hospital,Anti-White,Individual,S,S
1999,City,NY,New York,1999-09-20,0.0,1.0,3,0.0,3.0,Hispanic or Latino,Hispanic or Latino,1,Intimidation,1.0,Highway/Road/Alley/Street/Sidewalk,Anti-Hispanic or Latino,Individual,S,S
2004,Other,CA,California,2004-05-12,1.0,1.0,1,1.0,0.0,Other Race,Not Specified,2,Destruction/Damage/Vandalism of Property,2.0,Shopping Mall,Anti-Other Race,Individual,S,S
2002,City,CO,Colorado,2002-01-31,2.0,0.0,2,2.0,0.0,White,Not Specified,2,Aggravated Assault,2.0,Restaurant,Anti-White,Individual,S,S
2006,County,TX,Texas,2006-10-17,1.0,1.0,2,1.0,1.0,White,Not Specified,2,Felony Assault,2.0,Store,Anti-White,Individual,S,S
2013,State,FL,Florida,2013-12-22,1.0,0.0,3,1.0,2.0,Other Race,Not Specified,1,Simple Assault,1.0,Office Building,Anti-Other Race,Group,S,S
1995,City,NJ,New Jersey,1995-03-03,2.0,0.0,1,1.0,0.0,Black or African American,Not Hispanic or Latino,2,Assault,2.0,Highway/Road/Alley/Street/Sidewalk,Anti-Black or African American,Individual,S,S
2003,Other,PA,Pennsylvania,2003-07-26,0.0,1.0,1,0.0,1.0,Hispanic or Latino,Hispanic or Latino,1,Intimidation,1.0,School/College,Anti-Hispanic or Latino,Individual,S,S
2000,City,TN,Tennessee,2000-03-19,1.0,0.0,1,1.0,0.0,Unknown,Not Specified,1,Destruction/Damage/Vandalism of Property,1.0,Store,Anti-Unknown,Individual,S,S
2007,County,AR,Arkansas,2007-05-08,1.0,1.0,3,1.0,2.0,White,Not Specified,2,Harassment,2.0,Park,Anti-White,Group,S,S
2011,City,OK,Oklahoma,2011-11-24,1.0,0.0,1,1.0,0.0,Black or African American,Not Hispanic or Latino,1,Assault,1.0,School/College,Anti-Black or African American,Individual,S,S
1994,State,IN,Indiana,1994-08-28,0.0,1.0,2,0.0,2.0,Hispanic or Latino,Hispanic or Latino,1,Felony Assault,1.0,Shopping Mall,Anti-Hispanic or Latino,Individual,S,S
2009,Other,NM,New Mexico,2009-04-05,2.0,0.0,1,1.0,0.0,White,Not Specified,2,Aggravated Assault,2.0,Residence,Anti-White,Individual,S,S
2005,City,NC,North Carolina,2005-02-13,3.0,1.0,1,1.0,0.0,White,Not Specified,4,Assault,4.0,Highway/Road/Alley/Street/Sidewalk,Anti-White,Individual,S,S
2012,County,MD, Maryland,2012-07-21,1.0,0.0,1,1.0,0.0,Hispanic or Latino,Hispanic or Latino,1,Simple Assault,1.0,Store,Anti-Hispanic or Latino,Individual,S,S
2008,State,MI,Michigan,2008-09-15,1.0,1.0,1,1.0,0.0,Black or African American,Not Hispanic or Latino,2,Murder,2.0,Restaurant,Anti-Black or African American,Individual,S,S
1997,City,GA,Georgia,1997-12-21,2.0,0.0,1,1.0,0.0,White,Not Specified,2,Destruction/Damage/Vandalism of Property,2.0,Church,Anti-White,Individual,S,S
2001,Other,NE,Nebraska,2001-03-22,0.0,1.0,2,0.0,2.0,Other Race,Not Specified,1,Intimidation,1.0,Apartment Complex,Anti-Other Race,Individual,S,S
2014,City,VT,Vermont,2014-01-06,1.0,0.0,1,1.0,0.0,White,Not Specified,1,Aggravated Assault,1.0,Hospital,Anti-White,Individual,S,S
2008,City,WA,Washington,2008-03-15,1.0,0.0,2,1.0,1.0,White,Not Specified,1,Assault,1.0,Residence,Anti-Jewish,Individual,S,S
1998,Tribal,OK,Oklahoma,1998-11-22,0.0,1.0,3,2.0,1.0,White,Hispanic or Latino,1,Simple Assault,1.0,Church/Academy/Mosque,Straight to Gay,Bias Incident,S,S
1993,State Agency,NY,New York,1993-07-10,0.0,0.0,1,1.0,0.0,Black or African American,Not Hispanic or Latino,1,Felony Assault,1.0,Public Building,Anti-African American,Individual,S,S
2011,Local Police,FL,Florida,2011-01-30,2.0,0.0,4,3.0,1.0,White,Not Specified,2,Aggravated Assault,2.0,Restaurant,Anti-Hispanic/Latino,Individual,S,S
1995,City,CO,Colorado,1995-09-08,0.0,2.0,2,1.0,1.0,Unknown,Not Specified,1,Intimidation,1.0,Elementary School,Anti-American Indian or Alaska Native,Individual,S,S
2002,City,TX,Texas,2002-05-17,1.0,0.0,2,1.0,1.0,Hispanic or Latino,Hispanic or Latino,1,Assault,1.0,Shopping Mall,Anti-Mexican,Individual,S,S
2006,State Agency,WI,Wisconsin,2006-10-25,0.0,2.0,3,2.0,1.0,White,Not Specified,1,Burglary,1.0,Library,Anti-Muslim,Individual,S,S
1994,City,GA,Georgia,1994-07-02,0.0,1.0,1,1.0,0.0,White,Hispanic or Latino,1,Assault,1.0,Park,Anti-Catholic,Individual,S,S
2010,City,NC,North Carolina,2010-12-18,1.0,0.0,2,1.0,1.0,White,Not Specified,1,Simple Assault,1.0,Housing Complex,Anti-Homosexual,Individual,S,S
2005,Local Police,MD,Maryland,2005-04-21,2.0,0.0,4,3.0,1.0,White,Not Specified,2,Threatening Words,2.0,School/College,Anti-White,Individual,S,S
1991,City,OR,Oregon,1991-06-30,0.0,1.0,1,1.0,0.0,Unknown,Not Specified,1,Destruction/Damage/Vandalism of Property,1.0,Hospital,Anti-Lesbian,Individual,S,S
2012,City,VA,Virginia,2012-02-11,1.0,1.0,1,1.0,0.0,White,Hispanic or Latino,2,Assault,2.0,Police Station,Anti-German,Individual,S,S
2009,City,AL,Alabama,2009-01-05,0.0,0.0,2,1.0,1.0,Hispanic or Latino,Hispanic or Latino,1,Aggravated Assault,1.0,Bar/Restaurant,Anti-Female Gender,Individual,S,S
2014,City,MI,Michigan,2014-08-14,1.0,0.0,1,1.0,0.0,Black or African American,Not Specified,1,Theft,1.0,Government Building,Anti-Heterosexual,Individual,S,S
1996,City,SC,South Carolina,1996-03-22,0.0,2.0,3,2.0,1.0,Unknown,Not Specified,1,Assault,1.0,Airport,Anti-Native Hawaiian or Other Pacific Islander,Individual,S,S
2000,State Agency,PA,Pennsylvania,2000-07-31,1.0,1.0,5,4.0,1.0,White,Not Specified,2,Assault,2.0,Shopping Mall,Anti-Transgender,Individual,S,S
2007,City,MA,Massachusetts,2007-05-01,2.0,0.0,3,2.0,1.0,Unknown,Not Specified,2,Intimidation,2.0,Festival,Anti-LGBTQ+ Person,Individual,S,S
1992,City,WV,West Virginia,1992-09-12,0.0,3.0,3,2.0,1.0,White,Hispanic or Latino,1,Simple Assault,1.0,Bar/Restaurant,Anti-Italian,Individual,S,S
2013,City,IL,Illinois,2013-11-04,1.0,0.0,2,2.0,0.0,White,Not Specified,1,Assault,1.0,School/College,Anti-Disabled,Individual,S,S
2001,City,NH,New Hampshire,2001-06-16,0.0,1.0,2,1.0,1.0,White,Not Specified,1,Theft,1.0,Housing Complex,Anti-Italian,Individual,S,S
2003,City,MN,Minnesota,2003-02-28,2.0,0.0,4,3.0,1.0,White,Hispanic or Latino,2,Aggravated Assault,2.0,Housing Complex,Anti-Gay (Female),Individual,S,S
2011,Local Police,VT,Vermont,2011-04-19,0.0,1.0,2,1.0,1.0,Hispanic or Latino,Hispanic or Latino,1,Burglary,1.0,Air/Bus/Train Terminal,Anti-Puerto Rican,Individual,S,S
1999,City,MT,Montana,1999-10-07,1.0,0.0,1,1.0,0.0,Black or African American,Not Hispanic or Latino,1,Felony Assault,1.0,Restaurant,Anti-Black or African American,Individual,S,S
2004,City,KS,Kansas,2004-08-17,0.0,2.0,3,2.0,1.0,White,Not Specified,1,Destruction/Damage/Vandalism of Property,1.0,Educational Facility,Anti-Heritage/Native American,Individual,S,S
2006,Municipality,OH,Ohio,2006-12-22,1.0,0.0,1,1.0,0.0,White,Not Specified,1,Simple Assault,1.0,Shopping Mall,Anti-Romani,Individual,S,S
2010,City,ME,Maine,2010-07-30,0.0,1.0,2,1.0,1.0,White,Hispanic or Latino,1,Assault,1.0,Museum,Anti-Orthodox Jewish,Individual,S,S
1997,City,RI,Rhode Island,1997-03-11,2.0,0.0,2,1.0,1.0,Black or African American,Not Specified,2,Assault,2.0,Museum,Anti-Hindu,Individual,S,S
2008,Local Police,CT,Connecticut,2008-05-25,0.0,1.0,1,1.0,0.0,White,Not Specified,1,Burglary,1.0,Worship Facility,Anti-Christians,Individual,S,S
2002,City,NJ,New Jersey,2002-09-13,1.0,0.0,1,1.0,0.0,White,Not Hispanic or Latino,1,Assault,1.0,School/College,Anti-Christian Fundamentalist,Individual,S,S
1994,City,ID,Idaho,1994-11-05,0.0,2.0,2,1.0,1.0,Unknown,Not Specified,1,Simple Assault,1.0,Church/Academy/Mosque,Anti-Islamic,Individual,S,S
2012,City,NE,Nebraska,2012-01-02,1.0,0.0,2,1.0,1.0,Black or African American,Not Specified,1,Aggravated Assault,1.0,Bus Stop,Anti-Black or African American,Individual,S,S
2005,City,AR,Arkansas,2005-06-18,2.0,0.0,3,2.0,1.0,White,Not Specified,2,Aggravated Assault,2.0,Public Building,Anti-Jewish,Individual,S,S
2009,City,DE,Delaware,2009-03-17,0.0,1.0,2,1.0,1.0,White,Hispanic or Latino,1,Assault,1.0,School/College,Anti-Gay (Male),Individual,S,S
1991,Local Police,HI,Hawaii,1991-07-24,1.0,0.0,2,1.0,1.0,White,Hispanic or Latino,1,Simple Assault,1.0,Housing Complex,Anti-Latin@American,Individual,S,S
2007,City,NY,New York,2007-09-30,0.0,2.0,3,2.0,1.0,Hispanic or Latino,Hispanic or Latino,1,Intimidation,1.0,Bar/Restaurant,Anti-Queer,Individual,S,S
2014,City,NV,Nevada,2014-08-10,1.0,1.0,2,1.0,1.0,White,Not Specified,2,Assault,2.0,Residence,Anti-Bigot,Individual,S,S
2003,City,KY,Kentucky,2003-12-09,0.0,1.0,1,1.0,0.0,White,Not Specified,1,Simple Assault,1.0,Medical Facility,Anti-Transgender Person,Individual,S,S
2013,City,LA,Louisiana,2013-05-14,2.0,0.0,2,1.0,1.0,White,Hispanic or Latino,2,Felony Assault,2.0,Public Building,Anti-Gender Non-Conforming,Individual,S,S
2000,City,AZ,Arizona,2000-01-20,0.0,2.0,3,2.0,1.0,Unknown,Not Specified,1,Theft,1.0,Housing Complex,Anti-Building Owner,Individual,S,S
1995,City,WY,Wyoming,1995-04-08,1.0,0.0,1,1.0,0.0,White,Not Specified,1,Assault,1.0,Elementary School,Anti-Children,Individual,S,S
2001,City,SD,South Dakota,2001-11-22,0.0,1.0,2,1.0,1.0,White,Hispanic or Latino,1,Burglary,1.0,Museum,Anti-Supernatural Being,Individual,S,S
2006,City,VA,Virginia,2006-02-18,1.0,0.0,2,1.0,1.0,White,Hispanic or Latino,1,Assault,1.0,Shopping Mall,Anti-Immigrant,Individual,S,S
2010,City,MD,Maryland,2010-07-05,0.0,2.0,3,2.0,1.0,White,Not Specified,1,Felony Assault,1.0,Library,Anti-Incinerator,Individual,S,S
1998,City,MS,Mississippi,1998-09-29,2.0,0.0,4,3.0,1.0,White,Hispanic or Latino,2,Simple Assault,2.0,Highway/Road/Alley/Street/Sidewalk,Anti-Black or African American,Individual,S,S
2004,City,IN,Indiana,2004-12-01,0.0,1.0,1,1.0,0.0,White,Not Specified,1,Destruction/Damage/Vandalism of Property,1.0,Residence,Anti-LGBTQ,Individual,S,S
2011,City,WI,Wisconsin,2011-03-19,1.0,0.0,2,1.0,1.0,Unknown,Not Specified,1,Aggravated Assault,1.0,Church/Academy/Mosque,Anti-Heathen,Individual,S,S
2002,City,FL,Florida,2002-08-23,0.0,2.0,3,2.0,1.0,White,Hispanic or Latino,1,Assault,1.0,Restaurant,Anti-Male-Identity,Individual,S,S
2009,City,GA,Georgia,2009-06-11,2.0,0.0,4,3.0,1.0,White,Not Specified,2,Threatening Words,2.0,School/College,Anti-Women,Individual,S,S
2005,City,NC, North Carolina,2005-09-15,0.0,1.0,2,1.0,1.0,White,Not Hispanic or Latino,1,Destruction/Damage/Vandalism of Property,1.0,Hospital,Anti-Military Personnel,Individual,S,S
2007,City,OR,Oregon,2007-04-29,1.0,0.0,1,1.0,0.0,White,Not Specified,1,Simple Assault,1.0,Hotel/Apartment,Anti-Democrat,Individual,S,S
1993,City,AZ,Arizona,1993-10-26,0.0,1.0,1,1.0,0.0,White,Hispanic or Latino,1,Burglary,1.0,Housing Complex,Anti-Conservative,Individual,S,S
2012,City,VA,Virginia,2012-01-04,1.0,0.0,2,1.0,1.0,White,Not Hispanic or Latino,1,Aggravated Assault,1.0,School/College,Anti-Family Values,Individual,S,S
2008,City,NC,North Carolina,2008-02-21,0.0,2.0,3,2.0,1.0,White,Not Specified,1,Theft,1.0,Airport,Anti-Border Patrol,Individual,S,S
2003,City,NJ,New Jersey,2003-05-17,2.0,0.0,2,1.0,1.0,White,Hispanic or Latino,2,Assault,2.0,Park,Anti-State,Individual,S,S
1996,City,PA,Pennsylvania,1996-12-08,0.0,1.0,1,1.0,0.0,White,Not Specified,1,Assault,1.0,Museum,Anti-School District,Individual,S,S
2001,City,FL,Florida,2001-03-15,1.0,0.0,2,1.0,1.0,White,Not Hispanic or Latino,1,Assault,2.0,Residence,Anti-Jewish,Individual,S,Y
1999,County,GA,Georgia,1999-11-22,0.0,1.0,1,0.0,1.0,Black or African American,Not Specified,2,Simple Assault,2.0,School/College,Anti-Black or African American,Individual,S,S
2010,State,OH,Ohio,2010-07-08,2.0,0.0,3,2.0,1.0,Hispanic or Latino,Hispanic or Latino,1,Intimidation,3.0,Park/Arena/Field,Anti-Hispanic or Latino,Individual,Y,S
2012,City,TX,Texas,2012-02-14,0.0,2.0,2,0.0,2.0,White,Not Specified,3,Assault,4.0,Shopping Mall,Anti-American Indian or Alaska Native,Other,S,N
2003,Other,NC,North Carolina,2003-09-19,1.0,1.0,4,1.0,3.0,Asian,Not Specified,1,Destruction/Damage/Vandalism of Property,2.0,Hospital,Anti-Asian,Individual,S,S
2008,County,IL,Illinois,2008-12-05,0.0,0.0,1,0.0,1.0,Native Hawaiian or Other Pacific Islander,Not Specified,1,Intimidation,0.0,Church,Anti-Pacific Islander,Group,S,Y
2005,City,PA,Pennsylvania,2005-04-30,3.0,0.0,2,2.0,0.0,Black or African American,Not Specified,1,Assault,3.0,Restaurant,Anti-Black or African American,Group,N,N
2013,State,VA,Virginia,2013-06-21,2.0,1.0,1,1.0,0.0,Unknown,Not Specified,2,Intimidation,3.0,Highway/Road/Alley/Street/Sidewalk,Anti-Gay (Male),Other,S,N
2007,County,OR,Oregon,2007-08-17,0.0,1.0,3,0.0,3.0,Black or African American,Not Specified,1,Aggravated Assault,2.0,Hotel/Motel,Anti-Black or African American,Individual,S,S
2014,City,MI,Michigan,2014-10-11,1.0,0.0,2,1.0,1.0,White,Not Hispanic or Latino,1,Assault,2.0,College/University,Anti-Gay (Male),Individual,S,N
2002,Other,CO,Colorado,2002-01-29,2.0,0.0,1,1.0,0.0,White,Not Hispanic or Latino,1,Intimidation,2.0,Library,Anti-African American,Group,N,N
2009,City,WA,Washington,2009-05-23,0.0,0.0,2,0.0,2.0,Unknown,Not Specified,1,Simple Assault,0.0,Business/Office Building,Anti-Muslim,Individual,S,S
1998,County,NE,Nebraska,1998-03-06,1.0,0.0,1,1.0,0.0,Black or African American,Not Specified,1,Destruction/Damage/Vandalism of Property,1.0,Public Transportation,Anti-Black or African American,Individual,S,Y
2006,City,IN,Indiana,2006-11-02,2.0,1.0,3,2.0,1.0,Hispanic or Latino,Hispanic or Latino,1,Aggravated Assault,3.0,School/College,Anti-Hispanic or Latino,Group,S,Y
2011,Other,NY,New York,2011-02-18,0.0,2.0,2,0.0,2.0,White,Not Specified,2,Assault,4.0,Residence,Anti-Asian,Individual,S,S
1994,State,WI,Wisconsin,1994-07-30,1.0,0.0,1,1.0,0.0,Asian,Not Specified,1,Intimidation,1.0,Religious Institution,Anti-Asian,Individual,S,N
2000,City,NV,Nevada,2000-10-04,0.0,0.0,1,0.0,1.0,Black or African American,Not Specified,1,Destruction/Damage/Vandalism of Property,0.0,Shopping Mall,Anti-Black or African American,Individual,Y,S
2003,County,AL,Alabama,2003-02-08,1.0,1.0,4,1.0,3.0,White,Not Hispanic or Latino,2,Simple Assault,2.0,Government Building,Anti-American Indian or Alaska Native,Group,S,N
2006,State,FL,Florida,2006-06-12,0.0,0.0,2,0.0,2.0,Hispanic or Latino,Hispanic or Latino,1,Assault,0.0,Residence,Anti-Hispanic or Latino,Individual,S,S
2009,City,MD, Maryland,2009-12-27,2.0,0.0,3,2.0,1.0,Unknown,Not Specified,1,Destruction/Damage/Vandalism of Property,2.0,Highway/Road/Alley/Street/Sidewalk,Anti-Gay (Male),Group,N,S
1992,Other,MA,Massachusetts,1992-09-14,1.0,0.0,2,1.0,1.0,Black or African American,Not Specified,1,Aggravated Assault,1.0,Store Retail Shop,Anti-Black or African American,Individual,S,Y
2013,City,SC, South Carolina,2013-04-05,0.0,1.0,3,0.0,3.0,White,Not Hispanic or Latino,1,Simple Assault,1.0,Government Building,Anti-White,Other,S,N
2010,County,TN,Tennessee,2010-01-19,1.0,0.0,1,1.0,0.0,Asian,Not Specified,1,Intimidation,1.0,Library,Anti-Asian,Individual,S,N
2005,City,NH,New Hampshire,2005-11-09,0.0,1.0,2,0.0,2.0,Black or African American,Not Specified,1,Assault,2.0,Residence,Anti-Black or African American,Group,S,S
1991,State,GA,Georgia,1991-03-22,1.0,0.0,2,1.0,1.0,White,Not Specified,1,Destruction/Damage/Vandalism of Property,1.0,School/College,Anti-American Indian or Alaska Native,Individual,S,N
2012,Other,ME,Maine,2012-08-16,0.0,0.0,1,0.0,1.0,Hispanic or Latino,Hispanic or Latino,1,Assault,0.0,College/University,Anti-Hispanic or Latino,Individual,N,Y
2008,City,CT,Connecticut,2008-05-28,2.0,1.0,3,2.0,1.0,Unknown,Not Specified,2,Aggravated Assault,3.0,Park/Arena/Field,Anti-Muslim,Individual,S,S
2011,County,CA,California,2011-09-03,0.0,0.0,2,0.0,2.0,White,Not Hispanic or Latino,1,Intimidation,0.0,Residence,Anti-White,Individual,Y,S
1993,City,AK,Alaska,1993-12-15,1.0,0.0,1,1.0,0.0,Asian,Not Specified,1,Simple Assault,1.0,Store Retail Shop,Anti-Asian,Individual,N,N
2004,State,MN,Minnesota,2004-01-25,0.0,2.0,2,0.0,2.0,Black or African American,Not Specified,2,Destruction/Damage/Vandalism of Property,4.0,Restaurants/Academic Buildings,Anti-Black or African American,Group,S,S
2007,Other,WY,Wyoming,2007-10-10,1.0,0.0,1,1.0,0.0,Unknown,Not Specified,1,Aggravated Assault,1.0,Highway/Road/Alley/Street/Sidewalk,Anti-Gay (Male),Individual,S,N
2002,City,AR,Arkansas,2002-07-04,0.0,0.0,3,0.0,3.0,White,Not Hispanic or Latino,1,Assault,0.0,Church,Anti-White,Other,Y,Y
1997,County,KY,Kentucky,1997-11-18,2.0,0.0,2,2.0,0.0,Hispanic or Latino,Hispanic or Latino,1,Intimidation,2.0,Hospital,Anti-Hispanic or Latino,Group,S,S
2014,City,IA,Iowa,2014-03-31,1.0,1.0,1,1.0,0.0,Black or African American,Not Specified,1,Destruction/Damage/Vandalism of Property,2.0,Restaurant,Anti-Black or African American,Individual,Y,N
2000,State,UT,Utah,2000-08-07,0.0,0.0,2,0.0,2.0,Asian,Not Specified,1,Assault,0.0,College/University,Anti-Asian,Individual,S,S
1995,City,ID,Idaho,1995-06-09,0.0,1.0,1,0.0,1.0,White,Not Hispanic or Latino,1,Aggravated Assault,1.0,Public Transportation,Anti-White,Individual,Y,S
2013,Other,VT,Vermont,2013-12-23,0.0,0.0,1,0.0,1.0,Hispanic or Latino,Hispanic or Latino,1,Intimidation,0.0,School/College,Anti-Hispanic or Latino,Group,N,N
2009,City,KS,Kansas,2009-04-14,1.0,0.0,2,1.0,1.0,Black or African American,Not Specified,1,Destruction/Damage/Vandalism of Property,1.0,Residence,Anti-Black or African American,Individual,S,S
1999,County,MS,Mississippi,1999-02-08,1.0,0.0,3,1.0,2.0,White,Not Hispanic or Latino,1,Assault,1.0,Restaurant,Anti-White,Individual,N,S
2003,State,MT,Montana,2003-09-01,0.0,1.0,1,0.0,1.0,Asian,Not Specified,1,Simple Assault,1.0,Hotel/Motel,Anti-Asian,Individual,S,Y
2010,Other,VA,Virginia,2010-07-17,1.0,1.0,2,1.0,1.0,Unknown,Not Specified,2,Aggravated Assault,2.0,Church,Anti-Gay (Male),Other,S,S
1996,City,ME,Maine,1996-05-22,0.0,0.0,2,0.0,2.0,Black or African American,Not Specified,1,Intimidation,0.0,Government Building,Anti-Black or African American,Group,S,Y
2001,County,SD,South Dakota,2001-10-29,2.0,0.0,1,1.0,0.0,White,Not Hispanic or Latino,1,Destruction/Damage/Vandalism of Property,2.0,Library,Anti-White,Individual,N,N
2006,City,CO,Colorado,2006-01-12,0.0,0.0,3,0.0,3.0,Native Hawaiian or Other Pacific Islander,Not Specified,1,Assault,0.0,Air/Bus/Train Terminal,Anti-Pacific Islander,Other,N,S
2011,State,FL,Florida,2011-06-06,1.0,0.0,2,1.0,1.0,Hispanic or Latino,Hispanic or Latino,1,Intimidation,1.0,School/College,Anti-Hispanic or Latino,Individual,S,Y
1999,County,WV,West Virginia,1999-12-11,0.0,2.0,1,0.0,1.0,Unknown,Not Specified,1,Aggravated Assault,2.0,College/University,Anti-Gay (Male),Group,S,S
2007,City,RI,Rhode Island,2007-08-31,1.0,0.0,2,1.0,1.0,White,Not Hispanic or Latino,1,Simple Assault,1.0,Residence,Anti-White,Individual,N,N
2004,Other,IN,Indiana,2004-03-27,0.0,1.0,1,0.0,1.0,Black or African American,Not Specified,1,Destruction/Damage/Vandalism of Property,1.0,Shopping Mall,Anti-Black or African American,Group,S,S
2012,City,OR,Oregon,2012-10-21,0.0,0.0,2,0.0,2.0,Hispanic or Latino,Hispanic or Latino,1,Assault,0.0,Public Transportation,Anti-Hispanic or Latino,Individual,S,N
1994,County,WI,Wisconsin,1994-11-02,1.0,0.0,3,1.0,2.0,Unknown,Not Specified,2,Aggravated Assault,1.0,Hospital,Anti-Muslim,Individual,S,S
2005,State,TX,Texas,2005-06-08,2.0,0.0,1,1.0,0.0,White,Not Hispanic or Latino,1,Intimidation,2.0,Hotel/Motel,Anti-White,Group,S,N
2008,City,DE,Delaware,2008-04-03,1.0,1.0,1,1.0,0.0,Asian,Not Specified,1,Destruction/Damage/Vandalism of Property,2.0,Residence,Anti-Asian,Individual,S,S
2013,Other,MN,Minnesota,2013-09-18,0.0,0.0,3,0.0,3.0,Black or African American,Not Specified,1,Assault,0.0,Park/Arena/Field,Anti-Black or African American,Individual,Y,S
1992,City,ND,North Dakota,1992-01-29,1.0,0.0,2,1.0,1.0,Hispanic or Latino,Hispanic or Latino,1,Simple Assault,1.0,Restaurant,Anti-Hispanic or Latino,Group,N,S
2009,County,AL,Alabama,2009-05-07,0.0,1.0,1,0.0,1.0,White,Not Hispanic or Latino,1,Aggravated Assault,1.0,College/University,Anti-White,Individual,S,Y
2003,City,MO,Missouri,2003-07-15,2.0,0.0,2,2.0,0.0,Unknown,Not Specified,1,Destruction/Damage/Vandalism of Property,2.0,Shop/Store,Anti-Gay (Male),Group,N,S
2014,State,NE,Nebraska,2014-02-28,0.0,0.0,1,0.0,1.0,Black or African American,Not Specified,1,Intimidation,0.0,Restaurants/Academic Buildings,Anti-Black or African American,Individual,N,Y
1998,Other,NV,Nevada,1998-10-14,1.0,0.0,3,1.0,2.0,Hispanic or Latino,Hispanic or Latino,1,Assault,1.0,Highway/Road/Alley/Street/Sidewalk,Anti-Hispanic or Latino,Individual,S,S
2005,State Police,IL,Illinois,2005-02-18,,,0,,,Unknown,Not Specified,1,Destruction/Damage/Vandalism of Property,0.0,Residence,Anti-Black or African American,Other,S,S
1996,City,FL,Florida,1996-09-30,1.0,0.0,2,1.0,1.0,White,Hispanic,1,Assault,1.0,Street,Anti-Jewish,Individual,S,S
2011,County,MI,Michigan,2011-11-12,,,4,,,Black or African American,Not Specified,1,Simple Assault,1.0,Church,Anti-African American,Other,S,S
1992,City,TX,Texas,1992-04-05,,,0,,,Unknown,Not Specified,1,Intimidation,0.0,School/College,Anti-Hispanic/Latino,Other,S,S
2008,State Police,PA,Pennsylvania,2008-06-22,2.0,0.0,1,1.0,0.0,White,Non-Hispanic,2,Aggravated Assault,2.0,Shopping Mall,Anti-Homosexual,Individual,S,S
1999,City,NY,New York,1999-12-15,,,2,,,American Indian or Alaska Native,Not Specified,3,Simple Assault,1.0,Restaurant,Anti-American Indian,Other,S,S
2013,City,OH,Ohio,2013-08-07,3.0,1.0,3,2.0,1.0,Black or African American,Not Specified,0,Felony Assault,4.0,Hospital,Anti-Black or African American,Individual,S,S
2001,County,GA,Georgia,2001-03-29,,,1,,,White,Not Specified,1,Burglary,1.0,Store,Anti-White,Other,S,S
1998,State Police,WA,Washington,1998-10-02,1.0,0.0,1,1.0,0.0,Hispanic,Hispanic,1,Harassment,1.0,Airport,Anti-Hispanic/Latino,Individual,S,S
2007,City,NC,North Carolina,2007-05-17,,1.0,1,,1.0,White,Not Specified,1,Felony Assault,1.0,School/College,Anti-White,Individual,S,S
2993,County,WI,Wisconsin,1993-07-08,,,1,,,White,Not Specified,1,Simple Assault,1.0,Public Park,Anti-White,Other,S,S
2010,City,OR,Oregon,2010-01-25,2.0,0.0,1,1.0,0.0,Black or African American,Not Specified,1,Assault,2.0,Retail Store,Anti-Black or African American,Individual,S,S
1994,City,MD,Maryland,1994-11-03,,,0,,,Unknown,Not Specified,1,Destruction/Damage/Vandalism of Property,0.0,University Campus,Anti-Asian,Other,S,S
2009,State Police,MN,Minnesota,2009-07-19,3.0,0.0,2,1.0,1.0,Asian,Not Specified,1,Aggravated Assault,3.0,Police Station,Anti-Asian,Individual,S,S
2003,City,VA,Virginia,2003-02-11,,2.0,1,,1.0,White,Not Specified,1,Robbery,1.0,Bar/Apartment,Anti-White,Individual,S,S
2012,City,AL,Alabama,2012-09-09,,,2,,,White,Not Specified,2,Simple Assault,2.0,Residence,Anti-White,Other,S,S
2006,County,CO,Colorado,2006-12-28,1.0,0.0,3,2.0,1.0,Hispanic,Hispanic,1,Felony Assault,1.0,Street,Anti-Hispanic/Latino,Individual,S,S
1997,City,TX,Texas,1997-10-15,,,0,,,Unknown,Not Specified,1,Intimidation,0.0,School/College,Anti-Gay (Male),Other,S,S
2004,City,VA,Virginia,2004-08-13,,,1,,,Unknown,Not Specified,0,Simple Assault,1.0,Church,Anti-White,Other,S,S
2014,County,UT,Utah,2014-03-21,2.0,0.0,4,3.0,1.0,White,Not Specified,1,Felony Assault,2.0,Highway/Road/Alley/Street/Sidewalk,Anti-White,Individual,S,S
2013,City,MT,Montana,2013-05-15,1.0,0.0,2,1.0,1.0,American Indian or Alaska Native,Not Specified,1,Aggravated Assault,1.0,Airport,Anti-American Indian,Individual,S,S
1991,City,WV,West Virginia,1991-04-29,,,0,,,Unknown,Not Specified,1,Destruction/Damage/Vandalism of Property,0.0,Restaurant,Anti-Black or African American,Other,S,S
2011,State Police,IN,Indiana,2011-02-05,,,1,,,Hawaiian or Pacific Islander,Not Specified,1,Simple Assault,1.0,Shopping Mall,Anti-Pacific Islander,Other,S,S
1999,City,MS,Mississippi,1999-11-11,1.0,0.0,3,2.0,1.0,White,Not Specified,1,Assault,1.0,Public Park,Anti-White,Individual,S,S
2002,City,NM,New Mexico,2002-09-28,,,1,,,White,Not Specified,1,Criminal Threats,1.0,Hospital,Anti-White,Other,S,S
2000,City,KS,Kansas,2000-06-30,,1.0,1,,1.0,Hispanic,Hispanic,1,Robbery,1.0,School/College,Anti-Hispanic/Latino,Individual,S,S
2008,County,NE,Nebraska,2008-07-18,2.0,0.0,2,1.0,1.0,Black or African American,Not Specified,1,Felony Assault,2.0,Residence,Anti-Black or African American,Individual,S,S
2003,State Police,SC, South Carolina,2003-01-08,,,3,,,White,Not Specified,2,Simple Assault,3.0,Church,Anti-White,Other,S,S
1995,City,NC, North Carolina,1995-07-25,1.0,1.0,1,1.0,0.0,Hispanic,Hispanic,1,Assault,2.0,Bar/Apartment,Anti-Hispanic/Latino,Individual,S,S
2010,City,AR,Arkansas,2010-04-22,,,0,,,Unknown,Not Specified,1,Intimidation,0.0,Store,Anti-Black or African American,Other,S,S
1998,County,DE,Delaware,1998-02-14,1.0,0.0,1,1.0,0.0,White,Not Specified,1,Aggravated Assault,1.0,Courthouse,Anti-White,Individual,S,S
2004,City,OK,Oklahoma,2004-08-19,,,1,,,White,Not Specified,1,Felony Assault,1.0,Street,Anti-White,Other,S,S
2009,State Police,VT,Vermont,2009-03-06,''',0.0,2,1.0,'''',White,Not Specified,0,Simple Assault,2.0,Highway/Road/Alley/Street/Sidewalk,Anti-White,Individual,S,S
2007,City,MD, Maryland,2007-09-13,1.0,'"'',2,1.0,'"'',White,Not Specified,1,Aggravated Assault,1.0,Store,Anti-White,Individual,S,S
1996,City,TX, Texas,1996-01-10,0.0,0.0,0,0.0,0.0,White,Not Specified,1,Burglary,1.0,School/College,Anti-White,Other,S,S
2012,City,NJ, New Jersey,2012-05-21,,0.0,1,,1.0,White,Not Specified,1,Assault,1.0,University Campus,Anti-White,Individual,S,S
2005,County,RI,Rhode Island,2005-12-18,2.0,0.0,1,1.0,0.0,Black or African American,Not Specified,0,Robbery,2.0,Residence,Anti-Black or African American,Individual,S,S
2001,City,LA,Louisiana,2001-08-25,,,4,,,White,Not Specified,3,Felony Assault,4.0,University Campus,Anti-White,Other,S,S
1994,City,ME,Maine,1994-04-16,3.0,0.0,2,2.0,0.0,Hispanic,Hispanic,1,Assault,3.0,School/College,Anti-Hispanic/Latino,Individual,S,S
2006,State Police,FL,Florida,2006-07-02,,,1,,,White,Not Specified,1,Simple Assault,1.0,Hospital,Anti-White,Other,S,S
1999,City,HI,Hawaii,1999-10-03,1.0,0.0,3,2.0,1.0,Asian,Not Specified,1,Felony Assault,1.0,Restaurant,Anti-Asian,Individual,S,S
2013,City,GA,Georgia,2013-02-11,,,3,,,White,Not Specified,2,Aggravated Assault,3.0,Rest Area,Anti-White,Other,S,S
2000,County,VA,Virginia,2000-06-27,1.0,0.0,4,2.0,2.0,Black or African American,Not Specified,0,Assault,1.0,Public Park,Anti-Black or African American,Individual,S,S
2004,City,MN,Minnesota,2004-11-22,,,0,,,Unknown,Not Specified,1,Intimidation,0.0,School/College,Anti-Gay (Male),Other,S,S
1997,State Police,MD,Maryland,1997-03-04,2.0,0.0,3,2.0,1.0,White,Not Specified,1,Felony Assault,2.0,Hospital,Anti-White,Individual,S,S
2011,City,MO,Missouri,2011-07-15,,1.0,1,,1.0,White,Not Specified,1,Simple Assault,1.0,Store,Anti-White,Individual,S,S
2003,City,WY,Wyoming,2003-09-18,,,2,,,White,Not Specified,1,Assault,2.0,Church,Anti-White,Other,S,S
1993,City,DE,Delaware,1993-05-29,,0.0,2,,2.0,White,Not Specified,0,Intimidation,2.0,Airport,Anti-White,Individual,S,S
2008,County,SD,South Dakota,2008-10-31,1.0,0.0,1,1.0,0.0,White,Not Specified,1,Criminal Threats,1.0,Hospital,Anti-White,Individual,S,S
1996,City,NC,North Carolina,1996-03-23,,,3,,,White,Not Specified,1,Aggravated Assault,3.0,University Campus,Anti-White,Other,S,S
2014,City,AR,Arkansas,2014-03-15,,0.0,0,,0.0,White,Not Specified,1,Burglary,1.0,Highway/Road/Alley/Street/Sidewalk,Anti-White,Other,S,S
2002,State Police,MS,Mississippi,2002-11-05,3.0,0.0,3,2.0,1.0,Hispanic,Hispanic,1,Felony Assault,3.0,Shopping Mall,Anti-Hispanic/Latino,Individual,S,S
2007,City,KY,Kentucky,2007-02-27,,1.0,2,,1.0,American Indian or Alaska Native,Not Specified,1,Assault,1.0,Street,Anti-American Indian,Individual,S,S
1998,City,RI,Rhode Island,1998-08-09,0.0,0.0,1,1.0,0.0,White,Not Specified,1,Shooting,0.0,Store,Anti-White,Individual,S,S
2009,County,CA,California,2009-12-01,,,1,,,White,Not Specified,1,Simple Assault,1.0,Traffic Area,Anti-White,Other,S,S
1991,City,OH,Ohio,1991-03-15,1.0,0.0,2,1.0,1.0,White,Not Hispanic or Latino,1,Intimidation,1.0,Residence,Anti-Jewish,Individual,S,S
1992,County,FL,Florida,1992-08-22,0.0,1.0,1,1.0,0.0,Hispanic,Hispanic,1,Harrassment,1.0,Public Place,Anti-Hispanic,Individual,S,S
1993,Tribal,NV,Nevada,1993-01-09,2.0,0.0,3,2.0,1.0,Native American,Not Specified,2,Assault,2.0,Community Center,Anti-American Indian or Alaska Native,Individual,S,S
1994,State,CO,Colorado,1994-11-30,0.0,2.0,2,1.0,1.0,White,Not Hispanic or Latino,2,Aggravated Assault,2.0,Church/Academy,Other,Other,S,N
1995,City,GA,Georgia,1995-06-17,1.0,0.0,1,1.0,0.0,Black or African American,Not Specified,1,Destruction/Damage/Vandalism of Property,1.0,Restaurant,Anti-Black or African American,Other,S,S
1996,County,WA,Washington,1996-04-02,0.0,1.0,2,1.0,1.0,White,Not Hispanic or Latino,1,Intimidation,1.0,Elementary School,Anti-Gay (Male),Individual,S,S
1997,Other,IL,Illinois,1997-10-08,2.0,1.0,1,1.0,0.0,White,Hispanic,3,Murder,3.0,Dormitory,Anti-Jewish,Victim,Other,S,S
1998,Tribal,TX,Texas,1998-02-14,0.0,1.0,3,2.0,1.0,Hispanic,Not Specified,1,Assault,1.0,Airline Terminal,Anti-Hispanic,Other,N,N
1999,State,NY,New York,1999-07-23,3.0,0.0,0,0.0,0.0,N/A,N/A,3,Simple Assault,3.0,Grocery Store,Anti-Bisexual/Variant,Individual,S,S
2000,City,NJ,New Jersey,2000-09-11,0.0,2.0,0,0.0,0.0,N/A,Not Specified,2,Possession of Firearm,2.0,Museum,Anti-LGBTQ+,Other,N,S
2001,County,OR,Oregon,2001-12-05,1.0,1.0,4,3.0,1.0,White,Not Hispanic or Latino,2,Destruction/Damage/Vandalism of Property,2.0,School/College,Anti-Black or African American,Victim,Other,S,S
2002,State,PA,Pennsylvania,2002-03-18,2.0,0.0,1,1.0,0.0,Black or African American,Not Specified,2,Murder,2.0,Hotel/Hotel Room,Anti-Black or African American,Victim,S,S
2003,City,AL,Alabama,2003-05-27,0.0,1.0,2,1.0,1.0,White,Not Specified,1,Harrassment,1.0,House/Car,Anti-Gay (Male),Individual,S,S
2004,Other,NC,North Carolina,2004-11-19,1.0,0.0,3,2.0,1.0,Native American,Not Specified,1,Intimidation,1.0,Bank,Anti-African American,LGBTQ+,S,S
2005,City,TX,Texas,2005-08-30,0.0,2.0,4,3.0,1.0,Hispanic,Not Specified,2,Aggravated Assault,2.0,Highway/Road/Alley/Street/Sidewalk,Anti-Hispanic,Individual,N,S
2006,Tribal,MS,Mississippi,2006-02-16,1.0,0.0,1,1.0,0.0,White,Not Hispanic or Latino,1,Simple Assault,1.0,Museum,Anti-Jewish,Individual,S,S
2007,State,NH,New Hampshire,2007-07-24,0.0,1.0,3,2.0,1.0,White,Not Specified,1,Assault,1.0,Hospital,Anti-White,Other,N,N
2008,City,MD,Maryland,2008-01-01,2.0,0.0,1,1.0,0.0,Black or African American,Not Specified,2,Harrassment,2.0,College Dormitory,Anti-Black or African American,Victim,S,N
2009,County,MI,Michigan,2009-09-13,1.0,1.0,2,1.0,1.0,White,Not Hispanic or Latino,2,Destruction/Damage/Vandalism of Property,2.0,Public Place,Anti-Gay (Male),Individual,S,S
2010,State,MN,Minnesota,2010-04-28,2.0,0.0,1,1.0,0.0,White,Not Hispanic or Latino,2,Murder,2.0,Apartment/Apartment Building,Anti-Gay (Male),Victim,N,S
2011,City,MN,Minnesota,2011-06-12,0.0,2.0,1,1.0,0.0,Hispanic,Hispanic,2,Simple Assault,2.0,School/College,Anti-Hispanic,Individual,N,S
2012,Other,MA,Massachusetts,2012-08-07,1.0,0.0,3,2.0,1.0,White,Not Hispanic or Latino,1,Aggravated Assault,1.0,Museum,Anti-African American,Victim,S,N
2013,City,NV,Nevada,2013-03-19,0.0,1.0,1,1.0,0.0,Black or African American,Not Specified,1,Destruction/Damage/Vandalism of Property,1.0,Church/Academy,Anti-Black or African American,Individual,S,S
2014,County,SC,South Carolina,2014-05-04,1.0,0.0,2,1.0,1.0,White,Not Hispanic or Latino,1,Intimidation,1.0,Grocery Store,Anti-Gay (Male),Individual,S,S
2000,City,TX,Texas,2000-06-25,2.0,0.0,0,0.0,0.0,N/A,N/A,2,Simple Assault,2.0,Public Place,Anti-Bisexual/Variant,Individual,S,S
2001,Tribal,FL,Florida,2001-12-14,0.0,1.0,3,2.0,1.0,Hispanic,Not Specified,1,Assault,1.0,School/College,Anti-Hispanic,Other,N,S
2002,State,GA,Georgia,2002-01-31,2.0,0.0,1,1.0,0.0,Native American,Not Specified,2,Possession of Firearm,2.0,Dormitory,Anti-American Indian or Alaska Native,Victim,S,S
2003,City,MN,Minnesota,2003-07-18,1.0,1.0,2,1.0,1.0,White,Not Hispanic or Latino,2,Harrassment,2.0,Highway/Road/Alley/Street/Sidewalk,Anti-Jewish,Individual,N,S
2004,County,NY,New York,2004-04-08,0.0,2.0,1,1.0,0.0,White,Not Hispanic or Latino,2,Aggravated Assault,2.0,Residence,Anti-Gay (Male),Victim,N,S
2005,Other,CA,California,2005-11-22,1.0,0.0,3,2.0,1.0,Black or African American,Not Specified,1,Intimidation,1.0,Hospital,Anti-Black or African American,Individual,S,S
2006,City,FL,Florida,2006-09-15,0.0,1.0,2,1.0,1.0,Hispanic,Hispanic,1,Destruction/Damage/Vandalism of Property,1.0,Dormitory,Anti-Hispanic,Other,N,S
2007,State,WY,Wyoming,2007-03-05,2.0,0.0,1,1.0,0.0,White,Not Hispanic or Latino,2,Harrassment,2.0,Elementary School,Anti-Gay (Male),Victim,S,S
2008,City,NC,North Carolina,2008-08-20,1.0,0.0,2,1.0,1.0,Black or African American,Not Specified,1,Simple Assault,1.0,Airport Terminal,Anti-Black or African American,Individual,S,N
2009,County,OH,Ohio,2009-02-10,0.0,1.0,1,1.0,0.0,White,Not Hispanic or Latino,1,Murder,1.0,College Dormitory,Anti-Gay (Male),Individual,S,S
2010,Other,IN,Indiana,2010-05-29,3.0,0.0,2,1.0,1.0,Hispanic,Hispanic,3,Assault,3.0,Dormitory,Anti-Hispanic,Victim,N,S
2011,City,VT,Vermont,2011-07-03,1.0,0.0,0,0.0,0.0,N/A,N/A,1,Destruction/Damage/Vandalism of Property,1.0,School/College,Anti-White,Individual,N,S
2012,Tribal,UT,Utah,2012-01-11,0.0,2.0,1,1.0,0.0,Native American,Not Specified,2,Possession of Firearm,2.0,Museum,Anti-American Indian or Alaska Native,Other,S,S
2013,State,ME,Maine,2013-09-12,1.0,1.0,0,0.0,0.0,N/A,N/A,2,Simple Assault,2.0,Public Place,Anti-Mixed Race,Victim,S,S
2014,City,MO,Missouri,2014-04-21,0.0,1.0,2,1.0,1.0,White,Not Hispanic or Latino,1,Intimidation,1.0,Hospital,Anti-Gay (Male),Individual,N,S
1991,County,PA,Pennsylvania,1991-12-30,2.0,0.0,1,1.0,0.0,White,Not Hispanic or Latino,2,Aggravated Assault,2.0,School/College,Anti-Gay (Male),Victim,N,S
1992,Other,NJ,New Jersey,1992-05-08,1.0,1.0,3,2.0,1.0,Black or African American,Not Specified,2,Harrassment,2.0,Restaurant,Anti-Black or African American,Individual,S,S
1993,City,TX,Texas,1993-10-17,0.0,2.0,2,1.0,1.0,Hispanic,Hispanic,2,Assault,2.0,Storefront,Anti-Hispanic,Other,N,S
1994,State,NV,Nevada,1994-02-02,1.0,0.0,1,1.0,0.0,White,Not Hispanic or Latino,1,Destruction/Damage/Vandalism of Property,1.0,Airport Terminal,Anti-Jewish,Individual,S,S
1995,City,VA,Virginia,1995-06-27,1.0,0.0,3,2.0,1.0,White,Not Hispanic or Latino,1,Simple Assault,1.0,House/Car,Anti-Gay (Male),Individual,S,S
1996,County,MD,Maryland,1996-08-14,0.0,1.0,1,1.0,0.0,Black or African American,Not Specified,1,Murder,1.0,Bank,Anti-Black or African American,Individual,S,S
1997,Other,AR,Arkansas,1997-11-04,2.0,0.0,2,1.0,1.0,White,Not Hispanic or Latino,2,Intimidation,2.0,Highway/Road/Alley/Street/Sidewalk,Anti-Jewish,Other,N,S
1998,City,KS,Kansas,1998-12-18,0.0,1.0,3,2.0,1.0,Hispanic,Hispanic,1,Aggravated Assault,1.0,Church/Academy,Anti-Hispanic,Individual,S,S
1999,State,IL,Illinois,1999-03-29,1.0,1.0,1,1.0,0.0,White,Not Hispanic or Latino,2,Destruction/Damage/Vandalism of Property,2.0,College Dormitory,Anti-African American,Victim,N,S
2000,City,NH,New Hampshire,2000-07-21,0.0,2.0,2,1.0,1.0,White,Not Specified,2,Assault,2.0,Public Place,Anti-Gay (Male),Individual,S,S
2001,County,WI,Wisconsin,2001-10-05,2.0,0.0,1,1.0,0.0,Black or African American,Not Specified,2,Possession of Firearm,2.0,Air/Bus/Train Terminal,Anti-Black or African American,Victim,S,S
2002,Other,VT,Vermont,2002-01-10,1.0,0.0,0,0.0,0.0,N/A,N/A,1,Harrassment,1.0,Residence,Anti-White,Individual,S,S
2003,City,SC,South Carolina,2003-08-22,0.0,1.0,2,1.0,1.0,White,Not Hispanic or Latino,1,Destruction/Damage/Vandalism of Property,1.0,School/College,Anti-Jewish,Individual,N,S
2004,State,MS,Mississippi,2004-04-05,1.0,1.0,1,1.0,0.0,Hispanic,Hispanic,2,Simple Assault,2.0,Museum,Anti-Hispanic,Victim,N,S
2005,City,AL,Alabama,2005-12-13,2.0,0.0,3,2.0,1.0,White,Not Hispanic or Latino,2,Murder,2.0,Storefront,Anti-Gay (Male),Victim,N,S
2006,County,MT,Montana,2006-06-28,0.0,1.0,2,1.0,1.0,Native American,Not Specified,1,Assault,1.0,Elementary School,Anti-American Indian or Alaska Native,Other,N,S
2007,Other,DE,Delaware,2007-09-15,1.0,0.0,1,1.0,0.0,White,Not Hispanic or Latino,1,Destruction/Damage/Vandalism of Property,1.0,Public Place,Anti-Gay (Male),Individual,S,S
2008,City,ID,Idaho,2008-05-28,0.0,2.0,2,1.0,1.0,White,Not Hispanic or Latino,2,Aggravated Assault,2.0,Apartment/Apartment Building,Anti-Jewish,Individual,N,S
2009,State,NM,New Mexico,2009-07-01,1.0,1.0,1,1.0,0.0,Hispanic,Hispanic,2,Murder,2.0,Hospital,Anti-Hispanic,Victim,N,S
2010,City,KY,Kentucky,2010-10-09,2.0,0.0,0,0.0,0.0,N/A,N/A,2,Simple Assault,2.0,Restaurant,Anti-Bisexual/Variant,Victim,S,S
2011,County,LA,Louisiana,2011-02-17,0.0,1.0,3,2.0,1.0,White,Not Hispanic or Latino,1,Intimidation,1.0,Storefront,Anti-Gay (Male),Individual,N,S
2012,Other,NE,Nebraska,2012-11-23,1.0,0.0,2,1.0,1.0,Black or African American,Not Specified,1,Harrassment,1.0,Dormitory,Anti-Black or African American,Individual,S,S
2013,City,RI,Rhode Island,2013-03-29,0.0,2.0,1,1.0,0.0,White,Not Hispanic or Latino,2,Aggravated Assault,2.0,School/College,Anti-Gay (Male),Victim,N,S
2014,State,SD,South Dakota,2014-09-04,2.0,0.0,3,2.0,1.0,White,Not Hispanic or Latino,2,Destruction/Damage/Vandalism of Property,2.0,Public Place,Anti-Jewish,Other,N,S
1992,City,FL,Florida,1992-03-15,1.0,0.0,2,1.0,1.0,White,Not Hispanic or Latino,1,Simple Assault,1.0,Residence,Anti-White,Individual,S,S
2001,Township,OH,Ohio,2001-08-22,0.0,1.0,1,0.0,1.0,Hispanic or Latino,Hispanic or Latino,1,Vandalism,1.0,Hospital,Anti-Hispanic or Latino,Individual,S,S
1995,County,GA,Georgia,1995-11-07,2.0,0.0,3,2.0,1.0,Black or African American,Not Specified,2,Assault,2.0,Store,Other,Anti-Black or African American,Individual,S,S
2006,City,NY,New York,2006-02-19,0.0,1.0,1,0.0,1.0,Unknown,Not Specified,1,Felony Assault,1.0,School/College,Anti-Jewish,Individual,S,S
1998,Police Department,VA,Virginia,1998-04-30,1.0,0.0,1,1.0,0.0,Native American,Not Specified,1,Aggravated Assault,1.0,Restaurant,Anti-American Indian or Alaska Native,Individual,S,S
2000,City,IL,Illinois,2000-07-12,2.0,0.0,2,2.0,0.0,Asian or Pacific Islander,Not Specified,1,Burglary,2.0,Apartment Complex,Anti-Asian,Individual,S,S
1993,Township,IN,Indiana,1993-09-25,0.0,2.0,1,0.0,1.0,White,Not Hispanic or Latino,2,Destruction/Damage/Vandalism of Property,2.0,Housing Complex,Anti-White,Other,S,S
2009,County,NC,Carolina,2009-12-08,1.0,1.0,2,1.0,1.0,Hispanic or Latino,Hispanic or Latino,2,Neglect,2.0,Public Park,Anti-Hispanic or Latino,Individual,S,S
2003,City,TX,Texas,2003-01-16,1.0,0.0,1,1.0,0.0,White,Not Hispanic or Latino,1,Harassment,1.0,Office Building,Other,Anti-White,Other,S,S
2007,Police Department,MD,Maryland,2007-05-30,0.0,1.0,1,0.0,1.0,Asian or Pacific Islander,Not Specified,1,Assault,1.0,Religious Institution,Anti-Asian,Individual,S,S
1994,County,PA,Pennsylvania,1994-06-21,1.0,0.0,2,1.0,1.0,White,Not Hispanic or Latino,1,Simple Assault,1.0,School/College,Anti-White,Individual,S,S
2012,City,SC,South Carolina,2012-10-04,2.0,1.0,1,1.0,0.0,Unknown,Not Specified,3,Warrant Arrest,3.0,Transportation Facilities,Anti-Gay (Female),Other,S,S
1996,Township,MI,Michigan,1996-03-11,0.0,1.0,1,0.0,1.0,Black or African American,Not Specified,1,Hate Crime,1.0,School/College,Anti-Black or African American,Individual,S,S
2005,City,WA,Washington,2005-11-28,1.0,0.0,1,1.0,0.0,Hispanic or Latino,Hispanic or Latino,1,Murder,1.0,Residence,Anti-Hispanic or Latino,Individual,S,S
1999,Police Department,FL,Florida,1999-02-14,1.0,0.0,3,2.0,1.0,White,Not Hispanic or Latino,1,Robbery,1.0,Shopping Mall,Anti-White,Individual,S,S
2002,City,GA,Georgia,2002-09-07,2.0,0.0,1,1.0,0.0,Unknown,Not Specified,2,Aggravated Assault,2.0,Public Park,Anti-Black or African American,Individual,S,S
2008,County,CO,Colorado,2008-04-18,0.0,1.0,2,1.0,1.0,Asian or Pacific Islander,Not Specified,1,Assault,1.0,Residence,Anti-Asian,Individual,S,S
1991,City,OR,Oregon,1991-07-07,1.0,0.0,1,1.0,0.0,Hispanic or Latino,Hispanic or Latino,1,Murder,1.0,Bar/Nightclub,Anti-Hispanic or Latino,Individual,S,S
2010,Township,NJ,New Jersey,2010-08-31,1.0,0.0,1,1.0,0.0,White,Not Hispanic or Latino,1,Gang Activity,1.0,Store,Anti-White,Individual,S,S
2004,Police Department,AL,Alabama,2004-01-23,0.0,1.0,2,1.0,1.0,Black or African American,Not Specified,1,Felony Assault,1.0,Community Center,Anti-Black or African American,Individual,S,S
1997,City,WA,Washington,1997-12-23,1.0,0.0,1,1.0,0.0,Native American,Not Specified,1,Aggravated Assault,1.0,Highway/Road/Alley/Street/Sidewalk,Anti-American Indian or Alaska Native,Individual,S,S
2011,City,NY,New York,2011-03-15,0.0,2.0,3,2.0,1.0,White,Not Hispanic or Latino,2,Simple Assault,2.0,School/College,Anti-White,Other,S,S
2013,County,TX,Texas,2013-05-09,1.0,0.0,1,1.0,0.0,Hispanic or Latino,Hispanic or Latino,1,Murder,1.0,Residence,Anti-Hispanic or Latino,Individual,S,S
1992,City,VA,Virginia,1992-09-25,2.0,0.0,2,2.0,0.0,White,Not Hispanic or Latino,2,Aggravated Assault,2.0,Tax Office,Anti-White,Individual,S,S
2003,Police Department,FL,Florida,2003-11-10,1.0,0.0,1,1.0,0.0,Black or African American,Not Specified,1,Harassment,1.0,Residence,Anti-Black or African American,Individual,S,S
1999,Township,CA,California,1999-05-14,0.0,1.0,1,0.0,1.0,Unknown,Not Specified,1,Felony Assault,1.0,Community Center,Anti-Gay (Male),Individual,S,S
2000,City,IL,Illinois,2000-08-28,2.0,1.0,1,1.0,0.0,Asian or Pacific Islander,Not Specified,3,Assault,3.0,College Campus,Anti-Asian,Other,S,S
2014,County,NJ,New Jersey,2014-02-21,0.0,1.0,1,0.0,1.0,Black or African American,Not Specified,1,Assault,1.0,Residence,Anti-Black or African American,Individual,S,S
1994,City,GA,Georgia,1994-04-13,1.0,0.0,1,1.0,0.0,White,Not Hispanic or Latino,1,Simple Assault,1.0,School/College,Anti-White,Individual,S,S
2006,Police Department,ME,Maine,2006-07-07,1.0,0.0,1,1.0,0.0,Hispanic or Latino,Hispanic or Latino,1,Robbery,1.0,Restaurant,Anti-Hispanic or Latino,Individual,S,S
1995,City,FL,Florida,1995-10-30,1.0,1.0,1,1.0,0.0,Unknown,Not Specified,2,Murder,2.0,Residence,Anti-Jewish,Other,S,S
1993,County,MN,Minnesota,1993-12-12,1.0,1.0,2,1.0,1.0,White,Not Hispanic or Latino,2,Aggravated Assault,2.0,Residence,Anti-White,Other,S,S
2008,City,MI,Michigan,2008-03-20,0.0,1.0,1,0.0,1.0,Black or African American,Not Specified,1,Simple Assault,1.0,Community Center,Anti-Black or African American,Individual,S,S
1997,Township,TX,Texas,1997-08-16,1.0,0.0,2,1.0,1.0,Hispanic or Latino,Hispanic or Latino,1,Assault,1.0,Bar/Nightclub,Anti-Hispanic or Latino,Individual,S,S
2012,Police Department,NJ,New Jersey,2012-11-05,0.0,1.0,1,0.0,1.0,Asian or Pacific Islander,Not Specified,1,Assault,1.0,Public Park,Anti-Asian,Individual,S,S
2001,City,AL,Alabama,2001-04-11,1.0,0.0,2,1.0,1.0,White,Not Hispanic or Latino,1,Felony Assault,1.0,Highway/Road/Alley/Street/Sidewalk,Anti-White,Individual,S,S
1996,City,CO,Colorado,1996-12-08,1.0,1.0,1,1.0,0.0,Unknown,Not Specified,2,Aggravated Assault,2.0,Residence,Anti-Black or African American,Other,S,S
1998,County,Ga,Georgia,1998-05-17,2.0,0.0,2,2.0,0.0,White,Not Hispanic or Latino,2,Destruction/Damage/Vandalism of Property,2.0,Store,Anti-White,Individual,S,S
2009,City,OH,Ohio,2009-09-22,1.0,0.0,1,1.0,0.0,Hispanic or Latino,Hispanic or Latino,1,Burglary,1.0,Park/Apartment Complex,Anti-Hispanic or Latino,Individual,S,S
2007,Police Department,MD,Maryland,2007-06-05,0.0,1.0,1,0.0,1.0,Asian or Pacific Islander,Not Specified,1,Murder,1.0,Museum,Anti-Asian,Individual,S,S
2005,Township,PA,Pennsylvania,2005-01-30,1.0,0.0,1,1.0,0.0,White,Not Hispanic or Latino,1,Hate Crime,1.0,Highway/Road/Alley/Street/Sidewalk,Anti-White,Individual,S,S
1991,City,FL,Florida,1991-11-19,0.0,1.0,1,0.0,1.0,Black or African American,Not Specified,1,Assault,1.0,Residence,Anti-Black or African American,Individual,S,S
2013,Police Department,TX,Texas,2013-03-14,1.0,0.0,1,1.0,0.0,Hispanic or Latino,Hispanic or Latino,1,Burglary,1.0,Apartment Complex,Anti-Hispanic or Latino,Individual,S,S
1994,City,CA,California,1994-07-23,2.0,0.0,1,1.0,0.0,Unknown,Not Specified,2,Simple Assault,2.0,School/College,Anti-Black or African American,Individual,S,S
2002,County,VA,Virginia,2002-02-18,1.0,0.0,2,1.0,1.0,White,Not Hispanic or Latino,1,Felony Assault,1.0,Church,Anti-White,Individual,S,S
2010,City,NY,New York,2010-10-01,1.0,1.0,1,1.0,0.0,Black or African American,Not Specified,2,Murder,2.0,Residence,Anti-Black or African American,Other,S,S
1997,Police Department,IL,Illinois,1997-08-08,1.0,0.0,1,1.0,0.0,Hispanic or Latino,Hispanic or Latino,1,Vandalism,1.0,Community Center,Anti-Hispanic or Latino,Individual,S,S
2006,City,FL,Florida,2006-09-28,0.0,1.0,1,0.0,1.0,Unknown,Not Specified,1,Hate Crime,1.0,Bar/Nightclub,Anti-Jewish,Individual,S,S
1999,Township,MN,Minnesota,1999-04-19,1.0,1.0,2,1.0,1.0,White,Not Hispanic or Latino,2,Assault,2.0,School/College,Anti-White,Other,S,S
2003,City,GA,Georgia,2003-12-20,0.0,1.0,1,0.0,1.0,Black or African American,Not Specified,1,Burglary,1.0,Rest Area,Anti-Black or African American,Individual,S,S
2011,City,WA,Washington,2011-05-13,1.0,0.0,2,1.0,1.0,Asian or Pacific Islander,Not Specified,1,Felony Assault,1.0,Hotel/Motel,Anti-Asian,Individual,S,S
1993,Police Department,NC,Carolina,1993-01-10,1.0,0.0,1,1.0,0.0,White,Not Hispanic or Latino,1,Murder,1.0,Railroad Station,Anti-White,Individual,S,S
2008,County,TX,Texas,2008-08-09,2.0,0.0,3,2.0,1.0,Unknown,Not Specified,2,Aggravated Assault,2.0,Store,Anti-Black or African American,Individual,S,S
2000,City,NJ,New Jersey,2000-06-15,0.0,1.0,1,0.0,1.0,White,Not Hispanic or Latino,1,Simple Assault,1.0,Residence,Anti-White,Individual,S,S
2014,City,NY,New York,2014-12-29,1.0,0.0,1,1.0,0.0,Hispanic or Latino,Hispanic or Latino,1,Assault,1.0,School/College,Anti-Hispanic or Latino,Individual,S,S
2004,County,FL,Florida,2004-04-07,1.0,0.0,3,2.0,1.0,White,Not Hispanic or Latino,1,Burglary,1.0,Museum,Anti-White,Individual,S,S
2001,County,FL,Florida,2001-03-18,0.0,1.0,2,1.0,1.0,White,Not Hispanic or Latino,1,Felony Assault,2.0,Residence/Apartment/House,Anti-Jewish,Individual,S,S
2005,City,GA,Georgia,2005-11-22,1.0,0.0,1,1.0,0.0,Black or African American,Not Hispanic or Latino,1,Simple Assault,1.0,Store/Shop,Anti-Black or African American,Individual,S,S
2009,Town,WI,Wisconsin,2009-07-09,0.0,0.0,3,2.0,1.0,Hispanic or Latino,Hispanic or Latino,1,Aggravated Assault,3.0,Restaurant/Ambulatory Care Facility,Anti-Hispanic or Latino,Other,S,S
1993,City,VA,Virginia,1993-02-14,1.0,0.0,1,1.0,0.0,Unknown,Not Specified,1,Destruction/Damage/Vandalism of Property,1.0,Hospital,Anti-White,Individual,S,N
1998,State,IL,Illinois,1998-09-30,1.0,1.0,2,1.0,1.0,White,Not Hispanic or Latino,1,Robbery,2.0,School/College,Anti-Asian,Other,S,S
2010,City,NC,Tennessee,2010-01-17,0.0,1.0,2,1.0,1.0,Black or African American,Not Hispanic or Latino,1,Felony Assault,2.0,Bar/Nightclub,Anti-Hispanic or Latino,Individual,S,S
2002,Other,NY,New York,2002-12-05,1.0,0.0,1,1.0,0.0,Hispanic or Latino,Hispanic or Latino,1,Assault,1.0,School/College,Anti-Jewish,Individual,S,S
1996,County,OH,Ohio,1996-04-29,0.0,0.0,1,1.0,0.0,White,Not Hispanic or Latino,1,Simple Assault,1.0,Park/Agricultural Area,Anti-White,Individual,S,N
2013,City,PA,Pennsylvania,2013-08-21,1.0,0.0,2,1.0,1.0,Hispanic or Latino,Hispanic or Latino,1,Arson,2.0,Store/Shop,Anti-Black or African American,Individual,S,S
2012,City,MI,Michigan,2012-06-13,1.0,1.0,2,1.0,1.0,B Native American,Not Specified,1,Felony Assault,2.0,Hotel/Motel,Not Specified,Other,S,S
2007,Town,MO,Missouri,2007-05-02,0.0,0.0,1,1.0,0.0,White,Not Hispanic or Latino,1,Destruction/Damage/Vandalism of Property,1.0,Residence/Apartment/House,Anti-Asian,Individual,S,N
2008,County,IN,Indiana,2008-03-27,1.0,0.0,1,1.0,0.0,Black or African American,Not Hispanic or Latino,1,Aggravated Assault,1.0,Highway/Road/Alley/Street/Sidewalk,Anti-White,Individual,S,S
2011,City,WA,Washington,2011-10-19,1.0,1.0,1,1.0,0.0,White,Not Hispanic or Latino,1,Felony Assault,2.0,Civic Center/Funeral Home,Anti-Gay (Female),Other,S,S
1999,City,FL,Florida,1999-12-03,1.0,0.0,2,2.0,0.0,Hispanic or Latino,Hispanic or Latino,1,Burglary,2.0,School/College,Anti-Jewish,Individual,S,S
2003,State,GA,Georgia,2003-07-01,0.0,0.0,1,1.0,0.0,Black or African American,Not Hispanic or Latino,1,Simple Assault,1.0,Government Building,Anti-Hispanic or Latino,Individual,S,N
2006,Other,NJ,New Jersey,2006-08-15,1.0,1.0,3,2.0,1.0,White,Not Hispanic or Latino,1,Arson,3.0,Housing Project/Apartment Complex,Anti-Gay (Male),Other,S,S
2014,County,CT,Connecticut,2014-04-25,0.0,1.0,1,1.0,0.0,Hispanic or Latino,Hispanic or Latino,1,Destruction/Damage/Vandalism of Property,2.0,Hotel/Motel,Anti-Black or African American,Individual,S,S
2012,Town,MS,Mississippi,2012-02-18,1.0,0.0,1,1.0,0.0,Unknown,Not Specified,1,Assault,1.0,School/College,Anti-Hispanic or Latino,Individual,S,S
2001,City,NC,North Carolina,2001-11-20,1.0,1.0,1,1.0,0.0,White,Not Hispanic or Latino,1,Simple Assault,2.0,University/Academic Building,Anti-White,Other,S,S
1995,State,WV,West Virginia,1995-06-04,1.0,0.0,1,1.0,0.0,Black or African American,Not Hispanic or Latino,1,Aggravated Assault,1.0,Residence/Apartment/House,Anti-Asian,Individual,S,S
2008,City,TX,Texas,2008-09-30,1.0,0.0,1,1.0,0.0,B Native American,Not Specified,1,Robbery,1.0,Restaurant/Ambulatory Care Facility,Anti-Gay (Female),Individual,S,N
1996,Other,KY,Kentucky,1996-03-22,1.0,1.0,1,1.0,0.0,White,Not Hispanic or Latino,1,Felony Assault,2.0,Government Building,Anti-White,Other,S,S
2004,County,AL,Alabama,2004-10-10,0.0,0.0,3,2.0,1.0,Hispanic or Latino,Hispanic or Latino,1,Assault,3.0,Store/Shop,Anti-Jewish,Individual,S,S
2013,City,FL,Florida,2013-02-28,1.0,0.0,2,1.0,1.0,Black or African American,Not Hispanic or Latino,1,Simple Assault,2.0,Bar/Nightclub,Anti-Hispanic or Latino,Individual,S,S
2009,State,VA,Virginia,2009-05-12,0.0,1.0,1,0.0,1.0,Hispanic or Latino,Hispanic or Latino,1,Aggravated Assault,2.0,Church/Synagogue/Place of Worship,Anti-Gay (Male),Individual,S,S
2005,County,CO,Colorado,2005-12-15,0.0,0.0,1,1.0,0.0,White,Not Hispanic or Latino,1,Robbery,1.0,Hotel/Motel,Anti-Gay (Female),Individual,S,N
2002,City,ID,Idaho,2002-07-08,1.0,1.0,1,1.0,0.0,Unknown,Not Specified,1,Assault,2.0,Museum/Auditorium,Anti-Hispanic or Latino,Other,S,S
1997,Town,VT,Vermont,1997-09-14,1.0,0.0,1,1.0,0.0,Black or African American,Not Hispanic or Latino,1,Destruction/Damage/Vandalism of Property,1.0,University/Academic Building,Anti-Black or African American,Individual,S,S
2000,City,MD,Massachusetts,2000-01-19,1.0,0.0,2,2.0,0.0,Hispanic or Latino,Hispanic or Latino,1,Simple Assault,2.0,School/College,Anti-White,Individual,S,S
2006,County,WI,Wisconsin,2006-11-03,0.0,0.0,1,1.0,0.0,White,Not Hispanic or Latino,1,Aggravated Assault,1.0,Residence/Apartment/House,Anti-Jewish,Individual,S,N
2010,City,OR,Oregon,2010-04-21,1.0,1.0,1,0.0,1.0,Hispanic or Latino,Hispanic or Latino,1,Felony Assault,2.0,Hotel/Motel,Anti-Gay (Male),Other,S,S
2003,Other,NJ,New Jersey,2003-08-17,1.0,0.0,1,1.0,0.0,B Native American,Not Specified,1,Robbery,1.0,School/College,Anti-Asian,Individual,S,S
2007,State,AR,Arkansas,2007-06-30,0.0,1.0,2,1.0,1.0,White,Not Hispanic or Latino,1,Simple Assault,2.0,Residence/Apartment/House,Anti-Hispanic or Latino,Individual,S,S
2004,City,OK,Oklahoma,2004-03-11,1.0,0.0,1,1.0,0.0,Black or African American,Not Hispanic or Latino,1,Destruction/Damage/Vandalism of Property,1.0,School/College,Anti-White,Individual,S,N
1999,County,SC,South Carolina,1999-07-24,0.0,1.0,1,1.0,0.0,Hispanic or Latino,Hispanic or Latino,1,Felony Assault,2.0,Store/Shop,Anti-Gay (Female),Individual,S,S
2012,City,LA,Louisiana,2012-10-18,1.0,0.0,1,1.0,0.0,White,Not Hispanic or Latino,1,Assault,1.0,Government Building,Anti-Jewish,Individual,S,S
2011,County,AL,Alabama,2011-05-09,0.0,1.0,1,1.0,0.0,Black or African American,Not Hispanic or Latino,1,Simple Assault,2.0,Residence/Apartment/House,Anti-Hispanic or Latino,Individual,S,S
2008,City,TN,Tennessee,2008-02-29,1.0,0.0,2,1.0,1.0,White,Not Hispanic or Latino,1,Aggravated Assault,2.0,Church/Synagogue/Place of Worship,Anti-Gay (Male),Individual,S,S
2001,Other,TX,Texas,2001-11-03,0.0,0.0,1,1.0,0.0,Hispanic or Latino,Hispanic or Latino,1,Destruction/Damage/Vandalism of Property,1.0,School/College,Anti-White,Individual,S,N
2006,State,NE,Nebraska,2006-04-05,1.0,1.0,1,1.0,0.0,B Native American,Not Specified,1,Robbery,2.0,Government Building,Anti-Jewish,Other,S,S
2009,City,VT,Vermont,2009-09-12,1.0,0.0,1,1.0,0.0,White,Not Hispanic or Latino,1,Felony Assault,1.0,University/Academic Building,Anti-Asian,Individual,S,S
2013,County,NH,New Hampshire,2013-03-21,0.0,0.0,1,1.0,0.0,Unknown,Not Specified,1,Simple Assault,1.0,Housing Project/Apartment Complex,Anti-Hispanic or Latino,Individual,S,N
2002,City,CA,California,2002-12-10,1.0,1.0,1,1.0,0.0,Black or African American,Not Hispanic or Latino,1,Destruction/Damage/Vandalism of Property,2.0,Restaurant/Ambulatory Care Facility,Anti-Gay (Female),Other,S,S
2005,County,GA,Georgia,2005-07-18,0.0,0.0,1,1.0,0.0,Hispanic or Latino,Hispanic or Latino,1,Assault,1.0,Store/Shop,Anti-Jewish,Individual,S,S
1998,City,MD,Maryland,1998-06-06,1.0,0.0,1,1.0,0.0,White,Not Hispanic or Latino,1,Felony Assault,1.0,School/College,Anti-White,Individual,S,S
2003,Other,ME,Maine,2003-08-27,1.0,0.0,2,1.0,1.0,Black or African American,Not Hispanic or Latino,1,Robbery,2.0,Residence/Apartment/House,Anti-Hispanic or Latino,Individual,S,S
2012,State,MN,Minnesota,2012-11-14,0.0,1.0,1,1.0,0.0,Unknown,Not Specified,1,Simple Assault,2.0,Highway/Road/Alley/Street/Sidewalk,Anti-Gay (Male),Individual,S,S
2004,City,WY,Wyoming,2004-02-20,1.0,0.0,1,1.0,0.0,Hispanic or Latino,Hispanic or Latino,1,Aggravated Assault,1.0,School/College,Anti-Black or African American,Individual,S,S
2000,Town,NY,New York,2000-05-17,0.0,1.0,1,1.0,0.0,White,Not Hispanic or Latino,1,Felony Assault,2.0,Museum/Auditorium,Anti-Jewish,Individual,S,S
1997,County,OH,Ohio,1997-01-30,1.0,0.0,2,1.0,1.0,Black or African American,Not Hispanic or Latino,1,Destruction/Damage/Vandalism of Property,2.0,University/Academic Building,Anti-Hispanic or Latino,Individual,S,S
2014,City,RI,Rhode Island,2014-08-16,1.0,0.0,1,1.0,0.0,White,Not Hispanic or Latino,1,Assault,1.0,Hotel/Motel,Anti-Gay (Female),Individual,S,N
2007,Other,NV,Nevada,2007-04-09,0.0,1.0,1,1.0,0.0,Hispanic or Latino,Hispanic or Latino,1,Simple Assault,2.0,Bar/Nightclub,Anti-White,Individual,S,S
2009,County,KS,Kansas,2009-10-23,1.0,0.0,1,1.0,0.0,Unknown,Not Specified,1,Aggravated Assault,1.0,Store/Shop,Anti-Jewish,Individual,S,S
1998,State,GA,Georgia,1998-03-15,1.0,0.0,1,1.0,0.0,White,Not Hispanic or Latino,1,Assault,1.0,Residence,Anti-Jewish,Individual,S,S
2001,City,NC,North Carolina,2001-11-22,0.0,1.0,1,0.0,1.0,Hispanic or Latino,Hispanic or Latino,1,Felony assault,2.0,Church,Anti-Hispanic,Individual,S,S
2005,Federal,WA,Washington,2005-07-08,1.0,0.0,2,1.0,1.0,Unknown,Not Specified,2,Aggravated Assault,3.0,Government Building,Anti-Gay (Male),Individual,S,S
2009,County,IL,Illinois,2009-01-30,1.0,0.0,1,1.0,0.0,Black or African American,Not Specified,1,Intimidation,1.0,Store,Anti-Black or African American,Individual,S,S
2012,City,TX,Texas,2012-09-14,0.0,1.0,1,0.0,1.0,White,Not Specified,2,Assault,2.0,Restaurant,Anti-Gay (Male),Individual,S,S
1995,State,FL,Florida,1995-04-06,0.0,1.0,1,0.0,1.0,Hispanic or Latino,Hispanic or Latino,1,Felony assault,1.0,Vacant Building,Anti-Hispanic,Other,S,S
2003,City,OH,Ohio,2003-10-19,1.0,0.0,2,1.0,1.0,Unknown,Not Specified,1,Intimidation,1.0,Hospital,Anti-Jewish,Individual,S,S
1999,City,NY,New York,1999-12-02,0.0,1.0,1,0.0,1.0,White,Not Specified,1,Limited Criminal Damage,1.0,Residence,Anti-Gay (Male),Other,S,S
2007,City,MI,Michigan,2007-08-25,1.0,0.0,1,1.0,0.0,Black or African American,Not Specified,3,Assault,3.0,School/College,Anti-Black or African American,Individual,S,S
2010,City,PA,Pennsylvania,2010-05-17,1.0,0.0,1,1.0,0.0,White,Not Specified,1,Felony assault,1.0,Place of Worship,Anti-Jewish,Individual,S,S
2002,State,VA,Virginia,2002-03-11,0.0,1.0,1,0.0,1.0,Hispanic or Latino,Hispanic or Latino,1,Assault,2.0,Mall/Apartment Complex,Anti-Hispanic,Individual,S,S
2008,City,WI,Wisconsin,2008-11-03,1.0,0.0,3,1.0,2.0,White,Not Specified,1,Aggravated Assault,2.0,Educational Facility,Anti-Gay (Male),Individual,S,S
1996,City,MD,Maryland,1996-09-28,0.0,1.0,1,0.0,1.0,Black or African American,Not Specified,1,Felony assault,1.0,Public Park,Anti-Black or African American,Individual,S,S
2006,County,TX,Texas,2006-06-18,1.0,0.0,2,1.0,1.0,White,Not Specified,1,Intimidation,1.0,Store,Anti-Gay (Male),Individual,S,S
2011,City,GA,Georgia,2011-02-14,0.0,1.0,1,0.0,1.0,Hispanic or Latino,Hispanic or Latino,1,Felony assault,1.0,School/College,Anti-Hispanic,Individual,S,S
2000,City,IL,Illinois,2000-12-31,1.0,0.0,1,1.0,0.0,Black or African American,Not Specified,2,Assault,2.0,Residence,Anti-Black or African American,Other,S,S
2013,State,CA,California,2013-07-22,0.0,1.0,1,0.0,1.0,White,Not Specified,1,Limited Criminal Damage,1.0,Rest Area,Anti-Gay (Male),Individual,S,S
2004,City,OH,Ohio,2004-01-07,1.0,0.0,1,1.0,0.0,Hispanic or Latino,Hispanic or Latino,1,Felony assault,1.0,Vacant Building,Anti-Hispanic,Individual,S,S
2014,County,NH,New Hampshire,2014-04-16,1.0,0.0,2,1.0,1.0,Unknown,Not Specified,2,Assault,3.0,Office Building,Anti-Jewish,Individual,S,S
2005,City,MO,Missouri,2005-10-09,0.0,1.0,1,0.0,1.0,White,Not Specified,2,Intimidation,1.0,Shopping Center,Anti-Gay (Male),Individual,S,S
1997,Federal,CO,Colorado,1997-12-01,1.0,0.0,1,1.0,0.0,Black or African American,Not Specified,1,Felony assault,1.0,Airport,Anti-Black or African American,Individual,S,S
2012,City,FL,Florida,2012-08-11,1.0,0.0,3,1.0,2.0,White,Not Specified,1,Aggravated Assault,1.0,Library,Anti-Gay (Female),Individual,S,S
2001,County,AL,Alabama,2001-09-10,0.0,1.0,1,0.0,1.0,Hispanic or Latino,Hispanic or Latino,1,Assault,1.0,Residence,Anti-Hispanic,Individual,S,S
2009,City,OR,Oregon,2009-05-25,1.0,0.0,1,1.0,0.0,White,Not Specified,2,Assault,2.0,Hotel,Anti-Gay (Male),Other,S,S
2007,City,NJ,New Jersey,2007-11-19,0.0,1.0,1,0.0,1.0,Black or African American,Not Specified,1,Felony assault,1.0,School/College,Anti-Black or African American,Other,S,S
2013,City,TN,Tennessee,2013-10-03,0.0,1.0,2,0.0,2.0,Hispanic or Latino,Hispanic or Latino,1,Intimidation,1.0,Public Park,Anti-Hispanic,Individual,S,S
2002,State,WV,West Virginia,2002-02-08,1.0,0.0,1,1.0,0.0,Black or African American,Not Specified,3,Assault,3.0,Hospital,Anti-Black or African American,Individual,S,S
1999,City,AR,Arkansas,1999-06-27,1.0,0.0,1,1.0,0.0,White,Not Specified,1,Felony assault,1.0,Place of Worship,Anti-Jewish,Individual,S,S
2008,City,SC,South Carolina,2008-03-13,0.0,1.0,2,0.0,2.0,Unknown,Not Specified,1,Assault,2.0,Vacant Building,Anti-Gay (Male),Individual,S,S
2010,County,KY,Kentucky,2010-07-30,1.0,0.0,1,1.0,0.0,White,Not Specified,2,Aggravated Assault,1.0,Mall/Apartment Complex,Anti-Gay (Male),Other,S,S
2006,City,SDE,South Dakota,2006-09-12,0.0,1.0,1,0.0,1.0,Black or African American,Not Specified,1,Intimidation,1.0,Residence,Anti-Black or African American,Individual,S,S
2014,City,VT,Vermont,2014-01-17,1.0,0.0,1,1.0,0.0,White,Not Specified,1,Felony assault,1.0,Public Park,Anti-Gay (Male),Individual,S,S
2003,County,IN,Indiana,2003-11-05,1.0,0.0,1,1.0,0.0,Hispanic or Latino,Hispanic or Latino,1,Assault,2.0,Restaurant,Anti-Hispanic,Individual,S,S
2000,City,MN,Minnesota,2000-04-18,0.0,1.0,2,0.0,2.0,Unknown,Not Specified,1,Limited Criminal Damage,1.0,School/College,Anti-Gay (Male),Individual,S,S
2011,City,NE,Nebraska,2011-06-29,1.0,0.0,1,1.0,0.0,Black or African American,Not Specified,3,Assault,3.0,Housing Complex,Anti-Black or African American,Individual,S,S
1998,City,ME,Maine,1998-02-12,0.0,1.0,1,0.0,1.0,White,Not Specified,1,Felony assault,1.0,Store,Anti-Gay (Male),Individual,S,S
2005,State,UT,Utah,2005-08-14,1.0,0.0,1,1.0,0.0,Hispanic or Latino,Hispanic or Latino,1,Intimidation,1.0,Residence,Anti-Hispanic,Individual,S,S
2013,City,RI,Rhode Island,2013-12-22,0.0,1.0,1,0.0,1.0,White,Not Specified,1,Assault,1.0,Office Building,Anti-Gay (Male),Individual,S,S
1996,City,GA,Georgia,1996-07-19,1.0,0.0,2,1.0,1.0,Black or African American,Not Specified,1,Aggravated Assault,1.0,Store,Anti-Black or African American,Individual,S,S
2004,County,WA,Washington,2004-01-31,1.0,0.0,1,1.0,0.0,White,Not Specified,1,Felony assault,1.0,Airport,Anti-Gay (Male),Individual,S,S
2007,State,KS,Kansas,2007-09-25,0.0,1.0,1,0.0,1.0,Hispanic or Latino,Hispanic or Latino,1,Assault,1.0,Hospital,Anti-Hispanic,Individual,S,S
2009,City,NY,New York,2009-03-15,1.0,0.0,2,1.0,1.0,Unknown,Not Specified,2,Intimidation,2.0,Shopping Center,Anti-Jewish,Individual,S,S
2012,City,VT,Vermont,2012-11-07,0.0,1.0,1,0.0,1.0,White,Not Specified,2,Felony assault,1.0,Mall/Apartment Complex,Anti-Gay (Male),Individual,S,S
2001,City,NC,North Carolina,2001-05-13,1.0,0.0,1,1.0,0.0,Black or African American,Not Specified,1,Assault,1.0,Residence,Anti-Black or African American,Individual,S,S
2008,City,FL,Florida,2008-10-28,0.0,1.0,1,0.0,1.0,Hispanic or Latino,Hispanic or Latino,1,Aggravated Assault,1.0,Public Park,Anti-Hispanic,Individual,S,S
2010,City,AL,Alabama,2010-02-21,1.0,0.0,1,1.0,0.0,White,Not Specified,1,Felony assault,1.0,University,Anti-Gay (Male),Individual,S,S
2003,County,MD,Maryland,2003-07-09,0.0,1.0,2,0.0,2.0,Unknown,Not Specified,1,Intimidation,1.0,Store,Anti-Gay (Male),Individual,S,S
2014,City,TX,Texas,2014-04-18,1.0,0.0,1,1.0,0.0,Black or African American,Not Specified,2,Aggravated Assault,2.0,Residence,Anti-Black or African American,Individual,S,S
2006,City,ID,Idaho,2006-11-03,0.0,1.0,1,0.0,1.0,Hispanic or Latino,Hispanic or Latino,1,Felony assault,2.0,Office Building,Anti-Hispanic,Individual,S,S
2002,City,OK,Oklahoma,2002-03-27,1.0,0.0,1,1.0,0.0,White,Not Specified,1,Assault,1.0,Restaurant,Anti-Gay (Male),Individual,S,S
1999,City,WA,Washington,1999-09-22,0.0,1.0,1,0.0,1.0,White,Not Specified,1,Intimidation,1.0,Hotel,Anti-Gay (Male),Individual,S,S
2000,City,CA,California,2000-12-19,1.0,0.0,1,1.0,0.0,Black or African American,Not Specified,1,Felony assault,1.0,Place of Worship,Anti-Black or African American,Individual,S,S
2011,City,MA,Massachusetts,2011-08-10,0.0,1.0,2,0.0,2.0,Hispanic or Latino,Hispanic or Latino,1,Assault,2.0,Shopping Center,Anti-Hispanic,Individual,S,S
1998,City,TX,Texas,1998-03-15,1.0,0.0,2,1.0,1.0,White,Not Hispanic or Latino,1,Assault,1.0,Residence,Anti-Jewish,Individual,S,S
2001,County,FL,Florida,2001-07-22,3.0,1.0,3,2.0,1.0,Black or African American,Not Specified,4,Assault,4.0,Hospital,Anti-Black or African American,Individual,S,S
2003,Poly,MI,Michigan,2003-11-08,0.0,1.0,1,0.0,1.0,Unknown,Not Specified,2,Simple Assault,2.0,School/College,Anti-LGBTQ+,Other,S,S
2005,City,GA,Georgia,2005-02-14,1.0,0.0,1,1.0,0.0,White,Hispanic or Latino,1,Aggravated Assault,1.0,Museum,Anti-Hispanic or Latino,Individual,S,S
2006,State,OH,Ohio,2006-09-30,2.0,0.0,2,2.0,0.0,Native Hawaiian or Other Pacific Islander,Not Specified,2,Intimidation,2.0,Store,Anti-Native American,Individual,S,S
1999,County,NC,North Carolina,1999-12-18,0.0,1.0,1,0.0,1.0,Latino,Hispanic or Latino,2,Intimidation,2.0,Community Center,Anti-Hispanic or Latino,Other,S,S
2002,City,WA,Washington,2002-04-05,3.0,0.0,4,3.0,1.0,Unknown,Not Specified,3,Assault,3.0,Library,Anti-Black or African American,Individual,S,S
2004,Other,NY,New York,2004-08-12,1.0,0.0,1,1.0,0.0,White,Not Specified,1,Vandalism,1.0,Shopping Mall,Anti-Gay (Male),Individual,S,S
2007,City,PA,Pennsylvania,2007-06-20,0.0,2.0,2,0.0,2.0,Black or African American,Not Hispanic or Latino,4,Simples Assault,4.0,Church,Anti-Black or African American,Other,S,S
2009,County,VA,Virginia,2009-10-15,1.0,0.0,1,1.0,0.0,Asian or Pacific Islander,Not Specified,1,Assault,1.0,Grocery Store,Anti-Asian,Individual,S,S
2000,State,IL,Illinois,2000-01-25,2.0,0.0,3,2.0,1.0,White,Not Hispanic or Latino,2,Aggravated Assault,2.0,Warehouse,Anti-White,Individual,S,S
2008,City,MD,Maine,2008-11-03,1.0,1.0,2,1.0,1.0,Hispanic or Latino,Hispanic or Latino,2,Intimidation,2.0,Restaurant,Anti-Hispanic or Latino,Individual,S,S
2003,Other,MA,Massachusetts,2003-12-10,0.0,0.0,1,0.0,1.0,Unknown,Not Specified,1,Destruction/Damage/Vandalism of Property,1.0,Park,Anti-American,Other,S,S
1996,City,TX,Texas,1996-05-07,1.0,0.0,1,1.0,0.0,Black or African American,Not Specified,1,Assault,1.0,School/College,Anti-Black or African American,Individual,S,S
2010,Poly,CO,Colorado,2010-09-14,2.0,1.0,2,2.0,0.0,White,Not Hispanic or Latino,3,Aggravated Assault,3.0,Highway/Road/Alley/Street/Sidewalk,Anti-White,Individual,S,S
2011,City,NV,Nevada,2011-02-17,1.0,0.0,1,1.0,0.0,Asian or Pacific Islander,Not Specified,1,Simples Assault,1.0,Airport,Anti-Asian,Individual,S,S
2005,County,MO,Missouri,2005-10-30,0.0,1.0,1,0.0,1.0,Unknown,Not Specified,2,Intimidation,2.0,Government Building,Anti-American,Other,S,S
2002,City,AL,Alabama,2002-07-09,3.0,0.0,3,3.0,0.0,White,Not Hispanic or Latino,3,Vandalism,3.0,Dormitory,Anti-White,Individual,S,S
2008,State,MS,Mississippi,2008-03-04,2.0,0.0,2,2.0,0.0,Native American,Not Specified,2,Assault,2.0,Parking Lot,Anti-Native American,Individual,S,S
2012,City,IN,Indiana,2012-05-30,0.0,1.0,1,0.0,1.0,Black or African American,Not Specified,2,Intimidation,2.0,College Campus,Anti-Black or African American,Other,S,S
2006,Other,SC,South Carolina,2006-08-21,4.0,0.0,2,2.0,0.0,Hispanic or Latino,Hispanic or Latino,4,Aggravated Assault,4.0,Store,Anti-Hispanic or Latino,Individual,S,S
1997,City,VT,Vermon,1997-06-13,1.0,0.0,1,1.0,0.0,White,Not Specified,1,Simples Assault,1.0,Residence,Anti-White,Individual,S,S
2013,County,IA,Iowa,2013-01-19,2.0,1.0,1,1.0,0.0,Asian or Pacific Islander,Not Specified,3,Assault,3.0,University/Academic Institution,Anti-Asian,Individual,S,S
2004,City,FL,Florida,2004-11-17,0.0,1.0,1,0.0,1.0,Latino,Hispanic or Latino,2,Intimidation,2.0,Community Center,Anti-Hispanic or Latino,Other,S,S
2009,Poly,TX,Texas,2009-10-21,3.0,0.0,4,3.0,1.0,Unknown,Not Specified,3,Vandalism,3.0,University/Academic Institution,Anti-American,Individual,S,S
1995,City,CA,California,1995-03-20,1.0,1.0,2,1.0,1.0,White,Not Hispanic or Latino,2,Aggravated Assault,2.0,Office Building,Anti-White,Individual,S,S
2014,County,WI,Wisconsin,2014-04-11,1.0,0.0,2,1.0,1.0,White,Hispanic or Latino,1,Simple Assault,1.0,Public Park,Anti-Gay (Male),Individual,S,S
2007,City,OK,Oklahoma,2007-09-25,0.0,2.0,2,0.0,2.0,Native American,Not Specified,4,Simple Assault,4.0,Residence,Anti-Native American,Other,S,S
2007,State,KY,Kentucky,2007-12-02,1.0,0.0,1,1.0,0.0,Asian or Pacific Islander,Not Specified,1,Assault,1.0,Shopping Mall,Anti-Asian,Individual,S,S
2001,City,AR,Arkansas,2001-02-28,0.0,1.0,1,0.0,1.0,Black or African American,Not Specified,2,Intimidation,2.0,Church,Anti-Black or African American,Other,S,S
2011,Other,NH,New Hampshire,2011-07-12,2.0,0.0,2,2.0,0.0,White,Not Hispanic or Latino,2,Destruction/Damage/Vandalism of Property,2.0,Government Building,Anti-White,Individual,S,S
2000,County,DE,Delaware,2000-08-14,1.0,0.0,1,1.0,0.0,Black or African American,Not Specified,1,Simples Assault,1.0,Museum,Anti-Black or African American,Individual,S,S
2005,City,NJ,New Jersey,2005-01-05,0.0,1.0,1,0.0,1.0,Hispanic or Latino,Hispanic or Latino,2,Aggravated Assault,2.0,Community Center,Anti-Hispanic or Latino,Other,S,S
2010,State,NE,Nebraska,2010-05-18,3.0,0.0,3,3.0,0.0,White,Not Hispanic or Latino,3,Assault,3.0,Bar/Restaurant,Anti-White,Individual,S,S
2006,Other,RI,Rhode Island,2006-11-09,1.0,2.0,3,1.0,2.0,Unknown,Not Specified,3,Intimidation,3.0,Highway/Road/Alley/Street/Sidewalk,Anti-American,Individual,S,S
2008,City,KS,Kansas,2008-09-30,0.0,1.0,1,0.0,1.0,Black or African American,Not Specified,2,Simple Assault,2.0,School/College,Anti-Black or African American,Other,S,S
2002,County,WV,West Virginia,2002-07-22,2.0,0.0,2,2.0,0.0,Native American,Not Specified,2,Aggravated Assault,2.0,Residence,Anti-Native American,Individual,S,S
1997,City,OR,Oregon,1997-10-03,1.0,0.0,1,1.0,0.0,Unknown,Not Specified,1,Vandalism,1.0,Rest Area,Anti-American,Individual,S,S
2012,Poly,ME,Maine,2012-06-18,1.0,0.0,2,1.0,1.0,White,Not Hispanic or Latino,1,Simples Assault,1.0,Park,Anti-White,Individual,S,S
2003,State,VT,Vermon,2003-03-05,4.0,0.0,4,4.0,0.0,Asian or Pacific Islander,Not Specified,4,Aggravated Assault,4.0,Dormitory,Anti-Asian,Individual,S,S
2009,Other,MN,Minnesota,2009-12-12,2.0,2.0,4,2.0,2.0,Hispanic or Latino,Hispanic or Latino,4,Intimidation,4.0,Shopping Mall,Anti-Hispanic or Latino,Individual,S,S
2004,City,HI,Hawaii,2004-04-16,1.0,0.0,1,1.0,0.0,Black or African American,Not Specified,1,Destruction/Damage/Vandalism of Property,1.0,Hotel,Anti-Black or African American,Individual,S,S
1998,County,RI,Rhode Island,1998-02-01,0.0,1.0,1,0.0,1.0,White,Not Hispanic or Latino,2,Simple Assault,2.0,Public Park,Anti-White,Other,S,S
2013,City,ND,North Dakota,2013-08-09,3.0,0.0,2,2.0,0.0,White,Not Hispanic or Latino,3,Aggravated Assault,3.0,Residence,Anti-White,Individual,S,S
2001,State,MT,Montana,2001-11-22,0.0,1.0,1,0.0,1.0,Native American,Not Specified,2,Assault,2.0,Highway/Road/Alley/Street/Sidewalk,Anti-Native American,Other,S,S
2003,Other,LA,Louisiana,2003-07-14,1.0,0.0,1,1.0,0.0,Hispanic or Latino,Hispanic or Latino,1,Intimidation,1.0,Restaurant,Anti-Hispanic or Latino,Individual,S,S
2005,City,KY,Kentucky,2005-09-03,2.0,0.0,2,2.0,0.0,Black or African American,Not Specified,2,Vandalism,2.0,Church,Anti-Black or African American,Individual,S,S
2007,County,WA,Washington,2007-05-29,1.0,0.0,1,1.0,0.0,Asian or Pacific Islander,Not Specified,1,Simple Assault,1.0,Community Center,Anti-Asian,Individual,S,S
1999,City,NC,North Carolina,1999-10-28,0.0,1.0,1,0.0,1.0,Unknown,Not Specified,2,Aggravated Assault,2.0,Government Building,Anti-American,Other,S,S
2011,Poly,SD,South Dakota,2011-02-16,2.0,0.0,3,2.0,1.0,White,Not Hispanic or Latino,2,Assault,2.0,University/Academic Institution,Anti-White,Individual,S,S
2006,City,AK,Alaska,2006-11-11,1.0,0.0,1,1.0,0.0,Native American,Not Specified,1,Intimidation,1.0,Residence,Anti-Native American,Individual,S,S
2000,State,NM,New Mexico,2000-06-30,0.0,1.0,1,0.0,1.0,Black or African American,Not Specified,2,Simples Assault,2.0,Residence,Anti-Black or African American,Other,S,S
2002,Other,TN,Tennessee,2002-12-07,3.0,0.0,2,2.0,0.0,White,Not Hispanic or Latino,3,Aggravated Assault,3.0,Public Park,Anti-White,Individual,S,S
1991,City,FL,Florida,1991-03-15,1.0,0.0,1,1.0,0.0,White,Not Specified,1,Assault,1.0,Residence,Anti-Jewish,Individual,F,N
1992,County,NY,New York,1992-11-22,0.0,1.0,2,1.0,1.0,Hispanic,Hispanic,1,Intimidation,1.0,Store,Anti-LGBTQ+,Individual,F,N
1993,Town,IL,Illinois,1993-07-08,1.0,0.0,1,1.0,0.0,Black or African American,Not Hispanic or Latino,1,Aggravated Assault,1.0,School/College,Anti-Black or African American,Individual,F,N
1994,City,WA,Washington,1994-02-19,1.0,0.0,1,1.0,0.0,White,Not Specified,1,Destruction/Damage/Vandalism of Property,1.0,Park/Areas of Recreation,Anti-White,Individual,F,N
1995,County,GA,Georgia,1995-09-10,0.0,1.0,1,0.0,1.0,Black or African American,Not Specify,1,Battery,1.0,Residence,Anti-Black or African American,Individual,F,N
1996,City,TX,Texas,1996-12-03,1.0,0.0,1,1.0,0.0,Unknown,Specified,1,Assault,1.0,Highway/Road/Alley/Street/Sidewalk,Anti-Arab,Individual,F,N
1997,Town,OR,Oregon,1997-04-28,0.0,1.0,1,0.0,1.0,White,Hispanic or Latino,1,Intimidation,1.0,School/College,Anti-Hispanic or Latino,Individual,F,N
1998,County,NC,North Carolina,1998-06-14,0.0,0.0,0,,,Unknown,Not Specified,0,Unspecified,0.0,Store,Anti-Asian,Other,F,N
1999,City,PA,Pennsylvania,1999-01-27,1.0,0.0,1,1.0,0.0,White,Not Specified,1,Destruction/Damage/Vandalism of Property,1.0,Air/Bus/Train Terminal,Anti-White,Individual,F,N
2000,Other,MA,Massachusetts,2000-08-31,1.0,0.0,1,1.0,0.0,White,Not Specified,1,Simple Assault,1.0,Park/Areas of Recreation,Anti-White,Individual,F,N
2001,City,MI,Michigan,2001-10-16,1.0,1.0,1,1.0,0.0,Black or African American,Not Hispanic or Latino,2,Assault,2.0,Residence,Anti-Black or African American,Individual,F,N
2002,County,MD,Maryland,2002-03-19,0.0,1.0,1,0.0,1.0,Hisp,Not Specified,1,Battery,1.0,Store,Anti-Hispanic or Latino,Individual,F,N
2003,City,NV,Nevada,2003-05-08,1.0,0.0,1,1.0,0.0,Unknown,Specified,1,Aggravated Assault,1.0,Residence,Anti-White,Individual,F,N
2004,County,MO,Missouri,2004-09-22,1.0,0.0,1,1.0,0.0,White,Not Specified,1,Intimidation,1.0,School/College,Anti-White,Individual,F,N
2005,Town,SC,South Carolina,2005-11-01,0.0,1.0,2,1.0,1.0,Hispanic,Hispanic,1,Assault,1.0,Highway/Road/Alley/Street/Sidewalk,Anti-LGBTQ+,Individual,F,N
2006,City,AL,Alabama,2006-04-17,0.0,0.0,1,1.0,0.0,Black or African American,Not Hispanic or Latino,0,Simple Assault,0.0,Store,Anti-Black or African American,Individual,F,N
2007,County,MN,Minnesota,2007-07-30,0.0,1.0,1,0.0,1.0,White,Not Specified,1,Destruction/Damage/Vandalism of Property,1.0,Park/Areas of Recreation,Anti-White,Individual,F,N
2008,City,WI,Wisconsin,2008-02-25,1.0,0.0,2,2.0,0.0,White,Not Specified,1,Aggravated Assault,1.0,Residence,Anti-White,Individual,F,N
2009,Other,KY,Kentucky,2009-10-12,1.0,0.0,1,1.0,0.0,Hispanic,Hispanic,1,Assault,1.0,Store,Anti-Hispanic or Latino,Individual,F,N
2010,City,WV,West Virginia,2010-05-18,0.0,1.0,1,0.0,1.0,White,Not Specified,1,Simple Assault,1.0,Air/Bus/Train Terminal,Anti-White,Individual,F,N
2011,County,NH,New Hampshire,2011-12-04,1.0,0.0,1,1.0,0.0,Black or African American,Not Hispanic or Latino,1,Intimidation,1.0,School/College,Anti-Black or African American,Individual,F,N
2012,City,VT,Vermont,2012-08-11,0.0,1.0,2,1.0,1.0,White,Not Specified,1,Assault,1.0,House/Apartment/Condo,Anti-White,Individual,F,N
2013,County,NJ,New Jersey,2013-01-29,1.0,0.0,1,1.0,0.0,Unknown,Specified,1,Aggravated Assault,1.0,School/College,Anti-Asian,Individual,F,N
2014,City,OH,Ohio,2014-06-24,0.0,0.0,1,1.0,0.0,White,Not Specified,0,Simple Assault,0.0,Store,Anti-White,Individual,F,N
1991,Town,FL,Florida,1991-05-22,1.0,1.0,2,2.0,0.0,Black or African American,Not Hispanic or Latino,2,Assault,2.0,Store,Anti-Black or African American,Individual,S,N
1992,City,NY,New York,1992-09-15,0.0,0.0,0,,,White,Not Specified,0,Intimidation,0.0,Park/Areas of Recreation,Anti-White,Individual,F,N
1993,County,IL,Illinois,1993-02-28,1.0,0.0,1,1.0,0.0,Hispanic,Hispanic,1,Aggravated Assault,1.0,Residence,Anti-Hispanic or Latino,Individual,F,N
1994,Town,WA,Washington,1994-07-03,0.0,0.0,0,,,Unknown,Specified,0,Destruction/Damage/Vandalism of Property,0.0,Highway/Road/Alley/Street/Sidewalk,Anti-White,Other,F,N
1995,City,GA,Georgia,1995-11-30,0.0,1.0,1,0.0,1.0,Native American,Not Specified,1,Simple Assault,1.0,Air/Bus/Train Terminal,Anti-American Indian or Alaskan Native,Individual,F,N
1996,County,TX,Texas,1996-04-14,1.0,0.0,1,1.0,0.0,White,Not Specified,1,Intimidation,1.0,Store,Anti-White,Individual,F,N
1997,City,OR,Oregon,1997-10-19,1.0,1.0,1,1.0,0.0,Hisp,Hispanic or Latino,2,Assault,2.0,Residence,Anti-Hispanic or Latino,Individual,F,N
1998,Town,NC,North Carolina,1998-03-05,0.0,1.0,1,0.0,1.0,White,Not Specified,1,Destruction/Damage/Vandalism of Property,1.0,School/College,Anti-White,Individual,F,N
1999,County,PA,Pennsylvania,1999-08-27,0.0,0.0,0,,,Unknown,Specified,0,Aggravated Assault,0.0,Store,Anti-White,Other,F,N
2000,City,MI,Michigan,2000-12-18,1.0,1.0,2,1.0,1.0,Black or African American,Not Hispanic or Latino,2,Battery,2.0,House/Apartment/Condo,Anti-Black or African American,Individual,F,N
2001,County,MN,Minnesota,2001-06-10,0.0,0.0,1,0.0,1.0,White,Not Specified,0,Intimidation,0.0,Park/Areas of Recreation,Anti-White,Individual,F,N
2002,City,WI,Wisconsin,2002-11-07,0.0,1.0,1,0.0,1.0,Hisp,Hispanic or Latino,1,Assault,1.0,Highway/Road/Alley/Street/Sidewalk,Anti-Hispanic or Latino,Individual,F,N
2003,Other,KY,Kentucky,2003-01-31,1.0,0.0,1,1.0,0.0,White,Not Specified,1,Destruction/Damage/Vandalism of Property,1.0,School/College,Anti-White,Individual,F,N
2004,City,WV,West Virginia,2004-04-29,0.0,0.0,0,,,Unknown,Specified,0,Simple Assault,0.0,Store,Anti-White,Other,F,N
2005,County,NH,New Hampshire,2005-07-12,1.0,1.0,1,1.0,0.0,White,Not Specified,2,Aggravated Assault,2.0,Residence,Anti-White,Individual,F,N
2006,City,VT,Vermont,2006-10-15,0.0,1.0,1,0.0,1.0,Black or African American,Not Hispanic or Latino,1,Battery,1.0,Store,Anti-Black or African American,Individual,F,N
2007,County,NJ,New Jersey,2007-03-20,1.0,1.0,1,1.0,0.0,Hispanic,Hispanic,2,Assault,2.0,Park/Areas of Recreation,Anti-Hispanic or Latino,Individual,F,N
2008,City,OH,Ohio,2008-06-05,1.0,0.0,1,1.0,0.0,White,Not Specified,1,Intimidation,1.0,House/Apartment/Condo,Anti-White,Individual,F,N
2009,County,NY,New York,2009-09-24,0.0,1.0,1,0.0,1.0,Native American,Not Specified,1,Destruction/Damage/Vandalism of Property,1.0,Store,Anti-American Indian or Alaskan Native,Individual,F,N
2010,City,CA,California,2010-12-28,0.0,0.0,1,1.0,0.0,White,Not Specified,0,Simple Assault,0.0,Residence,Anti-White,Individual,F,N
2011,Other,FL,Florida,2011-02-13,0.0,1.0,1,0.0,1.0,Hisp,Hispanic or Latino,1,Battery,1.0,Highway/Road/Alley/Street/Sidewalk,Anti-Hispanic or Latino,Individual,F,N
2012,City,MN,Minnesota,2012-05-06,1.0,0.0,1,1.0,0.0,Black or African American,Not Hispanic or Latino,1,Assault,1.0,School/College,Anti-Black or African American,Individual,F,N
2013,County,WI,Wisconsin,2013-08-18,1.0,1.0,2,1.0,1.0,White,Not Specified,2,Destruction/Damage/Vandalism of Property,2.0,Store,Anti-White,Individual,F,N
2014,City,IL,Illinois,2014-11-10,0.0,0.0,0,,,Unknown,Specified,0,Aggravated Assault,0.0,Park/Areas of Recreation,Anti-White,Other,F,N
1991,City,GA,Georgia,1991-01-07,1.0,0.0,1,1.0,0.0,Hisp,Hispanic or Latino,1,Simple Assault,1.0,Residence,Anti-Hispanic or Latino,Individual,F,N
1992,Town,TX,Texas,1992-04-02,0.0,1.0,2,1.0,1.0,White,Not Specified,1,Aggravated Assault,1.0,School/College,Anti-White,Individual,F,N
1993,County,WA,Washington,1993-07-09,1.0,0.0,1,1.0,0.0,White,Not Specified,1,Battery,1.0,Store,Anti-White,Individual,F,N
1994,City,NJ,New Jersey,1994-10-14,0.0,0.0,0,,,Unknown,Specified,0,Intimidation,0.0,Store,Anti-White,Other,F,N
1995,Other,NC,North Carolina,1995-02-01,1.0,1.0,1,1.0,0.0,Native American,Not Specified,2,Destruction/Damage/Vandalism of Property,2.0,Highway/Road/Alley/Street/Sidewalk,Anti-American Indian or Alaskan Native,Individual,F,N
1996,City,PA,Pennsylvania,1996-05-19,0.0,1.0,1,0.0,1.0,White,Not Specified,1,Assault,1.0,Federal/State/Govt Building,Anti-White,Individual,F,N
1997,County,MI,Michigan,1997-09-25,0.0,0.0,1,1.0,0.0,Black or African American,Not Hispanic or Latino,0,Simple Assault,0.0,Residence,Anti-Black or African American,Individual,F,N
1998,City,MD,Maryland,1998-12-03,1.0,0.0,1,1.0,0.0,White,Not Specified,1,Battery,1.0,Air/Bus/Train Terminal,Anti-White,Individual,F,N
1999,County,WV,West Virginia,1999-03-22,1.0,0.0,1,1.0,0.0,Hisp,Hispanic or Latino,1,Destruction/Damage/Vandalism of Property,1.0,House/Apartment/Condo,Anti-Hispanic or Latino,Individual,F,N
2000,City,VT,Vermont,2000-06-17,0.0,1.0,1,0.0,1.0,White,Not Specified,1,Assault,1.0,Store,Anti-White,Individual,F,N
2001,Other,NH,New Hampshire,2001-09-11,1.0,1.0,2,1.0,1.0,Black or African American,Not Hispanic or Latino,2,Battery,2.0,Park/Areas of Recreation,Anti-Black or African American,Individual,F,N
2002,City,NY,New York,2002-12-08,0.0,0.0,1,0.0,1.0,Hispanic,Hispanic,0,Intimidation,0.0,Residence,Anti-Hispanic or Latino,Individual,F,N
2003,County,FL,Florida,2003-01-23,1.0,0.0,1,1.0,0.0,White,Not Specified,1,Assault,1.0,Highway/Road/Alley/Street/Sidewalk,Anti-White,Individual,F,N
2004,City,OH,Ohio,2004-04-29,1.0,1.0,1,1.0,0.0,White,Not Specified,2,Battery,2.0,School/College,Anti-White,Individual,F,N
2005,Town,GA,Georgia,2005-07-12,0.0,0.0,0,,,Unknown,Specified,0,Destruction/Damage/Vandalism of Property,0.0,Store,Anti-White,Other,F,N
2006,County,TX,Texas,2006-10-05,1.0,1.0,1,1.0,0.0,Black or African American,Not Hispanic or Latino,2,Assault,2.0,Residence,Anti-Black or African American,Individual,F,N
2007,City,MN,Minnesota,2007-01-15,0.0,1.0,2,1.0,1.0,White,Not Specified,1,Aggravated Assault,1.0,Store,Anti-White,Individual,F,N
2008,Other,WI,Wisconsin,2008-04-21,0.0,0.0,0,,,Unknown,Specified,0,Battery,0.0,Park/Areas of Recreation,Anti-White,Other,F,N
1991,City,AL,Alabama,1991-03-15,1.0,0.0,2,1.0,1.0,White,Not Hispanic or Latino,1,Simple Assault,1.0,Residence,Anti-Jewish,Individual,N,N
1992,County,AK,Alaska,1992-07-22,0.0,1.0,1,1.0,0.0,Hispanic or Latino,Hispanic or Latino,1,Property Damage,1.0,Store,Anti-Latino,Individual,N,N
1993,Township,AR,Arkansas,1993-11-08,2.0,0.0,3,2.0,1.0,Black or African American,Not Specified,2,Aggravated Assault,2.0,Highway/Road/Alley/Street/Sidewalk,Anti-Black or African American,Individual,S,S
1994,Police Department,AZ,Arizona,1994-02-10,0.0,0.0,0,,,Unknown,Not Specified,0,Fraud,0.0,Other,Anti-White,Group,Y,N
1995,City,CA,California,1995-09-19,1.0,1.0,4,3.0,1.0,Asian or Pacific Islander,Not Hispanic or Latino,2,Assault,2.0,Restaurant,Anti-Asian,Individual,S,S
1996,County,CO,Colorado,1996-06-30,0.0,2.0,3,3.0,0.0,Native American/Alaska Native,Not Specified,2,Property Damage,2.0,Housing Complex,Anti-American Indian,Individual,O,N
1997,Police Department,CT,Connecticut,1997-01-05,3.0,0.0,2,2.0,0.0,White,Not Hispanic or Latino,3,Simple Assault,3.0,School/College,Anti-Black or African American,Individual,N,S
1998,Township,DE,Delaware,1998-04-17,0.0,0.0,1,1.0,0.0,Asian or Pacific Islander,Not Hispanic or Latino,1,Intimidation,1.0,Public Assembly Area,Anti-Asian,Group,N,N
1999,Town,FL,Florida,1999-12-28,1.0,0.0,5,5.0,0.0,Hispanic or Latino,Hispanic or Latino,1,Stalking,1.0,Library,Anti-Latino,Individual,S,N
2000,Police Department,GA,Georgia,2000-03-11,2.0,1.0,3,2.0,1.0,White,Not Hispanic or Latino,3,Assault,3.0,Restaurants,Anti-Jewish,Individual,N,S
2001,City,GU,Guam,2001-08-23,0.0,0.0,2,2.0,0.0,White,Not Hispanic or Latino,0,Destruction/Damage/Vandalism of Property,0.0,Holiday Center,Anti-Gay (Male),Group,Y,Y
2002,County,HI,Hawaii,2002-10-04,0.0,1.0,1,1.0,0.0,Native American/Alaska Native,Not Specified,1,Simple Assault,1.0,Park,Anti-American Indian,Individual,N,N
2003,Police Department,ID,Idaho,2003-05-15,1.0,0.0,4,4.0,0.0,Black or African American,Not Specified,1,Destruction/Damage/Vandalism of Property,1.0,Community Center,Anti-Black or African American,Individual,N,S
2004,Township,IL,Illinois,2004-11-30,2.0,0.0,2,2.0,0.0,White,Not Hispanic or Latino,2,Intimidation,2.0,College/Academy,Anti-White,Individual,S,N
2005,Police Department,IN,Indiana,2005-02-14,0.0,1.0,2,1.0,1.0,Hispanic or Latino,Hispanic or Latino,1,Stalking,1.0,Shopping Mall,Anti-Latino,Individual,S,N
2006,City,KS,Kansas,2006-07-22,1.0,0.0,3,3.0,0.0,Asian or Pacific Islander,Not Hispanic or Latino,1,Aggravated Assault,1.0,School/College,Anti-Asian,Individual,N,N
2007,County,KY,Kentucky,2007-03-18,3.0,0.0,2,2.0,0.0,Black or African American,Not Specified,3,Simple Assault,3.0,Public Building,Anti-Black or African American,Group,N,S
2008,Police Department,LA,Louisiana,2008-09-10,0.0,2.0,3,3.0,0.0,White,Not Hispanic or Latino,2,Property Damage,2.0,Apartment Complex,Anti-Jewish,Individual,N,N
2009,Township,MD,Maryland,2009-04-29,1.0,1.0,1,1.0,0.0,Hispanic or Latino,Hispanic or Latino,2,Intimidation,2.0,Park,Anti-Latino,Individual,N,N
2010,City,ME,Maine,2010-12-23,2.0,0.0,4,4.0,0.0,White,Not Hispanic or Latino,2,Property Damage,2.0,Residence,Anti-Gay (Male),Individual,S,N
2011,County,MI,Michigan,2011-06-15,0.0,0.0,1,1.0,0.0,Asian or Pacific Islander,Not Hispanic or Latino,0,Assault,0.0,Highway/Road/Alley/Street/Sidewalk,Anti-Asian,Individual,N,S
2012,Police Department,MN,Minnesota,2012-08-31,1.0,0.0,3,2.0,1.0,Black or African American,Not Specified,1,Aiding a Criminal,1.0,College/Academy,Anti-Black or African American,Individual,S,S
2013,City,MO,Missouri,2013-01-20,2.0,1.0,2,2.0,0.0,White,Not Hispanic or Latino,3,Simple Assault,3.0,Store,Anti-Jewish,Individual,S,N
2014,County,MS,Mississippi,2014-05-12,0.0,0.0,1,1.0,0.0,Native American/Alaska Native,Not Specified,0,Destruction/Damage/Vandalism of Property,0.0,Highway/Road/Alley/Street/Sidewalk,Anti-American Indian,Group,S,Y
1991,Township,MT,Montana,1991-09-04,1.0,0.0,2,2.0,0.0,Hispanic or Latino,Hispanic or Latino,1,Intimidation,1.0,School/College,Anti-Latino,Individual,N,S
1992,Police Department,NC,North Carolina,1992-12-07,3.0,0.0,3,3.0,0.0,White,Not Hispanic or Latino,3,Aggravated Assault,3.0,Clothing Store,Anti-White,Individual,S,N
1993,City,NH,New Hampshire,1993-03-03,0.0,2.0,2,1.0,1.0,Black or African American,Not Specified,2,Destruction/Damage/Vandalism of Property,2.0,Community Center,Anti-Black or African American,Individual,N,N
1994,County,NJ,New Jersey,1994-11-19,1.0,0.0,1,1.0,0.0,Asian or Pacific Islander,Not Hispanic or Latino,1,Simple Assault,1.0,Housing Complex,Anti-Asian,Individual,S,N
1995,Police Department,NM,New Mexico,1995-07-01,2.0,0.0,3,2.0,1.0,Native American/Alaska Native,Not Specified,2,Property Damage,2.0,Residence,Anti-American Indian,Individual,S,S
1996,City,NV,Nevada,1996-02-14,0.0,1.0,2,2.0,0.0,White,Not Hispanic or Latino,1,Assault,1.0,Public Building,Anti-Jewish,Individual,S,N
1997,County,NY,New York,1997-08-27,1.0,1.0,4,3.0,1.0,Hispanic or Latino,Hispanic or Latino,2,Aggravated Assault,2.0,Restaurant,Anti-Latino,Group,N,Y
1998,Police Department,OH,Ohio,1998-04-11,2.0,0.0,2,2.0,0.0,Black or African American,Not Specified,2,Intimidation,2.0,College/Academy,Anti-Black or African American,Individual,N,N
1999,Township,OK,Oklahoma,1999-10-16,0.0,0.0,1,1.0,0.0,Asian or Pacific Islander,Not Hispanic or Latino,0,Destruction/Damage/Vandalism of Property,0.0,Store,Anti-Asian,Group,N,N
2000,City,OR,Oregon,2000-01-29,1.0,0.0,3,2.0,1.0,White,Not Hispanic or Latino,1,Simple Assault,1.0,Highway/Road/Alley/Street/Sidewalk,Anti-Gay (Male),Individual,S,N
2001,County,PA,Pennsylvania,2001-05-04,3.0,0.0,2,2.0,0.0,Hispanic or Latino,Hispanic or Latino,3,Assault,3.0,School/College,Anti-Latino,Individual,S,Y
2002,Police Department,PR,Puerto Rico,2002-12-08,0.0,2.0,1,1.0,0.0,White,Not Hispanic or Latino,2,Property Damage,2.0,Residence,Anti-Jewish,Group,N,N
2003,City,RI,Rhode Island,2003-07-23,2.0,0.0,4,4.0,0.0,Black or African American,Not Specified,2,Intimidation,2.0,Library,Anti-Black or African American,Individual,S,S
2004,County,SC,South Carolina,2004-11-10,1.0,1.0,3,3.0,0.0,White,Not Hispanic or Latino,2,Aiding a Criminal,2.0,Apartment Complex,Anti-Jewish,Individual,S,N
2005,Police Department,SD,South Dakota,2005-03-18,0.0,0.0,1,1.0,0.0,Native American/Alaska Native,Not Specified,0,Destruction/Damage/Vandalism of Property,0.0,Hotel,Anti-American Indian,Group,N,Y
2006,City,TN,Tennessee,2006-09-07,2.0,0.0,2,2.0,0.0,Black or African American,Not Specified,2,Simple Assault,2.0,School/College,Anti-Black or African American,Individual,S,N
2007,County,TX,Texas,2007-02-20,0.0,1.0,3,2.0,1.0,White,Not Hispanic or Latino,1,Aggravated Assault,1.0,Highway/Road/Alley/Street/Sidewalk,Anti-White,Individual,N,S
2008,Police Department,UT,Utah,2008-06-13,1.0,0.0,2,2.0,0.0,Asian or Pacific Islander,Not Hispanic or Latino,1,Destruction/Damage/Vandalism of Property,1.0,College/Academy,Anti-Asian,Individual,S,N
2009,City,VA,Virginia,2009-10-02,2.0,0.0,3,2.0,1.0,Hispanic or Latino,Hispanic or Latino,2,Intimidation,2.0,Store,Anti-Latino,Group,N,N
2010,County,VT,Vermont,2010-04-19,0.0,0.0,1,1.0,0.0,White,Not Hispanic or Latino,0,Property Damage,0.0,Shopping Mall,Anti-Jewish,Individual,N,Y
2011,Police Department,WA,Washington,2011-12-07,3.0,0.0,2,2.0,0.0,Black or African American,Not Specified,3,Assault,3.0,School/College,Anti-Black or African American,Individual,S,N
2012,City,WI,Wisconsin,2012-08-30,1.0,0.0,4,4.0,0.0,Hispanic or Latino,Hispanic or Latino,1,Simple Assault,1.0,Housing Complex,Anti-Latino,Individual,N,S
2013,County,WV,West Virginia,2013-01-25,2.0,1.0,3,2.0,1.0,White,Not Hispanic or Latino,3,Aggravated Assault,3.0,Residence,Anti-White,Individual,S,N
2014,Police Department,WY,Wyoming,2014-05-14,0.0,0.0,1,1.0,0.0,Asian or Pacific Islander,Not Hispanic or Latino,0,Destruction/Damage/Vandalism of Property,0.0,Public Gathering Area,Anti-Asian,Group,N,N
1991,Town,AS,American Samoa,1991-11-18,1.0,0.0,2,1.0,1.0,White,Not Hispanic or Latino,1,Simple Assault,1.0,Community Center,Anti-Gay (Male),Individual,N,S
1992,Police Department,DC,District of Columbia,1992-02-13,2.0,0.0,1,1.0,0.0,Hispanic or Latino,Hispanic or Latino,2,Intimidation,2.0,Residence,Anti-Latino,Individual,S,S
1993,City,MP,Northern Mariana Islands,1993-06-04,0.0,1.0,2,2.0,0.0,Native American/Alaska Native,Not Specified,1,Assault,1.0,Holiday Center,Anti-American Indian,Individual,N,N
1994,County,FM,Federated States of Micronesia,1994-08-29,1.0,0.0,4,3.0,1.0,Asian or Pacific Islander,Not Hispanic or Latino,1,Simple Assault,1.0,Housing Complex,Anti-Asian,Individual,S,Y
1995,Police Department,HI,Hawaii,1995-03-22,3.0,0.0,2,2.0,0.0,White,Not Hispanic or Latino,3,Aggravated Assault,3.0,College/Academy,Anti-White,Individual,N,N
1996,City,MI,Michigan,1996-07-15,0.0,0.0,3,3.0,0.0,Black or African American,Not Specified,0,Destruction/Damage/Vandalism of Property,0.0,School/College,Anti-Black or African American,Group,S,Y
1997,County,MN,Minnesota,1997-10-18,1.0,0.0,1,1.0,0.0,Hispanic or Latino,Hispanic or Latino,1,Intimidation,1.0,Store,Anti-Latino,Individual,S,N
1998,Police Department,NE,Nebraska,1998-01-02,2.0,0.0,2,2.0,0.0,White,Not Hispanic or Latino,2,Assault,2.0,Public Building,Anti-Jewish,Individual,N,S
1999,City,NJ,New Jersey,1999-12-17,0.0,1.0,1,1.0,0.0,Asian or Pacific Islander,Not Hispanic or Latino,1,Property Damage,1.0,Park,Anti-Asian,Individual,N,N
2000,County,NM,New Mexico,2000-05-09,3.0,0.0,1,1.0,0.0,Hispanic or Latino,Hispanic or Latino,3,Simple Assault,3.0,Residence,Anti-Latino,Individual,S,N
2001,Police Department,NV,Nevada,2001-04-13,0.0,2.0,3,2.0,1.0,White,Not Hispanic or Latino,2,Aggravated Assault,2.0,Highway/Road/Alley/Street/Sidewalk,Anti-White,Individual,N,S
1991,City,NY,New York,1991-03-15,1.0,0.0,2,1.0,1.0,White,Not Hispanic or Latino,1,Assault,1.0,Residence,Anti-Jewish,Individual,N,N
1992,Tribal,OK,Oklahoma,1992-08-22,,,1,,,American Indian or Alaska Native,Not Specified,1,Intimidation,1.0,Public Park,Anti-American Indian or Alaska Native,Individual,N,N
1993,County,FL,Florida,1993-11-04,2.0,1.0,3,2.0,1.0,Black or African American,Not Hispanic or Latino,3,Aggravated Assault,4.0,Hospital,Anti-Black or African American,Group,N,N
1994,State,CO,Colorado,1994-02-28,1.0,0.0,1,1.0,0.0,Hispanic or Latino,Hispanic or Latino,1,Simple Assault,1.0,Restaurant,Anti-Hispanic or Latino,Individual,N,N
1995,Metro,OR,Oregon,1995-06-17,3.0,0.0,4,3.0,1.0,White,Not Hispanic or Latino,3,Robbery,3.0,Shopping Mall,Anti-White,Individual,S,N
1996,City,WI,Wisconsin,1996-09-10,1.0,1.0,2,1.0,1.0,Native Hawaiian or Other Pacific Islander,Not Specified,2,Vandalism,2.0,Library,Anti-Native Hawaiian or Other Pacific Islander,Individual,N,N
1997,Other,GA,Georgia,1997-04-03,0.0,2.0,1,0.0,1.0,Asian,Not Specified,2,Assault,2.0,Gas Station,Anti-Asian,Group,N,N
1998,Tribal,MT,Montana,1998-12-29,1.0,0.0,1,1.0,0.0,Unknown,Not Specified,1,Fighting,1.0,Community Center,Anti-Unknown,Individual,N,N
1999,County,VA,Virginia,1999-07-20,2.0,1.0,2,2.0,0.0,Black or African American,Not Hispanic or Latino,3,Assault,3.0,School/College,Anti-Black or African American,Group,N,N
2000,State,NH,New Hampshire,2000-10-11,1.0,0.0,1,1.0,0.0,White,Not Hispanic or Latino,1,Hate Crime,1.0,Barbershop,Anti-White,Individual,N,N
2001,City,MD,Maryland,2001-01-03,1.0,0.0,1,1.0,0.0,Hispanic or Latino,Hispanic or Latino,1,Battery,1.0,Housing Complex,Anti-Hispanic or Latino,Individual,N,N
2002,Other,IN,Indiana,2002-03-22,1.0,0.0,2,1.0,1.0,Black or African American,Not Hispanic or Latino,1,Assault,1.0,Church,Anti-Black or African American,Individual,N,N
2003,Tribal,WA,Washington,2003-11-18,0.0,1.0,1,0.0,1.0,American Indian or Alaska Native,Not Specified,1,Destruction/Damage/Vandalism of Property,1.0,Airport,Anti-American Indian or Alaska Native,Individual,N,N
2004,City,CA,California,2004-05-13,3.0,0.0,3,3.0,0.0,Latino,Hispanic or Latino,3,Intimidation,3.0,School/College,Anti-Latino,Group,N,N
2005,County,MN,Minnesota,2005-08-07,2.0,1.0,4,3.0,1.0,White,Not Hispanic or Latino,3,Assault,3.0,Park,Anti-White,Individual,N,N
2006,State,NJ,New Jersey,2006-12-19,1.0,0.0,1,1.0,0.0,Unknown,Not Specified,1,Destruction/Damage/Vandalism of Property,1.0,Residence,Anti-Unknown,Individual,N,N
2007,City,DE,Delaware,2007-04-23,0.0,2.0,1,0.0,1.0,Asian,Not Specified,2,Simple Assault,2.0,Air/Bus/Train Terminal,Anti-Asian,Group,N,N
2008,Other,AL,Alabama,2008-09-30,1.0,1.0,2,1.0,1.0,Black or African American,Not Hispanic or Latino,2,Aggravated Assault,2.0,Housing Complex,Anti-Black or African American,Group,N,N
2009,Tribal,MI,Michigan,2009-02-14,1.0,0.0,1,1.0,0.0,American Indian or Alaska Native,Not Specified,1,Hate Crime,1.0,Shopping Mall,Anti-American Indian or Alaska Native,Individual,N,N
2010,City,PA,Pennsylvania,2010-06-05,2.0,1.0,2,2.0,0.0,White,Not Hispanic or Latino,3,Assault,3.0,Restaurants,Anti-White,Group,N,N
2011,County,KY,Kentucky,2011-10-12,1.0,0.0,1,1.0,0.0,Hispanic or Latino,Hispanic or Latino,1,Assault,1.0,Apartment Complex,Anti-Hispanic or Latino,Individual,N,N
2012,State,UT,Utah,2012-11-28,0.0,1.0,2,0.0,2.0,Asian,Not Specified,1,Vandalism,1.0,University/Academic Institution,Anti-Asian,Individual,N,N
2013,City,ME,Maine,2013-07-31,1.0,0.0,1,1.0,0.0,White,Not Hispanic or Latino,1,Assault,1.0,Shopping Mall,Anti-White,Individual,N,N
2014,Other,AZ,Arizona,2014-03-20,2.0,0.0,2,2.0,0.0,Hispanic or Latino,Hispanic or Latino,2,Battery,2.0,Public Place,Anti-Hispanic or Latino,Group,N,N
1991,Tribal,TX,Texas,1991-08-12,0.0,1.0,1,0.0,1.0,American Indian or Alaska Native,Not Specified,1,Fighting,1.0,Park,Anti-American Indian or Alaska Native,Individual,N,N
1992,City,FL,Florida,1992-01-09,1.0,0.0,1,1.0,0.0,Black or African American,Not Hispanic or Latino,1,Intimidation,1.0,Community Center,Anti-Black or African American,Individual,N,N
1993,County,IL,Illinois,1993-06-22,1.0,2.0,3,2.0,1.0,White,Not Hispanic or Latino,3,Destruction/Damage/Vandalism of Property,3.0,School/College,Anti-White,Group,N,N
1994,City,NV,Nevada,1994-04-15,1.0,0.0,2,1.0,1.0,Hispanic or Latino,Hispanic or Latino,1,Assault,1.0,Residence,Anti-Hispanic or Latino,Individual,N,N
1995,Other,MS,Mississippi,1995-02-08,2.0,0.0,1,1.0,0.0,White,Not Hispanic or Latino,2,Simple Assault,2.0,Store,Anti-White,Group,N,N
1996,Tribal,NM,New Mexico,1996-10-17,0.0,1.0,1,0.0,1.0,American Indian or Alaska Native,Not Specified,1,Assault,1.0,Grocery Store,Anti-American Indian or Alaska Native,Individual,N,N
1997,City,WY,Wyoming,1997-09-03,1.0,0.0,2,2.0,0.0,White,Not Hispanic or Latino,1,Aggravated Assault,1.0,Barber Shop,Anti-White,Individual,N,N
1998,State,RI,Rhode Island,1998-05-18,1.0,0.0,1,1.0,0.0,Hispanic or Latino,Hispanic or Latino,1,Simple Assault,1.0,Hotel,Anti-Hispanic or Latino,Individual,N,N
1999,City,SC,Carolina,1999-11-25,2.0,1.0,2,2.0,0.0,Hispanic or Latino,Hispanic or Latino,3,Assault,3.0,School/College,Anti-Hispanic or Latino,Group,N,N
2000,County,VA,Virginia,2000-03-11,1.0,0.0,1,1.0,0.0,Asian,Not Specified,1,Destruction/Damage/Vandalism of Property,1.0,Store,Anti-Asian,Individual,N,N
2001,Other,DC,Washington,2001-07-30,1.0,1.0,3,2.0,1.0,Black or African American,Not Hispanic or Latino,2,Hate Crime,2.0,Housing Complex,Anti-Black or African American,Group,N,N
2002,Tribal,SD,South Dakota,2002-12-14,1.0,0.0,1,1.0,0.0,American Indian or Alaska Native,Not Specified,1,Assault,1.0,Community Center,Anti-American Indian or Alaska Native,Individual,N,N
2003,City,AK,Alaska,2003-04-29,1.0,0.0,1,1.0,0.0,White,Not Hispanic or Latino,1,Simple Assault,1.0,Public Park,Anti-White,Individual,N,N
2004,County,ND,North Dakota,2004-08-16,0.0,2.0,1,0.0,1.0,American Indian or Alaska Native,Not Specified,2,Hate Crime,2.0,Grocery Store,Anti-American Indian or Alaska Native,Group,N,N
2005,State,NC,Carolina,2005-01-20,1.0,0.0,2,2.0,0.0,Hispanic or Latino,Hispanic or Latino,1,Assault,1.0,Restaurant,Anti-Hispanic or Latino,Individual,N,N
2006,City,NY,New York,2006-06-02,2.0,0.0,3,2.0,1.0,White,Not Hispanic or Latino,2,Destruction/Damage/Vandalism of Property,2.0,University/Academic Institution,Anti-White,Group,N,N
2007,Other,OH,Ohio,2007-09-08,1.0,0.0,1,1.0,0.0,Black or African American,Not Hispanic or Latino,1,Aggravated Assault,1.0,Residence,Anti-Black or African American,Individual,N,N
2008,Tribal,NE,Nebraska,2008-02-19,1.0,0.0,1,1.0,0.0,American Indian or Alaska Native,Not Specified,1,Assault,1.0,Housing Complex,Anti-American Indian or Alaska Native,Individual,N,N
2009,City,CT,Connecticut,2009-10-05,2.0,1.0,2,2.0,0.0,White,Not Hispanic or Latino,3,Assault,3.0,Grocery Store,Anti-White,Group,N,N
2010,County,GA,Georgia,2010-04-13,1.0,0.0,1,1.0,0.0,Hispanic or Latino,Hispanic or Latino,1,Simple Assault,1.0,Housing Complex,Anti-Hispanic or Latino,Individual,N,N
2011,State,LA,Louisiana,2011-01-30,1.0,0.0,1,1.0,0.0,Unknown,Not Specified,1,Assault,1.0,Shopping Mall,Anti-Unknown,Individual,N,N
2012,City,ID,Idaho,2012-07-12,1.0,1.0,2,1.0,1.0,White,Not Hispanic or Latino,2,Fighting,2.0,University/Academic Institution,Anti-White,Group,N,N
2013,Other,AR,Arkansas,2013-05-15,0.0,1.0,1,0.0,1.0,Black or African American,Not Hispanic or Latino,1,Simple Assault,1.0,Barbershop,Anti-Black or African American,Individual,N,N
2014,Tribal,KY,Kentucky,2014-11-11,1.0,0.0,1,1.0,0.0,American Indian or Alaska Native,Not Specified,1,Aggravated Assault,1.0,Highway/Road/Alley/Street/Sidewalk,Anti-American Indian or Alaska Native,Individual,N,N
1991,City,VT,Vermon,1991-03-04,1.0,0.0,1,1.0,0.0,White,Not Hispanic or Latino,1,Destruction/Damage/Vandalism of Property,1.0,School/College,Anti-White,Individual,N,N
1992,County,ME,Maine,1992-07-22,2.0,1.0,3,2.0,1.0,Hispanic or Latino,Hispanic or Latino,3,Simple Assault,3.0,Housing Complex,Anti-Hispanic or Latino,Group,N,N
1993,State,HI,Hawaii,1993-12-08,0.0,1.0,1,0.0,1.0,Asian,Not Specified,1,Assault,1.0,Shopping Mall,Anti-Asian,Individual,N,N
1994,City,TN,Tennessee,1994-05-18,1.0,0.0,1,1.0,0.0,White,Not Hispanic or Latino,1,Intimidation,1.0,University/Academic Institution,Anti-White,Individual,N,N
1995,Other,FL,Florida,1995-09-10,1.0,0.0,1,1.0,0.0,Black or African American,Not Hispanic or Latino,1,Fighting,1.0,Public Place,Anti-Black or African American,Individual,N,N
1996,Tribal,OR,Oregon,1996-04-27,0.0,2.0,1,0.0,1.0,American Indian or Alaska Native,Not Specified,2,Assault,2.0,Restaurant,Anti-American Indian or Alaska Native,Group,N,N
1997,City,MO,Missouri,1997-11-21,1.0,0.0,1,1.0,0.0,Native Hawaiian or Other Pacific Islander,Not Specified,1,Destruction/Damage/Vandalism of Property,1.0,Shopping Mall,Anti-Native Hawaiian or Other Pacific Islander,Individual,N,N
1998,County,AL,Alabama,1998-03-30,1.0,0.0,2,1.0,1.0,Hispanic or Latino,Hispanic or Latino,1,Aggravated Assault,1.0,Barber Shop,Anti-Hispanic or Latino,Individual,N,N
1999,State,MS,Mississippi,1999-08-06,2.0,1.0,3,2.0,1.0,White,Not Hispanic or Latino,3,Assault,3.0,Apartment Complex,Anti-White,Group,N,N
2000,City,GA,Georgia,2000-01-15,1.0,0.0,1,1.0,0.0,Black or African American,Not Hispanic or Latino,1,Intimidation,1.0,Public Park,Anti-Black or African American,Individual,N,N
1992,City,NY,New York,1992-03-15,1.0,0.0,2,1.0,1.0,White,Not Hispanic or Latino,2,Assault,2.0,Residence,Anti-Jewish,Individual,S,S
2001,City,TX,Texas,2001-07-22,0.0,1.0,1,0.0,1.0,Hispanic,Hispanic,1,Simple Assault,1.0,Restaurant,Anti-Hispanic,Individual,S,S
1995,County,FL,Florida,1995-11-08,2.0,0.0,3,2.0,1.0,Black or African American,Not Specified,3,Aggravated Assault,3.0,School/College,Anti-Black or African American,Individual,S,S
1999,City,GA,Georgia,1999-02-14,1.0,0.0,1,1.0,0.0,White,Not Hispanic or Latino,1,Harassment,1.0,Hospital,Anti-White,Individual,S,S
2005,City,CA,California,2005-09-30,0.0,2.0,2,0.0,2.0,Asian,Not Hispanic or Latino,2,Felony Assault,2.0,Store,Anti-Asian,Individual,S,S
1993,County,VA,Virginia,1993-06-11,1.0,0.0,1,1.0,0.0,Native American,Not Specified,1,Petty Theft,1.0,Church,Anti-American Indian or Alaska Native,Individual,S,S
2008,City,WI,Wisconsin,2008-04-19,0.0,1.0,2,0.0,2.0,White,Not Hispanic or Latino,1,Assault,1.0,School/College,Anti-White,Individual,S,S
1998,Private,MN,Minnesota,1998-12-03,1.0,0.0,3,1.0,2.0,Black or African American,Not Specified,4,Assault,1.0,Residence,Anti-Black or African American,Individual,S,S
2003,City,IL,Illinois,2003-01-28,0.0,1.0,1,0.0,1.0,Asian,Not Hispanic or Latino,1,Simple Assault,1.0,Office Building,Anti-Asian,Individual,S,S
1996,City,OH,Ohio,1996-05-17,2.0,0.0,4,2.0,2.0,White,Not Hispanic or Latino,2,Destruction/Damage/Vandalism of Property,2.0,Street/Avenue,Other,Anti-White,Individual,S,S
2010,City,NJ,New Jersey,2010-08-21,1.0,0.0,1,1.0,0.0,Hispanic,Hispanic,1,Petty Theft,1.0,Hospital,Anti-Hispanic,Individual,S,S
1994,City,NJ,New Jersey,1994-03-23,0.0,2.0,2,0.0,2.0,White,Not Hispanic or Latino,2,Destruction/Damage/Vandalism of Property,2.0,Store,Anti-White,Individual,S,S
2007,City,PA,Pennsylvania,2007-07-04,1.0,0.0,2,1.0,1.0,White,Not Hispanic or Latino,3,Simple Assault,1.0,Restaurant,Anti-White,Individual,S,S
1991,State,MI,Michigan,1991-10-12,1.0,1.0,3,1.0,2.0,Black or African American,Not Specified,2,Assault,2.0,Store,Anti-Black or African American,Individual,S,S
2006,City,NJ,New Jersey,2006-05-02,0.0,1.0,1,0.0,1.0,White,Not Hispanic or Latino,1,Assault,1.0,Restaurant,Anti-White,Individual,S,S
1997,County,FL,Florida,1997-08-29,2.0,0.0,3,2.0,1.0,Hispanic,Hispanic,3,Assault,3.0,School/College,Anti-Hispanic,Individual,S,S
2011,City,TX,Texas,2011-02-18,0.0,2.0,2,0.0,2.0,Asian,Not Hispanic or Latino,2,Simple Assault,2.0,Residence,Anti-Asian,Individual,S,S
2002,City,NC,North Carolina,2002-04-07,1.0,0.0,2,1.0,1.0,White,Not Hispanic or Latino,2,Harassment,2.0,School/College,Anti-White,Individual,S,S
1994,City,CO,Colorado,1994-11-30,0.0,1.0,1,0.0,1.0,Black or African American,Not Specified,1,Simple Assault,1.0,University,Anti-Black or African American,Individual,S,S
2009,City,GA,Georgia,2009-06-25,2.0,0.0,1,1.0,0.0,White,Not Hispanic or Latino,2,Assault,2.0,Hospital,Anti-White,Individual,S,S
2000,City,OR,Oregon,2000-01-15,1.0,0.0,2,1.0,1.0,Hispanic,Hispanic,3,Burglary,1.0,Residence,Anti-Hispanic,Individual,S,S
1999,City,WY,Wyoming,1999-09-21,0.0,2.0,1,0.0,1.0,Asian,Not Hispanic or Latino,2,Destruction/Damage/Vandalism of Property,2.0,Store,Anti-Asian,Individual,S,S
2004,City,WA,Washington,2004-03-12,1.0,0.0,3,1.0,2.0,White,Not Hispanic or Latino,4,Aggravated Assault,1.0,Highway/Road/Alley/Street/Sidewalk,Anti-White,Individual,S,S
2005,County,NE,Nebraska,2005-08-07,0.0,1.0,2,0.0,2.0,White,Not Hispanic or Latino,1,Felony Assault,1.0,Church,Anti-White,Individual,S,S
1993,City,AK,Alaska,1993-05-14,2.0,0.0,2,2.0,0.0,Black or African American,Not Specified,2,Assault,2.0,School/College,Anti-Black or African American,Individual,S,S
2012,City,VT,Vermont,2012-04-09,1.0,0.0,1,1.0,0.0,Hispanic,Hispanic,1,Simple Assault,1.0,Residence,Anti-Hispanic,Individual,S,S
1995,City,SC,South Carolina,1995-12-01,0.0,1.0,2,0.0,2.0,White,Not Hispanic or Latino,1,Assault,1.0,Store,Anti-White,Individual,S,S
2013,City,SD,South Dakota,2013-07-22,1.0,0.0,1,1.0,0.0,White,Not Hispanic or Latino,1,Destruction/Damage/Vandalism of Property,1.0,Office Building,Anti-White,Individual,S,S
2001,City,WA,Washington,2001-02-10,1.0,0.0,1,1.0,0.0,Asian,Not Hispanic or Latino,1,Harassment,1.0,School/College,Anti-Asian,Individual,S,S
2008,City,ID,Idaho,2008-09-25,0.0,2.0,1,0.0,1.0,Hispanic,Hispanic,2,Assault,2.0,Restaurant,Anti-Hispanic,Individual,S,S
1992,City,GA,Georgia,1992-03-19,1.0,0.0,3,1.0,2.0,White,Not Hispanic or Latino,3,Aggravated Assault,1.0,Store,Anti-White,Individual,S,S
2003,City,MD, Maryland,2003-10-17,0.0,1.0,2,0.0,2.0,Black or African American,Not Specified,1,Simple Assault,1.0,Residence,Anti-Black or African American,Individual,S,S
2010,City,AR,Arkansas,2010-06-22,2.0,0.0,2,2.0,0.0,White,Not Hispanic or Latino,2,Assault,2.0,Hospital,Anti-White,Individual,S,S
2006,City,HI,Hawaii,2006-05-08,1.0,0.0,1,1.0,0.0,Asian,Not Hispanic or Latino,1,Petty Theft,1.0,Street/Avenue,Other,Anti-Asian,Individual,S,S
1996,City,NH,New Hampshire,1996-08-19,0.0,1.0,2,0.0,2.0,White,Not Hispanic or Latino,1,Felony Assault,1.0,Church,Anti-White,Individual,S,S
2011,City,DE,Delaware,2011-12-20,1.0,0.0,3,1.0,2.0,Black or African American,Not Specified,2,Simple Assault,1.0,University,Anti-Black or African American,Individual,S,S
2004,City,RI,Rhode Island,2004-01-26,0.0,2.0,1,0.0,1.0,Hispanic,Hispanic,2,Aggravated Assault,2.0,Store,Anti-Hispanic,Individual,S,S
1998,City,KY,Kentucky,1998-03-31,1.0,0.0,2,1.0,1.0,White,Not Hispanic or Latino,3,Destruction/Damage/Vandalism of Property,1.0,Residence,Anti-White,Individual,S,S
2000,City,NV,Nevada,2000-07-15,0.0,1.0,1,0.0,1.0,Asian,Not Hispanic or Latino,1,Assault,1.0,Restaurant,Anti-Asian,Individual,S,S
2007,County,CA,California,2007-04-01,2.0,0.0,2,2.0,0.0,White,Not Hispanic or Latino,2,Harassment,2.0,School/College,Anti-White,Individual,S,S
1994,City,VT,Vermont,1994-02-28,1.0,0.0,3,1.0,2.0,Hispanic,Hispanic,3,Assault,3.0,Hospital,Anti-Hispanic,Individual,S,S
2009,City,AZ,Arizona,2009-11-13,0.0,1.0,1,0.0,1.0,Black or African American,Not Specified,1,Destruction/Damage/Vandalism of Property,1.0,Residence,Anti-Black or African American,Individual,S,S
2002,City,LA,Louisiana,2002-08-30,1.0,0.0,2,1.0,1.0,White,Not Hispanic or Latino,2,Simple Assault,2.0,Store,Anti-White,Individual,S,S
1997,City,MN,Minnesota,1997-06-11,0.0,2.0,1,0.0,1.0,Asian,Not Hispanic or Latino,2,Assault,2.0,Restaurant,Anti-Asian,Individual,S,S
2003,County,VT,Vermont,2003-09-24,1.0,0.0,3,1.0,2.0,White,Not Hispanic or Latino,4,Murder,1.0,School/College,Anti-White,Individual,S,S
2005,City,MS,Mississippi,2005-01-06,0.0,1.0,1,0.0,1.0,Hispanic,Hispanic,1,Aggravated Assault,1.0,Street/Avenue,Anti-Hispanic,Individual,S,S
2008,City,ME,Maine,2008-05-02,2.0,0.0,4,2.0,2.0,Black or African American,Not Specified,2,Assault,2.0,Office Building,Anti-Black or African American,Individual,S,S
2001,City,PA,Pennsylvania,2001-04-14,1.0,0.0,1,1.0,0.0,White,Not Hispanic or Latino,1,Petty Theft,1.0,Residence,Anti-White,Individual,S,S
1995,City,IN,Indiana,1995-10-30,0.0,2.0,2,0.0,2.0,White,Not Hispanic or Latino,2,Simple Assault,2.0,Hospital,Anti-White,Individual,S,S
2012,City,MT,Montana,2012-03-18,1.0,0.0,2,1.0,1.0,Hispanic,Hispanic,3,Assault,1.0,School/College,Anti-Hispanic,Individual,S,S
2006,City,MD, Maryland,2006-01-15,0.0,1.0,1,0.0,1.0,Asian,Not Hispanic or Latino,1,Assault,1.0,University,Anti-Asian,Individual,S,S
2000,City,AL,Alabama,2000-07-19,2.0,0.0,3,2.0,1.0,White,Not Hispanic or Latino,3,Harassment,3.0,Store,Anti-White,Individual,S,S
2004,City,OR,Oregon,2004-02-22,1.0,0.0,2,1.0,1.0,White,Not Hispanic or Latino,3,Aggravated Assault,1.0,Office Building,Anti-White,Individual,S,S
2009,City,NH,New Hampshire,2009-09-14,0.0,1.0,1,0.0,1.0,Hispanic,Hispanic,1,Destruction/Damage/Vandalism of Property,1.0,Restaurant,Anti-Hispanic,Individual,S,S
