activity_year,derived_msa-md,state_code,county_code,census_tract,derived_loan_product_type,derived_dwelling_category,derived_ethnicity,derived_race,derived_sex,action_taken,loan_purpose,loan_amount,loan_to_value_ratio,interest_rate,rate_spread,hoepa_status,total_loan_costs,total_points_and_fees,origination_charges,discount_points,lender_credits,loan_term,prepayment_penalty_term,intro_rate_period,negative_amortization,interest_only_payment,balloon_payment,other_nonamortizing_features,property_value,construction_method,occupancy_type,manufactured_home_secured_property_type,manufactured_home_land_property_interest,total_units,multifamily_affordable_units,income,debt_to_income_ratio,applicant_credit_score_type,co-applicant_credit_score_type,applicant_ethnicity-1,co-applicant_ethnicity-1,applicant_ethnicity_observed,co-applicant_ethnicity_observed,applicant_race-1,co-applicant_race-1,applicant_race_observed,co-applicant_race_observed,applicant_sex,co-applicant_sex,applicant_sex_observed,co-applicant_sex_observed,applicant_age,co-applicant_age,applicant_age_above_62,co-applicant_age_above_62,submission_of_application,initially_payable_to_institution
2024,33333,AL,12345.0,123451234500.0,Conventional:First Lien,Single Family (1-4 Units):Site-Built,Not Hispanic or Latino,White,Male,File closed,40,200000.0,0.7,4.0,0.0,40000.0,0.0,0.0,0.0,360.0,0.0,0.0,0.0,0.0,100000.0,1,1,3,5,1,0.0,0.0,3.0,5.0,2,4,1,5,2,4,45-54,Yes,2,1,,,,,,,,,,,,,
2024,99999,CA,67890.0,67890678900.0,FHA:First Lien,Single Family (1-4 Units):Site-Built,Hispanic or Latino,Asian,Female,Loan funded,32,275000.0,0.6,3.5,0.0,25000.0,0.0,0.0,0.0,350.0,0.0,0.0,0.0,0.0,120000.0,1,1,3,5,1,0.0,0.0,3.0,5.0,2,4,1,5,2,4,65-74,Yes,2,1,,,,,,,,,,,,,
2024,12054,FL,34567.0,345673456700.0,VA:First Lien,Single Family (1-4 Units):Site-Built,Not Hispanic or Latino,Black,Male,File denied,32,300000.0,0.8,4.5,0.0,35000.0,0.0,0.0,0.0,320.0,0.0,0.0,0.0,0.0,130000.0,1,1,3,5,1,0.0,0.0,3.0,5.0,2,4,1,5,2,4,55-64,Yes,2,1,,,,,,,,,,,,,
2024,33333,NY,90123.0,901239012300.0,Conventional:First Lien,Single Family (1-4 Units):Site-Built,Not Hispanic or Latino,White,Female,Loan funded,32,325000.0,0.7,4.0,0.0,30000.0,0.0,0.0,0.0,380.0,0.0,0.0,0.0,0.0,140000.0,1,1,3,5,1,0.0,0.0,3.0,5.0,2,4,1,5,2,4,45-54,Yes,2,1,,,,,,,,,,,,,
2024,99999,TX,45678.0,456784567800.0,FHA:First Lien,Single Family (1-4 Units):Site-Built,Not Hispanic or Latino,Native American,Male,Loan funded,32,280000.0,0.6,3.5,0.0,25000.0,0.0,0.0,0.0,320.0,0.0,0.0,0.0,0.0,120000.0,1,1,3,5,1,0.0,0.0,3.0,5.0,2,4,1,5,2,4,65-74,Yes,2,1,,,,,,,,,,,,,
2024,12054,GA,23456.0,234562345600.0,VA:First Lien,Single Family (1-4 Units):Site-Built,Hispanic or Latino,White,Male,File closed,32,320000.0,0.8,4.5,0.0,35000.0,0.0,0.0,0.0,360.0,0.0,0.0,0.0,0.0,140000.0,1,1,3,5,1,0.0,0.0,3.0,5.0,2,4,1,5,2,4,45-54,Yes,2,1,,,,,,,,,,,,,
2024,33333,NC,67890.0,67890678900.0,FHA:First Lien,Single Family (1-4 Units):Site-Built,Not Hispanic or Latino,Asian,Female,Loan funded,32,270000.0,0.7,4.0,0.0,25000.0,0.0,0.0,0.0,310.0,0.0,0.0,0.0,0.0,110000.0,1,1,3,5,1,0.0,0.0,3.0,5.0,2,4,1,5,2,4,65-74,Yes,2,1,,,,,,,,,,,,,
2024,99999,IL,12345.0,123451234500.0,Conventional:First Lien,Single Family (1-4 Units):Site-Built,Not Hispanic or Latino,White,Male,File denied,32,290000.0,0.8,4.5,0.0,32000.0,0.0,0.0,0.0,340.0,0.0,0.0,0.0,0.0,130000.0,1,1,3,5,1,0.0,0.0,3.0,5.0,2,4,1,5,2,4,55-64,Yes,2,1,,,,,,,,,,,,,
2024,12054,MA,67890.0,67890678900.0,FHA:First Lien,Single Family (1-4 Units):Site-Built,Not Hispanic or Latino,Asian,Female,Loan funded,32,300000.0,0.7,4.0,0.0,25000.0,0.0,0.0,0.0,340.0,0.0,0.0,0.0,0.0,130000.0,1,1,3,5,1,0.0,0.0,3.0,5.0,2,4,1,5,2,4,45-54,Yes,2,1,,,,,,,,,,,,,
2024,33333,FL,90123.0,901239012300.0,VA:First Lien,Single Family (1-4 Units):Site-Built,Not Hispanic or Latino,White,Male,File closed,32,295000.0,0.8,4.5,0.0,35000.0,0.0,0.0,0.0,360.0,0.0,0.0,0.0,0.0,140000.0,1,1,3,5,1,0.0,0.0,3.0,5.0,2,4,1,5,2,4,65-74,Yes,2,1,,,,,,,,,,,,,
2024,99999,OH,23456.0,234562345600.0,Conventional:Subordinate Lien,Single Family (1-4 Units):Site-Built,Hispanic or Latino,Asian,Male,Loan funded,32,240000.0,0.6,3.5,0.0,20000.0,0.0,0.0,0.0,280.0,0.0,0.0,0.0,0.0,90000.0,1,1,3,5,1,0.0,0.0,3.0,5.0,2,4,1,5,2,4,45-54,Yes,2,1,,,,,,,,,,,,,
2024,12054,GA,45678.0,456784567800.0,Conventional:First Lien,Single Family (1-4 Units):Site-Built,Not Hispanic or Latino,Native American,Male,File denied,32,310000.0,0.8,4.5,0.0,35000.0,0.0,0.0,0.0,380.0,0.0,0.0,0.0,0.0,140000.0,1,1,3,5,1,0.0,0.0,3.0,5.0,2,4,1,5,2,4,55-64,Yes,2,1,,,,,,,,,,,,,
2024,33333,NC,67890.0,67890678900.0,FHA:First Lien,Single Family (1-4 Units):Site-Built,Not Hispanic or Latino,Asian,Female,Loan funded,32,285000.0,0.7,4.0,0.0,25000.0,0.0,0.0,0.0,330.0,0.0,0.0,0.0,0.0,120000.0,1,1,3,5,1,0.0,0.0,3.0,5.0,2,4,1,5,2,4,65-74,Yes,2,1,,,,,,,,,,,,,
2024,99999,TX,12345.0,123451234500.0,VA:First Lien,Single Family (1-4 Units):Site-Built,Not Hispanic or Latino,White,Male,File closed,32,280000.0,0.8,4.5,0.0,30000.0,0.0,0.0,0.0,320.0,0.0,0.0,0.0,0.0,130000.0,1,1,3,5,1,0.0,0.0,3.0,5.0,2,4,1,5,2,4,45-54,Yes,2,1,,,,,,,,,,,,,
2024,12054,GA,67890.0,67890678900.0,FHA:First Lien,Single Family (1-4 Units):Site-Built,Not Hispanic or Latino,Asian,Female,Loan funded,32,290000.0,0.7,4.0,0.0,25000.0,0.0,0.0,0.0,310.0,0.0,0.0,0.0,0.0,110000.0,1,1,3,5,1,0.0,0.0,3.0,5.0,2,4,1,5,2,4,65-74,Yes,2,1,,,,,,,,,,,,,
2024,33333,FL,90123.0,901239012300.0,Conventional:Subordinate Lien,Single Family (1-4 Units):Site-Built,Not Hispanic or Latino,White,Male,File closed,32,290000.0,0.8,4.5,0.0,32000.0,0.0,0.0,0.0,340.0,0.0,0.0,0.0,0.0,130000.0,1,1,3,5,1,0.0,0.0,3.0,5.0,2,4,1,5,2,4,55-64,Yes,2,1,,,,,,,,,,,,,
2024,99999,IL,23456.0,234562345600.0,VA:First Lien,Single Family (1-4 Units):Site-Built,Not Hispanic or Latino,Native American,Male,File denied,32,315000.0,0.8,4.5,0.0,36000.0,0.0,0.0,0.0,380.0,0.0,0.0,0.0,0.0,140000.0,1,1,3,5,1,0.0,0.0,3.0,5.0,2,4,1,5,2,4,65-74,Yes,2,1,,,,,,,,,,,,,
2024,12054,MA,45678.0,456784567800.0,FHA:Subordinate Lien,Single Family (1-4 Units):Site-Built,Not Hispanic or Latino,Asian,Female,Loan funded,32,240000.0,0.6,3.5,0.0,20000.0,0.0,0.0,0.0,280.0,0.0,0.0,0.0,0.0,90000.0,1,1,3,5,1,0.0,0.0,3.0,5.0,2,4,1,5,2,4,45-54,Yes,2,1,,,,,,,,,,,,,
2024,33333,NC,67890.0,67890678900.0,FHA:First Lien,Single Family (1-4 Units):Site-Built,Not Hispanic or Latino,Asian,Female,Loan funded,32,310000.0,0.8,4.5,0.0,35000.0,0.0,0.0,0.0,370.0,0.0,0.0,0.0,0.0,140000.0,1,1,3,5,1,0.0,0.0,3.0,5.0,2,4,1,5,2,4,65-74,Yes,2,1,,,,,,,,,,,,,
2024,99999,OH,90123.0,901239012300.0,FHA:Subordinate Lien,Single Family (1-4 Units):Site-Built,Not Hispanic or Latino,White,Male,File denied,32,285000.0,0.7,4.0,0.0,25000.0,0.0,0.0,0.0,320.0,0.0,0.0,0.0,0.0,120000.0,1,1,3,5,1,0.0,0.0,3.0,5.0,2,4,1,5,2,4,45-54,Yes,2,1,,,,,,,,,,,,,
2024,12054,GA,23456.0,234562345600.0,Conventional:First Lien,Single Family (1-4 Units):Site-Built,Not Hispanic or Latino,Native American,Male,Loan funded,32,275000.0,0.8,4.5,0.0,30000.0,0.0,0.0,0.0,320.0,0.0,0.0,0.0,0.0,130000.0,1,1,3,5,1,0.0,0.0,3.0,5.0,2,4,1,5,2,4,55-64,Yes,2,1,,,,,,,,,,,,,
2024,33333,FL,45678.0,456784567800.0,FHA:Subordinate Lien,Single Family (1-4 Units):Site-Built,Not Hispanic or Latino,White,Male,File closed,32,295000.0,0.8,4.5,0.0,32000.0,0.0,0.0,0.0,340.0,0.0,0.0,0.0,0.0,140000.0,1,1,3,5,1,0.0,0.0,3.0,5.0,2,4,1,5,2,4,65-74,Yes,2,1,,,,,,,,,,,,,
2024,99999,TX,67890.0,67890678900.0,FHA:First Lien,Single Family (1-4 Units):Site-Built,Not Hispanic or Latino,Asian,Female,Loan funded,32,260000.0,0.7,4.0,0.0,22000.0,0.0,0.0,0.0,300.0,0.0,0.0,0.0,0.0,100000.0,1,1,3,5,1,0.0,0.0,3.0,5.0,2,4,1,5,2,4,45-54,Yes,2,1,,,,,,,,,,,,,
2024,12054,GA,12345.0,123451234500.0,Conventional:Subordinate Lien,Single Family (1-4 Units):Site-Built,Not Hispanic or Latino,Native American,Male,File denied,32,290000.0,0.8,4.5,0.0,32000.0,0.0,0.0,0.0,360.0,0.0,0.0,0.0,0.0,130000.0,1,1,3,5,1,0.0,0.0,3.0,5.0,2,4,1,5,2,4,65-74,Yes,2,1,,,,,,,,,,,,,
2024,33333,NC,90123.0,901239012300.0,Conventional:First Lien,Single Family (1-4 Units):Site-Built,Not Hispanic or Latino,Asian,Female,Loan funded,32,285000.0,0.8,4.5,0.0,32000.0,0.0,0.0,0.0,350.0,0.0,0.0,0.0,0.0,130000.0,1,1,3,5,1,0.0,0.0,3.0,5.0,2,4,1,5,2,4,65-74,Yes,2,1,,,,,,,,,,,,,
2024,99999,IL,23456.0,234562345600.0,FHA:Subordinate Lien,Single Family (1-4 Units):Site-Built,Not Hispanic or Latino,Native American,Male,File closed,32,280000.0,0.7,4.0,0.0,25000.0,0.0,0.0,0.0,310.0,0.0,0.0,0.0,0.0,120000.0,1,1,3,5,1,0.0,0.0,3.0,5.0,2,4,1,5,2,4,65-74,Yes,2,1,,,,,,,,,,,,,
2024,12054,MA,45678.0,456784567800.0,VA:First Lien,Single Family (1-4 Units):Site-Built,Not Hispanic or Latino,Asian,Female,Loan funded,32,310000.0,0.8,4.5,0.0,35000.0,0.0,0.0,0.0,370.0,0.0,0.0,0.0,0.0,140000.0,1,1,3,5,1,0.0,0.0,3.0,5.0,2,4,1,5,2,4,45-54,Yes,2,1,,,,,,,,,,,,,
2024,33333,NC,67890.0,67890678900.0,FHA:Subordinate Lien,Single Family (1-4 Units):Site-Built,Not Hispanic or Latino,Asian,Female,Loan funded,32,295000.0,0.7,4.0,0.0,25000.0,0.0,0.0,0.0,330.0,0.0,0.0,0.0,0.0,120000.0,1,1,3,5,1,0.0,0.0,3.0,5.0,2,4,1,5,2,4,65-74,Yes,2,1,,,,,,,,,,,,,
2024,99999,OH,12345.0,123451234500.0,FHA:First Lien,Single Family (1-4 Units):Site-Built,Not Hispanic or Latino,Native American,Male,File closed,32,295000.0,0.8,4.5,0.0,32000.0,0.0,0.0,0.0,340.0,0.0,0.0,0.0,0.0,140000.0,1,1,3,5,1,0.0,0.0,3.0,5.0,2,4,1,5,2,4,55-64,Yes,2,1,,,,,,,,,,,,,
2024,12054,GA,90123.0,901239012300.0,Conventional:Subordinate Lien,Single Family (1-4 Units):Site-Built,Not Hispanic or Latino,White,Male,File funded,32,280000.0,0.8,4.5,0.0,30000.0,0.0,0.0,0.0,320.0,0.0,0.0,0.0,0.0,130000.0,1,1,3,5,1,0.0,0.0,3.0,5.0,2,4,1,5,2,4,45-54,Yes,2,1,,,,,,,,,,,,,
2024,33333,FL,23456.0,234562345600.0,FHA:Subordinate Lien,Single Family (1-4 Units):Site-Built,Not Hispanic or Latino,White,Male,File denied,32,285000.0,0.7,4.0,0.0,25000.0,0.0,0.0,0.0,310.0,0.0,0.0,0.0,0.0,120000.0,1,1,3,5,1,0.0,0.0,3.0,5.0,2,4,1,5,2,4,55-64,Yes,2,1,,,,,,,,,,,,,
2024,99999,TX,45678.0,456784567800.0,VA:First Lien,Single Family (1-4 Units):Site-Built,Not Hispanic or Latino,Native American,Male,File closed,32,280000.0,0.8,4.5,0.0,30000.0,0.0,0.0,0.0,320.0,0.0,0.0,0.0,0.0,130000.0,1,1,3,5,1,0.0,0.0,3.0,5.0,2,4,1,5,2,4,65-74,Yes,2,1,,,,,,,,,,,,,
2024,12054,GA,67890.0,67890678900.0,FHA:Subordinate Lien,Single Family (1-4 Units):Site-Built,Not Hispanic or Latino,White,Male,File funded,32,290000.0,0.8,4.5,0.0,32000.0,0.0,0.0,0.0,360.0,0.0,0.0,0.0,0.0,140000.0,1,1,3,5,1,0.0,0.0,3.0,5.0,2,4,1,5,2,4,45-54,Yes,2,1,,,,,,,,,,,,,
2024,33333,NC,90123.0,901239012300.0,FHA:Subordinate Lien,Single Family (1-4 Units):Site-Built,Not Hispanic or Latino,Asian,Female,Loan funded,32,260000.0,0.7,4.0,0.0,22000.0,0.0,0.0,0.0,300.0,0.0,0.0,0.0,0.0,100000.0,1,1,3,5,1,0.0,0.0,3.0,5.0,2,4,1,5,2,4,65-74,Yes,2,1,,,,,,,,,,,,,
2024,99999,IL,23456.0,234562345600.0,FHA:First Lien,Single Family (1-4 Units):Site-Built,Not Hispanic or Latino,Native American,Male,File closed,32,290000.0,0.8,4.5,0.0,32000.0,0.0,0.0,0.0,340.0,0.0,0.0,0.0,0.0,130000.0,1,1,3,5,1,0.0,0.0,3.0,5.0,2,4,1,5,2,4,55-64,Yes,2,1,,,,,,,,,,,,,
2024,12054,MA,45678.0,456784567800.0,Conventional:Subordinate Lien,Single Family (1-4 Units):Site-Built,Not Hispanic or Latino,Asian,Female,Loan funded,32,285000.0,0.8,4.5,0.0,32000.0,0.0,0.0,0.0,370.0,0.0,0.0,0.0,0.0,130000.0,1,1,3,5,1,0.0,0.0,3.0,5.0,2,4,1,5,2,4,45-54,Yes,2,1,,,,,,,,,,,,,
2024,33333,NC,67890.0,67890678900.0,FHA:Subordinate Lien,Single Family (1-4 Units):Site-Built,Not Hispanic or Latino,Asian,Female,Loan funded,32,295000.0,0.8,4.5,0.0,32000.0,0.0,0.0,0.0,350.0,0.0,0.0,0.0,0.0,140000.0,1,1,3,5,1,0.0,0.0,3.0,5.0,2,4,1,5,2,4,65-74,Yes,2,1,,,,,,,,,,,,,
2024,99999,OH,90123.0,901239012300.0,FHA:Subordinate Lien,Single Family (1-4 Units):Site-Built,Not Hispanic or Latino,White,Male,File funded,32,290000.0,0.8,4.5,0.0,30000.0,0.0,0.0,0.0,340.0,0.0,0.0,0.0,0.0,130000.0,1,1,3,5,1,0.0,0.0,3.0,5.0,2,4,1,5,2,4,55-64,Yes,2,1,,,,,,,,,,,,,
2024,12054,GA,12345.0,123451234500.0,FHA:Subordinate Lien,Single Family (1-4 Units):Site-Built,Not Hispanic or Latino,Native American,Male,File denied,32,285000.0,0.8,4.5,0.0,32000.0,0.0,0.0,0.0,360.0,0.0,0.0,0.0,0.0,140000.0,1,1,3,5,1,0.0,0.0,3.0,5.0,2,4,1,5,2,4,65-74,Yes,2,1,,,,,,,,,,,,,
2024,33333,FL,23456.0,234562345600.0,Conventional:Subordinate Lien,Single Family (1-4 Units):Site-Built,Not Hispanic or Latino,White,Male,File closed,32,285000.0,0.8,4.5,0.0,32000.0,0.0,0.0,0.0,350.0,0.0,0.0,0.0,0.0,130000.0,1,1,3,5,1,0.0,0.0,3.0,5.0,2,4,1,5,2,4,55-64,Yes,2,1,,,,,,,,,,,,,
2024,99999,TX,45678.0,456784567800.0,VA:Subordinate Lien,Single Family (1-4 Units):Site-Built,Not Hispanic or Latino,Native American,Male,File funded,32,290000.0,0.8,4.5,0.0,32000.0,0.0,0.0,0.0,360.0,0.0,0.0,0.0,0.0,140000.0,1,1,3,5,1,0.0,0.0,3.0,5.0,2,4,1,5,2,4,45-54,Yes,2,1,,,,,,,,,,,,,
2024,12054,GA,67890.0,67890678900.0,FHA:Subordinate Lien,Single Family (1-4 Units):Site-Built,Not Hispanic or Latino,White,Male,File funded,32,295000.0,0.8,4.5,0.0,32000.0,0.0,0.0,0.0,370.0,0.0,0.0,0.0,0.0,140000.0,1,1,3,5,1,0.0,0.0,3.0,5.0,2,4,1,5,2,4,65-74,Yes,2,1,,,,,,,,,,,,,
2024,33333,NC,90123.0,901239012300.0,FHA:Subordinate Lien,Single Family (1-4 Units):Site-Built,Not Hispanic or Latino,Asian,Female,Loan funded,32,290000.0,0.8,4.5,0.0,32000.0,0.0,0.0,0.0,360.0,0.0,0.0,0.0,0.0,140000.0,1,1,3,5,1,0.0,0.0,3.0,5.0,2,4,1,5,2,4,65-74,Yes,2,1,,,,,,,,,,,,,
2024,99999,IL,12345.0,123451234500.0,FHA:Subordinate Lien,Single Family (1-4 Units):Site-Built,Not Hispanic or Latino,Native American,Male,File closed,32,290000.0,0.8,4.5,0.0,32000.0,0.0,0.0,0.0,340.0,0.0,0.0,0.0,0.0,130000.0,1,1,3,5,1,0.0,0.0,3.0,5.0,2,4,1,5,2,4,55-64,Yes,2,1,,,,,,,,,,,,,
2024,12054,MA,23456.0,234562345600.0,Conventional:Subordinate Lien,Single Family (1-4 Units):Site-Built,Not Hispanic or Latino,Asian,Female,Loan funded,32,295000.0,0.8,4.5,0.0,32000.0,0.0,0.0,0.0,370.0,0.0,0.0,0.0,0.0,140000.0,1,1,3,5,1,0.0,0.0,3.0,5.0,2,4,1,5,2,4,45-54,Yes,2,1,,,,,,,,,,,,,
2024,33333,NC,45678.0,456784567800.0,FHA:Subordinate Lien,Single Family (1-4 Units):Site-Built,Not Hispanic or Latino,Asian,Female,Loan funded,32,290000.0,0.8,4.5,0.0,32000.0,0.0,0.0,0.0,360.0,0.0,0.0,0.0,0.0,140000.0,1,1,3,5,1,0.0,0.0,3.0,5.0,2,4,1,5,2,4,65-74,Yes,2,1,,,,,,,,,,,,,
2024,99999,OH,67890.0,67890678900.0,VA:Subordinate Lien,Single Family (1-4 Units):Site-Built,Not Hispanic or Latino,Native American,Male,File funded,32,295000.0,0.8,4.5,0.0,32000.0,0.0,0.0,0.0,370.0,0.0,0.0,0.0,0.0,140000.0,1,1,3,5,1,0.0,0.0,3.0,5.0,2,4,1,5,2,4,45-54,Yes,2,1,,,,,,,,,,,,,
2024,12054,GA,90123.0,901239012300.0,FHA:Subordinate Lien,Single Family (1-4 Units):Site-Built,Not Hispanic or Latino,White,Male,File funded,32,290000.0,0.8,4.5,0.0,32000.0,0.0,0.0,0.0,370.0,0.0,0.0,0.0,0.0,140000.0,1,1,3,5,1,0.0,0.0,3.0,5.0,2,4,1,5,2,4,65-74,Yes,2,1,,,,,,,,,,,,,
2024,33333,FL,12345.0,123451234500.0,FHA:Subordinate Lien,Single Family (1-4 Units):Site-Built,Not Hispanic or Latino,White,Male,File closed,32,295000.0,0.8,4.5,0.0,32000.0,0.0,0.0,0.0,360.0,0.0,0.0,0.0,0.0,140000.0,1,1,3,5,1,0.0,0.0,3.0,5.0,2,4,1,5,2,4,55-64,Yes,2,1,,,,,,,,,,,,,
2024,99999,TX,23456.0,234562345600.0,Conventional:Subordinate Lien,Single Family (1-4 Units):Site-Built,Not Hispanic or Latino,Native American,Male,File funded,32,290000.0,0.8,4.5,0.0,32000.0,0.0,0.0,0.0,370.0,0.0,0.0,0.0,0.0,140000.0,1,1,3,5,1,0.0,0.0,3.0,5.0,2,4,1,5,2,4,45-54,Yes,2,1,,,,,,,,,,,,,
2024,99999,CA,72171.0,72171020900.0,Conventional:First Lien,Single Family (1-4 Units):Site-Built,Hispanic or Latino,Asian,Female,File closed for incompleteness,41,275000.0,,,,,3,,,,,,360,,,2,3,3,3,,1,1,3,5,1,,96.0,,1111,1111,2.0,5.0,2,4,5.0,8.0,2,4,1,5,2,4,18-24,9999,Yes,,1
2024,99999,FL,18293.0,18293030800.0,Conventional:First Lien,Single Family (1-4 Units):Site-Built,Not Hispanic or Latino,White,Male,Loan approved but not accepted by applicant,36,375000.0,,,,,3,,,,,,240,,,2,2,2,2,,1,1,3,5,1,,108.0,,3,10,3.0,5.0,2,4,6.0,8.0,2,4,3,5,2,4,45-54,9999,Yes,,1
2024,12054,NC,32491.0,32491010000.0,FHA:First Lien,Single Family (1-4 Units):Site-Built,Ethnicity Not Available,Race Not Available,Sex Not Available,File closed for incompleteness,31,200000.0,,5.75,,2,10000.0,,6000.0,8000.0,,300.0,,,2,2,2,2,,1,1,3,5,1,,96.0,,1111,1111,2.0,5.0,2,4,5.0,8.0,2,4,1,5,2,4,35-44,9999,Yes,,1,1
2024,99999,TX,46997.0,46997010400.0,VA:First Lien,Single Family (1-4 Units):Site-Built,Not Hispanic or Latino,Black or African American,Male,6,36,450000.0,,,,,3,,,,,,360,,,2,2,2,2,,1,1,3,5,1,,108.0,,3,10,3.0,5.0,2,4,6.0,8.0,2,4,3,5,2,4,25-34,9999,Yes,,1
2024,99999,IL,13518.0,13518011000.0,FHA:First Lien,Single Family (1-4 Units):Site-Built,Hispanic or Latino,Asian,Female,Loan approved but not accepted by applicant,35,325000.0,,,,,3,,,,,,240,,,2,2,2,2,,1,1,3,5,1,,96.0,,1111,1111,2.0,5.0,2,4,5.0,8.0,2,4,1,5,2,4,55-64,9999,Yes,,1
2024,12054,MI,15791.0,15791020800.0,FHA:First Lien,Single Family (1-4 Units):Site-Built,Not Hispanic or Latino,White,Male,Application denied,35,375000.0,,4.25,,2,12000.0,,6000.0,8000.0,,300.0,,,2,2,2,2,,1,1,3,5,1,,96.0,,1111,1111,2.0,5.0,2,4,5.0,8.0,2,4,1,5,2,4,35-44,9999,Yes,,1,1
2024,99999,OH,9401.0,94010460600.0,Conventional:First Lien,Single Family (1-4 Units):Site-Built,Hispanic or Latino,Asian,Female,File closed for incompleteness,38,325000.0,,,,,3,,,,,,360,,,2,3,3,3,,1,1,3,5,1,,96.0,,1111,1111,2.0,5.0,2,4,5.0,8.0,2,4,1,5,2,4,18-24,9999,Yes,,1
2024,99999,GA,53794.0,53794010000.0,FHA:First Lien,Single Family (1-4 Units):Site-Built,Not Hispanic or Latino,White,Male,Loan approved but not accepted by applicant,39,400000.0,,6.5,,2,14000.0,,7000.0,9000.0,,300.0,,,2,2,2,2,,1,1,3,5,1,,96.0,,1111,1111,2.0,5.0,2,4,5.0,8.0,2,4,1,5,2,4,45-54,9999,Yes,,1,1
2024,12054,IN,23131.0,23131020300.0,FHA:First Lien,Single Family (1-4 Units):Site-Built,Hispanic or Latino,Asian,Female,File closed for incompleteness,31,275000.0,,4.5,,2,10000.0,,6000.0,8000.0,,300.0,,,2,2,2,2,,1,1,3,5,1,,96.0,,1111,1111,2.0,5.0,2,4,5.0,8.0,2,4,1,5,2,4,35-44,9999,Yes,,1,1
2024,99999,MA,69531.0,69531010300.0,VA:First Lien,Single Family (1-4 Units):Site-Built,Not Hispanic or Latino,Black or African American,Male,6,33,500000.0,,,,,3,,,,,,240,,,2,2,2,2,,1,1,3,5,1,,108.0,,3,10,3.0,5.0,2,4,6.0,8.0,2,4,3,5,2,4,25-34,9999,Yes,,1
2024,99999,SC,17232.0,17232020400.0,FHA:First Lien,Single Family (1-4 Units):Site-Built,Not Hispanic or Latino,White,Female,File closed for incompleteness,40,300000.0,,,,,3,,,,,,360,,,2,2,2,2,,1,1,3,5,1,,96.0,,1111,1111,2.0,5.0,2,4,5.0,8.0,2,4,1,5,2,4,55-64,9999,Yes,,1
2024,12054,AR,12342.0,12342010700.0,Conventional:Subordinate Lien,Single Family (1-4 Units):Site-Built,Hispanic or Latino,Asian,Male,Loan approved but not accepted by applicant,36,325000.0,,,,,3,,,,,,240,,,2,2,2,2,,1,1,3,5,1,,108.0,,3,10,3.0,5.0,2,4,6.0,8.0,2,4,3,5,2,4,35-44,9999,Yes,,1
2024,99999,AL,46761.0,46761020600.0,FHA:First Lien,Single Family (1-4 Units):Site-Built,Not Hispanic or Latino,White,Male,File closed for incompleteness,38,375000.0,,,,,3,,,,,,360,,,2,2,2,2,,1,1,3,5,1,,96.0,,1111,1111,2.0,5.0,2,4,5.0,8.0,2,4,1,5,2,4,25-34,9999,Yes,,1
2024,99999,WI,59291.0,59291010200.0,VA:First Lien,Single Family (1-4 Units):Site-Built,Not Hispanic or Latino,Black or African American,Female,Loan approved but not accepted by applicant,34,425000.0,,,,,3,,,,,,240,,,2,2,2,2,,1,1,3,5,1,,108.0,,3,10,3.0,5.0,2,4,6.0,8.0,2,4,3,5,2,4,45-54,9999,Yes,,1
2024,12054,CT,15720.0,15720010800.0,FHA:First Lien,Single Family (1-4 Units):Site-Built,Not Hispanic or Latino,White,Male,Loan denied,33,325000.0,,5.5,,2,10000.0,,6000.0,8000.0,,300.0,,,2,2,2,2,,1,1,3,5,1,,96.0,,1111,1111,2.0,5.0,2,4,5.0,8.0,2,4,1,5,2,4,35-44,9999,Yes,,1,1
2024,99999,KS,11348.0,11348011100.0,FHA:First Lien,Single Family (1-4 Units):Site-Built,Not Hispanic or Latino,White,Male,6,36,375000.0,,,,,3,,,,,,360,,,2,2,2,2,,1,1,3,5,1,,108.0,,3,10,3.0,5.0,2,4,6.0,8.0,2,4,3,5,2,4,45-54,9999,Yes,,1
2024,99999,OK,47948.0,47948010200.0,VA:First Lien,Single Family (1-4 Units):Site-Built,Not Hispanic or Latino,White,Female,File closed for incompleteness,39,425000.0,,,,,3,,,,,,240,,,2,2,2,2,,1,1,3,5,1,,96.0,,1111,1111,2.0,5.0,2,4,5.0,8.0,2,4,1,5,2,4,35-44,9999,Yes,,1
2024,12054,WY,7456.0,74560010800.0,Conventional:First Lien,Single Family (1-4 Units):Site-Built,Not Hispanic or Latino,White,Male,Loan approved but not accepted by applicant,37,325000.0,,,,,3,,,,,,360,,,2,2,2,2,,1,1,3,5,1,,96.0,,1111,1111,2.0,5.0,2,4,5.0,8.0,2,4,1,5,2,4,25-34,9999,Yes,,1
2024,99999,NM,36376.0,36376010600.0,FHA:First Lien,Single Family (1-4 Units):Site-Built,Not Hispanic or Latino,White,Male,File closed for incompleteness,40,375000.0,,,,,3,,,,,,360,,,2,2,2,2,,1,1,3,5,1,,108.0,,3,10,3.0,5.0,2,4,6.0,8.0,2,4,3,5,2,4,35-44,9999,Yes,,1
2024,12054,UT,29201.0,29201020300.0,FHA:First Lien,Single Family (1-4 Units):Site-Built,Not Hispanic or Latino,White,Male,Loan approved but not accepted by applicant,31,325000.0,,,,,3,,,,,,240,,,2,2,2,2,,1,1,3,5,1,,96.0,,1111,1111,2.0,5.0,2,4,5.0,8.0,2,4,1,5,2,4,45-54,9999,Yes,,1
2024,99999,MT,13892.0,13892010700.0,Conventional:Subordinate Lien,Single Family (1-4 Units):Site-Built,Not Hispanic or Latino,White,Male,File closed for incompleteness,37,375000.0,,,,,3,,,,,,360,,,2,2,2,2,,1,1,3,5,1,,108.0,,3,10,3.0,5.0,2,4,6.0,8.0,2,4,3,5,2,4,35-44,9999,Yes,,1
2024,12054,ND,9241.0,92410460600.0,FHA:First Lien,Single Family (1-4 Units):Site-Built,Not Hispanic or Latino,White,Male,6,35,425000.0,,,,,3,,,,,,240,,,2,2,2,2,,1,1,3,5,1,,96.0,,1111,1111,2.0,5.0,2,4,5.0,8.0,2,4,1,5,2,4,25-34,9999,Yes,,1
2024,99999,AZ,57157.0,57157010000.0,FHA:First Lien,Single Family (1-4 Units):Site-Built,Not Hispanic or Latino,White,Male,File closed for incompleteness,41,325000.0,,,,,3,,,,,,360,,,2,2,2,2,,1,1,3,5,1,,108.0,,3,10,3.0,5.0,2,4,6.0,8.0,2,4,3,5,2,4,35-44,9999,Yes,,1
2024,12054,OR,13579.0,13579020700.0,Conventional:First Lien,Single Family (1-4 Units):Site-Built,Not Hispanic or Latino,White,Male,6,35,425000.0,,,,,3,,,,,,360,,,2,2,2,2,,1,1,3,5,1,,96.0,,1111,1111,2.0,5.0,2,4,5.0,8.0,2,4,1,5,2,4,45-54,9999,Yes,,1
2024,99999,MO,7393.0,73930460600.0,VA:First Lien,Single Family (1-4 Units):Site-Built,Not Hispanic or Latino,White,Male,Loan approved but not accepted by applicant,38,450000.0,,,,,3,,,,,,240,,,2,2,2,2,,1,1,3,5,1,,108.0,,3,10,3.0,5.0,2,4,6.0,8.0,2,4,3,5,2,4,25-34,9999,Yes,,1
2024,99999,ME,48493.0,48493010000.0,FHA:First Lien,Single Family (1-4 Units):Site-Built,Not Hispanic or Latino,White,Female,File closed for incompleteness,32,375000.0,,,,,3,,,,,,360,,,2,2,2,2,,1,1,3,5,1,,96.0,,1111,1111,2.0,5.0,2,4,5.0,8.0,2,4,1,5,2,4,55-64,9999,Yes,,1
2024,12054,RI,16561.0,16561010500.0,Conventional:Subordinate Lien,Single Family (1-4 Units):Site-Built,Hispanic or Latino,Asian,Male,Loan approved but not accepted by applicant,36,325000.0,,,,,3,,,,,,240,,,2,2,2,2,,1,1,3,5,1,,108.0,,3,10,3.0,5.0,2,4,6.0,8.0,2,4,3,5,2,4,35-44,9999,Yes,,1
2024,99999,WV,19144.0,19144010700.0,VA:First Lien,Single Family (1-4 Units):Site-Built,Not Hispanic or Latino,White,Male,File closed for incompleteness,41,425000.0,,,,,3,,,,,,360,,,2,2,2,2,,1,1,3,5,1,,108.0,,1111,1111,2.0,5.0,2,4,5.0,8.0,2,4,1,5,2,4,55-64,9999,Yes,,1
2024,12054,KS,5754.0,57540020500.0,FHA:First Lien,Single Family (1-4 Units):Site-Built,Not Hispanic or Latino,White,Male,Loan approved but not accepted by applicant,37,325000.0,,,,,3,,,,,,360,,,2,2,2,2,,1,1,3,5,1,,96.0,,1111,1111,2.0,5.0,2,4,5.0,8.0,2,4,1,5,2,4,25-34,9999,Yes,,1
2024,99999,ID,10354.0,10354010800.0,FHA:First Lien,Single Family (1-4 Units):Site-Built,Not Hispanic or Latino,White,Male,Loan denied,33,375000.0,,4.75,,2,12000.0,,6000.0,8000.0,,300.0,,,2,2,2,2,,1,1,3,5,1,,108.0,,3,10,3.0,5.0,2,4,6.0,8.0,2,4,3,5,2,4,35-44,9999,Yes,,1,1
2024,12054,DE,3863.0,38630010700.0,FHA:First Lien,Single Family (1-4 Units):Site-Built,Not Hispanic or Latino,White,Male,File closed for incompleteness,39,425000.0,,,,,3,,,,,,360,,,2,2,2,2,,1,1,3,5,1,,108.0,,3,10,3.0,5.0,2,4,6.0,8.0,2,4,3,5,2,4,45-54,9999,Yes,,1
2024,99999,NE,15508.0,15508110700.0,Conventional:Subordinate Lien,Single Family (1-4 Units):Site-Built,Not Hispanic or Latino,White,Male,Loan approved but not accepted by applicant,34,375000.0,,,,,3,,,,,,360,,,2,2,2,2,,1,1,3,5,1,,96.0,,1111,1111,2.0,5.0,2,4,5.0,8.0,2,4,1,5,2,4,35-44,9999,Yes,,1
2024,99999,SD,6910.0,69100460600.0,VA:First Lien,Single Family (1-4 Units):Site-Built,Not Hispanic or Latino,White,Male,File closed for incompleteness,38,425000.0,,,,,3,,,,,,240,,,2,2,2,2,,1,1,3,5,1,,108.0,,3,10,3.0,5.0,2,4,6.0,8.0,2,4,3,5,2,4,45-54,9999,Yes,,1
2024,12054,VT,26817.0,26817010800.0,Conventional:Subordinate Lien,Single Family (1-4 Units):Site-Built,Not Hispanic or Latino,White,Male,Loan approved but not accepted by applicant,36,325000.0,,,,,3,,,,,,360,,,2,2,2,2,,1,1,3,5,1,,96.0,,1111,1111,2.0,5.0,2,4,5.0,8.0,2,4,1,5,2,4,35-44,9999,Yes,,1
2024,99999,LA,28767.0,28767010900.0,Conventional:First Lien,Single Family (1-4 Units):Site-Built,Not Hispanic or Latino,White,Male,File closed for incompleteness,39,425000.0,,,,,3,,,,,,360,,,2,2,2,2,,1,1,3,5,1,,108.0,,3,10,3.0,5.0,2,4,6.0,8.0,2,4,3,5,2,4,45-54,9999,Yes,,1
2024,99999,MS,53913.0,53913010200.0,FHA:First Lien,Single Family (1-4 Units):Site-Built,Not Hispanic or Latino,White,Male,File closed for incompleteness,37,375000.0,,,,,3,,,,,,360,,,2,2,2,2,,1,1,3,5,1,,96.0,,1111,1111,2.0,5.0,2,4,5.0,8.0,2,4,1,5,2,4,55-64,9999,Yes,,1
2024,99999,AK,42736.0,42736010400.0,Conventional:Subordinate Lien,Single Family (1-4 Units):Site-Built,Not Hispanic or Latino,White,Male,Loan approved but not accepted by applicant,40,325000.0,,,,,3,,,,,,360,,,2,2,2,2,,1,1,3,5,1,,108.0,,3,10,3.0,5.0,2,4,6.0,8.0,2,4,3,5,2,4,45-54,9999,Yes,,1
2024,99999,NH,63118.0,63118010700.0,FHA:First Lien,Single Family (1-4 Units):Site-Built,Not Hispanic or Latino,White,Male,File closed for incompleteness,38,400000.0,,,,,3,,,,,,360,,,2,2,2,2,,1,1,3,5,1,,108.0,,1111,1111,2.0,5.0,2,4,5.0,8.0,2,4,1,5,2,4,25-34,9999,Yes,,1
2024,12054,CO,22146.0,22146010200.0,Conventional:Subordinate Lien,Single Family (1-4 Units):Site-Built,Not Hispanic or Latino,White,Male,Loan approved but not accepted by applicant,31,325000.0,,,,,3,,,,,,360,,,2,2,2,2,,1,1,3,5,1,,96.0,,1111,1111,2.0,5.0,2,4,5.0,8.0,2,4,1,5,2,4,35-44,9999,Yes,,1
2024,99999,HI,33720.0,33720010500.0,FHA:First Lien,Single Family (1-4 Units):Site-Built,Not Hispanic or Latino,White,Female,File closed for incompleteness,40,425000.0,,,,,3,,,,,,240,,,2,2,2,2,,1,1,3,5,1,,108.0,,1111,1111,2.0,5.0,2,4,5.0,8.0,2,4,1,5,2,4,55-64,9999,Yes,,1
2024,99999,VT,22957.0,22957010800.0,VA:First Lien,Single Family (1-4 Units):Site-Built,Not Hispanic or Latino,White,Male,Loan approved but not accepted by applicant,39,375000.0,,,,,3,,,,,,360,,,2,2,2,2,,1,1,3,5,1,,108.0,,3,10,3.0,5.0,2,4,6.0,8.0,2,4,3,5,2,4,35-44,9999,Yes,,1
2024,12054,GA,52277.0,52277010000.0,FHA:First Lien,Single Family (1-4 Units):Site-Built,Not Hispanic or Latino,White,Male,File closed for incompleteness,41,325000.0,,,,,3,,,,,,360,,,2,2,2,2,,1,1,3,5,1,,108.0,,1111,1111,2.0,5.0,2,4,5.0,8.0,2,4,1,5,2,4,45-54,9999,Yes,,1
2024,99999,TN,19152.0,19152010200.0,Conventional:Subordinate Lien,Single Family (1-4 Units):Site-Built,Not Hispanic or Latino,White,Male,Loan approved but not accepted by applicant,35,425000.0,,,,,3,,,,,,360,,,2,2,2,2,,1,1,3,5,1,,96.0,,1111,1111,2.0,5.0,2,4,5.0,8.0,2,4,1,5,2,4,25-34,9999,Yes,,1
2024,99999,WY,11049.0,11049010500.0,FHA:First Lien,Single Family (1-4 Units):Site-Built,Not Hispanic or Latino,White,Male,File closed for incompleteness,40,325000.0,,,,,3,,,,,,360,,,2,2,2,2,,1,1,3,5,1,,108.0,,3,10,3.0,5.0,2,4,6.0,8.0,2,4,3,5,2,4,55-64,9999,Yes,,1
2024,12054,PA,9611.0,96110360600.0,FHA:First Lien,Single Family (1-4 Units):Site-Built,Not Hispanic or Latino,White,Male,6,35,425000.0,,,,,3,,,,,,360,,,2,2,2,2,,1,1,3,5,1,,108.0,,3,10,3.0,5.0,2,4,6.0,8.0,2,4,3,5,2,4,35-44,9999,Yes,,1
2024,99991,FL,14534.0,14534451200.0,Conventional:First Lien,Single Family (1-4 Units):Site-Built,Hispanic or Latino,White,Male,File closed for incompleteness,29,40000.0,,,,3,,,,,,240,,,2,2,2,2,,1,1,3,5,1,,97.0,,3333,3333,2.0,5.0,2,4,5.0,8.0,2,4,1,5,2,4,75-84,9999,Yes,,1,1
2024,99992,CA,17523.0,17523561000.0,VA:First Lien,Single Family (1-4 Units):Site-Built,Not Hispanic or Latino,Black or African American,Male,File closed for incompleteness,24,200000.0,,,,3,,,,,,360,,,2,2,2,2,,1,1,3,5,1,,110.0,,5555,5555,3.0,5.0,2,4,6.0,8.0,2,4,3,5,2,4,85-90,9999,Yes,,1,1
2024,99993,NJ,16365.0,16365070100.0,FHA:First Lien,Single Family (1-4 Units):Site-Built,Hispanic or Latino,White,Male,File closed for incompleteness,26,175000.0,,6.875,,2,11889.44,,8521.8,6546.1,,300.0,,,2,2,2,2,150000.0,1,1,3,5,1,,,,11,11,5.0,5.0,3,3,8.0,8.0,3,3,4,4,3,3,8888,8888,,,3,3
2024,99994,TX,16246.0,16246151100.0,Conventional:Subordinate Lien,Single Family (1-4 Units):Site-Built,Ethnicity Not Available,Race Not Available,Sex Not Available,Application denied,30,120000.0,,,,3,,,,,,240,,,2,2,2,2,,1,1,3,5,1,,98.0,,7777,7777,2.0,5.0,2,4,5.0,8.0,2,4,1,5,2,4,65-74,9999,Yes,,1,1
2024,99995,MA,14671.0,14671191000.0,VA:First Lien,Single Family (1-4 Units):Site-Built,Not Hispanic or Latino,Black or African American,Male,File closed for incompleteness,28,325000.0,,,,3,,,,,,360,,,2,2,2,2,,1,1,3,5,1,,109.0,,2222,2222,3.0,5.0,2,4,6.0,8.0,2,4,3,5,2,4,85-90,9999,Yes,,1,1
2024,99996,NY,19573.0,19573611100.0,FHA:First Lien,Single Family (1-4 Units):Site-Built,Hispanic or Latino,White,Male,File closed for incompleteness,25,250000.0,,6.875,,2,13765.88,,10455.8,8078.5,,300.0,,,2,2,2,2,200000.0,1,1,3,5,1,,,,10,10,4.0,4.0,3,3,7.0,7.0,3,3,4,4,3,3,8888,8888,,,3,3
2024,99997,IL,15638.0,15638121000.0,Conventional:First Lien,Single Family (1-4 Units):Site-Built,Not Hispanic or Latino,White,Male,File closed for incompleteness,27,325000.0,,,,3,,,,,,240,,,2,2,2,2,,1,1,3,5,1,,96.0,,4444,4444,2.0,5.0,2,4,5.0,8.0,2,4,1,5,2,4,75-84,9999,Yes,,1,1
2024,99998,OH,16412.0,16412460400.0,VA:First Lien,Single Family (1-4 Units):Site-Built,Hispanic or Latino,Black or African American,Male,Application denied,31,450000.0,,6.875,,2,15923.13,,12177.8,9330.5,,300.0,,,2,2,2,2,475000.0,1,1,3,5,1,,,,12,12,5.0,5.0,3,3,8.0,8.0,3,3,4,4,3,3,8888,8888,,,3,3
2024,99999,GA,16751.0,16751401100.0,FHA:First Lien,Single Family (1-4 Units):Site-Built,Not Hispanic or Latino,White,Male,File closed for incompleteness,29,175000.0,,6.875,,2,11932.69,,9009.8,6955.8,,300.0,,,2,2,2,2,150000.0,1,1,3,5,1,,,,9,9,4.0,4.0,3,3,7.0,7.0,3,3,4,4,3,3,8888,8888,,,3,3
2024,12054,NC,15827.0,15827480100.0,Conventional:Subordinate Lien,Single Family (1-4 Units):Site-Built,Ethnicity Not Available,Race Not Available,Sex Not Available,Application denied,30,200000.0,,,,3,,,,,,240,,,2,2,2,2,,1,1,3,5,1,,98.0,,6666,6666,2.0,5.0,2,4,5.0,8.0,2,4,1,5,2,4,65-74,9999,Yes,,1,1
2024,12055,SC,14142.0,14142181000.0,VA:First Lien,Single Family (1-4 Units):Site-Built,Hispanic or Latino,White,Male,File closed for incompleteness,28,225000.0,,,,3,,,,,,360,,,2,2,2,2,,1,1,3,5,1,,110.0,,3333,3333,3.0,5.0,2,4,6.0,8.0,2,4,3,5,2,4,85-90,9999,Yes,,1,1
2024,12056,TN,16163.0,16163331000.0,FHA:First Lien,Single Family (1-4 Units):Site-Built,Not Hispanic or Latino,Black or African American,Male,Application denied,26,325000.0,,6.875,,2,14125.13,,10816.8,8253.8,,300.0,,,2,2,2,2,375000.0,1,1,3,5,1,,,,11,11,5.0,5.0,3,3,8.0,8.0,3,3,4,4,3,3,8888,8888,,,3,3
2024,12057,MO,14968.0,14968440100.0,Conventional:Subordinate Lien,Single Family (1-4 Units):Site-Built,Hispanic or Latino,White,Male,File closed for incompleteness,27,300000.0,,,,3,,,,,,240,,,2,2,2,2,,1,1,3,5,1,,97.0,,5555,5555,2.0,5.0,2,4,5.0,8.0,2,4,1,5,2,4,75-84,9999,Yes,,1,1
2024,12058,AL,17149.0,17149501100.0,FHA:First Lien,Single Family (1-4 Units):Site-Built,Not Hispanic or Latino,White,Male,File closed for incompleteness,30,275000.0,,6.875,,2,14882.88,,11348.8,8687.5,,300.0,,,2,2,2,2,250000.0,1,1,3,5,1,,,,9,9,4.0,4.0,3,3,7.0,7.0,3,3,4,4,3,3,8888,8888,,,3,3
2024,12059,LA,15193.0,15193870100.0,VA:First Lien,Single Family (1-4 Units):Site-Built,Hispanic or Latino,Black or African American,Male,Application denied,29,375000.0,,6.875,,2,16403.13,,12434.8,9577.5,,300.0,,,2,2,2,2,400000.0,1,1,3,5,1,,,,12,12,5.0,5.0,3,3,8.0,8.0,3,3,4,4,3,3,8888,8888,,,3,3
2024,12060,MS,17553.0,17553191000.0,FHA:First Lien,Single Family (1-4 Units):Site-Built,Not Hispanic or Latino,White,Male,File closed for incompleteness,25,150000.0,,6.875,,2,10482.69,,8115.8,6232.5,,300.0,,,2,2,2,2,125000.0,1,1,3,5,1,,,,10,10,4.0,4.0,3,3,7.0,7.0,3,3,4,4,3,3,8888,8888,,,3,3
2024,12061,AR,16926.0,16926440100.0,Conventional:Subordinate Lien,Single Family (1-4 Units):Site-Built,Hispanic or Latino,White,Male,File closed for incompleteness,28,175000.0,,,,3,,,,,,360,,,2,2,2,2,,1,1,3,5,1,,108.0,,4444,4444,3.0,5.0,2,4,6.0,8.0,2,4,3,5,2,4,85-90,9999,Yes,,1,1
2024,12062,OK,16391.0,16391181000.0,FHA:First Lien,Single Family (1-4 Units):Site-Built,Not Hispanic or Latino,Black or African American,Male,Application denied,31,225000.0,,6.875,,2,12962.13,,9845.8,7556.5,,300.0,,,2,2,2,2,250000.0,1,1,3,5,1,,,,12,12,5.0,5.0,3,3,8.0,8.0,3,3,4,4,3,3,8888,8888,,,3,3
2024,12063,KS,15086.0,15086440100.0,Conventional:First Lien,Single Family (1-4 Units):Site-Built,Hispanic or Latino,White,Male,File closed for incompleteness,29,200000.0,,,,3,,,,,,240,,,2,2,2,2,,1,1,3,5,1,,97.0,,5555,5555,2.0,5.0,2,4,5.0,8.0,2,4,1,5,2,4,75-84,9999,Yes,,1,1
2024,12064,UT,16126.0,16126470100.0,FHA:First Lien,Single Family (1-4 Units):Site-Built,Not Hispanic or Latino,White,Male,File closed for incompleteness,27,325000.0,,6.875,,2,14125.13,,10816.8,8253.8,,300.0,,,2,2,2,2,375000.0,1,1,3,5,1,,,,11,11,5.0,5.0,3,3,8.0,8.0,3,3,4,4,3,3,8888,8888,,,3,3
2024,12065,WY,17365.0,17365211000.0,VA:First Lien,Single Family (1-4 Units):Site-Built,Hispanic or Latino,Black or African American,Male,Application denied,26,375000.0,,6.875,,2,16403.13,,12434.8,9577.5,,300.0,,,2,2,2,2,400000.0,1,1,3,5,1,,,,9,9,4.0,4.0,3,3,7.0,7.0,3,3,4,4,3,3,8888,8888,,,3,3
2024,12066,ID,15532.0,15532291000.0,FHA:First Lien,Single Family (1-4 Units):Site-Built,Not Hispanic or Latino,White,Male,File closed for incompleteness,30,325000.0,,,,3,,,,,,360,,,2,2,2,2,,1,1,3,5,1,,109.0,,3333,3333,3.0,5.0,2,4,6.0,8.0,2,4,3,5,2,4,85-90,9999,Yes,,1,1
2024,12067,MT,16849.0,16849410100.0,Conventional:Subordinate Lien,Single Family (1-4 Units):Site-Built,Hispanic or Latino,White,Male,File closed for incompleteness,29,175000.0,,,,3,,,,,,240,,,2,2,2,2,,1,1,3,5,1,,98.0,,5555,5555,2.0,5.0,2,4,5.0,8.0,2,4,1,5,2,4,75-84,9999,Yes,,1,1
2024,12068,NE,16229.0,16229161000.0,FHA:First Lien,Single Family (1-4 Units):Site-Built,Not Hispanic or Latino,Black or African American,Male,Application denied,27,325000.0,,6.875,,2,14125.13,,10816.8,8253.8,,300.0,,,2,2,2,2,375000.0,1,1,3,5,1,,,,11,11,5.0,5.0,3,3,8.0,8.0,3,3,4,4,3,3,8888,8888,,,3,3
2024,12069,ND,15108.0,15108940100.0,VA:First Lien,Single Family (1-4 Units):Site-Built,Hispanic or Latino,White,Male,File closed for incompleteness,31,375000.0,,6.875,,2,16403.13,,12434.8,9577.5,,300.0,,,2,2,2,2,400000.0,1,1,3,5,1,,,,12,12,5.0,5.0,3,3,8.0,8.0,3,3,4,4,3,3,8888,8888,,,3,3
2024,12070,WI,17320.0,17320181100.0,FHA:First Lien,Single Family (1-4 Units):Site-Built,Not Hispanic or Latino,White,Male,File closed for incompleteness,29,325000.0,,6.875,,2,14125.13,,10816.8,8253.8,,300.0,,,2,2,2,2,375000.0,1,1,3,5,1,,,,9,9,4.0,4.0,3,3,7.0,7.0,3,3,4,4,3,3,8888,8888,,,3,3
2024,12071,SD,15622.0,15622810100.0,Conventional:Subordinate Lien,Single Family (1-4 Units):Site-Built,Hispanic or Latino,Black or African American,Male,Application denied,30,225000.0,,,,3,,,,,,360,,,2,2,2,2,,1,1,3,5,1,,108.0,,4444,4444,3.0,5.0,2,4,6.0,8.0,2,4,3,5,2,4,85-90,9999,Yes,,1,1
2024,12072,ME,15941.0,15941511100.0,FHA:First Lien,Single Family (1-4 Units):Site-Built,Not Hispanic or Latino,White,Male,File closed for incompleteness,26,150000.0,,6.875,,2,10482.69,,8115.8,6232.5,,300.0,,,2,2,2,2,125000.0,1,1,3,5,1,,,,10,10,4.0,4.0,3,3,7.0,7.0,3,3,4,4,3,3,8888,8888,,,3,3
2024,12073,VT,17158.0,17158440100.0,VA:First Lien,Single Family (1-4 Units):Site-Built,Hispanic or Latino,White,Male,Application denied,31,375000.0,,6.875,,2,16403.13,,12434.8,9577.5,,300.0,,,2,2,2,2,400000.0,1,1,3,5,1,,,,12,12,5.0,5.0,3,3,8.0,8.0,3,3,4,4,3,3,8888,8888,,,3,3
2024,12074,NH,15597.0,15597960100.0,FHA:First Lien,Single Family (1-4 Units):Site-Built,Not Hispanic or Latino,White,Male,File closed for incompleteness,27,325000.0,,,,3,,,,,,360,,,2,2,2,2,,1,1,3,5,1,,109.0,,3333,3333,3.0,5.0,2,4,6.0,8.0,2,4,3,5,2,4,85-90,9999,Yes,,1,1
2024,12075,RI,16794.0,16794110100.0,VA:First Lien,Single Family (1-4 Units):Site-Built,Hispanic or Latino,Black or African American,Male,Application denied,26,375000.0,,6.875,,2,16403.13,,12434.8,9577.5,,300.0,,,2,2,2,2,400000.0,1,1,3,5,1,,,,11,11,5.0,5.0,3,3,8.0,8.0,3,3,4,4,3,3,8888,8888,,,3,3
2024,12076,CT,17448.0,17448291100.0,FHA:First Lien,Single Family (1-4 Units):Site-Built,Not Hispanic or Latino,White,Male,File closed for incompleteness,30,275000.0,,6.875,,2,14882.88,,11348.8,8687.5,,300.0,,,2,2,2,2,250000.0,1,1,3,5,1,,,,9,9,4.0,4.0,3,3,7.0,7.0,3,3,4,4,3,3,8888,8888,,,3,3
2024,12077,DE,16111.0,16111640100.0,VA:First Lien,Single Family (1-4 Units):Site-Built,Hispanic or Latino,White,Male,Application denied,29,375000.0,,6.875,,2,16403.13,,12434.8,9577.5,,300.0,,,2,2,2,2,400000.0,1,1,3,5,1,,,,12,12,5.0,5.0,3,3,8.0,8.0,3,3,4,4,3,3,8888,8888,,,3,3
2024,12078,PA,16898.0,16898111100.0,FHA:First Lien,Single Family (1-4 Units):Site-Built,Not Hispanic or Latino,White,Male,File closed for incompleteness,27,325000.0,,6.875,,2,14125.13,,10816.8,8253.8,,300.0,,,2,2,2,2,375000.0,1,1,3,5,1,,,,11,11,5.0,5.0,3,3,8.0,8.0,3,3,4,4,3,3,8888,8888,,,3,3
2024,12079,NJ,15179.0,15179440100.0,VA:First Lien,Single Family (1-4 Units):Site-Built,Hispanic or Latino,Black or African American,Male,Application denied,31,375000.0,,6.875,,2,16403.13,,12434.8,9577.5,,300.0,,,2,2,2,2,400000.0,1,1,3,5,1,,,,12,12,5.0,5.0,3,3,8.0,8.0,3,3,4,4,3,3,8888,8888,,,3,3
2024,12080,MD,16689.0,16689301100.0,FHA:First Lien,Single Family (1-4 Units):Site-Built,Not Hispanic or Latino,White,Male,File closed for incompleteness,28,325000.0,,,,3,,,,,,360,,,2,2,2,2,,1,1,3,5,1,,109.0,,4444,4444,3.0,5.0,2,4,6.0,8.0,2,4,3,5,2,4,85-90,9999,Yes,,1,1
2024,12081,DC,15294.0,15294101000.0,VA:First Lien,Single Family (1-4 Units):Site-Built,Hispanic or Latino,Black or African American,Male,Application denied,26,375000.0,,6.875,,2,16403.13,,12434.8,9577.5,,300.0,,,2,2,2,2,400000.0,1,1,3,5,1,,,,11,11,5.0,5.0,3,3,8.0,8.0,3,3,4,4,3,3,8888,8888,,,3,3
2024,12083,WV,17421.0,17421711100.0,Conventional:Subordinate Lien,Single Family (1-4 Units):Site-Built,Not Hispanic or Latino,White,Male,File closed for incompleteness,30,325000.0,,,,3,,,,,,240,,,2,2,2,2,,1,1,3,5,1,,97.0,,5555,5555,2.0,5.0,2,4,5.0,8.0,2,4,1,5,2,4,75-84,9999,Yes,,1,1
2024,12084,VA,16026.0,16026960100.0,FHA:First Lien,Single Family (1-4 Units):Site-Built,Hispanic or Latino,Black or African American,Male,Application denied,27,375000.0,,6.875,,2,16403.13,,12434.8,9577.5,,300.0,,,2,2,2,2,400000.0,1,1,3,5,1,,,,11,11,5.0,5.0,3,3,8.0,8.0,3,3,4,4,3,3,8888,8888,,,3,3
2024,12085,NC,16833.0,16833401100.0,VA:First Lien,Single Family (1-4 Units):Site-Built,Not Hispanic or Latino,White,Male,File closed for incompleteness,29,325000.0,,6.875,,2,14125.13,,10816.8,8253.8,,300.0,,,2,2,2,2,375000.0,1,1,3,5,1,,,,9,9,4.0,4.0,3,3,7.0,7.0,3,3,4,4,3,3,8888,8888,,,3,3
2024,99999,MD,44850.0,44850310529.0,FHA:First Lien,Single Family (1-4 Units):Site-Built,Hispanic or Latino,Asian,Female,File closed for incompleteness,32,275000.0,",,,2,,,,,,300.0,,,2,2,2,2,,1,1,3,5,1",,96.0,,1111,1111,2.0,5.0,2,4,5.0,8.0,2,4,1,5,2,4,35-44,9999,Yes,,1,1,,,,,,,,,,,,,,,,,,,,,
2024,99999,IL,25054.0,25054210529.0,VA:First Lien,Single Family (1-4 Units):Site-Built,Not Hispanic or Latino,White,Male,Loan funded,32,320000.0,",,,3,,,,,,360,,,2,2,2,2,,1,1,3,5,1",,108.0,,3,10,3.0,5.0,2,4,6.0,8.0,2,4,3,5,2,4,45-54,9999,Yes,,1,1,,,,,,,,,,,,,,,,,,,,,
2024,12054,TX,11121.0,11121010529.0,Conventional:Subordinate Lien,Single Family (1-4 Units):Site-Built,Hispanic or Latino,Black,Female,File closed for incompleteness,32,200000.0,",,,2,,,,,,240,,,2,2,2,2,,1,1,3,5,1",,96.0,,1111,1111,2.0,5.0,2,4,5.0,8.0,2,4,1,5,2,4,35-44,9999,Yes,,1,1,,,,,,,,,,,,,,,,,,,,,
2024,12054,CA,12121.0,12121010529.0,FHA:First Lien,Single Family (1-4 Units):Site-Built,Not Hispanic or Latino,Asian,Male,6,32,250000.0,",,,6,,,,,,360,,,2,2,2,2,,1,1,3,5,1",,108.0,,3,10,3.0,5.0,2,4,6.0,8.0,2,4,3,5,2,4,45-54,9999,Yes,,1,1,,,,,,,,,,,,,,,,,,,,,
2024,99999,NY,42127.0,42127960600.0,VA:First Lien,Single Family (1-4 Units):Site-Built,Ethnicity Not Available,Race Not Available,Sex Not Available,Application denied,32,300000.0,",,,3,,,,,,300.0,,,2,2,2,2,,1,1,3,5,1",,108.0,,3,10,3.0,5.0,2,4,6.0,8.0,2,4,3,5,2,4,55-64,9999,Yes,,1,1,,,,,,,,,,,,,,,,,,,,,
2024,12054,FL,13121.0,13121010529.0,Conventional:First Lien,Single Family (1-4 Units):Site-Built,Not Hispanic or Latino,White,Female,File closed for incompleteness,32,225000.0,",,,2,,,,,,240,,,2,2,2,2,,1,1,3,5,1",,96.0,,1111,1111,2.0,5.0,2,4,5.0,8.0,2,4,1,5,2,4,35-44,9999,Yes,,1,1,,,,,,,,,,,,,,,,,,,,,
2024,99999,MA,25054.0,25054210529.0,FHA:First Lien,Single Family (1-4 Units):Site-Built,Not Hispanic or Latino,Black,Male,6,32,325000.0,",,,6,,,,,,360,,,2,2,2,2,,1,1,3,5,1",,108.0,,3,10,3.0,5.0,2,4,6.0,8.0,2,4,3,5,2,4,45-54,9999,Yes,,1,1,,,,,,,,,,,,,,,,,,,,,
2024,12054,OH,11121.0,11121010529.0,Conventional:Subordinate Lien,Single Family (1-4 Units):Site-Built,Hispanic or Latino,Asian,Female,File closed for incompleteness,32,275000.0,",,,2,,,,,,240,,,2,2,2,2,,1,1,3,5,1",,96.0,,1111,1111,2.0,5.0,2,4,5.0,8.0,2,4,1,5,2,4,35-44,9999,Yes,,1,1,,,,,,,,,,,,,,,,,,,,,
2024,99999,PA,13121.0,13121010529.0,Conventional:First Lien,Single Family (1-4 Units):Site-Built,Not Hispanic or Latino,White,Male,File closed for incompleteness,32,200000.0,",,,2,,,,,,240,,,2,2,2,2,,1,1,3,5,1",,96.0,,1111,1111,2.0,5.0,2,4,5.0,8.0,2,4,1,5,2,4,35-44,9999,Yes,,1,1,,,,,,,,,,,,,,,,,,,,,
2024,12054,WI,42127.0,42127960600.0,VA:First Lien,Single Family (1-4 Units):Site-Built,Ethnicity Not Available,Race Not Available,Sex Not Available,Application denied,32,325000.0,",,,3,,,,,,360,,,2,2,2,2,,1,1,3,5,1",,108.0,,3,10,3.0,5.0,2,4,6.0,8.0,2,4,3,5,2,4,55-64,9999,Yes,,1,1,,,,,,,,,,,,,,,,,,,,,
2024,99999,MI,25054.0,25054210529.0,FHA:First Lien,Single Family (1-4 Units):Site-Built,Not Hispanic or Latino,Black,Female,File closed for incompleteness,32,225000.0,",,,2,,,,,,240,,,2,2,2,2,,1,1,3,5,1",,96.0,,1111,1111,2.0,5.0,2,4,5.0,8.0,2,4,1,5,2,4,35-44,9999,Yes,,1,1,,,,,,,,,,,,,,,,,,,,,
2024,12054,IN,11121.0,11121010529.0,Conventional:Subordinate Lien,Single Family (1-4 Units):Site-Built,Hispanic or Latino,Asian,Male,6,32,250000.0,",,,6,,,,,,360,,,2,2,2,2,,1,1,3,5,1",,108.0,,3,10,3.0,5.0,2,4,6.0,8.0,2,4,3,5,2,4,45-54,9999,Yes,,1,1,,,,,,,,,,,,,,,,,,,,,
2024,99999,CT,13121.0,13121010529.0,Conventional:First Lien,Single Family (1-4 Units):Site-Built,Not Hispanic or Latino,White,Female,File closed for incompleteness,32,325000.0,",,,2,,,,,,240,,,2,2,2,2,,1,1,3,5,1",,96.0,,1111,1111,2.0,5.0,2,4,5.0,8.0,2,4,1,5,2,4,35-44,9999,Yes,,1,1,,,,,,,,,,,,,,,,,,,,,
2024,12054,NV,42127.0,42127960600.0,VA:First Lien,Single Family (1-4 Units):Site-Built,Ethnicity Not Available,Race Not Available,Sex Not Available,Application denied,32,300000.0,",,,3,,,,,,360,,,2,2,2,2,,1,1,3,5,1",,108.0,,3,10,3.0,5.0,2,4,6.0,8.0,2,4,3,5,2,4,55-64,9999,Yes,,1,1,,,,,,,,,,,,,,,,,,,,,
2024,99999,NJ,25054.0,25054210529.0,FHA:First Lien,Single Family (1-4 Units):Site-Built,Not Hispanic or Latino,Black,Male,6,32,325000.0,",,,6,,,,,,360,,,2,2,2,2,,1,1,3,5,1",,108.0,,3,10,3.0,5.0,2,4,6.0,8.0,2,4,3,5,2,4,45-54,9999,Yes,,1,1,,,,,,,,,,,,,,,,,,,,,
2024,12054,AZ,11121.0,11121010529.0,Conventional:Subordinate Lien,Single Family (1-4 Units):Site-Built,Hispanic or Latino,Asian,Female,File closed for incompleteness,32,275000.0,",,,2,,,,,,240,,,2,2,2,2,,1,1,3,5,1",,96.0,,1111,1111,2.0,5.0,2,4,5.0,8.0,2,4,1,5,2,4,35-44,9999,Yes,,1,1,,,,,,,,,,,,,,,,,,,,,
2024,99999,OR,42127.0,42127960600.0,VA:First Lien,Single Family (1-4 Units):Site-Built,Ethnicity Not Available,Race Not Available,Sex Not Available,Application denied,32,225000.0,",,,3,,,,,,360,,,2,2,2,2,,1,1,3,5,1",,108.0,,3,10,3.0,5.0,2,4,6.0,8.0,2,4,3,5,2,4,55-64,9999,Yes,,1,1,,,,,,,,,,,,,,,,,,,,,
2024,12054,UT,13121.0,13121010529.0,Conventional:First Lien,Single Family (1-4 Units):Site-Built,Not Hispanic or Latino,White,Male,File closed for incompleteness,32,325000.0,",,,2,,,,,,240,,,2,2,2,2,,1,1,3,5,1",,96.0,,1111,1111,2.0,5.0,2,4,5.0,8.0,2,4,1,5,2,4,35-44,9999,Yes,,1,1,,,,,,,,,,,,,,,,,,,,,
2024,99999,CO,25054.0,25054210529.0,FHA:First Lien,Single Family (1-4 Units):Site-Built,Not Hispanic or Latino,Black,Female,File closed for incompleteness,32,225000.0,",,,2,,,,,,240,,,2,2,2,2,,1,1,3,5,1",,96.0,,1111,1111,2.0,5.0,2,4,5.0,8.0,2,4,1,5,2,4,35-44,9999,Yes,,1,1,,,,,,,,,,,,,,,,,,,,,
2024,12054,ID,11121.0,11121010529.0,Conventional:Subordinate Lien,Single Family (1-4 Units):Site-Built,Hispanic or Latino,Asian,Male,6,32,275000.0,",,,6,,,,,,360,,,2,2,2,2,,1,1,3,5,1",,108.0,,3,10,3.0,5.0,2,4,6.0,8.0,2,4,3,5,2,4,45-54,9999,Yes,,1,1,,,,,,,,,,,,,,,,,,,,,
2024,99999,WV,13121.0,13121010529.0,Conventional:First Lien,Single Family (1-4 Units):Site-Built,Not Hispanic or Latino,White,Female,File closed for incompleteness,32,325000.0,",,,2,,,,,,240,,,2,2,2,2,,1,1,3,5,1",,96.0,,1111,1111,2.0,5.0,2,4,5.0,8.0,2,4,1,5,2,4,35-44,9999,Yes,,1,1,,,,,,,,,,,,,,,,,,,,,
2024,12054,KY,42127.0,42127960600.0,VA:First Lien,Single Family (1-4 Units):Site-Built,Ethnicity Not Available,Race Not Available,Sex Not Available,Application denied,32,325000.0,",,,3,,,,,,360,,,2,2,2,2,,1,1,3,5,1",,108.0,,3,10,3.0,5.0,2,4,6.0,8.0,2,4,3,5,2,4,55-64,9999,Yes,,1,1,,,,,,,,,,,,,,,,,,,,,
2024,99999,ME,25054.0,25054210529.0,FHA:First Lien,Single Family (1-4 Units):Site-Built,Not Hispanic or Latino,Black,Male,6,32,225000.0,",,,6,,,,,,360,,,2,2,2,2,,1,1,3,5,1",,108.0,,3,10,3.0,5.0,2,4,6.0,8.0,2,4,3,5,2,4,45-54,9999,Yes,,1,1,,,,,,,,,,,,,,,,,,,,,
2024,12054,AK,11121.0,11121010529.0,Conventional:Subordinate Lien,Single Family (1-4 Units):Site-Built,Hispanic or Latino,Asian,Female,File closed for incompleteness,32,275000.0,",,,2,,,,,,240,,,2,2,2,2,,1,1,3,5,1",,96.0,,1111,1111,2.0,5.0,2,4,5.0,8.0,2,4,1,5,2,4,35-44,9999,Yes,,1,1,,,,,,,,,,,,,,,,,,,,,
2024,99999,RI,42127.0,42127960600.0,VA:First Lien,Single Family (1-4 Units):Site-Built,Ethnicity Not Available,Race Not Available,Sex Not Available,Application denied,32,325000.0,",,,3,,,,,,360,,,2,2,2,2,,1,1,3,5,1",,108.0,,3,10,3.0,5.0,2,4,6.0,8.0,2,4,3,5,2,4,55-64,9999,Yes,,1,1,,,,,,,,,,,,,,,,,,,,,
2024,12054,LA,13121.0,13121010529.0,Conventional:First Lien,Single Family (1-4 Units):Site-Built,Not Hispanic or Latino,White,Male,File closed for incompleteness,32,225000.0,",,,2,,,,,,240,,,2,2,2,2,,1,1,3,5,1",,96.0,,1111,1111,2.0,5.0,2,4,5.0,8.0,2,4,1,5,2,4,35-44,9999,Yes,,1,1,,,,,,,,,,,,,,,,,,,,,
2024,99999,ND,25054.0,25054210529.0,FHA:First Lien,Single Family (1-4 Units):Site-Built,Not Hispanic or Latino,Black,Female,File closed for incompleteness,32,325000.0,",,,2,,,,,,240,,,2,2,2,2,,1,1,3,5,1",,96.0,,1111,1111,2.0,5.0,2,4,5.0,8.0,2,4,1,5,2,4,35-44,9999,Yes,,1,1,,,,,,,,,,,,,,,,,,,,,
2024,12054,HI,11121.0,11121010529.0,Conventional:Subordinate Lien,Single Family (1-4 Units):Site-Built,Hispanic or Latino,Asian,Male,6,32,275000.0,",,,6,,,,,,360,,,2,2,2,2,,1,1,3,5,1",,108.0,,3,10,3.0,5.0,2,4,6.0,8.0,2,4,3,5,2,4,45-54,9999,Yes,,1,1,,,,,,,,,,,,,,,,,,,,,
2024,99999,VT,42127.0,42127960600.0,VA:First Lien,Single Family (1-4 Units):Site-Built,Ethnicity Not Available,Race Not Available,Sex Not Available,Application denied,32,325000.0,",,,3,,,,,,360,,,2,2,2,2,,1,1,3,5,1",,108.0,,3,10,3.0,5.0,2,4,6.0,8.0,2,4,3,5,2,4,55-64,9999,Yes,,1,1,,,,,,,,,,,,,,,,,,,,,
2024,12054,SC,13121.0,13121010529.0,Conventional:First Lien,Single Family (1-4 Units):Site-Built,Not Hispanic or Latino,White,Female,File closed for incompleteness,32,225000.0,",,,2,,,,,,240,,,2,2,2,2,,1,1,3,5,1",,96.0,,1111,1111,2.0,5.0,2,4,5.0,8.0,2,4,1,5,2,4,35-44,9999,Yes,,1,1,,,,,,,,,,,,,,,,,,,,,
2024,99999,MO,25054.0,25054210529.0,FHA:First Lien,Single Family (1-4 Units):Site-Built,Not Hispanic or Latino,Black,Male,6,32,325000.0,",,,6,,,,,,360,,,2,2,2,2,,1,1,3,5,1",,108.0,,3,10,3.0,5.0,2,4,6.0,8.0,2,4,3,5,2,4,45-54,9999,Yes,,1,1,,,,,,,,,,,,,,,,,,,,,
2024,12054,MS,11121.0,11121010529.0,Conventional:Subordinate Lien,Single Family (1-4 Units):Site-Built,Hispanic or Latino,Asian,Female,File closed for incompleteness,32,275000.0,",,,2,,,,,,240,,,2,2,2,2,,1,1,3,5,1",,96.0,,1111,1111,2.0,5.0,2,4,5.0,8.0,2,4,1,5,2,4,35-44,9999,Yes,,1,1,,,,,,,,,,,,,,,,,,,,,
2024,99999,TN,42127.0,42127960600.0,VA:First Lien,Single Family (1-4 Units):Site-Built,Ethnicity Not Available,Race Not Available,Sex Not Available,Application denied,32,325000.0,",,,3,,,,,,360,,,2,2,2,2,,1,1,3,5,1",,108.0,,3,10,3.0,5.0,2,4,6.0,8.0,2,4,3,5,2,4,55-64,9999,Yes,,1,1,,,,,,,,,,,,,,,,,,,,,
2024,12054,WY,13121.0,13121010529.0,Conventional:First Lien,Single Family (1-4 Units):Site-Built,Not Hispanic or Latino,White,Male,File closed for incompleteness,32,225000.0,",,,2,,,,,,240,,,2,2,2,2,,1,1,3,5,1",,96.0,,1111,1111,2.0,5.0,2,4,5.0,8.0,2,4,1,5,2,4,35-44,9999,Yes,,1,1,,,,,,,,,,,,,,,,,,,,,
2024,99999,DE,25054.0,25054210529.0,FHA:First Lien,Single Family (1-4 Units):Site-Built,Not Hispanic or Latino,Black,Female,File closed for incompleteness,32,325000.0,",,,2,,,,,,240,,,2,2,2,2,,1,1,3,5,1",,96.0,,1111,1111,2.0,5.0,2,4,5.0,8.0,2,4,1,5,2,4,35-44,9999,Yes,,1,1,,,,,,,,,,,,,,,,,,,,,
2024,12054,AR,11121.0,11121010529.0,Conventional:Subordinate Lien,Single Family (1-4 Units):Site-Built,Hispanic or Latino,Asian,Male,6,32,275000.0,",,,6,,,,,,360,,,2,2,2,2,,1,1,3,5,1",,108.0,,3,10,3.0,5.0,2,4,6.0,8.0,2,4,3,5,2,4,45-54,9999,Yes,,1,1,,,,,,,,,,,,,,,,,,,,,
2024,99999,AL,42127.0,42127960600.0,VA:First Lien,Single Family (1-4 Units):Site-Built,Ethnicity Not Available,Race Not Available,Sex Not Available,Application denied,32,325000.0,",,,3,,,,,,360,,,2,2,2,2,,1,1,3,5,1",,108.0,,3,10,3.0,5.0,2,4,6.0,8.0,2,4,3,5,2,4,55-64,9999,Yes,,1,1,,,,,,,,,,,,,,,,,,,,,
2024,12054,NC,13121.0,13121010529.0,Conventional:First Lien,Single Family (1-4 Units):Site-Built,Not Hispanic or Latino,White,Female,File closed for incompleteness,32,225000.0,",,,2,,,,,,240,,,2,2,2,2,,1,1,3,5,1",,96.0,,1111,1111,2.0,5.0,2,4,5.0,8.0,2,4,1,5,2,4,35-44,9999,Yes,,1,1,,,,,,,,,,,,,,,,,,,,,
2024,99999,OK,25054.0,25054210529.0,FHA:First Lien,Single Family (1-4 Units):Site-Built,Not Hispanic or Latino,Black,Male,6,32,325000.0,",,,6,,,,,,360,,,2,2,2,2,,1,1,3,5,1",,108.0,,3,10,3.0,5.0,2,4,6.0,8.0,2,4,3,5,2,4,45-54,9999,Yes,,1,1,,,,,,,,,,,,,,,,,,,,,
2024,12054,GA,11121.0,11121010529.0,Conventional:Subordinate Lien,Single Family (1-4 Units):Site-Built,Hispanic or Latino,Asian,Female,File closed for incompleteness,32,275000.0,",,,2,,,,,,240,,,2,2,2,2,,1,1,3,5,1",,96.0,,1111,1111,2.0,5.0,2,4,5.0,8.0,2,4,1,5,2,4,35-44,9999,Yes,,1,1,,,,,,,,,,,,,,,,,,,,,
2024,99999,GA,42127.0,42127960600.0,VA:First Lien,Single Family (1-4 Units):Site-Built,Ethnicity Not Available,Race Not Available,Sex Not Available,Application denied,32,325000.0,",,,3,,,,,,360,,,2,2,2,2,,1,1,3,5,1",,108.0,,3,10,3.0,5.0,2,4,6.0,8.0,2,4,3,5,2,4,55-64,9999,Yes,,1,1,,,,,,,,,,,,,,,,,,,,,
2024,12054,SC,13121.0,13121010529.0,Conventional:First Lien,Single Family (1-4 Units):Site-Built,Not Hispanic or Latino,White,Male,File closed for incompleteness,32,225000.0,",,,2,,,,,,240,,,2,2,2,2,,1,1,3,5,1",,96.0,,1111,1111,2.0,5.0,2,4,5.0,8.0,2,4,1,5,2,4,35-44,9999,Yes,,1,1,,,,,,,,,,,,,,,,,,,,,
2024,99999,FL,25054.0,25054210529.0,FHA:First Lien,Single Family (1-4 Units):Site-Built,Not Hispanic or Latino,Black,Female,File closed for incompleteness,32,325000.0,",,,2,,,,,,240,,,2,2,2,2,,1,1,3,5,1",,96.0,,1111,1111,2.0,5.0,2,4,5.0,8.0,2,4,1,5,2,4,35-44,9999,Yes,,1,1,,,,,,,,,,,,,,,,,,,,,
2024,12054,PA,11121.0,11121010529.0,Conventional:Subordinate Lien,Single Family (1-4 Units):Site-Built,Hispanic or Latino,Asian,Male,6,32,275000.0,",,,6,,,,,,360,,,2,2,2,2,,1,1,3,5,1",,108.0,,3,10,3.0,5.0,2,4,6.0,8.0,2,4,3,5,2,4,45-54,9999,Yes,,1,1,,,,,,,,,,,,,,,,,,,,,
2024,99999,TX,42127.0,42127960600.0,VA:First Lien,Single Family (1-4 Units):Site-Built,Ethnicity Not Available,Race Not Available,Sex Not Available,Application denied,32,325000.0,",,,3,,,,,,360,,,2,2,2,2,,1,1,3,5,1",,108.0,,3,10,3.0,5.0,2,4,6.0,8.0,2,4,3,5,2,4,55-64,9999,Yes,,1,1,,,,,,,,,,,,,,,,,,,,,
2024,12054,CA,13121.0,13121010529.0,Conventional:First Lien,Single Family (1-4 Units):Site-Built,Not Hispanic or Latino,White,Female,File closed for incompleteness,32,225000.0,",,,2,,,,,,240,,,2,2,2,2,,1,1,3,5,1",,96.0,,1111,1111,2.0,5.0,2,4,5.0,8.0,2,4,1,5,2,4,35-44,9999,Yes,,1,1,,,,,,,,,,,,,,,,,,,,,
2024,99999,IN,25054.0,25054210529.0,FHA:First Lien,Single Family (1-4 Units):Site-Built,Not Hispanic or Latino,Black,Male,6,32,325000.0,",,,6,,,,,,360,,,2,2,2,2,,1,1,3,5,1",,108.0,,3,10,3.0,5.0,2,4,6.0,8.0,2,4,3,5,2,4,45-54,9999,Yes,,1,1,,,,,,,,,,,,,,,,,,,,,
2024,12054,IA,11121.0,11121010529.0,Conventional:Subordinate Lien,Single Family (1-4 Units):Site-Built,Hispanic or Latino,Asian,Female,File closed for incompleteness,32,275000.0,",,,2,,,,,,240,,,2,2,2,2,,1,1,3,5,1",,96.0,,1111,1111,2.0,5.0,2,4,5.0,8.0,2,4,1,5,2,4,35-44,9999,Yes,,1,1,,,,,,,,,,,,,,,,,,,,,
2024,99999,OH,42127.0,42127960600.0,VA:First Lien,Single Family (1-4 Units):Site-Built,Ethnicity Not Available,Race Not Available,Sex Not Available,Application denied,32,325000.0,",,,3,,,,,,360,,,2,2,2,2,,1,1,3,5,1",,108.0,,3,10,3.0,5.0,2,4,6.0,8.0,2,4,3,5,2,4,55-64,9999,Yes,,1,1,,,,,,,,,,,,,,,,,,,,,
2024,12054,TN,13121.0,13121010529.0,Conventional:First Lien,Single Family (1-4 Units):Site-Built,Not Hispanic or Latino,White,Male,File closed for incompleteness,32,225000.0,",,,2,,,,,,240,,,2,2,2,2,,1,1,3,5,1",,96.0,,1111,1111,2.0,5.0,2,4,5.0,8.0,2,4,1,5,2,4,35-44,9999,Yes,,1,1,,,,,,,,,,,,,,,,,,,,,
2024,99999,IL,25054.0,25054210529.0,FHA:First Lien,Single Family (1-4 Units):Site-Built,Not Hispanic or Latino,Black,Female,File closed for incompleteness,32,325000.0,",,,2,,,,,,240,,,2,2,2,2,,1,1,3,5,1",,96.0,,1111,1111,2.0,5.0,2,4,5.0,8.0,2,4,1,5,2,4,35-44,9999,Yes,,1,1,,,,,,,,,,,,,,,,,,,,,
2024,12054,MO,11121.0,11121010529.0,Conventional:Subordinate Lien,Single Family (1-4 Units):Site-Built,Hispanic or Latino,Asian,Male,6,32,275000.0,",,,6,,,,,,360,,,2,2,2,2,,1,1,3,5,1",,108.0,,3,10,3.0,5.0,2,4,6.0,8.0,2,4,3,5,2,4,45-54,9999,Yes,,1,1,,,,,,,,,,,,,,,,,,,,,
2024,99999,GA,13121.0,13121010529.0,Conventional:First Lien,Single Family (1-4 Units):Site-Built,Not Hispanic or Latino,White,Female,File closed for incompleteness,32,325000.0,",,,2,,,,,,240,,,2,2,2,2,,1,1,3,5,1",,96.0,,1111,1111,2.0,5.0,2,4,5.0,8.0,2,4,1,5,2,4,35-44,9999,Yes,,1,1,,,,,,,,,,,,,,,,,,,,,
2024,16658,GA,2725.0,27252010100.0,Conventional:First Lien,Single Family (1-4 Units):Site-Built,Hispanic or Latino,White,Male,Loan approved,42,50000.0,,1.5,,2,,,,,,240,,,3,3,3,3,,2,2,3,5,1,,80.0,,1,1,1.5,5.0,2,3,4.0,8.0,1,3,4,5,2,3,75-84,9999,Yes,,2,1
2024,14529,IL,11101.0,11101160300.0,VA:Subordinate Lien,Single Family (1-4 Units):Site-Built,Not Hispanic or Latino,Asian,Female,Application denied,35,300000.0,,3.0,,2,,,,,,200,,,3,3,3,3,,2,2,3,5,1,,112.0,,14,11,2.0,5.0,2,4,6.0,8.0,2,4,4,5,2,4,65-74,9999,Yes,,1,1
2024,12366,FL,28815.0,28815310700.0,FHA:Subordinate Lien,Manufactured Housing:Site-Built,Hispanic or Latino,Black,Male,Loan denied,31,15000.0,,,,2,,,,,,250,,,2,2,2,2,,1,1,4,5,1,,96.0,,1,1,2.0,5.0,1,3,4.0,8.0,1,3,1,5,1,3,55-64,9999,Yes,,2,1
2024,9140.0,OH,7144.0,71440820220.0,Conventional:First Lien,Single Family (1-4 Units):Site-Built,Not Hispanic or Latino,White,Female,File closed for incompleteness,33,35000.0,,2.0,,2,,,,,,240,,,3,3,3,3,,2,2,3,5,1,,88.0,,1,1,2.5,5.0,1,4,4.0,8.0,1,4,2,5,1,4,75-84,9999,Yes,,1,1
2024,26738.0,NY,11664.0,11664390100.0,FHA:Subordinate Lien,Single Family (1-4 Units):Site-Built,Hispanic or Latino,Asian,Female,Loan approved,41,40000.0,,1.5,,2,,,,,,280,,,3,3,3,3,,2,2,3,5,1,,92.0,,1,1,2.0,5.0,1,3,5.0,8.0,1,3,1,5,1,3,65-74,9999,Yes,,2,1
2024,18513.0,CA,11853.0,11853260200.0,VA:First Lien,Manufactured Housing:Site-Built,Not Hispanic or Latino,White,Male,Application denied,39,70000.0,,3.0,,2,,,,,,200,,,3,3,3,3,,2,2,4,5,1,,108.0,,1,1,2.5,5.0,1,4,5.0,8.0,1,4,2,5,2,4,55-64,9999,Yes,,1,1
2024,10751.0,WA,12888.0,12888100100.0,FHA:Subordinate Lien,Manufactured Housing:Site-Built,Hispanic or Latino,Black,Female,Loan approved,36,20000.0,,1.0,,2,,,,,,250,,,3,3,3,3,,2,2,4,5,1,,96.0,,1,1,2.5,5.0,1,3,5.0,8.0,1,3,1,5,1,3,75-84,9999,Yes,,1,1
2024,11877.0,TX,13371.0,13371110600.0,Conventional:Subordinate Lien,Single Family (1-4 Units):Site-Built,Not Hispanic or Latino,White,Male,File closed for incompleteness,42,60000.0,,2.0,,2,,,,,,240,,,3,3,3,3,,2,2,3,5,1,,88.0,,1,1,2.5,5.0,1,4,4.0,8.0,1,4,2,5,1,4,65-74,9999,Yes,,1,1
2024,9804.0,NC,1814.0,18141020200.0,FHA:First Lien,Manufactured Housing:Site-Built,Hispanic or Latino,Asian,Female,6,37,40000.0,,1.5,,2,,,,,,250,,,3,3,3,3,,2,2,4,5,1,,92.0,,1,1,2.0,5.0,1,3,5.0,8.0,1,3,1,5,1,3,55-64,9999,Yes,,2,1
2024,11119.0,SC,7117.0,71170130300.0,Conventional:Subordinate Lien,Single Family (1-4 Units):Site-Built,Not Hispanic or Latino,White,Male,Application denied,34,70000.0,,2.0,,2,,,,,,200,,,3,3,3,3,,2,2,3,5,1,,88.0,,14,11,2.0,5.0,1,4,6.0,8.0,1,4,2,5,2,4,65-74,9999,Yes,,1,1
2024,10931.0,LA,11510.0,11510010200.0,VA:Subordinate Lien,Manufactured Housing:Site-Built,Hispanic or Latino,Black,Male,Loan approved,35,20000.0,,1.0,,2,,,,,,250,,,3,3,3,3,,1,1,4,5,1,,96.0,,1,1,2.5,5.0,1,3,4.0,8.0,1,3,1,5,1,3,75-84,9999,Yes,,1,1
2024,9897.0,MS,15531.0,15531070100.0,FHA:Subordinate Lien,Single Family (1-4 Units):Site-Built,Not Hispanic or Latino,White,Female,File closed for incompleteness,41,45000.0,,,,2,,,,,,280,,,3,3,3,3,,2,2,3,5,1,,80.0,,1,1,2.0,5.0,1,4,4.0,8.0,1,4,2,5,1,4,65-74,9999,Yes,,1,1
2024,9846.0,AL,16732.0,16732060200.0,Conventional:Subordinate Lien,Manufactured Housing:Site-Built,Hispanic or Latino,Asian,Female,6,38,25000.0,,1.0,,2,,,,,,250,,,3,3,3,3,,1,1,4,5,1,,92.0,,1,1,2.5,5.0,1,3,5.0,8.0,1,3,1,5,1,3,55-64,9999,Yes,,2,1
2024,9834.0,GA,13699.0,13699020100.0,FHA:Subordinate Lien,Single Family (1-4 Units):Site-Built,Not Hispanic or Latino,White,Male,Application denied,33,70000.0,,2.0,,2,,,,,,200,,,3,3,3,3,,2,2,3,5,1,,88.0,,14,11,2.5,5.0,1,4,6.0,8.0,1,4,2,5,2,4,65-74,9999,Yes,,1,1
2024,12735.0,IN,11302.0,11302160600.0,VA:First Lien,Manufactured Housing:Site-Built,Hispanic or Latino,Black,Male,Loan approved,36,15000.0,,1.0,,2,,,,,,250,,,3,3,3,3,,1,1,4,5,1,,96.0,,1,1,2.5,5.0,1,3,4.0,8.0,1,3,1,5,1,3,75-84,9999,Yes,,1,1
2024,9651.0,AK,9150.0,9150708100.0,Conventional:Subordinate Lien,Single Family (1-4 Units):Site-Built,Not Hispanic or Latino,White,Female,File closed for incompleteness,42,60000.0,,,,2,,,,,,280,,,3,3,3,3,,2,2,3,5,1,,80.0,,1,1,2.5,5.0,1,4,4.0,8.0,1,4,2,5,1,4,65-74,9999,Yes,,1,1
2024,11441.0,OK,1911.0,19110730300.0,Conventional:First Lien,Manufactured Housing:Site-Built,Hispanic or Latino,Asian,Female,6,35,40000.0,,1.5,,2,,,,,,250,,,3,3,3,3,,2,2,4,5,1,,92.0,,1,1,2.0,5.0,1,3,5.0,8.0,1,3,1,5,1,3,55-64,9999,Yes,,2,1
2024,11319.0,SD,11566.0,11566120600.0,FHA:Subordinate Lien,Single Family (1-4 Units):Site-Built,Not Hispanic or Latino,White,Male,Loan approved,39,70000.0,,2.0,,2,,,,,,240,,,3,3,3,3,,2,2,3,5,1,,88.0,,14,11,2.5,5.0,1,4,6.0,8.0,1,4,2,5,2,4,65-74,9999,Yes,,1,1
2024,10876.0,WI,8122.0,81220730700.0,FHA:Subordinate Lien,Manufactured Housing:Site-Built,Hispanic or Latino,Black,Male,Application denied,35,25000.0,,1.0,,2,,,,,,250,,,3,3,3,3,,1,1,4,5,1,,96.0,,1,1,2.5,5.0,1,3,4.0,8.0,1,3,1,5,1,3,75-84,9999,Yes,,1,1
2024,10705.0,MN,18628.0,18628040100.0,Conventional:Subordinate Lien,Single Family (1-4 Units):Site-Built,Not Hispanic or Latino,White,Female,File closed for incompleteness,38,45000.0,,2.0,,2,,,,,,280,,,3,3,3,3,,2,2,3,5,1,,80.0,,1,1,2.5,5.0,1,4,4.0,8.0,1,4,2,5,1,4,65-74,9999,Yes,,1,1
2024,13149.0,CO,13583.0,13583301800.0,FHA:Subordinate Lien,Manufactured Housing:Site-Built,Hispanic or Latino,Asian,Female,6,40,35000.0,,1.5,,2,,,,,,250,,,3,3,3,3,,2,2,4,5,1,,92.0,,1,1,2.0,5.0,1,3,5.0,8.0,1,3,1,5,1,3,55-64,9999,Yes,,2,1
2024,13435.0,UT,11021.0,11021040200.0,VA:Subordinate Lien,Single Family (1-4 Units):Site-Built,Not Hispanic or Latino,White,Male,Loan approved,40,80000.0,,2.0,,2,,,,,,240,,,3,3,3,3,,2,2,3,5,1,,88.0,,14,11,2.5,5.0,1,4,6.0,8.0,1,4,2,5,2,4,65-74,9999,Yes,,1,1
2024,13555.0,WY,11139.0,11139050100.0,Conventional:Subordinate Lien,Manufactured Housing:Site-Built,Hispanic or Latino,Black,Male,Application denied,36,15000.0,,1.0,,2,,,,,,250,,,3,3,3,3,,1,1,4,5,1,,96.0,,1,1,2.5,5.0,1,3,4.0,8.0,1,3,1,5,1,3,75-84,9999,Yes,,1,1
2024,14112.0,ID,11233.0,11233130400.0,VA:Subordinate Lien,Single Family (1-4 Units):Site-Built,Not Hispanic or Latino,White,Female,File closed for incompleteness,39,50000.0,,2.0,,2,,,,,,280,,,3,3,3,3,,2,2,3,5,1,,80.0,,1,1,2.5,5.0,1,4,4.0,8.0,1,4,2,5,1,4,65-74,9999,Yes,,1,1
2024,14264.0,MT,10766.0,10766070100.0,FHA:Subordinate Lien,Manufactured Housing:Site-Built,Hispanic or Latino,Asian,Female,6,42,45000.0,,1.5,,2,,,,,,250,,,3,3,3,3,,2,2,4,5,1,,92.0,,1,1,2.0,5.0,1,3,5.0,8.0,1,3,1,5,1,3,55-64,9999,Yes,,2,1
2024,14947.0,ND,11453.0,11453200300.0,Conventional:Subordinate Lien,Single Family (1-4 Units):Site-Built,Not Hispanic or Latino,White,Male,Loan approved,38,60000.0,,2.0,,2,,,,,,240,,,3,3,3,3,,2,2,3,5,1,,88.0,,14,11,2.5,5.0,1,4,6.0,8.0,1,4,2,5,2,4,65-74,9999,Yes,,1,1
2024,15135.0,NE,11416.0,11416070100.0,FHA:Subordinate Lien,Manufactured Housing:Site-Built,Hispanic or Latino,Black,Male,Application denied,40,80000.0,,1.0,,2,,,,,,250,,,3,3,3,3,,1,1,4,5,1,,96.0,,1,1,2.5,5.0,1,3,4.0,8.0,1,3,1,5,1,3,75-84,9999,Yes,,1,1
2024,15367.0,KS,14355.0,14355030100.0,VA:Subordinate Lien,Single Family (1-4 Units):Site-Built,Not Hispanic or Latino,White,Female,File closed for incompleteness,37,45000.0,,2.0,,2,,,,,,280,,,3,3,3,3,,2,2,3,5,1,,80.0,,1,1,2.5,5.0,1,4,4.0,8.0,1,4,2,5,1,4,65-74,9999,Yes,,1,1
2024,15483.0,MO,10020.0,10020400100.0,FHA:Subordinate Lien,Manufactured Housing:Site-Built,Hispanic or Latino,Asian,Female,6,35,40000.0,,1.5,,2,,,,,,250,,,3,3,3,3,,2,2,4,5,1,,92.0,,1,1,2.0,5.0,1,3,5.0,8.0,1,3,1,5,1,3,55-64,9999,Yes,,2,1
2024,15841.0,IA,13122.0,13122030100.0,Conventional:Subordinate Lien,Single Family (1-4 Units):Site-Built,Not Hispanic or Latino,White,Male,Loan approved,43,70000.0,,2.0,,2,,,,,,240,,,3,3,3,3,,2,2,3,5,1,,88.0,,14,11,2.5,5.0,1,4,6.0,8.0,1,4,2,5,2,4,65-74,9999,Yes,,1,1
2024,16124.0,SD,11359.0,11359050100.0,FHA:Subordinate Lien,Manufactured Housing:Site-Built,Hispanic or Latino,Black,Male,Application denied,38,40000.0,,1.0,,2,,,,,,250,,,3,3,3,3,,1,1,4,5,1,,96.0,,1,1,2.5,5.0,1,3,4.0,8.0,1,3,1,5,1,3,75-84,9999,Yes,,1,1
2024,16307.0,WI,11122.0,11122010200.0,VA:Subordinate Lien,Single Family (1-4 Units):Site-Built,Not Hispanic or Latino,White,Female,Loan approved,43,60000.0,,2.0,,2,,,,,,280,,,3,3,3,3,,2,2,3,5,1,,80.0,,1,1,2.5,5.0,1,4,4.0,8.0,1,4,2,5,1,4,65-74,9999,Yes,,1,1
2024,16416.0,MI,13782.0,13782050100.0,FHA:Subordinate Lien,Manufactured Housing:Site-Built,Hispanic or Latino,Asian,Female,6,42,35000.0,,1.5,,2,,,,,,250,,,3,3,3,3,,2,2,4,5,1,,92.0,,1,1,2.0,5.0,1,3,5.0,8.0,1,3,1,5,1,3,55-64,9999,Yes,,2,1
2024,16559.0,VT,11456.0,11456050100.0,Conventional:Subordinate Lien,Single Family (1-4 Units):Site-Built,Not Hispanic or Latino,White,Male,File closed for incompleteness,44,80000.0,,2.0,,2,,,,,,240,,,3,3,3,3,,2,2,3,5,1,,88.0,,14,11,2.5,5.0,1,4,6.0,8.0,1,4,2,5,2,4,65-74,9999,Yes,,1,1
2024,16769.0,ME,10019.0,10019190200.0,FHA:Subordinate Lien,Manufactured Housing:Site-Built,Hispanic or Latino,Black,Male,Application denied,42,50000.0,,1.0,,2,,,,,,250,,,3,3,3,3,,1,1,4,5,1,,96.0,,1,1,2.5,5.0,1,3,4.0,8.0,1,3,1,5,1,3,75-84,9999,Yes,,1,1
2024,17095.0,RI,7110.0,71100230200.0,VA:Subordinate Lien,Single Family (1-4 Units):Site-Built,Not Hispanic or Latino,White,Female,File closed for incompleteness,45,50000.0,,2.0,,2,,,,,,280,,,3,3,3,3,,2,2,3,5,1,,80.0,,1,1,2.5,5.0,1,4,4.0,8.0,1,4,2,5,1,4,65-74,9999,Yes,,1,1
2024,17489.0,NH,13314.0,13314050100.0,FHA:Subordinate Lien,Manufactured Housing:Site-Built,Hispanic or Latino,Asian,Female,6,43,45000.0,,1.5,,2,,,,,,250,,,3,3,3,3,,2,2,4,5,1,,92.0,,1,1,2.0,5.0,1,3,5.0,8.0,1,3,1,5,1,3,55-64,9999,Yes,,2,1
2024,17775.0,MA,11514.0,11514050100.0,Conventional:Subordinate Lien,Single Family (1-4 Units):Site-Built,Not Hispanic or Latino,White,Male,Loan approved,46,70000.0,,2.0,,2,,,,,,240,,,3,3,3,3,,2,2,3,5,1,,88.0,,14,11,2.5,5.0,1,4,6.0,8.0,1,4,2,5,2,4,65-74,9999,Yes,,1,1
2024,17991.0,CT,11634.0,11634050100.0,FHA:Subordinate Lien,Manufactured Housing:Site-Built,Hispanic or Latino,Black,Male,Application denied,44,60000.0,,1.0,,2,,,,,,250,,,3,3,3,3,,1,1,4,5,1,,96.0,,1,1,2.5,5.0,1,3,4.0,8.0,1,3,1,5,1,3,75-84,9999,Yes,,1,1
2024,18293.0,PA,11741.0,11741030100.0,VA:Subordinate Lien,Single Family (1-4 Units):Site-Built,Not Hispanic or Latino,White,Female,File closed for incompleteness,47,40000.0,,2.0,,2,,,,,,280,,,3,3,3,3,,2,2,3,5,1,,80.0,,1,1,2.5,5.0,1,4,4.0,8.0,1,4,2,5,1,4,65-74,9999,Yes,,1,1
2024,18498.0,DE,11446.0,11446050100.0,FHA:Subordinate Lien,Manufactured Housing:Site-Built,Hispanic or Latino,Asian,Female,6,44,35000.0,,1.5,,2,,,,,,250,,,3,3,3,3,,2,2,4,5,1,,92.0,,1,1,2.0,5.0,1,3,5.0,8.0,1,3,1,5,1,3,55-64,9999,Yes,,2,1
2024,18706.0,NJ,11632.0,11632050100.0,Conventional:Subordinate Lien,Single Family (1-4 Units):Site-Built,Not Hispanic or Latino,White,Male,Loan approved,48,60000.0,,2.0,,2,,,,,,240,,,3,3,3,3,,2,2,3,5,1,,88.0,,14,11,2.5,5.0,1,4,6.0,8.0,1,4,2,5,2,4,65-74,9999,Yes,,1,1
2024,99999,CA,91770.0,91770779300.0,Conventional:First Lien,Single Family (1-4 Units):Site-Built,Hispanic or Latino,White,Female,File closed for incompleteness,38,48000.0,,"2.625,","2.625,","1,,,,,,","240,,,2,2,2,2,,1,1,3,5,1,,96.0,,1111,1111,2.0,5.0,2,4,5.0,8.0,2,4,1,5,2,4,45-54,9999,Yes,,1,1",,,,,,,,,,,,,,,,,,,,,,,,,,,,,,,,,,,,,,,,
2024,99999,NY,11463.0,11463223700.0,VA:Subordinate Lien,Single Family (1-4 Units):Site-Built,Not Hispanic or Latino,Black or African American,Male,Apply with co-borrower,41,270000.0,,"3.375,","3.375,","2,,,,,,","360,,,2,2,2,2,,1,1,3,5,1,,108.0,,10,2,3.0,5.0,2,4,6.0,8.0,2,4,3,5,2,4,55-64,9999,Yes,,1,1",,,,,,,,,,,,,,,,,,,,,,,,,,,,,,,,,,,,,,,,
2024,12054,TX,12703.0,12703147700.0,FHA:Subordinate Lien,Single Family (1-4 Units):Site-Built,Hispanic or Latino,Asian,Female,File closed for incompleteness,38,190000.0,,"4.0,","4.0,","2,,,,,,","240,,,2,2,2,2,,1,1,3,5,1,,96.0,,3,10,2.0,5.0,2,4,5.0,8.0,2,4,1,5,2,4,65-74,9999,Yes,,1,1",,,,,,,,,,,,,,,,,,,,,,,,,,,,,,,,,,,,,,,,
2024,99999,IL,10834.0,10833934400.0,Conventional:First Lien,Single Family (1-4 Units):Site-Built,Not Hispanic or Latino,White,Male,Application denied,35,310000.0,,"2.5,","2.5,","1,,,,,,","360,,,2,2,2,2,,1,1,3,5,1,,108.0,,3,9,3.0,5.0,2,4,6.0,8.0,2,4,3,5,2,4,65-74,9999,Yes,,1,1",,,,,,,,,,,,,,,,,,,,,,,,,,,,,,,,,,,,,,,,
2024,99999,FL,11054.0,11054222200.0,VA:First Lien,Single Family (1-4 Units):Site-Built,Not Hispanic or Latino,Black or African American,Female,File closed for incompleteness,43,420000.0,,"3.375,","3.375,","2,,,,,,","240,,,2,2,2,2,,1,1,3,5,1,,96.0,,10,9,4.0,5.0,2,4,7.0,8.0,2,4,3,5,2,4,45-54,9999,Yes,,1,1",,,,,,,,,,,,,,,,,,,,,,,,,,,,,,,,,,,,,,,,
2024,12054,OH,13121.0,13121010529.0,FHA:Subordinate Lien,Single Family (1-4 Units):Site-Built,Not Hispanic or Latino,White,Male,File closed for incompleteness,36,180000.0,,"2.875,","2.875,","1,,,,,,","360,,,2,2,2,2,,1,1,3,5,1,,96.0,,3,10,2.0,5.0,2,4,5.0,8.0,2,4,1,5,2,4,55-64,9999,Yes,,1,1",,,,,,,,,,,,,,,,,,,,,,,,,,,,,,,,,,,,,,,,
2024,99999,NJ,11085.0,11085104000.0,Conventional:Subordinate Lien,Single Family (1-4 Units):Site-Built,Not Hispanic or Latino,Asian,Female,Apply with co-borrower,40,250000.0,,"3.0,","3.0,","1,,,,,,","360,,,2,2,2,2,,1,1,3,5,1,,108.0,,3,9,3.0,5.0,2,4,6.0,8.0,2,4,3,5,2,4,65-74,9999,Yes,,1,1",,,,,,,,,,,,,,,,,,,,,,,,,,,,,,,,,,,,,,,,
2024,99999,VT,91800.0,91800998300.0,VA:Subordinate Lien,Single Family (1-4 Units):Site-Built,Hispanic or Latino,Black or African American,Male,File closed for incompleteness,33,150000.0,,"2.5,","2.5,","1,,,,,,","240,,,2,2,2,2,,1,1,3,5,1,,96.0,,10,2,2.0,5.0,2,4,5.0,8.0,2,4,1,5,2,4,45-54,9999,Yes,,1,1",,,,,,,,,,,,,,,,,,,,,,,,,,,,,,,,,,,,,,,,
2024,12054,MO,12703.0,12703147700.0,FHA:First Lien,Single Family (1-4 Units):Site-Built,Not Hispanic or Latino,White,Female,File closed for incompleteness,36,220000.0,,"3.5,","3.5,","1,,,,,,","360,,,2,2,2,2,,1,1,3,5,1,,108.0,,3,10,4.0,5.0,2,4,7.0,8.0,2,4,3,5,2,4,55-64,9999,Yes,,1,1",,,,,,,,,,,,,,,,,,,,,,,,,,,,,,,,,,,,,,,,
2024,99999,DE,11029.0,11029176400.0,VA:Subordinate Lien,Single Family (1-4 Units):Site-Built,Not Hispanic or Latino,Asian,Male,Application denied,44,290000.0,,"3.375,","3.375,","2,,,,,,","360,,,2,2,2,2,,1,1,3,5,1,,96.0,,10,9,4.0,5.0,2,4,6.0,8.0,2,4,3,5,2,4,65-74,9999,Yes,,1,1",,,,,,,,,,,,,,,,,,,,,,,,,,,,,,,,,,,,,,,,
2024,99999,MI,10834.0,10833934400.0,FHA:Subordinate Lien,Single Family (1-4 Units):Site-Built,Hispanic or Latino,White,Female,Apply with co-borrower,42,200000.0,,"2.5,","2.5,","1,,,,,,","240,,,2,2,2,2,,1,1,3,5,1,,96.0,,3,10,2.0,5.0,2,4,5.0,8.0,2,4,1,5,2,4,45-54,9999,Yes,,1,1",,,,,,,,,,,,,,,,,,,,,,,,,,,,,,,,,,,,,,,,
2024,99999,NC,11029.0,11029176400.0,Conventional:First Lien,Single Family (1-4 Units):Site-Built,Not Hispanic or Latino,Black or African American,Male,File closed for incompleteness,35,380000.0,,"3.0,","3.0,","1,,,,,,","360,,,2,2,2,2,,1,1,3,5,1,,108.0,,3,9,3.0,5.0,2,4,6.0,8.0,2,4,3,5,2,4,55-64,9999,Yes,,1,1",,,,,,,,,,,,,,,,,,,,,,,,,,,,,,,,,,,,,,,,
2024,12054,PA,12703.0,12703147700.0,VA:First Lien,Single Family (1-4 Units):Site-Built,Not Hispanic or Latino,White,Female,File closed for incompleteness,34,300000.0,,"2.875,","2.875,","1,,,,,,","360,,,2,2,2,2,,1,1,3,5,1,,96.0,,10,2,3.0,5.0,2,4,7.0,8.0,2,4,3,5,2,4,45-54,9999,Yes,,1,1",,,,,,,,,,,,,,,,,,,,,,,,,,,,,,,,,,,,,,,,
2024,99999,GA,11085.0,11085104000.0,FHA:Subordinate Lien,Single Family (1-4 Units):Site-Built,Hispanic or Latino,White,Male,File closed for incompleteness,37,170000.0,,"3.5,","3.5,","1,,,,,,","240,,,2,2,2,2,,1,1,3,5,1,,96.0,,3,10,4.0,5.0,2,4,5.0,8.0,2,4,1,5,2,4,55-64,9999,Yes,,1,1",,,,,,,,,,,,,,,,,,,,,,,,,,,,,,,,,,,,,,,,
2024,99999,SC,91770.0,91770779300.0,Conventional:First Lien,Single Family (1-4 Units):Site-Built,Not Hispanic or Latino,Black or African American,Female,File closed for incompleteness,39,420000.0,,"3.5,","3.5,","2,,,,,,","360,,,2,2,2,2,,1,1,3,5,1,,108.0,,10,9,4.0,5.0,2,4,7.0,8.0,2,4,3,5,2,4,45-54,9999,Yes,,1,1",,,,,,,,,,,,,,,,,,,,,,,,,,,,,,,,,,,,,,,,
2024,12054,WV,13121.0,13121010529.0,VA:Subordinate Lien,Single Family (1-4 Units):Site-Built,Not Hispanic or Latino,White,Male,File closed for incompleteness,32,200000.0,,"2.5,","2.5,","1,,,,,,","240,,,2,2,2,2,,1,1,3,5,1,,96.0,,3,10,2.0,5.0,2,4,5.0,8.0,2,4,1,5,2,4,65-74,9999,Yes,,1,1",,,,,,,,,,,,,,,,,,,,,,,,,,,,,,,,,,,,,,,,
2024,99999,WA,11463.0,11463223700.0,FHA:Subordinate Lien,Single Family (1-4 Units):Site-Built,Not Hispanic or Latino,Asian,Female,File closed for incompleteness,44,140000.0,,"3.0,","3.0,","1,,,,,,","360,,,2,2,2,2,,1,1,3,5,1,,96.0,,10,9,3.0,5.0,2,4,6.0,8.0,2,4,3,5,2,4,45-54,9999,Yes,,1,1",,,,,,,,,,,,,,,,,,,,,,,,,,,,,,,,,,,,,,,,
2024,99999,IN,10834.0,10833934400.0,VA:Subordinate Lien,Single Family (1-4 Units):Site-Built,Not Hispanic or Latino,White,Male,File closed for incompleteness,38,160000.0,,"2.875,","2.875,","1,,,,,,","360,,,2,2,2,2,,1,1,3,5,1,,96.0,,3,10,3.0,5.0,2,4,5.0,8.0,2,4,3,5,2,4,55-64,9999,Yes,,1,1",,,,,,,,,,,,,,,,,,,,,,,,,,,,,,,,,,,,,,,,
2024,99999,KY,11029.0,11029176400.0,Conventional:Subordinate Lien,Single Family (1-4 Units):Site-Built,Not Hispanic or Latino,Black or African American,Female,File closed for incompleteness,40,220000.0,,"3.5,","3.5,","2,,,,,,","360,,,2,2,2,2,,1,1,3,5,1,,108.0,,10,9,4.0,5.0,2,4,6.0,8.0,2,4,3,5,2,4,45-54,9999,Yes,,1,1",,,,,,,,,,,,,,,,,,,,,,,,,,,,,,,,,,,,,,,,
2024,12054,TN,12703.0,12703147700.0,VA:Subordinate Lien,Single Family (1-4 Units):Site-Built,Not Hispanic or Latino,White,Male,File closed for incompleteness,33,250000.0,,"2.5,","2.5,","1,,,,,,","360,,,2,2,2,2,,1,1,3,5,1,,96.0,,3,10,2.0,5.0,2,4,5.0,8.0,2,4,1,5,2,4,65-74,9999,Yes,,1,1",,,,,,,,,,,,,,,,,,,,,,,,,,,,,,,,,,,,,,,,
2024,99999,AL,11085.0,11085104000.0,VA:Subordinate Lien,Single Family (1-4 Units):Site-Built,Hispanic or Latino,White,Female,File closed for incompleteness,42,280000.0,,"3.0,","3.0,","1,,,,,,","360,,,2,2,2,2,,1,1,3,5,1,,108.0,,10,9,3.0,5.0,2,4,6.0,8.0,2,4,3,5,2,4,55-64,9999,Yes,,1,1",,,,,,,,,,,,,,,,,,,,,,,,,,,,,,,,,,,,,,,,
2024,99999,OR,11463.0,11463223700.0,FHA:Subordinate Lien,Single Family (1-4 Units):Site-Built,Not Hispanic or Latino,Black or African American,Male,File closed for incompleteness,39,270000.0,,"3.375,","3.375,","2,,,,,,","360,,,2,2,2,2,,1,1,3,5,1,,108.0,,10,2,4.0,5.0,2,4,7.0,8.0,2,4,3,5,2,4,45-54,9999,Yes,,1,1",,,,,,,,,,,,,,,,,,,,,,,,,,,,,,,,,,,,,,,,
2024,12054,MS,12703.0,12703147700.0,VA:Subordinate Lien,Single Family (1-4 Units):Site-Built,Not Hispanic or Latino,White,Female,File closed for incompleteness,40,190000.0,,"2.5,","2.5,","1,,,,,,","360,,,2,2,2,2,,1,1,3,5,1,,96.0,,3,10,2.0,5.0,2,4,5.0,8.0,2,4,1,5,2,4,55-64,9999,Yes,,1,1",,,,,,,,,,,,,,,,,,,,,,,,,,,,,,,,,,,,,,,,
2024,99999,AK,10834.0,10833934400.0,VA:Subordinate Lien,Single Family (1-4 Units):Site-Built,Not Hispanic or Latino,Asian,Male,File closed for incompleteness,37,230000.0,,"3.375,","3.375,","2,,,,,,","360,,,2,2,2,2,,1,1,3,5,1,,108.0,,10,9,4.0,5.0,2,4,6.0,8.0,2,4,3,5,2,4,65-74,9999,Yes,,1,1",,,,,,,,,,,,,,,,,,,,,,,,,,,,,,,,,,,,,,,,
2024,12054,LA,13121.0,13121010529.0,FHA:Subordinate Lien,Single Family (1-4 Units):Site-Built,Not Hispanic or Latino,Black or African American,Female,File closed for incompleteness,34,160000.0,,"2.625,","2.625,","1,,,,,,","240,,,2,2,2,2,,1,1,3,5,1,,96.0,,3,10,2.0,5.0,2,4,5.0,8.0,2,4,1,5,2,4,45-54,9999,Yes,,1,1",,,,,,,,,,,,,,,,,,,,,,,,,,,,,,,,,,,,,,,,
2024,99999,CT,91800.0,91800998300.0,Conventional:Subordinate Lien,Single Family (1-4 Units):Site-Built,Hispanic or Latino,White,Male,File closed for incompleteness,41,220000.0,,"3.5,","3.5,","1,,,,,,","360,,,2,2,2,2,,1,1,3,5,1,,108.0,,3,10,4.0,5.0,2,4,7.0,8.0,2,4,3,5,2,4,55-64,9999,Yes,,1,1",,,,,,,,,,,,,,,,,,,,,,,,,,,,,,,,,,,,,,,,
2024,99999,OK,11463.0,11463223700.0,FHA:Subordinate Lien,Single Family (1-4 Units):Site-Built,Not Hispanic or Latino,Black or African American,Female,File closed for incompleteness,43,240000.0,,"3.0,","3.0,","1,,,,,,","360,,,2,2,2,2,,1,1,3,5,1,,96.0,,10,9,3.0,5.0,2,4,6.0,8.0,2,4,3,5,2,4,45-54,9999,Yes,,1,1",,,,,,,,,,,,,,,,,,,,,,,,,,,,,,,,,,,,,,,,
2024,12054,AR,13121.0,13121010529.0,VA:Subordinate Lien,Single Family (1-4 Units):Site-Built,Hispanic or Latino,White,Male,File closed for incompleteness,32,130000.0,,"2.625,","2.625,","1,,,,,,","240,,,2,2,2,2,,1,1,3,5,1,,96.0,,3,10,2.0,5.0,2,4,5.0,8.0,2,4,1,5,2,4,65-74,9999,Yes,,1,1",,,,,,,,,,,,,,,,,,,,,,,,,,,,,,,,,,,,,,,,
2024,99999,RI,11029.0,11029176400.0,Conventional:Subordinate Lien,Single Family (1-4 Units):Site-Built,Not Hispanic or Latino,Asian,Female,File closed for incompleteness,38,140000.0,,"3.0,","3.0,","1,,,,,,","360,,,2,2,2,2,,1,1,3,5,1,,108.0,,3,9,3.0,5.0,2,4,6.0,8.0,2,4,3,5,2,4,55-64,9999,Yes,,1,1",,,,,,,,,,,,,,,,,,,,,,,,,,,,,,,,,,,,,,,,
2024,99999,IA,10834.0,10833934400.0,VA:Subordinate Lien,Single Family (1-4 Units):Site-Built,Not Hispanic or Latino,White,Male,Application denied,35,280000.0,,"3.375,","3.375,","2,,,,,,","360,,,2,2,2,2,,1,1,3,5,1,,108.0,,10,9,4.0,5.0,2,4,7.0,8.0,2,4,3,5,2,4,65-74,9999,Yes,,1,1",,,,,,,,,,,,,,,,,,,,,,,,,,,,,,,,,,,,,,,,
2024,99999,VT,91770.0,91770779300.0,VA:Subordinate Lien,Single Family (1-4 Units):Site-Built,Not Hispanic or Latino,Asian,Female,File closed for incompleteness,42,300000.0,,"3.0,","3.0,","1,,,,,,","360,,,2,2,2,2,,1,1,3,5,1,,108.0,,10,9,3.0,5.0,2,4,6.0,8.0,2,4,3,5,2,4,55-64,9999,Yes,,1,1",,,,,,,,,,,,,,,,,,,,,,,,,,,,,,,,,,,,,,,,
2024,99999,MT,11085.0,11085104000.0,FHA:Subordinate Lien,Single Family (1-4 Units):Site-Built,Not Hispanic or Latino,White,Male,File closed for incompleteness,45,210000.0,,"2.875,","2.875,","1,,,,,,","360,,,2,2,2,2,,1,1,3,5,1,,96.0,,3,10,3.0,5.0,2,4,5.0,8.0,2,4,3,5,2,4,45-54,9999,Yes,,1,1",,,,,,,,,,,,,,,,,,,,,,,,,,,,,,,,,,,,,,,,
2024,"New York-Northern NJ-NY-NJ, NY",36,4717910.0,FHA:First Lien,Single Family (1-4 Units):Site-Built,Hispanic or Latino,Asian,Female,File closed for incompleteness,32,25000.0,4.5,8.0,3.0,3,300000.0,0.0,0.0,0.0,0.0,3,0,2,2,2,2,1,1,3,5,1,123.0,1111,1111,2.0,5.0,2,4,6.0,8.0,2,4,1,5,2,4,65-74,9999,Yes,1,1,,,,,,
2024,"Los Angeles-Long Beach-Anaheim, CA",06,4634550.0,Conventional:Subordinate Lien,Single Family (1-4 Units):Site-Built,Not Hispanic or Latino,White,Male,Application denied,32,200000.0,5.5,7.0,2.0,3,200000.0,0.0,0.0,0.0,0.0,2,0,2,2,2,2,1,1,3,5,1,96.0,2222,2222,2.0,4.0,3,3,5.0,8.0,3,3,4,4,3,3,45-54,9999,Yes,1,1,,,,,,
2024,"Chicago-Naperville, IL-IN-WI",17,4911200.0,VA:First Lien,Single Family (1-4 Units):Site-Built,Not Hispanic or Latino,Black or African American,Female,Loan approved but not accepted,26,300000.0,6.0,6.5,1.0,2,275000.0,0.0,0.0,0.0,0.0,2,0,2,2,2,2,1,1,3,5,1,108.0,3333,3333,3.0,5.0,2,4,6.0,8.0,2,4,3,5,2,4,55-64,9999,Yes,1,1,,,,,,
2024,"Washington-Baltimore-Arlington, DC-MD-VA-WV",24,4803580.0,FHA:First Lien,Single Family (1-4 Units):Site-Built,Hispanic or Latino,Asian,Male,File closed for incompleteness,32,35000.0,4.0,9.0,4.0,3,250000.0,0.0,0.0,0.0,0.0,2,0,2,2,2,2,1,1,3,5,1,96.0,4444,4444,2.0,4.0,3,3,5.0,8.0,2,4,1,5,2,4,45-54,9999,Yes,1,1,,,,,,
2024,"Dallas-Fort Worth-Arlington, TX",48,4717970.0,Conventional:First Lien,Single Family (1-4 Units):Site-Built,Not Hispanic or Latino,White,Female,Application denied,32,400000.0,5.0,7.0,2.0,3,225000.0,0.0,0.0,0.0,0.0,2,0,2,2,2,2,1,1,3,5,1,123.0,5555,5555,2.0,5.0,2,4,6.0,8.0,2,4,4,4,3,3,35-44,9999,Yes,1,1,,,,,,
2024,"Philadelphia-Camden-Wilmington, PA-NJ-DE-MD",35,4638550.0,VA:First Lien,Single Family (1-4 Units):Site-Built,Not Hispanic or Latino,Black or African American,Male,File closed for incompleteness,32,45000.0,3.5,8.0,3.0,3,275000.0,0.0,0.0,0.0,0.0,2,0,2,2,2,2,1,1,3,5,1,96.0,6666,6666,2.0,5.0,3,3,5.0,8.0,2,4,1,5,2,4,65-74,9999,Yes,1,1,,,,,,
2024,"Houston-The Woodlands-Sugar Land, TX",48,4716250.0,FHA:First Lien,Single Family (1-4 Units):Site-Built,Hispanic or Latino,Asian,Female,Application denied,32,30000.0,4.5,9.0,4.0,3,250000.0,0.0,0.0,0.0,0.0,2,0,2,2,2,2,1,1,3,5,1,123.0,7777,7777,2.0,5.0,2,4,6.0,8.0,2,4,3,4,3,3,35-44,9999,Yes,1,1,,,,,,
2024,"Atlanta-Sandy Springs-Alpharetta, GA",13,4635040.0,Conventional:Subordinate Lien,Single Family (1-4 Units):Site-Built,Not Hispanic or Latino,White,Male,File closed for incompleteness,32,20000.0,5.0,7.0,2.0,3,225000.0,0.0,0.0,0.0,0.0,2,0,2,2,2,2,1,1,3,5,1,96.0,8888,8888,2.0,4.0,3,3,5.0,8.0,2,4,1,5,2,4,45-54,9999,Yes,1,1,,,,,,
2024,"Miami-Fort Lauderdale-West Palm Beach, FL",12,4631500.0,VA:First Lien,Single Family (1-4 Units):Site-Built,Not Hispanic or Latino,Black or African American,Female,Application denied,32,40000.0,5.5,8.0,3.0,3,275000.0,0.0,0.0,0.0,0.0,2,0,2,2,2,2,1,1,3,5,1,123.0,9999,9999,2.0,5.0,2,4,6.0,8.0,2,4,4,4,3,3,35-44,9999,Yes,1,1,,,,,,
2024,"San Francisco-Oakland-Berkeley, CA",06,4639280.0,FHA:First Lien,Single Family (1-4 Units):Site-Built,Hispanic or Latino,Asian,Male,File closed for incompleteness,32,25000.0,4.0,9.0,4.0,3,250000.0,0.0,0.0,0.0,0.0,2,0,2,2,2,2,1,1,3,5,1,96.0,0000,0000,2.0,4.0,3,3,5.0,8.0,2,4,1,5,2,4,45-54,9999,Yes,1,1,,,,,,
2024,"St. Louis, MO-IL",29,4717250.0,Conventional:Subordinate Lien,Single Family (1-4 Units):Site-Built,Not Hispanic or Latino,White,Female,File closed for incompleteness,32,20000.0,5.5,7.0,2.0,3,225000.0,0.0,0.0,0.0,0.0,2,0,2,2,2,2,1,1,3,5,1,123.0,1111,1111,2.0,5.0,2,4,6.0,8.0,2,4,1,5,2,4,65-74,9999,Yes,1,1,,,,,,
2024,"San Jose-Sunnyvale-Santa Clara, CA",06,4719950.0,VA:First Lien,Single Family (1-4 Units):Site-Built,Not Hispanic or Latino,Asian,Male,File closed for incompleteness,32,35000.0,4.5,9.0,4.0,3,275000.0,0.0,0.0,0.0,0.0,2,0,2,2,2,2,1,1,3,5,1,96.0,2222,2222,2.0,4.0,3,3,5.0,8.0,2,4,3,4,3,3,35-44,9999,Yes,1,1,,,,,,
2024,"Denver-Aurora-Lakewood, CO",08,4634750.0,FHA:First Lien,Single Family (1-4 Units):Site-Built,Hispanic or Latino,Asian,Female,File closed for incompleteness,32,45000.0,4.0,9.0,4.0,3,275000.0,0.0,0.0,0.0,0.0,2,0,2,2,2,2,1,1,3,5,1,123.0,3333,3333,2.0,5.0,2,4,6.0,8.0,2,4,1,5,2,4,55-64,9999,Yes,1,1,,,,,,
2024,"Seattle-Tacoma-Bellevue, WA",53,4639400.0,Conventional:Subordinate Lien,Single Family (1-4 Units):Site-Built,Not Hispanic or Latino,White,Male,File closed for incompleteness,32,40000.0,5.5,7.0,2.0,3,250000.0,0.0,0.0,0.0,0.0,2,0,2,2,2,2,1,1,3,5,1,96.0,4444,4444,2.0,4.0,3,3,5.0,8.0,2,4,1,5,2,4,45-54,9999,Yes,1,1,,,,,,
2024,"Minneapolis-St. Paul-Bloomington, MN-WI",27,4717750.0,VA:First Lien,Single Family (1-4 Units):Site-Built,Not Hispanic or Latino,Black or African American,Female,File closed for incompleteness,32,50000.0,4.5,9.0,4.0,3,225000.0,0.0,0.0,0.0,0.0,2,0,2,2,2,2,1,1,3,5,1,123.0,5555,5555,2.0,5.0,2,4,6.0,8.0,2,4,3,4,3,3,35-44,9999,Yes,1,1,,,,,,
2024,"Boston-Cambridge-Nashua, MA-NH",25,4632150.0,FHA:First Lien,Single Family (1-4 Units):Site-Built,Hispanic or Latino,Asian,Male,File closed for incompleteness,32,25000.0,4.0,9.0,4.0,3,275000.0,0.0,0.0,0.0,0.0,2,0,2,2,2,2,1,1,3,5,1,96.0,6666,6666,2.0,4.0,3,3,5.0,8.0,2,4,1,5,2,4,65-74,9999,Yes,1,1,,,,,,
2024,"Riverside-San Bernardino-Ontario, CA",06,4634250.0,Conventional:Subordinate Lien,Single Family (1-4 Units):Site-Built,Not Hispanic or Latino,White,Female,File closed for incompleteness,32,20000.0,5.5,7.0,2.0,3,225000.0,0.0,0.0,0.0,0.0,2,0,2,2,2,2,1,1,3,5,1,123.0,7777,7777,2.0,5.0,2,4,6.0,8.0,2,4,1,5,2,4,45-54,9999,Yes,1,1,,,,,,
2024,"Phoenix-Mesa-Scottsdale, AZ",04,4638950.0,VA:First Lien,Single Family (1-4 Units):Site-Built,Not Hispanic or Latino,Black or African American,Male,File closed for incompleteness,32,35000.0,4.5,9.0,4.0,3,275000.0,0.0,0.0,0.0,0.0,2,0,2,2,2,2,1,1,3,5,1,96.0,8888,8888,2.0,4.0,3,3,5.0,8.0,2,4,3,4,3,3,35-44,9999,Yes,1,1,,,,,,
2024,"Austin-Round Rock-Georgetown, TX",48,4719990.0,FHA:First Lien,Single Family (1-4 Units):Site-Built,Hispanic or Latino,Asian,Female,File closed for incompleteness,32,45000.0,4.0,9.0,4.0,3,275000.0,0.0,0.0,0.0,0.0,2,0,2,2,2,2,1,1,3,5,1,123.0,9999,9999,2.0,5.0,2,4,6.0,8.0,2,4,1,5,2,4,55-64,9999,Yes,1,1,,,,,,
2024,"Portland-Vancouver-Hillsboro, OR-WA",41,4635370.0,Conventional:Subordinate Lien,Single Family (1-4 Units):Site-Built,Not Hispanic or Latino,White,Male,File closed for incompleteness,32,20000.0,5.5,7.0,2.0,3,225000.0,0.0,0.0,0.0,0.0,2,0,2,2,2,2,1,1,3,5,1,96.0,0000,0000,2.0,4.0,3,3,5.0,8.0,2,4,1,5,2,4,45-54,9999,Yes,1,1,,,,,,
2024,"San Diego-Chula Vista-Carlsbad, CA",06,4718950.0,VA:First Lien,Single Family (1-4 Units):Site-Built,Not Hispanic or Latino,Black or African American,Female,File closed for incompleteness,32,40000.0,4.5,9.0,4.0,3,275000.0,0.0,0.0,0.0,0.0,2,0,2,2,2,2,1,1,3,5,1,123.0,1111,1111,2.0,5.0,2,4,6.0,8.0,2,4,3,4,3,3,35-44,9999,Yes,1,1,,,,,,
2024,"Charlotte-Concord-Gastonia, NC-SC",37,4717600.0,FHA:First Lien,Single Family (1-4 Units):Site-Built,Hispanic or Latino,Asian,Male,File closed for incompleteness,32,25000.0,4.0,9.0,4.0,3,250000.0,0.0,0.0,0.0,0.0,2,0,2,2,2,2,1,1,3,5,1,96.0,2222,2222,2.0,4.0,3,3,5.0,8.0,2,4,1,5,2,4,65-74,9999,Yes,1,1,,,,,,
2024,"Louisville/Jefferson County, KY-IN",21,4630610.0,Conventional:Subordinate Lien,Single Family (1-4 Units):Site-Built,Not Hispanic or Latino,White,Female,File closed for incompleteness,32,30000.0,5.5,7.0,2.0,3,225000.0,0.0,0.0,0.0,0.0,2,0,2,2,2,2,1,1,3,5,1,123.0,3333,3333,2.0,5.0,2,4,6.0,8.0,2,4,1,5,2,4,45-54,9999,Yes,1,1,,,,,,
2024,"Oklahoma City, OK",40,4631350.0,VA:First Lien,Single Family (1-4 Units):Site-Built,Not Hispanic or Latino,Black or African American,Male,File closed for incompleteness,32,40000.0,4.5,9.0,4.0,3,275000.0,0.0,0.0,0.0,0.0,2,0,2,2,2,2,1,1,3,5,1,96.0,4444,4444,2.0,4.0,3,3,5.0,8.0,2,4,3,4,3,3,35-44,9999,Yes,1,1,,,,,,
2024,"Kansas City, MO-KS",29,4634550.0,FHA:First Lien,Single Family (1-4 Units):Site-Built,Hispanic or Latino,Asian,Female,File closed for incompleteness,32,45000.0,4.0,9.0,4.0,3,275000.0,0.0,0.0,0.0,0.0,2,0,2,2,2,2,1,1,3,5,1,123.0,5555,5555,2.0,5.0,2,4,6.0,8.0,2,4,1,5,2,4,55-64,9999,Yes,1,1,,,,,,
2024,"Cincinnati, OH-KY-IN",39,4718650.0,Conventional:Subordinate Lien,Single Family (1-4 Units):Site-Built,Not Hispanic or Latino,White,Male,File closed for incompleteness,32,20000.0,5.5,7.0,2.0,3,225000.0,0.0,0.0,0.0,0.0,2,0,2,2,2,2,1,1,3,5,1,96.0,6666,6666,2.0,4.0,3,3,5.0,8.0,2,4,1,5,2,4,45-54,9999,Yes,1,1,,,,,,
2024,"Portland-Vancouver-Hillsboro, OR-WA",41,4635370.0,VA:First Lien,Single Family (1-4 Units):Site-Built,Not Hispanic or Latino,Black or African American,Female,File closed for incompleteness,32,40000.0,4.5,9.0,4.0,3,275000.0,0.0,0.0,0.0,0.0,2,0,2,2,2,2,1,1,3,5,1,123.0,7777,7777,2.0,5.0,2,4,6.0,8.0,2,4,3,4,3,3,35-44,9999,Yes,1,1,,,,,,
2024,"Dallas-Fort Worth-Arlington, TX",48,4717970.0,FHA:First Lien,Single Family (1-4 Units):Site-Built,Hispanic or Latino,Asian,Male,File closed for incompleteness,32,25000.0,4.0,9.0,4.0,3,250000.0,0.0,0.0,0.0,0.0,2,0,2,2,2,2,1,1,3,5,1,96.0,8888,8888,2.0,4.0,3,3,5.0,8.0,2,4,1,5,2,4,65-74,9999,Yes,1,1,,,,,,
2024,"Washington-Baltimore-Arlington, DC-MD-VA-WV",24,4803580.0,Conventional:Subordinate Lien,Single Family (1-4 Units):Site-Built,Not Hispanic or Latino,White,Female,File closed for incompleteness,32,30000.0,5.5,7.0,2.0,3,225000.0,0.0,0.0,0.0,0.0,2,0,2,2,2,2,1,1,3,5,1,123.0,9999,9999,2.0,5.0,2,4,6.0,8.0,2,4,1,5,2,4,45-54,9999,Yes,1,1,,,,,,
2024,"Phoenix-Mesa-Scottsdale, AZ",04,4638950.0,VA:First Lien,Single Family (1-4 Units):Site-Built,Not Hispanic or Latino,Black or African American,Male,File closed for incompleteness,32,40000.0,4.5,9.0,4.0,3,275000.0,0.0,0.0,0.0,0.0,2,0,2,2,2,2,1,1,3,5,1,96.0,0000,0000,2.0,4.0,3,3,5.0,8.0,2,4,3,4,3,3,35-44,9999,Yes,1,1,,,,,,
2024,"Raleigh-Durham-Chapel Hill, NC",37,4634500.0,FHA:First Lien,Single Family (1-4 Units):Site-Built,Hispanic or Latino,Asian,Female,File closed for incompleteness,32,45000.0,4.0,9.0,4.0,3,275000.0,0.0,0.0,0.0,0.0,2,0,2,2,2,2,1,1,3,5,1,123.0,1111,1111,2.0,5.0,2,4,6.0,8.0,2,4,1,5,2,4,55-64,9999,Yes,1,1,,,,,,
2024,"Pittsburgh, PA",42,4631000.0,Conventional:Subordinate Lien,Single Family (1-4 Units):Site-Built,Not Hispanic or Latino,White,Male,File closed for incompleteness,32,20000.0,5.5,7.0,2.0,3,225000.0,0.0,0.0,0.0,0.0,2,0,2,2,2,2,1,1,3,5,1,96.0,2222,2222,2.0,4.0,3,3,5.0,8.0,2,4,1,5,2,4,45-54,9999,Yes,1,1,,,,,,
2024,"Nashville-Davidson--Murfreesboro--Franklin, TN",37,4636950.0,VA:First Lien,Single Family (1-4 Units):Site-Built,Not Hispanic or Latino,Black or African American,Female,File closed for incompleteness,32,40000.0,4.5,9.0,4.0,3,275000.0,0.0,0.0,0.0,0.0,2,0,2,2,2,2,1,1,3,5,1,123.0,3333,3333,2.0,5.0,2,4,6.0,8.0,2,4,3,4,3,3,35-44,9999,Yes,1,1,,,,,,
2024,"Providence-Warwick, RI-MA",25,4632500.0,FHA:First Lien,Single Family (1-4 Units):Site-Built,Hispanic or Latino,Asian,Male,File closed for incompleteness,32,45000.0,4.0,9.0,4.0,3,275000.0,0.0,0.0,0.0,0.0,2,0,2,2,2,2,1,1,3,5,1,96.0,4444,4444,2.0,4.0,3,3,5.0,8.0,2,4,1,5,2,4,55-64,9999,Yes,1,1,,,,,,
2024,"Cleveland-Elyria, OH",39,4634000.0,Conventional:Subordinate Lien,Single Family (1-4 Units):Site-Built,Not Hispanic or Latino,White,Female,File closed for incompleteness,32,20000.0,5.5,7.0,2.0,3,225000.0,0.0,0.0,0.0,0.0,2,0,2,2,2,2,1,1,3,5,1,123.0,5555,5555,2.0,5.0,2,4,6.0,8.0,2,4,1,5,2,4,45-54,9999,Yes,1,1,,,,,,
2024,"Orlando-Kissimmee-Sanford, FL",12,4634650.0,VA:First Lien,Single Family (1-4 Units):Site-Built,Not Hispanic or Latino,Black or African American,Male,File closed for incompleteness,32,40000.0,4.5,9.0,4.0,3,275000.0,0.0,0.0,0.0,0.0,2,0,2,2,2,2,1,1,3,5,1,96.0,6666,6666,2.0,4.0,3,3,5.0,8.0,2,4,3,4,3,3,35-44,9999,Yes,1,1,,,,,,
2024,"Detroit-Warren-Dearborn, MI",26,4635250.0,FHA:First Lien,Single Family (1-4 Units):Site-Built,Hispanic or Latino,Asian,Female,File closed for incompleteness,32,45000.0,4.0,9.0,4.0,3,275000.0,0.0,0.0,0.0,0.0,2,0,2,2,2,2,1,1,3,5,1,123.0,7777,7777,2.0,5.0,2,4,6.0,8.0,2,4,1,5,2,4,55-64,9999,Yes,1,1,,,,,,
2024,"Columbus, OH",39,4717700.0,Conventional:Subordinate Lien,Single Family (1-4 Units):Site-Built,Not Hispanic or Latino,White,Male,File closed for incompleteness,32,20000.0,5.5,7.0,2.0,3,225000.0,0.0,0.0,0.0,0.0,2,0,2,2,2,2,1,1,3,5,1,96.0,8888,8888,2.0,4.0,3,3,5.0,8.0,2,4,1,5,2,4,45-54,9999,Yes,1,1,,,,,,
2024,"Indianapolis-Carmel-Anderson, IN",18,4636350.0,VA:First Lien,Single Family (1-4 Units):Site-Built,Not Hispanic or Latino,Black or African American,Female,File closed for incompleteness,32,40000.0,4.5,9.0,4.0,3,275000.0,0.0,0.0,0.0,0.0,2,0,2,2,2,2,1,1,3,5,1,123.0,9999,9999,2.0,5.0,2,4,6.0,8.0,2,4,3,4,3,3,35-44,9999,Yes,1,1,,,,,,
2024,"Memphis, TN-MS-AR",37,4632100.0,FHA:First Lien,Single Family (1-4 Units):Site-Built,Hispanic or Latino,Asian,Male,File closed for incompleteness,32,45000.0,4.0,9.0,4.0,3,275000.0,0.0,0.0,0.0,0.0,2,0,2,2,2,2,1,1,3,5,1,96.0,0000,0000,2.0,4.0,3,3,5.0,8.0,2,4,1,5,2,4,55-64,9999,Yes,1,1,,,,,,
2024,"Kansas City, MO-KS",29,4634550.0,VA:First Lien,Single Family (1-4 Units):Site-Built,Not Hispanic or Latino,Black or African American,Female,File closed for incompleteness,32,50000.0,4.5,9.0,4.0,3,275000.0,0.0,0.0,0.0,0.0,2,0,2,2,2,2,1,1,3,5,1,123.0,1111,1111,2.0,5.0,2,4,6.0,8.0,2,4,3,4,3,3,35-44,9999,Yes,1,1,,,,,,
2024,"New York-Newark-Jersey City, NY-NJ-PA",NY,1083,10831010200.0,Conventional:First Lien,Single Family (1-4 Units):Site-Built,Hispanic or Latino,Asian,Male,Loan funded without delivery to investor,30,170000.0,0.8,4.75,0,0,2.0,0,0,0,360,0,2,2,2,2,250000.0,1,1,3,5,1,56.0,1200,1200,2.0,4.0,2,4,5.0,8.0,2,4,1,5,2,4,65-74,9999,Yes,1,1,,,,,
2024,"Los Angeles-Long Beach-Anaheim, CA",CA,1171,11711015400.0,FHA:First Lien,Single Family (1-4 Units):Site-Built,Not Hispanic or Latino,White,Female,Application denied,31,140000.0,0.6,4.125,0,0,3.0,0,0,0,360,0,2,2,2,2,180000.0,1,1,3,5,1,96.0,900,900,2.0,5.0,2,4,6.0,8.0,2,4,3,5,2,4,35-44,9999,Yes,1,1,,,,,
2024,"Dallas-Fort Worth-Arlington, TX",TX,1133,11331011700.0,VA:First Lien,Single Family (1-4 Units):Site-Built,Not Hispanic or Latino,American Indian or Alaska Native,Male,6,29,200000.0,0.9,4.25,0,0,2.0,0,0,0,240,0,2,2,2,2,250000.0,1,1,3,5,1,108.0,1500,1500,2.0,4.0,3,3,7.0,7.0,3,3,4,4,3,3,45-54,9999,Yes,1,1,,,,,
2024,"Chicago-Naperville-Elgin, IL-IN-WI",IL,1191,11911015000.0,Conventional:Subordinate Lien,Single Family (1-4 Units):Site-Built,Hispanic or Latino,Other Asian,Female,Application processed; underwritten,30,150000.0,0.7,4.5,0,0,3.0,0,0,0,180,0,2,2,2,2,220000.0,1,1,3,5,1,84.0,1000,1000,2.0,5.0,2,4,5.0,8.0,2,4,1,5,2,4,55-64,9999,Yes,1,1,,,,,
2024,"Houston-The Woodlands-Sugar Land, TX",TX,1159,11590011000.0,FHA:First Lien,Single Family (1-4 Units):Site-Built,Not Hispanic or Latino,Native Hawaiian or Other Pacific Islander,Male,7,30,180000.0,0.8,4.375,0,0,2.0,0,0,0,240,0,2,2,2,2,200000.0,1,1,3,5,1,120.0,1200,1200,2.0,4.0,3,3,7.0,7.0,3,3,4,4,3,3,25-34,9999,Yes,1,1,,,,,
2024,"Washington-Arlington-Alexandria, DC-VA-MD",VA,1213,12133015300.0,VA:First Lien,Single Family (1-4 Units):Site-Built,Not Hispanic or Latino,White,Female,Application denied,31,220000.0,0.6,4.125,0,0,3.0,0,0,0,360,0,2,2,2,2,280000.0,1,1,3,5,1,96.0,900,900,2.0,5.0,2,4,6.0,8.0,2,4,3,5,2,4,35-44,9999,Yes,1,1,,,,,
2024,"Miami-Fort Lauderdale-West Palm Beach, FL",FL,1311,13111012000.0,Conventional:First Lien,Single Family (1-4 Units):Site-Built,Hispanic or Latino,Asian,Male,File closed for incompleteness,32,120000.0,0.9,4.25,0,0,2.0,0,0,0,240,0,2,2,2,2,160000.0,1,1,3,5,1,120.0,1500,1500,2.0,4.0,3,3,7.0,7.0,3,3,4,4,3,3,25-34,9999,Yes,1,1,,,,,
2024,"Boston-Cambridge-Nashua, MA-NH",MA,1239,12390011000.0,FHA:First Lien,Single Family (1-4 Units):Site-Built,Not Hispanic or Latino,White,Female,Application denied,31,160000.0,0.7,4.5,0,0,3.0,0,0,0,180,0,2,2,2,2,200000.0,1,1,3,5,1,96.0,1000,1000,2.0,5.0,2,4,5.0,8.0,2,4,1,5,2,4,55-64,9999,Yes,1,1,,,,,
2024,"Philadelphia-Camden-Wilmington, PA-NJ-DE-MD",PA,1059,10590012100.0,VA:First Lien,Single Family (1-4 Units):Site-Built,Not Hispanic or Latino,Native Hawaiian or Other Pacific Islander,Male,7,30,220000.0,0.8,4.375,0,0,2.0,0,0,0,240,0,2,2,2,2,280000.0,1,1,3,5,1,120.0,1200,1200,2.0,4.0,3,3,7.0,7.0,3,3,4,4,3,3,25-34,9999,Yes,1,1,,,,,
2024,"San Jose-San Francisco-Oakland, CA",CA,1011,10110010000.0,Conventional:Subordinate Lien,Single Family (1-4 Units):Site-Built,Hispanic or Latino,Asian,Female,Application denied,31,140000.0,0.6,4.125,0,0,3.0,0,0,0,360,0,2,2,2,2,180000.0,1,1,3,5,1,96.0,900,900,2.0,5.0,2,4,6.0,8.0,2,4,3,5,2,4,35-44,9999,Yes,1,1,,,,,
2024,"Phoenix-Mesa-Scottsdale, AZ",AZ,1099,10990011000.0,FHA:First Lien,Single Family (1-4 Units):Site-Built,Not Hispanic or Latino,White,Male,File closed for incompleteness,32,180000.0,0.7,4.5,0,0,3.0,0,0,0,180,0,2,2,2,2,220000.0,1,1,3,5,1,84.0,1000,1000,2.0,5.0,2,4,5.0,8.0,2,4,1,5,2,4,55-64,9999,Yes,1,1,,,,,
2024,"Seattle-Tacoma-Bellevue, WA",WA,1075,10750010000.0,Conventional:First Lien,Single Family (1-4 Units):Site-Built,Hispanic or Latino,Other Asian,Male,Application processed; underwritten,30,160000.0,0.8,4.375,0,0,2.0,0,0,0,240,0,2,2,2,2,200000.0,1,1,3,5,1,120.0,1200,1200,2.0,4.0,3,3,7.0,7.0,3,3,4,4,3,3,25-34,9999,Yes,1,1,,,,,
2024,"Minneapolis-St Paul-Bloomington, MN-WI",MN,1049,10490014000.0,FHA:First Lien,Single Family (1-4 Units):Site-Built,Not Hispanic or Latino,White,Female,Application denied,31,200000.0,0.7,4.5,0,0,3.0,0,0,0,180,0,2,2,2,2,240000.0,1,1,3,5,1,96.0,1000,1000,2.0,5.0,2,4,6.0,8.0,2,4,3,5,2,4,35-44,9999,Yes,1,1,,,,,
2024,"St. Louis, MO-IL",MO,1035,10350010000.0,Conventional:Subordinate Lien,Single Family (1-4 Units):Site-Built,Hispanic or Latino,Asian,Male,File closed for incompleteness,32,120000.0,0.9,4.25,0,0,2.0,0,0,0,240,0,2,2,2,2,160000.0,1,1,3,5,1,120.0,1500,1500,2.0,4.0,3,3,7.0,7.0,3,3,4,4,3,3,25-34,9999,Yes,1,1,,,,,
2024,"Baltimore-Columbia-Towson, MD",MD,1061,10610012000.0,VA:First Lien,Single Family (1-4 Units):Site-Built,Not Hispanic or Latino,Native Hawaiian or Other Pacific Islander,Male,7,30,220000.0,0.8,4.375,0,0,2.0,0,0,0,240,0,2,2,2,2,280000.0,1,1,3,5,1,120.0,1200,1200,2.0,4.0,3,3,7.0,7.0,3,3,4,4,3,3,25-34,9999,Yes,1,1,,,,,
2024,"Denver-Aurora-Lakewood, CO",CO,1015,10150011000.0,FHA:First Lien,Single Family (1-4 Units):Site-Built,Hispanic or Latino,Asian,Female,Application processed; underwritten,30,140000.0,0.7,4.5,0,0,3.0,0,0,0,180,0,2,2,2,2,180000.0,1,1,3,5,1,84.0,1000,1000,2.0,5.0,2,4,5.0,8.0,2,4,1,5,2,4,55-64,9999,Yes,1,1,,,,,
2024,"San Diego-Chula Vista-Carlsbad, CA",CA,1023,10230010000.0,Conventional:First Lien,Single Family (1-4 Units):Site-Built,Not Hispanic or Latino,White,Male,6,29,200000.0,0.6,4.125,0,0,3.0,0,0,0,360,0,2,2,2,2,250000.0,1,1,3,5,1,96.0,900,900,2.0,5.0,2,4,6.0,8.0,2,4,3,5,2,4,35-44,9999,Yes,1,1,,,,,
2024,"Nashville-Davidson--Murfreesboro--Franklin, TN",TN,1095,10950014000.0,VA:First Lien,Single Family (1-4 Units):Site-Built,Not Hispanic or Latino,Native Hawaiian or Other Pacific Islander,Male,7,30,220000.0,0.8,4.375,0,0,2.0,0,0,0,240,0,2,2,2,2,280000.0,1,1,3,5,1,120.0,1200,1200,2.0,4.0,3,3,7.0,7.0,3,3,4,4,3,3,25-34,9999,Yes,1,1,,,,,
2024,"Portland-Vancouver-Hillsboro, OR-WA",OR,1045,10450010000.0,Conventional:Subordinate Lien,Single Family (1-4 Units):Site-Built,Hispanic or Latino,Asian,Female,Application denied,31,140000.0,0.6,4.125,0,0,3.0,0,0,0,360,0,2,2,2,2,180000.0,1,1,3,5,1,96.0,900,900,2.0,5.0,2,4,6.0,8.0,2,4,3,5,2,4,35-44,9999,Yes,1,1,,,,,
2024,"Cincinnati, OH-KY-IN",OH,1109,11090012000.0,FHA:First Lien,Single Family (1-4 Units):Site-Built,Not Hispanic or Latino,White,Male,File closed for incompleteness,32,180000.0,0.7,4.5,0,0,3.0,0,0,0,180,0,2,2,2,2,220000.0,1,1,3,5,1,84.0,1000,1000,2.0,5.0,2,4,5.0,8.0,2,4,1,5,2,4,55-64,9999,Yes,1,1,,,,,
2024,"Kansas City, MO-KS",MO,1031,10310011000.0,VA:First Lien,Single Family (1-4 Units):Site-Built,Hispanic or Latino,Asian,Male,7,30,220000.0,0.8,4.375,0,0,2.0,0,0,0,240,0,2,2,2,2,280000.0,1,1,3,5,1,120.0,1200,1200,2.0,4.0,3,3,7.0,7.0,3,3,4,4,3,3,25-34,9999,Yes,1,1,,,,,
2024,"Austin-Round Rock-Georgetown, TX",TX,1071,10710012000.0,Conventional:Subordinate Lien,Single Family (1-4 Units):Site-Built,Not Hispanic or Latino,Native Hawaiian or Other Pacific Islander,Male,6,29,200000.0,0.9,4.25,0,0,2.0,0,0,0,240,0,2,2,2,2,240000.0,1,1,3,5,1,120.0,1500,1500,2.0,4.0,3,3,7.0,7.0,3,3,4,4,3,3,25-34,9999,Yes,1,1,,,,,
2024,"Jacksonville, FL-GA",FL,1009,10090011000.0,FHA:First Lien,Single Family (1-4 Units):Site-Built,Hispanic or Latino,Asian,Female,File closed for incompleteness,32,120000.0,0.7,4.5,0,0,3.0,0,0,0,180,0,2,2,2,2,160000.0,1,1,3,5,1,84.0,1000,1000,2.0,5.0,2,4,5.0,8.0,2,4,1,5,2,4,55-64,9999,Yes,1,1,,,,,
2024,"Charlotte-Concord-Gastonia, NC-SC",NC,1199,11990014000.0,Conventional:First Lien,Single Family (1-4 Units):Site-Built,Not Hispanic or Latino,White,Male,7,30,220000.0,0.8,4.375,0,0,2.0,0,0,0,240,0,2,2,2,2,280000.0,1,1,3,5,1,120.0,1200,1200,2.0,4.0,3,3,7.0,7.0,3,3,4,4,3,3,25-34,9999,Yes,1,1,,,,,
2024,"Oklahoma City, OK",OK,1089,10890010000.0,VA:First Lien,Single Family (1-4 Units):Site-Built,Hispanic or Latino,Asian,Male,6,29,200000.0,0.9,4.25,0,0,2.0,0,0,0,240,0,2,2,2,2,240000.0,1,1,3,5,1,120.0,1500,1500,2.0,4.0,3,3,7.0,7.0,3,3,4,4,3,3,25-34,9999,Yes,1,1,,,,,
2024,"Cleveland-Elyria, OH",OH,1053,10530011000.0,FHA:First Lien,Single Family (1-4 Units):Site-Built,Not Hispanic or Latino,Native Hawaiian or Other Pacific Islander,Male,7,30,220000.0,0.8,4.375,0,0,2.0,0,0,0,240,0,2,2,2,2,280000.0,1,1,3,5,1,120.0,1200,1200,2.0,4.0,3,3,7.0,7.0,3,3,4,4,3,3,25-34,9999,Yes,1,1,,,,,
2024,"Columbus, OH",OH,1069,10690012000.0,Conventional:Subordinate Lien,Single Family (1-4 Units):Site-Built,Hispanic or Latino,Asian,Female,Application denied,31,140000.0,0.6,4.125,0,0,3.0,0,0,0,360,0,2,2,2,2,180000.0,1,1,3,5,1,96.0,900,900,2.0,5.0,2,4,6.0,8.0,2,4,3,5,2,4,35-44,9999,Yes,1,1,,,,,
2024,"Indianapolis-Carmel-Anderson, IN",IN,1141,11410013000.0,FHA:First Lien,Single Family (1-4 Units):Site-Built,Not Hispanic or Latino,White,Male,7,30,220000.0,0.8,4.375,0,0,2.0,0,0,0,240,0,2,2,2,2,280000.0,1,1,3,5,1,120.0,1200,1200,2.0,4.0,3,3,7.0,7.0,3,3,4,4,3,3,25-34,9999,Yes,1,1,,,,,
2024,"Wichita, KS",KS,1163,11630010000.0,Conventional:First Lien,Single Family (1-4 Units):Site-Built,Hispanic or Latino,Asian,Female,File closed for incompleteness,32,140000.0,0.9,4.25,0,0,2.0,0,0,0,240,0,2,2,2,2,160000.0,1,1,3,5,1,120.0,1500,1500,2.0,4.0,3,3,7.0,7.0,3,3,4,4,3,3,25-34,9999,Yes,1,1,,,,,
2024,"Memphis, TN-MS-AR",TN,1209,12090014000.0,VA:First Lien,Single Family (1-4 Units):Site-Built,Not Hispanic or Latino,Native Hawaiian or Other Pacific Islander,Male,7,30,220000.0,0.8,4.375,0,0,2.0,0,0,0,240,0,2,2,2,2,280000.0,1,1,3,5,1,120.0,1200,1200,2.0,4.0,3,3,7.0,7.0,3,3,4,4,3,3,25-34,9999,Yes,1,1,,,,,
2024,"Louisville/Jefferson County, KY-IN",KY,1227,12270011000.0,FHA:First Lien,Single Family (1-4 Units):Site-Built,Hispanic or Latino,Asian,Female,Application processed; underwritten,30,140000.0,0.7,4.5,0,0,3.0,0,0,0,180,0,2,2,2,2,180000.0,1,1,3,5,1,84.0,1000,1000,2.0,5.0,2,4,5.0,8.0,2,4,1,5,2,4,55-64,9999,Yes,1,1,,,,,
2024,"Birmingham-Hoover, AL",AL,1055,10550011000.0,Conventional:Subordinate Lien,Single Family (1-4 Units):Site-Built,Not Hispanic or Latino,White,Male,7,30,220000.0,0.8,4.375,0,0,2.0,0,0,0,240,0,2,2,2,2,280000.0,1,1,3,5,1,120.0,1200,1200,2.0,4.0,3,3,7.0,7.0,3,3,4,4,3,3,25-34,9999,Yes,1,1,,,,,
2024,"Greenville, SC",SC,1067,10670010000.0,VA:First Lien,Single Family (1-4 Units):Site-Built,Hispanic or Latino,Asian,Female,File closed for incompleteness,32,140000.0,0.9,4.25,0,0,2.0,0,0,0,240,0,2,2,2,2,160000.0,1,1,3,5,1,120.0,1500,1500,2.0,4.0,3,3,7.0,7.0,3,3,4,4,3,3,25-34,9999,Yes,1,1,,,,,
2024,"Winston-Salem, NC",NC,1087,10870010000.0,Conventional:First Lien,Single Family (1-4 Units):Site-Built,Not Hispanic or Latino,White,Male,7,30,220000.0,0.8,4.375,0,0,2.0,0,0,0,240,0,2,2,2,2,280000.0,1,1,3,5,1,120.0,1200,1200,2.0,4.0,3,3,7.0,7.0,3,3,4,4,3,3,25-34,9999,Yes,1,1,,,,,
2024,"Boise City, ID",ID,1001,10010010000.0,FHA:First Lien,Single Family (1-4 Units):Site-Built,Hispanic or Latino,Asian,Female,Application processed; underwritten,30,140000.0,0.7,4.5,0,0,3.0,0,0,0,180,0,2,2,2,2,180000.0,1,1,3,5,1,84.0,1000,1000,2.0,5.0,2,4,5.0,8.0,2,4,1,5,2,4,55-64,9999,Yes,1,1,,,,,
2024,"Raleigh-Durham-Chapel Hill, NC",NC,1101,11010013000.0,Conventional:Subordinate Lien,Single Family (1-4 Units):Site-Built,Not Hispanic or Latino,Native Hawaiian or Other Pacific Islander,Male,7,30,220000.0,0.8,4.375,0,0,2.0,0,0,0,240,0,2,2,2,2,280000.0,1,1,3,5,1,120.0,1200,1200,2.0,4.0,3,3,7.0,7.0,3,3,4,4,3,3,25-34,9999,Yes,1,1,,,,,
2024,"Colorado Springs, CO",CO,1029,10290010000.0,VA:First Lien,Single Family (1-4 Units):Site-Built,Hispanic or Latino,Asian,Female,File closed for incompleteness,32,140000.0,0.9,4.25,0,0,2.0,0,0,0,240,0,2,2,2,2,160000.0,1,1,3,5,1,120.0,1500,1500,2.0,4.0,3,3,7.0,7.0,3,3,4,4,3,3,25-34,9999,Yes,1,1,,,,,
2024,"Milwaukee-Waukesha-West Allis, WI",WI,1033,10330010000.0,FHA:First Lien,Single Family (1-4 Units):Site-Built,Not Hispanic or Latino,White,Male,7,30,220000.0,0.8,4.375,0,0,2.0,0,0,0,240,0,2,2,2,2,280000.0,1,1,3,5,1,120.0,1200,1200,2.0,4.0,3,3,7.0,7.0,3,3,4,4,3,3,25-34,9999,Yes,1,1,,,,,
2024,"Virginia Beach-Norfolk-Newport News, VA-NC",VA,1093,10930010000.0,Conventional:Subordinate Lien,Single Family (1-4 Units):Site-Built,Hispanic or Latino,Asian,Female,Application denied,31,140000.0,0.6,4.125,0,0,3.0,0,0,0,360,0,2,2,2,2,180000.0,1,1,3,5,1,96.0,900,900,2.0,5.0,2,4,6.0,8.0,2,4,3,5,2,4,35-44,9999,Yes,1,1,,,,,
2024,"Pittsburgh, PA",PA,1041,10410010000.0,VA:First Lien,Single Family (1-4 Units):Site-Built,Not Hispanic or Latino,Native Hawaiian or Other Pacific Islander,Male,7,30,220000.0,0.8,4.375,0,0,2.0,0,0,0,240,0,2,2,2,2,280000.0,1,1,3,5,1,120.0,1200,1200,2.0,4.0,3,3,7.0,7.0,3,3,4,4,3,3,25-34,9999,Yes,1,1,,,,,
2024,"Portland, ME",ME,1057,10570010000.0,FHA:First Lien,Single Family (1-4 Units):Site-Built,Hispanic or Latino,Asian,Female,Application denied,31,140000.0,0.7,4.5,0,0,3.0,0,0,0,180,0,2,2,2,2,180000.0,1,1,3,5,1,84.0,1000,1000,2.0,5.0,2,4,5.0,8.0,2,4,1,5,2,4,55-64,9999,Yes,1,1,,,,,
2024,"Grand Rapids-Kentwood, MI",MI,1073,10730010000.0,Conventional:Subordinate Lien,Single Family (1-4 Units):Site-Built,Not Hispanic or Latino,White,Male,6,29,200000.0,0.9,4.25,0,0,2.0,0,0,0,240,0,2,2,2,2,240000.0,1,1,3,5,1,120.0,1500,1500,2.0,4.0,3,3,7.0,7.0,3,3,4,4,3,3,25-34,9999,Yes,1,1,,,,,
2024,"Cincinnati, OH-KY-IN",OH,1111,11110011000.0,VA:First Lien,Single Family (1-4 Units):Site-Built,Hispanic or Latino,Asian,Female,File closed for incompleteness,32,140000.0,0.7,4.5,0,0,3.0,0,0,0,180,0,2,2,2,2,160000.0,1,1,3,5,1,84.0,1000,1000,2.0,5.0,2,4,5.0,8.0,2,4,1,5,2,4,55-64,9999,Yes,1,1,,,,,
2024,"Baton Rouge, LA",LA,1005,10050010000.0,FHA:First Lien,Single Family (1-4 Units):Site-Built,Not Hispanic or Latino,Native Hawaiian or Other Pacific Islander,Male,7,30,220000.0,0.8,4.375,0,0,2.0,0,0,0,240,0,2,2,2,2,280000.0,1,1,3,5,1,120.0,1200,1200,2.0,4.0,3,3,7.0,7.0,3,3,4,4,3,3,25-34,9999,Yes,1,1,,,,,
2024,"Oklahoma City, OK",OK,1081,10810011000.0,Conventional:Subordinate Lien,Single Family (1-4 Units):Site-Built,Hispanic or Latino,Asian,Female,Application denied,31,140000.0,0.6,4.125,0,0,3.0,0,0,0,360,0,2,2,2,2,180000.0,1,1,3,5,1,96.0,900,900,2.0,5.0,2,4,6.0,8.0,2,4,3,5,2,4,35-44,9999,Yes,1,1,,,,,
2024,1692,FL,1206300000.0,Conventional:Subordinate Lien,Single Family (1-4 Units):Site-Built,Hispanic or Latino,Asian,Unknown,File closed for incompleteness,20,120000.0,5.000000000000000,6.500000000000000,9,,0,,0,0,0,0,0,0,0,0,0,0,0,0,0,0,0,0,0,0,0,0,0,0,0,,,,,,,,,,,,,,,,,
2024,4094,OH,1757600000.0,FHA:Subordinate Lien,Single Family (1-4 Units):Site-Built,Not Hispanic or Latino,White,Unknown,6,20,150000.0,6.000000000000000,7.500000000000000,0,0,3,,0,0,0,0,0,,0,0,0,0,0,0,0,0,0,0,0,0,0,0,0,0,,,,,,,,,,,,,,,,,,
2024,4557,MI,1056700000.0,VA:Subordinate Lien,Single Family (1-4 Units):Site-Built,Other Ethnicity,Black,Unknown,Application denied,30,180000.0,7.000000000000000,8.250000000000000,5,,0,,0,0,0,0,0,0,0,0,0,0,0,0,0,0,0,0,0,0,0,0,0,,,,,,,,,,,,,,,,,,,
2024,3811,NC,1012400000.0,FHA:First Lien,Single Family (1-4 Units):Site-Built,Hispanic or Latino,Asian,Unknown,File closed for incompleteness,25,100000.0,6.000000000000000,6.500000000000000,6,,0,,0,0,0,0,0,0,0,0,0,0,0,0,0,0,0,0,0,0,0,0,0,,,,,,,,,,,,,,,,,,,
2024,1243,IA,1429000000.0,VA:Subordinate Lien,Single Family (1-4 Units):Site-Built,Not Hispanic or Latino,White,Unknown,6,25,200000.0,5.000000000000000,5.500000000000000,2,,0,,0,0,0,0,0,,0,0,0,0,0,0,0,0,0,0,0,0,0,0,0,,,,,,,,,,,,,,,,,,,
2024,2473,SC,1738000000.0,FHA:First Lien,Single Family (1-4 Units):Site-Built,Hispanic or Latino,Black,Unknown,File closed for incompleteness,35,140000.0,7.000000000000000,8.250000000000000,3,,0,,0,0,0,0,0,0,0,0,0,0,0,0,0,0,0,0,0,0,0,0,0,,,,,,,,,,,,,,,,,,,
2024,4791,PA,1283300000.0,Conventional:Subordinate Lien,Single Family (1-4 Units):Site-Built,Other Ethnicity,White,Unknown,Application denied,22,220000.0,,7.500000000000000,0,,0,,0,0,0,0,0,0,0,0,0,0,0,0,0,0,0,0,0,0,0,0,,,,,,,,,,,,,,,,,,,,
2024,1725,WI,1822900000.0,VA:First Lien,Single Family (1-4 Units):Site-Built,Not Hispanic or Latino,Black,Unknown,File closed for incompleteness,28,260000.0,5.000000000000000,6.500000000000000,10,,0,,0,0,0,0,0,0,0,0,0,0,0,0,0,0,0,0,0,0,0,0,,,,,,,,,,,,,,,,,,,,
2024,9076,IL,1895200000.0,FHA:Subordinate Lien,Single Family (1-4 Units):Site-Built,Hispanic or Latino,Asian,Unknown,6,30,280000.0,6.000000000000000,7.500000000000000,8,,0,,0,0,0,0,0,,0,0,0,0,0,0,0,0,0,0,0,0,0,0,0,,,,,,,,,,,,,,,,,,,
2024,3138,OR,965790000.0,Conventional:Subordinate Lien,Single Family (1-4 Units):Site-Built,Not Hispanic or Latino,White,Unknown,Application denied,35,150000.0,,7.500000000000000,0,,0,,0,0,0,0,0,0,0,0,0,0,0,0,0,0,0,0,0,0,0,0,,,,,,,,,,,,,,,,,,,,
2024,5316,TX,1976600000.0,VA:Subordinate Lien,Single Family (1-4 Units):Site-Built,Other Ethnicity,Black,Unknown,File closed for incompleteness,20,240000.0,4.000000000000000,5.000000000000000,9,,0,,0,0,0,0,0,0,0,0,0,0,0,0,0,0,0,0,0,0,0,0,0,,,,,,,,,,,,,,,,,,,
2024,2376,MS,1449200000.0,FHA:First Lien,Single Family (1-4 Units):Site-Built,Hispanic or Latino,Asian,Unknown,6,22,120000.0,7.000000000000000,8.250000000000000,2,,0,,0,0,0,0,0,,0,0,0,0,0,0,0,0,0,0,0,0,0,0,0,,,,,,,,,,,,,,,,,,,
2024,6606,NE,1849700000.0,Conventional:Subordinate Lien,Single Family (1-4 Units):Site-Built,Not Hispanic or Latino,White,Unknown,Application denied,30,360000.0,6.000000000000000,7.500000000000000,0,,0,,0,0,0,0,0,0,0,0,0,0,0,0,0,0,0,0,0,0,0,0,,,,,,,,,,,,,,,,,,,,
2024,3403,KY,1143500000.0,VA:First Lien,Single Family (1-4 Units):Site-Built,Other Ethnicity,Black,Unknown,File closed for incompleteness,25,180000.0,5.000000000000000,6.500000000000000,3,,0,,0,0,0,0,0,0,0,0,0,0,0,0,0,0,0,0,0,0,0,0,,,,,,,,,,,,,,,,,,,,
2024,6017,AK,1233800000.0,FHA:Subordinate Lien,Single Family (1-4 Units):Site-Built,Hispanic or Latino,Asian,Unknown,6,28,220000.0,6.000000000000000,7.500000000000000,4,,0,,0,0,0,0,0,,0,0,0,0,0,0,0,0,0,0,0,0,0,0,,,,,,,,,,,,,,,,,,,,
2024,1074,CO,1649000000.0,VA:Subordinate Lien,Single Family (1-4 Units):Site-Built,Not Hispanic or Latino,White,Unknown,Application denied,22,200000.0,,8.250000000000000,0,,0,,0,0,0,0,0,0,0,0,0,0,0,0,0,0,0,0,0,0,0,0,,,,,,,,,,,,,,,,,,,,
2024,3579,IN,1572700000.0,FHA:First Lien,Single Family (1-4 Units):Site-Built,Other Ethnicity,Black,Unknown,File closed for incompleteness,32,220000.0,7.000000000000000,8.250000000000000,6,,0,,0,0,0,0,0,0,0,0,0,0,0,0,0,0,0,0,0,0,0,0,,,,,,,,,,,,,,,,,,,,
2024,8446,ND,1541200000.0,Conventional:Subordinate Lien,Single Family (1-4 Units):Site-Built,Hispanic or Latino,Asian,Unknown,6,29,300000.0,5.000000000000000,6.500000000000000,5,,0,,0,0,0,0,0,,0,0,0,0,0,0,0,0,0,0,0,0,0,0,0,,,,,,,,,,,,,,,,,,,
2024,1083,WA,1445800000.0,FHA:Subordinate Lien,Single Family (1-4 Units):Site-Built,Not Hispanic or Latino,White,Unknown,Application denied,35,260000.0,4.000000000000000,5.000000000000000,0,,0,,0,0,0,0,0,0,0,0,0,0,0,0,0,0,0,0,0,0,0,0,,,,,,,,,,,,,,,,,,,,
2024,4209,WV,1997700000.0,VA:Subordinate Lien,Single Family (1-4 Units):Site-Built,Other Ethnicity,Black,Unknown,File closed for incompleteness,20,140000.0,3.000000000000000,4.000000000000000,3,,0,,0,0,0,0,0,0,0,0,0,0,0,0,0,0,0,0,0,0,0,0,0,,,,,,,,,,,,,,,,,,,
2024,3121,CT,1847200000.0,Conventional:Subordinate Lien,Single Family (1-4 Units):Site-Built,Hispanic or Latino,Asian,Unknown,6,26,320000.0,5.000000000000000,6.500000000000000,8,,0,,0,0,0,0,0,,0,0,0,0,0,0,0,0,0,0,0,0,0,0,0,,,,,,,,,,,,,,,,,,,
2024,1919,LA,1673100000.0,FHA:Subordinate Lien,Single Family (1-4 Units):Site-Built,Not Hispanic or Latino,White,Unknown,File closed for incompleteness,30,190000.0,7.000000000000000,8.250000000000000,9,,0,,0,0,0,0,0,0,0,0,0,0,0,0,0,0,0,0,0,0,0,0,,,,,,,,,,,,,,,,,,,,
2024,1330,DE,1301600000.0,VA:First Lien,Single Family (1-4 Units):Site-Built,Other Ethnicity,Black,Unknown,Application denied,24,240000.0,4.000000000000000,5.000000000000000,0,,0,,0,0,0,0,0,0,0,0,0,0,0,0,0,0,0,0,0,0,0,0,,,,,,,,,,,,,,,,,,,,
2024,6951,MN,1796900000.0,FHA:Subordinate Lien,Single Family (1-4 Units):Site-Built,Hispanic or Latino,Asian,Unknown,6,27,270000.0,4.000000000000000,5.000000000000000,2,,0,,0,0,0,0,0,,0,0,0,0,0,0,0,0,0,0,0,0,0,0,0,,,,,,,,,,,,,,,,,,,
2024,9747,VT,1864200000.0,Conventional:Subordinate Lien,Single Family (1-4 Units):Site-Built,Not Hispanic or Latino,White,Unknown,Application denied,28,140000.0,,7.500000000000000,0,,0,,0,0,0,0,0,0,0,0,0,0,0,0,0,0,0,0,0,0,0,0,,,,,,,,,,,,,,,,,,,,
2024,4559,NM,1276400000.0,FHA:First Lien,Single Family (1-4 Units):Site-Built,Other Ethnicity,Black,Unknown,File closed for incompleteness,31,290000.0,6.000000000000000,7.500000000000000,5,,0,,0,0,0,0,0,0,0,0,0,0,0,0,0,0,0,0,0,0,0,0,,,,,,,,,,,,,,,,,,,,
2024,1764,TN,1765000000.0,Conventional:Subordinate Lien,Single Family (1-4 Units):Site-Built,Hispanic or Latino,Asian,Unknown,6,33,380000.0,4.000000000000000,5.000000000000000,0,,0,,0,0,0,0,0,,0,0,0,0,0,0,0,0,0,0,0,0,0,0,0,,,,,,,,,,,,,,,,,,,
2024,4855,MO,1619500000.0,FHA:Subordinate Lien,Single Family (1-4 Units):Site-Built,Not Hispanic or Latino,White,Unknown,File closed for incompleteness,24,220000.0,7.000000000000000,8.250000000000000,6,,0,,0,0,0,0,0,0,0,0,0,0,0,0,0,0,0,0,0,0,0,0,,,,,,,,,,,,,,,,,,,,
2024,6175,OK,1315400000.0,VA:First Lien,Single Family (1-4 Units):Site-Built,Other Ethnicity,Black,Unknown,Application denied,29,190000.0,5.000000000000000,6.500000000000000,0,,0,,0,0,0,0,0,0,0,0,0,0,0,0,0,0,0,0,0,0,0,0,,,,,,,,,,,,,,,,,,,,
2024,7612,CA,1463400000.0,Conventional:Subordinate Lien,Single Family (1-4 Units):Site-Built,Hispanic or Latino,Asian,Unknown,File closed for incompleteness,21,180000.0,6.000000000000000,7.500000000000000,4,,0,,0,0,0,0,0,0,0,0,0,0,0,0,0,0,0,0,0,0,0,0,,,,,,,,,,,,,,,,,,,,
2024,2254,AR,1535900000.0,FHA:Subordinate Lien,Single Family (1-4 Units):Site-Built,Not Hispanic or Latino,White,Unknown,Application denied,34,300000.0,,8.250000000000000,0,,0,,0,0,0,0,0,0,0,0,0,0,0,0,0,0,0,0,0,0,0,0,,,,,,,,,,,,,,,,,,,,
2024,3047,AL,1915700000.0,VA:First Lien,Single Family (1-4 Units):Site-Built,Other Ethnicity,Black,Unknown,File closed for incompleteness,33,120000.0,4.000000000000000,5.000000000000000,8,,0,,0,0,0,0,0,0,0,0,0,0,0,0,0,0,0,0,0,0,0,0,,,,,,,,,,,,,,,,,,,,
2024,9496,ME,1569700000.0,FHA:Subordinate Lien,Single Family (1-4 Units):Site-Built,Hispanic or Latino,Asian,Unknown,6,38,210000.0,6.000000000000000,7.500000000000000,3,,0,,0,0,0,0,0,,0,0,0,0,0,0,0,0,0,0,0,0,0,0,0,,,,,,,,,,,,,,,,,,,
2024,1618,GA,1840500000.0,Conventional:Subordinate Lien,Single Family (1-4 Units):Site-Built,Not Hispanic or Latino,White,Unknown,File closed for incompleteness,32,100000.0,,8.250000000000000,0,,0,,0,0,0,0,0,0,0,0,0,0,0,0,0,0,0,0,0,0,0,0,,,,,,,,,,,,,,,,,,,,
2024,4829,UT,1920400000.0,FHA:Subordinate Lien,Single Family (1-4 Units):Site-Built,Other Ethnicity,Black,Unknown,Application denied,34,260000.0,5.000000000000000,6.500000000000000,0,,0,,0,0,0,0,0,0,0,0,0,0,0,0,0,0,0,0,0,0,0,0,,,,,,,,,,,,,,,,,,,,
2024,215543,NM,037,1460010100,FHA:First Lien,Single Family (1-4 Units):Manufactured Home,Hispanic or Latino,Asian,Female,File closed for incompleteness,32,55000.0,80.0,4.25,2.0,N,150000.0,5000.0,1500.0,4,1,30,3,120,0,0,240000.0,Manufactured Home,Manufactured Home - Secured Property,1,0,2,2,2,4,1,1,1,2,3,4,5,28-34,3,Yes,1,2,,,,,,,,,,
2024,99999,CA,049,4890505100,VA:First Lien,Single Family (1-4 Units):Site-Built,Not Hispanic or Latino,White,Male,Application denied,32,400000.0,70.0,3.75,1.0,N,225000.0,10000.0,2000.0,2,1,30,3,120,0,0,400000.0,Site-Built,1,0,2,2,2,4,1,1,1,2,3,4,5,35-44,3,Yes,1,2,,,,,,,,,,,
2024,12054,TX,057,5703050100,Conventional:First Lien,Single Family (1-4 Units):Site-Built,Not Hispanic or Latino,Asian,Female,File closed for incompleteness,32,70000.0,60.0,4.0,1.5,N,375000.0,25000.0,5000.0,3,1,20,2,120,0,0,375000.0,Site-Built,1,0,2,2,2,4,1,1,1,2,3,4,5,45-54,3,Yes,1,2,,,,,,,,,,,
2024,215543,FL,051,5110010200,FHA:First Lien,Single Family (1-4 Units):Manufactured Home,Not Hispanic or Latino,Black or African American,Male,File closed for incompleteness,32,60000.0,90.0,3.5,2.0,Y,275000.0,10000.0,2000.0,2,1,20,3,180,0,0,300000.0,Manufactured Home,Manufactured Home - Secured Property,1,0,2,2,2,4,1,1,1,2,3,4,5,55-64,2,Yes,1,2,,,,,,,,,,
2024,12054,IL,041,4112010300,Conventional:Subordinate Lien,Single Family (1-4 Units):Site-Built,Hispanic or Latino,White,Female,File closed for incompleteness,32,80000.0,65.0,4.25,1.5,N,325000.0,15000.0,2500.0,1,1,30,3,120,0,0,325000.0,Site-Built,1,0,2,2,2,4,1,1,1,2,3,4,5,28-34,3,Yes,1,2,,,,,,,,,,,
2024,99999,NY,036,3660330600,VA:First Lien,Single Family (1-4 Units):Site-Built,Not Hispanic or Latino,Black or African American,Male,File closed for incompleteness,32,45000.0,75.0,3.75,1.0,N,200000.0,5000.0,1000.0,2,1,30,3,120,0,0,200000.0,Site-Built,1,0,2,2,2,4,1,1,1,2,3,4,5,35-44,3,Yes,1,2,,,,,,,,,,,
2024,215543,OH,071,7160300200,FHA:First Lien,Single Family (1-4 Units):Manufactured Home,Not Hispanic or Latino,White,Female,File closed for incompleteness,32,70000.0,85.0,4.0,2.0,Y,325000.0,15000.0,2500.0,2,1,20,3,180,0,0,325000.0,Manufactured Home,Manufactured Home - Secured Property,1,0,2,2,2,4,1,1,1,2,3,4,5,45-54,3,Yes,1,2,,,,,,,,,,
2024,99999,GA,059,5920170100,Conventional:First Lien,Single Family (1-4 Units):Site-Built,Not Hispanic or Latino,Asian,Male,File closed for incompleteness,32,65000.0,70.0,4.25,1.5,N,375000.0,20000.0,4000.0,3,1,30,3,120,0,0,375000.0,Site-Built,1,0,2,2,2,4,1,1,1,2,3,4,5,35-44,3,Yes,1,2,,,,,,,,,,,
2024,12054,AZ,003,3000150100,FHA:First Lien,Single Family (1-4 Units):Manufactured Home,Not Hispanic or Latino,Black or African American,Female,File closed for incompleteness,32,55000.0,80.0,3.5,2.0,Y,275000.0,10000.0,2000.0,2,1,20,3,180,0,0,275000.0,Manufactured Home,Manufactured Home - Secured Property,1,0,2,2,2,4,1,1,1,2,3,4,5,55-64,2,Yes,1,2,,,,,,,,,,
2024,215543,SC,047,4710100200,VA:First Lien,Single Family (1-4 Units):Site-Built,Not Hispanic or Latino,White,Male,File closed for incompleteness,32,60000.0,65.0,4.0,1.5,N,325000.0,25000.0,5000.0,2,1,30,3,120,0,0,325000.0,Site-Built,1,0,2,2,2,4,1,1,1,2,3,4,5,45-54,3,Yes,1,2,,,,,,,,,,,
2024,99999,MI,093,9310010400,Conventional:Subordinate Lien,Single Family (1-4 Units):Site-Built,Hispanic or Latino,White,Female,File closed for incompleteness,32,45000.0,75.0,4.25,2.0,N,275000.0,15000.0,3000.0,1,1,30,3,120,0,0,275000.0,Site-Built,1,0,2,2,2,4,1,1,1,2,3,4,5,55-64,2,Yes,1,2,,,,,,,,,,,
2024,12054,NC,051,5110390200,FHA:First Lien,Single Family (1-4 Units):Manufactured Home,Not Hispanic or Latino,Asian,Male,File closed for incompleteness,32,65000.0,85.0,3.75,1.0,Y,325000.0,20000.0,4000.0,2,1,20,3,180,0,0,325000.0,Manufactured Home,Manufactured Home - Secured Property,1,0,2,2,2,4,1,1,1,2,3,4,5,45-54,3,Yes,1,2,,,,,,,,,,
2024,215543,IN,027,2730140100,Conventional:First Lien,Single Family (1-4 Units):Site-Built,Hispanic or Latino,Black or African American,Female,File closed for incompleteness,32,70000.0,70.0,4.25,1.5,N,375000.0,20000.0,4000.0,3,1,30,3,120,0,0,375000.0,Site-Built,1,0,2,2,2,4,1,1,1,2,3,4,5,35-44,3,Yes,1,2,,,,,,,,,,,
2024,99999,TN,055,5500260500,VA:First Lien,Single Family (1-4 Units):Manufactured Home,Not Hispanic or Latino,White,Male,File closed for incompleteness,32,50000.0,80.0,4.0,2.0,Y,275000.0,10000.0,2000.0,2,1,20,3,180,0,0,275000.0,Manufactured Home,Manufactured Home - Secured Property,1,0,2,2,2,4,1,1,1,2,3,4,5,55-64,2,Yes,1,2,,,,,,,,,,
2024,12054,AK,002,2000100200,FHA:First Lien,Single Family (1-4 Units):Site-Built,Not Hispanic or Latino,Asian,Female,File closed for incompleteness,32,80000.0,65.0,4.25,1.5,N,325000.0,30000.0,6000.0,3,1,30,3,120,0,0,325000.0,Site-Built,1,0,2,2,2,4,1,1,1,2,3,4,5,45-54,3,Yes,1,2,,,,,,,,,,,
2024,215543,KY,041,4110030200,Conventional:Subordinate Lien,Single Family (1-4 Units):Manufactured Home,Hispanic or Latino,White,Male,File closed for incompleteness,32,45000.0,75.0,4.0,2.0,N,275000.0,15000.0,3000.0,1,1,30,3,120,0,0,275000.0,Manufactured Home,Manufactured Home - Secured Property,1,0,2,2,2,4,1,1,1,2,3,4,5,55-64,2,Yes,1,2,,,,,,,,,,
2024,99999,VT,049,4910300200,FHA:First Lien,Single Family (1-4 Units):Site-Built,Not Hispanic or Latino,Black or African American,Female,File closed for incompleteness,32,55000.0,65.0,4.25,1.5,N,325000.0,25000.0,5000.0,2,1,30,3,120,0,0,325000.0,Site-Built,1,0,2,2,2,4,1,1,1,2,3,4,5,45-54,3,Yes,1,2,,,,,,,,,,,
2024,12054,WV,053,5310010100,Conventional:First Lien,Single Family (1-4 Units):Manufactured Home,Not Hispanic or Latino,White,Male,File closed for incompleteness,32,70000.0,75.0,4.0,2.0,Y,325000.0,20000.0,4000.0,2,1,20,3,180,0,0,325000.0,Manufactured Home,Manufactured Home - Secured Property,1,0,2,2,2,4,1,1,1,2,3,4,5,35-44,3,Yes,1,2,,,,,,,,,,
2024,215543,ID,016,1600010100,VA:First Lien,Single Family (1-4 Units):Site-Built,Hispanic or Latino,Asian,Female,File closed for incompleteness,32,60000.0,65.0,4.25,1.5,N,325000.0,20000.0,4000.0,2,1,30,3,120,0,0,325000.0,Site-Built,1,0,2,2,2,4,1,1,1,2,3,4,5,55-64,2,Yes,1,2,,,,,,,,,,,
2024,99999,NJ,034,3420650300,FHA:First Lien,Single Family (1-4 Units):Manufactured Home,Not Hispanic or Latino,Black or African American,Male,File closed for incompleteness,32,45000.0,75.0,4.0,2.0,Y,275000.0,10000.0,2000.0,2,1,20,3,180,0,0,275000.0,Manufactured Home,Manufactured Home - Secured Property,1,0,2,2,2,4,1,1,1,2,3,4,5,45-54,3,Yes,1,2,,,,,,,,,,
2024,12054,OR,041,4110140100,Conventional:Subordinate Lien,Single Family (1-4 Units):Site-Built,Not Hispanic or Latino,Asian,Female,File closed for incompleteness,32,50000.0,80.0,4.25,2.0,N,325000.0,20000.0,4000.0,3,1,30,3,120,0,0,325000.0,Site-Built,1,0,2,2,2,4,1,1,1,2,3,4,5,35-44,3,Yes,1,2,,,,,,,,,,,
2024,215543,MO,051,5110390200,FHA:First Lien,Single Family (1-4 Units):Manufactured Home,Not Hispanic or Latino,White,Male,File closed for incompleteness,32,65000.0,85.0,4.0,1.5,Y,325000.0,15000.0,3000.0,2,1,20,3,180,0,0,325000.0,Manufactured Home,Manufactured Home - Secured Property,1,0,2,2,2,4,1,1,1,2,3,4,5,45-54,3,Yes,1,2,,,,,,,,,,
2024,99999,LA,048,4810170100,VA:First Lien,Single Family (1-4 Units):Site-Built,Not Hispanic or Latino,Black or African American,Female,File closed for incompleteness,32,70000.0,65.0,4.25,1.5,N,325000.0,25000.0,5000.0,3,1,30,3,120,0,0,325000.0,Site-Built,1,0,2,2,2,4,1,1,1,2,3,4,5,35-44,3,Yes,1,2,,,,,,,,,,,
2024,12054,AR,005,5000250500,Conventional:Subordinate Lien,Single Family (1-4 Units):Manufactured Home,Hispanic or Latino,Asian,Male,File closed for incompleteness,32,50000.0,75.0,4.0,2.0,N,275000.0,15000.0,3000.0,1,1,30,3,120,0,0,275000.0,Manufactured Home,Manufactured Home - Secured Property,1,0,2,2,2,4,1,1,1,2,3,4,5,45-54,3,Yes,1,2,,,,,,,,,,
2024,215543,VT,049,4910300200,FHA:First Lien,Single Family (1-4 Units):Site-Built,Not Hispanic or Latino,White,Female,File closed for incompleteness,32,55000.0,65.0,4.25,1.5,N,325000.0,25000.0,5000.0,2,1,30,3,120,0,0,325000.0,Site-Built,1,0,2,2,2,4,1,1,1,2,3,4,5,55-64,2,Yes,1,2,,,,,,,,,,,
2024,99999,RI,040,4010130300,FHA:First Lien,Single Family (1-4 Units):Manufactured Home,Not Hispanic or Latino,Black or African American,Male,File closed for incompleteness,32,45000.0,75.0,4.0,2.0,Y,275000.0,10000.0,2000.0,2,1,20,3,180,0,0,275000.0,Manufactured Home,Manufactured Home - Secured Property,1,0,2,2,2,4,1,1,1,2,3,4,5,45-54,3,Yes,1,2,,,,,,,,,,
2024,12054,MT,051,5110050100,Conventional:Subordinate Lien,Single Family (1-4 Units):Site-Built,Hispanic or Latino,White,Female,File closed for incompleteness,32,50000.0,80.0,4.25,2.0,N,325000.0,20000.0,4000.0,3,1,30,3,120,0,0,325000.0,Site-Built,1,0,2,2,2,4,1,1,1,2,3,4,5,35-44,3,Yes,1,2,,,,,,,,,,,
2024,215543,WY,063,6330000200,VA:First Lien,Single Family (1-4 Units):Manufactured Home,Not Hispanic or Latino,Asian,Male,File closed for incompleteness,32,70000.0,65.0,4.25,1.5,N,325000.0,25000.0,5000.0,2,1,30,3,120,0,0,325000.0,Manufactured Home,Manufactured Home - Secured Property,1,0,2,2,2,4,1,1,1,2,3,4,5,55-64,2,Yes,1,2,,,,,,,,,,
2024,99999,UT,049,4910030100,FHA:First Lien,Single Family (1-4 Units):Site-Built,Not Hispanic or Latino,Black or African American,Female,File closed for incompleteness,32,60000.0,75.0,4.0,2.0,Y,275000.0,10000.0,2000.0,2,1,20,3,180,0,0,275000.0,Site-Built,1,0,2,2,2,4,1,1,1,2,3,4,5,45-54,3,Yes,1,2,,,,,,,,,,,
2024,12054,ND,030,3000150100,Conventional:Subordinate Lien,Single Family (1-4 Units):Manufactured Home,Hispanic or Latino,White,Male,File closed for incompleteness,32,45000.0,80.0,4.25,2.0,N,325000.0,20000.0,4000.0,3,1,30,3,120,0,0,325000.0,Manufactured Home,Manufactured Home - Secured Property,1,0,2,2,2,4,1,1,1,2,3,4,5,35-44,3,Yes,1,2,,,,,,,,,,
2024,215543,MS,048,4810350100,FHA:First Lien,Single Family (1-4 Units):Site-Built,Not Hispanic or Latino,Asian,Female,File closed for incompleteness,32,70000.0,65.0,4.25,1.5,N,325000.0,25000.0,5000.0,2,1,30,3,120,0,0,325000.0,Site-Built,1,0,2,2,2,4,1,1,1,2,3,4,5,55-64,2,Yes,1,2,,,,,,,,,,,
2024,99999,NV,032,3200210100,VA:First Lien,Single Family (1-4 Units):Manufactured Home,Not Hispanic or Latino,Black or African American,Male,File closed for incompleteness,32,45000.0,75.0,4.0,2.0,Y,275000.0,10000.0,2000.0,2,1,20,3,180,0,0,275000.0,Manufactured Home,Manufactured Home - Secured Property,1,0,2,2,2,4,1,1,1,2,3,4,5,45-54,3,Yes,1,2,,,,,,,,,,
2024,12054,NE,031,3100100500,FHA:First Lien,Single Family (1-4 Units):Site-Built,Not Hispanic or Latino,White,Female,File closed for incompleteness,32,55000.0,65.0,4.25,1.5,N,325000.0,25000.0,5000.0,2,1,30,3,120,0,0,325000.0,Site-Built,1,0,2,2,2,4,1,1,1,2,3,4,5,55-64,2,Yes,1,2,,,,,,,,,,,
2024,215543,AK,002,2000100200,VA:First Lien,Single Family (1-4 Units):Manufactured Home,Not Hispanic or Latino,Asian,Male,File closed for incompleteness,32,60000.0,75.0,4.25,2.0,N,325000.0,20000.0,4000.0,3,1,30,3,120,0,0,325000.0,Manufactured Home,Manufactured Home - Secured Property,1,0,2,2,2,4,1,1,1,2,3,4,5,35-44,3,Yes,1,2,,,,,,,,,,
2024,99999,OK,041,4110090700,FHA:First Lien,Single Family (1-4 Units):Site-Built,Not Hispanic or Latino,Black or African American,Female,File closed for incompleteness,32,45000.0,75.0,4.0,2.0,Y,275000.0,10000.0,2000.0,2,1,20,3,180,0,0,275000.0,Site-Built,1,0,2,2,2,4,1,1,1,2,3,4,5,55-64,2,Yes,1,2,,,,,,,,,,,
2024,12054,NM,037,3700030100,Conventional:Subordinate Lien,Single Family (1-4 Units):Site-Built,Not Hispanic or Latino,Asian,Male,File closed for incompleteness,32,70000.0,65.0,4.25,1.5,N,325000.0,25000.0,5000.0,2,1,30,3,120,0,0,325000.0,Site-Built,1,0,2,2,2,4,1,1,1,2,3,4,5,35-44,3,Yes,1,2,,,,,,,,,,,
2024,215543,SD,046,4600070100,FHA:First Lien,Single Family (1-4 Units):Manufactured Home,Not Hispanic or Latino,White,Female,File closed for incompleteness,32,50000.0,75.0,4.25,2.0,N,325000.0,20000.0,4000.0,3,1,30,3,120,0,0,325000.0,Manufactured Home,Manufactured Home - Secured Property,1,0,2,2,2,4,1,1,1,2,3,4,5,45-54,3,Yes,1,2,,,,,,,,,,
2024,99999,DE,010,1000010200,Conventional:Subordinate Lien,Single Family (1-4 Units):Manufactured Home,Not Hispanic or Latino,Black or African American,Male,File closed for incompleteness,32,55000.0,80.0,4.25,2.0,N,325000.0,15000.0,3000.0,3,1,30,3,120,0,0,325000.0,Manufactured Home,Manufactured Home - Secured Property,1,0,2,2,2,4,1,1,1,2,3,4,5,55-64,2,Yes,1,2,,,,,,,,,,
2024,12054,KS,020,2000130500,FHA:First Lien,Single Family (1-4 Units):Site-Built,Not Hispanic or Latino,White,Female,File closed for incompleteness,32,60000.0,65.0,4.25,1.5,N,325000.0,25000.0,5000.0,2,1,30,3,120,0,0,325000.0,Site-Built,1,0,2,2,2,4,1,1,1,2,3,4,5,55-64,2,Yes,1,2,,,,,,,,,,,
2024,215543,IA,019,1900010100,VA:First Lien,Single Family (1-4 Units):Manufactured Home,Not Hispanic or Latino,Asian,Male,File closed for incompleteness,32,50000.0,75.0,4.0,2.0,Y,275000.0,10000.0,2000.0,2,1,20,3,180,0,0,275000.0,Manufactured Home,Manufactured Home - Secured Property,1,0,2,2,2,4,1,1,1,2,3,4,5,45-54,3,Yes,1,2,,,,,,,,,,
2024,99999,HI,015,1500110100,FHA:First Lien,Single Family (1-4 Units):Site-Built,Not Hispanic or Latino,Black or African American,Female,File closed for incompleteness,32,45000.0,75.0,4.25,1.5,N,325000.0,25000.0,5000.0,2,1,30,3,120,0,0,325000.0,Site-Built,1,0,2,2,2,4,1,1,1,2,3,4,5,55-64,2,Yes,1,2,,,,,,,,,,,
2024,12054,CA,064,6400010300,Conventional:Subordinate Lien,Single Family (1-4 Units):Manufactured Home,Not Hispanic or Latino,Asian,Male,File closed for incompleteness,32,55000.0,65.0,4.25,1.5,N,325000.0,20000.0,4000.0,2,1,30,3,120,0,0,325000.0,Manufactured Home,Manufactured Home - Secured Property,1,0,2,2,2,4,1,1,1,2,3,4,5,35-44,3,Yes,1,2,,,,,,,,,,
2024,215543,PA,042,4200030200,FHA:First Lien,Single Family (1-4 Units):Site-Built,Not Hispanic or Latino,White,Female,File closed for incompleteness,32,60000.0,65.0,4.25,1.5,N,325000.0,25000.0,5000.0,2,1,30,3,120,0,0,325000.0,Site-Built,1,0,2,2,2,4,1,1,1,2,3,4,5,55-64,2,Yes,1,2,,,,,,,,,,,
2024,99999,CT,009,9000010100,VA:First Lien,Single Family (1-4 Units):Manufactured Home,Not Hispanic or Latino,Asian,Male,File closed for incompleteness,32,50000.0,75.0,4.25,2.0,N,325000.0,20000.0,4000.0,3,1,30,3,120,0,0,325000.0,Manufactured Home,Manufactured Home - Secured Property,1,0,2,2,2,4,1,1,1,2,3,4,5,35-44,3,Yes,1,2,,,,,,,,,,
2024,12054,TN,055,5500220500,FHA:First Lien,Single Family (1-4 Units):Site-Built,Not Hispanic or Latino,Black or African American,Female,File closed for incompleteness,32,45000.0,75.0,4.0,2.0,Y,275000.0,10000.0,2000.0,2,1,20,3,180,0,0,275000.0,Site-Built,1,0,2,2,2,4,1,1,1,2,3,4,5,45-54,3,Yes,1,2,,,,,,,,,,,
2024,215543,AL,001,1000010100,Conventional:Subordinate Lien,Single Family (1-4 Units):Manufactured Home,Not Hispanic or Latino,White,Male,File closed for incompleteness,32,50000.0,65.0,4.25,1.5,N,325000.0,25000.0,5000.0,2,1,30,3,120,0,0,325000.0,Manufactured Home,Manufactured Home - Secured Property,1,0,2,2,2,4,1,1,1,2,3,4,5,55-64,2,Yes,1,2,,,,,,,,,,
2024,"Baltimore-Columbia-Towson, MD MD",23,1430.0,14300312000.0,FHA:First Lien,Single Family (1-4 Units):Site-Built,Hispanic or Latino,White,Female,Approved but not accepted,31,205000.0,0.75,4.5,0,2,12345.67,6789.01,5678.0,0,0,240,0,2,2,2,2,0,0,0,0,0,0,1,1,2,4,1,4,65-74,9999,Yes,Home Equity Line of Credit,1,,,,,,,,,,,,,
2024,"Boston-Cambridge-Nashua, MA-NH",25,17519.0,17519434700.0,VA:First Lien,Single Family (1-4 Units):Site-Built,Not Hispanic or Latino,Black or African American,Male,Application denied,32,475000.0,0.7,5.0,0,2,21600.0,12345.67,0,0,0,360,0,2,2,2,2,0,0,0,0,0,0,1,1,3,5,1,5,25-44,9999,Yes,,1,1,,,,,,,,,,,,
2024,"Chicago-Naperville-Elgin, IL-IN-WI",17,8433.0,84331042700.0,FHA:First Lien,Single Family (1-4 Units):Site-Built,Asian,Native Hawaiian or Other Pacific Islander,Female,File closed for incompleteness,33,320000.0,0.8,4.25,0,2,16789.0,6789.01,5678.0,0,0,240,0,2,2,2,2,0,0,0,0,0,0,1,1,2,4,1,4,45-54,9999,Yes,,1,1,,,,,,,,,,,,
2024,"Dallas-Fort Worth-Arlington, TX",47,41373.0,41373684700.0,Conventional:First Lien,Single Family (1-4 Units):Site-Built,Not Hispanic or Latino,White,Male,Approved,31,250000.0,0.9,5.5,0,2,12345.67,5678.0,0,0,0,360,0,2,2,2,2,0,0,0,0,0,0,1,1,2,4,1,4,45-54,9999,Yes,,1,1,,,,,,,,,,,,
2024,"Houston-The Woodlands-Sugar Land, TX",48,37493.0,37493045100.0,FHA:First Lien,Single Family (1-4 Units):Site-Built,Hispanic or Latino,Black or African American,Female,Approved but not accepted,32,380000.0,0.7,4.75,0,2,21600.0,6789.01,5678.0,0,0,240,0,2,2,2,2,0,0,0,0,0,0,1,1,2,4,1,4,65-74,9999,Yes,Home Equity Line of Credit,1,,,,,,,,,,,,,
2024,"Los Angeles-Long Beach-Anaheim, CA",30,40507.0,40507389100.0,VA:First Lien,Single Family (1-4 Units):Site-Built,Not Hispanic or Latino,White,Male,Application denied,33,600000.0,0.75,5.0,0,2,16789.0,5678.0,0,0,0,360,0,2,2,2,2,0,0,0,0,0,0,1,1,3,5,1,5,45-54,9999,Yes,,1,1,,,,,,,,,,,,
2024,"Miami-Fort Lauderdale-West Palm Beach, FL",37,11401.0,11401061300.0,FHA:First Lien,Single Family (1-4 Units):Site-Built,Hispanic or Latino,Asian,Female,File closed for incompleteness,31,200000.0,0.8,4.25,0,2,12345.67,6789.01,5678.0,0,0,240,0,2,2,2,2,0,0,0,0,0,0,1,1,2,4,1,4,25-44,9999,Yes,,1,1,,,,,,,,,,,,
2024,"New York-Newark-Jersey City, NY-NJ-PA",35,8401.0,84010947300.0,Conventional:First Lien,Single Family (1-4 Units):Site-Built,Not Hispanic or Latino,White,Male,Approved,32,700000.0,0.9,5.5,0,2,21600.0,5678.0,0,0,0,360,0,2,2,2,2,0,0,0,0,0,0,1,1,2,4,1,4,45-54,9999,Yes,,1,1,,,,,,,,,,,,
2024,"Philadelphia-Camden-Wilmington, PA-NJ-DE-MD",42,11127.0,11127530300.0,FHA:First Lien,Single Family (1-4 Units):Site-Built,Hispanic or Latino,Black or African American,Female,Approved but not accepted,33,400000.0,0.75,4.5,0,2,16789.0,6789.01,5678.0,0,0,240,0,2,2,2,2,0,0,0,0,0,0,1,1,2,4,1,4,65-74,9999,Yes,Home Equity Line of Credit,1,,,,,,,,,,,,,
2024,"Phoenix-Mesa-Scottsdale, AZ",50,10317.0,10317376300.0,VA:First Lien,Single Family (1-4 Units):Site-Built,Not Hispanic or Latino,White,Male,Application denied,32,550000.0,0.7,5.0,0,2,12345.67,5678.0,0,0,0,360,0,2,2,2,2,0,0,0,0,0,0,1,1,3,5,1,5,45-54,9999,Yes,,1,1,,,,,,,,,,,,
2024,"San Jose-Sunnyvale-Santa Clara, CA",34,14693.0,14693609500.0,FHA:First Lien,Single Family (1-4 Units):Site-Built,Hispanic or Latino,Asian,Female,File closed for incompleteness,31,280000.0,0.8,4.25,0,2,16789.0,6789.01,5678.0,0,0,240,0,2,2,2,2,0,0,0,0,0,0,1,1,2,4,1,4,25-44,9999,Yes,,1,1,,,,,,,,,,,,
2024,"Seattle-Tacoma-Bellevue, WA",46,15719.0,15719469600.0,Conventional:First Lien,Single Family (1-4 Units):Site-Built,Not Hispanic or Latino,White,Male,Approved,32,800000.0,0.9,5.5,0,2,21600.0,5678.0,0,0,0,360,0,2,2,2,2,0,0,0,0,0,0,1,1,2,4,1,4,45-54,9999,Yes,,1,1,,,,,,,,,,,,
2024,"St. Louis, MO-IL",29,13362.0,13362582400.0,FHA:First Lien,Single Family (1-4 Units):Site-Built,Hispanic or Latino,Black or African American,Female,Approved but not accepted,33,450000.0,0.75,4.5,0,2,12345.67,6789.01,5678.0,0,0,240,0,2,2,2,2,0,0,0,0,0,0,1,1,2,4,1,4,65-74,9999,Yes,Home Equity Line of Credit,1,,,,,,,,,,,,,
2024,"Washington, D.C.-MD-VA",51,15340.0,15340304600.0,VA:First Lien,Single Family (1-4 Units):Site-Built,Not Hispanic or Latino,White,Male,Application denied,32,700000.0,0.7,5.0,0,2,16789.0,5678.0,0,0,0,360,0,2,2,2,2,0,0,0,0,0,0,1,1,3,5,1,5,45-54,9999,Yes,,1,1,,,,,,,,,,,,
2024,"Minneapolis-St. Paul-Bloomington, MN-WI",39,12521.0,12521279500.0,FHA:First Lien,Single Family (1-4 Units):Site-Built,Hispanic or Latino,Asian,Female,File closed for incompleteness,31,350000.0,0.8,4.25,0,2,12345.67,6789.01,5678.0,0,0,240,0,2,2,2,2,0,0,0,0,0,0,1,1,2,4,1,4,25-44,9999,Yes,,1,1,,,,,,,,,,,,
2024,"Boston-Cambridge-Nashua, MA-NH",25,7100.0,71000153300.0,Conventional:First Lien,Single Family (1-4 Units):Site-Built,Not Hispanic or Latino,White,Male,Approved,32,900000.0,0.9,5.5,0,2,21600.0,5678.0,0,0,0,360,0,2,2,2,2,0,0,0,0,0,0,1,1,2,4,1,4,45-54,9999,Yes,,1,1,,,,,,,,,,,,
2024,"Providence-Warwick, RI-MA",44,6257.0,62570813700.0,FHA:First Lien,Single Family (1-4 Units):Site-Built,Hispanic or Latino,Black or African American,Female,Approved but not accepted,33,500000.0,0.75,4.5,0,2,12345.67,6789.01,5678.0,0,0,240,0,2,2,2,2,0,0,0,0,0,0,1,1,2,4,1,4,65-74,9999,Yes,Home Equity Line of Credit,1,,,,,,,,,,,,,
2024,"San Francisco-Oakland-Berkeley, CA",33,5491.0,54913352100.0,VA:First Lien,Single Family (1-4 Units):Site-Built,Not Hispanic or Latino,White,Male,Application denied,32,750000.0,0.7,5.0,0,2,16789.0,5678.0,0,0,0,360,0,2,2,2,2,0,0,0,0,0,0,1,1,3,5,1,5,45-54,9999,Yes,,1,1,,,,,,,,,,,,
2024,"Denver-Aurora-Lakewood, CO",26,6965.0,69657826600.0,FHA:First Lien,Single Family (1-4 Units):Site-Built,Hispanic or Latino,Asian,Female,File closed for incompleteness,31,300000.0,0.8,4.25,0,2,12345.67,6789.01,5678.0,0,0,240,0,2,2,2,2,0,0,0,0,0,0,1,1,2,4,1,4,25-44,9999,Yes,,1,1,,,,,,,,,,,,
2024,"St. Louis, MO-IL",29,11236.0,11236581700.0,Conventional:First Lien,Single Family (1-4 Units):Site-Built,Not Hispanic or Latino,White,Male,Approved,32,850000.0,0.9,5.5,0,2,21600.0,5678.0,0,0,0,360,0,2,2,2,2,0,0,0,0,0,0,1,1,2,4,1,4,45-54,9999,Yes,,1,1,,,,,,,,,,,,
2024,"Washington, D.C.-MD-VA",51,18321.0,18321025800.0,FHA:First Lien,Single Family (1-4 Units):Site-Built,Hispanic or Latino,Black or African American,Female,Approved but not accepted,33,450000.0,0.75,4.5,0,2,16789.0,6789.01,5678.0,0,0,240,0,2,2,2,2,0,0,0,0,0,0,1,1,2,4,1,4,65-74,9999,Yes,Home Equity Line of Credit,1,,,,,,,,,,,,,
2024,"Minneapolis-St. Paul-Bloomington, MN-WI",39,15962.0,15962653100.0,VA:First Lien,Single Family (1-4 Units):Site-Built,Not Hispanic or Latino,White,Male,Application denied,32,725000.0,0.7,5.0,0,2,12345.67,5678.0,0,0,0,360,0,2,2,2,2,0,0,0,0,0,0,1,1,3,5,1,5,45-54,9999,Yes,,1,1,,,,,,,,,,,,
2024,"Boston-Cambridge-Nashua, MA-NH",25,4265.0,42658870700.0,FHA:First Lien,Single Family (1-4 Units):Site-Built,Hispanic or Latino,Asian,Female,File closed for incompleteness,31,250000.0,0.8,4.25,0,2,12345.67,6789.01,5678.0,0,0,240,0,2,2,2,2,0,0,0,0,0,0,1,1,2,4,1,4,25-44,9999,Yes,,1,1,,,,,,,,,,,,
2024,"Providence-Warwick, RI-MA",44,12307.0,12307735700.0,Conventional:First Lien,Single Family (1-4 Units):Site-Built,Not Hispanic or Latino,White,Male,Approved,32,950000.0,0.9,5.5,0,2,21600.0,5678.0,0,0,0,360,0,2,2,2,2,0,0,0,0,0,0,1,1,2,4,1,4,45-54,9999,Yes,,1,1,,,,,,,,,,,,
2024,"San Francisco-Oakland-Berkeley, CA",33,8871.0,88713905100.0,FHA:First Lien,Single Family (1-4 Units):Site-Built,Hispanic or Latino,Black or African American,Female,Approved but not accepted,33,600000.0,0.75,4.5,0,2,12345.67,6789.01,5678.0,0,0,240,0,2,2,2,2,0,0,0,0,0,0,1,1,2,4,1,4,65-74,9999,Yes,Home Equity Line of Credit,1,,,,,,,,,,,,,
2024,"Denver-Aurora-Lakewood, CO",26,8538.0,85385103400.0,VA:First Lien,Single Family (1-4 Units):Site-Built,Not Hispanic or Latino,White,Male,Application denied,32,750000.0,0.7,5.0,0,2,16789.0,5678.0,0,0,0,360,0,2,2,2,2,0,0,0,0,0,0,1,1,3,5,1,5,45-54,9999,Yes,,1,1,,,,,,,,,,,,
2024,"St. Louis, MO-IL",29,13072.0,13072553200.0,FHA:First Lien,Single Family (1-4 Units):Site-Built,Hispanic or Latino,Asian,Female,File closed for incompleteness,31,325000.0,0.8,4.25,0,2,12345.67,6789.01,5678.0,0,0,240,0,2,2,2,2,0,0,0,0,0,0,1,1,2,4,1,4,25-44,9999,Yes,,1,1,,,,,,,,,,,,
2024,"Washington, D.C.-MD-VA",51,20841.0,20841201900.0,Conventional:First Lien,Single Family (1-4 Units):Site-Built,Not Hispanic or Latino,White,Male,Approved,32,1000000.0,0.9,5.5,0,2,21600.0,5678.0,0,0,0,360,0,2,2,2,2,0,0,0,0,0,0,1,1,2,4,1,4,45-54,9999,Yes,,1,1,,,,,,,,,,,,
2024,"Minneapolis-St. Paul-Bloomington, MN-WI",39,13474.0,13474402500.0,FHA:First Lien,Single Family (1-4 Units):Site-Built,Hispanic or Latino,Black or African American,Female,Approved but not accepted,33,425000.0,0.75,4.5,0,2,16789.0,6789.01,5678.0,0,0,240,0,2,2,2,2,0,0,0,0,0,0,1,1,2,4,1,4,65-74,9999,Yes,Home Equity Line of Credit,1,,,,,,,,,,,,,
2024,"Boston-Cambridge-Nashua, MA-NH",25,5701.0,57014576500.0,VA:First Lien,Single Family (1-4 Units):Site-Built,Not Hispanic or Latino,White,Male,Application denied,32,700000.0,0.7,5.0,0,2,12345.67,5678.0,0,0,0,360,0,2,2,2,2,0,0,0,0,0,0,1,1,3,5,1,5,45-54,9999,Yes,,1,1,,,,,,,,,,,,
2024,"Providence-Warwick, RI-MA",44,11973.0,11973442600.0,FHA:First Lien,Single Family (1-4 Units):Site-Built,Hispanic or Latino,Asian,Female,File closed for incompleteness,31,275000.0,0.8,4.25,0,2,12345.67,6789.01,5678.0,0,0,240,0,2,2,2,2,0,0,0,0,0,0,1,1,2,4,1,4,25-44,9999,Yes,,1,1,,,,,,,,,,,,
2024,"San Francisco-Oakland-Berkeley, CA",33,7418.0,74186443900.0,Conventional:First Lien,Single Family (1-4 Units):Site-Built,Not Hispanic or Latino,White,Male,Approved,32,950000.0,0.9,5.5,0,2,21600.0,5678.0,0,0,0,360,0,2,2,2,2,0,0,0,0,0,0,1,1,2,4,1,4,45-54,9999,Yes,,1,1,,,,,,,,,,,,
2024,"Denver-Aurora-Lakewood, CO",26,9843.0,98434724500.0,FHA:First Lien,Single Family (1-4 Units):Site-Built,Hispanic or Latino,Black or African American,Female,Approved but not accepted,33,475000.0,0.75,4.5,0,2,12345.67,6789.01,5678.0,0,0,240,0,2,2,2,2,0,0,0,0,0,0,1,1,2,4,1,4,65-74,9999,Yes,Home Equity Line of Credit,1,,,,,,,,,,,,,
2024,"St. Louis, MO-IL",29,12123.0,12123299000.0,VA:First Lien,Single Family (1-4 Units):Site-Built,Not Hispanic or Latino,White,Male,Application denied,32,725000.0,0.7,5.0,0,2,16789.0,5678.0,0,0,0,360,0,2,2,2,2,0,0,0,0,0,0,1,1,3,5,1,5,45-54,9999,Yes,,1,1,,,,,,,,,,,,
2024,"Washington, D.C.-MD-VA",51,21476.0,21476305000.0,FHA:First Lien,Single Family (1-4 Units):Site-Built,Hispanic or Latino,Asian,Female,File closed for incompleteness,31,325000.0,0.8,4.25,0,2,12345.67,6789.01,5678.0,0,0,240,0,2,2,2,2,0,0,0,0,0,0,1,1,2,4,1,4,25-44,9999,Yes,,1,1,,,,,,,,,,,,
2024,"Minneapolis-St. Paul-Bloomington, MN-WI",39,11633.0,11633485500.0,Conventional:First Lien,Single Family (1-4 Units):Site-Built,Not Hispanic or Latino,White,Male,Approved,32,1050000.0,0.9,5.5,0,2,21600.0,5678.0,0,0,0,360,0,2,2,2,2,0,0,0,0,0,0,1,1,2,4,1,4,45-54,9999,Yes,,1,1,,,,,,,,,,,,
2024,"Boston-Cambridge-Nashua, MA-NH",25,7591.0,75914162500.0,VA:First Lien,Single Family (1-4 Units):Site-Built,Hispanic or Latino,Black or African American,Female,Approved but not accepted,33,525000.0,0.75,4.5,0,2,12345.67,6789.01,5678.0,0,0,240,0,2,2,2,2,0,0,0,0,0,0,1,1,2,4,1,4,65-74,9999,Yes,Home Equity Line of Credit,1,,,,,,,,,,,,,
2024,"Providence-Warwick, RI-MA",44,10351.0,10351178900.0,FHA:First Lien,Single Family (1-4 Units):Site-Built,Not Hispanic or Latino,White,Male,Application denied,32,725000.0,0.7,5.0,0,2,16789.0,5678.0,0,0,0,360,0,2,2,2,2,0,0,0,0,0,0,1,1,3,5,1,5,45-54,9999,Yes,,1,1,,,,,,,,,,,,
2024,"San Francisco-Oakland-Berkeley, CA",33,6052.0,60525182300.0,Conventional:First Lien,Single Family (1-4 Units):Site-Built,Hispanic or Latino,Asian,Female,File closed for incompleteness,31,300000.0,0.8,4.25,0,2,12345.67,6789.01,5678.0,0,0,240,0,2,2,2,2,0,0,0,0,0,0,1,1,2,4,1,4,25-44,9999,Yes,,1,1,,,,,,,,,,,,
2024,"Denver-Aurora-Lakewood, CO",26,10173.0,10173206100.0,FHA:First Lien,Single Family (1-4 Units):Site-Built,Not Hispanic or Latino,White,Male,Approved,32,950000.0,0.9,5.5,0,2,21600.0,5678.0,0,0,0,360,0,2,2,2,2,0,0,0,0,0,0,1,1,2,4,1,4,45-54,9999,Yes,,1,1,,,,,,,,,,,,
2024,"St. Louis, MO-IL",29,8367.0,83671119800.0,VA:First Lien,Single Family (1-4 Units):Site-Built,Hispanic or Latino,Black or African American,Female,Approved but not accepted,33,475000.0,0.75,4.5,0,2,12345.67,6789.01,5678.0,0,0,240,0,2,2,2,2,0,0,0,0,0,0,1,1,2,4,1,4,65-74,9999,Yes,Home Equity Line of Credit,1,,,,,,,,,,,,,
2024,"Washington, D.C.-MD-VA",51,11002.0,11002413100.0,FHA:First Lien,Single Family (1-4 Units):Site-Built,Not Hispanic or Latino,White,Male,Application denied,32,725000.0,0.7,5.0,0,2,16789.0,5678.0,0,0,0,360,0,2,2,2,2,0,0,0,0,0,0,1,1,3,5,1,5,45-54,9999,Yes,,1,1,,,,,,,,,,,,
2024,"Minneapolis-St. Paul-Bloomington, MN-WI",39,14535.0,14535753800.0,Conventional:First Lien,Single Family (1-4 Units):Site-Built,Hispanic or Latino,Asian,Female,File closed for incompleteness,31,325000.0,0.8,4.25,0,2,12345.67,6789.01,5678.0,0,0,240,0,2,2,2,2,0,0,0,0,0,0,1,1,2,4,1,4,25-44,9999,Yes,,1,1,,,,,,,,,,,,
2024,"Boston-Cambridge-Nashua, MA-NH",25,8249.0,82496935100.0,FHA:First Lien,Single Family (1-4 Units):Site-Built,Not Hispanic or Latino,White,Male,Approved,32,1100000.0,0.9,5.5,0,2,21600.0,5678.0,0,0,0,360,0,2,2,2,2,0,0,0,0,0,0,1,1,2,4,1,4,45-54,9999,Yes,,1,1,,,,,,,,,,,,
2024,"Providence-Warwick, RI-MA",44,13370.0,13370391900.0,VA:First Lien,Single Family (1-4 Units):Site-Built,Hispanic or Latino,Black or African American,Female,Approved but not accepted,33,500000.0,0.75,4.5,0,2,12345.67,6789.01,5678.0,0,0,240,0,2,2,2,2,0,0,0,0,0,0,1,1,2,4,1,4,65-74,9999,Yes,Home Equity Line of Credit,1,,,,,,,,,,,,,
2024,"San Francisco-Oakland-Berkeley, CA",33,11758.0,11758429700.0,Conventional:First Lien,Single Family (1-4 Units):Site-Built,Not Hispanic or Latino,White,Male,Application denied,32,800000.0,0.7,5.0,0,2,16789.0,5678.0,0,0,0,360,0,2,2,2,2,0,0,0,0,0,0,1,1,3,5,1,5,45-54,9999,Yes,,1,1,,,,,,,,,,,,
2024,"Denver-Aurora-Lakewood, CO",26,10487.0,10487151500.0,FHA:First Lien,Single Family (1-4 Units):Site-Built,Hispanic or Latino,Asian,Female,File closed for incompleteness,31,375000.0,0.8,4.25,0,2,12345.67,6789.01,5678.0,0,0,240,0,2,2,2,2,0,0,0,0,0,0,1,1,2,4,1,4,25-44,9999,Yes,,1,1,,,,,,,,,,,,
2024,"St. Louis, MO-IL",29,11545.0,11545706500.0,VA:First Lien,Single Family (1-4 Units):Site-Built,Not Hispanic or Latino,White,Male,Approved,32,1100000.0,0.9,5.5,0,2,21600.0,5678.0,0,0,0,360,0,2,2,2,2,0,0,0,0,0,0,1,1,2,4,1,4,45-54,9999,Yes,,1,1,,,,,,,,,,,,
2024,"Washington, D.C.-MD-VA",51,12664.0,12664560300.0,FHA:First Lien,Single Family (1-4 Units):Site-Built,Hispanic or Latino,Black or African American,Female,Approved but not accepted,33,525000.0,0.75,4.5,0,2,12345.67,6789.01,5678.0,0,0,240,0,2,2,2,2,0,0,0,0,0,0,1,1,2,4,1,4,65-74,9999,Yes,Home Equity Line of Credit,1,,,,,,,,,,,,,
2024,"Minneapolis-St. Paul-Bloomington, MN-WI",39,15649.0,15649864500.0,Conventional:First Lien,Single Family (1-4 Units):Site-Built,Not Hispanic or Latino,White,Male,Application denied,32,725000.0,0.7,5.0,0,2,16789.0,5678.0,0,0,0,360,0,2,2,2,2,0,0,0,0,0,0,1,1,3,5,1,5,45-54,9999,Yes,,1,1,,,,,,,,,,,,
2024,Buffalo,NY,4010.0,4010408000.0,Conventional:Subordinate Lien,Single Family (1-4 Units):Site-Built,Hispanic or Latino,Asian,Female,File closed for incompleteness,32,25000.0,,,3,,,240,,,2,2,2,2,,1,1,3,5,1,,96.0,,1111,1111,2.0,5.0,2,4,5.0,8.0,2,4,1,5,2,4,18-24,9999,Yes,,1,1,,,,
2024,Albany-Schenectady-Troy,NY,0100.0,10001110000.0,FHA:First Lien,Single Family (1-4 Units):Site-Built,Not Hispanic or Latino,White,Male,Application denied,32,355000.0,,,3,,,360,,,2,2,2,2,,1,1,3,5,1,,108.0,,3,10,3.0,5.0,2,4,6.0,8.0,2,4,3,5,2,4,18-24,9999,Yes,,1,1,,,,
2024,Mobile,AL,1000.0,10000570000.0,VA:First Lien,Single Family (1-4 Units):Site-Built,Hispanic or Latino,Black or African American,Female,File closed for incompleteness,32,275000.0,,,6.875,,,16692.05,,,2,2,2,2,275000.0,1,1,3,5,1,,9,9,4.0,4.0,3,3,7.0,7.0,3,3,4,4,3,3,8888,8888,,3,3,,,,,,,
2024,Los Angeles-Long Beach-Anaheim,CA,0200.0,20002680000.0,Conventional:Subordinate Lien,Single Family (1-4 Units):Site-Built,Not Hispanic or Latino,Asian,Male,6,32,225000.0,,,3,,,10197.8,,,2,2,2,2,,275000.0,1,1,3,5,1,,9,9,4.0,4.0,3,3,7.0,7.0,3,3,4,4,3,3,8888,8888,,3,3,,,,,,
2024,Austin,TX,0300.0,3000320000.0,FHA:First Lien,Single Family (1-4 Units):Site-Built,Hispanic or Latino,White,Female,File closed for incompleteness,32,25000.0,,,3,,,240,,,2,2,2,2,,1,1,3,5,1,,96.0,,1111,1111,2.0,5.0,2,4,5.0,8.0,2,4,1,5,2,4,18-24,9999,Yes,,1,1,,,,
2024,Oakland-Hayward-Berkeley,CA,0400.0,40001840000.0,Conventional:Subordinate Lien,Single Family (1-4 Units):Site-Built,Not Hispanic or Latino,Black or African American,Male,Application denied,32,355000.0,,,3,,,360,,,2,2,2,2,,1,1,3,5,1,,108.0,,3,10,3.0,5.0,2,4,6.0,8.0,2,4,3,5,2,4,18-24,9999,Yes,,1,1,,,,
2024,Raleigh-Durham-Chapel Hill,NC,0500.0,50000470000.0,VA:First Lien,Single Family (1-4 Units):Site-Built,Hispanic or Latino,Asian,Female,File closed for incompleteness,32,275000.0,,,6.875,,,16692.05,,,2,2,2,2,275000.0,1,1,3,5,1,,9,9,4.0,4.0,3,3,7.0,7.0,3,3,4,4,3,3,8888,8888,,3,3,,,,,,,
2024,Wichita,KS,0600.0,60001160000.0,FHA:First Lien,Single Family (1-4 Units):Site-Built,Not Hispanic or Latino,White,Male,6,32,225000.0,,,3,,,10197.8,,,2,2,2,2,,275000.0,1,1,3,5,1,,9,9,4.0,4.0,3,3,7.0,7.0,3,3,4,4,3,3,8888,8888,,3,3,,,,,,
2024,Colorado Springs,CO,0700.0,70002030000.0,Conventional:Subordinate Lien,Single Family (1-4 Units):Site-Built,Hispanic or Latino,Black or African American,Female,File closed for incompleteness,32,25000.0,,,3,,,240,,,2,2,2,2,,1,1,3,5,1,,96.0,,1111,1111,2.0,5.0,2,4,5.0,8.0,2,4,1,5,2,4,18-24,9999,Yes,,1,1,,,,
2024,Cincinnati,OH,0800.0,80001270000.0,FHA:First Lien,Single Family (1-4 Units):Site-Built,Not Hispanic or Latino,Asian,Male,Application denied,32,355000.0,,,3,,,360,,,2,2,2,2,,1,1,3,5,1,,108.0,,3,10,3.0,5.0,2,4,6.0,8.0,2,4,3,5,2,4,18-24,9999,Yes,,1,1,,,,
2024,Milwaukee-Waukesha-West Allis,WI,0900.0,90001440000.0,VA:First Lien,Single Family (1-4 Units):Site-Built,Hispanic or Latino,White,Female,File closed for incompleteness,32,275000.0,,,6.875,,,16692.05,,,2,2,2,2,275000.0,1,1,3,5,1,,9,9,4.0,4.0,3,3,7.0,7.0,3,3,4,4,3,3,8888,8888,,3,3,,,,,,,
2024,Portland-Vancouver-Hillsboro,OR,1000.0,10000040000.0,Conventional:Subordinate Lien,Single Family (1-4 Units):Site-Built,Not Hispanic or Latino,Black or African American,Male,6,32,225000.0,,,3,,,10197.8,,,2,2,2,2,,275000.0,1,1,3,5,1,,9,9,4.0,4.0,3,3,7.0,7.0,3,3,4,4,3,3,8888,8888,,3,3,,,,,,
2024,Greenville-Anderson-Mauldin,SC,1100.0,11000410000.0,FHA:First Lien,Single Family (1-4 Units):Site-Built,Hispanic or Latino,Asian,Female,File closed for incompleteness,32,25000.0,,,3,,,240,,,2,2,2,2,,1,1,3,5,1,,96.0,,1111,1111,2.0,5.0,2,4,5.0,8.0,2,4,1,5,2,4,18-24,9999,Yes,,1,1,,,,
2024,McAllen-Edinburg-Mission,TX,1200.0,12000180000.0,Conventional:Subordinate Lien,Single Family (1-4 Units):Site-Built,Not Hispanic or Latino,White,Male,Application denied,32,355000.0,,,3,,,360,,,2,2,2,2,,1,1,3,5,1,,108.0,,3,10,3.0,5.0,2,4,6.0,8.0,2,4,3,5,2,4,18-24,9999,Yes,,1,1,,,,
2024,Knoxville-Jackson,TN,1300.0,13000340000.0,VA:First Lien,Single Family (1-4 Units):Site-Built,Hispanic or Latino,Black or African American,Female,File closed for incompleteness,32,275000.0,,,6.875,,,16692.05,,,2,2,2,2,275000.0,1,1,3,5,1,,9,9,4.0,4.0,3,3,7.0,7.0,3,3,4,4,3,3,8888,8888,,3,3,,,,,,,
2024,Boise City-Nampa,ID,1400.0,14000040000.0,Conventional:Subordinate Lien,Single Family (1-4 Units):Site-Built,Not Hispanic or Latino,Asian,Male,6,32,225000.0,,,3,,,10197.8,,,2,2,2,2,,275000.0,1,1,3,5,1,,9,9,4.0,4.0,3,3,7.0,7.0,3,3,4,4,3,3,8888,8888,,3,3,,,,,,
2024,Spokane-Spokane Valley,WA,1500.0,15000060000.0,FHA:First Lien,Single Family (1-4 Units):Site-Built,Hispanic or Latino,White,Female,File closed for incompleteness,32,25000.0,,,3,,,240,,,2,2,2,2,,1,1,3,5,1,,96.0,,1111,1111,2.0,5.0,2,4,5.0,8.0,2,4,1,5,2,4,18-24,9999,Yes,,1,1,,,,
2024,Huntsville,AL,1600.0,16000590000.0,Conventional:Subordinate Lien,Single Family (1-4 Units):Site-Built,Not Hispanic or Latino,Black or African American,Male,Application denied,32,355000.0,,,3,,,360,,,2,2,2,2,,1,1,3,5,1,,108.0,,3,10,3.0,5.0,2,4,6.0,8.0,2,4,3,5,2,4,18-24,9999,Yes,,1,1,,,,
2024,Boston-Cambridge-Nashua,MA,1700.0,17000140000.0,VA:First Lien,Single Family (1-4 Units):Site-Built,Hispanic or Latino,Asian,Female,File closed for incompleteness,32,275000.0,,,6.875,,,16692.05,,,2,2,2,2,275000.0,1,1,3,5,1,,9,9,4.0,4.0,3,3,7.0,7.0,3,3,4,4,3,3,8888,8888,,3,3,,,,,,,
2024,Jacksonville-St. Marys-Palatka,FL,1800.0,18000160000.0,Conventional:Subordinate Lien,Single Family (1-4 Units):Site-Built,Not Hispanic or Latino,White,Male,6,32,225000.0,,,3,,,10197.8,,,2,2,2,2,,275000.0,1,1,3,5,1,,9,9,4.0,4.0,3,3,7.0,7.0,3,3,4,4,3,3,8888,8888,,3,3,,,,,,
2024,Little Rock-North Little Rock-Conway,AR,1900.0,19000150000.0,FHA:First Lien,Single Family (1-4 Units):Site-Built,Hispanic or Latino,Black or African American,Female,File closed for incompleteness,32,25000.0,,,3,,,240,,,2,2,2,2,,1,1,3,5,1,,96.0,,1111,1111,2.0,5.0,2,4,5.0,8.0,2,4,1,5,2,4,18-24,9999,Yes,,1,1,,,,
2024,Wichita Falls,TX,2000.0,20000000000.0,Conventional:Subordinate Lien,Single Family (1-4 Units):Site-Built,Not Hispanic or Latino,Asian,Male,Application denied,32,355000.0,,,3,,,360,,,2,2,2,2,,1,1,3,5,1,,108.0,,3,10,3.0,5.0,2,4,6.0,8.0,2,4,3,5,2,4,18-24,9999,Yes,,1,1,,,,
2024,Pittsburgh,PA,2100.0,21000040000.0,VA:First Lien,Single Family (1-4 Units):Site-Built,Hispanic or Latino,White,Female,File closed for incompleteness,32,275000.0,,,6.875,,,16692.05,,,2,2,2,2,275000.0,1,1,3,5,1,,9,9,4.0,4.0,3,3,7.0,7.0,3,3,4,4,3,3,8888,8888,,3,3,,,,,,,
2024,Colorado Springs,CO,2200.0,22000160000.0,Conventional:Subordinate Lien,Single Family (1-4 Units):Site-Built,Not Hispanic or Latino,Black or African American,Male,6,32,225000.0,,,3,,,10197.8,,,2,2,2,2,,275000.0,1,1,3,5,1,,9,9,4.0,4.0,3,3,7.0,7.0,3,3,4,4,3,3,8888,8888,,3,3,,,,,,
2024,Tampa-St. Petersburg-Clearwater,FL,2300.0,23000070000.0,FHA:First Lien,Single Family (1-4 Units):Site-Built,Hispanic or Latino,White,Female,File closed for incompleteness,32,25000.0,,,3,,,240,,,2,2,2,2,,1,1,3,5,1,,96.0,,1111,1111,2.0,5.0,2,4,5.0,8.0,2,4,1,5,2,4,18-24,9999,Yes,,1,1,,,,
2024,Oklahoma City,OK,2400.0,24000180000.0,Conventional:Subordinate Lien,Single Family (1-4 Units):Site-Built,Not Hispanic or Latino,Asian,Male,Application denied,32,355000.0,,,3,,,360,,,2,2,2,2,,1,1,3,5,1,,108.0,,3,10,3.0,5.0,2,4,6.0,8.0,2,4,3,5,2,4,18-24,9999,Yes,,1,1,,,,
2024,Kansas City,MO,2500.0,25000050000.0,VA:First Lien,Single Family (1-4 Units):Site-Built,Hispanic or Latino,White,Female,File closed for incompleteness,32,275000.0,,,6.875,,,16692.05,,,2,2,2,2,275000.0,1,1,3,5,1,,9,9,4.0,4.0,3,3,7.0,7.0,3,3,4,4,3,3,8888,8888,,3,3,,,,,,,
2024,Austin-Round Rock,TX,2600.0,26000020000.0,Conventional:Subordinate Lien,Single Family (1-4 Units):Site-Built,Not Hispanic or Latino,Black or African American,Male,6,32,225000.0,,,3,,,10197.8,,,2,2,2,2,,275000.0,1,1,3,5,1,,9,9,4.0,4.0,3,3,7.0,7.0,3,3,4,4,3,3,8888,8888,,3,3,,,,,,
2024,Winston-Salem,NC,2700.0,27000040000.0,FHA:First Lien,Single Family (1-4 Units):Site-Built,Hispanic or Latino,White,Female,File closed for incompleteness,32,25000.0,,,3,,,240,,,2,2,2,2,,1,1,3,5,1,,96.0,,1111,1111,2.0,5.0,2,4,5.0,8.0,2,4,1,5,2,4,18-24,9999,Yes,,1,1,,,,
2024,Raleigh-Durham-Chapel Hill,NC,2800.0,28000110000.0,Conventional:Subordinate Lien,Single Family (1-4 Units):Site-Built,Not Hispanic or Latino,Asian,Male,Application denied,32,355000.0,,,3,,,360,,,2,2,2,2,,1,1,3,5,1,,108.0,,3,10,3.0,5.0,2,4,6.0,8.0,2,4,3,5,2,4,18-24,9999,Yes,,1,1,,,,
2024,St. Louis,MO,2900.0,29000050000.0,VA:First Lien,Single Family (1-4 Units):Site-Built,Hispanic or Latino,White,Female,File closed for incompleteness,32,275000.0,,,6.875,,,16692.05,,,2,2,2,2,275000.0,1,1,3,5,1,,9,9,4.0,4.0,3,3,7.0,7.0,3,3,4,4,3,3,8888,8888,,3,3,,,,,,,
2024,Cleveland-Elyria,OH,3000.0,30000060000.0,Conventional:Subordinate Lien,Single Family (1-4 Units):Site-Built,Not Hispanic or Latino,Black or African American,Male,6,32,225000.0,,,3,,,10197.8,,,2,2,2,2,,275000.0,1,1,3,5,1,,9,9,4.0,4.0,3,3,7.0,7.0,3,3,4,4,3,3,8888,8888,,3,3,,,,,,
2024,Minneapolis-St. Paul-Bloomington,MN,3100.0,31000080000.0,FHA:First Lien,Single Family (1-4 Units):Site-Built,Hispanic or Latino,White,Female,File closed for incompleteness,32,25000.0,,,3,,,240,,,2,2,2,2,,1,1,3,5,1,,96.0,,1111,1111,2.0,5.0,2,4,5.0,8.0,2,4,1,5,2,4,18-24,9999,Yes,,1,1,,,,
2024,Columbus,OH,3200.0,32000090000.0,Conventional:Subordinate Lien,Single Family (1-4 Units):Site-Built,Not Hispanic or Latino,Asian,Male,Application denied,32,355000.0,,,3,,,360,,,2,2,2,2,,1,1,3,5,1,,108.0,,3,10,3.0,5.0,2,4,6.0,8.0,2,4,3,5,2,4,18-24,9999,Yes,,1,1,,,,
2024,San Francisco-Oakland-Berkeley,CA,3300.0,33000100000.0,VA:First Lien,Single Family (1-4 Units):Site-Built,Hispanic or Latino,Black or African American,Female,File closed for incompleteness,32,275000.0,,,6.875,,,16692.05,,,2,2,2,2,275000.0,1,1,3,5,1,,9,9,4.0,4.0,3,3,7.0,7.0,3,3,4,4,3,3,8888,8888,,3,3,,,,,,,
2024,Virginia Beach-Norfolk-Newport News,VA,3400.0,34000010000.0,Conventional:Subordinate Lien,Single Family (1-4 Units):Site-Built,Not Hispanic or Latino,White,Male,6,32,225000.0,,,3,,,10197.8,,,2,2,2,2,,275000.0,1,1,3,5,1,,9,9,4.0,4.0,3,3,7.0,7.0,3,3,4,4,3,3,8888,8888,,3,3,,,,,,
2024,Seattle-Tacoma-Bellevue,WA,3500.0,35000020000.0,FHA:First Lien,Single Family (1-4 Units):Site-Built,Hispanic or Latino,Asian,Female,File closed for incompleteness,32,25000.0,,,3,,,240,,,2,2,2,2,,1,1,3,5,1,,96.0,,1111,1111,2.0,5.0,2,4,5.0,8.0,2,4,1,5,2,4,18-24,9999,Yes,,1,1,,,,
2024,Dallas-Fort Worth-Arlington,TX,3600.0,36000030000.0,Conventional:Subordinate Lien,Single Family (1-4 Units):Site-Built,Not Hispanic or Latino,Black or African American,Male,Application denied,32,355000.0,,,3,,,360,,,2,2,2,2,,1,1,3,5,1,,108.0,,3,10,3.0,5.0,2,4,6.0,8.0,2,4,3,5,2,4,18-24,9999,Yes,,1,1,,,,
2024,St. Louis,MO,3700.0,37000040000.0,VA:First Lien,Single Family (1-4 Units):Site-Built,Hispanic or Latino,White,Female,File closed for incompleteness,32,275000.0,,,6.875,,,16692.05,,,2,2,2,2,275000.0,1,1,3,5,1,,9,9,4.0,4.0,3,3,7.0,7.0,3,3,4,4,3,3,8888,8888,,3,3,,,,,,,
2024,Chicago-Naperville-Elgin,IL,3800.0,38000050000.0,Conventional:Subordinate Lien,Single Family (1-4 Units):Site-Built,Not Hispanic or Latino,Asian,Male,6,32,225000.0,,,3,,,10197.8,,,2,2,2,2,,275000.0,1,1,3,5,1,,9,9,4.0,4.0,3,3,7.0,7.0,3,3,4,4,3,3,8888,8888,,3,3,,,,,,
2024,Denver-Aurora-Lakewood,CO,3900.0,39000060000.0,FHA:First Lien,Single Family (1-4 Units):Site-Built,Hispanic or Latino,White,Female,File closed for incompleteness,32,25000.0,,,3,,,240,,,2,2,2,2,,1,1,3,5,1,,96.0,,1111,1111,2.0,5.0,2,4,5.0,8.0,2,4,1,5,2,4,18-24,9999,Yes,,1,1,,,,
2024,Pittsburgh,PA,4000.0,40000070000.0,Conventional:Subordinate Lien,Single Family (1-4 Units):Site-Built,Not Hispanic or Latino,Black or African American,Male,Application denied,32,355000.0,,,3,,,360,,,2,2,2,2,,1,1,3,5,1,,108.0,,3,10,3.0,5.0,2,4,6.0,8.0,2,4,3,5,2,4,18-24,9999,Yes,,1,1,,,,
2024,Oklahoma City,OK,4100.0,41000080000.0,VA:First Lien,Single Family (1-4 Units):Site-Built,Hispanic or Latino,Asian,Female,File closed for incompleteness,32,275000.0,,,6.875,,,16692.05,,,2,2,2,2,275000.0,1,1,3,5,1,,9,9,4.0,4.0,3,3,7.0,7.0,3,3,4,4,3,3,8888,8888,,3,3,,,,,,,
2024,Memphis,TN,4200.0,42000090000.0,Conventional:Subordinate Lien,Single Family (1-4 Units):Site-Built,Not Hispanic or Latino,White,Male,6,32,225000.0,,,3,,,10197.8,,,2,2,2,2,,275000.0,1,1,3,5,1,,9,9,4.0,4.0,3,3,7.0,7.0,3,3,4,4,3,3,8888,8888,,3,3,,,,,,
2024,Grand Rapids-Wyoming,MI,4300.0,43000100000.0,FHA:First Lien,Single Family (1-4 Units):Site-Built,Hispanic or Latino,Black or African American,Female,File closed for incompleteness,32,25000.0,,,3,,,240,,,2,2,2,2,,1,1,3,5,1,,96.0,,1111,1111,2.0,5.0,2,4,5.0,8.0,2,4,1,5,2,4,18-24,9999,Yes,,1,1,,,,
2024,St. Louis,MO,4400.0,44000010000.0,Conventional:Subordinate Lien,Single Family (1-4 Units):Site-Built,Not Hispanic or Latino,Asian,Male,Application denied,32,355000.0,,,3,,,360,,,2,2,2,2,,1,1,3,5,1,,108.0,,3,10,3.0,5.0,2,4,6.0,8.0,2,4,3,5,2,4,18-24,9999,Yes,,1,1,,,,
2024,Cincinnati,OH,4500.0,45000020000.0,VA:First Lien,Single Family (1-4 Units):Site-Built,Hispanic or Latino,White,Female,File closed for incompleteness,32,275000.0,,,6.875,,,16692.05,,,2,2,2,2,275000.0,1,1,3,5,1,,9,9,4.0,4.0,3,3,7.0,7.0,3,3,4,4,3,3,8888,8888,,3,3,,,,,,,
2024,Columbus,OH,4600.0,46000030000.0,Conventional:Subordinate Lien,Single Family (1-4 Units):Site-Built,Not Hispanic or Latino,Black or African American,Male,6,32,225000.0,,,3,,,10197.8,,,2,2,2,2,,275000.0,1,1,3,5,1,,9,9,4.0,4.0,3,3,7.0,7.0,3,3,4,4,3,3,8888,8888,,3,3,,,,,,
2024,Oklahoma City,OK,4700.0,47000040000.0,FHA:First Lien,Single Family (1-4 Units):Site-Built,Hispanic or Latino,White,Female,File closed for incompleteness,32,25000.0,,,3,,,240,,,2,2,2,2,,1,1,3,5,1,,96.0,,1111,1111,2.0,5.0,2,4,5.0,8.0,2,4,1,5,2,4,18-24,9999,Yes,,1,1,,,,
2024,St. Louis,MO,4800.0,48000050000.0,Conventional:Subordinate Lien,Single Family (1-4 Units):Site-Built,Not Hispanic or Latino,Asian,Male,Application denied,32,355000.0,,,3,,,360,,,2,2,2,2,,1,1,3,5,1,,108.0,,3,10,3.0,5.0,2,4,6.0,8.0,2,4,3,5,2,4,18-24,9999,Yes,,1,1,,,,
2024,Grand Rapids-Wyoming,MI,4900.0,49000060000.0,VA:First Lien,Single Family (1-4 Units):Site-Built,Hispanic or Latino,Black or African American,Female,File closed for incompleteness,32,275000.0,,,6.875,,,16692.05,,,2,2,2,2,275000.0,1,1,3,5,1,,9,9,4.0,4.0,3,3,7.0,7.0,3,3,4,4,3,3,8888,8888,,3,3,,,,,,,
2024,Cleveland-Elyria,OH,5000.0,50000070000.0,Conventional:Subordinate Lien,Single Family (1-4 Units):Site-Built,Not Hispanic or Latino,White,Male,6,32,225000.0,,,3,,,10197.8,,,2,2,2,2,,275000.0,1,1,3,5,1,,9,9,4.0,4.0,3,3,7.0,7.0,3,3,4,4,3,3,8888,8888,,3,3,,,,,,
2024,"New York-Northern New Jersey-Long Island, NY-NJ-PA",22,,9432110000.0,Conventional:Subordinate Lien,Single Family (1-4 Units):Site-Built,Not Hispanic or Latino,White,Female,File closed for incompleteness,32,22000.0,,,3,,,240,,,2,2,2,2,,,1,1,3,5,1,,,96.0,,,1,1,2.0,5.0,2,4,5.0,8.0,2,4,1,5,2,4,45-54,9999,Yes,,,1,1
2024,"San Francisco-Oakland-Hayward, CA",06,,6501010000.0,FHA:First Lien,Single Family (1-4 Units):Site-Built,Not Hispanic or Latino,Asian,Male,Application denied,32,245000.0,,,3,,,360,,,2,2,2,2,,,1,1,3,5,1,,,108.0,,,3,10,3.0,5.0,2,4,6.0,8.0,2,4,3,5,2,4,45-54,9999,Yes,,,1,1
2024,"Dallas-Fort Worth-Arlington, TX",48,1435010000.0,VA:First Lien,Single Family (1-4 Units):Site-Built,Hispanic or Latino,Black or African American,Female,Loan funded,32,280000.0,5,4.875,,,2,16800.0,,,300.0,,,2,2,2,2,275000.0,1,1,3,5,1,,,9,9,4.0,4.0,3,3,7.0,7.0,3,3,4,4,3,3,8888,8888,,,3,3,,,
2024,"Seattle-Tacoma-Bellevue, WA",53,5302030000.0,FHA:First Lien,Single Family (1-4 Units):Site-Built,Not Hispanic or Latino,American Indian or Alaska Native,Male,6,32,230000.0,,,2,16692.05,,,10197.8,8302.8,,,2,2,2,2,,,275000.0,1,1,3,5,1,,,9,9,4.0,4.0,3,3,7.0,7.0,3,3,4,4,3,3,8888,8888,,,3,3,,
2024,"Washington-Baltimore-Arlington, DC-MD-VA",24,,2451030000.0,Conventional:First Lien,Single Family (1-4 Units):Site-Built,Not Hispanic or Latino,White,Female,File closed for incompleteness,32,21000.0,,,3,,,240,,,2,2,2,2,,,1,1,3,5,1,,,96.0,,,1,1,2.0,5.0,2,4,5.0,8.0,2,4,1,5,2,4,45-54,9999,Yes,,,1,1
2024,"Los Angeles-Long Beach-Anaheim, CA",06,,6261500000.0,VA:First Lien,Single Family (1-4 Units):Site-Built,Hispanic or Latino,Black or African American,Male,Application denied,32,295000.0,,,3,,,360,,,2,2,2,2,,,1,1,3,5,1,,,108.0,,,3,10,3.0,5.0,2,4,6.0,8.0,2,4,3,5,2,4,45-54,9999,Yes,,,1,1
2024,"Chicago-Naperville-Elgin, IL-IN-WI",17,,1796170000.0,Conventional:Subordinate Lien,Single Family (1-4 Units):Site-Built,Not Hispanic or Latino,White,Female,File closed for incompleteness,32,20000.0,,,3,,,240,,,2,2,2,2,,,1,1,3,5,1,,,96.0,,,1,1,2.0,5.0,2,4,5.0,8.0,2,4,1,5,2,4,45-54,9999,Yes,,,1,1
2024,"Houston-The Woodlands-Sugar Land, TX",48,1139120000.0,FHA:First Lien,Single Family (1-4 Units):Site-Built,Hispanic or Latino,Black or African American,Male,Loan funded,32,260000.0,5,4.875,,,2,16800.0,,,300.0,,,2,2,2,2,275000.0,1,1,3,5,1,,,9,9,4.0,4.0,3,3,7.0,7.0,3,3,4,4,3,3,8888,8888,,,3,3,,,
2024,"Boston-Cambridge-Nashua, MA-NH",25,,1501070000.0,VA:First Lien,Single Family (1-4 Units):Site-Built,Not Hispanic or Latino,White,Female,Application denied,32,240000.0,,,3,,,360,,,2,2,2,2,,,1,1,3,5,1,,,108.0,,,3,10,3.0,5.0,2,4,6.0,8.0,2,4,3,5,2,4,45-54,9999,Yes,,,1,1
2024,"Miami-Fort Lauderdale-West Palm Beach, FL",12,,4212120000.0,Conventional:First Lien,Single Family (1-4 Units):Site-Built,Not Hispanic or Latino,Black or African American,Male,File closed for incompleteness,32,22000.0,,,3,,,240,,,2,2,2,2,,,1,1,3,5,1,,,96.0,,,1,1,2.0,5.0,2,4,5.0,8.0,2,4,1,5,2,4,45-54,9999,Yes,,,1,1
2024,"Philadelphia-Camden-Wilmington, PA-NJ-DE-MD",35,4205130000.0,FHA:First Lien,Single Family (1-4 Units):Site-Built,Hispanic or Latino,Asian,Female,Loan funded,32,270000.0,5,4.875,,,2,16800.0,,,300.0,,,2,2,2,2,275000.0,1,1,3,5,1,,,9,9,4.0,4.0,3,3,7.0,7.0,3,3,4,4,3,3,8888,8888,,,3,3,,,
2024,"Minneapolis-St Paul-Bloomington, MN-WI",27,,9103510000.0,VA:First Lien,Single Family (1-4 Units):Site-Built,Not Hispanic or Latino,White,Male,Application denied,32,250000.0,,,3,,,360,,,2,2,2,2,,,1,1,3,5,1,,,108.0,,,3,10,3.0,5.0,2,4,6.0,8.0,2,4,3,5,2,4,45-54,9999,Yes,,,1,1
2024,"St Louis, MO-IL",29,,2964020000.0,Conventional:Subordinate Lien,Single Family (1-4 Units):Site-Built,Not Hispanic or Latino,White,Female,File closed for incompleteness,32,20000.0,,,3,,,240,,,2,2,2,2,,,1,1,3,5,1,,,96.0,,,1,1,2.0,5.0,2,4,5.0,8.0,2,4,1,5,2,4,45-54,9999,Yes,,,1,1
2024,"San Jose-Sunnyvale-Santa Clara, CA",06,5371010000.0,FHA:First Lien,Single Family (1-4 Units):Site-Built,Hispanic or Latino,Black or African American,Male,Loan funded,32,290000.0,5,4.875,,,2,16800.0,,,300.0,,,2,2,2,2,275000.0,1,1,3,5,1,,,9,9,4.0,4.0,3,3,7.0,7.0,3,3,4,4,3,3,8888,8888,,,3,3,,,
2024,"San Diego-Carlsbad, CA",06,,4212200000.0,Conventional:First Lien,Single Family (1-4 Units):Site-Built,Not Hispanic or Latino,White,Female,Application denied,32,260000.0,,,3,,,360,,,2,2,2,2,,,1,1,3,5,1,,,108.0,,,3,10,3.0,5.0,2,4,6.0,8.0,2,4,3,5,2,4,45-54,9999,Yes,,,1,1
2024,"Denver-Aurora-Lakewood, CO",08,,0805120000.0,FHA:First Lien,Single Family (1-4 Units):Site-Built,Hispanic or Latino,Black or African American,Male,File closed for incompleteness,32,24000.0,,,3,,,240,,,2,2,2,2,,,1,1,3,5,1,,,96.0,,,1,1,2.0,5.0,2,4,5.0,8.0,2,4,1,5,2,4,45-54,9999,Yes,,,1,1
2024,"Kansas City, MO-KS",29,2909040000.0,VA:First Lien,Single Family (1-4 Units):Site-Built,Not Hispanic or Latino,White,Female,Loan funded,32,270000.0,5,4.875,,,2,16800.0,,,300.0,,,2,2,2,2,275000.0,1,1,3,5,1,,,9,9,4.0,4.0,3,3,7.0,7.0,3,3,4,4,3,3,8888,8888,,,3,3,,,
2024,"Columbus, OH",39,,3910110000.0,Conventional:Subordinate Lien,Single Family (1-4 Units):Site-Built,Hispanic or Latino,Black or African American,Male,Application denied,32,220000.0,,,3,,,360,,,2,2,2,2,,,1,1,3,5,1,,,108.0,,,3,10,3.0,5.0,2,4,6.0,8.0,2,4,3,5,2,4,45-54,9999,Yes,,,1,1
2024,"Charlotte-Concord-Gastonia, NC-SC",37,,3722050000.0,FHA:First Lien,Single Family (1-4 Units):Site-Built,Not Hispanic or Latino,White,Female,File closed for incompleteness,32,21000.0,,,3,,,240,,,2,2,2,2,,,1,1,3,5,1,,,96.0,,,1,1,2.0,5.0,2,4,5.0,8.0,2,4,1,5,2,4,45-54,9999,Yes,,,1,1
2024,"St Petersburg, FL",12,1209280000.0,VA:First Lien,Single Family (1-4 Units):Site-Built,Hispanic or Latino,Black or African American,Male,Loan funded,32,290000.0,5,4.875,,,2,16800.0,,,300.0,,,2,2,2,2,275000.0,1,1,3,5,1,,,9,9,4.0,4.0,3,3,7.0,7.0,3,3,4,4,3,3,8888,8888,,,3,3,,,
2024,"Indianapolis-Carmel-Anderson, IN",18,,1810160000.0,Conventional:Subordinate Lien,Single Family (1-4 Units):Site-Built,Not Hispanic or Latino,White,Female,File closed for incompleteness,32,22000.0,,,3,,,240,,,2,2,2,2,,,1,1,3,5,1,,,96.0,,,1,1,2.0,5.0,2,4,5.0,8.0,2,4,1,5,2,4,45-54,9999,Yes,,,1,1
2024,"Nashville-Davidson--Murfreesboro--Franklin, TN",34,3649080000.0,FHA:First Lien,Single Family (1-4 Units):Site-Built,Hispanic or Latino,Black or African American,Male,Loan funded,32,270000.0,5,4.875,,,2,16800.0,,,300.0,,,2,2,2,2,275000.0,1,1,3,5,1,,,9,9,4.0,4.0,3,3,7.0,7.0,3,3,4,4,3,3,8888,8888,,,3,3,,,
2024,"Austin-Round Rock, TX",48,,4900070000.0,Conventional:Subordinate Lien,Single Family (1-4 Units):Site-Built,Not Hispanic or Latino,White,Female,Application denied,32,21000.0,,,3,,,360,,,2,2,2,2,,,1,1,3,5,1,,,108.0,,,3,10,3.0,5.0,2,4,6.0,8.0,2,4,3,5,2,4,45-54,9999,Yes,,,1,1
2024,"Jacksonville, FL",12,,1217150000.0,VA:First Lien,Single Family (1-4 Units):Site-Built,Hispanic or Latino,Black or African American,Male,File closed for incompleteness,32,24000.0,,,3,,,240,,,2,2,2,2,,,1,1,3,5,1,,,96.0,,,1,1,2.0,5.0,2,4,5.0,8.0,2,4,1,5,2,4,45-54,9999,Yes,,,1,1
2024,"Oklahoma City, OK",40,1831030000.0,FHA:First Lien,Single Family (1-4 Units):Site-Built,Not Hispanic or Latino,White,Female,Loan funded,32,260000.0,5,4.875,,,2,16800.0,,,300.0,,,2,2,2,2,275000.0,1,1,3,5,1,,,9,9,4.0,4.0,3,3,7.0,7.0,3,3,4,4,3,3,8888,8888,,,3,3,,,
2024,"Memphis, TN-MS-AR",34,,2715150000.0,Conventional:Subordinate Lien,Single Family (1-4 Units):Site-Built,Hispanic or Latino,Black or African American,Male,Application denied,32,220000.0,,,3,,,360,,,2,2,2,2,,,1,1,3,5,1,,,108.0,,,3,10,3.0,5.0,2,4,6.0,8.0,2,4,3,5,2,4,45-54,9999,Yes,,,1,1
2024,"Virginia Beach-Norfolk, VA-NC",51,,5201010000.0,VA:First Lien,Single Family (1-4 Units):Site-Built,Not Hispanic or Latino,White,Female,File closed for incompleteness,32,20000.0,,,3,,,240,,,2,2,2,2,,,1,1,3,5,1,,,96.0,,,1,1,2.0,5.0,2,4,5.0,8.0,2,4,1,5,2,4,45-54,9999,Yes,,,1,1
2024,"Cleveland-Elyria, OH",39,3910110000.0,FHA:First Lien,Single Family (1-4 Units):Site-Built,Hispanic or Latino,Black or African American,Male,Loan funded,32,290000.0,5,4.875,,,2,16800.0,,,300.0,,,2,2,2,2,275000.0,1,1,3,5,1,,,9,9,4.0,4.0,3,3,7.0,7.0,3,3,4,4,3,3,8888,8888,,,3,3,,,
2024,"Portland-Vancouver-Hillsboro, OR-WA",41,,1901080000.0,Conventional:Subordinate Lien,Single Family (1-4 Units):Site-Built,Not Hispanic or Latino,White,Female,Application denied,32,24000.0,,,3,,,360,,,2,2,2,2,,,1,1,3,5,1,,,108.0,,,3,10,3.0,5.0,2,4,6.0,8.0,2,4,3,5,2,4,45-54,9999,Yes,,,1,1
2024,"Birmingham-Hoover, AL",16,,1516030000.0,VA:First Lien,Single Family (1-4 Units):Site-Built,Hispanic or Latino,Black or African American,Male,File closed for incompleteness,32,260000.0,,,3,,,240,,,2,2,2,2,,,1,1,3,5,1,,,96.0,,,1,1,2.0,5.0,2,4,5.0,8.0,2,4,1,5,2,4,45-54,9999,Yes,,,1,1
2024,"Richmond, VA",51,5221120000.0,FHA:First Lien,Single Family (1-4 Units):Site-Built,Not Hispanic or Latino,White,Female,Loan funded,32,280000.0,5,4.875,,,2,16800.0,,,300.0,,,2,2,2,2,275000.0,1,1,3,5,1,,,9,9,4.0,4.0,3,3,7.0,7.0,3,3,4,4,3,3,8888,8888,,,3,3,,,
2024,"Raleigh-Durham-Chapel Hill, NC",37,,3704030000.0,Conventional:Subordinate Lien,Single Family (1-4 Units):Site-Built,Hispanic or Latino,Black or African American,Male,Application denied,32,230000.0,,,3,,,360,,,2,2,2,2,,,1,1,3,5,1,,,108.0,,,3,10,3.0,5.0,2,4,6.0,8.0,2,4,3,5,2,4,45-54,9999,Yes,,,1,1
2024,"Mobile, AL",16,,1413040000.0,VA:First Lien,Single Family (1-4 Units):Site-Built,Not Hispanic or Latino,White,Female,File closed for incompleteness,32,20000.0,,,3,,,240,,,2,2,2,2,,,1,1,3,5,1,,,96.0,,,1,1,2.0,5.0,2,4,5.0,8.0,2,4,1,5,2,4,45-54,9999,Yes,,,1,1
2024,"Akron, OH",39,3910110000.0,FHA:First Lien,Single Family (1-4 Units):Site-Built,Hispanic or Latino,Black or African American,Male,Loan funded,32,260000.0,5,4.875,,,2,16800.0,,,300.0,,,2,2,2,2,275000.0,1,1,3,5,1,,,9,9,4.0,4.0,3,3,7.0,7.0,3,3,4,4,3,3,8888,8888,,,3,3,,,
2024,"New Orleans-Metairie, LA",22,,2211020000.0,Conventional:Subordinate Lien,Single Family (1-4 Units):Site-Built,Not Hispanic or Latino,White,Female,Application denied,32,220000.0,,,3,,,360,,,2,2,2,2,,,1,1,3,5,1,,,108.0,,,3,10,3.0,5.0,2,4,6.0,8.0,2,4,3,5,2,4,45-54,9999,Yes,,,1,1
2024,"Tampa-St Petersburg-Clearwater, FL",12,,1217150000.0,VA:First Lien,Single Family (1-4 Units):Site-Built,Hispanic or Latino,Black or African American,Male,File closed for incompleteness,32,24000.0,,,3,,,240,,,2,2,2,2,,,1,1,3,5,1,,,96.0,,,1,1,2.0,5.0,2,4,5.0,8.0,2,4,1,5,2,4,45-54,9999,Yes,,,1,1
2024,"Greenville-Anderson-Mauldin, SC",39,3902170000.0,FHA:First Lien,Single Family (1-4 Units):Site-Built,Not Hispanic or Latino,White,Female,Loan funded,32,280000.0,5,4.875,,,2,16800.0,,,300.0,,,2,2,2,2,275000.0,1,1,3,5,1,,,9,9,4.0,4.0,3,3,7.0,7.0,3,3,4,4,3,3,8888,8888,,,3,3,,,
2024,"Kansas City-Overland Park-KS, MO-KS",29,,2909040000.0,Conventional:Subordinate Lien,Single Family (1-4 Units):Site-Built,Hispanic or Latino,Black or African American,Male,Application denied,32,220000.0,,,3,,,360,,,2,2,2,2,,,1,1,3,5,1,,,108.0,,,3,10,3.0,5.0,2,4,6.0,8.0,2,4,3,5,2,4,45-54,9999,Yes,,,1,1
2024,"Milwaukee-Waukesha-West Allis, WI",55,,5331030000.0,VA:First Lien,Single Family (1-4 Units):Site-Built,Not Hispanic or Latino,White,Female,File closed for incompleteness,32,21000.0,,,3,,,240,,,2,2,2,2,,,1,1,3,5,1,,,96.0,,,1,1,2.0,5.0,2,4,5.0,8.0,2,4,1,5,2,4,45-54,9999,Yes,,,1,1
2024,"Columbus-Auburn, OH",39,3910110000.0,FHA:First Lien,Single Family (1-4 Units):Site-Built,Hispanic or Latino,Black or African American,Male,Loan funded,32,290000.0,5,4.875,,,2,16800.0,,,300.0,,,2,2,2,2,275000.0,1,1,3,5,1,,,9,9,4.0,4.0,3,3,7.0,7.0,3,3,4,4,3,3,8888,8888,,,3,3,,,
2024,"Fort Wayne, IN",18,,1806180000.0,Conventional:Subordinate Lien,Single Family (1-4 Units):Site-Built,Not Hispanic or Latino,White,Female,Application denied,32,240000.0,,,3,,,360,,,2,2,2,2,,,1,1,3,5,1,,,108.0,,,3,10,3.0,5.0,2,4,6.0,8.0,2,4,3,5,2,4,45-54,9999,Yes,,,1,1
2024,"Savannah, GA",12,,1251050000.0,FHA:First Lien,Single Family (1-4 Units):Site-Built,Hispanic or Latino,Black or African American,Male,File closed for incompleteness,32,260000.0,,,3,,,240,,,2,2,2,2,,,1,1,3,5,1,,,96.0,,,1,1,2.0,5.0,2,4,5.0,8.0,2,4,1,5,2,4,45-54,9999,Yes,,,1,1
2024,"Little Rock-North Little Rock-Conway, AR",17,,1722210000.0,Conventional:Subordinate Lien,Single Family (1-4 Units):Site-Built,Not Hispanic or Latino,White,Female,Application denied,32,220000.0,,,3,,,360,,,2,2,2,2,,,1,1,3,5,1,,,108.0,,,3,10,3.0,5.0,2,4,6.0,8.0,2,4,3,5,2,4,45-54,9999,Yes,,,1,1
2024,"Oxnard-Thousand Oaks-Ventura, CA",06,6563110000.0,FHA:First Lien,Single Family (1-4 Units):Site-Built,Hispanic or Latino,Black or African American,Male,Loan funded,32,290000.0,5,4.875,,,2,16800.0,,,300.0,,,2,2,2,2,275000.0,1,1,3,5,1,,,9,9,4.0,4.0,3,3,7.0,7.0,3,3,4,4,3,3,8888,8888,,,3,3,,,
2024,1980,OH,135542.0,13554208600.0,FHA:First Lien,Manufactured Housing:Manufactured,Hispanic or Latino,Not Hispanic or Latino,Not Hispanic or Latino,Loan originated,25,150000.0,,6.875,,2,12321.0,,10197.8,8302.8,,3,3,3,3,1,,78.0,,9,9,2.0,4.0,3,3,6.0,6.0,3,3,1,1,3,3,55-64,9999,Yes,,1,1,,,,,,,,
2024,12054,FL,16545.0,16545013000.0,Conventional:Purchase,Single Family (1-4 Units):Site-Built,Not Hispanic or Latino,Not Hispanic or Latino,Female,2,30,225000.0,,6.0,,3,13421.0,,10197.8,8302.8,,2,2,2,2,,1,1,3,5,1,,108.0,,3,3,3.0,4.0,3,3,7.0,7.0,3,3,3,3,66-74,9999,Yes,,1,1,,,,,
2024,13835,TX,13121.0,13121010529.0,Conventional:Purchase,Single Family (1-4 Units):Site-Built,Not Hispanic or Latino,Not Hispanic or Latino,Female,1,25,275000.0,,6.75,,2,16892.05,,10197.8,8302.8,,3,3,3,3,1,,98.0,,3,3,4.0,4.0,3,3,8.0,8.0,3,3,3,3,55-64,9999,Yes,,1,1,,,,,,,,,,
2024,9017,PA,12121.0,12121010200.0,VA:Purchase,Single Family (1-4 Units):Site-Built,Not Hispanic or Latino,Not Hispanic or Latino,Female,2,35,300000.0,,6.25,,2,17492.05,,10197.8,8302.8,,3,3,3,3,1,,92.0,,3,3,3.0,3.0,3,3,7.0,7.0,3,3,3,3,66-74,9999,Yes,,1,1,,,,,,,,,,
2024,13835,TX,12636.0,12636002700.0,FHA:Purchase,Single Family (1-4 Units):Site-Built,Not Hispanic or Latino,Not Hispanic or Latino,Female,4,35,275000.0,,6.5,,3,15692.05,,10197.8,8302.8,,3,3,3,3,1,,106.0,,3,3,3.0,3.0,3,3,7.0,7.0,3,3,3,3,55-64,9999,Yes,,1,1,,,,,,,,,,
2024,12054,FL,14567.0,14567013700.0,Conventional:Purchase,Single Family (1-4 Units):Site-Built,Not Hispanic or Latino,Not Hispanic or Latino,Female,1,30,250000.0,,6.25,,2,14192.05,,10197.8,8302.8,,3,3,3,3,1,,100.0,,3,3,3.0,3.0,3,3,8.0,8.0,3,3,3,3,66-74,9999,Yes,,1,1,,,,,,,,,,
2024,9017,PA,14217.0,14217013700.0,VA:Purchase,Single Family (1-4 Units):Site-Built,Not Hispanic or Latino,Not Hispanic or Latino,Female,5,35,325000.0,,6.5,,3,18992.05,,10197.8,8302.8,,3,3,3,3,1,,112.0,,3,3,3.0,3.0,3,3,8.0,8.0,3,3,3,3,55-64,9999,Yes,,1,1,,,,,,,,,,
2024,13835,TX,15678.0,15678010200.0,FHA:Purchase,Single Family (1-4 Units):Site-Built,Not Hispanic or Latino,Not Hispanic or Latino,Female,2,35,300000.0,,6.75,,2,19492.05,,10197.8,8302.8,,3,3,3,3,1,,110.0,,3,3,3.0,3.0,3,3,7.0,7.0,3,3,3,3,66-74,9999,Yes,,1,1,,,,,,,,,,
2024,12054,FL,16890.0,16890013000.0,Conventional:Purchase,Single Family (1-4 Units):Site-Built,Not Hispanic or Latino,Not Hispanic or Latino,Female,4,35,325000.0,,6.5,,3,21392.05,,10197.8,8302.8,,3,3,3,3,1,,116.0,,3,3,3.0,3.0,3,3,8.0,8.0,3,3,3,3,55-64,9999,Yes,,1,1,,,,,,,,,,
2024,9017,PA,15912.0,15912002700.0,VA:Purchase,Single Family (1-4 Units):Site-Built,Not Hispanic or Latino,Not Hispanic or Latino,Female,1,35,375000.0,,6.25,,2,22792.05,,10197.8,8302.8,,3,3,3,3,1,,120.0,,3,3,3.0,3.0,3,3,7.0,7.0,3,3,3,3,66-74,9999,Yes,,1,1,,,,,,,,,,
2024,13835,TX,16135.0,16135010200.0,FHA:Purchase,Single Family (1-4 Units):Site-Built,Not Hispanic or Latino,Not Hispanic or Latino,Female,5,35,325000.0,,6.75,,3,23192.05,,10197.8,8302.8,,3,3,3,3,1,,124.0,,3,3,3.0,3.0,3,3,8.0,8.0,3,3,3,3,55-64,9999,Yes,,1,1,,,,,,,,,,
2024,12054,FL,17458.0,17458002700.0,Conventional:Purchase,Single Family (1-4 Units):Site-Built,Not Hispanic or Latino,Not Hispanic or Latino,Female,2,35,375000.0,,6.5,,2,24392.05,,10197.8,8302.8,,3,3,3,3,1,,128.0,,3,3,3.0,3.0,3,3,7.0,7.0,3,3,3,3,66-74,9999,Yes,,1,1,,,,,,,,,,
2024,9017,PA,17701.0,17701013700.0,VA:Purchase,Single Family (1-4 Units):Site-Built,Not Hispanic or Latino,Not Hispanic or Latino,Female,4,35,400000.0,,6.25,,3,25792.05,,10197.8,8302.8,,3,3,3,3,1,,132.0,,3,3,3.0,3.0,3,3,8.0,8.0,3,3,3,3,55-64,9999,Yes,,1,1,,,,,,,,,,
2024,13835,TX,17947.0,17947002700.0,FHA:Purchase,Single Family (1-4 Units):Site-Built,Not Hispanic or Latino,Not Hispanic or Latino,Female,1,35,375000.0,,6.75,,2,27192.05,,10197.8,8302.8,,3,3,3,3,1,,136.0,,3,3,3.0,3.0,3,3,7.0,7.0,3,3,3,3,66-74,9999,Yes,,1,1,,,,,,,,,,
2024,12054,FL,18295.0,18295013000.0,Conventional:Purchase,Single Family (1-4 Units):Site-Built,Not Hispanic or Latino,Not Hispanic or Latino,Female,5,35,400000.0,,6.5,,3,28392.05,,10197.8,8302.8,,3,3,3,3,1,,140.0,,3,3,3.0,3.0,3,3,8.0,8.0,3,3,3,3,55-64,9999,Yes,,1,1,,,,,,,,,,
2024,9017,PA,18639.0,18639002700.0,VA:Purchase,Single Family (1-4 Units):Site-Built,Not Hispanic or Latino,Not Hispanic or Latino,Female,2,35,425000.0,,6.25,,2,30592.05,,10197.8,8302.8,,3,3,3,3,1,,144.0,,3,3,3.0,3.0,3,3,7.0,7.0,3,3,3,3,66-74,9999,Yes,,1,1,,,,,,,,,,
2024,13835,TX,18982.0,18982010200.0,FHA:Purchase,Single Family (1-4 Units):Site-Built,Not Hispanic or Latino,Not Hispanic or Latino,Female,4,35,400000.0,,6.75,,3,32792.05,,10197.8,8302.8,,3,3,3,3,1,,148.0,,3,3,3.0,3.0,3,3,8.0,8.0,3,3,3,3,55-64,9999,Yes,,1,1,,,,,,,,,,
2024,12054,FL,19325.0,19325002700.0,Conventional:Purchase,Single Family (1-4 Units):Site-Built,Not Hispanic or Latino,Not Hispanic or Latino,Female,1,35,425000.0,,6.5,,2,33992.05,,10197.8,8302.8,,3,3,3,3,1,,152.0,,3,3,3.0,3.0,3,3,7.0,7.0,3,3,3,3,66-74,9999,Yes,,1,1,,,,,,,,,,
2024,9017,PA,19669.0,19669013700.0,VA:Purchase,Single Family (1-4 Units):Site-Built,Not Hispanic or Latino,Not Hispanic or Latino,Female,5,35,450000.0,,6.25,,3,35192.05,,10197.8,8302.8,,3,3,3,3,1,,156.0,,3,3,3.0,3.0,3,3,8.0,8.0,3,3,3,3,55-64,9999,Yes,,1,1,,,,,,,,,,
2024,13835,TX,19913.0,19913002700.0,FHA:Purchase,Single Family (1-4 Units):Site-Built,Not Hispanic or Latino,Not Hispanic or Latino,Female,2,35,425000.0,,6.75,,2,36392.05,,10197.8,8302.8,,3,3,3,3,1,,160.0,,3,3,3.0,3.0,3,3,7.0,7.0,3,3,3,3,66-74,9999,Yes,,1,1,,,,,,,,,,
2024,12054,FL,20201.0,20201013000.0,Conventional:Purchase,Single Family (1-4 Units):Site-Built,Not Hispanic or Latino,Not Hispanic or Latino,Female,4,35,450000.0,,6.5,,3,37592.05,,10197.8,8302.8,,3,3,3,3,1,,164.0,,3,3,3.0,3.0,3,3,8.0,8.0,3,3,3,3,55-64,9999,Yes,,1,1,,,,,,,,,,
2024,9017,PA,20489.0,20489002700.0,VA:Purchase,Single Family (1-4 Units):Site-Built,Not Hispanic or Latino,Not Hispanic or Latino,Female,1,35,475000.0,,6.25,,2,38792.05,,10197.8,8302.8,,3,3,3,3,1,,168.0,,3,3,3.0,3.0,3,3,7.0,7.0,3,3,3,3,66-74,9999,Yes,,1,1,,,,,,,,,,
2024,13835,TX,20776.0,20776010200.0,FHA:Purchase,Single Family (1-4 Units):Site-Built,Not Hispanic or Latino,Not Hispanic or Latino,Female,5,35,450000.0,,6.75,,3,39992.05,,10197.8,8302.8,,3,3,3,3,1,,172.0,,3,3,3.0,3.0,3,3,8.0,8.0,3,3,3,3,55-64,9999,Yes,,1,1,,,,,,,,,,
2024,12054,FL,21152.0,21152002700.0,Conventional:Purchase,Single Family (1-4 Units):Site-Built,Not Hispanic or Latino,Not Hispanic or Latino,Female,2,35,475000.0,,6.5,,2,41192.05,,10197.8,8302.8,,3,3,3,3,1,,176.0,,3,3,3.0,3.0,3,3,7.0,7.0,3,3,3,3,66-74,9999,Yes,,1,1,,,,,,,,,,
2024,9017,PA,21428.0,21428013700.0,VA:Purchase,Single Family (1-4 Units):Site-Built,Not Hispanic or Latino,Not Hispanic or Latino,Female,4,35,500000.0,,6.25,,3,42392.05,,10197.8,8302.8,,3,3,3,3,1,,180.0,,3,3,3.0,3.0,3,3,8.0,8.0,3,3,3,3,55-64,9999,Yes,,1,1,,,,,,,,,,
2024,13835,TX,21704.0,21704002700.0,FHA:Purchase,Single Family (1-4 Units):Site-Built,Not Hispanic or Latino,Not Hispanic or Latino,Female,1,35,475000.0,,6.75,,2,43592.05,,10197.8,8302.8,,3,3,3,3,1,,184.0,,3,3,3.0,3.0,3,3,7.0,7.0,3,3,3,3,66-74,9999,Yes,,1,1,,,,,,,,,,
2024,12054,FL,22056.0,22056013000.0,Conventional:Purchase,Single Family (1-4 Units):Site-Built,Not Hispanic or Latino,Not Hispanic or Latino,Female,5,35,500000.0,,6.5,,3,44792.05,,10197.8,8302.8,,3,3,3,3,1,,188.0,,3,3,3.0,3.0,3,3,8.0,8.0,3,3,3,3,55-64,9999,Yes,,1,1,,,,,,,,,,
2024,9017,PA,22398.0,22398002700.0,VA:Purchase,Single Family (1-4 Units):Site-Built,Not Hispanic or Latino,Not Hispanic or Latino,Female,2,35,525000.0,,6.25,,2,45992.05,,10197.8,8302.8,,3,3,3,3,1,,192.0,,3,3,3.0,3.0,3,3,7.0,7.0,3,3,3,3,66-74,9999,Yes,,1,1,,,,,,,,,,
2024,13835,TX,22641.0,22641002700.0,FHA:Purchase,Single Family (1-4 Units):Site-Built,Not Hispanic or Latino,Not Hispanic or Latino,Female,4,35,500000.0,,6.75,,3,47192.05,,10197.8,8302.8,,3,3,3,3,1,,196.0,,3,3,3.0,3.0,3,3,8.0,8.0,3,3,3,3,55-64,9999,Yes,,1,1,,,,,,,,,,
2024,12054,FL,22984.0,22984002700.0,Conventional:Purchase,Single Family (1-4 Units):Site-Built,Not Hispanic or Latino,Not Hispanic or Latino,Female,1,35,525000.0,,6.5,,2,48392.05,,10197.8,8302.8,,3,3,3,3,1,,200.0,,3,3,3.0,3.0,3,3,7.0,7.0,3,3,3,3,66-74,9999,Yes,,1,1,,,,,,,,,,
2024,9017,PA,23327.0,23327013700.0,VA:Purchase,Single Family (1-4 Units):Site-Built,Not Hispanic or Latino,Not Hispanic or Latino,Female,5,35,550000.0,,6.25,,3,49592.05,,10197.8,8302.8,,3,3,3,3,1,,204.0,,3,3,3.0,3.0,3,3,8.0,8.0,3,3,3,3,55-64,9999,Yes,,1,1,,,,,,,,,,
2024,13835,TX,23671.0,23671002700.0,FHA:Purchase,Single Family (1-4 Units):Site-Built,Not Hispanic or Latino,Not Hispanic or Latino,Female,2,35,525000.0,,6.75,,2,50792.05,,10197.8,8302.8,,3,3,3,3,1,,208.0,,3,3,3.0,3.0,3,3,7.0,7.0,3,3,3,3,66-74,9999,Yes,,1,1,,,,,,,,,,
2024,12054,FL,24018.0,24018002700.0,Conventional:Purchase,Single Family (1-4 Units):Site-Built,Not Hispanic or Latino,Not Hispanic or Latino,Female,4,35,550000.0,,6.5,,3,51992.05,,10197.8,8302.8,,3,3,3,3,1,,212.0,,3,3,3.0,3.0,3,3,8.0,8.0,3,3,3,3,55-64,9999,Yes,,1,1,,,,,,,,,,
2024,9017,PA,24365.0,24365002700.0,VA:Purchase,Single Family (1-4 Units):Site-Built,Not Hispanic or Latino,Not Hispanic or Latino,Female,1,35,575000.0,,6.25,,2,53192.05,,10197.8,8302.8,,3,3,3,3,1,,216.0,,3,3,3.0,3.0,3,3,7.0,7.0,3,3,3,3,66-74,9999,Yes,,1,1,,,,,,,,,,
2024,13835,TX,24650.0,24650002700.0,FHA:Purchase,Single Family (1-4 Units):Site-Built,Not Hispanic or Latino,Not Hispanic or Latino,Female,5,35,525000.0,,6.75,,3,54392.05,,10197.8,8302.8,,3,3,3,3,1,,220.0,,3,3,3.0,3.0,3,3,8.0,8.0,3,3,3,3,55-64,9999,Yes,,1,1,,,,,,,,,,
2024,12054,FL,24983.0,24983002700.0,Conventional:Purchase,Single Family (1-4 Units):Site-Built,Not Hispanic or Latino,Not Hispanic or Latino,Female,2,35,575000.0,,6.5,,2,55592.05,,10197.8,8302.8,,3,3,3,3,1,,224.0,,3,3,3.0,3.0,3,3,7.0,7.0,3,3,3,3,66-74,9999,Yes,,1,1,,,,,,,,,,
2024,9017,PA,25317.0,25317013700.0,VA:Purchase,Single Family (1-4 Units):Site-Built,Not Hispanic or Latino,Not Hispanic or Latino,Female,4,35,600000.0,,6.25,,3,56792.05,,10197.8,8302.8,,3,3,3,3,1,,228.0,,3,3,3.0,3.0,3,3,8.0,8.0,3,3,3,3,55-64,9999,Yes,,1,1,,,,,,,,,,
2024,13835,TX,25641.0,25641002700.0,FHA:Purchase,Single Family (1-4 Units):Site-Built,Not Hispanic or Latino,Not Hispanic or Latino,Female,1,35,575000.0,,6.75,,2,57992.05,,10197.8,8302.8,,3,3,3,3,1,,232.0,,3,3,3.0,3.0,3,3,7.0,7.0,3,3,3,3,66-74,9999,Yes,,1,1,,,,,,,,,,
2024,12054,FL,26005.0,26005002700.0,Conventional:Purchase,Single Family (1-4 Units):Site-Built,Not Hispanic or Latino,Not Hispanic or Latino,Female,5,35,600000.0,,6.5,,3,59192.05,,10197.8,8302.8,,3,3,3,3,1,,236.0,,3,3,3.0,3.0,3,3,8.0,8.0,3,3,3,3,55-64,9999,Yes,,1,1,,,,,,,,,,
2024,9017,PA,26370.0,26370002700.0,VA:Purchase,Single Family (1-4 Units):Site-Built,Not Hispanic or Latino,Not Hispanic or Latino,Female,2,35,625000.0,,6.25,,2,60392.05,,10197.8,8302.8,,3,3,3,3,1,,240.0,,3,3,3.0,3.0,3,3,7.0,7.0,3,3,3,3,66-74,9999,Yes,,1,1,,,,,,,,,,
2024,13835,TX,26735.0,26735002700.0,FHA:Purchase,Single Family (1-4 Units):Site-Built,Not Hispanic or Latino,Not Hispanic or Latino,Female,4,35,600000.0,,6.75,,3,61592.05,,10197.8,8302.8,,3,3,3,3,1,,244.0,,3,3,3.0,3.0,3,3,8.0,8.0,3,3,3,3,55-64,9999,Yes,,1,1,,,,,,,,,,
2024,12054,FL,27161.0,27161002700.0,Conventional:Purchase,Single Family (1-4 Units):Site-Built,Not Hispanic or Latino,Not Hispanic or Latino,Female,1,35,625000.0,,6.5,,2,62792.05,,10197.8,8302.8,,3,3,3,3,1,,248.0,,3,3,3.0,3.0,3,3,7.0,7.0,3,3,3,3,66-74,9999,Yes,,1,1,,,,,,,,,,
2024,"Chicago-Naperville-Elgin, IL",17,7034.0,7034010100.0,FHA:First Lien,Single Family (1-4 Units):Site-Built,Not Hispanic or Latino,White,Female,File closed for incompleteness,48,150000.0,,,,2,,,,,,180,,,2,2,2,2,,1,1,3,5,1,,96.0,,1111,1111,2.0,5.0,2,4,5.0,8.0,2,4,1,5,2,4,35-44,9999,Yes,,1,1
2024,"New Orleans-Metairie, LA",22,11393.0,11393110700.0,VA:First Lien,Single Family (1-4 Units):Site-Built,Not Hispanic or Latino,White,Male,Application denied,35,320000.0,,,,3,,,,,,360,,,2,2,2,2,,1,1,3,5,1,,108.0,,3,10,3.0,5.0,2,4,6.0,8.0,2,4,3,5,2,4,45-54,9999,Yes,,1,1
2024,10449,CA,19044.0,19044120900.0,FHA:First Lien,Single Family (1-4 Units):Site-Built,Not Hispanic or Latino,White,Female,6,33,280000.0,,6.125,,2,21392.19,,13825.5,8757.2,,340.0,,,2,2,2,2,300000.0,1,1,3,5,1,,,,9,9,3.0,3.0,3,3,9.0,9.0,3,3,4,4,3,3,8888,8888,,,3,3
2024,3055,NY,12961.0,12961095500.0,Conventional:Subordinate Lien,Single Family (1-4 Units):Site-Built,Not Hispanic or Latino,White,Male,File closed for incompleteness,28,170000.0,,,,3,,,,,,240,,,2,2,2,2,,1,1,3,5,1,,96.0,,1111,1111,2.0,5.0,2,4,5.0,8.0,2,4,1,5,2,4,55-64,9999,Yes,,1,1
2024,7034,FL,12149.0,12149060500.0,VA:First Lien,Single Family (1-4 Units):Site-Built,Not Hispanic or Latino,White,Female,Application denied,48,340000.0,,,,3,,,,,,360,,,2,2,2,2,,1,1,3,5,1,,108.0,,3,10,3.0,5.0,2,4,6.0,8.0,2,4,3,5,2,4,35-44,9999,Yes,,1,1
2024,4131,TX,11677.0,11677010529.0,FHA:First Lien,Single Family (1-4 Units):Site-Built,Not Hispanic or Latino,White,Male,6,39,280000.0,,6.875,,2,22292.04,,13999.5,8322.8,,300.0,,,2,2,2,2,300000.0,1,1,3,5,1,,,,9,9,4.0,4.0,3,3,7.0,7.0,3,3,4,4,3,3,8888,8888,,,3,3
2024,3128,IL,14751.0,14751100500.0,Conventional:Subordinate Lien,Single Family (1-4 Units):Site-Built,Not Hispanic or Latino,White,Female,File closed for incompleteness,35,180000.0,,,,3,,,,,,240,,,2,2,2,2,,1,1,3,5,1,,96.0,,1111,1111,2.0,5.0,2,4,5.0,8.0,2,4,1,5,2,4,65-74,9999,Yes,,1,1
2024,11393,LA,13095.0,13095010700.0,FHA:First Lien,Single Family (1-4 Units):Site-Built,Not Hispanic or Latino,White,Male,Application denied,48,380000.0,,,,3,,,,,,360,,,2,2,2,2,,1,1,3,5,1,,108.0,,3,10,3.0,5.0,2,4,6.0,8.0,2,4,3,5,2,4,45-54,9999,Yes,,1,1
2024,7041,FL,14450.0,14450110700.0,Conventional:Subordinate Lien,Single Family (1-4 Units):Site-Built,Not Hispanic or Latino,White,Female,File closed for incompleteness,35,190000.0,,,,3,,,,,,240,,,2,2,2,2,,1,1,3,5,1,,96.0,,1111,1111,2.0,5.0,2,4,5.0,8.0,2,4,1,5,2,4,55-64,9999,Yes,,1,1
2024,4131,TX,13040.0,13040120900.0,FHA:First Lien,Single Family (1-4 Units):Site-Built,Not Hispanic or Latino,White,Male,6,41,290000.0,,6.875,,2,23592.05,,14625.5,8897.2,,300.0,,,2,2,2,2,310000.0,1,1,3,5,1,,,,9,9,4.0,4.0,3,3,7.0,7.0,3,3,4,4,3,3,8888,8888,,,3,3
2024,3128,IL,13785.0,13785010500.0,Conventional:Subordinate Lien,Single Family (1-4 Units):Site-Built,Not Hispanic or Latino,White,Female,File closed for incompleteness,28,220000.0,,,,3,,,,,,240,,,2,2,2,2,,1,1,3,5,1,,96.0,,1111,1111,2.0,5.0,2,4,5.0,8.0,2,4,1,5,2,4,65-74,9999,Yes,,1,1
2024,11393,LA,13294.0,13294010529.0,FHA:First Lien,Single Family (1-4 Units):Site-Built,Not Hispanic or Latino,White,Male,Application denied,33,220000.0,,6.875,,2,19592.04,,12599.5,7002.8,,300.0,,,2,2,2,2,270000.0,1,1,3,5,1,,,,9,9,4.0,4.0,3,3,7.0,7.0,3,3,4,4,3,3,8888,8888,,,3,3
2024,7041,FL,13580.0,13580120900.0,VA:First Lien,Single Family (1-4 Units):Site-Built,Not Hispanic or Latino,White,Female,File closed for incompleteness,41,260000.0,,,,3,,,,,,240,,,2,2,2,2,,1,1,3,5,1,,96.0,,1111,1111,2.0,5.0,2,4,5.0,8.0,2,4,1,5,2,4,35-44,9999,Yes,,1,1
2024,4131,TX,12535.0,12535010500.0,FHA:First Lien,Single Family (1-4 Units):Site-Built,Not Hispanic or Latino,White,Male,6,39,290000.0,,6.875,,2,25392.05,,16399.5,8902.8,,300.0,,,2,2,2,2,300000.0,1,1,3,5,1,,,,9,9,4.0,4.0,3,3,7.0,7.0,3,3,4,4,3,3,8888,8888,,,3,3
2024,3128,IL,13194.0,13194010700.0,Conventional:Subordinate Lien,Single Family (1-4 Units):Site-Built,Not Hispanic or Latino,White,Female,File closed for incompleteness,48,180000.0,,,,3,,,,,,240,,,2,2,2,2,,1,1,3,5,1,,96.0,,1111,1111,2.0,5.0,2,4,5.0,8.0,2,4,1,5,2,4,55-64,9999,Yes,,1,1
2024,11393,LA,12481.0,12481010500.0,VA:First Lien,Single Family (1-4 Units):Site-Built,Not Hispanic or Latino,White,Male,Application denied,35,380000.0,,,,3,,,,,,360,,,2,2,2,2,,1,1,3,5,1,,108.0,,3,10,3.0,5.0,2,4,6.0,8.0,2,4,3,5,2,4,45-54,9999,Yes,,1,1
2024,7041,FL,12149.0,12149010500.0,FHA:First Lien,Single Family (1-4 Units):Site-Built,Not Hispanic or Latino,White,Female,File closed for incompleteness,41,200000.0,,,,3,,,,,,240,,,2,2,2,2,,1,1,3,5,1,,96.0,,1111,1111,2.0,5.0,2,4,5.0,8.0,2,4,1,5,2,4,35-44,9999,Yes,,1,1
2024,4131,TX,11655.0,11655010500.0,VA:First Lien,Single Family (1-4 Units):Site-Built,Not Hispanic or Latino,White,Male,6,33,250000.0,,6.875,,2,21692.05,,14299.5,7342.8,,300.0,,,2,2,2,2,280000.0,1,1,3,5,1,,,,9,9,4.0,4.0,3,3,7.0,7.0,3,3,4,4,3,3,8888,8888,,,3,3
2024,3128,IL,11360.0,11360010500.0,Conventional:Subordinate Lien,Single Family (1-4 Units):Site-Built,Not Hispanic or Latino,White,Female,File closed for incompleteness,48,240000.0,,,,3,,,,,,240,,,2,2,2,2,,1,1,3,5,1,,96.0,,1111,1111,2.0,5.0,2,4,5.0,8.0,2,4,1,5,2,4,65-74,9999,Yes,,1,1
2024,11393,LA,10792.0,10792010529.0,FHA:First Lien,Single Family (1-4 Units):Site-Built,Not Hispanic or Latino,White,Male,Application denied,35,420000.0,,,,3,,,,,,360,,,2,2,2,2,,1,1,3,5,1,,108.0,,3,10,3.0,5.0,2,4,6.0,8.0,2,4,3,5,2,4,45-54,9999,Yes,,1,1
2024,7041,FL,10450.0,10450110700.0,VA:First Lien,Single Family (1-4 Units):Site-Built,Not Hispanic or Latino,White,Female,File closed for incompleteness,41,260000.0,,,,3,,,,,,240,,,2,2,2,2,,1,1,3,5,1,,96.0,,1111,1111,2.0,5.0,2,4,5.0,8.0,2,4,1,5,2,4,35-44,9999,Yes,,1,1
2024,4131,TX,10044.0,10044010500.0,FHA:First Lien,Single Family (1-4 Units):Site-Built,Not Hispanic or Latino,White,Male,6,33,300000.0,,6.875,,2,26392.05,,17399.5,8592.8,,300.0,,,2,2,2,2,320000.0,1,1,3,5,1,,,,9,9,4.0,4.0,3,3,7.0,7.0,3,3,4,4,3,3,8888,8888,,,3,3
2024,3128,IL,9614.0,96141010500.0,Conventional:Subordinate Lien,Single Family (1-4 Units):Site-Built,Not Hispanic or Latino,White,Female,File closed for incompleteness,48,220000.0,,,,3,,,,,,240,,,2,2,2,2,,1,1,3,5,1,,96.0,,1111,1111,2.0,5.0,2,4,5.0,8.0,2,4,1,5,2,4,65-74,9999,Yes,,1,1
2024,11393,LA,9419.0,94191010500.0,VA:First Lien,Single Family (1-4 Units):Site-Built,Not Hispanic or Latino,White,Male,Application denied,35,420000.0,,,,3,,,,,,360,,,2,2,2,2,,1,1,3,5,1,,108.0,,3,10,3.0,5.0,2,4,6.0,8.0,2,4,3,5,2,4,45-54,9999,Yes,,1,1
2024,7041,FL,9366.0,93661010500.0,FHA:First Lien,Single Family (1-4 Units):Site-Built,Not Hispanic or Latino,White,Female,File closed for incompleteness,41,240000.0,,,,3,,,,,,240,,,2,2,2,2,,1,1,3,5,1,,96.0,,1111,1111,2.0,5.0,2,4,5.0,8.0,2,4,1,5,2,4,35-44,9999,Yes,,1,1
2024,4131,TX,9241.0,92411010500.0,VA:First Lien,Single Family (1-4 Units):Site-Built,Not Hispanic or Latino,White,Male,6,33,300000.0,,6.875,,2,27692.05,,18699.5,8992.8,,300.0,,,2,2,2,2,320000.0,1,1,3,5,1,,,,9,9,4.0,4.0,3,3,7.0,7.0,3,3,4,4,3,3,8888,8888,,,3,3
2024,3128,IL,9118.0,91181010500.0,Conventional:Subordinate Lien,Single Family (1-4 Units):Site-Built,Not Hispanic or Latino,White,Female,File closed for incompleteness,48,240000.0,,,,3,,,,,,240,,,2,2,2,2,,1,1,3,5,1,,96.0,,1111,1111,2.0,5.0,2,4,5.0,8.0,2,4,1,5,2,4,65-74,9999,Yes,,1,1
2024,11393,LA,8914.0,89141010500.0,VA:First Lien,Single Family (1-4 Units):Site-Built,Not Hispanic or Latino,White,Male,Application denied,35,440000.0,,,,3,,,,,,360,,,2,2,2,2,,1,1,3,5,1,,108.0,,3,10,3.0,5.0,2,4,6.0,8.0,2,4,3,5,2,4,45-54,9999,Yes,,1,1
2024,7041,FL,8761.0,87611010500.0,FHA:First Lien,Single Family (1-4 Units):Site-Built,Not Hispanic or Latino,White,Female,File closed for incompleteness,41,260000.0,,,,3,,,,,,240,,,2,2,2,2,,1,1,3,5,1,,96.0,,1111,1111,2.0,5.0,2,4,5.0,8.0,2,4,1,5,2,4,35-44,9999,Yes,,1,1
2024,4131,TX,8634.0,86341010500.0,Conventional:Subordinate Lien,Single Family (1-4 Units):Site-Built,Not Hispanic or Latino,White,Male,6,33,320000.0,,6.875,,2,29192.05,,20199.5,9092.8,,300.0,,,2,2,2,2,340000.0,1,1,3,5,1,,,,9,9,4.0,4.0,3,3,7.0,7.0,3,3,4,4,3,3,8888,8888,,,3,3
2024,3128,IL,8462.0,84621010500.0,FHA:First Lien,Single Family (1-4 Units):Site-Built,Not Hispanic or Latino,White,Female,File closed for incompleteness,48,250000.0,,,,3,,,,,,240,,,2,2,2,2,,1,1,3,5,1,,96.0,,1111,1111,2.0,5.0,2,4,5.0,8.0,2,4,1,5,2,4,65-74,9999,Yes,,1,1
2024,11393,LA,8276.0,82761010500.0,Conventional:Subordinate Lien,Single Family (1-4 Units):Site-Built,Not Hispanic or Latino,White,Male,Application denied,35,460000.0,,,,3,,,,,,360,,,2,2,2,2,,1,1,3,5,1,,108.0,,3,10,3.0,5.0,2,4,6.0,8.0,2,4,3,5,2,4,45-54,9999,Yes,,1,1
2024,7041,FL,8133.0,81331010500.0,VA:First Lien,Single Family (1-4 Units):Site-Built,Not Hispanic or Latino,White,Female,File closed for incompleteness,41,280000.0,,,,3,,,,,,240,,,2,2,2,2,,1,1,3,5,1,,96.0,,1111,1111,2.0,5.0,2,4,5.0,8.0,2,4,1,5,2,4,35-44,9999,Yes,,1,1
2024,4131,TX,8000.0,80001010500.0,FHA:First Lien,Single Family (1-4 Units):Site-Built,Not Hispanic or Latino,White,Male,6,33,340000.0,,6.875,,2,30692.05,,21699.5,9092.8,,300.0,,,2,2,2,2,360000.0,1,1,3,5,1,,,,9,9,4.0,4.0,3,3,7.0,7.0,3,3,4,4,3,3,8888,8888,,,3,3
2024,3128,IL,7830.0,78301010500.0,Conventional:Subordinate Lien,Single Family (1-4 Units):Site-Built,Not Hispanic or Latino,White,Female,File closed for incompleteness,48,260000.0,,,,3,,,,,,240,,,2,2,2,2,,1,1,3,5,1,,96.0,,1111,1111,2.0,5.0,2,4,5.0,8.0,2,4,1,5,2,4,65-74,9999,Yes,,1,1
2024,11393,LA,7676.0,76761010500.0,VA:First Lien,Single Family (1-4 Units):Site-Built,Not Hispanic or Latino,White,Male,Application denied,35,480000.0,,,,3,,,,,,360,,,2,2,2,2,,1,1,3,5,1,,108.0,,3,10,3.0,5.0,2,4,6.0,8.0,2,4,3,5,2,4,45-54,9999,Yes,,1,1
2024,7041,FL,7563.0,75631010500.0,FHA:First Lien,Single Family (1-4 Units):Site-Built,Not Hispanic or Latino,White,Female,File closed for incompleteness,41,300000.0,,,,3,,,,,,240,,,2,2,2,2,,1,1,3,5,1,,96.0,,1111,1111,2.0,5.0,2,4,5.0,8.0,2,4,1,5,2,4,35-44,9999,Yes,,1,1
2024,4131,TX,7403.0,74031010500.0,VA:First Lien,Single Family (1-4 Units):Site-Built,Not Hispanic or Latino,White,Male,6,33,360000.0,,6.875,,2,32192.05,,23199.5,9092.8,,300.0,,,2,2,2,2,380000.0,1,1,3,5,1,,,,9,9,4.0,4.0,3,3,7.0,7.0,3,3,4,4,3,3,8888,8888,,,3,3
2024,3128,IL,7238.0,72381010500.0,Conventional:Subordinate Lien,Single Family (1-4 Units):Site-Built,Not Hispanic or Latino,White,Female,File closed for incompleteness,48,270000.0,,,,3,,,,,,240,,,2,2,2,2,,1,1,3,5,1,,96.0,,1111,1111,2.0,5.0,2,4,5.0,8.0,2,4,1,5,2,4,65-74,9999,Yes,,1,1
2024,11393,LA,7078.0,70781010500.0,FHA:First Lien,Single Family (1-4 Units):Site-Built,Not Hispanic or Latino,White,Male,Application denied,35,500000.0,,,,3,,,,,,360,,,2,2,2,2,,1,1,3,5,1,,108.0,,3,10,3.0,5.0,2,4,6.0,8.0,2,4,3,5,2,4,45-54,9999,Yes,,1,1
2024,7041,FL,6949.0,69491010500.0,VA:First Lien,Single Family (1-4 Units):Site-Built,Not Hispanic or Latino,White,Female,File closed for incompleteness,41,320000.0,,,,3,,,,,,240,,,2,2,2,2,,1,1,3,5,1,,96.0,,1111,1111,2.0,5.0,2,4,5.0,8.0,2,4,1,5,2,4,35-44,9999,Yes,,1,1
2024,4131,TX,6818.0,68181010500.0,FHA:First Lien,Single Family (1-4 Units):Site-Built,Not Hispanic or Latino,White,Male,6,33,380000.0,,6.875,,2,33692.05,,24699.5,9092.8,,300.0,,,2,2,2,2,400000.0,1,1,3,5,1,,,,9,9,4.0,4.0,3,3,7.0,7.0,3,3,4,4,3,3,8888,8888,,,3,3
2024,3128,IL,6686.0,66881010500.0,Conventional:Subordinate Lien,Single Family (1-4 Units):Site-Built,Not Hispanic or Latino,White,Female,File closed for incompleteness,48,280000.0,,,,3,,,,,,240,,,2,2,2,2,,1,1,3,5,1,,96.0,,1111,1111,2.0,5.0,2,4,5.0,8.0,2,4,1,5,2,4,65-74,9999,Yes,,1,1
2024,11393,LA,6540.0,65401010500.0,VA:First Lien,Single Family (1-4 Units):Site-Built,Not Hispanic or Latino,White,Male,Application denied,35,520000.0,,,,3,,,,,,360,,,2,2,2,2,,1,1,3,5,1,,108.0,,3,10,3.0,5.0,2,4,6.0,8.0,2,4,3,5,2,4,45-54,9999,Yes,,1,1
2024,7041,FL,6392.0,63921010500.0,FHA:First Lien,Single Family (1-4 Units):Site-Built,Not Hispanic or Latino,White,Female,File closed for incompleteness,41,340000.0,,,,3,,,,,,240,,,2,2,2,2,,1,1,3,5,1,,96.0,,1111,1111,2.0,5.0,2,4,5.0,8.0,2,4,1,5,2,4,35-44,9999,Yes,,1,1
2024,4131,TX,6244.0,62441010500.0,FHA:First Lien,Single Family (1-4 Units):Site-Built,Not Hispanic or Latino,White,Male,6,33,400000.0,,6.875,,2,35192.05,,26199.5,9092.8,,300.0,,,2,2,2,2,420000.0,1,1,3,5,1,,,,9,9,4.0,4.0,3,3,7.0,7.0,3,3,4,4,3,3,8888,8888,,,3,3
2024,3128,IL,6102.0,61021010500.0,Conventional:Subordinate Lien,Single Family (1-4 Units):Site-Built,Not Hispanic or Latino,White,Female,File closed for incompleteness,48,290000.0,,,,3,,,,,,240,,,2,2,2,2,,1,1,3,5,1,,96.0,,1111,1111,2.0,5.0,2,4,5.0,8.0,2,4,1,5,2,4,65-74,9999,Yes,,1,1
2024,"Boston-Cambridge-Nashua, MA-NH","""MA""","""10200.0""","""10200990165.0""","""FHA:First Lien""","""Single Family (1-4 Units):Site-Built""","""Hispanic or Latino""","""Asian""","""Female""","""File closed for incompleteness""","""32""","""295000.0""","""5""","""6.625""","""3""","""2""","""2""","""913.88""","""29500.0""","""0""","""30""","""1""","""1""","""1""","""5""","""1""","""1""","""3""","""5""","""1""","""120.0""","""1231""","""5""","""2.5""","""3.0""","""2""","""4""","""4.0""","""8.0""","""2""","""4""","""1""","""5""","""2""","""4""","""75-84""","""9999""","""Yes""","""""","""1""",,,,,,,
2024,"Philadelphia-Camden-Wilmington, PA-NJ-DE-MD","""PA""","""43896.0""","""43896110287.0""","""VA:First Lien""","""Single Family (1-4 Units):Site-Built""","""Not Hispanic or Latino""","""White""","""Male""","""Application denied""","""32""","""275000.0""","""6""","""6.5""","""3""","""2""","""2""","""8501.45""","""275000.0""","""0""","""15""","""1""","""1""","""1""","""5""","""1""","""1""","""3""","""5""","""1""","""109.0""","""1111""","""2""","""3.5""","""4.0""","""2""","""4""","""6.0""","""8.0""","""2""","""4""","""3""","""5""","""2""","""4""","""25-44""","""9999""","""Yes""","""""","""1""",,,,,,,
2024,"New York-Newark-Jersey City, NY-NJ-PA","""NY""","""34341.0""","""34341310425.0""","""FHA:First Lien""","""Single Family (1-4 Units):Site-Built""","""Not Hispanic or Latino""","""White""","""Male""","""File closed for incompleteness""","""32""","""385000.0""","""7""","""6.75""","""3""","""2""","""2""","""12292.83""","""385000.0""","""0""","""30""","""1""","""1""","""1""","""5""","""1""","""1""","""3""","""5""","""1""","""110.0""","""1111""","""3""","""4.0""","""5.0""","""2""","""4""","""4.0""","""8.0""","""2""","""4""","""1""","""5""","""2""","""4""","""45-54""","""9999""","""Yes""","""""","""1""",,,,,,,
2024,"Washington-Baltimore-Arlington, DC-MD-VA","""MD""","""27449.0""","""27449660435.0""","""Conventional:First Lien""","""Single Family (1-4 Units):Site-Built""","""Not Hispanic or Latino""","""White""","""Female""","""Application denied""","""32""","""420000.0""","""5""","""6.25""","""3""","""2""","""2""","""12000.00""","""420000.0""","""0""","""30""","""1""","""1""","""1""","""5""","""1""","""1""","""3""","""5""","""1""","""121.0""","""1231""","""4""","""3.0""","""4.0""","""2""","""4""","""5.0""","""8.0""","""2""","""4""","""3""","""5""","""2""","""4""","""55-64""","""9999""","""Yes""","""""","""1""",,,,,,,
2024,"Dallas-Fort Worth, TX-OK","""TX""","""15372.0""","""15372301135.0""","""VA:First Lien""","""Single Family (1-4 Units):Site-Built""","""Not Hispanic or Latino""","""White""","""Male""","""6""","""32""","""310000.0""","""5""","""6.375""","""3""","""2""","""2""","""9815.45""","""310000.0""","""0""","""30""","""1""","""1""","""1""","""5""","""1""","""1""","""3""","""5""","""1""","""105.0""","""1111""","""2""","""2.5""","""3.0""","""2""","""4""","""3.0""","""8.0""","""2""","""4""","""1""","""5""","""2""","""4""","""65-74""","""9999""","""Yes""","""""","""1""",,,,,,,
2024,"Los Angeles-Long Beach-Anaheim, CA","""CA""","""11559.0""","""11559120567.0""","""FHA:First Lien""","""Single Family (1-4 Units):Site-Built""","""Not Hispanic or Latino""","""White""","""Female""","""File closed for incompleteness""","""32""","""345000.0""","""6""","""6.5""","""3""","""2""","""2""","""10800.00""","""345000.0""","""0""","""30""","""1""","""1""","""1""","""5""","""1""","""1""","""3""","""5""","""1""","""117.0""","""1231""","""5""","""4.0""","""5.0""","""2""","""4""","""4.0""","""8.0""","""2""","""4""","""3""","""5""","""2""","""4""","""45-54""","""9999""","""Yes""","""""","""1""",,,,,,,
2024,"Houston-The Woodlands, TX","""TX""","""13632.0""","""13632010825.0""","""Conventional:First Lien""","""Single Family (1-4 Units):Site-Built""","""Not Hispanic or Latino""","""White""","""Male""","""Application denied""","""32""","""295000.0""","""5""","""6.25""","""3""","""2""","""2""","""9327.88""","""295000.0""","""0""","""30""","""1""","""1""","""1""","""5""","""1""","""1""","""3""","""5""","""1""","""100.0""","""1111""","""2""","""2.5""","""3.0""","""2""","""4""","""5.0""","""8.0""","""2""","""4""","""1""","""5""","""2""","""4""","""55-64""","""9999""","""Yes""","""""","""1""",,,,,,,
2024,"Chicago-Naperville, IL-IN-WI","""IL""","""51793.0""","""51793310133.0""","""VA:First Lien""","""Single Family (1-4 Units):Site-Built""","""Not Hispanic or Latino""","""White""","""Female""","""File closed for incompleteness""","""32""","""385000.0""","""6""","""6.5""","""3""","""2""","""2""","""12015.00""","""385000.0""","""0""","""30""","""1""","""1""","""1""","""5""","""1""","""1""","""3""","""5""","""1""","""115.0""","""1231""","""4""","""3.5""","""4.0""","""2""","""4""","""4.0""","""8.0""","""2""","""4""","""3""","""5""","""2""","""4""","""65-74""","""9999""","""Yes""","""""","""1""",,,,,,,
2024,"San Francisco-Oakland-Berkeley, CA","""CA""","""15413.0""","""15413400929.0""","""FHA:First Lien""","""Single Family (1-4 Units):Site-Built""","""Not Hispanic or Latino""","""White""","""Male""","""Application denied""","""32""","""395000.0""","""5""","""6.25""","""3""","""2""","""2""","""10165.45""","""395000.0""","""0""","""30""","""1""","""1""","""1""","""5""","""1""","""1""","""3""","""5""","""1""","""104.0""","""1111""","""3""","""3.5""","""4.0""","""2""","""4""","""3.0""","""8.0""","""2""","""4""","""1""","""5""","""2""","""4""","""45-54""","""9999""","""Yes""","""""","""1""",,,,,,,
2024,"Atlanta-Sandy Springs-Alpharetta, GA","""GA""","""15991.0""","""15991330128.0""","""Conventional:Subordinate Lien""","""Single Family (1-4 Units):Site-Built""","""Not Hispanic or Latino""","""White""","""Female""","""File closed for incompleteness""","""32""","""295000.0""","""6""","""6.5""","""3""","""2""","""2""","""9360.00""","""295000.0""","""0""","""30""","""1""","""1""","""1""","""5""","""1""","""1""","""3""","""5""","""1""","""108.0""","""1231""","""5""","""4.0""","""5.0""","""2""","""4""","""4.0""","""8.0""","""2""","""4""","""1""","""5""","""2""","""4""","""55-64""","""9999""","""Yes""","""""","""1""",,,,,,,
2024,"Seattle-Tacoma-Bellevue, WA","""WA""","""10649.0""","""10649390550.0""","""FHA:First Lien""","""Single Family (1-4 Units):Site-Built""","""Not Hispanic or Latino""","""White""","""Male""","""Application denied""","""32""","""375000.0""","""5""","""6.375""","""3""","""2""","""2""","""11719.88""","""375000.0""","""0""","""30""","""1""","""1""","""1""","""5""","""1""","""1""","""3""","""5""","""1""","""113.0""","""1231""","""4""","""3.5""","""3.5""","""2""","""4""","""4.0""","""8.0""","""2""","""4""","""3""","""5""","""2""","""4""","""65-74""","""9999""","""Yes""","""""","""1""",,,,,,,
2024,"Denver-Aurora-Lakewood, CO","""CO""","""51641.0""","""51641400828.0""","""VA:First Lien""","""Single Family (1-4 Units):Site-Built""","""Not Hispanic or Latino""","""White""","""Female""","""File closed for incompleteness""","""32""","""425000.0""","""6""","""6.5""","""3""","""2""","""2""","""13500.00""","""425000.0""","""0""","""30""","""1""","""1""","""1""","""5""","""1""","""1""","""3""","""5""","""1""","""118.0""","""1231""","""5""","""4.0""","""4.5""","""2""","""4""","""6.0""","""8.0""","""2""","""4""","""3""","""5""","""2""","""4""","""45-54""","""9999""","""Yes""","""""","""1""",,,,,,,
2024,"Miami-Fort Lauderdale-West Palm Beach, FL","""FL""","""24638.0""","""24638020843.0""","""FHA:First Lien""","""Single Family (1-4 Units):Site-Built""","""Not Hispanic or Latino""","""White""","""Male""","""6""","""32""","""290000.0""","""5""","""6.25""","""3""","""2""","""2""","""9207.88""","""290000.0""","""0""","""30""","""1""","""1""","""1""","""5""","""1""","""1""","""3""","""5""","""1""","""103.0""","""1111""","""2""","""2.5""","""3.0""","""2""","""4""","""5.0""","""8.0""","""2""","""4""","""1""","""5""","""2""","""4""","""65-74""","""9999""","""Yes""","""""","""1""",,,,,,,
2024,"Dallas-Fort Worth, TX-OK","""TX""","""17638.0""","""17638310795.0""","""Conventional:First Lien""","""Single Family (1-4 Units):Site-Built""","""Not Hispanic or Latino""","""White""","""Female""","""File closed for incompleteness""","""32""","""395000.0""","""6""","""6.5""","""3""","""2""","""2""","""12750.00""","""395000.0""","""0""","""30""","""1""","""1""","""1""","""5""","""1""","""1""","""3""","""5""","""1""","""114.0""","""1231""","""4""","""3.5""","""4.0""","""2""","""4""","""6.0""","""8.0""","""2""","""4""","""1""","""5""","""2""","""4""","""45-54""","""9999""","""Yes""","""""","""1""",,,,,,,
2024,"Washington-Baltimore-Arlington, DC-MD-VA","""DC""","""17794.0""","""17794330021.0""","""VA:First Lien""","""Single Family (1-4 Units):Site-Built""","""Not Hispanic or Latino""","""White""","""Male""","""Application denied""","""32""","""395000.0""","""5""","""6.25""","""3""","""2""","""2""","""10000.00""","""395000.0""","""0""","""30""","""1""","""1""","""1""","""5""","""1""","""1""","""3""","""5""","""1""","""107.0""","""1111""","""3""","""2.5""","""3.5""","""2""","""4""","""4.0""","""8.0""","""2""","""4""","""1""","""5""","""2""","""4""","""65-74""","""9999""","""Yes""","""""","""1""",,,,,,,
2024,"St. Louis, MO-IL","""MO""","""18245.0""","""18245491133.0""","""FHA:First Lien""","""Single Family (1-4 Units):Site-Built""","""Not Hispanic or Latino""","""White""","""Female""","""File closed for incompleteness""","""32""","""290000.0""","""5""","""6.375""","""3""","""2""","""2""","""9267.88""","""290000.0""","""0""","""30""","""1""","""1""","""1""","""5""","""1""","""1""","""3""","""5""","""1""","""106.0""","""1231""","""5""","""4.0""","""4.5""","""2""","""4""","""4.0""","""8.0""","""2""","""4""","""3""","""5""","""2""","""4""","""45-54""","""9999""","""Yes""","""""","""1""",,,,,,,
2024,"Minneapolis-St. Paul-Bloomington, MN-WI","""MN""","""17134.0""","""17134310161.0""","""VA:First Lien""","""Single Family (1-4 Units):Site-Built""","""Not Hispanic or Latino""","""White""","""Male""","""Application denied""","""32""","""395000.0""","""6""","""6.5""","""3""","""2""","""2""","""13000.00""","""395000.0""","""0""","""30""","""1""","""1""","""1""","""5""","""1""","""1""","""3""","""5""","""1""","""109.0""","""1231""","""4""","""4.0""","""4.5""","""2""","""4""","""4.0""","""8.0""","""2""","""4""","""1""","""5""","""2""","""4""","""45-54""","""9999""","""Yes""","""""","""1""",,,,,,,
2024,"San Jose-Sunnyvale-Santa Clara, CA","""CA""","""18022.0""","""18022230950.0""","""Conventional:First Lien""","""Single Family (1-4 Units):Site-Built""","""Not Hispanic or Latino""","""White""","""Female""","""File closed for incompleteness""","""32""","""425000.0""","""5""","""6.25""","""3""","""2""","""2""","""10500.00""","""425000.0""","""0""","""30""","""1""","""1""","""1""","""5""","""1""","""1""","""3""","""5""","""1""","""112.0""","""1231""","""4""","""3.5""","""4.0""","""2""","""4""","""4.0""","""8.0""","""2""","""4""","""3""","""5""","""2""","""4""","""65-74""","""9999""","""Yes""","""""","""1""",,,,,,,
2024,"Phoenix-Mesa-Chandler, AZ","""AZ""","""18342.0""","""18342490935.0""","""FHA:First Lien""","""Single Family (1-4 Units):Site-Built""","""Not Hispanic or Latino""","""White""","""Male""","""Application denied""","""32""","""415000.0""","""6""","""6.5""","""3""","""2""","""2""","""13250.00""","""415000.0""","""0""","""30""","""1""","""1""","""1""","""5""","""1""","""1""","""3""","""5""","""1""","""110.0""","""1231""","""5""","""4.0""","""4.5""","""2""","""4""","""5.0""","""8.0""","""2""","""4""","""1""","""5""","""2""","""4""","""45-54""","""9999""","""Yes""","""""","""1""",,,,,,,
2024,"Boston-Cambridge-Nashua, MA-NH","""MA""","""18193.0""","""18193760237.0""","""Conventional:First Lien""","""Single Family (1-4 Units):Site-Built""","""Not Hispanic or Latino""","""White""","""Male""","""File closed for incompleteness""","""32""","""305000.0""","""6""","""6.5""","""3""","""2""","""2""","""9750.00""","""305000.0""","""0""","""30""","""1""","""1""","""1""","""5""","""1""","""1""","""3""","""5""","""1""","""108.0""","""1111""","""3""","""3.5""","""4.0""","""2""","""4""","""5.0""","""8.0""","""2""","""4""","""1""","""5""","""2""","""4""","""65-74""","""9999""","""Yes""","""""","""1""",,,,,,,
2024,"Detroit-Warren-Dearborn, MI","""MI""","""15992.0""","""15992300133.0""","""FHA:First Lien""","""Single Family (1-4 Units):Site-Built""","""Not Hispanic or Latino""","""White""","""Female""","""Application denied""","""32""","""395000.0""","""5""","""6.25""","""3""","""2""","""2""","""10015.45""","""395000.0""","""0""","""30""","""1""","""1""","""1""","""5""","""1""","""1""","""3""","""5""","""1""","""103.0""","""1231""","""4""","""3.0""","""3.5""","""2""","""4""","""4.0""","""8.0""","""2""","""4""","""1""","""5""","""2""","""4""","""45-54""","""9999""","""Yes""","""""","""1""",,,,,,,
2024,"Portland-Vancouver-Hillsboro, OR-WA","""OR""","""16373.0""","""16373310529.0""","""VA:First Lien""","""Single Family (1-4 Units):Site-Built""","""Not Hispanic or Latino""","""White""","""Male""","""File closed for incompleteness""","""32""","""395000.0""","""6""","""6.5""","""3""","""2""","""2""","""12700.00""","""395000.0""","""0""","""30""","""1""","""1""","""1""","""5""","""1""","""1""","""3""","""5""","""1""","""111.0""","""1231""","""5""","""4.0""","""4.5""","""2""","""4""","""4.0""","""8.0""","""2""","""4""","""1""","""5""","""2""","""4""","""45-54""","""9999""","""Yes""","""""","""1""",,,,,,,
2024,"Denver-Aurora-Lakewood, CO","""CO""","""12815.0""","""12815110871.0""","""FHA:First Lien""","""Single Family (1-4 Units):Site-Built""","""Not Hispanic or Latino""","""White""","""Female""","""Application denied""","""32""","""305000.0""","""5""","""6.375""","""3""","""2""","""2""","""9687.88""","""305000.0""","""0""","""30""","""1""","""1""","""1""","""5""","""1""","""1""","""3""","""5""","""1""","""106.0""","""1231""","""4""","""3.5""","""4.0""","""2""","""4""","""5.0""","""8.0""","""2""","""4""","""1""","""5""","""2""","""4""","""65-74""","""9999""","""Yes""","""""","""1""",,,,,,,
2024,"Kansas City, MO-KS","""MO""","""17785.0""","""17785300133.0""","""Conventional:Subordinate Lien""","""Single Family (1-4 Units):Site-Built""","""Not Hispanic or Latino""","""White""","""Male""","""File closed for incompleteness""","""32""","""295000.0""","""6""","""6.5""","""3""","""2""","""2""","""9360.00""","""295000.0""","""0""","""30""","""1""","""1""","""1""","""5""","""1""","""1""","""3""","""5""","""1""","""105.0""","""1111""","""3""","""4.0""","""4.5""","""2""","""4""","""4.0""","""8.0""","""2""","""4""","""1""","""5""","""2""","""4""","""55-64""","""9999""","""Yes""","""""","""1""",,,,,,,
2024,"Riverside-San Bernardino-Ontario, CA","""CA""","""18412.0""","""18412530926.0""","""VA:First Lien""","""Single Family (1-4 Units):Site-Built""","""Not Hispanic or Latino""","""White""","""Female""","""Application denied""","""32""","""425000.0""","""5""","""6.25""","""3""","""2""","""2""","""10500.00""","""425000.0""","""0""","""30""","""1""","""1""","""1""","""5""","""1""","""1""","""3""","""5""","""1""","""108.0""","""1231""","""5""","""4.0""","""4.5""","""2""","""4""","""6.0""","""8.0""","""2""","""4""","""3""","""5""","""2""","""4""","""45-54""","""9999""","""Yes""","""""","""1""",,,,,,,
2024,"Dallas-Fort Worth, TX-OK","""TX""","""15855.0""","""15855490935.0""","""FHA:First Lien""","""Single Family (1-4 Units):Site-Built""","""Not Hispanic or Latino""","""White""","""Male""","""File closed for incompleteness""","""32""","""415000.0""","""6""","""6.5""","""3""","""2""","""2""","""13250.00""","""415000.0""","""0""","""30""","""1""","""1""","""1""","""5""","""1""","""1""","""3""","""5""","""1""","""112.0""","""1231""","""4""","""4.0""","""4.5""","""2""","""4""","""5.0""","""8.0""","""2""","""4""","""1""","""5""","""2""","""4""","""55-64""","""9999""","""Yes""","""""","""1""",,,,,,,
2024,"Washington-Baltimore-Arlington, DC-MD-VA","""MD""","""17834.0""","""17834050851.0""","""Conventional:First Lien""","""Single Family (1-4 Units):Site-Built""","""Not Hispanic or Latino""","""White""","""Female""","""Application denied""","""32""","""395000.0""","""5""","""6.25""","""3""","""2""","""2""","""10000.00""","""395000.0""","""0""","""30""","""1""","""1""","""1""","""5""","""1""","""1""","""3""","""5""","""1""","""107.0""","""1111""","""3""","""3.5""","""4.0""","""2""","""4""","""4.0""","""8.0""","""2""","""4""","""1""","""5""","""2""","""4""","""45-54""","""9999""","""Yes""","""""","""1""",,,,,,,
2024,"St. Louis, MO-IL","""IL""","""16982.0""","""16982330317.0""","""FHA:First Lien""","""Single Family (1-4 Units):Site-Built""","""Not Hispanic or Latino""","""White""","""Male""","""File closed for incompleteness""","""32""","""415000.0""","""6""","""6.5""","""3""","""2""","""2""","""13250.00""","""415000.0""","""0""","""30""","""1""","""1""","""1""","""5""","""1""","""1""","""3""","""5""","""1""","""110.0""","""1231""","""4""","""4.0""","""4.5""","""2""","""4""","""6.0""","""8.0""","""2""","""4""","""1""","""5""","""2""","""4""","""55-64""","""9999""","""Yes""","""""","""1""",,,,,,,
2024,"San Francisco-Oakland-Berkeley, CA","""CA""","""16328.0""","""16328410825.0""","""VA:First Lien""","""Single Family (1-4 Units):Site-Built""","""Not Hispanic or Latino""","""White""","""Female""","""File closed for incompleteness""","""32""","""395000.0""","""5""","""6.25""","""3""","""2""","""2""","""10000.00""","""395000.0""","""0""","""30""","""1""","""1""","""1""","""5""","""1""","""1""","""3""","""5""","""1""","""103.0""","""1231""","""4""","""3.5""","""4.0""","""2""","""4""","""5.0""","""8.0""","""2""","""4""","""1""","""5""","""2""","""4""","""45-54""","""9999""","""Yes""","""""","""1""",,,,,,,
2024,"Portland-Vancouver-Hillsboro, OR-WA","""OR""","""18258.0""","""18258310249.0""","""FHA:First Lien""","""Single Family (1-4 Units):Site-Built""","""Not Hispanic or Latino""","""White""","""Male""","""Application denied""","""32""","""395000.0""","""6""","""6.5""","""3""","""2""","""2""","""12700.00""","""395000.0""","""0""","""30""","""1""","""1""","""1""","""5""","""1""","""1""","""3""","""5""","""1""","""109.0""","""1231""","""3""","""4.0""","""4.5""","""2""","""4""","""5.0""","""8.0""","""2""","""4""","""1""","""5""","""2""","""4""","""65-74""","""9999""","""Yes""","""""","""1""",,,,,,,
2024,"Baltimore-Columbia-Towson, MD","""MD""","""14931.0""","""14931310529.0""","""Conventional:First Loin""","""Single Family (1-4 Unis):Sit-Built""","""Not Hispanic or Latino""","""White""","""Female""","""File closed for incompleteness""","""32""","""290000.0""","""5""","""6.375""","""3""","""2""","""2""","""9687.88""","""290000.0""","""0""","""30""","""1""","""1""","""1""","""5""","""1""","""1""","""3""","""5""","""1""","""105.0""","""1111""","""4""","""3.5""","""4.0""","""2""","""4""","""6.0""","""8.0""","""2""","""4""","""3""","""5""","""2""","""4""","""45-54""","""9999""","""Yes""","""""","""1""",,,,,,,
2024,"Boston-Cambridge-Nashua, MA-NH","""MA""","""13742.0""","""13742330717.0""","""VA:First Lien""","""Single Family (1-4 Units):Site-Built""","""Not Hispanic or Latino""","""White""","""Male""","""Application denied""","""32""","""395000.0""","""6""","""6.5""","""3""","""2""","""2""","""13250.00""","""395000.0""","""0""","""30""","""1""","""1""","""1""","""5""","""1""","""1""","""3""","""5""","""1""","""112.0""","""1231""","""5""","""4.0""","""4.5""","""2""","""4""","""4.0""","""8.0""","""2""","""4""","""1""","""5""","""2""","""4""","""45-54""","""9999""","""Yes""","""""","""1""",,,,,,,
2024,"Dallas-Fort Worth, TX-OK","""TX""","""13994.0""","""13994310133.0""","""FHA:First Lien""","""Single Family (1-4 Units):Site-Built""","""Not Hispanic or Latino""","""White""","""Female""","""File closed for incompleteness""","""32""","""395000.0""","""6""","""6.5""","""3""","""2""","""2""","""13250.00""","""395000.0""","""0""","""30""","""1""","""1""","""1""","""5""","""1""","""1""","""3""","""5""","""1""","""107.0""","""1111""","""4""","""4.0""","""4.5""","""2""","""4""","""5.0""","""8.0""","""2""","""4""","""1""","""5""","""2""","""4""","""55-64""","""9999""","""Yes""","""""","""1""",,,,,,,
2024,"Seattle-Tacoma-Bellevue, WA","""WA""","""12986.0""","""12986310133.0""","""VA:First Lien""","""Single Family (1-4 Units):Site-Built""","""Not Hispanic or Latino""","""White""","""Male""","""Application denied""","""32""","""415000.0""","""6""","""6.5""","""3""","""2""","""2""","""13250.00""","""415000.0""","""0""","""30""","""1""","""1""","""1""","""5""","""1""","""1""","""3""","""5""","""1""","""113.0""","""1231""","""4""","""4.0""","""4.5""","""2""","""4""","""6.0""","""8.0""","""2""","""4""","""1""","""5""","""2""","""4""","""65-74""","""9999""","""Yes""","""""","""1""",,,,,,,
2024,"Denver-Aurora-Lakewood, CO","""CO""","""15673.0""","""15673410825.0""","""FHA:First Lien""","""Single Family (1-4 Units):Site-Built""","""Not Hispanic or Latino""","""White""","""Female""","""File closed for incompleteness""","""32""","""425000.0""","""6""","""6.5""","""3""","""2""","""2""","""13500.00""","""425000.0""","""0""","""30""","""1""","""1""","""1""","""5""","""1""","""1""","""3""","""5""","""1""","""114.0""","""1231""","""5""","""4.0""","""4.5""","""2""","""4""","""6.0""","""8.0""","""2""","""4""","""3""","""5""","""2""","""4""","""45-54""","""9999""","""Yes""","""""","""1""",,,,,,,
2024,"San Jose-Sunnyvale-Santa Clara, CA","""CA""","""12048.0""","""12048390875.0""","""VA:First Lien""","""Single Family (1-4 Units):Site-Built""","""Not Hispanic or Latino""","""White""","""Male""","""Application denied""","""32""","""395000.0""","""6""","""6.5""","""3""","""2""","""2""","""13250.00""","""395000.0""","""0""","""30""","""1""","""1""","""1""","""5""","""1""","""1""","""3""","""5""","""1""","""108.0""","""1111""","""4""","""4.0""","""4.5""","""2""","""4""","""6.0""","""8.0""","""2""","""4""","""1""","""5""","""2""","""4""","""65-74""","""9999""","""Yes""","""""","""1",,,,,,,
2024,99999,ME,43562.0,43562031000.0,Conventional:First Lien,Single Family (1-4 Units):Site-Built,Asian,Asian,B Female,Loan denied for credit,63,68000.0,0.75,0.0,0.0,1,0.0,0.0,0.0,0.0,0.0,0.0,0.0,0.0,0.0,0.0,0.0,1,1,3,5,1,109.0,0,0,2.0,4.0,3,2,2,2,2,2,42-54,9999,No,1,1,,,,,,,,,
2024,98765,NY,12026.0,12026595600.0,FHA:First Lien,Single Family (1-4 Units):Manufactured Home,Hispanic or Latino,White,Male,Loan denied for income,45,48000.0,0.875,10.0,0.0,2,30296.2,,0.0,0.0,0.0,0.0,0.0,0.0,0.0,0.0,0.0,2,2,2,2,275000.0,1,1,3,5,1,,,,9,9,4.0,4.0,4,4,9.0,9.0,4,4,4,4,8888,8888,,,4
2024,11234,FL,23855.0,23855120500.0,VA:First Lien,Single Family (1-4 Units):Site-Built,Asian,Native Hawaiian or Other Pacific Islander,Male,Loan denied for credit,48,42000.0,0.75,0.0,0.0,2,0.0,,0.0,0.0,0.0,0.0,0.0,0.0,0.0,0.0,0.0,2,2,3,5,1,113.0,0,0,4.0,5.0,3,3,3,3,3,3,54-64,9999,Yes,1,1,,,,,,,,,
2024,65421,CA,12342.0,12342104200.0,Conventional:Subordinate Lien,Single Family (1-4 Units):Manufactured Home,Hispanic or Latino,Hispanic or Latino,Male,File closed for incompleteness,32,29000.0,0.875,0.0,0.0,3,36479.0,,0.0,0.0,0.0,0.0,0.0,0.0,0.0,0.0,0.0,2,2,2,2,260000.0,1,1,3,5,1,,105.0,0,0,3.0,5.0,3,2,5.0,5.0,3,2,8888,8888,,,2,2,,
2024,54215,IL,41829.0,41829424200.0,FHA:First Lien,Single Family (1-4 Units):Site-Built,Asian,Black or African American,Male,Loan denied for income,50,35000.0,0.75,0.0,0.0,3,0.0,,0.0,0.0,0.0,0.0,0.0,0.0,0.0,0.0,0.0,1,1,3,5,1,97.0,1111,1111,2.0,4.0,3,3,2,2,2,2,55-64,9999,Yes,1,1,,,,,,,,,
2024,87654,NC,57621.0,57621086700.0,VA:First Lien,Single Family (1-4 Units):Manufactured Home,Hispanic or Latino,White,Male,Loan denied for income,58,52000.0,0.75,0.0,0.0,2,0.0,,0.0,0.0,0.0,0.0,0.0,0.0,0.0,0.0,0.0,2,2,3,5,1,119.0,0,0,4.0,5.0,3,2,2,2,2,2,75-84,9999,Yes,1,1,,,,,,,,,
2024,65432,TX,19323.0,19323266000.0,Conventional:Subordinate Lien,Single Family (1-4 Units):Site-Built,Asian,Asian,B Female,File closed for incompleteness,25,48000.0,0.875,0.0,0.0,1,0.0,0.0,0.0,0.0,0.0,0.0,0.0,0.0,0.0,0.0,0.0,1,1,3,5,1,110.0,0,0,2.0,4.0,3,3,3,3,3,3,45-54,9999,No,1,1,,,,,,,,,
2024,76543,AZ,64391.0,64391100600.0,FHA:First Lien,Single Family (1-4 Units):Manufactured Home,Hispanic or Latino,Hispanic or Latino,Male,Loan denied for credit,60,45000.0,0.75,0.0,0.0,2,0.0,,0.0,0.0,0.0,0.0,0.0,0.0,0.0,0.0,0.0,2,2,3,5,1,116.0,0,0,3.0,5.0,3,2,2,2,2,2,65-74,9999,Yes,1,1,,,,,,,,,
2024,54321,OH,18329.0,18329411700.0,VA:First Lien,Single Family (1-4 Units):Site-Built,Race Not Available,Race Not Available,Sex Not Available,6,55,60000.0,0.75,0.0,0.0,2,0.0,,0.0,0.0,0.0,0.0,0.0,0.0,0.0,0.0,0.0,2,2,3,5,1,,109.0,0,0,2.0,4.0,3,3,2,2,2,2,45-54,9999,Yes,1,1,,,,,,,,
2024,65464,GA,24567.0,24567010300.0,Conventional:Subordinate Lien,Single Family (1-4 Units):Manufactured Home,Asian,White,Male,Loan denied for income,38,52000.0,0.875,0.0,0.0,3,0.0,0.0,0.0,0.0,0.0,0.0,0.0,0.0,0.0,0.0,0.0,2,2,2,2,260000.0,1,1,3,5,1,,108.0,0,0,3.0,5.0,3,2,7.0,8.0,3,2,8888,8888,,,2,2,,
2024,54210,TN,49267.0,49267312100.0,FHA:First Lien,Single Family (1-4 Units):Site-Built,Hispanic or Latino,Asian,Male,Loan denied for income,62,58000.0,0.75,0.0,0.0,2,0.0,,0.0,0.0,0.0,0.0,0.0,0.0,0.0,0.0,0.0,1,1,3,5,1,98.0,1111,1111,2.0,4.0,3,3,2,2,2,2,65-74,9999,Yes,1,1,,,,,,,,,
2024,87654,SC,27529.0,27529413100.0,VA:First Lien,Single Family (1-4 Units):Manufactured Home,Race Not Available,Native Hawaiian or Other Pacific Islander,Male,File closed for incompleteness,41,45000.0,0.75,0.0,0.0,3,0.0,0.0,0.0,0.0,0.0,0.0,0.0,0.0,0.0,0.0,0.0,2,2,3,5,1,114.0,0,0,3.0,5.0,3,2,2,2,2,2,45-54,9999,No,1,1,,,,,,,,,
2024,54321,OK,98475.0,98475052600.0,FHA:First Lien,Single Family (1-4 Units):Site-Built,Asian,Black or African American,Male,Loan denied for income,55,48000.0,0.75,0.0,0.0,2,0.0,,0.0,0.0,0.0,0.0,0.0,0.0,0.0,0.0,0.0,2,2,3,5,1,,106.0,0,0,3.0,5.0,3,2,2,2,2,2,45-54,9999,Yes,1,1,,,,,,,,
2024,65432,AL,15468.0,15468414700.0,Conventional:Subordinate Lien,Single Family (1-4 Units):Manufactured Home,Hispanic or Latino,White,Male,Loan denied for credit,53,49000.0,0.75,0.0,0.0,1,0.0,0.0,0.0,0.0,0.0,0.0,0.0,0.0,0.0,0.0,0.0,2,2,3,5,1,113.0,0,0,3.0,5.0,3,2,2,2,2,2,65-74,9999,Yes,1,1,,,,,,,,,
2024,76543,MS,42888.0,42888324300.0,FHA:First Lien,Single Family (1-4 Units):Site-Built,White,Asian,Male,Loan denied for income,51,42000.0,0.75,0.0,0.0,2,0.0,,0.0,0.0,0.0,0.0,0.0,0.0,0.0,0.0,0.0,1,1,3,5,1,96.0,0,0,2.0,5.0,3,2,2,2,2,2,45-54,9999,Yes,1,1,,,,,,,,,
2024,54321,AR,17340.0,17340300900.0,VA:First Lien,Single Family (1-4 Units):Manufactured Home,Hispanic or Latino,White,Male,File closed for incompleteness,59,46000.0,0.75,0.0,0.0,3,0.0,0.0,0.0,0.0,0.0,0.0,0.0,0.0,0.0,0.0,0.0,2,2,3,5,1,108.0,0,0,2.0,5.0,3,2,2,2,2,2,65-74,9999,No,1,1,,,,,,,,,
2024,65464,LA,29512.0,29512224400.0,Conventional:Subordinate Lien,Single Family (1-4 Units):Site-Built,Asian,White,Male,Loan denied for income,61,45000.0,0.75,0.0,0.0,1,0.0,0.0,0.0,0.0,0.0,0.0,0.0,0.0,0.0,0.0,0.0,2,2,3,5,1,109.0,0,0,2.0,4.0,3,2,2,2,2,2,45-54,9999,Yes,1,1,,,,,,,,,
2024,54210,AK,56849.0,56849511100.0,FHA:First Lien,Single Family (1-4 Units):Manufactured Home,Hispanic or Latino,Hispanic or Latino,Male,Loan denied for income,44,52000.0,0.75,0.0,0.0,2,0.0,,0.0,0.0,0.0,0.0,0.0,0.0,0.0,0.0,0.0,2,2,3,5,1,116.0,0,0,2.0,5.0,3,2,2,2,2,2,65-74,9999,Yes,1,1,,,,,,,,,
2024,87654,HI,22891.0,22891010500.0,VA:First Lien,Single Family (1-4 Units):Site-Built,Race Not Available,Native Hawaiian or Other Pacific Islander,Male,File closed for incompleteness,49,48000.0,0.75,0.0,0.0,3,0.0,0.0,0.0,0.0,0.0,0.0,0.0,0.0,0.0,0.0,0.0,1,1,3,5,1,99.0,1111,1111,2.0,5.0,3,2,2,2,2,2,45-54,9999,No,1,1,,,,,,,,,
2024,54321,ND,63855.0,63855044200.0,FHA:First Lien,Single Family (1-4 Units):Manufactured Home,Hispanic or Latino,Asian,Male,Loan denied for credit,56,49000.0,0.75,0.0,0.0,2,0.0,,0.0,0.0,0.0,0.0,0.0,0.0,0.0,0.0,0.0,2,2,3,5,1,110.0,0,0,4.0,5.0,3,2,2,2,2,2,45-54,9999,Yes,1,1,,,,,,,,,
2024,65432,DE,18735.0,18734686600.0,Conventional:Subordinate Lien,Single Family (1-4 Units):Site-Built,Asian,Asian,Male,Loan denied for income,52,47000.0,0.75,0.0,0.0,1,0.0,0.0,0.0,0.0,0.0,0.0,0.0,0.0,0.0,0.0,0.0,1,1,3,5,1,98.0,0,0,3.0,5.0,3,2,2,2,2,2,45-54,9999,Yes,1,1,,,,,,,,,
2024,76543,WV,59483.0,59483300700.0,FHA:First Lien,Single Family (1-4 Units):Manufactured Home,White,Black or African American,Male,File closed for incompleteness,46,43000.0,0.75,0.0,0.0,2,0.0,,0.0,0.0,0.0,0.0,0.0,0.0,0.0,0.0,0.0,1,1,3,5,1,107.0,0,0,2.0,4.0,3,3,2,2,2,2,45-54,9999,No,1,1,,,,,,,,,
2024,54321,VT,13745.0,13745777100.0,VA:First Lien,Single Family (1-4 Units):Site-Built,Hispanic or Latino,Hispanic or Latino,Male,Loan denied for income,26,44000.0,0.75,0.0,0.0,2,0.0,0.0,0.0,0.0,0.0,0.0,0.0,0.0,0.0,0.0,0.0,1,1,3,5,1,104.0,1111,1111,2.0,5.0,3,2,2,2,2,2,42-54,9999,Yes,1,1,,,,,,,,,
2024,65464,NH,35129.0,35129446700.0,Conventional:Subordinate Lien,Single Family (1-4 Units):Manufactured Home,White,White,Male,Loan denied for income,59,50000.0,0.75,0.0,0.0,3,0.0,0.0,0.0,0.0,0.0,0.0,0.0,0.0,0.0,0.0,0.0,2,2,3,5,1,112.0,0,0,4.0,5.0,3,3,2,2,2,2,45-54,9999,Yes,1,1,,,,,,,,,
2024,54210,MN,35183.0,35183246100.0,FHA:First Lien,Single Family (1-4 Units):Site-Built,Black or African American,Black or African American,Male,Loan denied for credit,65,42000.0,0.75,0.0,0.0,1,0.0,0.0,0.0,0.0,0.0,0.0,0.0,0.0,0.0,0.0,0.0,2,2,3,5,1,110.0,0,0,3.0,5.0,3,2,2,2,2,2,42-54,9999,Yes,1,1,,,,,,,,,
2024,87654,IA,19944.0,19944376400.0,VA:First Lien,Single Family (1-4 Units):Manufactured Home,White,White,Male,Loan denied for income,43,48000.0,0.75,0.0,0.0,2,0.0,,0.0,0.0,0.0,0.0,0.0,0.0,0.0,0.0,0.0,2,2,3,5,1,,108.0,0,0,4.0,5.0,3,2,2,2,2,2,65-74,9999,No,1,1,,,,,,,,
2024,54321,KS,26665.0,26665471700.0,FHA:First Lien,Single Family (1-4 Units):Site-Built,Hispanic or Latino,Native Hawaiian or Other Pacific Islander,Male,Loan denied for credit,41,55000.0,0.75,0.0,0.0,1,0.0,0.0,0.0,0.0,0.0,0.0,0.0,0.0,0.0,0.0,0.0,2,2,3,5,1,112.0,0,0,3.0,5.0,3,2,2,2,2,2,42-54,9999,Yes,1,1,,,,,,,,,
2024,65432,MO,41991.0,41991301400.0,Conventional:Subordinate Lien,Single Family (1-4 Units):Manufactured Home,Asian,Asian,Male,Loan denied for income,39,49000.0,0.75,0.0,0.0,3,0.0,0.0,0.0,0.0,0.0,0.0,0.0,0.0,0.0,0.0,0.0,2,2,3,5,1,105.0,0,0,3.0,5.0,3,3,2,2,2,2,65-74,9999,Yes,1,1,,,,,,,,,
2024,76543,NE,44930.0,44930034400.0,FHA:First Lien,Single Family (1-4 Units):Site-Built,White,Asian,Male,File closed for incompleteness,50,44000.0,0.75,0.0,0.0,2,0.0,,0.0,0.0,0.0,0.0,0.0,0.0,0.0,0.0,0.0,2,2,3,5,1,104.0,1111,1111,2.0,5.0,3,2,2,2,2,2,65-74,9999,No,1,1,,,,,,,,,
2024,54321,SD,39870.0,39870023300.0,VA:First Lien,Single Family (1-4 Units):Manufactured Home,Hispanic or Latino,Asian,Male,Loan denied for income,44,48000.0,0.75,0.0,0.0,3,0.0,0.0,0.0,0.0,0.0,0.0,0.0,0.0,0.0,0.0,0.0,2,2,3,5,1,,111.0,0,0,3.0,5.0,3,2,2,2,2,2,45-54,9999,Yes,1,1,,,,,,,,
2024,65464,MT,14285.0,14285462500.0,Conventional:Subordinate Lien,Single Family (1-4 Units):Site-Built,Asian,Asian,Male,File closed for incompleteness,62,44000.0,0.75,0.0,0.0,1,0.0,0.0,0.0,0.0,0.0,0.0,0.0,0.0,0.0,0.0,0.0,1,1,3,5,1,108.0,0,0,4.0,5.0,3,2,2,2,2,2,65-74,9999,No,1,1,,,,,,,,,
2024,54210,WY,27406.0,27406223100.0,FHA:First Lien,Single Family (1-4 Units):Manufactured Home,Hispanic or Latino,White,Male,Loan denied for income,49,49000.0,0.75,0.0,0.0,2,0.0,,0.0,0.0,0.0,0.0,0.0,0.0,0.0,0.0,0.0,2,2,3,5,1,114.0,0,0,3.0,5.0,3,2,2,2,2,2,42-54,9999,Yes,1,1,,,,,,,,,
2024,87654,CO,37295.0,37295312600.0,VA:First Lien,Single Family (1-4 Units):Manufactured Home,Asian,Asian,Male,Loan denied for income,57,46000.0,0.75,0.0,0.0,1,0.0,0.0,0.0,0.0,0.0,0.0,0.0,0.0,0.0,0.0,0.0,2,2,3,5,1,113.0,0,0,4.0,5.0,3,2,2,2,2,2,45-54,9999,Yes,1,1,,,,,,,,,
2024,54321,UT,17061.0,17061179400.0,FHA:First Lien,Single Family (1-4 Units):Site-Built,Hispanic or Latino,Native Hawaiian or Other Pacific Islander,Male,Loan denied for income,27,48000.0,0.75,0.0,0.0,3,0.0,0.0,0.0,0.0,0.0,0.0,0.0,0.0,0.0,0.0,0.0,1,1,3,5,1,100.0,0,0,2.0,5.0,3,2,2,2,2,2,42-54,9999,No,1,1,,,,,,,,,
2024,65432,WI,19817.0,19817357900.0,Conventional:Subordinate Lien,Single Family (1-4 Units):Manufactured Home,White,White,Male,File closed for incompleteness,51,45000.0,0.75,0.0,0.0,2,0.0,,0.0,0.0,0.0,0.0,0.0,0.0,0.0,0.0,0.0,2,2,3,5,1,,111.0,0,0,3.0,5.0,3,3,2,2,2,2,65-74,9999,No,1,1,,,,,,,,
2024,76543,OR,27254.0,27254024700.0,FHA:First Lien,Single Family (1-4 Units):Manufactured Home,Asian,Asian,Male,Loan denied for income,28,49000.0,0.75,0.0,0.0,3,0.0,0.0,0.0,0.0,0.0,0.0,0.0,0.0,0.0,0.0,0.0,1,1,3,5,1,98.0,1111,1111,3.0,5.0,3,3,2,2,2,2,42-54,9999,Yes,1,1,,,,,,,,,
2024,54321,ND,43260.0,43260554600.0,VA:First Lien,Single Family (1-4 Units):Site-Built,Asian,Asian,Male,Loan denied for income,53,42000.0,0.75,0.0,0.0,1,0.0,0.0,0.0,0.0,0.0,0.0,0.0,0.0,0.0,0.0,0.0,2,2,3,5,1,108.0,0,0,4.0,5.0,3,2,2,2,2,2,45-54,9999,Yes,1,1,,,,,,,,,
2024,65432,WY,24389.0,24389335800.0,Conventional:Subordinate Lien,Single Family (1-4 Units):Manufactured Home,Asian,Native Hawaiian or Other Pacific Islander,Male,Loan denied for credit,29,47000.0,0.75,0.0,0.0,2,0.0,,0.0,0.0,0.0,0.0,0.0,0.0,0.0,0.0,0.0,2,2,3,5,1,110.0,0,0,3.0,5.0,3,2,2,2,2,2,42-54,9999,Yes,1,1,,,,,,,,,
2024,76543,MT,49322.0,49322108800.0,FHA:First Lien,Single Family (1-4 Units):Site-Built,Hispanic or Latino,Asian,Male,File closed for incompleteness,31,46000.0,0.75,0.0,0.0,3,0.0,0.0,0.0,0.0,0.0,0.0,0.0,0.0,0.0,0.0,0.0,1,1,3,5,1,114.0,0,0,3.0,5.0,3,3,2,2,2,2,42-54,9999,No,1,1,,,,,,,,,
2024,54321,ID,60975.0,60975102500.0,VA:First Lien,Single Family (1-4 Units):Manufactured Home,White,White,Male,Loan denied for income,40,50000.0,0.75,0.0,0.0,1,0.0,0.0,0.0,0.0,0.0,0.0,0.0,0.0,0.0,0.0,0.0,2,2,3,5,1,112.0,0,0,4.0,5.0,3,2,2,2,2,2,65-74,9999,Yes,1,1,,,,,,,,,
2024,65432,ME,41791.0,41791376400.0,Conventional:Subordinate Lien,Single Family (1-4 Units):Site-Built,Asian,Asian,Male,File closed for incompleteness,48,45000.0,0.75,0.0,0.0,3,0.0,0.0,0.0,0.0,0.0,0.0,0.0,0.0,0.0,0.0,0.0,2,2,3,5,1,116.0,0,0,4.0,5.0,3,3,2,2,2,2,42-54,9999,No,1,1,,,,,,,,,
2024,76543,VT,28794.0,28794265000.0,FHA:First Lien,Single Family (1-4 Units):Manufactured Home,Hispanic or Latino,White,Male,Loan denied for income,36,47000.0,0.75,0.0,0.0,2,0.0,,0.0,0.0,0.0,0.0,0.0,0.0,0.0,0.0,0.0,1,1,3,5,1,97.0,0,0,3.0,5.0,3,2,2,2,2,2,45-54,9999,Yes,1,1,,,,,,,,,
2024,54321,NH,62397.0,62397268300.0,VA:First Lien,Single Family (1-4 Units):Site-Built,Asian,Asian,Male,Loan denied for income,47,48000.0,0.75,0.0,0.0,1,0.0,0.0,0.0,0.0,0.0,0.0,0.0,0.0,0.0,0.0,0.0,2,2,3,5,1,115.0,0,0,3.0,5.0,3,3,2,2,2,2,42-54,9999,Yes,1,1,,,,,,,,,
2024,65432,NH,61774.0,61774422400.0,Conventional:Subordinate Lien,Single Family (1-4 Units):Manufactured Home,Hispanic or Latino,White,Male,Loan denied for income,35,49000.0,0.75,0.0,0.0,2,0.0,0.0,0.0,0.0,0.0,0.0,0.0,0.0,0.0,0.0,0.0,1,1,3,5,1,98.0,0,0,3.0,5.0,3,2,2,2,2,2,42-54,9999,No,1,1,,,,,,,,,
2024,"Portland-VG, OR",46,315,9150705200,FHA:First Lien,Single Family (1-4 Units):Site-Built,Not Hispanic or Latino,Asian,Female,Loan closed,32,200000.0,6.500,3.500,5,3,0.000,0.000,0.000,0.000,0.000,240,360,2,2,2,2,0.000,275000.0,0,0,0,0,0,0,65-74,9999,Yes,1,1,,,,,,,,,,,,,,,,,
2024,"Knoxville, TN",47,615,9150708100,VA:First Lien,Single Family (1-4 Units):Site-Built,Not Hispanic or Latino,White,Male,Loan denied,32,275000.0,7.000,3.000,6,2,0.000,0.000,0.000,0.000,0.000,240,360,2,2,2,2,0.000,300000.0,1,1,3,5,1,1,65-74,9999,Yes,1,1,,,,,,,,,,,,,,,,,
2024,"Spokane-Spokane Valley, WA",53,510,9150706100,Conventional:Subordinate Lien,Single Family (1-4 Units):Site-Built,Not Hispanic or Latino,Black,Female,Application approved,32,325000.0,5.500,2.500,3,0,0.000,0.000,0.000,0.000,0.000,360,480,2,2,2,2,0.000,350000.0,1,1,3,5,1,1,65-74,9999,Yes,1,1,,,,,,,,,,,,,,,,,
2024,"Providence-Warwick, RI-MA",44,015,9150709100,FHA:First Lien,Single Family (1-4 Units):Site-Built,Not Hispanic or Latino,White,Male,Loan closed,32,220000.0,5.000,2.000,4,1,0.000,0.000,0.000,0.000,0.000,240,360,2,2,2,2,0.000,225000.0,1,1,3,5,1,1,65-74,9999,Yes,1,1,,,,,,,,,,,,,,,,,
2024,"Greenville-Anderson, SC",25,115,9150702100,Conventional:First Lien,Single Family (1-4 Units):Site-Built,Not Hispanic or Latino,Asian,Female,Loan denied,32,300000.0,6.000,3.000,5,2,0.000,0.000,0.000,0.000,0.000,360,480,2,2,2,2,0.000,325000.0,1,1,3,5,1,1,65-74,9999,Yes,1,1,,,,,,,,,,,,,,,,,
2024,"Columbus, OH",39,011,9150707100,FHA:Subordinate Lien,Single Family (1-4 Units):Site-Built,Not Hispanic or Latino,White,Male,Application approved,32,250000.0,4.500,1.500,2,0,0.000,0.000,0.000,0.000,0.000,360,480,2,2,2,2,0.000,275000.0,1,1,3,5,1,1,65-74,9999,Yes,1,1,,,,,,,,,,,,,,,,,
2024,"Austin-Round Rock, TX",48,035,9150708100,Conventional:First Lien,Single Family (1-4 Units):Site-Built,Not Hispanic or Latino,White,Female,Loan closed,32,375000.0,7.500,3.500,6,3,0.000,0.000,0.000,0.000,0.000,360,480,2,2,2,2,0.000,325000.0,1,1,3,5,1,1,65-74,9999,Yes,1,1,,,,,,,,,,,,,,,,,
2024,"Oklahoma City, OK",74,037,9150706100,VA:Subordinate Lien,Single Family (1-4 Units):Site-Built,Not Hispanic or Latino,Black,Male,Loan denied,32,325000.0,5.000,2.000,4,1,0.000,0.000,0.000,0.000,0.000,360,480,2,2,2,2,0.000,375000.0,1,1,3,5,1,1,65-74,9999,Yes,1,1,,,,,,,,,,,,,,,,,
2024,"Los Angeles-Long Beach-Anaheim, CA",06,061,9150702100,Conventional:First Lien,Single Family (1-4 Units):Site-Built,Not Hispanic or Latino,White,Female,Application approved,32,275000.0,6.000,3.000,5,2,0.000,0.000,0.000,0.000,0.000,360,480,2,2,2,2,0.000,325000.0,1,1,3,5,1,1,65-74,9999,Yes,1,1,,,,,,,,,,,,,,,,,
2024,"Kansas City, MO-KS",29,031,9150708100,FHA:Subordinate Lien,Single Family (1-4 Units):Site-Built,Not Hispanic or Latino,Black,Male,Loan closed,32,325000.0,5.500,2.500,3,0,0.000,0.000,0.000,0.000,0.000,360,480,2,2,2,2,0.000,375000.0,1,1,3,5,1,1,65-74,9999,Yes,1,1,,,,,,,,,,,,,,,,,
2024,"Omaha-Council Bluffs, NE-IA",31,029,9150706100,Conventional:First Lien,Single Family (1-4 Units):Site-Built,Not Hispanic or Latino,White,Female,Loan denied,32,375000.0,6.000,3.000,5,2,0.000,0.000,0.000,0.000,0.000,360,480,2,2,2,2,0.000,325000.0,1,1,3,5,1,1,65-74,9999,Yes,1,1,,,,,,,,,,,,,,,,,
2024,"Birmingham-Hoover, AL",01,013,9150707100,VA:Subordinate Lien,Single Family (1-4 Units):Site-Built,Not Hispanic or Latino,White,Male,Application approved,32,275000.0,4.500,1.500,2,0,0.000,0.000,0.000,0.000,0.000,360,480,2,2,2,2,0.000,325000.0,1,1,3,5,1,1,65-74,9999,Yes,1,1,,,,,,,,,,,,,,,,,
2024,"St. Louis, MO-IL",29,021,9150706100,FHA:Subordinate Lien,Single Family (1-4 Units):Site-Built,Not Hispanic or Latino,Asian,Female,Loan closed,32,325000.0,5.000,2.000,4,1,0.000,0.000,0.000,0.000,0.000,360,480,2,2,2,2,0.000,375000.0,1,1,3,5,1,1,65-74,9999,Yes,1,1,,,,,,,,,,,,,,,,,
2024,"Cincinnati, OH-KY-IN",37,017,9150708100,Conventional:First Lien,Single Family (1-4 Units):Site-Built,Not Hispanic or Latino,Black,Male,Application approved,32,375000.0,6.500,3.500,5,3,0.000,0.000,0.000,0.000,0.000,360,480,2,2,2,2,0.000,325000.0,1,1,3,5,1,1,65-74,9999,Yes,1,1,,,,,,,,,,,,,,,,,
2024,"Detroit-Warren-Dearborn, MI",26,021,9150706100,FHA:Subordinate Lien,Single Family (1-4 Units):Site-Built,Not Hispanic or Latino,White,Female,Loan denied,32,325000.0,5.000,2.000,4,1,0.000,0.000,0.000,0.000,0.000,360,480,2,2,2,2,0.000,375000.0,1,1,3,5,1,1,65-74,9999,Yes,1,1,,,,,,,,,,,,,,,,,
2024,"Phoenix-Mesa, AZ",04,015,9150707100,Conventional:Subordinate Lien,Single Family (1-4 Units):Site-Built,Not Hispanic or Latino,Asian,Male,Loan closed,32,375000.0,7.000,3.000,6,2,0.000,0.000,0.000,0.000,0.000,360,480,2,2,2,2,0.000,325000.0,1,1,3,5,1,1,65-74,9999,Yes,1,1,,,,,,,,,,,,,,,,,
2024,"San Jose-Sunnyvale-Santa Clara, CA",06,067,9150706100,FHA:Subordinate Lien,Single Family (1-4 Units):Site-Built,Not Hispanic or Latino,White,Female,Application approved,32,375000.0,4.500,1.500,2,0,0.000,0.000,0.000,0.000,0.000,360,480,2,2,2,2,0.000,325000.0,1,1,3,5,1,1,65-74,9999,Yes,1,1,,,,,,,,,,,,,,,,,
2024,"Houston-The Woodlands-Sugar Land, TX",48,035,9150708100,VA:Subordinate Lien,Single Family (1-4 Units):Site-Built,Not Hispanic or Latino,Black,Male,Loan closed,32,325000.0,5.500,2.500,3,0,0.000,0.000,0.000,0.000,0.000,360,480,2,2,2,2,0.000,375000.0,1,1,3,5,1,1,65-74,9999,Yes,1,1,,,,,,,,,,,,,,,,,
2024,"Raleigh-Durham-Chapel Hill, NC",51,021,9150706100,FHA:Subordinate Lien,Single Family (1-4 Units):Site-Built,Not Hispanic or Latino,White,Female,Loan denied,32,375000.0,6.000,3.000,5,2,0.000,0.000,0.000,0.000,0.000,360,480,2,2,2,2,0.000,325000.0,1,1,3,5,1,1,65-74,9999,Yes,1,1,,,,,,,,,,,,,,,,,
2024,"San Francisco-Oakland-Berkeley, CA",06,063,9150707100,Conventional:Subordinate Lien,Single Family (1-4 Units):Site-Built,Not Hispanic or Latino,Asian,Male,Application approved,32,375000.0,7.500,3.500,6,3,0.000,0.000,0.000,0.000,0.000,360,480,2,2,2,2,0.000,325000.0,1,1,3,5,1,1,65-74,9999,Yes,1,1,,,,,,,,,,,,,,,,,
2024,"Nashville-Davidson--Murfreesboro--Franklin, TN",37,035,9150708100,FHA:Subordinate Lien,Single Family (1-4 Units):Site-Built,Not Hispanic or Latino,White,Female,Loan closed,32,375000.0,6.500,3.500,5,3,0.000,0.000,0.000,0.000,0.000,360,480,2,2,2,2,0.000,325000.0,1,1,3,5,1,1,65-74,9999,Yes,1,1,,,,,,,,,,,,,,,,,
2024,"San Diego-Chula Vista-Carlsbad, CA",06,065,9150706100,Conventional:Subordinate Lien,Single Family (1-4 Units):Site-Built,Not Hispanic or Latino,White,Male,Loan denied,32,325000.0,5.000,2.000,4,1,0.000,0.000,0.000,0.000,0.000,360,480,2,2,2,2,0.000,375000.0,1,1,3,5,1,1,65-74,9999,Yes,1,1,,,,,,,,,,,,,,,,,
2024,"Indianapolis-Carmel-Anderson, IN",18,035,9150707100,FHA:Subordinate Lien,Single Family (1-4 Units):Site-Built,Not Hispanic or Latino,Black,Male,Application approved,32,375000.0,6.000,3.000,5,2,0.000,0.000,0.000,0.000,0.000,360,480,2,2,2,2,0.000,325000.0,1,1,3,5,1,1,65-74,9999,Yes,1,1,,,,,,,,,,,,,,,,,
2024,"Denver-Aurora-Lakewood, CO",08,047,9150708100,Conventional:Subordinate Lien,Single Family (1-4 Units):Site-Built,Not Hispanic or Latino,White,Female,Loan closed,32,375000.0,7.000,3.000,6,2,0.000,0.000,0.000,0.000,0.000,360,480,2,2,2,2,0.000,325000.0,1,1,3,5,1,1,65-74,9999,Yes,1,1,,,,,,,,,,,,,,,,,
2024,"Seattle-Tacoma-Bellevue, WA",53,011,9150706100,VA:Subordinate Lien,Single Family (1-4 Units):Site-Built,Not Hispanic or Latino,Black,Male,Loan denied,32,375000.0,5.500,2.500,3,0,0.000,0.000,0.000,0.000,0.000,360,480,2,2,2,2,0.000,375000.0,1,1,3,5,1,1,65-74,9999,Yes,1,1,,,,,,,,,,,,,,,,,
2024,"Boston-Cambridge-Nashua, MA-NH",25,011,9150708100,FHA:Subordinate Lien,Single Family (1-4 Units):Site-Built,Not Hispanic or Latino,White,Female,Application approved,32,375000.0,6.000,3.000,5,2,0.000,0.000,0.000,0.000,0.000,360,480,2,2,2,2,0.000,325000.0,1,1,3,5,1,1,65-74,9999,Yes,1,1,,,,,,,,,,,,,,,,,
2024,"Tampa-St. Petersburg-Clearwater, FL",12,019,9150706100,Conventional:Subordinate Lien,Single Family (1-4 Units):Site-Built,Not Hispanic or Latino,White,Male,Loan closed,32,375000.0,7.500,3.500,6,3,0.000,0.000,0.000,0.000,0.000,360,480,2,2,2,2,0.000,325000.0,1,1,3,5,1,1,65-74,9999,Yes,1,1,,,,,,,,,,,,,,,,,
2024,"Orlando-Kissimmee-Sanford, FL",12,031,9150708100,FHA:Subordinate Lien,Single Family (1-4 Units):Site-Built,Not Hispanic or Latino,Asian,Female,Loan denied,32,375000.0,6.000,3.000,5,2,0.000,0.000,0.000,0.000,0.000,360,480,2,2,2,2,0.000,325000.0,1,1,3,5,1,1,65-74,9999,Yes,1,1,,,,,,,,,,,,,,,,,
2024,"Minneapolis-St. Paul-Bloomington, MN-WI",27,019,9150706100,Conventional:Subordinate Lien,Single Family (1-4 Units):Site-Built,Not Hispanic or Latino,Black,Male,Application approved,32,375000.0,7.500,3.500,6,3,0.000,0.000,0.000,0.000,0.000,360,480,2,2,2,2,0.000,325000.0,1,1,3,5,1,1,65-74,9999,Yes,1,1,,,,,,,,,,,,,,,,,
2024,"Philadelphia-Camden-Wilmington, PA-NJ-DE-MD",37,021,9150708100,FHA:Subordinate Lien,Single Family (1-4 Units):Site-Built,Not Hispanic or Latino,White,Female,Loan closed,32,375000.0,6.500,3.500,5,3,0.000,0.000,0.000,0.000,0.000,360,480,2,2,2,2,0.000,325000.0,1,1,3,5,1,1,65-74,9999,Yes,1,1,,,,,,,,,,,,,,,,,
2024,"Columbus, GA-AL",13,037,9150706100,VA:Subordinate Lien,Single Family (1-4 Units):Site-Built,Not Hispanic or Latino,Asian,Male,Loan denied,32,375000.0,5.500,2.500,3,0,0.000,0.000,0.000,0.000,0.000,360,480,2,2,2,2,0.000,325000.0,1,1,3,5,1,1,65-74,9999,Yes,1,1,,,,,,,,,,,,,,,,,
2024,"Richmond, VA",45,047,9150707100,Conventional:Subordinate Lien,Single Family (1-4 Units):Site-Built,Not Hispanic or Latino,White,Female,Application approved,32,375000.0,7.000,3.000,6,2,0.000,0.000,0.000,0.000,0.000,360,480,2,2,2,2,0.000,325000.0,1,1,3,5,1,1,65-74,9999,Yes,1,1,,,,,,,,,,,,,,,,,
2024,"Portland-VG, OR",46,015,9150708100,FHA:Subordinate Lien,Single Family (1-4 Units):Site-Built,Not Hispanic or Latino,Black,Male,Loan closed,32,375000.0,6.500,3.500,5,3,0.000,0.000,0.000,0.000,0.000,360,480,2,2,2,2,0.000,325000.0,1,1,3,5,1,1,65-74,9999,Yes,1,1,,,,,,,,,,,,,,,,,
2024,"Knoxville, TN",47,021,9150706100,Conventional:Subordinate Lien,Single Family (1-4 Units):Site-Built,Not Hispanic or Latino,White,Female,Loan denied,32,325000.0,5.000,2.000,4,1,0.000,0.000,0.000,0.000,0.000,360,480,2,2,2,2,0.000,375000.0,1,1,3,5,1,1,65-74,9999,Yes,1,1,,,,,,,,,,,,,,,,,
2024,"Spokane-Spokane Valley, WA",53,011,9150707100,FHA:Subordinate Lien,Single Family (1-4 Units):Site-Built,Not Hispanic or Latino,Asian,Male,Application approved,32,375000.0,7.500,3.500,6,3,0.000,0.000,0.000,0.000,0.000,360,480,2,2,2,2,0.000,325000.0,1,1,3,5,1,1,65-74,9999,Yes,1,1,,,,,,,,,,,,,,,,,
2024,"Providence-Warwick, RI-MA",44,015,9150706100,VA:Subordinate Lien,Single Family (1-4 Units):Site-Built,Not Hispanic or Latino,White,Female,Loan closed,32,375000.0,6.000,3.000,5,2,0.000,0.000,0.000,0.000,0.000,360,480,2,2,2,2,0.000,325000.0,1,1,3,5,1,1,65-74,9999,Yes,1,1,,,,,,,,,,,,,,,,,
2024,"Chicago-Naperville-Elgin, IL",17,18183.0,18183091760.0,Conventional:First Lien,Single Family (1-4 Units):Site-Built,Not Hispanic or Latino,White,Female,File closed for incompleteness,44,162000.0,,,,0,,,,,,120,,,2,2,2,2,,1,1,3,5,1,,96.0,,1111,1111,2.0,5.0,2,4,5.0,8.0,2,4,1,5,2,4,35-44,9999,Yes,,1,1
2024,99999,MA,43693.0,43693604700.0,VA:Subordinate Lien,Single Family (1-4 Units):Site-Built,Not Hispanic or Latino,White,Male,Application denied,32,320000.0,,,,3,,,,,,360,,,2,2,2,2,,1,1,3,5,1,,108.0,,3,10,3.0,5.0,2,4,6.0,8.0,2,4,3,5,2,4,45-54,9999,Yes,,1,1
2024,99999,CA,12130.0,12130061750.0,FHA:First Lien,Single Family (1-4 Units):Site-Built,Not Hispanic or Latino,White,Female,6,32,200000.0,,9.875,,2,15000.0,,10000.0,5000.0,,300.0,,,2,2,2,2,250000.0,1,1,3,5,1,,,,9,9,4.0,4.0,3,3,8.0,8.0,3,3,4,4,3,3,8888,8888,,,3,3
2024,99999,FL,51381.0,51381176500.0,Conventional:Subordinate Lien,Single Family (1-4 Units):Site-Built,Not Hispanic or Latino,White,Female,File closed for incompleteness,32,100000.0,,,,0,,,,,,120,,,2,2,2,2,,1,1,3,5,1,,96.0,,1111,1111,2.0,5.0,2,4,5.0,8.0,2,4,1,5,2,4,35-44,9999,Yes,,1,1
2024,99999,NY,15364.0,15364329740.0,VA:First Lien,Single Family (1-4 Units):Site-Built,Not Hispanic or Latino,White,Male,Application denied,32,400000.0,,,,3,,,,,,360,,,2,2,2,2,,1,1,3,5,1,,108.0,,3,10,3.0,5.0,2,4,6.0,8.0,2,4,3,5,2,4,45-54,9999,Yes,,1,1
2024,99999,TX,14768.0,14768021250.0,FHA:First Lien,Single Family (1-4 Units):Site-Built,Not Hispanic or Latino,White,Female,6,32,150000.0,,9.875,,2,11000.0,,8000.0,4000.0,,300.0,,,2,2,2,2,200000.0,1,1,3,5,1,,,,9,9,4.0,4.0,3,3,8.0,8.0,3,3,4,4,3,3,8888,8888,,,3,3
2024,99999,OH,23495.0,23495088250.0,Conventional:Subordinate Lien,Single Family (1-4 Units):Site-Built,Not Hispanic or Latino,White,Female,File closed for incompleteness,44,250000.0,,,,0,,,,,,120,,,2,2,2,2,,1,1,3,5,1,,96.0,,1111,1111,2.0,5.0,2,4,5.0,8.0,2,4,1,5,2,4,35-44,9999,Yes,,1,1
2024,99999,GA,16143.0,16143280800.0,VA:First Lien,Single Family (1-4 Units):Site-Built,Not Hispanic or Latino,White,Male,Application denied,32,450000.0,,,,3,,,,,,360,,,2,2,2,2,,1,1,3,5,1,,108.0,,3,10,3.0,5.0,2,4,6.0,8.0,2,4,3,5,2,4,45-54,9999,Yes,,1,1
2024,99999,NC,9545.0,9545241300.0,FHA:Subordinate Lien,Single Family (1-4 Units):Site-Built,Not Hispanic or Latino,White,Female,6,32,120000.0,,9.875,,2,9000.0,,7000.0,3000.0,,300.0,,,2,2,2,2,150000.0,1,1,3,5,1,,,,9,9,4.0,4.0,3,3,8.0,8.0,3,3,4,4,3,3,8888,8888,,,3,3
2024,99999,IL,14260.0,14260226850.0,Conventional:Subordinate Lien,Single Family (1-4 Units):Site-Built,Not Hispanic or Latino,White,Female,File closed for incompleteness,44,280000.0,,,,0,,,,,,120,,,2,2,2,2,,1,1,3,5,1,,96.0,,1111,1111,2.0,5.0,2,4,5.0,8.0,2,4,1,5,2,4,35-44,9999,Yes,,1,1
2024,99999,SC,46322.0,46322254100.0,VA:First Lien,Single Family (1-4 Units):Site-Built,Not Hispanic or Latino,White,Male,Application denied,32,560000.0,,,,3,,,,,,360,,,2,2,2,2,,1,1,3,5,1,,108.0,,3,10,3.0,5.0,2,4,6.0,8.0,2,4,3,5,2,4,45-54,9999,Yes,,1,1
2024,99999,WA,15440.0,15440162850.0,FHA:Subordinate Lien,Single Family (1-4 Units):Site-Built,Not Hispanic or Latino,White,Female,6,32,180000.0,,9.875,,2,14000.0,,10000.0,5000.0,,300.0,,,2,2,2,2,200000.0,1,1,3,5,1,,,,9,9,4.0,4.0,3,3,8.0,8.0,3,3,4,4,3,3,8888,8888,,,3,3
2024,99999,OR,31013.0,31013331540.0,Conventional:Subordinate Lien,Single Family (1-4 Units):Site-Built,Not Hispanic or Latino,White,Female,File closed for incompleteness,44,320000.0,,,,0,,,,,,120,,,2,2,2,2,,1,1,3,5,1,,96.0,,1111,1111,2.0,5.0,2,4,5.0,8.0,2,4,1,5,2,4,35-44,9999,Yes,,1,1
2024,99999,AZ,17899.0,17899295300.0,VA:First Lien,Single Family (1-4 Units):Site-Built,Not Hispanic or Latino,White,Male,Application denied,32,640000.0,,,,3,,,,,,360,,,2,2,2,2,,1,1,3,5,1,,108.0,,3,10,3.0,5.0,2,4,6.0,8.0,2,4,3,5,2,4,45-54,9999,Yes,,1,1
2024,99999,NV,51964.0,51964292200.0,FHA:Subordinate Lien,Single Family (1-4 Units):Site-Built,Not Hispanic or Latino,White,Female,6,32,160000.0,,9.875,,2,12000.0,,9000.0,4000.0,,300.0,,,2,2,2,2,200000.0,1,1,3,5,1,,,,9,9,4.0,4.0,3,3,8.0,8.0,3,3,4,4,3,3,8888,8888,,,3,3
2024,99999,CO,10328.0,10328075950.0,Conventional:Subordinate Lien,Single Family (1-4 Units):Site-Built,Not Hispanic or Latino,White,Female,File closed for incompleteness,44,240000.0,,,,0,,,,,,120,,,2,2,2,2,,1,1,3,5,1,,96.0,,1111,1111,2.0,5.0,2,4,5.0,8.0,2,4,1,5,2,4,35-44,9999,Yes,,1,1
2024,99999,UT,19928.0,19928321500.0,VA:First Lien,Single Family (1-4 Units):Site-Built,Not Hispanic or Latino,White,Male,Application denied,32,720000.0,,,,3,,,,,,360,,,2,2,2,2,,1,1,3,5,1,,108.0,,3,10,3.0,5.0,2,4,6.0,8.0,2,4,3,5,2,4,45-54,9999,Yes,,1,1
2024,99999,TN,11351.0,11351115050.0,FHA:Subordinate Lien,Single Family (1-4 Units):Site-Built,Not Hispanic or Latino,White,Female,6,32,140000.0,,9.875,,2,10000.0,,8000.0,3000.0,,300.0,,,2,2,2,2,200000.0,1,1,3,5,1,,,,9,9,4.0,4.0,3,3,8.0,8.0,3,3,4,4,3,3,8888,8888,,,3,3
2024,99999,MI,47545.0,47545023550.0,Conventional:Subordinate Lien,Single Family (1-4 Units):Site-Built,Not Hispanic or Latino,White,Female,File closed for incompleteness,44,260000.0,,,,0,,,,,,120,,,2,2,2,2,,1,1,3,5,1,,96.0,,1111,1111,2.0,5.0,2,4,5.0,8.0,2,4,1,5,2,4,35-44,9999,Yes,,1,1
2024,99999,MO,22002.0,22002349650.0,VA:First Lien,Single Family (1-4 Units):Site-Built,Not Hispanic or Latino,White,Male,Application denied,32,840000.0,,,,3,,,,,,360,,,2,2,2,2,,1,1,3,5,1,,108.0,,3,10,3.0,5.0,2,4,6.0,8.0,2,4,3,5,2,4,45-54,9999,Yes,,1,1
2024,99999,KY,20379.0,20379289350.0,FHA:Subordinate Lien,Single Family (1-4 Units):Site-Built,Not Hispanic or Latino,White,Female,6,32,120000.0,,9.875,,2,9000.0,,7000.0,3000.0,,300.0,,,2,2,2,2,150000.0,1,1,3,5,1,,,,9,9,4.0,4.0,3,3,8.0,8.0,3,3,4,4,3,3,8888,8888,,,3,3
2024,99999,WV,18740.0,18740221600.0,Conventional:Subordinate Lien,Single Family (1-4 Units):Site-Built,Not Hispanic or Latino,White,Female,File closed for incompleteness,44,200000.0,,,,0,,,,,,120,,,2,2,2,2,,1,1,3,5,1,,96.0,,1111,1111,2.0,5.0,2,4,5.0,8.0,2,4,1,5,2,4,35-44,9999,Yes,,1,1
2024,99999,AR,25164.0,25164397050.0,VA:First Lien,Single Family (1-4 Units):Site-Built,Not Hispanic or Latino,White,Male,Application denied,32,960000.0,,,,3,,,,,,360,,,2,2,2,2,,1,1,3,5,1,,108.0,,3,10,3.0,5.0,2,4,6.0,8.0,2,4,3,5,2,4,45-54,9999,Yes,,1,1
2024,99999,LA,18469.0,18469341650.0,FHA:Subordinate Lien,Single Family (1-4 Units):Site-Built,Not Hispanic or Latino,White,Female,6,32,160000.0,,9.875,,2,12000.0,,9000.0,4000.0,,300.0,,,2,2,2,2,200000.0,1,1,3,5,1,,,,9,9,4.0,4.0,3,3,8.0,8.0,3,3,4,4,3,3,8888,8888,,,3,3
2024,99999,MS,19682.0,19682247250.0,Conventional:Subordinate Lien,Single Family (1-4 Units):Site-Built,Not Hispanic or Latino,White,Female,File closed for incompleteness,44,220000.0,,,,0,,,,,,120,,,2,2,2,2,,1,1,3,5,1,,96.0,,1111,1111,2.0,5.0,2,4,5.0,8.0,2,4,1,5,2,4,35-44,9999,Yes,,1,1
2024,99999,AL,29413.0,29413262600.0,VA:First Lien,Single Family (1-4 Units):Site-Built,Not Hispanic or Latino,White,Male,Application denied,32,1000000.0,,,,3,,,,,,360,,,2,2,2,2,,1,1,3,5,1,,108.0,,3,10,3.0,5.0,2,4,6.0,8.0,2,4,3,5,2,4,45-54,9999,Yes,,1,1
2024,99999,OK,14092.0,14092313350.0,FHA:Subordinate Lien,Single Family (1-4 Units):Site-Built,Not Hispanic or Latino,White,Female,6,32,140000.0,,9.875,,2,10000.0,,8000.0,3000.0,,300.0,,,2,2,2,2,200000.0,1,1,3,5,1,,,,9,9,4.0,4.0,3,3,8.0,8.0,3,3,4,4,3,3,8888,8888,,,3,3
2024,99999,SD,29785.0,29785356800.0,Conventional:Subordinate Lien,Single Family (1-4 Units):Site-Built,Not Hispanic or Latino,White,Female,File closed for incompleteness,44,280000.0,,,,0,,,,,,120,,,2,2,2,2,,1,1,3,5,1,,96.0,,1111,1111,2.0,5.0,2,4,5.0,8.0,2,4,1,5,2,4,35-44,9999,Yes,,1,1
2024,99999,ND,21427.0,21427421100.0,VA:First Lien,Single Family (1-4 Units):Site-Built,Not Hispanic or Latino,White,Male,Application denied,32,1120000.0,,,,3,,,,,,360,,,2,2,2,2,,1,1,3,5,1,,108.0,,3,10,3.0,5.0,2,4,6.0,8.0,2,4,3,5,2,4,45-54,9999,Yes,,1,1
2024,99999,MT,19915.0,19915341450.0,FHA:Subordinate Lien,Single Family (1-4 Units):Site-Built,Not Hispanic or Latino,White,Female,6,32,180000.0,,9.875,,2,14000.0,,10000.0,5000.0,,300.0,,,2,2,2,2,250000.0,1,1,3,5,1,,,,9,9,4.0,4.0,3,3,8.0,8.0,3,3,4,4,3,3,8888,8888,,,3,3
2024,99999,WY,24647.0,24647187200.0,Conventional:Subordinate Lien,Single Family (1-4 Units):Site-Built,Not Hispanic or Latino,White,Female,File closed for incompleteness,44,300000.0,,,,0,,,,,,120,,,2,2,2,2,,1,1,3,5,1,,96.0,,1111,1111,2.0,5.0,2,4,5.0,8.0,2,4,1,5,2,4,35-44,9999,Yes,,1,1
2024,99999,ID,23064.0,23064053300.0,VA:First Lien,Single Family (1-4 Units):Site-Built,Not Hispanic or Latino,White,Male,Application denied,32,1280000.0,,,,3,,,,,,360,,,2,2,2,2,,1,1,3,5,1,,108.0,,3,10,3.0,5.0,2,4,6.0,8.0,2,4,3,5,2,4,45-54,9999,Yes,,1,1
2024,99999,UT,19127.0,19127507750.0,FHA:Subordinate Lien,Single Family (1-4 Units):Site-Built,Not Hispanic or Latino,White,Female,6,32,220000.0,,9.875,,2,17000.0,,13000.0,5000.0,,300.0,,,2,2,2,2,300000.0,1,1,3,5,1,,,,9,9,4.0,4.0,3,3,8.0,8.0,3,3,4,4,3,3,8888,8888,,,3,3
2024,99999,NV,12329.0,12329349750.0,Conventional:Subordinate Lien,Single Family (1-4 Units):Site-Built,Not Hispanic or Latino,White,Female,File closed for incompleteness,44,320000.0,,,,0,,,,,,120,,,2,2,2,2,,1,1,3,5,1,,96.0,,1111,1111,2.0,5.0,2,4,5.0,8.0,2,4,1,5,2,4,35-44,9999,Yes,,1,1
2024,99999,CO,11759.0,11759335050.0,VA:First Lien,Single Family (1-4 Units):Site-Built,Not Hispanic or Latino,White,Male,Application denied,32,1440000.0,,,,3,,,,,,360,,,2,2,2,2,,1,1,3,5,1,,108.0,,3,10,3.0,5.0,2,4,6.0,8.0,2,4,3,5,2,4,45-54,9999,Yes,,1,1
2024,99999,WY,14253.0,14253344500.0,FHA:Subordinate Lien,Single Family (1-4 Units):Site-Built,Not Hispanic or Latino,White,Female,6,32,240000.0,,9.875,,2,18000.0,,14000.0,5000.0,,300.0,,,2,2,2,2,350000.0,1,1,3,5,1,,,,9,9,4.0,4.0,3,3,8.0,8.0,3,3,4,4,3,3,8888,8888,,,3,3
2024,99999,NE,23362.0,23362102800.0,Conventional:Subordinate Lien,Single Family (1-4 Units):Site-Built,Not Hispanic or Latino,White,Female,File closed for incompleteness,44,280000.0,,,,0,,,,,,120,,,2,2,2,2,,1,1,3,5,1,,96.0,,1111,1111,2.0,5.0,2,4,5.0,8.0,2,4,1,5,2,4,35-44,9999,Yes,,1,1
2024,99999,KS,22071.0,22071325800.0,VA:First Lien,Single Family (1-4 Units):Site-Built,Not Hispanic or Latino,White,Male,Application denied,32,1560000.0,,,,3,,,,,,360,,,2,2,2,2,,1,1,3,5,1,,108.0,,3,10,3.0,5.0,2,4,6.0,8.0,2,4,3,5,2,4,45-54,9999,Yes,,1,1
2024,99999,NM,12371.0,12371433650.0,FHA:Subordinate Lien,Single Family (1-4 Units):Site-Built,Not Hispanic or Latino,White,Female,6,32,280000.0,,9.875,,2,20000.0,,16000.0,5000.0,,300.0,,,2,2,2,2,400000.0,1,1,3,5,1,,,,9,9,4.0,4.0,3,3,8.0,8.0,3,3,4,4,3,3,8888,8888,,,3,3
2024,99999,SD,18371.0,18371175650.0,Conventional:Subordinate Lien,Single Family (1-4 Units):Site-Built,Not Hispanic or Latino,White,Female,File closed for incompleteness,44,260000.0,,,,0,,,,,,120,,,2,2,2,2,,1,1,3,5,1,,96.0,,1111,1111,2.0,5.0,2,4,5.0,8.0,2,4,1,5,2,4,35-44,9999,Yes,,1,1
2024,99999,ND,16584.0,16584110250.0,VA:First Lien,Single Family (1-4 Units):Site-Built,Not Hispanic or Latino,White,Male,Application denied,32,1680000.0,,,,3,,,,,,360,,,2,2,2,2,,1,1,3,5,1,,108.0,,3,10,3.0,5.0,2,4,6.0,8.0,2,4,3,5,2,4,45-54,9999,Yes,,1,1
2024,99999,DE,24538.0,24538259750.0,FHA:Subordinate Lien,Single Family (1-4 Units):Site-Built,Not Hispanic or Latino,White,Female,6,32,320000.0,,9.875,,2,22000.0,,18000.0,5000.0,,300.0,,,2,2,2,2,450000.0,1,1,3,5,1,,,,9,9,4.0,4.0,3,3,8.0,8.0,3,3,4,4,3,3,8888,8888,,,3,3
2024,99999,VT,15506.0,15506057000.0,Conventional:Subordinate Lien,Single Family (1-4 Units):Site-Built,Not Hispanic or Latino,White,Female,File closed for incompleteness,44,300000.0,,,,0,,,,,,120,,,2,2,2,2,,1,1,3,5,1,,96.0,,1111,1111,2.0,5.0,2,4,5.0,8.0,2,4,1,5,2,4,35-44,9999,Yes,,1,1
2024,99999,RI,23117.0,23117314850.0,VA:First Lien,Single Family (1-4 Units):Site-Built,Not Hispanic or Latino,White,Male,Application denied,32,1800000.0,,,,3,,,,,,360,,,2,2,2,2,,1,1,3,5,1,,108.0,,3,10,3.0,5.0,2,4,6.0,8.0,2,4,3,5,2,4,45-54,9999,Yes,,1,1
2024,99999,ME,23599.0,23599461400.0,FHA:Subordinate Lien,Single Family (1-4 Units):Site-Built,Not Hispanic or Latino,White,Female,6,32,360000.0,,9.875,,2,25000.0,,20000.0,5000.0,,300.0,,,2,2,2,2,500000.0,1,1,3,5,1,,,,9,9,4.0,4.0,3,3,8.0,8.0,3,3,4,4,3,3,8888,8888,,,3,3
2024,99999,NH,14824.0,14824357500.0,Conventional:Subordinate Lien,Single Family (1-4 Units):Site-Built,Not Hispanic or Latino,White,Female,File closed for incompleteness,44,320000.0,,,,0,,,,,,120,,,2,2,2,2,,1,1,3,5,1,,96.0,,1111,1111,2.0,5.0,2,4,5.0,8.0,2,4,1,5,2,4,35-44,9999,Yes,,1,1
2024,99999,VT,29141.0,29141224250.0,VA:First Lien,Single Family (1-4 Units):Site-Built,Not Hispanic or Latino,White,Male,Application denied,32,2080000.0,,,,3,,,,,,360,,,2,2,2,2,,1,1,3,5,1,,108.0,,3,10,3.0,5.0,2,4,6.0,8.0,2,4,3,5,2,4,45-54,9999,Yes,,1,1
2024,99558,CA,68252.0,68252493600.0,Conventional:First Lien,Single Family (1-4 Units):Site-Built,Hispanic or Latino,White,Male,Application approved,52,525000.0,,,,12,,,,,105,,,2,2,2,2,,1,1,3,5,1,,96.0,,9,2,1.0,5.0,1,4,5.0,8.0,2,4,1,5,2,4,45-54,9999,Yes,,1,1,
2024,12055,MT,32981.0,32981388513.0,FHA:First Lien,Single Family (1-4 Units):Site-Built,White,White,Unknown,File closed for incompleteness,31,57500.0,,,,7.125,,12345.0,45778.8,12345.0,,300.0,,,2,2,2,2,,2,2,3,5,1,,102.0,,3,8,4.0,4.0,3,3,5.0,8.0,2,4,3,5,2,4,65-74,9999,Yes,,1,1
2024,99999,HI,45981.0,45981472920.0,VA:First Lien,Single Family (1-4 Units):Site-Built,Asian,Race Not Available,Sex Not Available,Application denied,31,320000.0,,,,6.0,,30669.0,24380.8,,150.0,,,2,2,2,2,,1,1,3,5,1,,96.0,,11,2,1.0,5.0,3,4,6.0,8.0,2,4,1,5,2,4,55-64,9999,Yes,,1,1,
2024,99858,FL,62119.0,62119904100.0,Conventional:First Lien,Single Family (1-4 Units):Site-Built,Not Hispanic or Latino,Black or African American,Unknown,File closed for incompleteness,31,67500.0,,,,3.0,,51164.0,10470.8,51164.0,,300.0,,,2,2,2,2,,2,2,3,5,1,,102.0,,11,2,4.0,4.0,2,4,5.0,8.0,2,4,3,5,2,4,45-54,9999,Yes,,1,1
2024,99999,NV,45193.0,45193366705.0,Conventional:First Lien,Single Family (1-4 Units):Site-Built,Hispanic or Latino,White,Male,File closed for incompleteness,52,275000.0,,,,9.0,,24826.0,24380.8,,300.0,,,2,2,2,2,,1,1,3,5,1,,96.0,,11,5,2.0,5.0,2,4,6.0,8.0,2,4,1,5,2,4,55-64,9999,Yes,,1,1,
2024,99858,AK,12026.0,12026102551.0,FHA:First Lien,Single Family (1-4 Units):Site-Built,Asian,Asian,Male,7,31,325000.0,0.75,6.5,,,,10418.0,15714.8,10418.0,,300.0,,,2,2,2,2,425000.0,1,1,3,5,1,,104.0,,9,9,2.0,4.0,3,3,5.0,8.0,2,4,3,5,2,4,45-54,9999,Yes,,1,1
2024,99999,LA,46924.0,46924429740.0,Conventional:First Lien,Single Family (1-4 Units):Site-Built,Not Hispanic or Latino,White,Male,File closed for incompleteness,31,475000.0,,,,6.0,,37317.0,39628.8,37317.0,,300.0,,,2,2,2,2,,2,2,3,5,1,,102.0,,3,10,5.0,5.0,2,4,5.0,8.0,2,4,3,5,2,4,65-74,9999,Yes,,1,1
2024,12055,ND,15298.0,15298389554.0,Conventional:First Lien,Single Family (1-4 Units):Site-Built,White,White,Male,File closed for incompleteness,31,625000.0,,,,6.75,,55536.0,23500.8,,300.0,,,2,2,2,2,,2,2,3,5,1,,102.0,,11,9,4.0,4.0,3,3,5.0,8.0,2,4,3,5,2,4,45-54,9999,Yes,,1,1,
2024,12055,OH,12806.0,12806378628.0,Conventional:First Lien,Single Family (1-4 Units):Site-Built,White,White,Female,6,31,325000.0,,,,3.5,,24423.0,15714.8,,300.0,,,2,2,2,2,,2,2,3,5,1,,102.0,,9,9,4.0,4.0,3,3,5.0,8.0,2,4,3,5,2,4,45-54,9999,Yes,,1,1,
2024,99858,VT,62588.0,62588363800.0,Conventional:First Lien,Single Family (1-4 Units):Site-Built,Hispanic or Latino,White,Male,File closed for incompleteness,52,725000.0,,,,6.0,,52663.0,58450.8,,150.0,,,2,2,2,2,,1,1,3,5,1,,96.0,,11,2,1.0,5.0,2,4,5.0,8.0,2,4,1,5,2,4,55-64,9999,Yes,,1,1,
2024,12055,SD,28499.0,28499431371.0,VA:First Lien,Single Family (1-4 Units):Site-Built,Not Hispanic or Latino,Black or African American,Male,File closed for incompleteness,31,425000.0,,,,3.375,,28855.0,25005.8,,300.0,,,2,2,2,2,,2,2,3,5,1,,102.0,,9,9,5.0,4.0,3,3,5.0,8.0,2,4,3,5,2,4,45-54,9999,Yes,,1,1,
2024,12055,WI,45825.0,45825439315.0,Conventional:First Lien,Single Family (1-4 Units):Site-Built,White,White,Male,6,31,425000.0,,,,6.5,,40454.0,39369.8,,300.0,,,2,2,2,2,,2,2,3,5,1,,102.0,,11,9,2.0,4.0,3,3,5.0,8.0,2,4,3,5,2,4,45-54,9999,Yes,,1,1,
2024,12055,FL,17692.0,17692343833.0,VA:First Lien,Single Family (1-4 Units):Site-Built,Hispanic or Latino,Black or African American,Unknown,File closed for incompleteness,52,425000.0,,,,3.25,,14212.0,14212.8,,150.0,,,2,2,2,2,,1,1,3,5,1,,96.0,,11,2,5.0,5.0,2,4,6.0,8.0,2,4,1,5,2,4,55-64,9999,Yes,,1,1,
2024,12055,SC,13839.0,13839595912.0,Conventional:Subordinate Lien,Single Family (1-4 Units):Site-Built,Not Hispanic or Latino,White,Male,File closed for incompleteness,31,650000.0,,,,3.75,,12393.0,34643.8,,300.0,,,2,2,2,2,,2,2,3,5,1,,102.0,,11,9,4.0,4.0,3,3,5.0,8.0,2,4,3,5,2,4,45-54,9999,Yes,,1,1,
2024,12055,WY,49058.0,49058440330.0,Conventional:First Lien,Single Family (1-4 Units):Site-Built,Not Hispanic or Latino,Asian,Male,File closed for incompleteness,31,725000.0,,,,6.0,,45416.0,45888.8,,300.0,,,2,2,2,2,,1,1,3,5,1,,96.0,,11,2,2.0,5.0,3,3,6.0,8.0,2,4,3,5,2,4,65-74,9999,Yes,,1,1,
2024,12055,MS,27864.0,27864346830.0,Conventional:Subordinate Lien,Single Family (1-4 Units):Site-Built,Asian,White,Male,6,31,525000.0,,,,3.0,,22020.0,39628.8,,300.0,,,2,2,2,2,,2,2,3,5,1,,102.0,,11,9,3.0,4.0,3,3,5.0,8.0,2,4,3,5,2,4,45-54,9999,Yes,,1,1,
2024,12055,UT,43892.0,43892414420.0,Conventional:First Lien,Single Family (1-4 Units):Site-Built,Asian,Asian,Male,File closed for incompleteness,31,650000.0,,,,6.375,,41241.0,43383.8,,300.0,,,2,2,2,2,,1,1,3,5,1,,96.0,,11,2,1.0,5.0,2,4,6.0,8.0,2,4,1,5,2,4,55-64,9999,Yes,,1,1,
2024,12055,GA,20439.0,20439441155.0,Conventional:First Lien,Single Family (1-4 Units):Site-Built,Not Hispanic or Latino,White,Male,File closed for incompleteness,31,525000.0,,,,3.125,,19406.0,39628.8,,300.0,,,2,2,2,2,,2,2,3,5,1,,102.0,,11,9,2.0,4.0,3,3,5.0,8.0,2,4,3,5,2,4,45-54,9999,Yes,,1,1,
2024,12055,IL,49256.0,49256366920.0,Conventional:First Lien,Single Family (1-4 Units):Site-Built,Not Hispanic or Latino,Asian,Male,6,31,425000.0,,,,6.75,,44910.0,45888.8,,300.0,,,2,2,2,2,,2,2,3,5,1,,102.0,,11,9,4.0,4.0,3,3,5.0,8.0,2,4,3,5,2,4,45-54,9999,Yes,,1,1,
2024,12055,TX,47361.0,47361085620.0,Conventional:First Lien,Single Family (1-4 Units):Site-Built,Not Hispanic or Latino,White,Male,File closed for incompleteness,31,725000.0,,,,6.0,,44479.0,46468.8,,300.0,,,2,2,2,2,,1,1,3,5,1,,96.0,,11,2,1.0,5.0,2,4,6.0,8.0,2,4,1,5,2,4,55-64,9999,Yes,,1,1,
2024,12055,AL,17651.0,17651317292.0,Conventional:First Lien,Single Family (1-4 Units):Site-Built,White,White,Male,6,31,675000.0,,,,3.75,,16620.0,39539.8,,300.0,,,2,2,2,2,,2,2,3,5,1,,102.0,,11,9,4.0,4.0,3,3,5.0,8.0,2,4,3,5,2,4,45-54,9999,Yes,,1,1,
2024,12055,AR,28342.0,28342338155.0,Conventional:Subordinate Lien,Single Family (1-4 Units):Site-Built,Not Hispanic or Latino,White,Male,File closed for incompleteness,31,325000.0,,,,3.5,,25201.0,23042.8,,300.0,,,2,2,2,2,,2,2,3,5,1,,102.0,,11,9,3.0,4.0,3,3,5.0,8.0,2,4,3,5,2,4,45-54,9999,Yes,,1,1,
2024,12055,OK,18605.0,18605928865.0,Conventional:First Lien,Single Family (1-4 Units):Site-Built,Asian,White,Male,6,31,525000.0,,,,3.0,,17999.0,39628.8,,300.0,,,2,2,2,2,,2,2,3,5,1,,102.0,,11,9,1.0,5.0,3,3,5.0,8.0,2,4,3,5,2,4,45-54,9999,Yes,,1,1,
2024,12055,AZ,39567.0,39567361700.0,Conventional:First Lien,Single Family (1-4 Units):Site-Built,Not Hispanic or Latino,Asian,Male,File closed for incompleteness,31,725000.0,,,,6.0,,39402.0,45888.8,,300.0,,,2,2,2,2,,1,1,3,5,1,,96.0,,11,2,1.0,5.0,3,3,6.0,8.0,2,4,3,5,2,4,65-74,9999,Yes,,1,1,
2024,12055,LA,49994.0,49994441865.0,Conventional:First Lien,Single Family (1-4 Units):Site-Built,Not Hispanic or Latino,Black or African American,Male,6,31,725000.0,,,,6.75,,47927.0,46468.8,,300.0,,,2,2,2,2,,2,2,3,5,1,,102.0,,11,9,2.0,4.0,3,3,5.0,8.0,2,4,3,5,2,4,45-54,9999,Yes,,1,1,
2024,12055,MO,39966.0,39966468485.0,Conventional:First Lien,Single Family (1-4 Units):Site-Built,Not Hispanic or Latino,White,Male,6,31,425000.0,,,,6.375,,39093.0,43383.8,,300.0,,,2,2,2,2,,2,2,3,5,1,,102.0,,11,9,3.0,4.0,3,3,5.0,8.0,2,4,3,5,2,4,45-54,9999,Yes,,1,1,
2024,12055,GA,49895.0,49895538210.0,Conventional:First Lien,Single Family (1-4 Units):Site-Built,Not Hispanic or Latino,White,Male,6,31,725000.0,,,,6.0,,48806.0,46468.8,,300.0,,,2,2,2,2,,1,1,3,5,1,,96.0,,11,2,4.0,5.0,3,3,6.0,8.0,2,4,3,5,2,4,65-74,9999,Yes,,1,1,
2024,12055,CO,49509.0,49509295675.0,Conventional:First Lien,Single Family (1-4 Units):Site-Built,Not Hispanic or Latino,White,Male,6,31,525000.0,,,,6.375,,49244.0,43383.8,,300.0,,,2,2,2,2,,2,2,3,5,1,,102.0,,11,9,4.0,4.0,3,3,5.0,8.0,2,4,3,5,2,4,45-54,9999,Yes,,1,1,
2024,12055,NC,40212.0,40212855020.0,Conventional:First Lien,Single Family (1-4 Units):Site-Built,Not Hispanic or Latino,Asian,Male,File closed for incompleteness,31,525000.0,,,,6.0,,40117.0,45888.8,,300.0,,,2,2,2,2,,1,1,3,5,1,,96.0,,11,2,4.0,5.0,2,4,5.0,8.0,2,4,1,5,2,4,55-64,9999,Yes,,1,1,
2024,12055,IN,32555.0,32555474830.0,Conventional:First Lien,Single Family (1-4 Units):Site-Built,Not Hispanic or Latino,Asian,Male,6,31,325000.0,,,,3.75,,31333.0,39539.8,,300.0,,,2,2,2,2,,2,2,3,5,1,,102.0,,11,9,1.0,5.0,3,3,5.0,8.0,2,4,3,5,2,4,45-54,9999,Yes,,1,1,
2024,12055,SC,47427.0,47427286140.0,Conventional:First Lien,Single Family (1-4 Units):Site-Built,Not Hispanic or Latino,Asian,Male,File closed for incompleteness,31,525000.0,,,,6.0,,47403.0,45888.8,,300.0,,,2,2,2,2,,1,1,3,5,1,,96.0,,11,2,4.0,5.0,2,4,6.0,8.0,2,4,1,5,2,4,55-64,9999,Yes,,1,1,
2024,12055,VA,48249.0,48249445090.0,Conventional:First Lien,Single Family (1-4 Units):Site-Built,Not Hispanic or Latino,Asian,Male,6,31,725000.0,,,,6.0,,48137.0,46468.8,,300.0,,,2,2,2,2,,1,1,3,5,1,,96.0,,11,2,5.0,5.0,3,3,6.0,8.0,2,4,3,5,2,4,65-74,9999,Yes,,1,1,
2024,12055,KS,29858.0,29858551450.0,FHA:First Lien,Single Family (1-4 Units):Site-Built,Asian,Asian,Male,6,31,525000.0,,,,6.0,,28852.0,45888.8,,300.0,,,2,2,2,2,,2,2,3,5,1,,102.0,,11,9,2.0,4.0,3,3,5.0,8.0,2,4,3,5,2,4,45-54,9999,Yes,,1,1,
2024,12055,NE,53845.0,53845382160.0,Conventional:First Lien,Single Family (1-4 Units):Site-Built,Not Hispanic or Latino,Asian,Male,File closed for incompleteness,31,725000.0,,,,6.375,,53647.0,43383.8,,300.0,,,2,2,2,2,,1,1,3,5,1,,96.0,,11,2,4.0,5.0,3,3,6.0,8.0,2,4,3,5,2,4,65-74,9999,Yes,,1,1,
2024,12055,ME,14464.0,14464341823.0,Conventional:First Lien,Single Family (1-4 Units):Site-Built,Not Hispanic or Latino,White,Male,6,31,325000.0,,,,3.125,,14422.0,23042.8,,300.0,,,2,2,2,2,,2,2,3,5,1,,102.0,,11,9,2.0,4.0,3,3,5.0,8.0,2,4,3,5,2,4,45-54,9999,Yes,,1,1,
2024,12055,MI,57658.0,57658183370.0,Conventional:First Lien,Single Family (1-4 Units):Site-Built,Not Hispanic or Latino,White,Male,File closed for incompleteness,52,525000.0,,,,6.0,,57546.0,45888.8,,300.0,,,2,2,2,2,,1,1,3,5,1,,96.0,,11,2,1.0,5.0,2,4,6.0,8.0,2,4,1,5,2,4,55-64,9999,Yes,,1,1,
2024,12055,OR,39404.0,39404079190.0,Conventional:First Lien,Single Family (1-4 Units):Site-Built,Not Hispanic or Latino,White,Male,6,31,425000.0,,,,6.375,,39239.0,43383.8,,300.0,,,2,2,2,2,,2,2,3,5,1,,102.0,,11,9,3.0,4.0,3,3,5.0,8.0,2,4,3,5,2,4,45-54,9999,Yes,,1,1,
2024,12055,ID,33293.0,33293341481.0,Conventional:First Lien,Single Family (1-4 Units):Site-Built,Not Hispanic or Latino,Asian,Male,6,31,525000.0,,,,6.0,,33104.0,45888.8,,300.0,,,2,2,2,2,,2,2,3,5,1,,102.0,,11,9,1.0,5.0,3,3,5.0,8.0,2,4,3,5,2,4,45-54,9999,Yes,,1,1,
2024,12055,PA,27211.0,27211319631.0,Conventional:Subordinate Lien,Single Family (1-4 Units):Site-Built,Not Hispanic or Latino,White,Male,File closed for incompleteness,31,525000.0,,,,3.375,,27163.0,39539.8,,300.0,,,2,2,2,2,,2,2,3,5,1,,102.0,,11,9,3.0,4.0,3,3,5.0,8.0,2,4,3,5,2,4,45-54,9999,Yes,,1,1,
2024,12055,TN,33868.0,33868544161.0,VA:First Lien,Single Family (1-4 Units):Site-Built,Not Hispanic or Latino,Asian,Male,File closed for incompleteness,31,525000.0,,,,6.0,,33703.0,45888.8,,300.0,,,2,2,2,2,,1,1,3,5,1,,96.0,,11,2,5.0,5.0,3,3,6.0,8.0,2,4,3,5,2,4,65-74,9999,Yes,,1,1,
2024,12055,DE,24789.0,24789751011.0,Conventional:Subordinate Lien,Single Family (1-4 Units):Site-Built,Not Hispanic or Latino,Asian,Male,6,31,525000.0,,,,3.0,,24723.0,23042.8,,300.0,,,2,2,2,2,,2,2,3,5,1,,102.0,,11,9,2.0,4.0,3,3,5.0,8.0,2,4,3,5,2,4,45-54,9999,Yes,,1,1,
2024,12055,RI,46673.0,46673819660.0,Conventional:First Lien,Single Family (1-4 Units):Site-Built,Asian,Asian,Unknown,File closed for incompleteness,31,325000.0,,,,3.0,,46519.0,23042.8,,300.0,,,2,2,2,2,,2,2,3,5,1,,102.0,,11,9,1.0,5.0,3,3,5.0,8.0,2,4,3,5,2,4,45-54,9999,Yes,,1,1,
2024,12055,MT,32487.0,32487479245.0,Conventional:Subordinate Lien,Single Family (1-4 Units):Site-Built,Not Hispanic or Latino,White,Male,File closed for incompleteness,31,525000.0,,,,3.375,,32425.0,39539.8,,300.0,,,2,2,2,2,,2,2,3,5,1,,102.0,,11,9,4.0,4.0,3,3,5.0,8.0,2,4,3,5,2,4,45-54,9999,Yes,,1,1,
2024,12055,WV,46389.0,46389454690.0,Conventional:Subordinate Lien,Single Family (1-4 Units):Site-Built,Asian,White,Male,6,31,525000.0,,,,3.0,,46333.0,23042.8,,300.0,,,2,2,2,2,,2,2,3,5,1,,102.0,,11,9,3.0,4.0,3,3,5.0,8.0,2,4,3,5,2,4,45-54,9999,Yes,,1,1,
2024,12055,CA,20675.0,20675264475.0,Conventional:First Lien,Single Family (1-4 Units):Site-Built,Not Hispanic or Latino,Asian,Male,File closed for incompleteness,31,525000.0,,,,6.0,,20654.0,45888.8,,300.0,,,2,2,2,2,,1,1,3,5,1,,96.0,,11,2,3.0,5.0,3,3,5.0,8.0,2,4,3,5,2,4,45-54,9999,Yes,,1,1,
2024,12055,CT,27095.0,27095354631.0,Conventional:First Lien,Single Family (1-4 Units):Site-Built,Not Hispanic or Latino,Asian,Male,6,31,525000.0,,,,3.25,,27067.0,14212.8,,300.0,,,2,2,2,2,,2,2,3,5,1,,102.0,,11,9,1.0,5.0,3,3,5.0,8.0,2,4,3,5,2,4,45-54,9999,Yes,,1,1,
2024,12055,WA,49835.0,49835453150.0,Conventional:First Lien,Single Family (1-4 Units):Site-Built,Not Hispanic or Latino,Asian,Male,6,31,725000.0,,,,6.75,,49718.0,46468.8,,300.0,,,2,2,2,2,,1,1,3,5,1,,96.0,,11,2,1.0,5.0,2,4,6.0,8.0,2,4,1,5,2,4,55-64,9999,Yes,,1,1,
2024,12055,KS,57957.0,57957418150.0,Conventional:Subordinate Lien,Single Family (1-4 Units):Site-Built,Not Hispanic or Latino,Asian,Male,6,31,525000.0,,,,3.5,,57925.0,34643.8,,300.0,,,2,2,2,2,,2,2,3,5,1,,102.0,,11,9,4.0,4.0,3,3,5.0,8.0,2,4,3,5,2,4,45-54,9999,Yes,,1,1,
2024,12055,WI,40853.0,40853354510.0,Conventional:Subordinate Lien,Single Family (1-4 Units):Site-Built,Not Hispanic or Latino,White,Male,6,31,725000.0,,,,3.25,,40788.0,14212.8,,300.0,,,2,2,2,2,,2,2,3,5,1,,102.0,,11,9,4.0,4.0,3,3,5.0,8.0,2,4,3,5,2,4,45-54,9999,Yes,,1,1,
2024,12055,SD,33574.0,33574379601.0,Conventional:Subordinate Lien,Single Family (1-4 Units):Site-Built,Not Hispanic or Latino,Asian,Male,6,31,525000.0,,,,3.5,,33532.0,34643.8,,300.0,,,2,2,2,2,,2,2,3,5,1,,102.0,,11,9,3.0,4.0,3,3,5.0,8.0,2,4,3,5,2,4,45-54,9999,Yes,,1,1,
2024,12055,NE,24127.0,24127248153.0,Conventional:Subordinate Lien,Single Family (1-4 Units):Site-Built,Not Hispanic or Latino,Asian,Male,6,31,325000.0,,,,3.0,,24101.0,23042.8,,300.0,,,2,2,2,2,,2,2,3,5,1,,102.0,,11,9,1.0,5.0,3,3,5.0,8.0,2,4,3,5,2,4,45-54,9999,Yes,,1,1,
2024,12055,MT,37231.0,37231232465.0,VA:First Lien,Single Family (1-4 Units):Site-Built,Not Hispanic or Latino,Asian,Male,6,31,525000.0,,,,6.0,,37140.0,45888.8,,300.0,,,2,2,2,2,,1,1,3,5,1,,96.0,,11,2,3.0,5.0,3,3,6.0,8.0,2,4,3,5,2,4,65-74,9999,Yes,,1,1,
2024,12055,WY,50981.0,50981577590.0,Conventional:Subordinate Lien,Single Family (1-4 Units):Site-Built,Asian,White,Male,6,31,525000.0,,,,3.0,,50921.0,23042.8,,300.0,,,2,2,2,2,,2,2,3,5,1,,102.0,,11,9,4.0,4.0,3,3,5.0,8.0,2,4,3,5,2,4,45-54,9999,Yes,,1,1,
2024,"Los Angeles-Long Beach-Anaheim, CA",22230,3317.0,33171010300.0,FHA:First Lien,Single Family (1-4 Units):Manufactured Home,Not Hispanic or Latino,White,Male,Loan approved,Home improvement,22500.0,0.75,5.5,0,3,0,0,0,0,0,30,0,0,0,0,0,0,0,0,0,0,0,0,0,0,0,0,0,0,0,0,0,0,35-44,9999,No,,1,1,,,,,,,
2024,"New York-Newark-Jersey City, NY-NJ-PA",4450.0,44500473300.0,Conventional:Subordinate Lien,Single Family (1-4 Units):Site-Built,Asian,Not Hispanic or Latino,Asian,Female,File closed for incompleteness,Home purchase,325000.0,0.7,4.5,0,3,0,0,0,0,0,30,0,0,0,0,0,0,0,0,0,0,0,0,0,0,0,0,0,0,0,0,0,0,30-39,9999,Yes,,1,1,,,,,,,
2024,"Dallas-Fort Worth-Arlington, TX",11111.0,11111101200.0,VA:First Lien,Single Family (1-4 Units):Manufactured Home,Ethnicity Not Available,Race Not Available,Sex Not Available,Application accepted,Home purchase,500000.0,0.8,5.0,0,2,0,0,0,0,0,30,0,0,0,0,0,0,0,0,0,0,0,0,0,0,0,0,0,0,0,0,0,0,65-74,9999,Yes,,1,1,,,,,,,,
2024,"Houston-The Woodlands-Sugar Land, TX",22220.0,22220100200.0,FHA:Subordinate Lien,Single Family (1-4 Units):Site-Built,Not Hispanic or Latino,White,Male,File closed for incompleteness,Home purchase,375000.0,0.6,4.0,0,3,0,0,0,0,0,30,0,0,0,0,0,0,0,0,0,0,0,0,0,0,0,0,0,0,0,0,0,0,45-54,9999,No,,1,1,,,,,,,,
2024,"Washington-Arlington-Alexandria, DC-VA-MD",33333.0,33333101100.0,Conventional:Subordinate Lien,Single Family (1-4 Units):Manufactured Home,Ethnicity Not Available,Race Not Available,Sex Not Available,Application denied,Home improvement,275000.0,0.7,4.5,0,3,0,0,0,0,0,30,0,0,0,0,0,0,0,0,0,0,0,0,0,0,0,0,0,0,0,0,0,0,35-44,9999,Yes,,1,1,,,,,,,,
2024,"Chicago-Naperville-Elgin, IL-IN-WI",44440.0,44440101000.0,FHA:Subordinate Lien,Single Family (1-4 Units):Site-Built,Not Hispanic or Latino,White,Female,File closed for incompleteness,Home purchase,425000.0,0.8,5.0,0,3,0,0,0,0,0,30,0,0,0,0,0,0,0,0,0,0,0,0,0,0,0,0,0,0,0,0,0,0,45-54,9999,No,,1,1,,,,,,,,
2024,"Boston-Cambridge-Nashua, MA-NH",55555.0,55555101100.0,VA:First Lien,Single Family (1-4 Units):Manufactured Home,Not Hispanic or Latino,White,Male,Application accepted,Home purchase,325000.0,0.9,5.5,0,2,0,0,0,0,0,30,0,0,0,0,0,0,0,0,0,0,0,0,0,0,0,0,0,0,0,0,0,0,35-44,9999,Yes,,1,1,,,,,,,,
2024,"Philadelphia-Camden-Wilmington, PA-NJ-DE-MD",66666.0,66666101100.0,Conventional:Subordinate Lien,Single Family (1-4 Units):Site-Built,Asian,Not Hispanic or Latino,Asian,Female,File closed for incompleteness,Home improvement,275000.0,0.6,4.0,0,3,0,0,0,0,0,30,0,0,0,0,0,0,0,0,0,0,0,0,0,0,0,0,0,0,0,0,0,0,30-39,9999,Yes,,1,1,,,,,,,
2024,"Atlanta-Sandy Springs-Roswell, GA",77777.0,77777101100.0,FHA:Subordinate Lien,Single Family (1-4 Units):Manufactured Home,Ethnicity Not Available,Race Not Available,Sex Not Available,Application denied,Home purchase,400000.0,0.7,4.5,0,3,0,0,0,0,0,30,0,0,0,0,0,0,0,0,0,0,0,0,0,0,0,0,0,0,0,0,0,0,35-44,9999,No,,1,1,,,,,,,,
2024,"Seattle-Tacoma-Bellevue, WA",88888.0,88888101100.0,VA:Subordinate Lien,Single Family (1-4 Units):Site-Built,Not Hispanic or Latino,White,Male,File closed for incompleteness,Home purchase,475000.0,0.8,5.0,0,3,0,0,0,0,0,30,0,0,0,0,0,0,0,0,0,0,0,0,0,0,0,0,0,0,0,0,0,0,45-54,9999,No,,1,1,,,,,,,,
2024,"Denver-Aurora-Lakewood, CO",99999.0,99999101100.0,FHA:First Lien,Single Family (1-4 Units):Manufactured Home,Ethnicity Not Available,Race Not Available,Sex Not Available,Application accepted,Home purchase,525000.0,0.9,5.5,0,2,0,0,0,0,0,30,0,0,0,0,0,0,0,0,0,0,0,0,0,0,0,0,0,0,0,0,0,0,65-74,9999,Yes,,1,1,,,,,,,,
2024,"San Jose-Sunnyvale-Santa Clara, CA",100000.0,10000101100.0,Conventional:Subordinate Lien,Single Family (1-4 Units):Manufactured Home,Not Hispanic or Latino,White,Female,File closed for incompleteness,Home improvement,375000.0,0.7,4.5,0,3,0,0,0,0,0,30,0,0,0,0,0,0,0,0,0,0,0,0,0,0,0,0,0,0,0,0,0,0,45-54,9999,Yes,,1,1,,,,,,,,
2024,"Austin-Round Rock, TX",101010.0,10101101100.0,VA:Subordinate Lien,Single Family (1-4 Units):Site-Built,Asian,Not Hispanic or Latino,Asian,Male,Application accepted,Home purchase,325000.0,0.8,5.0,0,2,0,0,0,0,0,30,0,0,0,0,0,0,0,0,0,0,0,0,0,0,0,0,0,0,0,0,0,0,35-44,9999,No,,1,1,,,,,,,
2024,"San Francisco-Oakland-Berkeley, CA",110000.0,11000101100.0,FHA:Subordinate Lien,Single Family (1-4 Units):Manufactured Home,Not Hispanic or Latino,White,Female,Application denied,Home improvement,475000.0,0.6,4.0,0,3,0,0,0,0,0,30,0,0,0,0,0,0,0,0,0,0,0,0,0,0,0,0,0,0,0,0,0,0,30-39,9999,Yes,,1,1,,,,,,,,
2024,"Portland-Vancouver-Hillsboro, OR-WA",111111.0,11111101100.0,Conventional:Subordinate Lien,Single Family (1-4 Units):Site-Built,Ethnicity Not Available,Race Not Available,Sex Not Available,File closed for incompleteness,Home purchase,425000.0,0.9,5.5,0,3,0,0,0,0,0,30,0,0,0,0,0,0,0,0,0,0,0,0,0,0,0,0,0,0,0,0,0,0,35-44,9999,No,,1,1,,,,,,,,
2024,"Raleigh-Durham-Chapel Hill, NC",112222.0,11222201100.0,VA:Subordinate Lien,Single Family (1-4 Units):Manufactured Home,Not Hispanic or Latino,White,Male,Application accepted,Home purchase,525000.0,0.8,5.0,0,2,0,0,0,0,0,30,0,0,0,0,0,0,0,0,0,0,0,0,0,0,0,0,0,0,0,0,0,0,45-54,9999,Yes,,1,1,,,,,,,,
2024,"Cleveland-Elyria, OH",113333.0,11333301100.0,FHA:Subordinate Lien,Single Family (1-4 Units):Site-Built,Ethnicity Not Available,Race Not Available,Sex Not Available,Application denied,Home improvement,375000.0,0.7,4.5,0,3,0,0,0,0,0,30,0,0,0,0,0,0,0,0,0,0,0,0,0,0,0,0,0,0,0,0,0,0,35-44,9999,Yes,,1,1,,,,,,,,
2024,"Minneapolis-St. Paul-Bloomington, MN-WI",114444.0,11444401100.0,Conventional:Subordinate Lien,Single Family (1-4 Units):Manufactured Home,Not Hispanic or Latino,White,Female,File closed for incompleteness,Home purchase,425000.0,0.8,5.0,0,3,0,0,0,0,0,30,0,0,0,0,0,0,0,0,0,0,0,0,0,0,0,0,0,0,0,0,0,0,45-54,9999,No,,1,1,,,,,,,,
2024,"Kansas City, MO-KS",115555.0,11555501100.0,VA:Subordinate Lien,Single Family (1-4 Units):Site-Built,Ethnicity Not Available,Race Not Available,Sex Not Available,Application accepted,Home purchase,525000.0,0.9,5.5,0,2,0,0,0,0,0,30,0,0,0,0,0,0,0,0,0,0,0,0,0,0,0,0,0,0,0,0,0,0,65-74,9999,Yes,,1,1,,,,,,,,
2024,"St. Louis, MO-IL",116666.0,11666601100.0,FHA:Subordinate Lien,Single Family (1-4 Units):Manufactured Home,Not Hispanic or Latino,White,Male,File closed for incompleteness,Home improvement,425000.0,0.7,4.5,0,3,0,0,0,0,0,30,0,0,0,0,0,0,0,0,0,0,0,0,0,0,0,0,0,0,0,0,0,0,45-54,9999,No,,1,1,,,,,,,,
2024,"Oklahoma City, OK",117777.0,11777701100.0,Conventional:Subordinate Lien,Single Family (1-4 Units):Site-Built,Ethnicity Not Available,Race Not Available,Sex Not Available,Application denied,Home purchase,475000.0,0.8,5.0,0,3,0,0,0,0,0,30,0,0,0,0,0,0,0,0,0,0,0,0,0,0,0,0,0,0,0,0,0,0,35-44,9999,Yes,,1,1,,,,,,,,
2024,"Omaha-Council Bluffs, NE-IA",118888.0,11888801100.0,VA:Subordinate Lien,Single Family (1-4 Units):Manufactured Home,Not Hispanic or Latino,White,Female,File closed for incompleteness,Home purchase,475000.0,0.9,5.5,0,2,0,0,0,0,0,30,0,0,0,0,0,0,0,0,0,0,0,0,0,0,0,0,0,0,0,0,0,0,45-54,9999,No,,1,1,,,,,,,,
2024,"Wichita, KS",119999.0,11999901100.0,FHA:Subordinate Lien,Single Family (1-4 Units):Site-Built,Ethnicity Not Available,Race Not Available,Sex Not Available,Application accepted,Home improvement,425000.0,0.7,4.5,0,3,0,0,0,0,0,30,0,0,0,0,0,0,0,0,0,0,0,0,0,0,0,0,0,0,0,0,0,0,35-44,9999,Yes,,1,1,,,,,,,,
2024,"Birmingham-Hoover, AL",121212.0,12121201100.0,Conventional:Subordinate Lien,Single Family (1-4 Units):Manufactured Home,Not Hispanic or Latino,White,Male,File closed for incompleteness,Home purchase,525000.0,0.8,5.0,0,2,0,0,0,0,0,30,0,0,0,0,0,0,0,0,0,0,0,0,0,0,0,0,0,0,0,0,0,0,45-54,9999,No,,1,1,,,,,,,,
2024,"Memphis, TN-MS-AR",122333.0,12233301100.0,VA:Subordinate Lien,Single Family (1-4 Units):Site-Built,Ethnicity Not Available,Race Not Available,Sex Not Available,Application denied,Home improvement,475000.0,0.9,5.5,0,3,0,0,0,0,0,30,0,0,0,0,0,0,0,0,0,0,0,0,0,0,0,0,0,0,0,0,0,0,35-44,9999,Yes,,1,1,,,,,,,,
2024,"Louisville-Jefferson County, KY-IN",123444.0,12344401100.0,FHA:Subordinate Lien,Single Family (1-4 Units):Manufactured Home,Not Hispanic or Latino,White,Female,File closed for incompleteness,Home purchase,525000.0,0.8,5.0,0,2,0,0,0,0,0,30,0,0,0,0,0,0,0,0,0,0,0,0,0,0,0,0,0,0,0,0,0,0,45-54,9999,No,,1,1,,,,,,,,
2024,"Pittsburgh, PA",124555.0,12455501100.0,VA:Subordinate Lien,Single Family (1-4 Units):Site-Built,Ethnicity Not Available,Race Not Available,Sex Not Available,Application accepted,Home improvement,475000.0,0.9,5.5,0,2,0,0,0,0,0,30,0,0,0,0,0,0,0,0,0,0,0,0,0,0,0,0,0,0,0,0,0,0,65-74,9999,Yes,,1,1,,,,,,,,
2024,"Indianapolis-Carmel-Anderson, IN",125666.0,12566601100.0,FHA:Subordinate Lien,Single Family (1-4 Units):Manufactured Home,Not Hispanic or Latino,White,Male,Application denied,Home purchase,425000.0,0.7,4.5,0,3,0,0,0,0,0,30,0,0,0,0,0,0,0,0,0,0,0,0,0,0,0,0,0,0,0,0,0,0,35-44,9999,Yes,,1,1,,,,,,,,
2024,"Jacksonville, FL",126777.0,12677701100.0,Conventional:Subordinate Lien,Single Family (1-4 Units):Site-Built,Ethnicity Not Available,Race Not Available,Sex Not Available,File closed for incompleteness,Home improvement,525000.0,0.8,5.0,0,3,0,0,0,0,0,30,0,0,0,0,0,0,0,0,0,0,0,0,0,0,0,0,0,0,0,0,0,0,45-54,9999,No,,1,1,,,,,,,,
2024,"San Antonio, TX",127888.0,12788801100.0,VA:Subordinate Lien,Single Family (1-4 Units):Manufactured Home,Not Hispanic or Latino,White,Female,Application accepted,Home purchase,425000.0,0.9,5.5,0,2,0,0,0,0,0,30,0,0,0,0,0,0,0,0,0,0,0,0,0,0,0,0,0,0,0,0,0,0,45-54,9999,Yes,,1,1,,,,,,,,
2024,"Columbus, OH",128999.0,12899901100.0,FHA:Subordinate Lien,Single Family (1-4 Units):Site-Built,Ethnicity Not Available,Race Not Available,Sex Not Available,File closed for incompleteness,Home improvement,525000.0,0.8,5.0,0,3,0,0,0,0,0,30,0,0,0,0,0,0,0,0,0,0,0,0,0,0,0,0,0,0,0,0,0,0,35-44,9999,No,,1,1,,,,,,,,
2024,"Charlotte, NC-SC",129000.0,12900001100.0,Conventional:Subordinate Lien,Single Family (1-4 Units):Manufactured Home,Not Hispanic or Latino,White,Male,Application accepted,Home purchase,475000.0,0.9,5.5,0,2,0,0,0,0,0,30,0,0,0,0,0,0,0,0,0,0,0,0,0,0,0,0,0,0,0,0,0,0,45-54,9999,Yes,,1,1,,,,,,,,
2024,"Miami-Fort Lauderdale-West Palm Beach, FL",130000.0,13000001100.0,VA:Subordinate Lien,Single Family (1-4 Units):Site-Built,Ethnicity Not Available,Race Not Available,Sex Not Available,File closed for incompleteness,Home improvement,525000.0,0.8,5.0,0,3,0,0,0,0,0,30,0,0,0,0,0,0,0,0,0,0,0,0,0,0,0,0,0,0,0,0,0,0,35-44,9999,No,,1,1,,,,,,,,
2024,"Virginia Beach-Norfolk-Newport News, VA-NC",131111.0,13111101100.0,FHA:Subordinate Lien,Single Family (1-4 Units):Manufactured Home,Not Hispanic or Latino,White,Female,Application accepted,Home purchase,425000.0,0.9,5.5,0,2,0,0,0,0,0,30,0,0,0,0,0,0,0,0,0,0,0,0,0,0,0,0,0,0,0,0,0,0,45-54,9999,Yes,,1,1,,,,,,,,
2024,"Raleigh-Durham-Chapel Hill, NC",132222.0,13222201100.0,Conventional:Subordinate Lien,Single Family (1-4 Units):Site-Built,Ethnicity Not Available,Race Not Available,Sex Not Available,File closed for incompleteness,Home improvement,525000.0,0.8,5.0,0,3,0,0,0,0,0,30,0,0,0,0,0,0,0,0,0,0,0,0,0,0,0,0,0,0,0,0,0,0,35-44,9999,No,,1,1,,,,,,,,
2024,"Kansas City, MO-KS",133333.0,13333301100.0,VA:Subordinate Lien,Single Family (1-4 Units):Manufactured Home,Not Hispanic or Latino,White,Male,Application accepted,Home purchase,475000.0,0.9,5.5,0,2,0,0,0,0,0,30,0,0,0,0,0,0,0,0,0,0,0,0,0,0,0,0,0,0,0,0,0,0,45-54,9999,Yes,,1,1,,,,,,,,
2024,"Milwaukee-Waukesha-West Allis, WI",134444.0,13444401100.0,FHA:Subordinate Lien,Single Family (1-4 Units):Site-Built,Ethnicity Not Available,Race Not Available,Sex Not Available,File closed for incompleteness,Home improvement,525000.0,0.8,5.0,0,3,0,0,0,0,0,30,0,0,0,0,0,0,0,0,0,0,0,0,0,0,0,0,0,0,0,0,0,0,35-44,9999,No,,1,1,,,,,,,,
2024,"Cincinnati, OH-KY-IN",135555.0,13555501100.0,Conventional:Subordinate Lien,Single Family (1-4 Units):Manufactured Home,Not Hispanic or Latino,White,Female,Application accepted,Home purchase,425000.0,0.9,5.5,0,2,0,0,0,0,0,30,0,0,0,0,0,0,0,0,0,0,0,0,0,0,0,0,0,0,0,0,0,0,45-54,9999,Yes,,1,1,,,,,,,,
2024,"St. Louis, MO-IL",136666.0,13666601100.0,VA:Subordinate Lien,Single Family (1-4 Units):Site-Built,Ethnicity Not Available,Race Not Available,Sex Not Available,File closed for incompleteness,Home improvement,475000.0,0.8,5.0,0,3,0,0,0,0,0,30,0,0,0,0,0,0,0,0,0,0,0,0,0,0,0,0,0,0,0,0,0,0,35-44,9999,No,,1,1,,,,,,,,
2024,"Pittsburgh, PA",137777.0,13777701100.0,FHA:Subordinate Lien,Single Family (1-4 Units):Manufactured Home,Not Hispanic or Latino,White,Male,Application denied,Home purchase,525000.0,0.9,5.5,0,2,0,0,0,0,0,30,0,0,0,0,0,0,0,0,0,0,0,0,0,0,0,0,0,0,0,0,0,0,45-54,9999,Yes,,1,1,,,,,,,,
2024,"Indianapolis-Carmel-Anderson, IN",138888.0,13888801100.0,Conventional:Subordinate Lien,Single Family (1-4 Units):Site-Built,Ethnicity Not Available,Race Not Available,Sex Not Available,File closed for incompleteness,Home improvement,475000.0,0.8,5.0,0,3,0,0,0,0,0,30,0,0,0,0,0,0,0,0,0,0,0,0,0,0,0,0,0,0,0,0,0,0,35-44,9999,No,,1,1,,,,,,,,
2024,"Jacksonville, FL",139999.0,13999901100.0,VA:Subordinate Lien,Single Family (1-4 Units):Manufactured Home,Not Hispanic or Latino,White,Female,Application accepted,Home purchase,425000.0,0.9,5.5,0,2,0,0,0,0,0,30,0,0,0,0,0,0,0,0,0,0,0,0,0,0,0,0,0,0,0,0,0,0,45-54,9999,Yes,,1,1,,,,,,,,
2024,"Columbus, OH",140000.0,14000001100.0,FHA:Subordinate Lien,Single Family (1-4 Units):Site-Built,Ethnicity Not Available,Race Not Available,Sex Not Available,File closed for incompleteness,Home improvement,525000.0,0.8,5.0,0,3,0,0,0,0,0,30,0,0,0,0,0,0,0,0,0,0,0,0,0,0,0,0,0,0,0,0,0,0,35-44,9999,No,,1,1,,,,,,,,
2024,"Pittsburgh, PA",141111.0,14111101100.0,Conventional:Subordinate Lien,Single Family (1-4 Units):Manufactured Home,Not Hispanic or Latino,White,Male,Application accepted,Home purchase,425000.0,0.9,5.5,0,2,0,0,0,0,0,30,0,0,0,0,0,0,0,0,0,0,0,0,0,0,0,0,0,0,0,0,0,0,45-54,9999,Yes,,1,1,,,,,,,,
2024,"Indianapolis-Carmel-Anderson, IN",142222.0,14222201100.0,FHA:Subordinate Lien,Single Family (1-4 Units):Site-Built,Ethnicity Not Available,Race Not Available,Sex Not Available,File closed for incompleteness,Home improvement,475000.0,0.8,5.0,0,3,0,0,0,0,0,30,0,0,0,0,0,0,0,0,0,0,0,0,0,0,0,0,0,0,0,0,0,0,35-44,9999,No,,1,1,,,,,,,,
2024,"Boston-Cambridge-Nashua, MA-NH",143333.0,14333301100.0,Conventional:Subordinate Lien,Single Family (1-4 Units):Manufactured Home,Not Hispanic or Latino,White,Female,Application accepted,Home purchase,425000.0,0.9,5.5,0,2,0,0,0,0,0,30,0,0,0,0,0,0,0,0,0,0,0,0,0,0,0,0,0,0,0,0,0,0,45-54,9999,Yes,,1,1,,,,,,,,
2024,"Columbus, OH",144444.0,14444401100.0,FHA:Subordinate Lien,Single Family (1-4 Units):Site-Built,Ethnicity Not Available,Race Not Available,Sex Not Available,File closed for incompleteness,Home improvement,525000.0,0.8,5.0,0,3,0,0,0,0,0,30,0,0,0,0,0,0,0,0,0,0,0,0,0,0,0,0,0,0,0,0,0,0,35-44,9999,No,,1,1,,,,,,,,
2024,"Portland-Vancouver-Hillsboro, OR-WA",145555.0,14555501100.0,Conventional:Subordinate Lien,Single Family (1-4 Units):Manufactured Home,Not Hispanic or Latino,White,Male,Application accepted,Home purchase,425000.0,0.9,5.5,0,2,0,0,0,0,0,30,0,0,0,0,0,0,0,0,0,0,0,0,0,0,0,0,0,0,0,0,0,0,45-54,9999,Yes,,1,1,,,,,,,,
2024,"Denver-Aurora-Lakewood, CO",08,041,910100000000,Conventional:First Lien,Single Family (1-4 Units):Site-Built,Hispanic or Latino,White,Male,Loan serviced and performing,30,500000.0,0.5,4.0,0.2,4,5,20000.0,12000.0,8000.0,0.0,0.0,360,240,2,2,2,2,275000.0,1,1,3,5,1,96.0,9,9,4.0,4.0,3,3,8888,8888,3,3,99999,1,,,,,,,,,,
2024,"Raleigh-Durham-Chapel Hill, NC",37,371,371100000000,FHA:First Lien,Single Family (1-4 Units):Site-Built,Not Hispanic or Latino,Black or African American,Female,"Loan denied, incomplete application",28,350000.0,0.3,2.5,0.3,2,3,25000.0,15000.0,10000.0,0.0,0.0,360,360,2,2,2,2,300000.0,1,1,3,5,1,108.0,9,9,4.0,4.0,3,3,8888,8888,3,3,99999,1,,,,,,,,,,
2024,"Oklahoma City, OK",40,099,400100000000,VA:First Lien,Single Family (1-4 Units):Site-Built,Hispanic or Latino,Asian,Male,Refund of up-front costs for FHA mortgage insurance,32,200000.0,0.2,3.5,0.3,3,6,18000.0,10000.0,8000.0,0.0,0.0,240,240,2,2,2,2,225000.0,1,1,3,5,1,96.0,9,9,4.0,4.0,3,3,8888,8888,3,3,99999,1,,,,,,,,,,
2024,"Buffalo-Cheektowaga-Niagara Falls, NY",36,059,360100000000,FHA:First Lien,Single Family (1-4 Units):Site-Built,Not Hispanic or Latino,American Indian or Alaska Native,Female,File closed for incompleteness,31,250000.0,0.25,2.0,0.25,2,3,20000.0,10000.0,10000.0,0.0,0.0,360,240,2,2,2,2,275000.0,1,1,3,5,1,108.0,9,9,4.0,4.0,3,3,8888,8888,3,3,99999,1,,,,,,,,,,
2024,"Kansas City, MO-KS",29,059,290100000000,Conventional:First Lien,Single Family (1-4 Units):Site-Built,Hispanic or Latino,White,Male,Loan serviced and performing,31,400000.0,0.4,3.5,0.4,3,4,22000.0,12000.0,10000.0,0.0,0.0,240,240,2,2,2,2,325000.0,1,1,3,5,1,96.0,9,9,4.0,4.0,3,3,8888,8888,3,3,99999,1,,,,,,,,,,
2024,"Portland-Vancouver-Hillsboro, OR-WA",41,039,410100000000,VA:First Lien,Single Family (1-4 Units):Site-Built,Not Hispanic or Latino,Asian,Female,"Loan denied, incomplete application",29,280000.0,0.28,2.0,0.28,2,3,15000.0,8000.0,7000.0,0.0,0.0,360,360,2,2,2,2,300000.0,1,1,3,5,1,108.0,9,9,4.0,4.0,3,3,8888,8888,3,3,99999,1,,,,,,,,,,
2024,"Indianapolis-Carmel-Anderson, IN",18,059,180100000000,FHA:First Lien,Single Family (1-4 Units):Site-Built,Hispanic or Latino,White,Male,Refund of up-front costs for FHA mortgage insurance,32,180000.0,0.18,2.5,0.18,2,3,10000.0,6000.0,4000.0,0.0,0.0,240,240,2,2,2,2,225000.0,1,1,3,5,1,96.0,9,9,4.0,4.0,3,3,8888,8888,3,3,99999,1,,,,,,,,,,
2024,"Los Angeles-Long Beach-Anaheim, CA",06,059,060100000000,Conventional:Subordinate Lien,Single Family (1-4 Units):Site-Built,Not Hispanic or Latino,Black or African American,Female,"Loan denied, incomplete application",28,320000.0,0.32,2.0,0.32,2,4,20000.0,10000.0,10000.0,0.0,0.0,360,360,2,2,2,2,325000.0,1,1,3,5,1,108.0,9,9,4.0,4.0,3,3,8888,8888,3,3,99999,1,,,,,,,,,,
2024,"Phoenix-Mesa-Scottsdale, AZ",04,001,040100000000,VA:First Lien,Single Family (1-4 Units):Site-Built,Hispanic or Latino,Asian,Male,Loan serviced and performing,31,420000.0,0.42,3.0,0.42,3,5,25000.0,15000.0,10000.0,0.0,0.0,240,240,2,2,2,2,450000.0,1,1,3,5,1,96.0,9,9,4.0,4.0,3,3,8888,8888,3,3,99999,1,,,,,,,,,,
2024,"Minneapolis-St. Paul-Bloomington, MN-WI",27,059,270100000000,FHA:First Lien,Single Family (1-4 Units):Site-Built,Not Hispanic or Latino,White,Female,Refund of up-front costs for FHA mortgage insurance,32,260000.0,0.26,2.5,0.26,2,3,18000.0,9000.0,7000.0,0.0,0.0,240,240,2,2,2,2,300000.0,1,1,3,5,1,108.0,9,9,4.0,4.0,3,3,8888,8888,3,3,99999,1,,,,,,,,,,
2024,"Cincinnati, OH-KY-IN",39,027,390100000000,VA:Subordinate Lien,Single Family (1-4 Units):Site-Built,Hispanic or Latino,Black or African American,Male,Loan serviced and performing,31,380000.0,0.38,2.0,0.38,2,4,22000.0,12000.0,10000.0,0.0,0.0,360,360,2,2,2,2,425000.0,1,1,3,5,1,96.0,9,9,4.0,4.0,3,3,8888,8888,3,3,99999,1,,,,,,,,,,
2024,"Detroit-Warren-Dearborn, MI",26,027,260100000000,Conventional:First Lien,Single Family (1-4 Units):Site-Built,Not Hispanic or Latino,Asian,Female,"Loan denied, incomplete application",29,240000.0,0.24,2.5,0.24,2,3,15000.0,8000.0,6000.0,0.0,0.0,360,360,2,2,2,2,275000.0,1,1,3,5,1,108.0,9,9,4.0,4.0,3,3,8888,8888,3,3,99999,1,,,,,,,,,,
2024,"Dallas-Fort Worth-Arlington, TX",48,027,480100000000,FHA:First Lien,Single Family (1-4 Units):Site-Built,Hispanic or Latino,White,Male,Loan serviced and performing,32,420000.0,0.42,2.0,0.42,2,5,25000.0,15000.0,10000.0,0.0,0.0,240,240,2,2,2,2,450000.0,1,1,3,5,1,96.0,9,9,4.0,4.0,3,3,8888,8888,3,3,99999,1,,,,,,,,,,
2024,"San Jose-Sunnyvale-Santa Clara, CA",08,059,080100000000,VA:Subordinate Lien,Single Family (1-4 Units):Site-Built,Not Hispanic or Latino,Black or African American,Female,"Loan denied, incomplete application",28,320000.0,0.32,2.5,0.32,2,4,20000.0,10000.0,10000.0,0.0,0.0,360,360,2,2,2,2,325000.0,1,1,3,5,1,108.0,9,9,4.0,4.0,3,3,8888,8888,3,3,99999,1,,,,,,,,,,
2024,"Seattle-Tacoma-Bellevue, WA",53,059,530100000000,FHA:First Lien,Single Family (1-4 Units):Site-Built,Hispanic or Latino,White,Male,Loan serviced and performing,31,420000.0,0.42,2.0,0.42,2,5,25000.0,15000.0,10000.0,0.0,0.0,240,240,2,2,2,2,475000.0,1,1,3,5,1,96.0,9,9,4.0,4.0,3,3,8888,8888,3,3,99999,1,,,,,,,,,,
2024,"Las Vegas-Henderson-Paradise, NV",32,027,320100000000,VA:First Lien,Single Family (1-4 Units):Site-Built,Not Hispanic or Latino,Asian,Female,Refund of up-front costs for FHA mortgage insurance,32,240000.0,0.24,2.5,0.24,2,3,18000.0,9000.0,7000.0,0.0,0.0,240,240,2,2,2,2,275000.0,1,1,3,5,1,108.0,9,9,4.0,4.0,3,3,8888,8888,3,3,99999,1,,,,,,,,,,
2024,"Atlanta-Sandy Springs-Roswell, GA",13,027,130100000000,Conventional:Subordinate Lien,Single Family (1-4 Units):Site-Built,Hispanic or Latino,Black or African American,Male,Loan serviced and performing,31,380000.0,0.38,2.0,0.38,2,4,22000.0,12000.0,10000.0,0.0,0.0,360,360,2,2,2,2,425000.0,1,1,3,5,1,96.0,9,9,4.0,4.0,3,3,8888,8888,3,3,99999,1,,,,,,,,,,
2024,"St. Louis, MO-IL",29,059,290100000000,VA:Subordinate Lien,Single Family (1-4 Units):Site-Built,Not Hispanic or Latino,American Indian or Alaska Native,Female,"Loan denied, incomplete application",29,290000.0,0.29,2.5,0.29,2,4,20000.0,10000.0,10000.0,0.0,0.0,360,360,2,2,2,2,325000.0,1,1,3,5,1,108.0,9,9,4.0,4.0,3,3,8888,8888,3,3,99999,1,,,,,,,,,,
2024,"San Francisco-Oakland-Hayward, CA",06,059,060100000000,Conventional:First Lien,Single Family (1-4 Units):Site-Built,Hispanic or Latino,Asian,Male,Loan serviced and performing,31,440000.0,0.44,3.0,0.44,3,5,25000.0,15000.0,10000.0,0.0,0.0,240,240,2,2,2,2,500000.0,1,1,3,5,1,96.0,9,9,4.0,4.0,3,3,8888,8888,3,3,99999,1,,,,,,,,,,
2024,"Boston-Cambridge-Nashua, MA-NH",25,059,250100000000,FHA:First Lien,Single Family (1-4 Units):Site-Built,Not Hispanic or Latino,Black or African American,Female,Refund of up-front costs for FHA mortgage insurance,32,260000.0,0.26,2.5,0.26,2,3,18000.0,9000.0,7000.0,0.0,0.0,240,240,2,2,2,2,300000.0,1,1,3,5,1,108.0,9,9,4.0,4.0,3,3,8888,8888,3,3,99999,1,,,,,,,,,,
2024,"Washington-Baltimore-Arlington, DC-MD-VA-WV",24,027,240100000000,VA:Subordinate Lien,Single Family (1-4 Units):Site-Built,Hispanic or Latino,White,Male,Loan serviced and performing,31,460000.0,0.46,2.5,0.46,2,5,25000.0,15000.0,10000.0,0.0,0.0,360,360,2,2,2,2,550000.0,1,1,3,5,1,96.0,9,9,4.0,4.0,3,3,8888,8888,3,3,99999,1,,,,,,,,,,
2024,"Denver-Aurora-Lakewood, CO",08,041,080100000000,Conventional:First Lien,Single Family (1-4 Units):Site-Built,Not Hispanic or Latino,Asian,Female,"Loan denied, incomplete application",28,280000.0,0.28,2.5,0.28,2,3,15000.0,8000.0,6000.0,0.0,0.0,360,360,2,2,2,2,300000.0,1,1,3,5,1,108.0,9,9,4.0,4.0,3,3,8888,8888,3,3,99999,1,,,,,,,,,,
2024,"Raleigh-Durham-Chapel Hill, NC",37,371,370100000000,FHA:Subordinate Lien,Single Family (1-4 Units):Site-Built,Hispanic or Latino,White,Male,Loan serviced and performing,31,320000.0,0.32,2.0,0.32,2,4,22000.0,12000.0,10000.0,0.0,0.0,240,240,2,2,2,2,375000.0,1,1,3,5,1,96.0,9,9,4.0,4.0,3,3,8888,8888,3,3,99999,1,,,,,,,,,,
2024,"Oklahoma City, OK",40,099,400100000000,VA:First Lien,Single Family (1-4 Units):Site-Built,Not Hispanic or Latino,Black or African American,Female,Refund of up-front costs for FHA mortgage insurance,32,220000.0,0.22,2.5,0.22,2,3,18000.0,9000.0,7000.0,0.0,0.0,240,240,2,2,2,2,275000.0,1,1,3,5,1,108.0,9,9,4.0,4.0,3,3,8888,8888,3,3,99999,1,,,,,,,,,,
2024,"Buffalo-Cheektowaga-Niagara Falls, NY",36,059,360100000000,Conventional:Subordinate Lien,Single Family (1-4 Units):Site-Built,Hispanic or Latino,Asian,Male,Loan serviced and performing,31,380000.0,0.38,2.5,0.38,2,4,22000.0,12000.0,10000.0,0.0,0.0,360,360,2,2,2,2,425000.0,1,1,3,5,1,96.0,9,9,4.0,4.0,3,3,8888,8888,3,3,99999,1,,,,,,,,,,
2024,"Kansas City, MO-KS",29,059,290100000000,FHA:Subordinate Lien,Single Family (1-4 Units):Site-Built,Not Hispanic or Latino,White,Female,Loan serviced and performing,31,360000.0,0.36,2.5,0.36,2,3,20000.0,10000.0,10000.0,0.0,0.0,240,240,2,2,2,2,375000.0,1,1,3,5,1,108.0,9,9,4.0,4.0,3,3,8888,8888,3,3,99999,1,,,,,,,,,,
2024,"Portland-Vancouver-Hillsboro, OR-WA",41,039,410100000000,VA:Subordinate Lien,Single Family (1-4 Units):Site-Built,Hispanic or Latino,Black or African American,Male,Loan serviced and performing,31,440000.0,0.44,2.0,0.44,2,5,25000.0,15000.0,10000.0,0.0,0.0,240,240,2,2,2,2,475000.0,1,1,3,5,1,96.0,9,9,4.0,4.0,3,3,8888,8888,3,3,99999,1,,,,,,,,,,
2024,"Indianapolis-Carmel-Anderson, IN",18,059,180100000000,FHA:Subordinate Lien,Single Family (1-4 Units):Site-Built,Not Hispanic or Latino,Asian,Female,Loan serviced and performing,31,200000.0,0.2,2.5,0.2,2,3,15000.0,8000.0,6000.0,0.0,0.0,360,360,2,2,2,2,275000.0,1,1,3,5,1,108.0,9,9,4.0,4.0,3,3,8888,8888,3,3,99999,1,,,,,,,,,,
2024,"Los Angeles-Long Beach-Anaheim, CA",06,059,060100000000,Conventional:Subordinate Lien,Single Family (1-4 Units):Site-Built,Hispanic or Latino,White,Male,Refund of up-front costs for FHA mortgage insurance,32,420000.0,0.42,2.0,0.42,2,4,22000.0,12000.0,10000.0,0.0,0.0,240,240,2,2,2,2,425000.0,1,1,3,5,1,96.0,9,9,4.0,4.0,3,3,8888,8888,3,3,99999,1,,,,,,,,,,
2024,"Phoenix-Mesa-Scottsdale, AZ",04,001,040100000000,VA:Subordinate Lien,Single Family (1-4 Units):Site-Built,Not Hispanic or Latino,Black or African American,Female,Loan serviced and performing,31,460000.0,0.46,2.5,0.46,2,5,25000.0,15000.0,10000.0,0.0,0.0,360,360,2,2,2,2,550000.0,1,1,3,5,1,108.0,9,9,4.0,4.0,3,3,8888,8888,3,3,99999,1,,,,,,,,,,
2024,"Minneapolis-St. Paul-Bloomington, MN-WI",27,059,270100000000,FHA:Subordinate Lien,Single Family (1-4 Units):Site-Built,Hispanic or Latino,Asian,Male,Loan serviced and performing,31,280000.0,0.28,2.5,0.28,2,3,18000.0,9000.0,7000.0,0.0,0.0,240,240,2,2,2,2,325000.0,1,1,3,5,1,96.0,9,9,4.0,4.0,3,3,8888,8888,3,3,99999,1,,,,,,,,,,
2024,"Cincinnati, OH-KY-IN",39,027,390100000000,VA:Subordinate Lien,Single Family (1-4 Units):Site-Built,Not Hispanic or Latino,White,Female,Loan serviced and performing,31,420000.0,0.42,2.0,0.42,2,5,25000.0,15000.0,10000.0,0.0,0.0,240,240,2,2,2,2,475000.0,1,1,3,5,1,96.0,9,9,4.0,4.0,3,3,8888,8888,3,3,99999,1,,,,,,,,,,
2024,"Detroit-Warren-Dearborn, MI",26,027,260100000000,FHA:Subordinate Lien,Single Family (1-4 Units):Site-Built,Hispanic or Latino,Black or African American,Male,Loan serviced and performing,31,380000.0,0.38,2.5,0.38,2,4,22000.0,12000.0,10000.0,0.0,0.0,360,360,2,2,2,2,425000.0,1,1,3,5,1,108.0,9,9,4.0,4.0,3,3,8888,8888,3,3,99999,1,,,,,,,,,,
2024,"Dallas-Fort Worth-Arlington, TX",48,027,480100000000,VA:Subordinate Lien,Single Family (1-4 Units):Site-Built,Not Hispanic or Latino,White,Female,Loan serviced and performing,31,460000.0,0.46,2.0,0.46,2,5,25000.0,15000.0,10000.0,0.0,0.0,240,240,2,2,2,2,550000.0,1,1,3,5,1,96.0,9,9,4.0,4.0,3,3,8888,8888,3,3,99999,1,,,,,,,,,,
2024,"San Jose-Sunnyvale-Santa Clara, CA",08,059,080100000000,Conventional:Subordinate Lien,Single Family (1-4 Units):Site-Built,Hispanic or Latino,Asian,Male,Loan serviced and performing,31,400000.0,0.4,2.5,0.4,2,4,22000.0,12000.0,10000.0,0.0,0.0,360,360,2,2,2,2,425000.0,1,1,3,5,1,108.0,9,9,4.0,4.0,3,3,8888,8888,3,3,99999,1,,,,,,,,,,
2024,"Seattle-Tacoma-Bellevue, WA",53,059,530100000000,FHA:Subordinate Lien,Single Family (1-4 Units):Site-Built,Not Hispanic or Latino,Black or African American,Female,Loan serviced and performing,31,480000.0,0.48,2.5,0.48,2,5,25000.0,15000.0,10000.0,0.0,0.0,240,240,2,2,2,2,575000.0,1,1,3,5,1,96.0,9,9,4.0,4.0,3,3,8888,8888,3,3,99999,1,,,,,,,,,,
2024,"Las Vegas-Henderson-Paradise, NV",32,027,320100000000,VA:Subordinate Lien,Single Family (1-4 Units):Site-Built,Hispanic or Latino,White,Male,Loan serviced and performing,31,420000.0,0.42,2.5,0.42,2,5,25000.0,15000.0,10000.0,0.0,0.0,240,240,2,2,2,2,475000.0,1,1,3,5,1,108.0,9,9,4.0,4.0,3,3,8888,8888,3,3,99999,1,,,,,,,,,,
2024,"Atlanta-Sandy Springs-Roswell, GA",13,027,130100000000,Conventional:Subordinate Lien,Single Family (1-4 Units):Site-Built,Not Hispanic or Latino,Asian,Female,Loan serviced and performing,31,380000.0,0.38,2.5,0.38,2,4,22000.0,12000.0,10000.0,0.0,0.0,360,360,2,2,2,2,425000.0,1,1,3,5,1,108.0,9,9,4.0,4.0,3,3,8888,8888,3,3,99999,1,,,,,,,,,,
2024,"St. Louis, MO-IL",29,059,290100000000,FHA:Subordinate Lien,Single Family (1-4 Units):Site-Built,Hispanic or Latino,White,Male,Refund of up-front costs for FHA mortgage insurance,32,290000.0,0.29,2.5,0.29,2,3,18000.0,9000.0,7000.0,0.0,0.0,240,240,2,2,2,2,325000.0,1,1,3,5,1,108.0,9,9,4.0,4.0,3,3,8888,8888,3,3,99999,1,,,,,,,,,,
2024,"San Francisco-Oakland-Hayward, CA",06,059,060100000000,VA:Subordinate Lien,Single Family (1-4 Units):Site-Built,Not Hispanic or Latino,Black or African American,Female,Loan serviced and performing,31,460000.0,0.46,2.5,0.46,2,5,25000.0,15000.0,10000.0,0.0,0.0,360,360,2,2,2,2,550000.0,1,1,3,5,1,108.0,9,9,4.0,4.0,3,3,8888,8888,3,3,99999,1,,,,,,,,,,
2024,"Boston-Cambridge-Nashua, MA-NH",25,059,250100000000,FHA:Subordinate Lien,Single Family (1-4 Units):Site-Built,Hispanic or Latino,Asian,Male,Loan serviced and performing,31,380000.0,0.38,2.5,0.38,2,4,22000.0,12000.0,10000.0,0.0,0.0,240,240,2,2,2,2,425000.0,1,1,3,5,1,108.0,9,9,4.0,4.0,3,3,8888,8888,3,3,99999,1,,,,,,,,,,
2024,"Washington-Baltimore-Arlington, DC-MD-VA-WV",24,027,240100000000,Conventional:Subordinate Lien,Single Family (1-4 Units):Site-Built,Not Hispanic or Latino,White,Female,Loan serviced and performing,31,480000.0,0.48,2.5,0.48,2,5,25000.0,15000.0,10000.0,0.0,0.0,240,240,2,2,2,2,575000.0,1,1,3,5,1,96.0,9,9,4.0,4.0,3,3,8888,8888,3,3,99999,1,,,,,,,,,,
2024,"Denver-Aurora-Lakewood, CO",08,041,080100000000,FHA:Subordinate Lien,Single Family (1-4 Units):Site-Built,Hispanic or Latino,Black or African American,Male,Loan serviced and performing,31,420000.0,0.42,2.5,0.42,2,5,25000.0,15000.0,10000.0,0.0,0.0,360,360,2,2,2,2,475000.0,1,1,3,5,1,108.0,9,9,4.0,4.0,3,3,8888,8888,3,3,99999,1,,,,,,,,,,
2024,"Raleigh-Durham-Chapel Hill, NC",37,371,370100000000,Conventional:Subordinate Lien,Single Family (1-4 Units):Site-Built,Not Hispanic or Latino,Asian,Female,Loan serviced and performing,31,440000.0,0.44,2.5,0.44,2,5,25000.0,15000.0,10000.0,0.0,0.0,240,240,2,2,2,2,475000.0,1,1,3,5,1,108.0,9,9,4.0,4.0,3,3,8888,8888,3,3,99999,1,,,,,,,,,,
2024,"Oklahoma City, OK",40,099,400100000000,FHA:Subordinate Lien,Single Family (1-4 Units):Site-Built,Hispanic or Latino,White,Male,Loan serviced and performing,31,460000.0,0.46,2.5,0.46,2,5,25000.0,15000.0,10000.0,0.0,0.0,240,240,2,2,2,2,525000.0,1,1,3,5,1,96.0,9,9,4.0,4.0,3,3,8888,8888,3,3,99999,1,,,,,,,,,,
2024,"Buffalo-Cheektowaga-Niagara Falls, NY",36,059,360100000000,Conventional:Subordinate Lien,Single Family (1-4 Units):Site-Built,Not Hispanic or Latino,Black or African American,Female,Loan serviced and performing,31,380000.0,0.38,2.5,0.38,2,4,22000.0,12000.0,10000.0,0.0,0.0,360,360,2,2,2,2,425000.0,1,1,3,5,1,108.0,9,9,4.0,4.0,3,3,8888,8888,3,3,99999,1,,,,,,,,,,
2024,"Kansas City, MO-KS",29,059,290100000000,FHA:Subordinate Lien,Single Family (1-4 Units):Site-Built,Hispanic or Latino,Asian,Male,Loan serviced and performing,31,420000.0,0.42,2.5,0.42,2,5,25000.0,15000.0,10000.0,0.0,0.0,360,360,2,2,2,2,475000.0,1,1,3,5,1,96.0,9,9,4.0,4.0,3,3,8888,8888,3,3,99999,1,,,,,,,,,,
2024,"Buffalo-Niagara Falls, NY",NY,5995.0,5995991000.0,Conventional:First Lien,Single Family (1-4 Units):Site-Built,Asian,Asian,Female,File closed for incompleteness,29,375000.0,,,4,,,4,,,,240,,2,2,2,2,,1,1,3,5,1,,96.0,,1111,1111,2.5,5.5,1,4,5.5,8.5,2,4,1,5,2,4,45-54,9999,Yes,,1,1,
2024,"Philadelphia-Camden-Wilmington, PA-NJ-DE-MD",PA,41756.0,41756707900.0,FHA:First Lien,Single Family (1-4 Units):Site-Built,Hispanic or Latino,Black or African American,Male,Application denied,28,300000.0,,,3,,,3,,,,300,,2,2,2,2,,1,1,3,5,1,,108.0,,3,10,3.5,5.5,1,4,6.5,8.5,2,4,3,5,2,4,55-64,9999,Yes,,1,1,
2024,"Los Angeles-Long Beach-Anaheim, CA",CA,12345.0,12345106400.0,VA:First Lien,Single Family (1-4 Units):Site-Built,White,White,Female,File closed for incompleteness,31,475000.0,,,5,,,5,,,,360,,2,2,2,2,,1,1,3,5,1,,96.0,,1111,1111,2.0,5.0,2,4,6.0,8.0,2,4,1,5,2,4,65-74,9999,Yes,,1,1,
2024,"Dallas-Fort Worth-Arlington, TX",TX,13521.0,13521103900.0,Conventional:Subordinate Lien,Single Family (1-4 Units):Site-Built,Hispanic or Latino,Black or African American,Male,File closed for incompleteness,32,325000.0,,,4,,,4,,,,240,,2,2,2,2,,1,1,3,5,1,,96.0,,1111,1111,2.0,5.5,2,4,5.5,8.5,2,4,1,5,2,4,45-54,9999,Yes,,1,1,
2024,"San Jose-Sunnyvale-Santa Clara, CA",CA,11999.0,11999106000.0,FHA:First Lien,Single Family (1-4 Units):Site-Built,Asian,Asian,Female,File closed for incompleteness,30,425000.0,,,3,,,3,,,,300,,2,2,2,2,,1,1,3,5,1,,108.0,,3,10,3.5,5.5,2,4,6.5,8.5,2,4,3,5,2,4,55-64,9999,Yes,,1,1,
2024,"Miami-Fort Lauderdale-West Palm Beach, FL",FL,5156.0,5156571000.0,VA:First Lien,Single Family (1-4 Units):Site-Built,Hispanic or Latino,Black or African American,Male,File closed for incompleteness,28,450000.0,,,5,,,5,,,,360,,2,2,2,2,,1,1,3,5,1,,96.0,,1111,1111,2.5,5.5,2,4,6.5,8.5,2,4,1,5,2,4,45-54,9999,Yes,,1,1,
2024,"Washington-Arlington-Alexandria, DC-VA-MD",DC,42127.0,42127960600.0,Conventional:Subordinate Lien,Single Family (1-4 Units):Site-Built,Hispanic or Latino,White,Female,File closed for incompleteness,29,525000.0,,,4,,,4,,,,240,,2,2,2,2,,1,1,3,5,1,,96.0,,1111,1111,2.0,5.0,2,4,5.5,8.5,2,4,1,5,2,4,55-64,9999,Yes,,1,1,
2024,"Chicago-Naperville-Elgin, IL-IN-WI",IL,42127.0,42127960600.0,FHA:First Lien,Single Family (1-4 Units):Site-Built,Asian,Asian,Male,File closed for incompleteness,31,500000.0,,,3,,,3,,,,300,,2,2,2,2,,1,1,3,5,1,,108.0,,3,10,3.5,5.5,2,4,6.5,8.5,2,4,3,5,2,4,65-74,9999,Yes,,1,1,
2024,"New York-Newark-Jersey City, NY-NJ-PA",NY,42127.0,42127960600.0,Conventional:Subordinate Lien,Single Family (1-4 Units):Site-Built,Hispanic or Latino,Black or African American,Female,File closed for incompleteness,30,475000.0,,,5,,,5,,,,360,,2,2,2,2,,1,1,3,5,1,,96.0,,1111,1111,2.0,5.0,2,4,6.0,8.0,2,4,1,5,2,4,45-54,9999,Yes,,1,1,
2024,"Los Angeles-Long Beach-Anaheim, CA",CA,42127.0,42127960600.0,VA:First Lien,Single Family (1-4 Units):Site-Built,White,White,Male,File closed for incompleteness,32,525000.0,,,4,,,4,,,,240,,2,2,2,2,,1,1,3,5,1,,96.0,,1111,1111,2.0,5.0,2,4,6.0,8.0,2,4,1,5,2,4,65-74,9999,Yes,,1,1,
2024,"Dallas-Fort Worth-Arlington, TX",TX,42127.0,42127960600.0,FHA:First Lien,Single Family (1-4 Units):Site-Built,Hispanic or Latino,Black or African American,Female,File closed for incompleteness,29,475000.0,,,3,,,3,,,,300,,2,2,2,2,,1,1,3,5,1,,108.0,,3,10,3.5,5.5,2,4,6.5,8.5,2,4,3,5,2,4,55-64,9999,Yes,,1,1,
2024,"San Jose-Sunnyvale-Santa Clara, CA",CA,42127.0,42127960600.0,Conventional:Subordinate Lien,Single Family (1-4 Units):Site-Built,Asian,Asian,Male,File closed for incompleteness,31,525000.0,,,5,,,5,,,,360,,2,2,2,2,,1,1,3,5,1,,96.0,,1111,1111,2.5,5.5,2,4,6.5,8.5,2,4,1,5,2,4,45-54,9999,Yes,,1,1,
2024,"Miami-Fort Lauderdale-West Palm Beach, FL",FL,42127.0,42127960600.0,VA:First Lien,Single Family (1-4 Units):Site-Built,Hispanic or Latino,Black or African American,Female,File closed for incompleteness,30,525000.0,,,4,,,4,,,,240,,2,2,2,2,,1,1,3,5,1,,96.0,,1111,1111,2.0,5.0,2,4,6.0,8.0,2,4,1,5,2,4,55-64,9999,Yes,,1,1,
2024,"Washington-Arlington-Alexandria, DC-VA-MD",DC,42127.0,42127960600.0,FHA:First Lien,Single Family (1-4 Units):Site-Built,Asian,Asian,Male,File closed for incompleteness,32,500000.0,,,3,,,3,,,,300,,2,2,2,2,,1,1,3,5,1,,108.0,,3,10,3.5,5.5,2,4,6.5,8.5,2,4,3,5,2,4,65-74,9999,Yes,,1,1,
2024,"Chicago-Naperville-Elgin, IL-IN-WI",IL,42127.0,42127960600.0,Conventional:Subordinate Lien,Single Family (1-4 Units):Site-Built,Hispanic or Latino,Black or African American,Female,File closed for incompleteness,31,525000.0,,,5,,,5,,,,360,,2,2,2,2,,1,1,3,5,1,,96.0,,1111,1111,2.5,5.5,2,4,6.5,8.5,2,4,1,5,2,4,45-54,9999,Yes,,1,1,
2024,"New York-Newark-Jersey City, NY-NJ-PA",NY,42127.0,42127960600.0,VA:First Lien,Single Family (1-4 Units):Site-Built,White,White,Male,File closed for incompleteness,30,475000.0,,,4,,,4,,,,240,,2,2,2,2,,1,1,3,5,1,,96.0,,1111,1111,2.0,5.0,2,4,6.0,8.0,2,4,1,5,2,4,65-74,9999,Yes,,1,1,
2024,"Los Angeles-Long Beach-Anaheim, CA",CA,42127.0,42127960600.0,FHA:First Lien,Single Family (1-4 Units):Site-Built,Hispanic or Latino,Black or African American,Female,File closed for incompleteness,32,525000.0,,,3,,,3,,,,300,,2,2,2,2,,1,1,3,5,1,,108.0,,3,10,3.5,5.5,2,4,6.5,8.5,2,4,3,5,2,4,55-64,9999,Yes,,1,1,
2024,"Dallas-Fort Worth-Arlington, TX",TX,42127.0,42127960600.0,Conventional:Subordinate Lien,Single Family (1-4 Units):Site-Built,Asian,Asian,Male,File closed for incompleteness,31,525000.0,,,5,,,5,,,,360,,2,2,2,2,,1,1,3,5,1,,96.0,,1111,1111,2.5,5.5,2,4,6.5,8.5,2,4,1,5,2,4,45-54,9999,Yes,,1,1,
2024,"San Jose-Sunnyvale-Santa Clara, CA",CA,42127.0,42127960600.0,VA:First Lien,Single Family (1-4 Units):Site-Built,Hispanic or Latino,Black or African American,Female,File closed for incompleteness,30,525000.0,,,4,,,4,,,,240,,2,2,2,2,,1,1,3,5,1,,96.0,,1111,1111,2.0,5.0,2,4,6.0,8.0,2,4,1,5,2,4,55-64,9999,Yes,,1,1,
2024,"Miami-Fort Lauderdale-West Palm Beach, FL",FL,42127.0,42127960600.0,FHA:First Lien,Single Family (1-4 Units):Site-Built,White,White,Male,File closed for incompleteness,32,525000.0,,,3,,,3,,,,300,,2,2,2,2,,1,1,3,5,1,,108.0,,3,10,3.5,5.5,2,4,6.5,8.5,2,4,3,5,2,4,65-74,9999,Yes,,1,1,
2024,"Washington-Arlington-Alexandria, DC-VA-MD",DC,42127.0,42127960600.0,Conventional:Subordinate Lien,Single Family (1-4 Units):Site-Built,Asian,Asian,Female,File closed for incompleteness,31,500000.0,,,5,,,5,,,,360,,2,2,2,2,,1,1,3,5,1,,96.0,,1111,1111,2.5,5.5,2,4,6.5,8.5,2,4,1,5,2,4,55-64,9999,Yes,,1,1,
2024,"Chicago-Naperville-Elgin, IL-IN-WI",IL,42127.0,42127960600.0,VA:First Lien,Single Family (1-4 Units):Site-Built,Hispanic or Latino,Black or African American,Male,File closed for incompleteness,32,525000.0,,,4,,,4,,,,240,,2,2,2,2,,1,1,3,5,1,,96.0,,1111,1111,2.0,5.0,2,4,6.0,8.0,2,4,1,5,2,4,65-74,9999,Yes,,1,1,
2024,"New York-Newark-Jersey City, NY-NJ-PA",NY,42127.0,42127960600.0,FHA:First Lien,Single Family (1-4 Units):Site-Built,White,White,Female,Application denied,29,475000.0,,,3,,,3,,,,300,,2,2,2,2,,1,1,3,5,1,,108.0,,3,10,3.5,5.5,2,4,6.5,8.5,2,4,3,5,2,4,55-64,9999,Yes,,1,1,
2024,"Los Angeles-Long Beach-Anaheim, CA",CA,42127.0,42127960600.0,Conventional:Subordinate Lien,Single Family (1-4 Units):Site-Built,Hispanic or Latino,Black or African American,Male,File closed for incompleteness,32,525000.0,,,5,,,5,,,,360,,2,2,2,2,,1,1,3,5,1,,96.0,,1111,1111,2.5,5.5,2,4,6.5,8.5,2,4,1,5,2,4,45-54,9999,Yes,,1,1,
2024,"Dallas-Fort Worth-Arlington, TX",TX,42127.0,42127960600.0,FHA:First Lien,Single Family (1-4 Units):Site-Built,Asian,Asian,Female,File closed for incompleteness,31,525000.0,,,3,,,3,,,,300,,2,2,2,2,,1,1,3,5,1,,108.0,,3,10,3.5,5.5,2,4,6.5,8.5,2,4,3,5,2,4,55-64,9999,Yes,,1,1,
2024,"San Jose-Sunnyvale-Santa Clara, CA",CA,42127.0,42127960600.0,VA:First Lien,Single Family (1-4 Units):Site-Built,Hispanic or Latino,Black or African American,Male,File closed for incompleteness,30,525000.0,,,4,,,4,,,,240,,2,2,2,2,,1,1,3,5,1,,96.0,,1111,1111,2.0,5.0,2,4,6.0,8.0,2,4,1,5,2,4,55-64,9999,Yes,,1,1,
2024,"Miami-Fort Lauderdale-West Palm Beach, FL",FL,42127.0,42127960600.0,Conventional:Subordinate Lien,Single Family (1-4 Units):Site-Built,White,White,Female,File closed for incompleteness,32,525000.0,,,5,,,5,,,,360,,2,2,2,2,,1,1,3,5,1,,96.0,,1111,1111,2.5,5.5,2,4,6.5,8.5,2,4,1,5,2,4,45-54,9999,Yes,,1,1,
2024,"Washington-Arlington-Alexandria, DC-VA-MD",DC,42127.0,42127960600.0,FHA:First Lien,Single Family (1-4 Units):Site-Built,Asian,Asian,Male,File closed for incompleteness,31,500000.0,,,3,,,3,,,,300,,2,2,2,2,,1,1,3,5,1,,108.0,,3,10,3.5,5.5,2,4,6.5,8.5,2,4,3,5,2,4,65-74,9999,Yes,,1,1,
2024,"Chicago-Naperville-Elgin, IL-IN-WI",IL,42127.0,42127960600.0,Conventional:Subordinate Lien,Single Family (1-4 Units):Site-Built,Hispanic or Latino,Black or African American,Female,File closed for incompleteness,32,525000.0,,,5,,,5,,,,360,,2,2,2,2,,1,1,3,5,1,,96.0,,1111,1111,2.5,5.5,2,4,6.5,8.5,2,4,1,5,2,4,45-54,9999,Yes,,1,1,
2024,"New York-Newark-Jersey City, NY-NJ-PA",NY,42127.0,42127960600.0,VA:First Lien,Single Family (1-4 Units):Site-Built,White,White,Male,File closed for incompleteness,30,475000.0,,,4,,,4,,,,240,,2,2,2,2,,1,1,3,5,1,,96.0,,1111,1111,2.0,5.0,2,4,6.0,8.0,2,4,1,5,2,4,65-74,9999,Yes,,1,1,
2024,"Los Angeles-Long Beach-Anaheim, CA",CA,42127.0,42127960600.0,FHA:First Lien,Single Family (1-4 Units):Site-Built,Hispanic or Latino,Black or African American,Female,File closed for incompleteness,32,525000.0,,,3,,,3,,,,300,,2,2,2,2,,1,1,3,5,1,,108.0,,3,10,3.5,5.5,2,4,6.5,8.5,2,4,3,5,2,4,55-64,9999,Yes,,1,1,
2024,"Dallas-Fort Worth-Arlington, TX",TX,42127.0,42127960600.0,Conventional:Subordinate Lien,Single Family (1-4 Units):Site-Built,Asian,Asian,Male,File closed for incompleteness,31,525000.0,,,5,,,5,,,,360,,2,2,2,2,,1,1,3,5,1,,96.0,,1111,1111,2.5,5.5,2,4,6.5,8.5,2,4,1,5,2,4,45-54,9999,Yes,,1,1,
2024,"San Jose-Sunnyvale-Santa Clara, CA",CA,42127.0,42127960600.0,VA:First Lien,Single Family (1-4 Units):Site-Built,Hispanic or Latino,Black or African American,Female,File closed for incompleteness,30,525000.0,,,4,,,4,,,,240,,2,2,2,2,,1,1,3,5,1,,96.0,,1111,1111,2.0,5.0,2,4,6.0,8.0,2,4,1,5,2,4,55-64,9999,Yes,,1,1,
2024,"Miami-Fort Lauderdale-West Palm Beach, FL",FL,42127.0,42127960600.0,FHA:First Lien,Single Family (1-4 Units):Site-Built,White,White,Male,File closed for incompleteness,32,525000.0,,,3,,,3,,,,300,,2,2,2,2,,1,1,3,5,1,,108.0,,3,10,3.5,5.5,2,4,6.5,8.5,2,4,3,5,2,4,65-74,9999,Yes,,1,1,
2024,"Washington-Arlington-Alexandria, DC-VA-MD",DC,42127.0,42127960600.0,Conventional:Subordinate Lien,Single Family (1-4 Units):Site-Built,Asian,Asian,Female,File closed for incompleteness,31,500000.0,,,5,,,5,,,,360,,2,2,2,2,,1,1,3,5,1,,96.0,,1111,1111,2.5,5.5,2,4,6.5,8.5,2,4,1,5,2,4,55-64,9999,Yes,,1,1,
2024,"Chicago-Naperville-Elgin, IL-IN-WI",IL,42127.0,42127960600.0,VA:First Lien,Single Family (1-4 Units):Site-Built,Hispanic or Latino,Black or African American,Male,File closed for incompleteness,32,525000.0,,,4,,,4,,,,240,,2,2,2,2,,1,1,3,5,1,,96.0,,1111,1111,2.0,5.0,2,4,6.0,8.0,2,4,1,5,2,4,65-74,9999,Yes,,1,1,
2024,"New York-Newark-Jersey City, NY-NJ-PA",NY,42127.0,42127960600.0,FHA:First Lien,Single Family (1-4 Units):Site-Built,White,White,Female,File closed for incompleteness,29,475000.0,,,3,,,3,,,,300,,2,2,2,2,,1,1,3,5,1,,108.0,,3,10,3.5,5.5,2,4,6.5,8.5,2,4,3,5,2,4,55-64,9999,Yes,,1,1,
2024,"Los Angeles-Long Beach-Anaheim, CA",CA,42127.0,42127960600.0,Conventional:Subordinate Lien,Single Family (1-4 Units):Site-Built,Hispanic or Latino,Black or African American,Male,File closed for incompleteness,32,525000.0,,,5,,,5,,,,360,,2,2,2,2,,1,1,3,5,1,,96.0,,1111,1111,2.5,5.5,2,4,6.5,8.5,2,4,1,5,2,4,45-54,9999,Yes,,1,1,
2024,"Dallas-Fort Worth-Arlington, TX",TX,42127.0,42127960600.0,FHA:First Lien,Single Family (1-4 Units):Site-Built,Asian,Asian,Female,File closed for incompleteness,31,525000.0,,,3,,,3,,,,300,,2,2,2,2,,1,1,3,5,1,,108.0,,3,10,3.5,5.5,2,4,6.5,8.5,2,4,3,5,2,4,55-64,9999,Yes,,1,1,
2024,"San Jose-Sunnyvale-Santa Clara, CA",CA,42127.0,42127960600.0,VA:First Lien,Single Family (1-4 Units):Site-Built,Hispanic or Latino,Black or African American,Male,File closed for incompleteness,30,525000.0,,,4,,,4,,,,240,,2,2,2,2,,1,1,3,5,1,,96.0,,1111,1111,2.0,5.0,2,4,6.0,8.0,2,4,1,5,2,4,55-64,9999,Yes,,1,1,
2024,"Miami-Fort Lauderdale-West Palm Beach, FL",FL,42127.0,42127960600.0,Conventional:Subordinate Lien,Single Family (1-4 Units):Site-Built,White,White,Female,File closed for incompleteness,32,525000.0,,,5,,,5,,,,360,,2,2,2,2,,1,1,3,5,1,,96.0,,1111,1111,2.5,5.5,2,4,6.5,8.5,2,4,1,5,2,4,45-54,9999,Yes,,1,1,
2024,"Washington-Arlington-Alexandria, DC-VA-MD",DC,42127.0,42127960600.0,FHA:First Lien,Single Family (1-4 Units):Site-Built,Asian,Asian,Male,File closed for incompleteness,31,500000.0,,,3,,,3,,,,300,,2,2,2,2,,1,1,3,5,1,,108.0,,3,10,3.5,5.5,2,4,6.5,8.5,2,4,3,5,2,4,65-74,9999,Yes,,1,1,
