activity_year,derived_msa-md,state_code,county_code,census_tract,derived_loan_product_type,derived_dwelling_category,derived_ethnicity,derived_race,derived_sex,action_taken,loan_purpose,loan_amount,loan_to_value_ratio,interest_rate,rate_spread,hoepa_status,total_loan_costs,total_points_and_fees,origination_charges,discount_points,lender_credits,loan_term,prepayment_penalty_term,intro_rate_period,negative_amortization,interest_only_payment,balloon_payment,other_nonamortizing_features,property_value,construction_method,occupancy_type,manufactured_home_secured_property_type,manufactured_home_land_property_interest,total_units,multifamily_affordable_units,income,debt_to_income_ratio,applicant_credit_score_type,co-applicant_credit_score_type,applicant_ethnicity-1,co-applicant_ethnicity-1,applicant_ethnicity_observed,co-applicant_ethnicity_observed,applicant_race-1,co-applicant_race-1,applicant_race_observed,co-applicant_race_observed,applicant_sex,co-applicant_sex,applicant_sex_observed,co-applicant_sex_observed,applicant_age,co-applicant_age,applicant_age_above_62,co-applicant_age_above_62,submission_of_application,initially_payable_to_institution
2024,35620,CA,6075.0,6075010203.0,Conventional:First Lien,Single Family (1-4 Units):Site-Built,Not Hispanic or Latino,Asian,Male,Loan originated,1,385000,0.85,7.125,2.5,0,8500,3500,2800,1.5,500,360,0,0,2,2,2,2,,450000,1,1,3,3,1,,98000,0.38,1,1,2,2,1,1,2,2,1,1,1,1,1,1,35-44,30-34,No,No,1
2024,16980,TX,1410.0,1410072042.0,FHA:First Lien,Single Family (1-4 Units):Site-Built,Hispanic or Latino,White,Female,Loan originated,1,215000,0.96,6.75,1.75,0,7200,2800,2200,1.0,800,360,0,0,2,2,2,2,,225000,1,1,3,3,1,,56000,0.42,1,1,1,5,1,3,5,5,1,3,1,3,1,3,25-34,9999,No,,1
2024,38060,OH,3900.0,3900357120.0,VA:First Lien,Single Family (1-4 Units):Site-Built,Not Hispanic or Latino,Black or African American,Male,Application denied,1,310000,0.92,7.375,3.0,0,9500,4200,3500,2.0,0,360,0,0,2,2,2,2,,340000,1,1,3,3,1,,78000,0.48,1,5,2,5,1,3,3,5,1,3,1,3,1,3,45-54,9999,No,,1
2024,12060,NY,36005.0,3600598010.0,Conventional:Subordinate Lien,Single Family (1-4 Units):Site-Built,Not Hispanic or Latino,White,Male,Loan originated,3,75000,0.15,8.0,4.0,0,3500,1500,1200,0.5,200,180,0,6,2,2,2,2,,500000,1,1,3,3,1,,175000,0.29,1,5,2,5,1,3,5,5,1,3,1,3,1,3,55-64,9999,Yes,,1
2024,14460,WA,53033.0,5303305090.0,USDA:First Lien,Single Family (1-4 Units):Site-Built,Hispanic or Latino,American Indian or Alaska Native,Female,Loan originated,1,195000,1.02,5.875,0.5,0,5800,2200,1800,0.5,1200,360,0,0,2,2,2,2,,190000,1,1,3,3,1,,48000,0.35,1,1,1,1,1,1,1,1,1,1,1,1,1,1,35-44,35-44,No,No,1
2024,19740,MI,26163.0,2616357800.0,Conventional:First Lien,Single Family (1-4 Units):Site-Built,Not Hispanic or Latino,White,Female,Application withdrawn,1,165000,0.78,6.5,1.25,0,4800,1900,1500,0.75,600,360,0,0,2,2,2,2,,210000,1,1,3,3,1,,52000,0.31,1,5,2,5,1,3,5,5,1,3,2,3,1,3,65-74,9999,Yes,,1
2024,33100,FL,12011.0,1201104060.0,FHA:Subordinate Lien,Single Family (1-4 Units):Site-Built,Not Hispanic or Latino,Black or African American,Male,File closed for incompleteness,32,45000,0.22,9.5,6.25,0,2800,1100,900,0.25,100,240,0,0,2,2,2,2,,205000,1,1,3,3,2,,39000,0.52,3,5,3,5,4,3,3,5,1,3,1,3,1,3,25-34,9999,No,,1
2024,42660,PA,42003.0,4200302180.0,Conventional:First Lien,Single Family (1-4 Units):Site-Built,Not Hispanic or Latino,White,Male,Loan originated,1,425000,0.8,7.0,2.25,0,10200,4100,3300,1.75,750,360,0,0,2,2,2,2,,530000,1,1,3,3,1,,135000,0.33,1,1,2,2,1,1,5,2,1,1,1,1,1,1,45-54,40-44,No,No,1
2024,27860,NC,37183.0,3718302010.0,VA:First Lien,Single Family (1-4 Units):Site-Built,Hispanic or Latino,White,Female,Loan originated,1,285000,0.89,6.125,1.0,0,6800,2700,2100,1.0,950,360,0,0,2,2,2,2,,320000,1,1,3,3,1,,68000,0.4,1,1,1,2,1,1,5,2,1,1,2,1,1,1,35-44,30-34,No,No,1
2024,45300,TN,47037.0,4703708025.0,Conventional:First Lien,Single Family (1-4 Units):Site-Built,Not Hispanic or Latino,Asian,Female,Application denied,1,395000,0.88,7.75,3.5,0,11800,4800,3900,2.25,0,360,0,0,2,2,2,2,,450000,1,1,3,3,1,,105000,0.45,1,5,2,5,1,3,2,5,1,3,2,3,1,3,35-44,9999,No,,1
2024,38060,OH,3900.0,3900357120.0,Conventional:First Lien,Single Family (1-4 Units):Site-Built,Not Hispanic or Latino,White,Male,Loan originated,1,195000,0.75,6.875,1.75,0,5200,2100,1700,1.0,650,360,0,0,2,2,2,2,,260000,1,1,3,3,1,,58000,0.28,1,1,2,2,1,1,5,2,1,1,1,1,1,1,25-34,25-34,No,No,1
2024,41860,OR,41051.0,4105103060.0,USDA:First Lien,Single Family (1-4 Units):Site-Built,Not Hispanic or Latino,White,Male,Loan originated,1,275000,1.0,5.75,0.25,0,5400,2100,1700,0.5,1400,360,0,0,2,2,2,2,,275000,1,1,3,3,1,,62000,0.36,1,1,2,2,1,1,5,2,1,1,1,1,1,1,30-34,30-34,No,No,1
2024,19100,LA,22051.0,2205101070.0,FHA:First Lien,Single Family (1-4 Units):Site-Built,Hispanic or Latino,Black or African American,Male,Loan originated,1,185000,0.96,6.625,1.5,0,6100,2400,1900,1.0,700,360,0,0,2,2,2,2,,193000,1,1,3,3,1,,47000,0.43,1,1,1,5,1,3,3,5,1,3,1,3,1,3,35-44,9999,No,,1
2024,26420,MO,29189.0,2918952010.0,Conventional:Subordinate Lien,Single Family (1-4 Units):Site-Built,Not Hispanic or Latino,White,Female,Loan originated,3,65000,0.18,8.25,4.75,0,3200,1300,1000,0.5,300,180,0,12,2,2,2,2,,360000,1,1,3,3,1,,88000,0.26,1,5,2,5,1,3,5,5,1,3,2,3,1,3,45-54,9999,No,,1
2024,35620,CA,6075.0,6075021304.0,Conventional:First Lien,Single Family (1-4 Units):Site-Built,Not Hispanic or Latino,Native Hawaiian or Other Pacific Islander,Male,Application withdrawn,1,625000,0.82,7.5,3.0,0,15800,6200,5100,2.75,0,360,0,0,2,2,2,2,,760000,1,1,3,3,1,,185000,0.41,1,5,2,5,1,3,9,5,1,3,1,3,1,3,45-54,9999,No,,1
2024,41860,OR,41051.0,4105104070.0,Conventional:First Lien,Single Family (1-4 Units):Site-Built,Not Hispanic or Latino,White,Female,Loan originated,1,485000,0.85,6.75,2.0,0,11200,4500,3600,1.5,900,360,0,0,2,2,2,2,,570000,1,1,3,3,1,,125000,0.34,1,1,2,2,1,1,5,2,1,1,2,1,1,1,35-44,35-44,No,No,1
2024,19740,MI,26163.0,2616352010.0,VA:First Lien,Single Family (1-4 Units):Site-Built,Not Hispanic or Latino,White,Male,Loan originated,1,235000,0.9,5.875,0.75,0,6200,2500,2000,1.0,1100,360,0,0,2,2,2,2,,260000,1,2,3,3,1,,59000,0.37,1,1,2,2,1,1,5,2,1,1,1,1,1,1,30-34,30-34,No,No,1
2024,45300,TN,47037.0,4703705030.0,Conventional:First Lien,Single Family (1-4 Units):Site-Built,Not Hispanic or Latino,Black or African American,Female,Application denied,1,315000,0.93,7.875,4.0,0,10800,4300,3500,2.25,0,360,0,0,2,2,2,2,,340000,1,1,3,3,1,,78000,0.49,2,5,2,5,1,3,3,5,1,3,2,3,1,3,25-34,9999,No,,1
2024,12060,NY,36005.0,3600596020.0,Conventional:First Lien,Single Family (1-4 Units):Site-Built,Hispanic or Latino,White,Male,Loan originated,1,550000,0.75,7.25,2.5,0,13800,5500,4500,2.0,600,360,0,0,2,2,2,2,,735000,1,1,3,3,1,,195000,0.3,1,1,1,1,1,1,5,1,1,1,1,1,1,1,40-44,35-39,No,No,1
2024,14460,WA,53033.0,5303303080.0,Conventional:First Lien,Single Family (1-4 Units):Site-Built,Not Hispanic or Latino,Asian,Female,Loan originated,1,765000,0.8,6.5,1.5,0,16500,6600,5400,2.25,1200,360,0,0,2,2,2,2,,955000,1,1,3,3,1,,225000,0.35,1,1,2,2,1,1,2,2,1,1,2,1,1,1,35-44,40-44,No,No,1
2024,16980,TX,1410.0,1410075030.0,FHA:First Lien,Single Family (1-4 Units):Site-Built,Not Hispanic or Latino,White,Male,Loan originated,1,245000,0.95,6.875,1.75,0,7100,2800,2200,1.25,800,360,0,0,2,2,2,2,,258000,1,1,3,3,1,,61000,0.41,1,1,2,5,1,3,5,5,1,3,1,3,1,3,30-34,9999,No,,1
2024,27860,NC,37183.0,3718301050.0,Conventional:First Lien,Single Family (1-4 Units):Site-Built,Not Hispanic or Latino,White,Male,Application withdrawn,1,415000,0.87,7.125,2.75,0,11800,4700,3800,2.0,0,360,0,0,2,2,2,2,,475000,1,1,3,3,1,,115000,0.39,1,5,2,5,1,3,5,5,1,3,1,3,1,3,45-54,9999,No,,1
2024,26420,MO,29189.0,2918951030.0,Conventional:First Lien,Single Family (1-4 Units):Site-Built,Not Hispanic or Latino,White,Female,Loan originated,1,285000,0.83,6.875,2.0,0,8200,3300,2600,1.5,700,360,0,0,2,2,2,2,,345000,1,1,3,3,1,,78000,0.33,1,1,2,2,1,1,5,2,1,1,2,1,1,1,35-44,35-44,No,No,1
2024,19100,LA,22051.0,2205102090.0,Conventional:Subordinate Lien,Single Family (1-4 Units):Site-Built,Hispanic or Latino,Black or African American,Female,Loan originated,3,55000,0.2,9.0,5.5,0,2900,1200,950,0.5,150,180,0,0,2,2,2,2,,275000,1,1,3,3,2,,51000,0.48,1,5,1,5,1,3,3,5,1,3,2,3,1,3,25-34,9999,No,,1
2024,42660,PA,42003.0,4200301150.0,Conventional:First Lien,Single Family (1-4 Units):Site-Built,Not Hispanic or Latino,White,Male,Loan originated,1,375000,0.79,6.75,1.75,0,9800,3900,3100,1.75,850,360,0,0,2,2,2,2,,475000,1,1,3,3,1,,112000,0.31,1,1,2,2,1,1,5,2,1,1,1,1,1,1,40-44,35-39,No,No,1
2024,35620,CA,6075.0,6075030405.0,Conventional:First Lien,Single Family (1-4 Units):Site-Built,Not Hispanic or Latino,Asian,Female,Loan originated,1,850000,0.85,6.875,1.75,0,18500,7400,6000,2.5,1000,360,0,0,2,2,2,2,,1000000,1,1,3,3,1,,235000,0.36,1,1,2,2,1,1,2,2,1,1,2,1,1,1,35-44,40-44,No,No,1
2024,12060,NY,36005.0,3600589020.0,Conventional:First Lien,Single Family (1-4 Units):Site-Built,Not Hispanic or Latino,White,Male,Application denied,1,625000,0.88,7.625,3.25,0,16200,6500,5300,2.75,0,360,0,0,2,2,2,2,,710000,1,1,3,3,1,,165000,0.44,1,5,2,5,1,3,5,5,1,3,1,3,1,3,50-54,9999,No,,1
2024,14460,WA,53033.0,5303306120.0,Conventional:First Lien,Single Family (1-4 Units):Site-Built,Not Hispanic or Latino,White,Female,Loan originated,1,520000,0.82,6.625,1.5,0,12800,5100,4100,2.0,950,360,0,0,2,2,2,2,,635000,1,1,3,3,1,,145000,0.32,1,1,2,2,1,1,5,2,1,1,2,1,1,1,40-44,40-44,No,No,1
2024,16980,TX,1410.0,1410076080.0,FHA:First Lien,Single Family (1-4 Units):Site-Built,Hispanic or Latino,White,Male,Loan originated,1,275000,0.97,6.75,1.5,0,6800,2700,2100,1.0,750,360,0,0,2,2,2,2,,285000,1,1,3,3,1,,65000,0.42,1,1,1,5,1,3,5,5,1,3,1,3,1,3,35-44,9999,No,,1
2024,27860,NC,37183.0,3718303100.0,Conventional:First Lien,Single Family (1-4 Units):Site-Built,Not Hispanic or Latino,Black or African American,Female,Loan originated,1,350000,0.88,7.0,2.25,0,9500,3800,3000,1.75,650,360,0,0,2,2,2,2,,395000,1,1,3,3,1,,88000,0.38,1,1,2,5,1,3,3,5,1,3,2,3,1,3,30-34,9999,No,,1
2024,38060,OH,3900.0,3900354080.0,VA:First Lien,Single Family (1-4 Units):Site-Built,Not Hispanic or Latino,White,Male,Loan originated,1,225000,0.92,5.75,0.5,0,5800,2300,1800,1.0,1200,360,0,0,2,2,2,2,,245000,1,2,3,3,1,,55000,0.34,1,1,2,2,1,1,5,2,1,1,1,1,1,1,30-34,30-34,No,No,1
2024,41860,OR,41051.0,4105102050.0,Conventional:First Lien,Single Family (1-4 Units):Site-Built,Not Hispanic or Latino,Asian,Male,Application withdrawn,1,695000,0.83,6.75,2.0,0,15800,6300,5100,2.5,0,360,0,0,2,2,2,2,,835000,1,1,3,3,1,,185000,0.37,1,5,2,5,1,3,2,5,1,3,1,3,1,3,45-54,9999,No,,1
2024,19740,MI,26163.0,2616354080.0,Conventional:First Lien,Single Family (1-4 Units):Site-Built,Not Hispanic or Latino,White,Female,Loan originated,1,255000,0.81,6.625,1.75,0,7200,2900,2300,1.25,750,360,0,0,2,2,2,2,,315000,1,1,3,3,1,,72000,0.3,1,1,2,2,1,1,5,2,1,1,2,1,1,1,35-44,35-44,No,No,1
2024,45300,TN,47037.0,4703702050.0,Conventional:First Lien,Single Family (1-4 Units):Site-Built,Not Hispanic or Latino,White,Male,Loan originated,1,385000,0.84,6.875,2.0,0,10500,4200,3300,1.75,800,360,0,0,2,2,2,2,,460000,1,1,3,3,1,,108000,0.33,1,1,2,2,1,1,5,2,1,1,1,1,1,1,40-44,35-39,No,No,1
2024,26420,MO,29189.0,2918954060.0,Conventional:Subordinate Lien,Single Family (1-4 Units):Site-Built,Not Hispanic or Latino,White,Female,Loan originated,3,75000,0.16,8.75,5.25,0,3600,1400,1100,0.75,250,180,0,8,2,2,2,2,,465000,1,1,3,3,1,,125000,0.27,1,5,2,5,1,3,5,5,1,3,2,3,1,3,50-54,9999,No,,1
2024,19100,LA,22051.0,2205103050.0,FHA:First Lien,Single Family (1-4 Units):Site-Built,Hispanic or Latino,Black or African American,Male,Loan originated,1,195000,0.94,6.75,1.5,0,5800,2300,1800,1.0,650,360,0,0,2,2,2,2,,208000,1,1,3,3,1,,48000,0.41,1,1,1,5,1,3,3,5,1,3,1,3,1,3,30-34,9999,No,,1
2024,42660,PA,42003.0,4200303090.0,Conventional:First Lien,Single Family (1-4 Units):Site-Built,Not Hispanic or Latino,White,Male,Loan originated,1,425000,0.83,6.75,1.75,0,11200,4500,3600,2.0,900,360,0,0,2,2,2,2,,515000,1,1,3,3,1,,125000,0.31,1,1,2,2,1,1,5,2,1,1,1,1,1,1,40-44,40-44,No,No,1
2024,35620,CA,6075.0,6075040206.0,Conventional:First Lien,Single Family (1-4 Units):Site-Built,Not Hispanic or Latino,Asian,Female,Application denied,1,925000,0.86,7.125,2.5,0,19800,7900,6400,3.0,0,360,0,0,2,2,2,2,,1075000,1,1,3,3,1,,245000,0.38,1,5,2,5,1,3,2,5,1,3,2,3,1,3,40-44,9999,No,,1
2024,12060,NY,36005.0,3600594030.0,Conventional:First Lien,Single Family (1-4 Units):Site-Built,Not Hispanic or Latino,White,Male,Loan originated,1,675000,0.78,7.0,2.25,0,15200,6100,4900,2.5,700,360,0,0,2,2,2,2,,865000,1,1,3,3,1,,195000,0.29,1,1,2,2,1,1,5,2,1,1,1,1,1,1,45-54,45-49,No,No,1
2024,14460,WA,53033.0,5303302090.0,Conventional:First Lien,Single Family (1-4 Units):Site-Built,Not Hispanic or Latino,White,Female,Loan originated,1,580000,0.84,6.625,1.5,0,13500,5400,4300,2.25,1000,360,0,0,2,2,2,2,,690000,1,1,3,3,1,,160000,0.32,1,1,2,2,1,1,5,2,1,1,2,1,1,1,35-44,35-44,No,No,1
2024,16980,TX,1410.0,1410078060.0,FHA:First Lien,Single Family (1-4 Units):Site-Built,Hispanic or Latino,White,Male,Loan originated,1,295000,0.96,6.875,1.75,0,7400,2900,2300,1.25,800,360,0,0,2,2,2,2,,308000,1,1,3,3,1,,70000,0.4,1,1,1,5,1,3,5,5,1,3,1,3,1,3,35-44,9999,No,,1
2024,27860,NC,37183.0,3718305080.0,Conventional:First Lien,Single Family (1-4 Units):Site-Built,Not Hispanic or Latino,Black or African American,Female,Loan originated,1,375000,0.86,7.0,2.0,0,10200,4100,3200,1.75,750,360,0,0,2,2,2,2,,435000,1,1,3,3,1,,95000,0.35,1,1,2,5,1,3,3,5,1,3,2,3,1,3,30-34,9999,No,,1
2024,38060,OH,3900.0,3900356030.0,Conventional:First Lien,Single Family (1-4 Units):Site-Built,Not Hispanic or Latino,White,Male,Application withdrawn,1,285000,0.84,7.0,2.5,0,8600,3400,2700,1.75,0,360,0,0,2,2,2,2,,340000,1,1,3,3,1,,82000,0.37,1,5,2,5,1,3,5,5,1,3,1,3,1,3,35-44,9999,No,,1
2024,41860,OR,41051.0,4105101080.0,Conventional:First Lien,Single Family (1-4 Units):Site-Built,Not Hispanic or Latino,Asian,Female,Loan originated,1,735000,0.82,6.625,1.75,0,16500,6600,5300,2.75,1100,360,0,0,2,2,2,2,,895000,1,1,3,3,1,,205000,0.33,1,1,2,2,1,1,2,2,1,1,2,1,1,1,40-44,45-49,No,No,1
2024,19740,MI,26163.0,2616359030.0,Conventional:First Lien,Single Family (1-4 Units):Site-Built,Not Hispanic or Latino,White,Male,Loan originated,1,295000,0.82,6.75,1.75,0,7800,3100,2500,1.5,800,360,0,0,2,2,2,2,,360000,1,1,3,3,1,,85000,0.32,1,1,2,2,1,1,5,2,1,1,1,1,1,1,35-44,30-34,No,No,1
2024,45300,TN,47037.0,4703706080.0,Conventional:First Lien,Single Family (1-4 Units):Site-Built,Not Hispanic or Latino,White,Female,Loan originated,1,410000,0.85,6.875,2.0,0,11200,4500,3600,2.0,850,360,0,0,2,2,2,2,,485000,1,1,3,3,1,,115000,0.34,1,1,2,2,1,1,5,2,1,1,2,1,1,1,40-44,40-44,No,No,1
2024,26420,MO,29189.0,2918957070.0,Conventional:Subordinate Lien,Single Family (1-4 Units):Site-Built,Not Hispanic or Latino,White,Male,Loan originated,3,85000,0.19,8.5,5.0,0,3800,1500,1200,0.75,350,180,0,4,2,2,2,2,,440000,1,1,3,3,1,,115000,0.28,1,5,2,5,1,3,5,5,1,3,1,3,1,3,55-64,9999,Yes,,1
2024,19100,LA,22051.0,2205104080.0,FHA:First Lien,Single Family (1-4 Units):Site-Built,Hispanic or Latino,Black or African American,Female,Loan originated,1,205000,0.95,6.75,1.5,0,6200,2500,2000,1.0,700,360,0,0,2,2,2,2,,215000,1,1,3,3,1,,52000,0.4,1,1,1,5,1,3,3,5,1,3,2,3,1,3,30-34,9999,No,,1
2024,42660,PA,42003.0,4200302050.0,Conventional:First Lien,Single Family (1-4 Units):Site-Built,Not Hispanic or Latino,White,Male,Application denied,1,465000,0.87,7.25,2.75,0,12800,5100,4100,2.25,0,360,,,,,,,,,,,,,,,,,,,,,,,,,,,,,,,,,,,
2024,35620,NY,36005.0,36005010801.0,Conventional:First Lien,Single Family (1-4 Units):Site-Built,Not Hispanic or Latino,Black or African American,Female,Loan originated,2,325000.0,85.0,7.25,2.5,0,8500.0,2500.0,3500.0,1500.0,500.0,360,0,0,2,2,2,2,375000.0,1,1,3,5,1,85000.0,42.0,1,1,2,5,1,5,3,5,1,5,2,5,1,5,45-54,35-44,No,No,1,1,
2024,31080,CA,6073.0,06073021005.0,FHA:First Lien,Single Family (1-4 Units):Site-Built,Hispanic or Latino,White,Male,Loan originated,1,485000.0,96.5,6.75,1.8,0,12000.0,4500.0,5500.0,2000.0,0.0,360,0,0,2,2,2,2,505000.0,1,1,3,5,1,78000.0,38.0,1,1,1,5,1,5,5,5,1,5,1,5,1,5,25-34,25-34,No,No,1,1,
2024,16980,IL,17031.0,17031080100.0,VA:First Lien,Single Family (1-4 Units):Site-Built,Not Hispanic or Latino,Asian,Male,Loan originated,1,275000.0,100.0,6.5,1.2,0,7500.0,2000.0,3000.0,1000.0,750.0,360,0,0,2,2,2,2,275000.0,1,1,3,5,1,65000.0,35.0,1,1,2,5,1,5,2,5,1,5,1,5,1,5,35-44,30-39,No,No,1,1,
2024,19100,TX,48113.0,48113010802.0,Conventional:Subordinate Lien,Single Family (1-4 Units):Site-Built,Hispanic or Latino,American Indian or Alaska Native,Female,Application denied,4,75000.0,15.0,8.5,4.2,0,3500.0,1500.0,2000.0,500.0,0.0,180,0,0,2,2,2,2,500000.0,1,1,3,5,1,45000.0,48.0,1,1,1,5,1,5,1,5,1,5,2,5,1,5,55-64,45-54,No,No,1,1,
2024,26420,OH,39035.0,39035080100.0,USDA:First Lien,Single Family (1-4 Units):Site-Built,Not Hispanic or Latino,Native Hawaiian or Other Pacific Islander,Female,Loan originated,1,185000.0,100.0,5.75,0.8,0,5500.0,1500.0,2000.0,500.0,1000.0,360,0,0,2,2,2,2,185000.0,1,1,3,5,1,52000.0,31.0,1,1,2,5,1,5,4,5,1,5,2,5,1,5,25-34,20-24,No,No,1,1,
2024,41860,WA,53033.0,53033021504.0,Conventional:First Lien,Single Family (1-4 Units):Site-Built,Not Hispanic or Latino,White,Male,Loan originated,2,650000.0,80.0,7.0,2.1,0,15000.0,5000.0,7000.0,2500.0,1000.0,360,0,0,2,2,2,2,812500.0,1,1,3,5,1,145000.0,28.0,1,1,2,5,1,5,5,5,1,5,1,5,1,5,35-44,30-39,No,No,1,1,
2024,38060,FL,12011.0,12011010701.0,FHA:Subordinate Lien,Single Family (1-4 Units):Site-Built,Hispanic or Latino,Black or African American,Male,Application withdrawn,4,45000.0,10.0,8.0,3.8,0,2500.0,1000.0,1500.0,500.0,0.0,240,0,0,2,2,2,2,450000.0,1,1,3,5,1,38000.0,52.0,1,6,1,6,1,6,3,6,1,6,1,6,1,6,45-54,45-54,No,No,1,1,
2024,12060,MA,25021.0,25021040100.0,Conventional:First Lien,Single Family (1-4 Units):Site-Built,Not Hispanic or Latino,Asian,Female,Loan originated,1,525000.0,75.0,6.25,1.5,0,11000.0,3500.0,5000.0,2000.0,1500.0,360,0,0,2,2,2,2,700000.0,1,1,3,5,1,110000.0,25.0,1,1,2,5,1,5,2,5,1,5,2,5,1,5,30-39,30-39,No,No,1,1,
2024,14460,CO,8031.0,08031010401.0,VA:Subordinate Lien,Single Family (1-4 Units):Site-Built,Not Hispanic or Latino,White,Female,File closed for incompleteness,4,35000.0,8.0,9.0,5.2,0,2000.0,800.0,1200.0,300.0,0.0,180,0,0,2,2,2,2,425000.0,1,1,3,5,1,55000.0,45.0,1,1,2,5,1,5,5,5,1,5,2,5,1,5,65-74,55-64,Yes,No,1,1,
2024,33100,MI,26163.0,26163008001.0,Conventional:First Lien,Single Family (1-4 Units):Site-Built,Hispanic or Latino,White,Male,Loan originated,1,285000.0,90.0,7.5,2.8,0,8000.0,2800.0,3500.0,1200.0,300.0,360,0,0,2,2,2,2,315000.0,1,1,3,5,1,68000.0,40.0,1,1,1,5,1,5,5,5,1,5,1,5,1,5,40-49,35-44,No,No,1,1,
2024,38900,GA,13135.0,13135080200.0,USDA:Subordinate Lien,Single Family (1-4 Units):Site-Built,Not Hispanic or Latino,Black or African American,Female,Application denied,4,25000.0,5.0,8.75,4.5,0,1500.0,600.0,900.0,200.0,0.0,120,0,0,2,2,2,2,500000.0,1,1,3,5,1,42000.0,55.0,1,1,2,5,1,5,3,5,1,5,2,5,1,5,35-44,30-39,No,No,1,1,
2024,12020,AZ,4013.0,04013010802.0,FHA:First Lien,Manufactured Home,Not Hispanic or Latino,American Indian or Alaska Native,Male,Loan originated,1,195000.0,95.0,6.9,2.0,0,6500.0,2200.0,3000.0,1000.0,500.0,360,0,0,2,2,2,2,205000.0,2,1,1,1,1,48000.0,43.0,1,1,2,5,1,5,1,5,1,5,1,5,1,5,45-54,40-49,No,No,1,1,
2024,38060,FL,12086.0,12086030100.0,Conventional:First Lien,Single Family (1-4 Units):Site-Built,Hispanic or Latino,White,Female,Loan originated,2,415000.0,82.0,7.1,2.3,0,9500.0,3200.0,4000.0,1500.0,700.0,360,0,0,2,2,2,2,505000.0,1,1,3,5,1,88000.0,36.0,1,1,1,5,1,5,5,5,1,5,2,5,1,5,30-39,30-39,No,No,1,1,
2024,41860,WA,53061.0,53061011203.0,Conventional:Subordinate Lien,Single Family (1-4 Units):Site-Built,Not Hispanic or Latino,Asian,Male,Application approved but not accepted,4,95000.0,18.0,8.25,3.9,0,4000.0,1800.0,2200.0,600.0,0.0,240,0,0,2,2,2,2,525000.0,1,1,3,5,1,75000.0,38.0,1,1,2,5,1,5,2,5,1,5,1,5,1,5,50-59,45-54,No,No,1,1,
2024,19740,TX,48121.0,48121020801.0,VA:First Lien,Single Family (1-4 Units):Site-Built,Hispanic or Latino,White,Male,Loan originated,1,315000.0,100.0,6.4,1.0,0,8500.0,2500.0,3500.0,1200.0,800.0,360,0,0,2,2,2,2,315000.0,1,1,3,5,1,62000.0,33.0,1,1,1,5,1,5,5,5,1,5,1,5,1,5,25-34,25-34,No,No,1,1,
2024,35620,NY,36103.0,36103000100.0,Conventional:First Lien,Single Family (1-4 Units):Site-Built,Not Hispanic or Latino,Black or African American,Female,Loan originated,1,750000.0,70.0,6.75,1.8,0,18000.0,6000.0,8500.0,3500.0,2000.0,360,0,0,2,2,2,2,1075000.0,1,1,3,5,1,185000.0,22.0,1,1,2,5,1,5,3,5,1,5,2,5,1,5,40-49,35-44,No,No,1,1,
2024,17140,IL,17113.0,17113030100.0,FHA:Subordinate Lien,Single Family (1-4 Units):Site-Built,Not Hispanic or Latino,White,Male,Application denied,4,55000.0,12.0,8.5,4.1,0,2800.0,1200.0,1600.0,400.0,0.0,180,0,0,2,2,2,2,450000.0,1,1,3,5,1,48000.0,50.0,1,1,2,5,1,5,5,5,1,5,1,5,1,5,35-44,30-39,No,No,1,1,
2024,26420,OH,39017.0,39017040600.0,Conventional:First Lien,Single Family (1-4 Units):Site-Built,Hispanic or Latino,Native Hawaiian or Other Pacific Islander,Male,Loan originated,2,195000.0,88.0,7.35,2.6,0,6500.0,2000.0,2800.0,1000.0,400.0,360,0,0,2,2,2,2,220000.0,1,1,3,5,1,58000.0,42.0,1,1,1,5,1,5,4,5,1,5,1,5,1,5,30-39,25-34,No,No,1,1,
2024,14460,CO,8059.0,08059010202.0,USDA:First Lien,Single Family (1-4 Units):Site-Built,Not Hispanic or Latino,White,Female,Loan originated,1,245000.0,100.0,5.9,1.0,0,6000.0,1800.0,2500.0,800.0,1200.0,360,0,0,2,2,2,2,245000.0,1,1,3,5,1,52000.0,29.0,1,1,2,5,1,5,5,5,1,5,2,5,1,5,25-34,20-24,No,No,1,1,
2024,33100,MI,26125.0,26125002800.0,Conventional:First Lien,Manufactured Home,Hispanic or Latino,Black or African American,Female,Loan originated,1,165000.0,92.0,7.8,3.1,0,5500.0,1800.0,2500.0,800.0,200.0,360,0,0,2,2,2,2,180000.0,2,1,1,1,1,42000.0,46.0,1,1,1,5,1,5,3,5,1,5,2,5,1,5,45-54,40-49,No,No,1,1,
2024,12060,MA,25009.0,25009070200.0,Conventional:Subordinate Lien,Single Family (1-4 Units):Site-Built,Not Hispanic or Latino,Asian,Male,Application withdrawn,4,75000.0,14.0,8.75,4.8,0,3200.0,1400.0,1800.0,500.0,0.0,180,0,0,2,2,2,2,525000.0,1,1,3,5,1,68000.0,44.0,1,1,2,5,1,5,2,5,1,5,1,5,1,5,35-44,30-39,No,No,1,1,
2024,19100,TX,48439.0,48439010401.0,VA:First Lien,Single Family (1-4 Units):Site-Built,Hispanic or Latino,White,Male,Loan originated,1,425000.0,100.0,6.25,0.5,0,11000.0,3500.0,5000.0,1800.0,1200.0,360,0,0,2,2,2,2,425000.0,1,1,3,5,1,95000.0,26.0,1,1,1,5,1,5,5,5,1,5,1,5,1,5,35-44,30-39,No,No,1,1,
2024,31080,CA,6075.0,06075012402.0,Conventional:First Lien,Single Family (1-4 Units):Site-Built,Not Hispanic or Latino,White,Female,Loan originated,2,885000.0,65.0,6.5,1.2,0,20000.0,7000.0,9500.0,4000.0,2500.0,360,0,0,2,2,2,2,1360000.0,1,1,3,5,1,220000.0,20.0,1,1,2,5,1,5,5,5,1,5,2,5,1,5,45-54,40-49,No,No,1,1,
2024,16980,IL,17043.0,17043080100.0,FHA:First Lien,Single Family (1-4 Units):Site-Built,Hispanic or Latino,Black or African American,Female,Loan originated,1,235000.0,96.5,6.8,1.9,0,7000.0,2400.0,3200.0,1200.0,300.0,360,0,0,2,2,2,2,245000.0,1,1,3,5,1,58000.0,39.0,1,1,1,5,1,5,3,5,1,5,2,5,1,5,25-34,25-34,No,No,1,1,
2024,19740,TX,48201.0,48201030201.0,Conventional:First Lien,Single Family (1-4 Units):Site-Built,Not Hispanic or Latino,American Indian or Alaska Native,Male,Application approved but not accepted,1,385000.0,78.0,7.15,2.4,0,9500.0,3200.0,4500.0,1600.0,800.0,360,0,0,2,2,2,2,495000.0,1,1,3,5,1,82000.0,34.0,1,1,2,5,1,5,1,5,1,5,1,5,1,5,30-39,25-34,No,No,1,1,
2024,35620,NY,36039.0,36039001400.0,Conventional:Subordinate Lien,Single Family (1-4 Units):Site-Built,Hispanic or Latino,Black or African American,Female,Loan originated,4,125000.0,22.0,8.0,3.5,0,4500.0,2000.0,2500.0,700.0,0.0,240,0,0,2,2,2,2,565000.0,1,1,3,5,1,95000.0,32.0,1,1,1,5,1,5,3,5,1,5,2,5,1,5,40-49,35-44,No,No,1,1,
2024,41860,WA,53035.0,53035010901.0,USDA:Subordinate Lien,Single Family (1-4 Units):Site-Built,Not Hispanic or Latino,White,Male,Application denied,4,30000.0,6.0,9.25,5.1,0,1800.0,700.0,1100.0,250.0,0.0,120,0,0,2,2,2,2,475000.0,1,1,3,5,1,44000.0,58.0,1,1,2,5,1,5,5,5,1,5,1,5,1,5,55-64,50-59,No,No,1,1,
2024,12020,AZ,4017.0,04017020403.0,Conventional:First Lien,Single Family (1-4 Units):Site-Built,Not Hispanic or Latino,Asian,Female,Loan originated,2,475000.0,75.0,6.9,1.7,0,12000.0,4000.0,5500.0,2000.0,1200.0,360,0,0,2,2,2,2,635000.0,1,1,3,5,1,115000.0,24.0,1,1,2,5,1,5,2,5,1,5,2,5,1,5,35-44,30-39,No,No,1,1,
2024,38060,FL,12071.0,12071080200.0,VA:Subordinate Lien,Single Family (1-4 Units):Site-Built,Hispanic or Latino,White,Female,File closed for incompleteness,4,65000.0,11.0,8.75,4.6,0,2800.0,1100.0,1700.0,400.0,0.0,180,0,0,2,2,2,2,575000.0,1,1,3,5,1,62000.0,47.0,1,1,1,5,1,5,5,5,1,5,2,5,1,5,45-54,40-49,No,No,1,1,
2024,33100,MI,26163.0,26163011002.0,FHA:First Lien,Single Family (1-4 Units):Site-Built,Hispanic or Latino,Black or African American,Male,Loan originated,1,265000.0,96.5,6.6,1.6,0,7500.0,2600.0,3400.0,1300.0,500.0,360,0,0,2,2,2,2,275000.0,1,1,3,5,1,65000.0,37.0,1,1,1,5,1,5,3,5,1,5,1,5,1,5,30-39,25-34,No,No,1,1,
2024,14460,CO,8069.0,08069020401.0,Conventional:First Lien,Single Family (1-4 Units):Site-Built,Not Hispanic or Latino,White,Male,Loan originated,1,545000.0,82.0,6.8,1.4,0,13500.0,4500.0,6000.0,2200.0,1400.0,360,0,0,2,2,2,2,665000.0,1,1,3,5,1,125000.0,27.0,1,1,2,5,1,5,5,5,1,5,1,5,1,5,40-49,35-44,No,No,1,1,
2024,26420,OH,39001.0,39001030402.0,Conventional:Subordinate Lien,Single Family (1-4 Units):Site-Built,Hispanic or Latino,Native Hawaiian or Other Pacific Islander,Female,Application withdrawn,4,85000.0,16.0,8.5,4.2,0,3600.0,1500.0,2100.0,600.0,0.0,180,0,0,2,2,2,2,525000.0,1,1,3,5,1,58000.0,49.0,1,1,1,5,1,5,4,5,1,5,2,5,1,5,35-44,30-39,No,No,1,1,
2024,31080,CA,6071.0,06071080100.0,Conventional:First Lien,Single Family (1-4 Units):Site-Built,Not Hispanic or Latino,White,Female,Application approved but not accepted,1,1225000.0,60.0,6.25,0.8,0,25000.0,9000.0,12000.0,5000.0,3500.0,360,0,0,2,2,2,2,2040000.0,1,1,3,5,1,310000.0,18.0,1,1,2,5,1,5,5,5,1,5,2,5,1,5,45-54,40-49,No,No,1,1,
2024,16980,IL,17197.0,17197080200.0,USDA:First Lien,Single Family (1-4 Units):Site-Built,Not Hispanic or Latino,American Indian or Alaska Native,Male,Loan originated,1,205000.0,100.0,5.65,0.5,0,5500.0,1600.0,2300.0,700.0,1100.0,360,0,0,2,2,2,2,205000.0,1,1,3,5,1,48000.0,30.0,1,1,2,5,1,5,1,5,1,5,1,5,1,5,25-34,20-24,No,No,1,1,
2024,19740,TX,48085.0,48085010301.0,Conventional:First Lien,Single Family (1-4 Units):Site-Built,Hispanic or Latino,Black or African Female,Male,Loan originated,2,355000.0,85.0,7.4,2.7,0,9000.0,3000.0,4200.0,1500.0,600.0,360,0,0,2,2,2,2,415000.0,1,1,3,5,1,78000.0,35.0,1,1,1,5,1,5,3,5,1,5,1,5,1,5,35-44,30-39,No,No,1,1,
2024,35620,NY,36119.0,36119010200.0,FHA:Subordinate Lien,Single Family (1-4 Units):Site-Built,Not Hispanic or Latino,Asian,Female,Application denied,4,48000.0,9.0,8.25,4.5,0,2200.0,900.0,1300.0,350.0,0.0,180,0,0,2,2,2,2,525000.0,1,1,3,5,1,52000.0,53.0,1,1,2,5,1,5,2,5,1,5,2,5,1,5,50-59,45-54,No,No,1,1,
2024,41860,WA,53063.0,53063020602.0,VA:First Lien,Single Family (1-4 Units):Site-Built,Not Hispanic or Latino,White,Male,Loan originated,1,525000.0,100.0,6.15,0.3,0,12500.0,3800.0,5500.0,2000.0,1300.0,360,0,0,2,2,2,2,525000.0,1,1,3,5,1,105000.0,25.0,1,1,2,5,1,5,5,5,1,5,1,5,1,5,30-39,25-34,No,No,1,1,
2024,12020,AZ,4025.0,04025010801.0,Conventional:First Lien,Single Family (1-4 Units):Site-Built,Hispanic or Latino,White,Female,Loan originated,2,395000.0,78.0,7.2,2.1,0,10000.0,3200.0,4500.0,1600.0,900.0,360,0,0,2,2,2,2,505000.0,1,1,3,5,1,85000.0,32.0,1,1,1,5,1,5,5,5,1,5,2,5,1,5,35-44,30-39,No,No,1,1,
2024,38060,FL,12011.0,12011050302.0,Conventional:Subordinate Lien,Single Family (1-4 Units):Site-Built,Not Hispanic or Latino,Black or African American,Male,File closed for incompleteness,4,105000.0,20.0,8.6,4.0,0,4200.0,1800.0,2400.0,700.0,0.0,240,0,0,2,2,2,2,525000.0,1,1,3,5,1,68000.0,46.0,1,1,2,5,1,5,3,5,1,5,1,5,1,5,45-54,40-49,No,No,1,1,
2024,33100,MI,26145.0,26145002800.0,Conventional:First Lien,Manufactured Home,Hispanic or Latino,White,Male,Loan originated,1,155000.0,90.0,7.5,2.9,0,5000.0,1700.0,2300.0,800.0,300.0,360,0,0,2,2,2,2,172000.0,2,1,1,1,1,45000.0,44.0,1,1,1,5,1,5,5,5,1,5,1,5,1,5,40-49,35-44,No,No,1,1,
2024,14460,CO,8123.0,08123010400.0,USDA:Subordinate Lien,Single Family (1-4 Units):Site-Built,Not Hispanic or Latino,Asian,Female,Application withdrawn,4,35000.0,7.0,9.0,5.0,0,1600.0,650.0,950.0,250.0,0.0,120,0,0,2,2,2,2,485000.0,1,1,3,5,1,41000.0,62.0,1,1,2,5,1,5,2,5,1,5,2,5,1,5,65-74,55-64,Yes,No,1,1,
2024,31080,CA,6085.0,06085020104.0,Conventional:First Lien,Single Family (1-4 Units):Site-Built,Not Hispanic or Latino,White,Male,Loan originated,1,985000.0,68.0,6.4,1.0,0,22000.0,7500.0,10000.0,4200.0,2800.0,360,0,0,2,2,2,2,1450000.0,1,1,3,5,1,275000.0,19.0,1,1,2,5,1,5,5,5,1,5,1,5,1,5,40-49,35-44,No,No,1,1,
2024,35620,NY,36001,36001010200.0,Conventional:First Lien,Single Family (1-4 Units):Site-Built,Not Hispanic or Latino,White,Male,Loan originated,1,385000.0,85.0,6.75,2.5,0,8500,3500,2800,1500,1200,360,0,0,2,2,2,2,2,453000,1,1,3,3,1,,98000,38.0,1,1,2,5,2,4,5,8,2,4,1,5,2,4,45-54,35-44,No,No,1
2024,31080,CA,6073,06073023400.0,FHA:First Lien,Single Family (1-4 Units):Site-Built,Hispanic or Latino,Black or African American,Female,Loan originated,1,425000.0,96.5,7.0,3.0,0,12000,4500,3200,2000,1500,360,0,0,2,2,2,2,2,440000,1,1,3,3,1,,75000,42.0,1,1,1,1,1,1,3,3,1,1,2,2,1,1,25-34,25-34,No,No,1
2024,16980,TX,48113,48113020801.0,Conventional:First Lien,Single Family (1-4 Units):Site-Built,Not Hispanic or Latino,Asian,Male,Application denied,1,295000.0,80.0,7.25,3.25,0,7500,2800,2500,1200,1000,360,0,0,2,2,2,2,2,369000,1,1,3,3,1,,88000,44.0,1,1,2,5,2,4,2,8,2,4,1,5,2,4,35-44,45-54,No,No,1
2024,19100,IL,17031,17031812300.0,VA:First Lien,Single Family (1-4 Units):Site-Built,Not Hispanic or Latino,White,Female,Loan originated,1,315000.0,92.0,6.5,2.0,0,9000,3800,2900,1800,1300,360,0,0,2,2,2,2,2,342000,1,1,3,3,1,,92000,36.0,1,1,2,5,2,4,5,8,2,4,2,5,2,4,55-64,45-54,Yes,No,1
2024,26420,FL,12011,12011008905.0,Conventional:Subordinate Lien,Single Family (1-4 Units):Site-Built,Hispanic or Latino,White,Male,Loan originated,32,50000.0,,8.0,4.0,0,3500,1500,1200,800,600,180,0,0,2,2,2,2,2,350000,1,1,3,3,1,,78000,40.0,1,1,1,2,1,1,5,5,1,1,1,2,1,1,65-74,65-74,Yes,Yes,1
2024,41860,WA,53033,53033030200.0,Conventional:First Lien,Single Family (1-4 Units):Site-Built,Not Hispanic or Latino,Black or African American,Female,Application withdrawn,1,475000.0,75.0,6.875,2.875,0,10500,4200,3100,1900,1400,360,0,0,2,2,2,2,2,633000,1,1,3,3,1,,115000,32.0,1,1,2,5,2,4,3,8,2,4,2,5,2,4,35-44,35-44,No,No,2
2024,38060,CO,8031,08031008301.0,FHA:First Lien,Single Family (1-4 Units):Site-Built,Not Hispanic or Latino,American Indian or Alaska Native,Male,Loan originated,1,365000.0,95.0,7.125,3.125,0,11000,4000,3000,1700,1200,360,0,0,2,2,2,2,2,384000,1,1,3,3,1,,82000,45.0,1,1,2,5,2,4,1,8,2,4,1,5,2,4,45-54,25-34,No,No,1
2024,12060,PA,42001,42001000600.0,Conventional:First Lien,Single Family (1-4 Units):Site-Built,Not Hispanic or Latino,Native Hawaiian or Other Pacific Islander,Female,File closed for incompleteness,1,275000.0,82.0,7.375,3.375,0,6800,2600,2300,1100,900,360,0,0,2,2,2,2,2,335000,1,1,3,3,1,,74000,39.0,1,1,2,5,2,4,4,8,2,4,2,5,2,4,25-34,25-34,No,No,1
2024,14460,AZ,4013,04013000201.0,Conventional:First Lien,Single Family (1-4 Units):Site-Built,Hispanic or Latino,Asian,Male,Loan originated,1,410000.0,88.0,6.625,2.625,0,9200,3600,2800,1600,1100,360,0,0,2,2,2,2,2,466000,1,1,3,3,1,,105000,34.0,1,1,1,1,1,1,2,2,1,1,1,2,1,1,35-44,35-44,No,No,1
2024,33100,MI,26163,26163008001.0,Conventional:First Lien,Single Family (1-4 Units):Site-Built,Not Hispanic or Latino,White,Female,Loan originated,1,235000.0,78.0,6.875,2.875,0,7200,2900,2400,1300,1000,360,0,0,2,2,2,2,2,301000,1,1,3,3,1,,68000,41.0,1,1,2,5,2,4,5,8,2,4,2,5,2,4,55-64,55-64,Yes,Yes,1
2024,38900,NC,37183,37183050102.0,VA:First Lien,Single Family (1-4 Units):Site-Built,Not Hispanic or Latino,White,Male,Application denied,1,355000.0,90.0,7.5,3.5,0,9800,3700,2800,1500,1100,360,0,0,2,2,2,2,2,394000,1,1,3,3,1,,87000,47.0,1,1,2,5,2,4,5,8,2,4,1,5,2,4,45-54,35-44,No,No,1
2024,12060,PA,42003,42003002800.0,Conventional:First Lien,Single Family (1-4 Units):Site-Built,Not Hispanic or Latino,Black or African American,Female,Loan originated,1,195000.0,70.0,7.0,3.0,0,6200,2400,2100,1000,800,360,0,0,2,2,2,2,2,279000,1,1,3,3,1,,62000,43.0,1,1,2,5,2,4,3,8,2,4,2,5,2,4,25-34,25-34,No,No,1
2024,41860,WA,53033,53033041500.0,FHA:First Lien,Single Family (1-4 Units):Site-Built,Hispanic or Latino,White,Male,Loan originated,1,525000.0,96.5,7.25,3.25,0,13500,4800,3500,2200,1600,360,0,0,2,2,2,2,2,544000,1,1,3,3,1,,118000,39.0,1,1,1,1,1,1,5,5,1,1,1,2,1,1,35-44,45-54,No,No,1
2024,19740,OH,39035,39035001402.0,Conventional:First Lien,Single Family (1-4 Units):Site-Built,Not Hispanic or Latino,Asian,Female,Application denied,1,185000.0,75.0,7.625,3.625,0,5800,2200,2000,950,750,360,0,0,2,2,2,2,2,247000,1,1,3,3,1,,58000,48.0,1,1,2,5,2,4,2,8,2,4,2,5,2,4,45-54,45-54,No,No,1
2024,35620,NY,36005,36005009200.0,Conventional:Subordinate Lien,Single Family (1-4 Units):Site-Built,Not Hispanic or Latino,White,Male,Loan originated,32,75000.0,,8.25,4.25,0,4200,1800,1400,950,700,180,0,0,2,2,2,2,2,420000,1,1,3,3,1,,95000,35.0,1,1,2,5,2,4,5,8,2,4,1,5,2,4,65-74,65-74,Yes,Yes,1
2024,16980,TX,48121,48121010800.0,Conventional:First Lien,Single Family (1-4 Units):Site-Built,Hispanic or Latino,Black or African American,Female,Loan originated,1,295000.0,85.0,6.75,2.75,0,8100,3200,2500,1400,1000,360,0,0,2,2,2,2,2,347000,1,1,3,3,1,,78000,40.0,1,1,1,1,1,1,3,3,1,1,2,2,1,1,35-44,25-34,No,No,1
2024,38060,CO,8031,08031026500.0,Conventional:First Lien,Single Family (1-4 Units):Site-Built,Not Hispanic or Latino,White,Male,Application withdrawn,1,485000.0,80.0,6.625,2.625,0,11200,4300,3200,1900,1400,360,0,0,2,2,2,2,2,606000,1,1,3,3,1,,125000,30.0,1,1,2,5,2,4,5,8,2,4,1,5,2,4,35-44,35-44,No,No,2
2024,33100,MI,26125,26125004100.0,VA:First Lien,Single Family (1-4 Units):Site-Built,Not Hispanic or Latino,Native Hawaiian or Other Pacific Islander,Male,Loan originated,1,215000.0,95.0,6.375,1.875,0,7800,3000,2400,1200,950,360,0,0,2,2,2,2,2,226000,1,1,3,3,1,,72000,37.0,1,1,2,5,2,4,4,8,2,4,1,5,2,4,25-34,25-34,No,No,1
2024,14460,AZ,4013,04013015800.0,Conventional:First Lien,Single Family (1-4 Units):Site-Built,Not Hispanic or Latino,American Indian or Alaska Native,Female,File closed for incompleteness,1,365000.0,82.0,7.125,3.125,0,8900,3400,2700,1500,1100,360,0,0,2,2,2,2,2,445000,1,1,3,3,1,,88000,42.0,1,1,2,5,2,4,1,8,2,4,2,5,2,4,45-54,35-44,No,No,1
2024,26420,FL,12005,12005020304.0,FHA:First Lien,Single Family (1-4 Units):Site-Built,Hispanic or Latino,Asian,Female,Loan originated,1,395000.0,96.5,7.0,3.0,0,11800,4200,3100,1800,1300,360,0,0,2,2,2,2,2,409000,1,1,3,3,1,,98000,36.0,1,1,1,1,1,1,2,2,1,1,2,2,1,1,35-44,35-44,No,No,1
2024,19100,IL,17043,17043002701.0,Conventional:First Lien,Single Family (1-4 Units):Site-Built,Not Hispanic or Latino,White,Male,Loan originated,1,255000.0,77.0,6.875,2.875,0,7400,2800,2300,1200,950,360,0,0,2,2,2,2,2,331000,1,1,3,3,1,,76000,39.0,1,1,2,5,2,4,5,8,2,4,1,5,2,4,45-54,45-54,No,No,1
2024,12060,PA,42007,42007012400.0,Conventional:First Lien,Single Family (1-4 Units):Site-Built,Not Hispanic or Latino,Black or African American,Male,Application denied,1,175000.0,72.0,7.75,3.75,0,5500,2100,1900,900,700,360,0,0,2,2,2,2,2,243000,1,1,3,3,1,,55000,50.0,1,1,2,5,2,4,3,8,2,4,1,5,2,4,55-64,45-54,Yes,No,1
2024,35620,NY,36081,36081040300.0,Conventional:Subordinate Lien,Single Family (1-4 Units):Site-Built,Hispanic or Latino,White,Female,Loan originated,32,95000.0,,8.5,4.5,0,4800,2000,1600,1100,800,180,0,0,2,2,2,2,2,480000,1,1,3,3,1,,102000,33.0,1,1,1,1,1,1,5,5,1,1,2,2,1,1,25-34,35-44,No,No,1
2024,31080,CA,6071,06071008500.0,Conventional:First Lien,Single Family (1-4 Units):Site-Built,Not Hispanic or Latino,Asian,Male,Loan originated,1,625000.0,83.0,6.5,2.5,0,12800,4800,3600,2200,1600,360,0,0,2,2,2,2,2,753000,1,1,3,3,1,,145000,29.0,1,1,2,5,2,4,2,8,2,4,1,5,2,4,35-44,35-44,No,No,1
2024,19740,OH,39017,39017011203.0,VA:First Lien,Single Family (1-4 Units):Site-Built,Not Hispanic or Latino,White,Female,Loan originated,1,235000.0,95.0,6.25,1.75,0,8200,3100,2500,1300,1000,360,0,0,2,2,2,2,2,247000,1,1,3,3,1,,78000,35.0,1,1,2,5,2,4,5,8,2,4,2,5,2,4,35-44,25-34,No,No,1
2024,41860,WA,53053,53053019800.0,FHA:First Lien,Single Family (1-4 Units):Site-Built,Hispanic or Latino,Black or African American,Male,Application denied,1,465000.0,96.5,7.375,3.375,0,13200,4600,3400,2000,1500,360,0,0,2,2,2,2,2,482000,1,1,3,3,1,,108000,44.0,1,1,1,1,1,1,3,3,1,1,1,2,1,1,45-54,35-44,No,No,1
2024,16980,TX,48201,48201020500.0,Conventional:First Lien,Single Family (1-4 Units):Site-Built,Not Hispanic or Latino,White,Male,Loan originated,1,345000.0,87.0,6.875,2.875,0,9200,3500,2700,1600,1200,360,0,0,2,2,2,2,2,397000,1,1,3,3,1,,92000,37.0,1,1,2,5,2,4,5,8,2,4,1,5,2,4,45-54,45-54,No,No,1
2024,26420,FL,12009,12009030800.0,Conventional:First Lien,Single Family (1-4 Units):Site-Built,Not Hispanic or Latino,Native Hawaiian or Other Pacific Islander,Female,Application withdrawn,1,285000.0,78.0,7.0,3.0,0,8100,3100,2400,1300,1000,360,0,0,2,2,2,2,2,365000,1,1,3,3,1,,82000,40.0,1,1,2,5,2,4,4,8,2,4,2,5,2,4,35-44,35-44,No,No,2
2024,38060,CO,8059,08059010100.0,Conventional:First Lien,Single Family (1-4 Units):Site-Built,Hispanic or Latino,American Indian or Alaska Native,Male,File closed for incompleteness,1,415000.0,84.0,6.75,2.75,0,10200,3900,3000,1800,1300,360,0,0,2,2,2,2,2,494000,1,1,3,3,1,,105000,32.0,1,1,1,1,1,1,1,1,1,1,1,2,1,1,25-34,25-34,No,No,1
2024,14460,AZ,4015,04015008900.0,Conventional:First Lien,Single Family (1-4 Units):Site-Built,Not Hispanic or Latino,Asian,Female,Loan originated,1,385000.0,81.0,6.625,2.625,0,9400,3600,2800,1600,1200,360,0,0,2,2,2,2,2,475000,1,1,3,3,1,,108000,31.0,1,1,2,5,2,4,2,8,2,4,2,5,2,4,35-44,35-44,No,No,1
2024,33100,MI,26163,26163011200.0,Conventional:Subordinate Lien,Single Family (1-4 Units):Site-Built,Not Hispanic or Latino,White,Male,Loan originated,32,65000.0,,8.75,4.75,0,3800,1600,1300,850,650,180,0,0,2,2,2,2,2,380000,1,1,3,3,1,,85000,38.0,1,1,2,5,2,4,5,8,2,4,1,5,2,4,55-64,45-54,Yes,No,1
2024,38900,NC,37129,37129040101.0,VA:First Lien,Single Family (1-4 Units):Site-Built,Not Hispanic or Latino,Black or African American,Female,Loan originated,1,285000.0,95.0,6.375,1.875,0,8600,3200,2600,1300,1000,360,0,0,2,2,2,2,2,300000,1,1,3,3,1,,78000,36.0,1,1,2,5,2,4,3,8,2,4,2,5,2,4,25-34,25-34,No,No,1
2024,12060,PA,42003,42003021500.0,FHA:First Lien,Single Family (1-4 Units):Site-Built,Hispanic or Latino,White,Male,Application denied,1,225000.0,96.5,7.125,3.125,0,9800,3600,2800,1500,1100,360,0,0,2,2,2,2,2,233000,1,1,3,3,1,,68000,46.0,1,1,1,1,1,1,5,5,1,1,1,2,1,1,35-44,35-44,No,No,1
2024,35620,NY,36047,36047001500.0,Conventional:First Lien,Single Family (1-4 Units):Site-Built,Not Hispanic or Latino,Asian,Female,Loan originated,1,565000.0,79.0,6.5,2.5,0,13200,4900,3700,2200,1600,360,0,0,2,2,2,2,2,715000,1,1,3,3,1,,155000,28.0,1,1,2,5,2,4,2,8,2,4,2,5,2,4,35-44,35-44,No,No,1
2024,31080,CA,6073,06073041200.0,Conventional:First Lien,Single Family (1-4 Units):Site-Built,Hispanic or Latino,Black or African American,Male,Loan originated,1,485000.0,90.0,6.875,2.875,0,11400,4200,3200,1900,1400,360,0,0,2,2,2,2,2,539000,1,1,3,3,1,,118000,34.0,1,1,1,1,1,1,3,3,1,1,2,2,1,1,45-54,35-44,No,No,1
2024,19740,OH,39093,39093010800.0,Conventional:First Lien,Single Family (1-4 Units):Site-Built,Not Hispanic or Latino,White,Male,Application denied,1,195000.0,73.0,7.875,3.875,0,6200,2300,2100,1000,800,360,0,0,2,2,2,2,2,267000,1,1,3,3,1,,62000,49.0,1,1,2,5,2,4,5,8,2,4,1,5,2,4,45-54,55-64,No,Yes,1
2024,41860,WA,53033,53033050800.0,Conventional:Subordinate Lien,Single Family (1-4 Units):Site-Built,Not Hispanic or Latino,Native Hawaiian or Other Pacific Islander,Female,Loan originated,32,85000.0,,8.25,4.25,0,4500,1900,1500,1000,750,180,0,0,2,2,2,2,2,450000,1,1,3,3,1,,98000,36.0,1,1,2,5,2,4,4,8,2,4,2,5,2,4,35-44,35-44,No,No,1
2024,38060,CO,8123,08123005600.0,Conventional:First Lien,Single Family (1-4 Units):Site-Built,Not Hispanic or Latino,American Indian or Alaska Native,Male,Loan originated,1,445000.0,86.0,6.75,2.75,0,10800,4000,3100,1800,1300,360,0,0,2,2,2,2,2,517000,1,1,3,3,1,,112000,32.0,1,1,2,5,2,4,1,8,2,4,1,5,2,4,25-34,25-34,No,No,1
2024,14460,AZ,4017,04017020100.0,FHA:First Lien,Single Family (1-4 Units):Site-Built,Hispanic or Latino,Asian,Female,Loan originated,1,355000.0,96.5,7.0,3.0,0,11400,4100,3100,1800,1300,360,0,0,2,2,2,2,2,368000,1,1,3,3,1,,88000,39.0,1,1,1,1,1,1,2,2,1,1,2,2,1,1,35-44,35-44,No,No,1
2024,33100,MI,26099,26099008100.0,VA:First Lien,Single Family (1-4 Units):Site-Built,Not Hispanic or Latino,White,Male,Loan originated,1,275000.0,95.0,6.125,1.625,0,8400,3100,2500,1200,950,360,0,0,2,2,2,2,2,289000,1,1,3,3,1,,82000,33.0,1,1,2,5,2,4,5,8,2,4,1,5,2,4,45-54,35-44,No,No,1
2024,38900,NC,37069,37069010300.0,Conventional:First Lien,Single Family (1-4 Units):Site-Built,Not Hispanic or Latino,Black or African American,Female,Application withdrawn,1,315000.0,83.0,7.125,3.125,0,8900,3400,2700,1500,1100,360,0,0,2,2,2,2,2,380000,1,1,3,3,1,,92000,41.0,1,1,2,5,2,4,3,8,2,4,2,5,2,4,35-44,45-54,No,No,2
2024,12060,PA,42005,42005008900.0,Conventional:First Lien,Single Family (1-4 Units):Site-Built,Hispanic or Latino,White,Male,File closed for incompleteness,1,245000.0,80.0,7.25,3.25,0,7500,2800,2400,1200,950,360,0,0,2,2,2,2,2,306000,1,1,3,3,1,,76000,43.0,1,1,1,1,1,1,5,5,1,1,1,2,1,1,45-54,35-44,No,No,1
2024,35620,NY,36061,36061020100.0,Conventional:First Lien,Single Family (1-4 Units):Site-Built,Not Hispanic or Latino,Asian,Female,Loan originated,1,685000.0,76.0,6.375,2.375,0,14200,5200,3900,2300,1700,360,0,0,2,2,2,2,2,902000,1,1,3,3,1,,165000,27.0,1,1,2,5,2,4,2,8,2,4,2,5,2,4,35-44,35-44,No,No,1
2024,31080,CA,6075,06075011200.0,Conventional:First Lien,Single Family (1-4 Units):Site-Built,Hispanic or Latino,Black or African American,Male,Application denied,1,525000.0,92.0,7.5,3.5,0,12800,4600,3400,2000,1500,360,0,0,2,2,2,2,2,571000,1,1,3,3,1,,128000,40.0,1,1,1,1,1,1,3,3,1,1,2,2,1,1,45-54,45-54,No,No,1
2024,19740,OH,39169,39169000800.0,Conventional:Subordinate Lien,Single Family (1-4 Units):Site-Built,Not Hispanic or Latino,White,Female,Loan originated,32,55000.0,,8.5,4.5,0,3200,1400,1100,700,550,180,0,0,2,2,2,2,2,320000,1,1,3,3,1,,72000,42.0,1,1,2,5,2,4,5,8,2,4,2,5,2,4,55-64,55-64,Yes,Yes,1
2024,41860,WA,53061,53061008500.0,Conventional:First Lien,Single Family (1-4 Units):Site-Built,Not Hispanic or Latino,Asian,Male,Loan originated,1,565000.0,78.0,6.375,2.375,0,12800,4700,3500,2100,1500,360,0,0,2,2,2,2,2,724000,1,1,3,3,1,,138000,29.0,1,1,2,5,2,4,2,8,2,4,1,5,2,4,35-44,35-44,No,No,1
2024,38060,CO,8035,08035020100.0,FHA:First Lien,Single Family (1-4 Units):Site-Built,Hispanic or Latino,Native Hawaiian or Other Pacific Islander,Female,Loan originated,1,395000.0,96.5,7.125,3.125,0,12200,4300,3200,1900,1400,360,0,0,2,2,2,2,2,409000,1,1,3,3,1,,98000,37.0,1,1,1,1,1,1,4,4,1,1,2,2,1,1,25-34,35-44,No,No,1
2024,35620,NY,36005.0,36005011400.0,Conventional:First Lien,Single Family (1-4 Units):Site-Built,Not Hispanic or Latino,White,Male,Loan originated,2,425000.0,80.0,6.75,,2,8500,3500,2800,1200,500,360,,,2,2,2,2,,425000,1,1,3,5,1,,168000,38,1,1,2,5,2,4,5,8,2,4,1,5,2,4,45-54,35-44,No,No,1
2024,31080,CA,6073.0,6073011202.0,FHA:First Lien,Single Family (1-4 Units):Site-Built,Hispanic or Latino,Asian,Male,Loan originated,1,385000.0,95.0,7.25,,1,12000,4500,3800,1500,0,360,,,2,2,2,2,,405000,1,1,3,5,1,,98000,43,1,1,1,1,1,1,2,2,1,2,1,1,1,1,35-44,25-34,No,No,1
2024,16980,IL,17031.0,17031863700.0,Conventional:First Lien,Single Family (1-4 Units):Site-Built,Not Hispanic or Latino,Black or African American,Female,Application denied,2,315000.0,85.0,7.5,,2,6500,2800,2200,1000,750,360,,,2,2,2,2,,370000,1,1,3,5,1,,112000,41,1,6,2,5,2,4,3,6,2,4,2,5,2,4,25-34,,No,,1
2024,19100,TX,48113.0,48113020801.0,VA:First Lien,Single Family (1-4 Units):Site-Built,Not Hispanic or Latino,White,Male,Loan originated,1,298000.0,100.0,6.5,,1,8500,3200,2800,1200,0,360,,,2,2,2,2,,298000,1,1,3,5,1,,88000,36,1,1,2,5,2,4,5,8,2,4,1,5,1,4,35-44,30-39,No,No,1
2024,26420,FL,12011.0,12011008903.0,Conventional:Subordinate Lien,Single Family (1-4 Units):Site-Built,Hispanic or Latino,White,Female,Loan originated,4,75000.0,,8.0,2.5,2,3200,1500,1200,600,200,180,,,2,2,2,2,,450000,1,1,3,5,1,,94000,29,1,1,1,1,1,1,5,5,1,5,2,1,2,1,45-54,,No,,1
2024,41860,WA,53033.0,53033029504.0,Conventional:First Lien,Single Family (1-4 Units):Site-Built,Not Hispanic or Latino,Asian,Female,Loan originated,2,675000.0,75.0,6.25,,2,12500,5200,4200,2000,800,360,,,2,2,2,2,,900000,1,1,3,5,1,,225000,33,1,1,2,5,2,4,2,2,2,2,2,5,2,4,35-44,30-39,No,No,1
2024,38060,AZ,4013.0,4013028040.0,Conventional:First Lien,Single Family (1-4 Units):Site-Built,Not Hispanic or Latino,White,Male,Application withdrawn,2,485000.0,70.0,7.0,,2,9500,4100,3300,1600,600,360,,,2,2,2,2,,692000,1,1,3,5,1,,156000,28,1,6,2,5,2,4,5,8,2,4,1,5,2,4,55-64,45-54,Yes,No,1
2024,12060,AL,1073.0,1073010101.0,USDA:First Lien,Single Family (1-4 Units):Site-Built,Hispanic or Latino,American Indian or Alaska Native,Female,Loan originated,1,225000.0,100.0,5.75,,1,6500,2800,2200,1000,0,360,,,2,2,2,2,,225000,1,1,3,5,1,,65000,32,1,1,1,1,1,1,1,1,1,1,2,1,2,1,25-34,25-34,No,No,1
2024,14460,GA,13089.0,13089004100.0,Conventional:First Lien,Single Family (1-4 Units):Site-Built,Not Hispanic or Latino,Black or African American,Male,Loan originated,2,365000.0,90.0,7.0,,2,7800,3400,2700,1300,650,360,,,2,2,2,2,,405000,1,1,3,5,1,,108000,40,1,1,2,5,2,4,3,6,2,4,1,5,1,4,35-44,30-39,No,No,1
2024,33100,CA,6075.0,6075011203.0,Conventional:First Lien,Single Family (1-4 Units):Site-Built,Hispanic or Latino,Native Hawaiian or Other Pacific Islander,Male,Application denied,2,825000.0,65.0,7.75,,2,16500,6800,5400,2600,1200,360,,,2,2,2,2,,1269000,1,1,3,5,1,,185000,24,1,6,1,1,1,1,7,7,1,7,1,1,1,1,45-54,35-44,No,No,1
2024,38900,MI,26163.0,26163008000.0,Conventional:Subordinate Lien,Single Family (1-4 Units):Site-Built,Not Hispanic or Latino,White,Female,Loan originated,3,125000.0,,8.5,3.0,2,4800,2200,1800,800,300,240,,,2,2,2,2,,500000,1,1,3,5,1,,98000,31,1,1,2,5,2,4,5,5,2,5,2,5,2,4,65-74,,Yes,,1
2024,42660,WI,55079.0,55079002101.0,Conventional:First Lien,Single Family (1-4 Units):Site-Built,Not Hispanic or Latino,White,Male,File closed for incompleteness,2,285000.0,88.0,7.25,,2,6200,2700,2100,1000,550,360,,,2,2,2,2,,324000,1,1,3,5,1,,76000,45,1,6,2,5,2,4,5,8,2,4,1,5,2,4,25-34,,No,,1
2024,19740,TX,48121.0,48121010502.0,FHA:First Lien,Single Family (1-4 Units):Site-Built,Hispanic or Latino,White,Male,Loan originated,1,415000.0,96.0,7.5,,1,11500,4200,3500,1600,0,360,,,2,2,2,2,,432000,1,1,3,5,1,,105000,44,1,1,1,1,1,1,5,5,1,5,1,1,1,1,30-39,25-34,No,No,1
2024,37980,AZ,4019.0,4019013900.0,Conventional:First Lien,Single Family (1-4 Units):Site-Built,Not Hispanic or Latino,Asian,Female,Loan originated,2,525000.0,78.0,6.5,,2,10200,4400,3500,1700,750,360,,,2,2,2,2,,673000,1,1,3,5,1,,142000,35,1,1,2,5,2,4,2,2,2,2,2,5,2,4,45-54,40-49,No,No,1
2024,17140,IN,18003.0,18003010800.0,Conventional:First Lien,Single Family (1-4 Units):Site-Built,Not Hispanic or Latino,White,Male,Application denied,2,315000.0,92.0,7.75,,2,6800,2900,2300,1100,600,360,,,2,2,2,2,,342000,1,1,3,5,1,,88000,48,1,6,2,5,2,4,5,8,2,4,1,5,2,4,35-44,30-39,No,No,1
2024,33460,CA,6059.0,6059010500.0,Conventional:First Lien,Single Family (1-4 Units):Site-Built,Hispanic or Latino,Black or African American,Female,Loan originated,2,755000.0,68.0,6.75,,2,14800,6100,4800,2300,1100,360,,,2,2,2,2,,1110000,1,1,3,5,1,,198000,29,1,1,1,1,1,1,3,3,1,3,2,1,2,1,35-44,30-39,No,No,1
2024,45300,UT,49035.0,49035110200.0,VA:First Lien,Single Family (1-4 Units):Site-Built,Not Hispanic or Latino,White,Male,Loan originated,1,425000.0,100.0,6.25,,1,9800,3800,3100,1400,0,360,,,2,2,2,2,,425000,1,1,3,5,1,,118000,34,1,1,2,5,2,4,5,8,2,4,1,5,1,4,30-39,25-34,No,No,1
2024,38300,CA,6077.0,6077010101.0,Conventional:Subordinate Lien,Single Family (1-4 Units):Site-Built,Not Hispanic or Latino,White,Female,Loan originated,4,95000.0,,8.75,3.25,2,3800,1700,1400,650,250,180,,,2,2,2,2,,780000,1,1,3,5,1,,165000,26,1,1,2,5,2,4,5,5,2,5,2,5,2,4,55-64,,No,,1
2024,23820,FL,12086.0,12086020102.0,Conventional:First Lien,Single Family (1-4 Units):Site-Built,Hispanic or Latino,White,Male,Loan originated,2,385000.0,83.0,7.0,,2,8200,3600,2900,1400,700,360,,,2,2,2,2,,464000,1,1,3,5,1,,125000,37,1,1,1,1,1,1,5,5,1,5,1,1,1,1,40-49,35-44,No,No,1
2024,41180,TX,48201.0,48201030402.0,Conventional:First Lien,Single Family (1-4 Units):Site-Built,Not Hispanic or Latino,Black or African American,Female,Application withdrawn,2,565000.0,72.0,7.5,,2,11200,4800,3800,1800,850,360,,,2,2,2,2,,785000,1,1,3,5,1,,175000,31,1,6,2,5,2,4,3,6,2,4,2,5,2,4,30-39,25-34,No,No,1
2024,18140,IA,19153.0,19153010201.0,USDA:First Lien,Single Family (1-4 Units):Site-Built,Not Hispanic or Latino,White,Male,Loan originated,1,195000.0,100.0,5.5,,1,5800,2500,1900,850,0,360,,,2,2,2,2,,195000,1,1,3,5,1,,62000,30,1,1,2,5,2,4,5,8,2,4,1,5,1,4,25-34,20-24,No,No,1
2024,22020,DE,10003.0,10003020700.0,Conventional:First Lien,Single Family (1-4 Units):Site-Built,Not Hispanic or Latino,White,Female,Loan originated,2,485000.0,76.0,6.75,,2,9500,4000,3200,1500,700,360,,,2,2,2,2,,638000,1,1,3,5,1,,145000,32,1,1,2,5,2,4,5,5,2,5,2,5,2,4,45-54,40-49,No,No,1
2024,29540,MA,25009.0,25009040200.0,Conventional:First Lien,Single Family (1-4 Units):Site-Built,Not Hispanic or Latino,Asian,Male,Loan originated,2,725000.0,70.0,6.5,,2,14200,5800,4600,2200,1000,360,,,2,2,2,2,,1035000,1,1,3,5,1,,225000,28,1,1,2,5,2,4,2,2,2,2,2,5,2,4,40-49,35-44,No,No,1
2024,35380,NC,37183.0,37183010402.0,FHA:First Lien,Single Family (1-4 Units):Site-Built,Hispanic or Latino,Black or African American,Female,Loan originated,1,315000.0,95.0,7.75,,1,10500,3800,3100,1400,0,360,,,2,2,2,2,,332000,1,1,3,5,1,,85000,42,1,1,1,1,1,1,3,3,1,3,2,1,2,1,30-39,25-34,No,No,1
2024,38080,OH,39169.0,39169004300.0,Conventional:First Lien,Single Family (1-4 Units):Site-Built,Not Hispanic or Latino,White,Male,File closed for incompleteness,2,275000.0,89.0,7.5,,2,5900,2500,2000,950,450,360,,,2,2,2,2,,309000,1,1,3,5,1,,78000,46,1,6,2,5,2,4,5,8,2,4,1,5,2,4,35-44,,No,,1
2024,41100,TX,48453.0,48453001709.0,Conventional:First Lien,Single Family (1-4 Units):Site-Built,Hispanic or Latino,White,Male,Loan originated,2,415000.0,81.0,7.25,,2,8800,3700,3000,1400,650,360,,,2,2,2,2,,512000,1,1,3,5,1,,118000,39,1,1,1,1,1,1,5,5,1,5,1,1,1,1,35-44,30-39,No,No,1
2024,12540,AK,2020.0,02020000100.0,Conventional:First Lien,Single Family (1-4 Units):Site-Built,Not Hispanic or Latino,American Indian or Alaska Native,Female,Application denied,2,425000.0,78.0,7.0,,2,9200,3900,3100,1500,700,360,,,2,2,2,2,,545000,1,1,3,5,1,,132000,43,1,6,2,5,2,4,1,1,2,1,2,5,2,4,40-49,35-44,No,No,1
2024,45060,TN,47037.0,47037002800.0,VA:First Lien,Single Family (1-4 Units):Site-Built,Not Hispanic or Latino,Black or African American,Male,Loan originated,1,385000.0,100.0,6.75,,1,8800,3400,2800,1200,0,360,,,2,2,2,2,,385000,1,1,3,5,1,,108000,36,1,1,2,5,2,4,3,6,2,4,1,5,1,4,30-39,25-34,No,No,1
2024,14484,GA,13135.0,13135001900.0,Conventional:Subordinate Lien,Single Family (1-4 Units):Site-Built,Hispanic or Latino,Asian,Female,Loan originated,4,65000.0,,9.0,3.75,2,2800,1300,1000,500,200,120,,,2,2,2,2,,520000,1,1,3,5,1,,125000,25,1,1,1,1,1,1,2,2,1,2,2,1,2,1,25-34,,No,,1
2024,36420,NV,32003.0,32003010701.0,Conventional:First Lien,Single Family (1-4 Units):Site-Built,Not Hispanic or Latino,White,Male,Loan originated,2,485000.0,74.0,6.75,,2,10200,4200,3400,1600,750,360,,,2,2,2,2,,655000,1,1,3,5,1,,155000,33,1,1,2,5,2,4,5,8,2,4,1,5,1,4,40-49,35-44,No,No,1
2024,49340,WA,53061.0,53061050900.0,Conventional:First Lien,Single Family (1-4 Units):Site-Built,Not Hispanic or Latino,White,Female,Application withdrawn,2,625000.0,68.0,6.5,,2,12800,5300,4200,2000,950,360,,,2,2,2,2,,919000,1,1,3,5,1,,195000,29,1,6,2,5,2,4,5,5,2,5,2,5,2,4,45-54,40-49,No,No,1
2024,35300,NC,37159.0,37159010301.0,Conventional:First Lien,Single Family (1-4 Units):Site-Built,Not Hispanic or Latino,Black or African American,Female,Loan originated,2,365000.0,85.0,7.25,,2,7800,3300,2600,1250,600,360,,,2,2,2,2,,429000,1,1,3,5,1,,115000,38,1,1,2,5,2,4,3,6,2,4,2,5,2,4,35-44,30-39,No,No,1
2024,31140,CA,6071.0,6071011500.0,Conventional:First Lien,Single Family (1-4 Units):Site-Built,Hispanic or Latino,White,Male,Loan originated,2,925000.0,62.0,6.25,,2,17500,7200,5700,2800,1300,360,,,2,2,2,2,,1492000,1,1,3,5,1,,285000,25,1,1,1,1,1,1,5,5,1,5,1,1,1,1,50-59,45-54,No,No,1
2024,36500,NE,31109.0,31109010400.0,USDA:First Lien,Single Family (1-4 Units):Site-Built,Not Hispanic or Latino,White,Male,Loan originated,1,185000.0,100.0,5.75,,1,5400,2300,1800,800,0,360,,,2,2,2,2,,185000,1,1,3,5,1,,58000,32,1,1,2,5,2,4,5,8,2,4,1,5,1,4,25-34,20-24,No,No,1
2024,38300,MI,26125.0,26125002600.0,Conventional:First Lien,Single Family (1-4 Units):Site-Built,Not Hispanic or Latino,White,Female,File closed for incompleteness,2,295000.0,87.0,7.75,,2,6500,2800,2200,1050,500,360,,,2,2,2,2,,339000,1,1,3,5,1,,82000,44,1,6,2,5,2,4,5,5,2,5,2,5,2,4,30-39,,No,,1
2024,42680,WI,55131.0,55131003201.0,FHA:First Lien,Single Family (1-4 Units):Site-Built,Hispanic or Latino,White,Male,Loan originated,1,285000.0,96.0,7.5,,1,9200,3300,2700,1200,0,360,,,2,2,2,2,,297000,1,1,3,5,1,,75000,45,1,1,1,1,1,1,5,5,1,5,1,1,1,1,30-39,25-34,No,No,1
2024,22380,FL,12057.0,12057020101.0,Conventional:First Lien,Single Family (1-4 Units):Site-Built,Not Hispanic or Latino,Asian,Male,Loan originated,2,545000.0,73.0,7.0,,2,11200,4600,3700,1800,850,360,,,2,2,2,2,,747000,1,1,3,5,1,,175000,31,1,1,2,5,2,4,2,2,2,2,2,5,2,4,40-49,35-44,No,No,1
2024,14100,FL,12021.0,12021010400.0,Conventional:Subordinate Lien,Single Family (1-4 Units):Site-Built,Hispanic or Latino,Black or African American,Female,Loan originated,4,85000.0,,8.25,2.75,2,3600,1600,1300,600,250,180,,,2,2,2,2,,580000,1,1,3,5,1,,135000,27,1,1,1,1,1,1,3,3,1,3,2,1,2,1,35-44,,No,,1
2024,19780,TX,48439.0,48439010500.0,Conventional:First Lien,Single Family (1-4 Units):Site-Built,Not Hispanic or Latino,White,Male,Application denied,2,445000.0,79.0,7.5,,2,9200,3900,3100,1500,700,360,,,2,2,2,2,,563000,1,1,3,5,1,,138000,41,1,6,2,5,2,4,5,8,2,4,1,5,2,4,45-54,35-44,No,No,1
2024,46140,UT,49011.0,49011030402.0,VA:First Lien,Single Family (1-4 Units):Site-Built,Not Hispanic or Latino,White,Female,Loan originated,1,465000.0,100.0,6.5,,1,10200,3900,3200,1400,0,360,,,2,2,2,2,,465000,1,1,3,5,1,,128000,35,1,1,2,5,2,4,5,5,2,5,2,5,1,4,35-44,30-39,No,No,1
2024,38940,MI,26099.0,26099012100.0,Conventional:First Lien,Single Family (1-4 Units):Site-Built,Not Hispanic or Latino,White,Male,Loan originated,2,385000.0,82.0,6.75,,2,8200,3500,2800,1350,650,360,,,2,2,2,2,,470000,1,1,3,5,1,,125000,37,1,1,2,5,2,4,5,8,2,4,1,5,1,4,40-49,35-44,No,No,1
2024,35620,NY,36027.0,36027009800.0,Conventional:First Lien,Single Family (1-4 Units):Site-Built,Hispanic or Latino,White,Female,Application withdrawn,2,825000.0,64.0,6.75,,2,15800,6500,5100,2500,1150,360,,,2,2,2,2,,1289000,1,1,3,5,1,,245000,26,1,6,1,1,1,1,5,5,1,5,2,1,2,1,45-54,40-49,No,No,1
2024,12020,AL,1073.0,01073020100.0,Conventional:First Lien,Single Family (1-4 Units):Site-Built,Not Hispanic or Latino,Black or African American,Male,Loan originated,2,265000.0,91.0,7.25,,2,5800,2500,2000,950,450,360,,,2,2,2,2,,291000,1,1,3,5,1,,75000,42,1,1,2,5,2,4,3,6,2,4,1,5,1,4,30-39,25-34,No,No,1
2024,38060,AZ,4013.0,0401301501.0,Conventional:Subordinate Lien,Single Family (1-4 Units):Site-Built,Not Hispanic or Latino,Asian,Male,Loan originated,3,115000.0,,8.5,3.0,2,4500,2000,1600,750,350,240,,,2,2,2,2,,680000,1,1,3,5,1,,165000,30,1,1,2,5,2,4,2,2,2,2,2,5,2,4,50-59,45-54,No,No,1
2024,41884,WA,53033.0,53033018500.0,Conventional:First Lien,Single Family (1-4 Units):Site-Built,Not Hispanic or Latino,White,Female,Loan originated,2,775000.0,66.0,6.25,,2,14800,6000,4700,2300,1050,360,,,2,2,2,2,,1174000,1,1,3,5,1,,235000,27,1,1,2,5,2,4,5,5,2,5,2,5,2,4,40-49,35-44,No,No,1
2024,45300,UT,49035.0,49035020100.0,Conventional:First Lien,Single Family (1-4 Units):Site-Built,Not Hispanic or Latino,White,Male,File closed for incompleteness,2,525000.0,71.0,7.0,,2,10800,4500,3600,1750,800,360,,,2,2,2,2,,739000,1,1,3,5,1,,165000,33,1,6,2,5,2,4,5,8,2,4,1,5,2,4,35-44,,No,,1
2024,33100,CA,6073.0,0607300800.0,FHA:First Lien,Single Family (1-4 Units):Site-Built,Hispanic or Latino,Native Hawaiian or Other Pacific Islander,Female,Loan originated,1,425000.0,95.0,7.25,,1,11800,4300,3500,1600,0,360,,,2,2,2,2,,447000,1,1,3,5,1,,105000,43,1,1,1,1,1,1,7,7,1,7,2,1,2,1,35-44,30-39,No,No,1
2024,35620,NY,36001,36001011300,Conventional:First Lien,Single Family (1-4 Units):Site-Built,Not Hispanic or Latino,White,Male,1,1,425000,80,6.75,1.5,0,8500,3000,2500,1500,500,360,0,0,2,2,2,2,,550000,1,1,5,5,1,,125000,38,1,1,2,5,2,4,5,8,2,4,1,5,45-54,35-44,No,No,1,1,
2024,31080,CA,6073,06073028300,FHA:First Lien,Single Family (1-4 Units):Site-Built,Hispanic or Latino,Black or African American,Female,1,1,380000,85,7.25,2.0,0,9500,3500,2800,1800,600,360,0,0,2,2,2,2,,450000,1,1,5,5,1,,95000,42,1,1,1,5,1,4,3,8,1,4,2,5,35-44,25-34,No,No,1,1,
2024,16980,TX,48113,48113020800,VA:First Lien,Single Family (1-4 Units):Site-Built,Not Hispanic or Latino,Asian,Male,1,1,315000,90,6.5,1.0,0,7200,2800,2200,1200,400,360,0,0,2,2,2,2,,350000,1,1,5,5,1,,110000,28,1,1,2,5,2,4,2,8,2,4,1,5,55-64,45-54,Yes,No,1,1,
2024,19100,FL,12086,12086008900,Conventional:Subordinate Lien,Single Family (1-4 Units):Site-Built,Hispanic or Latino,White,Female,1,1,75000,70,8.0,2.5,0,3200,1500,1200,800,200,180,0,0,2,2,2,2,,110000,1,1,5,5,1,,65000,45,1,1,1,5,1,4,5,8,1,4,2,5,25-34,25-34,No,No,1,1,
2024,26420,IL,17031,17031003100,Conventional:First Lien,Single Family (1-4 Units):Site-Built,Not Hispanic or Latino,White,Male,1,1,525000,75,6.25,1.25,0,9800,3600,2900,1900,700,360,0,0,2,2,2,2,,700000,1,1,5,5,1,,175000,32,1,1,2,5,2,4,5,8,2,4,1,5,35-44,35-44,No,No,1,1,
2024,38060,OH,39017,39017004500,FHA:First Lien,Single Family (1-4 Units):Site-Built,Not Hispanic or Latino,Black or African American,Female,1,1,245000,88,7.0,2.0,0,7800,2900,2300,1400,500,360,0,0,2,2,2,2,,280000,1,1,5,5,1,,75000,40,1,1,2,5,2,4,3,8,2,4,1,5,45-54,35-44,No,No,1,1,
2024,12060,PA,42003,42003002200,Conventional:First Lien,Single Family (1-4 Units):Site-Built,Not Hispanic or Latino,White,Female,1,1,385000,82,6.5,1.75,0,8900,3200,2600,1600,600,360,0,0,2,2,2,2,,470000,1,1,5,5,1,,105000,35,1,1,2,5,2,4,5,8,2,4,1,5,55-64,55-64,Yes,Yes,1,1,
2024,14460,MI,26163,26163002100,VA:First Lien,Single Family (1-4 Units):Site-Built,Hispanic or Latino,American Indian or Alaska Native,Male,1,1,195000,92,6.75,1.5,0,6800,2500,2000,1100,400,360,0,0,2,2,2,2,,215000,1,1,5,5,1,,65000,48,1,1,1,5,1,4,1,8,1,4,1,5,25-34,25-34,No,No,1,1,
2024,33100,NC,37183,37183001400,Conventional:First Lien,Single Family (1-4 Units):Site-Built,Not Hispanic or Latino,Asian,Female,1,1,445000,78,6.0,1.0,0,8200,3000,2400,1500,550,360,0,0,2,2,2,2,,570000,1,1,5,5,1,,135000,30,1,1,2,5,2,4,2,8,2,4,1,5,35-44,35-44,No,No,1,1,
2024,19740,GA,13135,13135007800,FHA:First Lien,Single Family (1-4 Units):Site-Built,Not Hispanic or Latino,White,Male,1,1,295000,87,7.5,2.25,0,8500,3100,2500,1600,600,360,0,0,2,2,2,2,,340000,1,1,5,5,1,,85000,43,1,1,2,5,2,4,5,8,2,4,1,5,45-54,35-44,No,No,1,1,
2024,42660,WA,53033,53033022100,Conventional:Subordinate Lien,Single Family (1-4 Units):Site-Built,Not Hispanic or Latino,White,Female,1,1,95000,65,7.75,2.0,0,3800,1700,1300,900,300,240,0,0,2,2,2,2,,150000,1,1,5,5,1,,85000,52,1,1,2,5,2,4,5,8,2,4,1,5,55-64,45-54,Yes,No,1,1,
2024,38060,OH,39035,39035011200,Conventional:First Lien,Single Family (1-4 Units):Site-Built,Hispanic or Latino,Black or African American,Male,1,1,285000,83,6.75,1.5,0,8100,2900,2300,1400,500,360,0,0,2,2,2,2,,345000,1,1,5,5,1,,95000,38,1,1,1,5,1,4,3,8,1,4,1,5,35-44,25-34,No,No,1,1,
2024,12060,PA,42007,42007004500,VA:First Lien,Single Family (1-4 Units):Site-Built,Not Hispanic or Latino,White,Female,1,1,375000,85,6.25,1.0,0,7600,2800,2200,1300,450,360,0,0,2,2,2,2,,440000,1,1,5,5,1,,115000,29,1,1,2,5,2,4,5,8,2,4,1,5,35-44,35-44,No,No,1,1,
2024,35620,NY,36005,36005009700,Conventional:First Lien,Single Family (1-4 Units):Site-Built,Not Hispanic or Latino,Asian,Male,1,1,685000,70,5.75,0.75,0,10500,4000,3200,2100,800,360,0,0,2,2,2,2,,975000,1,1,5,5,1,,225000,25,1,1,2,5,2,4,2,8,2,4,1,5,45-54,45-54,No,No,1,1,
2024,31080,CA,6071,06071008400,FHA:First Lien,Single Family (1-4 Units):Site-Built,Hispanic or Latino,White,Female,1,1,425000,90,7.75,2.5,0,9800,3600,2900,1800,650,360,0,0,2,2,2,2,,475000,1,1,5,5,1,,105000,44,1,1,1,5,1,4,5,8,1,4,2,5,25-34,25-34,No,No,1,1,
2024,16980,TX,48121,48121020300,Conventional:First Lien,Single Family (1-4 Units):Site-Built,Not Hispanic or Latino,White,Male,1,1,365000,80,6.5,1.25,0,8700,3100,2500,1500,600,360,0,0,2,2,2,2,,455000,1,1,5,5,1,,125000,33,1,1,2,5,2,4,5,8,2,4,1,5,45-54,35-44,No,No,1,1,
2024,19100,FL,12095,12095011700,Conventional:Subordinate Lien,Single Family (1-4 Units):Site-Built,Hispanic or Latino,Black or African American,Female,1,1,125000,75,8.25,3.0,0,4200,1900,1500,1000,350,180,0,0,2,2,2,2,,170000,1,1,5,5,1,,75000,55,1,1,1,5,1,4,3,8,1,4,2,5,35-44,35-44,No,No,1,1,
2024,26420,IL,17043,17043006500,Conventional:First Lien,Single Family (1-4 Units):Site-Built,Not Hispanic or Latino,White,Female,1,1,485000,77,6.0,1.0,0,9100,3300,2700,1700,650,360,0,0,2,2,2,2,,630000,1,1,5,5,1,,155000,31,1,1,2,5,2,4,5,8,2,4,1,5,35-44,35-44,No,No,1,1,
2024,38060,OH,39045,39045008900,FHA:First Lien,Single Family (1-4 Units):Site-Built,Not Hispanic or Latino,Black or African American,Male,1,1,215000,89,7.25,2.25,0,7400,2700,2100,1200,450,360,0,0,2,2,2,2,,242000,1,1,5,5,1,,68000,46,1,1,2,5,2,4,3,8,2,4,1,5,25-34,25-34,No,No,1,1,
2024,12060,PA,42015,42015023400,VA:First Lien,Single Family (1-4 Units):Site-Built,Not Hispanic or Latino,White,Male,1,1,325000,88,6.75,1.5,0,7900,2900,2300,1400,500,360,0,0,2,2,2,2,,370000,1,1,5,5,1,,95000,40,1,1,2,5,2,4,5,8,2,4,1,5,45-54,35-44,No,No,1,1,
2024,14460,MI,26125,26125015600,Conventional:First Lien,Single Family (1-4 Units):Site-Built,Hispanic or Latino,White,Female,1,1,255000,84,7.0,1.75,0,7800,2800,2200,1300,500,360,0,0,2,2,2,2,,305000,1,1,5,5,1,,80000,39,1,1,1,5,1,4,5,8,1,4,2,5,35-44,25-34,No,No,1,1,
2024,33100,NC,37129,37129008700,Conventional:First Lien,Single Family (1-4 Units):Site-Built,Not Hispanic or Latino,Asian,Male,1,1,395000,82,6.25,1.25,0,8400,3000,2400,1500,550,360,0,0,2,2,2,2,,480000,1,1,5,5,1,,125000,32,1,1,2,5,2,4,2,8,2,4,1,5,45-54,35-44,No,No,1,1,
2024,19740,GA,13089,13089004500,FHA:First Lien,Single Family (1-4 Units):Site-Built,Not Hispanic or Latino,Black or African American,Female,1,1,275000,91,7.5,2.5,0,8200,3000,2400,1500,550,360,0,0,2,2,2,2,,302000,1,1,5,5,1,,82000,45,1,1,2,5,2,4,3,8,2,4,1,5,25-34,25-34,No,No,1,1,
2024,42660,WA,53053,53053012800,Conventional:Subordinate Lien,Single Family (1-4 Units):Site-Built,Not Hispanic or Latino,White,Male,1,1,165000,68,7.5,2.25,0,4800,2100,1600,1100,400,240,0,0,2,2,2,2,,245000,1,1,5,5,1,,95000,48,1,1,2,5,2,4,5,8,2,4,1,5,55-64,45-54,Yes,No,1,1,
2024,38060,OH,39061,39061023400,Conventional:First Lien,Single Family (1-4 Units):Site-Built,Hispanic or Latino,Black or African American,Female,1,1,305000,86,6.75,1.5,0,8300,3000,2400,1500,550,360,0,0,2,2,2,2,,355000,1,1,5,5,1,,98000,41,1,1,1,5,1,4,3,8,1,4,2,5,35-44,35-44,No,No,1,1,
2024,12060,PA,42017,42017008900,VA:First Lien,Single Family (1-4 Units):Site-Built,Not Hispanic or Latino,White,Female,1,1,405000,83,6.0,1.0,0,8400,3100,2500,1600,600,360,0,0,2,2,2,2,,490000,1,1,5,5,1,,130000,30,1,1,2,5,2,4,5,8,2,4,1,5,35-44,35-44,No,No,1,1,
2024,35620,NY,36081,36081004500,Conventional:First Lien,Single Family (1-4 Units):Site-Built,Not Hispanic or Latino,Asian,Female,1,1,595000,72,5.875,0.875,0,10200,3800,3000,2000,750,360,0,0,2,2,2,2,,825000,1,1,5,5,1,,185000,27,1,1,2,5,2,4,2,8,2,4,1,5,45-54,45-54,No,No,1,1,
2024,31080,CA,6073,06073015600,FHA:First Lien,Single Family (1-4 Units):Site-Built,Hispanic or Latino,White,Male,1,1,465000,88,7.875,2.75,0,9400,3400,2700,1700,600,360,0,0,2,2,2,2,,530000,1,1,5,5,1,,115000,42,1,1,1,5,1,4,5,8,1,4,1,5,25-34,25-34,No,No,1,1,
2024,16980,TX,48453,48453007800,Conventional:First Lien,Single Family (1-4 Units):Site-Built,Not Hispanic or Latino,White,Female,1,1,415000,78,6.375,1.125,0,8800,3200,2600,1600,650,360,0,0,2,2,2,2,,535000,1,1,5,5,1,,140000,34,1,1,2,5,2,4,5,8,2,4,1,5,35-44,35-44,No,No,1,1,
2024,19100,FL,12011,12011023400,Conventional:Subordinate Lien,Single Family (1-4 Units):Site-Built,Hispanic or Latino,Black or African American,Male,1,1,145000,72,8.125,2.75,0,4600,2000,1500,1000,350,180,0,0,2,2,2,2,,205000,1,1,5,5,1,,85000,53,1,1,1,5,1,4,3,8,1,4,1,5,35-44,35-44,No,No,1,1,
2024,26420,IL,17097,17097011200,Conventional:First Lien,Single Family (1-4 Units):Site-Built,Not Hispanic or Latino,White,Male,1,1,555000,74,6.125,1.0,0,9600,3500,2800,1800,700,360,0,0,2,2,2,2,,750000,1,1,5,5,1,,165000,29,1,1,2,5,2,4,5,8,2,4,1,5,45-54,35-44,No,No,1,1,
2024,38060,OH,39035,39035016700,FHA:First Lien,Single Family (1-4 Units):Site-Built,Not Hispanic or Latino,Black or African American,Female,1,1,235000,90,7.375,2.375,0,7600,2800,2200,1300,450,360,0,0,2,2,2,2,,262000,1,1,5,5,1,,72000,47,1,1,2,5,2,4,3,8,2,4,1,5,25-34,25-34,No,No,1,1,
2024,12060,PA,42003,42003015600,VA:First Lien,Single Family (1-4 Units):Site-Built,Not Hispanic or Latino,White,Male,1,1,355000,86,6.5,1.25,0,8100,2900,2300,1400,500,360,0,0,2,2,2,2,,415000,1,1,5,5,1,,105000,37,1,1,2,5,2,4,5,8,2,4,1,5,45-54,35-44,No,No,1,1,
2024,14460,MI,26163,26163008900,Conventional:First Lien,Single Family (1-4 Units):Site-Built,Hispanic or Latino,White,Female,1,1,275000,81,6.875,1.625,0,7900,2800,2200,1300,500,360,0,0,2,2,2,2,,340000,1,1,5,5,1,,85000,38,1,1,1,5,1,4,5,8,1,4,2,5,35-44,25-34,No,No,1,1,
2024,33100,NC,37183,37183004500,Conventional:First Lien,Single Family (1-4 Units):Site-Built,Not Hispanic or Latino,Asian,Male,1,1,425000,80,6.125,1.125,0,8600,3100,2500,1600,600,360,0,0,2,2,2,2,,530000,1,1,5,5,1,,135000,33,1,1,2,5,2,4,2,8,2,4,1,5,35-44,35-44,No,No,1,1,
2024,19740,GA,13151,13151020300,FHA:First Lien,Single Family (1-4 Units):Site-Built,Not Hispanic or Latino,Black or African American,Male,1,1,295000,89,7.625,2.625,0,8400,3000,2400,1500,550,360,0,0,2,2,2,2,,332000,1,1,5,5,1,,88000,44,1,1,2,5,2,4,3,8,2,4,1,5,25-34,25-34,No,No,1,1,
2024,42660,WA,53033,53033008900,Conventional:Subordinate Lien,Single Family (1-4 Units):Site-Built,Not Hispanic or Latino,White,Female,1,1,185000,66,7.875,2.5,0,5200,2300,1800,1200,450,240,0,0,2,2,2,2,,285000,1,1,5,5,1,,105000,51,1,1,2,5,2,4,5,8,2,4,1,5,55-64,45-54,Yes,No,1,1,
2024,38060,OH,39017,39017012300,Conventional:First Lien,Single Family (1-4 Units):Site-Built,Hispanic or Latino,Black or African American,Male,1,1,325000,84,6.625,1.375,0,8500,3000,2400,1500,550,360,0,0,2,2,2,2,,385000,1,1,5,5,1,,105000,36,1,1,1,5,1,4,3,8,1,4,1,5,35-44,35-44,No,No,1,1,
2024,12060,PA,42045,42045016700,VA:First Lien,Single Family (1-4 Units):Site-Built,Not Hispanic or Latino,White,Female,1,1,435000,81,6.25,1.0,0,8800,3200,2600,1600,650,360,0,0,2,2,2,2,,535000,1,1,5,5,1,,145000,31,1,1,2,5,2,4,5,8,2,4,1,5,35-44,35-44,No,No,1,1,
2024,35620,NY,36047,36047008900,Conventional:First Lien,Single Family (1-4 Units):Site-Built,Not Hispanic or Latino,Asian,Male,1,1,725000,69,5.625,0.625,0,11200,4200,3400,2200,850,360,0,0,2,2,2,2,,1050000,1,1,5,5,1,,220000,24,1,1,2,5,2,4,2,8,2,4,1,5,45-54,45-54,No,No,1,1,
2024,31080,CA,6065,06065023400,FHA:First Lien,Single Family (1-4 Units):Site-Built,Hispanic or Latino,White,Female,1,1,485000,87,7.75,2.5,0,9700,3500,2800,1800,650,360,0,0,2,2,2,2,,555000,1,1,5,5,1,,125000,41,1,1,1,5,1,4,5,8,1,4,2,5,25-34,25-34,No,No,1,1,
2024,16980,TX,48201,48201014500,Conventional:First Lien,Single Family (1-4 Units):Site-Built,Not Hispanic or Latino,White,Male,1,1,465000,76,6.25,1.0,0,9200,3300,2700,1700,700,360,0,0,2,2,2,2,,610000,1,1,5,5,1,,155000,30,1,1,2,5,2,4,5,8,2,4,1,5,45-54,35-44,No,No,1,1,
2024,19100,FL,12057,12057018900,Conventional:Subordinate Lien,Single Family (1-4 Units):Site-Built,Hispanic or Latino,Black or African American,Female,1,1,165000,73,8.0,2.625,0,5000,2200,1700,1100,400,180,0,0,2,2,2,2,,225000,1,1,5,5,1,,95000,49,1,1,1,5,1,4,3,8,1,4,2,5,35-44,35-44,No,No,1,1,
2024,26420,IL,17113,17113007800,Conventional:First Lien,Single Family (1-4 Units):Site-Built,Not Hispanic or Latino,White,Male,1,1,615000,73,6.0,1.0,0,10300,3700,3000,1900,750,360,0,0,2,2,2,2,,840000,1,1,5,5,1,,185000,27,1,1,2,5,2,4,5,8,2,4,1,5,45-54,35-44,No,No,1,1,
2024,35620,CA,6075.0,6075049302.0,Conventional:First Lien,Single Family (1-4 Units):Site-Built,Not Hispanic or Latino,Asian,Male,Loan originated,1,425000.0,80.0,6.75,2.1,2,8500,2500,3500,1500,500,360,0,0,2,2,2,2,,520000,1,1,3,3,1,,125000,38,1,1,2,2,1,1,2,2,1,1,1,2,1,1,45-54,35-44,No,No,1
2024,16980,TX,4803.0,4803019501.0,FHA-insured:First Lien,Single Family (1-4 Units):Site-Built,Hispanic or Latino,White,Female,Loan originated,1,310000.0,95.0,7.0,1.8,2,9500,3200,4000,1200,700,360,0,0,2,2,2,2,,325000,1,1,3,3,1,,78000,42,1,1,1,1,1,1,5,5,1,1,2,2,1,1,35-44,25-34,No,No,1
2024,31080,FL,12011.0,12011008301.0,VA-guaranteed:First Lien,Single Family (1-4 Units):Site-Built,Not Hispanic or Latino,Black or African American,Male,Application denied,1,290000.0,88.0,7.25,2.3,2,0,0,0,0,0,360,0,0,2,2,2,2,,330000,1,1,3,3,1,,85000,45,1,6,2,6,1,3,6,1,3,1,1,1,1,25-34,9999,No,,1,2
2024,19100,IL,17031.0,17031814502.0,Conventional:Subordinate Lien,Single Family (1-4 Units):Site-Built,Not Hispanic or Latino,White,Female,Loan originated,3,75000.0,15.0,8.0,3.1,2,3500,1500,2000,800,300,180,0,0,2,2,2,2,,485000,1,1,3,3,1,,155000,22,1,6,2,6,1,5,6,1,5,2,6,1,6,55-64,9999,Yes,,1,1
2024,26420,NY,36005.0,36005950100.0,Conventional:First Lien,Single Family (1-4 Units):Site-Built,Hispanic or Latino,White,Male,Loan originated,1,565000.0,75.0,6.5,1.9,2,12000,3800,5500,2200,1200,360,0,0,2,2,2,2,,750000,1,1,3,3,1,,180000,28,1,1,1,2,1,1,5,5,1,5,1,2,1,1,35-44,35-44,No,No,1
2024,38060,OH,39035.0,39035160200.0,USDA:First Lien,Single Family (1-4 Units):Site-Built,Not Hispanic or Latino,American Indian or Alaska Native,Female,Loan originated,1,185000.0,98.0,6.25,1.5,2,5500,1800,2500,1000,500,360,0,0,2,2,2,2,,190000,1,1,3,3,1,,52000,35,1,6,2,6,1,3,6,1,3,2,1,1,1,45-54,9999,No,,1,1
2024,41860,PA,42003.0,42003002800.0,Conventional:First Lien,Single Family (1-4 Units):Site-Built,Not Hispanic or Latino,Native Hawaiian or Other Pacific Islander,Male,Application withdrawn,1,395000.0,82.0,7.1,2.2,2,0,0,0,0,0,360,0,0,2,2,2,2,,480000,1,1,3,3,1,,105000,40,1,6,2,6,1,8,6,1,8,1,1,1,1,65-74,9999,Yes,,2,2
2024,12060,AZ,4013.0,4013132301.0,Conventional:First Lien,Single Family (1-4 Units):Site-Built,Not Hispanic or Latino,Asian,Female,Loan originated,1,480000.0,70.0,6.9,2.0,2,10500,3200,4800,2000,800,360,0,0,2,2,2,2,,685000,1,1,3,3,1,,165000,25,1,1,2,2,1,1,2,2,1,2,2,2,1,2,35-44,30,No,No,1
2024,14460,MI,26049.0,26049021001.0,FHA-insured:First Lien,Single Family (1-4 Units):Site-Built,Hispanic or Latino,Black or African American,Female,Loan originated,1,225000.0,92.0,7.15,2.4,2,7200,2400,3200,1300,600,360,0,0,2,2,2,2,,245000,1,1,3,3,1,,65000,44,1,1,1,1,1,1,3,3,1,3,2,2,1,1,25-34,25-34,No,No,1
2024,33100,NC,37183.0,37183050502.0,Conventional:First Lien,Single Family (1-4 Units):Site-Built,Not Hispanic or Latino,White,Male,Loan originated,1,350000.0,78.0,6.8,1.8,2,8000,2600,3600,1400,700,360,0,0,2,2,2,2,,450000,1,1,3,3,1,,95000,32,1,1,2,2,1,1,5,5,1,5,1,2,1,1,45-54,40-49,No,No,1
2024,42680,OH,39113.0,39113001801.0,Conventional:Subordinate Lien,Single Family (1-4 Units):Site-Built,Not Hispanic or Latino,White,Female,File closed for incompleteness,32,125000.0,25.0,8.5,3.5,2,0,0,0,0,0,240,0,0,2,2,2,2,,495000,1,1,3,3,1,,130000,20,1,6,2,6,1,5,6,1,5,2,6,1,6,35-44,9999,No,,1,1
2024,19740,WA,53033.0,53033022301.0,Conventional:First Lien,Single Family (1-4 Units):Site-Built,Not Hispanic or Latino,Asian,Male,Loan originated,1,625000.0,68.0,6.6,1.7,2,13500,4200,6000,2500,1100,360,0,0,2,2,2,2,,920000,1,1,3,3,1,,195000,26,1,1,2,2,1,1,2,2,1,2,1,2,1,1,35-44,30-39,No,No,1
2024,45300,TX,48113.0,48113010805.0,VA-guaranteed:First Lien,Single Family (1-4 Units):Site-Built,Hispanic or Latino,White,Male,Loan originated,1,415000.0,96.0,6.95,2.1,2,9800,3100,4500,1800,900,360,0,0,2,2,2,2,,435000,1,1,3,3,1,,105000,41,1,6,1,2,1,1,5,1,5,1,1,1,1,25-34,9999,No,,1,1
2024,29540,NV,32003.0,32003090502.0,Conventional:First Lien,Single Family (1-4 Units):Site-Built,Not Hispanic or Latino,White,Female,Application denied,1,485000.0,85.0,7.4,2.6,2,0,0,0,0,0,360,0,0,2,2,2,2,,570000,1,1,3,3,1,,125000,48,1,6,2,6,1,5,6,1,5,2,2,1,2,45-54,35-44,No,No,3,2
2024,38300,OH,39061.0,39061006302.0,FHA-insured:First Lien,Single Family (1-4 Units):Site-Built,Hispanic or Latino,Black or African American,Male,Loan originated,1,195000.0,94.0,7.05,2.2,2,6500,2100,2800,1100,500,360,0,0,2,2,2,2,,208000,1,1,3,3,1,,58000,46,1,1,1,1,1,1,3,3,1,3,1,1,1,1,35-44,30,No,No,1
2024,12060,AZ,4013.0,4013132400.0,Conventional:First Lien,Single Family (1-4 Units):Site-Built,Not Hispanic or Latino,Asian,Female,Loan originated,1,520000.0,72.0,6.85,1.9,2,11200,3500,5200,2100,950,360,0,0,2,2,2,2,,720000,1,1,3,3,1,,175000,24,1,1,2,2,1,1,2,2,1,2,2,2,1,2,30,28,No,No,1
2024,35620,CA,6075.0,6075049501.0,Conventional:Subordinate Lien,Single Family (1-4 Units):Site-Built,Not Hispanic or Latino,White,Male,Loan originated,4,95000.0,12.0,8.25,3.3,2,4200,1600,2100,900,400,180,0,0,2,2,2,2,,780000,1,1,3,3,1,,220000,18,1,6,2,6,1,5,6,1,5,1,6,1,6,50-59,9999,No,,1,1
2024,16980,TX,48015.0,48015010701.0,Conventional:First Lien,Single Family (1-4 Units):Site-Built,Hispanic or Latino,White,Female,Loan originated,1,385000.0,83.0,7.2,2.4,2,8800,2900,3900,1600,800,360,0,0,2,2,2,2,,465000,1,1,3,3,1,,110000,38,1,1,1,1,1,1,5,5,1,5,2,1,1,1,40-49,35-44,No,No,1
2024,33100,NC,37135.0,37135080202.0,USDA:First Lien,Single Family (1-4 Units):Site-Built,Not Hispanic or Latino,American Indian or Alaska Native,Female,Loan originated,1,175000.0,97.0,6.35,1.4,2,5200,1700,2300,950,450,360,0,0,2,2,2,2,,180000,1,1,3,3,1,,48000,33,1,6,2,6,1,3,6,1,3,2,1,1,1,35-44,9999,No,,1,1
2024,14460,MI,26163.0,26163009101.0,Conventional:First Lien,Single Family (1-4 Units):Site-Built,Not Hispanic or Latino,Black or African American,Male,Application approved but not accepted,1,275000.0,79.0,6.9,2.0,2,0,0,0,0,0,360,0,0,2,2,2,2,,348000,1,1,3,3,1,,85000,36,1,6,2,3,1,3,6,1,3,1,3,1,3,30,25-34,No,No,2,1
2024,38060,OH,39035.0,39035004201.0,Conventional:First Lien,Single Family (1-4 Units):Site-Built,Not Hispanic or Latino,White,Male,Loan originated,1,315000.0,76.0,6.75,1.8,2,7500,2400,3300,1300,650,360,0,0,2,2,2,2,,415000,1,1,3,3,1,,92000,30,1,1,2,2,1,1,5,5,1,5,1,2,1,1,40-49,35-44,No,No,1
2024,29540,NV,32003.0,32003080401.0,Conventional:First Lien,Single Family (1-4 Units):Site-Built,Not Hispanic or Latino,Asian,Female,Loan originated,1,580000.0,74.0,6.95,2.1,2,12500,3900,5600,2300,1050,360,0,0,2,2,2,2,,785000,1,1,3,3,1,,185000,27,1,1,2,2,1,1,2,2,1,2,2,2,1,2,35-44,30-39,No,No,1
2024,19740,WA,53061.0,53061020601.0,VA-guaranteed:First Lien,Single Family (1-4 Units):Site-Built,Not Hispanic or Latino,Native Hawaiian or Other Pacific Islander,Male,Loan originated,1,495000.0,98.0,7.0,2.0,2,10800,3400,4800,1900,950,360,0,0,2,2,2,2,,505000,1,1,3,3,1,,115000,39,1,6,2,6,1,8,6,1,8,1,6,1,6,30,9999,No,,1,1
2024,45300,TX,48121.0,48121030402.0,FHA-insured:First Lien,Single Family (1-4 Units):Site-Built,Hispanic or Latino,Black or African American,Female,Loan originated,1,265000.0,93.0,7.1,2.3,2,7800,2500,3400,1400,700,360,0,0,2,2,2,2,,285000,1,1,3,3,1,,72000,43,1,1,1,1,1,1,3,3,1,3,2,1,1,1,30,25-34,No,No,1
2024,35620,CA,6075.0,6075050100.0,Conventional:First Lien,Single Family (1-4 Units):Site-Built,Not Hispanic or Latino,White,Male,Application denied,1,850000.0,78.0,7.3,2.5,2,0,0,0,0,0,360,0,0,2,2,2,2,,1090000,1,1,3,3,1,,250000,32,1,6,2,6,1,5,6,1,5,1,6,1,6,45-54,9999,No,,1,2
2024,16980,TX,48091.0,48091010501.0,Conventional:Subordinate Lien,Single Family (1-4 Units):Site-Built,Hispanic or Latino,White,Female,Loan originated,2,65000.0,18.0,8.75,3.8,2,3200,1200,1600,700,300,180,0,0,2,2,2,2,,365000,1,1,3,3,1,,95000,21,1,6,1,6,1,5,6,1,5,2,6,1,6,35-44,9999,No,,1,1
2024,33100,NC,37063.0,37063010800.0,Conventional:First Lien,Single Family (1-4 Units):Site-Built,Not Hispanic or Latino,Asian,Male,Loan originated,1,425000.0,81.0,6.8,1.9,2,9200,3000,4200,1700,850,360,0,0,2,2,2,2,,525000,1,1,3,3,1,,135000,29,1,1,2,2,1,1,2,2,1,2,1,2,1,1,40-49,35-44,No,No,1
2024,14460,MI,26099.0,26099016102.0,USDA:First Lien,Single Family (1-4 Units):Site-Built,Not Hispanic or Latino,American Indian or Alaska Native,Female,Loan originated,1,165000.0,96.0,6.4,1.6,2,4800,1500,2000,850,400,360,0,0,2,2,2,2,,172000,1,1,3,3,1,,45000,34,1,6,2,6,1,3,6,1,3,2,1,1,1,30,9999,No,,1,1
2024,38060,OH,39043.0,39043004700.0,Conventional:First Lien,Single Family (1-4 Units):Site-Built,Not Hispanic or Latino,Black or African American,Male,Loan originated,1,285000.0,77.0,6.9,2.0,2,6800,2200,3000,1200,600,360,0,0,2,2,2,2,,370000,1,1,3,3,1,,82000,31,1,1,2,3,1,3,3,3,1,3,1,3,1,1,35-44,30-39,No,No,1
2024,29540,NV,32005.0,32005090203.0,Conventional:First Lien,Single Family (1-4 Units):Site-Built,Not Hispanic or Latino,White,Female,Application withdrawn,1,520000.0,86.0,7.5,2.7,2,0,0,0,0,0,360,0,0,2,2,2,2,,605000,1,1,3,3,1,,140000,45,1,6,2,6,1,5,6,1,5,2,2,1,2,40-49,30-39,No,No,2,2
2024,19740,WA,53033.0,53033031502.0,VA-guaranteed:First Lien,Single Family (1-4 Units):Site-Built,Not Hispanic or Latino,Asian,Male,Loan originated,1,675000.0,97.0,7.1,2.2,2,14200,4500,6200,2500,1200,360,0,0,2,2,2,2,,695000,1,1,3,3,1,,160000,36,1,6,2,6,1,2,6,1,2,1,6,1,6,35-44,9999,No,,1,1
2024,45300,TX,48439.0,48439030401.0,FHA-insured:First Lien,Single Family (1-4 Units):Site-Built,Hispanic or Latino,White,Female,Loan originated,1,345000.0,91.0,7.0,2.1,2,8600,2700,3700,1500,750,360,0,0,2,2,2,2,,380000,1,1,3,3,1,,88000,42,1,1,1,1,1,1,5,5,1,5,2,1,1,1,30,25-34,No,No,1
2024,35620,CA,6075.0,6075061200.0,Conventional:First Lien,Single Family (1-4 Units):Site-Built,Not Hispanic or Latino,Asian,Female,Loan originated,1,750000.0,73.0,6.7,1.8,2,15500,4800,7000,2800,1300,360,0,0,2,2,2,2,,1025000,1,1,3,3,1,,225000,23,1,1,2,2,1,1,2,2,1,2,2,2,1,2,40-49,35-44,No,No,1
2024,16980,TX,48113.0,48113021205.0,Conventional:Subordinate Lien,Single Family (1-4 Units):Site-Built,Hispanic or Latino,Black or African American,Male,Loan originated,2,85000.0,22.0,8.5,3.4,2,3800,1400,1900,800,350,180,0,0,2,2,2,2,,385000,1,1,3,3,1,,105000,19,1,6,1,1,1,3,6,1,3,1,6,1,6,30,9999,No,,1,1
2024,33100,NC,37119.0,37119040300.0,Conventional:First Lien,Single Family (1-4 Units):Site-Built,Not Hispanic or Latino,White,Male,Application approved but not accepted,1,395000.0,80.0,6.85,2.0,2,0,0,0,0,0,360,0,0,2,2,2,2,,495000,1,1,3,3,1,,115000,33,1,6,2,6,1,5,6,1,5,1,6,1,6,45-54,9999,No,,2,1
2024,14460,MI,26125.0,26125007601.0,Conventional:First Lien,Single Family (1-4 Units):Site-Built,Not Hispanic or Latino,Asian,Female,Loan originated,1,475000.0,75.0,6.65,1.7,2,10200,3200,4600,1900,900,360,0,0,2,2,2,2,,635000,1,1,3,3,1,,150000,26,1,1,2,2,1,1,2,2,1,2,2,2,1,2,35-44,30-39,No,No,1
2024,38060,OH,39113.0,39113009200.0,Conventional:First Lien,Single Family (1-4 Units):Site-Built,Not Hispanic or Latino,White,Male,Loan originated,1,340000.0,74.0,6.8,1.9,2,7800,2500,3500,1400,700,360,0,0,2,2,2,2,,460000,1,1,3,3,1,,105000,28,1,1,2,2,1,1,5,5,1,5,1,2,1,1,40-49,35-44,No,No,1
2024,29540,NV,32003.0,32003070304.0,Conventional:First Lien,Single Family (1-4 Units):Site-Built,Not Hispanic or Latino,Black or African American,Female,File closed for incompleteness,32,455000.0,88.0,7.6,2.8,2,0,0,0,0,0,360,0,0,2,2,2,2,,515000,1,1,3,3,1,,125000,49,1,6,2,3,1,3,6,1,3,2,6,1,6,35-44,9999,No,,3,1
2024,19740,WA,53061.0,53061010900.0,VA-guaranteed:First Lien,Single Family (1-4 Units):Site-Built,Not Hispanic or Latino,Native Hawaiian or Other Pacific Islander,Male,Loan originated,1,525000.0,96.0,6.9,2.0,2,11500,3600,5000,2000,1000,360,0,0,2,2,2,2,,545000,1,1,3,3,1,,125000,37,1,6,2,6,1,8,6,1,8,1,6,1,6,30,9999,No,,1,1
2024,45300,TX,48157.0,48157040102.0,Conventional:First Lien,Single Family (1-4 Units):Site-Built,Hispanic or Latino,White,Female,Loan originated,1,410000.0,82.0,7.1,2.2,2,9200,2900,4000,1600,800,360,0,0,2,2,2,2,,500000,1,1,3,3,1,,115000,34,1,1,1,1,1,1,5,5,1,5,2,1,1,1,35-44,30-39,No,No,1
2024,35620,CA,6075.0,6075048100.0,Conventional:First Lien,Single Family (1-4 Units):Site-Built,Not Hispanic or Latino,Asian,Male,Application denied,1,920000.0,79.0,7.35,2.6,2,0,0,0,0,0,360,0,0,2,2,2,2,,1165000,1,1,3,3,1,,270000,31,1,6,2,6,1,2,6,1,2,1,6,1,6,50-59,9999,Yes,,1,2
2024,16980,TX,48059.0,48059020401.0,FHA-insured:First Lien,Single Family (1-4 Units):Site-Built,Hispanic or Latino,Black or African American,Male,Loan originated,1,295000.0,92.0,7.05,2.3,2,8100,2600,3500,1400,700,360,0,0,2,2,2,2,,320000,1,1,3,3,1,,75000,43,1,1,1,1,1,1,3,3,1,3,1,1,1,1,30,25-34,No,No,1
2024,33100,NC,37033.0,37033020100.0,Conventional:First Lien,Single Family (1-4 Units):Site-Built,Not Hispanic or Latino,White,Female,Loan originated,1,465000.0,78.0,6.75,1.8,2,9800,3100,4400,1800,850,360,0,0,2,2,2,2,,595000,1,1,3,3,1,,140000,29,1,1,2,2,1,1,5,5,1,5,2,2,1,2,40-49,35-44,No,No,1
2024,14460,MI,26081.0,26081009500.0,USDA:First Lien,Single Family (1-4 Units):Site-Built,Not Hispanic or Latino,American Indian or Alaska Native,Male,Loan originated,1,155000.0,95.0,6.3,1.5,2,4500,1400,1900,800,350,360,0,0,2,2,2,2,,163000,1,1,3,3,1,,42000,36,1,6,2,6,1,3,6,1,3,1,1,1,1,25-34,9999,No,,1,1
2024,38060,OH,39061.0,39061002700.0,Conventional:First Lien,Single Family (1-4 Units):Site-Built,Not Hispanic or Latino,Black or African American,Female,Loan originated,1,310000.0,76.0,6.85,1.9,2,7200,2300,3200,1300,650,360,0,0,2,2,2,2,,405000,1,1,3,3,1,,98000,30,1,1,2,3,1,3,3,3,1,3,2,3,1,2,35-44,30-39,No,No,1
2024,29540,NV,32005.0,32005060102.0,Conventional:First Lien,Single Family (1-4 Units):Site-Built,Not Hispanic or Latino,White,Male,Application withdrawn,1,625000.0,84.0,7.4,2.6,2,0,0,0,0,0,360,0,0,2,2,2,2,,745000,1,1,3,3,1,,165000,42,1,6,2,6,1,5,6,1,5,1,2,1,2,45-54,40-49,No,No,2,2
2024,19740,WA,53033.0,53033041801.0,VA-guaranteed:First Lien,Single Family (1-4 Units):Site-Built,Not Hispanic or Latino,Asian,Female,Loan originated,1,725000.0,98.0,7.2,2.3,2,15200,4800,6800,2700,1300,360,0,0,2,2,2,2,,740000,1,1,3,3,1,,175000,38,1,6,2,6,1,2,6,1,2,2,6,1,6,35-44,9999,No,,1,1
2024,45300,TX,48245.0,48245010203.0,Conventional:Subordinate Lien,Single Family (1-4 Units):Site-Built,Hispanic or Latino,White,Male,Loan originated,2,110000.0,20.0,8.6,3.6,2,4800,1800,2400,1000,450,180,0,0,2,2,2,2,,550000,1,1,3,3,1,,135000,17,1,6,1,1,1,5,6,1,5,1,6,1,6,40-49,9999,No,,1,1
2024,35620,CA,6075.0,6075052000.0,Conventional:First Lien,Single Family (1-4 Units):Site-Built,Not Hispanic or Latino,Asian,Male,Loan originated,1,825000.0,71.0,6.8,1.9,2,16800,5200,7400,3000,1400,360,0,0,2,2,2,2,,1160000,1,1,3,3,1,,285000,24,1,1,2,2,1,1,2,2,1,2,1,2,1,1,45-54,40-49,No,No,1
2024,16980,TX,48021.0,480,,,,,,,,,,,,,,,,,,,,,,,,,,,,,,,,,,,,,,,,,,,,,,,,,,,,,
2024,35620,CA,37.0,376592200.0,Conventional:First Lien,Single Family (1-4 Units):Site-Built,Not Hispanic or Latino,Asian,Male,Loan originated,1,425000.0,80.0,6.75,2.3,0,8500,2500,3500,1500,1000,360,0,0,2,2,2,2,425000,1,1,3,5,1,,125000,38,1,1,2,2,2,2,2,2,2,2,1,1,2,2,35-44,30-34,No,No,1,1
2024,16980,TX,201.0,48439120400.0,FHA-insured:First Lien,Single Family (1-4 Units):Site-Built,Hispanic or Latino,Black or African American,Female,Loan originated,1,315000.0,96.5,7.0,1.8,0,9500,3200,4000,1800,1200,360,0,0,2,2,2,2,315000,1,1,3,5,1,,85000,42,1,1,1,1,1,1,3,3,1,1,2,2,1,1,25-34,25-34,No,No,1,1
2024,38060,OH,35.0,3915351200.0,Conventional:First Lien,Single Family (1-4 Units):Site-Built,Not Hispanic or Latino,White,Male,Application denied,1,185000.0,85.0,7.5,2.9,0,7200,1800,2800,1200,800,180,0,0,2,2,2,2,185000,1,1,3,5,1,,65000,45,1,1,2,2,2,2,5,5,2,2,1,1,2,2,45-54,9999,No,9999,1,1
2024,12060,AL,73.0,1073022400.0,VA-guaranteed:First Lien,Single Family (1-4 Units):Site-Built,Not Hispanic or Latino,White,Female,Loan originated,1,275000.0,100.0,6.5,1.5,0,6800,1500,2500,1000,500,360,0,0,2,2,2,2,275000,1,1,3,5,1,,78000,35,1,1,2,2,2,2,5,5,2,2,2,2,1,1,30-34,35-39,No,No,1,1
2024,41860,PA,29.0,42101430100.0,Conventional:Subordinate Lien,Single Family (1-4 Units):Site-Built,Not Hispanic or Latino,White,Male,Loan originated,32,45000.0,,7.8,3.2,0,3200,1200,1500,800,400,180,0,0,2,2,2,2,45000,1,1,3,5,1,,95000,28,1,1,2,2,2,2,5,5,2,2,1,1,2,2,35-39,30-34,No,No,1,1
2024,31080,IL,31.0,17031819700.0,Conventional:First Lien,Single Family (1-4 Units):Site-Built,Hispanic or Latino,White,Male,Application withdrawn,1,395000.0,75.0,6.9,2.1,0,7800,2200,3200,1400,900,360,0,0,2,2,2,2,395000,1,1,3,5,1,,115000,32,1,1,1,1,1,1,5,5,1,1,1,1,1,1,40-44,35-39,No,No,1,1
2024,26420,FL,57.0,12057011300.0,Conventional:First Lien,Single Family (1-4 Units):Site-Built,Not Hispanic or Latino,Black or African American,Female,Loan originated,1,520000.0,70.0,7.2,2.5,0,11200,3200,4200,1800,1200,360,0,0,2,2,2,2,520000,1,1,3,5,1,,165000,29,1,1,2,2,2,2,3,3,2,2,2,2,1,1,35-39,30-34,No,No,1,1
2024,19740,NY,5.0,3605951000.0,Conventional:First Lien,Single Family (1-4 Units):Site-Built,Not Hispanic or Latino,Asian,Female,Loan originated,1,650000.0,65.0,6.4,1.9,0,13500,3800,5000,2200,1500,360,0,0,2,2,2,2,650000,1,1,3,5,1,,220000,25,1,1,2,2,2,2,2,2,2,2,2,2,1,1,30-34,28,No,No,1,1
2024,42660,AZ,13.0,4013020800.0,FHA-insured:First Lien,Single Family (1-4 Units):Site-Built,Hispanic or Latino,American Indian or Alaska Native,Male,Application denied,1,285000.0,95.0,7.3,2.4,0,8800,2800,3600,1600,1000,360,0,0,2,2,2,2,285000,1,1,3,5,1,,68000,48,1,1,1,1,1,1,1,1,1,1,1,1,1,1,25-34,9999,No,9999,1,1
2024,14460,CO,59.0,8059004000.0,Conventional:First Lien,Single Family (1-4 Units):Site-Built,Not Hispanic or Latino,White,Male,Loan originated,1,485000.0,78.0,6.8,2.0,0,9200,2600,3600,1600,1000,360,0,0,2,2,2,2,485000,1,1,3,5,1,,135000,33,1,1,2,2,2,2,5,5,2,2,1,1,2,2,40-44,35-39,No,No,1,1
2024,38900,OH,35.0,3915351200.0,Conventional:First Lien,Single Family (1-4 Units):Site-Built,Not Hispanic or Latino,White,Female,File closed for incompleteness,1,225000.0,82.0,7.1,2.6,0,6500,1800,2400,1000,600,180,0,0,2,2,2,2,225000,1,1,3,5,1,,72000,40,1,1,2,2,2,2,5,5,2,2,2,2,2,2,50-54,45-49,No,No,1,1
2024,19100,NJ,3.0,34017003301.0,Conventional:First Lien,Single Family (1-4 Units):Site-Built,Not Hispanic or Latino,Asian,Male,Loan originated,1,750000.0,60.0,6.2,1.7,0,15800,4500,5800,2600,1800,360,0,0,2,2,2,2,750000,1,1,3,5,1,,275000,22,1,1,2,2,2,2,2,2,2,2,1,1,2,2,35-39,32,No,No,1,1
2024,38060,OH,35.0,3915351200.0,Conventional:Subordinate Lien,Single Family (1-4 Units):Site-Built,Not Hispanic or Latino,Black or African American,Male,Loan originated,32,65000.0,,8.0,3.1,0,4200,1500,1800,900,500,180,0,0,2,2,2,2,65000,1,1,3,5,1,,88000,31,1,1,2,2,2,2,3,3,2,2,1,1,2,2,30-34,27,No,No,1,1
2024,12060,AL,73.0,1073022400.0,Conventional:First Lien,Single Family (1-4 Units):Site-Built,Hispanic or Latino,White,Female,Application denied,1,195000.0,88.0,7.6,2.8,0,7100,2000,2600,1100,700,180,0,0,2,2,2,2,195000,1,1,3,5,1,,58000,50,1,1,1,1,1,1,5,5,1,1,2,2,1,1,45-49,40-44,No,No,1,1
2024,42660,AZ,13.0,4013020800.0,VA-guaranteed:First Lien,Single Family (1-4 Units):Site-Built,Not Hispanic or Latino,White,Male,Loan originated,1,365000.0,100.0,6.3,1.4,0,7800,1800,2800,1200,600,360,0,0,2,2,2,2,365000,1,1,3,5,1,,92000,30,1,1,2,2,2,2,5,5,2,2,1,1,2,2,28,30-34,No,No,1,1
2024,35620,CA,37.0,376592200.0,Conventional:First Lien,Single Family (1-4 Units):Site-Built,Not Hispanic or Latino,Native Hawaiian or Other Pacific Islander,Female,Loan originated,1,585000.0,72.0,6.7,2.2,0,11800,3400,4400,2000,1300,360,0,0,2,2,2,2,585000,1,1,3,5,1,,165000,27,1,1,2,2,2,2,7,7,2,2,2,2,1,1,32,35-39,No,No,1,1
2024,16980,TX,201.0,48439120400.0,Conventional:First Lien,Single Family (1-4 Units):Site-Built,Not Hispanic or Latino,White,Male,Application withdrawn,1,425000.0,76.0,7.0,2.3,0,8900,2500,3400,1500,900,360,0,0,2,2,2,2,425000,1,1,3,5,1,,135000,35,1,1,2,2,2,2,5,5,2,2,1,1,2,2,38,35-39,No,No,1,1
2024,31080,IL,31.0,17031819700.0,FHA-insured:First Lien,Single Family (1-4 Units):Site-Built,Not Hispanic or Latino,Black or African American,Female,Loan originated,1,305000.0,96.5,6.9,1.9,0,9200,3000,3800,1700,1100,360,0,0,2,2,2,2,305000,1,1,3,5,1,,82000,44,1,1,2,2,2,2,3,3,2,2,2,2,1,1,30-34,28,No,No,1,1
2024,26420,FL,57.0,12057011300.0,Conventional:First Lien,Single Family (1-4 Units):Site-Built,Hispanic or Latino,White,Male,Loan originated,1,465000.0,74.0,7.1,2.4,0,10200,2900,3800,1700,1100,360,0,0,2,2,2,2,465000,1,1,3,5,1,,145000,31,1,1,1,1,1,1,5,5,1,1,1,1,1,1,42,38,No,No,1,1
2024,19740,NY,5.0,3605951000.0,Conventional:First Lien,Single Family (1-4 Units):Site-Built,Not Hispanic or Latino,White,Female,Application denied,1,395000.0,81.0,7.4,2.7,0,8500,2300,3100,1400,900,360,0,0,2,2,2,2,395000,1,1,3,5,1,,105000,38,1,1,2,2,2,2,5,5,2,2,2,2,1,1,48-52,45-49,No,No,1,1
2024,41860,PA,29.0,42101430100.0,Conventional:First Lien,Single Family (1-4 Units):Site-Built,Not Hispanic or Latino,Asian,Male,Loan originated,1,525000.0,68.0,6.5,1.8,0,11500,3200,4200,1900,1200,360,0,0,2,2,2,2,525000,1,1,3,5,1,,175000,24,1,1,2,2,2,2,2,2,2,2,1,1,2,2,35-39,32,No,No,1,1
2024,14460,CO,59.0,8059004000.0,Conventional:Subordinate Lien,Single Family (1-4 Units):Site-Built,Not Hispanic or Latino,White,Female,Loan originated,32,75000.0,,7.9,3.0,0,4800,1600,2000,1000,500,180,0,0,2,2,2,2,75000,1,1,3,5,1,,98000,29,1,1,2,2,2,2,5,5,2,2,2,2,2,2,35-39,30-34,No,No,1,1
2024,38900,OH,35.0,3915351200.0,Conventional:First Lien,Single Family (1-4 Units):Site-Built,Not Hispanic or Latino,White,Male,Loan originated,1,275000.0,79.0,6.8,2.1,0,7100,1900,2500,1100,700,360,0,0,2,2,2,2,275000,1,1,3,5,1,,85000,34,1,1,2,2,2,2,5,5,2,2,1,1,2,2,40-44,38,No,No,1,1
2024,19100,NJ,3.0,34017003301.0,Conventional:First Lien,Single Family (1-4 Units):Site-Built,Hispanic or Latino,Black or African American,Female,File closed for incompleteness,1,485000.0,77.0,7.2,2.5,0,9800,2800,3700,1700,1000,360,0,0,2,2,2,2,485000,1,1,3,5,1,,125000,37,1,1,1,1,1,1,3,3,1,1,2,2,1,1,35-39,32,No,No,1,1
2024,38060,OH,35.0,3915351200.0,VA-guaranteed:First Lien,Single Family (1-4 Units):Site-Built,Not Hispanic or Latino,White,Male,Loan originated,1,315000.0,100.0,6.4,1.6,0,7200,1600,2600,1100,600,360,0,0,2,2,2,2,315000,1,1,3,5,1,,95000,32,1,1,2,2,2,2,5,5,2,2,1,1,2,2,30-34,28,No,No,1,1
2024,12060,AL,73.0,1073022400.0,Conventional:First Lien,Single Family (1-4 Units):Site-Built,Not Hispanic or Latino,White,Female,Application denied,1,205000.0,84.0,7.7,2.9,0,6800,1900,2500,1100,700,180,0,0,2,2,2,2,205000,1,1,3,5,1,,62000,46,1,1,2,2,2,2,5,5,2,2,2,2,1,1,50-54,45-49,No,No,1,1
2024,42660,AZ,13.0,4013020800.0,Conventional:First Lien,Single Family (1-4 Units):Site-Built,Not Hispanic or Latino,Asian,Female,Loan originated,1,625000.0,63.0,6.3,1.7,0,13200,3800,4900,2200,1500,360,0,0,2,2,2,2,625000,1,1,3,5,1,,210000,21,1,1,2,2,2,2,2,2,2,2,2,2,1,1,30-34,29,No,No,1,1
2024,35620,CA,37.0,376592200.0,FHA-insured:First Lien,Single Family (1-4 Units):Site-Built,Hispanic or Latino,White,Male,Loan originated,1,425000.0,96.5,6.8,2.0,0,10500,3200,4100,1900,1200,360,0,0,2,2,2,2,425000,1,1,3,5,1,,115000,41,1,1,1,1,1,1,5,5,1,1,1,1,1,1,38,35-39,No,No,1,1
2024,16980,TX,201.0,48439120400.0,Conventional:Subordinate Lien,Single Family (1-4 Units):Site-Built,Not Hispanic or Latino,White,Male,Loan originated,32,55000.0,,8.2,3.4,0,3600,1300,1500,700,300,180,0,0,2,2,2,2,55000,1,1,3,5,1,,75000,26,1,1,2,2,2,2,5,5,2,2,1,1,2,2,35-39,30-34,No,No,1,1
2024,31080,IL,31.0,17031819700.0,Conventional:First Lien,Single Family (1-4 Units):Site-Built,Not Hispanic or Latino,Black or African American,Male,Application withdrawn,1,365000.0,73.0,6.9,2.2,0,8200,2300,3100,1400,900,360,0,0,2,2,2,2,365000,1,1,3,5,1,,110000,33,1,1,2,2,2,2,3,3,2,2,1,1,2,2,35-39,32,No,No,1,1
2024,26420,FL,57.0,12057011300.0,Conventional:First Lien,Single Family (1-4 Units):Site-Built,Hispanic or Latino,White,Female,Loan originated,1,495000.0,71.0,7.0,2.3,0,10800,3100,4000,1800,1200,360,0,0,2,2,2,2,495000,1,1,3,5,1,,155000,29,1,1,1,1,1,1,5,5,1,1,2,2,1,1,40-44,35-39,No,No,1,1
2024,19740,NY,5.0,3605951000.0,Conventional:First Lien,Single Family (1-4 Units):Site-Built,Not Hispanic or Latino,White,Male,Loan originated,1,445000.0,69.0,6.6,1.9,0,9800,2800,3600,1600,1000,360,0,0,2,2,2,2,445000,1,1,3,5,1,,165000,25,1,1,2,2,2,2,5,5,2,2,1,1,2,2,42,38,No,No,1,1
2024,41860,PA,29.0,42101430100.0,Conventional:First Lien,Single Family (1-4 Units):Site-Built,Not Hispanic or Latino,Asian,Female,Application denied,1,385000.0,83.0,7.3,2.6,0,8600,2400,3200,1400,900,360,0,0,2,2,2,2,385000,1,1,3,5,1,,98000,39,1,1,2,2,2,2,2,2,2,2,2,2,1,1,45-49,40-44,No,No,1,1
2024,14460,CO,59.0,8059004000.0,Conventional:First Lien,Single Family (1-4 Units):Site-Built,Not Hispanic or Latino,White,Male,Loan originated,1,525000.0,75.0,6.7,2.0,0,10200,2900,3800,1700,1100,360,0,0,2,2,2,2,525000,1,1,3,5,1,,155000,30,1,1,2,2,2,2,5,5,2,2,1,1,2,2,38,35-39,No,No,1,1
2024,38900,OH,35.0,3915351200.0,FHA-insured:First Lien,Single Family (1-4 Units):Site-Built,Not Hispanic or Latino,White,Female,Loan originated,1,245000.0,96.5,6.7,1.7,0,7600,2400,3100,1400,900,360,0,0,2,2,2,2,245000,1,1,3,5,1,,72000,42,1,1,2,2,2,2,5,5,2,2,2,2,1,1,35-39,30-34,No,No,1,1
2024,19100,NJ,3.0,34017003301.0,Conventional:Subordinate Lien,Single Family (1-4 Units):Site-Built,Not Hispanic or Latino,Black or African American,Female,Loan originated,32,85000.0,,8.1,3.2,0,5200,1800,2200,1000,600,180,0,0,2,2,2,2,85000,1,1,3,5,1,,105000,33,1,1,2,2,2,2,3,3,2,2,2,2,2,2,30-34,27,No,No,1,1
2024,38060,OH,35.0,3915351200.0,Conventional:First Lien,Single Family (1-4 Units):Site-Built,Not Hispanic or Latino,White,Male,File closed for incompleteness,1,295000.0,81.0,7.0,2.4,0,7500,2100,2800,1200,800,360,0,0,2,2,2,2,295000,1,1,3,5,1,,88000,36,1,1,2,2,2,2,5,5,2,2,1,1,2,2,45-49,40-44,No,No,1,1
2024,12060,AL,73.0,1073022400.0,VA-guaranteed:First Lien,Single Family (1-4 Units):Site-Built,Not Hispanic or Latino,White,Female,Loan originated,1,285000.0,100.0,6.5,1.5,0,6900,1500,2500,1000,500,360,0,0,2,2,2,2,285000,1,1,3,5,1,,82000,31,1,1,2,2,2,2,5,5,2,2,2,2,1,1,32,30-34,No,No,1,1
2024,42660,AZ,13.0,4013020800.0,Conventional:First Lien,Single Family (1-4 Units):Site-Built,Hispanic or Latino,White,Male,Application denied,1,395000.0,86.0,7.5,2.7,0,9200,2600,3400,1500,1000,360,0,0,2,2,2,2,395000,1,1,3,5,1,,105000,43,1,1,1,1,1,1,5,5,1,1,1,1,1,1,40-44,35-39,No,No,1,1
2024,35620,CA,37.0,376592200.0,Conventional:First Lien,Single Family (1-4 Units):Site-Built,Not Hispanic or Latino,Native Hawaiian or Other Pacific Islander,Male,Loan originated,1,685000.0,66.0,6.8,2.1,0,13800,4000,5100,2300,1500,360,0,0,2,2,2,2,685000,1,1,3,5,1,,235000,26,1,1,2,2,2,2,7,7,2,2,1,1,2,2,35-39,32,No,No,1,1
2024,16980,TX,201.0,48439120400.0,Conventional:First Lien,Single Family (1-4 Units):Site-Built,Not Hispanic or Latino,Asian,Female,Loan originated,1,375000.0,78.0,6.9,2.1,0,8500,2400,3200,1400,900,360,0,0,2,2,2,2,375000,1,1,3,5,1,,125000,28,1,1,2,2,2,2,2,2,2,2,2,2,1,1,30-34,28,No,No,1,1
2024,31080,IL,31.0,17031819700.0,Conventional:Subordinate Lien,Single Family (1-4 Units):Site-Built,Not Hispanic or Latino,White,Male,Loan originated,32,95000.0,,7.7,2.9,0,5800,2000,2400,1100,700,180,0,0,2,2,2,2,95000,1,1,3,5,1,,115000,30,1,1,2,2,2,2,5,5,2,2,1,1,2,2,35-39,30-34,No,No,1,1
2024,26420,FL,57.0,12057011300.0,Conventional:First Lien,Single Family (1-4 Units):Site-Built,Hispanic or Latino,Black or African American,Male,Application withdrawn,1,415000.0,76.0,7.1,2.4,0,9400,2700,3500,1600,1000,360,0,0,2,2,2,2,415000,1,1,3,5,1,,130000,32,1,1,1,1,1,1,3,3,1,1,1,1,1,1,38,35-39,No,No,1,1
2024,19740,NY,5.0,3605951000.0,Conventional:First Lien,Single Family (1-4 Units):Site-Built,Not Hispanic or Latino,White,Female,Loan originated,1,575000.0,67.0,6.5,1.8,0,12200,3500,4500,2000,1300,360,0,0,2,2,2,2,575000,1,1,3,5,1,,195000,24,1,1,2,2,2,2,5,5,2,2,2,2,1,1,35-39,32,No,No,1,1
2024,41860,PA,29.0,42101430100.0,Conventional:First Lien,Single Family (1-4 Units):Site-Built,Not Hispanic or Latino,Asian,Male,Application denied,1,495000.0,79.0,7.2,2.5,0,10600,3000,3900,1800,1100,360,0,0,2,2,2,2,495000,1,1,3,5,1,,145000,36,1,1,2,2,2,2,2,2,2,2,1,1,2,2,40-44,38,No,No,1,1
2024,14460,CO,59.0,8059004000.0,Conventional:First Lien,Single Family (1-4 Units):Site-Built,Not Hispanic or Latino,White,Male,Loan originated,1,585000.0,73.0,6.9,2.2,0,11800,3400,4400,2000,1300,360,0,0,2,2,2,2,585000,1,1,3,5,1,,175000,29,1,1,2,2,2,2,5,5,2,2,1,1,2,2,38,35-39,No,No,1,1
2024,38900,OH,35.0,3915351200.0,VA-guaranteed:First Lien,Single Family (1-4 Units):Site-Built,Not Hispanic or Latino,White,Female,Loan originated,1,265000.0,100.0,6.4,1.6,0,6700,1400,2400,1000,500,360,0,0,2,2,2,2,265000,1,1,3,5,1,,78000,30,1,1,2,2,2,2,5,5,2,2,2,2,1,1,30-34,28,No,No,1,1
2024,19100,NJ,3.0,34017003301.0,Conventional:First Lien,Single Family (1-4 Units):Site-Built,Not Hispanic or Latino,Black or African American,Female,File closed for incompleteness,1,515000.0,74.0,7.0,2.3,0,11000,3200,4100,1900,1200,360,0,0,2,2,2,2,515000,1,1,3,5,1,,165000,33,1,1,2,2,2,2,3,3,2,2,2,2,2,2,42,38,No,No,1,1
2024,38060,OH,35.0,3915351200.0,Conventional:First Lien,Single Family (1-4 Units):Site-Built,Not Hispanic or Latino,White,Male,Loan originated,1,335000.0,77.0,6.8,2.0,0,8100,2200,2900,1300,800,360,0,0,2,2,2,2,335000,1,1,3,5,1,,98000,32,1,1,2,2,2,2,5,5,2,2,,,,,,,,,,
2024,35620,CA,37,0607503100,Conventional:First Lien,Single Family (1-4 Units):Site-Built,Not Hispanic or Latino,Asian,Male,Loan originated,1,450000,80,6.5,2.3,0,8000,3000,2500,1500,500,360,0,0,2,2,2,2,550000,1,1,3,3,1,,120000,38,1,1,2,2,1,1,2,2,1,1,1,1,1,1,35-44,30-34,No,No,1113,1
2024,31080,CA,59,06059017202,Conventional:Subordinate Lien,Single Family (1-4 Units):Site-Built,Hispanic or Latino,White,Female,Application approved but not accepted,3,75000,15,8.2,4.1,0,4500,2000,1800,800,300,180,0,0,2,2,2,2,480000,1,1,3,3,1,,85000,42,1,5,1,5,1,5,1,5,1,5,2,5,1,5,25-34,9999,No,,1113,1
2024,16980,TX,201,48201435200,FHA-insured,Single Family (1-4 Units):Site-Built,Not Hispanic or Latino,Black or African American,Male,Loan originated,1,320000,95,7.1,0,0,9500,4000,3500,2000,1000,360,0,0,2,2,2,2,340000,1,1,3,3,1,,78000,45,1,5,2,5,1,5,2,5,1,5,1,5,1,5,45-54,9999,No,,1113,1
2024,19100,FL,105,12011070201,VA-guaranteed,Single Family (1-4 Units):Site-Built,Not Hispanic or Latino,White,Male,Loan originated,1,380000,90,5.8,0,0,7200,2800,2400,1200,600,360,0,0,2,2,2,2,425000,1,1,3,3,1,,95000,32,1,5,2,5,1,5,1,5,1,5,1,5,1,5,30-34,25-34,No,No,1113,1
2024,35620,CA,37,0603720200,Conventional:First Lien,Single Family (1-4 Units):Site-Built,Hispanic or Latino,American Indian or Alaska Native,Female,Application denied,1,650000,75,7.8,3.2,0,12000,5000,4200,2500,1200,360,0,0,2,2,2,2,850000,1,1,3,3,1,,140000,28,1,5,1,5,1,5,3,5,1,5,2,5,1,5,35-44,9999,No,,1113,1
2024,41860,WA,33,53033022301,Conventional:Subordinate Lien,Single Family (1-4 Units):Site-Built,Not Hispanic or Latino,Native Hawaiian or Other Pacific Islander,Male,Loan originated,32,125000,20,9.1,5.0,0,5500,2500,2200,1000,400,240,0,0,2,2,2,2,600000,1,1,3,3,1,,110000,40,1,5,2,5,1,5,4,5,1,5,1,5,1,5,55-64,45-54,No,No,1113,1
2024,38060,TX,121,48121030100,USDA RHS,Single Family (1-4 Units):Site-Built,Not Hispanic or Latino,White,Female,Loan originated,1,180000,98,5.5,0,0,6000,2200,2000,800,300,360,0,0,2,2,2,2,185000,1,1,3,3,1,,52000,35,1,5,2,5,1,5,1,5,1,5,2,5,1,5,25-34,9999,No,,1113,1
2024,12060,AZ,13,04013080100,Conventional:First Lien,Single Family (1-4 Units):Site-Built,Not Hispanic or Latino,Asian,Female,File closed for incompleteness,2,520000,85,6.9,2.8,0,10500,4200,3600,1800,800,360,0,0,2,2,2,2,615000,1,1,3,3,1,,135000,43,1,5,2,5,1,5,2,5,1,5,2,5,1,5,45-54,9999,No,,1113,1
2024,14460,CO,31,08031010502,Conventional:First Lien,Single Family (1-4 Units):Site-Built,Hispanic or Latino,Black or African American,Male,Loan purchased by financial institution,1,425000,82,7.3,2.9,0,8800,3600,3100,1500,700,360,0,0,2,2,2,2,520000,1,1,3,3,1,,115000,39,1,5,1,5,1,5,2,5,1,5,1,5,1,5,35-44,35-44,No,No,1113,1
2024,35620,CA,37,0603764300,Conventional:Subordinate Lien,Single Family (1-4 Units):Site-Built,Not Hispanic or Latino,White,Female,Application withdrawn,4,95000,18,8.5,4.5,0,4800,2100,1900,900,400,180,0,0,2,2,2,2,525000,1,1,3,3,1,,98000,45,1,5,2,5,1,5,1,5,1,5,2,5,1,5,30-34,9999,No,,1113,1
2024,19100,FL,99,12099010302,FHA-insured,Single Family (1-4 Units):Site-Built,Not Hispanic or Latino,White,Male,Loan originated,1,290000,92,6.8,0,0,8500,3500,3000,1500,700,360,0,0,2,2,2,2,315000,1,1,3,3,1,,75000,41,1,1,2,2,1,1,1,1,1,1,1,1,1,1,40-49,35-39,No,No,1113,1
2024,26420,NC,63,37183010300,Conventional:First Lien,Single Family (1-4 Units):Site-Built,Not Hispanic or Latino,Black or African American,Female,Application denied,1,340000,88,7.5,3.1,0,9200,3800,3300,1600,800,360,0,0,2,2,2,2,385000,1,1,3,3,1,,88000,46,1,5,2,5,1,5,2,5,1,5,2,5,1,5,50-59,9999,No,,1113,1
2024,35620,CA,37,0603710040,Conventional:First Lien,Single Family (1-4 Units):Site-Built,Hispanic or Latino,Asian,Male,Loan originated,1,750000,70,6.2,1.8,0,11000,4500,3900,2000,900,360,0,0,2,2,2,2,1070000,1,1,3,3,1,,165000,33,1,5,1,5,1,5,2,5,1,5,1,5,1,5,40-49,30-34,No,No,1113,1
2024,37980,TX,85,48085020401,VA-guaranteed,Single Family (1-4 Units):Site-Built,Not Hispanic or Latino,White,Female,Loan originated,1,295000,89,5.6,0,0,6800,2600,2300,1000,500,360,0,0,2,2,2,2,330000,1,1,3,3,1,,82000,36,1,5,2,5,1,5,1,5,1,5,2,5,1,5,30-39,9999,No,,1113,1
2024,12060,AZ,21,04021080100,Conventional:Subordinate Lien,Single Family (1-4 Units):Site-Built,Not Hispanic or Latino,White,Male,Application approved but not accepted,3,85000,16,8.8,4.8,0,4200,1900,1700,800,300,180,0,0,2,2,2,2,520000,1,1,3,3,1,,95000,44,1,5,2,5,1,5,1,5,1,5,1,5,1,5,35-44,9999,No,,1113,1
2024,19740,GA,89,13089010700,USDA RHS,Single Family (1-4 Units):Site-Built,Hispanic or Latino,White,Male,Loan originated,1,165000,96,5.3,0,0,5800,2100,1900,700,250,360,0,0,2,2,2,2,172000,1,1,3,3,1,,48000,32,1,5,1,5,1,5,1,5,1,5,1,5,1,5,25-34,30-34,No,No,1113,1
2024,35620,CA,37,0603721300,Conventional:First Lien,Single Family (1-4 Units):Site-Built,Not Hispanic or Latino,Asian,Female,Loan purchased by financial institution,1,680000,78,6.7,2.5,0,10200,4100,3600,1800,800,360,0,0,2,2,2,2,870000,1,1,3,3,1,,155000,37,1,5,2,5,1,5,2,5,1,5,2,5,1,5,35-44,9999,No,,1113,1
2024,38060,TX,113,48113020800,Conventional:First Lien,Single Family (1-4 Units):Site-Built,Not Hispanic or Latino,Black or African American,Male,Application withdrawn,1,375000,83,7.2,3.0,0,9600,3900,3400,1700,850,360,0,0,2,2,2,2,450000,1,1,3,3,1,,105000,40,1,5,2,5,1,5,2,5,1,5,1,5,1,5,40-49,40-49,No,No,1113,1
2024,41860,WA,53,53053040601,FHA-insured,Single Family (1-4 Units):Site-Built,Not Hispanic or Latino,White,Female,Loan originated,1,410000,93,6.9,0,0,8900,3700,3200,1600,750,360,0,0,2,2,2,2,440000,1,1,3,3,1,,98000,42,1,1,2,2,1,1,1,1,1,1,2,1,1,1,35-39,9999,No,,1113,1
2024,14460,CO,1,08001030200,Conventional:Subordinate Lien,Single Family (1-4 Units):Site-Built,Hispanic or Latino,American Indian or Alaska Native,Female,File closed for incompleteness,32,110000,22,9.3,5.2,0,5200,2300,2100,1000,450,240,0,0,2,2,2,2,495000,1,1,3,3,1,,102000,47,1,5,1,5,1,5,3,5,1,5,2,5,1,5,45-54,9999,No,,1113,1
2024,19100,FL,53,12051030401,Conventional:First Lien,Single Family (1-4 Units):Site-Built,Not Hispanic or Latino,Native Hawaiian or Other Pacific Islander,Male,Loan originated,1,355000,80,7.0,2.7,0,8700,3500,3000,1500,700,360,0,0,2,2,2,2,445000,1,1,3,3,1,,108000,35,1,5,2,5,1,5,4,5,1,5,1,5,1,5,30-34,25-34,No,No,1113,1
2024,35620,CA,37,0603742300,VA-guaranteed,Single Family (1-4 Units):Site-Built,Hispanic or Latino,White,Male,Application denied,1,485000,86,5.9,0,0,7800,3000,2700,1200,600,360,0,0,2,2,2,2,565000,1,1,3,3,1,,125000,31,1,5,1,5,1,5,1,5,1,5,1,5,1,5,40-49,9999,No,,1113,1
2024,12060,AZ,7,04007012001,Conventional:First Lien,Single Family (1-4 Units):Site-Built,Not Hispanic or Latino,White,Female,Loan originated,1,580000,73,6.4,2.1,0,11800,4800,4200,2100,950,360,0,0,2,2,2,2,795000,1,1,3,3,1,,175000,29,1,1,2,2,1,1,1,1,1,1,2,1,1,1,45-54,40-49,No,No,1113,1
2024,19740,GA,135,13135080100,Conventional:Subordinate Lien,Single Family (1-4 Units):Site-Built,Not Hispanic or Latino,Black or African American,Male,Application approved but not accepted,3,135000,19,8.6,4.6,0,5100,2200,2000,950,400,180,0,0,2,2,2,2,700000,1,1,3,3,1,,118000,43,1,5,2,5,1,5,2,5,1,5,1,5,1,5,35-44,9999,No,,1113,1
2024,26420,NC,183,37183020300,USDA RHS,Single Family (1-4 Units):Site-Built,Hispanic or Latino,Asian,Female,Loan originated,1,155000,97,5.1,0,0,5400,1900,1700,600,250,360,0,0,2,2,2,2,160000,1,1,3,3,1,,45000,30,1,5,1,5,1,5,2,5,1,5,2,5,1,5,25-34,30-34,No,No,1113,1
2024,31080,CA,59,06059010801,Conventional:First Lien,Single Family (1-4 Units):Site-Built,Not Hispanic or Latino,White,Male,Loan purchased by financial institution,1,620000,76,6.8,2.6,0,10800,4400,3800,1900,850,360,0,0,2,2,2,2,815000,1,1,3,3,1,,148000,34,1,5,2,5,1,5,1,5,1,5,1,5,1,5,35-44,35-44,No,No,1113,1
2024,16980,TX,201,48201090500,FHA-insured,Single Family (1-4 Units):Site-Built,Not Hispanic or Latino,Black or African American,Female,Application withdrawn,1,305000,94,7.0,0,0,8200,3400,2900,1400,650,360,0,0,2,2,2,2,325000,1,1,3,3,1,,78000,44,1,5,2,5,1,5,2,5,1,5,2,5,1,5,30-39,9999,No,,1113,1
2024,41860,WA,33,53033011502,Conventional:First Lien,Single Family (1-4 Units):Site-Built,Hispanic or Latino,White,Male,Loan originated,1,525000,79,7.1,2.8,0,9700,3900,3400,1700,750,360,0,0,2,2,2,2,665000,1,1,3,3,1,,132000,38,1,5,1,5,1,5,1,5,1,5,1,5,1,5,40-49,9999,No,,1113,1
2024,19100,FL,57,12057030800,Conventional:Subordinate Lien,Single Family (1-4 Units):Site-Built,Not Hispanic or Latino,American Indian or Alaska Native,Female,File closed for incompleteness,32,95000,17,9.0,4.9,0,4600,2000,1800,850,350,180,0,0,2,2,2,2,560000,1,1,3,3,1,,105000,46,1,5,2,5,1,5,3,5,1,5,2,5,1,5,45-54,9999,No,,1113,1
2024,35620,CA,37,0603728150,VA-guaranteed,Single Family (1-4 Units):Site-Built,Not Hispanic or Latino,Asian,Male,Loan originated,1,425000,88,5.7,0,0,7300,2800,2500,1100,550,360,0,0,2,2,2,2,485000,1,1,3,3,1,,115000,30,1,5,2,5,1,5,2,5,1,5,1,5,1,5,35-44,30-34,No,No,1113,1
2024,12060,AZ,13,04013061500,Conventional:First Lien,Single Family (1-4 Units):Site-Built,Hispanic or Latino,Native Hawaiian or Other Pacific Islander,Female,Application denied,1,495000,84,7.4,3.2,0,10100,4100,3600,1800,850,360,0,0,2,2,2,2,590000,1,1,3,3,1,,122000,41,1,5,1,5,1,5,4,5,1,5,2,5,1,5,35-44,9999,No,,1113,1
2024,37980,TX,85,48085010903,Conventional:Subordinate Lien,Single Family (1-4 Units):Site-Built,Not Hispanic or Latino,White,Male,Application approved but not accepted,3,145000,21,8.4,4.4,0,5600,2400,2200,1050,450,240,0,0,2,2,2,2,680000,1,1,3,3,1,,128000,45,1,5,2,5,1,5,1,5,1,5,1,5,1,5,40-49,9999,No,,1113,1
2024,14460,CO,41,08041020402,USDA RHS,Single Family (1-4 Units):Site-Built,Not Hispanic or Latino,Black or African American,Female,Loan originated,1,148000,98,5.2,0,0,5200,1800,1600,550,200,360,0,0,2,2,2,2,152000,1,1,3,3,1,,42000,33,1,5,2,5,1,5,2,5,1,5,2,5,1,5,25-34,30-34,No,No,1113,1
2024,31080,CA,59,06059040100,Conventional:First Lien,Single Family (1-4 Units):Site-Built,Hispanic or Latino,White,Male,Loan purchased by financial institution,1,710000,72,6.5,2.2,0,12200,4900,4300,2150,950,360,0,0,2,2,2,2,985000,1,1,3,3,1,,168000,31,1,5,1,5,1,5,1,5,1,5,1,5,1,5,45-54,40-49,No,No,1113,1
2024,16980,TX,141,48141030200,FHA-insured,Single Family (1-4 Units):Site-Built,Not Hispanic or Latino,White,Male,Application withdrawn,1,335000,91,6.7,0,0,8600,3600,3100,1550,700,360,0,0,2,2,2,2,370000,1,1,3,3,1,,88000,40,1,1,2,2,1,1,1,1,1,1,1,1,1,1,35-44,30-34,No,No,1113,1
2024,35620,CA,37,0603740800,Conventional:Subordinate Lien,Single Family (1-4 Units):Site-Built,Not Hispanic or Latino,Asian,Female,Loan originated,32,165000,25,9.2,5.1,0,6200,2700,2400,1150,500,240,0,0,2,2,2,2,660000,1,1,3,3,1,,138000,42,1,5,2,5,1,5,2,5,1,5,2,5,1,5,40-49,9999,No,,1113,1
2024,41860,WA,33,53033031801,Conventional:First Lien,Single Family (1-4 Units):Site-Built,Hispanic or Latino,Black or African American,Male,Loan originated,1,465000,81,6.9,2.7,0,9300,3700,3200,1600,720,360,0,0,2,2,2,2,575000,1,1,3,3,1,,118000,36,1,5,1,5,1,5,2,5,1,5,1,5,1,5,30-39,35-39,No,No,1113,1
2024,19100,FL,105,12105020400,VA-guaranteed,Single Family (1-4 Units):Site-Built,Not Hispanic or Latino,White,Female,Application approved but not accepted,1,395000,87,5.8,0,0,7100,2700,2400,1050,500,360,0,0,2,2,2,2,455000,1,1,3,3,1,,108000,32,1,5,2,5,1,5,1,5,1,5,2,5,1,5,35-44,9999,No,,1113,1
2024,12060,AZ,21,04021040300,Conventional:First Lien,Single Family (1-4 Units):Site-Built,Not Hispanic or Latino,American Indian or Alaska Native,Male,File closed for incompleteness,1,635000,74,7.6,3.4,0,11500,4600,4000,2000,900,360,0,0,2,2,2,2,860000,1,1,3,3,1,,158000,33,1,5,2,5,1,5,3,5,1,5,1,5,1,5,45-54,45-54,No,No,1113,1
2024,19740,GA,135,13135061500,Conventional:Subordinate Lien,Single Family (1-4 Units):Site-Built,Hispanic or Latino,Native Hawaiian or Other Pacific Islander,Female,Application denied,32,125000,23,8.9,4.8,0,5400,2300,2100,1000,420,180,0,0,2,2,2,2,540000,1,1,3,3,1,,112000,48,1,5,1,5,1,5,4,5,1,5,2,5,1,5,50-59,9999,No,,1113,1
2024,26420,NC,183,37183090800,USDA RHS,Single Family (1-4 Units):Site-Built,Not Hispanic or Latino,White,Male,Loan originated,1,162000,99,5.0,0,0,5600,2000,1800,650,250,360,0,0,2,2,2,2,164000,1,1,3,3,1,,46000,29,1,5,2,5,1,5,1,5,1,5,1,5,1,5,30-34,25-34,No,No,1113,1
2024,31080,CA,59,06059021503,Conventional:First Lien,Single Family (1-4 Units):Site-Built,Not Hispanic or Latino,Asian,Female,Loan purchased by financial institution,1,675000,77,6.6,2.4,0,10600,4200,3700,1850,820,360,0,0,2,2,2,2,875000,1,1,3,3,1,,152000,35,1,5,2,5,1,5,2,5,1,5,2,5,1,5,40-49,9999,No,,1113,1
2024,16980,TX,201,48201152300,FHA-insured,Single Family (1-4 Units):Site-Built,Hispanic or Latino,Black or African American,Male,Application withdrawn,1,315000,93,6.8,0,0,8100,3300,2900,1400,650,360,0,0,2,2,2,2,340000,1,1,3,3,1,,81000,43,1,5,1,5,1,5,2,5,1,5,1,5,1,5,35-44,9999,No,,1113,1
2024,35620,CA,37,0603761200,Conventional:Subordinate Lien,Single Family (1-4 Units):Site-Built,Not Hispanic or Latino,White,Male,Loan originated,32,155000,24,9.1,5.0,0,5900,2500,2300,1100,480,240,0,0,2,2,2,2,650000,1,1,3,3,1,,125000,41,1,5,2,5,1,5,1,5,1,5,1,5,1,5,35-44,9999,No,,1113,1
2024,41860,WA,33,53033022200,VA-guaranteed,Single Family (1-4 Units):Site-Built,Not Hispanic or Latino,Asian,Female,Loan originated,1,445000,85,5.9,0,0,7600,2900,2600,1150,550,360,0,0,2,2,2,2,525000,1,1,3,3,1,,122000,31,1,5,2,5,1,5,2,5,1,5,2,5,1,5,40-49,30-34,No,No,1113,1
2024,35620,CA,1.0,6001.0,Conventional:First Lien,Single Family (1-4 Units):Site-Built,Not Hispanic or Latino,Asian,Male,Loan originated,1,425000,80.0,6.75,2.5,0,8500,3000,2500,1500,0,360,0,0,2,2,2,2,425000,1,1,5,5,1,0,120000,35,1,1,2,5,2,5,2,5,2,5,1,5,2,5,36-45,9999,No,2,1,1
2024,16980,TX,201.0,4845.0,FHA:First Lien,Single Family (1-4 Units):Site-Built,Hispanic or Latino,White,Male,Loan originated,1,315000,95.0,7.0,3.0,0,9500,4000,3500,2000,500,360,0,0,2,2,2,2,331579,1,1,5,5,1,0,85000,42,1,1,1,5,1,5,5,5,2,5,1,5,2,5,26-35,26-35,No,No,1,1
2024,31080,CA,37.0,6085.0,VA:First Lien,Single Family (1-4 Units):Site-Built,Not Hispanic or Latino,White,Male,Loan originated,1,485000,90.0,6.5,2.0,0,7500,2500,2000,1000,0,360,0,0,2,2,2,2,538889,1,1,5,5,1,0,135000,28,1,1,2,5,2,5,5,5,2,5,1,5,2,5,46-55,9999,No,2,1,1
2024,19100,IL,31.0,1703.0,Conventional:First Lien,Single Family (1-4 Units):Site-Built,Not Hispanic or Latino,Black or African American,Female,Application denied by financial institution,3,275000,85.0,7.25,3.5,0,0,0,0,0,0,0,0,0,2,2,2,2,323529,1,1,5,5,1,0,95000,45,1,3,2,5,2,5,3,5,2,5,2,5,2,5,36-45,9999,No,2,3,2
2024,26420,OH,35.0,1835.0,Conventional:Subordinate Lien,Single Family (1-4 Units):Site-Built,Hispanic or Latino,White,Female,Loan originated,4,75000,15.0,8.0,4.0,0,3500,1500,1000,500,0,180,0,0,2,2,2,2,500000,1,1,5,5,1,0,78000,25,1,1,1,5,1,5,5,5,2,5,2,5,2,5,26-35,26-35,No,No,1,1
2024,41860,WA,33.0,5305.0,Conventional:First Lien,Single Family (1-4 Units):Site-Built,Not Hispanic or Latino,White,Male,Loan originated,1,625000,75.0,6.875,2.25,0,12000,4500,4000,2500,0,360,0,0,2,2,2,2,833333,1,1,5,5,1,0,180000,32,1,1,2,5,2,5,5,5,2,5,1,5,2,5,46-55,46-55,No,No,1,1
2024,12060,AZ,13.0,4013.0,FHA:First Lien,Single Family (1-4 Units):Site-Built,Hispanic or Latino,American Indian or Alaska Native,Female,Loan originated,1,285000,96.5,7.125,3.25,0,8500,3500,3000,1500,0,360,0,0,2,2,2,2,295337,1,1,5,5,1,0,72000,38,1,1,1,5,1,5,9,5,2,5,2,5,2,5,36-45,9999,No,2,1,1
2024,14460,CO,123.0,8123.0,Conventional:First Lien,Single Family (1-4 Units):Site-Built,Not Hispanic or Latino,Asian,Female,Application withdrawn by applicant,1,395000,82.0,7.0,2.75,0,0,0,0,0,0,0,0,0,2,2,2,2,481707,1,1,5,5,1,0,105000,40,1,1,2,5,2,5,2,5,2,5,2,5,2,5,36-45,36-45,No,No,2,1
2024,33100,CA,65.0,6055.0,Conventional:First Lien,Single Family (1-4 Units):Site-Built,Not Hispanic or Latino,Native Hawaiian or Other Pacific Islander,Male,Loan originated,1,555000,78.0,6.625,2.125,0,10500,4000,3500,2000,0,360,0,0,2,2,2,2,711538,1,1,5,5,1,0,150000,30,1,1,2,5,2,5,8,5,2,5,1,5,2,5,36-45,9999,No,2,1,1
2024,37980,NC,183.0,3715.0,USDA:First Lien,Single Family (1-4 Units):Site-Built,Not Hispanic or Latino,White,Female,Loan originated,1,245000,100.0,6.25,1.5,0,6500,2500,2000,1000,0,360,0,0,2,2,2,2,245000,1,1,5,5,1,0,65000,28,1,1,2,5,2,5,5,5,2,5,2,5,2,5,26-35,9999,No,2,1,1
2024,12060,AZ,19.0,4019.0,Conventional:First Lien,Single Family (1-4 Units):Site-Built,Hispanic or Latino,Black or African American,Male,Application denied by financial institution,1,375000,88.0,7.5,3.75,0,0,0,0,0,0,0,0,0,2,2,2,2,426136,1,1,5,5,1,0,88000,48,1,3,1,5,1,5,3,5,2,5,1,5,2,5,36-45,9999,No,2,3,2
2024,19740,FL,9.0,1201.0,Conventional:Subordinate Lien,Single Family (1-4 Units):Site-Built,Not Hispanic or Latino,White,Male,Loan originated,4,125000,25.0,8.25,4.5,0,5500,2000,1500,750,0,240,0,0,2,2,2,2,500000,1,1,5,5,1,0,95000,22,1,1,2,5,2,5,5,5,2,5,1,5,2,5,46-55,46-55,No,No,1,1
2024,26420,OH,93.0,1845.0,Conventional:First Lien,Single Family (1-4 Units):Site-Built,Not Hispanic or Latino,White,Female,Loan originated,1,195000,80.0,7.0,2.5,0,5500,2000,1500,750,250,360,0,0,2,2,2,2,243750,1,2,5,5,1,0,65000,35,1,1,2,5,2,5,5,5,2,5,2,5,2,5,56-65,9999,Yes,2,1,1
2024,19100,IL,43.0,1705.0,FHA:First Lien,Single Family (1-4 Units):Site-Built,Hispanic or Latino,White,Male,File closed for incompleteness,1,305000,96.0,7.25,3.0,0,0,0,0,0,0,0,0,0,2,2,2,2,317708,1,1,5,5,1,0,78000,44,3,3,1,5,1,5,5,5,2,5,1,5,2,5,26-35,9999,No,2,3,3
2024,35620,CA,71.0,6071.0,Conventional:First Lien,Single Family (1-4 Units):Site-Built,Not Hispanic or Latino,Asian,Female,Loan originated,1,725000,70.0,6.5,1.75,0,13500,5000,4500,3000,0,360,0,0,2,2,2,2,1035714,1,1,5,5,1,0,200000,26,1,1,2,5,2,5,2,5,2,5,2,5,2,5,36-45,36-45,No,No,1,1
2024,38060,NV,3.0,3203.0,Conventional:First Lien,Single Family (1-4 Units):Site-Built,Not Hispanic or Latino,White,Male,Application withdrawn by applicant,1,415000,85.0,7.125,2.875,0,0,0,0,0,0,0,0,0,2,2,2,2,488235,1,1,5,5,1,0,115000,38,1,1,2,5,2,5,5,5,2,5,1,5,2,5,46-55,9999,No,2,1,1
2024,14460,CO,59.0,8105.0,VA:First Lien,Single Family (1-4 Units):Site-Built,Not Hispanic or Latino,Black or African American,Male,Loan originated,1,385000,92.0,6.75,2.25,0,8500,3000,2500,1250,0,360,0,0,2,2,2,2,418478,1,1,5,5,1,0,110000,31,1,1,2,5,2,5,3,5,2,5,1,5,2,5,36-45,9999,No,2,1,1
2024,16980,TX,141.0,4801.0,Conventional:First Lien,Single Family (1-4 Units):Site-Built,Hispanic or Latino,White,Female,Loan originated,1,275000,90.0,7.375,3.125,0,7000,2500,2000,1000,0,360,0,0,2,2,2,2,305556,1,1,5,5,1,0,75000,40,1,1,1,5,1,5,5,5,2,5,2,5,2,5,26-35,9999,No,2,1,1
2024,41860,WA,53.0,5309.0,Conventional:Subordinate Lien,Single Family (1-4 Units):Site-Built,Not Hispanic or Latino,Asian,Male,Loan originated,4,95000,20.0,8.0,4.25,0,4000,1500,1200,600,0,180,0,0,2,2,2,2,475000,1,1,5,5,1,0,105000,20,1,1,2,5,2,5,2,5,2,5,1,5,2,5,36-45,9999,No,2,1,1
2024,12060,AZ,21.0,4021.0,FHA:First Lien,Single Family (1-4 Units):Site-Built,Not Hispanic or Latino,White,Female,Loan originated,1,295000,95.5,7.0,2.75,0,8000,3200,2800,1400,0,360,0,0,2,2,2,2,308901,1,1,5,5,1,0,78000,36,1,1,2,5,2,5,5,5,2,5,2,5,2,5,26-35,26-35,No,No,1,1
2024,19740,FL,57.0,1205.0,Conventional:First Lien,Single Family (1-4 Units):Site-Built,Hispanic or Latino,White,Male,Application denied by financial institution,1,350000,87.0,7.625,3.375,0,0,0,0,0,0,0,0,0,2,2,2,2,402299,1,1,5,5,1,0,82000,50,1,3,1,5,1,5,5,5,2,5,1,5,2,5,36-45,9999,No,2,3,2
2024,35620,CA,73.0,6073.0,Conventional:First Lien,Single Family (1-4 Units):Site-Built,Not Hispanic or Latino,White,Male,Loan originated,1,825000,65.0,6.375,1.5,0,15000,5500,5000,3500,0,360,0,0,2,2,2,2,1269231,1,1,5,5,1,0,225000,24,1,1,2,5,2,5,5,5,2,5,1,5,2,5,46-55,46-55,No,No,1,1
2024,19100,IL,91.0,1725.0,Conventional:First Lien,Single Family (1-4 Units):Site-Built,Not Hispanic or Latino,Black or African American,Female,Loan originated,1,255000,82.0,7.125,2.625,0,6500,2300,1800,900,0,360,0,0,2,2,2,2,310976,1,1,5,5,1,0,70000,38,1,1,2,5,2,5,3,5,2,5,2,5,2,5,36-45,9999,No,2,1,1
2024,26420,OH,101.0,1851.0,VA:First Lien,Single Family (1-4 Units):Site-Built,Not Hispanic or Latino,White,Male,Loan originated,1,225000,96.0,6.625,1.875,0,6000,2200,1800,800,0,360,0,0,2,2,2,2,234375,1,1,5,5,1,0,65000,30,1,1,2,5,2,5,5,5,2,5,1,5,2,5,26-35,9999,No,2,1,1
2024,38060,NV,5.0,3205.0,Conventional:First Lien,Single Family (1-4 Units):Site-Built,Hispanic or Latino,White,Female,Application withdrawn by applicant,1,365000,88.0,7.5,3.25,0,0,0,0,0,0,0,0,0,2,2,2,2,414773,1,1,5,5,1,0,90000,42,1,1,1,5,1,5,5,5,2,5,2,5,2,5,36-45,9999,No,2,1,1
2024,14460,CO,61.0,8107.0,Conventional:First Lien,Single Family (1-4 Units):Site-Built,Not Hispanic or Latino,Asian,Female,Loan originated,1,445000,75.0,6.75,2.0,0,9500,3500,3000,1500,0,360,0,0,2,2,2,2,593333,1,1,5,5,1,0,125000,28,1,1,2,5,2,5,2,5,2,5,2,5,2,5,36-45,36-45,No,No,1,1
2024,16980,TX,201.0,4847.0,Conventional:Subordinate Lien,Single Family (1-4 Units):Site-Built,Hispanic or Latino,Black or African American,Male,Loan originated,4,65000,15.0,8.5,4.75,0,3200,1200,1000,500,0,180,0,0,2,2,2,2,433333,1,1,5,5,1,0,68000,24,1,1,1,5,1,5,3,5,2,5,1,5,2,5,26-35,9999,No,2,1,1
2024,41860,WA,55.0,5311.0,FHA:First Lien,Single Family (1-4 Units):Site-Built,Not Hispanic or Latino,White,Male,Loan originated,1,525000,93.0,6.875,2.375,0,11000,4200,3600,1800,0,360,0,0,2,2,2,2,564516,1,1,5,5,1,0,140000,33,1,1,2,5,2,5,5,5,2,5,1,5,2,5,36-45,9999,No,2,1,1
2024,12060,AZ,23.0,4023.0,Conventional:First Lien,Single Family (1-4 Units):Site-Built,Not Hispanic or Latino,White,Female,Loan originated,1,345000,83.0,7.0,2.25,0,8000,3000,2500,1250,0,360,0,0,2,2,2,2,415663,1,1,5,5,1,0,95000,35,1,1,2,5,2,5,5,5,2,5,2,5,2,5,46-55,9999,No,2,1,1
2024,19740,FL,59.0,1207.0,Conventional:First Lien,Single Family (1-4 Units):Site-Built,Hispanic or Latino,White,Male,File closed for incompleteness,1,395000,86.0,7.75,3.5,0,0,0,0,0,0,0,0,0,2,2,2,2,459302,1,1,5,5,1,0,92000,46,3,3,1,5,1,5,5,5,2,5,1,5,2,5,36-45,9999,No,2,3,3
2024,35620,CA,75.0,6075.0,Conventional:First Lien,Single Family (1-4 Units):Site-Built,Not Hispanic or Latino,Asian,Male,Loan originated,1,675000,68.0,6.375,1.375,0,12500,4800,4200,2500,0,360,0,0,2,2,2,2,992647,1,1,5,5,1,0,185000,26,1,1,2,5,2,5,2,5,2,5,1,5,2,5,36-45,36-45,No,No,1,1
2024,19100,IL,111.0,1735.0,USDA:First Lien,Single Family (1-4 Units):Site-Built,Not Hispanic or Latino,White,Female,Loan originated,1,205000,100.0,6.375,1.625,0,5500,2100,1700,800,0,360,0,0,2,2,2,2,205000,1,1,5,5,1,0,58000,29,1,1,2,5,2,5,5,5,2,5,2,5,2,5,26-35,9999,No,2,1,1
2024,26420,OH,115.0,1855.0,Conventional:First Lien,Single Family (1-4 Units):Site-Built,Not Hispanic or Latino,White,Male,Application denied by financial institution,1,235000,84.0,7.375,3.125,0,0,0,0,0,0,0,0,0,2,2,2,2,279762,1,1,5,5,1,0,68000,52,1,3,2,5,2,5,5,5,2,5,1,5,2,5,36-45,9999,No,2,3,2
2024,38060,NV,7.0,3207.0,Conventional:Subordinate Lien,Single Family (1-4 Units):Site-Built,Hispanic or Latino,Asian,Female,Loan originated,4,85000,18.0,8.25,4.5,0,3800,1400,1100,550,0,180,0,0,2,2,2,2,472222,1,1,5,5,1,0,88000,21,1,1,1,5,1,5,2,5,2,5,2,5,2,5,26-35,9999,No,2,1,1
2024,14460,CO,63.0,8109.0,Conventional:First Lien,Single Family (1-4 Units):Site-Built,Not Hispanic or Latino,White,Male,Loan originated,1,495000,78.0,6.875,2.125,0,10000,3800,3200,1600,0,360,0,0,2,2,2,2,634615,1,1,5,5,1,0,140000,30,1,1,2,5,2,5,5,5,2,5,1,5,2,5,46-55,46-55,No,No,1,1
2024,16980,TX,221.0,4849.0,VA:First Lien,Single Family (1-4 Units):Site-Built,Not Hispanic or Latino,Black or African American,Female,Loan originated,1,355000,94.0,6.75,1.875,0,8000,3000,2500,1200,0,360,0,0,2,2,2,2,377660,1,1,5,5,1,0,105000,32,1,1,2,5,2,5,3,5,2,5,2,5,2,5,36-45,9999,No,2,1,1
2024,41860,WA,57.0,5313.0,Conventional:First Lien,Single Family (1-4 Units):Site-Built,Not Hispanic or Latino,White,Female,Application withdrawn by applicant,1,475000,81.0,7.0,2.5,0,0,0,0,0,0,0,0,0,2,2,2,2,586420,1,1,5,5,1,0,125000,36,1,1,2,5,2,5,5,5,2,5,2,5,2,5,36-45,9999,No,2,1,1
2024,12060,AZ,25.0,4025.0,FHA:First Lien,Single Family (1-4 Units):Site-Built,Hispanic or Latino,White,Male,Loan originated,1,315000,94.0,6.875,2.5,0,8500,3300,2800,1400,0,360,0,0,2,2,2,2,335106,1,1,5,5,1,0,82000,34,1,1,1,5,1,5,5,5,2,5,1,5,2,5,26-35,26-35,No,No,1,1
2024,19740,FL,61.0,1209.0,Conventional:First Lien,Single Family (1-4 Units):Site-Built,Hispanic or Latino,White,Female,Loan originated,1,425000,79.0,7.125,2.75,0,9500,3600,3000,1500,0,360,0,0,2,2,2,2,537975,1,1,5,5,1,0,115000,32,1,1,1,5,1,5,5,5,2,5,2,5,2,5,36-45,9999,No,2,1,1
2024,35620,CA,77.0,6077.0,Conventional:Subordinate Lien,Single Family (1-4 Units):Site-Built,Not Hispanic or Latino,Asian,Female,Loan originated,4,110000,22.0,8.0,4.0,0,4500,1600,1300,650,0,180,0,0,2,2,2,2,500000,1,1,5,5,1,0,120000,25,1,1,2,5,2,5,2,5,2,5,2,5,2,5,36-45,9999,No,2,1,1
2024,19100,IL,131.0,1745.0,Conventional:First Lien,Single Family (1-4 Units):Site-Built,Not Hispanic or Latino,Black or African American,Male,Loan originated,1,285000,85.0,7.25,2.875,0,7000,2600,2100,1050,0,360,0,0,2,2,2,2,335294,1,1,5,5,1,0,85000,36,1,1,2,5,2,5,3,5,2,5,1,5,2,5,36-45,9999,No,2,1,1
2024,26420,OH,125.0,1861.0,Conventional:First Lien,Single Family (1-4 Units):Site-Built,Not Hispanic or Latino,White,Female,Loan originated,1,215000,78.0,6.875,2.125,0,6000,2200,1800,900,0,360,0,0,2,2,2,2,275641,1,2,5,5,1,0,70000,32,1,1,2,5,2,5,5,5,2,5,2,5,2,5,46-55,9999,Yes,2,1,1
2024,38060,NV,9.0,3209.0,Conventional:First Lien,Single Family (1-4 Units):Site-Built,Hispanic or Latino,White,Male,File closed for incompleteness,1,395000,89.0,7.625,3.375,0,0,0,0,0,0,0,0,0,2,2,2,2,443820,1,1,5,5,1,0,95000,48,3,3,1,5,1,5,5,5,2,5,1,5,2,5,36-45,9999,No,2,3,3
2024,14460,CO,65.0,8111.0,Conventional:First Lien,Single Family (1-4 Units):Site-Built,Not Hispanic or Latino,Asian,Male,Loan originated,1,525000,72.0,6.5,1.75,0,11000,4200,3600,2100,0,360,0,0,2,2,2,2,729167,1,1,5,5,1,0,160000,27,1,1,2,5,2,5,2,5,2,5,1,5,2,5,36-45,36-45,No,No,1,1
2024,16980,TX,241.0,4851.0,FHA:First Lien,Single Family (1-4 Units):Site-Built,Hispanic or Latino,White,Female,Loan originated,1,335000,95.0,7.125,2.875,0,9000,3600,3000,1500,0,360,0,0,2,2,2,2,352632,1,1,5,5,1,0,88000,37,1,1,1,5,1,5,5,5,2,5,2,5,2,5,26-35,26-35,No,No,1,1
2024,41860,WA,59.0,5315.0,VA:First Lien,Single Family (1-4 Units):Site-Built,Not Hispanic or Latino,White,Male,Loan originated,1,405000,91.0,6.625,1.875,0,8500,3200,2700,1300,0,360,0,0,2,2,2,2,445055,1,1,5,5,1,0,120000,30,1,1,2,5,2,5,5,5,2,5,1,5,2,5,36-45,9999,No,2,1,1
2024,12060,AZ,27.0,4027.0,Conventional:First Lien,Single Family (1-4 Units):Site-Built,Not Hispanic or Latino,White,Female,Application denied by financial institution,1,375000,86.0,7.5,3.25,0,0,0,0,0,0,0,0,0,2,2,2,2,436047,1,1,5,5,1,0,98000,45,1,3,2,5,2,5,5,5,2,5,2,5,2,5,36-45,9999,No,2,3,2
2024,19740,FL,63.0,1211.0,Conventional:First Lien,Single Family (1-4 Units):Site-Built,Hispanic or Latino,Black or African American,Male,Loan originated,1,385000,81.0,7.25,2.625,0,9000,3400,2800,1400,0,360,0,0,2,2,2,2,475309,1,1,5,5,1,0,105000,33,1,1,1,5,1,5,3,5,2,5,1,5,2,5,36-45,9999,No,2,1,1
2024,35620,CA,79.0,6079.0,Conventional:First Lien,Single Family (1-4 Units):Site-Built,Not Hispanic or Latino,Asian,Female,Loan originated,1,775000,63.0,6.25,1.25,0,14000,5200,4600,3000,0,360,0,0,2,2,2,2,1230159,1,1,5,5,1,0,210000,23,1,1,2,5,2,5,2,5,2,5,2,5,2,5,46-55,46-55,No,No,1,1
2024,35620,CA,73.0,06073000100.0,Conventional:First Lien,Single Family (1-4 Units):Site-Built,Not Hispanic or Latino,Asian,Male,Loan originated,1,485000.0,85.0,6.75,2.5,0,8500.0,2500.0,3500.0,1500.0,500.0,360,0,0,2,2,2,2,785000.0,1,1,3,3,1,125000.0,42.0,1,1,2,5,2,4,2,7,2,4,1,5,2,4,45-54,35-44,No,No,1,1,
2024,16980,TX,141.0,48141001102.0,FHA-insured:First Lien,Single Family (1-4 Units):Site-Built,Hispanic or Latino,White,Female,Loan originated,1,235000.0,96.5,7.25,1.8,0,7200.0,1800.0,2800.0,1200.0,800.0,360,0,0,2,2,2,2,245000.0,1,1,3,3,1,65000.0,38.0,1,1,1,1,1,1,1,5,1,5,1,5,1,5,25-34,25-34,No,No,1,1,
2024,38060,OH,35.0,39035010801.0,Conventional:First Lien,Single Family (1-4 Units):Site-Built,Not Hispanic or Latino,Black or African American,Male,Application approved but not accepted,1,165000.0,80.0,7.0,2.2,0,5800.0,1500.0,2200.0,1000.0,400.0,360,0,0,2,2,2,2,210000.0,1,1,3,3,1,58000.0,35.0,1,1,2,5,2,4,2,3,2,4,1,5,2,4,35-44,35-44,No,No,1,1,
2024,12060,AL,73.0,01073002300.0,VA-guaranteed:First Lien,Single Family (1-4 Units):Site-Built,Not Hispanic or Latino,White,Male,Loan originated,1,315000.0,100.0,6.5,1.5,0,9500.0,3000.0,4000.0,2000.0,0,360,0,0,2,2,2,2,315000.0,1,1,3,3,1,88000.0,28.0,1,1,2,5,2,4,2,5,2,4,1,5,2,4,55-64,45-54,Yes,No,1,1,
2024,14460,AZ,13.0,04013007809.0,Conventional:Subordinate Lien,Single Family (1-4 Units):Site-Built,Hispanic or Latino,American Indian or Alaska Native,Female,File closed for incompleteness,32,45000.0,,8.5,4.0,0,3200.0,1200.0,1500.0,700.0,0,180,0,0,2,2,2,2,280000.0,1,1,3,3,1,42000.0,48.0,1,1,1,1,1,1,1,1,1,5,1,5,1,5,25-34,9999,No,,1,1,
2024,41860,PA,29.0,42029003200.0,Conventional:First Lien,Single Family (1-4 Units):Site-Built,Not Hispanic or Latino,White,Female,Loan originated,1,385000.0,75.0,6.25,1.2,0,7800.0,2000.0,3000.0,1500.0,700.0,360,0,0,2,2,2,2,520000.0,1,1,3,3,1,135000.0,32.0,1,1,2,5,2,4,2,5,2,4,1,5,2,4,35-44,35-44,No,No,1,1,
2024,19740,IL,31.0,17031002804.0,Conventional:First Lien,Single Family (1-4 Units):Site-Built,Not Hispanic or Latino,Asian,Female,Application denied by financial institution,1,425000.0,88.0,7.5,3.0,0,10500.0,3500.0,4500.0,2500.0,0,360,0,0,2,2,2,2,485000.0,1,1,3,3,1,165000.0,45.0,1,1,2,5,2,4,2,7,2,4,1,5,2,4,45-54,45-54,No,No,1,1,
2024,26420,MI,63.0,26063002103.0,Conventional:First Lien,Single Family (1-4 Units):Site-Built,Not Hispanic or Latino,White,Male,Loan originated,1,195000.0,70.0,6.9,2.0,0,6200.0,1600.0,2400.0,1200.0,600.0,360,0,0,2,2,2,2,285000.0,1,1,3,3,1,72000.0,30.0,1,1,2,5,2,4,2,5,2,4,1,5,2,4,25-34,25-34,No,No,1,1,
2024,33100,NC,371.0,37183020602.0,FHA-insured:First Lien,Single Family (1-4 Units):Site-Built,Hispanic or Latino,Black or African American,Male,Loan originated,1,275000.0,95.0,7.1,2.3,0,8800.0,2200.0,3200.0,1800.0,1000.0,360,0,0,2,2,2,2,295000.0,1,1,3,3,1,78000.0,40.0,1,1,1,1,1,1,1,3,1,5,1,5,1,5,35-44,35-44,No,No,1,1,
2024,42660,WA,33.0,53033001904.0,Conventional:First Lien,Single Family (1-4 Units):Site-Built,Not Hispanic or Latino,Native Hawaiian or Other Pacific Islander,Female,Loan originated,1,625000.0,78.0,5.75,0.8,0,12000.0,4000.0,5000.0,3000.0,1500.0,360,0,0,2,2,2,2,805000.0,1,1,3,3,1,225000.0,25.0,1,1,2,5,2,4,2,9,2,4,1,5,2,4,45-54,35-44,No,No,1,1,
2024,12020,AK,68.0,02068000001.0,Conventional:First Lien,Single Family (1-4 Units):Site-Built,Not Hispanic or Latino,White,Male,Application withdrawn by applicant,1,415000.0,82.0,7.2,2.4,0,9800.0,2800.0,3800.0,2000.0,0,360,0,0,2,2,2,2,510000.0,1,1,3,3,1,155000.0,38.0,1,1,2,5,2,4,2,5,2,4,1,5,2,4,35-44,25-34,No,No,1,1,
2024,38900,OK,143.0,40143001500.0,Conventional:First Lien,Single Family (1-4 Units):Site-Built,Not Hispanic or Latino,White,Male,Loan originated,1,185000.0,85.0,7.8,3.1,0,6500.0,1800.0,2600.0,1300.0,500.0,360,0,0,2,2,2,2,220000.0,1,1,3,3,1,62000.0,36.0,1,1,2,5,2,4,2,5,2,4,1,5,2,4,45-54,35-44,No,No,1,1,
2024,29820,MS,5.0,28005000600.0,Conventional:Subordinate Lien,Single Family (1-4 Units):Site-Built,Not Hispanic or Latino,Black or African American,Female,Loan originated,32,35000.0,,9.25,5.0,0,2800.0,1000.0,1200.0,600.0,0,180,0,0,2,2,2,2,195000.0,1,1,3,3,1,48000.0,44.0,1,1,2,5,2,4,2,3,2,4,1,5,2,4,25-34,9999,No,,1,1,
2024,49180,WI,79.0,55079001803.0,Conventional:First Lien,Single Family (1-4 Units):Site-Built,Not Hispanic or Latino,White,Female,Loan originated,1,265000.0,72.0,6.4,1.6,0,7100.0,1900.0,2700.0,1400.0,800.0,360,0,0,2,2,2,2,370000.0,1,1,3,3,1,85000.0,29.0,1,1,2,5,2,4,2,5,2,4,1,5,2,4,35-44,35-44,No,No,1,1,
2024,10420,AL,73.0,01073001500.0,VA-guaranteed:First Lien,Single Family (1-4 Units):Site-Built,Hispanic or Latino,White,Male,Loan originated,1,295000.0,100.0,6.3,1.0,0,8900.0,2500.0,3500.0,1800.0,0,360,0,0,2,2,2,2,295000.0,1,1,3,3,1,75000.0,26.0,1,1,1,1,1,1,1,5,1,5,1,5,1,5,25-34,25-34,No,No,1,1,
2024,38080,OH,153.0,39153002704.0,Conventional:First Lien,Single Family (1-4 Units):Site-Built,Not Hispanic or Latino,White,Male,Application denied by financial institution,1,155000.0,92.0,8.2,4.0,0,5800.0,1600.0,2200.0,1100.0,0,360,0,0,2,2,2,2,170000.0,1,1,3,3,1,52000.0,50.0,1,1,2,5,2,4,2,5,2,4,1,5,2,4,45-54,35-44,No,No,1,1,
2024,42680,WA,11.0,53011000902.0,Conventional:First Lien,Single Family (1-4 Units):Site-Built,Not Hispanic or Latino,Asian,Female,Loan originated,1,755000.0,68.0,5.5,0.5,0,13500.0,4500.0,5500.0,3500.0,2000.0,360,0,0,2,2,2,2,1115000.0,1,1,3,3,1,285000.0,22.0,1,1,2,5,2,4,2,7,2,4,1,5,2,4,35-44,35-44,No,No,1,1,
2024,12060,AL,73.0,01073002800.0,Conventional:First Lien,Single Family (1-4 Units):Site-Built,Not Hispanic or Latino,White,Male,Loan originated,1,195000.0,78.0,7.1,2.1,0,6300.0,1700.0,2500.0,1300.0,700.0,360,0,0,2,2,2,2,250000.0,1,1,3,3,1,68000.0,33.0,1,1,2,5,2,4,2,5,2,4,1,5,2,4,35-44,25-34,No,No,1,1,
2024,35620,CA,37.0,06037013201.0,Conventional:First Lien,Single Family (1-4 Units):Site-Built,Hispanic or Latino,White,Male,Application approved but not accepted,1,525000.0,83.0,6.8,2.0,0,11200.0,3200.0,4200.0,2200.0,800.0,360,0,0,2,2,2,2,635000.0,1,1,3,3,1,185000.0,36.0,1,1,1,1,1,1,1,5,1,5,1,5,1,5,45-54,35-44,No,No,1,1,
2024,16980,TX,201.0,48201004503.0,FHA-insured:First Lien,Single Family (1-4 Units):Site-Built,Not Hispanic or Latino,Black or African American,Female,Loan originated,1,245000.0,96.5,7.0,1.9,0,7600.0,1900.0,2800.0,1500.0,900.0,360,0,0,2,2,2,2,255000.0,1,1,3,3,1,68000.0,42.0,1,1,2,5,2,4,2,3,2,4,1,5,2,4,25-34,25-34,No,No,1,1,
2024,14460,AZ,19.0,04019002307.0,Conventional:First Lien,Single Family (1-4 Units):Site-Built,Not Hispanic or Latino,White,Female,Loan originated,1,415000.0,76.0,6.5,1.4,0,8900.0,2300.0,3300.0,1700.0,1100.0,360,0,0,2,2,2,2,545000.0,1,1,3,3,1,145000.0,30.0,1,1,2,5,2,4,2,5,2,4,1,5,2,4,35-44,35-44,No,No,1,1,
2024,41860,PA,101.0,42101005402.0,Conventional:First Lien,Single Family (1-4 Units):Site-Built,Not Hispanic or Latino,White,Male,Application withdrawn by applicant,1,285000.0,88.0,7.4,2.6,0,8200.0,2200.0,3100.0,1600.0,300.0,360,0,0,2,2,2,2,325000.0,1,1,3,3,1,95000.0,40.0,1,1,2,5,2,4,2,5,2,4,1,5,2,4,45-54,35-44,No,No,1,1,
2024,19740,IL,43.0,17043001503.0,Conventional:First Lien,Single Family (1-4 Units):Site-Built,Not Hispanic or Latino,Asian,Male,Loan originated,1,465000.0,81.0,6.2,1.3,0,10200.0,2800.0,3800.0,2000.0,600.0,360,0,0,2,2,2,2,575000.0,1,1,3,3,1,195000.0,28.0,1,1,2,5,2,4,2,7,2,4,1,5,2,4,35-44,35-44,No,No,1,1,
2024,26420,MI,25.0,26025000800.0,Conventional:First Lien,Single Family (1-4 Units):Site-Built,Not Hispanic or Latino,White,Female,Loan originated,1,175000.0,74.0,7.3,2.5,0,5900.0,1500.0,2200.0,1100.0,500.0,360,0,0,2,2,2,2,235000.0,1,1,3,3,1,58000.0,31.0,1,1,2,5,2,4,2,5,2,4,1,5,2,4,25-34,25-34,No,No,1,1,
2024,33100,NC,183.0,37183004501.0,Conventional:First Lien,Single Family (1-4 Units):Site-Built,Hispanic or Latino,Black or African American,Female,Application denied by financial institution,1,305000.0,90.0,8.0,3.2,0,9300.0,2600.0,3600.0,1900.0,0,360,0,0,2,2,2,2,340000.0,1,1,3,3,1,82000.0,48.0,1,1,1,1,1,1,1,3,1,5,1,5,1,5,35-44,25-34,No,No,1,1,
2024,49180,WI,9.0,55009001202.0,Conventional:First Lien,Single Family (1-4 Units):Site-Built,Not Hispanic or Latino,White,Male,Loan originated,1,235000.0,69.0,6.6,1.8,0,6800.0,1800.0,2600.0,1300.0,700.0,360,0,0,2,2,2,2,340000.0,1,1,3,3,1,78000.0,27.0,1,1,2,5,2,4,2,5,2,4,1,5,2,4,45-54,35-44,No,No,1,1,
2024,10420,AL,73.0,01073000700.0,Conventional:Subordinate Lien,Single Family (1-4 Units):Site-Built,Not Hispanic or Latino,Black or African American,Male,Loan originated,32,55000.0,,9.75,5.5,0,3800.0,1400.0,1700.0,800.0,0,240,0,0,2,2,2,2,320000.0,1,1,3,3,1,55000.0,46.0,1,1,2,5,2,4,2,3,2,4,1,5,2,4,35-44,9999,No,,1,1,
2024,38900,OK,131.0,40131000900.0,Conventional:First Lien,Single Family (1-4 Units):Site-Built,Not Hispanic or Latino,White,Female,Loan originated,1,165000.0,82.0,7.5,2.7,0,5700.0,1600.0,2300.0,1200.0,400.0,360,0,0,2,2,2,2,200000.0,1,1,3,3,1,58000.0,34.0,1,1,2,5,2,4,2,5,2,4,1,5,2,4,25-34,25-34,No,No,1,1,
2024,29820,MS,81.0,28081000300.0,Conventional:First Lien,Single Family (1-4 Units):Site-Built,Not Hispanic or Latino,White,Male,Application approved but not accepted,1,145000.0,77.0,7.8,3.0,0,5200.0,1400.0,2000.0,1000.0,200.0,360,0,0,2,2,2,2,190000.0,1,1,3,3,1,48000.0,38.0,1,1,2,5,2,4,2,5,2,4,1,5,2,4,45-54,35-44,No,No,1,1,
2024,38080,OH,35.0,39035009204.0,Conventional:First Lien,Single Family (1-4 Units):Site-Built,Not Hispanic or Latino,White,Female,Loan originated,1,225000.0,73.0,6.8,1.9,0,6900.0,1900.0,2700.0,1400.0,800.0,360,0,0,2,2,2,2,310000.0,1,1,3,3,1,72000.0,29.0,1,1,2,5,2,4,2,5,2,4,1,5,2,4,35-44,35-44,No,No,1,1,
2024,42680,WA,53.0,53053001105.0,Conventional:First Lien,Single Family (1-4 Units):Site-Built,Not Hispanic or Latino,Asian,Female,Application withdrawn by applicant,1,685000.0,71.0,5.9,0.9,0,14800.0,4800.0,5800.0,3600.0,2200.0,360,0,0,2,2,2,2,965000.0,1,1,3,3,1,255000.0,24.0,1,1,2,5,2,4,2,7,2,4,1,5,2,4,35-44,35-44,No,No,1,1,
2024,12020,AK,68.0,02068000002.0,Conventional:First Lien,Single Family (1-4 Units):Site-Built,Not Hispanic or Latino,White,Male,Loan originated,1,375000.0,86.0,6.7,1.8,0,10500.0,2900.0,3900.0,2000.0,400.0,360,0,0,2,2,2,2,435000.0,1,1,3,3,1,145000.0,33.0,1,1,2,5,2,4,2,5,2,4,1,5,2,4,45-54,35-44,No,No,1,1,
2024,35620,CA,59.0,06059001402.0,Conventional:First Lien,Single Family (1-4 Units):Site-Built,Hispanic or Latino,White,Female,Loan originated,1,625000.0,84.0,6.4,1.6,0,13200.0,3800.0,4800.0,2600.0,800.0,360,0,0,2,2,2,2,745000.0,1,1,3,3,1,225000.0,31.0,1,1,1,1,1,1,1,5,1,5,1,5,1,5,35-44,35-44,No,No,1,1,
2024,16980,TX,113.0,48113002805.0,Conventional:First Lien,Single Family (1-4 Units):Site-Built,Not Hispanic or Latino,Asian,Male,Application denied by financial institution,1,385000.0,92.0,7.6,2.8,0,10800.0,3100.0,4100.0,2200.0,0,360,0,0,2,2,2,2,420000.0,1,1,3,3,1,165000.0,43.0,1,1,2,5,2,4,2,7,2,4,1,5,2,4,45-54,35-44,No,No,1,1,
2024,14460,AZ,21.0,04021002308.0,Conventional:First Lien,Single Family (1-4 Units):Site-Built,Not Hispanic or Latino,White,Male,Loan originated,1,485000.0,79.0,6.3,1.5,0,10500.0,2800.0,3800.0,2000.0,900.0,360,0,0,2,2,2,2,615000.0,1,1,3,3,1,185000.0,28.0,1,1,2,5,2,4,2,5,2,4,1,5,2,4,35-44,35-44,No,No,1,1,
2024,41860,PA,45.0,42045006703.0,Conventional:First Lien,Single Family (1-4 Units):Site-Built,Not Hispanic or Latino,Black or African American,Female,Loan originated,1,315000.0,77.0,6.9,2.0,0,8400.0,2200.0,3100.0,1600.0,700.0,360,0,0,2,2,2,2,410000.0,1,1,3,3,1,105000.0,32.0,1,1,2,5,2,4,2,3,2,4,1,5,2,4,25-34,25-34,No,No,1,1,
2024,19740,IL,31.0,17031006205.0,Conventional:First Lien,Single Family (1-4 Units):Site-Built,Not Hispanic or Latino,White,Male,Application approved but not accepted,1,395000.0,83.0,6.6,1.7,0,9800.0,2600.0,3600.0,1900.0,500.0,360,0,0,2,2,2,2,475000.0,1,1,3,3,1,175000.0,30.0,1,1,2,5,2,4,2,5,2,4,1,5,2,4,45-54,35-44,No,No,1,1,
2024,26420,MI,99.0,26099001102.0,FHA-insured:First Lien,Single Family (1-4 Units):Site-Built,Not Hispanic or Latino,White,Female,Loan originated,1,205000.0,96.5,7.15,2.1,0,7200.0,1800.0,2600.0,1400.0,800.0,360,0,0,2,2,2,2,215000.0,1,1,3,3,1,65000.0,39.0,1,1,2,5,2,4,2,5,2,4,1,5,2,4,25-34,25-34,No,No,1,1,
2024,33100,NC,371.0,37183010804.0,Conventional:First Lien,Single Family (1-4 Units):Site-Built,Hispanic or Latino,Black or African American,Male,Loan originated,1,335000.0,82.0,6.8,1.9,0,9200.0,2500.0,3500.0,1800.0,600.0,360,0,0,2,2,2,2,410000.0,1,1,3,3,1,95000.0,35.0,1,1,1,1,1,1,1,3,1,5,1,5,1,5,35-44,35-44,No,No,1,1,
2024,49180,WI,101.0,55101002301.0,Conventional:First Lien,Single Family (1-4 Units):Site-Built,Not Hispanic or Latino,White,Male,Application withdrawn by applicant,1,195000.0,75.0,7.0,2.3,0,6400.0,1700.0,2500.0,1300.0,400.0,360,0,0,2,2,2,2,260000.0,1,1,3,3,1,68000.0,37.0,1,1,2,5,2,4,2,5,2,4,1,5,2,4,45-54,35-44,No,No,1,1,
2024,10420,AL,73.0,01073001900.0,Conventional:First Lien,Single Family (1-4 Units):Site-Built,Not Hispanic or Latino,Black or African American,Female,Loan originated,1,175000.0,81.0,7.2,2.4,0,6100.0,1600.0,2400.0,1200.0,500.0,360,0,0,2,2,2,2,215000.0,1,1,3,3,1,55000.0,36.0,1,1,2,5,2,4,2,3,2,4,1,5,2,4,25-34,25-34,No,No,1,1,
2024,38900,OK,143.0,40143002100.0,Conventional:First Lien,Single Family (1-4 Units):Site-Built,Not Hispanic or Latino,White,Male,Loan originated,1,155000.0,80.0,7.6,2.9,0,5600.0,1500.0,2200.0,1100.0,300.0,360,0,0,2,2,2,2,195000.0,1,1,3,3,1,54000.0,40.0,1,1,2,5,2,4,2,5,2,4,1,5,2,4,35-44,35-44,No,No,1,1,
2024,29820,MS,59.0,28059000400.0,Conventional:Subordinate Lien,Single Family (1-4 Units):Site-Built,Not Hispanic or Latino,White,Female,File closed for incompleteness,32,25000.0,,8.9,4.5,0,2200.0,800.0,1000.0,500.0,0,180,0,0,2,2,2,2,165000.0,1,1,3,3,1,38000.0,52.0,1,1,2,5,2,4,2,5,2,4,1,5,2,4,45-54,9999,No,,1,1,
2024,38080,OH,35.0,39035012103.0,Conventional:First Lien,Single Family (1-4 Units):Site-Built,Not Hispanic or Latino,White,Female,Loan originated,1,245000.0,74.0,6.7,1.7,0,7200.0,1900.0,2800.0,1400.0,700.0,360,0,0,2,2,2,2,330000.0,1,1,3,3,1,75000.0,31.0,1,1,2,5,2,4,2,5,2,4,1,5,2,4,35-44,35-44,No,No,1,1,
2024,42680,WA,61.0,53061001507.0,Conventional:First Lien,Single Family (1-4 Units):Site-Built,Not Hispanic or Latino,Asian,Male,Application denied by,,,,,,,,,,,,,,,,,,,,,,,,,,,,,,,,,,,,,,,,,,,,,,,
2024,35620,CA,37.0,06037201001.0,Conventional:First Lien,Single Family (1-4 Units):Site-Built,Not Hispanic or Latino,Asian,Male,Loan originated,1,485000.0,80.0,6.75,2.5,0,8500.0,1200.0,3500.0,0.5,500.0,360,0,0,2,2,2,2,425000.0,1,1,3,5,1,150000.0,38.0,1,1,2,2,1,1,6,6,1,1,1,1,1,1,35-44,35-44,No,No,1,1,
2024,41860,TX,113.0,48113030802.0,Conventional:First Lien,Single Family (1-4 Units):Site-Built,Hispanic or Latino,White,Female,Application denied,1,320000.0,90.0,7.25,3.0,0,9500.0,1800.0,4200.0,1.0,0,180,0,0,2,2,2,2,355000.0,1,1,3,5,1,75000.0,45.0,1,5,1,5,1,2,5,5,1,2,2,5,1,5,25-34,9999,No,,1,1,
2024,38060,IL,31.0,17031839700.0,FHA:First Lien,Single Family (1-4 Units):Site-Built,Not Hispanic or Latino,Black or African American,Male,Loan originated,1,275000.0,85.0,6.5,1.75,0,7200.0,900.0,2800.0,0.25,750.0,360,0,0,2,2,2,2,325000.0,1,1,3,5,1,85000.0,42.0,1,1,2,2,1,1,3,3,1,1,1,1,1,1,45-54,45-54,No,No,1,1,
2024,12060,AL,73.0,01073010602.0,VA:First Lien,Single Family (1-4 Units):Site-Built,Not Hispanic or Latino,White,Male,Loan originated,1,315000.0,95.0,5.75,0.5,0,6800.0,600.0,2500.0,0.125,1000.0,360,0,0,2,2,2,2,330000.0,1,1,3,5,1,95000.0,36.0,1,1,2,2,1,1,5,5,1,1,1,1,1,1,55-64,55-64,Yes,Yes,1,1,
2024,14460,AZ,13.0,04013070801.0,Conventional:Subordinate Lien,Single Family (1-4 Units):Site-Built,Hispanic or Latino,American Indian or Alaska Native,Female,File closed for incompleteness,2,45000.0,,,,0,,,,,,180,,,2,2,2,2,,1,1,3,5,1,55000.0,,1,5,1,5,1,2,5,5,1,2,2,5,1,5,35-44,9999,No,,1,1,
2024,19740,FL,53.0,12033011205.0,Conventional:First Lien,Single Family (1-4 Units):Site-Built,Not Hispanic or Latino,White,Female,Loan originated,1,425000.0,75.0,6.25,2.0,0,7800.0,1100.0,3200.0,0.375,650.0,360,0,0,2,2,2,2,565000.0,1,1,3,5,1,135000.0,32.0,1,1,2,2,1,1,5,5,1,1,2,2,1,1,25-34,25-34,No,No,1,1,
2024,35620,CA,37.0,06037213002.0,Conventional:First Lien,Single Family (1-4 Units):Site-Built,Not Hispanic or Latino,Native Hawaiian or Other Pacific Islander,Male,Application withdrawn,1,650000.0,70.0,5.5,1.25,0,11500.0,2200.0,4800.0,0.75,300.0,360,0,0,2,2,2,2,925000.0,1,1,3,5,1,225000.0,28.0,1,5,2,5,1,2,6,5,1,2,1,5,1,5,35-44,9999,No,,1,1,
2024,19100,DE,3.0,10003030201.0,FHA:First Lien,Single Family (1-4 Units):Site-Built,Not Hispanic or Latino,White,Male,Loan originated,1,195000.0,88.0,6.75,2.25,0,6200.0,800.0,2400.0,0.25,850.0,360,0,0,2,2,2,2,220000.0,1,1,3,5,1,65000.0,40.0,1,1,2,2,1,1,5,5,1,1,1,1,1,1,25-34,25-34,No,No,1,1,
2024,38900,KS,177.0,20177000400.0,Conventional:First Lien,Single Family (1-4 Units):Site-Built,Not Hispanic or Latino,Asian,Female,Loan originated,1,185000.0,78.0,6.0,1.5,0,5400.0,700.0,2100.0,0.125,950.0,360,0,0,2,2,2,2,235000.0,1,1,3,5,1,70000.0,34.0,1,1,2,2,1,1,6,6,1,1,2,2,1,1,45-54,45-54,No,No,1,1,
2024,12060,AL,55.0,01055020401.0,Conventional:First Lien,Single Family (1-4 Units):Site-Built,Hispanic or Latino,Black or African American,Male,Application denied,1,165000.0,92.0,7.75,3.5,0,8800.0,1600.0,3800.0,1.25,0,180,0,0,2,2,2,2,180000.0,1,1,3,5,1,48000.0,48.0,1,5,1,5,1,2,3,5,1,2,1,5,1,5,35-44,9999,No,,1,1,
2024,14460,AZ,21.0,04021010303.0,Conventional:First Lien,Single Family (1-4 Units):Site-Built,Not Hispanic or Latino,White,Female,Loan originated,1,385000.0,82.0,6.5,2.25,0,8100.0,1300.0,3400.0,0.5,600.0,360,0,0,2,2,2,2,470000.0,1,1,3,5,1,115000.0,36.0,1,1,2,2,1,1,5,5,1,1,2,2,1,1,35-44,35-44,No,No,1,1,
2024,19740,FL,57.0,12057011606.0,Conventional:Subordinate Lien,Single Family (1-4 Units):Site-Built,Not Hispanic or Latino,White,Male,Loan originated,2,75000.0,,8.0,4.0,0,4200.0,800.0,1800.0,0.75,0,240,0,0,2,2,2,2,425000.0,1,1,3,5,1,125000.0,30.0,1,1,2,2,1,1,5,5,1,1,1,1,1,1,55-64,55-64,Yes,Yes,1,1,
2024,41860,TX,201.0,48201020604.0,Conventional:First Lien,Single Family (1-4 Units):Site-Built,Hispanic or Latino,White,Male,Loan originated,1,295000.0,88.0,7.0,2.75,0,8900.0,1500.0,3900.0,0.875,400.0,360,0,0,2,2,2,2,335000.0,1,1,3,5,1,85000.0,44.0,1,1,1,1,1,1,5,5,1,1,1,1,1,1,45-54,45-54,No,No,1,1,
2024,38060,IL,43.0,17043150302.0,FHA:First Lien,Single Family (1-4 Units):Site-Built,Not Hispanic or Latino,Black or African American,Female,Application denied,1,205000.0,93.0,7.0,2.5,0,7600.0,1200.0,3200.0,0.75,0,360,0,0,2,2,2,2,220000.0,1,1,3,5,1,58000.0,46.0,1,5,2,5,1,2,3,5,1,2,2,5,1,5,25-34,9999,No,,1,1,
2024,35620,CA,71.0,06071020301.0,Conventional:First Lien,Single Family (1-4 Units):Site-Built,Not Hispanic or Latino,Asian,Female,Loan originated,1,825000.0,65.0,5.25,0.75,0,12800.0,2800.0,5600.0,1.0,200.0,360,0,0,2,2,2,2,1265000.0,1,1,3,5,1,310000.0,26.0,1,1,2,2,1,1,6,6,1,1,2,2,1,1,35-44,35-44,No,No,1,1,
2024,19100,DE,5.0,10005040100.0,Conventional:First Lien,Single Family (1-4 Units):Site-Built,Not Hispanic or Latino,White,Male,Application withdrawn,1,275000.0,84.0,6.75,2.5,0,8200.0,1400.0,3600.0,0.625,500.0,360,0,0,2,2,2,2,325000.0,1,1,3,5,1,95000.0,38.0,1,5,2,5,1,2,5,5,1,2,1,5,1,5,45-54,9999,No,,1,1,
2024,38900,KS,91.0,20091020403.0,Conventional:First Lien,Single Family (1-4 Units):Site-Built,Not Hispanic or Latino,White,Female,Loan originated,1,155000.0,75.0,6.25,1.75,0,5100.0,650.0,2000.0,0.125,1000.0,360,0,0,2,2,2,2,205000.0,1,1,3,5,1,60000.0,32.0,1,1,2,2,1,1,5,5,1,1,2,2,1,1,25-34,25-34,No,No,1,1,
2024,12060,AL,73.0,01073020504.0,VA:First Lien,Single Family (1-4 Units):Site-Built,Not Hispanic or Latino,Black or African American,Male,Loan originated,1,195000.0,96.0,5.5,0.25,0,6100.0,500.0,2300.0,0,1200.0,360,0,0,2,2,2,2,205000.0,1,1,3,5,1,62000.0,35.0,1,1,3,3,1,1,3,3,1,1,1,1,1,1,35-44,35-44,No,No,1,1,
2024,14460,AZ,25.0,04025010802.0,Conventional:First Lien,Single Family (1-4 Units):Site-Built,Hispanic or Latino,White,Male,Loan originated,1,425000.0,80.0,6.75,2.25,0,9200.0,1600.0,3800.0,0.75,450.0,360,0,0,2,2,2,2,530000.0,1,1,3,5,1,130000.0,34.0,1,1,1,1,1,1,5,5,1,1,1,1,1,1,35-44,35-44,No,No,1,1,
2024,19740,FL,9.0,12009020501.0,Conventional:First Lien,Single Family (1-4 Units):Site-Built,Not Hispanic or Latino,White,Female,Application denied,1,365000.0,87.0,7.5,3.25,0,10100.0,1900.0,4100.0,1.125,0,180,0,0,2,2,2,2,420000.0,1,1,3,5,1,105000.0,47.0,1,5,2,5,1,2,5,5,1,2,2,5,1,5,45-54,9999,No,,1,1,
2024,41860,TX,39.0,48039030205.0,Conventional:First Lien,Single Family (1-4 Units):Site-Built,Hispanic or Latino,Asian,Male,Loan originated,1,375000.0,83.0,6.875,2.5,0,8600.0,1400.0,3500.0,0.625,550.0,360,0,0,2,2,2,2,450000.0,1,1,3,5,1,125000.0,37.0,1,1,1,6,1,1,6,6,1,1,1,2,1,1,35-44,35-44,No,No,1,1,
2024,38060,IL,31.0,17031200407.0,FHA:First Lien,Single Family (1-4 Units):Site-Built,Not Hispanic or Latino,White,Male,Loan originated,1,245000.0,89.0,6.625,2.0,0,7100.0,950.0,2700.0,0.375,900.0,360,0,0,2,2,2,2,275000.0,1,1,3,5,1,75000.0,41.0,1,1,2,2,1,1,5,5,1,1,1,1,1,1,25-34,25-34,No,No,1,1,
2024,35620,CA,59.0,06059410101.0,Conventional:First Lien,Single Family (1-4 Units):Site-Built,Not Hispanic or Latino,White,Female,Application withdrawn,1,725000.0,72.0,5.75,1.0,0,11900.0,2400.0,4800.0,0.875,350.0,360,0,0,2,2,2,2,1005000.0,1,1,3,5,1,275000.0,29.0,1,5,2,5,1,2,5,5,1,2,2,5,1,5,35-44,9999,No,,1,1,
2024,19100,DE,1.0,10001030202.0,Conventional:First Lien,Single Family (1-4 Units):Site-Built,Not Hispanic or Latino,Black or African American,Female,Loan originated,1,225000.0,85.0,6.5,1.75,0,7300.0,1100.0,2900.0,0.5,800.0,360,0,0,2,2,2,2,265000.0,1,1,3,5,1,82000.0,39.0,1,1,3,3,1,1,3,3,1,1,2,2,1,1,45-54,45-54,No,No,1,1,
2024,38900,KS,103.0,20103040101.0,Conventional:First Lien,Single Family (1-4 Units):Site-Built,Not Hispanic or Latino,White,Male,Loan originated,1,175000.0,77.0,6.125,1.5,0,5800.0,750.0,2200.0,0.25,1100.0,360,0,0,2,2,2,2,225000.0,1,1,3,5,1,68000.0,33.0,1,1,2,2,1,1,5,5,1,1,1,1,1,1,35-44,35-44,No,No,1,1,
2024,12060,AL,89.0,01089010302.0,Conventional:First Lien,Single Family (1-4 Units):Site-Built,Hispanic or Latino,White,Male,Application denied,1,145000.0,91.0,7.875,3.75,0,8100.0,1400.0,3400.0,1.0,0,180,0,0,2,2,2,2,160000.0,1,1,3,5,1,45000.0,49.0,1,5,1,5,1,2,5,5,1,2,1,5,1,5,25-34,9999,No,,1,1,
2024,14460,AZ,19.0,04019020803.0,Conventional:Subordinate Lien,Single Family (1-4 Units):Site-Built,Not Hispanic or Latino,Asian,Female,File closed for incompleteness,2,55000.0,,,,0,,,,,,180,,,2,2,2,2,,1,1,3,5,1,65000.0,,1,5,2,5,1,2,6,5,1,2,2,5,1,5,45-54,9999,No,,1,1,
2024,19740,FL,15.0,12015030402.0,Conventional:First Lien,Single Family (1-4 Units):Site-Built,Not Hispanic or Latino,White,Male,Loan originated,1,395000.0,78.0,6.125,1.75,0,8400.0,1300.0,3300.0,0.5,750.0,360,0,0,2,2,2,2,505000.0,1,1,3,5,1,145000.0,31.0,1,1,2,2,1,1,5,5,1,1,1,1,1,1,45-54,45-54,No,No,1,1,
2024,41860,TX,201.0,48201040703.0,Conventional:First Lien,Single Family (1-4 Units):Site-Built,Hispanic or Latino,White,Female,Loan originated,1,340000.0,86.0,6.875,2.5,0,8800.0,1500.0,3700.0,0.75,500.0,360,0,0,2,2,2,2,395000.0,1,1,3,5,1,105000.0,40.0,1,1,1,1,1,1,5,5,1,1,2,2,1,1,35-44,35-44,No,No,1,1,
2024,38060,IL,43.0,17043020108.0,FHA:First Lien,Single Family (1-4 Units):Site-Built,Not Hispanic or Latino,Asian,Male,Loan originated,1,285000.0,91.0,6.75,2.25,0,7700.0,1050.0,3000.0,0.5,800.0,360,0,0,2,2,2,2,315000.0,1,1,3,5,1,88000.0,43.0,1,1,2,6,1,1,6,6,1,1,1,2,1,1,25-34,25-34,No,No,1,1,
2024,35620,CA,65.0,06065200401.0,Conventional:First Lien,Single Family (1-4 Units):Site-Built,Not Hispanic or Latino,White,Female,Loan originated,1,925000.0,68.0,5.0,0.5,0,14200.0,3200.0,6200.0,1.25,150.0,360,0,0,2,2,2,2,1360000.0,1,1,3,5,1,350000.0,24.0,1,1,2,2,1,1,5,5,1,1,2,2,1,1,35-44,35-44,No,No,1,1,
2024,19100,DE,3.0,10003050101.0,Conventional:First Lien,Single Family (1-4 Units):Site-Built,Not Hispanic or Latino,Black or African American,Female,Application denied,1,185000.0,89.0,7.25,3.0,0,7900.0,1300.0,3400.0,0.875,0,180,0,0,2,2,2,2,208000.0,1,1,3,5,1,58000.0,46.0,1,5,3,5,1,2,3,5,1,2,2,5,1,5,45-54,9999,No,,1,1,
2024,38900,KS,77.0,20077030202.0,Conventional:First Lien,Single Family (1-4 Units):Site-Built,Not Hispanic or Latino,White,Male,Loan originated,1,195000.0,79.0,6.375,1.875,0,6300.0,850.0,2400.0,0.375,950.0,360,0,0,2,2,2,2,245000.0,1,1,3,5,1,72000.0,35.0,1,1,2,2,1,1,5,5,1,1,1,1,1,1,55-64,55-64,Yes,Yes,1,1,
2024,12060,AL,73.0,01073030801.0,VA:First Lien,Single Family (1-4 Units):Site-Built,Not Hispanic or Latino,White,Male,Loan originated,1,215000.0,97.0,5.75,0.375,0,6500.0,550.0,2300.0,0,1350.0,360,0,0,2,2,2,2,222000.0,1,1,3,5,1,68000.0,33.0,1,1,2,2,1,1,5,5,1,1,1,1,1,1,35-44,35-44,No,No,1,1,
2024,14460,AZ,27.0,04027010904.0,Conventional:First Lien,Single Family (1-4 Units):Site-Built,Hispanic or Latino,White,Female,Loan originated,1,465000.0,81.0,6.625,2.125,0,9600.0,1700.0,3900.0,0.625,500.0,360,0,0,2,2,2,2,575000.0,1,1,3,5,1,140000.0,33.0,1,1,1,1,1,1,5,5,1,1,2,2,1,1,25-34,25-34,No,No,1,1,
2024,19740,FL,53.0,12033020804.0,Conventional:Subordinate Lien,Single Family (1-4 Units):Site-Built,Not Hispanic or Latino,Native Hawaiian or Other Pacific Islander,Male,Loan originated,2,95000.0,,7.5,3.25,0,5200.0,950.0,2100.0,0.625,0,240,0,0,2,2,2,2,485000.0,1,1,3,5,1,155000.0,28.0,1,1,2,6,1,1,6,6,1,1,1,2,1,1,45-54,45-54,No,No,1,1,
2024,41860,TX,141.0,48141030203.0,Conventional:First Lien,Single Family (1-4 Units):Site-Built,Hispanic or Latino,Black or African American,Female,Application withdrawn,1,285000.0,84.0,6.875,2.375,0,8400.0,1400.0,3500.0,0.75,600.0,360,0,0,2,2,2,2,340000.0,1,1,3,5,1,95000.0,39.0,1,5,1,3,1,2,3,3,1,2,2,5,1,5,35-44,9999,No,,1,1,
2024,38060,IL,53.0,17053010402.0,FHA:First Lien,Single Family (1-4 Units):Site-Built,Not Hispanic or Latino,White,Male,Loan originated,1,265000.0,90.0,6.625,2.125,0,7300.0,1000.0,2850.0,0.5,850.0,360,0,0,2,2,2,2,295000.0,1,1,3,5,1,78000.0,42.0,1,1,2,2,1,1,5,5,1,1,1,1,1,1,25-34,25-34,No,No,1,1,
2024,35620,CA,37.0,06037208001.0,Conventional:First Lien,Single Family (1-4 Units):Site-Built,Not Hispanic or Latino,Asian,Female,Loan originated,1,775000.0,73.0,5.5,1.25,0,13200.0,2600.0,5200.0,0.875,250.0,360,0,0,2,2,2,2,1060000.0,1,1,3,5,1,290000.0,27.0,1,1,2,6,1,1,6,6,1,1,2,2,1,1,35-44,35-44,No,No,1,1,
2024,19100,DE,5.0,10005060201.0,Conventional:First Lien,Single Family (1-4 Units):Site-Built,Not Hispanic or Latino,White,Female,Loan originated,1,245000.0,83.0,6.375,1.625,0,7600.0,1100.0,2900.0,0.5,800.0,360,0,0,2,2,2,2,295000.0,1,1,3,5,1,85000.0,36.0,1,1,2,2,1,1,5,5,1,1,2,2,1,1,45-54,45-54,No,No,1,1,
2024,38900,KS,91.0,20091010501.0,Conventional:First Lien,Single Family (1-4 Units):Site-Built,Not Hispanic or Latino,White,Male,Application denied,1,165000.0,88.0,7.5,3.25,0,8100.0,1400.0,3300.0,0.875,0,180,0,0,2,2,2,2,188000.0,1,1,3,5,1,52000.0,47.0,1,5,2,2,1,2,5,5,1,2,1,5,1,5,35-44,9999,No,,1,1,
2024,12060,AL,125.0,01125040102.0,Conventional:First Lien,Single Family (1-4 Units):Site-Built,Hispanic or Latino,American Indian or Alaska Native,Male,Loan originated,1,155000.0,82.0,6.75,2.25,0,6700.0,950.0,2600.0,0.5,650.0,360,0,0,2,2,2,2,189000.0,1,1,3,5,1,55000.0,38.0,1,1,1,5,1,1,5,5,1,1,1,5,1,1,25-34,25-34,No,No,1,1,
2024,14460,AZ,13.0,04013090203.0,Conventional:First Lien,Single Family (1-4 Units):Site-Built,Not Hispanic or Latino,White,Female,Loan originated,1,505000.0,76.0,6.0,1.5,0,10200.0,1900.0,4200.0,0.625,650.0,360,0,0,2,2,2,2,665000.0,1,1,3,5,1,165000.0,30.0,1,1,2,2,1,1,5,5,1,1,2,2,1,1,35-44,35-44,No,No,1,1,
2024,19740,FL,31.0,12031020803.0,Conventional:First Lien,Single Family (1-4 Units):Site-Built,Not Hispanic or Latino,Black or African American,Female,Application withdrawn,1,315000.0,86.0,6.875,2.375,0,8800.0,1500.0,3600.0,0.75,500.0,360,0,0,2,2,2,2,365000.0,1,1,3,5,1,105000.0,41.0,1,5,3,5,1,2,3,5,1,2,2,5,1,5,45-54,9999,No,,1,1,
2024,41860,TX,39.0,48039010504.0,Conventional:First Lien,Single Family (1-4 Units):Site-Built,Hispanic or Latino,White,Male,Loan originated,1,355000.0,85.0,6.75,2.125,0,8700.0,1450.0,3650.0,0.625,600.0,360,0,0,2,2,2,2,415000.0,1,1,3,5,1,115000.0,36.0,1,1,1,1,1,1,5,5,1,1,1,1,1,1,35-44,35-44,No,No,1,1,
2024,38060,IL,97.0,17097020301.0,FHA:First Lien,Single Family (1-4 Units):Site-Built,Not Hispanic or Latino,Asian,Female,Loan originated,1,305000.0,92.0,6.75,2.25,0,8000.0,,,,,,,,,,,,,,,,,,,,,,,,,,,,,,,,,,,,,,,,
2024,35620,NY,36005.0,36005980200.0,Conventional:First Lien,Single Family (1-4 Units):Site-Built,Not Hispanic or Latino,Asian,Male,Loan originated,1,385000.0,85.0,6.75,2.5,2,8500,3500,2800,1500,800,360,0,0,2,2,2,2,,385000,1,1,3,3,1,,125000,38,1,1,2,2,2,2,2,2,2,2,1,1,2,2,45-54,35-44,No,No,1
2024,31080,CA,6073.0,6073410500.0,FHA-insured:First Lien,Single Family (1-4 Units):Site-Built,Hispanic or Latino,White,Female,Loan originated,1,425000.0,96.5,7.25,3.0,1,12000,5000,4200,2000,1200,360,0,0,2,2,2,2,,425000,1,1,3,3,1,,98000,42,1,1,1,1,2,2,5,5,2,2,2,2,2,2,35-44,25-34,No,No,1
2024,16980,TX,48113.0,48113020601.0,VA-guaranteed:First Lien,Single Family (1-4 Units):Site-Built,Not Hispanic or Latino,White,Male,Loan originated,1,315000.0,100.0,6.5,2.0,1,9500,3800,3000,1800,900,360,0,0,2,2,2,2,,315000,1,1,3,3,1,,88000,35,1,1,2,2,2,2,5,5,2,2,1,1,2,2,25-34,25-34,No,No,1
2024,19100,FL,12011.0,12011010502.0,Conventional:First Lien,Single Family (1-4 Units):Site-Built,Not Hispanic or Latino,Black or African American,Female,Application denied by financial institution,1,275000.0,,7.75,4.0,1,,,,,,,,,,,,,,,,1,1,3,3,1,,75000,48,1,6,2,5,2,4,3,5,2,2,2,5,2,2,45-54,9999,No,
2024,26420,IL,17113.0,17113001700.0,Conventional:Subordinate Lien,Single Family (1-4 Units):Site-Built,Not Hispanic or Latino,White,Male,Loan originated,3,75000.0,15.0,8.25,5.0,2,4500,2200,1800,800,500,180,0,0,2,2,2,2,,500000,1,1,3,3,1,,150000,28,1,1,2,2,2,2,5,5,2,2,1,1,2,2,55-64,55-64,Yes,Yes,1
2024,41860,WA,53033.0,53033030902.0,Conventional:First Lien,Single Family (1-4 Units):Site-Built,Hispanic or Latino,Asian,Male,Loan originated,1,550000.0,80.0,6.875,2.75,1,11500,4800,3800,2200,1100,360,0,0,2,2,2,2,,550000,1,1,3,3,1,,165000,32,1,1,1,1,2,2,2,2,2,2,1,1,2,2,35-44,35-44,No,No,1
2024,38060,TX,48121.0,48121010600.0,Conventional:First Lien,Single Family (1-4 Units):Site-Built,Not Hispanic or Latino,White,Female,Application withdrawn,1,395000.0,,,,1,,,,,,,,,,,,,,,,1,1,3,3,1,,115000,,1,6,2,5,2,4,5,5,2,2,2,5,2,2,25-34,25-34,No,No
2024,12060,PA,42003.0,42003030100.0,Conventional:First Lien,Single Family (1-4 Units):Site-Built,Not Hispanic or Latino,White,Male,Loan originated,1,285000.0,75.0,6.625,2.25,1,7800,3200,2600,1400,700,360,0,0,2,2,2,2,,285000,1,1,3,3,1,,85000,31,1,1,2,2,2,2,5,5,2,2,1,1,2,2,35-44,35-44,No,No,1
2024,14460,OH,39035.0,39035000100.0,FHA-insured:First Lien,Single Family (1-4 Units):Site-Built,Not Hispanic or Latino,Black or African American,Female,Loan originated,1,195000.0,96.5,7.125,3.25,1,8500,3600,2800,1600,800,360,0,0,2,2,2,2,,195000,1,1,3,3,1,,58000,45,1,1,2,5,2,2,3,5,2,2,2,2,2,2,25-34,35-44,No,No,1
2024,33100,CA,6075.0,6075509300.0,Conventional:First Lien,Single Family (1-4 Units):Site-Built,Not Hispanic or Latino,Asian,Female,Loan originated,1,685000.0,70.0,6.5,2.0,1,13500,5500,4400,2500,1300,360,0,0,2,2,2,2,,685000,1,1,3,3,1,,220000,29,1,1,2,2,2,2,2,2,2,2,2,2,2,2,45-54,45-54,No,No,1
2024,12060,PA,42007.0,42007000201.0,Conventional:Subordinate Lien,Single Family (1-4 Units):Site-Built,Not Hispanic or Latino,White,Male,Loan originated,3,125000.0,25.0,8.75,5.5,2,5500,2800,2200,1000,600,240,0,0,2,2,2,2,,500000,1,1,3,3,1,,180000,25,1,1,2,2,2,2,5,5,2,2,1,1,2,2,55-64,55-64,Yes,Yes,1
2024,35620,NY,36047.0,36047008300.0,Conventional:First Lien,Single Family (1-4 Units):Site-Built,Not Hispanic or Latino,White,Female,File closed for incompleteness,1,425000.0,,,,1,,,,,,,,,,,,,,,,1,1,3,3,1,,135000,,1,6,2,5,2,4,5,5,2,2,2,5,2,2,35-44,9999,No,
2024,41860,WA,53061.0,53061041100.0,Conventional:First Lien,Single Family (1-4 Units):Site-Built,Hispanic or Latino,White,Male,Loan originated,1,475000.0,85.0,7.0,2.5,1,10200,4200,3400,1900,1000,360,0,0,2,2,2,2,,475000,1,1,3,3,1,,125000,36,1,1,1,1,2,2,5,5,2,2,1,1,2,2,35-44,35-44,No,No,1
2024,16980,TX,48113.0,48113020800.0,VA-guaranteed:First Lien,Single Family (1-4 Units):Site-Built,Not Hispanic or Latino,White,Male,Loan originated,1,365000.0,100.0,6.375,1.75,1,8800,3600,2900,1700,850,360,0,0,2,2,2,2,,365000,1,1,3,3,1,,95000,33,1,1,2,2,2,2,5,5,2,2,1,1,2,2,25-34,25-34,No,No,1
2024,19100,FL,12057.0,12057001600.0,Conventional:First Lien,Single Family (1-4 Units):Site-Built,Not Hispanic or Latino,Black or African American,Female,Application denied by financial institution,1,325000.0,,8.0,4.5,1,,,,,,,,,,,,,,,,1,1,3,3,1,,85000,52,1,6,2,5,2,4,3,5,2,2,2,5,2,2,35-44,9999,No,
2024,26420,IL,17031.0,17031006100.0,Conventional:First Lien,Single Family (1-4 Units):Site-Built,Not Hispanic or Latino,Asian,Male,Loan originated,1,415000.0,78.0,6.75,2.25,1,9200,3800,3000,1800,900,360,0,0,2,2,2,2,,415000,1,1,3,3,1,,118000,30,1,1,2,2,2,2,2,2,2,2,1,1,2,2,45-54,35-44,No,No,1
2024,33100,CA,6073.0,6073410700.0,Conventional:First Lien,Single Family (1-4 Units):Site-Built,Not Hispanic or Latino,White,Female,Loan originated,1,725000.0,68.0,6.625,1.875,1,14200,5800,4600,2700,1400,360,0,0,2,2,2,2,,725000,1,1,3,3,1,,235000,27,1,1,2,2,2,2,5,5,2,2,2,2,2,2,45-54,45-54,No,No,1
2024,38060,TX,48121.0,48121010800.0,FHA-insured:First Lien,Single Family (1-4 Units):Site-Built,Hispanic or Latino,White,Male,Loan originated,1,295000.0,96.5,7.375,3.5,1,9800,4100,3300,1900,1000,360,0,0,2,2,2,2,,295000,1,1,3,3,1,,75000,44,1,1,1,1,2,2,5,5,2,2,1,1,2,2,25-34,25-34,No,No,1
2024,12060,PA,42003.0,42003030200.0,Conventional:First Lien,Single Family (1-4 Units):Site-Built,Not Hispanic or Latino,White,Male,Application approved but not accepted,1,265000.0,82.0,6.875,2.75,1,8200,3400,2700,1500,800,360,0,0,2,2,2,2,,265000,1,1,3,3,1,,82000,34,1,1,2,2,2,2,5,5,2,2,1,1,2,2,35-44,35-44,No,No,1
2024,14460,OH,39051.0,39051002300.0,Conventional:Subordinate Lien,Single Family (1-4 Units):Site-Built,Not Hispanic or Latino,White,Female,Loan originated,3,95000.0,20.0,8.5,5.25,2,4800,2400,1900,900,500,180,0,0,2,2,2,2,,475000,1,1,3,3,1,,145000,24,1,1,2,2,2,2,5,5,2,2,2,2,2,2,45-54,45-54,No,No,1
2024,35620,NY,36081.0,36081008800.0,Conventional:First Lien,Single Family (1-4 Units):Site-Built,Not Hispanic or Latino,Asian,Female,Loan originated,1,585000.0,72.0,6.5,2.0,1,11800,4800,3800,2200,1200,360,0,0,2,2,2,2,,585000,1,1,3,3,1,,175000,28,1,1,2,2,2,2,2,2,2,2,2,2,2,2,35-44,35-44,No,No,1
2024,41860,WA,53033.0,53033031000.0,Conventional:First Lien,Single Family (1-4 Units):Site-Built,Not Hispanic or Latino,White,Male,Loan originated,1,525000.0,83.0,6.875,2.625,1,10800,4400,3500,2000,1050,360,0,0,2,2,2,2,,525000,1,1,3,3,1,,140000,32,1,1,2,2,2,2,5,5,2,2,1,1,2,2,45-54,35-44,No,No,1
2024,16980,TX,48113.0,48113021000.0,Conventional:First Lien,Single Family (1-4 Units):Site-Built,Hispanic or Latino,Black or African American,Male,Application denied by financial institution,1,345000.0,,8.25,4.75,1,,,,,,,,,,,,,,,,1,1,3,3,1,,88000,49,1,6,1,3,2,4,3,3,2,2,1,5,2,2,35-44,9999,No,
2024,19100,FL,12095.0,12095020100.0,Conventional:First Lien,Single Family (1-4 Units):Site-Built,Not Hispanic or Latino,White,Female,Loan originated,1,375000.0,79.0,7.0,2.75,1,9800,4000,3200,1800,950,360,0,0,2,2,2,2,,375000,1,1,3,3,1,,110000,35,1,1,2,2,2,2,5,5,2,2,2,2,2,2,45-54,35-44,No,No,1
2024,26420,IL,17197.0,17197004100.0,FHA-insured:First Lien,Single Family (1-4 Units):Site-Built,Not Hispanic or Latino,White,Male,Loan originated,1,225000.0,96.5,7.125,3.25,1,8200,3500,2800,1600,850,360,0,0,2,2,2,2,,225000,1,1,3,3,1,,65000,46,1,1,2,2,2,2,5,5,2,2,1,1,2,2,25-34,25-34,No,No,1
2024,33100,CA,6075.0,6075509500.0,Conventional:First Lien,Single Family (1-4 Units):Site-Built,Not Hispanic or Latino,Asian,Male,Loan originated,1,795000.0,65.0,6.375,1.75,1,15200,6200,4900,2900,1500,360,0,0,2,2,2,2,,795000,1,1,3,3,1,,265000,26,1,1,2,2,2,2,2,2,2,2,1,1,2,2,45-54,45-54,No,No,1
2024,38060,TX,48121.0,48121011000.0,VA-guaranteed:First Lien,Single Family (1-4 Units):Site-Built,Not Hispanic or Latino,White,Male,Loan originated,1,405000.0,100.0,6.25,1.5,1,9200,3800,3000,1800,900,360,0,0,2,2,2,2,,405000,1,1,3,3,1,,105000,31,1,1,2,2,2,2,5,5,2,2,1,1,2,2,25-34,25-34,No,No,1
2024,12060,PA,42007.0,42007000300.0,Conventional:Subordinate Lien,Single Family (1-4 Units):Site-Built,Not Hispanic or Latino,White,Female,Loan originated,3,155000.0,30.0,8.75,5.75,2,6200,3100,2500,1200,700,240,0,0,2,2,2,2,,516667,1,1,3,3,1,,195000,23,1,1,2,2,2,2,5,5,2,2,2,2,2,2,55-64,55-64,Yes,Yes,1
2024,14460,OH,39113.0,39113000900.0,Conventional:First Lien,Single Family (1-4 Units):Site-Built,Not Hispanic or Latino,Black or African American,Female,Loan originated,1,185000.0,88.0,7.5,3.75,1,7800,3200,2600,1400,750,360,0,0,2,2,2,2,,185000,1,1,3,3,1,,55000,41,1,1,2,5,2,2,3,5,2,2,2,2,2,2,25-34,35-44,No,No,1
2024,35620,NY,36047.0,36047008500.0,Conventional:First Lien,Single Family (1-4 Units):Site-Built,Not Hispanic or Latino,White,Male,Application withdrawn,1,465000.0,,,,1,,,,,,,,,,,,,,,,1,1,3,3,1,,148000,,1,6,2,5,2,4,5,5,2,2,2,5,2,2,45-54,35-44,No,No
2024,41860,WA,53061.0,53061041300.0,Conventional:First Lien,Single Family (1-4 Units):Site-Built,Hispanic or Latino,Asian,Female,Loan originated,1,625000.0,77.0,6.75,2.5,1,12200,5000,4000,2300,1200,360,0,0,2,2,2,2,,625000,1,1,3,3,1,,185000,29,1,1,1,1,2,2,2,2,2,2,2,2,2,2,35-44,35-44,No,No,1
2024,16980,TX,48113.0,48113021200.0,Conventional:First Lien,Single Family (1-4 Units):Site-Built,Not Hispanic or Latino,White,Male,Loan originated,1,395000.0,86.0,7.125,2.875,1,9800,4000,3200,1800,950,360,0,0,2,2,2,2,,395000,1,1,3,3,1,,115000,37,1,1,2,2,2,2,5,5,2,2,1,1,2,2,35-44,35-44,No,No,1
2024,19100,FL,12011.0,12011010700.0,Conventional:First Lien,Single Family (1-4 Units):Site-Built,Not Hispanic or Latino,White,Female,File closed for incompleteness,1,355000.0,,,,1,,,,,,,,,,,,,,,,1,1,3,3,1,,102000,,1,6,2,5,2,4,5,5,2,2,2,5,2,2,25-34,9999,No,
2024,26420,IL,17031.0,17031006300.0,Conventional:First Lien,Single Family (1-4 Units):Site-Built,Not Hispanic or Latino,Asian,Male,Loan originated,1,385000.0,73.0,6.625,2.125,1,9200,3800,3000,1700,900,360,0,0,2,2,2,2,,385000,1,1,3,3,1,,125000,30,1,1,2,2,2,2,2,2,2,2,1,1,2,2,45-54,35-44,No,No,1
2024,33100,CA,6073.0,6073410900.0,Conventional:First Lien,Single Family (1-4 Units):Site-Built,Not Hispanic or Latino,White,Male,Application approved but not accepted,1,685000.0,74.0,6.75,2.25,1,13200,5400,4300,2500,1300,360,0,0,2,2,2,2,,685000,1,1,3,3,1,,195000,33,1,1,2,2,2,2,5,5,2,2,1,1,2,2,45-54,45-54,No,No,1
2024,38060,TX,48121.0,48121011200.0,FHA-insured:First Lien,Single Family (1-4 Units):Site-Built,Hispanic or Latino,Black or African American,Female,Loan originated,1,275000.0,96.5,7.5,3.5,1,8800,3700,3000,1700,900,360,0,0,2,2,2,2,,275000,1,1,3,3,1,,72000,43,1,1,1,3,2,2,3,3,2,2,2,2,2,2,25-34,25-34,No,No,1
2024,12060,PA,42003.0,42003030400.0,Conventional:Subordinate Lien,Single Family (1-4 Units):Site-Built,Not Hispanic or Latino,White,Female,Loan originated,3,105000.0,22.0,8.25,5.0,2,4200,2100,1700,800,450,180,0,0,2,2,2,2,,477273,1,1,3,3,1,,165000,22,1,1,2,2,2,2,5,5,2,2,2,2,2,2,55-64,55-64,Yes,Yes,1
2024,14460,OH,39051.0,39051002500.0,Conventional:First Lien,Single Family (1-4 Units):Site-Built,Not Hispanic or Latino,White,Male,Loan originated,1,205000.0,84.0,7.0,3.0,1,7600,3100,2500,1400,750,360,0,0,2,2,2,2,,205000,1,1,3,3,1,,68000,38,1,1,2,2,2,2,5,5,2,2,1,1,2,2,35-44,35-44,No,No,1
2024,35620,NY,36081.0,36081009000.0,Conventional:First Lien,Single Family (1-4 Units):Site-Built,Not Hispanic or Latino,Asian,Female,Loan originated,1,545000.0,69.0,6.375,1.875,1,11200,4600,3600,2100,1100,360,0,0,2,2,2,2,,545000,1,1,3,3,1,,165000,27,1,1,2,2,2,2,2,2,2,2,2,2,2,2,35-44,35-44,No,No,1
2024,41860,WA,53033.0,53033031200.0,Conventional:First Lien,Single Family (1-4 Units):Site-Built,Not Hispanic or Latino,White,Male,Application denied by financial institution,1,485000.0,,7.875,4.25,1,,,,,,,,,,,,,,,,1,1,3,3,1,,135000,50,1,6,2,5,2,4,5,5,2,2,1,5,2,2,45-54,9999,No,
2024,16980,TX,48113.0,48113021400.0,VA-guaranteed:First Lien,Single Family (1-4 Units):Site-Built,Not Hispanic or Latino,Black or African American,Male,Loan originated,1,335000.0,100.0,6.375,1.625,1,8600,3500,2800,1600,800,360,0,0,2,2,2,2,,335000,1,1,3,3,1,,92000,32,1,1,2,3,2,2,3,5,2,2,1,2,2,2,25-34,25-34,No,No,1
2024,19100,FL,12057.0,12057001800.0,Conventional:First Lien,Single Family (1-4 Units):Site-Built,Hispanic or Latino,White,Female,Loan originated,1,405000.0,81.0,7.125,2.875,1,10000,4100,3300,1900,1000,360,0,0,2,2,2,2,,405000,1,1,3,3,1,,118000,36,1,1,1,1,2,2,5,5,2,2,2,2,2,2,35-44,35-44,No,No,1
2024,26420,IL,17197.0,17197004300.0,Conventional:First Lien,Single Family (1-4 Units):Site-Built,Not Hispanic or Latino,White,Male,Loan originated,1,295000.0,76.0,6.875,2.5,1,8600,3500,2800,1600,850,360,0,0,2,2,2,2,,295000,1,1,3,3,1,,88000,33,1,1,2,2,2,2,5,5,2,2,1,1,2,2,35-44,35-44,No,No,1
2024,33100,CA,6075.0,6075509700.0,Conventional:First Lien,Single Family (1-4 Units):Site-Built,Not Hispanic or Latino,Asian,Female,Loan originated,1,825000.0,62.0,6.25,1.5,1,16200,6600,5200,3100,1600,360,0,0,2,2,2,2,,825000,1,1,3,3,1,,285000,25,1,1,2,2,2,2,2,2,2,2,2,2,2,2,45-54,45-54,No,No,1
2024,38060,TX,48121.0,48121011400.0,Conventional:First Lien,Single Family (1-4 Units):Site-Built,Not Hispanic or Latino,White,Male,File closed for incompleteness,1,435000.0,,,,1,,,,,,,,,,,,,,,,1,1,3,3,1,,128000,,1,6,2,5,2,4,5,5,2,2,2,5,2,2,35-44,9999,No,
2024,12060,PA,42007.0,42007000400.0,Conventional:Subordinate Lien,Single Family (1-4 Units):Site-Built,Not Hispanic or Latino,White,Female,Loan originated,3,185000.0,35.0,8.5,5.5,2,6800,3400,2700,1300,750,240,0,0,2,2,2,2,,528571,1,1,3,3,1,,225000,21,1,1,2,2,2,2,5,5,2,2,2,2,2,2,55-64,55-64,Yes,Yes,1
2024,35620,NY,36081,36081010801.0,Conventional:First Lien,Single Family (1-4 Units):Site-Built,Not Hispanic or Latino,Asian,Male,Loan originated,Home purchase,425000,0.85,6.75,1.5,0,8500,2500,3200,1500,500,360,0,0,2,2,2,2,425000,1,1,3,5,1,120000,0.38,1,1,2,5,2,4,6,8,2,4,1,5,2,4,35-44,25-34,No,No,1,1,
2024,31080,CA,6073,06073023405.0,FHA:First Lien,Single Family (1-4 Units):Site-Built,Hispanic or Latino,White,Female,Loan originated,Refinance,315000,0.92,7.0,2.0,0,7200,1800,2800,1200,800,360,0,0,2,2,2,2,342391,1,1,3,5,1,85000,0.42,1,1,1,1,1,1,5,5,1,1,2,2,1,1,25-34,35-44,No,No,1,1,
2024,16980,TX,48113,48113020804.0,VA:First Lien,Single Family (1-4 Units):Site-Built,Not Hispanic or Latino,Black or African American,Male,Loan originated,Home purchase,285000,0.95,6.5,1.25,0,6800,1500,2500,1000,600,360,0,0,2,2,2,2,300000,1,1,3,5,1,75000,0.45,1,2,2,5,2,4,5,8,2,4,1,5,2,4,45-54,9999,No,9999,1,1,
2024,19100,IL,17197,17197080102.0,Conventional:Subordinate Lien,Single Family (1-4 Units):Site-Built,Not Hispanic or Latino,White,Male,Application denied,Home improvement,75000,0.7,8.0,3.5,0,3500,1200,1800,800,200,180,0,0,2,2,2,2,107143,1,1,3,5,1,65000,0.52,1,5,2,5,2,4,5,8,2,4,1,5,2,4,55-64,9999,Yes,9999,1,1,
2024,26420,FL,12011,12011020603.0,Conventional:First Lien,Single Family (1-4 Units):Site-Built,Hispanic or Latino,White,Female,Loan originated,Home purchase,395000,0.88,7.25,2.25,0,8900,2200,3400,1400,700,360,0,0,2,2,2,2,448864,1,1,3,5,1,105000,0.4,1,1,1,1,1,1,5,5,1,1,2,2,1,1,35-44,25-34,No,No,1,1,
2024,42660,WA,53033,53033030302.0,Conventional:First Lien,Single Family (1-4 Units):Site-Built,Not Hispanic or Latino,White,Male,Loan originated,Refinance,525000,0.75,6.25,0.75,0,9500,2800,3800,1800,900,360,0,0,2,2,2,2,700000,1,1,3,5,1,150000,0.35,1,1,2,5,2,4,5,8,2,4,1,5,2,4,45-54,35-44,No,No,1,1,
2024,38060,CO,8031,08031008201.0,FHA:First Lien,Single Family (1-4 Units):Site-Built,Not Hispanic or Latino,American Indian or Alaska Native,Female,Loan originated,Home purchase,375000,0.96,7.5,2.5,0,8200,2000,3100,1300,650,360,0,0,2,2,2,2,390625,1,1,3,5,1,95000,0.43,1,1,2,5,2,4,5,8,2,4,2,5,1,4,25-34,25-34,No,No,1,1,
2024,12060,AZ,4013,04013001402.0,Conventional:First Lien,Single Family (1-4 Units):Site-Built,Not Hispanic or Latino,Native Hawaiian or Other Pacific Islander,Male,Application withdrawn,Home purchase,485000,0.82,6.9,1.75,0,9200,2600,3600,1600,800,360,0,0,2,2,2,2,591463,1,1,3,5,1,135000,0.33,1,5,2,5,2,4,5,8,2,4,1,5,2,4,35-44,9999,No,9999,1,1,
2024,14460,MA,25025,25025040301.0,Conventional:First Lien,Single Family (1-4 Units):Site-Built,Not Hispanic or Latino,White,Female,Loan originated,Home purchase,650000,0.8,5.75,0.5,0,12000,3500,4800,2200,1100,360,0,0,2,2,2,2,812500,1,1,3,5,1,185000,0.28,1,1,2,5,2,4,5,8,2,4,2,5,1,4,45-54,45-54,No,No,1,1,
2024,33100,NC,37183,37183080204.0,USDA:First Lien,Single Family (1-4 Units):Site-Built,Not Hispanic or Latino,White,Male,Loan originated,Home purchase,225000,0.98,6.75,1.5,0,5800,1400,2300,900,500,360,0,0,2,2,2,2,229592,1,1,3,5,1,60000,0.41,1,2,2,5,2,4,5,8,2,4,1,5,2,4,25-34,9999,No,9999,1,1,
2024,38900,MI,26163,26163021003.0,Conventional:Subordinate Lien,Single Family (1-4 Units):Site-Built,Hispanic or Latino,Black or African American,Male,File closed for incompleteness,Home improvement,45000,0.45,9.0,4.0,0,2800,1000,1500,600,200,180,0,0,2,2,2,2,100000,1,1,3,5,1,55000,0.58,1,5,1,1,1,1,5,5,1,1,1,2,1,1,55-64,9999,Yes,9999,1,1,
2024,41860,OR,41051,41051002601.0,Conventional:First Lien,Single Family (1-4 Units):Site-Built,Not Hispanic or Latino,Asian,Female,Loan originated,Refinance,465000,0.78,6.0,1.0,0,8800,2400,3400,1500,800,360,0,0,2,2,2,2,596154,1,1,3,5,1,140000,0.3,1,1,2,5,2,4,5,8,2,4,2,5,1,4,35-44,35-44,No,No,1,1,
2024,47940,WI,55079,55079010701.0,Conventional:First Lien,Single Family (1-4 Units):Site-Built,Not Hispanic or Latino,White,Male,Loan originated,Home purchase,285000,0.9,7.0,2.0,0,6700,1800,2700,1200,600,360,0,0,2,2,2,2,316667,1,1,3,5,1,80000,0.39,1,1,2,5,2,4,5,8,2,4,1,5,2,4,35-44,25-34,No,No,1,1,
2024,12020,AR,5047,05047080201.0,FHA:First Lien,Single Family (1-4 Units):Site-Built,Hispanic or Latino,White,Male,Application denied,Home purchase,195000,0.93,7.75,3.0,0,5200,1300,2100,800,400,360,0,0,2,2,2,2,209677,1,1,3,5,1,50000,0.48,1,5,1,1,1,1,5,5,1,1,1,2,1,1,25-34,9999,No,9999,1,1,
2024,38080,CT,9003,09003040101.0,Conventional:First Lien,Single Family (1-4 Units):Site-Built,Not Hispanic or Latino,White,Female,Loan originated,Home purchase,485000,0.85,6.5,1.25,0,9200,2600,3600,1600,800,360,0,0,2,2,2,2,570588,1,1,3,5,1,130000,0.36,1,1,2,5,2,4,5,8,2,4,2,5,1,4,45-54,35-44,No,No,1,1,
2024,45300,TN,47037,47037080202.0,Conventional:First Lien,Single Family (1-4 Units):Site-Built,Not Hispanic or Latino,Black or African American,Female,Loan originated,Refinance,315000,0.75,6.25,1.0,0,7200,2000,2900,1300,650,360,0,0,2,2,2,2,420000,1,1,3,5,1,110000,0.32,1,1,2,5,2,4,5,8,2,4,2,5,1,4,35-44,45-54,No,No,1,1,
2024,29540,GA,13135,13135030201.0,VA:First Lien,Single Family (1-4 Units):Site-Built,Not Hispanic or Latino,White,Male,Loan originated,Home purchase,350000,0.92,6.375,1.125,0,7800,1900,3000,1250,650,360,0,0,2,2,2,2,380435,1,1,3,5,1,95000,0.4,1,2,2,5,2,4,5,8,2,4,1,5,2,4,35-44,25-34,No,No,1,1,
2024,19820,OH,39169,39169010802.0,Conventional:First Lien,Single Family (1-4 Units):Site-Built,Not Hispanic or Latino,White,Male,Application denied,Home purchase,235000,0.88,7.5,2.75,0,6200,1600,2400,1000,500,360,0,0,2,2,2,2,267045,1,1,3,5,1,70000,0.46,1,5,2,5,2,4,5,8,2,4,1,5,2,4,45-54,9999,No,9999,1,1,
2024,41180,OK,40143,40143001503.0,USDA:First Lien,Single Family (1-4 Units):Site-Built,Hispanic or Latino,American Indian or Alaska Native,Female,Loan originated,Home purchase,175000,0.99,6.875,1.375,0,4800,1100,1900,700,400,360,0,0,2,2,2,2,176768,1,1,3,5,1,48000,0.38,1,2,1,1,1,1,5,5,1,1,2,2,1,1,25-34,25-34,No,No,1,1,
2024,24260,DE,10003,10003020701.0,Conventional:First Lien,Single Family (1-4 Units):Site-Built,Not Hispanic or Latino,White,Female,Loan originated,Refinance,425000,0.82,6.125,1.25,0,8600,2300,3300,1450,750,360,0,0,2,2,2,2,518293,1,1,3,5,1,125000,0.34,1,1,2,5,2,4,5,8,2,4,2,5,1,4,45-54,45-54,No,No,1,1,
2024,22380,DC,11001,11001007201.0,Conventional:First Lien,Single Family (1-4 Units):Site-Built,Hispanic or Latino,Black or African American,Male,Loan originated,Home purchase,725000,0.85,5.875,0.75,0,13500,4000,5400,2500,1200,360,0,0,2,2,2,2,852941,1,1,3,5,1,200000,0.29,1,1,1,1,1,1,5,5,1,1,1,2,1,1,35-44,25-34,No,No,1,1,
2024,42680,SC,45019,45019030102.0,Conventional:First Lien,Single Family (1-4 Units):Site-Built,Not Hispanic or Latino,White,Male,Loan originated,Home purchase,315000,0.87,7.125,2.125,0,7400,1900,2900,1200,650,360,0,0,2,2,2,2,362069,1,1,3,5,1,90000,0.41,1,1,2,5,2,4,5,8,2,4,1,5,2,4,35-44,35-44,No,No,1,1,
2024,36540,ME,23005,23005040301.0,Conventional:First Lien,Single Family (1-4 Units):Site-Built,Not Hispanic or Latino,White,Female,Application withdrawn,Refinance,385000,0.73,5.95,0.95,0,8100,2200,3200,1400,700,360,0,0,2,2,2,2,527397,1,1,3,5,1,115000,0.31,1,5,2,5,2,4,5,8,2,4,2,5,1,4,55-64,9999,Yes,9999,1,1,
2024,49180,WY,56021,56021000301.0,Conventional:First Lien,Single Family (1-4 Units):Site-Built,Not Hispanic or Latino,White,Male,Loan originated,Home purchase,285000,0.91,6.8,1.6,0,6900,1800,2700,1150,600,360,0,0,2,2,2,2,313187,1,1,3,5,1,80000,0.4,1,1,2,5,2,4,5,8,2,4,1,5,2,4,35-44,25-34,No,No,1,1,
2024,20260,AL,1073,01073080201.0,FHA:First Lien,Single Family (1-4 Units):Site-Built,Hispanic or Latino,Black or African American,Female,Loan originated,Home purchase,205000,0.94,7.25,2.25,0,5600,1400,2200,900,450,360,0,0,2,2,2,2,218085,1,1,3,5,1,55000,0.44,1,1,1,1,1,1,5,5,1,1,2,2,1,1,25-34,25-34,No,No,1,1,
2024,30780,CA,6077,06077013201.0,Conventional:Subordinate Lien,Single Family (1-4 Units):Site-Built,Not Hispanic or Latino,Asian,Male,File closed for incompleteness,Home improvement,95000,0.55,8.5,3.75,0,4200,1500,2000,900,300,240,0,0,2,2,2,2,172727,1,1,3,5,1,75000,0.5,1,5,2,5,2,4,5,8,2,4,1,5,2,4,45-54,9999,No,9999,1,1,
2024,35620,NY,36103,36103030101.0,Conventional:First Lien,Single Family (1-4 Units):Site-Built,Hispanic or Latino,White,Male,Loan originated,Refinance,525000,0.78,6.0,1.0,0,10200,2900,4100,1800,900,360,0,0,2,2,2,2,673077,1,1,3,5,1,160000,0.3,1,1,1,1,1,1,5,5,1,1,1,2,1,1,45-54,35-44,No,No,1,1,
2024,12540,NJ,34023,34023001702.0,Conventional:First Lien,Single Family (1-4 Units):Site-Built,Not Hispanic or Latino,White,Female,Loan originated,Home purchase,575000,0.83,6.375,1.375,0,11000,3200,4500,2000,1000,360,0,0,2,2,2,2,692771,1,1,3,5,1,170000,0.33,1,1,2,5,2,4,5,8,2,4,2,5,1,4,35-44,45-54,No,No,1,1,
2024,45340,TX,48201,48201012203.0,Conventional:First Lien,Single Family (1-4 Units):Site-Built,Not Hispanic or Latino,Black or African American,Male,Application denied,Refinance,385000,0.86,7.75,2.5,0,8600,2300,3400,1500,750,360,0,0,2,2,2,2,447674,1,1,3,5,1,115000,0.43,1,5,2,5,2,4,5,8,2,4,1,5,2,4,45-54,9999,No,9999,1,1,
2024,18140,IN,18095,18095030102.0,VA:First Lien,Single Family (1-4 Units):Site-Built,Not Hispanic or Latino,White,Male,Loan originated,Home purchase,275000,0.93,6.375,1.125,0,6600,1700,2600,1050,550,360,0,0,2,2,2,2,295699,1,1,3,5,1,75000,0.39,1,2,2,5,2,4,5,8,2,4,1,5,2,4,35-44,25-34,No,No,1,1,
2024,22020,CT,9001,09001030401.0,Conventional:First Lien,Single Family (1-4 Units):Site-Built,Not Hispanic or Latino,White,Female,Loan originated,Home purchase,485000,0.8,5.875,0.625,0,9400,2600,3700,1650,850,360,0,0,2,2,2,2,606250,1,1,3,5,1,140000,0.29,1,1,2,5,2,4,5,8,2,4,2,5,1,4,45-54,35-44,No,No,1,1,
2024,30700,PA,42091,42091001204.0,FHA:First Lien,Single Family (1-4 Units):Site-Built,Hispanic or Latino,White,Male,Loan originated,Home purchase,265000,0.95,7.5,2.5,0,6400,1600,2500,1000,500,360,0,0,2,2,2,2,278947,1,1,3,5,1,65000,0.46,1,1,1,1,1,1,5,5,1,1,1,2,1,1,25-34,25-34,No,No,1,1,
2024,12580,FL,12086,12086020103.0,Conventional:First Lien,Single Family (1-4 Units):Site-Built,Not Hispanic or Latino,Native Hawaiian or Other Pacific Islander,Female,Application withdrawn,Refinance,415000,0.84,6.625,1.5,0,9000,2400,3500,1550,800,360,0,0,2,2,2,2,494048,1,1,3,5,1,120000,0.35,1,5,2,5,2,4,5,8,2,4,2,5,1,4,35-44,9999,No,9999,1,1,
2024,24330,NV,32003,32003064002.0,Conventional:First Lien,Single Family (1-4 Units):Site-Built,Not Hispanic or Latino,Asian,Male,Loan originated,Home purchase,485000,0.89,7.0,2.0,0,9800,2700,3800,1700,850,360,0,0,2,2,2,2,544943,1,1,3,5,1,135000,0.38,1,1,2,5,2,4,5,8,2,4,1,5,2,4,35-44,35-44,No,No,1,1,
2024,10420,AL,1133,01133040101.0,USDA:First Lien,Single Family (1-4 Units):Site-Built,Hispanic or Latino,Black or African American,Female,Loan originated,Home purchase,185000,0.99,6.75,1.25,0,4800,1000,1600,600,350,360,0,0,2,2,2,2,186869,1,1,3,5,1,48000,0.4,1,2,1,1,1,1,5,5,1,1,2,2,1,1,25-34,25-34,No,No,1,1,
2024,36500,OH,39113,39113020504.0,Conventional:Subordinate Lien,Single Family (1-4 Units):Site-Built,Not Hispanic or Latino,White,Male,File closed for incompleteness,Home improvement,65000,0.5,8.75,4.0,0,3100,1100,1400,600,200,180,0,0,2,2,2,2,130000,1,1,3,5,1,58000,0.55,1,5,2,5,2,4,5,8,2,4,1,5,2,4,55-64,9999,Yes,9999,1,1,
2024,14454,MA,25009,25009070302.0,Conventional:First Lien,Single Family (1-4 Units):Site-Built,Not Hispanic or Latino,White,Female,Loan originated,Refinance,565000,0.77,6.125,1.125,0,10800,3100,4300,1900,950,360,0,0,2,2,2,2,733766,1,1,3,5,1,165000,0.31,1,1,2,5,2,4,5,8,2,4,2,5,1,4,45-54,45-54,No,No,1,1,
2024,35620,NY,36005,36005040101.0,Conventional:First Lien,Single Family (1-4 Units):Site-Built,Hispanic or Latino,White,Male,Loan originated,Home purchase,625000,0.82,6.5,1.5,0,11800,3400,4700,2100,1050,360,0,0,2,2,2,2,762195,1,1,3,5,1,180000,0.34,1,1,1,1,1,1,5,5,1,1,1,2,1,1,35-44,35-44,No,No,1,1,
2024,38940,MI,26125,26125040302.0,VA:First Lien,Single Family (1-4 Units):Site-Built,Not Hispanic or Latino,Black or African American,Female,Loan originated,Home purchase,295000,0.91,6.5,1.125,0,7100,1800,2800,1150,600,360,0,0,2,2,2,2,324176,1,1,3,5,1,85000,0.37,1,2,2,5,2,4,5,8,2,4,2,5,1,4,35-44,25-34,No,No,1,1,
2024,23844,WA,53053,53053020801.0,Conventional:First Lien,Single Family (1-4 Units):Site-Built,Not Hispanic or Latino,Asian,Male,Application denied,Refinance,485000,0.83,7.25,2.25,0,9400,2500,3600,1600,800,360,0,0,2,2,2,2,584337,1,1,3,5,1,140000,0.41,1,5,2,5,2,4,5,8,2,4,1,5,2,4,45-54,9999,No,9999,1,1,
2024,19740,ND,38017,38017010701.0,Conventional:First Lien,Single Family (1-4 Units):Site-Built,Not Hispanic or Latino,White,Male,Loan originated,Home purchase,315000,0.84,6.375,1.25,0,7500,2000,3000,1300,700,360,0,0,2,2,2,2,375000,1,1,3,5,1,95000,0.35,1,1,2,5,2,4,5,8,2,4,1,5,2,4,35-44,35-44,No,No,1,1,
2024,34980,NV,32510,03251040302.0,Conventional:First Lien,Single Family (1-4 Units):Site-Built,Hispanic or Latino,White,Female,Loan originated,Home purchase,525000,0.9,7.125,2.125,0,10500,2900,4100,1800,900,360,0,0,2,2,2,2,583333,1,1,3,5,1,150000,0.37,1,1,1,1,1,1,5,5,1,1,2,2,1,1,35-44,25-34,No,No,1,1,
2024,12060,AZ,4013,04013010804.0,Conventional:Subordinate Lien,Single Family (1-4 Units):Site-Built,Not Hispanic or Latino,White,Male,Application denied,Home improvement,85000,0.6,8.25,3.5,0,3800,1300,1700,750,250,180,0,0,2,2,2,2,141667,1,1,3,5,1,68000,0.53,1,5,2,5,2,4,5,8,2,4,1,5,2,4,45-54,9999,No,9999,1,1,
2024,35620,NY,36047,36047060301.0,Conventional:First Lien,Single Family (1-4 Units):Site-Built,Not Hispanic or Latino,Black or African American,Female,Loan originated,Refinance,425000,0.79,6.0,1.0,0,9200,2500,3600,1550,800,360,0,0,2,2,2,2,537975,1,1,3,5,1,125000,0.32,1,1,2,5,2,4,5,8,2,4,2,5,1,4,35-44,45-54,No,No,1,1,
2024,14460,MA,25017,25017080102.0,Conventional:First Lien,Single Family (1-4 Units):Site-Built,Not Hispanic or Latino,White,Male,Loan originated,Home purchase,685000,0.86,6.75,1.75,0,12800,3800,5200,2400,1200,360,0,0,2,2,2,2,796512,1,1,3,5,1,195000,0.35,1,1,2,5,2,4,5,8,2,4,1,5,2,4,45-54,35-44,No,No,1,1,
2024,45300,TX,48121,48121020503.0,FHA:First Lien,Single Family (1-4 Units):Site-Built,Hispanic or Latino,White,Female,Loan originated,Home purchase,325000,0.96,7.375,2.375,0,7600,1900,3000,1200,650,360,0,0,2,2,2,2,338542,1,1,3,5,1,80000,0.43,1,1,1,1,1,1,5,5,1,1,2,2,1,1,25-34,25-34,No,No,1,1,
2024,33100,NC,37129,37129040201.0,Conventional:First Lien,Single Family (1-4 Units):Site-Built,Not Hispanic or Latino,Native Hawaiian or Other Pacific Islander,Male,Application withdrawn,Home purchase,365000,0.88,7.0,2.0,0,8200,2200,3300,1400,750,360,0,0,2,2,2,2,414773,1,1,3,5,1,105000,0.38,1,5,2,5,2,4,5,8,2,4,1,5,2,4,35-44,9999,No,9999,1,1,
2024,10420,AL,1073,01073060502.0,VA:First Lien,Single Family (1-4 Units):Site-Built,Not Hispanic or Latino,Black or African American,Female,Loan originated,Home purchase,245000,0.94,6.5,1.125,0,6100,1500,2300,950,500,360,0,0,2,2,2,2,260638,1,1,3,5,1,65000,0.37,1,2,2,5,2,4,5,8,2,4,2,5,1,4,25-34,35-44,No,No,1,1,
2024,30780,CA,6077,06077022105.0,Conventional:First Lien,Single Family (1-4 Units):Site-Built,Not Hispanic or Latino,Asian,Male,Loan originated,Refinance,625000,0.75,5.875,0.625,0,11800,3400,4700,2100,1050,360,0,0,2,2,,,,,,,,,,,,,,,,,,,,,,,,,,,,,,,
2024,35620,NY,36081,36081020801,Conventional:First Lien,Single Family (1-4 Units):Site-Built,Not Hispanic or Latino,Asian,Male,Loan originated,1,385000,80,6.75,2.1,0,8500,2500,3000,1500,500,360,0,0,2,2,2,2,385000,1,1,3,5,1,120000,36,1,1,2,2,2,2,2,2,2,2,1,1,2,2,45-54,35-44,No,No,1,1,
2024,31080,CA,6073,06073011503,FHA:First Lien,Single Family (1-4 Units):Site-Built,Hispanic or Latino,White,Male,Loan originated,1,425000,85,6.5,1.8,0,9500,3000,3500,2000,750,360,0,0,2,2,2,2,425000,1,1,3,5,1,95000,42,1,1,1,1,2,2,1,1,2,2,1,1,2,2,35-44,25-34,No,No,1,1,
2024,16980,TX,48113,48113010802,VA:First Lien,Single Family (1-4 Units):Site-Built,Not Hispanic or Latino,Black or African American,Male,Loan originated,1,315000,90,6.25,1.5,0,7200,2000,2800,1200,400,360,0,0,2,2,2,2,315000,1,1,3,5,1,85000,38,1,1,2,2,2,2,2,2,2,2,1,1,2,2,25-34,25-34,No,No,1,1,
2024,19100,FL,12011,12011020603,Conventional:First Lien,Single Family (1-4 Units):Site-Built,Hispanic or Latino,White,Female,Application denied,1,285000,75,7.0,2.5,0,0,0,0,0,0,0,0,0,2,2,2,2,285000,1,1,3,5,1,65000,43,1,1,1,1,2,2,1,1,2,2,2,2,2,2,55-64,45-54,Yes,No,1,1,
2024,26420,IL,17031,17031040100,Conventional:Subordinate Lien,Single Family (1-4 Units):Site-Built,Not Hispanic or Latino,White,Male,Loan originated,3,75000,15,8.0,3.2,0,3200,1500,1800,800,200,180,0,0,2,2,2,2,500000,1,1,3,5,1,150000,28,1,1,2,2,2,2,2,2,2,2,1,1,2,2,45-54,45-54,No,No,1,1,
2024,41860,WA,53033,53033030202,FSA:First Lien,Single Family (1-4 Units):Site-Built,Not Hispanic or Latino,American Indian or Alaska Native,Female,Loan originated,1,275000,78,6.0,1.2,0,6800,2200,2600,1000,600,360,0,0,2,2,2,2,275000,1,1,3,5,1,68000,32,1,1,2,2,2,2,2,2,2,2,2,2,2,2,35-44,35-44,No,No,1,1,
2024,38060,PA,42003,42003002100,Conventional:First Lien,Single Family (1-4 Units):Site-Built,Not Hispanic or Latino,Asian,Female,Application withdrawn,1,395000,82,6.9,2.3,0,0,0,0,0,0,0,0,0,2,2,2,2,395000,1,1,3,5,1,105000,40,1,1,2,2,2,2,2,2,2,2,2,2,2,2,25-34,25-34,No,No,1,1,
2024,12060,AZ,4013,04013002802,Conventional:First Lien,Single Family (1-4 Units):Site-Built,Hispanic or Latino,Native Hawaiian or Other Pacific Islander,Male,Loan originated,1,365000,88,7.1,2.7,0,8800,2800,3200,1500,700,360,0,0,2,2,2,2,365000,1,1,3,5,1,88000,45,1,1,1,1,2,2,1,1,2,2,1,1,2,2,35-44,35-44,No,No,1,1,
2024,14460,CO,8031,08031010401,Conventional:First Lien,Single Family (1-4 Units):Site-Built,Not Hispanic or Latino,White,Male,File closed for incompleteness,1,0,0,0,0,0,0,0,0,0,0,0,0,0,2,2,2,2,0,1,1,3,5,1,78000,0,1,1,2,2,2,2,2,2,2,2,1,1,2,2,45-54,9999,No,,1,1,
2024,33100,NC,37183,37183010402,Conventional:First Lien,Single Family (1-4 Units):Site-Built,Not Hispanic or Latino,White,Female,Loan originated,2,225000,75,6.8,2.0,0,6200,1800,2200,800,500,360,0,0,2,2,2,2,300000,1,1,3,5,1,72000,34,1,1,2,2,2,2,2,2,2,2,2,2,2,2,35-44,35-44,No,No,1,1,
2024,19740,GA,13089,13089002103,Conventional:First Lien,Single Family (1-4 Units):Site-Built,Hispanic or Latino,Black or African American,Female,Loan originated,1,340000,83,6.6,1.9,0,7800,2400,2800,1200,600,360,0,0,2,2,2,2,340000,1,1,3,5,1,82000,39,1,1,1,1,2,2,1,1,2,2,2,2,2,2,25-34,25-34,No,No,1,1,
2024,42660,WI,55079,55079002201,Conventional:First Lien,Single Family (1-4 Units):Site-Built,Not Hispanic or Latino,White,Male,Application denied,1,195000,70,7.2,2.8,0,0,0,0,0,0,0,0,0,2,2,2,2,195000,1,1,3,5,1,48000,48,1,1,2,2,2,2,2,2,2,2,1,1,2,2,55-64,45-54,Yes,No,1,1,
2024,38900,OH,39035,39035002604,Conventional:Subordinate Lien,Single Family (1-4 Units):Site-Built,Not Hispanic or Latino,White,Female,Loan originated,4,45000,10,8.5,3.5,0,2800,1200,1500,600,200,180,0,0,2,2,2,2,450000,1,1,3,5,1,135000,25,1,1,2,2,2,2,2,2,2,2,2,2,2,2,45-54,35-44,No,No,1,1,
2024,23420,IN,18057,18057001203,Conventional:First Lien,Single Family (1-4 Units):Site-Built,Not Hispanic or Latino,Asian,Male,Loan originated,1,295000,85,6.4,1.6,0,7100,2200,2600,1000,550,360,0,0,2,2,2,2,295000,1,1,3,5,1,75000,35,1,1,2,2,2,2,2,2,2,2,1,1,2,2,35-44,35-44,No,No,1,1,
2024,41180,UT,49035,49035010402,Conventional:First Lien,Single Family (1-4 Units):Site-Built,Not Hispanic or Latino,White,Male,Loan originated,1,415000,80,6.3,1.4,0,9200,2800,3400,1600,800,360,0,0,2,2,2,2,415000,1,1,3,5,1,110000,33,1,1,2,2,2,2,2,2,2,2,1,1,2,2,35-44,35-44,No,No,1,1,
2024,22020,MI,26163,26163002201,Conventional:First Lien,Single Family (1-4 Units):Site-Built,Not Hispanic or Latino,Black or African American,Female,Application approved but not accepted,1,245000,77,6.7,2.1,0,0,0,0,0,0,0,0,0,2,2,2,2,245000,1,1,3,5,1,68000,37,1,1,2,2,2,2,2,2,2,2,2,2,2,2,25-34,25-34,No,No,1,1,
2024,12540,AR,5043,05043010302,Conventional:First Lien,Single Family (1-4 Units):Site-Built,Hispanic or Latino,White,Male,Loan originated,1,185000,82,6.9,2.2,0,5400,1600,2000,800,400,360,0,0,2,2,2,2,185000,1,1,3,5,1,52000,41,1,1,1,1,2,2,1,1,2,2,1,1,2,2,35-44,35-44,No,No,1,1,
2024,34980,OR,41005,04105030201,Conventional:First Lien,Single Family (1-4 Units):Site-Built,Not Hispanic or Latino,White,Female,Loan originated,1,455000,78,6.1,1.3,0,9800,3000,3600,1800,900,360,0,0,2,2,2,2,455000,1,1,3,5,1,125000,30,1,1,2,2,2,2,2,2,2,2,2,2,2,2,45-54,45-54,No,No,1,1,
2024,45820,WV,54003,05400300100,Conventional:First Lien,Single Family (1-4 Units):Site-Built,Not Hispanic or Latino,White,Male,Loan originated,1,165000,75,6.8,2.0,0,4800,1400,1800,700,350,360,0,0,2,2,2,2,165000,1,1,3,5,1,48000,38,1,1,2,2,2,2,2,2,2,2,1,1,2,2,35-44,25-34,No,No,1,1,
2024,17420,DE,10003,01000302104,Conventional:First Lien,Single Family (1-4 Units):Site-Built,Not Hispanic or Latino,Asian,Female,Loan originated,1,385000,84,6.5,1.7,0,8600,2600,3100,1400,650,360,0,0,2,2,2,2,385000,1,1,3,5,1,95000,36,1,1,2,2,2,2,2,2,2,2,2,2,2,2,35-44,35-44,No,No,1,1,
2024,29540,LA,22033,02203300501,Conventional:First Lien,Single Family (1-4 Units):Site-Built,Hispanic or Latino,Black or African American,Male,Application denied,1,235000,88,7.3,3.0,0,0,0,0,0,0,0,0,0,2,2,2,2,235000,1,1,3,5,1,58000,46,1,1,1,1,2,2,1,1,2,2,1,1,2,2,25-34,25-34,No,No,1,1,
2024,36500,OK,40109,04010900802,Conventional:First Lien,Single Family (1-4 Units):Site-Built,Not Hispanic or Latino,White,Male,Loan originated,1,275000,80,6.6,1.8,0,6700,2000,2400,1000,500,360,0,0,2,2,2,2,275000,1,1,3,5,1,70000,35,1,1,2,2,2,2,2,2,2,2,1,1,2,2,35-44,35-44,No,No,1,1,
2024,22180,MS,28089,02800902103,Conventional:First Lien,Single Family (1-4 Units):Site-Built,Not Hispanic or Latino,White,Female,Loan originated,2,195000,72,6.9,2.3,0,5800,1700,2100,900,450,360,0,0,2,2,2,2,270000,1,1,3,5,1,62000,32,1,1,2,2,2,2,2,2,2,2,2,2,2,2,45-54,45-54,No,No,1,1,
2024,24260,KS,20173,02017300401,Conventional:First Lien,Single Family (1-4 Units):Site-Built,Not Hispanic or Latino,White,Male,Loan originated,1,255000,82,6.7,2.0,0,6400,1900,2300,950,480,360,0,0,2,2,2,2,255000,1,1,3,5,1,68000,37,1,1,2,2,2,2,2,2,2,2,1,1,2,2,35-44,35-44,No,No,1,1,
2024,13820,CT,9003,09003020402,Conventional:First Lien,Single Family (1-4 Units):Site-Built,Not Hispanic or Latino,White,Female,Application withdrawn,1,425000,85,6.8,2.1,0,0,0,0,0,0,0,0,0,2,2,2,2,425000,1,1,3,5,1,115000,39,1,1,2,2,2,2,2,2,2,2,2,2,2,2,45-54,35-44,No,No,1,1,
2024,30100,ME,23005,02300501201,Conventional:First Lien,Single Family (1-4 Units):Site-Built,Not Hispanic or Latino,White,Male,Loan originated,1,315000,75,6.2,1.5,0,7200,2200,2600,1100,550,360,0,0,2,2,2,2,315000,1,1,3,5,1,85000,33,1,1,2,2,2,2,2,2,2,2,1,1,2,2,35-44,35-44,No,No,1,1,
2024,47580,MT,30031,03003100402,Conventional:First Lien,Single Family (1-4 Units):Site-Built,Not Hispanic or Latino,White,Male,Loan originated,1,285000,78,6.4,1.7,0,6800,2000,2400,1000,500,360,0,0,2,2,2,2,285000,1,1,3,5,1,75000,35,1,1,2,2,2,2,2,2,2,2,1,1,2,2,35-44,35-44,No,No,1,1,
2024,13460,CO,8031,08031020504,Conventional:First Lien,Single Family (1-4 Units):Site-Built,Hispanic or Latino,White,Male,Loan originated,1,395000,83,6.6,1.9,0,8600,2600,3100,1400,700,360,0,0,2,2,2,2,395000,1,1,3,5,1,98000,36,1,1,1,1,2,2,1,1,2,2,1,1,2,2,35-44,35-44,No,No,1,1,
2024,24500,KY,21067,02106700901,Conventional:First Lien,Single Family (1-4 Units):Site-Built,Not Hispanic or Latino,White,Female,Application denied,1,205000,76,7.1,2.6,0,0,0,0,0,0,0,0,0,2,2,2,2,205000,1,1,3,5,1,55000,42,1,1,2,2,2,2,2,2,2,2,2,2,2,2,25-34,25-34,No,No,1,1,
2024,38300,PA,42003,42003010802,Conventional:Subordinate Lien,Single Family (1-4 Units):Site-Built,Not Hispanic or Latino,White,Male,Loan originated,3,65000,12,8.2,3.8,0,2800,1100,1400,600,200,180,0,0,2,2,2,2,540000,1,1,3,5,1,145000,26,1,1,2,2,2,2,2,2,2,2,1,1,2,2,45-54,35-44,No,No,1,1,
2024,17820,DC,11001,01100100200,Conventional:First Lien,Single Family (1-4 Units):Site-Built,Not Hispanic or Latino,Black or African American,Female,Loan originated,1,485000,80,6.3,1.6,0,10200,3200,3800,1800,900,360,0,0,2,2,2,2,485000,1,1,3,5,1,135000,32,1,1,2,2,2,2,2,2,2,2,2,2,2,2,35-44,35-44,No,No,1,1,
2024,22380,MO,29189,02918900403,Conventional:First Lien,Single Family (1-4 Units):Site-Built,Not Hispanic or Latino,White,Male,Loan originated,1,265000,79,6.5,1.8,0,6500,1900,2300,950,480,360,0,0,2,2,2,2,265000,1,1,3,5,1,72000,34,1,1,2,2,2,2,2,2,2,2,1,1,2,2,35-44,35-44,No,No,1,1,
2024,30860,NV,32003,03200302101,Conventional:First Lien,Single Family (1-4 Units):Site-Built,Hispanic or Latino,Asian,Male,Loan originated,1,425000,87,6.8,2.2,0,9200,2900,3400,1600,800,360,0,0,2,2,2,2,425000,1,1,3,5,1,105000,38,1,1,1,1,2,2,1,1,2,2,1,1,2,2,25-34,25-34,No,No,1,1,
2024,45300,VT,50007,05000700402,Conventional:First Lien,Single Family (1-4 Units):Site-Built,Not Hispanic or Latino,White,Female,Loan originated,1,335000,76,6.1,1.4,0,7600,2300,2700,1200,600,360,0,0,2,2,2,2,335000,1,1,3,5,1,88000,31,1,1,2,2,2,2,2,2,2,2,2,2,2,2,45-54,35-44,No,No,1,1,
2024,24330,KY,21067,02106701503,Conventional:First Lien,Single Family (1-4 Units):Site-Built,Not Hispanic or Latino,White,Male,File closed for incompleteness,1,0,0,0,0,0,0,0,0,0,0,0,0,2,2,2,2,0,1,1,3,5,1,62000,0,1,1,2,2,2,2,2,2,2,2,1,1,2,2,35-44,9999,No,,1,1,,
2024,33700,ND,38017,03801700601,Conventional:First Lien,Single Family (1-4 Units):Site-Built,Not Hispanic or Latino,White,Male,Loan originated,1,245000,74,6.3,1.6,0,5800,1700,2000,850,420,360,0,0,2,2,2,2,245000,1,1,3,5,1,65000,32,1,1,2,2,2,2,2,2,2,2,1,1,2,2,35-44,35-44,No,No,1,1,
2024,39580,SC,45019,04501900802,Conventional:First Lien,Single Family (1-4 Units):Site-Built,Not Hispanic or Latino,Black or African American,Female,Loan originated,1,305000,81,6.6,1.9,0,7100,2100,2500,1100,550,360,0,0,2,2,2,2,305000,1,1,3,5,1,78000,35,1,1,2,2,2,2,2,2,2,2,2,2,2,2,25-34,25-34,No,No,1,1,
2024,18980,FL,12011,12011031502,Conventional:First Lien,Single Family (1-4 Units):Site-Built,Hispanic or Latino,White,Male,Application approved but not accepted,1,365000,86,6.9,2.3,0,0,0,0,0,0,0,0,0,2,2,2,2,365000,1,1,3,5,1,92000,37,1,1,1,1,2,2,1,1,2,2,1,1,2,2,35-44,35-44,No,No,1,1,
2024,49180,WY,56021,05602100301,Conventional:First Lien,Single Family (1-4 Units):Site-Built,Not Hispanic or Latino,White,Male,Loan originated,1,315000,77,6.4,1.7,0,7200,2100,2500,1050,520,360,0,0,2,2,2,2,315000,1,1,3,5,1,82000,33,1,1,2,2,2,2,2,2,2,2,1,1,2,2,45-54,35-44,No,No,1,1,
2024,15540,AL,1073,01073011202,Conventional:First Lien,Single Family (1-4 Units):Site-Built,Not Hispanic or Latino,White,Female,Loan originated,2,215000,73,6.7,2.1,0,5600,1600,1900,800,400,360,0,0,2,2,2,2,295000,1,1,3,5,1,62000,34,1,1,2,2,2,2,2,2,2,2,2,2,2,2,35-44,35-44,No,No,1,1,
2024,26380,IA,19153,01915300402,Conventional:First Lien,Single Family (1-4 Units):Site-Built,Not Hispanic or Latino,White,Male,Loan originated,1,235000,78,6.5,1.8,0,5900,1700,2000,850,420,360,0,0,2,2,2,2,235000,1,1,3,5,1,65000,33,1,1,2,2,2,2,2,2,2,2,1,1,2,2,35-44,35-44,No,No,1,1,
2024,31420,NM,35001,03500100401,Conventional:First Lien,Single Family (1-4 Units):Site-Built,Hispanic or Latino,White,Male,Loan originated,1,285000,82,6.8,2.0,0,6800,2000,2300,950,480,360,0,0,2,2,2,2,285000,1,1,3,5,1,72000,36,1,1,1,1,2,2,1,1,2,2,1,1,2,2,35-44,35-44,No,No,1,1,
2024,44060,SD,46099,04609900301,Conventional:First Lien,Single Family (1-4 Units):Site-Built,Not Hispanic or Latino,White,Male,Loan originated,1,225000,75,6.2,1.5,0,5400,1500,1800,750,380,360,0,0,2,2,2,2,225000,1,1,3,5,1,58000,32,1,1,2,2,2,2,2,2,2,2,1,1,2,2,45-54,35-44,No,No,1,1,
2024,12620,AK,2060,02060001001,Conventional:First Lien,Single Family (1-4 Units):Site-Built,Not Hispanic or Latino,American Indian or Alaska Native,Female,Loan originated,1,385000,79,6.3,1.6,0,8400,2500,3000,1350,675,360,0,0,2,2,2,2,385000,1,1,3,5,1,98000,32,1,1,2,2,2,2,2,2,2,2,2,2,2,2,35-44,35-44,No,No,1,1,
2024,17900,DE,10003,01000301504,Conventional:First Lien,Single Family (1-4 Units):Site-Built,Not Hispanic or Latino,Asian,Male,Application denied,1,415000,84,7.0,2.4,0,0,0,0,0,0,0,0,0,2,2,2,2,415000,1,1,3,5,1,105000,41,1,1,2,2,2,2,2,2,2,2,1,1,2,2,25-34,25-34,No,No,1,1,
2024,39300,RI,44003,04400300201,Conventional:First Lien,Single Family (1-4 Units):Site-Built,Not Hispanic or Latino,White,Female,Loan originated,1,365000,81,6.4,1.8,0,8000,2400,2800,1250,625,360,0,0,2,2,2,2,365000,1,1,3,5,1,92000,34,1,1,2,2,2,2,2,2,2,2,2,2,2,2,45-54,35-44,No,No,1,1,
2024,12940,AZ,4013,04013004503,Conventional:First Lien,Single Family (1-4 Units):Site-Built,Hispanic or Latino,White,Male,Loan originated,1,395000,88,6.9,2.1,0,8800,2600,3100,1450,725,360,0,0,2,2,2,2,395000,1,1,3,5,1,98000,37,1,1,1,1,2,2,1,1,2,2,1,1,2,2,35-44,35-44,No,No,1,1,
2024,22520,MO,29189,02918901204,Conventional:First Lien,Single Family (1-4 Units):Site-Built,Not Hispanic or Latino,Black or African American,Female,Application withdrawn,1,285000,83,6.7,2.0,0,0,0,0,0,0,0,0,0,2,2,2,2,285000,1,1,3,5,1,75000,38,1,1,2,2,2,2,2,2,2,2,2,2,2,2,25-34,25-34,No,No,1,1,
2024,33740,ND,38017,03801701202,Conventional:First Lien,Single Family (1-4 Units):Site-Built,Not Hispanic or Latino,White,Male,Loan originated,1,265000,76,6.1,1.4,0,6300,1800,2200,950,475,360,0,0,2,2,2,2,265000,1,1,3,5,1,72000,31,1,1,2,2,2,2,2,2,2,2,1,1,2,2,45-54,35-44,No,No,1,1,
2024,15500,AL,1073,01073012501,Conventional:First Lien,Single Family (1-4 Units):Site-Built,Not Hispanic or Latino,White,Male,Loan originated,1,235000,79,6.5,1.7,0,5700,1600,1900,800,400,360,0,0,2,2,2,2,235000,1,1,3,5,1,62000,33,1,1,2,2,2,2,2,2,2,2,1,1,2,2,35-44,35-44,No,No,1,1,
2024,37420,OH,39035,39035004103,Conventional:Subordinate Lien,Single Family (1-4 Units):Site-Built,Not Hispanic or Latino,White,Female,Loan originated,3,55000,11,8.0,3.6,0,2600,1000,1300,550,200,180,0,0,2,2,2,2,500000,1,1,3,5,1,140000,24,1,1,2,2,2,2,2,2,2,2,2,2,2,2,45-54,35-44,No,No,1,1,
2024,17660,DC,11001,01100100801,Conventional:First Lien,Single Family (1-4 Units):Site-Built,Not Hispanic or Latino,Asian,Female,Loan originated,1,445000,82,6.2,1,,,,,,,,,,,,,,,,,,,,,,,,,,,,,,,,,,,,,,,,,,
2024,35620,CA,6075,06075032001,Conventional:First Lien,Single Family (1-4 Units):Site-Built,Not Hispanic or Latino,Asian,Male,Loan originated,3,425000,85,6.75,2.1,0,8500,2500,3500,1500,500,360,0,0,2,2,2,2,,500000,1,1,3,3,1,,120000,38,1,1,2,2,1,1,2,2,1,1,1,1,1,1,35-44,30-34,No,No,1
2024,16980,TX,48113,48113030804,FHA:First Lien,Single Family (1-4 Units):Site-Built,Hispanic or Latino,White,Female,Loan originated,2,285000,96,7.25,1.8,0,9500,3200,4200,1800,300,360,0,0,2,2,2,2,,297000,1,1,3,3,1,,68000,42,1,1,1,1,1,1,5,5,1,1,2,2,1,1,25-34,25-34,No,No,1
2024,38060,OH,39035,39035020801,Conventional:First Lien,Single Family (1-4 Units):Site-Built,Not Hispanic or Latino,Black or African American,Male,Application denied,2,195000,80,7.5,2.3,0,,,2200,0,0,240,,,2,2,2,2,,243750,1,1,3,3,1,,78000,45,1,5,2,2,1,5,3,3,1,5,1,1,1,5,45-54,9999,No,,1
2024,41860,WA,53033,53033031702,VA:First Lien,Single Family (1-4 Units):Site-Built,Not Hispanic or Latino,White,Male,Loan originated,2,365000,90,6.5,1.5,0,7200,1800,2800,1200,800,360,0,0,2,2,2,2,,405556,1,1,3,3,1,,95000,35,1,1,2,2,1,1,5,5,1,1,1,1,1,1,30-39,28-32,No,No,1
2024,12060,AL,1073,01073003700,USDA:First Lien,Single Family (1-4 Units):Site-Built,Not Hispanic or Latino,White,Female,Loan originated,1,155000,98,6.25,1.2,0,5500,1500,2000,1000,500,360,0,0,2,2,2,2,,158163,1,1,3,3,1,,52000,31,1,1,2,2,1,1,5,5,1,1,2,2,1,1,55-64,9999,Yes,,1
2024,14460,AZ,4013,04013001001,Conventional:Subordinate Lien,Single Family (1-4 Units):Site-Built,Hispanic or Latino,American Indian or Alaska Native,Female,Loan originated,4,45000,,8.0,3.1,0,2200,800,1200,600,200,180,,,2,2,2,2,,,1,1,3,3,1,,48000,28,1,5,1,1,1,5,1,1,1,5,2,2,1,5,35-44,9999,No,,1
2024,19100,CA,6059,06059012503,Conventional:First Lien,Single Family (1-4 Units):Site-Built,Not Hispanic or Latino,Native Hawaiian or Other Pacific Islander,Male,Application withdrawn,2,525000,75,6.9,2.0,0,,,4500,2000,1000,360,,,2,2,2,2,,700000,1,1,3,3,1,,135000,25,1,5,2,2,1,1,4,4,1,1,1,1,1,1,40-49,35-39,No,No,3
2024,26420,FL,12011,12011040906,Conventional:First Lien,Single Family (1-4 Units):Site-Built,Not Hispanic or Latino,Asian,Female,Loan originated,2,310000,88,7.1,2.2,0,7800,2200,3200,1400,600,360,0,0,2,2,2,2,,352273,1,1,3,3,1,,88000,40,1,1,2,2,1,1,2,2,1,1,2,2,1,1,30-34,30-34,No,No,1
2024,29820,GA,13135,13135002102,FHA:First Lien,Single Family (1-4 Units):Site-Built,Hispanic or Latino,Black or African American,Female,Loan originated,2,245000,95,7.0,1.9,0,8800,2800,3800,1600,400,360,0,0,2,2,2,2,,257895,1,1,3,3,1,,62000,44,1,1,1,1,1,1,3,3,1,1,2,2,1,1,25-29,9999,No,,1
2024,35620,CA,6075,06075032001,Conventional:First Lien,Single Family (1-4 Units):Site-Built,Not Hispanic or Latino,White,Male,File closed for incompleteness,2,750000,70,6.4,1.8,0,,,5200,2500,1500,360,,,2,2,2,2,,1071429,1,1,3,3,1,,225000,18,1,5,2,2,1,5,5,5,1,5,1,1,1,5,50-59,45-49,No,No,1
2024,38060,OH,39035,39035020801,Conventional:Subordinate Lien,Single Family (1-4 Units):Site-Built,Not Hispanic or Latino,White,Female,Loan originated,4,35000,,9.5,4.2,0,3200,1200,1800,900,300,120,,,2,2,2,2,,,1,1,3,3,1,,59000,33,1,5,2,2,1,5,5,5,1,5,2,2,1,5,45-54,9999,No,,1
2024,41860,WA,53033,53033031702,Conventional:First Lien,Single Family (1-4 Units):Site-Built,Not Hispanic or Latino,Asian,Female,Application denied,2,415000,82,7.8,2.5,0,,,3800,0,0,360,,,2,2,2,2,,506098,1,1,3,3,1,,105000,48,1,5,2,2,1,5,2,2,1,5,2,2,1,5,35-39,9999,No,,1
2024,12060,AL,1073,01073003700,VA:First Lien,Single Family (1-4 Units):Site-Built,Not Hispanic or Latino,Black or African American,Male,Loan originated,2,185000,92,6.8,1.6,0,6800,2000,2800,1200,500,360,0,0,2,2,2,2,,201087,1,1,3,3,1,,58000,38,1,1,3,3,1,1,3,3,1,1,1,1,1,1,32-36,30-34,No,No,1
2024,14460,AZ,4013,04013001001,Conventional:First Lien,Single Family (1-4 Units):Site-Built,Hispanic or Latino,White,Male,Loan originated,2,295000,85,7.3,2.1,0,8200,2400,3400,1500,700,360,0,0,2,2,2,2,,347059,1,1,3,3,1,,75000,36,1,1,1,1,1,1,5,5,1,1,1,1,1,1,28-32,26-30,No,No,1
2024,16980,TX,48113,48113030804,Conventional:First Lien,Single Family (1-4 Units):Site-Built,Not Hispanic or Latino,White,Female,Preapproval request denied,2,375000,78,6.9,2.0,0,,,4100,1800,800,360,,,2,2,2,2,,480769,1,1,3,3,1,,115000,32,1,5,2,2,1,5,5,5,1,5,2,2,1,5,40-49,9999,No,,1
2024,19100,CA,6059,06059012503,Conventional:First Lien,Single Family (1-4 Units):Site-Built,Not Hispanic or Latino,White,Male,Loan originated,2,485000,80,6.6,1.7,0,9200,2600,3600,1700,900,360,0,0,2,2,2,2,,606250,1,1,3,3,1,,140000,28,1,1,2,2,1,1,5,5,1,1,1,1,1,1,42-46,38-42,No,No,1
2024,26420,FL,12011,12011040906,FHA:First Lien,Single Family (1-4 Units):Site-Built,Hispanic or Latino,Black or African American,Female,Loan originated,2,275000,97,7.4,2.0,0,8600,2700,3700,1600,500,360,0,0,2,2,2,2,,283505,1,1,3,3,1,,65000,46,1,1,1,1,1,1,3,3,1,1,2,2,1,1,30-34,9999,No,,1
2024,29820,GA,13135,13135002102,Conventional:First Lien,Single Family (1-4 Units):Site-Built,Not Hispanic or Latino,Asian,Male,Application withdrawn,2,340000,83,7.2,2.3,0,,,3900,1700,700,360,,,2,2,2,2,,409639,1,1,3,3,1,,98000,34,1,5,2,2,1,5,2,2,1,5,1,1,1,5,38-42,35-39,No,No,3
2024,35620,CA,6075,06075032001,Conventional:Subordinate Lien,Single Family (1-4 Units):Site-Built,Not Hispanic or Latino,White,Female,Loan originated,4,65000,,8.75,3.8,0,3800,1400,2000,1000,400,180,,,2,2,2,2,,,1,1,3,3,1,,78000,30,1,5,2,2,1,5,5,5,1,5,2,2,1,5,50-59,9999,Yes,,1
2024,38060,OH,39035,39035020801,VA:First Lien,Single Family (1-4 Units):Site-Built,Not Hispanic or Latino,White,Male,Loan originated,2,225000,90,6.5,1.4,0,7200,2100,2900,1300,600,360,0,0,2,2,2,2,,250000,1,1,3,3,1,,68000,40,1,1,2,2,1,1,5,5,1,1,1,1,1,1,29-33,27-31,No,No,1
2024,41860,WA,53033,53033031702,Conventional:First Lien,Single Family (1-4 Units):Site-Built,Not Hispanic or Latino,Native Hawaiian or Other Pacific Islander,Female,Loan originated,2,395000,87,6.8,1.9,0,8100,2300,3300,1500,650,360,0,0,2,2,2,2,,454023,1,1,3,3,1,,92000,37,1,1,2,2,1,1,4,4,1,1,2,2,1,1,33-37,31-35,No,No,1
2024,12060,AL,1073,01073003700,Conventional:First Lien,Single Family (1-4 Units):Site-Built,Not Hispanic or Latino,Black or African American,Female,File closed for incompleteness,2,165000,95,7.6,2.4,0,,,2800,0,0,240,,,2,2,2,2,,173684,1,1,3,3,1,,48000,50,1,5,3,3,1,1,3,3,1,1,2,2,1,1,45-55,9999,No,,1
2024,14460,AZ,4013,04013001001,Conventional:First Lien,Single Family (1-4 Units):Site-Built,Hispanic or Latino,American Indian or Alaska Native,Male,Loan originated,2,280000,89,7.1,2.2,0,7900,2300,3300,1450,600,360,0,0,2,2,2,2,,314607,1,1,3,3,1,,71000,39,1,1,1,1,1,1,1,1,1,1,1,1,1,1,31-35,29-33,No,No,1
2024,16980,TX,48113,48113030804,Conventional:First Lien,Single Family (1-4 Units):Site-Built,Not Hispanic or Latino,Asian,Female,Preapproval request approved but not accepted,2,420000,76,6.7,1.8,0,8800,2500,3500,1600,800,360,0,0,2,2,2,2,,552632,1,1,3,3,1,,125000,26,1,1,2,2,1,5,2,2,1,5,2,2,1,5,41-45,38-42,No,No,1
2024,19100,CA,6059,06059012503,Conventional:First Lien,Single Family (1-4 Units):Site-Built,Not Hispanic or Latino,White,Male,Loan originated,2,555000,72,6.3,1.5,0,9800,2800,4000,1900,1100,360,0,0,2,2,2,2,,770833,1,1,3,3,1,,180000,22,1,1,2,2,1,1,5,5,1,1,1,1,1,1,48-52,44-48,No,No,1
2024,26420,FL,12011,12011040906,Conventional:Subordinate Lien,Single Family (1-4 Units):Site-Built,Hispanic or Latino,White,Female,Loan originated,4,55000,,8.25,3.5,0,2800,1000,1500,700,300,150,,,2,2,2,2,,,1,1,3,3,1,,65000,29,1,5,1,1,1,5,5,5,1,5,2,2,1,5,35-44,9999,No,,1
2024,29820,GA,13135,13135002102,FHA:First Lien,Single Family (1-4 Units):Site-Built,Not Hispanic or Latino,Black or African American,Male,Loan originated,2,265000,96,7.35,1.95,0,8400,2600,3600,1550,450,360,0,0,2,2,2,2,,276042,1,1,3,3,1,,62000,43,1,1,3,3,1,1,3,3,1,1,1,1,1,1,27-31,9999,No,,1
2024,35620,CA,6075,06075032001,Conventional:First Lien,Single Family (1-4 Units):Site-Built,Not Hispanic or Latino,Asian,Female,Application denied,2,625000,79,7.0,2.1,0,,,4800,2100,1000,360,,,2,2,2,2,,791139,1,1,3,3,1,,155000,35,1,5,2,2,1,5,2,2,1,5,2,2,1,5,36-40,33-37,No,No,1
2024,38060,OH,39035,39035020801,Conventional:First Lien,Single Family (1-4 Units):Site-Built,Not Hispanic or Latino,White,Male,Loan originated,2,205000,82,6.8,1.9,0,7500,2200,3100,1400,700,360,0,0,2,2,2,2,,250000,1,1,3,3,1,,70000,33,1,1,2,2,1,1,5,5,1,1,1,1,1,1,43-47,40-44,No,No,1
2024,41860,WA,53033,53033031702,Conventional:First Lien,Single Family (1-4 Units):Site-Built,Not Hispanic or Latino,White,Female,Loan originated,2,435000,84,6.55,1.65,0,8600,2400,3400,1550,750,360,0,0,2,2,2,2,,517857,1,1,3,3,1,,110000,29,1,1,2,2,1,1,5,5,1,1,2,2,1,1,39-43,36-40,No,No,1
2024,12060,AL,1073,01073003700,USDA:First Lien,Single Family (1-4 Units):Site-Built,Not Hispanic or Latino,White,Male,Loan originated,1,142000,99,6.15,1.1,0,5200,1300,1800,800,400,360,0,0,2,2,2,2,,143434,1,1,3,3,1,,45000,34,1,1,2,2,1,1,5,5,1,1,1,1,1,1,52-61,9999,Yes,,1
2024,14460,AZ,4013,04013001001,Conventional:First Lien,Single Family (1-4 Units):Site-Built,Hispanic or Latino,White,Male,Application withdrawn,2,320000,86,7.3,2.2,0,,,3600,1600,700,360,,,2,2,2,2,,372093,1,1,3,3,1,,85000,32,1,5,1,1,1,1,5,5,1,1,1,1,1,1,34-38,31-35,No,No,3
2024,16980,TX,48113,48113030804,Conventional:First Lien,Single Family (1-4 Units):Site-Built,Not Hispanic or Latino,Asian,Female,Loan originated,2,385000,81,6.9,1.8,0,8100,2300,3200,1450,650,360,0,0,2,2,2,2,,475309,1,1,3,3,1,,105000,31,1,1,2,2,1,5,2,2,1,5,2,2,1,5,37-41,34-38,No,No,1
2024,19100,CA,6059,06059012503,Conventional:Subordinate Lien,Single Family (1-4 Units):Site-Built,Not Hispanic or Latino,White,Female,Loan originated,4,75000,,9.0,4.0,0,3500,1300,1900,950,350,180,,,2,2,2,2,,,1,1,3,3,1,,88000,27,1,5,2,2,1,5,5,5,1,5,2,2,1,5,42-51,9999,No,,1
2024,26420,FL,12011,12011040906,FHA:First Lien,Single Family (1-4 Units):Site-Built,Hispanic or Latino,Black or African American,Female,Loan originated,2,255000,98,7.45,2.05,0,8200,2500,3400,1500,400,360,0,0,2,2,2,2,,260204,1,1,3,3,1,,58000,47,1,1,1,1,1,1,3,3,1,1,2,2,1,1,26-30,9999,No,,1
2024,29820,GA,13135,13135002102,Conventional:First Lien,Single Family (1-4 Units):Site-Built,Not Hispanic or Latino,White,Male,File closed for incompleteness,2,290000,84,7.1,2.1,0,,,3300,1500,700,360,,,2,2,2,2,,345238,1,1,3,3,1,,82000,36,1,5,2,2,1,5,5,5,1,5,1,1,1,5,39-48,9999,No,,1
2024,35620,CA,6075,06075032001,Conventional:First Lien,Single Family (1-4 Units):Site-Built,Not Hispanic or Latino,Asian,Male,Loan originated,2,475000,77,6.5,1.6,0,8900,2600,3700,1700,850,360,0,0,2,2,2,2,,616883,1,1,3,3,1,,135000,26,1,1,2,2,1,1,2,2,1,1,1,1,1,1,44-48,41-45,No,No,1
2024,38060,OH,39035,39035020801,VA:First Lien,Single Family (1-4 Units):Site-Built,Not Hispanic or Latino,White,Female,Loan originated,2,195000,93,6.6,1.5,0,6900,2000,2700,1200,500,360,0,0,2,2,2,2,,209677,1,1,3,3,1,,61000,37,1,1,2,2,1,1,5,5,1,1,2,2,1,1,31-35,28-32,No,No,1
2024,41860,WA,53033,53033031702,Conventional:First Lien,Single Family (1-4 Units):Site-Built,Not Hispanic or Latino,White,Male,Loan originated,2,405000,88,6.75,1.85,0,8300,2400,3300,1500,700,360,0,0,2,2,2,2,,460227,1,1,3,3,1,,98000,33,1,1,2,2,1,1,5,5,1,1,1,1,1,1,46-50,42-46,No,No,1
2024,12060,AL,1073,01073003700,Conventional:First Lien,Single Family (1-4 Units):Site-Built,Not Hispanic or Latino,Black or African American,Female,Application denied,2,175000,91,7.7,2.4,0,,,2900,0,0,300,,,2,2,2,2,,192308,1,1,3,3,1,,55000,42,1,5,3,3,1,1,3,3,1,1,2,2,1,1,34-43,9999,No,,1
2024,14460,AZ,4013,04013001001,Conventional:First Lien,Single Family (1-4 Units):Site-Built,Hispanic or Latino,White,Female,Loan originated,2,350000,83,7.0,2.0,0,8000,2300,3200,1450,650,360,0,0,2,2,2,2,,421687,1,1,3,3,1,,92000,34,1,1,1,1,1,1,5,5,1,1,2,2,1,1,36-40,33-37,No,No,1
2024,16980,TX,48113,48113030804,Conventional:First Lien,Single Family (1-4 Units):Site-Built,Not Hispanic or Latino,Asian,Male,Loan originated,2,410000,79,6.8,1.7,0,8500,2400,3400,1550,800,360,0,0,2,2,2,2,,518987,1,1,3,3,1,,115000,28,1,1,2,2,1,5,2,2,1,5,1,1,1,5,40-44,37-41,No,No,1
2024,19100,CA,6059,06059012503,Conventional:First Lien,Single Family (1-4 Units):Site-Built,Not Hispanic or Latino,White,Male,Application withdrawn,2,585000,74,6.4,1.4,0,,,4900,2200,1200,360,,,2,2,2,2,,790541,1,1,3,3,1,,170000,24,1,5,2,2,1,5,5,5,1,5,1,1,1,5,52-56,48-52,No,No,3
2024,26420,FL,12011,12011040906,Conventional:Subordinate Lien,Single Family (1-4 Units):Site-Built,Hispanic or Latino,Black or African American,Male,Loan originated,4,48000,,8.5,3.7,0,2500,900,1300,600,250,144,,,2,2,2,2,,,1,1,3,3,1,,58000,31,1,5,1,1,1,5,3,3,1,5,1,1,1,5,29-33,9999,No,,1
2024,29820,GA,13135,13135002102,FHA:First Lien,Single Family (1-4 Units):Site-Built,Not Hispanic or Latino,White,Female,Loan originated,2,235000,97,7.2,1.8,0,7800,2400,3300,1400,350,360,0,0,2,2,2,2,,242268,1,1,3,3,1,,58000,41,1,1,2,2,1,1,5,5,1,1,2,2,1,1,24-28,9999,No,,1
2024,35620,CA,6075,06075032001,Conventional:First Lien,Single Family (1-4 Units):Site-Built,Not Hispanic or Latino,Asian,Female,Loan originated,2,495000,81,6.7,1.75,0,9000,2600,3600,1650,850,360,0,0,2,2,2,2,,611111,1,1,3,3,1,,125000,30,1,1,2,2,1,1,2,2,1,1,2,2,1,1,41-45,38-42,No,No,1
2024,38060,OH,39035,39035020801,Conventional:First Lien,Single Family (1-4 Units):Site-Built,Not Hispanic or Latino,White,Male,File closed for incompleteness,2,220000,88,7.4,2.3,0,,,3100,1400,600,360,,,2,2,2,2,,250000,1,1,3,3,1,,72000,38,1,5,2,2,1,5,5,5,1,5,1,1,1,5,46-55,9999,No,,1
2024,35620,CA,9073.0,9073010101.0,Conventional:First Lien,Single Family (1-4 Units):Site-Built,Not Hispanic or Latino,Asian,Male,Loan originated,1,425000,0.85,6.75,2.5,0,8500,2500,3500,1500,750,360,0,0,2,2,2,2,,500000,1,1,5,5,1,,125000,0.38,1,1,2,5,1,5,2,7,1,4,1,5,1,5,35-44,25-34,No,No,1
2024,16980,TX,9143.0,9143701201.0,FHA-insured:First Lien,Single Family (1-4 Units):Site-Built,Hispanic or Latino,Black or African American,Female,Loan originated,1,315000,0.92,7.25,3.0,0,12000,4500,5000,2000,1000,360,0,0,2,2,2,2,,342391,1,1,5,5,1,,85000,0.43,1,1,1,5,1,5,3,2,1,4,1,5,2,5,25-34,9999,No,,1
2024,14460,IL,9179.0,9179100201.0,VA-guaranteed:First Lien,Single Family (1-4 Units):Site-Built,Not Hispanic or Latino,White,Male,Application denied,1,285000,,7.5,3.25,0,,,,,,,360,,,2,2,2,2,,300000,1,1,5,5,1,,95000,,1,5,2,5,1,5,5,5,1,5,1,5,1,5,45-54,9999,No,
2024,41860,NY,9101.0,9100100101.0,Conventional:Subordinate Lien,Single Family (1-4 Units):Site-Built,Hispanic or Latino,White,Female,Loan originated,3,75000,,8.0,4.0,0,4500,1500,2000,1000,500,180,0,0,2,2,2,2,,250000,1,1,5,5,1,,65000,0.29,1,5,1,5,1,5,5,5,1,5,2,5,2,5,35-44,9999,No,,1
2024,38060,FL,9125.0,9125700031.0,Conventional:First Lien,Single Family (1-4 Units):Site-Built,Not Hispanic or Latino,White,Male,Loan originated,1,550000,0.8,6.5,2.0,0,11000,3000,4000,2000,500,360,0,0,2,2,2,2,,687500,1,1,5,5,1,,180000,0.31,1,1,2,5,1,5,5,5,1,5,1,5,1,5,55-64,45-54,Yes,No,1
2024,12060,PA,9145.0,9145100100.0,Conventional:First Lien,Single Family (1-4 Units):Site-Built,Not Hispanic or Latino,Asian,Female,Application withdrawn,1,395000,,6.25,1.75,0,,,,,,,360,,,2,2,2,2,,450000,1,1,5,5,1,,135000,,1,5,2,5,1,5,2,7,1,5,2,5,2,5,65-74,9999,Yes,
2024,19740,OH,9103.0,9103700201.0,FHA-insured:First Lien,Single Family (1-4 Units):Site-Built,Hispanic or Latino,White,Male,Loan originated,1,225000,0.88,7.0,2.75,0,8500,3000,3500,1500,750,360,0,0,2,2,2,2,,255682,1,1,5,5,1,,75000,0.4,1,5,1,5,1,5,5,5,1,5,1,5,1,5,25-34,9999,No,,1
2024,26420,MI,9163.0,9163700101.0,Conventional:First Lien,Single Family (1-4 Units):Site-Built,Not Hispanic or Latino,Black or African American,Female,Loan originated,1,175000,0.75,6.875,2.25,0,5250,1500,2000,1000,500,360,0,0,2,2,2,2,,233333,1,1,5,5,1,,65000,0.35,1,5,2,5,1,5,3,5,1,5,2,5,2,5,35-44,9999,No,,1
2024,42660,WA,9105.0,9105303021.0,Conventional:First Lien,Single Family (1-4 Units):Site-Built,Not Hispanic or Latino,White,Male,File closed for incompleteness,1,485000,,6.375,2.125,0,,,,,,,360,,,2,2,2,2,,550000,1,1,5,5,1,,165000,,1,5,2,5,1,5,5,5,1,5,1,5,1,5,45-54,35-44,No,No
2024,33100,NC,9181.0,9181900101.0,VA-guaranteed:First Lien,Single Family (1-4 Units):Site-Built,Not Hispanic or Latino,White,Male,Loan originated,1,335000,0.9,6.25,1.5,0,6700,2000,2500,1250,625,360,0,0,2,2,2,2,,372222,1,1,5,5,1,,105000,0.33,1,1,2,5,1,5,5,5,1,5,1,5,1,5,30-44,28-35,No,No,1
2024,19100,GA,9131.0,9131700101.0,Conventional:Subordinate Lien,Single Family (1-4 Units):Site-Built,Hispanic or Latino,White,Female,Loan originated,3,95000,,7.5,3.5,0,5700,1800,2200,1100,550,180,0,0,2,2,2,2,,200000,1,1,5,5,1,,58000,0.38,1,5,1,5,1,5,5,5,1,5,2,5,2,5,35-44,9999,No,,1
2024,38060,FL,9186.0,9186901101.0,Conventional:First Lien,Single Family (1-4 Units):Site-Built,Not Hispanic or Latino,White,Male,Loan originated,1,625000,0.75,5.875,1.25,0,12500,3500,4500,2250,750,360,0,0,2,2,2,2,,833333,1,1,5,5,1,,225000,0.28,1,1,2,5,1,5,5,5,1,5,1,5,1,5,55-64,45-54,Yes,No,1
2024,12060,PA,9147.0,9147100201.0,Conventional:First Lien,Single Family (1-4 Units):Site-Built,Not Hispanic or Latino,Asian,Male,Application denied,1,375000,,7.125,2.875,0,,,,,,,360,,,2,2,2,2,,425000,1,1,5,5,1,,140000,,1,5,2,5,1,5,2,7,1,5,1,5,1,5,35-44,9999,No,
2024,41860,NY,9107.0,9107100101.0,Conventional:First Lien,Single Family (1-4 Units):Site-Built,Hispanic or Latino,Black or African American,Female,Loan originated,1,450000,0.85,6.625,2.375,0,11250,4000,4500,2000,1000,360,0,0,2,2,2,2,,529412,1,1,5,5,1,,155000,0.36,1,1,1,5,1,5,3,2,1,4,2,5,2,5,30-39,27-34,No,No,1
2024,19740,OH,9109.0,9109700301.0,FHA-insured:First Lien,Single Family (1-4 Units):Site-Built,Not Hispanic or Latino,White,Female,Loan originated,1,195000,0.9,7.375,3.125,0,7800,2800,3200,1400,700,360,0,0,2,2,2,2,,216667,1,1,5,5,1,,70000,0.42,1,5,2,5,1,5,5,5,1,5,2,5,2,5,25-34,9999,No,,1
2024,35620,CA,9075.0,9075010201.0,Conventional:First Lien,Single Family (1-4 Units):Site-Built,Not Hispanic or Latino,White,Male,Loan originated,1,725000,0.7,5.5,0.75,0,14500,4000,5000,2500,1000,360,0,0,2,2,2,2,,1035714,1,1,5,5,1,,275000,0.25,1,1,2,5,1,5,5,5,1,5,1,5,1,5,45-54,35-44,No,No,1
2024,14460,IL,9189.0,9189900101.0,Conventional:Subordinate Lien,Single Family (1-4 Units):Site-Built,Hispanic or Latino,White,Male,Loan originated,3,125000,,8.25,4.25,0,7500,2500,3000,1500,750,180,0,0,2,2,2,2,,350000,1,1,5,5,1,,85000,0.31,1,5,1,5,1,5,5,5,1,5,1,5,1,5,40-49,9999,No,,1
2024,33100,NC,9193.0,9193900101.0,VA-guaranteed:First Lien,Single Family (1-4 Units):Site-Built,Not Hispanic or Latino,White,Male,Loan originated,1,385000,0.95,6.125,2.0,0,7700,2200,2800,1400,700,360,0,0,2,2,2,2,,405263,1,1,5,5,1,,120000,0.35,1,1,2,5,1,5,5,5,1,5,1,5,1,5,35-44,32-39,No,No,1
2024,26420,MI,9165.0,9165700101.0,Conventional:First Lien,Single Family (1-4 Units):Site-Built,Not Hispanic or Latino,Black or African American,Female,Application withdrawn,1,165000,,6.75,2.5,0,,,,,,,360,,,2,2,2,2,,200000,1,1,5,5,1,,60000,,1,5,2,5,1,5,3,5,1,5,2,5,2,5,35-44,9999,No,
2024,42660,WA,9111.0,9111700201.0,Conventional:First Lien,Single Family (1-4 Units):Site-Built,Not Hispanic or Latino,Asian,Female,Loan originated,1,595000,0.8,6.0,1.75,0,11900,3200,4000,2000,800,360,0,0,2,2,2,2,,743750,1,1,5,5,1,,195000,0.3,1,1,2,5,1,5,2,7,1,5,2,5,2,5,40-49,35-44,No,No,1
2024,19100,GA,9133.0,9133700101.0,FHA-insured:First Lien,Single Family (1-4 Units):Site-Built,Hispanic or Latino,White,Male,Loan originated,1,275000,0.89,7.125,2.875,0,11000,3800,4200,1900,950,360,0,0,2,2,2,2,,308989,1,1,5,5,1,,90000,0.41,1,5,1,5,1,5,5,5,1,5,1,5,1,5,30-39,28-35,No,No,1
2024,41860,NY,9113.0,9113700101.0,Conventional:First Lien,Single Family (1-4 Units):Site-Built,Not Hispanic or Latino,White,Male,File closed for incompleteness,1,525000,,6.5,2.25,0,,,,,,,360,,,2,2,2,2,,650000,1,1,5,5,1,,200000,,1,5,2,5,1,5,5,5,1,5,1,5,1,5,50-59,9999,Yes,
2024,38060,FL,9187.0,9187700101.0,Conventional:First Lien,Single Family (1-4 Units):Site-Built,Not Hispanic or Latino,White,Female,Loan originated,1,675000,0.78,6.125,1.875,0,13500,3800,4800,2400,1200,360,0,0,2,2,2,2,,865385,1,1,5,5,1,,250000,0.29,1,1,2,5,1,5,5,5,1,5,2,5,2,5,45-54,40-49,No,No,1
2024,12060,PA,9149.0,9149300101.0,Conventional:Subordinate Lien,Single Family (1-4 Units):Site-Built,Not Hispanic or Latino,Asian,Male,Loan originated,3,65000,,7.75,3.75,0,3900,1200,1500,750,375,180,0,0,2,2,2,2,,185000,1,1,5,5,1,,55000,0.34,1,5,2,5,1,5,2,7,1,5,1,5,1,5,35-44,9999,No,,1
2024,19740,OH,9115.0,9115700101.0,Conventional:First Lien,Single Family (1-4 Units):Site-Built,Not Hispanic or Latino,White,Female,Application denied,1,245000,,7.0,2.75,0,,,,,,,360,,,2,2,2,2,,285000,1,1,5,5,1,,85000,,1,5,2,5,1,5,5,5,1,5,2,5,2,5,40-49,9999,No,
2024,35620,CA,9077.0,9077010101.0,Conventional:First Lien,Single Family (1-4 Units):Site-Built,Hispanic or Latino,Black or African American,Male,Loan originated,1,525000,0.82,6.375,2.125,0,13125,4500,5000,2250,1125,360,0,0,2,2,2,2,,640244,1,1,5,5,1,,185000,0.34,1,1,1,5,1,5,3,2,1,4,1,5,1,5,35-44,30-37,No,No,1
2024,14460,IL,9191.0,9191300101.0,VA-guaranteed:First Lien,Single Family (1-4 Units):Site-Built,Not Hispanic or Latino,White,Male,Loan originated,1,365000,0.92,6.0,1.5,0,7300,2000,2500,1250,625,360,0,0,2,2,2,2,,396739,1,1,5,5,1,,115000,0.32,1,1,2,5,1,5,5,5,1,5,1,5,1,5,32-39,30-35,No,No,1
2024,33100,NC,9195.0,9195700101.0,Conventional:First Lien,Single Family (1-4 Units):Site-Built,Not Hispanic or Latino,White,Male,Loan originated,1,415000,0.83,6.25,1.75,0,8300,2400,3000,1500,750,360,0,0,2,2,2,2,,500000,1,1,5,5,1,,140000,0.3,1,1,2,5,1,5,5,5,1,5,1,5,1,5,40-49,35-44,No,No,1
2024,26420,MI,9167.0,9167700101.0,FHA-insured:First Lien,Single Family (1-4 Units):Site-Built,Not Hispanic or Latino,Black or African American,Female,Loan originated,1,205000,0.91,7.25,3.0,0,8200,3000,3400,1600,800,360,0,0,2,2,2,2,,225275,1,1,5,5,1,,75000,0.44,1,5,2,5,1,5,3,5,1,5,2,5,2,5,28-35,9999,No,,1
2024,42660,WA,9117.0,9117700101.0,Conventional:First Lien,Single Family (1-4 Units):Site-Built,Not Hispanic or Latino,Asian,Male,Application withdrawn,1,685000,,5.875,1.625,0,,,,,,,360,,,2,2,2,2,,825000,1,1,5,5,1,,250000,,1,5,2,5,1,5,2,7,1,5,1,5,1,5,45-54,40-49,No,No
2024,19100,GA,9135.0,9135700101.0,Conventional:Subordinate Lien,Single Family (1-4 Units):Site-Built,Hispanic or Latino,White,Female,Loan originated,3,85000,,8.0,4.0,0,5100,1600,2000,1000,500,180,0,0,2,2,2,2,,275000,1,1,5,5,1,,70000,0.36,1,5,1,5,1,5,5,5,1,5,2,5,2,5,35-44,9999,No,,1
2024,41860,NY,9119.0,9119700101.0,Conventional:First Lien,Single Family (1-4 Units):Site-Built,Not Hispanic or Latino,White,Male,Loan originated,1,475000,0.79,6.375,2.125,0,11875,4200,4700,2100,1050,360,0,0,2,2,2,2,,600759,1,1,5,5,1,,175000,0.31,1,1,2,5,1,5,5,5,1,5,1,5,1,5,50-59,45-54,Yes,No,1
2024,38060,FL,9189.0,9189900101.0,Conventional:First Lien,Single Family (1-4 Units):Site-Built,Not Hispanic or Latino,White,Female,File closed for incompleteness,1,725000,,6.125,1.875,0,,,,,,,360,,,2,2,2,2,,900000,1,1,5,5,1,,275000,,1,5,2,5,1,5,5,5,1,5,2,5,2,5,55-64,9999,Yes,
2024,12060,PA,9151.0,9151300101.0,Conventional:First Lien,Single Family (1-4 Units):Site-Built,Not Hispanic or Latino,Asian,Female,Loan originated,1,425000,0.81,6.125,1.875,0,8500,2500,3000,1500,750,360,0,0,2,2,2,2,,524590,1,1,5,5,1,,160000,0.29,1,1,2,5,1,5,2,7,1,5,2,5,2,5,35-44,30-37,No,No,1
2024,19740,OH,9121.0,9121700101.0,Conventional:First Lien,Single Family (1-4 Units):Site-Built,Not Hispanic or Latino,White,Male,Application denied,1,285000,,6.875,2.375,0,,,,,,,360,,,2,2,2,2,,340000,1,1,5,5,1,,105000,,1,5,2,5,1,5,5,5,1,5,1,5,1,5,40-49,9999,No,
2024,35620,CA,9079.0,9079010201.0,VA-guaranteed:First Lien,Single Family (1-4 Units):Site-Built,Not Hispanic or Latino,White,Male,Loan originated,1,625000,0.88,5.75,1.25,0,12500,3500,4250,2125,1063,360,0,0,2,2,2,2,,710227,1,1,5,5,1,,235000,0.27,1,1,2,5,1,5,5,5,1,5,1,5,1,5,40-47,38-45,No,No,1
2024,14460,IL,9193.0,9193900101.0,Conventional:Subordinate Lien,Single Family (1-4 Units):Site-Built,Hispanic or Latino,Black or African American,Female,Loan originated,3,115000,,7.875,3.875,0,6900,2200,2600,1300,650,180,0,0,2,2,2,2,,325000,1,1,5,5,1,,78000,0.33,1,5,1,5,1,5,3,2,1,4,2,5,2,5,30-37,9999,No,,1
2024,33100,NC,9197.0,9197700101.0,FHA-insured:First Lien,Single Family (1-4 Units):Site-Built,Not Hispanic or Latino,White,Male,Loan originated,1,355000,0.93,6.875,2.625,0,14200,5000,5500,2500,1250,360,0,0,2,2,2,2,,381720,1,1,5,5,1,,125000,0.38,1,5,2,5,1,5,5,5,1,5,1,5,1,5,35-42,32-39,No,No,1
2024,26420,MI,9169.0,9168700101.0,Conventional:First Lien,Single Family (1-4 Units):Site-Built,Not Hispanic or Latino,White,Female,Loan originated,1,195000,0.76,6.625,2.125,0,5850,1700,2100,1050,525,360,0,0,2,2,2,2,,256579,1,1,5,5,1,,70000,0.34,1,1,2,5,1,5,5,5,1,5,2,5,2,5,45-54,9999,No,,1
2024,42660,WA,9123.0,9123700101.0,Conventional:First Lien,Single Family (1-4 Units):Site-Built,Not Hispanic or Latino,Asian,Male,Application withdrawn,1,765000,,5.625,1.375,0,,,,,,,360,,,2,2,2,2,,950000,1,1,5,5,1,,285000,,1,5,2,5,1,5,2,7,1,5,1,5,1,5,50-57,45-52,No,No
2024,35620,NY,36001,36001002001,Conventional:First Lien,Single Family (1-4 Units):Site-Built,Not Hispanic or Latino,White,Male,Loan originated,1,385000,80.5,7.25,2.75,0,8500,2500,1200,800,500,360,0,0,2,2,2,2,,385000,1,1,3,5,1,,125000,38,1,1,2,5,2,4,5,8,2,4,1,5,2,4,45-54,35-44,No,No,1
2024,31080,CA,6075,6075040302,FHA-insured:First Lien,Single Family (1-4 Units):Site-Built,Hispanic or Latino,Asian,Male,Application denied,1,455000,95.2,7.75,3.25,0,12000,4500,1800,1200,300,360,0,0,2,2,2,2,,478000,1,1,3,5,1,,98000,45,1,1,1,5,2,4,2,8,2,4,1,5,2,4,35-44,25-34,No,No,1
2024,16980,TX,48113,48113010503,VA-guaranteed:First Lien,Single Family (1-4 Units):Site-Built,Not Hispanic or Latino,Black or African American,Female,Loan originated,1,295000,85.3,6.88,2.15,0,7200,1800,900,600,400,360,0,0,2,2,2,2,,346000,1,1,3,5,1,,88000,32,1,1,2,5,2,4,3,8,2,4,2,5,2,4,55-64,45-54,Yes,No,1
2024,19100,FL,12011,12011040205,Conventional:First Lien,Single Family (1-4 Units):Site-Built,Not Hispanic or Latino,White,Female,Loan originated,2,525000,75.8,6.5,1.85,0,9500,2800,1400,900,700,360,0,0,2,2,2,2,,692000,1,1,3,5,1,,165000,28,1,1,2,5,2,4,5,8,2,4,2,5,2,4,35-44,35-44,No,No,1
2024,26420,IL,17031,17031350200,Conventional:Subordinate Lien,Single Family (1-4 Units):Site-Built,Hispanic or Latino,White,Male,Loan originated,3,75000,,8.0,3.5,0,3200,1200,600,400,200,180,0,0,2,2,2,2,,280000,1,1,3,5,1,,72000,41,1,1,1,5,2,4,5,8,2,4,1,5,2,4,25-34,24,No,No,1
2024,41860,WA,53033,53033020901,Conventional:First Lien,Single Family (1-4 Units):Site-Built,Not Hispanic or Latino,Asian,Male,Application withdrawn,1,650000,82.1,7.0,2.5,0,10500,3200,1600,1000,800,360,0,0,2,2,2,2,,792000,1,1,3,5,1,,185000,25,1,1,2,5,2,4,2,8,2,4,1,5,2,4,45-54,35-44,No,No,1
2024,38060,OH,39017,39017011204,FHA-insured:First Lien,Single Family (1-4 Units):Site-Built,Not Hispanic or Latino,White,Female,Loan originated,1,185000,92.5,7.9,3.65,0,6800,2200,1100,700,500,360,0,0,2,2,2,2,,200000,1,1,3,5,1,,65000,42,1,1,2,5,2,4,5,8,2,4,2,5,2,4,25-34,24,No,No,1
2024,12060,PA,42001,42001002100,Conventional:First Lien,Single Family (1-4 Units):Site-Built,Not Hispanic or Latino,White,Male,File closed for incompleteness,1,320000,78.9,6.75,2.25,0,7800,2100,1050,650,450,360,0,0,2,2,2,2,,406000,1,1,3,5,1,,95000,35,1,1,2,5,2,4,5,8,2,4,1,5,2,4,35-44,30,No,No,1
2024,14460,AZ,4013,40130102003,Conventional:First Lien,Single Family (1-4 Units):Site-Built,Hispanic or Latino,American Indian or Alaska Native,Female,Loan originated,1,420000,83.3,7.15,2.85,0,8800,2600,1300,800,600,360,0,0,2,2,2,2,,504000,1,1,3,5,1,,115000,30,1,1,1,5,2,4,1,8,2,4,2,5,2,4,45-54,40,Yes,No,1
2024,19740,GA,13067,13067040102,VA-guaranteed:First Lien,Single Family (1-4 Units):Site-Built,Not Hispanic or Latino,Black or African American,Male,Loan originated,1,365000,88.7,6.95,2.45,0,8100,2300,1150,750,550,360,0,0,2,2,2,2,,411000,1,1,3,5,1,,108000,33,1,1,2,5,2,4,3,8,2,4,1,5,2,4,55-64,50,Yes,No,1
2024,33100,MI,26161,26161003300,Conventional:First Lien,Single Family (1-4 Units):Site-Built,Not Hispanic or Latino,White,Male,Application denied,1,275000,90.2,8.1,3.8,0,9200,3000,1500,950,650,360,0,0,2,2,2,2,,305000,1,1,3,5,1,,85000,46,1,1,2,5,2,4,5,8,2,4,1,5,2,4,35-44,30,No,No,1
2024,42660,WI,55025,55025010704,FHA-insured:First Lien,Single Family (1-4 Units):Site-Built,Not Hispanic or Latino,White,Female,Loan originated,1,245000,93.8,7.85,3.95,0,7600,2400,1200,750,550,360,0,0,2,2,2,2,,261000,1,1,3,5,1,,78000,40,1,1,2,5,2,4,5,8,2,4,2,5,2,4,25-34,24,No,No,1
2024,23420,CO,8031,8031004002,Conventional:First Lien,Single Family (1-4 Units):Site-Built,Not Hispanic or Latino,White,Male,Loan originated,1,485000,79.5,6.88,2.1,0,9800,2900,1450,900,700,360,0,0,2,2,2,2,,610000,1,1,3,5,1,,135000,29,1,1,2,5,2,4,5,8,2,4,1,5,2,4,45-54,40,No,No,1
2024,49180,OR,41005,41005020301,Conventional:First Lien,Single Family (1-4 Units):Site-Built,Hispanic or Latino,Asian,Female,Application approved but not accepted,1,395000,84.2,7.35,2.95,0,8600,2500,1250,800,600,360,0,0,2,2,2,2,,469000,1,1,3,5,1,,110000,32,1,1,1,5,2,4,2,8,2,4,2,5,2,4,35-44,30,No,No,1
2024,45060,SC,45019,45019030102,Conventional:First Lien,Single Family (1-4 Units):Site-Built,Not Hispanic or Latino,Black or African American,Male,Loan originated,1,315000,86.3,7.5,3.0,0,8200,2200,1100,700,500,360,0,0,2,2,2,2,,365000,1,1,3,5,1,,95000,36,1,1,2,5,2,4,3,8,2,4,1,5,2,4,25-34,24,No,No,1
2024,29820,NC,37183,37183040103,Conventional:Subordinate Lien,Single Family (1-4 Units):Site-Built,Not Hispanic or Latino,White,Female,Loan originated,3,95000,,8.25,3.75,0,3500,1300,650,400,300,180,0,0,2,2,2,2,,320000,1,1,3,5,1,,75000,43,1,1,2,5,2,4,5,8,2,4,2,5,2,4,45-54,40,Yes,No,1
2024,46140,TN,47157,47157030204,VA-guaranteed:First Lien,Single Family (1-4 Units):Site-Built,Not Hispanic or Latino,White,Male,Loan originated,1,285000,89.1,6.75,2.0,0,7400,2000,1000,650,450,360,0,0,2,2,2,2,,320000,1,1,3,5,1,,82000,31,1,1,2,5,2,4,5,8,2,4,1,5,2,4,35-44,30,No,No,1
2024,27260,MD,24003,24003320101,Conventional:First Lien,Single Family (1-4 Units):Site-Built,Not Hispanic or Latino,White,Female,Application denied,1,485000,81.7,7.6,3.1,0,10200,3200,1600,1000,800,360,0,0,2,2,2,2,,593000,1,1,3,5,1,,145000,38,1,1,2,5,2,4,5,8,2,4,2,5,2,4,45-54,40,Yes,No,1
2024,41180,WA,53011,53011030406,Conventional:First Lien,Single Family (1-4 Units):Site-Built,Hispanic or Latino,White,Male,Loan originated,1,575000,77.2,6.65,1.75,0,10800,3400,1700,1050,850,360,0,0,2,2,2,2,,745000,1,1,3,5,1,,175000,26,1,1,1,5,2,4,5,8,2,4,1,5,2,4,35-44,35,No,No,1
2024,38900,NV,32003,32003080102,FHA-insured:First Lien,Single Family (1-4 Units):Site-Built,Not Hispanic or Latino,Asian,Female,Loan originated,1,425000,94.8,7.95,4.05,0,8900,2800,1400,850,650,360,0,0,2,2,2,2,,448000,1,1,3,5,1,,125000,44,1,1,2,5,2,4,2,8,2,4,2,5,2,4,25-34,24,No,No,1
2024,22020,AZ,4013,40130205004,Conventional:First Lien,Single Family (1-4 Units):Site-Built,Not Hispanic or Latino,White,Male,Loan originated,1,365000,83.1,7.1,2.6,0,8400,2400,1200,750,550,360,0,0,2,2,2,2,,439000,1,1,3,5,1,,105000,33,1,1,2,5,2,4,5,8,2,4,1,5,2,4,45-54,40,Yes,No,1
2024,33460,MO,29189,29189020103,Conventional:First Lien,Single Family (1-4 Units):Site-Built,Not Hispanic or Latino,Black or African American,Female,Application withdrawn,1,235000,88.9,8.2,3.9,0,7100,2300,1150,700,500,360,0,0,2,2,2,2,,264000,1,1,3,5,1,,72000,41,1,1,2,5,2,4,3,8,2,4,2,5,2,4,35-44,30,No,No,1
2024,18140,FL,12086,12086030405,Conventional:First Lien,Single Family (1-4 Units):Site-Built,Hispanic or Latino,White,Male,Loan originated,1,415000,85.6,7.4,2.9,0,9000,2700,1350,850,650,360,0,0,2,2,2,2,,485000,1,1,3,5,1,,118000,31,1,1,1,5,2,4,5,8,2,4,1,5,2,4,25-34,24,No,No,1
2024,38300,OH,39153,39153040201,VA-guaranteed:First Lien,Single Family (1-4 Units):Site-Built,Not Hispanic or Latino,White,Female,Loan originated,1,275000,91.7,6.8,1.9,0,7700,2100,1050,650,450,360,0,0,2,2,2,2,,300000,1,1,3,5,1,,85000,34,1,1,2,5,2,4,5,8,2,4,2,5,2,4,55-64,50,Yes,No,1
2024,24500,CA,6073,6073040102,Conventional:First Lien,Single Family (1-4 Units):Site-Built,Not Hispanic or Latino,Asian,Male,Loan originated,1,685000,76.1,6.55,1.85,0,11500,3600,1800,1100,900,360,0,0,2,2,2,2,,900000,1,1,3,5,1,,205000,24,1,1,2,5,2,4,2,8,2,4,1,5,2,4,35-44,35,No,No,1
2024,12940,CT,9001,9001010300,Conventional:Subordinate Lien,Single Family (1-4 Units):Site-Built,Not Hispanic or Latino,White,Female,Loan originated,3,125000,,8.5,4.0,0,4200,1500,750,450,350,180,0,0,2,2,2,2,,420000,1,1,3,5,1,,95000,37,1,1,2,5,2,4,5,8,2,4,2,5,2,4,45-54,40,Yes,No,1
2024,29540,TX,48121,48121020503,Conventional:First Lien,Single Family (1-4 Units):Site-Built,Hispanic or Latino,Black or African American,Male,Application denied,1,315000,91.4,8.35,4.15,0,8800,2900,1450,900,700,360,0,0,2,2,2,2,,345000,1,1,3,5,1,,88000,47,1,1,1,5,2,4,3,8,2,4,1,5,2,4,25-34,24,No,No,1
2024,35620,NY,36039,36039010302,Conventional:First Lien,Single Family (1-4 Units):Site-Built,Not Hispanic or Latino,White,Male,Loan originated,1,525000,74.8,6.45,1.65,0,10300,3100,1550,950,750,360,0,0,2,2,2,2,,702000,1,1,3,5,1,,165000,27,1,1,2,5,2,4,5,8,2,4,1,5,2,4,45-54,40,Yes,No,1
2024,12060,PA,42003,42003020101,Conventional:First Lien,Single Family (1-4 Units):Site-Built,Not Hispanic or Latino,Black or African American,Female,Loan originated,1,285000,87.5,7.65,3.15,0,8100,2300,1150,700,500,360,0,0,2,2,2,2,,326000,1,1,3,5,1,,92000,35,1,1,2,5,2,4,3,8,2,4,2,5,2,4,35-44,30,No,No,1
2024,14460,AZ,4013,40130306002,FHA-insured:First Lien,Single Family (1-4 Units):Site-Built,Hispanic or Latino,White,Male,Loan originated,1,355000,93.2,7.8,3.6,0,8100,2500,1250,750,550,360,0,0,2,2,2,2,,381000,1,1,3,5,1,,105000,41,1,1,1,5,2,4,5,8,2,4,1,5,2,4,25-34,24,No,No,1
2024,38900,NV,32003,32003090204,Conventional:First Lien,Single Family (1-4 Units):Site-Built,Not Hispanic or Latino,White,Female,Application approved but not accepted,1,485000,82.3,7.2,2.7,0,9400,2800,1400,850,650,360,0,0,2,2,2,2,,589000,1,1,3,5,1,,135000,32,1,1,2,5,2,4,5,8,2,4,2,5,2,4,45-54,35,Yes,No,1
2024,22020,AZ,4019,40190208001,Conventional:First Lien,Single Family (1-4 Units):Site-Built,Not Hispanic or Latino,Asian,Male,Loan originated,1,395000,80.7,6.9,2.2,0,8700,2600,1300,800,600,360,0,0,2,2,2,2,,490000,1,1,3,5,1,,125000,29,1,1,2,5,2,4,2,8,2,4,1,5,2,4,35-44,30,No,No,1
2024,33460,MO,29189,29189010502,VA-guaranteed:First Lien,Single Family (1-4 Units):Site-Built,Not Hispanic or Latino,White,Male,Loan originated,1,255000,89.5,6.85,2.05,0,7300,2000,1000,650,450,360,0,0,2,2,2,2,,285000,1,1,3,5,1,,78000,33,1,1,2,5,2,4,5,8,2,4,1,5,2,4,55-64,45,Yes,No,1
2024,18140,FL,12071,12071040303,Conventional:First Lien,Single Family (1-4 Units):Site-Built,Hispanic or Latino,White,Female,File closed for incompleteness,1,375000,88.2,7.75,3.25,0,8600,2500,1250,800,600,360,0,0,2,2,2,2,,425000,1,1,3,5,1,,108000,38,1,1,1,5,2,4,5,8,2,4,2,5,2,4,25-34,24,No,No,1
2024,38300,OH,39035,39035020701,Conventional:First Lien,Single Family (1-4 Units):Site-Built,Not Hispanic or Latino,White,Male,Loan originated,1,295000,85.8,7.0,2.4,0,8000,2300,1150,700,500,360,0,0,2,2,2,2,,344000,1,1,3,5,1,,95000,31,1,1,2,5,2,4,5,8,2,4,1,5,2,4,45-54,40,Yes,No,1
2024,24500,CA,6075,6075041203,Conventional:First Lien,Single Family (1-4 Units):Site-Built,Not Hispanic or Latino,Asian,Female,Application denied,1,725000,83.1,7.45,2.75,0,11800,3700,1850,1150,950,360,0,0,2,2,2,2,,873000,1,1,3,5,1,,195000,36,1,1,2,5,2,4,2,8,2,4,2,5,2,4,35-44,35,No,No,1
2024,12940,CT,9003,9003020100,Conventional:First Lien,Single Family (1-4 Units):Site-Built,Not Hispanic or Latino,Black or African American,Male,Loan originated,1,385000,79.4,6.78,2.08,0,8900,2700,1350,850,650,360,0,0,2,2,2,2,,485000,1,1,3,5,1,,125000,28,1,1,2,5,2,4,3,8,2,4,1,5,2,4,35-44,30,No,No,1
2024,29540,TX,48157,48157030804,Conventional:Subordinate Lien,Single Family (1-4 Units):Site-Built,Not Hispanic or Latino,White,Female,Loan originated,3,115000,,8.75,4.25,0,3800,1400,700,450,350,180,0,0,2,2,2,2,,380000,1,1,3,5,1,,88000,39,1,1,2,5,2,4,5,8,2,4,2,5,2,4,45-54,40,Yes,No,1
2024,35620,NY,36059,36059010201,FHA-insured:First Lien,Single Family (1-4 Units):Site-Built,Hispanic or Latino,Black or African American,Female,Application withdrawn,1,425000,94.1,7.9,3.7,0,9100,2900,1450,900,700,360,0,0,2,2,2,2,,452000,1,1,3,5,1,,118000,43,1,1,1,5,2,4,3,8,2,4,2,5,2,4,25-34,24,No,No,1
2024,12060,PA,42005,42005018000,Conventional:First Lien,Single Family (1-4 Units):Site-Built,Not Hispanic or Latino,White,Male,Loan originated,1,345000,81.2,6.82,2.22,0,8400,2500,1250,750,550,360,0,0,2,2,2,2,,425000,1,1,3,5,1,,105000,30,1,1,2,5,2,4,5,8,2,4,1,5,2,4,55-64,45,Yes,No,1
2024,14460,AZ,4013,40130415004,Conventional:First Lien,Single Family (1-4 Units):Site-Built,Not Hispanic or Latino,American Indian or Alaska Native,Male,Loan originated,1,405000,84.7,7.25,2.65,0,8800,2600,1300,800,600,360,0,0,2,2,2,2,,478000,1,1,3,5,1,,125000,32,1,1,2,5,2,4,1,8,2,4,1,5,2,4,35-44,30,No,No,1
2024,19740,GA,13089,13089020103,VA-guaranteed:First Lien,Single Family (1-4 Units):Site-Built,Not Hispanic or Latino,White,Female,Loan originated,1,325000,88.8,6.9,2.1,0,8200,2300,1150,700,500,360,0,0,2,2,2,2,,366000,1,1,3,5,1,,98000,34,1,1,2,5,2,4,5,8,2,4,2,5,2,4,55-64,50,Yes,No,1
2024,33100,MI,26163,26163010402,Conventional:First Lien,Single Family (1-4 Units):Site-Built,Not Hispanic or Latino,Asian,Male,Application approved but not accepted,1,365000,83.5,7.3,2.8,0,8900,2700,1350,850,650,360,0,0,2,2,2,2,,437000,1,1,3,5,1,,125000,30,1,1,2,5,2,4,2,8,2,4,1,5,2,4,45-54,40,No,No,1
2024,35620,NY,36001,36001001900,Conventional:First Lien,Single Family (1-4 Units):Site-Built,Not Hispanic or Latino,White,Male,Loan originated,1,385000,0.85,6.75,2.25,0,8500,2500,1800,750,500,360,0,0,2,2,2,2,385000,1,1,3,3,1,85000,0.38,1,1,2,5,1,2,5,8,1,5,1,1,45,9999,No,,1,1,,,
2024,31080,CA,6075,0607502300,FHA:First Lien,Single Family (1-4 Units):Site-Built,Hispanic or Latino,Asian,Male,Application denied,1,425000,0.9,7.0,3.0,0,0,0,0,0,0,0,0,0,2,2,2,2,472222,1,1,3,3,1,78000,0.42,1,3,1,5,1,2,7,8,1,5,1,1,35-44,9999,No,,2,1,,,
2024,16980,TX,48113,48113010516,Conventional:Subordinate Lien,Single Family (1-4 Units):Site-Built,Not Hispanic or Latino,Black or African American,Female,Loan originated,3,65000,0.75,8.5,4.0,1,3200,1200,800,400,200,180,0,0,2,2,2,2,86667,1,1,3,3,1,52000,0.29,1,3,2,5,1,2,3,8,1,5,2,1,55-64,9999,Yes,,1,1,,,
2024,19100,FL,12011,12011006802,VA:First Lien,Single Family (1-4 Units):Site-Built,Not Hispanic or Latino,White,Female,Loan originated,1,290000,0.95,5.5,1.75,0,7200,1800,1500,300,600,360,0,0,2,2,2,2,305263,1,1,3,3,1,65000,0.41,1,1,2,5,1,2,5,8,1,5,2,2,25-34,35-44,No,No,1,1,,,
2024,26420,IL,17031,17031070200,Conventional:First Lien,Single Family (1-4 Units):Site-Built,Hispanic or Latino,White,Male,File closed for incompleteness,1,510000,0.8,6.25,2.0,0,0,0,0,0,0,0,0,0,2,2,2,2,637500,1,1,3,3,2,120000,0.35,1,3,1,5,1,2,5,8,1,5,1,1,45-54,9999,No,,1,1,,,
2024,41860,WA,53033,53033030201,Conventional:First Lien,Single Family (1-4 Units):Site-Built,Not Hispanic or Latino,Asian,Female,Loan originated,1,625000,0.75,5.75,1.5,0,9500,2200,1900,300,800,360,0,0,2,2,2,2,833333,1,1,3,3,1,145000,0.32,1,1,2,5,1,2,7,8,1,5,2,1,35-44,9999,No,,1,1,,,
2024,38060,OH,39035,39035001700,FHA:First Lien,Single Family (1-4 Units):Site-Built,Not Hispanic or Latino,Black or African American,Male,Application withdrawn,1,195000,0.92,7.25,2.75,0,0,0,0,0,0,0,0,0,2,2,2,2,211957,1,1,3,3,1,48000,0.45,3,5,2,5,1,2,3,8,1,5,1,1,25-34,9999,No,,2,1,,,
2024,12060,AZ,4013,04013090500,Conventional:First Lien,Single Family (1-4 Units):Site-Built,Hispanic or Latino,American Indian or Alaska Native,Male,Loan originated,1,415000,0.85,6.9,2.4,0,7800,2100,1600,500,400,360,0,0,2,2,2,2,488235,1,1,3,3,1,88000,0.39,1,1,1,5,1,2,1,8,1,5,1,1,45-54,35-44,No,No,1,1,,,
2024,14460,CO,8031,08031010205,Conventional:Subordinate Lien,Single Family (1-4 Units):Site-Built,Not Hispanic or Latino,White,Female,Loan originated,31,85000,0.65,9.0,5.0,1,4500,1800,1200,600,300,240,0,0,2,2,2,2,130769,1,1,3,3,1,72000,0.33,1,3,2,5,1,2,5,8,1,5,2,1,55-64,9999,Yes,,1,1,,,
2024,33100,MI,26125,26125030300,VA:First Lien,Single Family (1-4 Units):Site-Built,Not Hispanic or Latino,White,Male,Loan originated,1,275000,0.88,5.25,1.25,0,6800,1500,1300,200,700,360,0,0,2,2,2,2,312500,1,1,3,3,1,58000,0.36,1,1,2,5,1,2,5,8,1,5,1,1,35-44,25-34,No,No,1,1,,,
2024,47900,WI,55101,55001001200,Conventional:First Lien,Single Family (1-4 Units):Site-Built,Not Hispanic or Latino,Asian,Female,Application denied,1,320000,0.78,6.5,2.1,0,0,0,0,0,0,0,0,0,2,2,2,2,410256,1,1,3,3,1,75000,0.48,3,5,2,5,1,2,7,8,1,5,2,1,25-34,9999,No,,2,1,,,
2024,38900,NC,37183,37183020101,FHA:First Lien,Single Family (1-4 Units):Site-Built,Hispanic or Latino,Black or African American,Female,Loan originated,1,305000,0.93,7.1,2.8,0,7200,2000,1500,500,350,360,0,0,2,2,2,2,327957,1,1,3,3,1,68000,0.43,1,1,1,5,1,2,3,8,1,5,2,1,25-34,9999,No,,1,1,,,
2024,16740,TN,47037,47037001800,Conventional:First Lien,Single Family (1-4 Units):Site-Built,Not Hispanic or Latino,White,Male,File closed for incompleteness,1,425000,0.82,6.4,2.2,0,0,0,0,0,0,0,0,0,2,2,2,2,518293,1,1,3,3,1,95000,0.37,1,3,2,5,1,2,5,8,1,5,1,1,45-54,9999,No,,1,1,,,
2024,19820,GA,13089,13089001900,Conventional:First Lien,Single Family (1-4 Units):Site-Built,Not Hispanic or Latino,White,Female,Loan originated,1,395000,0.8,6.0,1.8,0,8500,1900,1600,300,450,360,0,0,2,2,2,2,493750,1,1,3,3,1,105000,0.34,1,1,2,5,1,2,5,8,1,5,2,1,35-44,35-44,No,No,1,1,,,
2024,38060,OH,39035,39035002100,Conventional:Subordinate Lien,Single Family (1-4 Units):Site-Built,Hispanic or Latino,White,Male,Application withdrawn,31,45000,0.55,10.5,6.0,1,0,0,0,0,0,0,0,0,2,2,2,2,81818,1,1,3,3,1,42000,0.52,5,5,1,5,1,2,5,8,1,5,1,1,65-74,9999,Yes,,2,1,,,
2024,12060,AZ,4013,04013091000,VA:First Lien,Single Family (1-4 Units):Site-Built,Not Hispanic or Latino,Black or African American,Male,Loan originated,1,365000,0.9,5.75,1.5,0,7500,1700,1400,300,550,360,0,0,2,2,2,2,405556,1,1,3,3,1,72000,0.4,1,1,2,5,1,2,3,8,1,5,1,1,45-54,9999,No,,1,1,,,
2024,35620,NY,36001,36001002300,Conventional:First Lien,Single Family (1-4 Units):Site-Built,Not Hispanic or Latino,Asian,Female,Loan originated,1,580000,0.77,5.9,1.9,0,9800,2300,1900,400,650,360,0,0,2,2,2,2,753247,1,1,3,3,2,135000,0.31,1,1,2,5,1,2,7,8,1,5,2,1,35-44,25-34,No,No,1,1,,,
2024,41860,WA,53033,53033030500,FHA:First Lien,Single Family (1-4 Units):Site-Built,Hispanic or Latino,White,Male,Application denied,1,495000,0.88,7.3,3.1,0,0,0,0,0,0,0,0,0,2,2,2,2,562500,1,1,3,3,1,98000,0.46,3,5,1,5,1,2,5,8,1,5,1,1,25-34,9999,No,,2,1,,,
2024,19100,FL,12011,12011007200,Conventional:First Lien,Single Family (1-4 Units):Site-Built,Not Hispanic or Latino,White,Male,Loan originated,1,340000,0.83,6.15,2.0,0,7200,1800,1400,400,500,360,0,0,2,2,2,2,409639,1,1,3,3,1,78000,0.38,1,1,2,5,1,2,5,8,1,5,1,1,45-54,9999,No,,1,1,,,
2024,26420,IL,17031,17031070500,Conventional:Subordinate Lien,Single Family (1-4 Units):Site-Built,Not Hispanic or Latino,Black or African American,Female,Loan originated,31,95000,0.7,8.75,4.5,1,3800,1500,1000,500,250,180,0,0,2,2,2,2,135714,1,1,3,3,1,65000,0.3,1,3,2,5,1,2,3,8,1,5,2,1,55-64,9999,Yes,,1,1,,,
2024,33100,MI,26125,26125030600,Conventional:First Lien,Single Family (1-4 Units):Site-Built,Hispanic or Latino,White,Female,File closed for incompleteness,1,285000,0.87,6.8,2.3,0,0,0,0,0,0,0,0,0,2,2,2,2,327586,1,1,3,3,1,58000,0.44,1,3,1,5,1,2,5,8,1,5,2,1,25-34,9999,No,,1,1,,,
2024,47900,WI,55101,55001001500,VA:First Lien,Single Family (1-4 Units):Site-Built,Not Hispanic or Latino,White,Male,Loan originated,1,255000,0.92,5.4,1.0,0,6200,1300,1100,200,600,360,0,0,2,2,2,2,277174,1,1,3,3,1,52000,0.39,1,1,2,5,1,2,5,8,1,5,1,1,35-44,25-34,No,No,1,1,,,
2024,38900,NC,37183,37183020400,Conventional:First Lien,Single Family (1-4 Units):Site-Built,Not Hispanic or Latino,Asian,Female,Application denied,1,375000,0.79,6.6,2.2,0,0,0,0,0,0,0,0,0,2,2,2,2,474684,1,1,3,3,1,82000,0.41,3,5,2,5,1,2,7,8,1,5,2,1,45-54,9999,No,,2,1,,,
2024,16740,TN,47037,47037002100,FHA:First Lien,Single Family (1-4 Units):Site-Built,Hispanic or Latino,Black or African American,Male,Loan originated,1,275000,0.91,7.2,2.7,0,6800,1800,1300,500,400,360,0,0,2,2,2,2,302198,1,1,3,3,1,62000,0.43,1,1,1,5,1,2,3,8,1,5,1,1,25-34,9999,No,,1,1,,,
2024,19820,GA,13089,13089002200,Conventional:First Lien,Single Family (1-4 Units):Site-Built,Not Hispanic or Latino,White,Female,Loan originated,1,455000,0.81,6.1,1.7,0,8800,2000,1700,300,550,360,0,0,2,2,2,2,561728,1,1,3,3,2,115000,0.33,1,1,2,5,1,2,5,8,1,5,2,1,35-44,35-44,No,No,1,1,,,
2024,31080,CA,6075,06075023300,Conventional:Subordinate Lien,Single Family (1-4 Units):Site-Built,Not Hispanic or Latino,White,Male,Application withdrawn,31,65000,0.6,9.25,5.2,1,0,0,0,0,0,0,0,0,2,2,2,2,108333,1,1,3,3,1,48000,0.5,5,5,2,5,1,2,5,8,1,5,1,1,65-74,9999,Yes,,2,1,,,
2024,16980,TX,48113,48113010519,VA:First Lien,Single Family (1-4 Units):Site-Built,Hispanic or Latino,White,Female,Loan originated,1,320000,0.89,5.6,1.3,0,7000,1600,1300,300,650,360,0,0,2,2,2,2,359551,1,1,3,3,1,70000,0.37,1,1,1,5,1,2,5,8,1,5,2,1,45-54,9999,No,,1,1,,,
2024,14460,CO,8031,08031010208,Conventional:First Lien,Single Family (1-4 Units):Site-Built,Not Hispanic or Latino,Black or African American,Male,File closed for incompleteness,1,485000,0.76,6.5,2.1,0,0,0,0,0,0,0,0,0,2,2,2,2,638158,1,1,3,3,1,110000,0.36,1,3,2,5,1,2,3,8,1,5,1,1,35-44,9999,No,,1,1,,,
2024,35620,NY,36001,36001002700,FHA:First Lien,Single Family (1-4 Units):Site-Built,Not Hispanic or Latino,Asian,Female,Application denied,1,525000,0.94,7.4,3.2,0,0,0,0,0,0,0,0,0,2,2,2,2,558511,1,1,3,3,2,105000,0.47,3,5,2,5,1,2,7,8,1,5,2,1,25-34,25-34,No,No,2,1,,,
2024,41860,WA,53033,53033030800,Conventional:First Lien,Single Family (1-4 Units):Site-Built,Hispanic or Latino,White,Male,Loan originated,1,695000,0.73,5.8,1.4,0,10500,2500,2100,400,750,360,0,0,2,2,2,2,952055,1,1,3,3,2,165000,0.29,1,1,1,5,1,2,5,8,1,5,1,1,45-54,35-44,No,No,1,1,,,
2024,19100,FL,12011,12011007500,Conventional:Subordinate Lien,Single Family (1-4 Units):Site-Built,Not Hispanic or Latino,White,Female,Loan originated,31,75000,0.68,8.9,4.8,1,4200,1600,1100,500,350,200,0,0,2,2,2,2,110294,1,1,3,3,1,58000,0.31,1,3,2,5,1,2,5,8,1,5,2,1,55-64,9999,Yes,,1,1,,,
2024,26420,IL,17031,17031070800,Conventional:First Lien,Single Family (1-4 Units):Site-Built,Not Hispanic or Latino,Asian,Male,Loan originated,1,465000,0.84,6.3,2.0,0,9200,2100,1800,300,600,360,0,0,2,2,2,2,553571,1,1,3,3,2,125000,0.31,1,1,2,5,1,2,7,8,1,5,1,1,35-44,25-34,No,No,1,1,,,
2024,33100,MI,26125,26125030900,VA:First Lien,Single Family (1-4 Units):Site-Built,Hispanic or Latino,Black or African American,Female,Loan originated,1,295000,0.91,5.65,1.4,0,6800,1500,1200,300,700,360,0,0,2,2,2,2,324176,1,1,3,3,1,68000,0.38,1,1,1,5,1,2,3,8,1,5,2,1,35-44,9999,No,,1,1,,,
2024,47900,WI,55101,55001001800,Conventional:First Lien,Single Family (1-4 Units):Site-Built,Not Hispanic or Latino,White,Male,Application denied,1,350000,0.82,6.7,2.3,0,0,0,0,0,0,0,0,0,2,2,2,2,426829,1,1,3,3,1,85000,0.4,3,5,2,5,1,2,5,8,1,5,1,1,45-54,9999,No,,2,1,,,
2024,38900,NC,37183,37183020700,FHA:First Lien,Single Family (1-4 Units):Site-Built,Not Hispanic or Latino,White,Female,Loan originated,1,335000,0.9,7.0,2.5,0,7500,1900,1400,500,450,360,0,0,2,2,2,2,372222,1,1,3,3,1,72000,0.42,1,1,2,5,1,2,5,8,1,5,2,1,25-34,9999,No,,1,1,,,
2024,16740,TN,47037,47037002400,Conventional:First Lien,Single Family (1-4 Units):Site-Built,Hispanic or Latino,White,Male,File closed for incompleteness,1,410000,0.79,6.2,1.9,0,0,0,0,0,0,0,0,0,2,2,2,2,518987,1,1,3,3,1,92000,0.35,1,3,1,5,1,2,5,8,1,5,1,1,35-44,9999,No,,1,1,,,
2024,19820,GA,13089,13089002500,Conventional:Subordinate Lien,Single Family (1-4 Units):Site-Built,Not Hispanic or Latino,Asian,Female,Loan originated,31,55000,0.72,9.5,5.5,1,3600,1400,900,500,200,180,0,0,2,2,2,2,76389,1,1,3,3,1,45000,0.34,1,3,2,5,1,2,7,8,1,5,2,1,65-74,9999,Yes,,1,1,,,
2024,31080,CA,6075,06075023600,Conventional:First Lien,Single Family (1-4 Units):Site-Built,Not Hispanic or Latino,Black or African American,Male,Loan originated,1,475000,0.86,6.45,2.1,0,8900,2000,1700,300,650,360,0,0,2,2,2,2,552326,1,1,3,3,2,115000,0.33,1,1,2,5,1,2,3,8,1,5,1,1,35-44,35-44,No,No,1,1,,,
2024,16980,TX,48113,48113010522,VA:First Lien,Single Family (1-4 Units):Site-Built,Hispanic or Latino,White,Female,Application withdrawn,1,350000,0.88,5.9,1.6,0,0,0,0,0,0,0,0,0,2,2,2,2,397727,1,1,3,3,1,75000,0.39,5,5,1,5,1,2,5,8,1,5,2,1,45-54,9999,No,,2,1,,,
2024,14460,CO,8031,08031010211,Conventional:First Lien,Single Family (1-4 Units):Site-Built,Not Hispanic or Latino,White,Male,Loan originated,1,525000,0.77,5.95,1.7,0,9600,2200,1900,300,700,360,0,0,2,2,2,2,681818,1,1,3,3,2,140000,0.3,1,1,2,5,1,2,5,8,1,5,1,1,45-54,35-44,No,No,1,1,,,
2024,12060,AZ,4013,04013091300,FHA:First Lien,Single Family (1-4 Units):Site-Built,Hispanic or Latino,American Indian or Alaska Native,Female,Application denied,1,365000,0.92,7.5,3.0,0,0,0,0,0,0,0,0,0,2,2,2,2,396739,1,1,3,3,1,78000,0.45,3,5,1,5,1,2,1,8,1,5,2,1,25-34,9999,No,,2,1,,,
2024,35620,NY,36001,36001003000,Conventional:Subordinate Lien,Single Family (1-4 Units):Site-Built,Not Hispanic or Latino,Asian,Male,Loan originated,31,85000,0.65,9.1,5.0,1,4000,1700,1100,600,300,240,0,0,2,2,2,2,130769,1,1,3,3,1,62000,0.32,1,3,2,5,1,2,7,8,1,5,1,1,55-64,9999,Yes,,1,1,,,
2024,41860,WA,53033,53033031100,Conventional:First Lien,Single Family (1-4 Units):Site-Built,Not Hispanic or Latino,White,Female,Loan originated,1,635000,0.78,5.7,1.5,0,10200,2400,2000,400,700,360,0,0,2,2,2,2,814103,1,1,3,3,2,155000,0.28,1,1,2,5,1,2,5,8,1,5,2,1,35-44,25-34,No,No,1,1,,,
2024,19100,FL,12011,12011007800,Conventional:First Lien,Single Family (1-4 Units):Site-Built,Hispanic or Latino,Black or African American,Male,File closed for incompleteness,1,385000,0.84,6.5,2.2,0,0,0,0,0,0,0,0,0,2,2,2,2,458333,1,1,3,3,1,88000,0.36,1,3,1,5,1,2,3,8,1,5,1,1,35-44,9999,No,,1,1,,,
2024,26420,IL,17031,17031071100,VA:First Lien,Single Family (1-4 Units):Site-Built,Not Hispanic or Latino,White,Male,Loan originated,1,415000,0.89,5.8,1.5,0,8200,1800,1500,300,700,360,0,0,2,2,2,2,466292,1,1,3,3,1,92000,0.37,1,1,2,5,1,2,5,8,1,5,1,1,45-54,9999,No,,1,1,,,
2024,33100,MI,26125,26125031200,Conventional:First Lien,Single Family (1-4 Units):Site-Built,Not Hispanic or Latino,Asian,Female,Application denied,1,295000,0.81,6.8,2.4,0,0,0,0,0,0,0,0,0,2,2,2,2,364198,1,1,3,3,1,68000,0.43,3,5,2,5,1,2,7,8,1,5,2,1,25-34,9999,No,,2,1,,,
2024,47900,WI,55101,55001002100,Conventional:First Lien,Single Family (1-4 Units):Site-Built,Hispanic or Latino,White,Male,Loan originated,1,385000,0.8,6.0,1.6,0,8300,1900,1600,300,550,360,0,0,2,2,2,2,481250,1,1,3,3,1,95000,0.32,1,1,1,5,1,2,5,8,1,5,1,1,35-44,9999,No,,1,1,,,
2024,38900,NC,37183,37183021000,FHA:First Lien,Single Family (1-4 Units):Site-Built,Not Hispanic or Latino,Black or African American,Female,Loan originated,1,315000,0.93,7.3,2.9,0,7100,1800,1300,500,400,360,0,0,2,2,2,2,338710,1,1,3,3,1,70000,0.44,1,1,2,5,1,2,3,8,1,5,2,1,25-34,9999,No,,1,1,,,
2024,16980,CA,9060,9060011001.0,Conventional:First Lien,Single Family (1-4 Units):Site-Built,Not Hispanic or Latino,Asian,Male,Loan originated,1,450000.0,80.0,6.75,2.5,0,8500,3500,2500,1500,500,360,0,0,2,2,2,2,1,562500,1,1,3,3,1,,120000,38,1,1,1,2,1,1,2,2,1,1,1,1,1,1,35-44,25-34,No,No,1
2024,35620,NY,9103,9103010201.0,FHA-insured:First Lien,Single Family (1-4 Units):Site-Built,Hispanic or Latino,Black or African American,Female,Loan originated,1,320000.0,95.0,7.0,3.0,0,12000,4500,3500,2000,750,360,0,0,2,2,2,2,1,336842,1,1,3,3,2,,75000,42,1,1,1,1,1,1,1,1,1,1,1,1,1,2,25-34,35-44,No,No,1
2024,19100,TX,9147,9147010500.0,VA-guaranteed:First Lien,Single Family (1-4 Units):Site-Built,Not Hispanic or Latino,White,Male,Application denied,1,285000.0,90.0,7.25,3.5,0,9500,4000,3000,1800,600,360,0,0,2,2,2,2,1,316667,1,1,3,3,1,,85000,45,1,6,1,5,1,1,1,1,1,1,1,1,1,1,45-54,9999,No,9999,1
2024,12060,AZ,4013,4013010500.0,Conventional:First Lien,Single Family (1-4 Units):Site-Built,Not Hispanic or Latino,White,Female,Loan originated,1,380000.0,85.0,6.5,2.0,0,7800,3200,2400,1400,400,360,0,0,2,2,2,2,1,447059,1,1,3,3,1,,95000,40,1,1,1,2,1,1,1,1,1,1,1,1,1,2,35-44,30-44,No,No,1
2024,14460,CO,8031,8031010500.0,Conventional:Subordinate Lien,Single Family (1-4 Units):Site-Built,Hispanic or Latino,American Indian or Alaska Native,Male,Loan originated,3,75000.0,75.0,8.0,4.0,0,4500,2000,1500,800,300,180,0,0,2,2,2,2,1,100000,1,1,3,3,1,,65000,50,1,6,1,1,1,1,1,1,1,1,1,1,1,1,55-64,9999,Yes,9999,1
2024,33100,NC,3710,3710010500.0,Conventional:First Lien,Single Family (1-4 Units):Site-Built,Not Hispanic or Latino,Native Hawaiian or Other Pacific Islander,Female,Loan originated,1,295000.0,88.0,6.875,2.75,0,8900,3600,2700,1600,500,360,0,0,2,2,2,2,1,335227,1,1,3,3,1,,88000,43,1,1,1,2,1,1,1,1,1,1,1,1,1,2,30-44,35-44,No,No,1
2024,38060,OR,4105,4105010500.0,FHA-insured:First Lien,Single Family (1-4 Units):Site-Built,Not Hispanic or Latino,White,Male,Application withdrawn,1,415000.0,92.0,7.125,3.25,0,11500,4200,3200,1900,700,360,0,0,2,2,2,2,1,451087,1,1,3,3,2,,105000,47,1,6,1,2,1,1,1,1,1,1,1,1,1,1,40-54,35-44,No,No,1
2024,12020,AR,5045,5045010500.0,Conventional:First Lien,Single Family (1-4 Units):Site-Built,Not Hispanic or Latino,Asian,Female,Loan originated,1,275000.0,82.0,6.625,2.25,0,7200,2900,2200,1300,350,360,0,0,2,2,2,2,1,335366,1,1,3,3,1,,78000,39,1,1,2,2,1,1,2,2,1,1,1,1,1,2,35-44,30-44,No,No,1
2024,38900,PA,4203,4203010500.0,Conventional:First Lien,Single Family (1-4 Units):Site-Built,Hispanic or Latino,Black or African American,Male,File closed for incompleteness,1,365000.0,87.0,7.0,3.0,0,9800,3800,2900,1700,550,360,0,0,2,2,2,2,1,419540,1,1,3,3,1,,92000,44,1,6,1,1,1,1,1,1,1,1,1,1,1,1,25-34,9999,No,9999,1
2024,19780,WA,5303,5303010500.0,VA-guaranteed:First Lien,Single Family (1-4 Units):Site-Built,Not Hispanic or Latino,White,Female,Loan originated,1,525000.0,89.0,6.375,1.75,0,10500,4100,3100,1800,650,360,0,0,2,2,2,2,1,589888,1,1,3,3,1,,135000,36,1,1,1,2,1,1,1,1,1,1,1,1,1,2,45-54,40-54,No,No,1
2024,26420,FL,1203,1203010500.0,Conventional:First Lien,Single Family (1-4 Units):Site-Built,Not Hispanic or Latino,White,Male,Application denied,1,410000.0,93.0,7.375,3.75,0,13200,4800,3600,2200,800,360,0,0,2,2,2,2,1,440860,1,1,3,3,2,,115000,52,1,6,1,2,1,1,1,1,1,1,1,1,1,1,35-44,30-44,No,No,1
2024,17140,OH,3901,3901010500.0,Conventional:First Lien,Single Family (1-4 Units):Site-Built,Not Hispanic or Latino,Black or African American,Female,Loan originated,1,235000.0,78.0,6.75,2.5,0,6500,2700,2000,1200,300,360,0,0,2,2,2,2,1,301282,1,1,3,3,1,,68000,37,1,1,1,2,1,1,1,1,1,1,1,1,1,2,30-44,35-44,No,No,1
2024,45300,UT,4903,4903010500.0,Conventional:First Lien,Single Family (1-4 Units):Site-Built,Not Hispanic or Latino,White,Male,Loan originated,1,485000.0,84.0,6.5,2.0,0,9200,3700,2800,1600,600,360,0,0,2,2,2,2,1,577381,1,1,3,3,1,,125000,41,1,1,1,2,1,1,1,1,1,1,1,1,1,1,25-34,30-44,No,No,1
2024,22020,MI,2615,2615010500.0,FHA-insured:First Lien,Single Family (1-4 Units):Site-Built,Hispanic or Latino,White,Female,Loan originated,1,195000.0,96.0,7.25,3.25,0,10500,4000,3000,1800,700,360,0,0,2,2,2,2,1,203125,1,1,3,3,1,,62000,48,1,1,1,1,1,1,1,1,1,1,1,1,1,2,25-34,25-34,No,No,1
2024,49020,NV,3203,3203010500.0,Conventional:First Lien,Single Family (1-4 Units):Site-Built,Not Hispanic or Latino,Asian,Male,Loan originated,1,465000.0,86.0,6.875,2.75,0,8800,3500,2600,1500,550,360,0,0,2,2,2,2,1,540698,1,1,3,3,1,,140000,39,1,1,2,2,1,1,2,2,1,1,1,1,1,1,35-44,35-44,No,No,1
2024,33460,OK,4013,4013010500.0,Conventional:Subordinate Lien,Single Family (1-4 Units):Site-Built,Not Hispanic or Latino,White,Female,Loan originated,3,95000.0,70.0,8.25,4.5,0,5200,2200,1600,900,400,180,0,0,2,2,2,2,1,135714,1,1,3,3,1,,58000,55,1,6,1,2,1,1,1,1,1,1,1,1,1,2,45-54,9999,No,9999,1
2024,34980,TN,4701,4701010500.0,Conventional:First Lien,Single Family (1-4 Units):Site-Built,Not Hispanic or Latino,White,Male,Application approved but not accepted,1,315000.0,91.0,7.125,3.25,0,10800,4200,3200,1900,700,360,0,0,2,2,2,2,1,346154,1,1,3,3,1,,98000,46,1,6,1,2,1,1,1,1,1,1,1,1,1,1,40-54,35-44,No,No,1
2024,36540,AL,1073,1073010500.0,VA-guaranteed:First Lien,Single Family (1-4 Units):Site-Built,Not Hispanic or Latino,Black or African American,Female,Loan originated,1,275000.0,90.0,6.375,1.75,0,7900,3100,2300,1400,450,360,0,0,2,2,2,2,1,305556,1,1,3,3,1,,85000,35,1,1,1,2,1,1,1,1,1,1,1,1,1,2,30-44,25-34,No,No,1
2024,38300,OR,4107,4107010500.0,Conventional:First Lien,Single Family (1-4 Units):Site-Built,Hispanic or Latino,White,Male,Loan originated,1,395000.0,83.0,6.625,2.25,0,8100,3300,2500,1400,450,360,0,0,2,2,2,2,1,475904,1,1,3,3,2,,105000,38,1,1,1,1,1,1,1,1,1,1,1,1,1,1,35-44,30-44,No,No,1
2024,13780,CT,9011,9011010500.0,Conventional:First Lien,Single Family (1-4 Units):Site-Built,Not Hispanic or Latino,White,Female,Loan originated,1,550000.0,75.0,6.25,1.5,0,6800,2800,2100,1200,300,360,0,0,2,2,2,2,1,733333,1,1,3,3,1,,165000,32,1,1,1,2,1,1,1,1,1,1,1,1,1,2,45-54,40-54,No,No,1
2024,17420,OH,3905,3905010500.0,Conventional:First Lien,Single Family (1-4 Units):Site-Built,Not Hispanic or Latino,Asian,Male,Application denied,1,295000.0,89.0,7.25,3.25,0,11200,4300,3300,2000,750,360,0,0,2,2,2,2,1,331461,1,1,3,3,1,,92000,49,1,6,2,2,1,1,2,2,1,1,1,1,1,1,30-44,35-44,No,No,1
2024,29820,GA,1307,1307010500.0,FHA-insured:First Lien,Single Family (1-4 Units):Site-Built,Not Hispanic or Latino,Black or African American,Female,Loan originated,1,345000.0,94.0,7.0,3.0,0,11800,4500,3400,2100,800,360,0,0,2,2,2,2,1,366489,1,1,3,3,1,,88000,45,1,1,1,2,1,1,1,1,1,1,1,1,1,2,25-34,25-34,No,No,1
2024,46140,SC,4501,4501010500.0,Conventional:First Lien,Single Family (1-4 Units):Site-Built,Not Hispanic or Latino,White,Male,Loan originated,1,425000.0,81.0,6.5,2.0,0,7600,3000,2300,1300,400,360,0,0,2,2,2,2,1,524691,1,1,3,3,1,,130000,37,1,1,1,2,1,1,1,1,1,1,1,1,1,1,35-44,30-44,No,No,1
2024,10420,AZ,4019,4019010500.0,Conventional:First Lien,Single Family (1-4 Units):Site-Built,Hispanic or Latino,American Indian or Alaska Native,Female,Application withdrawn,1,375000.0,88.0,7.0,3.0,0,10300,3900,3000,1800,650,360,0,0,2,2,2,2,1,426136,1,1,3,3,2,,110000,43,1,6,1,1,1,1,1,1,1,1,1,1,1,2,40-54,35-44,No,No,1
2024,20580,WA,5309,5309010500.0,VA-guaranteed:First Lien,Single Family (1-4 Units):Site-Built,Not Hispanic or Latino,White,Male,Loan originated,1,495000.0,87.0,6.375,1.75,0,9200,3600,2700,1600,600,360,0,0,2,2,2,2,1,568966,1,1,3,3,1,,145000,34,1,1,1,2,1,1,1,1,1,1,1,1,1,1,30-44,25-34,No,No,1
2024,24300,IL,1703,1703010500.0,Conventional:First Lien,Single Family (1-4 Units):Site-Built,Not Hispanic or Latino,White,Female,Loan originated,1,365000.0,79.0,6.625,2.25,0,7100,2900,2200,1300,350,360,0,0,2,2,2,2,1,462025,1,1,3,3,1,,115000,36,1,1,1,2,1,1,1,1,1,1,1,1,1,2,40-54,35-44,No,No,1
2024,45060,UT,4905,4905010500.0,Conventional:Subordinate Lien,Single Family (1-4 Units):Site-Built,Not Hispanic or Latino,Asian,Male,Loan originated,3,115000.0,68.0,8.5,4.75,0,5800,2400,1800,1000,450,180,0,0,2,2,2,2,1,169118,1,1,3,3,1,,75000,58,1,6,2,2,1,1,2,2,1,1,1,1,1,1,45-54,9999,No,9999,1
2024,30700,NC,3715,3715010500.0,Conventional:First Lien,Single Family (1-4 Units):Site-Built,Not Hispanic or Latino,Black or African American,Female,Application denied,1,315000.0,92.0,7.375,3.75,0,12400,4600,3500,2100,800,360,0,0,2,2,2,2,1,342391,1,1,3,3,1,,95000,48,1,6,1,2,1,1,1,1,1,1,1,1,1,2,30-44,25-34,No,No,1
2024,36500,TN,4705,4705010500.0,Conventional:First Lien,Single Family (1-4 Units):Site-Built,Not Hispanic or Latino,White,Male,Loan originated,1,285000.0,85.0,6.75,2.5,0,8300,3400,2500,1500,500,360,0,0,2,2,2,2,1,335294,1,1,3,3,1,,82000,41,1,1,1,2,1,1,1,1,1,1,1,1,1,1,35-44,30-44,No,No,1
2024,13820,CT,9005,9005010500.0,Conventional:First Lien,Single Family (1-4 Units):Site-Built,Hispanic or Latino,White,Female,Loan originated,1,485000.0,77.0,6.375,2.125,0,7200,3000,2200,1300,350,360,0,0,2,2,2,2,1,629870,1,1,3,3,2,,140000,33,1,1,1,1,1,1,1,1,1,1,1,1,1,2,45-54,40-54,No,No,1
2024,17820,MI,2611,2611010500.0,FHA-insured:First Lien,Single Family (1-4 Units):Site-Built,Not Hispanic or Latino,Native Hawaiian or Other Pacific Islander,Male,Loan originated,1,225000.0,95.0,7.125,3.125,0,10900,4100,3100,1900,700,360,0,0,2,2,2,2,1,236842,1,1,3,3,1,,68000,46,1,1,1,2,1,1,1,1,1,1,1,1,1,1,25-34,30-44,No,No,1
2024,39300,PA,4207,4207010500.0,Conventional:First Lien,Single Family (1-4 Units):Site-Built,Not Hispanic or Latino,White,Male,Application approved but not accepted,1,415000.0,90.0,7.0,3.0,0,10600,4000,3100,1800,700,360,0,0,2,2,2,2,1,461111,1,1,3,3,1,,125000,45,1,6,1,2,1,1,1,1,1,1,1,1,1,1,40-54,35-44,No,No,1
2024,22420,GA,1303,1303010500.0,Conventional:First Lien,Single Family (1-4 Units):Site-Built,Not Hispanic or Latino,Asian,Female,Loan originated,1,355000.0,83.0,6.625,2.25,0,7900,3200,2400,1400,450,360,0,0,2,2,2,2,1,427711,1,1,3,3,1,,115000,38,1,1,2,2,1,1,2,2,1,1,1,1,1,2,35-44,30-44,No,No,1
2024,47260,SC,4505,4505010500.0,VA-guaranteed:First Lien,Single Family (1-4 Units):Site-Built,Not Hispanic or Latino,Black or African American,Male,Loan originated,1,305000.0,88.0,6.375,1.75,0,8500,3300,2500,1500,500,360,0,0,2,2,2,2,1,346591,1,1,3,3,1,,95000,36,1,1,1,2,1,1,1,1,1,1,1,1,1,1,30-44,25-34,No,No,1
2024,11340,CA,9073,9073010500.0,Conventional:First Lien,Single Family (1-4 Units):Site-Built,Not Hispanic or Latino,White,Female,Loan originated,1,625000.0,72.0,6.125,1.25,0,6100,2500,1900,1100,250,360,0,0,2,2,2,2,1,868056,1,1,3,3,1,,185000,29,1,1,1,2,1,1,1,1,1,1,1,1,1,2,45-54,40-54,No,No,1
2024,18140,OH,3915,3915010500.0,Conventional:Subordinate Lien,Single Family (1-4 Units):Site-Built,Hispanic or Latino,American Indian or Alaska Native,Female,Loan originated,3,85000.0,65.0,8.75,5.0,0,4800,2100,1600,900,400,180,0,0,2,2,2,2,1,130769,1,1,3,3,1,,55000,62,1,6,1,1,1,1,1,1,1,1,1,1,1,2,55-64,9999,Yes,9999,1
2024,35380,NC,3725,3725010500.0,Conventional:First Lien,Single Family (1-4 Units):Site-Built,Not Hispanic or Latino,White,Male,Application denied,1,385000.0,91.0,7.25,3.25,0,11800,4400,3400,2000,750,360,0,0,2,2,2,2,1,423077,1,1,3,3,1,,115000,49,1,6,1,2,1,1,1,1,1,1,1,1,1,1,35-44,30-44,No,No,1
2024,36740,AL,1075,1075010500.0,FHA-insured:First Lien,Single Family (1-4 Units):Site-Built,Not Hispanic or Latino,Black or African American,Female,Loan originated,1,245000.0,96.0,7.0,3.0,0,11200,4200,3200,1900,750,360,0,0,2,2,2,2,1,255208,1,1,3,3,1,,72000,47,1,1,1,2,1,1,1,1,1,1,1,1,1,2,25-34,30-44,No,No,1
2024,38940,OR,4109,4109010500.0,Conventional:First Lien,Single Family (1-4 Units):Site-Built,Not Hispanic or Latino,Asian,Male,Loan originated,1,515000.0,80.0,6.5,2.0,0,7800,3100,2300,1400,450,360,0,0,2,2,2,2,1,643750,1,1,3,3,1,,155000,32,1,1,2,2,1,1,2,2,1,1,1,1,1,1,35-44,30-44,No,No,1
2024,12620,AZ,4021,4021010500.0,Conventional:First Lien,Single Family (1-4 Units):Site-Built,Hispanic or Latino,White,Female,Application withdrawn,1,405000.0,89.0,7.125,3.125,0,11100,4200,3200,1900,750,360,0,0,2,2,2,2,1,455056,1,1,3,3,2,,120000,44,1,6,1,1,1,1,1,1,1,1,1,1,1,2,40-54,35-44,No,No,1
2024,21500,WA,5311,5311010500.0,VA-guaranteed:First Lien,Single Family (1-4 Units):Site-Built,Not Hispanic or Latino,White,Male,Loan originated,1,475000.0,86.0,6.375,1.75,0,8800,3400,2600,1500,600,360,0,0,2,2,2,2,1,552326,1,1,3,3,1,,140000,35,1,1,1,2,1,1,1,1,1,1,1,1,1,1,30-44,25-34,No,No,1
2024,24540,IL,1707,1707010500.0,Conventional:First Lien,Single Family (1-4 Units):Site-Built,Not Hispanic or Latino,White,Female,Loan originated,1,395000.0,82.0,6.625,2.25,0,7700,3100,2300,1400,400,360,0,0,2,2,2,2,1,481707,1,1,3,3,1,,125000,37,1,1,1,2,1,1,1,1,1,1,1,1,1,2,45-54,40-54,No,No,1
2024,45820,TX,9149,9149010500.0,Conventional:Subordinate Lien,Single Family (1-4 Units):Site-Built,Not Hispanic or Latino,Black or African American,Male,Loan originated,3,125000.0,71.0,8.375,4.625,0,6200,2600,1900,1100,500,180,0,0,2,2,2,2,1,176056,1,1,3,3,1,,68000,59,1,6,1,2,1,1,1,1,1,1,1,1,1,1,45-54,9999,No,9999,1
2024,26900,FL,1205,1205010500.0,Conventional:First Lien,Single Family (1-4 Units):Site-Built,Not Hispanic or Latino,White,Male,Application denied,1,445000.0,93.0,7.375,3.75,0,12900,4700,3600,2200,850,360,0,0,2,2,2,2,1,478495,1,1,3,3,2,,135000,51,1,6,1,2,1,1,1,1,1,1,1,1,1,1,35-44,30-44,No,No,1
2024,17660,MI,2613,2613010500.0,Conventional:First Lien,Single Family (1-4 Units):Site-Built,Not Hispanic or Latino,Asian,Female,Loan originated,1,295000.0,84.0,6.75,2.5,0,8100,3300,2500,1500,450,360,0,0,2,2,2,2,1,351190,1,1,3,3,1,,95000,39,1,1,2,2,1,1,2,2,1,1,1,1,1,2,35-44,30-44,No,No,1
2024,39540,PA,4209,4209010500.0,FHA-insured:First Lien,Single Family (1-4 Units):Site-Built,Hispanic or Latino,Black or African American,Male,Loan originated,1,285000.0,95.0,7.0,3.0,0,11400,4300,3300,2000,750,360,0,0,2,2,2,2,1,300000,1,1,3,3,1,,78000,46,1,1,1,1,1,1,1,1,1,1,1,1,1,1,25-34,30-44,No,No,1
2024,22180,GA,1309,1309010500.0,Conventional:First Lien,Single Family (1-4 Units):Site-Built,Not Hispanic or Latino,Native Hawaiian or Other Pacific Islander,Male,Application approved but not accepted,1,365000.0,90.0,7.0,3.0,0,10400,4000,3000,1800,700,360,0,0,2,2,2,2,1,405556,1,1,3,3,1,,110000,44,1,6,1,2,1,1,1,1,1,1,1,1,1,1,40-54,35-44,No,No,1
2024,47380,SC,4507,4507010500.0,VA-guaranteed:First Lien,Single Family (1-4 Units):Site-Built,Not Hispanic or Latino,White,Female,Loan originated,1,335000.0,87.0,6.375,1.75,0,8100,3200,2400,1400,500,360,0,0,2,2,2,2,1,385057,1,1,3,3,1,,105000,33,1,1,1,2,1,1,1,1,1,1,1,1,1,2,30-44,25-34,No,No,1
2024,11460,,,,,,,,,,,,,,,,,,,,,,,,,,,,,,,,,,,,,,,,,,,,,,,,,,,,,,,,
2024,16980,CA,6075,06075032001,Conventional:First Lien,Single Family (1-4 Units):Site-Built,Not Hispanic or Latino,Asian,Male,Loan originated,1,425000,80,6.75,2.1,0,8500,2500,1800,500,0,360,0,0,2,2,2,2,425000,1,1,3,3,1,0,98000,38,1,1,2,5,2,4,2,8,2,4,1,5,2,4,45-54,35-44,No,No,1,1
2024,35620,NJ,34005,34005001800,Conventional:First Lien,Single Family (1-4 Units):Site-Built,Hispanic or Latino,White,Female,Loan originated,1,315000,85,7.0,2.3,0,7200,2100,1500,600,200,360,0,0,2,2,2,2,315000,1,1,3,3,1,0,75000,42,1,1,1,1,1,1,5,5,1,1,2,2,1,1,25-34,25-34,No,No,1,1
2024,19100,IL,17031,17031814500,FHA:First Lien,Single Family (1-4 Units):Site-Built,Not Hispanic or Latino,Black or African American,Male,Loan originated,1,185000,92,6.5,1.8,0,6500,1800,1200,400,0,360,0,0,2,2,2,2,185000,1,1,3,3,1,0,55000,45,1,1,2,5,2,4,3,8,2,4,1,5,2,4,35-44,25-34,No,No,1,1
2024,26420,MI,26163,26163568000,Conventional:Subordinate Lien,Single Family (1-4 Units):Site-Built,Not Hispanic or Latino,White,Female,Loan originated,4,50000,,7.5,3.0,0,1500,800,600,200,0,180,0,0,2,2,2,2,200000,1,1,3,3,1,0,48000,28,1,6,2,5,2,4,5,8,2,4,2,5,2,4,55-64,65-74,No,Yes,1,1
2024,41860,PA,42003,42003002100,Conventional:First Lien,Single Family (1-4 Units):Site-Built,Not Hispanic or Latino,White,Male,Application denied by financial institution,1,280000,75,7.25,2.5,0,0,0,0,0,0,0,0,0,2,2,2,2,280000,1,1,3,3,1,0,72000,48,1,6,2,5,2,4,5,8,2,4,1,5,2,4,45-54,9999,No,,1,1
2024,38060,OH,39017,39017010600,VA:First Lien,Single Family (1-4 Units):Site-Built,Hispanic or Latino,American Indian or Alaska Native,Male,Loan originated,1,235000,90,5.75,1.5,0,5800,1500,1000,500,0,360,0,0,2,2,2,2,235000,1,1,3,3,1,0,62000,40,1,1,1,1,1,1,2,2,1,1,1,1,1,1,35-44,25-34,No,No,1,1
2024,12060,AZ,4013,04013081405,Conventional:First Lien,Single Family (1-4 Units):Site-Built,Not Hispanic or Latino,Native Hawaiian or Other Pacific Islander,Female,Loan originated,1,395000,78,6.875,2.2,0,8800,2300,1700,600,100,360,0,0,2,2,2,2,395000,1,1,3,3,1,0,85000,36,1,1,2,5,2,4,6,8,2,4,2,5,2,4,45-54,35-44,No,No,1,1
2024,14460,MA,25021,25021040300,Conventional:First Lien,Single Family (1-4 Units):Site-Built,Not Hispanic or Latino,White,Male,Application withdrawn,1,520000,70,6.5,2.0,0,0,0,0,0,0,0,0,0,2,2,2,2,520000,1,1,3,3,1,0,120000,32,1,6,2,5,2,4,5,8,2,4,1,5,2,4,35-44,25-34,No,No,3,1
2024,33100,FL,12011,12011001706,FHA:First Lien,Single Family (1-4 Units):Site-Built,Not Hispanic or Latino,Asian,Female,Loan originated,1,275000,88,6.625,1.9,0,6800,1900,1300,500,0,360,0,0,2,2,2,2,275000,1,1,3,3,1,0,65000,43,1,1,2,5,2,4,2,8,2,4,2,5,2,4,25-34,25-34,No,No,1,1
2024,19740,IN,18095,18095012400,Conventional:First Lien,Single Family (1-4 Units):Site-Built,Not Hispanic or Latino,White,Female,Loan originated,1,195000,82,7.125,2.4,0,5200,1600,1100,400,50,360,0,0,2,2,2,2,195000,1,1,3,3,1,0,58000,39,1,1,2,5,2,4,5,8,2,4,2,5,2,4,35-44,35-44,No,No,1,1
2024,42660,TX,48113,48113010805,Conventional:First Lien,Single Family (1-4 Units):Site-Built,Hispanic or Latino,Black or African American,Male,Loan originated,1,365000,85,7.375,2.6,0,7800,2200,1600,600,0,360,0,0,2,2,2,2,365000,1,1,3,3,1,0,78000,41,1,1,1,1,1,1,3,3,1,1,1,1,1,1,45-54,35-44,No,No,1,1
2024,38900,NC,37183,37183020800,Conventional:First Lien,Single Family (1-4 Units):Site-Built,Not Hispanic or Latino,White,Male,File closed for incompleteness,1,298000,75,6.875,2.3,0,0,0,0,0,0,0,0,0,2,2,2,2,298000,1,1,3,3,1,0,68000,44,1,6,2,5,2,4,5,8,2,4,1,5,2,4,55-64,9999,Yes,,1,1
2024,28140,MO,29189,29189002800,Conventional:Subordinate Lien,Single Family (1-4 Units):Site-Built,Not Hispanic or Latino,Asian,Female,Loan originated,4,75000,,8.0,3.5,0,2200,1000,800,200,0,240,0,0,2,2,2,2,300000,1,1,3,3,1,0,52000,31,1,6,2,5,2,4,2,8,2,4,2,5,2,4,35-44,25-34,No,No,1,1
2024,46060,WA,53033,53033021005,Conventional:First Lien,Single Family (1-4 Units):Site-Built,Not Hispanic or Latino,White,Female,Loan originated,1,485000,72,6.25,1.8,0,9200,2500,1900,600,150,360,0,0,2,2,2,2,485000,1,1,3,3,1,0,95000,34,1,1,2,5,2,4,5,8,2,4,2,5,2,4,45-54,35-44,No,No,1,1
2024,38060,OH,39035,39035001500,USDA:First Lien,Single Family (1-4 Units):Site-Built,Not Hispanic or Latino,White,Male,Loan originated,1,165000,95,5.375,1.2,0,4800,1200,900,300,0,360,0,0,2,2,2,2,165000,1,1,3,3,1,0,48000,46,1,1,2,5,2,4,5,8,2,4,1,5,2,4,25-34,25-34,No,No,1,1
2024,12060,AZ,4013,04013071203,Conventional:First Lien,Single Family (1-4 Units):Site-Built,Hispanic or Latino,White,Male,Application denied by financial institution,1,420000,80,7.5,2.7,0,0,0,0,0,0,0,0,0,2,2,2,2,420000,1,1,3,3,1,0,88000,52,1,6,1,1,1,1,5,5,1,1,1,1,1,1,35-44,35-44,No,No,1,1
2024,35620,NJ,34017,34017002800,Conventional:First Lien,Single Family (1-4 Units):Site-Built,Not Hispanic or Latino,Black or African American,Female,Loan originated,1,385000,77,6.75,2.1,0,8100,2200,1600,600,0,360,0,0,2,2,2,2,385000,1,1,3,3,1,0,82000,37,1,1,2,5,2,4,3,8,2,4,2,5,2,4,45-54,45-54,No,No,1,1
2024,16980,CA,6073,06073012001,Conventional:First Lien,Single Family (1-4 Units):Site-Built,Not Hispanic or Latino,Asian,Female,Loan originated,1,625000,68,6.125,1.7,0,11200,3000,2200,800,200,360,0,0,2,2,2,2,625000,1,1,3,3,1,0,135000,29,1,1,2,5,2,4,2,8,2,4,2,5,2,4,35-44,35-44,No,No,1,1
2024,19100,IL,17043,17043001500,Conventional:First Lien,Single Family (1-4 Units):Site-Built,Not Hispanic or Latino,White,Male,Loan originated,1,245000,83,7.0,2.2,0,5900,1700,1200,400,0,360,0,0,2,2,2,2,245000,1,1,3,3,1,0,65000,40,1,1,2,5,2,4,5,8,2,4,1,5,2,4,45-54,35-44,No,No,1,1
2024,33100,FL,12086,12086030402,FHA:First Lien,Single Family (1-4 Units):Site-Built,Hispanic or Latino,White,Male,Loan originated,1,295000,90,6.375,1.8,0,6900,1900,1400,450,0,360,0,0,2,2,2,2,295000,1,1,3,3,1,0,68000,44,1,1,1,1,1,1,5,5,1,1,1,1,1,1,25-34,25-34,No,No,1,1
2024,41860,PA,42007,42007002800,Conventional:First Lien,Single Family (1-4 Units):Site-Built,Not Hispanic or Latino,White,Female,Application withdrawn,1,340000,73,6.625,2.0,0,0,0,0,0,0,0,0,0,2,2,2,2,340000,1,1,3,3,1,0,72000,35,1,6,2,5,2,4,5,8,2,4,2,5,2,4,35-44,25-34,No,No,3,1
2024,42660,TX,48121,48121010803,Conventional:First Lien,Single Family (1-4 Units):Site-Built,Not Hispanic or Latino,Asian,Male,Loan originated,1,415000,79,6.875,2.3,0,8600,2300,1700,600,0,360,0,0,2,2,2,2,415000,1,1,3,3,1,0,92000,33,1,1,2,5,2,4,2,8,2,4,1,5,2,4,45-54,35-44,No,No,1,1
2024,14460,MA,25025,25025040600,Conventional:First Lien,Single Family (1-4 Units):Site-Built,Not Hispanic or Latino,White,Male,Loan originated,1,555000,65,5.875,1.5,0,10800,2800,2100,700,250,360,0,0,2,2,2,2,555000,1,1,3,3,1,0,145000,26,1,1,2,5,2,4,5,8,2,4,1,5,2,4,45-54,45-54,No,No,1,1
2024,19740,IN,18127,18127003200,Conventional:First Lien,Single Family (1-4 Units):Site-Built,Hispanic or Latino,Black or African American,Female,Loan originated,1,225000,87,7.25,2.5,0,6100,1800,1300,450,0,360,0,0,2,2,2,2,225000,1,1,3,3,1,0,58000,47,1,1,1,1,1,1,3,3,1,1,2,1,1,1,25-34,25-34,No,No,1,1
2024,46060,WA,53061,53061021500,Conventional:First Lien,Single Family (1-4 Units):Site-Built,Not Hispanic or Latino,Native Hawaiian or Other Pacific Islander,Male,Loan originated,1,510000,74,6.375,1.9,0,9400,2500,1900,600,100,360,0,0,2,2,2,2,510000,1,1,3,3,1,0,98000,31,1,1,2,5,2,4,6,8,2,4,1,5,2,4,35-44,35-44,No,No,1,1
2024,26420,MI,26125,26125011800,Conventional:Subordinate Lien,Single Family (1-4 Units):Site-Built,Not Hispanic or Latino,White,Female,Loan originated,4,95000,,7.75,3.2,0,2600,1200,900,300,0,180,0,0,2,2,2,2,380000,1,1,3,3,1,0,58000,29,1,6,2,5,2,4,5,8,2,4,2,5,2,4,45-54,25-34,No,No,1,1
2024,38900,NC,37129,37129020500,Conventional:First Lien,Single Family (1-4 Units):Site-Built,Not Hispanic or Latino,White,Male,Application denied by financial institution,1,325000,78,7.125,2.4,0,0,0,0,0,0,0,0,0,2,2,2,2,325000,1,1,3,3,1,0,70000,49,1,6,2,5,2,4,5,8,2,4,1,5,2,4,35-44,35-44,No,No,1,1
2024,28140,MO,29077,29077001200,USDA:First Lien,Single Family (1-4 Units):Site-Built,Not Hispanic or Latino,American Indian or Alaska Native,Female,Loan originated,1,175000,96,5.5,1.3,0,4900,1300,1000,300,0,360,0,0,2,2,2,2,175000,1,1,3,3,1,0,52000,48,1,1,2,5,2,4,2,8,2,4,2,5,2,4,25-34,25-34,No,No,1,1
2024,12060,AZ,4025,04025091102,Conventional:First Lien,Single Family (1-4 Units):Site-Built,Hispanic or Latino,White,Male,Loan originated,1,385000,82,6.75,2.1,0,7900,2100,1600,500,0,360,0,0,2,2,2,2,385000,1,1,3,3,1,0,82000,38,1,1,1,1,1,1,5,5,1,1,1,1,1,1,45-54,35-44,No,No,1,1
2024,35620,NJ,34023,34023001400,Conventional:First Lien,Single Family (1-4 Units):Site-Built,Not Hispanic or Latino,Asian,Female,Loan originated,1,425000,69,6.125,1.6,0,8400,2200,1700,500,150,360,0,0,2,2,2,2,425000,1,1,3,3,1,0,105000,28,1,1,2,5,2,4,2,8,2,4,2,5,2,4,35-44,35-44,No,No,1,1
2024,16980,CA,6071,06071021500,Conventional:First Lien,Single Family (1-4 Units):Site-Built,Not Hispanic or Latino,White,Male,Loan originated,1,725000,62,5.75,1.4,0,13200,3400,2600,800,300,360,0,0,2,2,2,2,725000,1,1,3,3,1,0,165000,24,1,1,2,5,2,4,5,8,2,4,1,5,2,4,45-54,45-54,No,No,1,1
2024,19100,IL,17097,17097010800,Conventional:First Lien,Single Family (1-4 Units):Site-Built,Not Hispanic or Latino,Black or African American,Female,Loan originated,1,265000,84,6.875,2.2,0,6700,1900,1400,450,0,360,0,0,2,2,2,2,265000,1,1,3,3,1,0,68000,42,1,1,2,5,2,4,3,8,2,4,2,5,2,4,35-44,25-34,No,No,1,1
2024,33100,FL,12057,12057020803,FHA:First Lien,Single Family (1-4 Units):Site-Built,Hispanic or Latino,White,Male,Loan originated,1,315000,89,6.5,1.7,0,7200,2000,1500,450,0,360,0,0,2,2,2,2,315000,1,1,3,3,1,0,70000,45,1,1,1,1,1,1,5,5,1,1,1,1,1,1,25-34,25-34,No,No,1,1
2024,41860,PA,42045,42045011200,Conventional:First Lien,Single Family (1-4 Units):Site-Built,Not Hispanic or Latino,White,Female,Application withdrawn,1,375000,76,6.75,2.1,0,0,0,0,0,0,0,0,0,2,2,2,2,375000,1,1,3,3,1,0,78000,36,1,6,2,5,2,4,5,8,2,4,2,5,2,4,45-54,35-44,No,No,3,1
2024,42660,TX,48201,48201031505,Conventional:First Lien,Single Family (1-4 Units):Site-Built,Not Hispanic or Latino,Asian,Female,Loan originated,1,465000,81,6.625,2.0,0,9100,2400,1800,600,0,360,0,0,2,2,2,2,465000,1,1,3,3,1,0,98000,35,1,1,2,5,2,4,2,8,2,4,2,5,2,4,35-44,35-44,No,No,1,1
2024,14460,MA,25009,25009030200,Conventional:First Lien,Single Family (1-4 Units):Site-Built,Not Hispanic or Latino,White,Male,Loan originated,1,485000,67,5.875,1.6,0,9600,2500,1900,600,200,360,0,0,2,2,2,2,485000,1,1,3,3,1,0,115000,27,1,1,2,5,2,4,5,8,2,4,1,5,2,4,45-54,45-54,No,No,1,1
2024,19740,IN,18003,18003002100,Conventional:First Lien,Single Family (1-4 Units):Site-Built,Hispanic or Latino,Black or African American,Male,Loan originated,1,205000,86,7.125,2.3,0,5800,1700,1200,450,0,360,0,0,2,2,2,2,205000,1,1,3,3,1,0,58000,46,1,1,1,1,1,1,3,3,1,1,1,1,1,1,25-34,25-34,No,No,1,1
2024,46060,WA,53035,53035010800,Conventional:First Lien,Single Family (1-4 Units):Site-Built,Not Hispanic or Latino,Native Hawaiian or Other Pacific Islander,Female,Loan originated,1,545000,71,6.25,1.8,0,10200,2700,2000,650,150,360,0,0,2,2,2,2,545000,1,1,3,3,1,0,108000,30,1,1,2,5,2,4,6,8,2,4,2,5,2,4,35-44,35-44,No,No,1,1
2024,26420,MI,26099,26099021400,Conventional:Subordinate Lien,Single Family (1-4 Units):Site-Built,Not Hispanic or Latino,White,Male,Loan originated,4,125000,,7.875,3.3,0,3200,1400,1000,400,0,180,0,0,2,2,2,2,420000,1,1,3,3,1,0,65000,33,1,6,2,5,2,4,5,8,2,4,1,5,2,4,45-54,25-34,No,No,1,1
2024,38900,NC,37063,37063011500,Conventional:First Lien,Single Family (1-4 Units):Site-Built,Not Hispanic or Latino,White,Female,Application denied by financial institution,1,355000,79,7.0,2.2,0,0,0,0,0,0,0,0,0,2,2,2,2,355000,1,1,3,3,1,0,75000,50,1,6,2,5,2,4,5,8,2,4,2,5,2,4,35-44,35-44,No,No,1,1
2024,28140,MO,29165,29165002200,USDA:First Lien,Single Family (1-4 Units):Site-Built,Not Hispanic or Latino,American Indian or Alaska Native,Male,Loan originated,1,185000,94,5.625,1.4,0,5100,1400,1100,300,0,360,0,0,2,2,2,2,185000,1,1,3,3,1,0,55000,45,1,1,2,5,2,4,2,8,2,4,1,5,2,4,25-34,25-34,No,No,1,1
2024,12060,AZ,4019,04019051203,Conventional:First Lien,Single Family (1-4 Units):Site-Built,Hispanic or Latino,White,Female,Loan originated,1,405000,83,6.625,2.0,0,8400,2200,1700,500,0,360,0,0,2,2,2,2,405000,1,1,3,3,1,0,86000,37,1,1,1,1,1,1,5,5,1,1,2,1,1,1,45-54,35-44,No,No,1,1
2024,35620,NJ,34027,34027001900,Conventional:First Lien,Single Family (1-4 Units):Site-Built,Not Hispanic or Latino,Asian,Male,Loan originated,1,475000,70,6.0,1.7,0,9200,2500,1900,600,200,360,0,0,2,2,2,2,475000,1,1,3,3,1,0,112000,29,1,1,2,5,2,4,2,8,2,4,1,5,2,4,35-44,35-44,No,No,1,1
2024,16980,CA,6073,06073051800,Conventional:First Lien,Single Family (1-4 Units):Site-Built,Not Hispanic or Latino,White,Female,Loan originated,1,685000,61,5.625,1.3,0,12800,3300,2500,800,350,360,0,0,2,2,2,2,685000,1,1,3,3,1,0,155000,25,1,1,2,5,2,4,5,8,2,4,2,5,2,4,45-54,45-54,No,No,1,1
2024,19100,IL,17113,17113022100,Conventional:First Lien,Single Family (1-4 Units):Site-Built,Not Hispanic or Latino,Black or African American,Male,Loan originated,1,285000,85,6.75,2.1,0,7000,2000,1500,450,0,360,0,0,2,2,2,2,285000,1,1,3,3,1,0,72000,41,1,1,2,5,2,4,3,8,2,4,1,5,2,4,35-44,25-34,No,No,1,1
2024,33100,FL,12069,12069010702,FHA:First Lien,Single Family (1-4 Units):Site-Built,Hispanic or Latino,White,Female,Loan originated,1,335000,88,6.375,1.6,0,7500,2100,1600,450,0,360,0,0,2,2,2,2,335000,1,1,3,3,1,0,73000,43,1,1,1,1,1,1,5,5,1,1,2,1,1,1,25-34,25-34,No,No,1,1
2024,41860,PA,42051,42051003400,Conventional:First Lien,Single Family (1-4 Units):Site-Built,Not Hispanic or Latino,White,Male,File closed for incompleteness,1,395000,74,6.625,2.0,0,0,0,0,0,0,0,0,0,2,2,2,2,395000,1,1,3,3,1,0,82000,43,1,6,2,5,2,4,5,8,2,4,1,5,2,4,55-64,9999,Yes,,1,1
2024,42660,TX,48085,48085021205,Conventional:First Lien,Single Family (1-4 Units):Site-Built,Not Hispanic or Latino,Asian,Male,Loan originated,1,495000,78,6.5,1.9,0,9700,2600,2000,600,100,360,0,0,2,2,2,2,495000,1,1,3,3,1,0,105000,32,1,1,2,5,2,4,2,8,2,4,1,5,2,4,35-44,35-44,No,No,1,1
2024,14460,MA,25017,25017020500,Conventional:First Lien,Single Family (1-4 Units):Site-Built,Not Hispanic or Latino,White,Female,Loan originated,1,525000,66,5.75,1.5,0,10400,2700,2000,650,250,360,0,0,2,2,2,2,525000,1,1,3,3,1,0,125000,27,1,1,2,5,2,4,5,8,2,4,2,5,2,4,45-54,45-54,No,No,1,1
2024,19740,IN,18141,18141001800,Conventional:First Lien,Single Family (1-4 Units):Site-Built,Hispanic or Latino,Black or African American,Female,Loan originated,1,245000,84,6.875,2.2,0,6200,1800,1300,450,0,360,0,0,2,2,2,2,245000,1,1,3,3,1,0,62000,44,1,1,1,1,1,1,3,3,1,1,2,1,1,1,25-34,25-34,No,No,1,1
2024,46060,WA,53063,53063031804,Conventional:First Lien,Single Family (1-4 Units):Site-Built,Not Hispanic or Latino,Native Hawaiian or Other Pacific Islander,Male,Loan originated,1,575000,69,6.125,1.7,0,11000,2900,2200,700,200,360,0,0,2,2,2,2,575000,1,1,3,,,,,,,,,,,,,,,,,,,,,,,,,
2024,35620,NY,36005,36005012400,Conventional:First Lien,Single Family (1-4 Units):Site-Built,Not Hispanic or Latino,White,Male,Loan originated,Refinancing,385000,75,6.125,1.75,0,8500,2500,1800,1000,500,360,0,0,2,2,2,2,750000,1,1,5,5,1,,125000,38,1,1,2,5,1,5,5,5,1,5,1,5,1,5,45-54,35-44,No,No,1,1
2024,31080,CA,6037,06037132001,FHA:First Lien,Single Family (1-4 Units):Site-Built,Hispanic or Latino,Latino,Male,Loan originated,Home purchase,525000,85,6.75,2.25,0,9500,3200,2200,1200,700,360,0,0,2,2,2,2,620000,1,1,5,5,1,,98000,42,1,1,1,1,1,1,1,1,1,1,1,1,1,1,35-44,25-34,No,No,1,1
2024,16980,IL,17031,17031814200,Conventional:First Lien,Single Family (1-4 Units):Site-Built,Not Hispanic or Latino,Black or African American,Female,Application approved but not accepted,Home purchase,285000,80,6.375,1.85,0,7800,2100,1600,900,400,360,0,0,2,2,2,2,360000,1,1,5,5,1,,78000,34,1,5,2,5,1,5,3,5,1,5,2,5,1,5,25-34,9999,No,,1,1
2024,19100,TX,48113,48113011205,VA:First Lien,Single Family (1-4 Units):Site-Built,Not Hispanic or Latino,White,Male,Loan originated,Home purchase,415000,90,5.875,1.25,0,7200,1800,1400,700,500,360,0,0,2,2,2,2,465000,1,1,5,5,1,,115000,44,1,5,2,5,1,5,5,5,1,5,1,5,1,5,55-64,45-54,Yes,No,1,1
2024,26420,OH,39035,39035004101,Conventional:Subordinate Lien,Single Family (1-4 Units):Site-Built,Hispanic or Latino,Asian,Male,Loan originated,Home improvement,45000,15,7.25,3.15,0,3200,1200,800,500,200,180,0,0,2,2,2,2,320000,1,1,5,5,1,,85000,28,1,5,1,5,1,5,2,5,1,5,1,5,1,5,35-44,9999,No,,1,1
2024,41860,WA,53033,53033023401,Conventional:First Lien,Single Family (1-4 Units):Site-Built,Not Hispanic or Latino,White,Female,Application denied,Refinancing,625000,70,6.5,2.5,0,10500,3800,2600,1500,800,360,0,0,2,2,2,2,890000,1,1,5,5,1,,148000,29,1,5,2,5,1,5,5,5,1,5,2,5,1,5,45-54,9999,No,,1,1
2024,12060,AL,1073,01073010200,FHA:First Lien,Single Family (1-4 Units):Site-Built,Not Hispanic or Latino,White,Male,Loan originated,Home purchase,195000,95,7,2.75,0,6800,2200,1600,900,500,360,0,0,2,2,2,2,210000,1,1,5,5,1,,58000,48,1,1,2,5,1,5,5,5,1,5,1,5,1,5,25-34,25-34,No,No,1,1
2024,14460,AZ,4013,04013002801,Conventional:First Lien,Single Family (1-4 Units):Site-Built,Hispanic or Latino,American Indian or Alaska Native,Female,Loan originated,Home purchase,485000,75,6.25,1.65,0,9200,2800,2000,1100,600,360,0,0,2,2,2,2,650000,1,1,5,5,1,,105000,36,1,5,1,5,1,5,3,5,1,5,2,5,1,5,35-44,30-39,No,No,1,1
2024,19740,FL,12011,12011010503,Conventional:First Lien,Single Family (1-4 Units):Site-Built,Not Hispanic or Latino,Black or African American,Male,Loan originated,Refinancing,320000,65,5.75,1.15,0,7500,2000,1500,800,400,360,0,0,2,2,2,2,495000,1,1,5,5,1,,88000,32,1,5,2,5,1,5,3,5,1,5,1,5,1,5,45-54,45-54,Yes,Yes,1,1
2024,33460,NJ,34023,34023001702,Conventional:First Lien,Single Family (1-4 Units):Site-Built,Not Hispanic or Latino,Asian,Female,Application withdrawn,Home purchase,785000,80,6.125,1.95,0,12500,4200,3000,1800,900,360,0,0,2,2,2,2,985000,1,1,5,5,1,,165000,40,1,5,2,5,1,5,2,5,1,5,2,5,1,5,35-44,35-44,No,No,2,1
2024,38060,GA,13121,13121020401,VA:First Lien,Single Family (1-4 Units):Site-Built,Not Hispanic or Latino,White,Male,Loan originated,Home purchase,375000,85,5.625,0.75,0,6800,1900,1400,700,400,360,0,0,2,2,2,2,445000,1,1,5,5,1,,95000,46,1,5,2,5,1,5,5,5,1,5,1,5,1,5,35-44,30-39,No,No,1,1
2024,45300,WI,55059,05509001200,Conventional:First Lien,Single Family (1-4 Units):Site-Built,Not Hispanic or Latino,White,Male,File closed for incompleteness,Home purchase,235000,78,6.5,2.1,0,7200,2100,1600,900,500,360,0,0,2,2,2,2,305000,1,1,5,5,1,,72000,38,1,5,2,5,1,5,5,5,1,5,1,5,1,5,45-54,9999,Yes,,2,1
2024,41180,VA,51740,05170400100,Conventional:First Lien,Single Family (1-4 Units):Site-Built,Not Hispanic or Latino,Black or African American,Female,Loan originated,Refinancing,425000,72,6.125,1.55,0,8800,2600,1900,1100,600,360,0,0,2,2,2,2,590000,1,1,5,5,1,,112000,35,1,5,2,5,1,5,3,5,1,5,2,5,1,5,35-44,35-44,No,No,1,1
2024,38900,CO,8031,08031001301,FHA:First Lien,Single Family (1-4 Units):Site-Built,Hispanic or Latino,White,Male,Loan originated,Home purchase,465000,88,6.875,2.45,0,9800,3100,2200,1300,700,360,0,0,2,2,2,2,530000,1,1,5,5,1,,108000,43,1,1,1,5,1,5,5,5,1,5,1,5,1,5,30-39,25-34,No,No,1,1
2024,17140,IN,18057,18057002300,Conventional:Subordinate Lien,Single Family (1-4 Units):Site-Built,Not Hispanic or Latino,Asian,Female,Loan originated,Home improvement,35000,12,7.75,3.65,0,2800,1000,700,400,200,120,0,0,2,2,2,2,285000,1,1,5,5,1,,92000,25,1,5,2,5,1,5,2,5,1,5,2,5,1,5,45-54,9999,Yes,,1,1
2024,22020,MA,25001,25001030401,Conventional:First Lien,Single Family (1-4 Units):Site-Built,Not Hispanic or Latino,White,Male,Application denied,Home purchase,695000,82,6.375,2.05,0,11800,3900,2800,1600,900,360,0,0,2,2,2,2,850000,1,1,5,5,1,,155000,37,1,5,2,5,1,5,5,5,1,5,1,5,1,5,55-64,45-54,Yes,No,1,1
2024,38060,GA,13057,13057021304,VA:First Lien,Single Family (1-4 Units):Site-Built,Not Hispanic or Latino,White,Female,Loan originated,Home purchase,295000,92,5.5,0.5,0,6500,1700,1300,600,350,360,0,0,2,2,2,2,325000,1,1,5,5,1,,78000,50,1,5,2,5,1,5,5,5,1,5,2,5,1,5,25-34,30-39,No,No,1,1
2024,41100,UT,49035,04903502101,Conventional:First Lien,Single Family (1-4 Units):Site-Built,Not Hispanic or Latino,White,Male,Loan originated,Refinancing,525000,68,5.875,1.25,0,8200,2400,1800,1000,550,360,0,0,2,2,2,2,775000,1,1,5,5,1,,135000,33,1,5,2,5,1,5,5,5,1,5,1,5,1,5,45-54,9999,Yes,,1,1
2024,12540,AR,5043,05043010800,FHA:First Lien,Single Family (1-4 Units):Site-Built,Hispanic or Latino,Latino,Male,Loan originated,Home purchase,165000,96,7.125,2.85,0,6200,2000,1400,800,450,360,0,0,2,2,2,2,175000,1,1,5,5,1,,52000,52,1,1,1,5,1,5,1,5,1,5,1,5,1,5,25-34,25-34,No,No,1,1
2024,29820,NC,37001,37001001400,Conventional:First Lien,Single Family (1-4 Units):Site-Built,Not Hispanic or Latino,White,Female,Loan originated,Home purchase,415000,76,6.25,1.75,0,8900,2700,2000,1100,650,360,0,0,2,2,2,2,545000,1,1,5,5,1,,105000,39,1,5,2,5,1,5,5,5,1,5,2,5,1,5,35-44,30-39,No,No,1,1
2024,12060,AL,1073,01073020500,Conventional:First Lien,Single Family (1-4 Units):Site-Built,Not Hispanic or Latino,Black or African American,Male,Application approved but not accepted,Refinancing,245000,70,6.5,2.2,0,7800,2300,1700,950,550,360,0,0,2,2,2,2,350000,1,1,5,5,1,,68000,41,1,5,2,5,1,5,3,5,1,5,1,5,1,5,45-54,45-54,Yes,Yes,1,1
2024,42660,WA,53061,05306100402,Conventional:First Lien,Single Family (1-4 Units):Site-Built,Not Hispanic or Latino,Asian,Male,Loan originated,Home purchase,685000,73,5.75,1.15,0,11200,3600,2600,1500,800,360,0,0,2,2,2,2,940000,1,1,5,5,1,,175000,32,1,5,2,5,1,5,2,5,1,5,1,5,1,5,35-44,35-44,No,No,1,1
2024,35380,NV,32003,03200302101,FHA:First Lien,Single Family (1-4 Units):Site-Built,Hispanic or Latino,Latino,Female,Loan originated,Home purchase,425000,91,6.75,2.35,0,9200,2900,2100,1200,650,360,0,0,2,2,2,2,470000,1,1,5,5,1,,95000,45,1,1,1,5,1,5,1,5,1,5,2,5,1,5,30-39,25-34,No,No,1,1
2024,36500,OK,40109,04010900800,Conventional:First Lien,Single Family (1-4 Units):Site-Built,Not Hispanic or Latino,White,Male,File closed for incompleteness,Home purchase,185000,82,6.625,2.35,0,7100,2200,1600,900,500,360,0,0,2,2,2,2,230000,1,1,5,5,1,,65000,43,1,5,2,5,1,5,5,5,1,5,1,5,1,5,35-44,9999,No,,2,1
2024,14460,AZ,4013,04013011502,Conventional:First Lien,Single Family (1-4 Units):Site-Built,Not Hispanic or Latino,White,Female,Loan originated,Refinancing,565000,64,5.875,1.35,0,9600,2800,2100,1200,650,360,0,0,2,2,2,2,885000,1,1,5,5,1,,145000,30,1,5,2,5,1,5,5,5,1,5,2,5,1,5,45-54,45-54,Yes,Yes,1,1
2024,17140,IN,18001,18001002100,VA:First Lien,Single Family (1-4 Units):Site-Built,Not Hispanic or Latino,Black or African American,Male,Loan originated,Home purchase,315000,89,5.375,0.75,0,6900,1800,1400,700,400,360,0,0,2,2,2,2,355000,1,1,5,5,1,,88000,48,1,5,2,5,1,5,3,5,1,5,1,5,1,5,30-39,30-39,No,No,1,1
2024,22020,MA,25009,25009010201,Conventional:First Lien,Single Family (1-4 Units):Site-Built,Not Hispanic or Latino,White,Male,Application denied,Home purchase,825000,85,6.375,2.15,0,13800,4500,3200,1900,1000,360,0,0,2,2,2,2,975000,1,1,5,5,1,,185000,42,1,5,2,5,1,5,5,5,1,5,1,5,1,5,45-54,40-49,Yes,No,1,1
2024,12060,AL,1073,01073031500,Conventional:Subordinate Lien,Single Family (1-4 Units):Site-Built,Hispanic or Latino,Latino,Female,Loan originated,Home improvement,25000,10,7.5,3.4,0,2600,900,600,350,150,120,0,0,2,2,2,2,275000,1,1,5,5,1,,72000,24,1,5,1,5,1,5,1,5,1,5,2,5,1,5,35-44,9999,No,,1,1
2024,42660,WA,53033,53033014200,Conventional:First Lien,Single Family (1-4 Units):Site-Built,Not Hispanic or Latino,Asian,Female,Loan originated,Home purchase,595000,69,5.625,1.05,0,9800,3000,2200,1300,700,360,0,0,2,2,2,2,860000,1,1,5,5,1,,155000,31,1,5,2,5,1,5,2,5,1,5,2,5,1,5,35-44,30-39,No,No,1,1
2024,19740,FL,12071,12071020302,FHA:First Lien,Single Family (1-4 Units):Site-Built,Not Hispanic or Latino,White,Male,Loan originated,Home purchase,365000,93,6.875,2.55,0,8600,2700,1900,1100,600,360,0,0,2,2,2,2,395000,1,1,5,5,1,,92000,46,1,1,2,5,1,5,5,5,1,5,1,5,1,5,30-39,25-34,No,No,1,1
2024,29820,NC,37119,37119001400,Conventional:First Lien,Single Family (1-4 Units):Site-Built,Not Hispanic or Latino,White,Male,Application withdrawn,Refinancing,445000,74,6.125,1.65,0,9200,2800,2000,1150,650,360,0,0,2,2,2,2,605000,1,1,5,5,1,,118000,36,1,5,2,5,1,5,5,5,1,5,1,5,1,5,45-54,9999,Yes,,2,1
2024,35620,NY,36081,36081040100,Conventional:First Lien,Single Family (1-4 Units):Site-Built,Not Hispanic or Latino,Black or African American,Female,Loan originated,Home purchase,525000,78,6.25,1.85,0,10200,3200,2300,1350,750,360,0,0,2,2,2,2,675000,1,1,5,5,1,,128000,38,1,5,2,5,1,5,3,5,1,5,2,5,1,5,35-44,35-44,No,No,1,1
2024,31080,CA,6073,06073012500,Conventional:First Lien,Single Family (1-4 Units):Site-Built,Hispanic or Latino,Latino,Male,Loan originated,Home purchase,685000,76,6.375,1.95,0,11800,3700,2700,1550,850,360,0,0,2,2,2,2,900000,1,1,5,5,1,,165000,34,1,5,1,5,1,5,1,5,1,5,1,5,1,5,40-49,35-44,No,No,1,1
2024,16980,IL,17019,17019002101,VA:First Lien,Single Family (1-4 Units):Site-Built,Not Hispanic or Latino,White,Female,Loan originated,Home purchase,285000,88,5.25,0.25,0,6400,1600,1200,600,350,360,0,0,2,2,2,2,325000,1,1,5,5,1,,78000,52,1,5,2,5,1,5,5,5,1,5,2,5,1,5,30-39,30-39,No,No,1,1
2024,26420,OH,39061,39061011200,Conventional:First Lien,Single Family (1-4 Units):Site-Built,Not Hispanic or Latino,White,Male,Application approved but not accepted,Refinancing,275000,68,6.375,2.05,0,7600,2200,1700,950,550,360,0,0,2,2,2,2,405000,1,1,5,5,1,,82000,40,1,5,2,5,1,5,5,5,1,5,1,5,1,5,45-54,45-54,Yes,Yes,1,1
2024,41860,VA,51059,05105902100,Conventional:First Lien,Single Family (1-4 Units):Site-Built,Not Hispanic or Latino,Asian,Male,Loan originated,Home purchase,765000,71,5.875,1.25,0,12400,3900,2800,1650,900,360,0,0,2,2,2,2,1075000,1,1,5,5,1,,195000,30,1,5,2,5,1,5,2,5,1,5,1,5,1,5,35-44,35-44,No,No,1,1
2024,45300,WI,55059,05509010800,Conventional:First Lien,Single Family (1-4 Units):Site-Built,Not Hispanic or Latino,White,Female,File closed for incompleteness,Home purchase,225000,75,6.5,2.2,0,6800,2000,1500,850,500,360,0,0,2,2,2,2,305000,1,1,5,5,1,,68000,42,1,5,2,5,1,5,5,5,1,5,2,5,1,5,35-44,9999,No,,2,1
2024,41180,VA,51153,05115300400,FHA:First Lien,Single Family (1-4 Units):Site-Built,Not Hispanic or Latino,Black or African American,Male,Loan originated,Home purchase,395000,92,6.75,2.45,0,8800,2800,2000,1150,650,360,0,0,2,2,2,2,430000,1,1,5,5,1,,98000,47,1,1,2,5,1,5,3,5,1,5,1,5,1,5,30-39,25-34,No,No,1,1
2024,38900,CO,8031,08031008400,Conventional:First Lien,Single Family (1-4 Units):Site-Built,Not Hispanic or Latino,White,Male,Loan originated,Refinancing,485000,63,5.75,1.05,0,9200,2700,2000,1150,650,360,0,0,2,2,2,2,770000,1,1,5,5,1,,135000,29,1,5,2,5,1,5,5,5,1,5,1,5,1,5,45-54,40-49,Yes,No,1,1
2024,17140,IN,18003,18003002101,Conventional:Subordinate Lien,Single Family (1-4 Units):Site-Built,Hispanic or Latino,Latino,Female,Loan originated,Home improvement,42000,14,7.75,3.55,0,3200,1200,800,500,250,180,0,0,2,2,2,2,295000,1,1,5,5,1,,85000,27,1,5,1,5,1,5,1,5,1,5,2,5,1,5,35-44,9999,No,,1,1
2024,22020,MA,25005,25005020102,Conventional:First Lien,Single Family (1-4 Units):Site-Built,Not Hispanic or Latino,White,Female,Application denied,Home purchase,895000,88,6.375,2.25,0,14800,4800,3400,2000,1100,360,0,0,2,2,2,2,1020000,1,1,5,5,1,,205000,44,1,5,2,5,1,5,5,5,1,5,2,5,1,5,45-54,40-49,Yes,No,1,1
2024,12060,AL,1073,01073042100,VA:First Lien,Single Family (1-4 Units):Site-Built,Not Hispanic or Latino,White,Male,Loan originated,Home purchase,255000,90,5.375,0.5,0,6200,1600,1200,600,350,360,0,0,2,2,2,2,285000,1,1,5,5,1,,72000,49,1,5,2,5,1,5,5,5,1,5,1,5,1,5,30-39,30-39,No,No,1,1
2024,42660,WA,53033,53033031500,Conventional:First Lien,Single Family (1-4 Units):Site-Built,Not Hispanic or Latino,Asian,Female,Loan originated,Home purchase,625000,74,5.875,1.45,0,10800,3400,2500,1450,800,360,0,0,2,2,2,2,845000,1,1,5,5,1,,165000,32,1,5,2,5,1,5,2,5,1,5,2,5,1,5,35-44,35-44,No,No,1,1
2024,19740,FL,12099,12099010504,FHA:First Lien,Single Family (1-4 Units):Site-Built,Hispanic or Latino,Latino,Male,Loan originated,Home purchase,345000,94,6.875,2.65,0,8400,2600,1900,1100,600,360,0,0,2,2,2,2,370000,1,1,5,5,1,,88000,48,1,1,1,5,1,5,1,5,1,5,1,5,1,5,30-39,25-34,No,No,1,1
2024,29820,NC,37183,37183001400,Conventional:First Lien,Single Family (1-4 Units):Site-Built,Not Hispanic or Latino,Black or African American,Male,Application withdrawn,Home purchase,385000,81,6.25,1.75,0,8600,2600,1900,1100,600,360,0,0,2,2,2,2,475000,1,1,5,5,1,,95000,41,1,5,2,5,1,5,3,5,1,5,1,5,1,5,35-44,9999,No,,2,1
2024,35620,NY,36005,36005021200,Conventional:First Lien,Single Family (1-4 Units):Site-Built,Not Hispanic or Latino,White,Female,Loan originated,Refinancing,445000,69,6.125,1.55,0,9400,2900,2100,1200,700,360,0,0,2,2,2,2,645000,1,1,5,5,1,,125000,35,1,5,2,5,1,5,5,5,1,5,2,5,1,5,45-54,45-54,Yes,Yes,1,1
2024,31080,CA,6065,06065008900,Conventional:First Lien,Single Family (1-4 Units):Site-Built,Hispanic or Latino,Latino,Male,Loan originated,Home purchase,725000,78,6.375,1.85,0,12800,4100,2900,1700,950,360,0,0,2,2,2,2,930000,1,1,5,5,1,,175000,33,1,5,1,5,1,5,1,5,1,5,1,5,1,5,40-49,35-44,No,No,1,1
2024,16980,IL,17031,17031803500,Conventional:First Lien,Single Family (1-4 Units):Site-Built,Not Hispanic or Latino,White,Male,Application approved but not accepted,Home purchase,315000,77,6.375,1.95,0,8200,2400,1800,1000,600,360,0,0,2,2,2,2,410000,1,1,5,5,1,,88000,39,1,5,2,5,1,5,5,5,1,5,1,5,1,5,45-54,40-49,Yes,No,1,1
2024,19100,TX,48157,48157020301,VA:First Lien,Single Family (1-4 Units):Site-Built,Not Hispanic or Latino,White,Female,Loan originated,Home purchase,485000,87,5.625,0.85,0,8200,2200,1700,850,500,360,0,0,2,2,2,2,560000,1,1,5,5,1,,115000,44,1,5,2,5,1,5,5,5,1,5,2,5,1,5,35-44,30-39,No,No,1,1
2024,26420,OH,39035,39035008201,Conventional:Subordinate Lien,Single Family (1-4 Units):Site-Built,Hispanic or Latino,American Indian or Alaska Native,Male,Loan originated,Home improvement,38000,13,7.5,3.3,0,2900,1000,700,400,200,150,0,0,2,2,2,2,295000,1,1,5,5,1,,78000,26,1,5,1,5,1,5,3,5,1,5,1,5,1,5,35-44,9999,No,,1,1
2024,41860,WA,53033,53033042800,Conventional:First Lien,Single Family (1-4 Units):Site-Built,Not Hispanic or Latino,White,Male,Application denied,Refinancing,685000,73,6.5,2.4,0,11800,3800,2700,1600,850,360,0,0,2,2,2,2,940000,1,1,5,5,1,,165000,36,1,5,2,5,1,5,5,5,,,,,,,,,,,,
2024,16980,CA,6075,6075048402,Conventional:First Lien,Single Family (1-4 Units):Site-Built,Not Hispanic or Latino,Asian,Male,Loan originated,2,485000,80,6.75,2.1,0,8500,2500,3500,1500,500,360,0,0,2,2,2,2,485000,1,1,3,5,1,65000,38,1,1,2,2,2,2,6,6,2,2,1,1,2,2,45-54,35-44,No,No,1,1,
2024,35620,NJ,34001,34001040200,FHA:First Lien,Single Family (1-4 Units):Site-Built,Hispanic or Latino,Black or African American,Female,Loan originated,1,320000,95,7.25,1.8,0,12000,4500,5000,2000,750,360,0,0,2,2,2,2,336842,1,1,3,5,1,58000,42,1,1,1,1,2,2,3,3,2,2,2,2,2,2,25-34,25-34,No,No,1,1,
2024,38060,OH,39017,39017563800,VA:First Lien,Single Family (1-4 Units):Site-Built,Not Hispanic or Latino,White,Male,Application denied by financial institution,1,275000,85,7.5,2.3,0,0,0,0,0,0,360,0,0,2,2,2,2,323529,1,1,3,5,1,75000,31,1,3,2,5,2,5,5,5,2,5,1,5,2,5,35-44,9999,No,9999,1,1,
2024,12060,AL,1073,1073060100,Conventional:Subordinate Lien,Single Family (1-4 Units):Site-Built,Not Hispanic or Latino,White,Female,Loan originated,4,75000,15,8,3.2,0,3500,1500,2000,500,200,180,0,0,2,2,2,2,500000,1,1,3,5,1,95000,25,1,3,2,5,2,5,5,5,2,5,2,5,2,5,55-64,9999,No,9999,1,1,
2024,14460,IL,17031,17031851200,USDA:First Lien,Single Family (1-4 Units):Site-Built,Hispanic or Latino,White,Male,Loan originated,1,185000,90,6.5,1.5,0,6500,2000,3000,1000,300,360,0,0,2,2,2,2,205556,1,1,3,5,1,45000,29,1,1,1,2,2,2,5,5,2,2,1,1,2,2,35-44,30-39,No,No,1,1,
2024,19100,TX,48113,48113020817,Conventional:First Lien,Single Family (1-4 Units):Site-Built,Not Hispanic or Latino,White,Female,File closed for incompleteness,1,425000,75,7,2.5,0,0,0,0,0,0,360,0,0,2,2,2,2,566667,1,1,3,5,1,0,0,5,5,2,5,2,5,5,5,2,5,2,5,2,5,9999,9999,9999,9999,1,1,
2024,19740,UT,49035,49035120100,FHA:First Lien,Single Family (1-4 Units):Site-Built,Not Hispanic or Latino,Native Hawaiian or Other Pacific Islander,Male,Loan originated,1,395000,96,7.1,1.9,0,11000,4000,5500,2500,1000,360,0,0,2,2,2,2,411458,1,1,3,5,1,72000,44,1,1,2,2,2,2,7,5,2,2,1,5,2,5,30-39,25-34,No,No,1,1,
2024,26420,MI,26125,26125623100,Conventional:First Lien,Single Family (1-4 Units):Site-Built,Not Hispanic or Latino,American Indian or Alaska Native,Female,Loan originated,1,310000,82,6.9,2.2,0,7800,2800,3800,1800,600,360,0,0,2,2,2,2,378049,1,1,3,5,1,68000,36,1,1,2,2,2,2,1,5,2,2,2,1,2,2,40-49,35-44,No,No,1,1,
2024,33100,NM,35043,35043080100,VA:First Lien,Single Family (1-4 Units):Site-Built,Hispanic or Latino,White,Male,Application withdrawn by applicant,1,285000,88,7.3,2.1,0,0,0,0,0,0,360,0,0,2,2,2,2,323864,1,1,3,5,1,0,0,5,5,1,1,2,2,5,5,2,2,1,1,2,2,28,9999,No,9999,1,1,
2024,34940,NC,37183,37183520400,Conventional:First Lien,Single Family (1-4 Units):Site-Built,Not Hispanic or Latino,Asian,Female,Loan originated,1,365000,78,6.6,1.8,0,8200,3000,4000,2000,700,360,0,0,2,2,2,2,467949,1,1,3,5,1,85000,33,1,1,2,2,2,2,6,6,2,2,2,2,2,2,35-44,30-39,No,No,1,1,
2024,38060,OH,39035,39035610200,Conventional:Subordinate Lien,Single Family (1-4 Units):Site-Built,Not Hispanic or Latino,Black or African American,Male,Loan originated,3,55000,20,8.5,3.8,0,4200,1800,2500,800,300,180,0,0,2,2,2,2,275000,1,1,3,5,1,52000,28,1,3,2,5,2,5,3,3,2,5,1,5,2,5,50-59,9999,No,9999,1,1,
2024,41860,PA,42003,42003030100,FHA:First Lien,Single Family (1-4 Units):Site-Built,Not Hispanic or Latino,White,Male,Loan originated,1,240000,92,7.4,2,0,9500,3500,4500,2000,800,360,0,0,2,2,2,2,260870,1,1,3,5,1,55000,40,1,1,2,2,2,2,5,5,2,2,1,1,2,2,25-34,25-34,No,No,1,1,
2024,42660,RI,44003,44003020100,Conventional:First Lien,Single Family (1-4 Units):Site-Built,Hispanic or Latino,White,Female,Loan originated,1,520000,70,6.4,1.6,0,12000,4000,5500,2500,1000,360,0,0,2,2,2,2,742857,1,1,3,5,1,135000,29,1,1,1,2,2,2,5,5,2,2,2,2,2,2,45-54,40-49,No,No,1,1,
2024,45300,TN,47037,47037201500,USDA:First Lien,Single Family (1-4 Units):Site-Built,Not Hispanic or Latino,White,Male,Loan originated,1,165000,89,6.8,1.4,0,5800,1800,2800,1200,400,360,0,0,2,2,2,2,185393,1,1,3,5,1,42000,32,1,1,2,5,2,5,5,5,2,5,1,5,2,5,30-39,28,No,No,1,1,
2024,46140,UT,49011,49011010200,Conventional:First Lien,Single Family (1-4 Units):Site-Built,Not Hispanic or Latino,White,Male,Application denied by financial institution,1,475000,83,7.8,2.7,0,0,0,0,0,0,360,0,0,2,2,2,2,572289,1,1,3,5,1,88000,37,1,3,2,5,2,5,5,5,2,5,1,5,2,5,40-49,9999,No,9999,1,1,
2024,47940,WA,53033,53033040200,VA:First Lien,Single Family (1-4 Units):Site-Built,Not Hispanic or Latino,Asian,Female,Loan originated,1,555000,85,6.7,1.7,0,13500,5000,6500,3000,1200,360,0,0,2,2,2,2,652941,1,1,3,5,1,125000,31,1,1,2,2,2,2,6,6,2,2,2,2,2,2,35-44,30-39,No,No,1,1,
2024,49180,WI,55079,55079040100,Conventional:First Lien,Single Family (1-4 Units):Site-Built,Not Hispanic or Latino,White,Male,Loan originated,1,285000,80,6.5,1.9,0,7200,2500,3400,1600,500,360,0,0,2,2,2,2,356250,1,1,3,5,1,68000,34,1,1,2,2,2,2,5,5,2,2,1,1,2,2,50-59,45-54,No,No,1,1,
2024,51700,WY,56021,56021010100,FHA:First Lien,Single Family (1-4 Units):Site-Built,Hispanic or Latino,White,Male,Loan originated,1,215000,94,7.2,1.8,0,8800,3200,4200,1800,700,360,0,0,2,2,2,2,228723,1,1,3,5,1,48000,39,1,1,1,2,2,2,5,5,2,2,1,1,2,2,30-39,28,No,No,1,1,
2024,12060,AL,1073,1073020301,Conventional:First Lien,Single Family (1-4 Units):Site-Built,Not Hispanic or Latino,Black or African American,Female,Loan originated,1,195000,85,7.1,2.4,0,6500,2200,3100,1400,500,360,0,0,2,2,2,2,229412,1,1,3,5,1,51000,35,1,1,2,2,2,2,3,3,2,2,2,2,2,2,35-44,30-39,No,No,1,1,
2024,14460,IL,17031,17031010200,Conventional:Subordinate Lien,Single Family (1-4 Units):Site-Built,Not Hispanic or Latino,White,Male,Loan originated,4,85000,25,8.25,3.5,0,3800,1600,2200,900,350,240,0,0,2,2,2,2,340000,1,1,3,5,1,78000,26,1,3,2,5,2,5,5,5,2,5,1,5,2,5,55-64,45-54,No,No,1,1,
2024,16980,CA,6073,6073040102,VA:First Lien,Single Family (1-4 Units):Site-Built,Not Hispanic or Latino,White,Male,Application approved but not accepted,1,625000,78,6.3,1.3,0,0,0,0,0,0,360,0,0,2,2,2,2,801282,1,1,3,5,1,0,0,5,5,2,5,2,5,5,5,2,5,1,5,2,5,42,38,No,No,1,1,
2024,19100,TX,48121,48121030200,Conventional:First Lien,Single Family (1-4 Units):Site-Built,Hispanic or Latino,White,Female,Loan originated,1,355000,82,6.8,2,0,8900,3200,4200,2000,750,360,0,0,2,2,2,2,432927,1,1,3,5,1,82000,30,1,1,1,2,2,2,5,5,2,2,2,2,2,2,40-49,35-44,No,No,1,1,
2024,19740,UT,49035,49035080300,FHA:First Lien,Single Family (1-4 Units):Site-Built,Not Hispanic or Latino,White,Male,Loan originated,1,410000,93,7,1.7,0,10500,3800,4800,2200,850,360,0,0,2,2,2,2,440860,1,1,3,5,1,95000,36,1,1,2,2,2,2,5,5,2,2,1,1,2,2,30-39,28,No,No,1,1,
2024,26420,MI,26163,26163520100,Conventional:First Lien,Single Family (1-4 Units):Site-Built,Not Hispanic or Latino,White,Female,Application denied by financial institution,1,275000,90,7.6,2.5,0,0,0,0,0,0,360,0,0,2,2,2,2,305556,1,1,3,5,1,62000,43,1,3,2,5,2,5,5,5,2,5,2,5,2,5,35-44,9999,No,9999,1,1,
2024,31080,MO,29189,29189531200,USDA:First Lien,Single Family (1-4 Units):Site-Built,Not Hispanic or Latino,White,Male,Loan originated,1,175000,88,6.9,1.6,0,6200,2000,2900,1300,450,360,0,0,2,2,2,2,198864,1,1,3,5,1,46000,33,1,1,2,5,2,5,5,5,2,5,1,5,2,5,25-34,23,No,No,1,1,
2024,33100,NM,35013,35013040100,Conventional:First Lien,Single Family (1-4 Units):Site-Built,Hispanic or Latino,American Indian or Alaska Native,Female,Loan originated,1,235000,84,7.3,2.3,0,7200,2600,3400,1600,600,360,0,0,2,2,2,2,279762,1,1,3,5,1,58000,38,1,1,1,2,2,2,1,1,2,2,2,1,2,2,45-54,40-49,No,No,1,1,
2024,34940,NC,37129,37129560100,VA:First Lien,Single Family (1-4 Units):Site-Built,Not Hispanic or Latino,Black or African American,Male,Loan originated,1,315000,86,6.6,1.5,0,8400,3000,3900,1800,650,360,0,0,2,2,2,2,366279,1,1,3,5,1,78000,32,1,1,2,2,2,2,3,3,2,2,1,3,2,3,35-44,30-39,No,No,1,1,
2024,35620,NJ,34023,34023010200,Conventional:First Lien,Single Family (1-4 Units):Site-Built,Not Hispanic or Latino,Asian,Male,File closed for incompleteness,1,485000,72,6.4,1.4,0,0,0,0,0,0,360,0,0,2,2,2,2,673611,1,1,3,5,1,0,0,5,5,2,2,2,2,6,6,2,2,1,1,2,2,9999,9999,9999,9999,1,1,
2024,37120,NY,36001,36001010100,FHA:First Lien,Single Family (1-4 Units):Site-Built,Not Hispanic or Latino,White,Female,Loan originated,1,425000,95,7.3,2.1,0,13000,4800,5800,2800,1100,360,0,0,2,2,2,2,447368,1,1,3,5,1,98000,41,1,1,2,2,2,2,5,5,2,2,2,2,2,2,30-39,28,No,No,1,1,
2024,37900,OH,39001,39001020200,Conventional:First Lien,Single Family (1-4 Units):Site-Built,Not Hispanic or Latino,White,Male,Loan originated,1,295000,79,6.7,1.8,0,7800,2800,3700,1700,600,360,0,0,2,2,2,2,373418,1,1,3,5,1,72000,35,1,1,2,2,2,2,5,5,2,2,1,1,2,2,45-54,40-49,No,No,1,1,
2024,38060,OH,39035,39035820100,Conventional:Subordinate Lien,Single Family (1-4 Units):Site-Built,Hispanic or Latino,White,Female,Loan originated,4,65000,18,8.75,4.1,0,3200,1400,1900,750,250,180,0,0,2,2,2,2,361111,1,1,3,5,1,65000,24,1,3,1,2,2,2,5,5,2,2,2,2,2,2,50-59,45-54,No,No,1,1,
2024,41860,PA,42003,42003030800,VA:First Lien,Single Family (1-4 Units):Site-Built,Not Hispanic or Latino,White,Male,Application approved but not accepted,1,385000,81,6.5,1.6,0,0,0,0,0,0,360,0,0,2,2,2,2,475309,1,1,3,5,1,0,0,5,5,2,5,2,5,5,5,2,5,1,5,2,5,38,32,No,No,1,1,
2024,42660,RI,44003,44003010500,Conventional:First Lien,Single Family (1-4 Units):Site-Built,Not Hispanic or Latino,Black or African American,Female,Loan originated,1,385000,77,6.6,1.9,0,9200,3400,4300,2000,750,360,0,0,2,2,2,2,500000,1,1,3,5,1,92000,31,1,1,2,2,2,2,3,3,2,2,2,3,2,3,35-44,30-39,No,No,1,1,
2024,45300,TN,47065,47065040100,FHA:First Lien,Single Family (1-4 Units):Site-Built,Not Hispanic or Latino,White,Male,Loan originated,1,295000,92,7.1,1.8,0,10200,3800,4700,2200,850,360,0,0,2,2,2,2,320652,1,1,3,5,1,68000,39,1,1,2,2,2,2,5,5,2,2,1,1,2,2,25-34,23,No,No,1,1,
2024,46140,UT,49043,49043020100,Conventional:First Lien,Single Family (1-4 Units):Site-Built,Not Hispanic or Latino,Asian,Female,Application withdrawn by applicant,1,485000,74,6.3,1.5,0,0,0,0,0,0,360,0,0,2,2,2,2,655405,1,1,3,5,1,0,0,5,5,2,2,2,2,6,6,2,2,2,2,2,2,32,28,No,No,1,1,
2024,47940,WA,53061,53061040200,USDA:First Lien,Single Family (1-4 Units):Site-Built,Not Hispanic or Latino,White,Male,Loan originated,1,245000,89,6.7,1.5,0,7800,2600,3400,1500,550,360,0,0,2,2,2,2,275281,1,1,3,5,1,58000,34,1,1,2,5,2,5,5,5,2,5,1,5,2,5,35-44,30-39,No,No,1,1,
2024,49180,WI,55059,55059030100,Conventional:First Lien,Single Family (1-4 Units):Site-Built,Not Hispanic or Latino,White,Female,Loan originated,1,265000,83,6.8,2,0,7100,2400,3200,1400,500,360,0,0,2,2,2,2,319277,1,1,3,5,1,63000,36,1,1,2,2,2,2,5,5,2,2,2,2,2,2,40-49,35-44,No,No,1,1,
2024,51700,WY,56039,56039010100,VA:First Lien,Single Family (1-4 Units):Site-Built,Not Hispanic or Latino,American Indian or Alaska Native,Male,Loan originated,1,195000,87,6.9,1.7,0,6800,2200,2900,1200,400,360,0,0,2,2,2,2,224138,1,1,3,5,1,52000,33,1,1,2,2,2,2,1,1,2,2,1,1,2,1,30-39,25-34,No,No,1,1,
2024,12060,AL,1073,1073040203,Conventional:First Lien,Single Family (1-4 Units):Site-Built,Hispanic or Latino,White,Male,Loan originated,1,225000,88,7.2,2.2,0,7500,2600,3400,1500,550,360,0,0,2,2,2,2,255682,1,1,3,5,1,58000,37,1,1,1,2,2,2,5,5,2,2,1,2,2,2,35-44,30-39,No,No,1,1,
2024,14460,IL,17031,17031240500,FHA:First Lien,Single Family (1-4 Units):Site-Built,Not Hispanic or Latino,Black or African American,Female,Application denied by financial institution,1,315000,91,7.7,2.4,0,0,0,0,0,0,360,0,0,2,2,2,2,346154,1,1,3,5,1,71000,44,1,3,2,2,2,2,3,3,2,2,2,3,2,3,30-39,9999,No,9999,1,1,
2024,16980,CA,6071,6071042201,Conventional:Subordinate Lien,Single Family (1-4 Units):Site-Built,Not Hispanic or Latino,Asian,Male,Loan originated,4,95000,22,8.1,3.6,0,4100,1700,2300,950,350,180,0,0,2,2,2,2,431818,1,1,3,5,1,86000,27,1,3,2,2,2,2,6,6,2,2,1,6,2,6,45-54,40-49,No,No,1,1,
2024,19100,TX,48157,48157010500,Conventional:First Lien,Single Family (1-4 Units):Site-Built,Not Hispanic or Latino,White,Female,Loan originated,1,375000,79,6.9,2.1,0,9200,3300,4200,1900,700,360,0,0,2,2,2,2,474684,1,1,3,5,1,89000,33,1,1,2,2,2,2,5,5,2,2,2,2,2,2,40-49,35-44,No,No,1,1,
