EmployerName,SicCodes,DiffMeanHourlyPercent,DiffMedianHourlyPercent,DiffMeanBonusPercent,DiffMedianBonusPercent,MaleBonusPercent,FemaleBonusPercent,MaleLowerQuartile,FemaleLowerQuartile,MaleLowerMiddleQuartile,FemaleLowerMiddleQuartile,MaleUpperMiddleQuartile,FemaleUpperMiddleQuartile,MaleTopQuartile,FemaleTopQuartile,EmployerSize,DateSubmitted
Barclays Bank UK PLC,64110,32.1,26.8,68.5,45.2,78.3,65.9,31.2,68.8,28.4,71.6,35.7,64.3,62.1,37.9,5000+,2025-03-28 09:15:22
Tesco Stores Limited,47110,8.9,3.2,42.7,21.8,45.6,41.2,46.3,53.7,44.1,55.9,48.9,51.1,55.8,44.2,5000+,2025-04-02 11:30:45
NHS England,86101,22.4,18.6,14.2,8.9,12.3,15.7,21.5,78.5,19.8,80.2,25.4,74.6,42.1,57.9,5000+,2025-03-15 14:22:18
BP Oil UK Limited,06100,28.7,22.3,55.9,38.4,71.2,58.3,18.9,81.1,22.7,77.3,34.5,65.5,68.4,31.6,5000+,2025-04-05 16:45:33
Marks & Spencer PLC,47710,12.3,6.8,35.2,18.9,38.7,34.1,41.2,58.8,39.6,60.4,44.3,55.7,52.9,47.1,5000+,2025-03-29 10:18:55
Barchester Healthcare Limited,87100,15.8,9.4,22.1,12.6,8.9,11.2,16.7,83.3,14.2,85.8,21.5,78.5,38.4,61.6,1000-4999,2025-04-01 13:27:41
HSBC UK Bank PLC,64110,38.2,31.5,72.8,54.3,81.6,69.2,24.8,75.2,27.3,72.7,41.9,58.1,71.5,28.5,5000+,2025-03-30 08:55:12
Amazon UK Services Limited,96090,18.7,11.2,48.3,29.7,52.1,47.8,58.9,41.1,56.4,43.6,61.2,38.8,72.5,27.5,5000+,2025-04-03 15:42:19
Sainsbury's Supermarkets Limited,47110,9.1,4.7,38.5,19.2,41.3,38.9,44.7,55.3,42.8,57.2,46.5,53.5,54.2,45.8,5000+,2025-03-25 12:33:47
PwC UK,69201,33.8,27.2,58.7,41.3,74.2,63.8,29.1,70.9,31.6,68.4,43.7,56.3,68.9,31.1,5000+,2025-04-04 09:20:34
Asda Stores Limited,47110,7.8,2.1,35.9,15.4,39.7,36.2,47.8,52.2,45.3,54.7,49.1,50.9,56.7,43.3,5000+,2025-03-31 16:18:22
KPMG UK LLP,69201,35.4,28.9,61.2,43.8,76.5,65.1,26.7,73.3,29.4,70.6,45.2,54.8,71.3,28.7,5000+,2025-04-02 14:55:48
Deloitte UK,69201,32.6,25.8,59.4,40.7,75.8,64.2,28.3,71.7,30.9,69.1,44.6,55.4,70.2,29.8,5000+,2025-03-27 11:08:15
EY UK,69201,34.1,27.5,60.8,42.1,77.3,66.5,27.5,72.5,29.8,70.2,46.1,53.9,69.7,30.3,5000+,2025-04-05 13:22:57
Morrisons Supermarkets PLC,47110,8.6,3.8,37.2,17.5,40.1,37.4,45.9,54.1,43.7,56.3,47.8,52.2,55.4,44.6,5000+,2025-03-28 17:40:21
Virgin Atlantic Airways Limited,51102,26.3,19.7,52.8,34.2,68.5,57.9,32.4,67.6,35.1,64.9,48.7,51.3,65.8,34.2,1000-4999,2025-04-01 10:15:33
John Lewis Partnership PLC,47190,13.2,7.9,31.6,16.8,35.4,32.7,38.9,61.1,37.2,62.8,42.5,57.5,51.3,48.7,5000+,2025-03-30 15:48:29
Boots UK Limited,47730,16.4,10.2,28.9,15.3,31.8,29.7,25.6,74.4,23.9,76.1,29.4,70.6,45.7,54.3,5000+,2025-04-03 12:25:44
Rolls-Royce PLC,28150,24.8,18.2,46.7,28.3,65.9,54.2,20.7,79.3,23.5,76.5,38.2,61.8,62.4,37.6,5000+,2025-03-26 09:33:17
BT Group PLC,61100,19.5,13.1,41.8,23.7,48.2,43.6,33.1,66.9,35.8,64.2,46.3,53.7,59.7,40.3,5000+,2025-04-04 16:50:38
J Sainsbury PLC,47110,9.3,4.5,36.7,18.1,39.8,37.2,43.5,56.5,41.9,58.1,45.7,54.3,53.8,46.2,5000+,2025-03-29 14:12:55
Lloyds Banking Group PLC,64110,31.7,25.4,65.3,47.8,76.8,64.5,26.4,73.6,28.9,71.1,40.7,59.3,67.2,32.8,5000+,2025-04-02 11:07:22
NatWest Group PLC,64110,30.2,24.1,63.5,45.9,74.6,62.3,27.8,72.2,30.5,69.5,42.1,57.9,65.4,34.6,5000+,2025-03-31 13:44:08
Standard Chartered Bank,64110,33.9,27.8,69.2,51.6,79.3,67.8,25.1,74.9,27.9,72.1,41.3,58.7,69.8,30.2,5000+,2025-04-05 15:28:11
Bupa Insurance Limited,65120,22.6,16.3,38.5,21.7,43.9,39.2,28.7,71.3,31.4,68.6,44.2,55.8,58.6,41.4,1000-4999,2025-03-27 12:19:45
WPP Group PLC,73110,25.8,19.4,54.7,36.2,69.8,58.1,30.5,69.5,33.2,66.8,47.9,52.1,64.3,35.7,5000+,2025-04-01 16:37:22
Unilever UK Limited,10890,18.3,12.7,43.2,25.1,50.7,45.3,35.4,64.6,38.1,61.9,49.6,50.4,61.8,38.2,5000+,2025-03-28 14:55:33
Shell UK Limited,06100,27.5,21.8,52.9,34.6,68.4,56.7,19.8,80.2,22.6,77.4,36.9,63.1,63.7,36.3,5000+,2025-04-03 09:48:17
BP Alternative Energy Limited,35110,26.9,20.4,51.3,32.8,66.7,54.9,21.3,78.7,24.1,75.9,38.4,61.6,62.1,37.9,1000-4999,2025-03-30 11:22:44
British Airways PLC,51102,23.7,17.1,49.2,30.5,63.8,52.4,29.6,70.4,32.3,67.7,45.1,54.9,61.5,38.5,5000+,2025-04-04 13:15:28
Tesco Bank PLC,64110,21.4,15.2,44.6,26.3,52.1,46.8,31.8,68.2,34.5,65.5,47.2,52.8,59.4,40.6,1000-4999,2025-03-26 15:33:51
Santander UK PLC,64110,29.8,23.5,62.7,44.1,73.5,61.2,28.3,71.7,30.9,69.1,43.7,56.3,66.8,33.2,5000+,2025-04-02 17:48:22
Aviva PLC,65120,24.1,17.8,47.3,29.6,58.2,49.7,26.9,73.1,29.6,70.4,42.8,57.2,61.5,38.5,5000+,2025-03-31 10:29:45
Legal & General Group PLC,65120,26.3,19.9,50.7,32.4,64.9,53.1,25.4,74.6,28.2,71.8,41.5,58.5,63.2,36.8,5000+,2025-04-05 12:44:18
Prudential PLC,65120,28.7,22.1,55.4,37.8,70.1,58.6,23.7,76.3,26.5,73.5,39.8,60.2,66.4,33.6,5000+,2025-03-27 16:17:33
AstraZeneca UK Limited,21200,19.8,13.5,42.1,24.2,49.6,44.3,33.2,66.8,35.9,64.1,48.4,51.6,60.7,39.3,5000+,2025-04-01 14:52:09
GlaxoSmithKline PLC,21200,21.2,15.1,45.3,27.5,53.8,47.2,30.4,69.6,33.1,66.9,46.7,53.3,58.9,41.1,5000+,2025-03-29 13:38:27
Diageo PLC,11050,16.9,11.3,38.7,21.4,44.2,39.8,36.5,63.5,39.2,60.8,50.1,49.9,57.3,42.7,5000+,2025-04-03 16:25:44
British American Tobacco PLC,12000,23.4,17.2,48.9,31.2,62.7,51.3,28.1,71.9,30.8,69.2,44.6,55.4,62.8,37.2,5000+,2025-03-28 11:14:55
Vodafone Group PLC,61100,20.7,14.6,43.5,25.9,51.3,45.7,32.8,67.2,35.5,64.5,47.9,52.1,59.6,40.4,5000+,2025-04-04 15:07:22
Sky UK Limited,60200,22.1,16.3,46.2,28.7,56.4,48.9,29.7,70.3,32.4,67.6,45.3,54.7,61.2,38.8,5000+,2025-03-30 12:33:18
ITV PLC,59112,18.6,12.9,40.8,23.1,47.5,42.3,34.1,65.9,36.8,63.2,49.2,50.8,58.4,41.6,1000-4999,2025-04-02 13:49:45
BBC,60100,11.2,6.8,24.7,12.3,28.1,25.4,39.2,60.8,41.5,58.5,46.7,53.3,52.9,47.1,5000+,2025-03-31 15:21:37
Channel Four Television Corporation,59112,15.3,9.7,32.4,16.8,36.9,33.1,30.5,69.5,33.2,66.8,45.8,54.2,56.7,43.3,1000-4999,2025-04-05 10:38:22
Network Rail Limited,49100,14.7,9.1,29.8,15.2,33.6,30.4,25.9,74.1,28.6,71.4,42.3,57.7,54.2,45.8,5000+,2025-03-26 11:47:53
Royal Mail PLC,53100,17.2,11.6,35.7,19.4,40.1,36.8,38.4,61.6,41.1,58.9,48.5,51.5,57.9,42.1,5000+,2025-04-03 14:16:28
National Grid PLC,35110,22.8,16.5,47.1,29.8,57.3,46.9,24.6,75.4,27.3,72.7,40.8,59.2,62.5,37.5,5000+,2025-03-29 16:58:11
Centrica PLC,35110,24.5,18.2,49.6,32.1,61.7,50.4,26.1,73.9,28.8,71.2,42.5,57.5,64.1,35.9,5000+,2025-04-01 17:32:45
BARCLAYS BANK UK PLC,"64191, 64209",32.1,28.5,68.4,45.2,78.2,65.9,35.2,64.8,42.1,57.9,48.3,51.7,65.8,34.2,5000-19999,2025-04-05 09:22:17
TESCO STORES LIMITED,"47110, 47220",8.2,5.1,22.7,18.9,12.4,9.8,45.6,54.4,48.2,51.8,52.1,47.9,58.3,41.7,20000+,2025-04-06 11:15:33
NATIONAL HEALTH SERVICE TRUSTS,"86101, 86210",14.7,12.3,41.6,38.2,28.5,31.7,22.4,77.6,19.8,80.2,25.7,74.3,42.1,57.9,20000+,2025-04-07 08:45:12
BP OIL UK LIMITED,"06100, 19201",24.9,19.7,58.3,42.1,72.8,54.2,18.5,81.5,29.4,70.6,41.2,58.8,69.7,30.3,5000-19999,2025-04-08 14:30:25
SAINSBURY'S SUPERMARKETS LTD,"47110, 47290",6.8,2.4,19.5,14.2,15.7,11.3,48.9,51.1,51.6,48.4,55.2,44.8,62.1,37.9,20000+,2025-04-09 16:18:44
BRITISH AIRWAYS PLC,"51101, 51102",35.6,31.2,71.8,52.4,68.5,58.9,31.7,68.3,38.2,61.8,51.4,48.6,72.9,27.1,10000-19999,2025-04-10 10:22:58
HSBC UK BANK PLC,"64191, 64205",29.3,25.7,62.1,48.9,74.6,63.2,28.4,71.6,35.8,64.2,46.7,53.3,68.5,31.5,20000+,2025-04-11 12:45:31
MARKS & SPENCER PLC,"47110, 47710",12.5,8.9,31.7,24.6,21.8,16.4,41.2,58.8,44.7,55.3,49.3,50.7,61.8,38.2,50000+,2025-04-12 09:30:15
ROLLS-ROYCE PLC,"28110, 30300",18.2,14.6,45.3,32.8,56.7,42.1,24.6,75.4,31.9,68.1,42.8,57.2,64.3,35.7,10000-19999,2025-04-13 15:20:42
LONDON UNDERGROUND LIMITED,"49311, 49319",19.8,16.2,38.4,29.7,45.2,34.8,38.5,61.5,42.1,57.9,48.6,51.4,59.7,40.3,10000-19999,2025-04-14 11:10:28
VODAFONE UK LIMITED,"61200, 61900",21.4,17.8,52.9,38.4,59.3,46.7,32.1,67.9,39.7,60.3,48.2,51.8,65.4,34.6,5000-19999,2025-04-15 13:55:19
PRICEWATERHOUSECOOPERS LLP,"69101, 69201",34.7,30.1,69.8,51.2,81.5,68.4,22.8,77.2,29.6,70.4,44.3,55.7,71.2,28.8,10000-19999,2025-04-16 08:40:33
DELOITTE LLP,"69101, 69200",31.2,27.5,65.4,47.8,77.9,65.1,25.7,74.3,32.4,67.6,41.8,58.2,69.7,30.3,15000-19999,2025-04-17 16:25:47
KPMG LLP,"69101, 69201",33.8,29.4,67.2,49.6,79.3,66.8,23.9,76.1,30.1,69.9,43.5,56.5,70.4,29.6,12000-19999,2025-04-18 09:15:22
ERNST & YOUNG LLP,"69101, 69201",32.5,28.7,66.1,48.3,78.2,65.4,24.6,75.4,31.2,68.8,42.7,57.3,69.8,30.2,13000-19999,2025-04-19 14:50:36
BT GROUP PLC,"61100, 61200",16.9,13.2,42.7,31.5,51.4,38.9,29.8,70.2,36.5,63.5,45.2,54.8,63.7,36.3,20000+,2025-04-20 10:35:51
ROYAL MAIL PLC,"53100, 53201",13.7,10.4,35.2,26.8,42.1,31.6,36.4,63.6,41.8,58.2,48.7,51.3,59.2,40.8,10000-19999,2025-04-21 12:20:14
SHELL UK LIMITED,"06100, 19201",26.8,22.1,59.7,44.3,70.2,55.8,21.3,78.7,33.5,66.5,44.9,55.1,67.4,32.6,5000-19999,2025-4-22 08:55:27
UNILEVER UK LIMITED,"10890, 20590",15.4,11.8,38.9,28.7,48.6,35.2,33.7,66.3,40.2,59.8,47.5,52.5,62.1,37.9,5000-19999,2025-04-23 15:40:42
DIAGEO PLC,"11010, 46342",17.6,14.1,44.2,33.5,53.8,40.7,30.2,69.8,37.4,62.6,46.9,53.1,64.6,35.4,5000-19999,2025-04-24 11:25:58
GLAXOSMITHKLINE PLC,"21100, 21200",19.3,15.7,46.8,35.2,55.4,42.1,27.8,72.2,34.6,65.4,45.3,54.7,65.9,34.1,10000-19999,2025-04-25 13:10:19
ASTRAZENECA UK LIMITED,"21100, 21200",20.1,16.5,48.2,36.9,57.1,43.8,26.4,73.6,33.7,66.3,44.8,55.2,66.7,33.3,5000-19999,2025-04-26 09:45:33
JOHNSON & JOHNSON UK LIMITED,"21100, 32500",18.7,15.2,45.6,34.8,54.2,41.9,28.5,71.5,35.8,64.2,46.1,53.9,65.2,34.8,5000-19999,2025-04-27 16:30:47
PFIZER UK LIMITED,"21100, 46460",21.5,17.9,49.7,38.4,58.3,45.1,25.9,74.1,32.8,67.2,43.6,56.4,67.8,32.2,2500-4999,2025-04-28 08:20:14
NOVARTIS UK LIMITED,"21100, 46460",22.3,18.7,51.2,39.8,59.7,46.5,24.7,75.3,31.9,68.1,42.7,57.3,68.4,31.6,2500-4999,2025-04-29 12:55:28
ROCHE UK LIMITED,"21100, 46460",23.1,19.5,52.6,41.2,61.1,47.9,23.5,76.5,30.7,69.3,41.8,58.2,69.2,30.8,2000-2499,2025-04-30 14:40:51
SANOFI UK LIMITED,"21100, 46460",20.9,17.3,48.9,37.5,57.8,44.6,26.3,73.7,33.4,66.6,44.2,55.8,67.1,32.9,3000-3999,2025-05-01 09:25:35
AON UK LIMITED,"66220, 66290",28.7,24.3,61.5,46.2,73.4,58.7,29.6,70.4,36.8,63.2,47.5,52.5,68.3,31.7,5000-9999,2025-05-02 15:15:19
WILLIS TOWERS WATSON UK LIMITED,"66220, 66290",27.4,23.8,59.8,44.7,71.2,56.9,31.2,68.8,38.1,61.9,46.7,53.3,67.9,32.1,4000-4999,2025-05-03 11:00:42
MARSH UK LIMITED,"66220, 66290",26.8,23.2,58.4,43.1,69.8,55.3,32.7,67.3,39.4,60.6,45.8,54.2,66.7,33.3,3500-4499,2025-05-04 12:45:58
LLOYDS BANK PLC,"64191, 64205",25.9,22.1,56.7,41.8,68.2,53.7,33.5,66.5,40.7,59.3,44.9,55.1,65.4,34.6,20000+,2025-05-05 08:30:14
NATWEST GROUP PLC,"64191, 64205",26.3,22.5,57.2,42.3,68.9,54.1,32.8,67.2,39.9,60.1,45.2,54.8,65.8,34.2,15000-19999,2025-05-06 16:20:27
BARCLAYS PLC,"64191, 64209",30.8,27.2,65.3,48.7,76.1,62.5,26.4,73.6,33.7,66.3,43.8,56.2,69.5,30.5,20000+,2025-05-07 09:55:51
STANDARD CHARTERED PLC,"64191, 64205",29.5,25.9,63.1,47.2,74.3,61.8,27.9,72.1,35.2,64.8,44.6,55.4,68.2,31.8,12000-19999,2025-05-08 13:40:35
VIRGIN MEDIA LIMITED,"61100, 61200",19.7,16.1,43.5,32.8,52.7,39.4,31.6,68.4,38.9,61.1,47.3,52.7,64.8,35.2,8000-9999,2025-05-09 10:25:18
SKY UK LIMITED,"61100, 60200",18.4,14.8,41.2,30.5,49.8,36.7,34.2,65.8,41.3,58.7,48.6,51.4,63.9,36.1,10000-19999,2025-05-10 15:10:42
BBC UK LIMITED,"59111, 59112",11.2,7.6,32.4,23.1,38.7,27.5,39.8,60.2,44.2,55.8,51.3,48.7,58.6,41.4,15000-19999,2025-05-11 08:55:26
ITV PLC,"59111, 59112",13.8,10.2,36.7,26.4,43.2,31.8,37.1,62.9,42.5,57.5,49.7,50.3,61.2,38.8,5000-9999,2025-05-12 12:30:59
CHANNEL 4 UK LIMITED,"59111, 59112",12.5,8.9,34.1,24.7,40.6,29.2,38.4,61.6,43.1,56.9,50.2,49.8,59.7,40.3,2500-3499,2025-05-13 14:15:33
BRITISH GAS PLC,"35220, 35230",14.6,11.0,37.8,27.5,46.3,33.9,35.7,64.3,41.2,58.8,48.4,51.6,62.1,37.9,10000-19999,2025-05-14 09:00:47
NATIONAL GRID PLC,"35110, 35130",15.2,11.6,39.1,28.8,48.5,35.2,34.3,65.7,40.6,59.4,47.8,52.2,63.5,36.5,5000-9999,2025-05-15 15:45:14
THAMES WATER UTILITIES LIMITED,"36000, 37000",16.8,13.2,41.5,30.4,50.7,37.6,32.9,67.1,39.4,60.6,46.2,53.8,64.7,35.3,5000-7999,2025-05-16 10:30:28
SOUTHERN WATER SERVICES LIMITED,"36000, 37000",17.3,13.7,42.3,31.1,51.4,38.2,32.1,67.9,38.7,61.3,45.5,54.5,65.2,34.8,4000-4999,2025-05-17 12:15:51
SEVERN TRENT WATER LIMITED,"36000, 37000",16.5,12.9,40.8,29.7,49.6,36.8,33.5,66.5,40.1,59.9,46.9,53.1,64.1,35.9,5000-9999,2025-05-18 08:50:35
BARCLAYS UK HOLDINGS PLC,64110,32.1,28.5,68.4,52.3,78.2,65.9,18.4,81.6,22.7,77.3,35.8,64.2,68.9,31.1,5000+,2025-04-05 09:12:33
TESCO STORES LIMITED,47110,8.2,5.1,22.7,18.9,34.5,31.2,42.1,57.9,38.6,61.4,45.2,54.8,52.3,47.7,5000+,2025-04-04 16:28:15
NATIONAL GRID UK LIMITED,35110,14.7,11.3,45.2,38.6,62.1,58.7,28.5,71.5,32.4,67.6,41.3,58.7,72.8,27.2,1000-4999,2025-04-03 11:45:22
BOOHOO.COM UK LIMITED,46410,12.8,9.4,31.5,24.7,28.9,25.3,48.2,51.8,44.7,55.3,49.1,50.9,55.6,44.4,1000-4999,2025-04-02 14:22:18
ROLLS-ROYCE POWER SYSTEMS LIMITED,28110,24.6,19.8,58.3,44.2,71.5,63.8,15.7,84.3,19.2,80.8,28.5,71.5,75.4,24.6,5000+,2025-04-01 10:18:45
SAINSBURY'S SUPERMARKETS LIMITED,47110,6.3,2.8,18.4,12.6,31.7,28.4,45.8,54.2,41.3,58.7,48.2,51.8,53.1,46.9,5000+,2025-04-05 13:37:29
BP OIL UK LIMITED,19201,26.8,22.1,62.7,48.3,74.2,68.5,21.3,78.7,25.6,74.4,33.8,66.2,71.5,28.5,5000+,2025-04-04 08:55:12
VODAFONE UK LIMITED,61200,18.5,14.7,38.9,31.2,52.6,48.3,35.2,64.8,39.7,60.3,46.8,53.2,68.4,31.6,5000+,2025-04-03 15:42:58
PRIMARK STORES LIMITED,47710,3.2,0.5,8.7,4.2,15.3,12.8,52.1,47.9,49.6,50.4,53.7,46.3,56.2,43.8,1000-4999,2025-04-02 12:19:33
LLOYDS BANK PLC,64110,29.3,25.8,65.2,51.7,72.8,67.4,19.5,80.5,23.1,76.9,36.2,63.8,69.7,30.3,5000+,2025-04-01 16:33:21
UNILEVER UK LIMITED,10890,15.2,11.8,42.6,35.1,56.3,52.7,31.4,68.6,35.9,64.1,44.7,55.3,65.8,34.2,5000+,2025-04-05 11:28:44
BRITISH AIRWAYS PLC,51101,21.7,17.9,48.3,39.7,64.8,58.2,26.3,73.7,30.5,69.5,38.2,61.8,71.5,28.5,5000+,2025-04-04 13:14:07
MARKS & SPENCER PLC,47190,9.4,6.2,24.8,18.3,38.2,34.6,43.7,56.3,40.1,59.9,47.3,52.7,54.8,45.2,5000+,2025-04-03 09:47:55
SHELL UK LIMITED,19201,28.4,24.2,66.8,53.1,76.3,70.5,20.8,79.2,24.3,75.7,34.6,65.4,73.2,26.8,5000+,2025-04-02 15:21:38
ASDA STORES LIMITED,47110,7.8,4.5,19.7,13.8,32.4,29.1,46.3,53.7,42.8,57.2,49.1,50.9,53.6,46.4,5000+,2025-04-01 12:55:19
HSBC UK BANK PLC,64110,31.6,27.9,69.5,56.2,79.8,74.1,17.2,82.8,21.4,78.6,37.5,62.5,70.8,29.2,5000+,2025-04-05 14:22:47
NATIONAL HEALTH SERVICE TRUST,86101,15.9,12.4,34.7,27.8,48.2,44.6,33.1,66.9,37.4,62.6,45.8,54.2,62.7,37.3,5000+,2025-04-04 10:38:12
BT GROUP PLC,61900,19.3,15.6,41.8,33.7,55.4,51.2,34.6,65.4,38.9,61.1,47.3,52.7,67.2,32.8,5000+,2025-04-03 16:14:29
MORRISONS SUPERMARKETS PLC,47110,8.7,5.3,21.4,15.7,35.8,32.1,44.2,55.8,41.6,58.4,48.7,51.3,54.1,45.9,5000+,2025-04-02 11:07:44
DIAGEO SCOTLAND LIMITED,11050,22.5,18.7,51.3,42.8,67.9,61.4,24.8,75.2,28.3,71.7,39.6,60.4,72.1,27.9,1000-4999,2025-04-01 14:48:33
JOHN LEWIS PLC,47190,11.2,7.8,28.5,21.4,41.7,38.2,40.3,59.7,43.5,56.5,49.8,50.2,57.3,42.7,5000+,2025-04-05 15:35:28
ROYAL MAIL PLC,53100,16.4,12.9,36.2,28.5,50.7,46.8,32.7,67.3,36.8,63.2,44.9,55.1,64.5,35.5,5000+,2025-04-04 12:19:45
ANGEL TRAINS LIMITED,77390,25.7,21.3,54.8,45.7,69.2,62.8,22.4,77.6,26.8,73.2,36.5,63.5,74.3,25.7,250-499,2025-04-03 13:42:11
ARGOS LIMITED,47910,10.6,7.2,26.3,19.5,39.4,35.8,42.7,57.3,45.1,54.9,50.2,49.8,56.7,43.3,1000-4999,2025-04-02 09:28:37
STARBUCKS UK LIMITED,56101,5.8,2.4,14.7,8.3,22.1,18.6,49.3,50.7,46.8,53.2,52.4,47.6,58.1,41.9,1000-4999,2025-04-01 16:52:18
SKY UK LIMITED,61300,17.8,14.2,39.4,31.8,53.7,49.5,36.2,63.8,40.5,59.5,48.1,51.9,66.3,33.7,5000+,2025-04-05 10:45:33
NEXT RETAIL LIMITED,47710,13.5,9.8,32.7,25.1,45.3,41.8,38.4,61.6,42.7,57.3,49.6,50.4,61.2,38.8,5000+,2025-04-04 14:31:28
WICKES BUILDING SUPPLIES LIMITED,47520,14.9,11.5,35.2,27.9,48.6,44.7,37.1,62.9,41.3,58.7,47.8,52.2,63.4,36.6,1000-4999,2025-04-03 11:18:55
CURRYS PLC,47410,12.3,8.9,29.7,22.6,42.8,39.1,40.5,59.5,44.2,55.8,50.7,49.3,59.6,40.4,5000+,2025-04-02 13:27:41
WALGREENS BOOTS ALLIANCE LIMITED,46460,16.7,13.1,37.8,30.2,51.4,47.2,34.8,65.2,38.6,61.4,46.3,53.7,65.1,34.9,5000+,2025-04-01 15:09:12
ROYAL BANK OF SCOTLAND PLC,64110,30.2,26.5,67.8,54.3,77.5,71.9,18.7,81.3,22.9,77.1,36.8,63.2,71.4,28.6,5000+,2025-04-05 12:08:47
BMW UK LIMITED,45111,23.1,19.4,55.7,46.2,69.8,63.1,23.6,76.4,27.3,72.7,38.9,61.1,73.5,26.5,1000-4999,2025-04-04 09:54:22
TESCO BANK PLC,64110,27.5,23.8,61.4,49.7,73.2,67.8,20.4,79.6,24.7,75.3,35.1,64.9,72.6,27.4,1000-4999,2025-04-03 14:33:18
VIRGIN MEDIA LIMITED,61300,20.4,16.8,43.5,35.9,58.1,53.7,32.9,67.1,37.2,62.8,45.6,54.4,68.7,31.3,5000+,2025-04-02 10:42:55
SPORTS DIRECT RETAIL LIMITED,47640,8.9,5.6,21.9,15.2,36.2,32.5,45.3,54.7,42.8,57.2,48.9,51.1,55.2,44.8,5000+,2025-04-01 13:28:37
TESCO MOBILE LIMITED,61900,18.2,14.6,38.1,30.8,52.3,48.7,35.7,64.3,39.4,60.6,47.1,52.9,66.8,33.2,250-499,2025-04-05 15:19:44
NATIONWIDE BUILDING SOCIETY,64191,26.8,23.1,63.2,50.8,75.4,69.7,19.3,80.7,23.6,76.4,34.9,65.1,70.2,29.8,5000+,2025-04-04 11:47:22
EASYJET AIRLINE COMPANY LIMITED,51101,19.7,16.1,40.6,32.9,54.8,50.2,34.1,65.9,38.7,61.3,46.4,53.6,67.5,32.5,5000+,2025-04-03 16:58:11
THREE UK LIMITED,61300,21.3,17.6,46.2,38.1,61.4,55.7,30.8,69.2,34.5,65.5,42.7,57.3,69.8,30.2,5000+,2025-04-02 12:34:28
RIVER ISLAND CLOTHING CO LIMITED,47710,10.1,6.7,25.4,18.2,38.9,35.1,43.6,56.4,46.3,53.7,51.2,48.8,58.4,41.6,1000-4999,2025-04-01 14:15:55
O2 UK LIMITED,61300,19.5,15.9,41.3,33.6,55.2,50.8,33.4,66.6,37.8,62.2,46.9,53.1,66.4,33.6,5000+,2025-04-05 13:22:18
W H SMITH PLC,47630,13.7,10.1,30.8,23.7,44.1,40.6,39.2,60.8,42.9,57.1,49.7,50.3,60.5,39.5,1000-4999,2025-04-04 15:48:33
HARRODS LIMITED,47711,15.4,11.8,34.6,27.2,48.3,44.5,37.6,62.4,41.2,58.8,47.3,52.7,63.8,36.2,1000-4999,2025-04-03 12:09:47
WAITROSE LIMITED,47110,7.5,4.2,18.1,12.4,31.8,28.5,46.1,53.9,43.4,56.6,49.3,50.7,54.2,45.8,5000+,2025-04-02 14:51:22
KINGFISHER PLC,47520,14.2,10.6,32.9,25.8,46.7,42.9,38.7,61.3,42.4,57.6,48.8,51.2,62.1,37.9,5000+,2025-04-01 11:33:44
WILLIAM HILL PLC,92000,22.8,19.1,52.4,43.6,66.7,60.1,25.3,74.7,29.1,70.9,39.8,60.2,72.4,27.6,1000-4999,2025-04-05 16:45:59
CARPHONE WAREHOUSE LIMITED,47410,11.8,8.4,28.1,21.0,41.5,37.8,41.3,58.7,44.9,55.1,50.4,49.6,59.2,40.8,1000-4999,2025-04-04 10:28:15
BURTON GROUP LIMITED,47710,12.5,9.1,29.4,22.3,43.2,39.5,40.7,59.3,44.1,55.9,49.8,50.2,59.8,40.2,250-499,2025-04-03 13:55:28
MONTEZUMA'S CHOCOLATE LIMITED,10822,18.9,15.3,39.7,32.1,53.8,49.4,35.1,64.9,39.4,60.6,47.2,52.8,66.5,33.5,100-249,2025-04-02 15:42:17
BARKING & DAGENHAM COLLEGE,85310,14.2,11.8,25.6,18.4,12.3,14.7,42.3,57.7,38.1,61.9,45.2,54.8,52.4,47.6,1000-4999,2025-04-01 09:22:15
CUMBRIA COUNTY COUNCIL,84110,22.5,19.3,45.7,32.1,8.9,11.2,28.5,71.5,31.2,68.8,39.4,60.6,55.7,44.3,5000-19999,2025-03-28 16:55:03
HULL COLLEGE GROUP,85310,18.7,15.9,38.2,28.5,15.6,18.9,35.8,64.2,32.7,67.3,41.3,58.7,49.2,50.8,1000-4999,2025-04-02 11:18:44
NORTH EAST LINCOLNSHIRE COUNCIL,84110,19.8,16.4,41.3,29.7,9.7,12.1,31.6,68.4,29.8,70.2,37.5,62.5,53.9,46.1,1000-4999,2025-03-30 14:33:27
SOUTHEND-ON-SEA CITY COUNCIL,84110,21.3,18.7,43.5,31.2,10.4,13.8,29.7,70.3,27.9,72.1,38.6,61.4,56.2,43.8,5000-19999,2025-04-03 10:45:12
WAKEFIELD COLLEGE,85310,16.9,14.2,32.8,24.1,13.7,16.4,39.2,60.8,34.5,65.5,43.1,56.9,51.3,48.7,1000-4999,2025-04-01 13:27:58
BRADFORD COLLEGE,85310,20.1,17.5,39.7,28.9,14.2,17.6,33.4,66.6,30.8,69.2,40.7,59.3,54.1,45.9,1000-4999,2025-04-02 15:19:33
LEEDS CITY COLLEGE,85310,17.3,14.8,35.2,26.7,12.9,15.8,37.1,62.9,33.6,66.4,42.3,57.7,52.8,47.2,5000-19999,2025-04-04 09:08:21
DONCASTER METROPOLITAN BOROUGH COUNCIL,84110,23.7,20.4,47.2,34.8,11.3,14.7,26.8,73.2,28.5,71.5,36.9,63.1,58.4,41.6,5000-19999,2025-03-29 12:44:55
BARNET & SOUTHGATE COLLEGE,85310,15.4,12.7,29.5,21.8,16.1,19.3,41.7,58.3,35.2,64.8,44.6,55.4,50.9,49.1,250-499,2025-04-01 16:52:38
WEST COLLEGE SCOTLAND,85310,19.6,16.8,37.4,27.3,13.5,16.2,34.9,65.1,31.4,68.6,39.8,60.2,55.7,44.3,1000-4999,2025-04-03 14:21:07
GLASGOW CLYDE COLLEGE,85310,18.2,15.1,36.8,26.4,14.7,17.9,36.2,63.8,33.1,66.9,41.5,58.5,53.4,46.6,1000-4999,2025-04-02 11:55:23
CITY OF GLASGOW COLLEGE,85310,17.8,14.9,34.1,25.6,15.3,18.7,37.5,62.5,32.8,67.2,42.7,57.3,52.1,47.9,5000-19999,2025-04-04 12:33:44
NORTH AYRSHIRE COUNCIL,84110,24.1,21.3,48.6,35.2,10.8,13.9,25.4,74.6,27.2,72.8,35.7,64.3,59.1,40.9,1000-4999,2025-03-31 09:17:28
FALKIRK COUNCIL,84110,22.8,19.7,46.3,33.5,9.6,12.4,27.9,72.1,29.6,70.4,37.2,62.8,57.3,42.7,1000-4999,2025-04-01 15:48:12
WEST DUNBARTONSHIRE COUNCIL,84110,23.5,20.6,47.9,34.1,11.2,14.5,26.7,73.3,28.1,71.9,36.4,63.6,58.7,41.3,1000-4999,2025-04-02 13:29:45
EAST AYRSHIRE COUNCIL,84110,21.9,18.8,44.7,32.4,10.1,13.2,28.3,71.7,30.5,69.5,38.9,61.1,56.2,43.8,1000-4999,2025-03-30 11:22:19
SOUTH LANARKSHIRE COUNCIL,84110,25.3,22.1,49.8,36.7,12.4,15.8,24.6,75.4,26.8,73.2,34.5,65.5,60.1,39.9,20000+,2025-03-29 16:15:37
NORTH LANARKSHIRE COUNCIL,84110,24.7,21.5,48.2,35.9,11.7,15.1,25.2,74.8,27.3,72.7,35.8,64.2,59.3,40.7,20000+,2025-04-03 10:38:22
FIFE COUNCIL,84110,23.2,20.3,46.8,34.2,10.9,14.1,26.1,73.9,28.7,71.3,37.1,62.9,58.1,41.9,20000+,2025-04-01 14:07:55
ABERDEEN CITY COUNCIL,84110,22.6,19.4,45.3,33.1,9.8,12.7,27.5,72.5,29.4,70.6,38.2,61.8,57.9,42.1,10000-19999,2025-04-02 16:44:18
DUNDEE CITY COUNCIL,84110,21.8,18.5,43.9,31.8,10.5,13.6,29.2,70.8,31.1,68.9,39.5,60.5,56.3,43.7,5000-19999,2025-03-31 12:51:29
PERTH & KINROSS COUNCIL,84110,20.7,17.9,42.1,30.5,11.3,14.8,30.4,69.6,32.7,67.3,40.8,59.2,54.6,45.4,5000-19999,2025-04-04 09:26:33
STIRLING COUNCIL,84110,19.4,16.6,40.8,29.2,12.1,15.9,31.7,68.3,33.9,66.1,42.1,57.9,53.2,46.8,2500-4999,2025-04-01 11:33:47
ARGYLL & BUTE COUNCIL,84110,22.1,19.2,44.6,32.7,10.7,13.9,28.6,71.4,30.2,69.8,37.5,62.5,57.1,42.9,1000-4999,2025-03-30 15:18:22
SCOTTISH BORDERS COUNCIL,84110,21.5,18.3,43.2,31.4,11.6,15.2,29.8,70.2,31.7,68.3,38.9,61.1,55.8,44.2,5000-19999,2025-04-03 13:42:56
MIDLOTHIAN COUNCIL,84110,20.9,17.7,41.8,30.1,12.4,16.1,30.5,69.5,32.9,67.1,41.2,58.8,54.3,45.7,2500-4999,2025-04-02 10:19:34
EAST LOTHIAN COUNCIL,84110,19.6,16.8,39.5,28.7,13.2,17.4,32.1,67.9,34.6,65.4,42.8,57.2,52.7,47.3,2500-4999,2025-04-01 16:08:11
WEST LOTHIAN COUNCIL,84110,23.8,20.9,47.1,34.6,11.5,14.9,26.3,73.7,28.9,71.1,36.7,63.3,58.9,41.1,10000-19999,2025-03-29 14:55:28
CLACKMANNANSHIRE COUNCIL,84110,24.5,21.2,48.3,35.1,12.1,15.6,25.7,74.3,27.6,72.4,35.2,64.8,59.4,40.6,1000-4999,2025-04-04 11:17:45
MORAY COUNCIL,84110,21.2,18.4,42.7,31.2,10.9,14.3,29.5,70.5,31.8,68.2,39.1,60.9,56.4,43.6,2500-4999,2025-03-31 10:22:19
ANGUS COUNCIL,84110,20.3,17.5,41.3,29.8,11.7,15.4,30.8,69.2,33.2,66.8,41.5,58.5,54.9,45.1,2500-4999,2025-04-02 15:03:44
EAST DUNBARTONSHIRE COUNCIL,84110,18.7,15.9,38.2,27.5,13.4,17.8,33.6,66.4,35.1,64.9,43.2,56.8,51.8,48.2,2500-4999,2025-04-01 12:48:27
INVERCLYDE COUNCIL,84110,23.1,20.0,46.5,33.8,10.3,13.5,27.4,72.6,29.1,70.9,37.6,62.4,57.7,42.3,1000-4999,2025-03-30 13:35:52
RENFREWSHIRE COUNCIL,84110,22.4,19.2,45.1,32.6,11.8,15.3,28.2,71.8,30.7,69.3,38.4,61.6,56.5,43.5,5000-19999,2025-04-03 16:21:08
EAST RENFREWSHIRE COUNCIL,84110,19.1,16.3,39.7,28.4,12.6,16.5,31.9,68.1,34.2,65.8,42.6,57.4,52.1,47.9,2500-4999,2025-04-04 10:09:31
SHETLAND ISLANDS COUNCIL,84110,20.5,17.6,40.9,29.3,13.1,17.2,31.2,68.8,33.7,66.3,41.8,58.2,53.6,46.4,1000-4999,2025-04-02 14:52:17
ORKNEY ISLANDS COUNCIL,84110,19.8,16.9,39.4,28.1,14.5,18.9,32.4,67.6,34.8,65.2,43.1,56.9,51.7,48.3,1000-4999,2025-03-29 11:44:33
NORTHERN LIGHTHOUSE BOARD,84210,15.2,12.4,28.7,20.3,18.6,22.1,44.3,55.7,41.2,58.8,48.5,51.5,49.8,50.2,250-499,2025-04-01 15:15:44
SCOTTISH AGRICULTURAL COLLEGE,85310,16.8,14.1,33.5,24.8,16.3,19.7,38.9,61.1,36.4,63.6,45.2,54.8,50.6,49.4,1000-4999,2025-04-03 12:28:55
GLASGOW KELVIN COLLEGE,85310,17.5,14.6,35.7,26.2,15.8,19.1,37.2,62.8,34.7,65.3,43.6,56.4,51.9,48.1,500-999,2025-04-02 11:07:22
NEW COLLEGE LANARKSHIRE,85310,18.9,16.2,37.4,27.5,14.6,17.8,35.6,64.4,32.9,67.1,42.1,57.9,53.2,46.8,1000-4999,2025-04-04 13:51:18
AYRSHIRE COLLEGE,85310,19.3,16.5,38.1,28.2,13.9,17.2,34.8,65.2,33.5,66.5,41.7,58.3,54.1,45.9,1000-4999,2025-03-31 09:33:29
DUMFRIES & GALLOWAY COLLEGE,85310,18.6,15.7,36.9,27.1,15.2,18.6,36.1,63.9,34.2,65.8,42.9,57.1,52.3,47.7,500-999,2025-04-01 10:44:51
BORDERS COLLEGE,85310,17.2,14.5,34.6,25.3,16.7,20.1,38.5,61.5,35.8,64.2,44.1,55.9,50.7,49.3,250-499,2025-04-03 15:27:36
Barclays Bank UK PLC,64191,32.1,28.5,68.2,45.7,78.9,65.4,31.2,68.8,28.4,71.6,35.7,64.3,62.1,37.9,5000+,2025-04-05 09:12:33
Tesco Stores Limited,47110,8.2,5.1,22.4,18.9,41.2,38.7,45.8,54.2,42.3,57.7,48.1,51.9,55.4,44.6,5000+,2025-04-06 11:23:45
NHS England,86101,15.7,12.3,41.8,35.2,52.6,48.9,38.5,61.5,35.2,64.8,42.1,57.9,48.7,51.3,5000+,2025-04-07 14:56:12
BP Oil UK Limited,19201,28.4,24.7,59.3,48.6,71.5,58.2,29.3,70.7,31.8,68.2,39.4,60.6,68.9,31.1,5000+,2025-04-08 16:34:28
Sainsbury's Supermarkets Ltd,47110,11.5,7.8,31.2,24.6,48.3,42.1,41.7,58.3,39.5,60.5,44.2,55.8,52.6,47.4,5000+,2025-04-09 08:45:11
HSBC UK Bank PLC,64191,35.8,31.2,72.5,56.8,82.1,68.7,28.4,71.6,25.7,74.3,32.9,67.1,69.5,30.5,5000+,2025-04-10 10:22:44
Amazon UK Services Ltd,47910,18.9,14.2,45.7,38.4,58.2,51.3,52.1,47.9,49.6,50.4,54.8,45.2,61.3,38.7,5000+,2025-04-11 13:11:55
Asda Stores Limited,47110,13.7,9.4,35.8,28.1,51.7,45.2,43.9,56.1,41.3,58.7,46.8,53.2,54.9,45.1,5000+,2025-04-12 15:47:22
Royal Mail Group PLC,53201,22.1,18.5,48.9,41.2,62.3,54.7,48.2,51.8,45.7,54.3,51.4,48.6,64.8,35.2,5000+,2025-04-13 07:28:33
Morrisons Supermarkets PLC,47110,14.2,10.1,37.5,29.8,53.1,46.8,42.4,57.6,40.1,59.9,47.3,52.7,56.2,43.8,5000+,2025-04-14 09:15:44
Lloyds Banking Group PLC,64191,33.7,29.8,69.4,52.1,79.6,66.2,29.7,70.3,27.2,72.8,34.5,65.5,67.8,32.2,5000+,2025-04-15 11:52:17
AstraZeneca UK Limited,21200,26.3,22.8,56.7,43.2,68.9,55.4,32.1,67.9,35.4,64.6,41.7,58.3,65.2,34.8,5000+,2025-04-16 14:39:28
Marks and Spencer PLC,47110,16.8,12.9,41.3,33.7,55.8,48.2,39.7,60.3,37.4,62.6,44.1,55.9,58.6,41.4,5000+,2025-04-17 16:24:51
National Grid PLC,35110,24.5,20.7,52.8,44.1,65.7,57.3,35.4,64.6,38.2,61.8,45.9,54.1,62.8,37.2,5000+,2025-04-18 08:11:02
BT Group PLC,61900,27.2,23.4,58.1,46.7,70.4,58.9,33.8,66.2,36.1,63.9,43.5,56.5,64.7,35.3,5000+,2025-04-19 10:48:33
Rolls-Royce PLC,30300,29.8,25.3,61.7,49.8,73.2,61.5,30.5,69.5,33.7,66.3,40.2,59.8,67.4,32.6,5000+,2025-04-20 13:35:44
Vodafone Limited,61900,25.7,21.9,54.3,42.8,67.1,55.8,34.6,65.4,37.3,62.7,44.8,55.2,63.5,36.5,5000+,2025-04-21 15:22:15
Shell UK Limited,19201,31.4,27.6,66.8,51.4,76.3,63.7,27.9,72.1,30.4,69.6,36.8,63.2,70.1,29.9,5000+,2025-04-22 07:53:26
Walmart UK Limited,47110,12.4,8.7,34.1,26.8,50.4,43.9,42.8,57.2,40.5,59.5,47.1,52.9,55.3,44.7,5000+,2025-04-23 09:41:37
Unilever UK Limited,10890,19.6,15.8,46.2,37.9,59.7,51.4,37.2,62.8,40.5,59.5,47.3,52.7,60.8,39.2,5000+,2025-04-24 12:18:48
GlaxoSmithKline PLC,21200,24.8,20.9,53.4,44.7,66.8,58.1,33.7,66.3,36.9,63.1,44.2,55.8,63.4,36.6,5000+,2025-04-25 14:55:59
British Airways PLC,51101,21.3,17.6,49.5,40.8,63.1,55.4,46.7,53.3,44.2,55.8,51.9,48.1,62.5,37.5,5000+,2025-04-26 16:32:11
J Sainsbury PLC,47110,13.1,9.6,36.4,28.9,52.7,46.1,41.3,58.7,39.8,60.2,46.4,53.6,55.8,44.2,5000+,2025-04-27 08:19:22
Next PLC,47710,17.5,13.7,42.8,34.2,57.3,49.6,38.4,61.6,36.1,63.9,45.7,54.3,59.2,40.8,5000+,2025-04-28 10:57:33
Tesco PLC,47110,9.7,6.3,24.1,19.8,43.5,39.2,44.6,55.4,42.1,57.9,47.3,52.7,54.8,45.2,5000+,2025-04-29 13:44:44
John Lewis PLC,47990,15.2,11.8,38.7,30.4,54.9,47.2,40.1,59.9,37.8,62.2,48.5,51.5,57.3,42.7,5000+,2025-04-30 15:31:55
Aviva PLC,65120,30.1,26.4,64.2,48.9,74.6,62.1,28.7,71.3,31.5,68.5,37.4,62.6,68.7,31.3,5000+,2025-05-01 07:12:06
RBS PLC,64191,34.2,30.5,70.8,54.3,81.2,67.8,27.3,72.7,29.8,70.2,35.1,64.9,69.4,30.6,5000+,2025-05-02 09:58:17
Diageo PLC,11050,23.7,19.8,51.6,42.3,65.4,56.9,36.2,63.8,39.1,60.9,46.7,53.3,62.1,37.9,5000+,2025-05-03 12:35:28
BSkyB Limited,61300,26.8,22.9,57.3,45.1,69.8,57.5,34.1,65.9,36.8,63.2,43.9,56.1,64.2,35.8,5000+,2025-05-04 14:22:39
Network Rail Limited,52210,25.4,21.6,55.7,43.8,68.2,56.7,35.8,64.2,38.4,61.6,45.3,54.7,63.9,36.1,5000+,2025-05-05 16:09:50
BAE Systems PLC,25110,28.9,24.1,60.5,47.2,72.8,60.3,31.2,68.8,34.6,65.4,41.7,58.3,66.8,33.2,5000+,2025-05-06 08:46:01
WPP Group PLC,73110,29.6,25.8,62.1,49.7,74.3,62.8,29.5,70.5,32.7,67.3,38.9,61.1,68.2,31.8,5000+,2025-05-07 10:33:12
Centrica PLC,35230,26.1,22.3,56.8,44.5,69.1,57.6,34.7,65.3,37.5,62.5,44.6,55.4,64.1,35.9,5000+,2025-05-08 13:20:23
Compass Group PLC,56210,20.4,16.7,47.2,38.6,61.5,53.7,41.3,58.7,44.1,55.9,50.8,49.2,59.6,40.4,5000+,2025-05-09 15:07:34
Tesco Personal Finance PLC,64191,18.7,14.9,44.6,35.8,58.9,50.4,36.8,63.2,39.4,60.6,48.2,51.8,61.3,38.7,1000-4999,2025-05-10 07:48:45
Serco Limited,84230,24.3,20.5,52.9,43.6,66.7,58.2,37.1,62.9,40.3,59.7,47.5,52.5,61.8,38.2,5000+,2025-05-11 09:34:56
Capita PLC,82200,27.5,23.7,58.9,46.3,70.8,59.5,32.6,67.4,35.8,64.2,43.1,56.9,65.7,34.3,5000+,2025-05-12 12:11:07
G4S PLC,80100,23.8,19.9,53.1,43.8,67.2,58.6,38.4,61.6,41.7,58.3,48.9,51.1,62.4,37.6,5000+,2025-05-13 14:58:18
Atkins Limited,71111,25.9,22.1,56.2,44.9,68.5,57.1,33.9,66.1,36.7,63.3,45.2,54.8,64.6,35.4,5000+,2025-05-14 16:45:29
Mitie Group PLC,81210,21.6,17.8,48.7,39.5,62.8,54.3,40.2,59.8,43.1,56.9,49.6,50.4,60.7,39.3,5000+,2025-05-15 08:22:30
KPMG UK LLP,69201,31.7,28.0,67.4,52.1,77.8,65.2,26.8,73.2,29.4,70.6,36.2,63.8,69.8,30.2,5000+,2025-05-16 10:09:41
PwC LLP,69201,32.4,28.7,68.9,53.6,79.1,66.5,25.9,74.1,28.7,71.3,35.4,64.6,70.5,29.5,5000+,2025-05-17 12:56:52
Deloitte LLP,69201,31.1,27.5,66.1,50.8,76.4,64.7,27.6,72.4,30.2,69.8,37.1,62.9,68.9,31.1,5000+,2025-05-18 14:43:03
THAMES WATER UTILITIES LIMITED,36000,22.3,18.7,65.2,45.8,78.5,71.2,42.1,57.9,38.5,61.5,55.3,44.7,68.9,31.1,10000+,2025-04-05 09:22:15
BRITISH AIRWAYS PLC,51101,31.5,25.2,82.4,67.3,89.2,85.7,35.8,64.2,28.7,71.3,48.2,51.8,72.5,27.5,10000+,2025-04-06 16:45:33
TESCO STORES LIMITED,47110,12.8,8.4,28.9,15.6,45.7,41.2,48.3,51.7,44.2,55.8,52.1,47.9,61.4,38.6,10000+,2025-04-07 11:18:22
NATIONAL GRID PLC,35110,19.7,16.3,58.7,42.1,71.8,68.5,39.4,60.6,41.7,58.3,58.9,41.1,74.2,25.8,10000+,2025-04-08 13:27:44
BP OIL UK LIMITED,19201,26.8,22.1,74.5,58.9,82.3,79.1,31.5,68.5,29.4,70.6,46.8,53.2,69.7,30.3,10000+,2025-04-09 10:55:12
BARCLAYS BANK PLC,64191,34.2,28.7,78.9,65.4,85.7,82.3,28.1,71.9,24.6,75.4,42.3,57.7,71.8,28.2,10000+,2025-04-10 14:33:29
J SAINSBURY PLC,47110,15.6,11.2,32.7,19.8,48.9,44.5,45.2,54.8,41.3,58.7,49.6,50.4,58.7,41.3,10000+,2025-04-11 09:12:47
UNILEVER UK LIMITED,10890,18.4,14.9,52.3,38.7,66.2,62.8,37.9,62.1,40.5,59.5,56.2,43.8,73.1,26.9,10000+,2025-04-12 15:48:55
VODAFONE GROUP PLC,61100,24.7,20.3,68.5,52.1,76.9,73.4,33.2,66.8,30.8,69.2,47.5,52.5,68.3,31.7,10000+,2025-04-13 12:21:38
ROYAL MAIL PLC,53100,21.9,17.6,61.2,44.7,73.5,70.1,38.7,61.3,36.4,63.6,53.8,46.2,71.5,28.5,10000+,2025-04-14 08:39:22
HSBC BANK PLC,64191,32.8,27.5,76.3,63.8,84.2,81.7,29.4,70.6,25.9,74.1,43.7,56.3,72.4,27.6,10000+,2025-04-15 16:17:49
LLOYDS BANK PLC,64191,30.1,25.7,73.8,61.2,82.5,79.8,31.7,68.3,28.3,71.7,45.2,54.8,70.9,29.1,10000+,2025-04-16 11:52:33
MARKS & SPENCER PLC,47110,17.2,13.6,45.8,31.4,59.7,56.2,41.5,58.5,38.9,61.1,51.4,48.6,67.8,32.2,10000+,2025-04-17 13:44:28
ROLLS-ROYCE PLC,30300,28.5,23.8,71.9,58.2,80.4,77.6,32.6,67.4,30.1,69.9,46.7,53.3,69.2,30.8,10000+,2025-04-18 09:28:15
BT GROUP PLC,61100,23.2,19.1,64.7,48.3,75.1,71.8,36.5,63.5,34.2,65.8,52.1,47.9,70.3,29.7,10000+,2025-04-19 15:13:52
SHELL UK LIMITED,19201,25.9,21.4,72.1,56.8,81.7,78.9,33.8,66.2,31.5,68.5,48.3,51.7,68.9,31.1,10000+,2025-04-20 10:37:41
ASTON MARTIN LAGONDA LIMITED,29100,35.7,29.2,79.4,66.8,86.3,83.5,27.9,72.1,24.7,75.3,41.8,58.2,73.6,26.4,1000-4999,2025-04-21 14:56:22
MCLAREN AUTOMOTIVE LIMITED,29100,33.4,28.1,77.2,64.5,84.9,82.1,30.2,69.8,27.6,72.4,44.1,55.9,71.7,28.3,1000-4999,2025-04-22 11:23:18
WILLIAM HILL PLC,92000,19.8,15.3,54.7,39.2,67.8,64.3,39.1,60.9,37.4,62.6,54.7,45.3,72.8,27.2,1000-4999,2025-04-23 16:48:35
W H SMITH PLC,47610,16.4,12.7,41.3,27.8,56.4,52.9,42.7,57.3,40.2,59.8,50.8,49.2,66.1,33.9,1000-4999,2025-04-24 09:15:27
JD SPORTS FASHION PLC,47610,14.2,10.5,38.7,24.1,53.2,49.8,44.5,55.5,42.1,57.9,48.3,51.7,63.9,36.1,1000-4999,2025-04-25 13:32:44
RIVER ISLAND CLOTHING CO LIMITED,47710,13.8,9.7,36.4,22.3,50.9,47.5,46.2,53.8,43.8,56.2,47.1,52.9,62.4,37.6,1000-4999,2025-04-26 10:58:12
MONSOON ACCESSORIZE LIMITED,47710,15.6,11.4,42.8,28.9,57.3,53.7,43.9,56.1,41.5,58.5,49.2,50.8,65.7,34.3,1000-4999,2025-04-27 15:41:33
HARVEY NICHOLS & CO LTD,47710,22.7,18.5,62.3,47.8,74.2,70.9,36.8,63.2,34.5,65.5,51.7,48.3,69.8,30.2,500-999,2025-04-28 12:14:28
SELFRIDGES RETAIL LIMITED,47710,20.1,16.2,57.9,43.2,70.1,66.8,38.4,61.6,36.7,63.3,53.4,46.6,68.5,31.5,500-999,2025-04-29 08:27:15
FORTNUM & MASON PLC,47220,18.9,14.6,53.1,38.4,65.7,62.1,40.2,59.8,38.9,61.1,52.6,47.4,67.3,32.7,500-999,2025-04-30 16:52:33
PRET A MANGER LIMITED,56101,11.2,7.8,31.5,18.7,47.2,43.8,48.9,51.1,46.3,53.7,45.7,54.3,59.8,40.2,500-999,2025-05-01 11:38:44
COSTA LIMITED,56102,12.7,8.9,34.2,21.5,49.8,46.4,47.1,52.9,44.8,55.2,46.9,53.1,61.2,38.8,500-999,2025-05-02 14:19:22
GREGGS PLC,47230,10.4,7.1,28.9,16.2,44.5,41.1,49.7,50.3,47.5,52.5,46.3,53.7,58.4,41.6,1000-4999,2025-05-03 09:47:55
BOOTS UK LIMITED,47730,16.8,12.5,46.3,32.7,60.1,56.8,42.6,57.4,40.3,59.7,49.7,50.3,64.2,35.8,10000+,2025-05-04 15:24:11
SUPERDRUG STORES PLC,47730,17.5,13.2,48.7,35.1,62.4,59.1,41.8,58.2,39.5,60.5,50.3,49.7,65.1,34.9,1000-4999,2025-05-05 12:03:28
HALFORDS LIMITED,45320,21.3,17.1,59.2,44.6,71.8,68.5,37.2,62.8,35.9,64.1,52.4,47.6,69.7,30.3,500-999,2025-05-06 16:41:15
ARGOS LIMITED,47910,19.6,15.4,55.8,41.3,68.9,65.6,39.5,60.5,37.8,62.2,51.7,48.3,67.4,32.6,10000+,2025-05-07 10:29:52
B&Q PLC,47520,18.2,14.1,51.7,37.2,64.3,61.0,41.3,58.7,39.7,60.3,50.2,49.8,66.1,33.9,10000+,2025-05-08 13:58:27
HOMEBASE LIMITED,47520,19.4,15.3,54.1,39.8,66.7,63.4,40.1,59.9,38.6,61.4,51.3,48.7,65.8,34.2,1000-4999,2025-05-09 09:14:33
CURRYS PLC,47300,20.7,16.5,57.3,42.9,69.5,66.2,38.7,61.3,36.9,63.1,52.8,47.2,68.3,31.7,10000+,2025-05-10 15:37:18
JOHN LEWIS PLC,47710,17.9,13.8,49.6,35.2,63.1,59.8,42.1,57.9,40.5,59.5,49.8,50.2,64.7,35.3,10000+,2025-05-11 11:51:44
WAITROSE LIMITED,47110,16.3,12.2,45.2,30.8,58.9,55.6,43.7,56.3,41.9,58.1,48.6,51.4,63.2,36.8,10000+,2025-05-12 14:26:29
SAINSBURY'S SUPERMARKETS LTD,47110,15.8,11.7,43.9,29.5,57.4,54.1,44.2,55.8,42.6,57.4,47.9,52.1,62.7,37.3,10000+,2025-05-13 08:33:52
MORRISONS SUPERMARKETS PLC,47110,16.1,11.9,44.7,30.6,58.2,54.9,43.9,56.1,42.3,57.7,48.2,51.8,63.1,36.9,10000+,2025-05-14 16:19:27
ASDA STORES LIMITED,47110,14.7,10.8,41.3,27.1,55.6,52.3,45.1,54.9,43.7,56.3,46.8,53.2,61.4,38.6,10000+,2025-05-15 12:45:11
ALDI STORES LIMITED,47110,13.2,9.5,37.8,23.6,52.1,48.8,46.8,53.2,45.2,54.8,45.3,54.7,59.7,40.3,10000+,2025-05-16 10:12:38
LIDL UK GMBH,47110,14.5,10.6,40.9,26.8,55.1,51.8,45.3,54.7,43.9,56.1,46.5,53.5,60.8,39.2,10000+,2025-05-17 13:54:22
ICELAND FOODS LIMITED,47110,15.9,11.8,44.1,29.9,57.7,54.4,44.6,55.4,42.8,57.2,48.1,51.9,62.4,37.6,1000-4999,2025-05-18 09:28:15
CO-OP FOOD LIMITED,47110,16.7,12.5,46.8,32.4,60.3,57.0,43.2,56.8,41.6,58.4,49.3,50.7,63.8,36.2,1000-4999,2025-05-19 15:41:33
MARKS & SPENCER FOOD LIMITED,47110,17.3,13.1,48.2,33.9,61.5,58.2,42.5,57.5,40.9,59.1,49.7,50.3,64.2,35.8,10000+,2025-05-20 11:17:47
BARKER AND STONEHOUSE LIMITED,47599,12.8,9.2,28.4,15.7,31.2,29.8,42.3,57.7,38.5,61.5,45.2,54.8,52.1,47.9,1000-4999,2025-04-08 09:15:22
HULL CITY COUNCIL,84110,14.2,11.5,22.1,18.9,28.4,26.7,39.8,60.2,36.4,63.6,41.7,58.3,49.3,50.7,500-999,2025-04-07 11:22:45
WRENCH AND COCHRANE LIMITED,71111,18.9,16.3,35.7,28.2,41.5,38.9,34.2,65.8,32.1,67.9,38.6,61.4,48.7,51.3,250-499,2025-04-05 14:30:12
STARBUCKS UK LIMITED,56102,8.1,4.7,19.3,12.8,22.7,20.1,48.3,51.7,46.9,53.1,49.2,50.8,52.4,47.6,5000-19999,2025-04-09 16:45:33
THE ROYAL OPERA HOUSE,90010,22.6,19.8,48.2,35.1,52.8,49.3,28.5,71.5,25.7,74.3,31.4,68.6,44.2,55.8,250-499,2025-04-06 12:18:27
BENEDICTINE COLLEGE,85310,13.7,10.9,31.5,24.2,35.8,32.4,37.6,62.4,34.2,65.8,39.1,60.9,46.8,53.2,100-249,2025-04-04 10:55:18
MCDONALDS UK LIMITED,56101,6.2,3.1,15.7,9.4,18.9,16.2,51.8,48.2,50.3,49.7,52.1,47.9,54.6,45.4,20000+,2025-04-08 08:42:55
THE CO-OPERATIVE GROUP LIMITED,47110,11.4,8.6,26.3,19.7,29.8,27.5,44.7,55.3,42.1,57.9,46.3,53.7,50.9,49.1,5000-19999,2025-04-07 13:28:19
BRITISH AIRWAYS PLC,51101,15.8,12.4,42.1,31.5,48.6,44.2,32.9,67.1,29.7,70.3,35.4,64.6,47.8,52.2,5000-19999,2025-04-05 15:33:44
UNIVERSITY OF CAMBRIDGE,85310,19.2,16.7,45.8,33.2,50.1,46.7,30.4,69.6,27.8,72.2,33.5,66.5,46.1,53.9,1000-4999,2025-04-06 09:20:11
TESCO STORES LIMITED,47110,9.7,6.8,23.1,16.5,26.4,24.2,47.2,52.8,45.6,54.4,48.3,51.7,51.8,48.2,20000+,2025-04-09 11:17:38
NATIONAL TRUST,91030,16.5,13.8,38.7,27.4,43.2,39.8,35.1,64.9,32.6,67.4,37.9,62.1,49.3,50.7,1000-4999,2025-04-08 14:52:29
BOOTS UK LIMITED,47730,13.9,11.2,32.6,23.8,36.9,33.7,38.4,61.6,35.7,64.3,40.2,59.8,48.5,51.5,5000-19999,2025-04-04 16:09:43
ROLLS-ROYCE PLC,30300,24.1,21.3,52.7,39.8,56.4,52.9,26.7,73.3,24.1,75.9,28.9,71.1,42.5,57.5,5000-19999,2025-04-07 12:41:57
LONDON UNDERGROUND LIMITED,49311,17.3,14.6,41.2,29.7,45.8,42.1,33.8,66.2,31.2,68.8,36.4,63.6,48.2,51.8,1000-4999,2025-04-05 18:25:33
HARRODS LIMITED,47770,21.8,18.9,46.3,34.1,50.7,47.2,29.5,70.5,26.9,73.1,32.8,67.2,45.7,54.3,1000-4999,2025-04-06 13:37:48
BBC,60100,14.6,11.9,34.8,25.3,38.7,35.9,36.7,63.3,34.1,65.9,39.4,60.6,47.5,52.5,5000-19999,2025-04-09 09:54:12
JOHN LEWIS PLC,47190,12.1,9.3,29.7,21.4,33.2,30.6,41.5,58.5,39.2,60.8,43.7,56.3,50.1,49.9,1000-4999,2025-04-08 11:28:45
NORTHERN IRELAND CIVIL SERVICE,84110,15.9,13.2,37.4,26.8,41.7,38.5,34.6,65.4,31.9,68.1,37.2,62.8,48.9,51.1,1000-4999,2025-04-07 15:17:22
ROYAL MAIL PLC,53100,16.7,14.1,39.2,28.5,43.6,40.4,33.1,66.9,30.4,69.6,36.8,63.2,48.3,51.7,5000-19999,2025-04-05 10:42:58
BARCLAYS BANK PLC,64110,23.4,20.6,51.8,38.2,55.1,51.7,27.3,72.7,24.8,75.2,30.5,69.5,43.2,56.8,5000-19999,2025-04-06 16:58:31
SAINSBURYS LIMITED,47110,10.8,8.1,27.5,19.2,31.4,28.7,43.9,56.1,41.6,58.4,45.8,54.2,50.6,49.4,20000+,2025-04-09 12:33:17
BRITISH GAS LIMITED,35230,19.5,16.8,47.1,34.6,51.3,47.9,31.2,68.8,28.6,71.4,34.7,65.3,46.4,53.6,5000-19999,2025-04-08 13:19:44
VIRGIN MEDIA LIMITED,61100,18.2,15.5,44.3,32.1,48.7,45.2,32.5,67.5,29.8,70.2,35.9,64.1,47.1,52.9,1000-4999,2025-04-07 14:06:29
UNIVERSITY OF OXFORD,85310,20.7,18.1,49.6,36.8,53.2,49.7,28.9,71.1,26.3,73.7,31.8,68.2,44.6,55.4,1000-4999,2025-04-05 17:41:22
ASDA STORES LIMITED,47110,11.6,8.9,30.1,21.7,34.2,31.5,40.7,59.3,38.4,61.6,42.9,57.1,49.3,50.7,20000+,2025-04-06 11:52:37
HSBC BANK PLC,64110,22.8,19.9,50.4,37.1,54.2,50.8,27.8,72.2,25.3,74.7,31.1,68.9,43.7,56.3,5000-19999,2025-04-09 10:48:55
LLOYDS BANK PLC,64110,21.3,18.6,48.7,35.4,52.9,49.3,29.1,70.9,26.5,73.5,32.8,67.2,45.1,54.9,5000-19999,2025-04-08 15:27:11
NATIONWIDE BUILDING SOCIETY,64110,19.7,17.0,46.2,33.8,50.1,46.8,30.6,69.4,28.0,72.0,34.5,65.5,46.8,53.2,5000-19999,2025-04-07 16:14:38
MARKS AND SPENCER PLC,47110,13.2,10.5,33.9,24.6,38.1,34.9,37.8,62.2,35.4,64.6,40.7,59.3,48.2,51.8,5000-19999,2025-04-05 12:35:49
THE CO-OPERATIVE BANK PLC,64110,20.5,17.8,47.9,35.1,51.6,48.2,29.7,70.3,27.1,72.9,33.4,66.6,45.8,54.2,1000-4999,2025-04-06 14:22:14
THAMES WATER UTILITIES LIMITED,36000,18.9,16.2,45.1,32.7,49.3,46.1,31.8,68.2,29.2,70.8,35.4,64.6,47.3,52.7,1000-4999,2025-04-09 13:15:28
BRITISH TELECOMMUNICATIONS PLC,61100,17.4,14.7,42.8,30.5,46.9,43.7,33.2,66.8,30.6,69.4,36.8,63.2,48.1,51.9,5000-19999,2025-04-08 12:08:33
EASYJET AIRLINE COMPANY LIMITED,51102,25.7,22.9,54.6,41.2,58.1,54.7,25.1,74.9,22.6,77.4,28.3,71.7,41.2,58.8,1000-4999,2025-04-07 17:59:47
WICKES BUILDING SUPPLIES LIMITED,47520,14.8,12.1,36.2,26.4,40.5,37.3,36.3,63.7,33.8,66.2,38.9,61.1,47.6,52.4,1000-4999,2025-04-05 15:44:21
ARGOS LIMITED,47190,12.7,9.9,31.5,22.8,35.8,32.6,39.4,60.6,37.1,62.9,41.6,58.4,49.0,51.0,5000-19999,2025-04-06 16:31:52
BUPA INSURANCE LIMITED,65120,21.6,18.9,49.3,36.7,52.8,49.4,28.5,71.5,25.9,74.1,32.2,67.8,45.3,54.7,1000-4999,2025-04-09 14:27:18
COSTA LIMITED,56102,10.3,7.6,26.8,18.1,30.5,27.9,44.6,55.4,42.3,57.7,46.7,53.3,51.2,48.8,5000-19999,2025-04-08 11:03:44
KFC UK LIMITED,56101,9.1,6.4,24.2,15.9,28.1,25.3,46.8,53.2,45.1,54.9,47.9,52.1,52.7,47.3,5000-19999,2025-04-07 13:51:29
PIZZA HUT UK LIMITED,56101,11.9,9.2,30.6,21.3,34.9,31.7,41.2,58.8,38.9,61.1,43.5,56.5,49.7,50.3,5000-19999,2025-04-05 18:09:55
WATERSTONES BOOKSELLERS LIMITED,47610,15.3,12.6,37.8,27.2,42.1,38.9,35.7,64.3,33.1,66.9,38.4,61.6,48.0,52.0,1000-4999,2025-04-06 12:47:38
O2 UK LIMITED,61100,19.1,16.4,46.5,34.1,50.7,47.3,31.4,68.6,28.8,71.2,35.0,65.0,46.5,53.5,5000-19999,2025-04-09 15:38:22
VODAFONE UK LIMITED,61100,20.3,17.6,48.1,35.7,52.4,49.0,30.1,69.9,27.5,72.5,33.8,66.2,45.9,54.1,5000-19999,2025-04-08 14:25:47
THREE UK LIMITED,61100,18.7,16.0,45.4,33.0,49.6,46.4,32.0,68.0,29.4,70.6,35.7,64.3,47.2,52.8,1000-4999,2025-04-07 15:12:14
EE LIMITED,61100,19.9,17.2,47.6,35.2,51.9,48.5,29.3,70.7,26.7,73.3,32.9,67.1,45.6,54.4,5000-19999,2025-04-05 16:58:33
SKY UK LIMITED,61100,17.6,14.9,43.2,31.8,47.5,44.1,33.8,66.2,31.2,68.8,37.4,62.6,48.7,51.3,5000-19999,2025-04-06 13:29:41
BRITISH MUSEUM,91020,18.4,15.7,44.7,32.5,48.9,45.5,31.6,68.4,29.0,71.0,35.8,64.2,47.1,52.9,1000-4999,2025-04-09 11:44:25
TATE GALLERY,91030,19.6,16.9,46.8,34.4,51.0,47.6,30.2,69.8,27.6,72.4,34.1,65.9,46.3,53.7,1000-4999,2025-04-08 16:17:52
VICTORIA AND ALBERT MUSEUM,91030,17.8,15.1,43.9,32.1,48.2,44.8,33.0,67.0,30.4,69.6,36.6,63.4,48.0,52.0,1000-4999,2025-04-07 17:03:19
NATURAL HISTORY MUSEUM,91020,16.9,14.2,42.1,30.7,46.3,43.1,34.2,65.8,31.6,68.4,37.8,62.2,48.5,51.5,1000-4999,2025-04-05 14:51:07
SCIENCE MUSEUM GROUP,91020,15.7,13.0,39.4,28.5,43.7,40.5,35.9,64.1,33.3,66.7,39.1,60.9,48.8,51.2,1000-4999,2025-04-06 15:36:44
BARKING & DAGENHAM COLLEGE,85310,14.2,11.5,28.7,15.9,31.2,28.4,42.1,57.9,38.5,61.5,45.2,54.8,52.3,47.7,1000-4999,2025-01-15 09:22:17
HAMMERSON UK LIMITED,68100,32.8,29.1,68.4,52.3,78.9,65.2,18.7,81.3,22.4,77.6,35.1,64.9,68.2,31.8,250-499,2025-02-28 16:55:42
WILKO RETAIL LIMITED,47110,8.3,2.1,22.5,8.9,12.3,10.7,48.2,51.8,46.3,53.7,49.1,50.9,52.6,47.4,5000-9999,2025-03-12 11:18:33
NATIONAL EXPRESS GROUP PLC,"49390,51101",26.7,18.9,45.2,31.8,62.1,58.3,29.4,70.6,33.7,66.3,41.2,58.8,59.5,40.5,10000+,2025-04-01 14:30:22
ST JOHN'S COLLEGE OXFORD,85310,22.1,19.4,41.3,28.7,48.6,42.1,31.2,68.8,28.9,71.1,36.5,63.5,54.7,45.3,1000-4999,2025-02-14 10:45:11
MORRISONS UTILITY SERVICES LIMITED,"35140,43210",19.5,14.2,35.8,22.1,42.7,38.9,36.8,63.2,39.1,60.9,44.3,55.7,58.2,41.8,5000-9999,2025-03-28 12:33:45
THE ROYAL OPERA HOUSE,90010,28.3,24.6,58.9,41.2,65.8,59.4,24.7,75.3,27.3,72.7,38.6,61.4,62.1,37.9,1000-4999,2025-01-30 15:20:58
BUPA DENTAL CARE LIMITED,86230,15.7,9.8,31.4,18.6,28.9,25.3,41.3,58.7,43.8,56.2,47.2,52.8,55.9,44.1,250-499,2025-02-07 09:15:44
CAMBRIDGE UNIVERSITY PRESS,58110,18.9,15.2,33.7,21.4,35.6,31.8,38.4,61.6,41.2,58.8,46.7,53.3,57.3,42.7,1000-4999,2025-03-15 16:48:29
FIRST TRANSPENNINE EXPRESS LIMITED,49100,23.4,17.8,42.1,29.3,51.2,46.8,32.6,67.4,35.9,64.1,43.7,56.3,61.5,38.5,1000-4999,2025-04-02 13:22:11
THE CO-OPERATIVE GROUP LIMITED,"47110,47190",12.6,6.3,25.8,12.1,18.7,15.2,45.3,54.7,47.8,52.2,50.4,49.6,54.1,45.9,10000+,2025-01-25 11:30:55
HARRODS LIMITED,47710,31.2,27.5,62.8,45.7,71.3,64.9,21.8,78.2,24.6,75.4,36.9,63.1,64.7,35.3,5000-9999,2025-03-20 14:17:38
SHEFFIELD TEACHING HOSPITALS NHS FOUNDATION TRUST,86101,16.3,12.7,29.5,16.8,34.2,29.7,40.1,59.9,42.6,57.4,46.8,53.2,56.4,43.6,10000+,2025-02-11 08:55:22
BARRATT DEVELOPMENTS PLC,41100,24.7,20.1,46.3,32.8,54.9,48.2,30.5,69.5,33.2,66.8,41.7,58.3,60.8,39.2,5000-9999,2025-03-05 15:42:19
THE ROYAL BRITISH LEGION,94990,13.8,8.4,26.9,14.2,22.1,18.6,43.7,56.3,46.2,53.8,49.8,50.2,55.3,44.7,1000-4999,2025-01-18 12:28:44
BOOTS UK LIMITED,47730,11.2,4.7,23.1,9.8,16.4,13.7,46.8,53.2,48.9,51.1,51.6,48.4,54.7,45.3,10000+,2025-04-05 09:33:27
UNIVERSITY OF WARWICK,85310,21.6,17.3,38.2,25.9,45.7,39.8,34.2,65.8,37.1,62.9,44.3,55.7,59.6,40.4,5000-9999,2025-02-20 16:19:52
CARPHONE WAREHOUSE LIMITED,47410,17.4,11.9,32.6,19.7,29.8,26.1,39.5,60.5,42.3,57.7,47.1,52.9,56.8,43.2,250-499,2025-03-25 10:44:33
THE NATIONAL TRUST FOR PLACES OF HISTORIC INTEREST,91020,14.9,9.2,28.1,15.4,25.7,21.8,42.6,57.4,45.1,54.9,48.7,51.3,55.2,44.8,5000-9999,2025-01-28 14:12:47
EASYJET AIRLINE COMPANY LIMITED,51102,29.8,25.3,59.2,42.6,67.5,61.8,23.4,76.6,26.7,73.3,37.8,62.2,63.4,36.6,5000-9999,2025-04-03 11:55:18
KING'S COLLEGE LONDON,85310,19.7,15.8,35.4,22.7,41.3,35.9,37.2,62.8,40.5,59.5,45.8,54.2,58.1,41.9,10000+,2025-02-15 09:48:22
TESCO STORES LIMITED,47110,10.3,3.8,21.7,8.2,15.1,12.4,47.3,52.7,49.6,50.4,52.1,47.9,55.4,44.6,10000+,2025-03-30 13:37:44
ROYAL MAIL GROUP LIMITED,53100,27.2,22.8,51.7,36.4,59.3,52.6,28.9,71.1,31.6,68.4,42.8,57.2,62.3,37.7,10000+,2025-02-05 15:28:19
BRITISH AIRWAYS PLC,51101,30.5,26.1,61.4,44.2,69.7,63.1,22.1,77.9,25.3,74.7,37.2,62.8,64.9,35.1,10000+,2025-04-07 10:22:55
LIVERPOOL CITY COUNCIL,84110,15.4,11.6,30.2,17.3,32.8,28.1,41.7,58.3,44.2,55.8,47.9,52.1,56.7,43.3,5000-9999,2025-01-22 11:17:38
J SAINSBURY PLC,47110,9.7,2.9,20.4,7.6,13.8,11.1,48.0,52.0,50.2,49.8,52.8,47.2,55.9,44.1,10000+,2025-03-18 12:44:22
UNIVERSITY OF MANCHESTER,85310,20.3,16.1,36.8,23.5,43.1,37.6,36.1,63.9,39.4,60.6,46.2,53.8,58.7,41.3,10000+,2025-02-25 14:33:17
WICKES BUILDING SUPPLIES LIMITED,47520,18.1,12.4,34.2,20.8,31.5,27.9,38.9,61.1,41.7,58.3,46.4,53.6,57.2,42.8,1000-4999,2025-03-22 09:58:44
THE ROYAL MAIL GROUP LIMITED,53100,26.8,22.1,50.3,35.7,58.6,51.9,29.5,70.5,32.3,67.7,43.1,56.9,61.7,38.3,10000+,2025-04-08 16:15:29
BIRMINGHAM CITY UNIVERSITY,85310,17.2,13.5,32.8,19.6,30.4,26.7,40.3,59.7,43.1,56.9,47.5,52.5,56.4,43.6,1000-4999,2025-01-30 13:27:51
MCDONALD'S RESTAURANTS LIMITED,56101,8.9,1.2,19.3,6.7,11.6,9.4,49.1,50.9,51.3,48.7,53.5,46.5,56.2,43.8,10000+,2025-04-04 11:42:18
THE CO-OPERATIVE BANK PLC,64191,25.6,21.2,48.7,33.9,56.8,49.7,31.4,68.6,34.7,65.3,44.9,55.1,63.2,36.8,1000-4999,2025-02-12 15:36:22
UNIVERSITY OF LEEDS,85310,19.4,15.7,35.1,22.3,40.8,35.2,37.6,62.4,40.9,59.1,45.3,54.7,58.4,41.6,10000+,2025-03-14 10:29:44
MARKS & SPENCER PLC,47190,13.7,7.1,27.4,14.8,21.3,17.9,44.2,55.8,46.9,53.1,50.1,49.9,55.6,44.4,10000+,2025-01-27 14:18:33
THE ROYAL LIVERPOOL AND BROADGREEN HOSPITAL,86101,16.8,13.1,30.8,18.2,33.7,29.1,39.8,60.2,42.5,57.5,47.2,52.8,56.9,43.1,1000-4999,2025-02-18 08:47:55
ASDA STORES LIMITED,47110,11.5,4.2,22.9,9.1,16.8,13.9,46.4,53.6,48.7,51.3,51.8,48.2,55.1,44.9,10000+,2025-03-31 12:51:22
UNIVERSITY OF BRISTOL,85310,20.8,16.5,37.2,24.1,44.3,38.7,35.8,64.2,38.6,61.4,45.9,54.1,59.2,40.8,5000-9999,2025-04-06 15:24:37
THE ROYAL ACADEMY OF MUSIC,85410,23.5,19.2,42.6,29.8,52.1,46.3,33.7,66.3,36.4,63.6,43.8,56.2,61.4,38.6,250-499,2025-02-08 11:13:29
LADBROKES CORAL GROUP LIMITED,92000,21.7,17.3,39.1,26.4,46.8,41.2,35.2,64.8,38.7,61.3,46.1,53.9,59.7,40.3,1000-4999,2025-03-19 14:08:44
THE UNIVERSITY OF SHEFFIELD,85310,18.6,14.9,34.5,21.8,39.7,34.5,38.3,61.7,41.4,58.6,46.7,53.3,57.9,42.1,10000+,2025-01-31 16:45:52
WILLIAM HILL PLC,92000,22.3,18.1,40.7,28.2,49.3,43.6,34.1,65.9,37.8,62.2,45.2,54.8,60.5,39.5,1000-4999,2025-04-09 09:37:11
THE ROYAL COLLEGE OF ART,85410,24.1,19.7,43.8,30.5,53.2,47.1,32.6,67.4,35.9,64.1,42.7,57.3,62.1,37.9,250-499,2025-02-16 13:52:28
ARGOS LIMITED,47190,12.4,5.1,24.6,10.3,18.2,14.9,45.6,54.4,47.9,52.1,50.8,49.2,55.3,44.7,10000+,2025-03-26 11:28:19
THE UNIVERSITY OF NOTTINGHAM,85310,19.1,15.3,35.7,22.9,41.6,36.2,37.9,62.1,40.7,59.3,45.6,54.4,58.3,41.7,10000+,2025-02-03 15:19:44
BETFRED GROUP LIMITED,92000,21.2,16.8,38.4,27.1,45.9,40.3,35.8,64.2,38.4,61.6,46.3,53.7,60.2,39.8,500-999,2025-04-10 12:04:33
BARKER & BROOKS LTD,64110,28.5,22.1,65.8,42.3,48.2,58.7,32.1,67.9,28.5,71.5,35.2,64.8,52.3,47.7,250-499,2025-04-05 09:12:33
THAMES WATER UTILITIES PLC,36000,26.8,18.9,58.4,35.7,52.1,61.3,29.4,70.6,31.2,68.8,38.5,61.5,49.2,50.8,1000-4999,2025-04-05 08:45:22
HARRODS LIMITED,47110,24.3,16.7,48.9,28.4,41.7,49.2,34.8,65.2,36.1,63.9,42.7,57.3,55.8,44.2,500-999,2025-04-04 16:28:15
BRITISH AIRWAYS PLC,51101,22.1,14.3,45.2,25.8,38.9,46.1,37.2,62.8,39.4,60.6,44.1,55.9,58.3,41.7,1000-4999,2025-04-03 11:22:47
TESCO STORES LIMITED,47110,11.2,6.8,28.4,15.2,29.7,34.8,42.1,57.9,44.3,55.7,48.2,51.8,62.5,37.5,1000-4999,2025-04-02 14:15:29
LLOYDS BANKING GROUP PLC,64110,31.8,26.4,72.5,48.9,61.2,68.4,25.7,74.3,28.9,71.1,34.6,65.4,48.7,51.3,1000-4999,2025-04-01 10:08:55
SAINSBURY'S SUPERMARKETS LTD,47110,13.5,8.2,31.7,18.4,32.1,37.6,40.8,59.2,42.5,57.5,46.8,53.2,59.4,40.6,1000-4999,2025-03-31 09:45:12
BARCLAYS PLC,64110,29.6,23.8,68.2,44.7,56.8,63.9,27.3,72.7,30.5,69.5,36.2,63.8,51.4,48.6,1000-4999,2025-04-04 13:33:21
MORRISONS SUPERMARKETS PLC,47110,15.8,10.1,34.9,21.6,35.4,40.8,38.7,61.3,40.2,59.8,44.1,55.9,56.7,43.3,1000-4999,2025-04-05 07:22:18
ASDA STORES LIMITED,47110,12.4,7.5,29.8,16.7,30.9,36.2,41.3,58.7,43.1,56.9,47.5,52.5,61.2,38.8,1000-4999,2025-04-03 12:18:44
HSBC BANK PLC,64110,33.2,27.6,75.8,52.1,64.7,71.3,23.9,76.1,26.7,73.3,32.4,67.6,46.8,53.2,1000-4999,2025-04-02 15:55:29
NATIONAL GRID PLC,35110,19.7,12.5,42.3,23.8,36.2,42.9,35.6,64.4,38.7,61.3,43.5,56.5,54.9,45.1,1000-4999,2025-04-01 08:30:15
ROLLS-ROYCE PLC,30300,21.4,15.2,46.8,27.3,40.1,47.6,33.8,66.2,36.4,63.6,41.7,58.3,56.2,43.8,1000-4999,2025-04-04 10:44:52
BP PLC,06100,25.6,19.3,54.7,32.8,47.3,54.8,30.2,69.8,33.1,66.9,38.9,61.1,52.4,47.6,1000-4999,2025-04-05 06:15:33
SHELL UK LIMITED,06100,27.3,21.8,59.2,37.5,50.6,58.1,28.5,71.5,31.4,68.6,37.2,62.8,49.7,50.3,1000-4999,2025-04-03 09:28:17
VODAFONE LIMITED,61100,24.8,18.6,51.3,30.2,44.7,52.1,32.4,67.6,35.2,64.8,40.8,59.2,53.6,46.4,1000-4999,2025-04-02 11:12:48
BT GROUP PLC,61100,18.9,11.7,39.6,21.4,33.8,40.2,37.1,62.9,39.8,60.2,45.3,54.7,57.2,42.8,1000-4999,2025-04-01 13:25:09
UNILEVER UK LIMITED,10890,16.2,9.5,35.1,19.7,31.4,37.8,39.6,60.4,42.1,57.9,46.7,53.3,59.8,40.2,1000-4999,2025-04-04 14:08:22
DIAGEO PLC,11010,20.5,13.8,44.2,25.1,38.6,45.9,34.5,65.5,37.2,62.8,42.6,57.4,55.1,44.9,1000-4999,2025-04-05 05:42:55
GLAXOSMITHKLINE PLC,21200,22.7,16.1,48.5,28.7,42.3,49.8,32.9,67.1,35.6,64.4,40.9,59.1,53.7,46.3,1000-4999,2025-04-03 08:17:31
ASTRAZENECA PLC,21200,26.1,19.7,56.3,34.2,48.9,56.4,29.8,70.2,32.5,67.5,38.1,61.9,51.2,48.8,1000-4999,2025-04-02 12:54:18
ROYAL MAIL PLC,53100,14.3,7.8,32.5,17.9,33.7,39.4,41.2,58.8,43.6,56.4,47.8,52.2,60.5,39.5,1000-4999,2025-04-01 07:38:44
J SAINSBURY PLC,47110,14.7,8.9,33.2,19.1,34.1,39.8,39.9,60.1,41.8,58.2,46.3,53.7,58.7,41.3,1000-4999,2025-04-04 15:21:07
MARKS & SPENCER PLC,47110,17.5,11.2,38.4,22.6,37.2,43.5,37.6,62.4,39.9,60.1,44.7,55.3,56.8,43.2,1000-4999,2025-04-05 04:18:29
JOHN LEWIS PLC,47110,15.9,9.7,35.8,20.3,35.6,41.7,38.9,61.1,40.7,59.3,45.2,54.8,57.9,42.1,1000-4999,2025-04-03 07:55:12
NEXT PLC,47710,19.8,13.1,42.7,24.9,39.4,46.8,35.1,64.9,37.8,62.2,42.9,57.1,54.6,45.4,1000-4999,2025-04-02 10:33:45
TESCO PLC,47110,11.8,7.1,29.2,16.1,30.5,35.7,41.7,58.3,43.4,56.6,47.9,52.1,61.8,38.2,1000-4999,2025-04-01 09:48:22
WALMART UK LIMITED,47110,13.2,8.0,31.8,18.3,33.1,38.7,40.1,59.9,42.3,57.7,46.1,53.9,59.2,40.8,1000-4999,2025-04-04 16:09:51
BOOTS UK LIMITED,47730,21.6,15.0,47.2,27.8,41.5,49.1,34.2,65.8,36.9,63.1,42.3,57.7,55.4,44.6,1000-4999,2025-04-05 03:27:44
BUPA INSURANCE LIMITED,65120,28.4,22.0,63.1,39.5,53.8,61.2,27.6,72.4,30.8,69.2,35.9,64.1,50.2,49.8,1000-4999,2025-04-03 06:44:18
AVIVA PLC,65120,30.7,24.9,69.8,46.2,59.4,66.7,25.1,74.9,28.3,71.7,33.7,66.3,47.9,52.1,1000-4999,2025-04-02 08:12:55
LEGAL & GENERAL PLC,65120,29.2,23.1,66.5,42.8,56.1,63.4,26.8,73.2,29.9,70.1,35.2,64.8,49.6,50.4,1000-4999,2025-04-01 11:58:33
PRUDENTIAL PLC,65120,32.5,26.7,74.2,51.3,65.1,72.4,22.7,77.3,25.9,74.1,31.5,68.5,45.3,54.7,1000-4999,2025-04-04 17:45:28
STANDARD CHARTERED PLC,64110,31.0,25.2,70.3,47.6,60.8,68.2,24.3,75.7,27.5,72.5,34.1,65.9,48.2,51.8,1000-4999,2025-04-05 02:11:52
NATIONWIDE BUILDING SOCIETY,64110,27.8,21.9,62.4,38.7,52.3,59.8,28.1,71.9,31.2,68.8,36.7,63.3,51.4,48.6,1000-4999,2025-04-03 05:33:17
LLOYDS PHARMACY LIMITED,47730,23.4,16.8,50.7,29.6,43.8,51.9,33.5,66.5,36.2,63.8,41.7,58.3,54.1,45.9,500-999,2025-04-02 07:45:38
SUPERDRUG STORES PLC,47730,22.1,15.5,48.9,28.2,42.1,50.4,34.7,65.3,37.4,62.6,42.8,57.2,55.3,44.7,500-999,2025-04-01 10:22:14
ARGOS LIMITED,47110,16.8,10.6,37.2,21.8,36.8,42.5,38.4,61.6,40.7,59.3,45.9,54.1,57.2,42.8,1000-4999,2025-04-04 18:33:09
CURRYS PLC,47410,18.3,11.9,39.8,23.7,38.1,44.6,37.2,62.8,39.5,60.5,44.2,55.8,56.1,43.9,1000-4999,2025-04-05 01:05:44
HALFORDS LIMITED,45320,19.5,12.7,41.6,25.2,39.7,46.3,36.1,63.9,38.4,61.6,43.1,56.9,55.7,44.3,500-999,2025-04-03 04:48:26
KINGFISHER PLC,47510,17.9,11.3,38.7,22.9,37.4,43.8,37.8,62.2,40.1,59.9,45.3,54.7,56.9,43.1,1000-4999,2025-04-02 06:15:37
WICKES BUILDING SUPPLIES LTD,47510,18.7,12.1,40.3,24.1,38.9,45.2,37.0,63.0,39.3,60.7,44.6,55.4,56.4,43.6,500-999,2025-04-01 08:52:18
B&M EUROPEAN VALUE RETAIL SA,47110,15.2,9.1,34.5,19.8,34.7,40.2,39.5,60.5,41.8,58.2,46.1,53.9,58.3,41.7,1000-4999,2025-04-04 19:27:55
HOME RETAIL GROUP PLC,47110,17.1,10.8,37.9,22.3,37.6,43.2,38.2,61.8,40.5,59.5,45.7,54.3,57.1,42.9,1000-4999,2025-04-05 00:38:21
DIXONS CARPHONE PLC,47410,19.2,12.6,42.1,25.8,39.8,47.1,35.8,64.2,38.2,61.8,43.4,56.6,55.2,44.8,1000-4999,2025-04-03 03:14:07
W H SMITH PLC,47110,16.4,9.9,36.3,20.7,35.8,41.4,39.1,60.9,41.4,58.6,46.2,53.8,57.9,42.1,500-999,2025-04-02 05:41:52
Hargreaves Lansdown PLC,64191,28.3,22.1,65.7,48.2,78.5,65.9,38.2,61.8,45.1,54.9,62.3,37.7,75.8,24.2,5000-19999,2025-04-05 09:15:22
River Island Clothing Co Limited,46420,12.8,6.4,45.3,28.9,32.1,28.7,41.5,58.5,38.2,61.8,44.7,55.3,52.1,47.9,1000-4999,2025-04-06 11:22:45
The Co-operative Bank PLC,64191,31.7,29.3,58.4,42.7,71.2,58.9,29.4,70.6,34.8,65.2,48.6,51.4,68.9,31.1,250-499,2025-04-07 14:33:18
Pret A Manger (Europe) Limited,56101,8.2,2.1,22.6,15.8,15.9,13.2,47.3,52.7,49.1,50.9,51.4,48.6,55.2,44.8,5000-19999,2025-04-08 16:45:09
DFS Furniture Company PLC,31010,24.6,18.9,52.7,38.1,68.4,55.2,35.7,64.3,42.3,57.7,58.9,41.1,71.5,28.5,1000-4999,2025-04-09 08:27:31
JD Wetherspoon PLC,56301,14.3,9.7,38.2,24.6,28.5,25.1,52.8,47.2,54.3,45.7,58.1,41.9,62.4,37.6,5000-19999,2025-04-10 12:18:44
Monsoon Accessorize Limited,46410,19.5,15.2,41.8,32.4,48.7,42.3,33.2,66.8,36.9,63.1,45.8,54.2,58.3,41.7,1000-4999,2025-04-11 15:52:11
The Body Shop International Limited,46450,22.1,16.8,48.3,35.7,55.2,48.9,37.4,62.6,41.2,58.8,52.6,47.4,64.8,35.2,250-499,2025-04-12 09:38:25
Halfords Limited,45320,18.7,12.3,43.5,29.8,38.4,33.7,44.6,55.4,46.3,53.7,51.8,48.2,59.7,40.3,5000-19999,2025-04-13 13:41:57
Phase Eight Limited,46420,26.4,21.7,54.2,41.3,62.8,54.5,31.5,68.5,35.7,64.3,48.9,51.1,67.2,32.8,1000-4999,2025-04-14 10:25:33
Caffe Nero Group Limited,56302,11.9,5.8,28.4,19.7,21.3,18.6,49.2,50.8,50.7,49.3,53.1,46.9,57.8,42.2,250-499,2025-04-15 16:19:48
Paperchase Products Limited,47610,15.6,10.2,35.8,26.4,32.7,29.1,46.3,53.7,48.5,51.5,52.9,47.1,61.2,38.8,500-999,2025-04-16 11:53:22
Hotel Chocolat Limited,47260,20.3,14.7,44.6,33.2,49.1,42.8,38.7,61.3,42.4,57.6,53.2,46.8,65.4,34.6,250-499,2025-04-17 14:07:39
Lush Limited,46450,17.8,12.9,39.7,28.5,42.3,36.8,41.5,58.5,44.2,55.8,50.6,49.4,62.1,37.9,1000-4999,2025-04-18 08:44:15
Joules Limited,46420,23.5,18.2,49.8,37.6,58.7,50.2,34.8,65.2,38.9,61.1,51.4,48.6,68.3,31.7,500-999,2025-04-19 15:36:28
Ted Baker Limited,46420,27.9,22.8,58.3,45.7,69.2,60.5,30.1,69.9,33.6,66.4,46.8,53.2,70.5,29.5,1000-4999,2025-04-20 09:22:51
Cineworld Cinemas Limited,59131,13.7,7.8,32.1,23.4,26.8,23.5,48.9,51.1,50.3,49.7,54.2,45.8,60.6,39.4,5000-19999,2025-04-21 12:49:33
Oasis Stores Limited,46420,25.1,19.6,51.4,39.8,60.3,52.7,32.6,67.4,36.8,63.2,49.7,50.3,66.9,33.1,500-999,2025-04-22 16:58:17
Warehouse Fashion Limited,46420,21.8,16.5,46.2,34.9,52.4,45.1,36.9,63.1,40.7,59.3,53.8,46.2,64.5,35.5,250-499,2025-04-23 10:31:44
Bella Italia Limited,56101,16.2,11.4,37.5,27.8,34.6,30.2,45.7,54.3,47.1,52.9,52.4,47.6,61.8,38.2,1000-4999,2025-04-24 13:15:29
Carphone Warehouse Limited,47410,29.4,24.7,61.8,49.3,73.5,64.2,27.3,72.7,31.5,68.5,44.9,55.1,72.8,27.2,5000-19999,2025-04-25 15:42:56
Specsavers Optical Superstores Limited,47782,19.6,14.1,42.8,31.5,47.3,40.8,39.2,60.8,43.1,56.9,54.7,45.3,66.2,33.8,5000-19999,2025-04-26 08:58:12
Ann Summers Limited,46420,24.7,19.3,50.6,38.2,59.1,51.4,33.8,66.2,37.4,62.6,50.3,49.7,67.5,32.5,500-999,2025-04-27 11:27:38
Timpson Limited,47730,14.8,9.2,34.7,25.1,30.4,26.8,47.5,52.5,49.2,50.8,53.6,46.4,62.9,37.1,1000-4999,2025-04-28 14:03:45
Boots UK Limited,47730,26.8,21.5,55.9,43.7,67.4,58.1,29.7,70.3,33.8,66.2,48.2,51.8,69.7,30.3,5000-19999,2025-04-29 16:51:22
Costa Coffee Limited,56302,10.4,4.7,26.8,18.1,19.2,16.4,48.6,51.4,50.1,49.9,52.7,47.3,58.3,41.7,5000-19999,2025-04-30 09:36:47
Next Retail Limited,46420,21.3,15.8,45.2,33.9,51.6,44.3,35.4,64.6,39.8,60.2,52.1,47.9,65.7,34.3,5000-19999,2025-05-01 12:14:33
New Look Retailers Limited,46420,18.9,13.6,40.5,29.7,44.8,38.2,40.8,59.2,43.5,56.5,51.3,48.7,63.4,36.6,5000-19999,2025-05-02 15:28:19
Waterstones Booksellers Limited,47730,16.5,11.7,36.9,26.3,35.2,30.8,44.1,55.9,46.7,53.3,52.8,47.2,62.5,37.5,1000-4999,2025-05-03 08:47:52
Virgin Active Limited,93130,23.2,17.9,48.7,36.4,56.3,48.7,34.5,65.5,38.2,61.8,51.6,48.4,67.8,32.2,250-499,2025-05-04 11:33:16
Pure Gym Limited,93130,20.7,15.3,43.1,32.8,49.7,42.4,37.2,62.8,41.5,58.5,53.9,46.1,66.1,33.9,1000-4999,2025-05-05 14:52:28
David Lloyd Leisure Limited,93130,25.8,20.4,53.2,41.7,62.9,54.6,31.4,68.6,35.2,64.8,49.3,50.7,69.4,30.6,500-999,2025-05-06 16:19:45
Nuffield Health Limited,86101,28.1,22.6,59.4,46.8,70.1,61.3,28.9,71.1,32.7,67.3,47.5,52.5,71.2,28.8,5000-19999,2025-05-07 09:41:33
Fitness First Limited,93130,19.3,14.2,41.6,30.5,46.8,39.7,38.6,61.4,42.3,57.7,54.2,45.8,65.9,34.1,250-499,2025-05-08 12:28:17
Gymshark Limited,46420,22.6,17.1,47.3,35.2,54.1,46.8,35.7,64.3,39.4,60.6,52.7,47.3,66.8,33.2,500-999,2025-05-09 15:15:44
White Stuff Limited,46420,19.8,14.6,42.9,31.8,48.2,41.5,37.9,62.1,41.6,58.4,53.1,46.9,64.7,35.3,1000-4999,2025-05-10 08:53:29
Fat Face Limited,46420,21.5,16.2,45.7,34.1,52.3,45.0,36.2,63.8,40.1,59.9,52.4,47.6,65.8,34.2,1000-4999,2025-05-11 11:42:55
Crew Clothing Company Limited,46420,18.4,13.1,39.2,28.6,43.7,37.1,41.3,58.7,44.8,55.2,51.7,48.3,63.2,36.8,250-499,2025-05-12 14:37:18
Joules Clothing Limited,46420,23.9,18.6,50.1,38.4,59.7,51.2,33.5,66.5,37.8,62.2,50.6,49.4,68.1,31.9,500-999,2025-05-13 16:24:41
Sea Salt Cornwall Limited,46420,20.2,15.0,44.1,32.9,50.8,43.2,37.1,62.9,41.3,58.7,53.5,46.5,66.4,33.6,250-499,2025-05-14 09:58:12
Rohan Designs Limited,46420,17.6,12.5,37.8,27.2,41.9,35.4,42.7,57.3,45.8,54.2,52.1,47.9,64.6,35.4,250-499,2025-05-15 12:33:47
Finisterre Limited,46420,19.1,13.9,41.3,30.1,46.5,39.8,39.4,60.6,42.9,57.1,53.2,46.8,65.3,34.7,250-499,2025-05-16 15:19:28
TOAST Limited,46420,21.7,16.4,46.5,34.6,53.1,45.7,35.9,64.1,39.7,60.3,52.8,47.2,66.5,33.5,250-499,2025-05-17 08:46:33
Boden Limited,46420,24.3,19.0,51.8,39.7,61.2,52.9,32.8,67.2,36.4,63.6,49.8,50.2,68.7,31.3,1000-4999,2025-05-18 11:51:44
The White Company Limited,46420,22.9,17.6,48.9,37.1,57.3,49.6,34.2,65.8,38.5,61.5,51.2,48.8,67.4,32.6,1000-4999,2025-05-19 14:28:19
LK Bennett Limited,46420,27.2,21.8,56.7,44.3,68.1,59.4,29.6,70.4,33.4,66.6,47.3,52.7,70.9,29.1,250-499,2025-05-20 16:15:52
Whistles Limited,46420,24.6,19.3,52.1,40.2,62.4,53.7,31.7,68.3,35.9,64.1,49.5,50.5,69.2,30.8,250-499,2025-05-21 09:32:47
Reiss Limited,46420,26.5,21.2,55.4,43.1,66.8,58.2,30.4,69.6,34.2,65.8,48.7,51.3,70.1,29.9,500-999,2025-05-22 12:48:33
All Saints Retail Limited,46420,23.1,17.8,49.3,37.5,57.9,50.1,33.9,66.1,37.8,62.2,51.4,48.6,67.8,32.2,1000-4999,2025-05-23 15:27:18
French Connection Limited,46420,25.3,20.0,53.6,41.8,64.2,55.9,31.9,68.1,36.1,63.9,49.9,50.1,68.8,31.2,500-999,2025-05-24 08:39:45
Karen Millen Fashion Limited,46420,26.8,21.5,57.1,44.8,69.3,60.7,28.7,71.3,32.8,67.2,47.6,52.4,71.5,28.5,250-499,2025-05-25 11:44:29
Oasis Fashions Limited,46420,24.9,19.6,52.7,40.9,63.1,54.8,32.3,67.7,36.5,63.5,50.2,49.8,69.1,30.9,500-999,2025-05-26 14:12:57
Coast Fashion Limited,46420,27.5,22.2,58.9,46.1,71.4,62.8,27.9,72.1,31.8,68.2,46.8,53.2,72.3,27.7,250-499,2025-05-27 16:33:41
Wallis Fashion Limited,46420,25.7,20.4,54.8,42.5,65.9,57.2,30.6,69.4,34.7,65.3,48.9,51.1,70.3,29.7,250-499,2025-05-28 09:47:22
Dorothy Perkins Retail Limited,46420,23.4,18.1,49.7,37.9,58.4,50.7,34.1,65.9,38.2,61.8,51.7,48.3,67.5,32.5,1000-4999,2025-05-29 12:29:18
Astley Clarke Limited,46420,19.7,14.5,42.6,31.2,48.9,41.7,38.3,61.7,42.6,57.4,53.8,46.2,65.7,34.3,250-499,2025-06-01 11:38:22
Lily and Roo Limited,46420,18.9,13.7,40.8,29.5,45.7,38.9,40.1,59.9,43.7,56.3,52.4,47.6,64.3,35.7,250-499,2025-06-02 14:21:19
Alex Monroe Limited,46420,21.2,15.8,46.3,34.1,53.2,46.1,36.4,63.6,40.3,59.7,52.9,47.1,66.1,33.9,250-499,2025-06-03 16:45:33
Hannah Martin Limited,46420,20.5,15.1,44.7,32.8,51.4,44.2,37.2,62.8,41.1,58.9,53.2,46.8,65.5,34.5,250-499,2025-06-04 09:29:44
Kirstie Le Marque Limited,46420,19.3,14.0,41.5,30.2,46.3,39.5,39.7,60.3,43.2,56.8,52.7,47.3,64.8,35.2,250-499,2025-06-05 12:17:28
Emma Bridgewater Limited,23420,24.6,19.3,52.1,40.5,63.7,54.9,31.8,68.2,36.2,63.8,50.3,49.7,69.4,30.6,500-999,2025-06-06 15:33:51
Daylesford Organic Limited,47220,22.8,17.5,48.6,36.8,56.4,48.9,34.5,65.5,38.7,61.3,51.8,48.2,67.2,32.8,250-499,2025-06-07 08:42:16
Orla Kiely Limited,46420,23.7,18.4,50.9,39.1,61.3,52.6,33.1,66.9,37.3,62.7,50.9,49.1,68.5,31.5,250-499,2025-06-08 11:51:33
Cath Kidston Limited,46420,25.2,19.9,53.4,41.7,65.8,56.9,31.2,68.8,35.4,64.6,49.7,50.3,69.8,30.2,500-999,2025-06-09 14:28:47
Laura Ashley Limited,46420,26.4,21.1,56.2,44.1,68.5,59.7,29.8,70.2,33.7,66.3,48.2,51.8,71.1,28.9,250-499,2025-06-10 16:19:22
Liberty Retail Limited,46420,21.9,16.6,47.3,35.6,55.1,47.8,35.8,64.2,39.6,60.4,52.3,47.7,66.7,33.3,500-999,2025-06-11 09:44:38
Fortnum & Mason PLC,47260,27.8,22.5,59.3,46.9,72.1,63.4,28.1,71.9,32.1,67.9,47.1,52.9,72.6,27.4,1000-4999,2025-06-12 12:36:19
Harrods Limited,47110,29.1,23.8,62.7,50.2,75.4,67.8,26.3,73.7,30.5,69.5,45.8,54.2,74.1,25.9,5000-19999,2025-06-13 15:12:44
Selfridges Retail Limited,47110,28.5,23.2,61.4,48.7,73.8,65.2,27.5,72.5,31.7,68.3,46.4,53.6,73.2,26.8,5000-19999,2025-06-14 08:38:27
John Lewis PLC,47110,24.3,19.0,52.8,41.2,64.5,55.7,31.6,68.4,35.8,64.2,50.1,49.9,69.3,30.7,5000-19999,2025-06-15 11:47:33
Marks and Spencer PLC,47110,23.7,18.4,51.5,39.8,62.1,53.6,32.9,67.1,37.1,62.9,51.2,48.8,68.5,31.5,5000-19999,2025-06-16 14:23:48
HARGREAVES LANSDOWN PLC,64191,28.7,22.1,65.3,45.8,78.2,68.5,32.1,67.9,28.4,71.6,35.2,64.8,62.3,37.7,5000+,2025-04-05 09:22:15
BODEN STORES LIMITED,47710,24.3,18.9,52.7,31.2,41.3,38.7,29.5,70.5,33.8,66.2,42.1,57.9,71.4,28.6,1000-4999,2025-04-06 10:15:33
UNIVERSITY OF BATH,85310,19.8,15.2,42.1,28.5,34.7,29.3,44.2,55.8,48.9,51.1,54.3,45.7,65.8,34.2,5000+,2025-04-07 11:45:22
BARRATT DEVELOPMENTS PLC,41100,31.2,26.8,58.9,48.2,72.5,65.1,18.7,81.3,22.4,77.6,35.8,64.2,68.9,31.1,5000+,2025-04-08 12:30:45
MONSOON ACCESSORIZE LIMITED,47710,27.6,21.3,48.5,35.7,28.9,25.4,12.3,87.7,18.6,81.4,29.2,70.8,49.7,50.3,1000-4999,2025-04-09 13:20:18
WILLIAM HILL PLC,92000,22.4,16.7,38.9,24.1,45.8,41.2,38.5,61.5,42.7,57.3,51.3,48.7,69.2,30.8,5000+,2025-04-10 14:55:30
SAINSBURY'S SUPERMARKETS LTD,47110,15.3,9.8,28.4,15.6,31.7,28.9,47.2,52.8,51.4,48.6,58.9,41.1,72.5,27.5,5000+,2025-04-11 15:40:12
BRITISH AIRWAYS PLC,51101,18.9,12.5,35.2,21.8,52.3,47.1,41.7,58.3,46.2,53.8,55.4,44.6,74.8,25.2,5000+,2025-04-12 16:25:44
TESCO PLC,47110,12.7,7.3,22.1,11.5,28.4,25.7,52.3,47.7,56.8,43.2,63.1,36.9,78.2,21.8,5000+,2025-04-13 17:10:25
ROYAL MAIL PLC,53201,14.8,9.2,26.7,13.4,35.9,32.1,48.6,51.4,53.2,46.8,61.7,38.3,75.4,24.6,5000+,2025-04-14 18:05:33
ASDA STORES LIMITED,47110,13.9,8.1,24.3,12.7,30.2,27.5,50.8,49.2,55.3,44.7,64.5,35.5,79.1,20.9,5000+,2025-04-15 19:30:15
MORRISONS SUPERMARKETS PLC,47110,16.2,10.7,29.5,16.8,33.7,30.4,46.1,53.9,50.7,49.3,59.8,40.2,76.3,23.7,5000+,2025-04-16 20:15:48
BOOTS UK LIMITED,47730,23.5,17.2,41.8,28.3,38.6,34.2,35.4,64.6,39.8,60.2,48.3,51.7,68.9,31.1,5000+,2025-04-17 21:45:22
ARGOS LIMITED,47910,19.7,13.4,33.6,19.7,36.5,32.8,42.1,57.9,46.9,53.1,56.7,43.3,73.4,26.6,5000+,2025-04-18 22:20:35
CURRYS PLC,47410,21.3,15.8,37.2,23.5,41.7,37.9,39.5,60.5,44.2,55.8,53.6,46.4,70.8,29.2,5000+,2025-04-19 23:10:12
JOHN LEWIS PLC,47710,18.4,12.9,31.7,18.2,33.9,30.6,44.7,55.3,49.1,50.9,58.2,41.8,71.5,28.5,5000+,2025-04-20 08:30:44
MARKS & SPENCER PLC,47190,17.6,11.2,29.8,15.4,31.2,28.7,47.3,52.7,52.0,48.0,60.4,39.6,73.7,26.3,5000+,2025-04-21 09:15:28
NEXT RETAIL LIMITED,47710,20.1,14.5,34.9,21.3,37.4,33.6,40.8,59.2,45.3,54.7,54.8,45.2,69.7,30.3,5000+,2025-04-22 10:45:19
RIVER ISLAND CLOTHING CO LIMITED,47710,25.8,19.3,45.2,32.7,29.8,26.1,22.4,77.6,27.9,72.1,38.5,61.5,58.2,41.8,1000-4999,2025-04-23 11:30:55
NEW LOOK RETAILERS LIMITED,47710,26.4,20.7,47.3,34.1,31.2,27.5,19.7,80.3,24.6,75.4,35.8,64.2,55.9,44.1,1000-4999,2025-04-24 12:20:33
TOPSHOP TOPMAN LIMITED,47710,24.7,18.1,43.5,29.8,33.7,29.4,26.3,73.7,31.5,68.5,41.2,58.8,61.4,38.6,1000-4999,2025-04-25 13:55:44
BURTON STORES LIMITED,47710,23.9,17.5,41.8,28.2,35.1,31.7,28.4,71.6,33.7,66.3,43.9,56.1,63.2,36.8,1000-4999,2025-04-26 14:40:28
DOROTHY PERKINS LIMITED,47710,28.1,22.4,49.7,37.2,26.4,22.8,15.2,84.8,19.7,80.3,32.6,67.4,52.8,47.2,1000-4999,2025-04-27 15:25:12
WALLIS LIMITED,47710,27.3,21.6,48.1,35.9,27.8,24.2,17.4,82.6,21.8,78.2,34.7,65.3,54.1,45.9,1000-4999,2025-04-28 16:10:45
MISS SELFRIDGE LIMITED,47710,25.6,19.8,46.3,33.5,29.6,25.9,20.3,79.7,25.1,74.9,37.4,62.6,57.3,42.7,1000-4999,2025-04-29 17:50:33
EVANS LIMITED,47710,29.2,23.7,51.4,39.8,24.7,21.1,12.8,87.2,16.4,83.6,30.2,69.8,49.7,50.3,1000-4999,2025-04-30 18:35:19
BANK OF ENGLAND,64110,21.8,16.2,39.5,26.7,68.4,61.2,36.7,63.3,41.9,58.1,52.6,47.4,71.3,28.7,5000+,2025-05-01 19:20:44
LLOYDS BANK PLC,64191,24.6,18.9,44.7,32.1,71.8,64.5,31.4,68.6,36.2,63.8,47.3,52.7,67.9,32.1,5000+,2025-05-02 20:05:28
BARCLAYS BANK PLC,64191,23.2,17.5,42.3,29.8,69.7,62.1,33.8,66.2,38.7,61.3,49.5,50.5,65.4,34.6,5000+,2025-05-03 21:40:12
HSBC BANK PLC,64191,22.7,16.8,40.9,28.2,67.3,59.8,35.2,64.8,40.1,59.9,51.2,48.8,63.7,36.3,5000+,2025-05-04 22:25:35
NATWEST GROUP PLC,64191,25.3,19.7,46.8,34.5,73.2,66.1,29.6,70.4,34.8,65.2,45.7,54.3,69.8,30.2,5000+,2025-05-05 23:10:48
SANTANDER UK PLC,64191,26.8,21.2,49.3,37.1,75.6,68.4,26.9,73.1,32.5,67.5,42.8,57.2,72.4,27.6,5000+,2025-05-06 08:45:22
NATIONWIDE BUILDING SOCIETY,64191,20.5,14.9,36.7,24.3,63.1,56.8,39.4,60.6,44.7,55.3,55.9,44.1,68.2,31.8,5000+,2025-05-07 09:30:44
YORKSHIRE BUILDING SOCIETY,64191,19.3,13.7,34.2,22.1,59.8,53.2,42.1,57.9,47.3,52.7,58.4,41.6,65.7,34.3,250-499,2025-05-08 10:15:33
COVENTRY BUILDING SOCIETY,64191,18.7,12.4,32.8,20.5,57.3,51.1,44.6,55.4,49.8,50.2,60.7,39.3,63.4,36.6,250-499,2025-05-09 11:55:19
BRITISH TELECOMMUNICATIONS PLC,61100,16.4,10.8,29.5,16.2,54.7,48.9,47.2,52.8,52.6,47.4,63.1,36.9,70.3,29.7,5000+,2025-05-10 12:40:55
VODAFONE LIMITED,61100,17.9,12.3,31.7,19.4,58.2,52.1,45.3,54.7,50.1,49.9,61.4,38.6,67.8,32.2,5000+,2025-05-11 13:25:12
O2 (UK) LIMITED,61100,18.5,12.9,33.1,20.8,60.4,54.3,43.7,56.3,48.5,51.5,59.8,40.2,65.2,34.8,5000+,2025-05-12 14:10:44
THREE UK LIMITED,61100,19.2,13.6,34.8,22.5,62.7,56.8,41.9,58.1,46.7,53.3,57.5,42.5,62.9,37.1,1000-4999,2025-05-13 15:50:33
EE LIMITED,61100,17.1,11.5,30.4,17.3,56.1,50.2,46.8,53.2,51.4,48.6,62.3,37.7,69.1,30.9,5000+,2025-05-14 16:35:28
SKY UK LIMITED,61100,20.7,15.1,37.2,24.9,64.3,58.2,38.6,61.4,43.9,56.1,54.7,45.3,59.7,40.3,5000+,2025-05-15 17:20:15
VIRGIN MEDIA LIMITED,61100,21.4,15.8,39.5,27.1,66.8,60.7,35.2,64.8,40.7,59.3,51.9,48.1,56.4,43.6,5000+,2025-05-16 18:05:44
TESCO MOBILE LIMITED,61100,15.8,10.2,27.1,14.6,52.3,46.7,49.5,50.5,54.2,45.8,65.7,34.3,72.8,27.2,1000-4999,2025-05-17 19:40:22
GREGGS PLC,56102,22.6,16.9,40.3,27.5,35.2,31.8,38.7,61.3,43.4,56.6,52.1,47.9,67.5,32.5,5000+,2025-05-18 20:25:35
PRET A MANGER LIMITED,56102,24.1,18.4,43.7,31.2,38.9,34.5,33.2,66.8,38.6,61.4,48.3,51.7,64.2,35.8,1000-4999,2025-05-19 21:10:48
COSTA LIMITED,56102,21.3,15.6,37.8,25.1,40.7,36.2,36.4,63.6,41.8,58.2,50.7,49.3,66.9,33.1,1000-4999,2025-05-20 22:55:19
STARBUCKS COFFEE COMPANY (UK) LIMITED,56102,23.7,17.2,42.1,29.8,37.4,32.9,34.8,65.2,39.5,60.5,49.2,50.8,65.7,34.3,1000-4999,2025-05-21 23:40:33
CAFFE NERO LIMITED,56102,25.9,19.3,46.8,34.1,34.1,29.7,29.6,70.4,34.7,65.3,45.8,54.2,62.3,37.7,500-999,2025-05-22 08:20:44
Barclays Bank UK PLC,64191,28.7,24.5,68.2,45.3,78.5,65.2,35.2,64.8,42.1,57.9,55.3,44.7,72.8,27.2,5000+,2025-04-05 09:12:33
Tesco Stores Limited,47110,11.2,8.7,42.1,28.9,34.7,29.8,45.6,54.4,48.3,51.7,52.1,47.9,58.9,41.1,5000+,2025-04-06 11:45:22
NHS England,86101,15.3,12.8,0.0,0.0,0.0,0.0,18.7,81.3,22.4,77.6,30.2,69.8,42.1,57.9,5000+,2025-04-07 14:23:18
Amazon UK Services Ltd,96090,19.8,16.2,55.7,38.4,72.1,68.5,58.9,41.1,62.3,37.7,68.5,31.5,75.2,24.8,5000+,2025-04-08 16:34:29
Sainsbury's Supermarkets Ltd,47110,14.6,11.3,39.7,25.8,31.4,27.2,43.2,56.8,46.8,53.2,51.7,48.3,59.4,40.6,5000+,2025-04-09 10:22:45
HSBC UK Bank plc,64191,32.1,28.9,71.5,52.8,82.3,71.6,28.4,71.6,38.2,61.8,52.7,47.3,76.2,23.8,5000+,2025-04-10 13:56:12
Asda Stores Limited,47110,13.9,10.2,35.8,22.1,28.7,24.3,41.8,58.2,45.2,54.8,50.1,49.9,57.3,42.7,5000+,2025-04-11 09:18:37
Royal Mail plc,53100,22.4,18.7,48.9,34.2,65.8,59.3,48.7,51.3,52.1,47.9,61.4,38.6,69.2,30.8,5000+,2025-04-12 15:42:53
Lloyds Banking Group plc,64191,29.8,26.2,69.7,48.5,80.1,69.8,31.2,68.8,40.5,59.5,54.8,45.2,74.6,25.4,5000+,2025-04-13 11:33:28
Morrisons Supermarkets plc,47110,15.2,12.4,37.9,24.7,29.8,26.1,42.6,57.4,46.3,53.7,50.8,49.2,58.1,41.9,5000+,2025-04-14 14:27:19
John Lewis Partnership plc,47190,18.7,15.1,44.2,31.8,38.5,33.7,40.1,59.9,44.6,55.4,49.3,50.7,62.8,37.2,5000+,2025-04-15 10:55:44
BT Group plc,61900,25.3,21.8,58.7,42.1,71.4,64.2,36.8,63.2,42.7,57.3,56.9,43.1,73.5,26.5,5000+,2025-04-16 16:18:22
Marks and Spencer plc,47110,17.4,14.2,41.3,28.9,35.7,31.4,39.8,60.2,43.5,56.5,48.7,51.3,61.2,38.8,5000+,2025-04-17 09:48:15
Deutsche Bank AG,64191,35.2,31.8,74.9,58.2,85.7,76.3,24.1,75.9,34.8,65.2,58.3,41.7,78.9,21.1,5000+,2025-04-18 13:22:37
Argos Limited,47910,16.8,13.5,38.7,26.4,32.1,28.6,44.3,55.7,47.9,52.1,52.4,47.6,60.7,39.3,250-499,2025-04-19 11:15:28
Boots UK Limited,47730,21.5,18.2,46.8,33.5,41.2,36.9,37.4,62.6,41.8,58.2,46.7,53.3,64.1,35.9,5000+,2025-04-20 15:38:44
BP plc,06100,28.1,24.7,65.3,47.8,78.9,69.5,32.7,67.3,39.4,60.6,53.2,46.8,75.4,24.6,5000+,2025-04-21 10:42:59
Shell UK Limited,06100,29.6,26.3,68.7,51.2,81.4,72.1,30.5,69.5,37.8,62.2,55.9,44.1,77.2,22.8,5000+,2025-04-22 14:56:13
Rolls-Royce plc,30300,24.7,21.3,59.8,43.7,73.2,66.8,35.1,64.9,41.3,58.7,55.4,44.6,72.8,27.2,5000+,2025-04-23 09:27:31
BAE Systems plc,25210,26.3,22.9,62.4,46.3,75.8,68.2,33.6,66.4,39.7,60.3,54.1,45.9,74.5,25.5,5000+,2025-04-24 12:14:48
J Sainsbury plc,47110,15.8,12.7,40.2,27.5,33.9,29.4,41.9,58.1,45.7,54.3,50.2,49.8,58.7,41.3,5000+,2025-04-25 16:33:22
National Grid plc,35110,27.5,24.1,64.8,48.2,79.1,70.3,31.8,68.2,38.5,61.5,54.7,45.3,76.1,23.9,5000+,2025-04-26 10:19:45
Vodafone Limited,61900,23.8,20.4,57.3,41.8,72.6,65.1,37.2,62.8,43.9,56.1,56.2,43.8,73.4,26.6,5000+,2025-04-27 13:51:28
Tesco PLC,47110,12.4,9.8,38.9,26.1,32.7,28.5,44.3,55.7,47.6,52.4,51.8,48.2,58.5,41.5,5000+,2025-04-28 15:28:37
Unilever UK Limited,10890,19.2,16.5,48.7,35.2,44.1,39.6,38.7,61.3,42.9,57.1,49.8,50.2,65.3,34.7,5000+,2025-04-29 11:42:14
Aviva plc,65120,31.4,28.0,70.2,52.5,83.7,74.2,27.9,72.1,36.8,63.2,56.4,43.6,77.8,22.2,5000+,2025-04-30 14:09:33
British Airways plc,51101,25.7,22.3,60.1,44.6,74.3,67.5,34.5,65.5,40.8,59.2,54.9,45.1,73.2,26.8,5000+,2025-05-01 09:33:47
Walmart UK Limited,47110,14.1,11.6,36.2,23.8,29.4,25.7,43.7,56.3,47.1,52.9,51.4,48.6,59.2,40.8,5000+,2025-05-02 12:45:58
PwC LLP,69201,33.8,30.5,73.6,57.9,87.2,78.5,22.7,77.3,32.4,67.6,57.1,42.9,79.6,20.4,5000+,2025-05-03 16:12:29
KPMG LLP,69201,32.9,29.6,72.1,56.3,86.1,77.2,23.8,76.2,33.7,66.3,56.8,43.2,78.7,21.3,5000+,2025-05-04 10:58:44
Deloitte LLP,69201,34.2,31.0,74.8,59.1,88.3,79.7,21.5,78.5,31.2,68.8,58.4,41.6,80.4,19.6,5000+,2025-05-05 14:21:37
EY LLP,69201,33.1,29.8,72.9,57.2,87.0,78.1,22.4,77.6,32.9,67.1,57.3,42.7,79.2,20.8,5000+,2025-05-06 11:07:22
McDonald's Restaurants Limited,56101,8.7,6.2,24.3,15.8,19.6,16.9,48.2,51.8,50.1,49.9,53.4,46.6,58.7,41.3,5000+,2025-05-07 15:34:18
Wetherspoon (JD) plc,56301,12.3,9.4,31.7,20.5,26.8,22.1,46.3,53.7,48.9,51.1,52.7,47.3,61.4,38.6,5000+,2025-05-08 09:46:55
Serco Limited,84230,21.6,18.9,49.2,36.1,45.7,41.3,36.8,63.2,41.4,58.6,48.9,51.1,63.7,36.3,5000+,2025-05-09 13:18:42
Capita plc,82990,26.4,23.1,61.7,45.8,74.2,67.1,33.9,66.1,39.6,60.4,53.7,46.3,74.8,25.2,5000+,2025-05-10 16:41:27
InterContinental Hotels Group,55110,20.8,17.5,47.3,34.6,42.9,38.2,39.4,60.6,43.7,56.3,50.1,49.9,65.8,34.2,5000+,2025-05-11 10:24:33
Whitbread plc,55110,19.3,16.0,44.8,32.1,39.7,35.4,40.8,59.2,44.9,55.1,51.2,48.8,64.5,35.5,5000+,2025-05-12 14:52:18
Kingfisher plc,47599,22.7,19.4,51.6,38.3,48.2,43.7,35.7,64.3,40.2,59.8,49.6,50.4,67.3,32.7,5000+,2025-05-13 11:36:44
Next plc,47710,18.6,15.3,43.1,30.8,37.4,33.1,41.2,58.8,45.1,54.9,50.7,49.3,63.4,36.6,5000+,2025-05-14 15:19:27
Marks & Spencer plc,47110,17.9,14.6,41.8,29.5,36.2,32.0,40.5,59.5,44.3,55.7,49.9,50.1,62.1,37.9,5000+,2025-05-15 09:28:52
B&Q plc,47520,20.1,17.2,46.3,33.9,43.5,38.9,37.2,62.8,42.1,57.9,48.7,51.3,66.4,33.6,5000+,2025-05-16 13:45:31
ASOS plc,47910,24.3,21.0,56.8,41.2,52.9,47.3,32.5,67.5,37.8,62.2,46.9,53.1,69.7,30.3,1000-4999,2025-05-17 16:27:18
Boohoo.com UK Limited,47910,23.8,20.5,55.2,39.8,51.4,46.2,33.1,66.9,38.4,61.6,47.3,52.7,68.9,31.1,1000-4999,2025-05-18 10:53:44
Sports Direct Retail Limited,47640,25.1,21.8,58.3,42.7,54.7,49.1,31.6,68.4,36.9,63.1,45.8,54.2,71.2,28.8,5000+,2025-05-19 14:16:29
New Look Retailers Limited,47710,21.9,18.6,50.4,37.1,46.8,42.3,34.8,65.2,39.7,60.3,48.2,51.8,67.5,32.5,1000-4999,2025-05-20 11:42:55
River Island Clothing Co Limited,47710,22.4,19.1,51.7,38.4,48.1,43.6,34.2,65.8,39.1,60.9,47.9,52.1,68.3,31.7,1000-4999,2025-05-21 15:58:32
Superdrug Stores plc,47730,19.7,16.8,45.2,32.6,40.9,36.7,38.4,61.6,42.3,57.7,49.6,50.4,65.1,34.9,1000-4999,2025-05-22 09:14:27
Wilko Retail Limited,47599,21.3,18.0,48.9,35.7,45.2,40.8,36.1,63.9,40.8,59.2,48.3,51.7,66.8,33.2,1000-4999,2025-05-23 13:33:18
ADLER TECHNOLOGIES UK LTD,"62020,62090",14.2,11.8,22.5,18.3,12.4,9.8,42.1,57.9,48.3,51.7,55.2,44.8,68.9,31.1,250-499,2025-04-12 09:22:15
BRITANNIA MARITIME SERVICES PLC,"50100,50200",28.6,31.2,65.7,58.9,78.2,45.6,18.7,81.3,22.4,77.6,35.1,64.9,71.3,28.7,1000-4999,2025-04-08 16:45:22
CHELSEA GREEN PUBLISHING LIMITED,"58110,58130",19.3,15.7,31.2,24.8,8.5,6.2,38.9,61.1,41.2,58.8,52.7,47.3,64.5,35.5,250-499,2025-04-10 11:33:44
DERBY CITY COUNCIL,"84110,84120",12.8,9.4,18.7,14.2,15.9,18.3,45.2,54.8,42.6,57.4,48.1,51.9,55.7,44.3,5000-19999,2025-04-15 14:18:55
EAST MIDLANDS RAILWAY LIMITED,"49100,49310",16.9,13.5,42.8,35.6,28.4,31.7,36.7,63.3,39.2,60.8,48.5,51.5,62.3,37.7,1000-4999,2025-04-07 12:55:29
FINSBURY FOOD GROUP PLC,"10710,10720",24.5,20.1,48.3,41.7,35.8,28.4,28.9,71.1,31.5,68.5,44.2,55.8,69.1,30.9,500-999,2025-04-11 08:42:17
GALLIFORD TRY HOMES LIMITED,"41100,41200",32.8,28.4,58.9,52.1,62.7,39.5,22.6,77.4,25.3,74.7,38.9,61.1,73.5,26.5,1000-4999,2025-04-09 17:21:38
HAMMERSMITH ACADEMY TRUST,"85100,85200",8.7,6.2,12.4,9.8,22.1,25.7,48.3,51.7,46.8,53.2,49.5,50.5,52.9,47.1,250-499,2025-04-13 13:14:22
IMPERIAL COLLEGE LONDON,"85310,85410",21.6,18.9,38.7,32.4,45.2,48.9,33.8,66.2,36.4,63.6,52.1,47.9,65.7,34.3,5000-19999,2025-04-06 10:08:44
JCB SERVICE LIMITED,"33120,33190",26.3,22.7,54.8,48.2,68.5,42.1,24.7,75.3,27.2,72.8,41.6,58.4,71.8,28.2,500-999,2025-04-14 15:37:55
KENT COMMUNITY HEALTH NHS FOUNDATION TRUST,"86101,86102",15.4,12.8,25.9,21.3,31.7,35.2,40.1,59.9,42.7,57.3,49.3,50.7,58.6,41.4,5000-19999,2025-04-05 09:55:11
LLOYDS BANKING GROUP PLC,"64110,64191",33.7,29.1,71.4,64.8,82.3,51.7,19.8,80.2,22.5,77.5,36.2,63.8,74.1,25.9,20000+,2025-04-04 18:22:33
MORRISONS SUPERMARKETS PLC,"47110,47190",11.2,8.6,16.8,13.1,14.7,17.2,46.8,53.2,44.3,55.7,48.9,51.1,54.2,45.8,50000+,2025-04-12 16:48:27
NATIONAL GRID PLC,"35110,35130",25.8,21.4,52.7,46.3,59.8,36.2,26.4,73.6,29.1,70.9,42.7,57.3,70.5,29.5,5000-19999,2025-04-08 14:30:55
OAKLANDS COLLEGE,"85310,85410",17.3,14.6,29.5,24.8,18.4,21.7,38.6,61.4,41.2,58.8,50.3,49.7,61.4,38.6,500-999,2025-04-10 12:17:44
PETERBOROUGH CITY COUNCIL,"84110,84120",13.9,10.5,21.3,17.2,19.8,22.5,43.7,56.3,41.9,58.1,47.2,52.8,56.3,43.7,1000-4999,2025-04-15 11:08:22
QUANTUM CARE LIMITED,"86101,86102",18.7,15.2,33.8,28.4,12.5,15.8,35.2,64.8,38.4,61.6,49.7,50.3,63.8,36.2,250-499,2025-04-11 15:45:38
ROYAL MAIL GROUP LIMITED,"53100,53201",22.4,18.9,45.6,39.2,52.7,29.8,30.1,69.9,32.8,67.2,46.5,53.5,68.2,31.8,10000-49999,2025-04-07 16:33:29
SAGA SERVICES LIMITED,"65110,65120",29.8,25.3,62.4,55.7,71.2,44.8,23.4,76.6,26.1,73.9,39.7,60.3,72.6,27.4,1000-4999,2025-04-09 13:52:17
TESCO STORES LIMITED,"47110,47190",12.6,9.8,19.5,15.7,16.3,18.9,44.5,55.5,42.1,57.9,47.6,52.4,55.8,44.2,100000+,2025-04-06 14:28:44
UNIVERSITY OF MANCHESTER,"85310,85410",23.7,20.2,44.8,38.5,51.9,55.2,31.4,68.6,34.2,65.8,50.7,49.3,67.5,32.5,10000-49999,2025-04-13 17:19:55
VIRGIN MEDIA LIMITED,"61100,61200",18.4,15.1,34.7,29.2,25.8,28.4,37.9,62.1,40.6,59.4,51.3,48.7,62.9,37.1,5000-19999,2025-04-05 12:44:22
WILKO RETAIL LIMITED,"47110,47190",16.2,13.5,30.1,25.6,21.7,24.3,39.8,60.2,42.5,57.5,49.2,50.8,59.7,40.3,5000-19999,2025-04-14 10:37:11
XPO LOGISTICS UK LIMITED,"52101,52290",27.5,23.8,56.2,49.7,65.4,38.7,25.1,74.9,27.9,72.1,40.8,59.2,71.3,28.7,10000-49999,2025-04-08 09:55:44
YORKSHIRE WATER SERVICES LIMITED,"36000,37000",19.8,16.4,37.2,31.8,42.6,45.9,35.6,64.4,38.3,61.7,51.4,48.6,64.1,35.9,5000-19999,2025-04-12 13:22:17
ZURICH INSURANCE PLC,"65120,65201",31.4,27.6,68.9,62.1,79.5,48.2,20.7,79.3,23.2,76.8,37.4,62.6,73.8,26.2,5000-19999,2025-04-04 15:48:33
ABBOTT LABORATORIES UK LIMITED,"32500,46460",24.1,20.5,47.3,41.8,56.2,33.9,28.6,71.4,31.4,68.6,45.7,54.3,69.8,30.2,1000-4999,2025-04-15 16:15:29
BRITISH AIRWAYS PLC,"51101,51102",21.7,18.2,42.5,36.1,49.8,27.4,32.8,67.2,35.5,64.5,48.2,51.8,66.4,33.6,10000-49999,2025-04-11 08:30:55
COSTA LIMITED,"56101,56102",14.3,11.7,23.8,19.4,16.9,19.5,41.2,58.8,43.9,56.1,48.7,51.3,57.4,42.6,5000-19999,2025-04-07 14:22:11
DIXONS CARPHONE PLC,"47410,47430",26.9,22.3,53.7,47.2,61.5,34.8,26.7,73.3,29.4,70.6,43.1,56.9,70.2,29.8,10000-49999,2025-04-09 12:48:33
EASYJET AIRLINE COMPANY LIMITED,"51101,51102",47.3,43.8,88.6,82.4,91.2,68.5,12.4,87.6,15.1,84.9,28.7,71.3,82.6,17.4,5000-19999,2025-04-13 15:17:44
FIRST GROUP PLC,"49310,49390",25.2,21.6,51.4,45.8,58.7,35.2,27.9,72.1,30.6,69.4,44.3,55.7,69.5,30.5,10000-49999,2025-04-05 16:55:22
GREGGS PLC,"10710,10720",13.8,10.4,22.1,18.3,15.2,17.8,42.6,57.4,44.3,55.7,48.2,51.8,56.7,43.3,5000-19999,2025-04-14 11:42:17
HOMESERVE UK LIMITED,"81210,81290",28.4,24.7,57.9,51.3,66.8,40.5,24.3,75.7,27.1,72.9,41.5,58.5,72.1,27.9,5000-19999,2025-04-08 13:28:55
INTU PROPERTIES PLC,"68100,68209",32.6,28.1,69.2,62.5,80.1,47.3,21.5,78.5,24.2,75.8,38.7,61.3,74.2,25.8,1000-4999,2025-04-12 09:15:38
JOHN LEWIS PARTNERSHIP PLC,"47110,47190",15.7,12.9,28.4,23.7,20.6,23.1,40.1,59.9,42.8,57.2,49.5,50.5,58.3,41.7,50000+,2025-04-06 15:22:44
KINGSTON UPON THAMES LONDON BOROUGH COUNCIL,"84110,84120",14.6,11.2,23.5,19.1,18.4,21.2,42.3,57.7,44.7,55.3,48.6,51.4,57.1,42.9,1000-4999,2025-04-15 13:48:29
LADBROKES CORAL GROUP PLC,"92000,92001",22.8,19.3,46.2,40.5,54.7,31.8,31.2,68.8,33.9,66.1,47.6,52.4,67.3,32.7,5000-19999,2025-04-11 10:35:55
MITIE GROUP PLC,"81210,81290",19.5,16.8,35.7,30.4,28.9,31.5,36.2,63.8,39.1,60.9,50.8,49.2,63.4,36.6,10000-49999,2025-04-07 17:12:22
NEXT PLC,"47110,47710",27.3,23.6,55.1,48.9,64.2,37.8,25.8,74.2,28.5,71.5,42.9,57.1,70.8,29.2,10000-49999,2025-04-09 14:55:17
OCADO GROUP PLC,"46310,46390",24.7,21.1,49.3,43.5,57.8,34.2,29.4,70.6,32.1,67.9,46.3,53.7,68.5,31.5,5000-19999,2025-04-13 12:28:44
PRET A MANGER LIMITED,"56101,56102",9.4,7.1,15.2,12.6,13.8,16.1,47.2,52.8,45.9,54.1,49.3,50.7,53.6,46.4,5000-19999,2025-04-05 11:42:38
QINETIQ GROUP PLC,"72190,72200",22.1,18.6,43.8,38.1,52.4,29.7,32.6,67.4,35.3,64.7,48.9,51.1,66.7,33.3,5000-19999,2025-04-14 16:18:55
ROLLS-ROYCE HOLDINGS PLC,"28110,30300),30.5,26.8,63.7,57.1,74.8,45.9,22.1,77.9,24.8,75.2,38.4,61.6,73.2,26.8,10000-49999,2025-04-08 15:45:22",,,,,,,,,,,,,,,,
Barclays Bank UK PLC,64191,28.4,24.1,68.2,45.3,78.9,71.2,35.2,64.8,42.1,57.9,55.3,44.7,68.5,31.5,10000+,2025-03-15 09:22:17
Tesco Stores Limited,47110,11.2,8.5,42.1,28.7,31.4,28.9,48.2,51.8,45.3,54.7,52.1,47.9,59.7,40.3,10000+,2025-04-01 10:15:33
NHS England,86101,14.7,12.3,35.8,22.1,25.7,23.4,18.9,81.1,22.5,77.5,35.2,64.8,45.1,54.9,10000+,2025-03-28 14:30:45
Amazon UK Services Ltd,96090,18.9,16.2,55.3,38.9,68.4,62.1,62.8,37.2,58.9,41.1,65.2,34.8,72.5,27.5,10000+,2025-03-22 11:45:12
Sainsbury's Supermarkets Ltd,47110,9.8,6.2,38.5,24.3,28.7,25.1,44.6,55.4,41.2,58.8,48.9,51.1,56.3,43.7,10000+,2025-04-02 16:20:08
HSBC UK Bank Plc,64191,32.1,28.7,72.5,54.8,82.3,76.9,28.7,71.3,35.4,64.6,48.2,51.8,71.9,28.1,10000+,2025-03-18 13:10:22
Marks and Spencer plc,47110,13.5,9.8,45.2,31.6,35.8,32.4,38.9,61.1,42.7,57.3,49.5,50.5,62.1,37.9,10000+,2025-03-30 09:55:41
Asda Stores Limited,47110,8.4,4.2,35.7,21.8,26.3,22.9,51.2,48.8,47.6,52.4,53.8,46.2,61.4,38.6,10000+,2025-04-03 12:30:15
Lloyds Banking Group plc,64191,29.8,25.4,69.7,48.2,79.5,73.8,31.4,68.6,38.7,61.3,51.6,48.4,69.2,30.8,10000+,2025-03-25 15:45:33
Morrisons Supermarkets plc,47110,10.7,7.1,40.3,26.5,29.8,26.7,46.3,53.7,43.9,56.1,50.4,49.6,57.8,42.2,10000+,2025-04-05 08:20:47
National Grid plc,35110,22.6,18.9,58.4,41.2,71.8,65.3,42.5,57.5,48.7,51.3,58.2,41.8,74.6,25.4,10000+,2025-03-19 10:12:28
BT Group plc,61100,19.3,15.7,52.8,36.4,65.2,58.9,39.4,60.6,44.8,55.2,56.3,43.7,71.2,28.8,10000+,2025-03-26 16:18:55
BP plc,06100,24.1,20.5,61.7,44.3,74.6,68.2,36.8,63.2,42.5,57.5,54.9,45.1,73.8,26.2,10000+,2025-03-21 14:33:19
Shell UK Limited,06100,26.8,22.9,65.3,47.8,77.1,71.5,33.2,66.8,39.6,60.4,52.7,47.3,70.4,29.6,10000+,2025-03-29 11:27:44
Rolls-Royce plc,30300,21.7,17.8,56.2,39.5,69.4,63.1,44.3,55.7,49.2,50.8,59.6,40.4,76.8,23.2,10000+,2025-03-23 12:40:12
BAE Systems plc,25210,23.4,19.6,59.8,42.1,72.5,66.8,40.7,59.3,46.3,53.7,57.4,42.6,74.1,25.9,10000+,2025-03-17 09:15:58
Unilever UK Limited,10890,16.8,13.2,48.7,32.9,58.3,52.6,35.6,64.4,41.8,58.2,52.7,47.3,68.9,31.1,10000+,2025-04-04 15:22:30
Vodafone Limited,61100,20.5,16.9,54.1,37.8,67.2,61.5,37.9,62.1,43.6,56.4,55.8,44.2,70.7,29.3,10000+,2025-03-20 13:48:22
Tesco Mobile Limited,61100,12.4,8.7,43.6,28.2,32.5,29.1,49.3,50.7,46.8,53.2,51.4,48.6,58.9,41.1,5000-9999,2025-03-31 16:55:44
John Lewis Partnership plc,47110,15.2,11.6,46.8,31.2,38.4,34.7,41.2,58.8,45.3,54.7,52.8,47.2,64.5,35.5,10000+,2025-04-02 09:30:11
Co-op Group Limited,47110,11.9,8.3,41.7,27.1,30.2,27.5,45.7,54.3,43.1,56.9,49.8,50.2,59.4,40.6,10000+,2025-03-27 14:12:33
Aldi Stores Limited,47110,7.2,3.8,33.4,19.6,24.8,21.2,52.1,47.9,48.3,51.7,54.2,45.8,62.7,37.3,10000+,2025-04-06 10:45:28
Waitrose Limited,47110,14.6,10.9,45.3,29.8,36.7,33.2,39.8,60.2,44.2,55.8,51.6,48.4,63.7,36.3,10000+,2025-03-24 11:20:55
WHSmith plc,47610,17.3,13.5,49.2,33.7,52.1,47.8,36.4,63.6,42.9,57.1,54.3,45.7,67.8,32.2,5000-9999,2025-03-22 15:35:19
Boots UK Limited,47730,19.8,16.1,51.6,35.4,61.3,55.7,34.7,65.3,40.8,59.2,53.9,46.1,69.5,30.5,10000+,2025-03-28 12:18:47
Argos Limited,47610,13.7,9.9,44.1,28.5,34.6,31.2,42.5,57.5,47.3,52.7,50.9,49.1,61.2,38.8,10000+,2025-04-01 14:22:33
Currys plc,47510,18.5,14.8,50.3,34.1,58.7,53.2,38.2,61.8,44.6,55.4,55.1,44.9,68.4,31.6,10000+,2025-03-30 16:40:22
B&Q Limited,47520,16.2,12.4,46.9,30.5,39.2,35.8,40.6,59.4,45.7,54.3,52.4,47.6,65.1,34.9,10000+,2025-03-19 09:55:44
Halfords Limited,45320,19.4,15.7,52.1,36.8,62.5,57.3,35.8,64.2,42.1,57.9,54.7,45.3,69.2,30.8,5000-9999,2025-03-26 13:12:28
Next Retail Limited,47710,15.8,12.1,45.7,29.3,37.4,33.9,38.7,61.3,44.5,55.5,51.2,48.8,64.3,35.7,10000+,2025-04-03 11:30:15
M&S Food Limited,47110,12.6,8.9,42.3,26.7,31.8,28.4,43.2,56.8,46.9,53.1,49.7,50.3,60.1,39.9,10000+,2025-03-25 15:47:22
Primark Stores Limited,47710,11.3,7.6,39.8,24.1,29.5,26.2,47.1,52.9,44.3,55.7,50.6,49.4,58.7,41.3,10000+,2025-04-04 09:22:38
New Look Retailers Limited,47710,16.9,13.2,47.5,32.1,40.8,37.2,37.4,62.6,43.8,56.2,53.1,46.9,66.4,33.6,5000-9999,2025-03-21 10:15:55
River Island Clothing Co Limited,47710,17.5,13.8,48.3,33.4,42.1,38.5,36.2,63.8,42.5,57.5,54.2,45.8,67.7,32.3,5000-9999,2025-03-29 14:28:11
Topshop Topman Limited,47710,14.2,10.5,44.8,28.9,35.3,31.8,39.5,60.5,45.2,54.8,52.3,47.7,63.9,36.1,5000-9999,2025-03-18 16:33:44
Burberry Limited,14120,26.3,22.1,64.8,47.2,75.9,70.1,32.7,67.3,38.4,61.6,51.8,48.2,71.5,28.5,5000-9999,2025-04-05 12:45:29
Alexander McQueen Limited,14120,28.7,24.5,69.2,51.8,79.3,73.6,29.1,70.9,35.7,64.3,49.6,50.4,73.8,26.2,1000-4999,2025-03-23 15:18:22
Stella McCartney Limited,14120,25.4,21.2,63.5,45.9,74.1,68.7,33.8,66.2,40.2,59.8,53.7,46.3,72.1,27.9,1000-4999,2025-03-27 11:42:55
Victoria Beckham Limited,14120,27.9,23.7,67.8,49.5,77.6,71.9,30.6,69.4,37.3,62.7,50.4,49.6,74.3,25.7,500-999,2025-03-30 13:27:18
Monsoon Accessorize Limited,47710,19.7,16.0,51.4,35.2,59.8,54.3,34.5,65.5,41.7,58.3,54.8,45.2,68.7,31.3,1000-4999,2025-04-02 16:15:33
Phase Eight Limited,47710,21.3,17.6,54.7,38.1,64.2,58.9,31.9,68.1,39.4,60.6,56.3,43.7,71.2,28.8,500-999,2025-03-26 09:48:47
Whistles Limited,47710,23.5,19.8,59.1,42.6,69.7,64.2,28.4,71.6,36.8,63.2,53.9,46.1,73.6,26.4,500-999,2025-04-06 14:35:22
Reiss Limited,47710,24.8,21.1,61.3,44.8,72.1,66.5,26.7,73.3,34.9,65.1,52.4,47.6,75.2,24.8,500-999,2025-03-24 12:20:55
Ted Baker Limited,14120,22.6,18.9,57.3,40.7,67.8,62.1,30.2,69.8,38.6,61.4,55.1,44.9,72.4,27.6,1000-4999,2025-03-22 10:55:18
Superdry plc,14120,20.1,16.4,52.7,36.1,62.3,56.8,33.7,66.3,41.2,58.8,56.5,43.5,69.8,30.2,5000-9999,2025-03-28 15:12:33
JD Sports Fashion plc,47710,17.8,14.1,48.9,32.5,43.6,39.8,35.9,64.1,43.7,56.3,53.4,46.6,67.1,32.9,10000+,2025-04-01 11:40:47
Sports Direct International plc,47610,21.4,17.7,55.2,38.6,65.9,60.2,32.1,67.9,40.5,59.5,57.2,42.8,71.5,28.5,10000+,2025-03-19 16:25:22
DW Sports Fitness Limited,93130,23.7,20.0,58.6,42.1,70.3,64.8,29.4,70.6,37.8,62.2,54.6,45.4,74.1,25.9,1000-4999,2025-03-25 13:50:55
Pure Gym Limited,93130,25.1,21.4,60.9,44.7,73.5,68.1,27.3,72.7,35.6,64.4,52.9,47.1,75.8,24.2,5000-9999,2025-04-03 08:30:18
The Gym Group plc,93130,24.3,20.6,59.5,43.2,71.8,66.4,28.6,71.4,36.9,63.1,53.7,46.3,74.6,25.4,1000-4999,2025-03-31 14:15:33
Virgin Active Limited,93130,22.9,19.2,57.1,40.5,68.7,63.1,31.2,68.8,39.4,60.6,56.3,43.7,72.8,27.2,5000-9999,2025-04-05 12:10:47
Nuffield Health,86210,18.6,15.0,50.0,33.6,56.3,51.8,36.8,63.2,44.1,55.9,54.7,45.3,68.5,31.5,10000+,2025-03-20 09:45:22
Bupa Insurance Services Limited,65120,21.7,18.0,55.4,38.9,66.8,61.2,32.5,67.5,41.3,58.7,57.1,42.9,71.8,28.2,10000+,2025-03-27 16:30:55
AXA PPP Healthcare Limited,65120,23.2,19.5,58.0,41.4,69.5,63.9,30.1,69.9,38.7,61.3,55.4,44.6,73.2,26.8,5000-9999,2025-04-04 10:22:18
Aviva plc,65120,25.8,22.1,62.7,46.3,74.9,69.2,27.4,72.6,35.9,64.1,53.2,46.8,75.4,24.6,10000+,2025-03-23 11:15:33
Prudential plc,65120,27.4,23.7,66.1,49.8,77.3,71.6,25.8,74.2,33.6,66.4,51.7,48.3,76.9,23.1,10000+,2025-03-29 13:48:47
Legal & General Group plc,65120,24.6,20.9,60.3,43.7,72.1,66.5,28.9,71.1,37.2,62.8,54.8,45.2,74.3,25.7,10000+,2025-03-18 15:20:11
Standard Life Aberdeen plc,65120,26.1,22.4,64.5,47.2,75.6,69.8,26.3,73.7,34.8,65.2,52.6,47.4,76.1,23.9,5000-9999,2025-04-02 14:35:44
Royal London Group Limited,65120,22.5,18.8,56.7,40.1,68.2,62.6,31.7,68.3,40.2,59.8,56.9,43.1,72.4,27.6,5000-9999,2025-03-26 12:00:28
Phoenix Group Holdings plc,65120,23.8,20.1,58.9,42.3,70.7,65.1,29.5,70.5,38.1,61.9,55.8,44.2,73.9,26.1,5000-9999,2025-04-06 16:45:55
British Airways plc,51101,28.9,25.2,70.1,53.6,80.4,74.7,24.3,75.7,32.6,67.4,50.8,49.2,73.7,26.3,10000+,2025-03-24 14:30:18
EasyJet Airline Company Limited,51101,31.2,27.5,73.6,57.2,82.8,77.1,21.7,78.3,29.4,70.6,48.3,51.7,76.2,23.8,10000+,2025-03-31 10:12:33
Virgin Atlantic Airways Limited,51101,29.7,26.0,71.4,54.9,81.2,75.5,23.1,76.9,31.5,68.5,49.7,50.3,74.8,25.2,5000-9999,2025-04-05 15:20:47
Ryanair UK Limited,51101,33.5,29.8,76.3,60.1,85.1,79.4,19.8,80.2,27.3,72.7,46.5,53.5,78.1,21.9,1000-4999,2025-03-21 12:55:22
TUI Airways Limited,51101,30.1,26.4,72.0,55.5,81.7,76.0,22.6,77.4,30.8,69.2,48.9,51.1,75.3,24.7,5000-9999,2025-03-28 08:40:55
Jet2.com Limited,51101,27.6,23.9,68.7,51.2,78.5,72.8,25.4,74.6,33.7,66.3,51.4,48.6,72.9,27.1,5000-9999,2025-04-03 13:18:18
Wizz Air UK Limited,51101,32.8,29.1,75.4,59.0,84.3,78.6,20.5,79.5,28.1,71.9,47.2,52.8,77.3,22.7,500-999,2025-03-22 16:25:33
Emirates UK Limited,51101,26.4,22.7,67.2,49.8,76.9,71.2,27.8,72.2,36.1,63.9,53.5,46.5,71.6,28.4,1000-4999,2025-03-30 09:50:47
Etihad Airways UK Limited,51101,28.1,24.4,69.5,52.1,79.2,73.5,25.9,74.1,34.2,65.8,52.1,47.9,74.2,25.8,500-999,2025-04-01 11:35:11
BARKING & DAGENHAM COLLEGE,85310,14.2,11.8,45.7,28.3,22.1,18.7,41.2,58.8,37.9,62.1,44.3,55.7,52.1,47.9,500-999,2025-01-15 09:22:33
BATH SPA UNIVERSITY,85422,19.5,16.2,52.4,41.8,31.5,27.3,38.7,61.3,34.2,65.8,41.9,58.1,56.3,43.7,1000-4999,2025-02-28 16:45:12
BELFAST HEALTH & SOCIAL CARE TRUST,"86101,86102",12.8,9.4,38.6,22.1,18.9,15.2,45.8,54.2,42.1,57.9,48.3,51.7,55.7,44.3,5000-19999,2025-03-20 11:30:45
BERRY BROS & RUDD LIMITED,46342,25.7,22.1,68.9,55.2,41.7,38.9,28.4,71.6,31.2,68.8,42.6,57.4,63.8,36.2,250-499,2025-04-01 14:18:22
BESTWAY WHOLESALE LIMITED,46390,18.3,14.7,48.2,31.5,28.7,24.1,52.3,47.7,48.9,51.1,55.2,44.8,62.1,37.9,1000-4999,2025-03-15 12:05:18
BIBBY FINANCIAL SERVICES LIMITED,64921,32.8,28.5,78.6,62.4,58.3,52.7,22.1,77.9,25.8,74.2,38.4,61.6,67.2,32.8,500-999,2025-02-10 10:42:55
BIG YELLOW GROUP PLC,68209,15.6,12.3,42.8,26.7,24.3,20.5,39.7,60.3,43.2,56.8,48.9,51.1,58.4,41.6,500-999,2025-01-30 15:27:19
BIRKBECK COLLEGE,85422,17.9,14.8,49.3,33.6,29.1,24.7,36.5,63.5,33.8,66.2,40.7,59.3,54.2,45.8,1000-4999,2025-03-05 09:18:44
BIRMINGHAM CITY COUNCIL,84112,13.7,10.2,35.4,19.8,16.2,12.9,48.3,51.7,45.6,54.4,51.8,48.2,57.3,42.7,20000+,2025-04-08 16:33:21
BLACKPOOL PLEASURE BEACH LIMITED,93210,21.4,18.7,56.2,42.8,35.6,31.2,32.7,67.3,29.4,70.6,38.5,61.5,59.1,40.9,500-999,2025-02-14 13:52:07
BLUE DIAMOND GARDEN CENTRES LIMITED,47760,19.8,16.5,51.7,36.2,32.4,27.8,35.2,64.8,38.9,61.1,45.7,54.3,61.4,38.6,1000-4999,2025-03-22 11:48:33
BOC LIMITED,20140,22.6,19.3,59.8,45.1,38.7,34.2,29.8,70.2,33.5,66.5,41.9,58.1,64.2,35.8,5000-19999,2025-01-25 14:20:11
BOLTON NHS FOUNDATION TRUST,86101,16.4,13.1,44.2,28.7,25.8,21.3,42.6,57.4,39.3,60.7,46.8,53.2,56.9,43.1,1000-4999,2025-03-28 10:15:37
BOMBARDIER TRANSPORTATION UK LIMITED,30200,28.3,24.7,71.5,58.3,52.6,47.1,24.3,75.7,27.9,72.1,36.8,63.2,68.4,31.6,1000-4999,2025-04-05 15:42:58
BOOKER LIMITED,46390,17.2,13.9,46.8,30.1,27.3,22.6,49.7,50.3,46.2,53.8,52.4,47.6,61.3,38.7,5000-19999,2025-02-20 12:28:44
BOOTS UK LIMITED,47730,20.5,17.2,53.6,38.9,34.7,29.8,33.1,66.9,36.4,63.6,43.8,56.2,62.5,37.5,10000-19999,2025-03-18 09:55:12
BOURNEMOUTH UNIVERSITY,85422,18.7,15.4,50.2,34.5,30.6,25.9,37.4,62.6,34.9,65.1,42.3,57.7,55.8,44.2,1000-4999,2025-02-25 16:17:29
BP OIL UK LIMITED,19201,26.9,23.4,74.2,60.8,55.3,49.7,21.7,78.3,25.1,74.9,34.6,65.4,66.8,33.2,5000-19999,2025-04-02 11:33:45
BRADFORD TEACHING HOSPITALS NHS FOUNDATION TRUST,86101,15.8,12.5,43.1,27.6,24.2,19.8,44.1,55.9,40.7,59.3,47.5,52.5,57.2,42.8,1000-4999,2025-03-12 14:08:51
BRITANNIA HOTELS LIMITED,55100,24.3,21.0,65.7,51.4,45.8,40.2,27.6,72.4,31.2,68.8,39.7,60.3,63.5,36.5,1000-4999,2025-01-28 10:52:36
BRITISH AIRWAYS PLC,51102,23.7,20.4,67.3,53.8,47.2,42.6,26.8,73.2,30.4,69.6,38.9,61.1,64.7,35.3,10000-19999,2025-03-30 15:24:18
BRITISH GAS TRADING LIMITED,35230,19.4,16.1,51.8,36.3,32.9,27.5,36.7,63.3,40.2,59.8,46.8,53.2,60.1,39.9,5000-19999,2025-02-08 13:41:27
BRITISH MUSEUM,91020,14.9,11.6,39.2,22.8,19.7,15.1,42.5,57.5,45.3,54.7,50.8,49.2,56.4,43.6,1000-4999,2025-04-07 12:19:33
BRITISH RED CROSS,88990,16.3,13.0,44.5,28.9,26.1,21.4,40.8,59.2,43.7,56.3,49.2,50.8,58.3,41.7,1000-4999,2025-03-14 09:47:22
BRITISH TRANSPORT POLICE,84230,12.8,9.5,34.7,18.2,15.4,11.8,47.2,52.8,44.9,55.1,52.6,47.4,59.1,40.9,1000-4999,2025-01-31 16:52:48
BRITISH VETERINARY ASSOCIATION,94120,21.6,18.3,58.4,44.7,39.2,34.6,30.5,69.5,34.1,65.9,42.8,57.2,62.7,37.3,250-499,2025-02-18 11:38:15
BRITVIC PLC,11050,22.9,19.6,69.1,55.7,49.8,44.3,25.7,74.3,29.3,70.7,37.8,62.2,65.4,34.6,1000-4999,2025-03-25 14:55:29
BROADGREEN HOSPITAL NHS TRUST,86101,17.5,14.2,47.3,31.8,28.9,24.1,38.6,61.4,41.2,58.8,48.7,51.3,59.5,40.5,500-999,2025-04-04 10:22:11
BROOKLANDS MUSEUM TRUST,91020,19.2,15.9,50.6,35.1,31.8,26.4,34.9,65.1,38.4,61.6,45.2,54.8,61.7,38.3,250-499,2025-02-12 15:17:42
BROWN SHIPLEY & CO LIMITED,64191,33.5,29.8,81.2,67.9,62.4,56.8,19.3,80.7,23.1,76.9,32.7,67.3,69.8,30.2,250-499,2025-03-21 16:48:33
BUCKINGHAMSHIRE HEALTHCARE NHS TRUST,86101,14.6,11.3,37.8,21.5,18.4,13.7,46.2,53.8,43.1,56.9,49.7,50.3,56.8,43.2,1000-4999,2025-03-09 11:34:27
BUPA INSURANCE LIMITED,65120,24.8,21.5,66.9,53.2,46.7,41.9,27.4,72.6,31.0,69.0,39.5,60.5,64.1,35.9,1000-4999,2025-01-22 14:29:51
BURGER KING UK LIMITED,56101,18.9,15.6,52.1,36.8,33.5,28.2,35.6,64.4,39.1,60.9,46.3,53.7,60.8,39.2,1000-4999,2025-03-17 12:03:18
BUTLINS LIMITED,55201,21.3,18.0,57.8,44.1,39.4,34.7,31.2,68.8,34.8,65.2,42.6,57.4,62.3,37.7,1000-4999,2025-02-26 15:41:37
CABINET OFFICE,84112,15.2,11.9,41.6,25.3,22.1,17.5,43.7,56.3,46.4,53.6,51.2,48.8,58.6,41.4,5000-19999,2025-04-09 09:28:44
CADBURY LIMITED,10822,20.7,17.4,54.9,41.2,36.8,31.5,32.8,67.2,36.3,63.7,44.1,55.9,61.7,38.3,1000-4999,2025-03-13 13:15:29
CAFFE NERO GROUP LIMITED,56102,17.4,14.1,45.3,29.6,26.7,22.0,40.2,59.8,43.5,56.5,49.8,50.2,59.1,40.9,1000-4999,2025-01-19 16:37:52
CALEDONIAN MACBRAYNE LIMITED,50100,16.9,13.6,46.7,30.8,27.9,23.2,39.4,60.6,42.7,57.3,48.1,51.9,58.3,41.7,500-999,2025-03-26 11:52:18
CAMBRIDGE ASSESSMENT,85600,18.6,15.3,49.8,34.1,30.9,25.7,37.2,62.8,40.5,59.5,47.3,52.7,57.9,42.1,1000-4999,2025-02-21 14:44:33
CAMBRIDGE UNIVERSITY PRESS,58110,19.8,16.5,52.4,37.9,34.1,28.7,35.0,65.0,38.6,61.4,45.8,54.2,60.7,39.3,1000-4999,2025-04-03 10:11:27
CANDY & CANDY LIMITED,41100,31.2,27.5,76.8,63.1,56.7,51.2,20.4,79.6,24.7,75.3,35.2,64.8,67.9,32.1,250-499,2025-03-19 15:26:18
CANNON HALL FARM LIMITED,1210,14.7,11.4,38.5,22.2,19.1,14.6,44.9,55.1,42.3,57.7,48.6,51.4,57.2,42.8,250-499,2025-02-05 12:08:44
CANTERBURY CHRIST CHURCH UNIVERSITY,85422,20.1,17.8,53.2,39.5,35.7,30.4,33.6,66.4,37.1,62.9,44.9,55.1,61.8,38.2,1000-4999,2025-03-31 16:19:22
CAPITA PLC,62020,25.7,22.4,70.3,56.8,50.1,45.6,23.8,76.2,27.5,72.5,36.9,63.1,65.7,34.3,10000-19999,2025-01-27 09:45:37
CARD FACTORY LIMITED,47782,18.3,15.0,48.6,32.9,29.8,25.1,37.9,62.1,41.4,58.6,48.2,51.8,59.7,40.3,1000-4999,2025-02-28 13:32:15
CARE UK LIMITED,86101,16.8,13.5,45.2,29.5,26.6,21.9,41.3,58.7,44.2,55.8,49.1,50.9,58.4,41.6,5000-19999,2025-04-06 11:08:29
CARPHONE WAREHOUSE LIMITED,47410,21.5,18.2,59.1,45.4,40.7,35.9,30.8,69.2,34.5,65.5,42.3,57.7,62.9,37.1,1000-4999,2025-03-16 14:27:44
CARSWELL & CO LIMITED,46170,20.4,17.1,55.3,41.6,37.2,32.1,32.5,67.5,36.0,64.0,43.7,56.3,61.4,38.6,250-499,2025-02-15 15:19:52
CASTLE CEMENT LIMITED,23510,22.8,19.5,63.7,50.1,44.6,39.8,26.9,73.1,30.6,69.4,39.2,60.8,64.5,35.5,500-999,2025-03-24 12:44:18
CATHAY PACIFIC AIRWAYS LIMITED,51102,24.1,20.8,68.5,54.9,48.3,43.7,25.2,74.8,28.9,71.1,37.4,62.6,66.2,33.8,500-999,2025-04-08 16:33:27
CBRE LIMITED,68320,27.3,24.0,73.8,60.2,53.9,48.4,22.6,77.4,26.3,73.7,35.8,64.2,67.1,32.9,1000-4999,2025-01-26 10:18:39
CELTIC MANOR RESORT LIMITED,55100,19.4,16.1,51.3,36.8,33.0,27.9,36.2,63.8,39.7,60.3,46.5,53.5,60.9,39.1,500-999,2025-03-29 13:51:22
CENTRICA PLC,35230,21.7,18.4,62.0,48.3,42.6,38.1,28.4,71.6,32.1,67.9,40.8,59.2,63.7,36.3,10000-19999,2025-02-22 15:47:33
CHANNEL 4 TELEVISION CORPORATION,60200,16.5,13.2,43.8,28.1,25.3,20.6,42.0,58.0,45.3,54.7,50.6,49.4,58.7,41.3,1000-4999,2025-04-05 09:36:18
CHARLES TYRWHITT SHIRTS LIMITED,47710,28.6,25.3,75.9,62.4,55.8,50.3,21.4,78.6,25.0,75.0,34.2,65.8,68.3,31.7,500-999,2025-03-11 14:22:47
CHARLOTTE TILBURY BEAUTY LIMITED,20420,26.4,23.1,72.5,58.9,52.1,46.8,23.7,76.3,27.3,72.7,36.5,63.5,66.8,33.2,1000-4999,2025-02-11 16:15:29
CHARTERED INSTITUTE OF PERSONNEL AND DEVELOPMENT,94120,18.2,14.9,47.9,32.4,29.5,24.8,38.3,61.7,41.8,58.2,48.6,51.4,59.2,40.8,500-999,2025-04-07 11:44:55
CHELTENHAM BOROUGH COUNCIL,84112,15.4,12.1,40.7,24.3,21.2,16.7,44.6,55.4,47.1,52.9,52.3,47.7,59.4,40.6,500-999,2025-03-20 10:28:12
CHEP UK LIMITED,77390,20.6,17.3,56.1,42.4,37.9,32.8,31.7,68.3,35.4,64.6,43.2,56.8,61.9,38.1,1000-4999,2025-01-23 13:37:44
CHICHESTER COLLEGE GROUP,85310,16.3,13.0,44.6,28.9,26.0,21.3,41.7,58.3,44.6,55.4,49.3,50.7,58.6,41.4,500-999,2025-03-27 15:19:28
CHRISTIE'S INC,47799,29.8,26.5,78.4,65.7,59.2,53.6,18.9,81.1,22.6,77.4,31.8,68.2,69.7,30.3,500-999,2025-02-16 12:08:37
CHURCH OF ENGLAND,94910,13.7,10.4,36.2,20.1,17.2,12.8,46.8,53.2,43.9,56.1,50.4,49.6,57.5,42.5,5000-19999,2025-04-09 16:45:22
CINEMA UK LIMITED,59140,18.5,15.2,49.2,33.7,30.6,25.9,37.1,62.9,40.6,59.4,47.3,52.7,60.2,39.8,250-499,2025-03-15 09:52:44
CITY & GUILDS OF LONDON INSTITUTE,85422,17.9,14.6,48.3,32.6,29.7,25.0,38.8,61.2,42.3,57.7,48.9,51.1,59.5,40.5,500-999,2025-02-24 14:31:18
CITY OF LONDON CORPORATION,84112,14.2,10.9,38.5,22.0,19.1,14.5,45.3,54.7,42.8,57.2,49.7,50.3,58.1,41.9,1000-4999,2025-03-08 11:17:42
CIVIL AVIATION AUTHORITY,84230,16.8,13.5,45.9,30.2,27.3,22.6,40.5,59.5,43.8,56.2,49.7,50.3,59.2,40.8,500-999,2025-04-04 13:28:15
CLACTON COUNTY HIGH SCHOOL,85310,15.9,12.6,42.3,26.8,23.9,19.2,43.2,56.8,46.1,53.9,51.4,48.6,58.7,41.3,250-499,2025-02-17 15:42:29
CLARE COLLEGE CAMBRIDGE,85422,13.4,10.1,34.7,18.6,15.7,11.4,47.6,52.4,44.8,55.2,51.9,48.1,58.3,41.7,250-499,2025-03-31 10:15:48
CLARKS SHOES LIMITED,15200,22.1,18.8,61.4,47.7,42.1,37.6,29.3,70.7,33.0,67.0,41.5,58.5,63.2,36.8,1000-4999,2025-01-24 16:58:33
CLAAS UK LIMITED,28302,24.7,21.4,67.2,53.5,46.9,42.3,26.1,73.9,29.8,70.2,38.6,61.4,65.3,34.7,500-999,2025-03-22 12:44:18
CLEARSPRING HEALTHCARE LIMITED,46460,26.3,23.0,72.8,59.1,52.4,47.1,23.5,76.5,27.2,72.8,36.4,63.6,66.9,33.1,250-499,2025-02-09 14:27:51
CLIFFORD CHANCE LLP,69101,30.8,27.5,82.6,69.3,63.7,58.1,17.2,82.8,20.9,79.1,30.1,69.9,71.4,28.6,5000-19999,2025-04-07 15:38:22
CLINIGEN GROUP PLC,46460,27.5,24.2,75.1,61.8,55.2,49.7,21.8,78.2,25.5,74.5,34.7,65.3,68.2,31.8,500-999,2025-03-18 11:22:37
CLYDE & CO LLP,69101,29.4,26.1,79.7,66.4,59.8,54.2,19.6,80.4,23.3,76.7,32.9,67.1,70.1,29.9,1000-4999,2025-02-20 16:15:48
COCA-COLA EUROPEAN PARTNERS GB LIMITED,11070,21.3,18.0,58.7,45.0,39.4,34.9,31.6,68.4,35.3,64.7,43.1,56.9,62.4,37.6,1000-4999,2025-04-05 09:52:11
COCKERILL MAINTENANCE & ENGENIEERING SA,28110,23.6,20.3,65.4,51.7,45.1,40.6,27.8,72.2,31.5,68.5,40.2,59.8,64.6,35.4,250-499,2025-03-26 13:48:29
COGNITA SCHOOLS LIMITED,85310,24.2,20.9,68.5,54.8,48.2,43.7,25.4,74.6,29.1,70.9,37.7,62.3,65.9,34.1,500-999,2025-02-13 15:33:44
CO-OPERATIVE GROUP LIMITED,47110,18.7,15.4,50.5,35.0,31.8,26.7,36.4,63.6,39.9,60.1,47.2,52.8,60.5,39.5,5000-19999,2025-03-23 12:17:22
COSTA LIMITED,56102,19.1,15.8,51.9,37.4,33.6,28.5,35.8,64.2,39.3,60.7,46.6,53.4,61.2,38.8,1000-4999,2025-01-21 11:42:18
COUNCIL OF THE INNS OF COURT,94120,17.6,14.3,47.2,31.7,28.8,24.1,39.1,60.9,42.6,57.4,49.3,50.7,59.8,40.2,250-499,2025-04-02 14:58:37
COUNTRYWIDE FARMERS PLC,46210,20.8,17.5,56.4,42.9,37.5,33.0,32.1,67.9,35.8,64.2,43.6,56.4,62.1,37.9,250-499,2025-02-27 16:24:51
COURTAULD INSTITUTE OF ART,85422,14.7,11.4,39.4,23.1,20.0,15.4,44.2,55.8,47.1,52.9,52.6,47.4,58.7,41.3,250-499,2025-03-30 10:45:22
COVENTRY CITY COUNCIL,84112,16.3,13.0,44.8,29.1,26.2,21.5,41.9,58.1,44.6,55.4,50.2,49.8,58.9,41.1,5000-19999,2025-04-08 16:12:44
COVENTRY UNIVERSITY,85422,19.5,16.2,53.2,39.7,35.9,30.6,34.3,65.7,37.8,62.2,45.1,54.9,61.4,38.6,5000-19999,2025-03-04 09:38:15
CRANFIELD UNIVERSITY,85422,17.2,13.9,46.5,30.8,27.9,23.2,39.7,60.3,43.2,56.8,49.5,50.5,59.3,40.7,1000-4999,2025-02-18 13:52:37
CRAVEN DISTRICT COUNCIL,84112,15.8,12.5,42.0,26.5,23.6,18.9,43.5,56.5,46.2,53.8,51.7,48.3,58.4,41.6,250-499,2025-03-25 11:28:19
CREDIT SUISSE INTERNATIONAL,64191,32.1,28.8,80.5,67.2,60.6,55.0,18.5,81.5,22.2,77.8,31.4,68.6,70.8,29.2,1000-4999,2025-04-01 15:47:33
CROWN COMMERCIAL SERVICE,84112,14.9,11.6,39.8,23.5,20.4,15.8,45.1,54.9,47.8,52.2,52.9,47.1,57.6,42.4,1000-4999,2025-03-14 12:33:48
CROWN PROSECUTION SERVICE,84112,13.6,10.3,35.1,19.0,16.1,11.8,47.2,52.8,44.5,55.5,51.3,48.7,58.2,41.8,5000-19999,2025-02-12 10:18:22
CUMBRIA COUNTY COUNCIL,84112,15.4,12.1,40.9,25.4,22.5,17.8,44.3,55.7,47.0,53.0,52.0,48.0,58.7,41.3,5000-19999,2025-04-06 09:45:37
CUNARD LINE LIMITED,50100,22.4,19.1,63.2,49.5,43.9,39.4,28.5,71.5,32.2,67.8,41.0,59.0,64.0,36.0,500-999,2025-03-28 14:22:51
DAILY MAIL AND GENERAL TRUST PLC,58110,19.7,16.4,52.7,38.2,34.4,29.3,35.4,64.6,38.9,61.1,46.2,53.8,61.0,39.0,1000-4999,2025-02-23 16:38:44
DAMCO UK LIMITED,52290,21.8,18.5,61.5,47.8,42.2,37.7,29.1,70.9,32.8,67.2,41.4,58.6,63.5,36.5,500-999,2025-03-17 11:17:28
DANONE WATERS UK & IRELAND LIMITED,11040,20.5,17.2,55.3,41.6,37.2,32.1,32.5,67.5,36.0,64.0,43.8,56.2,62.1,37.9,1000-4999,2025-04-04 13:41:12
DAS UK HOLDINGS LIMITED,65120,25.9,22.6,71.4,57.7,51.0,46.5,24.3,75.7,28.0,,,,,,,
BRITISH TELECOMMUNICATIONS PLC,61900,14.8,11.2,45.7,22.1,32.5,28.3,41.2,58.8,38.7,61.3,45.1,54.9,62.3,37.7,5000+,2025-04-05 09:22:15
TESCO STORES LIMITED,"47110,47190",8.2,5.6,28.4,15.7,21.3,18.9,47.8,52.2,44.3,55.7,49.2,50.8,58.1,41.9,5000+,2025-04-06 11:15:33
NATIONAL HEALTH SERVICE TRUST,86101,22.3,18.9,58.2,41.5,12.7,8.3,18.4,81.6,22.1,77.9,28.5,71.5,45.2,54.8,10000+,2025-04-07 14:30:22
BARCLAYS BANK UK PLC,64191,32.1,28.7,68.9,52.3,78.2,65.4,35.7,64.3,42.1,57.9,58.3,41.7,72.6,27.4,5000+,2025-04-08 16:45:12
J SAINSBURY PLC,47110,12.5,9.8,35.2,21.4,25.6,22.1,44.2,55.8,41.3,58.7,48.9,51.1,61.5,38.5,5000+,2025-04-09 10:18:44
MARKS AND SPENCER PLC,47190,15.7,12.3,42.8,28.5,28.7,24.3,39.6,60.4,36.8,63.2,44.7,55.3,59.2,40.8,5000+,2025-04-10 12:22:11
MORRONS SUPERMARKETS PLC,47110,11.4,8.2,31.7,18.9,23.1,20.4,46.1,53.9,43.2,56.8,47.5,52.5,60.3,39.7,5000+,2025-04-11 15:33:28
LLOYDS BANK PLC,64191,29.8,25.4,65.7,48.2,75.3,62.8,38.2,61.8,45.6,54.4,61.9,38.1,74.1,25.9,5000+,2025-04-12 08:55:17
ROYAL MAIL PLC,53201,18.6,14.2,48.3,31.7,35.4,29.8,42.7,57.3,39.5,60.5,48.2,51.8,63.4,36.6,5000+,2025-04-13 13:11:42
BRITISH AIRWAYS PLC,51101,26.4,22.1,59.7,42.8,68.5,55.2,33.9,66.1,40.7,59.3,54.8,45.2,71.3,28.7,5000+,2025-04-14 17:28:59
VODAFONE LIMITED,61900,16.9,13.5,44.2,27.8,30.1,26.4,40.5,59.5,37.8,62.2,46.3,53.7,61.8,38.2,5000+,2025-04-15 09:44:33
SHELL UK LIMITED,06100,28.7,24.3,62.5,45.7,72.8,59.1,36.4,63.6,43.9,56.1,59.7,40.3,73.5,26.5,5000+,2025-04-16 11:57:21
BP PLC,06100,27.2,23.8,61.3,44.2,71.5,57.8,37.1,62.9,44.6,55.4,60.2,39.8,72.9,27.1,5000+,2025-04-17 14:12:08
UNILEVER UK LIMITED,10890,19.5,16.1,49.7,33.2,36.8,31.5,41.3,58.7,38.9,61.1,47.6,52.4,64.2,35.8,5000+,2025-04-18 16:25:45
ROLLS-ROYCE PLC,30300,24.8,20.5,56.9,40.1,65.2,52.7,34.6,65.4,41.8,58.2,55.3,44.7,70.8,29.2,5000+,2025-04-19 10:38:12
ASTON MARTIN LIMITED,29100,31.2,27.6,67.4,50.8,74.6,61.3,32.8,67.2,39.5,60.5,57.9,42.1,73.7,26.3,1000-4999,2025-04-20 12:51:29
JAGUAR LAND ROVER LIMITED,29100,29.1,25.7,64.8,47.3,71.2,58.5,35.7,64.3,42.4,57.6,58.1,41.9,72.4,27.6,5000+,2025-04-21 15:04:36
BMW UK LIMITED,45111,25.6,21.9,58.3,41.7,67.8,54.9,37.2,62.8,44.1,55.9,56.7,43.3,71.5,28.5,5000+,2025-04-22 08:17:43
MERcedes-benz uk limited,45111,26.8,23.2,59.6,43.1,69.1,56.4,36.5,63.5,43.6,56.4,57.3,42.7,72.1,27.9,5000+,2025-04-23 11:30:17
JOHN LEWIS PARTNERSHIP PLC,47190,13.2,10.4,36.8,23.1,26.4,22.7,43.9,56.1,40.8,59.2,47.3,52.7,60.9,39.1,5000+,2025-04-24 13:43:28
BOOTS UK LIMITED,47730,21.7,18.3,52.4,36.8,41.2,35.7,38.5,61.5,35.9,64.1,45.8,54.2,66.3,33.7,5000+,2025-04-25 16:56:09
W H SMITH PLC,47610,17.4,14.6,45.1,29.3,32.6,27.8,41.7,58.3,39.2,60.8,46.5,53.5,63.7,36.3,1000-4999,2025-04-26 09:09:44
ARGOS LIMITED,47910,14.8,11.9,39.2,25.6,28.3,24.1,42.6,57.4,39.8,60.2,46.7,53.3,62.4,37.6,5000+,2025-04-27 11:22:31
CURRYS PLC,47300,16.3,13.1,42.7,27.4,30.5,25.9,40.9,59.1,38.3,61.7,45.2,54.8,64.1,35.9,5000+,2025-04-28 14:35:18
NEXT PLC,47710,18.9,15.7,46.3,31.8,34.7,29.2,39.4,60.6,36.7,63.3,44.8,55.2,65.6,34.4,5000+,2025-04-29 16:48:52
RIVER ISLAND CLOTHING CO LIMITED,47710,22.5,19.1,53.7,38.2,43.8,37.5,37.2,62.8,34.6,65.4,42.9,57.1,67.8,32.2,1000-4999,2025-04-30 10:01:29
TOPSHOP TOPMAN LIMITED,47710,23.8,20.4,55.2,40.7,46.3,39.8,36.1,63.9,33.5,66.5,41.7,58.3,69.2,30.8,1000-4999,2025-05-01 12:14:44
ASDA STORES LIMITED,47110,10.7,7.9,33.1,19.2,24.7,21.3,45.3,54.7,42.6,57.4,48.1,51.9,59.7,40.3,5000+,2025-05-02 15:27:11
CO-OPERATIVE GROUP LIMITED,47110,13.6,10.8,37.5,24.1,27.2,23.6,43.2,56.8,40.5,59.5,47.3,52.7,61.8,38.2,5000+,2025-05-03 08:40:28
WAITROSE LIMITED,47110,11.9,9.1,35.4,21.7,25.8,22.1,44.7,55.3,41.9,58.1,47.8,52.2,60.5,39.5,5000+,2025-05-04 11:53:15
SAINSBURY'S SUPERMARKETS LTD,47110,12.2,9.4,36.1,22.3,26.4,22.8,44.1,55.9,41.7,58.3,47.5,52.5,61.2,38.8,5000+,2025-05-05 14:06:32
Wm MORRISON SUPERMARKETS PLC,47110,11.8,9.0,34.8,21.0,25.3,21.7,45.0,55.0,42.3,57.7,48.2,51.8,60.1,39.9,5000+,2025-05-06 16:19:49
ALDI STORES LIMITED,47110,9.5,6.7,30.2,16.8,22.1,18.9,46.8,53.2,44.1,55.9,49.3,50.7,58.4,41.6,1000-4999,2025-05-07 09:32:24
LIDL UK GMBH,47110,10.1,7.3,31.5,18.1,23.4,20.1,46.2,53.8,43.5,56.5,48.7,51.3,59.2,40.8,1000-4999,2025-05-08 11:45:37
ICELAND FOODS LIMITED,47110,14.3,11.5,38.7,25.2,29.1,25.4,42.8,57.2,40.1,59.9,46.4,53.6,62.7,37.3,1000-4999,2025-05-09 13:58:11
POUNDLAND LIMITED,47190,16.7,13.9,43.1,28.6,31.8,27.2,41.3,58.7,38.6,61.4,45.9,54.1,64.5,35.5,1000-4999,2025-05-10 16:11:28
B&M RETAIL LIMITED,47190,15.2,12.4,40.5,26.8,29.7,25.3,42.0,58.0,39.4,60.6,46.2,53.8,63.1,36.9,1000-4999,2025-05-11 08:24:45
HOME RETAIL GROUP PLC,47910,17.9,14.7,45.3,30.1,33.5,28.7,39.6,60.4,37.2,62.8,44.1,55.9,66.2,33.8,1000-4999,2025-05-12 10:37:52
DIXONS CARPHONE PLC,47300,19.2,16.0,47.8,32.4,35.9,30.6,38.7,61.3,36.1,63.9,43.5,56.5,67.4,32.6,5000+,2025-05-13 12:50:29
KINGFISHER PLC,47330,20.5,17.3,49.1,34.7,37.2,31.8,38.1,61.9,35.4,64.6,42.7,57.3,68.5,31.5,5000+,2025-05-14 15:03:16
TESCO MOBILE LIMITED,61900,13.7,10.9,38.4,24.7,28.5,24.8,43.5,56.5,40.8,59.2,47.1,52.9,61.9,38.1,1000-4999,2025-05-15 17:16:33
VIRGIN MEDIA LIMITED,61900,15.8,12.6,41.7,27.3,31.2,26.9,41.9,58.1,39.3,60.7,46.2,53.8,63.5,36.5,5000+,2025-05-16 09:29:44
SKY UK LIMITED,61300,17.3,14.1,44.2,29.8,33.7,28.4,40.6,59.4,37.9,62.1,45.3,54.7,65.2,34.8,5000+,2025-05-17 11:42:51
BRITISH GAS TRADING LIMITED,35230,24.7,21.3,56.8,40.2,62.5,49.7,35.4,64.6,42.1,57.9,56.8,43.2,71.6,28.4,5000+,2025-05-18 13:55:28
BRITISH AIRWAYS PLC,"51101,51102",28.3,25.7,61.2,45.8,78.5,65.2,35.2,64.8,28.1,71.9,42.7,57.3,68.4,31.6,5000+,2025-04-15 09:22:17
TESCO STORES LIMITED,"47110,47190",8.2,5.1,42.7,28.3,45.8,42.1,48.5,51.5,46.2,53.8,52.1,47.9,58.9,41.1,5000+,2025-04-18 11:33:44
NATIONAL HEALTH SERVICE TRUST,"86101,86102",14.7,11.2,0.0,0.0,0.0,0.0,18.5,81.5,22.3,77.7,31.4,68.6,44.2,55.8,10000+,2025-04-22 16:45:29
BARCLAYS BANK UK PLC,"64110,64191",32.5,29.8,68.4,52.7,85.2,78.9,28.7,71.3,35.2,64.8,48.9,51.1,72.5,27.5,10000+,2025-04-25 14:18:52
MARKS AND SPENCER PLC,"47110,47710",12.3,8.9,35.2,22.1,38.7,35.4,42.1,57.9,39.8,60.2,48.3,51.7,61.2,38.8,5000+,2025-04-28 10:07:33
ROLLS-ROYCE MOTOR CARS LIMITED,"29100,29201",22.8,18.5,54.3,38.2,72.1,68.5,31.4,68.6,28.7,71.3,45.8,54.2,69.7,30.3,250-499,2025-05-02 13:29:41
SAINSBURY'S SUPERMARKETS LTD,"47110,47220",9.7,6.2,31.8,19.7,41.2,38.9,45.3,54.7,43.1,56.9,49.7,50.3,59.4,40.6,5000+,2025-05-05 15:42:18
LLOYDS BANK PLC,"64110,64191",29.4,26.1,65.8,49.3,82.7,76.2,26.8,73.2,33.5,66.5,46.2,53.8,71.3,28.7,10000+,2025-05-08 12:55:27
BRITISH TELECOMMUNICATIONS PLC,"61100,61200",18.6,15.2,42.9,31.5,58.4,54.7,36.2,63.8,40.7,59.3,51.4,48.6,67.8,32.2,10000+,2025-05-12 09:18:44
ASDA STORES LIMITED,"47110,47190",7.3,3.8,28.5,15.2,38.7,35.1,49.2,50.8,47.3,52.7,53.8,46.2,61.5,38.5,5000+,2025-05-15 16:31:52
SHELL UK LIMITED,"06100,06200",24.7,21.3,58.2,43.7,75.9,71.4,29.5,70.5,32.8,67.2,47.3,52.7,70.1,29.9,5000+,2025-05-18 11:24:39
BP OIL UK LIMITED,"06100,06200",26.1,22.8,60.5,46.2,78.3,74.1,27.9,72.1,30.6,69.4,45.7,54.3,68.9,31.1,5000+,2025-05-22 14:47:28
MORRISONS SUPERMARKETS PLC,"47110,47190",10.2,6.8,33.1,20.8,43.5,40.2,44.7,55.3,42.9,57.1,50.6,49.4,60.8,39.2,5000+,2025-05-25 10:13:55
HSBC UK BANK PLC,"64110,64191",31.8,28.5,67.2,51.8,84.1,79.3,25.4,74.6,34.7,65.3,47.9,52.1,73.6,26.4,10000+,2025-05-28 15:58:12
UNIVERSITY OF OXFORD,"85310,85410",19.3,16.7,38.5,27.2,45.8,42.3,32.1,67.9,36.4,63.6,52.7,47.3,68.2,31.8,10000+,2025-06-01 09:36:44
ROYAL MAIL PLC,"49100,49200",15.8,12.4,36.7,24.1,48.2,44.9,39.5,60.5,42.7,57.3,54.2,45.8,65.3,34.7,10000+,2025-06-04 13:22:19
JOHN LEWIS PLC,"47110,47710",11.5,8.1,32.8,19.4,40.1,37.6,43.8,56.2,41.2,58.8,49.7,50.3,62.5,37.5,5000+,2025-06-07 16:45:33
NATIONWIDE BUILDING SOCIETY,"64110,64191",26.7,23.4,59.3,44.8,79.5,74.2,28.3,71.7,35.9,64.1,48.6,51.4,71.8,28.2,5000+,2025-06-11 11:17:48
BRITISH GAS TRADING LIMITED,"35230,35300",21.4,17.9,48.2,34.7,65.8,61.3,33.7,66.3,37.4,62.6,50.2,49.8,67.5,32.5,5000+,2025-06-14 14:52:27
WELLS FARGO BANK UK,"64110,64191",34.2,30.8,71.5,55.2,87.3,82.1,24.1,75.9,31.6,68.4,44.3,55.7,75.2,24.8,1000-4999,2025-06-17 10:28:55
VODAFONE UK LIMITED,"61100,61200",20.3,17.1,45.6,32.8,62.1,58.4,34.8,65.2,38.9,61.1,49.7,50.3,65.4,34.6,5000+,2025-06-21 15:41:12
PRICEWATERHOUSECOOPERS LLP,"69101,69102",35.8,32.4,74.2,58.9,89.5,85.7,22.7,77.3,29.4,70.6,41.8,58.2,76.9,23.1,5000+,2025-06-24 12:09:33
DELOITTE LLP,"69101,69102",36.5,33.1,75.8,60.4,90.7,87.2,21.9,78.1,28.6,71.4,40.5,59.5,78.3,21.7,5000+,2025-06-28 16:23:47
KPMG LLP,"69101,69102",37.2,33.8,76.5,61.2,91.3,88.1,21.2,78.8,27.9,72.1,39.7,60.3,79.1,20.9,5000+,2025-07-01 09:45:18
ERNST & YOUNG LLP,"69101,69102",36.9,33.5,75.2,59.8,90.2,86.7,22.1,77.9,28.8,71.2,41.3,58.7,77.6,22.4,5000+,2025-07-04 13:57:22
THE CO-OPERATIVE GROUP LIMITED,"47110,47190",13.7,10.2,34.5,21.7,42.3,39.8,41.2,58.8,43.7,56.3,51.4,48.6,63.2,36.8,5000+,2025-07-07 15:12:41
BUPA INSURANCE SERVICES LIMITED,"65120,65201",25.4,22.1,56.8,42.3,73.2,69.1,30.6,69.4,33.9,66.1,46.8,53.2,69.5,30.5,250-499,2025-07-11 11:34:28
VIRGIN MEDIA LIMITED,"61100,61200",19.7,16.4,43.2,30.5,59.7,56.1,35.9,64.1,39.8,60.2,50.6,49.4,64.7,35.3,5000+,2025-07-14 14:48:55
SKY UK LIMITED,"59131,59140",22.5,19.2,51.4,37.8,69.5,65.2,32.4,67.6,36.7,63.3,48.2,51.8,67.3,32.7,5000+,2025-07-17 10:21:37
BRITISH AIRWAYS ENGINEERING,"33160,33170",28.9,25.3,62.7,47.2,76.8,72.1,26.8,73.2,29.5,70.5,43.7,56.3,71.2,28.8,1000-4999,2025-07-21 16:05:22
THAMES WATER UTILITIES LIMITED,"36000,37000",19.4,16.1,41.8,28.7,56.3,52.9,37.2,62.8,41.5,58.5,52.8,47.2,66.4,33.6,5000+,2025-07-24 12:33:44
NATIONAL GRID PLC,"35110,35120",23.7,20.4,55.1,40.6,72.4,68.7,31.5,68.5,34.2,65.8,47.9,52.1,68.8,31.2,5000+,2025-07-28 09:58:11
SOUTHERN WATER SERVICES LIMITED,"36000,37000",18.6,15.3,39.7,26.4,52.8,49.2,38.9,61.1,42.3,57.7,53.1,46.9,65.7,34.3,1000-4999,2025-07-31 14:16:38
WATER UK LIMITED,"36000,37000",17.2,13.9,37.5,24.1,49.6,46.3,40.7,59.3,44.2,55.8,54.6,45.4,64.1,35.9,250-499,2025-08-03 11:42:55
ELECTRICITY NORTH WEST LIMITED,"35110,35120",20.8,17.5,46.3,32.8,63.9,60.2,35.4,64.6,38.7,61.3,50.1,49.9,66.2,33.8,1000-4999,2025-08-07 15:27:19
SCOTTISH POWER ENERGY NETWORKS LIMITED,"35110,35120",21.5,18.2,48.7,35.2,66.4,62.8,34.1,65.9,37.3,62.7,49.4,50.6,67.5,32.5,1000-4999,2025-08-10 10:08:33
SSE SCOTTISH HYDRO ELECTRIC LIMITED,"35110,35120",22.3,19.0,50.9,37.4,69.1,65.3,32.8,67.2,35.9,64.1,48.2,51.8,68.7,31.3,1000-4999,2025-08-14 13:51:47
WALES & WEST UTILITIES LIMITED,"35230,35300",19.1,15.8,40.6,27.3,54.2,50.8,38.6,61.4,42.1,57.9,53.7,46.3,65.4,34.6,250-499,2025-08-17 16:14:22
CADENT GAS LIMITED,"35230,35300",20.4,17.1,44.2,30.9,60.5,57.1,36.3,63.7,39.8,60.2,51.4,48.6,66.8,33.2,5000+,2025-08-21 11:36:58
UNITED UTILITIES WATER LIMITED,"36000,37000",18.9,15.6,38.9,25.7,51.4,48.1,39.8,60.2,43.2,56.8,54.3,45.7,64.7,35.3,5000+,2025-08-24 14:59:11
SEVERN TRENT WATER LIMITED,"36000,37000",19.5,16.2,41.3,28.1,55.7,52.3,38.1,61.9,41.7,58.3,53.1,46.9,65.2,34.8,5000+,2025-08-28 09:41:35
ANGEL TRAINS LIMITED,"30110,30200",25.8,22.5,57.3,42.8,74.6,70.9,29.7,70.3,32.4,67.6,46.3,53.7,69.8,30.2,250-499,2025-08-31 13:28:52
NETWORK RAIL INFRASTRUCTURE LIMITED,"42110,42120",24.1,20.8,54.7,40.2,71.3,67.8,31.2,68.8,34.5,65.5,47.2,52.8,68.4,31.6,10000+,2025-09-03 15:53:17
CROSSRAIL LIMITED,"42110,42120",26.3,23.0,59.8,45.3,77.2,73.5,27.9,72.1,30.6,69.4,44.8,55.2,72.1,27.9,1000-4999,2025-09-07 11:15:44
HEATHROW AIRPORT LIMITED,"51101,51102",27.6,24.3,61.5,46.0,79.4,75.7,26.4,73.6,28.9,71.1,43.2,56.8,71.5,28.5,5000+,2025-09-10 14:37:28
GATWICK AIRPORT LIMITED,"51101,51102",26.9,23.6,60.2,44.7,77.8,74.1,27.3,72.7,29.8,70.2,44.5,55.5,70.8,29.2,1000-4999,2025-09-14 10:52:01
STANSTED AIRPORT LIMITED,"51101,51102",25.4,22.1,57.9,42.4,75.1,71.4,28.7,71.3,31.5,68.5,46.1,53.9,69.2,30.8,250-499,2025-09-17 16:08:33
MANCHESTER AIRPORT GROUP PLC,"51101,51102",24.8,21.5,56.3,40.8,73.6,69.9,29.5,70.5,32.2,67.8,47.4,52.6,68.7,31.3,1000-4999,2025-09-20 12:41:47
BIRMINGHAM AIRPORT LIMITED,"51101,51102",23.7,20.4,54.1,38.6,71.2,67.5,30.8,69.2,33.6,66.4,48.9,51.1,67.5,32.5,250-499,2025-09-24 15:24:19
BRITISH SKY BROADCASTING LIMITED,"60200,61100",14.2,11.5,48.3,42.7,31.5,28.9,42.1,57.9,38.2,61.8,45.3,54.7,62.1,37.9,5000-19999,2025-04-02 09:15:22
TESCO STORES LIMITED,"47110,47210",8.9,6.2,35.1,28.4,12.7,11.3,48.5,51.5,46.2,53.8,49.7,50.3,54.8,45.2,20000+,2025-04-01 11:30:45
BARCLAYS BANK PLC,"64110,64999",32.5,26.8,78.2,65.9,68.4,52.1,28.3,71.7,32.5,67.5,45.2,54.8,71.9,28.1,20000+,2025-03-28 16:22:18
NATIONAL HEALTH SERVICE TRUSTS,"86101,86210",19.7,15.3,22.1,18.6,8.4,6.7,23.8,76.2,29.4,70.6,35.7,64.3,48.2,51.8,10000-19999,2025-04-05 14:18:33
BP OIL LIMITED,"06100,06200",23.8,19.4,62.5,58.7,45.3,38.9,35.2,64.8,41.6,58.4,52.7,47.3,68.4,31.6,10000-19999,2025-04-03 10:45:12
MARKS AND SPENCER PLC,"47110,47710",12.3,9.7,41.6,35.2,18.9,16.4,44.7,55.3,42.1,57.9,47.8,52.2,58.3,41.7,5000-19999,2025-04-04 13:22:55
ROLLS-ROYCE POWER ENGINEERING LIMITED,"28110,30300",28.6,24.1,55.7,49.2,52.8,41.3,22.5,77.5,26.8,73.2,38.4,61.6,65.7,34.3,5000-19999,2025-04-02 15:38:27
SAINSBURY'S SUPERMARKETS LTD,"47110,47220",9.7,7.1,38.2,32.5,14.6,12.8,46.3,53.7,44.9,55.1,48.2,51.8,55.4,44.6,10000-19999,2025-04-01 12:14:48
LLOYDS BANKING GROUP PLC,"64110,64910",29.3,25.7,71.8,68.4,61.2,48.5,25.7,74.3,30.2,69.8,42.6,57.4,69.8,30.2,20000+,2025-03-30 09:55:33
BRITISH AIRWAYS PLC,"51101,51102",21.4,17.8,45.9,41.2,38.7,32.1,32.6,67.4,37.2,62.8,46.3,53.7,63.5,36.5,10000-19999,2025-04-05 11:28:19
VODAFONE LIMITED,"61100,61200",16.8,13.2,52.4,47.8,35.1,29.7,39.4,60.6,43.2,56.8,51.6,48.4,67.8,32.2,5000-19999,2025-04-04 16:47:22
UNIVERSITY OF MANCHESTER,"85310,85410",22.1,18.5,28.7,24.3,15.2,12.8,31.7,68.3,36.4,63.6,42.9,57.1,58.2,41.8,10000-19999,2025-04-02 14:33:51
SHELL UK LIMITED,"06100,06200",26.9,22.3,68.7,63.1,58.4,45.7,28.9,71.1,34.5,65.5,48.2,51.8,72.6,27.4,5000-19999,2025-04-03 08:22:15
JOHN LEWIS PARTNERSHIP PLC,"47110,47990",11.5,8.9,39.7,34.1,16.3,14.2,43.8,56.2,41.7,58.3,49.1,50.9,59.6,40.4,5000-19999,2025-04-01 10:18:44
GLAXOSMITHKLINE PLC,"21100,21200",24.7,20.1,58.3,53.6,49.2,38.7,30.4,69.6,35.8,64.2,44.7,55.3,68.1,31.9,10000-19999,2025-04-05 12:55:29
ASDA STORES LIMITED,"47110,47290",10.2,7.6,36.8,31.4,13.5,11.7,45.9,54.1,43.6,56.4,47.3,52.7,54.8,45.2,20000+,2025-04-04 09:33:17
DEUTSCHE BANK AG,"64110,64991",33.8,29.2,76.4,71.8,65.7,52.3,24.1,75.9,28.6,71.4,40.8,59.2,73.5,26.5,5000-19999,2025-03-29 15:42:58
ROYAL MAIL PLC,"49100,49200",18.6,14.9,42.5,37.8,28.4,23.7,36.2,63.8,41.3,58.7,48.7,51.3,64.9,35.1,10000-19999,2025-04-02 16:19:25
BT GROUP PLC,"61100,61200",17.3,13.7,49.8,44.2,32.6,27.1,38.7,61.3,44.5,55.5,50.2,49.8,66.4,33.6,20000+,2025-04-01 13:27:41
UNILEVER UK LIMITED,"10890,10910",21.9,17.6,54.2,48.7,44.3,35.8,33.1,66.9,39.4,60.6,48.8,51.2,69.7,30.3,5000-19999,2025-04-03 11:52:33
HSBC BANK PLC,"64110,64910",30.6,26.8,73.5,69.2,63.1,49.7,26.3,73.7,31.4,68.6,43.7,56.3,71.2,28.8,20000+,2025-03-31 10:44:56
TESCO PERSONAL FINANCE PLC,"64110,64992",25.4,21.7,58.9,54.3,51.2,41.6,29.8,70.2,35.2,64.8,46.9,53.1,67.4,32.6,1000-4999,2025-04-05 15:38:12
NORTHERN IRELAND CIVIL SERVICE,"84110,84120",15.2,11.8,25.6,21.4,12.7,9.8,37.5,62.5,42.1,57.9,48.3,51.7,61.2,38.8,1000-4999,2025-04-04 14:22:47
DIAGEO PLC,"11050,11060",27.3,23.1,61.4,56.8,53.7,42.1,27.6,72.4,33.9,66.1,47.5,52.5,70.8,29.2,5000-19999,2025-04-02 09:18:33
WALMART UK LIMITED,"47110,47990",13.8,10.4,40.2,35.7,19.1,16.3,41.7,58.3,44.2,55.8,49.6,50.4,61.3,38.7,10000-19999,2025-04-01 16:45:29
PRUDENTIAL PLC,"65110,65201",31.7,27.9,74.2,69.5,64.8,51.3,25.4,74.6,29.7,70.3,41.8,58.2,72.9,27.1,5000-19999,2025-03-30 12:33:44
BMW (UK) MANUFACTURING LIMITED,"29100,29200",24.1,20.5,56.8,51.9,48.3,39.2,31.5,68.5,36.7,63.3,45.9,54.1,67.2,32.8,1000-4999,2025-04-03 13:52:18
STARBUCKS COFFEE COMPANY (UK) LIMITED,"56101,56102",8.4,5.1,33.7,28.1,11.2,9.6,47.3,52.7,45.8,54.2,48.9,51.1,53.6,46.4,1000-4999,2025-04-05 10:28:55
MONDELEZ UK LIMITED,"10610,10620",22.6,18.8,57.3,52.6,46.7,37.5,32.8,67.2,38.1,61.9,47.2,52.8,68.5,31.5,5000-19999,2025-04-04 11:47:22
AVIVA PLC,"65110,65202",28.4,24.7,69.1,64.3,59.6,46.8,27.2,72.8,32.6,67.4,44.3,55.7,70.9,29.1,10000-19999,2025-04-02 15:19:41
KING'S COLLEGE LONDON,"85310,85410",20.8,17.2,26.9,22.7,13.8,11.4,33.6,66.4,38.7,61.3,45.2,54.8,56.9,43.1,5000-19999,2025-04-01 14:55:33
JAGUAR LAND ROVER LIMITED,"29100,29200",26.2,22.8,63.5,58.7,54.2,43.1,29.4,70.6,34.8,65.2,46.7,53.3,71.4,28.6,10000-19999,2025-04-03 16:08:17
McDONALD'S RESTAURANTS LIMITED,"56101,56210",6.3,3.1,28.4,23.7,9.8,8.2,49.2,50.8,47.6,52.4,49.8,50.2,52.1,47.9,20000+,2025-04-04 08:44:52
CENTRICA PLC,"35110,35210",19.7,16.1,44.6,39.8,30.2,25.4,35.8,64.2,40.7,59.3,47.9,52.1,62.3,37.7,10000-19999,2025-04-02 12:29:45
EASYJET AIRLINE COMPANY LIMITED,"51101,51102",17.5,14.2,47.3,42.6,33.8,28.2,37.1,62.9,42.4,57.6,49.7,50.3,65.2,34.8,5000-19999,2025-04-05 13:17:28
IMAGINATION TECHNOLOGIES LIMITED,"58210,58290",31.2,27.6,72.8,68.1,62.5,49.3,23.7,76.3,27.9,72.1,39.6,60.4,74.1,25.9,1000-4999,2025-04-03 09:38:11
ROYAL BANK OF SCOTLAND PLC,"64110,64910",32.1,28.4,75.3,70.6,66.2,52.8,25.8,74.2,30.1,69.9,42.3,57.7,73.6,26.4,20000+,2025-03-31 11:22:47
THAMES WATER UTILITIES LIMITED,"36000,37000",21.4,17.8,41.7,37.2,24.6,20.1,32.9,67.1,38.5,61.5,46.8,53.2,63.7,36.3,5000-19999,2025-04-04 15:55:22
NETWORK RAIL INFRASTRUCTURE LIMITED,"49100,49200",16.9,13.5,43.2,38.6,29.7,24.8,36.4,63.6,42.1,57.9,48.5,51.5,64.8,35.2,10000-19999,2025-04-01 16:41:38
IMPERIAL BRANDS PLC,"12000,16200",29.6,25.8,67.9,63.2,57.4,44.6,26.7,73.3,31.2,68.8,43.9,56.1,71.8,28.2,5000-19999,2025-04-02 11:33:54
VIRGIN MEDIA LIMITED,"61100,61200",18.2,14.6,50.7,45.9,34.2,29.1,37.8,62.2,43.6,56.4,50.9,49.1,66.7,33.3,5000-19999,2025-04-03 14:27:15
UNIVERSITY OF OXFORD,"85310,85410",23.5,19.8,29.4,25.1,16.7,13.2,29.3,70.7,34.6,65.4,41.8,58.2,59.4,40.6,10000-19999,2025-04-05 16:02:48
ELECTRICITY NORTH WEST LIMITED,"35110,35220",20.3,16.7,43.8,39.1,27.3,22.8,34.6,65.4,39.2,60.8,47.5,52.5,64.1,35.9,1000-4999,2025-04-04 10:19:31
WELLS FARGO BANK NA,"64110,64991",34.2,30.5,77.6,72.9,67.3,53.8,23.9,76.1,28.2,71.8,40.1,59.9,74.7,25.3,1000-4999,2025-03-29 13:45:22
ARGOS LIMITED,"47110,47990",12.7,9.3,37.5,32.8,17.4,14.9,42.3,57.7,44.8,55.2,48.7,51.3,58.2,41.8,10000-19999,2025-04-01 15:38:44
BURBERRY LIMITED,"14110,14120",28.9,25.1,65.3,60.7,55.8,43.2,27.5,72.5,32.9,67.1,45.6,54.4,70.3,29.7,1000-4999,2025-04-03 12:48:55
CAPITA PLC,"70100,70200",25.8,22.1,59.7,55.0,47.3,38.6,30.2,69.8,35.7,64.3,46.8,53.2,68.4,31.6,10000-19999,2025-04-02 13:24:37
COCA-COLA EUROPEAN PARTNERS UK LIMITED,"11070,11080",21.7,18.1,53.4,48.7,42.6,34.1,33.9,66.1,39.4,60.6,48.1,51.9,67.2,32.8,5000-19999,2025-04-04 16:51:19
BARKLEY TECHNOLOGIES UK LTD,62090,18.3,12.1,45.2,28.7,32.1,29.4,38.2,61.8,42.5,57.5,48.3,51.7,65.9,34.1,250-499,2025-04-08 09:22:15
HARROW FINANCIAL SERVICES PLC,64110,22.7,19.8,58.9,42.3,67.5,71.2,28.4,71.6,31.2,68.8,45.7,54.3,72.1,27.9,1000-4999,2025-04-07 16:45:22
STELLAR RETAIL GROUP LIMITED,"47110,47290",14.2,8.9,31.5,15.8,22.7,19.3,41.5,58.5,39.8,60.2,44.2,55.8,58.3,41.7,500-999,2025-04-09 11:30:45
WESTMORLAND HEALTHCARE TRUST,86101,26.8,23.4,68.7,55.1,78.9,82.3,18.7,81.3,21.4,78.6,35.2,64.8,68.5,31.5,250-499,2025-04-06 14:18:33
MERIDIAN TRANSPORT SOLUTIONS LTD,49410,11.7,6.3,24.8,12.5,15.9,13.7,48.2,51.8,46.3,53.7,49.1,50.9,52.4,47.6,1000-4999,2025-04-05 08:55:12
CORNERSTONE LEGAL PARTNERS LLP,69102,33.5,28.9,82.4,67.8,88.2,91.5,15.3,84.7,18.9,81.1,28.7,71.3,74.6,25.4,250-499,2025-04-08 13:20:29
BRIGHTFUTURE EDUCATION ACADEMY,85200,19.6,15.2,42.1,29.7,38.4,41.8,32.1,67.9,35.6,64.4,41.3,58.7,59.8,40.2,500-999,2025-04-07 10:15:44
NORTHERN ENERGY SUPPLY LTD,35110,21.4,17.6,49.3,34.2,55.7,58.9,29.8,70.2,33.5,66.5,42.7,57.3,66.2,33.8,250-499,2025-04-09 16:42:18
PRECISION MANUFACTURING UK PLC,28150,16.9,11.7,38.6,22.4,28.3,25.7,44.7,55.3,41.9,58.1,46.8,53.2,61.4,38.6,1000-4999,2025-04-06 12:08:55
RIVERSIDE HOSPITALITY GROUP LTD,"55100,56302",13.8,7.2,29.5,14.1,19.6,17.2,47.3,52.7,45.1,54.9,48.6,51.4,54.2,45.8,250-499,2025-04-08 15:35:22
ASCENT CONSULTING SERVICES LTD,70229,24.1,20.3,56.7,41.8,62.4,65.9,25.7,74.3,29.3,70.7,38.5,61.5,69.8,30.2,500-999,2025-04-07 09:45:33
THAMES VALLEY CONSTRUCTION PLC,41100,17.5,12.8,40.2,26.5,31.7,28.4,42.6,57.4,39.8,60.2,45.3,54.7,62.1,37.9,1000-4999,2025-04-09 14:20:11
VITALITY PHARMACEUTICALS UK LTD,21200,28.3,24.7,71.5,58.9,79.8,83.2,16.4,83.6,20.1,79.9,32.8,67.2,71.4,28.6,250-499,2025-04-05 11:28:44
HERITAGE PROPERTY MANAGEMENT LTD,68320,15.9,9.7,33.4,18.6,24.1,21.3,45.2,54.8,43.7,56.3,47.9,52.1,57.5,42.5,500-999,2025-04-08 16:50:29
SILICON VALLEY TECH UK BRANCH,"62020,62090",20.8,16.4,47.9,32.1,41.5,44.2,35.6,64.4,38.9,61.1,44.7,55.3,64.2,35.8,1000-4999,2025-04-06 17:22:55
GREENACRES CARE HOMES LTD,87100,25.2,21.6,62.3,48.7,70.1,73.8,22.8,77.2,26.4,73.6,37.2,62.8,67.5,32.5,250-499,2025-04-07 18:10:12
METRO MEDIA ADVERTISING LTD,73110,19.4,14.7,43.8,28.2,36.7,39.5,33.9,66.1,37.2,62.8,43.6,56.4,61.3,38.7,500-999,2025-04-09 12:45:28
BRIDGEWATER LOGISTICS SOLUTIONS LTD,52290,12.6,6.8,26.9,13.7,17.4,15.1,46.8,53.2,44.9,55.1,48.3,51.7,53.6,46.4,1000-4999,2025-04-08 10:15:41
LAKESIDE TEXTILES MANUFACTURER LTD,13100,22.8,18.5,51.7,36.4,48.2,51.9,30.2,69.8,33.7,66.3,41.8,58.2,65.4,34.6,250-499,2025-04-06 13:30:22
CAPITAL SECURITY SERVICES PLC,80100,27.6,23.9,69.1,56.4,76.3,80.1,19.5,80.5,23.2,76.8,34.7,65.3,70.2,29.8,500-999,2025-04-07 15:20:55
ELITE SPORTS ACADEMY TRUST,85510,18.7,13.2,41.5,25.8,34.9,37.6,36.4,63.6,39.8,60.2,45.1,54.9,60.7,39.3,250-499,2025-04-09 15:10:18
MIDLANDS CHEMICAL PROCESSING LTD,20140,24.9,20.1,57.8,43.2,63.5,67.2,26.3,73.7,30.1,69.9,39.4,60.6,68.7,31.3,1000-4999,2025-04-05 09:45:33
CITY CENTRE RETAIL PARKS LTD,47190,16.2,10.5,37.1,21.9,28.6,25.8,43.7,56.3,41.2,58.8,46.5,53.5,59.4,40.6,500-999,2025-04-08 14:22:47
NOVA TELECOMMUNICATIONS UK LTD,61200,21.3,17.2,48.6,33.7,45.1,48.3,32.8,67.2,36.2,63.8,43.5,56.5,63.9,36.1,250-499,2025-04-06 11:18:29
HERITAGE MUSEUMS AND GALLERIES TRUST,91020,14.8,8.1,31.7,16.2,20.3,18.1,48.6,51.4,46.7,53.3,49.2,50.8,55.1,44.9,250-499,2025-04-07 12:35:52
QUANTUM RESEARCH LABORATORIES LTD,72190,29.7,25.8,74.2,61.5,81.7,85.3,15.2,84.8,18.9,81.1,31.6,68.4,73.5,26.5,500-999,2025-04-09 16:55:11
WESSEX CIVIL ENGINEERING PLC,42110,18.4,13.6,42.7,27.1,35.2,32.6,37.9,62.1,40.8,59.2,46.3,53.7,61.5,38.5,1000-4999,2025-04-08 08:42:18
BRIGHTON HOSPITALITY VENTURES LTD,56101,15.3,9.2,34.6,19.4,25.8,22.7,44.1,55.9,42.6,57.4,47.2,52.8,58.3,41.7,250-499,2025-04-06 15:47:29
NATIONAL INSURANCE BROKERS LTD,66220,23.5,19.7,54.9,40.3,59.7,63.4,27.9,72.1,31.6,68.4,40.8,59.2,67.3,32.7,500-999,2025-04-07 14:28:44
TRINITY ACCOUNTING SERVICES LLP,69201,26.1,22.4,65.8,52.1,73.4,77.2,21.3,78.7,25.0,75.0,36.4,63.6,69.7,30.3,250-499,2025-04-09 13:15:22
PRECISION TOOLING MANUFACTURERS LTD,25930,19.7,14.9,44.3,29.1,37.8,40.6,34.6,65.4,38.1,61.9,44.9,55.1,62.2,37.8,1000-4999,2025-04-05 10:30:55
SOUTHERN ENVIRONMENTAL SERVICES LTD,38110,20.5,15.8,46.2,31.4,40.7,43.5,33.2,66.8,36.9,63.1,43.8,56.2,64.1,35.9,500-999,2025-04-08 13:48:11
LONDON BRIDGE HEALTHCARE CLINIC LTD,86210,27.2,23.5,68.4,55.7,77.1,80.8,18.9,81.1,22.6,77.4,35.1,64.9,70.8,29.2,250-499,2025-04-06 16:22:38
MERSEY PRINTING AND PUBLISHING LTD,18110,17.1,11.3,39.4,23.7,30.1,27.5,42.3,57.7,39.7,60.3,45.8,54.2,60.6,39.4,250-499,2025-04-07 11:55:29
ASCOT FINANCIAL ADVISERS LTD,66190,25.8,21.9,63.1,49.6,71.2,75.1,23.6,76.4,27.3,72.7,38.2,61.8,68.4,31.6,500-999,2025-04-09 14:40:55
CORNWALL FISHING AND AQUACULTURE LTD,03110,13.9,7.6,30.8,15.3,19.7,17.5,47.8,52.2,45.9,54.1,48.7,51.3,54.8,45.2,250-499,2025-04-08 15:15:22
MIDLANDS CONSTRUCTION MATERIALS LTD,23630,21.9,17.8,50.3,35.6,46.8,50.1,31.7,68.3,35.4,64.6,42.9,57.1,64.7,35.3,1000-4999,2025-04-06 12:08:44
BRISTOL CREATIVE AGENCY LLP,74100,18.2,12.6,41.8,26.2,34.3,31.7,38.5,61.5,41.2,58.8,46.1,53.9,61.4,38.6,250-499,2025-04-07 16:30:11
YORKSHIRE WASTE MANAGEMENT LTD,38120,22.4,18.3,52.1,37.8,49.3,52.7,29.8,70.2,33.5,66.5,41.6,58.4,66.2,33.8,500-999,2025-04-09 11:25:33
CAMBRIDGE BIOTECH RESEARCH LTD,72110,30.1,26.4,75.8,63.1,83.4,87.1,14.7,85.3,18.4,81.6,32.2,67.8,74.3,25.7,250-499,2025-04-05 14:50:18
OXFORDSHIRE FARMING COOPERATIVE LTD,01110,16.8,10.9,38.7,23.1,29.4,26.8,43.2,56.8,40.9,59.1,46.3,53.7,60.1,39.9,250-499,2025-04-08 09:35:44
WALES MINING AND QUARRYING LTD,08110,28.5,24.8,72.1,59.3,78.6,82.4,17.3,82.7,21.0,79.0,33.8,66.2,72.1,27.9,1000-4999,2025-04-06 14:45:55
KENT ARCHITECTURAL SERVICES LTD,71111,19.6,14.2,43.5,28.7,36.9,34.2,36.1,63.9,39.7,60.3,45.4,54.6,62.8,37.2,500-999,2025-04-07 13:12:29
NORTHERN IRELAND FOOD PROCESSING LTD,10120,23.2,19.1,55.4,41.8,60.2,63.9,27.1,72.9,30.8,69.2,40.5,59.5,67.9,32.1,250-499,2025-04-09 15:55:44
BARKLEY TECHNOLOGIES LTD,62020,14.8,12.3,28.5,15.2,41.2,38.7,42.1,57.9,38.4,61.6,45.3,54.7,62.8,37.2,250-499,2025-04-15 09:23:17
WESTMINSTER HEALTHCARE PLC,86101,22.6,18.9,45.7,32.1,38.5,42.1,18.7,81.3,22.4,77.6,35.2,64.8,58.9,41.1,1000-4999,2025-04-14 16:45:29
CORNWALL FINANCIAL GROUP,64110,31.2,26.4,68.3,52.7,72.1,65.4,21.3,78.7,28.5,71.5,42.1,57.9,71.2,28.8,500-999,2025-04-13 11:12:44
MERSEY RETAIL CONSORTIUM,"47110,47990",8.3,5.7,22.1,8.9,31.4,29.8,47.2,52.8,44.6,55.4,48.3,51.7,53.9,46.1,250-499,2025-04-12 14:34:52
BRIGHTON HOSPITALITY SERVICES LTD,55100,18.9,14.2,35.6,21.3,44.7,48.2,38.5,61.5,41.2,58.8,52.1,47.9,65.4,34.6,100-249,2025-04-11 10:28:33
THAMES EDUCATION TRUST,85200,15.7,11.8,29.4,16.7,36.2,33.5,24.8,75.2,28.3,71.7,38.6,61.4,45.7,54.3,1000-4999,2025-04-10 15:19:27
YORKSHIRE MANUFACTURING CO,25110,19.4,16.8,42.3,28.5,52.8,46.7,34.2,65.8,39.1,60.9,48.7,51.3,68.5,31.5,500-999,2025-04-09 08:47:15
SCOTLAND ENERGY PARTNERS,35110,24.8,21.2,51.7,38.9,58.3,52.1,28.4,71.6,32.7,67.3,45.8,54.2,69.3,30.7,250-499,2025-04-08 13:56:42
LONDON CREATIVE MEDIA GROUP,"59111,59113",12.6,9.3,25.8,13.7,33.9,31.2,40.8,59.2,43.5,56.5,49.2,50.8,58.1,41.9,100-249,2025-04-07 16:22:58
NORTHERN LOGISTICS NETWORK,49410,16.3,13.5,31.2,19.4,41.5,37.8,45.7,54.3,48.2,51.8,54.6,45.4,67.9,32.1,500-999,2025-04-06 12:15:39
BIRMINGHAM LEGAL SERVICES LLP,69101,29.7,24.1,62.8,45.3,68.7,61.2,19.5,80.5,25.3,74.7,38.9,61.1,65.7,34.3,250-499,2025-04-05 09:41:23
CAMBRIDGE BIOTECH RESEARCH,72110,21.5,17.8,48.2,31.6,54.3,48.9,26.7,73.3,31.4,68.6,44.2,55.8,63.5,36.5,100-249,2025-04-04 14:08:17
WALES CONSTRUCTION PARTNERS,41100,26.8,22.4,55.7,41.2,61.8,55.3,31.2,68.8,36.5,63.5,49.7,50.3,71.4,28.6,1000-4999,2025-04-03 11:33:44
OXFORD RETAIL CHAIN LTD,47190,10.2,7.8,19.5,11.3,28.7,26.4,49.3,50.7,46.8,53.2,51.6,48.4,56.2,43.8,250-499,2025-04-02 15:27:51
BRISTOL ENVIRONMENTAL SERVICES,38110,23.1,19.6,47.8,33.5,56.2,49.8,29.4,70.6,34.1,65.9,46.3,53.7,67.8,32.2,500-999,2025-04-01 08:19:36
MANCHESTER DIGITAL AGENCY,62090,13.7,10.4,26.9,14.8,35.2,32.7,43.6,56.4,46.3,53.7,50.8,49.2,59.4,40.6,100-249,2025-03-31 16:48:22
KENT AGRICULTURAL COOP,1110,17.5,14.9,34.8,22.7,45.1,41.6,36.9,63.1,40.7,59.3,51.2,48.8,64.3,35.7,100-249,2025-03-30 13:24:55
LIVERPOOL SHIPPING SERVICES,50200,20.8,17.3,43.5,29.8,53.6,47.2,32.7,67.3,37.2,62.8,48.9,51.1,66.7,33.3,500-999,2025-03-29 10:52:11
NEWCASTLE PROPERTY GROUP,68100,27.3,23.1,58.4,42.7,64.5,58.9,23.8,76.2,29.6,70.4,41.3,58.7,68.2,31.8,250-499,2025-03-28 14:37:28
CARDIFF FOOD PROCESSING,10130,15.9,12.6,30.4,18.7,39.8,36.5,41.3,58.7,44.9,55.1,52.6,47.4,61.7,38.3,1000-4999,2025-03-27 09:16:43
SHEFFIELD ENGINEERING WORKS,25120,22.7,18.9,49.3,34.1,57.8,51.2,27.5,72.5,32.8,67.2,45.6,54.4,69.1,30.9,500-999,2025-03-26 16:03:57
EXETER TOURISM SERVICES,79110,19.6,15.8,36.2,23.5,46.3,42.7,35.4,64.6,39.8,60.2,50.3,49.7,63.8,36.2,100-249,2025-03-25 11:41:34
NOTTINGHAM PHARMA RESEARCH,72190,25.4,21.7,52.8,39.2,59.7,53.4,24.9,75.1,30.2,69.8,42.7,57.3,67.5,32.5,250-499,2025-03-24 15:28:19
LEEDS FINANCIAL ADVISERS,66121,30.8,26.2,65.1,48.3,69.2,62.8,20.7,79.3,26.4,73.6,39.5,60.5,70.3,29.7,100-249,2025-03-23 08:55:42
PLYMOUTH MARITIME SERVICES,50100,18.2,14.7,35.9,22.1,44.6,40.8,37.2,62.8,41.5,58.5,53.7,46.3,65.9,34.1,500-999,2025-03-22 12:22:07
GLASGOW TEXTILE MANUFACTURER,13100,24.1,20.3,50.6,36.4,58.2,51.9,28.6,71.4,33.9,66.1,46.8,53.2,68.7,31.3,250-499,2025-03-21 16:09:51
BELFAST SECURITY SERVICES,80100,21.7,17.5,44.3,28.7,54.1,48.6,30.4,69.6,35.7,64.3,49.2,50.8,64.5,35.5,100-249,2025-03-20 10:46:23
SOUTHAMPTON RECRUITMENT AGENCY,78100,16.4,13.2,32.5,19.8,42.3,38.7,39.5,60.5,43.2,56.8,51.4,48.6,62.1,37.9,250-499,2025-03-19 14:33:47
DERBY AUTOMOTIVE COMPONENTS,29320,23.8,19.7,51.4,37.2,59.5,52.8,26.8,73.2,31.9,68.1,44.6,55.4,69.8,30.2,500-999,2025-03-18 09:12:31
READING TECHNOLOGY STARTUP,62012,11.8,8.5,23.7,12.9,31.6,29.1,44.2,55.8,47.3,52.7,52.8,47.2,57.6,42.4,100-249,2025-03-17 15:58:14
NORWICH INSURANCE BROKERS,66220,28.5,24.3,61.7,45.8,67.3,60.9,21.6,78.4,27.8,72.2,38.4,61.6,69.7,30.3,250-499,2025-03-16 11:25:38
COVENTRY CIVIL ENGINEERING,42110,25.2,21.1,53.9,39.6,60.8,54.2,25.3,74.7,30.8,69.2,43.5,56.5,68.4,31.6,1000-4999,2025-03-15 08:07:52
BRADFORD RETAIL CHAIN,46410,9.7,6.8,18.2,9.4,27.3,25.1,48.6,51.4,45.9,54.1,50.7,49.3,55.8,44.2,500-999,2025-03-14 16:42:29
SWANSEA HOSPITALITY GROUP,56301,17.3,14.1,33.6,20.9,43.8,40.2,37.1,62.9,40.8,59.2,51.3,48.7,64.6,35.4,250-499,2025-03-13 13:19:44
ABERDEEN OIL SERVICES,06100,32.1,27.8,69.5,52.3,71.8,65.2,18.9,81.1,24.7,75.3,36.2,63.8,72.1,27.9,1000-4999,2025-03-12 10:05:17
PRESTON MANUFACTURING,22220,21.9,18.2,46.7,32.5,55.9,49.3,29.6,70.4,34.7,65.3,47.1,52.9,66.8,33.2,500-999,2025-03-11 14:51:33
CANTERBURY EDUCATION SERVICES,85310,14.2,11.5,28.1,15.6,34.7,32.1,42.8,57.2,45.3,54.7,49.6,50.4,59.2,40.8,100-249,2025-03-10 09:38:56
YORK ARCHITECTURAL SERVICES,71111,26.4,22.7,56.3,41.8,62.1,55.7,23.7,76.3,29.4,70.6,40.8,59.2,69.5,30.5,250-499,2025-03-09 15:24:12
BATH HEALTHCARE PROVIDERS,86102,23.5,19.8,48.9,35.2,57.4,50.8,27.9,72.1,33.2,66.8,45.1,54.9,67.3,32.7,1000-4999,2025-03-08 12:11:45
LUTON AVIATION SERVICES,51101,19.7,16.1,38.4,25.1,48.2,44.6,34.8,65.2,39.3,60.7,49.7,50.3,64.2,35.8,500-999,2025-03-07 16:57:28
PETERBOROUGH FOOD SERVICES,56290,16.8,13.7,31.9,19.5,41.3,37.8,38.7,61.3,42.4,57.6,50.9,49.1,62.5,37.5,250-499,2025-03-06 10:34:51
DUNDEE TECHNOLOGY PARK,62030,13.4,10.1,25.3,13.8,32.8,30.4,43.7,56.3,46.8,53.2,51.4,48.6,58.3,41.7,100-249,2025-03-05 14:22:07
WOLVERHAMPTON METAL WORKS,24420,24.6,20.8,52.1,38.4,59.3,52.7,26.1,73.9,31.5,68.5,44.2,55.8,68.9,31.1,500-999,2025-03-04 09:09:32
STOKE-ON-TRENT DISTRIBUTION,46390,10.5,7.9,20.1,10.7,29.4,27.1,47.2,52.8,44.6,55.4,49.8,50.2,56.7,43.3,1000-4999,2025-03-03 15:45:18
BRIGHTON DIGITAL MARKETING,73110,15.9,12.8,30.7,18.3,38.5,35.2,40.6,59.4,43.9,56.1,51.7,48.3,60.8,39.2,100-249,2025-03-02 11:28:41
SALISBURY FARMING COOP,1500,20.3,16.9,42.8,29.5,53.2,47.6,33.1,66.9,38.4,61.6,48.3,51.7,65.7,34.3,250-499,2025-03-01 08:15:24
CHESTER FINANCIAL SERVICES,64191,29.1,24.7,63.4,46.9,68.5,62.1,21.3,78.7,27.6,72.4,37.8,62.2,70.8,29.2,500-999,2025-02-28 16:02:57
DURHAM UNIVERSITY SERVICES,85420,13.7,10.9,26.4,14.8,33.7,31.4,41.9,58.1,44.6,55.4,50.2,49.8,57.3,42.7,1000-4999,2025-02-27 12:48:33
EXETER CLEANING SERVICES,81210,25.8,21.9,54.2,40.1,60.7,54.3,25.7,74.3,31.2,68.8,43.9,56.1,69.2,30.8,250-499,2025-02-26 10:31:16
HEREFORD TRANSPORT SERVICES,49390,18.5,15.2,36.7,23.8,46.9,43.1,36.4,63.6,41.2,58.8,50.6,49.4,63.7,36.3,500-999,2025-02-25 14:19:44
LINCOLN RESEARCH INSTITUTE,72110,22.1,18.6,47.3,33.8,56.4,50.1,28.3,71.7,33.8,66.2,46.3,53.7,67.5,32.5,100-249,2025-02-24 09:07:28
IPSWICH CONSTRUCTION GROUP,41201,26.7,22.9,57.8,42.3,63.1,56.8,22.9,77.1,28.7,71.3,39.4,60.6,70.3,29.7,1000-4999,2025-02-23 15:54:12
