activity_year,derived_msa-md,state_code,county_code,census_tract,derived_loan_product_type,derived_dwelling_category,derived_ethnicity,derived_race,derived_sex,action_taken,loan_purpose,loan_amount,loan_to_value_ratio,interest_rate,rate_spread,hoepa_status,total_loan_costs,total_points_and_fees,origination_charges,discount_points,lender_credits,loan_term,prepayment_penalty_term,intro_rate_period,negative_amortization,interest_only_payment,balloon_payment,other_nonamortizing_features,property_value,construction_method,occupancy_type,manufactured_home_secured_property_type,manufactured_home_land_property_interest,total_units,multifamily_affordable_units,income,debt_to_income_ratio,applicant_credit_score_type,co-applicant_credit_score_type,applicant_ethnicity-1,co-applicant_ethnicity-1,applicant_ethnicity_observed,co-applicant_ethnicity_observed,applicant_race-1,co-applicant_race-1,applicant_race_observed,co-applicant_race_observed,applicant_sex,co-applicant_sex,applicant_sex_observed,co-applicant_sex_observed,applicant_age,co-applicant_age,applicant_age_above_62,co-applicant_age_above_62,submission_of_application,initially_payable_to_institution
2024,12054,GA,13121.0,13121010529.0,FHA:First Lien,Single Family (1-4 Units):Site-Built,Ethnicity Not Available,Race Not Available,Sex Not Available,6,32.0,225000.0,,6.875,,2.0,16692.05,,10197.8,8302.8,,300.0,,,2.0,2.0,2.0,2.0,275000.0,1.0,1.0,3.0,5.0,1.0,,,,9.0,9.0,4.0,4.0,3,3,7.0,7.0,3,3,4,4,3,3,8888,8888,,,3,3.0
2024,12054,GA,13121.0,13121010531.0,FHA:First Lien,Single Family (1-4 Units):Site-Built,Not Hispanic or Latino,White,Female,Approved,1.0,400000.0,,3.595,,2.0,8500.0,,4500.0,4000.0,,360.0,,,2.0,2.0,2.0,2.0,450000.0,1.0,1.0,1.0,5.0,1.0,,,,2.0,1.0,6.0,5.0,2,3,7.0,6.0,2,3,5,5,3,3,35-44,35-44,Yes,,1,1.0
2024,12054,GA,13121.0,13121010531.0,FHA:First Lien,Single Family (1-4 Units):Site-Built,Hispanic or Latino,Hispanic or Latino,Female,Approved,32.0,200000.0,,6.5,,2.0,4966.0,,3838.8,1127.2,,360.0,,,2.0,2.0,2.0,2.0,210000.0,1.0,1.0,1.0,5.0,1.0,,,,13.0,14.0,3.0,5.0,2,3,7.0,6.0,2,3,5,5,3,3,25-34,25-34,Yes,,13,14.0
2024,12054,GA,13121.0,13121010531.0,FHA:First Lien,Single Family (1-4 Units):Site-Built,Not Hispanic or Latino,White,Female,Approved,1.0,300000.0,,4.35,,1.0,7625.0,,4950.0,2675.0,,360.0,,,2.0,2.0,2.0,2.0,310000.0,1.0,1.0,1.0,5.0,1.0,,,,11.0,11.0,1.0,4.0,2,4,6.0,7.0,2,4,5,5,3,3,35-44,35-44,Yes,,1,1.0
2024,12054,GA,13121.0,13121010531.0,FHA:First Lien,Single Family (1-4 Units):Site-Built,Not Hispanic or Latino,Black,Male,Approved,32.0,298000.0,,5.625,,2.0,4063.0,,3449.8,613.2,,360.0,,,2.0,3.0,3.0,3.0,309000.0,1.0,1.0,1.0,5.0,1.0,,,,12.0,14.0,4.0,6.0,2,2,7.0,7.0,2,2,4,4,3,3,25-34,25-34,Yes,,12,14.0
2024,12054,GA,13121.0,13121010570.0,FHA:First Lien,Single Family (1-4 Units):Site-Built,Hispanic or Latino,White,Female,Approved,1.0,200000.0,,3.355,,2.0,6000.0,,4200.0,1800.0,,360.0,,,2.0,2.0,2.0,2.0,215000.0,1.0,1.0,1.0,5.0,1.0,,,,11.0,11.0,3.0,4.0,2,3,7.0,7.0,2,3,5,5,3,3,45-54,45-54,Yes,,1,1.0
2024,12054,GA,13121.0,13121032220.0,FHA:First Lien,Single Family (1-4 Units):Site-Built,Not Hispanic or Latino,White,Female,Approved,1.0,250000.0,,3.275,,1.0,6100.0,,3000.0,3100.0,,360.0,,,2.0,2.0,2.0,2.0,255000.0,1.0,1.0,3.0,5.0,1.0,,,,9.0,11.0,3.0,4.0,2,3,7.0,6.0,2,3,5,5,3,3,55-64,55-64,Yes,,1,1.0
2024,12054,GA,13121.0,13121043250.0,FHA:First Lien,Single Family (1-4 Units):Site-Built,Not Hispanic or Latino,White,Female,Approved,1.0,320000.0,,2.595,,2.0,9225.0,,6500.0,2725.0,,360.0,,,2.0,2.0,2.0,2.0,345000.0,1.0,1.0,1.0,5.0,1.0,,,,11.0,11.0,4.0,4.0,2,3,9.0,8.0,2,3,5,5,3,3,35-44,35-44,Yes,,1,1.0
2024,12054,GA,13121.0,13121043250.0,FHA:First Lien,Single Family (1-4 Units):Site-Built,Hispanic or Latino,Hispanic or Latino,Male,Approved,1.0,225000.0,,5.25,,1.0,4700.0,,2500.0,2200.0,,360.0,,,2.0,2.0,2.0,2.0,230000.0,1.0,1.0,1.0,5.0,1.0,,,,11.0,10.0,3.0,5.0,2,3,8.0,7.0,2,3,4,4,3,3,55-64,55-64,Yes,,10,11.0
2024,12054,GA,13121.0,13121065020.0,FHA:First Lien,Single Family (1-4 Units):Site-Built,Hispanic or Latino,Hispanic or Latino,Male,Approved,1.0,250000.0,,4.75,,1.0,5000.0,,3200.0,1800.0,,360.0,,,2.0,2.0,2.0,2.0,275000.0,1.0,1.0,1.0,5.0,1.0,,,,10.0,11.0,3.0,5.0,2,2,7.0,7.0,2,2,5,5,3,3,35-44,35-44,Yes,,11,10.0
2024,12054,GA,13121.0,13121065020.0,FHA:First Lien,Single Family (1-4 Units):Site-Built,Not Hispanic or Latino,White,Female,Approved,1.0,600000.0,,4.125,,2.0,11110.0,,5900.0,5210.0,,360.0,,,2.0,2.0,2.0,2.0,650000.0,1.0,1.0,1.0,5.0,1.0,,,,11.0,11.0,2.0,4.0,2,2,7.0,6.0,2,2,5,5,3,3,25-34,25-34,Yes,,1,1.0
2024,12054,GA,13121.0,13121065020.0,FHA:First Lien,Single Family (1-4 Units):Site-Built,Hispanic or Latino,Hispanic or Latino,Male,Preapproval Request Submitted,1.0,400000.0,,5.825,,2.0,6300.0,,4400.0,1900.0,,360.0,,,2.0,2.0,2.0,2.0,425000.0,1.0,1.0,1.0,5.0,1.0,,,,10.0,10.0,3.0,4.0,2,5,6.0,7.0,2,5,4,4,3,3,75+,75+,Yes,,1,1.0
2024,12054,GA,13121.0,13121083410.0,FHA:First Lien,Single Family (1-4 Units):Site-Built,Hispanic or Latino,Hispanic or Latino,Male,Approved,32.0,300000.0,,2.95,,2.0,6340.0,,4000.0,2340.0,,360.0,,,2.0,2.0,2.0,2.0,325000.0,1.0,1.0,1.0,5.0,1.0,,,,11.0,11.0,4.0,4.0,2,2,8.0,8.0,2,2,5,5,3,3,35-44,35-44,Yes,,1,1.0
2024,12054,GA,13121.0,13121083410.0,FHA:First Lien,Single Family (1-4 Units):Site-Built,Hispanic or Latino,Hispanic or Latino,Female,Approved,1.0,200000.0,,4.25,,2.0,5650.0,,4200.0,1450.0,,360.0,,,2.0,2.0,2.0,2.0,205000.0,1.0,1.0,1.0,5.0,1.0,,,,12.0,11.0,3.0,5.0,2,2,7.0,8.0,2,2,4,4,3,3,35-44,35-44,Yes,,1,1.0
2024,12054,GA,13121.0,13121083410.0,FHA:First Lien,Single Family (1-4 Units):Site-Built,Hispanic or Latino,Hispanic or Latino,Female,Denied,32.0,150000.0,,6.25,,2.0,6900.0,,5900.0,1000.0,,360.0,,,2.0,2.0,2.0,2.0,180000.0,1.0,1.0,1.0,5.0,1.0,,,,11.0,11.0,3.0,5.0,2,2,7.0,7.0,2,2,5,5,3,3,55-64,55-64,Yes,,1,1.0
2024,12054,GA,13121.0,13121083410.0,FHA:First Lien,Single Family (1-4 Units):Site-Built,Not Hispanic or Latino,White,Male,Approved,1.0,274000.0,,3.75,,2.0,5650.0,,4400.0,1250.0,,360.0,,,2.0,2.0,2.0,2.0,280000.0,1.0,1.0,1.0,5.0,1.0,,,,10.0,11.0,3.0,5.0,2,2,7.0,7.0,2,2,5,5,3,3,25-34,25-34,Yes,,1,1.0
2024,12054,GA,13121.0,13121090340.0,FHA:First Lien,Single Family (1-4 Units):Site-Built,Hispanic or Latino,Hispanic or Latino,Male,Approved,1.0,349000.0,,6.375,,2.0,9300.0,,6000.0,3300.0,,360.0,,,2.0,2.0,2.0,2.0,414000.0,1.0,1.0,1.0,5.0,1.0,,,,13.0,13.0,3.0,6.0,2,2,8.0,8.0,2,2,5,5,3,3,35-44,35-44,Yes,,1,1.0
2024,12054,GA,13121.0,13121090340.0,FHA:First Lien,Single Family (1-4 Units):Site-Built,Not Hispanic or Latino,White,Female,Approved,1.0,386000.0,,3.75,,2.0,8250.0,,5000.0,3250.0,,360.0,,,2.0,2.0,2.0,2.0,400000.0,1.0,1.0,1.0,5.0,1.0,,,,11.0,11.0,3.0,5.0,2,2,7.0,7.0,2,2,5,5,3,3,25-34,25-34,Yes,,1,1.0
2024,12054,GA,13121.0,13121090340.0,FHA:First Lien,Single Family (1-4 Units):Site-Built,Hispanic or Latino,Hispanic or Latino,Male,Approved,32.0,450000.0,,6.325,,2.0,12290.0,,7700.0,4590.0,,360.0,,,2.0,2.0,2.0,2.0,466000.0,1.0,1.0,1.0,5.0,1.0,,,,13.0,12.0,3.0,5.0,2,2,7.0,6.0,2,2,5,5,3,3,25-34,25-34,Yes,,1,1.0
2024,12054,GA,13121.0,13121111040.0,FHA:First Lien,Single Family (1-4 Units):Site-Built,Hispanic or Latino,Hispanic or Latino,Female,Approved,1.0,214000.0,,3.875,,2.0,6000.0,,4000.0,2000.0,,360.0,,,2.0,2.0,2.0,2.0,245000.0,1.0,1.0,1.0,5.0,1.0,,,,11.0,12.0,4.0,5.0,2,2,7.0,7.0,2,2,4,4,3,3,45-54,45-54,Yes,,1,1.0
2024,12054,GA,13121.0,13121111040.0,FHA:First Lien,Single Family (1-4 Units):Site-Built,Ethnicity Not Available,Race Not Available,Sex Not Available,Approved,1.0,200000.0,,5.925,,1.0,5740.0,,3900.0,1840.0,,360.0,,,2.0,2.0,2.0,2.0,205000.0,1.0,1.0,1.0,5.0,1.0,,,,10.0,11.0,5.0,5.0,2,2,7.0,7.0,2,2,5,5,3,3,55-64,55-64,Yes,,1,1.0
2024,12054,GA,13121.0,13121111040.0,FHA:First Lien,Single Family (1-4 Units):Site-Built,Hispanic or Latino,Hispanic or Latino,Female,Approved,32.0,250000.0,,3.875,,1.0,4380.0,,2710.0,1670.0,,360.0,,,2.0,2.0,2.0,2.0,265000.0,1.0,1.0,1.0,5.0,1.0,,,,12.0,13.0,3.0,5.0,2,2,7.0,8.0,2,2,5,5,3,3,35-44,35-44,Yes,,1,1.0
2024,12054,GA,13121.0,13121111040.0,FHA:First Lien,Single Family (1-4 Units):Site-Built,Not Hispanic or Latino,White,Female,Approved,1.0,270000.0,,3.75,,2.0,5400.0,,3700.0,1700.0,,360.0,,,2.0,2.0,2.0,2.0,285000.0,1.0,1.0,1.0,5.0,1.0,,,,11.0,11.0,2.0,5.0,2,2,7.0,7.0,2,2,5,5,3,3,55-64,55-64,Yes,,1,1.0
2024,12054,GA,13121.0,13121111080.0,FHA:First Lien,Single Family (1-4 Units):Site-Built,Hispanic or Latino,Hispanic or Latino,Male,Approved,32.0,300000.0,,6.375,,2.0,7500.0,,5200.0,2300.0,,360.0,,,2.0,2.0,2.0,2.0,325000.0,1.0,1.0,1.0,5.0,1.0,,,,11.0,11.0,4.0,5.0,2,2,7.0,8.0,2,2,3,3,3,3,65-74,65-74,Yes,,1,1.0
2024,12054,GA,13121.0,13121120040.0,FHA:First Lien,Single Family (1-4 Units):Site-Built,Not Hispanic or Latino,White,Female,Approved,1.0,280000.0,,5.875,,2.0,6207.0,,4000.0,2207.0,,360.0,,,2.0,2.0,2.0,2.0,293000.0,1.0,1.0,1.0,5.0,1.0,,,,10.0,11.0,3.0,5.0,2,2,7.0,7.0,2,2,5,5,3,3,55-64,55-64,Yes,,1,1.0
2024,12054,GA,13121.0,13121120040.0,FHA:First Lien,Single Family (1-4 Units):Site-Built,Hispanic or Latino,Hispanic or Latino,Female,Approved,1.0,212000.0,,3.375,,2.0,6700.0,,4400.0,2300.0,,360.0,,,2.0,2.0,2.0,2.0,225000.0,1.0,1.0,1.0,5.0,1.0,,,,11.0,11.0,4.0,5.0,2,2,8.0,9.0,2,2,5,5,3,3,45-54,45-54,Yes,,1,1.0
2024,12054,GA,13121.0,13121130210.0,FHA:First Lien,Single Family (1-4 Units):Site-Built,Not Hispanic or Latino,White,Female,Approved,1.0,210000.0,,4.375,,1.0,4300.0,,2900.0,1400.0,,360.0,,,2.0,2.0,2.0,2.0,225000.0,1.0,1.0,1.0,5.0,1.0,,,,11.0,11.0,4.0,5.0,2,2,6.0,8.0,2,2,5,5,3,3,35-44,35-44,Yes,,1,1.0
2024,12054,GA,13121.0,13121130210.0,FHA:First Lien,Single Family (1-4 Units):Site-Built,Hispanic or Latino,Hispanic or Latino,Male,Approved,1.0,220000.0,,4.375,,2.0,7300.0,,5000.0,2300.0,,360.0,,,2.0,2.0,2.0,2.0,235000.0,1.0,1.0,1.0,5.0,1.0,,,,11.0,11.0,3.0,6.0,2,2,6.0,6.0,2,2,5,5,3,3,45-54,45-54,Yes,,1,1.0
2024,12054,GA,13121.0,13121141020.0,FHA:First Lien,Single Family (1-4 Units):Site-Built,Hispanic or Latino,Hispanic or Latino,Male,Approved,1.0,230000.0,,6.95,,2.0,9200.0,,6150.0,3050.0,,360.0,,,2.0,2.0,2.0,2.0,245000.0,1.0,1.0,1.0,5.0,1.0,,,,10.0,11.0,3.0,5.0,2,2,8.0,7.0,2,2,5,5,3,3,45-54,45-54,Yes,,1,1.0
2024,12054,GA,13121.0,13121141020.0,FHA:First Lien,Single Family (1-4 Units):Site-Built,Hispanic or Latino,Hispanic or Latino,Male,Preapproval Request Submitted,1.0,200000.0,,6.75,,2.0,7600.0,,4900.0,2700.0,,360.0,,,2.0,2.0,2.0,2.0,215000.0,1.0,1.0,1.0,5.0,1.0,,,,9.0,10.0,3.0,5.0,2,2,7.0,7.0,2,2,5,5,3,3,55-64,55-64,Yes,,1,1.0
2024,12054,GA,13121.0,13121141020.0,FHA:First Lien,Single Family (1-4 Units):Site-Built,Not Hispanic or Latino,White,Male,Approved,1.0,300000.0,,3.85,,2.0,6000.0,,4800.0,1200.0,,360.0,,,2.0,2.0,2.0,2.0,315000.0,1.0,1.0,1.0,5.0,1.0,,,,11.0,11.0,4.0,5.0,2,2,7.0,7.0,2,2,5,5,3,3,25-34,25-34,Yes,,1,1.0
2024,12054,GA,13121.0,13121141020.0,FHA:First Lien,Single Family (1-4 Units):Site-Built,Not Hispanic or Latino,White,Male,Approved,1.0,287000.0,,4.25,,2.0,8000.0,,5700.0,2300.0,,360.0,,,2.0,2.0,2.0,2.0,300000.0,1.0,1.0,1.0,5.0,1.0,,,,10.0,11.0,5.0,5.0,2,2,8.0,9.0,2,2,5,5,3,3,65-74,65-74,Yes,,1,1.0
2024,12054,GA,13121.0,13121150230.0,FHA:First Lien,Single Family (1-4 Units):Site-Built,Hispanic or Latino,Hispanic or Latino,Female,Approved,1.0,220000.0,,5.915,,1.0,5300.0,,4100.0,1200.0,,360.0,,,2.0,2.0,2.0,2.0,235000.0,1.0,1.0,1.0,5.0,1.0,,,,10.0,11.0,3.0,5.0,2,2,8.0,7.0,2,2,5,5,3,3,35-44,35-44,Yes,,1,1.0
2024,12054,GA,13121.0,13121160700.0,FHA:First Lien,Single Family (1-4 Units):Site-Built,Hispanic or Latino,Hispanic or Latino,Female,Approved,1.0,260000.0,,6.235,,1.0,6500.0,,3700.0,2800.0,,360.0,,,2.0,2.0,2.0,2.0,275000.0,1.0,1.0,1.0,5.0,1.0,,,,12.0,12.0,4.0,6.0,2,2,7.0,8.0,2,2,4,4,3,3,35-44,35-44,Yes,,1,1.0
2024,12054,GA,13121.0,13121160700.0,FHA:First Lien,Single Family (1-4 Units):Site-Built,Not Hispanic or Latino,White,Male,Approved,1.0,250000.0,,5.325,,2.0,6400.0,,5400.0,1000.0,,360.0,,,2.0,2.0,2.0,2.0,275000.0,1.0,1.0,1.0,5.0,1.0,,,,10.0,11.0,5.0,6.0,2,2,7.0,7.0,2,2,5,5,3,3,35-44,35-44,Yes,,1,1.0
2024,12054,GA,13121.0,13121160700.0,FHA:First Lien,Single Family (1-4 Units):Site-Built,Hispanic or Latino,Hispanic or Latino,Male,Approved,32.0,180000.0,,5.925,,2.0,5100.0,,3250.0,1850.0,,360.0,,,2.0,2.0,2.0,2.0,195000.0,1.0,1.0,1.0,5.0,1.0,,,,11.0,10.0,2.0,5.0,2,2,7.0,7.0,2,2,5,5,3,3,45-54,45-54,Yes,,1,1.0
2024,12054,GA,13121.0,13121170200.0,FHA:First Lien,Single Family (1-4 Units):Site-Built,Ethnicity Not Available,Race Not Available,Sex Not Available,Approved,1.0,225000.0,,3.875,,2.0,5750.0,,4100.0,1650.0,,360.0,,,2.0,2.0,2.0,2.0,235000.0,1.0,1.0,1.0,5.0,1.0,,,,11.0,11.0,3.0,5.0,,,,,,,,,,,,,,,,
2024,12054,GA,13121.0,13121010529.0,FHA:First Lien,Single Family (1-4 Units):Site-Built,Ethnicity Not Available,Race Not Available,Sex Not Available,6,32.0,225000.0,,6.875,,2.0,16692.05,,10197.8,8302.8,,300.0,,,2.0,2.0,2.0,2.0,275000.0,1.0,1.0,3.0,5.0,1.0,,,,9.0,9.0,4.0,4.0,3,3,7.0,7.0,3,3,4,4,3,3,8888,8888,,,3,3.0
2024,99999,CT,9150.0,9150708100.0,Conventional:Subordinate Lien,Single Family (1-4 Units):Site-Built,Not Hispanic or Latino,White,Male,File closed for incompleteness,32.0,25000.0,,,,3.0,,,,,,240.0,,,2.0,2.0,2.0,2.0,,1.0,1.0,3.0,5.0,1.0,,96.0,,1111.0,1111.0,2.0,5.0,2,4,5.0,8.0,2,4,1,5,2,4,65-74,9999,Yes,,1,1.0
2024,99999,PA,42127.0,42127960600.0,VA:First Lien,Single Family (1-4 Units):Site-Built,Ethnicity Not Available,Race Not Available,Sex Not Available,Application denied,32.0,355000.0,,,,3.0,,,,,,360.0,,,2.0,2.0,2.0,2.0,,1.0,1.0,3.0,5.0,1.0,,108.0,,3.0,10.0,3.0,5.0,2,4,6.0,8.0,2,4,3,5,2,4,65-74,9999,Yes,,1,1.0
2024,15054,NY,12480.0,12480408100.0,Conventional:First Lien,Single Family (1-4 Units):Site-Built,Hispanic or Latino,Hispanic or Latino,Male,Loan originated,1.0,330000.0,75.3,6.125,2.45,1.0,15081.49,10171.04,1.32,221.75,13400.63,360.0,0.0,0.0,0.0,0.0,250000.0,1.0,1.0,3.0,5.0,1.0,1.0,104.0,3.0,11.0,1.0,1.0,2.0,5.0,1.0,9.0,1,2.0,1.0,3,1,1,65-74,80-85,No,,1,1,,,
2024,15054,NY,12480.0,12480408100.0,Conventional:First Lien,Single Family (1-4 Units):Site-Built,Hispanic or Latino,Hispanic or Latino,Female,Loan originated,1.0,330000.0,75.3,6.125,2.45,1.0,15081.49,10171.04,1.32,221.75,13400.63,360.0,0.0,0.0,0.0,0.0,250000.0,1.0,1.0,3.0,5.0,1.0,1.0,104.0,3.0,11.0,1.0,1.0,2.0,5.0,1.0,9.0,1,2.0,1.0,3,1,1,65-74,80-85,No,,1,1,,,
2024,15054,NY,12480.0,12480408100.0,FHA:First Lien,Single Family (1-4 Units):Site-Built,Other,Asian,Male,Preapproval requested for purchase,1.0,330000.0,75.3,6.125,2.45,1.0,15081.49,10171.04,1.32,221.75,13400.63,360.0,0.0,0.0,0.0,0.0,250000.0,1.0,1.0,3.0,5.0,1.0,1.0,104.0,3.0,11.0,1.0,1.0,2.0,5.0,1.0,9.0,1,2.0,1.0,3,1,1,65-74,80-85,No,,1,1,,,
2024,15054,NY,12480.0,12480408100.0,FHA:First Lien,Single Family (1-4 Units):Site-Built,Other,Asian,Female,Preapproval requested for purchase,1.0,330000.0,75.3,6.125,2.45,1.0,15081.49,10171.04,1.32,221.75,13400.63,360.0,0.0,0.0,0.0,0.0,250000.0,1.0,1.0,3.0,5.0,1.0,1.0,104.0,3.0,11.0,1.0,1.0,2.0,5.0,1.0,9.0,1,2.0,1.0,3,1,1,65-74,80-85,No,,1,1,,,
2024,12054,GA,13121.0,13121010529.0,FHA:First Lien,Single Family (1-4 Units):Site-Built,Historical,Black or African American,Not Applicable,Submitted application,1.0,250000.0,80.0,5.75,2.25,1.0,14213.0,7895.3,1.55,200.0,7747.8,300.0,0.0,0.0,0.0,0.0,350000.0,1.0,1.0,3.0,5.0,1.0,1.0,102.0,2.0,11.0,1.0,1.0,2.0,6.0,1.0,8.0,2,4.0,1.0,4,2,3,55-64,8888,Yes,,1,1,,,
2024,12054,GA,13121.0,13121010529.0,FHA:First Lien,Single Family (1-4 Units):Site-Built,Historical,White,Male,Submitted application,1.0,250000.0,80.0,5.75,2.25,1.0,14213.0,7895.3,1.55,200.0,7747.8,300.0,0.0,0.0,0.0,0.0,350000.0,1.0,1.0,3.0,5.0,1.0,1.0,102.0,2.0,11.0,1.0,1.0,2.0,6.0,1.0,8.0,2,4.0,1.0,4,2,3,55-64,8888,Yes,,1,1,,,
2024,12054,GA,13121.0,13121010529.0,FHA:First Lien,Single Family (1-4 Units):Site-Built,Historical,American Indian or Alaska Native,Male,Submitted application,1.0,250000.0,80.0,5.75,2.25,1.0,14213.0,7895.3,1.55,200.0,7747.8,300.0,0.0,0.0,0.0,0.0,350000.0,1.0,1.0,3.0,5.0,1.0,1.0,102.0,2.0,11.0,1.0,1.0,2.0,6.0,1.0,8.0,2,4.0,1.0,4,2,3,55-64,8888,Yes,,1,1,,,
2024,12054,GA,13121.0,13121010529.0,Conventional:First Lien,Single Family (1-4 Units):Site-Built,Not Hispanic or Latino,White,Male,Loan originated,1.0,300000.0,70.0,6.25,1.75,1.0,12540.0,9650.0,1.0,125.0,8900.0,360.0,0.0,0.0,0.0,0.0,400000.0,1.0,1.0,3.0,5.0,1.0,1.0,97.0,1.0,10.0,1.0,1.0,2.0,6.0,1.0,8.0,1,5.0,1.0,4,2,4,65-74,90-99,No,,1,1,,,
2024,12054,GA,13121.0,13121010529.0,Conventional:First Lien,Single Family (1-4 Units):Site-Built,Not Hispanic or Latino,White,Female,Loan originated,1.0,300000.0,70.0,6.25,1.75,1.0,12540.0,9650.0,1.0,125.0,8900.0,360.0,0.0,0.0,0.0,0.0,400000.0,1.0,1.0,3.0,5.0,1.0,1.0,97.0,1.0,10.0,1.0,1.0,2.0,6.0,1.0,8.0,1,5.0,1.0,4,2,4,65-74,90-99,No,,1,1,,,
2024,15054,NY,12480.0,12480408100.0,Conventional:Second Lien,Multi-Family (5+ Units):Site-Built,Other,White,Male,File closed for incompleteness,1.0,530000.0,91.0,7.0,2.0,1.0,23328.5,9334.8,1.5,301.0,14760.0,360.0,0.0,0.0,0.0,0.0,500000.0,1.0,1.0,3.0,1.0,2.0,2.0,108.5,4.0,11.0,2.0,4.0,2.0,6.0,2.0,9.0,1,3.0,1.0,3,2,3,65-74,70-79,No,,1,1,,,
2024,15054,NY,12480.0,12480408100.0,Conventional:Second Lien,Multi-Family (5+ Units):Site-Built,Other,White,Female,File closed for incompleteness,1.0,530000.0,91.0,7.0,2.0,1.0,23328.5,9334.8,1.5,301.0,14760.0,360.0,0.0,0.0,0.0,0.0,500000.0,1.0,1.0,3.0,1.0,2.0,2.0,108.5,4.0,11.0,2.0,4.0,2.0,6.0,2.0,9.0,1,3.0,1.0,3,2,3,65-74,70-79,No,,1,1,,,
2024,15054,NY,12480.0,12480408100.0,Conventional:First Lien,SFR (1-4 Units):Site-Built,Not Hispanic or Latino,White,Female,Submitted application,1.0,350000.0,82.0,6.0,2.1,1.0,17452.9,12000.0,1.0,175.0,10871.7,300.0,0.0,0.0,0.0,0.0,400000.0,1.0,1.0,3.0,5.0,1.0,1.0,101.0,2.0,11.0,1.0,1.0,2.0,6.0,1.0,8.0,1,2.0,2.0,3,3,4,65-74,80-85,No,,1,1,,,
2024,15054,NY,12480.0,12480408100.0,FHA:First Lien,Single Family (1-4 Units):Site-Built,Hispanic or Latino,Hispanic or Latino,Male,Preapproval requested for purchase,1.0,237500.0,85.0,5.5,2.1,1.0,12235.0,8500.0,2.0,100.0,7700.0,300.0,0.0,0.0,0.0,0.0,250000.0,1.0,1.0,3.0,5.0,1.0,1.0,93.5,3.0,10.0,1.0,1.0,2.0,6.0,1.0,9.0,1,1.0,1.0,5,3,5,65-74,80-85,No,,1,1,,,
2024,15054,NY,12480.0,12480408100.0,FHA:First Lien,Single Family (1-4 Units):Site-Built,Other,Asian,Female,Preapproval requested for purchase,1.0,237500.0,85.0,5.5,2.1,1.0,12235.0,8500.0,2.0,100.0,7700.0,300.0,0.0,0.0,0.0,0.0,250000.0,1.0,1.0,3.0,5.0,1.0,1.0,93.5,3.0,10.0,1.0,1.0,2.0,6.0,1.0,9.0,1,1.0,1.0,5,3,5,65-74,80-85,No,,1,1,,,
2024,15054,NY,12480.0,12480408100.0,VA:First Lien,SFR (1-4 Units):Site-Built,Hispanic or Latino,Hispanic or Latino,Male,Application approved but not accepted,1.0,250000.0,80.0,5.25,1.75,1.0,13845.0,9392.0,1.75,90.0,8545.0,300.0,0.0,0.0,0.0,0.0,300000.0,1.0,1.0,1.0,2.0,1.0,2.0,106.0,3.0,9.0,1.0,2.0,2.0,3.0,2.0,9.0,2,3.0,1.0,2,3,4,55-64,8888,No,,1,1,,,
2024,15054,NY,12480.0,12480408100.0,VA:First Lien,SFR (1-4 Units):Site-Built,Hispanic or Latino,Hispanic or Latino,Female,Application approved but not accepted,1.0,250000.0,80.0,5.25,1.75,1.0,13845.0,9392.0,1.75,90.0,8545.0,300.0,0.0,0.0,0.0,0.0,300000.0,1.0,1.0,1.0,2.0,1.0,2.0,106.0,3.0,9.0,1.0,2.0,2.0,3.0,2.0,9.0,2,3.0,1.0,2,3,4,55-64,8888,No,,1,1,,,
2024,15054,NY,12480.0,12480408100.0,Conventional:First Lien,Multi-Family (5+ Units):Site-Built,Other,Asian,Male,Loan originated,1.0,800000.0,73.0,5.5,1.9,1.0,43020.0,30500.0,3.25,87.5,22565.0,300.0,0.0,0.0,0.0,0.0,800000.0,1.0,1.0,3.0,4.0,1.0,2.0,101.0,1.0,8.0,1.0,2.0,2.0,4.0,2.0,8.5,1,2.0,1.0,3,3,3,45-54,8888,Yes,,1,1,,,
2024,15054,NY,12480.0,12480408100.0,Conventional:First Lien,Multi-Family (5+ Units):Site-Built,Other,Asian,Female,Loan originated,1.0,800000.0,73.0,5.5,1.9,1.0,43020.0,30500.0,3.25,87.5,22565.0,300.0,0.0,0.0,0.0,0.0,800000.0,1.0,1.0,3.0,4.0,1.0,2.0,101.0,1.0,8.0,1.0,2.0,2.0,4.0,2.0,8.5,1,2.0,1.0,3,3,3,45-54,8888,Yes,,1,1,,,
2024,12054,GA,13121.0,13121010529.0,VA:First Lien,Single Family (1-4 Units):Site-Built,Historical,White,Female,Application approved but not accepted,1.0,520000.0,78.0,6.0,1.6,1.0,27380.0,19160.0,1.3,110.0,11740.0,360.0,0.0,0.0,0.0,0.0,600000.0,1.0,1.0,3.0,5.0,1.0,1.0,102.0,1.0,12.0,1.0,1.0,2.0,6.0,1.0,8.0,1,2.0,1.0,5,2,3,65-74,9999,Yes,,1,1,,,
2024,12054,GA,13121.0,13121010529.0,FHA:First Lien,Single Family (1-4 Units):Site-Built,Historical,Black or African American,Female,Application approved but not accepted,1.0,520000.0,78.0,6.0,1.6,1.0,27380.0,19160.0,1.3,110.0,11740.0,360.0,0.0,0.0,0.0,0.0,600000.0,1.0,1.0,3.0,5.0,1.0,1.0,102.0,1.0,12.0,1.0,1.0,2.0,6.0,1.0,8.0,1,2.0,1.0,5,2,3,65-74,9999,Yes,,1,1,,,
2024,12054,GA,13121.0,13121010529.0,Conventional:Subordinate Lien,Single Family (1-4 Units):Site-Built,Historical,White,Male,Submitted application,1.0,200000.0,84.0,6.25,2.0,1.0,10820.0,7550.0,1.87,75.0,7020.0,300.0,0.0,0.0,0.0,0.0,200000.0,1.0,1.0,3.0,5.0,1.0,1.0,89.0,2.0,11.0,1.0,2.0,2.0,5.0,1.0,7.5,1,3.0,2.0,5,2,4,65-74,90-99,No,,1,1,,,
2024,12054,GA,13121.0,13121010529.0,Conventional:Subordinate Lien,Single Family (1-4 Units):Site-Built,Historical,White,Female,Submitted application,1.0,200000.0,84.0,6.25,2.0,1.0,10820.0,7550.0,1.87,75.0,7020.0,300.0,0.0,0.0,0.0,0.0,200000.0,1.0,1.0,3.0,5.0,1.0,1.0,89.0,2.0,11.0,1.0,2.0,2.0,5.0,1.0,7.5,1,3.0,2.0,5,2,4,65-74,90-99,No,,1,1,,,
2024,12054,GA,13121.0,13121010529.0,FHA:First Lien,Single Family (1-4 Units):Site-Built,Historical,Asian,Male,Application denied,1.0,250000.0,80.0,6.0,2.25,1.0,14500.0,8200.0,1.5,150.0,8350.0,300.0,0.0,0.0,0.0,0.0,250000.0,1.0,1.0,3.0,5.0,1.0,1.0,95.0,3.0,11.0,1.0,1.0,2.0,3.0,1.0,9.0,1,2.0,2.0,3,3,4,55-64,8888,Yes,,1,1,,,
2024,12054,GA,13121.0,13121010529.0,FHA:First Lien,Single Family (1-4 Units):Site-Built,Historical,Asian,Female,Application denied,1.0,250000.0,80.0,6.0,2.25,1.0,14500.0,8200.0,1.5,150.0,8350.0,300.0,0.0,0.0,0.0,0.0,250000.0,1.0,1.0,3.0,5.0,1.0,1.0,95.0,3.0,11.0,1.0,1.0,2.0,3.0,1.0,9.0,1,2.0,2.0,3,3,4,55-64,8888,Yes,,1,1,,,
2024,15054,NY,12480.0,12480408100.0,Conventional:First Lien,SFR (1-4 Units):Site-Built,Not Hispanic or Latino,White,Female,Preapproval requested for purchase,1.0,380000.0,82.0,5.5,2.0,1.0,19410.0,14000.0,1.25,200.0,11245.0,300.0,0.0,0.0,0.0,0.0,450000.0,1.0,1.0,3.0,5.0,1.0,1.0,99.0,2.0,10.0,1.0,1.0,2.0,6.0,1.0,8.0,1,4.0,2.0,5,3,3,65-74,80-85,No,,1,1,,,
2024,15054,NY,12480.0,12480408100.0,Conventional:First Lien,SFR (1-4 Units):Site-Built,Not Hispanic or Latino,White,Male,Preapproval requested for purchase,1.0,380000.0,82.0,5.5,2.0,1.0,19410.0,14000.0,1.25,200.0,11245.0,300.0,0.0,0.0,0.0,0.0,450000.0,1.0,1.0,3.0,5.0,1.0,1.0,99.0,2.0,10.0,1.0,1.0,2.0,6.0,1.0,8.0,1,4.0,2.0,5,3,3,65-74,80-85,No,,1,1,,,
2024,15054,NY,12480.0,12480408100.0,Conventional:Subordinate Lien,SFR (1-4 Units):Site-Built,Not Hispanic or Latino,White,Female,Loan originated,1.0,420000.0,73.0,6.25,1.8,1.0,22840.0,15020.0,3.25,65.0,18320.0,300.0,0.0,0.0,0.0,0.0,500000.0,1.0,1.0,3.0,5.0,1.0,1.0,101.0,1.0,11.0,1.0,1.0,2.0,5.0,1.0,8.0,1,3.0,1.0,4,2,2,65-74,80-85,No,,1,1,,,
2024,15054,NY,12480.0,12480408100.0,Conventional:Subordinate Lien,SFR (1-4 Units):Site-Built,Not Hispanic or Latino,White,Male,Loan originated,1.0,420000.0,73.0,6.25,1.8,1.0,22840.0,15020.0,3.25,65.0,18320.0,300.0,0.0,0.0,0.0,0.0,500000.0,1.0,1.0,3.0,5.0,1.0,1.0,101.0,1.0,11.0,1.0,1.0,2.0,5.0,1.0,8.0,1,3.0,1.0,4,2,2,65-74,80-85,No,,1,1,,,
2024,12054,GA,13121.0,13121010529.0,Conventional:First Lien,SFR (1-4 Units):Site-Built,Hispanic or Latino,Hispanic or Latino,Male,File closed for incompleteness,1.0,320000.0,82.0,6.0,2.0,1.0,17240.0,11080.0,1.75,165.0,9380.0,300.0,0.0,0.0,0.0,0.0,350000.0,1.0,1.0,3.0,5.0,1.0,1.0,104.0,2.0,10.0,1.0,1.0,2.0,6.0,2.0,8.0,1,2.0,1.0,3,2,3,65-74,80-85,Yes,,1,1,,,
2024,12054,GA,13121.0,13121010529.0,Conventional:First Lien,SFR (1-4 Units):Site-Built,Hispanic or Latino,Hispanic or Latino,Female,File closed for incompleteness,1.0,320000.0,82.0,6.0,2.0,1.0,17240.0,11080.0,1.75,165.0,9380.0,300.0,0.0,0.0,0.0,0.0,350000.0,1.0,1.0,3.0,5.0,1.0,1.0,104.0,2.0,10.0,1.0,1.0,2.0,6.0,2.0,8.0,1,2.0,1.0,3,2,3,65-74,80-85,Yes,,1,1,,,
2024,12054,GA,13121.0,13121010529.0,FHA:First Lien,SFR (1-4 Units):Site-Built,Historical,Biasian,Not Applicable,Preapproval requested for purchase,1.0,220000.0,80.0,6.5,2.25,1.0,12240.0,8054.0,1.45,75.0,6125.0,300.0,0.0,0.0,0.0,0.0,250000.0,1.0,1.0,4.0,5.0,1.0,1.0,100.0,4.0,10.0,1.0,1.0,2.0,4.0,2.0,9.0,1,1.0,1.0,1,2,2,65-74,80-85,No,,1,1,,,
2024,15054,NY,12480.0,12480408100.0,FHA:First Lien,SFR (1-4 Units):Site-Built,Hispanic or Latino,Hispanic or Latino,Male,Submitted application,1.0,280000.0,82.0,5.25,1.9,1.0,15250.0,10680.0,1.5,75.0,9860.0,300.0,0.0,0.0,0.0,0.0,300000.0,1.0,1.0,3.0,1.0,1.0,1.0,94.0,1.0,10.0,1.0,1.0,2.0,5.0,1.0,7.0,2,2.0,1.0,3,3,4,65-74,9999,No,,1,1,,,
2024,15054,NY,12480.0,12480408100.0,FHA:First Lien,SFR (1-4 Units):Site-Built,Hispanic or Latino,Hispanic or Latino,Female,Submitted application,1.0,280000.0,82.0,5.25,1.9,1.0,15250.0,10680.0,1.5,75.0,9860.0,300.0,0.0,0.0,0.0,0.0,300000.0,1.0,1.0,3.0,1.0,1.0,1.0,94.0,1.0,10.0,1.0,1.0,2.0,5.0,1.0,7.0,2,2.0,1.0,3,3,4,65-74,9999,No,,1,1,,,
2024,15054,NY,12480.0,12480408100.0,VA:First Lien,Multi-Family (5+ Units):Site-Built,Hispanic or Latino,Hispanic or Latino,Male,Application approved but not accepted,1.0,850000.0,76.0,6.75,2.35,1.0,51800.0,39020.0,2.5,100.0,39220.0,300.0,0.0,0.0,0.0,0.0,850000.0,1.0,1.0,3.0,3.0,1.0,1.0,106.0,2.0,10.0,1.0,1.0,2.0,6.0,1.0,9.0,1,3.0,1.0,5,3,5,65-74,8888,Yes,,1,1,,,
2024,15054,NY,12480.0,124804081,,,,,,,,,,,,,,,,,,,,,,,,,,,,,,,,,,,,,,,,,,,,,,,,,,,,,
2024,99999,CA,6075.0,6075900700.0,Conventional:First Lien,Single Family (1-4 Units):Site-Built,Not Hispanic or Latino,White,Male,Loan originated,1.0,450000.0,,6.5,0.5,1.0,25000.0,12000.0,13000.0,500.0,12000.0,360.0,0.0,0.0,0.0,0.0,0.0,0.0,0.0,450000.0,1.0,1.0,1.0,1.0,0.0,1.0,65-74,9999.0,1.0,0.0,0.0,0,1,0.0,1.0,0,1,0,1,1,0,0,0,0,,,
2024,99999,NY,36085.0,36085560700.0,Conventional:First Lien,Single Family (1-4 Units):Site-Built,Not Hispanic or Latino,White,Female,Application approved but not accepted,1.0,300000.0,,6.25,0.75,1.0,20000.0,10000.0,10000.0,300.0,10000.0,360.0,0.0,0.0,0.0,0.0,0.0,0.0,0.0,300000.0,1.0,2.0,1.0,1.0,0.0,1.0,35-54,9999.0,0.0,0.0,0.0,0,1,0.0,1.0,0,1,1,0,1,0,0,0,0,,,
2024,12054,GA,13121.0,13121010529.0,FHA:First Lien,Single Family (1-4 Units):Site-Built,Ethnicity Not Available,Race Not Available,Sex Not Available,Loan originated,1.0,225000.0,,6.875,1.0,2.0,16692.05,10000.0,10197.8,8302.8,10000.0,300.0,0.0,0.0,0.0,0.0,0.0,0.0,0.0,275000.0,1.0,1.0,3.0,5.0,1.0,1.0,65-74,9999.0,0.0,0.0,0.0,0,1,0.0,1.0,0,1,1,0,1,0,0,0,0,,,
2024,99999,TX,48391.0,48391030200.0,FHA:First Lien,Single Family (1-4 Units):Site-Built,Hispanic or Latino,White,Male,Loan originated,1.0,350000.0,,7.125,1.25,2.0,22500.0,12000.0,12500.0,8000.0,12000.0,300.0,0.0,0.0,1.0,0.0,0.0,0.0,0.0,380000.0,1.0,2.0,1.0,5.0,1.0,1.0,55-64,9999.0,0.0,0.0,0.0,0,1,0.0,1.0,0,1,1,0,1,0,0,0,0,,,
2024,99999,FL,12051.0,12051108020.0,Conventional:First Lien,Single Family (1-4 Units):Site-Built,Not Hispanic or Latino,Black,Male,Application denied,32.0,400000.0,,6.75,1.0,1.0,30000.0,14000.0,18000.0,8500.0,14000.0,360.0,0.0,0.0,0.0,0.0,0.0,0.0,0.0,450000.0,1.0,1.0,1.0,3.0,1.0,1.0,45-54,9999.0,0.0,0.0,0.0,0,1,1.0,1.0,0,1,1,0,1,0,0,0,0,,,
2024,99999,IL,17031.0,17031020600.0,FHA:First Lien,Single Family (1-4 Units):Site-Built,Hispanic or Latino,Asian,Female,Loan originated,32.0,200000.0,,6.875,1.5,2.0,15000.0,9000.0,9000.0,8000.0,9000.0,300.0,0.0,0.0,0.0,0.0,0.0,0.0,0.0,220000.0,1.0,1.0,1.0,3.0,1.0,1.0,35-54,9999.0,0.0,0.0,0.0,0,1,1.0,1.0,0,1,1,0,1,0,0,0,0,,,
2024,12054,NC,37063.0,37063025000.0,Conventional:First Lien,Single Family (1-4 Units):Site-Built,Not Hispanic or Latino,White,Male,Loan originated,1.0,285000.0,,6.25,0.875,1.0,21000.0,11000.0,11000.0,10000.0,11000.0,360.0,0.0,0.0,0.0,0.0,0.0,0.0,0.0,350000.0,1.0,1.0,1.0,1.0,0.0,0.0,55-64,9999.0,0.0,0.0,0.0,0,1,0.0,0.0,0,1,1,0,1,0,0,0,0,,,
2024,99999,PA,42171.0,42171110400.0,Conventional:First Lien,Single Family (1-4 Units):Site-Built,Hispanic or Latino,Hispanic or Latino,Male,Loan originated,1.0,240000.0,,7.0,1.0,2.0,18000.0,10000.0,10000.0,9500.0,10000.0,360.0,0.0,0.0,0.0,0.0,0.0,0.0,0.0,275000.0,1.0,2.0,1.0,1.0,0.0,0.0,65-74,9999.0,0.0,0.0,0.0,0,1,1.0,0.0,0,1,1,0,1,0,0,0,0,,,
2024,99999,OH,39061.0,39061050000.0,FHA:First Lien,Single Family (1-4 Units):Site-Built,Not Hispanic or Latino,Black,Female,File closed for incompleteness,1.0,410000.0,,7.25,1.25,2.0,28000.0,12000.0,13000.0,12000.0,12000.0,360.0,0.0,0.0,0.0,0.0,0.0,0.0,0.0,450000.0,1.0,1.0,1.0,3.0,0.0,0.0,55-64,9999.0,0.0,0.0,0.0,0,1,1.0,0.0,0,1,1,0,1,0,0,0,0,,,
2024,99999,WA,53057.0,53057010700.0,Conventional:First Lien,Single Family (1-4 Units):Site-Built,Not Hispanic or Latino,White,Female,Loan originated,1.0,320000.0,,6.9,0.5,2.0,25000.0,12500.0,13000.0,12000.0,12500.0,360.0,1.0,0.0,0.0,0.0,0.0,0.0,0.0,400000.0,1.0,1.0,1.0,1.0,0.0,1.0,45-54,9999.0,0.0,0.0,0.0,0,1,0.0,1.0,0,1,1,0,1,0,0,0,0,,,
2024,99999,MA,25017.0,25017040100.0,FHA:First Lien,Single Family (1-4 Units):Site-Built,Hispanic or Latino,Hispanic or Latino,Male,Loan originated,1.0,325000.0,,6.875,1.125,2.0,18000.0,10000.0,10000.0,9500.0,10000.0,300.0,0.0,0.0,0.0,0.0,0.0,0.0,0.0,375000.0,1.0,1.0,1.0,3.0,0.0,1.0,35-54,9999.0,0.0,0.0,0.0,0,1,0.0,0.0,0,1,1,0,1,0,0,0,0,,,
2024,99999,VA,51079.0,51079030900.0,Conventional:First Lien,Single Family (1-4 Units):Site-Built,Not Hispanic or Latino,White,Male,Loan originated,1.0,250000.0,,6.75,0.75,1.0,20000.0,11000.0,11000.0,10000.0,11000.0,360.0,0.0,0.0,0.0,0.0,0.0,0.0,0.0,300000.0,1.0,1.0,1.0,1.0,0.0,1.0,55-64,9999.0,0.0,0.0,0.0,0,1,0.0,0.0,0,1,1,0,1,0,0,0,0,,,
2024,12054,MO,29181.0,29181050800.0,Conventional:First Lien,Single Family (1-4 Units):Site-Built,Hispanic or Latino,Black,Male,Loan originated,1.0,200000.0,,6.75,0.75,1.0,12000.0,9000.0,9000.0,8500.0,9000.0,360.0,0.0,0.0,0.0,0.0,0.0,0.0,0.0,250000.0,1.0,1.0,1.0,2.0,0.0,1.0,45-54,9999.0,0.0,0.0,0.0,0,1,1.0,0.0,0,1,1,0,1,0,0,0,0,,,
2024,99999,CO,8043.0,08043013000.0,FHA:First Lien,Single Family (1-4 Units):Site-Built,Not Hispanic or Latino,White,Female,Application approved but not accepted,32.0,385000.0,,7.0,1.25,2.0,27500.0,13000.0,13000.0,12000.0,13000.0,300.0,0.0,0.0,0.0,0.0,0.0,0.0,0.0,450000.0,1.0,1.0,3.0,5.0,1.0,1.0,45-54,9999.0,0.0,0.0,0.0,0,1,1.0,0.0,0,1,1,0,1,0,0,0,0,,,
2024,99999,MD,24019.0,24019182800.0,Conventional:First Lien,Single Family (1-4 Units):Site-Built,Ethnicity Not Available,Race Not Available,Sex Not Available,Loan originated,1.0,500000.0,,7.25,0.75,2.0,35000.0,17000.0,18000.0,16000.0,17000.0,360.0,0.0,0.0,0.0,0.0,0.0,0.0,0.0,600000.0,1.0,1.0,3.0,5.0,1.0,1.0,55-64,9999.0,0.0,0.0,0.0,0,1,0.0,0.0,0,1,1,0,1,0,0,0,0,,,
2024,99999,NJ,34061.0,34061080600.0,FHA:First Lien,Single Family (1-4 Units):Site-Built,Hispanic or Latino,Asian,Male,Loan originated,1.0,265000.0,,7.0,1.0,2.0,18000.0,10000.0,10000.0,9500.0,10000.0,300.0,0.0,0.0,0.0,0.0,0.0,0.0,0.0,300000.0,1.0,1.0,1.0,3.0,1.0,1.0,35-54,9999.0,0.0,0.0,0.0,0,1,0.0,0.0,0,1,1,0,1,0,0,0,0,,,
2024,99999,IL,17031.0,17031005800.0,Conventional:First Lien,Single Family (1-4 Units):Site-Built,Not Hispanic or Latino,White,Female,File closed for incompleteness,1.0,255000.0,,6.75,0.5,2.0,18000.0,11000.0,11000.0,10500.0,11000.0,360.0,0.0,0.0,0.0,0.0,0.0,0.0,0.0,300000.0,1.0,1.0,1.0,1.0,0.0,0.0,45-54,9999.0,0.0,0.0,0.0,0,1,0.0,0.0,0,1,1,0,1,0,0,0,0,,,
2024,99999,OR,41029.0,41029026000.0,Conventional:First Lien,Single Family (1-4 Units):Site-Built,Ethnicity Not Available,Race Not Available,Sex Not Available,Loan originated,1.0,380000.0,,6.625,0.5,1.0,25000.0,13000.0,13000.0,12500.0,13000.0,360.0,0.0,0.0,0.0,0.0,0.0,0.0,0.0,425000.0,1.0,1.0,1.0,5.0,1.0,0.0,55-64,9999.0,0.0,0.0,0.0,0,1,0.0,0.0,0,1,1,0,1,0,0,0,0,,,
2024,99999,GA,13067.0,13067041100.0,FHA:First Lien,Single Family (1-4 Units):Site-Built,Ethnicity Not Available,Race Not Available,Sex Not Available,Loan originated,1.0,335000.0,,7.0,1.25,2.0,19000.0,10000.0,10000.0,9500.0,10000.0,300.0,0.0,0.0,0.0,0.0,0.0,0.0,0.0,375000.0,1.0,1.0,3.0,5.0,1.0,0.0,45-54,9999.0,0.0,0.0,0.0,0,1,1.0,0.0,0,1,1,0,1,0,0,0,0,,,
2024,12054,NY,36095.0,36095010400.0,Conventional:First Lien,Single Family (1-4 Units):Site-Built,Not Hispanic or Latino,White,Female,Loan originated,1.0,500000.0,,6.5,0.25,1.0,30000.0,16000.0,16000.0,15000.0,16000.0,360.0,0.0,0.0,0.0,0.0,0.0,0.0,0.0,550000.0,1.0,1.0,1.0,1.0,0.0,0.0,65-74,9999.0,0.0,0.0,0.0,0,1,1.0,0.0,0,1,1,0,1,0,0,0,0,,,
2024,99999,FL,12019.0,12019070100.0,Conventional:First Lien,Single Family (1-4 Units):Site-Built,Not Hispanic or Latino,Hispanic or Latino,Male,Application denied,32.0,320000.0,,6.75,1.25,2.0,20000.0,11000.0,11000.0,10000.0,11000.0,360.0,0.0,0.0,0.0,0.0,0.0,0.0,0.0,375000.0,1.0,1.0,3.0,3.0,1.0,0.0,55-64,9999.0,0.0,0.0,0.0,0,1,0.0,0.0,0,1,1,0,1,0,0,0,0,,,
2024,99999,NC,37123.0,37123070500.0,Conventional:First Lien,Single Family (1-4 Units):Site-Built,Not Hispanic or Latino,White,Male,Loan originated,1.0,420000.0,,6.875,0.75,2.0,28000.0,14000.0,15000.0,13000.0,14000.0,360.0,0.0,0.0,0.0,0.0,0.0,0.0,0.0,475000.0,1.0,1.0,1.0,1.0,0.0,0.0,55-64,9999.0,0.0,0.0,0.0,0,1,1.0,0.0,0,1,1,0,1,0,0,0,0,,,
2024,99999,MI,26061.0,26061000800.0,FHA:First Lien,Single Family (1-4 Units):Site-Built,Ethnicity Not Available,Race Not Available,Sex Not Available,Application denied,1.0,290000.0,,6.875,1.0,2.0,18000.0,10000.0,10000.0,9000.0,10000.0,300.0,0.0,0.0,0.0,0.0,0.0,0.0,0.0,310000.0,1.0,1.0,3.0,5.0,1.0,1.0,55-64,9999.0,0.0,0.0,0.0,0,1,1.0,0.0,0,1,1,0,1,0,0,0,0,,,
2024,99999,WA,53007.0,53007010700.0,Conventional:First Lien,Single Family (1-4 Units):Site-Built,Not Hispanic or Latino,Hispanic or Latino,Male,File closed for incompleteness,1.0,310000.0,,6.75,1.0,2.0,18000.0,10000.0,10000.0,9500.0,10000.0,360.0,0.0,0.0,0.0,0.0,0.0,0.0,0.0,350000.0,1.0,1.0,1.0,3.0,1.0,0.0,65-74,9999.0,0.0,0.0,0.0,0,1,0.0,0.0,0,1,1,0,1,0,0,0,0,,,
2024,99999,TX,48391.0,48391430200.0,FHA:First Lien,Single Family (1-4 Units):Site-Built,Not Hispanic or Latino,White,Male,Loan originated,1.0,310000.0,,6.25,0.75,1.0,18000.0,9000.0,9000.0,8500.0,9000.0,300.0,0.0,0.0,0.0,0.0,0.0,0.0,0.0,350000.0,1.0,2.0,1.0,3.0,0.0,1.0,45-54,9999.0,0.0,0.0,0.0,0,1,0.0,0.0,0,1,1,0,1,0,0,0,0,,,
2024,12054,HK,46022.0,46022052100.0,Conventional:First Lien,Single Family (1-4 Units):Site-Built,Hispanic or Latino,White,Female,Application approved but not accepted,1.0,310000.0,,7.0,1.0,2.0,19000.0,10000.0,10000.0,9000.0,10000.0,360.0,0.0,0.0,0.0,0.0,0.0,0.0,0.0,350000.0,1.0,1.0,1.0,1.0,1.0,0.0,55-64,9999.0,0.0,0.0,0.0,0,1,0.0,0.0,0,1,1,0,1,0,0,0,0,,,
2024,99999,VIRG,78047.0,78047019000.0,FHA:First Lien,Single Family (1-4 Units):Site-Built,Not Hispanic or Latino,White,Male,Loan originated,1.0,445000.0,,6.875,1.0,1.0,30000.0,12000.0,13000.0,12000.0,12000.0,300.0,0.0,0.0,0.0,0.0,0.0,0.0,0.0,500000.0,1.0,1.0,1.0,1.0,0.0,0.0,65-74,9999.0,0.0,0.0,0.0,0,1,1.0,0.0,0,1,1,0,1,0,0,0,0,,,
2024,99999,CA,60377.0,60377002200.0,FHA:First Lien,Single Family (1-4 Units):Site-Built,Not Hispanic or Latino,White,Female,Application approved but not accepted,1.0,245000.0,,6.75,1.0,2.0,15000.0,10000.0,10000.0,9000.0,10000.0,300.0,0.0,0.0,0.0,0.0,0.0,0.0,0.0,300000.0,1.0,2.0,1.0,5.0,1.0,1.0,35-54,9999.0,0.0,0.0,0.0,0,1,0.0,0.0,0,1,1,0,1,0,0,0,0,,,
2024,99999,MN,27073.0,27073001000.0,Conventional:First Lien,Single Family (1-4 Units):Site-Built,Ethnicity Not Available,Race Not Available,Sex Not Available,Loan originated,1.0,275000.0,,6.625,0.5,1.0,19000.0,10000.0,12000.0,9000.0,10000.0,360.0,0.0,0.0,0.0,0.0,0.0,0.0,0.0,325000.0,1.0,1.0,1.0,1.0,0.0,0.0,55-64,9999.0,0.0,0.0,0.0,0,1,0.0,0.0,0,1,1,0,1,0,0,0,0,,,
2024,99999,PA,42031.0,42031530700.0,Conventional:First Lien,Single Family (1-4 Units):Site-Built,Not Hispanic or Latino,Black,Male,Application denied,32.0,330000.0,,6.75,0.75,1.0,20000.0,11000.0,11000.0,10500.0,11000.0,360.0,0.0,0.0,0.0,0.0,0.0,0.0,0.0,380000.0,1.0,2.0,1.0,3.0,1.0,0.0,45-54,9999.0,0.0,0.0,0.0,0,1,0.0,1.0,0,1,1,0,1,0,0,0,0,,,
2024,99999,FL,12051.0,12051780200.0,Conventional:First Lien,Single Family (1-4 Units):Site-Built,Not Hispanic or Latino,White,Female,Loan originated,1.0,430000.0,,6.75,0.5,2.0,28500.0,12000.0,13500.0,12000.0,12000.0,360.0,0.0,0.0,0.0,0.0,0.0,0.0,0.0,500000.0,1.0,1.0,1.0,1.0,0.0,0.0,65-74,9999.0,0.0,0.0,0.0,0,1,0.0,0.0,0,1,1,0,1,0,0,0,0,,,
2024,99999,WI,55025.0,55025020500.0,FHA:First Lien,Single Family (1-4 Units):Site-Built,Ethnicity Not Available,Race Not Available,Sex Not Available,Loan originated,1.0,240000.0,,6.75,1.0,2.0,15000.0,9000.0,9000.0,8500.0,9000.0,300.0,0.0,0.0,0.0,0.0,0.0,0.0,0.0,280000.0,1.0,1.0,3.0,5.0,1.0,1.0,55-64,9999.0,0.0,0.0,0.0,0,1,0.0,0.0,0,1,1,0,1,0,0,0,0,,,
2024,99999,TX,48001.0,48001130300.0,Conventional:First Lien,Single Family (1-4 Units):Site-Built,Ethnicity Not Available,Race Not Available,Sex Not Available,Loan originated,1.0,315000.0,,6.875,1.0,1.0,19000.0,10000.0,10000.0,9000.0,10000.0,360.0,0.0,0.0,0.0,0.0,0.0,0.0,0.0,380000.0,1.0,1.0,3.0,5.0,1.0,1.0,65-74,9999.0,0.0,0.0,0.0,0,1,0.0,0.0,0,1,1,0,1,0,0,0,0,,,
2024,99999,AZ,4021.0,04021030000.0,FHA:First Lien,Single Family (1-4 Units):Site-Built,Ethnicity Not Available,Race Not Available,Sex Not Available,Loan originated,1.0,305000.0,,7.0,1.0,2.0,17000.0,10000.0,10000.0,9000.0,10000.0,300.0,0.0,0.0,0.0,0.0,0.0,0.0,0.0,360000.0,1.0,1.0,3.0,5.0,1.0,0.0,55-64,9999.0,0.0,0.0,0.0,0,1,1.0,0.0,0,1,1,0,1,0,0,0,0,,,
2024,99999,NY,36061.0,36061111300.0,Conventional:First Lien,Single Family (1-4 Units):Site-Built,Hispanic or Latino,Hispanic or Latino,Female,Application approved but not accepted,1.0,300000.0,,6.75,0.75,1.0,18000.0,10000.0,10000.0,9500.0,10000.0,360.0,0.0,0.0,0.0,0.0,0.0,0.0,0.0,350000.0,1.0,2.0,1.0,3.0,1.0,1.0,45-54,9999.0,0.0,0.0,0.0,0,1,1.0,1.0,0,1,1,0,1,0,0,0,0,,,
2024,99999,CA,60753.0,60753040800.0,VA:First Lien,Single Family (1-4 Units):Site-Built,Not Hispanic or Latino,White,Male,Loan originated,1.0,450000.0,,6.5,0.5,1.0,35000.0,14000.0,16000.0,12000.0,14000.0,360.0,0.0,0.0,0.0,0.0,0.0,0.0,0.0,520000.0,1.0,1.0,1.0,1.0,0.0,1.0,65-74,9999.0,0.0,0.0,0.0,0,1,0.0,1.0,0,1,1,0,1,0,0,0,0,,,
2024,99999,MA,25017.0,25017070600.0,Conventional:First Lien,Single Family (1-4 Units):Site-Built,Not Hispanic or Latino,White,Male,Loan originated,1.0,485000.0,,6.75,0.75,1.0,33000.0,13500.0,14000.0,12500.0,13500.0,360.0,0.0,0.0,0.0,0.0,0.0,0.0,0.0,550000.0,1.0,1.0,1.0,1.0,0.0,0.0,65-74,9999.0,0.0,0.0,0.0,0,1,1.0,0.0,0,1,1,0,1,0,0,0,0,,,
2024,99999,SC,45001.0,45001001100.0,FHA:First Lien,Single Family (1-4 Units):Site-Built,Not Hispanic or Latino,White,Female,Application denied,32.0,280000.0,,6.875,0.75,2.0,20000.0,11000.0,11000.0,10000.0,11000.0,300.0,0.0,0.0,0.0,0.0,0.0,0.0,0.0,310000.0,1.0,1.0,1.0,1.0,0.0,1.0,55-64,9999.0,0.0,0.0,0.0,0,1,1.0,0.0,0,1,1,0,1,0,0,0,0,,,
2024,99999,ID,16041.0,16041010400.0,FHA:First Lien,Single Family (1-4 Units):Site-Built,Ethnicity Not Available,Race Not Available,Sex Not Available,Loan originated,1.0,300000.0,,7.0,1.0,2.0,17000.0,10000.0,10000.0,9000.0,10000.0,300.0,0.0,0.0,0.0,0.0,0.0,0.0,0.0,38.0,,,,,,,,,,,,,,,,,,,,,,,,,,,
2024,99999,WI,55047.0,55047060400.0,Conventional:First Lien,Single Family (1-4 Units):Site-Built,Hispanic or Latino,Hispanic or Latino,Male,Approved for loan,1.0,425000.0,70.0,,,,,,,,,,,,,,,,,,,,,,,,,,,,,,,,,,,,,,,,,,,,
2024,15010,CA,4020.0,4020709100.0,Conventional:First Lien,Single Family (1-4 Units):Site-Built,Not Hispanic or Latino,White,Male,1,1.0,430000.0,81.0,6.475,1.57,1.0,5500.0,3000.0,2500.0,500.0,2000.0,360.0,0.0,0.0,2.0,2.0,2.0,2.0,450000.0,1.0,1.0,3.0,5.0,3.0,,106.0,,1111.0,1111.0,3.0,5.0,2,4,7.0,8.0,2,4,1,5,2,4,65-74,9999,Yes,1111.0,1,1.0
2024,20050,NJ,1001.0,1001702500.0,FHA:First Lien,Single Family (1-4 Units):Site-Built,Ethnicity Not Available,Race Not Available,Sex Not Available,4,32.0,275000.0,92.0,7.25,2.25,3.0,4500.0,2000.0,2500.0,250.0,1750.0,360.0,2.0,2.0,2.0,2.0,2.0,2.0,,1.0,1.0,3.0,5.0,1.0,,109.0,,1.0,1.0,4.0,5.0,2,4,6.0,7.0,2,4,1,5,2,4,65-74,9999,Yes,,1,1.0
2024,99999,WV,5800.0,5800704000.0,VA:Second Lien,Single Family (1-4 Units):Site-Built,Ethnicity Not Available,Race Not Available,Sex Not Available,2,1.0,250000.0,89.0,5.83,1.23,3.0,1900.0,950.0,950.0,200.0,750.0,240.0,0.0,0.0,2.0,2.0,2.0,2.0,280000.0,1.0,1.0,3.0,5.0,1.0,,108.0,,1111.0,1111.0,2.0,5.0,2,4,5.0,8.0,2,4,1,5,2,4,70-74,9999,No,,1,1.0
2024,48880,NY,11111.0,1111199000.0,Conventional:First Lien,Single Family (1-4 Units):Site-Built,Hispanic or Latino,White,Female,1,32.0,305000.0,86.0,6.67,1.75,1.0,4200.0,2000.0,2200.0,300.0,1300.0,360.0,0.0,0.0,2.0,2.0,2.0,2.0,350000.0,1.0,1.0,3.0,5.0,3.0,,115.0,,1111.0,1111.0,3.0,5.0,2,4,7.0,8.0,2,4,2,4,2,3,60-64,7777,Yes,,1,1.0
2024,77000,FL,1000.0,1000000000.0,Conventional:Subordinate Lien,Single Family (1-4 Units):Site-Built,Not Hispanic or Latino,White,Male,1,1.0,280000.0,92.5,7.15,1.85,3.0,3800.0,1500.0,2300.0,300.0,1000.0,300.0,0.0,0.0,2.0,2.0,2.0,2.0,310000.0,1.0,1.0,3.0,5.0,3.0,,111.0,,1111.0,1111.0,3.0,5.0,2,4,7.0,8.0,2,4,1,5,2,4,65-74,9999,Yes,1111.0,1,1.0
2024,99999,OH,1988.0,1988704300.0,FHA:First Lien,Single Family (1-4 Units):Site-Built,Ethnicity Not Available,Race Not Available,Sex Not Available,1,32.0,185000.0,95.0,6.42,1.62,3.0,2500.0,1000.0,1500.0,200.0,800.0,300.0,2.0,2.0,2.0,2.0,2.0,2.0,200000.0,1.0,1.0,3.0,5.0,1.0,,109.0,,1.0,1.0,4.0,5.0,2,4,6.0,7.0,2,4,1,5,2,4,65-74,9999,Yes,,1,1.0
2024,40010,VA,8908.0,8908700000.0,VA:First Lien,Single Family (1-4 Units):Site-Built,Ethnicity Not Available,Race Not Available,Sex Not Available,6,32.0,325000.0,89.0,7.33,2.13,3.0,3000.0,1500.0,1500.0,200.0,1000.0,360.0,0.0,0.0,2.0,2.0,2.0,2.0,365000.0,1.0,1.0,3.0,5.0,1.0,,100.0,,1111.0,1111.0,3.0,5.0,2,4,7.0,8.0,2,4,1,5,2,4,70-74,9999,No,,1,1.0
2024,22200,MD,1030.0,1030703200.0,Conventional:First Lien,Single Family (1-4 Units):Site-Built,Ethnicity Not Available,Race Not Available,Sex Not Available,1,1.0,450000.0,88.0,6.37,1.47,1.0,6500.0,3500.0,3000.0,500.0,2000.0,300.0,2.0,2.0,2.0,2.0,2.0,2.0,510000.0,1.0,1.0,3.0,5.0,3.0,,107.0,,1.0,1.0,3.0,5.0,2,4,7.0,8.0,2,4,1,5,2,4,70-74,9999,Yes,,1,1.0
2024,99999,MI,2551.0,2551703900.0,FHA:First Lien,Single Family (1-4 Units):Site-Built,Hispanic or Latino,Black,Female,1,5.0,220000.0,88.0,6.52,1.98,1.0,2800.0,1200.0,1700.0,250.0,900.0,300.0,0.0,0.0,2.0,2.0,2.0,2.0,250000.0,1.0,1.0,3.0,5.0,3.0,,110.0,,1111.0,1111.0,1.0,5.0,2,4,6.0,7.0,2,4,2,4,2,3,65-74,7777,Yes,,1,1.0
2024,11220,GA,1273.0,1273701000.0,VA:First Lien,Single Family (1-4 Units):Site-Built,Not Hispanic or Latino,White,Female,5,32.0,365000.0,92.0,7.2,2.1,3.0,3800.0,2000.0,1800.0,300.0,1000.0,360.0,2.0,2.0,2.0,2.0,2.0,2.0,400000.0,1.0,1.0,3.0,5.0,1.0,,113.0,,1111.0,1111.0,3.0,5.0,2,4,6.0,8.0,2,4,1,5,2,4,70-74,9999,No,,1,1.0
2024,99999,DE,2275.0,2275703000.0,FHA:First Lien,Single Family (1-4 Units):Site-Built,Ethnicity Not Available,Race Not Available,Sex Not Available,4,32.0,320000.0,90.0,7.03,2.23,1.0,4800.0,2000.0,2800.0,250.0,1750.0,300.0,2.0,2.0,2.0,2.0,2.0,2.0,360000.0,1.0,1.0,3.0,5.0,1.0,,102.0,,1.0,1.0,4.0,5.0,2,4,6.0,7.0,2,4,1,5,2,4,60-64,7777,Yes,,1,1.0
2024,55522,AL,1053.0,1053700500.0,Conventional:First Lien,Single Family (1-4 Units):Site-Built,Ethnicity Not Available,Race Not Available,Sex Not Available,1,1.0,225000.0,80.0,6.09,1.29,1.0,3200.0,1700.0,1500.0,200.0,1000.0,300.0,0.0,0.0,2.0,2.0,2.0,2.0,240000.0,1.0,1.0,3.0,5.0,3.0,,113.0,,1111.0,1111.0,3.0,5.0,2,4,7.0,8.0,2,4,1,5,2,4,65-74,9999,Yes,,1,1.0
2024,11550,CO,5150.0,5150702200.0,Conventional:First Lien,Single Family (1-4 Units):Site-Built,Not Hispanic or Latino,White,Female,1,32.0,480000.0,92.0,7.12,1.82,1.0,7000.0,3500.0,3500.0,300.0,1500.0,360.0,2.0,2.0,2.0,2.0,2.0,2.0,530000.0,1.0,1.0,3.0,5.0,3.0,,111.0,,1111.0,1111.0,3.0,5.0,2,4,7.0,8.0,2,4,2,4,2,3,65-74,7777,Yes,,1,1.0
2024,18022,VT,1000.0,1000702000.0,FHA:Second Lien,Single Family (1-4 Units):Site-Built,Ethnicity Not Available,Race Not Available,Sex Not Available,4,32.0,160000.0,95.0,6.35,1.65,3.0,1700.0,850.0,850.0,100.0,600.0,300.0,0.0,0.0,2.0,2.0,2.0,2.0,180000.0,1.0,1.0,3.0,5.0,1.0,,103.0,,1.0,1.0,4.0,5.0,2,4,6.0,7.0,2,4,1,5,2,4,65-74,9999,Yes,,1,1.0
2024,99999,MA,1000.0,1000705900.0,Conventional:First Lien,Single Family (1-4 Units):Site-Built,Hispanic or Latino,White,Female,1,32.0,310000.0,88.0,6.71,1.61,1.0,4800.0,2200.0,2600.0,400.0,1000.0,360.0,0.0,0.0,2.0,2.0,2.0,2.0,345000.0,1.0,1.0,3.0,5.0,3.0,,114.0,,1111.0,1111.0,3.0,5.0,2,4,7.0,8.0,2,4,2,4,2,3,60-64,7777,Yes,,1,1.0
2024,7200,CT,9001.0,9001707000.0,FHA:First Lien,Single Family (1-4 Units):Site-Built,Ethnicity Not Available,Race Not Available,Sex Not Available,1,1.0,550000.0,91.0,7.32,2.12,3.0,3500.0,1500.0,2000.0,300.0,1000.0,300.0,2.0,2.0,2.0,2.0,2.0,2.0,600000.0,1.0,1.0,3.0,5.0,1.0,,112.0,,1111.0,1111.0,1.0,5.0,2,4,6.0,7.0,2,4,1,5,2,4,70-74,9999,Yes,,1,1.0
2024,99999,NC,1600.0,1600709000.0,Conventional:Subordinate Lien,Single Family (1-4 Units):Site-Built,Ethnicity Not Available,Race Not Available,Sex Not Available,1,1.0,390000.0,87.0,6.8,1.67,1.0,4500.0,2000.0,2500.0,300.0,1000.0,300.0,2.0,2.0,2.0,2.0,2.0,2.0,420000.0,1.0,1.0,3.0,5.0,3.0,,108.0,,1.0,1.0,3.0,5.0,2,4,7.0,8.0,2,4,1,5,2,4,70-74,9999,Yes,,1,1.0
2024,7800,IL,9930.0,9930700100.0,Conventional:First Lien,Single Family (1-4 Units):Site-Built,Ethnicity Not Available,Race Not Available,Sex Not Available,6,32.0,280000.0,90.0,6.57,1.77,3.0,3800.0,1500.0,2300.0,250.0,1300.0,360.0,2.0,2.0,2.0,2.0,2.0,2.0,310000.0,1.0,1.0,3.0,5.0,1.0,,110.0,,1.0,1.0,1.0,5.0,2,4,6.0,8.0,2,4,3,2,2,2,70-74,7777,No,,1,1.0
2024,99999,TN,3823.0,3823705000.0,FHA:First Lien,Single Family (1-4 Units):Site-Built,Ethnicity Not Available,Race Not Available,Sex Not Available,1,1.0,255000.0,86.0,6.73,1.83,1.0,2900.0,1200.0,1800.0,200.0,700.0,300.0,0.0,0.0,2.0,2.0,2.0,2.0,280000.0,1.0,1.0,3.0,5.0,1.0,,113.0,,1111.0,1111.0,1.0,5.0,2,4,7.0,8.0,2,4,1,5,2,4,70-74,9999,No,,1,1.0
2024,7770,SC,2281.0,2281701300.0,VA:First Lien,Single Family (1-4 Units):Site-Built,Ethnicity Not Available,Race Not Available,Sex Not Available,1,32.0,480000.0,89.0,7.04,1.94,1.0,4800.0,2200.0,2600.0,400.0,1000.0,300.0,2.0,2.0,2.0,2.0,2.0,2.0,530000.0,1.0,1.0,3.0,5.0,1.0,,105.0,,1111.0,1111.0,1.0,5.0,2,4,6.0,8.0,2,4,3,3,2,2,60-64,7777,Yes,,1,1.0
2024,99999,OK,3000.0,3000703000.0,FHA:First Lien,Single Family (1-4 Units):Site-Built,Ethnicity Not Available,Race Not Available,Sex Not Available,1,1.0,220000.0,92.0,7.08,2.08,3.0,3000.0,1500.0,1500.0,200.0,1000.0,300.0,2.0,2.0,2.0,2.0,2.0,2.0,240000.0,1.0,1.0,3.0,5.0,1.0,,108.0,,1111.0,1111.0,1.0,5.0,2,4,5.0,8.0,2,4,1,5,2,4,65-74,9999,No,,1,1.0
2024,66720,AR,3200.0,3200702000.0,Conventional:First Lien,Single Family (1-4 Units):Site-Built,Hispanic or Latino,White,Male,1,1.0,300000.0,85.0,6.5,1.6,1.0,3500.0,1700.0,1800.0,300.0,1000.0,300.0,2.0,2.0,2.0,2.0,2.0,2.0,340000.0,1.0,1.0,3.0,5.0,3.0,,113.0,,1111.0,1111.0,1.0,5.0,2,4,7.0,8.0,2,4,1,5,2,4,60-64,7777,Yes,,1,1.0
2024,99999,IN,3225.0,3225109000.0,VA:First Lien,Single Family (1-4 Units):Site-Built,Ethnicity Not Available,Race Not Available,Sex Not Available,1,32.0,260000.0,93.0,6.89,1.89,3.0,2800.0,1200.0,1600.0,200.0,800.0,300.0,2.0,2.0,2.0,2.0,2.0,2.0,280000.0,1.0,1.0,3.0,5.0,1.0,,107.0,,1111.0,1111.0,1.0,5.0,2,4,6.0,8.0,2,4,1,5,2,4,65-74,9999,Yes,,1,1.0
2024,7790,NH,4500.0,4500709000.0,Conventional:First Lien,Single Family (1-4 Units):Site-Built,Ethnicity Not Available,Race Not Available,Sex Not Available,1,1.0,375000.0,88.0,6.39,1.59,1.0,5100.0,2300.0,2800.0,400.0,1200.0,300.0,2.0,2.0,2.0,2.0,2.0,2.0,410000.0,1.0,1.0,3.0,5.0,3.0,,108.0,,1111.0,1111.0,3.0,5.0,2,4,6.0,7.0,2,4,3,2,2,2,70-74,7777,Yes,,1,1.0
2024,99999,OR,3200.0,3200706400.0,FHA:First Lien,Single Family (1-4 Units):Site-Built,Ethnicity Not Available,Race Not Available,Sex Not Available,1,32.0,200000.0,88.0,7.1,1.84,1.0,2600.0,1100.0,1500.0,200.0,800.0,300.0,2.0,2.0,2.0,2.0,2.0,2.0,230000.0,1.0,1.0,3.0,5.0,1.0,,115.0,,1111.0,1111.0,4.0,5.0,2,4,5.0,7.0,2,4,1,5,2,4,70-74,9999,Yes,,1,1.0
2024,20330,PA,42127.0,42127960600.0,Conventional:First Lien,Single Family (1-4 Units):Site-Built,Ethnicity Not Available,Race Not Available,Sex Not Available,1,1.0,335000.0,92.0,6.6,1.5,1.0,4200.0,2000.0,2200.0,400.0,1200.0,300.0,2.0,2.0,2.0,2.0,2.0,2.0,370000.0,1.0,1.0,3.0,5.0,3.0,,108.0,,1111.0,1111.0,3.0,5.0,2,4,6.0,8.0,2,4,1,5,2,4,70-74,9999,Yes,,1,1.0
2024,99999,WI,8000.0,8000705000.0,VA:First Lien,Single Family (1-4 Units):Site-Built,Ethnicity Not Available,Race Not Available,Sex Not Available,5,32.0,250000.0,86.0,6.3,1.72,1.0,2100.0,900.0,1200.0,100.0,700.0,360.0,0.0,0.0,2.0,2.0,2.0,2.0,275000.0,1.0,1.0,3.0,5.0,1.0,,106.0,,1111.0,1111.0,3.0,5.0,2,4,5.0,7.0,2,4,1,5,2,4,65-74,9999,Yes,,1,1.0
2024,6650,KS,2207.0,2207708300.0,FHA:First Lien,Single Family (1-4 Units):Site-Built,Ethnicity Not Available,Race Not Available,Sex Not Available,1,32.0,350000.0,89.0,6.52,1.92,3.0,2900.0,1300.0,1600.0,200.0,800.0,300.0,2.0,2.0,2.0,2.0,2.0,2.0,400000.0,1.0,1.0,3.0,5.0,1.0,,100.0,,1.0,1.0,1.0,5.0,2,4,5.0,8.0,2,4,1,5,2,4,60-64,7777,Yes,,1,1.0
2024,99999,RI,1000.0,1000703200.0,Conventional:Subordinate Lien,Single Family (1-4 Units):Site-Built,Ethnicity Not Available,Race Not Available,Sex Not Available,1,32.0,410000.0,92.0,6.92,1.72,1.0,6100.0,3000.0,3100.0,600.0,1500.0,300.0,2.0,2.0,2.0,2.0,2.0,2.0,450000.0,1.0,1.0,3.0,5.0,3.0,,111.0,,1111.0,1111.0,3.0,5.0,2,4,6.0,8.0,2,4,1,5,2,4,65-74,9999,Yes,,1,1.0
2024,99999,WY,1600.0,1600703000.0,Conventional:First Lien,Single Family (1-4 Units):Site-Built,Not Hispanic or Latino,White,Male,1,1.0,230000.0,91.0,6.8,1.6,1.0,2700.0,1200.0,1500.0,200.0,800.0,360.0,0.0,0.0,2.0,2.0,2.0,2.0,260000.0,1.0,1.0,3.0,5.0,3.0,,110.0,,1111.0,1111.0,1.0,5.0,2,4,6.0,8.0,2,4,1,5,2,4,65-74,9999,Yes,,1,1.0
2024,99999,LA,1250.0,1250702000.0,VA:First Lien,Single Family (1-4 Units):Site-Built,Ethnicity Not Available,Race Not Available,Sex Not Available,4,32.0,240000.0,88.0,6.7,1.75,3.0,2500.0,1000.0,1500.0,200.0,750.0,300.0,0.0,0.0,2.0,2.0,2.0,2.0,270000.0,1.0,1.0,3.0,5.0,1.0,,106.0,,1111.0,1111.0,1.0,5.0,2,4,5.0,7.0,2,4,1,5,2,4,65-74,9999,No,,1,1.0
2024,9010,MS,1073.0,1073708000.0,FHA:First Lien,Single Family (1-4 Units):Site-Built,Ethnicity Not Available,Race Not Available,Sex Not Available,1,1.0,180000.0,92.0,7.08,2.08,3.0,2500.0,1000.0,1500.0,200.0,750.0,300.0,2.0,2.0,2.0,2.0,2.0,2.0,200000.0,1.0,1.0,3.0,5.0,1.0,,107.0,,1111.0,1111.0,1.0,5.0,2,4,5.0,7.0,2,4,1,5,2,4,70-74,9999,No,,1,1.0
2024,99999,ID,1500.0,1500704100.0,Conventional:First Lien,Single Family (1-4 Units):Site-Built,Ethnicity Not Available,Race Not Available,Sex Not Available,6,32.0,300000.0,90.0,7.2,2.03,3.0,4200.0,1800.0,2400.0,300.0,1400.0,360.0,2.0,2.0,2.0,2.0,2.0,2.0,330000.0,1.0,1.0,3.0,5.0,3.0,,100.0,,1.0,1.0,4.0,5.0,2,4,6.0,8.0,2,4,2,4,2,3,60-64,7777.Yes,,1.0,1,
2024,6700,MO,6500.0,6500701000.0,VA:First Lien,Single Family (1-4 Units):Site-Built,Ethnicity Not Available,Race Not Available,Sex Not Available,1,1.0,360000.0,89.0,6.71,1.86,1.0,4400.0,2000.0,2400.0,300.0,1100.0,360.0,0.0,0.0,2.0,2.0,2.0,2.0,400000.0,1.0,1.0,3.0,5.0,1.0,,108.0,,1.0,1.0,1.0,5.0,2,4,6.0,8.0,2,4,1,5,2,4,70-74,9999,Yes,,1,1.0
2024,99999,NE,2000.0,2000700100.0,FHA:First Lien,Single Family (1-4 Units):Site-Built,Ethnicity Not Available,Race Not Available,Sex Not Available,1,1.0,320000.0,94.0,7.02,1.8,1.0,2800.0,1200.0,1600.0,200.0,800.0,300.0,0.0,0.0,2.0,2.0,2.0,2.0,360000.0,1.0,1.0,3.0,5.0,1.0,,107.0,,1111.0,1111.0,1.0,5.0,2,4,5.0,7.0,2,4,2,4,2,3,60-64,7777,Yes,,1,1.0
2024,99999,AZ,1300.0,,,,,,,,,,,,,,,,,,,,,,,,,,,,,,,,,,,,,,,,,,,,,,,,,,,,,,
2024,12054,GA,13121.0,13121010529.0,FHA:First Lien,Single Family (1-4 Units):Site-Built,Ethnicity Not Available,Race Not Available,Sex Not Available,6,32.0,225000.0,,6.875,,2.0,16692.05,,10197.8,8302.8,,300.0,,,2.0,2.0,2.0,2.0,275000.0,1.0,1.0,3.0,5.0,1.0,,,,9.0,9.0,4.0,4.0,3,3,7.0,7.0,3,3,4,4,3,3,8888,8888,,,3,3.0
2024,99999,CT,9150.0,9150708100.0,Conventional:Subordinate Lien,Single Family (1-4 Units):Site-Built,Not Hispanic or Latino,White,Male,File closed for incompleteness,32.0,25000.0,,,,3.0,,,,,,240.0,,,2.0,2.0,2.0,2.0,,1.0,1.0,3.0,5.0,1.0,,96.0,,1111.0,1111.0,2.0,5.0,2,4,5.0,8.0,2,4,1,5,2,4,65-74,9999,Yes,,1,1.0
2024,99999,PA,42127.0,42127960600.0,VA:First Lien,Single Family (1-4 Units):Site-Built,Ethnicity Not Available,Race Not Available,Sex Not Available,Application denied,32.0,355000.0,,,,3.0,,,,,,360.0,,,2.0,2.0,2.0,2.0,,1.0,1.0,3.0,5.0,1.0,,108.0,,3.0,10.0,3.0,5.0,2,4,6.0,8.0,2,4,3,5,2,4,65-74,9999,Yes,,1,1.0
2024,99999,NY,36061.0,36061032000.0,Conventional:First Lien,Single Family (1-4 Units):Site-Built,Hispanic or Latino,Black or African American,Male,Loan originated,1.0,100000.0,,5.5,1.5,3.0,2450.0,1480.0,970.0,500.0,1250.0,30.0,360.0,360.0,,,,,,1.0,1.0,1.0,4.0,4.0,2.0,4.0,3.5,4.0,4.0,5.0,4.0,5.0,4.0,3.0,2.0,4,4,2,3,70-74,80-85,No,,1,1.0,,
2024,99999,TX,48201.0,4820170511.0,FHA:First Lien,Single Family (1-4 Units):Site-Built,Not Hispanic or Latino,White,Male,Loan originated,5.0,275000.0,,7.0,1.75,4.0,4400.0,2750.0,1700.0,1100.0,1650.0,24.0,360.0,360.0,,,,,,1.0,1.0,1.0,3.0,2.0,2.0,4.0,4.0,3.0,3.0,4.0,3.0,5.0,4.5,1.0,5.0,3,3,60-64,9999,No,,1,1,,,,
2024,99999,CAL,6075.0,06075820200.0,VA:First Lien,Single Family (1-4 Units):Site-Built,Not Hispanic or Latino,Asian,Male,Loan originated,10.0,425000.0,,4.75,1.25,2.0,1900.0,1200.0,700.0,600.0,700.0,24.0,360.0,360.0,,,,,,1.0,1.0,3.0,3.0,1.0,1.0,3.5,4.0,3.0,2.0,4.0,4.0,5.5,5.0,2.0,4.0,3,4,70-74,75-79,No,,1,1,,,,
2024,12054,GA,13121.0,13121010529.0,FHA:First Lien,Single Family (1-4 Units):Site-Built,Ethnicity Not Available,Race Not Available,Sex Not Available,6,32.0,225000.0,,6.875,,2.0,16692.05,,10197.8,8302.8,,300.0,,,2.0,2.0,2.0,2.0,275000.0,1.0,1.0,3.0,5.0,1.0,,,,9.0,9.0,4.0,4.0,3,3,7.0,7.0,3,3,4,4,3,3,8888,8888,,,3,3.0
2024,99999,WI,55037.0,55037021100.0,Conventional:First Lien,Single Family (1-4 Units):Site-Built,Hispanic or Latino,Black or African American,Female,Loan originated,15.0,600000.0,,7.25,2.0,2.0,5000.0,3000.0,2000.0,1500.0,2000.0,30.0,360.0,360.0,2.0,1.0,1.0,1.0,,2.0,1.0,1.0,5.0,2.0,2.0,4.0,4.5,5.0,3.0,3.0,2.0,5.5,5.5,3.0,2.0,3,1,50-54,54-59,No,,1,1,,,,
2024,99999,NJ,34015.0,34015040900.0,VA:First Lien,Single Family (1-4 Units):Site-Built,Not Hispanic or Latino,White,Male,Application denied,15.0,125000.0,,7.75,3.0,4.0,3200.0,1800.0,1400.0,1200.0,1000.0,24.0,360.0,360.0,,,,,,1.0,1.0,3.0,3.0,1.0,1.0,4.0,3.5,2.0,3.0,3.0,2.0,5.0,4.0,3.0,3.0,4,1,65-74,80-85,No,,1,1,,,,
2024,99999,NH,33015.0,33015028108.0,FHA:First Lien,Single Family (1-4 Units):Site-Built,Not Hispanic or Latino,White,Female,Loan originated,32.0,175000.0,,5.5,1.0,3.0,1400.0,900.0,500.0,400.0,800.0,24.0,360.0,360.0,,,,,,1.0,1.0,4.0,3.0,2.0,1.0,4.5,4.0,4.0,2.0,4.0,2.0,5.0,5.0,2.0,3.0,3,1,60-64,70-74,No,,1,1,,,,
2024,99999,OR,41043.0,41043520409.0,FHA:First Lien,Single Family (1-4 Units):Site-Built,Not Hispanic or Latino,White,Female,Loan originated,10.0,340000.0,,5.25,1.25,4.0,2700.0,1800.0,900.0,800.0,1100.0,24.0,360.0,360.0,,,,,,1.0,1.0,5.0,3.0,1.0,2.0,4.0,3.0,3.0,2.0,3.0,3.0,4.0,5.0,2.0,2.0,2,2,55-59,55-64,No,,1,1,,,,
2024,99999,OH,39053.0,39053081600.0,Conventional:First Lien,Single Family (1-4 Units):Site-Built,Hispanic or Latino,Other,Other,Loan originated,20.0,235000.0,,7.0,1.75,3.0,3500.0,2000.0,1500.0,1000.0,700.0,30.0,360.0,360.0,2.0,1.0,1.0,2.0,,1.0,1.0,4.0,4.0,3.0,3.0,4.0,3.5,3.0,4.0,3.0,3.0,5.0,6.0,1.0,3.0,3,1,55-64,60-70,No,,1,1,,,,
2024,99999,KY,21005.0,21005990100.0,FHA:First Lien,Single Family (1-4 Units):Site-Built,Not Hispanic or Latino,Asian,Female,Loan originated,10.0,290000.0,,7.75,2.25,4.0,3300.0,2200.0,1100.0,1000.0,900.0,30.0,360.0,360.0,,,,,,1.0,1.0,3.0,4.0,2.0,2.0,4.5,4.0,3.0,2.0,2.0,2.0,5.5,6.5,2.0,4.0,4,1,60-64,70-74,No,,1,1,,,,
2024,99999,FL,12110.0,12110060728.0,Conventional:First Lien,Single Family (1-4 Units):Site-Built,Not Hispanic or Latino,White,Male,Loan originated,32.0,220000.0,,5.0,0.75,2.0,1750.0,1100.0,650.0,500.0,700.0,24.0,360.0,360.0,,,,,,1.0,1.0,2.0,2.0,1.0,3.0,3.5,4.0,4.0,3.0,2.0,3.0,6.0,5.0,1.0,3.0,1,1,50-54,50-54,No,,1,1,,,,
2024,99999,CA,6075.0,06075820200.0,VA:First Lien,Single Family (1-4 Units):Site-Built,Not Hispanic or Latino,Asian,Male,Application denied,8.0,150000.0,,5.25,2.0,4.0,2100.0,1300.0,800.0,600.0,700.0,24.0,360.0,360.0,,,,,,1.0,1.0,2.0,2.0,1.0,1.0,4.0,3.5,3.0,3.0,3.0,3.0,5.5,5.0,2.0,4.0,3,1,50-54,60-70,No,,1,1,,,,
2024,99999,MA,25001.0,25001030100.0,Conventional:First Lien,Single Family (1-4 Units):Site-Built,Hispanic or Latino,Black or African American,Female,Loan originated,20.0,485000.0,,6.25,1.5,4.0,3850.0,2400.0,1450.0,800.0,1500.0,30.0,360.0,360.0,,1.0,1.0,1.0,,1.0,1.0,3.0,3.0,1.0,2.0,4.0,4.5,3.0,4.0,2.0,2.0,5.0,6.0,2.0,3.0,4,1,65-74,70-74,No,,1,1,,,,
2024,99999,MD,24510.0,24510023120.0,FHA:First Lien,Single Family (1-4 Units):Site-Built,Not Hispanic or Latino,White,Male,Loan originated,1.0,300000.0,,5.0,1.0,3.0,2450.0,1450.0,1000.0,800.0,900.0,24.0,360.0,360.0,,,,,,1.0,1.0,3.0,3.0,1.0,2.0,4.0,4.5,4.0,3.0,2.0,2.0,5.0,5.0,3.0,4.0,2,2,55-59,60-64,No,,1,1,,,,
2024,99999,VT,50011.0,50011080800.0,VA:First Lien,Single Family (1-4 Units):Site-Built,Not Hispanic or Latino,White,Male,Application denied,15.0,260000.0,,5.75,1.75,2.0,2000.0,1250.0,750.0,500.0,800.0,24.0,360.0,360.0,,,,,,1.0,1.0,4.0,4.0,3.0,1.0,5.0,4.0,3.0,2.0,2.0,2.0,5.5,5.0,3.0,4.0,2,3,55-59,60-64,No,,1,1,,,,
2024,99999,NC,37103.0,37103030303.0,FHA:First Lien,Single Family (1-4 Units):Site-Built,Hispanic or Latino,Other,Male,Loan originated,5.0,400000.0,,6.0,2.0,4.0,3750.0,2200.0,1500.0,1000.0,1600.0,30.0,360.0,360.0,,,,,,1.0,1.0,2.0,3.0,2.0,1.0,4.0,3.5,4.0,3.0,3.0,2.0,6.0,7.0,3.0,3.0,3,3,60-64,64-69,No,,1,1,,,,
2024,99999,IL,17031.0,17031070100.0,Conventional:First Lien,Single Family (1-4 Units):Site-Built,Not Hispanic or Latino,White,Female,Loan originated,20.0,310000.0,,5.5,1.25,3.0,2500.0,1500.0,1000.0,700.0,800.0,30.0,360.0,360.0,,,,,,1.0,1.0,1.0,4.0,2.0,1.0,4.0,4.5,4.0,3.0,4.0,3.0,5.5,5.0,1.0,4.0,4,1,50-54,50-54,No,,1,1,,,,
2024,99999,SC,45001.0,45001071508.0,FHA:First Lien,Single Family (1-4 Units):Site-Built,Not Hispanic or Latino,White,Male,Loan originated,15.0,375000.0,,6.5,2.0,3.0,3000.0,1900.0,1100.0,900.0,1100.0,24.0,360.0,360.0,,,,,,1.0,1.0,3.0,4.0,2.0,1.0,4.0,4.0,4.0,3.0,3.0,2.0,5.5,6.0,3.0,4.0,3,1,65-74,70-74,No,,1,1,,,,
2024,99999,RI,44001.0,44001100100.0,Conventional:First Lien,Single Family (1-4 Units):Site-Built,Hispanic or Latino,Black or African American,Female,Loan originated,5.0,340000.0,,7.0,1.75,2.0,2900.0,1800.0,1100.0,800.0,1700.0,30.0,360.0,360.0,,,,,,1.0,1.0,2.0,3.0,2.0,1.0,3.5,3.0,3.0,4.0,2.0,3.0,5.5,4.5,3.0,3.0,2,1,70-74,80-85,No,,1,1,,,,
2024,99999,NV,32013.0,32013062100.0,FHA:First Lien,Single Family (1-4 Units):Site-Built,Not Hispanic or Latino,White,Female,Loan originated,1.0,380000.0,,6.25,1.75,4.0,3200.0,2000.0,1200.0,1000.0,1000.0,36.0,360.0,360.0,,,,,,1.0,1.0,1.0,2.0,2.0,1.0,4.0,4.5,4.0,2.0,5.0,3.0,5.0,5.5,2.0,3.0,3,2,55-59,60-64,No,,1,1,,,,
2024,99999,DE,10003.0,10003024082.0,FHA:First Lien,Single Family (1-4 Units):Site-Built,Not Hispanic or Latino,White,Male,Loan originated,10.0,160000.0,,5.75,1.5,3.0,1800.0,1100.0,700.0,500.0,800.0,30.0,360.0,360.0,,,,,,1.0,1.0,4.0,3.0,1.0,2.0,3.5,4.0,3.0,3.0,2.0,2.0,5.0,5.0,2.0,3.0,3,1,55-59,60-64,No,,1,1,,,,
2024,99999,MS,28087.0,28087020200.0,VA:First Lien,Single Family (1-4 Units):Site-Built,Not Hispanic or Latino,White,Female,Application denied,20.0,415000.0,,6.4,2.25,2.0,3500.0,2100.0,1400.0,1000.0,1200.0,30.0,360.0,360.0,,,,,,1.0,1.0,2.0,3.0,2.0,1.0,4.0,3.5,3.0,3.0,2.0,2.0,5.5,5.5,2.0,4.0,4,1,55-64,65-74,No,,1,1,,,,
2024,99999,WV,54041.0,54041101300.0,FHA:First Lien,Single Family (1-4 Units):Site-Built,Not Hispanic or Latino,White,Male,Loan originated,10.0,320000.0,,7.25,2.0,4.0,3250.0,2000.0,1200.0,1000.0,1150.0,24.0,360.0,360.0,,,,,,1.0,1.0,4.0,2.0,2.0,1.0,3.5,4.0,3.0,2.0,3.0,3.0,6.0,5.0,1.0,3.0,3,1,55-59,60-64,No,,1,1,,,,
2024,99999,KY,21057.0,21057980700.0,Conventional:First Lien,Single Family (1-4 Units):Site-Built,Not Hispanic or Latino,White,Female,Loan originated,15.0,250000.0,,6.0,1.25,3.0,2200.0,1300.0,900.0,700.0,900.0,30.0,360.0,360.0,,,,,,1.0,1.0,3.0,4.0,1.0,1.0,4.0,3.5,3.0,2.0,3.0,1.0,5.5,5.0,3.0,4.0,3,1,50-54,60-70,No,,1,1,,,,
2024,99999,IN,18019.0,18019020100.0,FHA:First Lien,Single Family (1-4 Units):Site-Built,Not Hispanic or Latino,White,Male,Loan originated,5.0,220000.0,,6.25,1.75,4.0,2400.0,1400.0,1000.0,800.0,900.0,30.0,360.0,360.0,,,,,,1.0,1.0,1.0,3.0,2.0,2.0,3.5,4.0,3.0,2.0,3.0,2.0,5.0,5.5,2.0,3.0,3,1,55-64,60-64,No,,1,1,,,,
2024,99999,GA,13097.0,13097002056.0,Conventional:First Lien,Single Family (1-4 Units):Site-Built,Not Hispanic or Latino,White,Female,Loan originated,10.0,340000.0,,5.25,1.25,3.0,2900.0,1800.0,1100.0,700.0,1100.0,24.0,360.0,360.0,,,,,,1.0,1.0,2.0,2.0,2.0,1.0,4.0,4.5,3.0,2.0,2.0,3.0,5.0,4.5,3.0,4.0,3,2,60-64,65-74,No,,1,1,,,,
2024,99999,UT,49027.0,49027120100.0,FHA:First Lien,Single Family (1-4 Units):Site-Built,Not Hispanic or Latino,White,Male,Loan originated,15.0,250000.0,,6.75,2.25,4.0,2600.0,1500.0,1000.0,900.0,1000.0,24.0,360.0,360.0,,,,,,1.0,1.0,2.0,2.0,1.0,1.0,3.5,4.0,2.0,3.0,2.0,3.0,6.0,5.5,3.0,2.0,3,1,40-44,50-54,No,,1,1,,,,
2024,99999,AZ,4021.0,04021234000.0,FHA:First Lien,Single Family (1-4 Units):Site-Built,Hispanic or Latino,White,Female,Loan originated,1.0,360000.0,,6.5,2.0,3.0,3000.0,2000.0,1200.0,1000.0,1000.0,30.0,360.0,360.0,,,,,,1.0,1.0,3.0,2.0,1.0,2.0,4.0,3.5,3.0,2.0,3.0,2.0,6.0,6.0,2.0,3.0,3,1,60-64,60-64,No,,1,1,,,,
2024,99999,ME,23001.0,23001020100.0,VA:First Lien,Single Family (1-4 Units):Site-Built,Not Hispanic or Latino,White,Male,Loan originated,10.0,200000.0,,5.75,2.0,2.0,2050.0,1200.0,800.0,600.0,650.0,30.0,360.0,360.0,,,,,,1.0,1.0,1.0,4.0,2.0,2.0,4.0,3.5,3.0,2.0,3.0,3.0,5.0,6.0,1.0,2.0,3,1,55-59,60-70,No,,1,1,,,,
2024,99999,ID,16009.0,16009970200.0,Conventional:First Lien,Single Family (1-4 Units):Site-Built,Hispanic or Latino,White,Male,Loan originated,15.0,425000.0,,7.0,2.0,4.0,3400.0,2200.0,1400.0,1000.0,1400.0,30.0,360.0,360.0,,,,,,1.0,1.0,3.0,3.0,2.0,1.0,4.0,3.5,2.0,3.0,4.0,3.0,5.5,6.0,3.0,2.0,3,1,50-54,60-70,No,,1,1,,,,
2024,99999,ND,38017.0,38017150290.0,FHA:First Lien,Single Family (1-4 Units):Site-Built,Not Hispanic or Latino,White,Female,Loan originated,5.0,180000.0,,6.25,2.0,2.0,1700.0,1000.0,700.0,500.0,600.0,30.0,360.0,360.0,,,,,,1.0,1.0,4.0,3.0,1.0,2.0,3.5,4.0,3.0,3.0,3.0,3.0,5.0,5.5,1.0,4.0,3,1,50-54,65-74,No,,1,1,,,,
2024,99999,NE,31153.0,31153000100.0,Conventional:First Lien,Single Family (1-4 Units):Site-Built,Not Hispanic or Latino,White,Male,Loan originated,10.0,325000.0,,5.0,1.25,4.0,2700.0,1800.0,1000.0,800.0,1000.0,30.0,360.0,360.0,2.0,1.0,1.0,1.0,,1.0,1.0,2.0,3.0,2.0,1.0,4.0,4.0,3.0,4.0,4.0,2.0,5.0,5.0,2.0,2.0,4,1,60-64,65-74,No,,1,1,,,,
2024,99999,NM,35001.0,35001053059.0,FHA:First Lien,Single Family (1-4 Units):Site-Built,Hispanic or Latino,Hispanic or Latino,Female,Loan originated,15.0,285000.0,,6.5,2.25,3.0,2550.0,1550.0,950.0,700.0,800.0,24.0,360.0,360.0,,,,,,1.0,1.0,2.0,3.0,2.0,1.0,4.0,4.0,4.0,2.0,3.0,2.0,5.0,6.0,2.0,3.0,3,1,60-64,65-74,No,,1,1,,,,
2024,99999,SD,46035.0,46035050100.0,FHA:First Lien,Single Family (1-4 Units):Site-Built,Not Hispanic or Latino,White,Male,Loan originated,15.0,400000.0,,6.75,2.0,3.0,3100.0,2000.0,1100.0,900.0,1200.0,24.0,360.0,360.0,,,,,,1.0,1.0,2.0,2.0,2.0,1.0,3.5,4.0,3.0,2.0,4.0,3.0,5.5,6.0,3.0,2.0,4,1,60-64,60-70,No,,1,1,,,,
2024,99999,KS,20047.0,20047010100.0,Conventional:First Lien,Single Family (1-4 Units):Site-Built,Hispanic or Latino,Non-Hispanic White,Female,Loan originated,1.0,285000.0,,7.0,2.0,3.0,2300.0,,,,,,,,,,,,,,,,,,,,,,,,,,,,,,,,,,,,,,,,
2024,99999,TN,47017.0,47017012000.0,FHA:First Lien,Single Family (1-4 Units):,,,,,,,,,,,,,,,,,,,,,,,,,,,,,,,,,,,,,,,,,,,,,,,,,,,
2024,99999,CA,84027.0,84027010100.0,Conventional:First Lien,Single Family (1-4 Units):Site-Built,Hispanic or Latino,White,Male,1,1.0,425000.0,80.0,6.375,2.1,2.0,22300.0,10100.0,12200.0,2.1,0.0,360.0,0.0,0.0,0.0,0.0,1.0,1.0,3.0,6.0,1.0,1.0,97.0,1.0,1.0,3.0,6,1.0,1.0,7.0,1.0,1,2,5.0,1.0,5,60-64,9999,No,,1,1,,,,,
2024,10100,FL,12081.0,12081020100.0,FHA:First Lien,Single Family (1-4 Units):Manufactured,Not Hispanic or Latino,Black,Female,1,1.0,150000.0,90.0,7.5,3.0,2.0,9600.0,4300.0,5300.0,4.0,1.0,180.0,1.0,0.0,0.0,1.0,1.0,1.0,3.0,6.0,1.0,1.0,105.0,1.0,1.0,3.0,6,1.0,1.0,8.0,1.0,1,2,5.0,1.0,5,60-64,9999,No,,1,1,,,,,
2024,42053,PA,42053010100.0,VA:First Lien,Single Family (1-4 Units):Site-Built,Not Hispanic or Latino,White,Female,1,1,200000.0,,6.125,2.2,1.0,12000.0,,8000.0,2.5,0.0,360.0,0.0,0.0,0.0,0.0,1.0,1.0,3.0,6.0,1.0,1.0,96.0,1.0,1.0,3.0,6.0,1,1.0,6.0,1.0,1.0,2,5,1.0,5.0,60-64,9999,No,,1,1,,,,,,
2024,60080,NV,60080070000.0,Conventional:Subordinate Lien,Single Family (1-4 Units):Site-Built,Hispanic or Latino,Brown,Male,1,2,300000.0,75.0,5.5,0.8,1.0,20500.0,0.0,12000.0,3.0,1.0,240.0,1.0,1.0,2.0,0.0,1.0,1.0,3.0,6.0,1.0,1.0,99.0,2.0,1.0,3.0,6.0,1,1.0,10.0,1.0,1.0,2,5,1.0,5.0,60-64,9999,No,,1,1,,,,,,
2024,12029,GA,12029030200.0,FHA:First Lien,Single Family (1-4 Units):Site-Built,Ethnicity Not Available,Race Not Available,Sex Not Available,1,3,185500.0,85.0,6.875,2.0,1.0,8600.0,0.0,3000.0,5.0,2.0,360.0,0.0,0.0,0.0,0.0,1.0,1.0,3.0,1.0,1.0,,102.0,,3.0,10.0,3.0,5.0,2.0,4.0,6.0,8.0,2,4,1.0,5.0,4,4,70-74,8888,No,,1,1,,,,
2024,50020,DC,11001.0,50020030500.0,VA:First Lien,Single Family (1-4 Units):Site-Built,Not Hispanic or Latino,White,Male,1,1.0,600000.0,74.0,5.25,1.5,1.0,43000.0,14000.0,30000.0,1.8,0.0,480.0,0.0,0.0,0.0,0.0,1.0,1.0,3.0,3.0,1.0,1.0,103.0,2.0,1.0,3.0,3,1.0,1.0,7.0,1.0,1,2,5.0,1.0,5,60-64,9999,No,,1,1,,,,,
2024,13075,GA,13075020100.0,Conventional:First Lien,Single Family (1-4 Units):Site-Built,Not Hispanic or Latino,White,Male,1,1,575000.0,82.0,6.6,2.3,2.0,37600.0,13900.0,24700.0,3.5,1.0,300.0,0.0,0.0,0.0,1.0,1.0,1.0,3.0,6.0,1.0,1.0,95.0,2.0,1.0,3.0,6.0,1,1.0,11.0,1.0,1.0,2,5,1.0,5.0,60-64,9999,No,,1,1,,,,,,
2024,50050,CA,50050600500.0,FHA:First Lien,Single Family (1-4 Units):Site-Built,Ethnicity Not Available,Asian,Female,1,2,175000.0,84.0,7.125,3.1,1.0,9400.0,2100.0,6200.0,2.0,1.0,360.0,0.0,0.0,0.0,0.0,1.0,1.0,3.0,6.0,1.0,1.0,108.0,2.0,1.0,3.0,6.0,1,1.0,21.0,1.0,1.0,2,5,1.0,5.0,55-59,9999,No,,1,1,,,,,,
2024,25065,MA,25065300700.0,Conventional:Subordinate Lien,Single Family (1-4 Units):Site-Built,Ethnicity Not Available,African American,Male,1,3,265000.0,90.0,6.0,0.9,1.0,11000.0,0.0,6500.0,3.0,1.0,300.0,0.0,0.0,0.0,0.0,1.0,1.0,3.0,2.0,1.0,1.0,100.0,1.0,1.0,3.0,2.0,1,1.0,19.0,1.0,1.0,2,5,1.0,5.0,70-74,9999,No,,1,1,,,,,,
2024,41035,OR,41035300800.0,FHA:First Lien,Single Family (1-4 Units):Site-Built,Hispanic or Latino,White,Male,1,1,320000.0,85.0,6.375,1.8,1.0,18500.0,3000.0,15500.0,1.7,0.0,360.0,0.0,0.0,0.0,0.0,1.0,1.0,3.0,2.0,1.0,1.0,102.0,1.0,1.0,3.0,6.0,1,1.0,14.0,1.0,1.0,2,5,1.0,5.0,70-74,9999,No,,1,1,,,,,,
2024,53015,WA,53015301200.0,Conventional:First Lien,Single Family (1-4 Units):Site-Built,Not Hispanic or Latino,White,Male,1,1,310000.0,78.0,6.0,1.6,1.0,14900.0,0.0,3500.0,2.2,0.0,180.0,0.0,0.0,0.0,0.0,1.0,1.0,3.0,2.0,1.0,1.0,99.0,1.0,2.0,3.0,2.0,1,1.0,10.0,1.0,1.0,2,5,1.0,5.0,60-64,9999,No,,1,1,,,,,,
2024,34007,NJ,34007020100.0,FHA:First Lien,Single Family (1-4 Units):Site-Built,No observed,Asian,Male,1,2,135000.0,82.0,7.25,2.2,1.0,11800.0,6000.0,5800.0,3.2,0.0,120.0,0.0,0.0,0.0,0.0,1.0,1.0,3.0,6.0,1.0,1.0,97.0,1.0,1.0,3.0,2.0,1,1.0,23.0,1.0,1.0,2,5,1.0,5.0,67-71,9999,No,,1,1,,,,,,
2024,48085,TX,48085333300.0,Conventional:First Lien,Single Family (1-4 Units):Site-Built,Not Hispanic or Latino,Black,Male,1,3,156000.0,85.0,7.0,1.9,2.0,13000.0,1000.0,7000.0,1.5,0.0,240.0,0.0,0.0,0.0,0.0,1.0,1.0,3.0,6.0,1.0,1.0,96.0,1.0,1.0,3.0,6.0,1,1.0,37.0,1.0,1.0,2,5,1.0,5.0,70-74,9999,No,,1,1,,,,,,
2024,6037,CA,6037070600.0,FHA:First Lien,Single Family (1-4 Units):Site-Built,Hispanic or Latino,White,Female,1,3,234000.0,84.0,7.375,2.3,1.0,14000.0,0.0,8000.0,2.5,1.0,360.0,0.0,0.0,0.0,0.0,1.0,1.0,3.0,6.0,1.0,1.0,105.0,1.0,2.0,3.0,6.0,1,1.0,15.0,1.0,1.0,2,5,1.0,5.0,70-74,9999,No,,1,1,,,,,,
2024,48063,TX,48063505000.0,Conventional:First Lien,Single Family (1-4 Units):Site-Built,Ethnicity Not Available,Race Not Available,Sex Not Available,1,3,260000.0,88.0,5.875,1.6,2.0,21200.0,7000.0,14200.0,2.0,3.0,360.0,0.0,0.0,0.0,0.0,1.0,1.0,3.0,3.0,1.0,1.0,107.0,,3.0,3.0,3.0,5.0,2.0,4.0,6.0,8.0,2,4,1.0,5.0,1,5,60-64,8888,Yes,,1,1,,,,
2024,13021,GA,13021020100.0,VA:First Lien,Single Family (1-4 Units):Site-Built,Not Hispanic or Latino,Hispanic,Male,1,2,350000.0,87.0,7.0,2.2,2.0,30300.0,0.0,20000.0,2.2,1.0,360.0,0.0,0.0,0.0,1.0,1.0,1.0,3.0,2.0,1.0,1.0,99.0,1.0,1.0,3.0,2.0,1,1.0,42.0,1.0,1.0,2,5,1.0,5.0,75-79,9999,Yes,,1,1,,,,,,
2024,21077,KY,21077101000.0,Conventional:First Lien,Single Family (1-4 Units):Site-Built,Not Hispanic or Latino,White,Female,1,1,105000.0,76.0,6.0,1.2,1.0,9500.0,0.0,4500.0,2.0,1.0,240.0,0.0,0.0,0.0,0.0,1.0,1.0,3.0,6.0,1.0,1.0,104.0,2.0,1.0,3.0,6.0,1,1.0,38.0,1.0,1.0,2,5,1.0,5.0,68-72,9999,No,,1,1,,,,,,
2024,30045,MT,30045160000.0,FHA:First Lien,Single Family (1-4 Units):Site-Built,Not Hispanic or Latino,White,Male,1,2,190000.0,84.0,7.0,2.0,1.0,9500.0,0.0,7000.0,1.0,0.0,180.0,0.0,0.0,0.0,0.0,1.0,1.0,3.0,6.0,1.0,1.0,107.0,1.0,,3.0,6.0,3.0,5.0,1.0,4.0,6.0,8.0,1,4.0,1.0,5,2,5,70-74,9999,No,,1,1,,,
2024,53073,WA,53073040400.0,Conventional:Subordinate Lien,Single Family (1-4 Units):Site-Built,Ethnicity Not Available,Asian,Male,1,3,300000.0,83.0,6.5,1.7,2.0,18500.0,5500.0,13000.0,1.8,1.0,360.0,0.0,0.0,0.0,0.0,1.0,1.0,3.0,6.0,1.0,1.0,106.0,1.0,2.0,3.0,6.0,1,1.0,51.0,1.0,1.0,2,5,1.0,5.0,70-74,9999,No,,1,1,,,,,,
2024,53030,WA,53030073000.0,FHA:First Lien,Single Family (1-4 Units):Site-Built,Not Hispanic or Latino,White,Female,1,3,145000.0,77.0,7.125,2.1,1.0,9500.0,0.0,4500.0,1.0,0.0,360.0,0.0,0.0,0.0,0.0,1.0,1.0,3.0,6.0,1.0,1.0,102.0,1.0,1.0,3.0,6.0,1,1.0,42.0,1.0,1.0,2,5,1.0,5.0,75-79,9999,No,,1,1,,,,,,
2024,46005,SD,46005101000.0,Conventional:First Lien,Single Family (1-4 Units):Site-Built,Not Hispanic or Latino,White,Male,1,1,220000.0,86.0,6.75,1.9,1.0,12800.0,2300.0,8000.0,2.5,0.0,360.0,0.0,0.0,0.0,0.0,1.0,1.0,3.0,6.0,1.0,1.0,97.0,1.0,2.0,3.0,6.0,1,1.0,48.0,1.0,1.0,2,5,1.0,5.0,60-64,9999,No,,1,1,,,,,,
2024,20026,KS,20026010100.0,FHA:First Lien,Single Family (1-4 Units):Site-Built,Not Hispanic or Latino,White,Female,1,1,180000.0,92.0,6.75,1.8,1.0,10000.0,0.0,5000.0,1.0,0.0,120.0,0.0,0.0,0.0,0.0,1.0,1.0,3.0,2.0,1.0,1.0,96.0,1.0,1.0,3.0,2.0,1,1.0,44.0,1.0,1.0,2,5,1.0,5.0,60-64,9999,No,,1,1,,,,,,
2024,51085,VA,51085100000.0,FHA:First Lien,Single Family (1-4 Units):Site-Built,Not Hispanic or Latino,White,Male,1,1,235000.0,85.0,7.0,2.0,1.0,14000.0,0.0,9000.0,2.0,0.0,360.0,0.0,0.0,0.0,0.0,1.0,1.0,3.0,2.0,1.0,1.0,98.0,1.0,2.0,3.0,2.0,1,1.0,51.0,1.0,1.0,2,5,1.0,5.0,62-66,9999,Yes,,1,1,,,,,,
2024,40007,OK,40007002000.0,Conventional:First Lien,Single Family (1-4 Units):Site-Built,Ethnicity Not Available,African American,Female,1,2,350000.0,86.0,7.25,2.1,1.0,22100.0,2000.0,12200.0,2.0,0.0,360.0,0.0,0.0,0.0,0.0,1.0,1.0,3.0,6.0,1.0,1.0,98.0,1.0,1.0,3.0,6.0,1,1.0,52.0,1.0,1.0,2,5,1.0,5.0,60-64,9999,No,,1,1,,,,,,
2024,42027,PA,42027390500.0,Conventional:First Lien,Single Family (1-4 Units):Site-Built,Not Hispanic or Latino,White,Female,1,1,450000.0,74.0,6.125,1.6,1.0,28500.0,2500.0,15000.0,2.5,0.0,360.0,0.0,1.0,0.0,0.0,1.0,1.0,3.0,2.0,1.0,1.0,95.0,2.0,1.0,3.0,2.0,1,1.0,32.0,1.0,1.0,2,5,1.0,5.0,70-74,9999,No,,1,1,,,,,,
2024,36067,NY,36067040300.0,FHA:First Lien,Single Family (1-4 Units):Site-Built,Hispanic or Latino,Brown,Male,1,1,243000.0,83.0,6.5,1.7,1.0,16000.0,0.0,10000.0,1.8,0.0,360.0,0.0,0.0,0.0,0.0,1.0,1.0,3.0,6.0,1.0,1.0,103.0,1.0,2.0,3.0,6.0,1,1.0,47.0,1.0,1.0,2,5,1.0,5.0,64-68,9999,No,,1,1,,,,,,
2024,1027,AL,1027030000.0,Conventional:First Lien,Single Family (1-4 Units):Site-Built,Not Hispanic or Latino,White,Male,1,1,260000.0,77.0,6.5,1.7,1.0,17000.0,0.0,5000.0,1.5,0.0,240.0,0.0,0.0,0.0,0.0,1.0,1.0,3.0,2.0,1.0,1.0,99.0,1.0,1.0,3.0,2.0,1,1.0,33.0,1.0,1.0,2,5,1.0,5.0,60-64,9999,No,,1,1,,,,,,
2024,33005,NH,33005010100.0,FHA:First Lien,Single Family (1-4 Units):Site-Built,Not Hispanic or Latino,White,Female,1,2,195000.0,88.0,7.375,2.1,1.0,12900.0,0.0,4500.0,1.0,0.0,360.0,0.0,0.0,0.0,0.0,1.0,1.0,3.0,3.0,1.0,1.0,101.0,1.0,1.0,3.0,3.0,1,1.0,29.0,1.0,1.0,2,5,1.0,5.0,60-64,9999,No,,1,1,,,,,,
2024,55071,WI,55071853000.0,FHA:First Lien,Single Family (1-4 Units):Site-Built,Not Hispanic or Latino,White,Male,1,1,225000.0,83.0,6.0,1.4,1.0,14200.0,0.0,5000.0,2.0,0.0,360.0,0.0,0.0,0.0,0.0,1.0,1.0,3.0,2.0,1.0,1.0,104.0,1.0,1.0,3.0,2.0,1,1.0,38.0,1.0,1.0,2,5,1.0,5.0,60-64,9999,No,,1,1,,,,,,
2024,56005,WY,56005060000.0,Conventional:First Lien,Single Family (1-4 Units):Site-Built,Hispanic or Latino,White,Male,1,2,265000.0,85.0,6.5,1.9,1.0,17500.0,0.0,10000.0,1.5,0.0,480.0,0.0,0.0,0.0,0.0,1.0,1.0,3.0,6.0,1.0,1.0,106.0,1.0,1.0,3.0,2.0,1,1.0,35.0,1.0,1.0,2,5,1.0,5.0,60-64,9999,No,,1,1,,,,,,
2024,41030,OR,41030011110.0,Conventional:First Lien,Single Family (1-4 Units):Site-Built,Not Hispanic or Latino,White,Male,1,1,220000.0,80.0,6.125,1.8,1.0,13500.0,0.0,3500.0,1.2,0.0,360.0,0.0,1.0,0.0,0.0,1.0,1.0,3.0,6.0,1.0,1.0,102.0,1.0,2.0,3.0,6.0,1,1.0,41.0,1.0,1.0,2,5,1.0,5.0,70-74,9999,No,,1,1,,,,,,
2024,51025,VA,51025150000.0,FHA:First Lien,Single Family (1-4 Units):Site-Built,Ethnicity Not Available,Race Not Available,Sex Not Available,1,2,181000.0,90.0,7.125,1.9,1.0,10200.0,0.0,2500.0,1.0,0.0,180.0,0.0,0.0,0.0,0.0,1.0,1.0,3.0,6.0,1.0,1.0,106.0,,3.0,10.0,3.0,5.0,2.0,4.0,6.0,8.0,1,4,1.0,5.0,1,5,60-64,8888,No,,1,1,,,,
2024,39003,OH,39003010100.0,FHA:First Lien,Single Family (1-4 Units):Site-Built,Not Hispanic or Latino,White,Female,1,1,177000.0,87.0,7.25,2.0,1.0,11500.0,0.0,6000.0,1.0,0.0,360.0,0.0,0.0,0.0,0.0,1.0,1.0,3.0,6.0,1.0,1.0,103.0,2.0,1.0,3.0,6.0,1,1.0,53.0,1.0,1.0,2,5,1.0,5.0,63-67,9999.No,,1,1,,,,,,,
2024,35005,NM,35005014000.0,FHA:First Lien,Single Family (1-4 Units):Site-Built,Not Hispanic or Latino,Hispanic,Male,1,1,295000.0,80.0,6.0,1.4,1.0,18000.0,0.0,4000.0,1.0,0.0,360.0,0.0,0.0,0.0,0.0,1.0,1.0,3.0,3.0,1.0,1.0,90.0,1.0,2.0,3.0,6.0,1,1.0,64.0,1.0,1.0,2,5,1.0,5.0,60-64,9999,No,,1,1,,,,,,
2024,50007,NC,50007020300.0,Conventional:Subordinate Lien,Single Family (1-4 Units):Site-Built,Ethnicity Not Available,Native Hawaiian or Other Pacific Islander,Female,1,1,295000.0,79.0,6.25,1.8,1.0,14000.0,0.0,3000.0,1.0,0.0,360.0,0.0,0.0,0.0,0.0,1.0,1.0,3.0,6.0,1.0,1.0,99.0,1.0,1.0,3.0,6.0,1,1.0,61.0,1.0,1.0,2,5,1.0,5.0,60-64,9999,No,,1,1,,,,,,
2024,15005,HI,15005001000.0,FHA:First Lien,Single Family (1-4 Units):Site-Built,Not Hispanic or Latino,White,Male,1,1,310000.0,86.0,6.5,2.0,2.0,19000.0,3000.0,9000.0,1.2,0.0,360.0,0.0,0.0,0.0,0.0,1.0,1.0,3.0,6.0,1.0,1.0,103.0,1.0,1.0,3.0,6.0,1,1.0,61.0,1.0,1.0,2,5,1.0,5.0,60-64,9999,No,,1,1,,,,,,
2024,21007,KY,21007220000.0,FHA:First Lien,Single Family (1-4 Units):Site-Built,Hispanic or Latino,White,Male,1,3,225000.0,84.0,6.75,2.2,1.0,16800.0,0.0,5000.0,1.0,0.0,360.0,0.0,0.0,0.0,0.0,1.0,1.0,3.0,1.0,1.0,,103.0,1.0,1.0,3.0,6.0,1,1.0,66.0,1.0,1.0,2,5,1.0,5.0,70-74,9999,Yes,,1,1,,,,,,
2024,25015,MA,25015050210.0,Conventional:First Lien,Single Family (1-4 Units):Site-Built,Not Hispanic or Latino,White,Male,1,1,250000.0,81.0,6.25,1.7,2.0,16000.0,2000.0,6000.0,1.0,0.0,360.0,0.0,0.0,0.0,0.0,1.0,1.0,3.0,6.0,1.0,1.0,106.0,1.0,1.0,3.0,6.0,1,1.0,46.0,1.0,1.0,2,5,1.0,5.0,70-74,9999,No,,1,1,,,,,,
2024,44009,RI,44009020100.0,FHA:First Lien,Single Family (1-4 Units):Site-Built,Not Hispanic or Latino,White,Male,1,1,235000.0,80.0,7.0,2.1,2.0,13200.0,0.0,4000.0,1.2,0.0,360.0,0.0,0.0,0.0,0.0,1.0,1.0,3.0,6.0,1.0,1.0,107.0,2.0,1.0,3.0,6.0,1,1.0,39.0,1.0,1.0,2,5,1.0,5.0,60-64,9999,No,,1,1,,,,,,
2024,6051,CA,6051040200.0,Conventional:First Lien,Single Family (1-4 Units):Site-Built,Not Hispanic or Latino,White,Male,1,1,525000.0,74.0,6.0,1.4,1.0,46000.0,18500.0,30000.0,1.0,0.0,360.0,0.0,0.0,0.0,0.0,1.0,1.0,3.0,6.0,1.0,1.0,101.0,2.0,1.0,3.0,6.0,1,1.0,56.0,1.0,1.0,2,5,1.0,5.0,60-64,9999,No,,1,1,,,,,,
2024,53029,WA,53029020300.0,Conventional:First Lien,Single Family (1-4 Units):Site-Built,Not Hispanic or Latino,White,Female,1,1,310000.0,83.0,5.75,1.0,1.0,21000.0,2700.0,13000.0,1.0,0.0,360.0,0.0,0.0,0.0,0.0,1.0,1.0,3.0,6.0,1.0,1.0,106.0,1.0,1.0,3.0,6.0,1,1.0,65.0,1.0,1.0,2,5,1.0,5.0,60-64,9999,No,,1,1,,,,,,
2024,27003,MN,27003030100.0,VA:First Lien,Single Family (1-4 Units):Site-Built,Not Hispanic or Latino,White,Male,1,1,270000.0,85.0,5.5,1.0,2.0,16000.0,0.0,8000.0,1.0,0.0,360.0,0.0,0.0,0.0,0.0,1.0,1.0,3.0,2.0,1.0,1.0,95.0,1.0,1.0,3.0,2.0,1,1.0,45.0,1.0,1.0,2,5,1.0,5.0,60-64,9999,No,,1,1,,,,,,
2024,17089,IL,17089090100.0,FHA:First Lien,Single Family (1-4 Units):Site-Built,Hispanic or Latino,Hispanic,Male,1,2,240000.0,82.0,6.75,2.1,1.0,15500.0,0.0,6000.0,1.2,0.0,360.0,0.0,0.0,0.0,0.0,1.0,1.0,3.0,6.0,1.0,1.0,101.0,1.0,1.0,3.0,6.0,1,1.0,64.0,1.0,1.0,2,5,1.0,5.0,66-70,9999,No,,1,1,,,,,,
2024,50051,DC,50051101000.0,FHA:First Lien,Single Family (1-4 Units):Site-Built,Ethnicity Not Available,Race Not Available,Sex Not Available,1,1,260000.0,86.0,6.5,1.5,1.0,17300.0,0.0,2000.0,1.0,0.0,360.0,0.0,0.0,0.0,0.0,1.0,1.0,3.0,1.0,1.0,,102.0,,3.0,10.0,3.0,5.0,2.0,4.0,6.0,8.0,2,4,1.0,5.0,1,5,8888,8888,No,,1,1,,,,
2024,37053,NC,37053010100.0,Conventional:Subordinate Lien,Single Family (1-4 Units):Site-Built,Not Hispanic or Latino,White,Male,1,1,310000.0,80.0,6.875,1.0,,,,,,,,,,,,,,,,,,,,,,,,,,,,,,,,,,,,,,,,,,,
2024,99999,IN,17001.0,17001000000.0,Conventional:,,,,,,,,,,,,,,,,,,,,,,,,,,,,,,,,,,,,,,,,,,,,,,,,,,,,
2024,12054,GA,13121.0,13121010529.0,FHA:First Lien,Single Family (1-4 Units):Site-Built,Ethnicity Not Available,Race Not Available,Sex Not Available,6,32.0,225000.0,,6.875,,2.0,16692.05,,10197.8,8302.8,,300.0,,,2.0,2.0,2.0,2.0,275000.0,1.0,1.0,3.0,5.0,1.0,,,,9.0,9.0,4.0,4.0,3,3,7.0,7.0,3,3,4,4,3,3,8888,8888,,,3,3.0
2024,99999,CT,9150.0,9150708100.0,Conventional:Subordinate Lien,Single Family (1-4 Units):Site-Built,Not Hispanic or Latino,White,Male,File closed for incompleteness,32.0,25000.0,,,,3.0,,,,,,240.0,,,2.0,2.0,2.0,2.0,,1.0,1.0,3.0,5.0,1.0,,96.0,,1111.0,1111.0,2.0,5.0,2,4,5.0,8.0,2,4,1,5,2,4,65-74,9999,Yes,,1,1.0
2024,99999,PA,42127.0,42127960600.0,VA:First Lien,Single Family (1-4 Units):Site-Built,Ethnicity Not Available,Race Not Available,Sex Not Available,Application denied,32.0,355000.0,,,,3.0,,,,,,360.0,,,2.0,2.0,2.0,2.0,,1.0,1.0,3.0,5.0,1.0,,108.0,,3.0,10.0,3.0,5.0,2,4,6.0,8.0,2,4,3,5,2,4,65-74,9999,Yes,,1,1.0
2024,12054,FL,12003.0,12003020602.0,Conventional:First Lien,Single Family (1-4 Units):Site-Built,Hispanic or Latino,White,Male,Loan originated,1.0,400000.0,,4.25,,2.0,3500.0,,1875.5,1624.5,,360.0,,,2.0,2.0,2.0,2.0,,1.0,1.0,3.0,5.0,1.0,,72.0,,2222.0,2222.0,3.0,6.0,2,4,9.0,9.0,2,4,2,5,1,5,70-74,70-74,No,,1,1.0
2024,41071,CA,59003.0,59003320500.0,FHA:First Lien,Single Family (1-4 Units):Site-Built,Not Hispanic or Latino,White,Female,Loan originated,1.0,200000.0,,5.75,,2.0,700.0,,301.1,398.9,,360.0,,,2.0,2.0,2.0,2.0,,1.0,1.0,3.0,5.0,1.0,,68.0,,4444.0,4444.0,2.5,7.0,2,4,9.0,7.0,2,4,1,5,2,5,50-64,65-74,No,,2,2.0
2024,80080,NY,36047.0,36047360500.0,Conventional:First Lien,Single Family (1-4 Units):Site-Built,Hispanic or Latino,Black,Male,Loan originated,1.0,420000.0,,4.5,,1.0,1400.0,,210.0,1190.0,,360.0,,,2.0,2.0,2.0,2.0,,1.0,1.0,3.0,5.0,1.0,,62.0,,5555.0,5555.0,2.5,6.0,2,4,8.0,6.0,2,4,5,5,3,5,65-74,50-64,No,,3,3.0
2024,99999,NJ,34009.0,34009920000.0,FHA:First Lien,Single Family (1-4 Units):Site-Built,Not Hispanic or Latino,White,Female,Loan originated,1.0,380000.0,,5.25,,2.0,680.0,,350.0,330.0,,360.0,,,1.0,1.0,2.0,2.0,,1.0,1.0,3.0,5.0,1.0,,70.0,,1111.0,1111.0,2.5,6.0,2,4,8.0,7.0,2,4,4,5,5,5,65-74,65-74,No,,1,1.0
2024,70080,MD,24031.0,24031000300.0,Conventional:Subordinate Lien,Single Family (1-4 Units):Site-Built,Not Hispanic or Latino,White,Male,Loan originated,1.0,95000.0,,6.25,,1.0,1508.0,,800.0,708.0,,360.0,,,2.0,2.0,2.0,2.0,,1.0,1.0,3.0,5.0,1.0,,100.0,,1111.0,1111.0,2.5,5.0,2,4,8.0,8.0,2,4,1,5,2,5,50-64,50-64,No,,3,3.0
2024,99999,OR,41059.0,41059210700.0,FHA:First Lien,Single Family (1-4 Units):Site-Built,Not Hispanic or Latino,Asian,Female,Application denied,1.0,250000.0,,5.75,,3.0,1800.0,,2450.0,-650.0,,360.0,,,2.0,2.0,2.0,2.0,,1.0,1.0,3.0,5.0,1.0,,80.0,,6767.0,6767.0,3.0,8.0,2,4,9.0,5.0,2,4,3,5,3,5,65-74,50-64,Yes,,2,2.0
2024,12041,MA,25025.0,25025371400.0,Conventional:First Lien,Single Family (1-4 Units):Site-Built,Not Hispanic or Latino,White,Female,Loan originated,1.0,500000.0,,7.5,,2.0,3000.0,,1100.0,1900.0,,360.0,,,2.0,2.0,2.0,2.0,,1.0,1.0,3.0,5.0,1.0,,70.0,,3333.0,3333.0,2.5,9.0,2,4,9.0,9.0,2,4,1,5,1,5,50-64,65-74,No,,1,1.0
2024,12054,VA,51033.0,51033051000.0,FHA:First Lien,Single Family (1-4 Units):Site-Built,Hispanic or Latino,Black,Male,File closed for incompleteness,32.0,90000.0,,5.5,,3.0,800.0,,500.0,300.0,,360.0,,,1.0,1.0,2.0,2.0,,1.0,1.0,3.0,5.0,1.0,,85.0,,7890.0,7890.0,3.5,7.5,2,4,6.0,8.0,2,4,4,5,1,5,65-74,65-74,No,,3,3.0
2024,12054,TX,48021.0,48021001000.0,Conventional:First Lien,Single Family (1-4 Units):Site-Built,Not Hispanic or Latino,White,Female,Loan originated,1.0,600000.0,,4.25,,2.0,1450.0,,349.0,1101.0,,360.0,,,1.0,2.0,2.0,2.0,,1.0,1.0,3.0,5.0,1.0,,75.0,,3210.0,3210.0,4.0,6.0,2,4,9.0,8.0,2,4,2,5,3,5,65-74,65-74,Yes,,4,4.0
2024,99999,WI,55027.0,55027120000.0,FHA:First Lien,Single Family (1-4 Units):Site-Built,Not Hispanic or Latino,White,Male,Application denied,32.0,150000.0,,6.0,,3.0,1500.0,,1150.0,350.0,,360.0,,,2.0,2.0,2.0,2.0,,1.0,1.0,3.0,5.0,1.0,,74.0,,5432.0,5432.0,1.0,5.0,2,4,4.0,8.0,2,4,2,5,2,5,65-74,50-64,Yes,,1,1.0
2024,12054,MI,26093.0,26093050100.0,Conventional:First Lien,Single Family (1-4 Units):Site-Built,Not Hispanic or Latino,White,Female,Loan originated,1.0,200000.0,,5.5,,2.0,1200.0,,500.0,700.0,,360.0,,,2.0,2.0,2.0,2.0,,1.0,1.0,3.0,5.0,1.0,,80.0,,8765.0,8765.0,1.5,5.5,2,4,6.0,6.0,2,4,2,5,2,5,50-64,65-74,Yes,,2,2.0
2024,99999,KY,21031.0,21031121000.0,FHA:First Lien,Single Family (1-4 Units):Site-Built,Hispanic or Latino,White,Male,Loan originated,1.0,300000.0,,6.125,,2.0,1800.0,,970.5,829.5,,360.0,,,2.0,2.0,2.0,2.0,,1.0,1.0,3.0,5.0,1.0,,60.0,,9876.0,9876.0,3.0,6.0,2,4,5.0,9.0,2,4,2,5,1,5,65-74,50-64,Yes,,1,1.0
2024,99999,AZ,4019.0,04019030500.0,Conventional:Subordinate Lien,Single Family (1-4 Units):Site-Built,Not Hispanic or Latino,White,Female,Loan originated,1.0,220000.0,,4.75,,2.0,800.0,,350.0,450.0,,360.0,,,2.0,2.0,2.0,2.0,,1.0,1.0,3.0,5.0,1.0,,88.0,,4321.0,4321.0,2.0,6.0,2,4,8.0,5.0,2,4,1,5,2,5,50-64,65-74,Yes,,1,1.0
2024,12054,MN,27030.0,27030090500.0,FHA:First Lien,Single Family (1-4 Units):Site-Built,Not Hispanic or Latino,White,Male,Loan originated,1.0,275000.0,,4.95,,2.0,1250.0,,600.0,650.0,,360.0,,,1.0,1.0,2.0,2.0,,1.0,1.0,3.0,5.0,1.0,,68.0,,1234.0,1234.0,4.0,7.0,2,4,6.0,7.0,2,4,1,5,1,5,50-64,65-74,Yes,,4,4.0
2024,99999,NV,32009.0,32009170000.0,Conventional:First Lien,Single Family (1-4 Units):Site-Built,Not Hispanic or Latino,White,Female,Application denied,1.0,175000.0,,5.75,,3.0,1350.0,,500.0,850.0,,360.0,,,1.0,1.0,2.0,2.0,,1.0,1.0,3.0,5.0,1.0,,90.0,,6543.0,6543.0,3.0,7.0,2,4,8.0,7.0,2,4,2,5,2,5,65-74,50-64,Yes,,2,2.0
2024,12054,NH,33015.0,33015040500.0,Conventional:Subordinate Lien,Single Family (1-4 Units):Site-Built,Hispanic or Latino,Hispanic or Latino,Female,No approval,1.0,300000.0,,6.5,,3.0,3200.0,,1500.0,1700.0,,360.0,,,2.0,2.0,2.0,2.0,,1.0,1.0,3.0,5.0,1.0,,90.0,,2345.0,2345.0,1.5,5.0,2,4,9.0,8.0,2,4,3,5,1,5,65-74,50-64,No,,1,1.0
2024,12054,GA,13121.0,13121010529.0,FHA:First Lien,Single Family (1-4 Units):Site-Built,Not Hispanic or Latino,Native Hawaiian or Pacific Islander,Male,Loan originated,1.0,350000.0,,5.0,,2.0,3000.0,,800.0,2200.0,,360.0,,,2.0,2.0,2.0,2.0,,1.0,1.0,3.0,5.0,1.0,,100.0,,5678.0,5678.0,2.5,7.0,2,4,9.0,8.0,2,4,4,5,3,5,65-74,50-64,Yes,,4,4.0
2024,99999,OH,39069.0,39069011000.0,Conventional:First Lien,Single Family (1-4 Units):Site-Built,Not Hispanic or Latino,White,Male,Application denied,32.0,100000.0,,7.0,,3.0,1400.0,,800.0,600.0,,360.0,,,2.0,2.0,2.0,2.0,,1.0,1.0,3.0,5.0,1.0,,80.0,,2156.0,2156.0,4.0,6.0,2,4,8.0,9.0,2,4,2,5,3,5,65-74,65-74,Yes,,2,2.0
2024,12054,TX,48015.0,48015240100.0,FHA:First Lien,Single Family (1-4 Units):Site-Built,Not Hispanic or Latino,White,Female,Loan originated,1.0,650000.0,,5.0,,2.0,2280.0,,1675.0,605.0,,300.0,,,2.0,2.0,2.0,2.0,,1.0,1.0,3.0,5.0,1.0,,74.0,,4789.0,4789.0,3.5,5.0,2,4,9.0,6.0,2,4,1,5,1,5,50-64,65-74,Yes,,1,1.0
2024,99999,SC,45075.0,45075059000.0,Conventional:Subordinate Lien,Single Family (1-4 Units):Site-Built,Not Hispanic or Latino,Black,Female,Loan originated,1.0,220000.0,,4.5,,2.0,900.0,,400.0,500.0,,360.0,,,2.0,2.0,2.0,2.0,,1.0,1.0,3.0,5.0,1.0,,70.0,,3344.0,3344.0,2.0,6.0,2,4,8.0,7.0,2,4,3,5,3,5,50-64,50-64,Yes,,3,3.0
2024,12054,IL,17031.0,17031040700.0,FHA:First Lien,Single Family (1-4 Units):Site-Built,Not Hispanic or Latino,White,Male,Loan originated,1.0,400000.0,,4.25,,2.0,1800.0,,1400.0,400.0,,360.0,,,2.0,2.0,2.0,2.0,,1.0,1.0,3.0,5.0,1.0,,75.0,,1243.0,1243.0,3.0,6.0,2,4,9.0,9.0,2,4,1,5,3,5,65-74,50-64,Yes,,4,4.0
2024,99999,VT,50003.0,50003061000.0,Conventional:First Lien,Single Family (1-4 Units):Site-Built,Ethnicity Not Available,Race Not Available,Sex Not Available,Loan originated,1.0,280000.0,,4.5,,2.0,1200.0,,650.0,550.0,,360.0,,,2.0,2.0,2.0,2.0,,1.0,1.0,3.0,5.0,1.0,,95.0,,6555.0,6555.0,3.0,7.0,2,4,6.0,6.0,2,4,1,5,2,5,65-74,65-74,Yes,,2,2.0
2024,12054,CO,8037.0,08037020400.0,FHA:First Lien,Single Family (1-4 Units):Site-Built,Hispanic or Latino,White,Female,Loan originated,1.0,320000.0,,6.75,,2.0,1500.0,,950.0,550.0,,360.0,,,2.0,2.0,2.0,2.0,,1.0,1.0,3.0,5.0,1.0,,80.0,,3456.0,3456.0,2.5,6.0,2,4,8.0,8.0,2,4,5,5,3,5,65-74,65-74,Yes,,1,1.0
2024,99999,FL,12011.0,12011011000.0,Conventional:Subordinate Lien,Single Family (1-4 Units):Site-Built,Hispanic or Latino,Hispanic or Latino,Male,Application denied,32.0,360000.0,,7.0,,3.0,2200.0,,1200.0,1000.0,,300.0,,,2.0,2.0,2.0,2.0,,1.0,1.0,3.0,5.0,1.0,,75.0,,1567.0,1567.0,2.0,4.0,2,4,7.0,7.0,2,4,3,5,2,5,65-74,50-64,No,,3,3.0
2024,12054,KS,20013.0,20013020700.0,FHA:First Lien,Single Family (1-4 Units):Site-Built,Not Hispanic or Latino,White,Female,Loan originated,1.0,400000.0,,5.5,,2.0,1600.0,,750.0,850.0,,300.0,,,1.0,1.0,2.0,2.0,,1.0,1.0,3.0,5.0,1.0,,85.0,,2467.0,2467.0,2.0,4.0,2,4,7.0,9.0,2,4,5,5,1,5,65-74,50-64,No,,1,1.0
2024,12054,MA,25003.0,25003200000.0,Conventional:First Lien,Single Family (1-4 Units):Site-Built,Not Hispanic or Latino,White,Male,Loan originated,1.0,250000.0,,6.0,,2.0,2000.0,,1400.0,600.0,,360.0,,,2.0,2.0,2.0,2.0,,1.0,1.0,3.0,5.0,1.0,,76.0,,8476.0,8476.0,3.0,6.0,2,4,9.0,9.0,2,4,3,5,2,5,50-64,65-74,Yes,,1,1.0
2024,99999,AR,5013.0,05013000000.0,FHA:First Lien,Single Family (1-4 Units):Site-Built,Hispanic or Latino,White,Female,Loan originated,1.0,300000.0,,6.25,,2.0,750.0,,450.0,300.0,,360.0,,,2.0,2.0,2.0,2.0,,1.0,1.0,3.0,5.0,1.0,,80.0,,9234.0,9234.0,4.0,5.0,2,4,5.0,5.0,2,4,3,5,3,5,65-74,50-64,Yes,,1,1.0
2024,12054,NJ,34015.0,34015270000.0,Conventional:Subordinate Lien,Single Family (1-4 Units):Site-Built,Not Hispanic or Latino,White,Male,File closed for incompleteness,32.0,175000.0,,7.25,,3.0,650.0,,450.0,200.0,,360.0,,,1.0,1.0,2.0,2.0,,1.0,1.0,3.0,5.0,1.0,,84.0,,1876.0,1876.0,2.5,5.0,2,4,9.0,9.0,2,4,1,5,2,5,65-74,65-74,Yes,,1,1.0
2024,99999,NC,37137.0,37137060100.0,FHA:First Lien,Single Family (1-4 Units):Site-Built,Not Hispanic or Latino,White,Female,Loan originated,1.0,300000.0,,6.0,,2.0,1500.0,,900.0,600.0,,360.0,,,1.0,1.0,2.0,2.0,,1.0,1.0,3.0,5.0,1.0,,82.0,,2210.0,2210.0,2.5,7.0,2,4,9.0,7.0,2,4,3,5,2,5,65-74,50-64,Yes,,2,2.0
2024,12054,IN,18083.0,18083005500.0,Conventional:First Lien,Single Family (1-4 Units):Site-Built,Not Hispanic or Latino,White,Male,Loan originated,1.0,275000.0,,4.75,,2.0,1200.0,,500.0,700.0,,360.0,,,1.0,1.0,2.0,2.0,,1.0,1.0,3.0,5.0,1.0,,90.0,,3456.0,3456.0,3.0,6.0,2,4,9.0,8.0,2,4,1,5,2,5,50-64,65-74,Yes,,1,1.0
2024,99999,WV,54045.0,54045260600.0,FHA:First Lien,Single Family (1-4 Units):Site-Built,Hispanic or Latino,Black,Female,Application denied,32.0,150000.0,,5.5,,3.0,1200.0,,1000.0,200.0,,360.0,,,2.0,2.0,2.0,2.0,,1.0,1.0,3.0,5.0,1.0,,72.0,,9021.0,9021.0,4.5,7.0,2,4,8.0,8.0,2,4,3,5,3,5,50-64,50-64,No,,2,2.0
2024,99999,NM,35031.0,35031090800.0,Conventional:First Lien,Single Family (1-4 Units):Site-Built,Not Hispanic or Latino,White,Male,Loan originated,1.0,410000.0,,6.0,,2.0,2000.0,,900.0,1100.0,,360.0,,,2.0,2.0,2.0,2.0,,1.0,1.0,3.0,5.0,1.0,,65.0,,9102.0,9102.0,2.0,6.0,2,4,9.0,8.0,2,4,4,5,1,5,65-74,65-74,No,,1,1.0
2024,12054,HI,15007.0,15007050100.0,FHA:First Lien,Single Family (1-4 Units):Site-Built,Not Hispanic or Latino,White,Female,Loan originated,1.0,320000.0,,5.95,,2.0,1250.0,,700.0,550.0,,360.0,,,2.0,2.0,2.0,2.0,,1.0,1.0,3.0,5.0,1.0,,65.0,,4567.0,4567.0,2.5,7.0,2,4,9.0,6.0,2,4,2,5,3,5,50-64,50-64,Yes,,4,4.0
2024,99999,ID,16061.0,16061010100.0,Conventional:Subordinate Lien,Single Family (1-4 Units):Site-Built,Not Hispanic or Latino,White,Male,Loan originated,1.0,375000.0,,7.0,,2.0,2800.0,,800.0,2000.0,,360.0,,,2.0,2.0,2.0,2.0,,1.0,1.0,3.0,5.0,1.0,,70.0,,2341.0,2341.0,3.0,9.0,2,4,6.0,9.0,2,4,1,5,2,5,50-64,65-74,No,,2,2.0
2024,12054,ND,38027.0,38027000100.0,FHA:First Lien,Single Family (1-4 Units):Site-Built,Hispanic or Latino,Hispanic or Latino,Female,Loan originated,1.0,260000.0,,6.25,,2.0,1000.0,,750.0,250.0,,360.0,,,2.0,2.0,2.0,2.0,,1.0,1.0,3.0,5.0,1.0,,72.0,,5678.0,5678.0,3.0,5.0,2,4,9.0,6.0,2,4,1,5,3,5,65-74,50-64,Yes,,3,3.0
2024,99999,SD,46053.0,46053021500.0,Conventional:First Lien,Single Family (1-4 Units):Site-Built,Not Hispanic or Latino,White,Male,Loan originated,1.0,310000.0,,7.0,,1.0,1600.0,,800.0,800.0,,360.0,,,2.0,2.0,2.0,2.0,,1.0,1.0,3.0,5.0,1.0,,75.0,,7654.0,7654.0,2.5,6.0,2,4,7.0,6.0,2,4,1,5,2,5,50-64,65-74,Yes,,2,2.0
2024,12054,VT,50019.0,50019061000.0,FHA:First Lien,Single Family (1-4 Units):Site-Built,Not Hispanic or Latino,White,Female,Loan originated,1.0,420000.0,,5.25,,2.0,1800.0,,1000.0,800.0,,360.0,,,1.0,1.0,2.0,2.0,,1.0,1.0,3.0,5.0,1.0,,84.0,,9321.0,9321.0,3.5,7.0,2,4,8.0,8.0,2,4,2,5,2,5,65-74,65-74,No,,1,1.0
2024,99999,WY,56013.0,56013000100.0,Conventional:First Lien,Single Family (1-4 Units):Site-Built,Not Hispanic or Latino,White,Male,Loan originated,1.0,395000.0,,5.75,,2.0,1900.0,,750.0,1150.0,,360.0,,,2.0,2.0,2.0,2.0,,1.0,1.0,3.0,5.0,1.0,,80.0,,6352.0,6352.0,2.5,8.0,2,4,6.0,8.0,2,4,1,5,2,5,65-74,50-64,No,,3,3.0
2024,12054,DE,10003.0,10003060000.0,FHA:First Lien,Single Family (1-4 Units):Site-Built,Not Hispanic or Latino,White,Female,Loan originated,1.0,100000.0,,6.5,,2.0,825.0,,500.0,325.0,,360.0,,,2.0,2.0,2.0,2.0,,1.0,1.0,3.0,5.0,1.0,,92.0,,9595.0,9595.0,3.0,6.0,2,4,9.0,8.0,2,4,1,5,3,5,50-64,50-64,Yes,,4,4.0
2024,99999,OH,39127.0,39127040300.0,Conventional:First Lien,Single Family (1-4 Units):Site-Built,Not Hispanic or Latino,White,Male,Application denied,32.0,380000.0,,7.0,,3.0,1100.0,,700.0,400.0,,300.0,,,2.0,2.0,2.0,2.0,,1.0,1.0,3.0,5.0,1.0,,68.0,,1101.0,1101.0,3.0,5.0,2,4,9.0,8.0,2,4,1,5,2,5,65-74,65-74,Yes,,3,3.0
2024,1205,,,,,,,,,,,,,,,,,,,,,,,,,,,,,,,,,,,,,,,,,,,,,,,,,,,,,,,,
2024,99999,FL,12047.0,12047050200.0,FHA:First Lien,Single Family (1-4 Units):Site-Built,Not Hispanic or Latino,White,Male,Loan originated,1.0,325000.0,85.0,5.375,1.0,2.0,12237.25,10692.0,1545.25,400.0,930.0,360.0,0.0,0.0,0.0,0.0,1.0,1.0,3.0,5.0,1.0,,93.0,,1111.0,1111.0,3.5,6.0,2.0,4.0,6.0,8.0,2,4.0,1.0,5,2,4,65-74,9999,No,,1,1,,,
2024,99999,CA,6037.0,6037050200.0,Conventional:First Lien,Single Family (1-4 Units):Site-Built,Not Hispanic or Latino,White,Female,Application approved but not accepted,2.0,285000.0,90.0,5.5,1.2,2.0,11782.5,10250.0,1430.0,390.0,850.0,360.0,0.0,0.0,0.0,0.0,1.0,1.0,3.0,5.0,1.0,,117.0,,1111.0,1111.0,3.0,6.5,2.0,4.0,5.0,7.0,2,4.0,1.0,5,2,4,55-64,9999,Yes,,1,1,,,
2024,99999,TX,48077.0,48077000001.0,VA:First Lien,Single Family (1-4 Units):Site-Built,Hispanic or Latino,Black,Male,Preapproval request denied,3.0,370000.0,85.0,5.75,1.3,2.0,15400.0,13200.0,1650.0,480.0,750.0,360.0,0.0,0.0,0.0,0.0,1.0,1.0,3.0,5.0,1.0,,81.0,,1111.0,1111.0,4.0,6.5,2.0,4.0,5.5,8.5,2,4.0,1.0,5,2,4,75-84,9999,No,,1,1,,,
2024,99999,NY,36005.0,36005000001.0,FHA:First Lien,Single Family (1-4 Units):Site-Built,Not Hispanic or Latino,Asian,Male,Loan originated,1.0,310000.0,85.0,5.25,1.1,2.0,11400.0,10000.0,1200.0,330.0,800.0,300.0,0.0,0.0,0.0,0.0,1.0,1.0,3.0,5.0,1.0,,105.0,,1111.0,1111.0,3.5,5.5,2.0,4.0,6.0,9.0,2,4.0,1.0,5,2,4,55-64,9999,Yes,,1,1,,,
2024,99999,WA,53033.0,53033010000.0,Conventional:Second Lien,Single Family (1-4 Units):Site-Built,Hispanic or Latino,White,Female,Application denied,2.0,225000.0,75.0,6.25,1.5,3.0,11000.0,9800.0,1800.0,450.0,600.0,240.0,0.0,0.0,0.0,1.0,1.0,1.0,3.0,5.0,1.0,,120.0,,1111.0,1111.0,4.0,7.0,2.0,4.0,6.0,9.0,2,4.0,1.0,5,2,4,45-54,9999,No,,1,1,,,
2024,99999,IL,17031.0,17031143000.0,FHA:First Lien,Single Family (1-4 Units):Site-Built,Not Hispanic or Latino,White,Female,Preapproval request approved,3.0,275000.0,75.0,5.5,1.0,3.0,10200.0,8500.0,1300.0,300.0,500.0,360.0,0.0,0.0,0.0,0.0,1.0,1.0,3.0,5.0,1.0,,92.0,,1111.0,1111.0,3.0,6.0,2.0,4.0,5.5,8.0,2,4.0,1.0,5,2,4,55-64,9999,Yes,,1,1,,,
2024,99999,MA,25023.0,25023010000.0,Conventional:First Lien,Single Family (1-4 Units):Site-Built,Not Hispanic or Latino,White,Female,Preapproval request approved,2.0,245000.0,75.0,5.75,1.3,3.0,10500.0,8900.0,1300.0,320.0,420.0,360.0,0.0,0.0,0.0,0.0,1.0,1.0,3.0,5.0,1.0,,114.0,,1111.0,1111.0,3.5,6.0,2.0,4.0,6.0,8.5,2,4.0,1.0,5,2,4,65-74,9999,Yes,,1,1,,,
2024,99999,NJ,34011.0,34011000001.0,VA:First Lien,Single Family (1-4 Units):Site-Built,Hispanic or Latino,Asian,Male,Application approved but not accepted,3.0,310000.0,80.0,6.0,1.2,2.0,12800.0,12400.0,1200.0,300.0,600.0,360.0,0.0,0.0,0.0,0.0,1.0,1.0,3.0,5.0,1.0,,83.0,,1111.0,1111.0,3.0,6.0,2.0,4.0,6.0,9.0,2,4.0,1.0,5,2,4,55-64,9999,Yes,,1,1,,,
2024,99999,CO,8029.0,08029414000.0,FHA:First Lien,Single Family (1-4 Units):Site-Built,Not Hispanic or Latino,White,Male,Closed for incompleteness,3.0,315000.0,80.0,5.5,1.5,3.0,11000.0,10150.0,1580.0,350.0,580.0,360.0,0.0,0.0,0.0,0.0,1.0,1.0,3.0,5.0,1.0,,72.0,,1111.0,1111.0,4.0,6.0,2.0,4.0,6.0,8.5,2,4.0,1.0,5,2,4,65-74,9999,Yes,,1,1,,,
2024,99999,OR,41001.0,41001000001.0,Conventional:First Lien,Single Family (1-4 Units):Site-Built,Not Hispanic or Latino,White,Male,Loan originated,2.0,230000.0,70.0,5.75,1.2,2.0,12500.0,11000.0,1150.0,350.0,650.0,180.0,0.0,0.0,0.0,0.0,1.0,1.0,3.0,5.0,1.0,,119.0,,1111.0,1111.0,3.0,6.5,2.0,4.0,6.0,8.0,2,4.0,1.0,5,2,4,75-84,9999>No,,1,1,,,,
2024,99999,NC,37023.0,37023000001.0,FHA:First Lien,Single Family (1-4 Units):Site-Built,Not Hispanic or Latino,Black,Female,Loan originated,3.0,260000.0,75.0,5.25,0.7,2.0,11200.0,10300.0,1250.0,300.0,450.0,360.0,0.0,0.0,0.0,0.0,1.0,1.0,3.0,5.0,1.0,,88.0,,1111.0,1111.0,4.0,6.5,2.0,4.0,5.0,8.0,2,4.0,1.0,5,2,4,45-54,9999,Yes,,1,1,,,
2024,99999,MO,29005.0,29005000000.0,VA:First Lien,Single Family (1-4 Units):Site-Built,Hispanic or Latino,Hispanic,Male,Application denied,1.0,350000.0,75.0,5.5,1.0,3.0,12000.0,11500.0,1000.0,280.0,500.0,360.0,0.0,0.0,0.0,0.0,1.0,1.0,3.0,5.0,1.0,,98.0,,1111.0,1111.0,5.0,5.0,2.0,4.0,6.0,8.0,2,4.0,1.0,5,2,4,55-64,9999,Yes,,1,1,,,
2024,99999,MD,24013.0,24013000001.0,FHA:First Lien,Single Family (1-4 Units):Site-Built,Not Hispanic or Latino,Latino,Female,Preapproval request approved,3.0,290000.0,80.0,6.5,1.0,2.0,11200.0,10300.0,1000.0,280.0,500.0,180.0,0.0,0.0,0.0,0.0,1.0,1.0,3.0,5.0,1.0,,93.0,,1111.0,1111.0,3.5,6.0,2.0,4.0,7.0,9.0,2,4.0,1.0,5,2,4,65-74,9999,No,,1,1,,,
2024,99999,OH,39049.0,39049010000.0,FHA:First Lien,Single Family (1-4 Units):Site-Built,Not Hispanic or Latino,White,Male,Preapproval request denied,2.0,350000.0,80.0,7.0,1.5,3.0,11800.0,11200.0,1000.0,300.0,400.0,360.0,0.0,0.0,0.0,0.0,1.0,1.0,3.0,5.0,1.0,,78.0,,1111.0,1111.0,4.5,6.0,2.0,4.0,6.0,9.0,2,4.0,1.0,5,2,4,65-74,9999,No,,1,1,,,
2024,99999,GA,13285.0,13285000001.0,Conventional:First Lien,Single Family (1-4 Units):Site-Built,Hispanic or Latino,White,Female,Loan originated,1.0,280000.0,75.0,5.75,1.2,2.0,11000.0,10200.0,1000.0,300.0,600.0,360.0,0.0,0.0,0.0,0.0,1.0,1.0,3.0,5.0,1.0,,84.0,,1111.0,1111.0,3.0,6.5,2.0,4.0,6.0,8.0,2,4.0,1.0,5,2,4,65-74,9999,No,,1,1,,,
2024,99999,IN,18015.0,18015000001.0,FHA:First Lien,Single Family (1-4 Units):Site-Built,Not Hispanic or Latino,White,Male,Preapproval request denied,3.0,240000.0,75.0,5.5,1.0,2.0,10600.0,9700.0,1100.0,280.0,500.0,360.0,0.0,0.0,0.0,0.0,1.0,1.0,3.0,5.0,1.0,,67.0,,1111.0,1111.0,4.0,5.0,2.0,4.0,5.0,7.0,2,4.0,1.0,5,2,4,55-64,9999,Yes,,1,1,,,
2024,99999,VA,51019.0,51019000001.0,Conventional:Second Lien,Single Family (1-4 Units):Site-Built,Not Hispanic or Latino,White,Female,Application denied,2.0,310000.0,80.0,6.0,1.2,2.0,11500.0,10900.0,1050.0,300.0,500.0,240.0,0.0,0.0,0.0,0.0,1.0,1.0,3.0,5.0,1.0,,102.0,,1111.0,1111.0,3.5,7.0,2.0,4.0,6.0,8.5,2,4.0,1.0,5,2,4,55-64,9999,Yes,,1,1,,,
2024,99999,FL,12101.0,12101000001.0,FHA:First Lien,Single Family (1-4 Units):Site-Built,Hispanic or Latino,Hispanic,Male,Preapproval request approved,3.0,260000.0,85.0,5.5,1.2,2.0,11200.0,10600.0,1050.0,300.0,450.0,240.0,0.0,0.0,0.0,0.0,1.0,1.0,3.0,5.0,1.0,,111.0,,1111.0,1111.0,5.0,6.5,2.0,4.0,5.0,7.0,2,4.0,1.0,5,2,4,45-54,9999,No,,1,1,,,
2024,99999,MI,26161.0,26161000001.0,VA:First Lien,Single Family (1-4 Units):Site-Built,Not Hispanic or Latino,White,Male,Closed for incompleteness,3.0,320000.0,85.0,5.25,1.0,3.0,10800.0,10100.0,1000.0,250.0,400.0,360.0,0.0,0.0,0.0,0.0,1.0,1.0,3.0,5.0,1.0,,78.0,,1111.0,1111.0,3.0,6.0,2.0,4.0,5.0,8.0,2,4.0,1.0,5,2,4,65-74,9999,No,,1,1,,,
2024,99999,PA,42049.0,42049000001.0,FHA:First Lien,Single Family (1-4 Units):Site-Built,Hispanic or Latino,White,Female,Preapproval request denied,1.0,290000.0,75.0,6.0,1.5,2.0,11400.0,10600.0,1300.0,300.0,500.0,360.0,0.0,0.0,0.0,0.0,1.0,1.0,3.0,5.0,1.0,,92.0,,1111.0,1111.0,4.0,6.0,2.0,4.0,7.0,9.0,2,4.0,1.0,5,2,4,75-84,9999,Yes,,1,1,,,
2024,99999,WI,55007.0,55007000001.0,FHA:First Lien,Single Family (1-4 Units):Site-Built,Not Hispanic or Latino,White,Female,Preapproval request approved,3.0,260000.0,70.0,5.5,1.0,3.0,10200.0,9400.0,1100.0,250.0,450.0,360.0,0.0,0.0,0.0,0.0,1.0,1.0,3.0,5.0,1.0,,91.0,,1111.0,1111.0,3.0,6.0,2.0,4.0,4.0,7.0,2,4.0,1.0,5,2,4,65-74,9999,No,,1,1,,,
2024,99999,AL,1043.0,01043000001.0,VA:First Lien,Single Family (1-4 Units):Site-Built,Not Hispanic or Latino,White,Male,Loan originated,3.0,280000.0,70.0,5.5,1.0,2.0,10600.0,10000.0,1050.0,250.0,400.0,360.0,0.0,0.0,0.0,0.0,1.0,1.0,3.0,5.0,1.0,,109.0,,1111.0,1111.0,3.0,5.5,2.0,4.0,6.0,8.5,2,4.0,1.0,5,2,4,55-64,9999,Yes,,1,1,,,
2024,99999,SC,45021.0,45021000001.0,FHA:First Lien,Single Family (1-4 Units):Site-Built,Not Hispanic or Latino,Black,Female,Loan originated,1.0,310000.0,80.0,6.25,1.0,2.0,11200.0,10500.0,1100.0,300.0,550.0,360.0,0.0,0.0,0.0,0.0,1.0,1.0,3.0,5.0,1.0,,94.0,,1111.0,1111.0,4.0,6.0,2.0,4.0,5.0,7.5,2,4.0,1.0,5,2,4,65-74,9999,Yes,,1,1,,,
2024,99999,OK,40037.0,40037000001.0,Conventional:First Lien,Single Family (1-4 Units):Site-Built,Not Hispanic or Latino,White,Male,Closed for incompleteness,3.0,225000.0,75.0,5.25,1.2,2.0,10300.0,9700.0,1000.0,300.0,400.0,360.0,0.0,0.0,0.0,0.0,1.0,1.0,3.0,5.0,1.0,,104.0,,1111.0,1111.0,3.5,6.0,2.0,4.0,6.0,8.0,2,4.0,1.0,5,2,4,55-64,9999,Yes,,1,1,,,
2024,99999,AZ,4021.0,04021000001.0,FHA:First Lien,Single Family (1-4 Units):Site-Built,Hispanic or Latino,Hispanic,Female,Application denied,2.0,255000.0,70.0,6.5,1.0,3.0,11000.0,10200.0,1000.0,250.0,400.0,360.0,0.0,0.0,0.0,0.0,1.0,1.0,3.0,5.0,1.0,,85.0,,1111.0,1111.0,3.0,7.0,2.0,4.0,7.0,9.0,2,4.0,1.0,5,2,4,75-84,9999,Yes,,1,1,,,
2024,99999,TX,48001.0,48001000001.0,FHA:First Lien,Single Family (1-4 Units):Site-Built,Not Hispanic or Latino,Black,Female,Preapproval request approved,3.0,350000.0,78.0,5.75,1.2,3.0,11800.0,11100.0,1080.0,320.0,500.0,360.0,0.0,0.0,0.0,0.0,1.0,1.0,3.0,5.0,1.0,,90.0,,1111.0,1111.0,3.5,6.5,2.0,4.0,7.0,9.5,2,4.0,1.0,5,2,4,65-74,9999,Yes,,1,1,,,
2024,99999,KY,21101.0,21101000001.0,FHA:First Lien,Single Family (1-4 Units):Site-Built,Hispanic or Latino,Hispanic,Male,Loan originated,1.0,240000.0,75.0,5.5,1.0,2.0,10100.0,9200.0,1000.0,250.0,400.0,300.0,0.0,0.0,0.0,0.0,1.0,1.0,3.0,5.0,1.0,,110.0,,1111.0,1111.0,3.0,6.0,2.0,4.0,5.0,8.0,2,4.0,1.0,5,2,4,55-64,9999,Yes,,1,1,,,
2024,99999,ME,23015.0,23015000000.0,FHA:First Lien,Single Family (1-4 Units):Site-Built,Hispanic or Latino,White,Male,Loan originated,3.0,280000.0,80.0,5.75,1.2,3.0,11000.0,10200.0,1000.0,300.0,400.0,360.0,0.0,0.0,0.0,0.0,1.0,1.0,3.0,5.0,1.0,,103.0,,1111.0,1111.0,3.0,6.0,2.0,4.0,6.0,8.0,2,4.0,1.0,5,2,4,45-54,9999,Yes,,1,1,,,
2024,99999,VT,50001.0,50001000001.0,FHA:First Lien,Single Family (1-4 Units):Site-Built,Not Hispanic or Latino,White,Male,Application approved but not accepted,2.0,315000.0,80.0,6.0,1.5,2.0,11200.0,10400.0,1000.0,300.0,300.0,240.0,0.0,0.0,0.0,0.0,1.0,1.0,3.0,5.0,1.0,,92.0,,1111.0,1111.0,4.0,6.5,2.0,4.0,6.0,9.0,2,4.0,1.0,5,2,4,65-74,9999,Yes,,1,1,,,
2024,99999,RI,44001.0,44001000001.0,FHA:First Lien,Single Family (1-4 Units):Site-Built,Not Hispanic or Latino,White,Male,Application denied,1.0,340000.0,82.0,5.5,1.2,3.0,11800.0,11200.0,1050.0,300.0,400.0,360.0,0.0,0.0,0.0,0.0,1.0,1.0,3.0,5.0,1.0,,109.0,,1111.0,1111.0,4.0,6.0,2.0,4.0,4.0,7.0,2,4.0,1.0,5,2,4,55-64,9999,Yes,,1,1,,,
2024,99999,HI,15001.0,15001000001.0,Conventional:First Lien,Single Family (1-4 Units):Site-Built,Not Hispanic or Latino,White,Male,Loan originated,3.0,230000.0,78.0,5.5,1.0,2.0,10500.0,9900.0,1000.0,300.0,400.0,360.0,0.0,0.0,0.0,0.0,1.0,1.0,3.0,5.0,1.0,,75.0,,1111.0,1111.0,3.5,6.0,2.0,4.0,6.0,8.0,2,4.0,1.0,5,2,4,65-74,9999,Yes,,1,1,,,
2024,99999,ID,16015.0,16015000000.0,FHA:First Lien,Single Family (1-4 Units):Site-Built,Hispanic or Latino,Hispanic,Female,Preapproval request denied,3.0,270000.0,70.0,6.25,1.0,2.0,11200.0,10400.0,1000.0,300.0,400.0,360.0,0.0,0.0,0.0,0.0,1.0,1.0,3.0,5.0,1.0,,81.0,,1111.0,1111.0,3.0,6.5,2.0,4.0,6.0,8.0,2,4.0,1.0,5,2,4,75-84,9999,No,,1,1,,,
2024,99999,NH,33011.0,33011000001.0,FHA:First Lien,Single Family (1-4 Units):Site-Built,Not Hispanic or Latino,White,Female,Loan originated,3.0,295000.0,80.0,6.0,1.0,2.0,10500.0,9900.0,1050.0,300.0,600.0,360.0,0.0,0.0,0.0,0.0,1.0,1.0,3.0,5.0,1.0,,82.0,,1111.0,1111.0,3.0,6.0,2.0,4.0,6.0,9.0,2,4.0,1.0,5,2,4,65-74,9999,Yes,,1,1,,,
2024,99999,NE,31013.0,31013000001.0,FHA:First Lien,Single Family (1-4 Units):Site-Built,Hispanic or Latino,White,Female,Application approved but not accepted,3.0,245000.0,75.0,5.5,1.2,2.0,10500.0,9900.0,1200.0,300.0,500.0,360.0,0.0,0.0,0.0,0.0,1.0,1.0,3.0,5.0,1.0,,109.0,,1111.0,1111.0,3.5,6.5,2.0,4.0,6.0,7.5,2,4.0,1.0,5,2,4,55-64,9999,Yes,,1,1,,,
2024,99999,NC,37095.0,37095000001.0,VA:First Lien,Single Family (1-4 Units):Site-Built,Hispanic or Latino,White,Male,Closed for incompleteness,3.0,265000.0,80.0,5.25,1.0,2.0,11000.0,10200.0,1000.0,300.0,500.0,360.0,0.0,0.0,0.0,0.0,1.0,1.0,3.0,5.0,1.0,,101.0,,1111.0,1111.0,3.0,6.0,2.0,4.0,6.0,8.0,2,4.0,1.0,5,2,4,45-54,9999,Yes,,1,1,,,
2024,99999,LA,22111.0,22111000001.0,FHA:First Lien,Single Family (1-4 Units):Site-Built,Not Hispanic or Latino,White,Male,Closed for incompleteness,2.0,400000.0,80.0,5.75,1.2,3.0,11500.0,10800.0,1000.0,300.0,400.0,300.0,0.0,0.0,0.0,0.0,1.0,1.0,3.0,5.0,1.0,,93.0,,1111.0,1111.0,4.0,7.0,2.0,4.0,6.0,8.5,2,4.0,1.0,5,2,4,55-64,9999,No,,1,1,,,
2024,99999,DE,10001.0,10001000001.0,FHA:First Lien,Single Family (1-4 Units):Site-Built,Hispanic or Latino,Hispanic,Male,Closed for incompleteness,3.0,295000.0,80.0,6.0,1.5,3.0,11200.0,10800.0,1050.0,300.0,200.0,360.0,0.0,0.0,0.0,0.0,1.0,1.0,3.0,5.0,1.0,,94.0,,1111.0,1111.0,4.0,6.5,2.0,4.0,7.0,9.0,2,4.0,1.0,5,2,4,65-74,9999,No,,1,1,,,
2024,99999,MT,30007.0,30007000000.0,FHA:First Lien,Single Family (1-4 Units):Site-Built,Hispanic or Latino,Hispanic,Male,Preapproval request approved,3.0,275000.0,80.0,5.25,1.0,2.0,11200.0,10500.0,1000.0,300.0,400.0,360.0,0.0,0.0,0.0,0.0,1.0,1.0,3.0,5.0,1.0,,103.0,,1111.0,1111.0,4.0,6.0,2.0,4.0,6.0,8.5,2,4.0,1.0,5,2,4,65-74,9999,No,,1,1,,,
2024,99999,NV,32001.0,32001000001.0,Conventional:First Lien,Single Family (1-4 Units):Site-Built,Not Hispanic or Latino,White,Female,Loan originated,1.0,300000.0,75.0,,,,,,,,,,,,,,,,,,,,,,,,,,,,,,,,,,,,,,,,,,,,
2024,99999,PA,42127.0,42127960600.0,VA:First Lien,Single Family (1-4 Units):Site-Built,Ethnicity Not Available,Race Not Available,Sex Not Available,6,32.0,355000.0,,,,3.0,,,,,,360.0,,,2.0,2.0,2.0,2.0,,1.0,1.0,3.0,5.0,1.0,,108.0,,3.0,10.0,3.0,5.0,2,4,6.0,8.0,2,4,3,5,2,4,65-74,9999,Yes,,1,1.0
2024,99999,GA,13121.0,13121010529.0,Conventional:First Lien,Single Family (1-4 Units):Site-Built,Not Hispanic or Latino,,,,,,,,,,,,,,,,,,,,,,,,,,,,,,,,,,,,,,,,,,,,,,,,,,
2024,99999,OH,39085.0,39085160600.0,Conventional:First Lien,Single Family (1-4 Units):Site-Built,Not Hispanic or Latino,White,Female,Preapproval request denied,32.0,180000.0,80.0,6.25,2.8,1.0,17000.0,10000.0,4000.0,1200.0,5800.0,360.0,0.0,12.0,0.0,0.0,1.0,1.0,190000.0,1.0,1.0,3.0,3.0,1.0,32.0,14.0,1111,1111.0,3.0,5.0,2.0,5,2.0,5.0,3.0,4,3,4,40-59,65-74,2,2,Yes,,1.0,1,
2024,99999,MA,25001.0,25001020200.0,FHA:First Lien,Single Family (1-4 Units):Site-Built,Not Hispanic or Latino,White,Male,Loanapproved,1.0,290000.0,84.0,6.5,2.5,1.0,12500.0,8500.0,3000.0,1200.0,5300.0,300.0,0.0,12.0,0.0,0.0,0.0,0.0,320000.0,1.0,1.0,3.0,3.0,1.0,53.0,14.0,1111,1111.0,2.0,5.0,1.0,5,2.0,5.0,2.0,4,2,4,40-50,65-74,2,2,Yes,,1.0,1,
2024,99999,NE,31109.0,31109000000.0,FHA:First Lien,Single Family (1-4 Units):Site-Built,Hispanic or Latino,White,Male,Loan approved,1.0,210000.0,85.0,6.125,2.35,1.0,16000.0,10000.0,3500.0,1700.0,5500.0,300.0,0.0,12.0,0.0,0.0,0.0,0.0,240000.0,1.0,1.0,3.0,2.0,1.0,52.0,14.0,1111,1111.0,2.0,6.0,1.0,5,1.0,5.0,2.0,5,2,5,40-50,65-74,2,2,Yes,,1.0,1,
2024,99999,SC,45051.0,45051000000.0,Conventional:First Lien,Single Family (1-4 Units):Site-Built,Ethnicity Not Available,Race Not Available,Sex Not Available,Loan denied,32.0,270000.0,90.0,8.5,4.0,3.0,17000.0,10800.0,4000.0,1800.0,5800.0,,,,,,,,,,,,,,,,,,,,,,,,,,,,,,,,,,,,
2024,12054,GA,13121.0,13121010529.0,FHA:First Lien,Single Family (1-4 Units):Site-Built,Ethnicity Not Available,Race Not Available,Sex Not Available,6,32.0,225000.0,,6.875,,2.0,16692.05,,10197.8,8302.8,,300.0,,,2.0,2.0,2.0,2.0,275000.0,1.0,1.0,3.0,5.0,1.0,,,,9.0,9.0,4.0,4.0,3,3,7.0,7.0,3,3,4,4,3,3,8888,8888,,,3,3.0
2024,32061,CA,51027.0,51027024000.0,Conventional:First Lien,Single Family (1-4 Units):Site-Built,Hispanic or Latino,White,Male,Approved,32.0,433000.0,,6.5,,3.0,19533.05,,8333.0,11200.05,,360.0,,,2.0,2.0,2.0,2.0,365000.0,1.0,1.0,3.0,5.0,1.0,,,,10.0,6.0,6.0,6.0,3,4,6.0,6.0,3,3,4,5,2,5,70-74,75-79,Yes,,5,5.0
2024,12054,GA,13121.0,13121010529.0,Conventional:Second Lien,Single Family (1-4 Units):Site-Built,Not Hispanic or Latino,Black or African American,Male,Approved,32.0,281000.0,,7.25,,3.0,17853.05,,10437.5,7415.55,,360.0,,,2.0,2.0,2.0,2.0,325000.0,1.0,1.0,3.0,5.0,1.0,,,,11.0,1.0,3.0,5.0,4,3,6.0,7.0,3,4,6,4,2,3,75-79,65-74,No,,3,4.0
2024,32061,CA,51027.0,51027024000.0,FHA:First Lien,Single Family (1-4 Units):Site-Built,Hispanic or Latino,White,Male,Approved,32.0,433000.0,,6.875,,2.0,19533.05,,10933.0,8600.05,,360.0,,,2.0,2.0,2.0,2.0,365000.0,1.0,1.0,3.0,5.0,1.0,,,,3.0,10.0,4.0,3.0,2,5,7.0,4.0,2,6,5,6,5,5,65-74,75-79,Yes,,6,5.0
2024,12054,GA,13121.0,13121010529.0,VA:First Lien,Single Family (1-4 Units):Site-Built,Hispanic or Latino,White,Male,Approved,32.0,225000.0,,8.75,,2.0,22000.05,,12000.0,10000.05,,480.0,,,2.0,2.0,2.0,4.0,275000.0,1.0,1.0,2.0,2.0,1.0,,,,1.0,6.0,4.0,7.0,2,3,7.0,5.0,1,5,5,4,1,5,8888,65-74,Yes,,1,6.0
2024,32061,CA,51027.0,51027024000.0,Conventional:First Lien,Single Family (1-4 Units):Site-Built,Not Hispanic or Latino,White,Male,Approved,32.0,520000.0,,4.25,,2.0,32288.05,,17000.0,15288.05,,360.0,,,1.0,2.0,1.0,3.0,560000.0,1.0,1.0,2.0,2.0,1.0,,,,3.0,9.0,5.0,7.0,2,5,6.0,7.0,3,6,5,7,2,7,75-79,85-89,Yes,,2,3.0
2024,12054,GA,13121.0,13121010529.0,FHA:First Lien,Single Family (1-4 Units):Site-Built,Hispanic or Latino,White,Male,Approved,32.0,240000.0,,5.75,,2.0,12288.05,,8000.0,4288.05,,360.0,,,1.0,2.0,2.0,2.0,295000.0,1.0,1.0,2.0,1.0,2.0,,,,2.0,4.0,6.0,4.0,2,3,7.0,5.0,2,4,4,4,3,6,8888,8888,No,,1,3.0
2024,32061,CA,51027.0,51027024000.0,FHA:Second Lien,Single Family (1-4 Units):Site-Built,Not Hispanic or Latino,Black or African American,Male,Approved,32.0,320000.0,,6.75,,3.0,15500.05,,9500.0,6000.05,,360.0,,,2.0,2.0,2.0,2.0,350000.0,1.0,1.0,2.0,2.0,1.0,,,,5.0,9.0,4.0,6.0,2,4,4.0,6.0,2,3,5,3,2,5,65-74,75-79,No,,1,4.0
2024,12054,GA,13121.0,13121010529.0,VA:First Lien,Single Family (1-4 Units):Site-Built,Ethnicity Not Available,Race Not Available,Sex Not Available,Approved,32.0,254000.0,,8.0,,2.0,25400.05,,10000.0,15400.05,,480.0,,,2.0,2.0,2.0,2.0,300000.0,1.0,1.0,3.0,1.0,2.0,,,,2.0,3.0,4.0,4.0,1,2,4.0,4.0,2,3,1,1,1,5,75-79,8888,Yes,,3,2.0
2024,32061,CA,51027.0,51027024000.0,Conventional:First Lien,Single Family (1-4 Units):Site-Built,Not Hispanic or Latino,Asian,Male,Approved,32.0,370000.0,,6.5,,2.0,22000.05,,17888.0,4112.05,,360.0,,,2.0,2.0,2.0,2.0,404000.0,1.0,1.0,2.0,2.0,1.0,,,,1.0,2.0,5.0,3.0,2,4,7.0,5.0,2,5,3,3,4,5,75-79,90-95,Yes,,1,6.0
2024,12054,GA,13121.0,13121010529.0,VA:First Lien,Single Family (1-4 Units):Site-Built,Ethnicity Not Available,Race Not Available,Sex Not Available,Approved,32.0,225000.0,,7.25,,3.0,17853.05,,10437.5,7415.55,,300.0,,,2.0,2.0,2.0,2.0,275000.0,1.0,1.0,3.0,5.0,1.0,,,,10.0,3.0,5.0,3.0,3,3,7.0,4.0,2,2,4,4,4,3,75-79,65-74,Yes,,2,4.0
2024,32061,CA,51027.0,51027024000.0,FHA:First Lien,Single Family (1-4 Units):Site-Built,Hispanic or Latino,White,Male,Approved,32.0,400000.0,,7.25,,2.0,15000.05,,9000.0,6000.05,,360.0,,,2.0,2.0,2.0,1.0,404000.0,1.0,1.0,3.0,5.0,1.0,,,,4.0,9.0,4.0,6.0,2,5,7.0,5.0,2,5,3,4,2,6,75-79,65-74,No,,3,3.0
2024,12054,GA,13121.0,13121010529.0,Conventional:First Lien,Single Family (1-4 Units):Site-Built,Not Hispanic or Latino,White,Male,Approved,32.0,300000.0,,5.5,,2.0,12500.05,,7500.0,5000.05,,360.0,,,2.0,2.0,2.0,2.0,375000.0,1.0,1.0,2.0,2.0,1.0,,,,1.0,3.0,3.0,5.0,3,2,7.0,3.0,3,5,6,3,4,5,75-79,75-79,Yes,,3,5.0
2024,32061,CA,51027.0,51027024000.0,Conventional:First Lien,Single Family (1-4 Units):Site-Built,Hispanic or Latino,White,Male,Approved,32.0,350000.0,,6.5,,2.0,22000.05,,12500.0,9500.05,,360.0,,,2.0,2.0,2.0,2.0,400000.0,1.0,1.0,2.0,3.0,1.0,,,,4.0,7.0,4.0,5.0,3,2,7.0,3.0,3,4,2,4,2,5,70-74,75-79,No,,3,2.0
2024,12054,GA,13121.0,13121010529.0,FHA:First Lien,Single Family (1-4 Units):Site-Built,Not Hispanic or Latino,Black or African American,Male,Approved,32.0,215000.0,,8.5,,3.0,12500.05,,9000.0,3500.05,,360.0,,,2.0,2.0,2.0,2.0,245000.0,1.0,1.0,3.0,5.0,1.0,,,,8.0,4.0,5.0,4.0,1,1,7.0,2.0,1,5,5,5,4,4,8888,75-79,No,,2,4.0
2024,32061,CA,51027.0,51027024000.0,Conventional:Second Lien,Single Family (1-4 Units):Site-Built,Not Hispanic or Latino,White,Male,Approved,32.0,500000.0,,6.75,,2.0,22500.05,,15500.0,7000.05,,360.0,,,2.0,2.0,2.0,2.0,550000.0,1.0,1.0,3.0,4.0,1.0,,,,5.0,6.0,4.0,3.0,1,4,6.0,4.0,2,6,3,3,4,4,65-74,75-79,Yes,,5,5.0
2024,12054,GA,13121.0,13121010529.0,VA:First Lien,Single Family (1-4 Units):Site-Built,Ethnicity Not Available,Race Not Available,Sex Not Available,Approved,32.0,275000.0,,7.5,,3.0,17500.05,,11000.0,6500.05,,480.0,,,2.0,2.0,2.0,2.0,300000.0,1.0,1.0,3.0,3.0,2.0,,,,4.0,1.0,3.0,2.0,1,1,5.0,5.0,1,3,3,4,4,3,8888,65-74,Yes,,1,4.0
2024,32061,CA,51027.0,51027024000.0,FHA:First Lien,Single Family (1-4 Units):Site-Built,Hispanic or Latino,White,Male,Approved,32.0,225000.0,,6.375,,3.0,13000.05,,8000.0,5000.05,,360.0,,,2.0,2.0,2.0,2.0,300000.0,1.0,1.0,3.0,5.0,1.0,,,,4.0,6.0,4.0,7.0,2,5,6.0,6.0,2,3,3,3,1,6,75-79,75-79,No,,1,2.0
2024,12054,GA,13121.0,13121010529.0,FHA:First Lien,Single Family (1-4 Units):Site-Built,Hispanic or Latino,White,Male,Approved,32.0,215000.0,,5.5,,3.0,14000.05,,7500.0,6500.05,,300.0,,,2.0,2.0,2.0,1.0,275000.0,1.0,1.0,2.0,2.0,1.0,,,,1.0,1.0,3.0,3.0,5,5,3.0,2.0,1,3,3,3,4,3,65-74,65-74,Yes,,4,5.0
2024,32061,CA,51027.0,51027024000.0,Conventional:First Lien,Single Family (1-4 Units):Site-Built,Ethnicity Not Available,Race Not Available,Sex Not Available,Approved,32.0,310000.0,,7.25,,3.0,17500.05,,8500.0,9000.05,,360.0,,,2.0,2.0,2.0,2.0,400000.0,1.0,1.0,3.0,2.0,1.0,,,,6.0,6.0,4.0,6.0,3,5,3.0,3.0,3,4,4,3,2,4,8888,65-74,Yes,,5,3.0
2024,12054,GA,13121.0,13121010529.0,FHA:First Lien,Single Family (1-4 Units):Site-Built,Not Hispanic or Latino,White,Male,Approved,32.0,225000.0,,5.5,,3.0,12000.05,,11500.0,500.05,,360.0,,,2.0,2.0,2.0,2.0,275000.0,1.0,1.0,2.0,2.0,1.0,,,,5.0,2.0,5.0,4.0,2,3,6.0,4.0,3,5,4,4,2,4,8888,8888,No,,1,3.0
2024,32061,CA,51027.0,51027024000.0,VA:First Lien,Single Family (1-4 Units):Site-Built,Hispanic or Latino,White,Male,Approved,32.0,245000.0,,6.75,,2.0,18500.05,,10000.0,8500.05,,360.0,,,2.0,2.0,2.0,2.0,300000.0,1.0,1.0,3.0,2.0,1.0,,,,2.0,4.0,6.0,7.0,1,2,7.0,5.0,5,6,2,4,3,5,65-74,8888,No,,1,2.0
2024,12054,GA,13121.0,13121010529.0,Conventional:First Lien,Single Family (1-4 Units):Site-Built,Ethnicity Not Available,Race Not Available,Sex Not Available,Approved,32.0,260000.0,,7.25,,3.0,18000.05,,9000.0,9000.05,,360.0,,,2.0,2.0,2.0,2.0,300000.0,1.0,1.0,3.0,4.0,1.0,,,,3.0,1.0,5.0,4.0,3,2,8.0,5.0,2,3,3,4,2,4,65-74,75-79,Yes,,5,3.0
2024,32061,CA,51027.0,51027024000.0,FHA:First Lien,Single Family (1-4 Units):Site-Built,Not Hispanic or Latino,White,Female,Approved,32.0,340000.0,,6.5,,3.0,18000.05,,10000.0,8000.05,,360.0,,,2.0,2.0,2.0,1.0,380000.0,1.0,1.0,2.0,2.0,1.0,,,,3.0,8.0,4.0,6.0,3,2,7.0,7.0,4,3,6,2,2,4,75-79,75-79,No,,1,3.0
2024,12054,GA,13121.0,13121010529.0,Conventional:First Lien,Single Family (1-4 Units):Site-Built,Hispanic or Latino,White,Male,Approved,32.0,300000.0,,6.25,,3.0,20100.05,,11500.0,8600.05,,360.0,,,2.0,2.0,2.0,2.0,350000.0,1.0,1.0,2.0,2.0,1.0,,,,2.0,8.0,6.0,6.0,3,4,4.0,7.0,3,4,5,2,3,4,65-74,75-79,Yes,,2,3.0
2024,32061,CA,51027.0,51027024000.0,Conventional:First Lien,Single Family (1-4 Units):Site-Built,Not Hispanic or Latino,Asian,Male,Approved,32.0,225000.0,,6.0,,3.0,13600.05,,10800.0,2800.05,,360.0,,,2.0,2.0,2.0,2.0,300000.0,1.0,1.0,3.0,1.0,1.0,,,,2.0,10.0,4.0,3.0,2,4,6.0,5.0,3,3,4,2,5,3,75-79,65-74,Yes,,4,5.0
2024,12054,GA,13121.0,13121010529.0,FHA:First Lien,Single Family (1-4 Units):Site-Built,Not Hispanic or Latino,White,Male,Approved,32.0,325000.0,,7.375,,3.0,15500.05,,9800.0,5700.05,,360.0,,,2.0,2.0,2.0,2.0,400000.0,1.0,1.0,2.0,1.0,2.0,,,,3.0,1.0,4.0,7.0,2,7,6.0,4.0,2,3,4,4,3,5,8888,65-74,No,,1,3.0
2024,32061,CA,51027.0,51027024000.0,FHA:Second Lien,Single Family (1-4 Units):Site-Built,Ethnicity Not Available,Race Not Available,Sex Not Available,Approved,32.0,185000.0,,7.75,,2.0,17500.05,,9000.0,8500.05,,360.0,,,2.0,2.0,2.0,2.0,250000.0,1.0,1.0,3.0,2.0,1.0,,,,2.0,3.0,3.0,6.0,2,3,5.0,5.0,3,3,4,4,4,5,8888,65-74,Yes,,6,3.0
2024,12054,GA,13121.0,13121010529.0,FHA:First Lien,Single Family (1-4 Units):Site-Built,Hispanic or Latino,White,Male,Approved,32.0,225000.0,,6.75,,3.0,13000.05,,8000.0,5000.05,,360.0,,,2.0,2.0,2.0,2.0,250000.0,1.0,1.0,2.0,2.0,1.0,,,,3.0,5.0,4.0,7.0,2,2,4.0,3.0,3,3,5,4,1,3,75-79,65-74,No,,2,3.0
2024,32061,CA,51027.0,51027024000.0,Conventional:First Lien,Single Family (1-4 Units):Site-Built,Ethnicity Not Available,Race Not Available,Sex Not Available,Approved,32.0,350000.0,,6.5,,3.0,12000.05,,9000.0,3000.05,,360.0,,,2.0,2.0,2.0,2.0,400000.0,1.0,1.0,2.0,3.0,2.0,,,,3.0,6.0,3.0,3.0,2,4,5.0,7.0,2,5,2,3,4,2,8888,75-79,No,,1,4.0
2024,12054,GA,13121.0,13121010529.0,FHA:First Lien,Single Family (1-4 Units):Site-Built,Not Hispanic or Latino,White,Male,Approved,32.0,375000.0,,6.75,,3.0,18000.05,,11000.0,7000.05,,360.0,,,2.0,2.0,2.0,2.0,425000.0,1.0,1.0,1.0,2.0,2.0,,,,3.0,3.0,4.0,4.0,2,2,5.0,3.0,3,4,3,2,2,3,75-79,75-79,Yes,,1,3.0
2024,32061,CA,51027.0,51027024000.0,Conventional:Second Lien,Single Family (1-4 Units):Site-Built,Hispanic or Latino,White,Male,Approved,32.0,245000.0,,6.0,,3.0,15500.05,,11500.0,4000.05,,360.0,,,2.0,2.0,2.0,2.0,300000.0,1.0,1.0,2.0,2.0,2.0,,,,1.0,5.0,3.0,5.0,4,1,4.0,2.0,4,3,4,2,1,1,65-74,75-79,No,,2,3.0
2024,12054,GA,13121.0,13121010529.0,Conventional:First Lien,Single Family (1-4 Units):Site-Built,Not Hispanic or Latino,White,Male,Approved,32.0,275000.0,,6.5,,3.0,13500.05,,6000.0,7500.05,,360.0,,,2.0,2.0,2.0,2.0,325000.0,1.0,1.0,2.0,2.0,1.0,,,,1.0,5.0,5.0,5.0,3,2,4.0,5.0,3,4,3,3,2,2,8888,75-79,No,,1,3.0
2024,32061,CA,51027.0,51027024000.0,VA:First Lien,Single Family (1-4 Units):Site-Built,Ethnicity Not Available,Race Not Available,Sex Not Available,Approved,32.0,375000.0,,7.0,,3.0,13000.05,,9000.0,4000.05,,360.0,,,2.0,2.0,2.0,2.0,425000.0,1.0,1.0,3.0,2.0,1.0,,,,5.0,2.0,3.0,3.0,2,2,6.0,4.0,2,3,2,4,2,3,75-79,65-74,No,,2,3.0
2024,12054,GA,13121.0,13121010529.0,FHA:First Lien,Single Family (1-4 Units):Site-Built,Ethnicity Not Available,Race Not Available,Sex Not Available,Approved,32.0,425000.0,,5.75,,2.0,15500.05,,8500.0,7000.05,,360.0,,,2.0,2.0,2.0,2.0,450000.0,1.0,1.0,2.0,3.0,2.0,,,,1.0,3.0,5.0,4.0,2,5,3.0,5.0,3,4,3,4,1,6,75-79,8888,Yes,,1,2.0
2024,32061,CA,51027.0,51027024000.0,Conventional:First Lien,Single Family (1-4 Units):Site-Built,Hispanic or Latino,White,Male,Approved,32.0,310000.0,,7.0,,3.0,11000.05,,6800.0,4200.05,,360.0,,,2.0,2.0,2.0,2.0,351000.0,1.0,1.0,3.0,4.0,1.0,,,,7.0,2.0,2.0,6.0,1,3,6.0,5.0,4,1,1,2,1,1,65-74,65-74,No,,1,4.0
2024,12054,GA,13121.0,13121010529.0,FHA:First Lien,Single Family (1-4 Units):Site-Built,Not Hispanic or Latino,White,Male,Approved,32.0,340000.0,,6.875,,3.0,28000.05,,20000.0,8000.05,,360.0,,,2.0,2.0,2.0,2.0,400000.0,1.0,1.0,3.0,2.0,1.0,,,,3.0,6.0,3.0,4.0,1,3,7.0,5.0,2,4,1,4,2,6,8888,65-74,No,,1,3.0
2024,32061,CA,51027.0,51027024000.0,FHA:First Lien,Single Family (1-4 Units):Site-Built,Hispanic or Latino,White,Male,Approved,32.0,220000.0,,6.25,,3.0,11500.05,,9500.0,2000.05,,360.0,,,2.0,2.0,2.0,2.0,250000.0,1.0,1.0,2.0,2.0,1.0,,,,3.0,8.0,2.0,5.0,2,6,3.0,4.0,2,3,4,7,1,4,65-74,75-79,No,,4,2.0
2024,12054,GA,13121.0,13121010529.0,Conventional:Second Lien,Single Family (1-4 Units):Site-Built,Not Hispanic or Latino,White,Male,Approved,32.0,215000.0,,8.25,,2.0,16500.05,,13000.0,3500.05,,360.0,,,2.0,2.0,2.0,2.0,250000.0,1.0,1.0,2.0,1.0,1.0,,,,2.0,5.0,2.0,5.0,2,2,6.0,5.0,2,4,3,6,5,3,75-79,75-79,No,,1,3.0
2024,32061,CA,51027.0,51027024000.0,Va:First Lien,Single Family (1-4 Units):Site-Built,Hispanic or Latino,White,Male,Approved,32.0,240000.0,,8.0,,2.0,23000.05,,15000.0,8000.05,,360.0,,,2.0,2.0,2.0,2.0,320000.0,1.0,1.0,1.0,1.0,1.0,,,,4.0,2.0,5.0,6.0,2,3,7.0,2.0,2,4,5,3,2,3,8888,90-95,Yes,,3,4.0
2024,12054,GA,13121.0,13121010529.0,FHA:First Lien,Single Family (1-4 Units):Site-Built,Not Hispanic or Latino,White,Female,Approved,32.0,210000.0,,9.0,,2.0,23000.05,,11000.0,12000.05,,360.0,,,2.0,2.0,2.0,2.0,250000.0,1.0,1.0,2.0,2.0,1.0,,,,4.0,9.0,4.0,3.0,2,4,4.0,5.0,5,4,5,2,1,5,65-74,8888,No,,3,4.0
2024,32061,CA,51027.0,51027024000.0,FHA:First Lien,Single Family (1-4 Units):Site-Built,Hispanic or Latino,White,Male,Approved,32.0,445000.0,,6.5,,3.0,15200.05,,9500.0,5700.05,,360.0,,,2.0,2.0,2.0,2.0,475000.0,1.0,1.0,3.0,2.0,1.0,,,,2.0,5.0,4.0,3.0,1,3,7.0,5.0,4,4,3,5,2,2,75-79,75-79,Yes,,5,4.0
2024,12054,GA,131.0,,,,,,,,,,,,,,,,,,,,,,,,,,,,,,,,,,,,,,,,,,,,,,,,,,,,,,
2024,12054,GA,13121.0,13121010529.0,FHA:First Lien,Single Family (1-4 Units):Site-Built,Ethnicity Not Available,Race Not Available,Sex Not Available,6,32.0,225000.0,,6.875,,2.0,16692.05,,10197.8,8302.8,,300.0,,,2.0,2.0,2.0,2.0,275000.0,1.0,1.0,3.0,5.0,1.0,,,,9.0,9.0,4.0,4.0,3,3,7.0,7.0,3,3,4,4,3,3,8888,8888,,,3,3.0
2024,12054,GA,13121.0,13121010529.0,FHA:First Lien,Single Family (1-4 Units):Site-Built,Ethnicity Not Available,Race Not Available,Sex Not Available,6,32.0,225000.0,,6.875,,2.0,16692.05,,10197.8,8302.8,,300.0,,,2.0,2.0,2.0,2.0,275000.0,1.0,1.0,3.0,5.0,1.0,,,,9.0,9.0,4.0,4.0,3,3,7.0,7.0,3,3,4,4,3,3,8888,8888,,,3,3.0
2024,12054,GA,13121.0,13121010529.0,FHA:First Lien,Single Family (1-4 Units):Site-Built,Ethnicity Not Available,Race Not Available,Sex Not Available,6,32.0,225000.0,,6.875,,2.0,16692.05,,10197.8,8302.8,,300.0,,,2.0,2.0,2.0,2.0,275000.0,1.0,1.0,3.0,5.0,1.0,,,,9.0,9.0,4.0,4.0,3,3,7.0,7.0,3,3,4,4,3,3,8888,8888,,,3,3.0
2024,12054,GA,13121.0,13121010529.0,FHA:First Lien,Single Family (1-4 Units):Site-Built,Ethnicity Not Available,Race Not Available,Sex Not Available,6,32.0,225000.0,,6.875,,2.0,16692.05,,10197.8,8302.8,,300.0,,,2.0,2.0,2.0,2.0,275000.0,1.0,1.0,3.0,5.0,1.0,,,,9.0,9.0,4.0,4.0,3,3,7.0,7.0,3,3,4,4,3,3,8888,8888,,,3,3.0
2024,99999,IL,17031.0,17031010600.0,Conventional:First Lien,Single Family (1-4 Units):Site-Built,Hispanic or Latino,White,Male,Loan originated,1.0,325000.0,89.0,6.0,2.0,3.0,2200.0,1300.0,900.0,200.0,900.0,300.0,,,,,,,,,,,,,,,,,,,,,,,,,,,,,,,,,,,
2024,99999,DE,10.0,0010040100.0,Conventional:First Lien,Single Family (1-4 Units):Site-Built,Not Hispanic or Latino,White,Male,Approved for loan,1.0,320000.0,75.0,6.25,1.5,1.0,1000.0,2500.0,1500.0,500.0,750.0,360.0,2.0,3.0,,,,,400000.0,1.0,1.0,1.0,1.0,2.0,4.0,4.0,80.0,2.0,1.0,2.0,1.0,65-74,45-55,1.0,1.0,1,1,1,2,1,1,1,1,65,34.0,No,1.0
2024,99999,FL,1227.0,1227030100.0,FHA:First Lien,Single Family (1-4 Units):Site-Built,Hispanic or Latino,Hispanic/Latino,Gender Non-Conforming,Loan closed,1.0,150000.0,70.0,6.0,1.2,2.0,800.0,2000.0,1200.0,400.0,600.0,360.0,1.0,1.0,,,,,150000.0,1.0,1.0,1.0,1.0,1.0,3.0,2.0,45.0,2.0,1.0,2.0,3.0,55-64,45-55,1.0,1.0,1,1,1,1,1,2,2,1,72,29.0,Yes,1.0
2024,99999,IL,17031.0,1703100100.0,Conventional:First Lien,Single Family (1-4 Units):Site-Built,Not Hispanic or Latino,Asian,Male,Loan originated,1.0,485000.0,80.0,7.25,2.0,1.0,1200.0,3000.0,1800.0,600.0,800.0,360.0,2.0,2.0,,,,,320000.0,1.0,1.0,3.0,3.0,2.0,2.0,4.0,60.0,3.0,1.0,2.0,1.0,35-44,45-55,1.0,1.0,2,2,2,1,3,1,3,1,49,54.0,Yes,1.0
2024,99999,IN,16012.0,1601290102.0,VA:First Lien,Single Family (1-4 Units):Site-Built,Not Hispanic or Latino,White,Male,Loan originated,1.0,275000.0,70.0,5.5,0.7,2.0,1000.0,2200.0,1300.0,500.0,700.0,360.0,1.0,1.0,,,,,350000.0,1.0,1.0,2.0,1.0,1.0,4.0,2.0,30.0,1.0,1.0,2.0,3.0,25-34,65-74,1.0,1.0,1,1,1,1,1,2,1,2,28,68.0,No,1.0
2024,99999,KS,19915.0,19915010101.0,FHA:First Lien,Single Family (1-4 Units):Site-Built,Not Hispanic or Latino,White,Male,Application approved but not accepted,2.0,125000.0,80.0,7.0,1.8,2.0,700.0,1800.0,1100.0,300.0,500.0,360.0,2.0,2.0,,,,,200000.0,1.0,1.0,1.0,1.0,2.0,2.0,1.0,45.0,3.0,1.0,2.0,2.0,35-44,45-55,1.0,1.0,1,1,1,3,1,2,1,1,32,29.0,No,1.0
2024,99999,KY,21010.0,21010040001.0,Conventional:First Lien,Single Family (1-4 Units):Site-Built,Hispanic or Latino,White,Female,Loan closed,2.0,187500.0,90.0,5.75,1.0,1.0,900.0,2400.0,1400.0,500.0,600.0,360.0,1.0,1.0,,,,,250000.0,1.0,1.0,3.0,3.0,2.0,3.0,1.0,43.0,2.0,1.0,3.0,1.0,35-44,35-44,1.0,1.0,2,2,2,1,2,1,1,1,37,32.0,No,2.0
2024,99999,LA,3231.0,32310010001.0,VA:First Lien,Single Family (1-4 Units):Site-Built,Not Hispanic or Latino,Black,Female,Action taken,3.0,310000.0,90.0,6.5,1.3,2.0,1100.0,2800.0,1600.0,600.0,700.0,360.0,1.0,1.0,,,,,310000.0,1.0,1.0,1.0,1.0,2.0,2.0,2.0,38.0,1.0,1.0,3.0,1.0,55-64,25-34,1.0,1.0,1,1,1,1,1,1,1,2,41,30.0,No,1.0
2024,99999,MD,24014.0,24014010001.0,FHA:First Lien,Single Family (1-4 Units):Site-Built,Not Hispanic or Latino,White,Female,Loan originated,1.0,200000.0,75.0,6.0,1.2,1.0,700.0,2000.0,1200.0,400.0,600.0,360.0,2.0,2.0,,,,,200000.0,1.0,1.0,1.0,1.0,2.0,4.0,2.0,50.0,2.0,1.0,2.0,2.0,45-55,35-44,1.0,1.0,1,1,1,1,2,1,2,2,50,32.0,No,1.0
2024,99999,ME,3100.0,31000500100.0,Conventional:First Lien,Single Family (1-4 Units):Site-Built,Hispanic or Latino,Hispanic/Latino,Male,Loan originated,3.0,190000.0,85.0,6.75,1.6,1.0,600.0,1800.0,1100.0,400.0,500.0,360.0,1.0,1.0,,,,,180000.0,1.0,1.0,3.0,3.0,2.0,4.0,1.0,55.0,2.0,3.0,2.0,1.0,35-44,25-34,1.0,1.0,1,1,1,1,2,1,3,1,38,26.0,Yes,1.0
2024,99999,MI,23065.0,23065102001.0,VA:First Lien,Single Family (1-4 Units):Site-Built,Not Hispanic or Latino,White,Female,Approved for loan,1.0,325000.0,75.0,6.8,1.7,2.0,1200.0,2900.0,1700.0,600.0,700.0,360.0,2.0,2.0,,,,,400000.0,1.0,1.0,3.0,3.0,2.0,4.0,2.0,38.0,1.0,1.0,2.0,1.0,55-64,45-55,1.0,1.0,1,1,1,1,2,1,1,2,29,43.0,Yes,1.0
2024,99999,MT,20001.0,20001000000.0,Conventional:First Lien,Single Family (1-4 Units):Site-Built,Not Hispanic or Latino,White,Male,Loan originated,2.0,142000.0,60.0,5.5,0.5,1.0,500.0,1500.0,900.0,200.0,400.0,360.0,1.0,1.0,,,,,220000.0,1.0,1.0,1.0,1.0,3.0,4.0,1.0,30.0,1.0,1.0,3.0,1.0,35-44,35-44,1.0,1.0,1,1,1,1,1,1,1,1,38,24.0,No,1.0
2024,99999,NC,36211.0,36211902000.0,FHA:First Lien,Single Family (1-4 Units):Site-Built,Hispanic or Latino,Hispanic/Latino,Female,Action taken,1.0,422000.0,90.0,4.45,0.95,1.0,900.0,2100.0,1300.0,500.0,600.0,360.0,2.0,2.0,,,,,450000.0,1.0,1.0,2.0,1.0,1.0,4.0,2.0,39.0,1.0,1.0,3.0,2.0,25-34,25-34,1.0,1.0,2,2,2,1,2,1,3,1,39,36.0,No,1.0
2024,99999,NE,30003.0,30003010001.0,Conventional:First Lien,Single Family (1-4 Units):Site-Built,Not Hispanic or Latino,White,Male,Approved for loan,2.0,150000.0,70.0,5.25,0.95,1.0,600.0,1800.0,1100.0,300.0,500.0,360.0,1.0,1.0,,,,,210000.0,1.0,1.0,1.0,1.0,1.0,3.0,1.0,38.0,1.0,1.0,1.0,1.0,55-64,35-44,1.0,1.0,1,1,1,1,1,1,1,1,60,45.0,Yes,1.0
2024,99999,NH,21001.0,21001020001.0,FHA:First Lien,Single Family (1-4 Units):Site-Built,Not Hispanic or Latino,White,Female,File closed for incompleteness,1.0,195000.0,65.0,6.75,1.25,1.0,700.0,1700.0,1000.0,400.0,600.0,360.0,2.0,2.0,,,,,230000.0,1.0,1.0,1.0,1.0,1.0,4.0,2.0,36.0,1.0,1.0,2.0,3.0,65-74,45-55,1.0,1.0,1,1,1,1,1,1,2,2,80,48.0,No,2.0
2024,99999,NJ,34001.0,34001020055.0,Conventional:First Lien,Single Family (1-4 Units):Site-Built,Hispanic or Latino,Hispanic/Latino,Male,Approved for loan,1.0,275000.0,80.0,6.9,1.85,2.0,900.0,2400.0,1400.0,500.0,700.0,360.0,2.0,2.0,,,,,310000.0,1.0,1.0,3.0,1.0,2.0,2.0,2.0,50.0,1.0,1.0,2.0,2.0,35-44,35-44,1.0,1.0,2,2,2,1,2,1,2,3,28,35.0,No,1.0
2024,99999,NM,32019.0,32019010001.0,VA:First Lien,Single Family (1-4 Units):Site-Built,Hispanic or Latino,Hispanic/Latino,Male,Loan closed,3.0,210000.0,80.0,6.25,1.15,2.0,800.0,2200.0,1300.0,500.0,600.0,360.0,1.0,1.0,,,,,200000.0,1.0,1.0,1.0,1.0,1.0,4.0,1.0,31.0,1.0,1.0,3.0,2.0,55-64,65-74,1.0,1.0,2,2,2,1,3,2,2,2,38,75.0,No,3.0
2024,99999,NY,36061.0,36061101100.0,FHA:First Lien,Single Family (1-4 Units):Site-Built,Not Hispanic or Latino,Black,Female,Loan originated,2.0,350000.0,90.0,6.75,1.5,1.0,1000.0,3000.0,1800.0,600.0,800.0,360.0,2.0,2.0,,,,,400000.0,1.0,1.0,3.0,1.0,2.0,4.0,2.0,41.0,3.0,1.0,2.0,2.0,25-34,45-55,1.0,1.0,3,3,2,1,1,1,3,1,26,32.0,No,1.0
2024,99999,OH,39169.0,39169010102.0,Conventional:First Lien,Single Family (1-4 Units):Site-Built,Hispanic or Latino,Hispanic/Latino,Male,Approved for loan,1.0,270000.0,80.0,5.5,1.0,1.0,900.0,2400.0,1500.0,500.0,700.0,360.0,2.0,2.0,,,,,300000.0,1.0,1.0,1.0,1.0,2.0,2.0,2.0,40.0,1.0,1.0,3.0,1.0,35-44,55-64,1.0,1.0,1,1,1,1,1,1,2,2,35,58.0,Yes,2.0
2024,99999,OK,40029.0,40029107030.0,FHA:First Lien,Single Family (1-4 Units):Site-Built,Not Hispanic or Latino,White,Male,Action taken,1.0,165000.0,80.0,7.0,1.2,2.0,700.0,1900.0,1200.0,400.0,600.0,360.0,1.0,1.0,,,,,180000.0,1.0,1.0,3.0,1.0,2.0,2.0,2.0,34.0,1.0,1.0,2.0,1.0,25-34,25-34,1.0,1.0,1,1,1,2,1,2,1,2,30,26.0,No,1.0
2024,99999,OR,41001.0,41001010101.0,Conventional:First Lien,Single Family (1-4 Units):Site-Built,Not Hispanic or Latino,White,Female,Approved for loan,1.0,155000.0,75.0,5.85,1.1,1.0,800.0,2100.0,1300.0,400.0,600.0,360.0,1.0,1.0,,,,,190000.0,1.0,1.0,1.0,1.0,2.0,3.0,1.0,55.0,2.0,1.0,2.0,1.0,25-34,15-24,1.0,1.0,1,1,1,2,1,1,1,2,24,19.0,No,2.0
2024,99999,PA,42097.0,42097213000.0,VA:First Lien,Single Family (1-4 Units):Site-Built,Not Hispanic or Latino,White,Male,Approved for loan,2.0,135000.0,65.0,5.1,0.35,1.0,600.0,1600.0,1000.0,300.0,400.0,360.0,1.0,1.0,,,,,220000.0,1.0,1.0,1.0,1.0,3.0,4.0,2.0,43.0,1.0,1.0,2.0,2.0,25-34,55-64,1.0,1.0,1,1,1,1,1,1,1,2,19,46.0,No,2.0
2024,99999,SC,45077.0,45077050400.0,FHA:First Lien,Single Family (1-4 Units):Site-Built,Not Hispanic or Latino,White,Male,Approved for loan,1.0,250000.0,75.0,6.2,0.9,1.0,900.0,2200.0,1300.0,500.0,700.0,360.0,2.0,2.0,,,,,300000.0,1.0,1.0,1.0,1.0,1.0,3.0,2.0,39.0,1.0,1.0,1.0,1.0,55-64,35-44,1.0,1.0,1,1,1,1,2,1,1,1,63,45.0,No,1.0
2024,99999,SD,46007.0,46007001000.0,Conventional:First Lien,Single Family (1-4 Units):Site-Built,Not Hispanic or Latino,White,Female,Loan closed,1.0,180000.0,60.0,5.4,0.25,1.0,600.0,1700.0,1000.0,300.0,500.0,360.0,1.0,1.0,,,,,200000.0,1.0,1.0,1.0,1.0,2.0,2.0,1.0,47.0,1.0,1.0,2.0,1.0,25-34,55-64,1.0,1.0,1,1,1,3,1,1,1,1,30,52.0,No,2.0
2024,99999,TN,47110.0,47110014030.0,VA:First Lien,Single Family (1-4 Units):Site-Built,Hispanic or Latino,White,Male,Approved for loan,1.0,270000.0,65.0,6.5,1.3,1.0,800.0,2000.0,1200.0,400.0,600.0,360.0,2.0,2.0,,,,,300000.0,1.0,1.0,1.0,1.0,1.0,3.0,2.0,39.0,1.0,1.0,2.0,2.0,35-44,25-34,1.0,1.0,1,1,1,1,1,1,2,1,45,27.0,No,1.0
2024,99999,VA,51011.0,51011010801.0,FHA:First Lien,Single Family (1-4 Units):Site-Built,Hispanic or Latino,Hispanic/Latino,Male,Applicant request to withdraw,1.0,225000.0,80.0,6.85,1.45,2.0,1000.0,2500.0,1500.0,500.0,750.0,360.0,1.0,1.0,,,,,275000.0,1.0,1.0,1.0,1.0,4.0,2.0,3.0,25.0,1.0,1.0,2.0,1.0,65-74,35-44,1.0,1.0,1,1,1,1,1,1,1,2,70,49.0,No,3.0
2024,99999,VT,50003.0,50003001000.0,Conventional:First Lien,Single Family (1-4 Units):Site-Built,Not Hispanic or Latino,White,Female,Loan originated,3.0,130000.0,60.0,5.6,0.5,2.0,700.0,1700.0,1100.0,400.0,600.0,360.0,1.0,1.0,,,,,160000.0,1.0,1.0,1.0,1.0,1.0,2.0,1.0,44.0,1.0,1.0,2.0,2.0,35-44,55-64,1.0,1.0,1,1,1,3,1,1,3,3,30,36.0,Yes,2.0
2024,99999,WA,53001.0,53001050000.0,FHA:First Lien,Single Family (1-4 Units):Site-Built,Not Hispanic or Latino,White,Female,Approved for loan,1.0,350000.0,75.0,5.9,1.2,1.0,900.0,2300.0,1400.0,500.0,700.0,360.0,2.0,2.0,,,,,480000.0,1.0,1.0,1.0,1.0,1.0,3.0,2.0,39.0,2.0,1.0,2.0,1.0,65-74,35-44,1.0,1.0,1,1,1,1,1,1,2,2,70,30.0,No,1.0
2024,99999,WI,55061.0,55061010005.0,Conventional:First Lien,Single Family (1-4 Units):Site-Built,Not Hispanic or Latino,White,Male,Action taken,2.0,140000.0,65.0,5.0,0.25,2.0,600.0,1700.0,1000.0,300.0,400.0,360.0,2.0,2.0,,,,,180000.0,1.0,1.0,1.0,1.0,3.0,2.0,2.0,30.0,1.0,1.0,3.0,1.0,45-55,25-34,1.0,1.0,1,1,1,2,1,1,1,1,57,30.0,No,1.0
2024,99999,WV,54001.0,54001003000.0,FHA:First Lien,Single Family (1-4 Units):Site-Built,Not Hispanic or Latino,White,Female,Approved for loan,3.0,175000.0,70.0,6.25,1.0,1.0,800.0,2000.0,1200.0,400.0,600.0,360.0,2.0,2.0,,,,,200000.0,1.0,1.0,1.0,1.0,1.0,2.0,2.0,40.0,1.0,1.0,3.0,1.0,25-34,45-55,1.0,1.0,1,1,1,2,2,1,2,2,36,52.0,No,2.0
2024,99999,WY,56003.0,56003005000.0,VA:First Lien,Single Family (1-4 Units):Site-Built,Not Hispanic or Latino,White,Female,Approved for loan,1.0,365000.0,80.0,6.1,1.3,1.0,800.0,2200.0,1300.0,500.0,600.0,360.0,1.0,1.0,,,,,400000.0,1.0,1.0,1.0,1.0,2.0,2.0,3.0,48.0,2.0,1.0,1.0,1.0,35-44,45-55,1.0,1.0,1,1,1,1,1,1,3,2,44,49.0,Yes,1.0
2024,47101,CA,6075.0,60750000001.0,FHA:First Lien,Single Family (1-4 Units):Site-Built,Hispanic or Latino,Hispanic/Latino,Female,Approved for loan,1.0,180000.0,75.0,7.0,1.5,1.0,900.0,2500.0,1400.0,500.0,700.0,360.0,2.0,2.0,,,,,240000.0,1.0,1.0,1.0,1.0,1.0,2.0,2.0,30.0,3.0,1.0,2.0,1.0,35-44,25-34,1.0,1.0,2,2,1,2,1,1,2,1,28,30.0,No,1.0
2024,99999,CO,8031.0,08031050000.0,Conventional:First Lien,Single Family (1-4 Units):Site-Built,Hispanic or Latino,Hispanic/Latino,Male,Loan originated,1.0,310000.0,70.0,6.8,1.3,2.0,700.0,2100.0,1300.0,400.0,600.0,360.0,2.0,2.0,,,,,310000.0,1.0,1.0,1.0,1.0,1.0,4.0,2.0,42.0,1.0,1.0,2.0,1.0,45-55,65-74,1.0,1.0,1,1,1,1,1,1,3,1,46,71.0,No,1.0
2024,99999,DC,11001.0,11001020100.0,VA:First Lien,Single Family (1-4 Units):Site-Built,Not Hispanic or Latino,Black,Male,Approved for loan,1.0,140000.0,80.0,6.6,1.2,1.0,600.0,1800.0,1100.0,300.0,500.0,360.0,2.0,2.0,,,,,120000.0,1.0,1.0,1.0,1.0,2.0,4.0,2.0,43.0,1.0,3.0,2.0,1.0,55-64,35-44,1.0,1.0,1,1,1,3,2,1,2,1,39,31.0,No,2.0
2024,99999,GA,13000.0,13000050000.0,FHA:First Lien,Single Family (1-4 Units):Site-Built,Not Hispanic or Latino,White,Male,Approved for loan,2.0,145000.0,60.0,5.5,0.5,1.0,700.0,1900.0,1200.0,400.0,600.0,360.0,1.0,1.0,,,,,190000.0,1.0,1.0,1.0,1.0,2.0,2.0,1.0,35.0,1.0,1.0,2.0,1.0,35-44,65-74,1.0,1.0,1,1,1,3,1,1,1,1,40,73.0,No,1.0
2024,99999,HI,15001.0,15001050000.0,Conventional:First Lien,Single Family (1-4 Units):Site-Built,Not Hispanic or Latino,White,Female,Approved for loan,1.0,190000.0,70.0,6.45,1.05,1.0,800.0,2200.0,1300.0,500.0,600.0,360.0,1.0,1.0,,,,,225000.0,1.0,1.0,1.0,1.0,2.0,3.0,2.0,45.0,1.0,1.0,3.0,1.0,65-74,45-55,1.0,1.0,1,1,1,1,3,1,1,1,25,46.0,No,1.0
2024,47101,AK,2005.0,02005001000.0,FHA:First Lien,Single Family (1-4 Units):Site-Built,Not Hispanic or Latino,White,Male,Approved for loan,1.0,125000.0,70.0,5.4,0.3,1.0,500.0,1500.0,900.0,200.0,400.0,360.0,1.0,1.0,,,,,175000.0,1.0,1.0,1.0,1.0,2.0,3.0,1.0,38.0,1.0,1.0,2.0,1.0,35-44,25-34,1.0,1.0,1,1,1,1,1,1,2,1,35,25.0,No,1.0
2024,99999,ID,16053.0,16053021100.0,Conventional:First Lien,Single Family (1-4 Units):Site-Built,,,,,,,,,,,,,,,,,,,,,,,,,,,,,,,,,,,,,,,,,,,,,,,,,,,
2024,12054,GA,13121.0,13121010529.0,FHA:First Lien,Single Family (1-4 Units):Site-Built,Ethnicity Not Available,Race Not Available,Sex Not Available,6,32.0,225000.0,,6.875,,2.0,16692.05,,10197.8,8302.8,,300.0,,,2.0,2.0,2.0,2.0,275000.0,1.0,1.0,3.0,5.0,1.0,,,,9.0,9.0,4.0,4.0,3,3,7.0,7.0,3,3,4,4,3,3,8888,8888,,,3,3.0
2024,12054,GA,13121.0,13121010529.0,FHA:First Lien,Single Family (1-4 Units):Site-Built,Ethnicity Not Available,Race Not Available,Sex Not Available,6,32.0,225000.0,,6.875,,2.0,16692.05,,10197.8,8302.8,,300.0,,,2.0,2.0,2.0,2.0,275000.0,1.0,1.0,3.0,5.0,1.0,,,,9.0,9.0,4.0,4.0,3,3,7.0,7.0,3,3,4,4,3,3,8888,8888,,,3,3.0
2024,12054,GA,13121.0,13121010529.0,FHA:First Lien,Single Family (1-4 Units):Site-Built,Ethnicity Not Available,Race Not Available,Sex Not Available,6,32.0,225000.0,,6.875,,2.0,16692.05,,10197.8,8302.8,,300.0,,,2.0,2.0,2.0,2.0,275000.0,1.0,1.0,3.0,5.0,1.0,,,,9.0,9.0,4.0,4.0,3,3,7.0,7.0,3,3,4,4,3,3,8888,8888,,,3,3.0
2024,6041,CA,604108210.0,,,,,,,,,,,,,,,,,,,,,,,,,,,,,,,,,,,,,,,,,,,,,,,,,,,,,,
2024,12054,GA,13121.0,13121010529.0,FHA:First Lien,Single Family (1-4 Units):Site-Built,Ethnicity Not Available,Race Not Available,Sex Not Available,6,32.0,225000.0,,6.875,,2.0,16692.05,,10197.8,8302.8,,300.0,,,2.0,2.0,2.0,2.0,275000.0,1.0,1.0,3.0,5.0,1.0,,,,9.0,9.0,4.0,4.0,3,3,7.0,7.0,3,3,4,4,3,3,8888,8888,,,3,3.0
2024,99999,CT,9150.0,9150708100.0,Conventional:Subordinate Lien,Single Family (1-4 Units):Site-Built,Not Hispanic or Latino,White,Male,File closed for incompleteness,32.0,25000.0,,,,3.0,,,,,,240.0,,,2.0,2.0,2.0,2.0,,1.0,1.0,3.0,5.0,1.0,,96.0,,1111.0,1111.0,2.0,5.0,2,4,5.0,8.0,2,4,1,5,2,4,65-74,9999,Yes,,1,1.0
2024,99999,PA,42127.0,42127960600.0,VA:First Lien,Single Family (1-4 Units):Site-Built,Ethnicity Not Available,Race Not Available,Sex Not Available,Application denied,32.0,355000.0,,,,3.0,,,,,,360.0,,,2.0,2.0,2.0,2.0,,1.0,1.0,3.0,5.0,1.0,,108.0,,3.0,10.0,3.0,5.0,2,4,6.0,8.0,2,4,3,5,2,4,65-74,9999,Yes,,1,1.0
2024,10300,CA,5120.0,5120806100.0,Conventional:First Lien,Single Family (1-4 Units):Site-Built,Hispanic or Latino,White,Female,Loan originations,1.0,375000.0,,5.625,,5.0,11876.0,,7866.0,4010.0,,300.0,,,2.0,2.0,2.0,2.0,360000.0,1.0,1.0,3.0,5.0,1.0,,87.0,,3.0,4.0,2.0,3.0,2,4,7.0,6.0,2,4,2,5,3,1,40-54,8888,No,,1,2.0
2024,51513,MD,3100.0,31008073800.0,FHA:First Lien,Single Family (1-4 Units):Site-Built,Not Hispanic or Latino,White,Male,Loan originations,1.0,132000.0,,5.25,,1.0,2925.0,,1320.0,1605.0,,150.0,,,2.0,2.0,2.0,2.0,145000.0,1.0,1.0,3.0,5.0,1.0,,101.0,,1.0,1.0,2.0,4.0,2,4,8.0,6.0,2,4,1,5,2,4,65-74,9999,Yes,,1,1.0
2024,10610,NY,8800.0,88007081200.0,Other:First Lien,Single Family (1-4 Units):Site-Built,Not Hispanic or Latino,White,Male,Loan originations,1.0,410000.0,,7.125,,3.0,7265.0,,2433.0,4832.0,,120.0,,,2.0,2.0,2.0,2.0,425000.0,1.0,1.0,3.0,5.0,1.0,,88.0,,3.0,5.0,2.0,3.0,2,4,7.0,6.5,2,4,3,5,3,5,40-54,9999,Yes,,1,3.0
2024,99999,FL,2500.0,25007051200.0,VA:First Lien,Single Family (1-4 Units):Site-Built,Hispanic or Latino,White,Female,Application withdrawn by applicant,1.0,289000.0,,4.95,,8.0,13000.0,,7288.0,5712.0,,150.0,,,2.0,2.0,2.0,2.0,300000.0,1.0,1.0,3.0,5.0,1.0,,90.0,,2.0,4.0,3.0,3.0,2,4,7.0,7.0,2,4,2,4,2,1,30-44,9999,Yes,,1,1.0
2024,20107,IA,5100.0,51006004900.0,FHA:First Lien,Single Family (1-4 Units):Site-Built,Ethnicity Not Available,Race Not Available,Sex Not Available,Loan originations,1.0,170000.0,,6.0,,1.0,3500.0,,1700.0,1800.0,,120.0,,,2.0,2.0,2.0,2.0,190000.0,1.0,1.0,3.0,5.0,1.0,,67.0,,1.0,3.0,2.0,5.0,2,4,6.0,7.0,2,4,4,5,2,4,55-64,9999,Yes,,1,1.0
2024,15447,TX,3600.0,36007041000.0,Conventional:First Lien,Single Family (1-4 Units):Site-Built,Hispanic or Latino,Black,Female,Action taken other than origination,1.0,295000.0,,3.75,,2.0,10687.5,,4512.5,6175.0,,240.0,,,2.0,2.0,2.0,2.0,300000.0,1.0,1.0,3.0,5.0,1.0,,92.0,,2.0,1.0,3.0,4.0,2,4,5.0,6.0,2,4,3,5,4,5,65-74,9999,Yes,,1,2.0
2024,30000,NJ,5050.0,50507080600.0,VA:First Lien,Single Family (1-4 Units):Site-Built,Hispanic or Latino,White,Male,Application denied,1.0,405000.0,,5.0,,3.0,18225.0,,9405.0,8820.0,,240.0,,,2.0,2.0,2.0,2.0,410000.0,1.0,1.0,3.0,5.0,1.0,,85.0,,2.0,5.0,3.0,5.0,2,4,7.0,5.0,2,4,2,1,40-54,8888,Yes,,1,1.0,,
2024,50000,CO,4218.0,42186081010.0,FHA:First Lien,Single Family (1-4 Units):Site-Built,Ethnicity Not Available,Race Not Available,Sex Not Available,Approval in principle for loan,32.0,125000.0,,6.125,,6.0,4375.0,,1250.0,3125.0,,120.0,,,2.0,2.0,2.0,2.0,135000.0,1.0,1.0,3.0,5.0,1.0,,100.0,,3.0,2.0,3.0,4.0,2,4,5.0,6.0,2,4,3,5,2,1,30-44,8888,Yes,,1,1.0
2024,12054,GA,13121.0,13121010529.0,FHA:First Lien,Single Family (1-4 Units):Site-Built,Not Hispanic or Latino,Black,Male,Preapproval request cancelled,32.0,100000.0,,5.25,,3.0,3500.0,,1000.0,2500.0,,120.0,,,2.0,2.0,2.0,2.0,120000.0,1.0,1.0,3.0,5.0,1.0,,105.0,,2.0,4.0,2.0,3.0,2,4,6.0,7.0,2,4,1,5,3,4,65-74,9999,Yes,,1,1.0
2024,99999,IL,3230.0,32307072200.0,FHA:First Lien,Single Family (1-4 Units):Site-Built,Not Hispanic or Latino,Black,Male,Loan originations,1.0,80000.0,,6.375,,4.0,1940.0,,1200.0,740.0,,120.0,,,2.0,2.0,2.0,2.0,85000.0,1.0,1.0,3.0,5.0,1.0,,102.0,,2.0,3.0,3.0,4.0,2,4,6.0,7.0,2,4,1,5,4,5,55-64,9999,Yes,,1,1.0
2024,23000,NV,5900.0,59007061000.0,VA:First Lien,Single Family (1-4 Units):Site-Built,Hispanic or Latino,White,Male,Loan originations,1.0,420000.0,,7.0,,8.0,11970.0,,5700.0,6270.0,,240.0,,,2.0,2.0,2.0,2.0,450000.0,1.0,1.0,3.0,5.0,1.0,,88.0,,2.0,4.0,3.0,3.0,2,4,8.0,7.0,2,4,2,5,4,4,55-64,9999,Yes,,1,1.0
2024,10300,CA,5120.0,5120806100.0,Conventional:First Lien,Single Family (1-4 Units):Site-Built,Not Hispanic or Latino,White,Female,Preapproval request cancelled,1.0,435000.0,,6.25,,9.0,2955.0,,1620.0,1335.0,,120.0,,,2.0,2.0,2.0,2.0,450000.0,1.0,1.0,3.0,5.0,1.0,,86.0,,3.0,1.0,4.0,3.0,3,4,9.0,6.0,2,4,2,5,3,5,40-54,9999,Yes,,1,1.0
2024,50000,CO,4218.0,42186081010.0,FHA:First Lien,Single Family (1-4 Units):Site-Built,Not Hispanic or Latino,Black,Male,Approval in principle for loan,32.0,145000.0,,5.875,,4.0,7250.0,,1450.0,5800.0,,120.0,,,2.0,2.0,2.0,2.0,160000.0,1.0,1.0,3.0,5.0,1.0,,98.0,,1.0,3.0,4.0,5.0,2,4,7.0,5.0,2,4,3,2,65-74,9999,Yes,,1,1.0,,
2024,12054,GA,13121.0,13121010529.0,FHA:First Lien,Single Family (1-4 Units):Site-Built,Not Hispanic or Latino,White,Female,Loan originations,1.0,300000.0,,7.0,,7.0,18100.0,,8300.0,9800.0,,300.0,,,2.0,2.0,2.0,2.0,320000.0,1.0,1.0,3.0,5.0,1.0,,78.0,,3.0,2.0,3.0,2.0,2,4,5.0,6.0,2,4,1,5,2,1,30-44,9999,Yes,,1,2.0
2024,99999,CT,9150.0,9150708100.0,Conventional:Subordinate Lien,Single Family (1-4 Units):Site-Built,Hispanic or Latino,White,Male,Action taken other than origination,1.0,400000.0,,4.125,,2.0,21000.0,,12000.0,9000.0,,360.0,,,2.0,2.0,2.0,2.0,425000.0,1.0,1.0,3.0,5.0,1.0,,95.0,,1.0,4.0,3.0,3.0,2,4,8.0,6.0,2,4,2,5,3,1,55-64,9999,Yes,,1,1.0
2024,99999,PA,42127.0,42127960600.0,VA:First Lien,Single Family (1-4 Units):Site-Built,Ethnicity Not Available,Race Not Available,Sex Not Available,Application denied,32.0,415000.0,,,,3.0,,,,,,360.0,,,2.0,2.0,2.0,2.0,,1.0,1.0,3.0,5.0,1.0,,104.0,,3.0,10.0,3.0,7.0,2,4,6.0,9.0,2,4,4,1,2,4,65-74,9999,Yes,,1,1.0
2024,99999,FL,2500.0,25007051200.0,VA:First Lien,Single Family (1-4 Units):Site-Built,Not Hispanic or Latino,White,Female,Application withdrawn by applicant,1.0,165000.0,,6.5,,1.0,1950.0,,930.0,1020.0,,360.0,,,2.0,2.0,2.0,2.0,180000.0,1.0,1.0,3.0,5.0,1.0,,98.0,,1.0,4.0,2.0,4.0,2,4,5.0,6.0,2,4,2,1,40-54,9999,Yes,,1,1.0,,
2024,40040,WI,5910.0,59101003000.0,Conventional:First Lien,Single Family (1-4 Units):Site-Built,Not Hispanic or Latino,White,Male,Loan originations,1.0,380000.0,,4.0,,3.0,9080.0,,3800.0,5280.0,,240.0,,,2.0,2.0,2.0,2.0,390000.0,1.0,1.0,3.0,5.0,1.0,,90.0,,2.0,3.0,2.0,3.0,2,4,7.0,6.0,2,4,2,5,3,1,40-54,9999,Yes,,1,1.0
2024,15447,TX,3600.0,36007041000.0,FHA:First Lien,Single Family (1-4 Units):Site-Built,Hispanic or Latino,White,Male,Approval in principle for loan,1.0,165000.0,,6.25,,2.0,15400.0,,6400.0,9000.0,,300.0,,,2.0,2.0,2.0,2.0,180000.0,1.0,1.0,3.0,5.0,1.0,,98.0,,2.0,3.0,4.0,5.0,2,4,6.0,7.0,2,4,3,5,4,5,75-85,9999,Yes,,1,1.0
2024,42025,KS,5900.0,59003006000.0,Conventional:First Lien,Single Family (1-4 Units):Site-Built,Hispanic or Latino,White,Male,Applied for loan,1.0,430000.0,,6.125,,8.0,25800.0,,16200.0,9600.0,,240.0,,,2.0,2.0,2.0,2.0,450000.0,1.0,1.0,3.0,5.0,1.0,,100.0,,3.0,5.0,3.0,4.0,2,4,7.0,6.0,2,4,1,2,55-64,9999,Yes,,1,1.0,,
2024,15550,NC,5404.0,54042009000.0,FHA:First Lien,Single Family (1-4 Units):Site-Built,Ethnicity Not Available,Race Not Available,Sex Not Available,Preapproval request cancelled,32.0,440000.0,,7.0,,1.0,5280.0,,1400.0,3880.0,,300.0,,,2.0,2.0,2.0,2.0,460000.0,1.0,1.0,3.0,5.0,1.0,,95.0,,2.0,2.0,4.0,4.0,2,4,7.0,8.0,2,4,1,4,65-74,9999,Yes,,1,1.0,,
2024,50000,CO,4218.0,42186081010.0,FHA:First Lien,Single Family (1-4 Units):Site-Built,Not Hispanic or Latino,Black,Female,Loan originations,1.0,285000.0,,6.375,,3.0,7125.0,,1425.0,5700.0,,240.0,,,2.0,2.0,2.0,2.0,300000.0,1.0,1.0,3.0,5.0,1.0,,94.0,,2.0,3.0,3.0,4.0,2,4,7.0,6.0,2,4,2,5,2,1,30-44,9999,Yes,,1,1.0
2024,99999,MD,3100.0,31008073800.0,FHA:First Lien,Single Family (1-4 Units):Site-Built,Not Hispanic or Latino,White,Male,Action taken other than origination,1.0,120000.0,,5.75,,3.0,5000.0,,1000.0,4000.0,,120.0,,,2.0,2.0,2.0,2.0,130000.0,1.0,1.0,3.0,5.0,1.0,,98.0,,2.0,4.0,2.0,3.0,2,4,7.0,6.0,2,4,1,5,2,1,55-64,9999,Yes,,1,1.0
2024,23000,NV,5900.0,59007061000.0,FHA:First Lien,Single Family (1-4 Units):Site-Built,Not Hispanic or Latino,White,Male,Application denied,1.0,370000.0,,5.25,,6.0,11100.0,,7400.0,3700.0,,240.0,,,2.0,2.0,2.0,2.0,380000.0,1.0,1.0,3.0,5.0,1.0,,90.0,,1.0,3.0,2.0,4.0,2,4,5.0,6.0,2,4,3,4,65-74,9999,Yes,,1,1.0,,
2024,99999,IL,3230.0,32307072200.0,FHA:First Lien,Single Family (1-4 Units):Site-Built,Not Hispanic or Latino,Black,Female,Action taken other than origination,1.0,130000.0,,6.25,,4.0,2225.0,,1100.0,1125.0,,360.0,,,2.0,2.0,2.0,2.0,145000.0,1.0,1.0,3.0,5.0,1.0,,99.0,,1.0,3.0,3.0,5.0,2,4,6.0,7.0,2,4,2,4,30-44,9999,Yes,,1,1.0,,
2024,12054,GA,13121.0,13121010529.0,FHA:First Lien,Single Family (1-4 Units):Site-Built,Hispanic or Latino,White,Male,Application withdrawn by applicant,1.0,170000.0,,5.375,,2.0,2750.0,,1100.0,1650.0,,150.0,,,2.0,2.0,2.0,2.0,190000.0,1.0,1.0,3.0,5.0,1.0,,101.0,,2.0,2.0,4.0,3.0,2,4,6.0,7.0,2,4,4,2,65-74,9999,Yes,,1,1.0,,
2024,10300,CA,5120.0,5120806100.0,FHA:First Lien,Single Family (1-4 Units):Site-Built,Ethnicity Not Available,Race Not Available,Sex Not Available,Loan originations,1.0,405000.0,,7.0,,0.0,12875.0,,8600.0,4275.0,,360.0,,,2.0,2.0,2.0,2.0,410000.0,1.0,1.0,3.0,5.0,1.0,,90.0,,1.0,3.0,3.0,4.0,2,4,7.0,7.0,2,4,4,5,2,4,55-64,9999,Yes,,1,1.0
2024,15447,TX,3600.0,36007041000.0,FHA:First Lien,Single Family (1-4 Units):Site-Built,Not Hispanic or Latino,White,Male,Loan originations,1.0,135000.0,,6.25,,3.0,7875.0,,750.0,7125.0,,120.0,,,2.0,2.0,2.0,2.0,150000.0,1.0,1.0,3.0,5.0,1.0,,102.0,,2.0,6.0,4.0,4.0,2,4,6.0,6.0,2,4,2,2,55-64,9999,Yes,,1,1.0,,
2024,10610,NY,8800.0,88007081200.0,FHA:First Lien,Single Family (1-4 Units):Site-Built,Not Hispanic or Latino,White,Female,Loan originations,1.0,290000.0,,5.5,,2.0,3430.0,,2100.0,1330.0,,360.0,,,2.0,2.0,2.0,2.0,310000.0,1.0,1.0,3.0,5.0,1.0,,96.0,,1.0,3.0,4.0,4.0,2,4,7.0,6.0,2,4,4,5,2,4,40-54,9999,Yes,,1,1.0
2024,15550,NC,5404.0,54042009000.0,Conventional:First Lien,Single Family (1-4 Units):Site-Built,Hispanic or Latino,White,Male,Approval in principle for loan,1.0,175000.0,,3.5,,6.0,7280.0,,4200.0,3080.0,,120.0,,,2.0,2.0,2.0,2.0,200000.0,1.0,1.0,3.0,5.0,1.0,,95.0,,2.0,5.0,3.0,4.0,2,4,7.0,8.0,2,4,3,5,55-64,9999,Yes,,1,1.0,,
2024,99999,FL,2500.0,25007051200.0,FHA:First Lien,Single Family (1-4 Units):Site-Built,Ethnicity Not Available,Race Not Available,Sex Not Available,Applied for loan,32.0,225000.0,,5.0,,3.0,2000.0,,1000.0,1000.0,,360.0,,,2.0,2.0,2.0,2.0,240000.0,1.0,1.0,3.0,5.0,1.0,,78.0,,1.0,4.0,4.0,3.0,2,4,6.0,5.0,2,4,2,1,65-74,9999,Yes,,1,1.0,,
2024,42025,KS,5900.0,59003006000.0,Conventional:First Lien,Single Family (1-4 Units):Site-Built,Hispanic or Latino,White,Female,Loan originations,1.0,250000.0,,4.0,,2.0,12500.0,,4000.0,8500.0,,300.0,,,2.0,2.0,2.0,2.0,260000.0,1.0,1.0,3.0,5.0,1.0,,90.0,,2.0,4.0,2.0,5.0,2,4,7.0,6.0,2,4,2,1,30-44,9999,Yes,,1,1.0,,
2024,12054,GA,13121.0,13121010529.0,FHA:First Lien,Single Family (1-4 Units):Site-Built,Ethnicity Not Available,Race Not Available,Sex Not Available,Loan originations,1.0,260000.0,,6.125,,3.0,2080.0,,1040.0,1040.0,,150.0,,,2.0,2.0,2.0,2.0,275000.0,1.0,1.0,3.0,5.0,1.0,,85.0,,2.0,5.0,2.0,3.0,2,4,6.0,7.0,2,4,1,5,3,5,40-54,9999,Yes,,1,1.0
2024,23000,NV,5900.0,59007061000.0,Conventional:First Lien,Single Family (1-4 Units):Site-Built,Not Hispanic or Latino,White,Male,Preapproval request cancelled,1.0,290000.0,,4.25,,8.0,11600.0,,4600.0,7000.0,,120.0,,,2.0,2.0,2.0,2.0,320000.0,1.0,1.0,3.0,5.0,1.0,,95.0,,3.0,5.0,3.0,4.0,2,4,6.0,7.0,2,4,3,2,40-54,9999,Yes,,1,1.0,,
2024,40040,WI,5910.0,59101003000.0,FHA:First Lien,Single Family (1-4 Units):Site-Built,Ethnicity Not Available,Race Not Available,Sex Not Available,Action taken other than origination,1.0,265000.0,,6.375,,6.0,3710.0,,1300.0,2410.0,,240.0,,,2.0,2.0,2.0,2.0,280000.0,1.0,1.0,3.0,5.0,1.0,,100.0,,1.0,4.0,2.0,3.0,2,4,5.0,6.0,2,4,1,5,3,1,65-74,9999,Yes,,1,1.0
2024,10610,NY,8800.0,88007081200.0,Conventional:First Lien,Single Family (1-4 Units):Site-Built,Not Hispanic or Latino,White,Female,Loan originations,1.0,285000.0,,6.25,,3.0,10200.0,,4400.0,5800.0,,120.0,,,2.0,2.0,2.0,2.0,320000.0,1.0,1.0,3.0,5.0,1.0,,103.0,,2.0,1.0,5.0,3.0,4,4,6.0,8.0,2,4,4,5,3,2,55-64,9999,Yes,,1,1.0
2024,23000,NV,5900.0,59007061000.0,FHA:First Lien,Single Family (1-4 Units):Site-Built,Not Hispanic or Latino,White,Female,Preapproval request cancelled,1.0,240000.0,,6.75,,1.0,1985.0,,910.0,1075.0,,300.0,,,2.0,2.0,2.0,2.0,245000.0,1.0,1.0,3.0,5.0,1.0,,102.0,,2.0,3.0,3.0,4.0,2,4,5.0,6.0,2,4,1,1,40-54,9999,Yes,,1,1.0,,
2024,15447,TX,3600.0,36007041000.0,Conventional:First Lien,Single Family (1-4 Units):Site-Built,Hispanic or Latino,White,Male,Loan originations,1.0,215000.0,,3.75,,6.0,6880.0,,6400.0,480.0,,120.0,,,2.0,2.0,2.0,2.0,230000.0,1.0,1.0,3.0,5.0,1.0,,95.0,,2.0,5.0,3.0,6.0,2,4,8.0,7.0,2,4,1,5,3,1,75-85,9999,Yes,,1,1.0
2024,42025,KS,5900.0,59003006000.0,FHA:First Lien,Single Family (1-4 Units):Site-Built,Ethnicity Not Available,Race Not Available,Sex Not Available,Approved for loan,32.0,350000.0,,6.25,,6.0,16100.0,,7200.0,8900.0,,360.0,,,2.0,2.0,2.0,2.0,370000.0,1.0,1.0,3.0,5.0,1.0,,90.0,,1.0,4.0,4.0,3.0,2,4,7.0,5.0,2,4,4,5,3,1,55-64,9999,Yes,,1,1.0
2024,15550,NC,5404.0,54042009000.0,Conventional:First Lien,Single Family (1-4 Units):Site-Built,Hispanic or Latino,Black,Female,File closed for incompleteness,32.0,23.0,,,,,,,,,,,,,,,,,,,,,,,,,,,,,,,,,,,,,,,,,,,,,
2024,99999,FL,12010.0,12010010100.0,FHA:First Lien,Single Family (1-4 Units):Site-Built,Not Hispanic or Latino,White,Male,Loan originated,1.0,275000.0,,6.5,,3.0,,,,,,360.0,,,1.0,1.0,1.0,1.0,,1.0,1.0,3.0,5.0,1.0,,114.0,,1111.0,1111.0,2.0,5.0,2,4,4.0,8.0,2,4,1,5,2,4,65-74,9999,Yes,,1,1.0
2024,99999,CA,6075.0,06075010300.0,Conventional:First Lien,Single Family (1-4 Units):Site-Built,Hispanic or Latino,Hispanic or Latino,Male,Loan originated,1.0,425000.0,,7.125,,3.0,,,,,,360.0,,,1.0,1.0,1.0,1.0,,1.0,1.0,3.0,5.0,1.0,,108.0,,3.0,10.0,3.0,5.0,2,4,4.0,8.0,2,4,3,5,2,4,65-74,9999,Yes,,1,1.0
2024,99999,NJ,34015.0,34015010200.0,FHA:First Lien,Single Family (1-4 Units):Site-Built,Not Hispanic or Latino,White,Female,Application approved but not accepted,1.0,300000.0,,6.25,,3.0,,,,,,360.0,,,2.0,2.0,2.0,2.0,,1.0,1.0,3.0,5.0,1.0,,118.0,,1111.0,1111.0,2.0,5.0,2,4,4.0,8.0,2,4,1,5,2,4,65-74,9999,Yes,,1,1.0
2024,99999,NY,36061.0,36061030100.0,Conventional:Subordinate Lien,Single Family (1-4 Units):Site-Built,Not Hispanic or Latino,Black or African American,Male,Loan originated,1.0,225000.0,,6.0,,3.0,,,,,,300.0,,,1.0,1.0,1.0,1.0,,1.0,1.0,3.0,5.0,1.0,,98.0,,1111.0,1111.0,2.0,5.0,2,4,4.0,8.0,2,4,1,5,2,4,65-74,9999,Yes,,1,1.0
2024,99999,IL,17031.0,17031010400.0,FHA:First Lien,Single Family (1-4 Units):Site-Built,Not Hispanic or Latino,White,Female,Loan originated,1.0,450000.0,,7.0,,3.0,,,,,,360.0,,,2.0,2.0,2.0,2.0,,1.0,1.0,3.0,5.0,1.0,,120.0,,1111.0,1111.0,2.0,5.0,2,4,4.0,8.0,2,4,3,5,2,4,65-74,9999,Yes,,1,1.0
2024,99999,TX,48113.0,48113010500.0,Conventional:First Lien,Single Family (1-4 Units):Site-Built,Hispanic or Latino,Hispanic or Latino,Male,Application denied,1.0,325000.0,,6.75,,3.0,,,,,,360.0,,,2.0,2.0,2.0,2.0,,1.0,1.0,3.0,5.0,1.0,,105.0,,3.0,10.0,3.0,5.0,2,4,4.0,8.0,2,4,3,5,2,4,65-74,9999,Yes,,1,1.0
2024,99999,WA,53033.0,53033010600.0,FHA:First Lien,Single Family (1-4 Units):Site-Built,Not Hispanic or Latino,White,Male,Loan originated,1.0,375000.0,,6.5,,3.0,,,,,,360.0,,,1.0,1.0,1.0,1.0,,1.0,1.0,3.0,5.0,1.0,,115.0,,1111.0,1111.0,2.0,5.0,2,4,4.0,8.0,2,4,1,5,2,4,65-74,9999,Yes,,1,1.0
2024,99999,MO,29165.0,29165010700.0,Conventional:First Lien,Single Family (1-4 Units):Site-Built,Hispanic or Latino,Other,Unknown,Loan originated,1.0,400000.0,,6.875,,3.0,,,,,,360.0,,,1.0,1.0,1.0,1.0,,1.0,1.0,3.0,5.0,1.0,,96.0,,1111.0,1111.0,2.0,5.0,2,4,4.0,8.0,2,4,1,5,2,4,65-74,9999,Yes,,1,1.0
2024,99999,NC,37005.0,37005010800.0,FHA:First Lien,Single Family (1-4 Units):Site-Built,Not Hispanic or Latino,White,Female,Application approved but not accepted,1.0,350000.0,,6.25,,3.0,,,,,,360.0,,,2.0,2.0,2.0,2.0,,1.0,1.0,3.0,5.0,1.0,,110.0,,1111.0,1111.0,2.0,5.0,2,4,4.0,8.0,2,4,3,5,2,4,65-74,9999,Yes,,1,1.0
2024,99999,OH,39051.0,39051010900.0,Conventional:First Lien,Single Family (1-4 Units):Site-Built,Not Hispanic or Latino,Black or African American,Female,Loan originated,1.0,290000.0,,6.5,,3.0,,,,,,300.0,,,1.0,1.0,1.0,1.0,,1.0,1.0,3.0,5.0,1.0,,100.0,,1111.0,1111.0,2.0,5.0,2,4,4.0,8.0,2,4,3,5,2,4,65-74,9999,Yes,,1,1.0
2024,99999,MD,24510.0,24510011000.0,FHA:First Lien,Single Family (1-4 Units):Site-Built,Not Hispanic or Latino,White,Male,Loan originated,1.0,330000.0,,6.625,,3.0,,,,,,360.0,,,1.0,1.0,1.0,1.0,,1.0,1.0,3.0,5.0,1.0,,112.0,,1111.0,1111.0,2.0,5.0,2,4,4.0,8.0,2,4,1,5,2,4,65-74,9999,Yes,,1,1.0
2024,99999,GA,13067.0,13067011100.0,Conventional:First Lien,Single Family (1-4 Units):Site-Built,Hispanic or Latino,Hispanic or Latino,Male,Application denied,1.0,340000.0,,7.125,,3.0,,,,,,360.0,,,2.0,2.0,2.0,2.0,,1.0,1.0,3.0,5.0,1.0,,108.0,,3.0,10.0,3.0,5.0,2,4,4.0,8.0,2,4,3,5,2,4,65-74,9999,Yes,,1,1.0
2024,99999,MI,26007.0,26007011200.0,FHA:First Lien,Single Family (1-4 Units):Site-Built,Not Hispanic or Latino,White,Female,Loan originated,1.0,375000.0,,6.875,,3.0,,,,,,360.0,,,1.0,1.0,1.0,1.0,,1.0,1.0,3.0,5.0,1.0,,116.0,,1111.0,1111.0,2.0,5.0,2,4,4.0,8.0,2,4,3,5,2,4,65-74,9999,Yes,,1,1.0
2024,99999,MN,27003.0,27003011300.0,Conventional:First Lien,Single Family (1-4 Units):Site-Built,Not Hispanic or Latino,White,Male,Loan originated,1.0,390000.0,,7.0,,3.0,,,,,,360.0,,,1.0,1.0,1.0,1.0,,1.0,1.0,3.0,5.0,1.0,,102.0,,1111.0,1111.0,2.0,5.0,2,4,4.0,8.0,2,4,1,5,2,4,65-74,9999,Yes,,1,1.0
2024,99999,AZ,4013.0,04013011400.0,FHA:First Lien,Single Family (1-4 Units):Site-Built,Not Hispanic or Latino,White,Female,Application approved but not accepted,1.0,420000.0,,6.75,,3.0,,,,,,360.0,,,2.0,2.0,2.0,2.0,,1.0,1.0,3.0,5.0,1.0,,120.0,,1111.0,1111.0,2.0,5.0,2,4,4.0,8.0,2,4,3,5,2,4,65-74,9999,Yes,,1,1.0
2024,99999,CO,8001.0,08001011500.0,Conventional:Subordinate Lien,Single Family (1-4 Units):Site-Built,Hispanic or Latino,Hispanic or Latino,Male,Loan originated,1.0,180000.0,,6.5,,3.0,,,,,,300.0,,,1.0,1.0,1.0,1.0,,1.0,1.0,3.0,5.0,1.0,,95.0,,1111.0,1111.0,2.0,5.0,2,4,4.0,8.0,2,4,1,5,2,4,65-74,9999,Yes,,1,1.0
2024,99999,VT,50015.0,50015011600.0,FHA:First Lien,Single Family (1-4 Units):Site-Built,Not Hispanic or Latino,White,Male,Loan originated,1.0,220000.0,,6.25,,3.0,,,,,,360.0,,,1.0,1.0,1.0,1.0,,1.0,1.0,3.0,5.0,1.0,,113.0,,1111.0,1111.0,2.0,5.0,2,4,4.0,8.0,2,4,1,5,2,4,65-74,9999,Yes,,1,1.0
2024,99999,KY,21009.0,21009011700.0,Conventional:First Lien,Single Family (1-4 Units):Site-Built,Not Hispanic or Latino,Black or African American,Female,Application approved but not accepted,1.0,310000.0,,6.125,,3.0,,,,,,300.0,,,1.0,1.0,1.0,1.0,,1.0,1.0,3.0,5.0,1.0,,105.0,,1111.0,1111.0,2.0,5.0,2,4,4.0,8.0,2,4,3,5,2,4,65-74,9999,Yes,,1,1.0
2024,99999,SC,45071.0,45071011800.0,FHA:First Lien,Single Family (1-4 Units):Site-Built,Not Hispanic or Latino,White,Male,Loan originated,1.0,360000.0,,6.625,,3.0,,,,,,360.0,,,1.0,1.0,1.0,1.0,,1.0,1.0,3.0,5.0,1.0,,118.0,,1111.0,1111.0,2.0,5.0,2,4,4.0,8.0,2,4,1,5,2,4,65-74,9999,Yes,,1,1.0
2024,99999,WV,54025.0,54025011900.0,Conventional:First Lien,Single Family (1-4 Units):Site-Built,Not Hispanic or Latino,White,Female,Loan originated,1.0,280000.0,,6.5,,3.0,,,,,,300.0,,,2.0,2.0,2.0,2.0,,1.0,1.0,3.0,5.0,1.0,,103.0,,1111.0,1111.0,2.0,5.0,2,4,4.0,8.0,2,4,3,5,2,4,65-74,9999,Yes,,1,1.0
2024,99999,ND,38019.0,38019012000.0,FHA:First Lien,Single Family (1-4 Units):Site-Built,Hispanic or Latino,Hispanic or Latino,Male,Application denied,1.0,350000.0,,6.75,,3.0,,,,,,360.0,,,2.0,2.0,2.0,2.0,,1.0,1.0,3.0,5.0,1.0,,99.0,,3.0,10.0,3.0,5.0,2,4,4.0,8.0,2,4,3,5,2,4,65-74,9999,Yes,,1,1.0
2024,99999,AR,5011.0,05011012100.0,Conventional:First Lien,Single Family (1-4 Units):Site-Built,Not Hispanic or Latino,White,Male,Loan originated,1.0,410000.0,,7.25,,3.0,,,,,,360.0,,,1.0,1.0,1.0,1.0,,1.0,1.0,3.0,5.0,1.0,,104.0,,1111.0,1111.0,2.0,5.0,2,4,4.0,8.0,2,4,1,5,2,4,65-74,9999,Yes,,1,1.0
2024,99999,IN,18013.0,18013012200.0,FHA:First Lien,Single Family (1-4 Units):Site-Built,Not Hispanic or Latino,White,Female,Loan originated,1.0,165000.0,,6.0,,3.0,,,,,,360.0,,,2.0,2.0,2.0,2.0,,1.0,1.0,3.0,5.0,1.0,,110.0,,1111.0,1111.0,2.0,5.0,2,4,4.0,8.0,2,4,3,5,2,4,65-74,9999,Yes,,1,1.0
2024,99999,AL,1001.0,01001012300.0,Conventional:First Lien,Single Family (1-4 Units):Site-Built,Not Hispanic or Latino,White,Male,Loan originated,1.0,320000.0,,6.5,,3.0,,,,,,300.0,,,1.0,1.0,1.0,1.0,,1.0,1.0,3.0,5.0,1.0,,106.0,,1111.0,1111.0,2.0,5.0,2,4,4.0,8.0,2,4,1,5,2,4,65-74,9999,Yes,,1,1.0
2024,99999,DE,10003.0,10003012400.0,FHA:First Lien,Single Family (1-4 Units):Site-Built,Not Hispanic or Latino,White,Female,Application approved but not accepted,1.0,335000.0,,6.125,,3.0,,,,,,360.0,,,2.0,2.0,2.0,2.0,,1.0,1.0,3.0,5.0,1.0,,115.0,,1111.0,1111.0,2.0,5.0,2,4,4.0,8.0,2,4,3,5,2,4,65-74,9999,Yes,,1,1.0
2024,99999,OK,40027.0,40027012500.0,Conventional:First Lien,Single Family (1-4 Units):Site-Built,Hispanic or Latino,Hispanic or Latino,Male,Loan originated,1.0,445000.0,,7.0,,3.0,,,,,,360.0,,,1.0,1.0,1.0,1.0,,1.0,1.0,3.0,5.0,1.0,,109.0,,3.0,10.0,3.0,5.0,2,4,4.0,8.0,2,4,3,5,2,4,65-74,9999,Yes,,1,1.0
2024,99999,UT,49031.0,49031012600.0,FHA:First Lien,Single Family (1-4 Units):Site-Built,Not Hispanic or Latino,White,Male,Loan originated,1.0,400000.0,,6.875,,3.0,,,,,,360.0,,,2.0,2.0,2.0,2.0,,1.0,1.0,3.0,5.0,1.0,,122.0,,1111.0,1111.0,2.0,5.0,2,4,4.0,8.0,2,4,1,5,2,4,65-74,9999,Yes,,1,1.0
2024,99999,IA,19001.0,19001012700.0,Conventional:First Lien,Single Family (1-4 Units):Site-Built,Not Hispanic or Latino,White,Female,Loan originated,1.0,315000.0,,6.5,,3.0,,,,,,300.0,,,1.0,1.0,1.0,1.0,,1.0,1.0,3.0,5.0,1.0,,105.0,,1111.0,1111.0,2.0,5.0,2,4,4.0,8.0,2,4,3,5,2,4,65-74,9999,Yes,,1,1.0
2024,99999,RI,44001.0,44001012800.0,FHA:First Lien,Single Family (1-4 Units):Site-Built,Not Hispanic or Latino,White,Male,Application denied,1.0,345000.0,,6.25,,3.0,,,,,,360.0,,,2.0,2.0,2.0,2.0,,1.0,1.0,3.0,5.0,1.0,,110.0,,1111.0,1111.0,2.0,5.0,2,4,4.0,8.0,2,4,1,5,2,4,65-74,9999,Yes,,1,1.0
2024,99999,NH,33001.0,33001012900.0,Conventional:First Lien,Single Family (1-4 Units):Site-Built,Hispanic or Latino,Hispanic or Latino,Male,Loan originated,1.0,365000.0,,7.0,,3.0,,,,,,360.0,,,1.0,1.0,1.0,1.0,,1.0,1.0,3.0,5.0,1.0,,109.0,,3.0,10.0,3.0,5.0,2,4,4.0,8.0,2,4,3,5,2,4,65-74,9999,Yes,,1,1.0
2024,99999,HI,15003.0,15003013000.0,FHA:First Lien,Single Family (1-4 Units):Site-Built,Not Hispanic or Latino,White,Female,Loan originated,1.0,380000.0,,6.5,,3.0,,,,,,360.0,,,2.0,2.0,2.0,2.0,,1.0,1.0,3.0,5.0,1.0,,115.0,,1111.0,1111.0,2.0,5.0,2,4,4.0,8.0,2,4,3,5,2,4,65-74,9999,Yes,,1,1.0
2024,99999,LV,32005.0,32005013100.0,Conventional:First Lien,Single Family (1-4 Units):Site-Built,Hispanic or Latino,Hispanic or Latino,Male,Loan originated,1.0,260000.0,,7.125,,3.0,,,,,,300.0,,,1.0,1.0,1.0,1.0,,1.0,1.0,3.0,5.0,1.0,,96.0,,3.0,10.0,3.0,5.0,2,4,4.0,8.0,2,4,3,5,2,4,65-74,9999,Yes,,1,1.0
2024,99999,AK,2013.0,02013013200.0,FHA:First Lien,Single Family (1-4 Units):Site-Built,Not Hispanic or Latino,White,Male,Application approved but not accepted,1.0,280000.0,,6.0,,3.0,,,,,,360.0,,,1.0,1.0,1.0,1.0,,1.0,1.0,3.0,5.0,1.0,,102.0,,1111.0,1111.0,2.0,5.0,2,4,4.0,8.0,2,4,1,5,2,4,65-74,9999,Yes,,1,1.0
2024,99999,ID,16067.0,16067013300.0,Conventional:First Lien,Single Family (1-4 Units):Site-Built,Not Hispanic or Latino,White,Female,Loan originated,1.0,390000.0,,6.5,,3.0,,,,,,360.0,,,2.0,2.0,2.0,2.0,,1.0,1.0,3.0,5.0,1.0,,116.0,,1111.0,1111.0,2.0,5.0,2,4,4.0,8.0,2,4,3,5,2,4,65-74,9999,Yes,,1,1.0
2024,99999,OR,41039.0,41039013400.0,FHA:First Lien,Single Family (1-4 Units):Site-Built,Not Hispanic or Latino,White,Male,Loan originated,1.0,250000.0,,6.0,,3.0,,,,,,300.0,,,1.0,1.0,1.0,1.0,,1.0,1.0,3.0,5.0,1.0,,107.0,,1111.0,1111.0,2.0,5.0,2,4,4.0,8.0,2,4,1,5,2,4,65-74,9999,Yes,,1,1.0
2024,99999,ME,23013.0,23013013500.0,Conventional:First Lien,Single Family (1-4 Units):Site-Built,Hispanic or Latino,Hispanic or Latino,Female,Loan originated,1.0,370000.0,,6.875,,3.0,,,,,,360.0,,,1.0,1.0,1.0,1.0,,1.0,1.0,3.0,5.0,1.0,,111.0,,3.0,10.0,3.0,5.0,2,4,4.0,8.0,2,4,3,5,2,4,65-74,9999,Yes,,1,1.0
2024,99999,VT,50015.0,50015013600.0,FHA:First Lien,Single Family (1-4 Units):Site-Built,Not Hispanic or Latino,White,Male,Loan originated,1.0,430000.0,,7.25,,3.0,,,,,,360.0,,,1.0,1.0,1.0,1.0,,1.0,1.0,3.0,5.0,1.0,,120.0,,1111.0,1111.0,2.0,5.0,2,4,4.0,8.0,2,4,1,5,2,4,65-74,9999,Yes,,1,1.0
2024,99999,MA,25023.0,25023013700.0,Conventional:First Lien,Single Family (1-4 Units):Site-Built,Hispanic or Latino,Hispanic or Latino,Unknown,Loan originated,1.0,315000.0,,6.75,,3.0,,,,,,360.0,,,1.0,1.0,1.0,1.0,,1.0,1.0,3.0,5.0,1.0,,105.0,,3.0,10.0,3.0,5.0,2,4,4.0,8.0,2,4,3,5,2,4,65-74,9999,Yes,,1,1.0
2024,99999,PA,42011.0,42011013800.0,FHA:First Lien,Single Family (1-4 Units):Site-Built,Not Hispanic or Latino,White,Female,Application denied,1.0,355000.0,,6.25,,3.0,,,,,,360.0,,,2.0,2.0,2.0,2.0,,1.0,1.0,3.0,5.0,1.0,,108.0,,1111.0,1111.0,2.0,5.0,2,4,4.0,8.0,2,4,3,5,2,4,65-74,9999,Yes,,1,1.0
2024,99999,FL,12010.0,12010013900.0,Conventional:First Lien,Single Family (1-4 Units):Site-Built,Not Hispanic or Latino,White,Male,Loan originated,1.0,330000.0,,6.5,,3.0,,,,,,300.0,,,1.0,1.0,1.0,1.0,,1.0,1.0,3.0,5.0,1.0,,112.0,,1111.0,1111.0,2.0,5.0,2,4,4.0,8.0,2,4,1,5,2,4,65-74,9999,Yes,,1,1.0
2024,99999,GA,13067.0,13067014000.0,FHA:First Lien,Single Family (1-4 Units):Site-Built,Hispanic or Latino,Hispanic or Latino,Male,Application approved but not accepted,1.0,410000.0,,7.0,,3.0,,,,,,360.0,,,2.0,2.0,2.0,2.0,,1.0,1.0,3.0,5.0,1.0,,113.0,,3.0,10.0,3.0,5.0,2,4,4.0,8.0,2,4,3,5,2,4,65-74,9999,Yes,,1,1.0
2024,99999,IL,17031.0,17031014100.0,Conventional:First Lien,Single Family (1-4 Units):Site-Built,Not Hispanic or Latino,White,Female,Loan originated,1.0,260000.0,,6.25,,3.0,,,,,,360.0,,,1.0,1.0,1.0,1.0,,1.0,1.0,3.0,5.0,1.0,,100.0,,1111.0,1111.0,2.0,5.0,2,4,4.0,8.0,2,4,3,5,2,4,65-74,9999,Yes,,1,1.0
2024,99999,TX,48113.0,48113014200.0,FHA:First Lien,Single Family (1-4 Units):Site-Built,Not Hispanic or Latino,White,Male,Application denied,1.0,385000.0,,6.875,,3.0,,,,,,360.0,,,2.0,2.0,2.0,2.0,,1.0,1.0,3.0,5.0,1.0,,104.0,,1111.0,1111.0,2.0,5.0,2,4,4.0,8.0,2,4,1,5,2,4,65-74,9999,Yes,,1,1.0
2024,99999,WI,55001.0,55001014300.0,Conventional:First Lien,Single Family (1-4 Units):Site-Built,Not Hispanic or Latino,White,Female,Loan originated,1.0,310000.0,,6.5,,3.0,,,,,,360.0,,,2.0,2.0,2.0,2.0,,1.0,1.0,3.0,5.0,1.0,,110.0,,1111.0,1111.0,2.0,5.0,2,4,4.0,8.0,2,4,3,5,2,4,65-74,9999,Yes,,1,1.0
2024,99999,CT,9003.0,09003014400.0,FHA:First Lien,Single Family (1-4 Units):Site-Built,Hispanic or Latino,Hispanic or Latino,Male,Loan originated,1.0,400000.0,,7.125,,3.0,,,,,,360.0,,,1.0,1.0,1.0,1.0,,1.0,1.0,3.0,5.0,1.0,,98.0,,3.0,10.0,3.0,5.0,2,4,4.0,8.0,2,4,3,5,2,4,65-74,9999,Yes,,1,1.0
2024,99999,KS,20017.0,20017014500.0,Conventional:First Lien,Single Family (1-4 Units):Site-Built,Not Hispanic or Latino,White,Male,Application approved but not accepted,1.0,350000.0,,6.125,,3.0,,,,,,300.0,,,1.0,1.0,1.0,1.0,,1.0,1.0,3.0,5.0,1.0,,117.0,,1111.0,1111.0,2.0,5.0,2,4,4.0,8.0,2,4,1,5,2,4,65-74,9999,Yes,,1,1.0
2024,99999,MS,28021.0,28021014600.0,FHA:First Lien,Single Family (1-4 Units):Site-Built,Not Hispanic or Latino,White,Female,Loan originated,1.0,425000.0,,7.25,,3.0,,,,,,360.0,,,2.0,2.0,2.0,2.0,,1.0,1.0,3.0,5.0,1.0,,114.0,,1111.0,1111.0,2.0,5.0,2,4,4.0,8.0,2,4,3,5,2,4,65-74,9999,Yes,,1,1.0
2024,99999,NE,31043.0,31043014700.0,Conventional:First Lien,Single Family (1-4 Units):Site-Built,Not Hispanic or Latino,White,Male,Loan originated,1.0,285000.0,,6.5,,3.0,,,,,,300.0,,,1.0,1.0,1.0,1.0,,1.0,1.0,3.0,5.0,1.0,,101.0,,1111.0,1111.0,,,,,,,,,,,,,,,,,,
2024,13550,VA,51040.0,51040004100.0,FHA:First Lien,Single Family (1-4 Units):Site-Built,Not Hispanic or Latino,White,Male,Loan originated,1.0,310000.0,85.0,6.25,1.5,1.0,2390.0,1110.0,1280.0,20.0,1280.0,360.0,,0.0,2.0,2.0,2.0,2.0,364705.0,1.0,1.0,3.0,5.0,1.0,1.0,115.0,1,1.0,1.0,4.0,3.5,2,4,5.0,6.0,2,4,1,5,2,4,45-54,55-64,Yes,,1,1.0
2024,13550,VA,51040.0,51040004100.0,FHA:First Lien,Single Family (1-4 Units):Site-Built,Not Hispanic or Latino,White,Male,Loan originated,1.0,200000.0,75.0,5.875,2.25,1.0,1890.0,950.0,940.0,15.0,940.0,360.0,,0.0,2.0,2.0,2.0,2.0,266667.0,1.0,1.0,3.0,5.0,1.0,1.0,115.0,1,1.0,1.0,4.0,3.5,2,4,5.0,6.0,2,4,1,5,2,4,45-54,55-64,Yes,,1,1.0
2024,4055,CA,6037.0,06037011000.0,Conventional:Cash-Out Refinance,Single Family (1-4 Units):Site-Built,Ethnicity Not Available,Race Not Available,Sex Not Available,Loan originated,2.0,550000.0,70.0,5.125,1.0,1.0,25000.0,4800.0,19900.0,5.0,19900.0,360.0,,0.0,2.0,2.0,2.0,2.0,785714.0,1.0,1.0,3.0,5.0,1.0,1.0,100.0,1,1.0,1.0,3.0,4.0,2,4,5.0,6.0,2,4,1,5,2,4,35-44,45-54,Yes,,1,1.0
2024,41970,NJ,34013.0,34013007000.0,VA:First Lien,Single Family (1-4 Units):Site-Built,Ethnicity Not Available,Race Not Available,Sex Not Available,Loan originated,3.0,300000.0,86.5,6.125,1.25,1.0,1140.0,780.0,360.0,20.0,360.0,360.0,,0.0,2.0,2.0,2.0,2.0,346939.0,1.0,1.0,3.0,5.0,1.0,1.0,100.0,1,1.0,1.0,3.0,4.0,2,4,5.0,6.0,2,4,1,5,2,4,35-44,45-54,Yes,,1,1.0
2024,37110,NC,37033.0,37033008000.0,FHA:First Lien,Single Family (1-4 Units):Site-Built,Hispanic or Latino,Asian,Male,Loan originated,2.0,250000.0,75.0,6.5,1.25,1.0,1300.0,560.0,740.0,15.0,740.0,360.0,,0.0,2.0,2.0,2.0,2.0,333333.0,1.0,1.0,2.0,5.0,1.0,1.0,100.0,1,2.0,1.0,7.0,4.0,2,4,5.0,6.0,2,4,1,5,2,4,55-64,45-54,Yes,,1,1.0
2024,15900,FL,12017.0,12017001700.0,Conventional:First Lien,Single Family (1-4 Units):Site-Built,Not Hispanic or Latino,Black,Male,Loan originated,3.0,175000.0,82.5,5.75,1.75,1.0,1050.0,550.0,500.0,25.0,500.0,360.0,,0.0,2.0,2.0,2.0,2.0,212121.0,1.0,1.0,3.0,5.0,1.0,1.0,90.0,1,1.0,1.0,5.0,4.0,2,4,5.0,6.0,2,4,1,5,2,4,55-64,35-44,Yes,,1,1.0
2024,23050,MA,25021.0,25021004360.0,FHA:First Lien,Single Family (1-4 Units):Site-Built,Not Hispanic or Latino,White,Female,Loan originated,1.0,320000.0,78.5,5.25,2.25,1.0,640.0,300.0,340.0,20.0,340.0,360.0,,0.0,2.0,2.0,2.0,2.0,407692.0,1.0,1.0,3.0,5.0,1.0,1.0,111.0,1,1.0,1.0,3.0,4.0,2,4,5.0,6.0,2,4,1,5,2,4,45-54,35-44,Yes,,1,1.0
2024,42705,NY,36003.0,36003011000.0,VA:First Lien,Single Family (1-4 Units):Site-Built,Not Hispanic or Latino,White,Male,Loan originated,1.0,220000.0,87.5,6.0,1.25,1.0,1450.0,920.0,530.0,15.0,530.0,360.0,,0.0,2.0,2.0,2.0,2.0,251162.0,1.0,1.0,3.0,5.0,1.0,1.0,111.0,1,1.0,1.0,4.0,3.0,2,4,5.0,6.0,2,4,1,5,2,4,35-44,55-64,Yes,,1,1.0
2024,10510,NH,33017.0,33017017000.0,Conventional:First Lien,Single Family (1-4 Units):Site-Built,Not Hispanic or Latino,White,Male,Loan originated,1.0,240000.0,80.0,5.0,2.5,1.0,810.0,720.0,90.0,10.0,90.0,360.0,,0.0,2.0,2.0,2.0,2.0,300000.0,1.0,1.0,3.0,5.0,1.0,1.0,111.0,1,1.0,1.0,4.0,3.0,2,4,5.0,6.0,2,4,1,5,2,4,35-44,55-64,Yes,,1,1.0
2024,29585,IL,17081.0,17081010400.0,Conventional:First Lien,Single Family (1-4 Units):Site-Built,Not Hispanic or Latino,White,Female,Loan originated,3.0,185000.0,77.25,5.875,2.1,1.0,930.0,500.0,430.0,30.0,430.0,360.0,,0.0,2.0,2.0,2.0,2.0,240000.0,1.0,1.0,3.0,5.0,1.0,1.0,100.0,1,1.0,1.0,3.5,3.0,2,4,5.0,6.0,2,4,1,5,2,4,55-64,65-74,Yes,,1,1.0
2024,16500,OH,39049.0,39049007130.0,FHA:First Lien,Single Family (1-4 Units):Site-Built,Hispanic or Latino,White,Female,Loan originated,1.0,195000.0,95.0,4.875,2.0,1.0,1020.0,430.0,590.0,20.0,590.0,360.0,,0.0,2.0,2.0,2.0,2.0,205263.0,1.0,1.0,3.0,5.0,1.0,1.0,95.0,1,1.0,1.0,2.0,3.0,2,4,5.0,6.0,2,4,1,5,2,4,45-54,35-44,Yes,,1,1.0
2024,36850,CO,8031.0,08031002000.0,Conventional:First Lien,Single Family (1-4 Units):Site-Built,Not Hispanic or Latino,White,Male,Loan originated,1.0,232500.0,89.125,3.9625,1.9,1.0,1500.0,780.0,720.0,20.0,720.0,360.0,,0.0,2.0,2.0,2.0,2.0,260771.0,1.0,1.0,3.0,5.0,1.0,1.0,104.0,1,1.0,1.0,3.5,4.0,2,4,5.0,6.0,2,4,1,5,2,4,35-44,45-54,Yes,,1,1.0
2024,99999,CA,6075.0,06075003000.0,VA:First Lien,Single Family (1-4 Units):Site-Built,Not Hispanic or Latino,White,Male,Loan originated,3.0,275000.0,75.0,5.25,1.75,1.0,1650.0,800.0,850.0,15.0,850.0,360.0,,0.0,2.0,2.0,2.0,2.0,366667.0,1.0,1.0,3.0,5.0,1.0,1.0,126.0,1,1.0,1.0,3.5,4.0,2,4,5.0,6.0,2,4,1,5,2,4,35-44,45-54,Yes,,1,1.0
2024,43330,TX,48131.0,48131013100.0,Conventional:First Lien,Single Family (1-4 Units):Site-Built,Not Hispanic or Latino,White,Female,Loan originated,1.0,165000.0,82.0,5.625,2.25,1.0,1180.0,620.0,560.0,25.0,560.0,360.0,,0.0,2.0,2.0,2.0,2.0,201219.0,1.0,1.0,3.0,5.0,1.0,1.0,122.0,1,1.0,1.0,2.0,3.0,2,4,5.0,6.0,2,4,1,5,2,4,35-44,55-64,Yes,,1,1.0
2024,3910,MD,24510.0,24510001200.0,FHA:First Lien,Single Family (1-4 Units):Site-Built,Not Hispanic or Latino,White,Male,Loan originated,1.0,300000.0,84.0,5.125,1.6,1.0,1890.0,580.0,1310.0,15.0,1310.0,360.0,,0.0,2.0,2.0,2.0,2.0,357143.0,1.0,1.0,2.0,5.0,3.0,1.0,115.0,1,1.0,1.0,3.0,4.0,2,4,5.0,6.0,2,4,1,5,2,4,35-44,45-54,Yes,,1,1.0
2024,11705,RI,44005.0,44005002100.0,VA:First Lien,Single Family (1-4 Units):Site-Built,Not Hispanic or Latino,White,Male,Loan originated,1.0,180000.0,88.0,4.9375,1.8,1.0,310.0,220.0,90.0,10.0,90.0,360.0,,0.0,2.0,2.0,2.0,2.0,204545.0,1.0,1.0,3.0,5.0,1.0,1.0,115.0,1,1.0,1.0,4.0,3.0,2,4,5.0,6.0,2,4,1,5,2,4,45-54,55-64,Yes,,1,1.0
2024,14210,NV,32003.0,32003004100.0,Conventional:Cash-Out Refinance,Single Family (1-4 Units):Site-Built,Hispanic or Latino,White,Male,Loan originated,2.0,225000.0,77.5,5.375,1.5,1.0,1760.0,520.0,1240.0,25.0,1240.0,360.0,,0.0,2.0,2.0,2.0,2.0,289855.0,1.0,1.0,3.0,5.0,1.0,1.0,120.0,1,2.0,1.0,3.5,4.0,2,4,5.0,6.0,2,4,1,5,2,4,55-64,65-74,Yes,,1,1.0
2024,13400,KY,21115.0,21115023100.0,FHA:First Lien,Single Family (1-4 Units):Site-Built,Not Hispanic or Latino,White,Male,Loan originated,3.0,152500.0,78.25,6.0,1.5,1.0,1400.0,500.0,900.0,15.0,900.0,360.0,,0.0,2.0,2.0,2.0,2.0,195238.0,1.0,1.0,3.0,5.0,1.0,1.0,111.0,1,1.0,1.0,3.5,5.0,2,4,5.0,6.0,2,4,1,5,2,4,35-44,55-64,Yes,,1,1.0
2024,19990,WA,53073.0,53073000000.0,Conventional:First Lien,Single Family (1-4 Units):Site-Built,Ethnicity Not Available,Race Not Available,Sex Not Available,Loan originated,1.0,350000.0,85.0,5.5,1.25,1.0,2060.0,980.0,1080.0,20.0,1080.0,360.0,,0.0,2.0,2.0,2.0,2.0,411765.0,1.0,1.0,3.0,5.0,1.0,1.0,115.0,1,1.0,1.0,3.0,4.0,2,4,5.0,6.0,2,4,1,5,2,4,55-64,45-54,Yes,,1,1.0
2024,2450,OR,41005.0,41005001000.0,FHA:First Lien,Single Family (1-4 Units):Site-Built,Not Hispanic or Latino,White,Female,Loan originated,1.0,230000.0,80.0,5.875,2.0,1.0,1000.0,400.0,600.0,5.0,600.0,360.0,,0.0,2.0,2.0,2.0,2.0,287500.0,1.0,1.0,3.0,5.0,1.0,1.0,115.0,1,1.0,1.0,5.0,3.0,2,4,5.0,6.0,2,4,1,5,2,4,65-74,35-44,Yes,,1,1.0
2024,17730,AL,1097.0,01097009200.0,Conventional:First Lien,Single Family (1-4 Units):Site-Built,Ethnicity Not Available,Race Not Available,Sex Not Available,Loan originated,3.0,400000.0,90.0,6.25,1.7,1.0,2000.0,780.0,1220.0,20.0,1220.0,360.0,,0.0,2.0,2.0,2.0,2.0,444444.0,1.0,1.0,3.0,5.0,1.0,1.0,110.0,1,1.0,1.0,4.0,3.0,2,4,5.0,6.0,2,4,1,5,2,4,45-54,55-64,Yes,,1,1.0
2024,9530,MI,26151.0,26151000300.0,FHA:First Lien,Single Family (1-4 Units):Site-Built,Not Hispanic or Latino,White,Male,Loan originated,1.0,312000.0,85.0,5.625,2.0,1.0,1500.0,700.0,800.0,20.0,800.0,360.0,,0.0,2.0,2.0,2.0,2.0,367059.0,1.0,1.0,3.0,5.0,1.0,1.0,120.0,1,1.0,1.0,3.0,4.0,2,4,5.0,6.0,2,4,1,5,2,4,65-74,55-64,Yes,,1,1.0
2024,5025,WV,54031.0,54031002347.0,Conventional:First Lien,Single Family (1-4 Units):Site-Built,Not Hispanic or Latino,White,Female,Loan originated,3.0,222000.0,72.75,5.0,1.875,1.0,1200.0,500.0,700.0,25.0,700.0,360.0,,0.0,2.0,2.0,2.0,2.0,305175.0,1.0,1.0,3.0,5.0,1.0,1.0,115.0,1,1.0,1.0,4.0,3.0,2,4,5.0,6.0,2,4,1,5,2,4,65-74,45-54,Yes,,1,1.0
2024,9430,IN,18047.0,18047112100.0,VA:First Lien,Single Family (1-4 Units):Site-Built,Not Hispanic or Latino,White,Male,Loan originated,1.0,320000.0,78.0,4.875,1.5,1.0,1860.0,910.0,950.0,20.0,950.0,360.0,,0.0,2.0,2.0,2.0,2.0,410256.0,1.0,1.0,3.0,5.0,1.0,1.0,122.0,1,1.0,1.0,3.0,4.0,2,4,5.0,6.0,2,4,1,5,2,4,45-54,55-64,Yes,,1,1.0
2024,42210,NJ,34043.0,34043009700.0,FHA:First Lien,Single Family (1-4 Units):Site-Built,Ethnicity Not Available,Race Not Available,Sex Not Available,Loan originated,2.0,265000.0,84.25,6.0,1.75,1.0,1100.0,600.0,500.0,10.0,500.0,360.0,,0.0,2.0,2.0,2.0,2.0,314286.0,1.0,1.0,3.0,5.0,1.0,1.0,100.0,1,1.0,1.0,5.0,5.0,2,4,5.0,6.0,2,4,1,5,2,4,45-54,55-64,Yes,,1,1.0
2024,43730,IL,17115.0,17115011500.0,VA:First Lien,Single Family (1-4 Units):Site-Built,Ethnicity Not Available,Race Not Available,Sex Not Available,Loan originated,1.0,425000.0,81.25,5.375,1.2,1.0,2500.0,1100.0,1400.0,20.0,1400.0,360.0,,0.0,2.0,2.0,2.0,2.0,523333.0,1.0,1.0,3.0,5.0,1.0,1.0,100.0,1,1.0,1.0,1.0,3.0,2,4,5.0,6.0,2,4,1,5,2,4,45-54,55-64,Yes,,1,1.0
2024,35010,NY,36075.0,36075008000.0,VA:First Lien,Single Family (1-4 Units):Site-Built,Not Hispanic or Latino,White,Male,Loan originated,1.0,135000.0,83.0,5.0,2.25,1.0,620.0,400.0,220.0,15.0,220.0,360.0,,0.0,2.0,2.0,2.0,2.0,162608.0,1.0,1.0,3.0,5.0,1.0,1.0,101.0,1,1.0,1.0,3.0,4.0,2,4,5.0,6.0,2,4,1,5,2,4,35-44,65-74,Yes,,1,1.0
2024,14410,ID,16041.0,16041002400.0,Conventional:Second Lien,Single Family (1-4 Units):Site-Built,Not Hispanic or Latino,White,Male,Loan originated,2.0,165000.0,90.25,6.0,2.0,1.0,810.0,390.0,420.0,20.0,420.0,360.0,,0.0,2.0,2.0,2.0,2.0,182758.0,1.0,1.0,3.0,5.0,1.0,1.0,100.0,1,1.0,1.0,2.0,3.0,2,4,5.0,6.0,2,4,1,5,2,4,35-44,45-54,Yes,,1,1.0
2024,17920,MN,27053.0,27053007940.0,FHA:First Lien,Single Family (1-4 Units):Site-Built,Hispanic or Latino,White,Female,Loan originated,1.0,420000.0,85.25,6.75,1.5,1.0,1100.0,380.0,720.0,15.0,720.0,360.0,,0.0,2.0,2.0,2.0,2.0,492857.0,1.0,1.0,3.0,5.0,1.0,1.0,122.0,1,1.0,1.0,5.0,3.0,2,4,5.0,6.0,2,4,1,5,2,4,65-74,55-64,Yes,,1,1.0
2024,22650,MO,29079.0,29079101000.0,FHA:First Lien,Single Family (1-4 Units):Site-Built,Hispanic or Latino,Black,Male,Loan originated,2.0,450000.0,86.75,6.125,2.0,1.0,2420.0,610.0,1810.0,18.0,1810.0,360.0,,0.0,2.0,2.0,2.0,2.0,519108.0,1.0,1.0,3.0,5.0,1.0,1.0,100.0,1,2.0,1.0,4.0,5.0,2,4,5.0,6.0,2,4,1,5,2,4,55-64,35-44,Yes,,1,1.0
2024,19140,NC,37165.0,37165007620.0,Conventional:First Lien,Single Family (1-4 Units):Site-Built,Not Hispanic or Latino,Black,Female,Loan originated,3.0,290000.0,80.25,6.75,1.25,1.0,1200.0,530.0,670.0,10.0,670.0,360.0,,0.0,2.0,2.0,2.0,2.0,361667.0,1.0,1.0,3.0,5.0,1.0,1.0,120.0,1,1.0,1.0,4.0,5.0,2,4,5.0,6.0,2,4,1,5,2,4,65-74,55-64,Yes,,1,1.0
2024,12750,DE,10003.0,10003000200.0,Conventional:Cash-Out Refinance,Single Family (1-4 Units):Site-Built,Ethnicity Not Available,Race Not Available,Sex Not Available,Loan originated,1.0,250000.0,85.0,5.375,2.0,1.0,1200.0,620.0,580.0,20.0,580.0,360.0,,0.0,2.0,2.0,2.0,2.0,294118.0,1.0,1.0,3.0,5.0,1.0,1.0,102.0,1,1.0,1.0,2.0,4.0,2,4,5.0,6.0,2,4,1,5,2,4,55-64,65-74,Yes,,1,1.0
2024,31740,TX,48281.0,48281013100.0,FHA:First Lien,Single Family (1-4 Units):Site-Built,Hispanic or Latino,White,Male,Loan originated,1.0,270000.0,84.5,6.125,1.25,1.0,1000.0,350.0,650.0,15.0,650.0,360.0,,0.0,2.0,2.0,2.0,2.0,319803.0,1.0,1.0,3.0,5.0,1.0,1.0,102.0,1,2.0,1.0,3.5,6.0,2,4,5.0,6.0,2,4,1,5,2,4,35-44,45-54,Yes,,1,1.0
2024,36000,KS,20119.0,20119000200.0,FHA:First Lien,Single Family (1-4 Units):Site-Built,Ethnicity Not Available,Race Not Available,Sex Not Available,Loan originated,3.0,150000.0,83.25,5.25,1.5,1.0,1000.0,500.0,500.0,10.0,500.0,360.0,,0.0,2.0,2.0,2.0,2.0,180000.0,1.0,1.0,3.0,5.0,1.0,1.0,100.0,1,1.0,1.0,3.0,4.0,2,4,5.0,6.0,2,4,1,5,2,4,45-54,55-64,Yes,,1,1.0
2024,40450,VT,50005.0,50005000100.0,Conventional:First Lien,Single Family (1-4 Units):Site-Built,Not Hispanic or Latino,White,Male,Loan originated,1.0,220000.0,83.5,5.5,1.85,1.0,1120.0,500.0,620.0,15.0,620.0,360.0,,0.0,2.0,2.0,2.0,2.0,263158.0,1.0,1.0,3.0,5.0,1.0,1.0,111.0,1,1.0,1.0,4.0,3.0,2,4,5.0,6.0,2,4,1,5,2,4,55-64,55-64,Yes,,1,1.0
2024,23710,SC,45045.0,45045005720.0,FHA:First Lien,Single Family (1-4 Units):Site-Built,Not Hispanic or Latino,White,Female,Loan originated,2.0,180000.0,81.0,5.5,1.25,1.0,890.0,480.0,410.0,10.0,410.0,360.0,,0.0,2.0,2.0,2.0,2.0,222222.0,1.0,1.0,3.0,5.0,1.0,1.0,102.0,1,1.0,1.0,3.0,4.0,2,4,5.0,6.0,2,4,1,5,2,4,55-64,45-54,Yes,,1,1.0
2024,17530,WV,54009.0,54009001590.0,Conventional:First Lien,Single Family (1-4 Units):Site-Built,Hispanic or Latino,White,Female,Loan originated,1.0,145000.0,73.0,5.75,1.25,1.0,1450.0,,,,,,,,,,,,,,,,,,,,,,,,,,,,,,,,,,,,,,,,
2024,13579,RI,44007.0,440070,,,,,,,,,,,,,,,,,,,,,,,,,,,,,,,,,,,,,,,,,,,,,,,,,,,,,
2024,99999,FL,12010.0,12010020100.0,FHA:First Lien,Single Family (1-4 Units):Site-Built,Not Hispanic or Latino,White,Male,Loan originated,1.0,300000.0,,5.25,,1.0,15000.0,3000.0,12000.0,1500.0,1500.0,360.0,,2.0,2.0,2.0,2.0,,1.0,1.0,1.0,5.0,1.0,,105.0,,3,6.0,2.0,5.0,2.0,4,5.0,8.0,2.0,4,1,5,2,4,65-74,9999,Yes,,1.0,1,
2024,99999,TX,48117.0,48117010128.0,Veterans Affairs:First Lien,Single Family (1-4 Units):Site-Built,Ethnicity Not Available,Race Not Available,Sex Not Available,Application approved not accepted,1.0,275000.0,,6.0,,1.0,12500.0,2500.0,10000.0,1250.0,1250.0,300.0,,2.0,2.0,2.0,2.0,,1.0,1.0,1.0,5.0,1.0,,110.0,,1,18.0,3.0,5.0,3.0,4,6.0,8.0,2.0,4,1,5,1,5,65-74,9999,Yes,,2.0,2,
2024,11500,NY,36061.0,36061030100.0,Conventional:First Lien,Single Family (1-4 Units):Site-Built,Hispanic or Latino,Black or African American,Female,Loan originated,1.0,450000.0,,4.75,,1.0,20000.0,3500.0,16500.0,1750.0,1750.0,400.0,,2.0,2.0,2.0,2.0,,1.0,1.0,1.0,4.0,1.0,,120.0,,10,11.0,2.0,5.0,2.0,4,6.0,8.0,2.0,4,1,5,2,4,65-74,9999,Yes,,1.0,1,
2024,99999,CA,60011.0,60011001200.0,FHA:First Lien,Single Family (1-4 Units):Site-Built,Not Hispanic or Latino,White,Male,File closed for incompleteness,1.0,400000.0,,7.25,,3.0,25000.0,4000.0,19100.0,2000.0,2000.0,360.0,,2.0,2.0,2.0,2.0,,1.0,1.0,2.0,5.0,1.0,,115.0,,1,2.0,3.0,5.0,2.0,4,5.0,8.0,2.0,4,1,5,2,4,65-74,9999,Yes,,1.0,1,
2024,99999,IL,17031.0,17031020300.0,Conventional:Subordinate Lien,Single Family (1-4 Units):Site-Built,Not Hispanic or Latino,Asian,Male,Loan originated,1.0,375000.0,,6.5,,1.0,35000.0,4500.0,18500.0,2250.0,2250.0,480.0,,2.0,2.0,2.0,2.0,,1.0,1.0,1.0,5.0,1.0,,120.0,,4,15.0,3.0,5.0,3.0,4,6.0,8.0,2.0,4,1,5,1,5,65-74,9999,Yes,,1.0,1,
2024,99999,NJ,34011.0,34011095052.0,VA:First Lien,Single Family (1-4 Units):Site-Built,Hispanic or Latino,Hispanic or Latino,Female,Application approved not accepted,1.0,325000.0,,5.5,,2.0,28000.0,5000.0,22000.0,2500.0,2500.0,360.0,,2.0,2.0,2.0,2.0,,1.0,1.0,3.0,4.0,1.0,,115.0,,13,7.0,4.0,4.0,2.0,4,6.0,8.0,2.0,4,1,5,2,4,75-84,9999,Yes,,1.0,1,
2024,11500,WI,55005.0,55005002350.0,Conventional:First Lien,Single Family (1-4 Units):Site-Built,Not Hispanic or Latino,White,Male,Loan originated,1.0,600000.0,,5.0,,1.0,27500.0,3000.0,20000.0,1500.0,1500.0,360.0,,2.0,2.0,2.0,2.0,,1.0,1.0,1.0,5.0,1.0,,130.0,,1,8.0,2.0,5.0,3.0,4,5.0,8.0,2.0,4,1,5,1,5,75-84,9999,No,,1.0,1,
2024,99999,FL,12085.0,12085041000.0,Veterans Affairs:First Lien,Single Family (1-4 Units):Site-Built,Not Hispanic or Latino,White,Female,Loan originated,1.0,500000.0,,4.25,,1.0,30000.0,3250.0,22500.0,1625.0,1625.0,360.0,,2.0,2.0,2.0,2.0,,1.0,1.0,1.0,5.0,1.0,,120.0,,3,24.0,3.0,5.0,3.0,4,5.0,8.0,2.0,4,1,5,1,5,65-74,9999,No,,1.0,1,
2024,99999,MI,26001.0,26001092000.0,FHA:First Lien,Single Family (1-4 Units):Site-Built,Ethnicity Not Available,Race Not Available,Sex Not Available,File closed for incompleteness,1.0,350000.0,,6.75,,3.0,15000.0,2750.0,15000.0,1375.0,1375.0,360.0,,2.0,2.0,2.0,2.0,,1.0,1.0,4.0,5.0,1.0,,100.0,,7,11.0,3.0,5.0,3.0,4,7.0,8.0,2.0,4,1,5,1,5,75-84,9999,Yes,,1.0,1,
2024,11500,CO,8013.0,08013020000.0,Conventional:First Lien,Single Family (1-4 Units):Site-Built,Hispanic or Latino,Hispanic or Latino,Female,Loan originated,1.0,425000.0,,4.5,,1.0,35000.0,4000.0,23500.0,2000.0,2000.0,480.0,,2.0,2.0,2.0,2.0,,1.0,1.0,1.0,4.0,1.0,,115.0,,3,6.0,4.0,4.0,3.0,4,6.0,8.0,2.0,4,1,5,1,5,65-74,9999,Yes,,1.0,1,
2024,99999,SC,45073.0,45073010000.0,FHA:First Lien,Single Family (1-4 Units):Site-Built,Not Hispanic or Latino,White,Male,Application denied,1.0,295000.0,,6.5,,2.0,15000.0,2200.0,13000.0,1100.0,1100.0,400.0,,2.0,2.0,2.0,2.0,,1.0,1.0,1.0,5.0,1.0,,130.0,,11,5.0,3.0,5.0,2.0,4,5.0,8.0,2.0,4,1,5,1,5,75-84,9999,Yes,,1.0,1,
2024,12100,GA,13095.0,13095004006.0,VA:First Lien,Single Family (1-4 Units):Site-Built,Not Hispanic or Latino,White,Female,Loan originated,1.0,550000.0,,4.0,,1.0,30000.0,2950.0,21000.0,1475.0,1475.0,360.0,,2.0,2.0,2.0,2.0,,1.0,1.0,1.0,5.0,1.0,,115.0,,10,13.0,2.0,5.0,3.0,4,6.0,8.0,2.0,4,1,5,2,4,85+,9999,No,,1.0,1,
2024,99999,NH,33017.0,33017030000.0,Conventional:First Lien,Single Family (1-4 Units):Site-Built,Ethnicity Not Available,Race Not Available,Sex Not Available,Loan originated,1.0,360000.0,,5.75,,1.0,25000.0,3500.0,20000.0,1750.0,1750.0,300.0,,2.0,2.0,2.0,2.0,,1.0,1.0,1.0,4.0,1.0,,110.0,,1,3.0,4.0,4.0,2.0,4,5.0,8.0,2.0,4,2,5,1,5,75-84,9999,No,,1.0,1,
2024,99999,AL,1125.0,01125040000.0,FHA:First Lien,Single Family (1-4 Units):Site-Built,Not Hispanic or Latino,White,Male,Loan originated,1.0,325000.0,,5.25,,1.0,20000.0,3000.0,15000.0,1500.0,1500.0,360.0,,2.0,2.0,2.0,2.0,,1.0,1.0,1.0,5.0,1.0,,120.0,,3,5.0,2.0,5.0,2.0,4,7.0,8.0,2.0,4,2,5,1,5,65-74,9999,Yes,,1.0,1,
2024,11500,MO,29179.0,29179001000.0,Conventional:Subordinate Lien,Single Family (1-4 Units):Site-Built,Not Hispanic or Latino,White,Female,Loan originated,1.0,400000.0,,5.0,,1.0,30000.0,3200.0,20000.0,2000.0,2000.0,480.0,,2.0,2.0,2.0,2.0,,1.0,1.0,3.0,5.0,1.0,,160.0,,2,4.0,3.0,5.0,3.0,4,6.0,8.0,1.0,4,2,5,2,4,85+,9999,No,,1.0,1,
2024,99999,MN,27019.0,27019012010.0,VA:First Lien,Single Family (1-4 Units):Site-Built,Ethnicity Not Available,Race Not Available,Sex Not Available,Application denied,1.0,300000.0,,6.25,,2.0,14000.0,1750.0,10500.0,875.0,875.0,360.0,,2.0,2.0,2.0,2.0,,1.0,1.0,1.0,5.0,1.0,,125.0,,4,6.0,2.0,5.0,3.0,4,6.0,8.0,1.0,4,2,5,1,5,65-74,9999,No,,1.0,1,
2024,12100,WV,54003.0,54003010000.0,Conventional:First Lien,Single Family (1-4 Units):Site-Built,Ethnicity Not Available,Race Not Available,Sex Not Available,Loan originated,1.0,500000.0,,3.75,,1.0,45000.0,1900.0,28000.0,1000.0,1000.0,480.0,,2.0,2.0,2.0,2.0,,1.0,1.0,1.0,5.0,1.0,,105.0,,1,4.0,4.0,4.0,2.0,4,5.0,8.0,2.0,4,1,5,1,5,65-74,9999,No,,1.0,1,
2024,99999,VT,50005.0,50005021000.0,FHA:First Lien,Single Family (1-4 Units):Site-Built,Not Hispanic or Latino,White,Male,Loan originated,1.0,375000.0,,5.75,,1.0,24000.0,2700.0,17000.0,1350.0,1350.0,360.0,,2.0,2.0,2.0,2.0,,1.0,1.0,3.0,5.0,1.0,,150.0,,6,8.0,2.0,5.0,3.0,4,5.0,8.0,2.0,4,2,5,2,4,75-84,9999,Yes,,1.0,1,
2024,99999,OR,41007.0,41007002000.0,Veterans Affairs:First Lien,Single Family (1-4 Units):Site-Built,Hispanic or Latino,Hispanic or Latino,Female,Application approved not accepted,1.0,425000.0,,7.0,,2.0,17500.0,2300.0,15000.0,1150.0,1150.0,400.0,,2.0,2.0,2.0,2.0,,1.0,1.0,1.0,5.0,1.0,,125.0,,4,12.0,2.0,5.0,2.0,4,6.0,8.0,2.0,4,1,5,2,4,65-74,9999,Yes,,1.0,1,
2024,11500,MD,24045.0,24045020001.0,FHA:First Lien,Single Family (1-4 Units):Site-Built,Not Hispanic or Latino,White,Male,File closed for incompleteness,1.0,550000.0,,5.25,,1.0,20000.0,4000.0,13000.0,2000.0,2000.0,360.0,,2.0,2.0,2.0,2.0,,1.0,1.0,1.0,5.0,1.0,,125.0,,3,3.0,2.0,5.0,3.0,4,5.0,8.0,2.0,4,1,5,1,5,75-84,9999,No,,1.0,1,
2024,12100,UT,49015.0,49015010000.0,Conventional:First Lien,Single Family (1-4 Units):Site-Built,Hispanic or Latino,Hispanic or Latino,Male,Loan originated,1.0,360000.0,,6.0,,1.0,27500.0,3500.0,19000.0,2000.0,2000.0,400.0,,2.0,2.0,2.0,2.0,,1.0,1.0,3.0,5.0,1.0,,110.0,,3,10.0,4.0,4.0,3.0,4,6.0,8.0,2.0,4,1,5,1,5,65-74,9999,Yes,,1.0,1,
2024,99999,KY,21155.0,21155011000.0,FHA:First Lien,Single Family (1-4 Units):Site-Built,Not Hispanic or Latino,White,Female,Loan originated,1.0,275000.0,,4.25,,1.0,15000.0,2200.0,11000.0,1100.0,1100.0,360.0,,2.0,2.0,2.0,2.0,,1.0,1.0,1.0,5.0,1.0,,100.0,,1,2.0,3.0,5.0,3.0,4,5.0,8.0,2.0,4,1,5,2,4,65-74,9999,Yes,,1.0,1,
2024,99999,NC,37153.0,37153014000.0,Conventional:First Lien,Single Family (1-4 Units):Site-Built,Ethnicity Not Available,Race Not Available,Sex Not Available,Loan originated,1.0,350000.0,,5.0,,1.0,25000.0,3000.0,17500.0,1500.0,1500.0,480.0,,2.0,2.0,2.0,2.0,,1.0,1.0,1.0,5.0,1.0,,130.0,,10,2.0,2.0,5.0,2.0,4,6.0,8.0,2.0,4,1,5,2,4,65-74,9999,No,,1.0,1,
2024,99999,NE,31085.0,31085010400.0,VA:First Lien,Single Family (1-4 Units):Site-Built,Ethnicity Not Available,Race Not Available,Sex Not Available,Application denied,1.0,400000.0,,6.15,,2.0,20000.0,2000.0,15000.0,1500.0,1500.0,360.0,,2.0,2.0,2.0,2.0,,1.0,1.0,1.0,5.0,1.0,,115.0,,11,9.0,3.0,5.0,3.0,4,5.0,8.0,2.0,4,1,5,1,5,65-74,9999,Yes,,1.0,1,
2024,12100,OH,39061.0,39061040000.0,FHA:First Lien,Single Family (1-4 Units):Site-Built,Ethnicity Not Available,Race Not Available,Sex Not Available,Application approved not accepted,1.0,375000.0,,4.5,,1.0,18000.0,2200.0,13000.0,1100.0,1100.0,400.0,,2.0,2.0,2.0,2.0,,1.0,1.0,1.0,5.0,1.0,,120.0,,9,11.0,4.0,4.0,2.0,4,6.0,8.0,2.0,4,1,5,1,5,75-84,9999,Yes,,1.0,1,
2024,99999,AR,5057.0,05057010000.0,Conventional:Subordinate Lien,Single Family (1-4 Units):Site-Built,Hispanic or Latino,Hispanic or Latino,Male,Loan originated,1.0,425000.0,,6.0,,1.0,27000.0,2500.0,17000.0,1250.0,1250.0,360.0,,2.0,2.0,2.0,2.0,,1.0,1.0,1.0,5.0,1.0,,150.0,,13,4.0,3.0,5.0,3.0,4,6.0,8.0,2.0,4,1,5,1,5,65-74,9999,Yes,,1.0,1,
2024,99999,WA,53057.0,53057050500.0,Conventional:First Lien,Single Family (1-4 Units):Site-Built,Not Hispanic or Latino,White,Female,Loan originated,1.0,650000.0,,4.35,,1.0,37000.0,2600.0,28000.0,1300.0,1300.0,300.0,,2.0,2.0,2.0,2.0,,1.0,1.0,1.0,5.0,1.0,,145.0,,7,10.0,3.0,5.0,2.0,4,8.0,8.0,2.0,4,2,5,2,4,75-84,9999,No,,1.0,1,
2024,12100,IN,18071.0,18071001000.0,FHA:First Lien,Single Family (1-4 Units):Site-Built,Not Hispanic or Latino,White,Female,Loan originated,1.0,400000.0,,5.75,,1.0,22500.0,2000.0,16500.0,1000.0,1000.0,360.0,,2.0,2.0,2.0,2.0,,1.0,1.0,1.0,5.0,1.0,,105.0,,1,10.0,2.0,5.0,3.0,4,5.0,8.0,1.0,4,1,5,1,5,75-84,9999,No,,1.0,1,
2024,99999,LA,22007.0,22007001000.0,FHA:First Lien,Single Family (1-4 Units):Site-Built,Ethnicity Not Available,Race Not Available,Sex Not Available,File closed for incompleteness,1.0,320000.0,,5.0,,1.0,28000.0,3800.0,18000.0,1900.0,1900.0,360.0,,2.0,2.0,2.0,2.0,,1.0,1.0,1.0,5.0,1.0,,125.0,,7,3.0,3.0,5.0,2.0,4,5.0,8.0,2.0,4,2,5,1,5,75-84,9999,Yes,,1.0,1,
2024,12100,NV,32007.0,32007005000.0,Conventional:First Lien,Single Family (1-4 Units):Site-Built,Hispanic or Latino,Hispanic or Latino,Female,Application approved not accepted,1.0,600000.0,,5.35,,2.0,28000.0,3500.0,20000.0,2000.0,2000.0,360.0,,2.0,2.0,2.0,2.0,,1.0,1.0,1.0,5.0,1.0,,110.0,,2,1.0,3.0,5.0,2.0,4,6.0,8.0,1.0,4,1,5,2,4,85+,9999,Yes,,1.0,1,
2024,99999,KS,20177.0,20177030000.0,Veterans Affairs:First Lien,Single Family (1-4 Units):Site-Built,Not Hispanic or Latino,White,Male,Loan originated,1.0,425000.0,,4.0,,1.0,30000.0,2400.0,21000.0,1200.0,1200.0,480.0,,2.0,2.0,2.0,2.0,,1.0,1.0,1.0,5.0,1.0,,140.0,,3,10.0,2.0,5.0,3.0,4,7.0,8.0,2.0,4,1,5,1,5,75-84,9999,No,,1.0,1,
2024,99999,GA,13051.0,13051021030.0,Conventional:First Lien,Single Family (1-4 Units):Site-Built,Ethnicity Not Available,Race Not Available,Sex Not Available,Loan originated,1.0,475000.0,,4.875,,1.0,32000.0,3500.0,21000.0,1750.0,1750.0,360.0,,2.0,2.0,2.0,2.0,,1.0,1.0,1.0,5.0,1.0,,100.0,,4,11.0,3.0,5.0,2.0,4,6.0,8.0,2.0,4,1,5,1,5,65-74,9999,Yes,,1.0,1,
2024,12100,VA,51019.0,51019002000.0,FHA:First Lien,Single Family (1-4 Units):Site-Built,Not Hispanic or Latino,White,Female,Application denied,1.0,325000.0,,5.5,,2.0,19000.0,2350.0,15000.0,1175.0,1175.0,360.0,,2.0,2.0,2.0,2.0,,1.0,1.0,1.0,5.0,1.0,,110.0,,3,10.0,4.0,4.0,2.0,4,4.0,8.0,2.0,4,1,5,1,5,85+,9999,No,,1.0,1,
2024,99999,MT,30087.0,30087010000.0,Conventional:First Lien,Single Family (1-4 Units):Site-Built,Not Hispanic or Latino,White,Male,Loan originated,1.0,500000.0,,5.25,,1.0,30000.0,2000.0,18000.0,1000.0,1000.0,360.0,,2.0,2.0,2.0,2.0,,1.0,1.0,1.0,5.0,1.0,,130.0,,4,10.0,2.0,5.0,2.0,4,6.0,8.0,2.0,4,1,5,1,5,75-84,9999,Yes,,1.0,1,
2024,12100,ID,16003.0,16003001000.0,Veterans Affairs:First Lien,Single Family (1-4 Units):Site-Built,Hispanic or Latino,Hispanic or Latino,Male,Loaned originated,1.0,380000.0,,4.25,,1.0,25000.0,2250.0,16000.0,1125.0,1125.0,360.0,,2.0,2.0,2.0,2.0,,1.0,1.0,1.0,5.0,1.0,,120.0,,3,4.0,2.0,5.0,3.0,4,6.0,8.0,2.0,4,1,5,2,4,75-84,9999,Yes,,1.0,1,
2024,99999,OH,39085.0,39085010000.0,FHA:First Lien,Single Family (1-4 Units):Site-Built,Not Hispanic or Latino,White,Male,File closed for incompleteness,1.0,350000.0,,6.25,,1.0,19000.0,2700.0,14000.0,1350.0,1350.0,360.0,,2.0,2.0,2.0,2.0,,1.0,1.0,1.0,5.0,1.0,,135.0,,1,2.0,2.0,5.0,3.0,4,5.0,8.0,2.0,4,1,5,1,5,65-74,9999,No,,1.0,1,
2024,12100,MS,28131.0,28131010000.0,Conventional:First Lien,Single Family (1-4 Units):Site-Built,Hispanic or Latino,Hispanic or Latino,Female,Loan originated,1.0,475000.0,,4.75,,1.0,29000.0,2800.0,19000.0,1400.0,1400.0,480.0,,2.0,2.0,2.0,2.0,,1.0,1.0,1.0,5.0,1.0,,120.0,,4,4.0,3.0,5.0,3.0,4,7.0,8.0,2.0,4,1,5,2,4,75-84,9999,No,,1.0,1,
2024,99999,MN,27009.0,27009002000.0,FHA:First Lien,Single Family (1-4 Units):Site-Built,Ethnicity Not Available,Race Not Available,Sex Not Available,Application denied,1.0,420000.0,,5.15,,2.0,16000.0,2300.0,12000.0,1150.0,1150.0,360.0,,2.0,2.0,2.0,2.0,,1.0,1.0,1.0,5.0,1.0,,120.0,,3,12.0,4.0,4.0,2.0,4,6.0,8.0,1.0,4,1,5,1,5,75-84,9999,No,,1.0,1,
2024,99999,KY,21137.0,21137010000.0,VA:First Lien,Single Family (1-4 Units):Site-Built,Ethnicity Not Available,Race Not Available,Sex Not Available,Application approved not accepted,1.0,400000.0,,4.85,,1.0,20000.0,3600.0,17000.0,1800.0,1800.0,400.0,,2.0,2.0,2.0,2.0,,1.0,1.0,1.0,5.0,1.0,,110.0,,4,2.0,3.0,5.0,3.0,4,6.0,8.0,2.0,4,2,5,2,4,75-84,9999,Yes,,1.0,1,
2024,12100,ME,23027.0,23027001000.0,Conventional:First Lien,Single Family (1-4 Units):Site-Built,Not Hispanic or Latino,White,Male,Loaned originated,1.0,600000.0,,5.25,,1.0,35000.0,3000.0,25000.0,1500.0,1500.0,360.0,,2.0,2.0,2.0,2.0,,1.0,1.0,1.0,5.0,1.0,,110.0,,10,17.0,2.0,5.0,3.0,4,6.0,8.0,2.0,4,1,5,1,5,65-74,9999,No,,1.0,1,
2024,12100,CO,8031.0,08031001000.0,FHA:First Lien,Single Family (1-4,,,,,,,,,,,,,,,,,,,,,,,,,,,,,,,,,,,,,,,,,,,,,,,,,,,
2024,12054,GA,13121.0,13121010529.0,FHA:First Lien,Single Family (1-4 Units):Site-Built,Ethnicity Not Available,Race Not Available,Sex Not Available,6,32.0,225000.0,,6.875,,2.0,16692.05,,10197.8,8302.8,,300.0,,,2.0,2.0,2.0,2.0,275000.0,1.0,1.0,3.0,5.0,1.0,,,,9.0,9.0,4.0,4.0,3,3,7.0,7.0,3,3,4,4,3,3,8888,8888,,,3,3.0
2024,99999,CT,9150.0,9150708100.0,Conventional:Subordinate Lien,Single Family (1-4 Units):Site-Built,Not Hispanic or Latino,White,Male,File closed for incompleteness,32.0,25000.0,,,,3.0,,,,,,240.0,,,2.0,2.0,2.0,2.0,,1.0,1.0,3.0,5.0,1.0,,96.0,,1111.0,1111.0,2.0,5.0,2,4,5.0,8.0,2,4,1,5,2,4,65-74,9999,Yes,,1,1.0
2024,99999,PA,42127.0,42127960600.0,VA:First Lien,Single Family (1-4 Units):Site-Built,Ethnicity Not Available,Race Not Available,Sex Not Available,Application denied,32.0,355000.0,,,,3.0,,,,,,360.0,,,2.0,2.0,2.0,2.0,,1.0,1.0,3.0,5.0,1.0,,108.0,,3.0,10.0,3.0,5.0,2,4,6.0,8.0,2,4,3,5,2,4,65-74,9999,Yes,,1,1.0
2024,12054,TX,48201.0,48201040040.0,FHA:First Lien,Single Family (1-4 Units):Site-Built,Hispanic or Latino,White,Male,Loan originated,1.0,320000.0,,7.25,,2.0,24000.0,,15000.0,9000.0,,200.0,,,2.0,2.0,2.0,2.0,300000.0,1.0,1.0,3.0,4.0,1.0,,120.0,,3.0,10.0,3.0,5.0,2,3,8.0,10.0,2,6,1,5,2,1,30-39,40-49,Yes,,1,1.0
2024,99999,FL,12055.0,12055100101.0,Conventional:First Lien,Single Family (1-4 Units):Site-Built,Not Hispanic or Latino,Black,Male,Appraisal declined,1.0,190000.0,,7.5,,1.0,15000.0,,10000.0,5000.0,,150.0,,,1.0,1.0,1.0,1.0,200000.0,1.0,1.0,4.0,4.0,1.0,4.0,80.0,,2.0,2.0,3.0,4.0,1,1,6.0,8.0,2,3,2,3,1,1,30-39,40-49,Yes,,1,1.0
2024,13076,IL,17000.0,17000021101.0,FHA:First Lien,Single Family (1-4 Units):Site-Built,Not Hispanic or Latino,Asian,Female,Application approved but not accepted,1.0,180000.0,,6.625,,1.0,10000.0,,8000.0,2000.0,,120.0,,,1.0,1.0,1.0,1.0,195000.0,1.0,1.0,3.0,3.0,1.0,,100.0,,1.0,1.0,2.0,4.0,1,1,5.0,8.0,1,3,2,2,1,1,36-45,40-49,No,,1,1.0
2024,12054,GA,13238.0,13238120301.0,Conventional:First Lien,Single Family (1-4 Units):Site-Built,Not Hispanic or Latino,White,Male,Application withdrawn by applicant,1.0,170000.0,,7.0,,3.0,13000.0,,9000.0,4000.0,,180.0,,,1.0,1.0,2.0,1.0,200000.0,1.0,1.0,3.0,3.0,1.0,1.0,110.0,,1.0,1.0,1.0,3.0,1,2,4.0,8.0,2,4,2,3,1,1,40-49,30-39,Yes,,1,1.0
2024,99999,NJ,34000.0,34000030001.0,FHA:Subordinate Lien,Single Family (1-4 Units):Site-Built,Hispanic or Latino,Hispanic or Latino,Male,Loan originated,3.0,220000.0,,7.125,,1.0,15000.0,,10000.0,5000.0,,150.0,,,2.0,1.0,2.0,2.0,240000.0,1.0,1.0,4.0,4.0,1.0,,105.0,,2.0,3.0,2.0,3.0,1,1,6.0,9.0,2,4,2,2,2,4,45-55,40-49,Yes,,1,1.0
2024,12054,NC,37145.0,37145030200.0,VA:First Lien,Single Family (1-4 Units):Site-Built,Not Hispanic or Latino,White,Male,Application approved but not accepted,1.0,250000.0,,8.0,,3.0,20000.0,,12000.0,8000.0,,150.0,,,2.0,2.0,2.0,2.0,260000.0,1.0,1.0,3.0,3.0,4.0,,115.0,,2.0,3.0,3.0,4.0,1,1,6.0,8.0,2,4,2,5,2,5,40-49,30-39,Yes,,3,1.0
2024,99999,NY,36000.0,36000060000.0,Conventional:First Lien,Single Family (1-4 Units):Site-Built,Hispanic or Latino,Hispanic or Latino,Male,30,1.0,210000.0,,7.75,,3.0,14500.0,,8500.0,6000.0,,140.0,,,2.0,2.0,2.0,2.0,220000.0,1.0,1.0,4.0,3.0,2.0,,95.0,,2.0,3.0,2.0,4.0,1,1,5.0,7.0,2,4,2,3,2,3,50-60,30-39,No,,1,1.0
2024,13076,IN,18051.0,18051120000.0,FHA:First Lien,Single Family (1-4 Units):Site-Built,Non-Hispanic or Latino,White,Female,Application denied,1.0,200000.0,,7.25,,1.0,12000.0,,10000.0,2000.0,,180.0,,,1.0,1.0,2.0,1.0,210000.0,1.0,1.0,2.0,3.0,1.0,,98.0,,1.0,1.0,1.0,3.0,1,1,5.0,8.0,2,4,2,3,1,1,30-39,40-49,No,,1,1.0
2024,99999,WI,55013.0,55013010000.0,VA:Subordinate Lien,Single Family (1-4 Units):Site-Built,Not Hispanic or Latino,White,Male,Appraisal declined,2.0,235000.0,,7.5,,1.0,15000.0,,10000.0,5000.0,,180.0,,,1.0,2.0,2.0,1.0,240000.0,1.0,1.0,3.0,4.0,1.0,,90.0,,1.0,1.0,1.0,4.0,1,1,4.0,6.0,2,4,2,4,1,1,30-39,30-39,Yes,,1,1.0
2024,12054,OH,39073.0,39073020400.0,Conventional:First Lien,Single Family (1-4 Units):Site-Built,Not Hispanic or Latino,Black,Female,Application withdrawn by applicant,1.0,185000.0,,7.75,,3.0,10000.0,,8000.0,2000.0,,150.0,,,1.0,1.0,2.0,1.0,200000.0,1.0,1.0,2.0,4.0,1.0,,90.0,,1.0,1.0,3.0,4.0,1,1,4.0,7.0,2,4,2,3,1,1,40-49,25-39,Yes,,1,1.0
2024,99999,MI,26141.0,26141010000.0,Conventional:Subordinate Lien,Single Family (1-4 Units):Site-Built,Not Hispanic or Latino,White,Male,Loan originated,1.0,235000.0,,7.125,,3.0,16500.0,,10500.0,6000.0,,150.0,,,1.0,1.0,1.0,1.0,240000.0,1.0,1.0,3.0,3.0,3.0,1.0,120.0,,2.0,1.0,2.0,4.0,1,1,6.0,8.0,2,3,1,3,2,3,32-40,40-49,Yes,,1,1.0
2024,13076,VA,51137.0,51137020000.0,FHA:First Lien,Single Family (1-4 Units):Site-Built,Hispanic or Latino,Black,Male,Application denied,1.0,195000.0,,7.75,,1.0,12000.0,,8000.0,4000.0,,180.0,,,1.0,1.0,1.0,1.0,200000.0,1.0,1.0,3.0,3.0,1.0,,95.0,,2.0,1.0,2.0,3.0,1,1,6.0,7.0,2,4,2,3,1,1,20-35,20-35,No,,1,1.0
2024,99999,TX,48353.0,48353111121.0,Conventional:First Lien,Single Family (1-4 Units):Site-Built,Not Hispanic or Latino,White,Male,Application approved but not accepted,1.0,268000.0,,7.875,,3.0,18000.0,,12000.0,6000.0,,180.0,,,2.0,2.0,2.0,2.0,280000.0,1.0,1.0,3.0,4.0,1.0,,110.0,,2.0,2.0,2.0,4.0,2,3,5.0,7.0,2,7,2,2,2,3,35-50,35-40,No,,1,1.0
2024,12054,SC,45000.0,45000010100.0,FHA:First Lien,Single Family (1-4 Units):Site-Built,Not Hispanic or Latino,White,Male,Loan originated,1.0,220000.0,,7.5,,1.0,15000.0,,10000.0,5000.0,,150.0,,,2.0,2.0,2.0,2.0,225000.0,1.0,1.0,3.0,5.0,1.0,,90.0,,2.0,1.0,3.0,4.0,1,1,6.0,8.0,2,6,1,3,2,4,30-40,40-50,Yes,,1,1.0
2024,99999,CA,6059.0,06059010002.0,Conventional:First Lien,Single Family (1-4 Units):Site-Built,Not Hispanic or Latino,White,Female,Application denied,3.0,250000.0,,7.25,,3.0,20000.0,,13000.0,7000.0,,210.0,,,1.0,2.0,2.0,2.0,260000.0,1.0,1.0,3.0,4.0,1.0,,102.0,,2.0,1.0,4.0,5.0,1,1,6.0,8.0,2,6,1,4,1,2,40-55,30-40,Yes,,1,1.0
2024,13076,AZ,4013.0,04013020000.0,FHA:First Lien,Single Family (1-4 Units):Site-Built,Not Hispanic or Latino,White,Male,Submission of application,1.0,280000.0,,7.0,,3.0,17000.0,,10000.0,7000.0,,150.0,,,2.0,2.0,2.0,2.0,300000.0,1.0,1.0,3.0,4.0,1.0,,104.0,,2.0,1.0,3.0,4.0,1,2,5.0,10.0,2,5,1,3,1,3,30-39,25-35,Yes,,1,1.0
2024,99999,OR,41000.0,41000010000.0,VA:First Lien,Single Family (1-4 Units):Site-Built,Not Hispanic or Latino,Other,Male,Loan originated,1.0,200000.0,,7.125,,3.0,15000.0,,10000.0,5000.0,,150.0,,,2.0,2.0,2.0,2.0,220000.0,1.0,1.0,3.0,5.0,1.0,,120.0,,2.0,1.0,3.0,5.0,1,1,7.0,8.0,2,6,1,2,2,3,40-45,30-35,Yes,,1,1.0
2024,12054,CO,8027.0,08027030000.0,FHA:First Lien,Single Family (1-4 Units):Site-Built,Not Hispanic or Latino,White,Male,Application withdrawn by applicant,1.0,160000.0,,7.25,,3.0,11000.0,,8000.0,3000.0,,120.0,,,1.0,1.0,2.0,1.0,200000.0,1.0,1.0,3.0,4.0,1.0,,105.0,,2.0,1.0,3.0,4.0,1,1,7.0,7.0,2,4,1,3,2,3,30-39,40-49,Yes,,1,1.0
2024,99999,WV,54001.0,54001010000.0,Conventional:First Lien,Single Family (1-4 Units):Site-Built,Not Hispanic or Latino,White,Female,Submission of application,1.0,210000.0,,7.875,,3.0,15000.0,,10000.0,5000.0,,150.0,,,2.0,2.0,2.0,2.0,215000.0,1.0,1.0,3.0,3.0,1.0,,90.0,,2.0,1.0,3.0,3.0,1,2,5.0,10.0,2,6,1,2,1,1,30-39,40-49,Yes,,1,1.0
2024,13076,AR,5047.0,05047060000.0,Conventional:First Lien,Single Family (1-4 Units):Site-Built,Not Hispanic or Latino,White,Male,Appraisal declined,1.0,230000.0,,7.5,,3.0,16500.0,,10500.0,6000.0,,160.0,,,2.0,2.0,2.0,2.0,300000.0,1.0,1.0,3.0,3.0,1.0,,95.0,,1.0,1.0,2.0,3.0,1,1,5.0,6.0,2,4,1,3,2,3,50-60,30-39,Yes,,1,1.0
2024,99999,MD,24000.0,24000030000.0,FHA:First Lien,Single Family (1-4 Units):Site-Built,Non-Hispanic or Latino,Asian,Male,Loan originated,1.0,205000.0,,7.375,,1.0,15000.0,,11000.0,4000.0,,150.0,,,2.0,2.0,1.0,2.0,210000.0,1.0,1.0,3.0,3.0,1.0,,105.0,,2.0,1.0,2.0,3.0,1,2,6.0,8.0,2,6,1,5,2,3,30-39,25-35,No,,1,1.0
2024,12054,AL,1001.0,01001100000.0,FHA:First Lien,Single Family (1-4 Units):Site-Built,Not Hispanic or Latino,White,Male,Application denied,1.0,240000.0,,6.875,,1.0,13000.0,,10000.0,3000.0,,180.0,,,1.0,1.0,1.0,1.0,245000.0,1.0,1.0,3.0,4.0,1.0,,85.0,,1.0,1.0,3.0,4.0,1,1,6.0,8.0,2,5,1,3,1,1,30-39,40-49,No,,1,1.0
2024,99999,GA,13238.0,13238120301.0,Conventional:First Lien,Single Family (1-4 Units):Site-Built,Hispanic or Latino,White,Female,Loan originated,1.0,175000.0,,7.125,,3.0,15000.0,,10000.0,5000.0,,150.0,,,2.0,2.0,2.0,2.0,185000.0,1.0,1.0,2.0,2.0,1.0,,95.0,,2.0,1.0,2.0,4.0,1,2,6.0,9.0,2,5,1,3,1,1,40-49,40-49,Yes,,1,1.0
2024,13076,NH,33000.0,33000020000.0,VA:First Lien,Single Family (1-4 Units):Site-Built,Not Hispanic or Latino,White,Male,Application denied,1.0,300000.0,,6.75,,2.0,19000.0,,13000.0,6000.0,,200.0,,,2.0,2.0,2.0,2.0,320000.0,1.0,1.0,3.0,3.0,1.0,,100.0,,3.0,1.0,3.0,4.0,1,1,6.0,7.0,2,6,1,2,1,3,30-40,40-49,Yes,,1,1.0
2024,99999,OK,40035.0,40035060000.0,FHA:First Lien,Single Family (1-4 Units):Site-Built,Hispanic or Latino,Hispanic or Latino,Male,Appraisal declined,1.0,225000.0,,7.625,,3.0,19000.0,,13000.0,6000.0,,150.0,,,2.0,2.0,2.0,2.0,250000.0,1.0,1.0,3.0,4.0,1.0,,110.0,,2.0,2.0,3.0,5.0,1,1,6.0,8.0,2,3,1,3,1,1,30-39,50-59,No,,1,1.0
2024,12054,MN,27000.0,27000030000.0,Conventional:First Lien,Single Family (1-4 Units):Site-Built,Not Hispanic or Latino,White,Male,Submission of application,1.0,245000.0,,7.875,,3.0,17000.0,,12000.0,5000.0,,200.0,,,1.0,2.0,2.0,2.0,255000.0,1.0,1.0,3.0,5.0,1.0,,90.0,,1.0,1.0,3.0,3.0,1,1,5.0,8.0,2,5,1,4,1,1,30-35,40-49,Yes,,1,1.0
2024,13076,KY,21037.0,21037010000.0,FHA:First Lien,Single Family (1-4 Units):Site-Built,Not Hispanic or Latino,White,Female,30,1.0,190000.0,,7.25,,3.0,13000.0,,10000.0,3000.0,,150.0,,,2.0,1.0,1.0,1.0,200000.0,1.0,1.0,2.0,4.0,1.0,,95.0,,1.0,1.0,2.0,4.0,1,1,6.0,9.0,2,5,1,3,2,4,40-49,40-49,Yes,,1,1.0
2024,99999,IL,17000.0,17000021101.0,VA:First Lien,Single Family (1-4 Units):Site-Built,Hispanic or Latino,Hispanic or Latino,Male,Loan originated,3.0,250000.0,,7.125,,3.0,16000.0,,10000.0,6000.0,,150.0,,,2.0,2.0,2.0,2.0,260000.0,1.0,1.0,4.0,4.0,1.0,,100.0,,2.0,1.0,2.0,3.0,1,1,6.0,8.0,2,3,1,1,1,1,30-39,40-49,No,,1,1.0
2024,12054,NC,37145.0,37145030200.0,Conventional:First Lien,Single Family (1-4 Units):Site-Built,Not Hispanic or Latino,White,Female,Application withdrawn by applicant,1.0,200000.0,,7.5,,3.0,14000.0,,12000.0,2000.0,,180.0,,,1.0,1.0,1.0,1.0,200000.0,1.0,1.0,3.0,4.0,1.0,,95.0,,1.0,1.0,1.0,2.0,1,1,5.0,8.0,2,4,1,4,1,1,30-39,30-39,Yes,,1,1.0
2024,99999,VT,50000.0,50000010000.0,FHA:First Lien,Single Family (1-4 Units):Site-Built,Non-Hispanic or Latino,White,Male,Appraisal declined,1.0,220000.0,,7.625,,2.0,12000.0,,10000.0,2000.0,,150.0,,,1.0,1.0,1.0,1.0,225000.0,1.0,1.0,3.0,4.0,1.0,,90.0,,1.0,1.0,2.0,4.0,1,1,7.0,6.0,2,4,1,3,1,1,30-39,40-49,Yes,,1,1.0
2024,13076,RI,44000.0,44000010000.0,Conventional:First Lien,Single Family (1-4 Units):Site-Built,Not Hispanic or Latino,White,Male,Loan originated,1.0,265000.0,,7.75,,3.0,17000.0,,12000.0,5000.0,,150.0,,,2.0,2.0,2.0,2.0,270000.0,1.0,1.0,3.0,5.0,1.0,,95.0,,1.0,1.0,2.0,4.0,1,2,5.0,8.0,2,4,1,4,2,3,30-39,25-35,No,,1,1.0
2024,99999,NE,31000.0,31000030000.0,FHA:First Lien,Single Family (1-4 Units):Site-Built,Non-Hispanic or Latino,White,Male,Application denied,1.0,235000.0,,7.25,,1.0,13000.0,,10000.0,3000.0,,150.0,,,2.0,1.0,1.0,1.0,260000.0,1.0,1.0,3.0,4.0,1.0,,100.0,,1.0,1.0,2.0,3.0,1,1,5.0,8.0,2,5,1,3,1,1,30-35,30-39,Yes,,1,1.0
2024,12054,WY,56067.0,56067030000.0,Conventional:First Lien,Single Family (1-4 Units):Site-Built,Hispanic or Latino,White,Male,Loan originated,1.0,180000.0,,7.5,,3.0,16000.0,,10000.0,6000.0,,150.0,,,2.0,2.0,2.0,2.0,190000.0,1.0,1.0,3.0,3.0,1.0,,110.0,,1.0,1.0,2.0,3.0,1,1,7.0,8.0,2,4,1,1,2,4,30-39,25-35,Yes,,1,1.0
2024,99999,TN,47031.0,47031010000.0,FHA:First Lien,Single Family (1-4 Units):Site-Built,Not Hispanic or Latino,White,Male,Appraisal declined,1.0,190000.0,,7.125,,2.0,12000.0,,10000.0,2000.0,,150.0,,,1.0,1.0,2.0,2.0,200000.0,1.0,1.0,3.0,3.0,1.0,,95.0,,1.0,1.0,2.0,3.0,1,2,6.0,8.0,2,5,1,4,1,4,30-39,30-40,Yes,,1,1.0
2024,13076,ID,16000.0,16000020000.0,Conventional:First Lien,Single Family (1-4 Units):Site-Built,Not Hispanic or Latino,White,Male,Application approved but not accepted,1.0,205000.0,,7.625,,3.0,14000.0,,12000.0,2000.0,,150.0,,,2.0,1.0,2.0,2.0,220000.0,1.0,1.0,3.0,5.0,1.0,,100.0,,1.0,1.0,2.0,4.0,1,1,6.0,8.0,2,4,1,3,2,2,45-60,35-45,No,,1,1.0
2024,99999,MO,29013.0,29013020000.0,FHA:First Lien,Single Family (1-4 Units):Site-Built,Not Hispanic or Latino,White,Male,Application denied,1.0,215000.0,,7.5,,2.0,15000.0,,11000.0,4000.0,,150.0,,,2.0,2.0,2.0,2.0,220000.0,1.0,1.0,3.0,3.0,1.0,,98.0,,1.0,1.0,3.0,4.0,1,1,7.0,8.0,2,4,1,2,1,1,30-35,35-40,No,,1,1.0
2024,12054,SD,46035.0,46035010000.0,Conventional:First Lien,Single Family (1-4 Units):Site-Built,Not Hispanic or Latino,White,Male,Submission of application,1.0,220000.0,,7.5,,3.0,15000.0,,13000.0,2000.0,,150.0,,,2.0,2.0,2.0,2.0,230000.0,1.0,1.0,3.0,3.0,1.0,,100.0,,1.0,1.0,1.0,3.0,1,2,5.0,8.0,2,5,1,3,1,3,30-39,35-40,Yes,,1,1.0
2024,99999,MT,30039.0,30039030000.0,FHA:First Lien,Single Family (1-4 Units):Site-Built,Not Hispanic or Latino,White,Male,Application approved but not accepted,1.0,210000.0,,7.25,,1.0,12000.0,,10000.0,2000.0,,150.0,,,1.0,1.0,1.0,1.0,220000.0,1.0,1.0,3.0,4.0,1.0,,100.0,,1.0,1.0,2.0,3.0,1,1,5.0,6.0,2,7,2,3,1,1,30-35,30-35,No,,1,1.0
2024,13076,KS,20071.0,20071030000.0,Conventional:First Lien,Single Family (1-4 Units):Site-Built,Not Hispanic or Latino,White,Male,Appraisal declined,1.0,225000.0,,,,,,,,,,,,,,,,,,,,,,,,,,,,,,,,,,,,,,,,,,,,,
2024,25301,FL,12081.0,12081001000.0,Conventional:First Lien,Single Family (1-4 Units):Site,,,,,,,,,,,,,,,,,,,,,,,,,,,,,,,,,,,,,,,,,,,,,,,,,,,
2024,99999,WV,54001.0,5400154321.0,FHA:First Lien,Single Family (1-4 Units):Site-Built,Ethnicity Not Available,Race Not Available,Sex Not Available,Loan originated,3.0,,,,,,,,,,,,,,,,,,,,,,,,,,,,,,,,,,,,,,,,,,,,,,
2024,99999,GA,13121.0,13121010529.0,FHA:First Lien,Single Family (1-4 Units):Site-Built,Ethnicity Not Available,Race Not Available,Sex Not Available,6,32.0,225000.0,,6.875,,2.0,16692.05,,10197.8,8302.8,,300.0,,,2.0,2.0,2.0,2.0,275000.0,1.0,1.0,3.0,5.0,1.0,,,,9.0,9.0,4.0,4.0,3,3,7.0,7.0,3,3,4,4,3,3,8888,8888,,,3,3.0
2024,99999,PA,42127.0,42127960600.0,VA:First Lien,Single Family (1-4 Units):Site-Built,Ethnicity Not Available,Race Not Available,Sex Not Available,Application denied,32.0,355000.0,,7.25,,3.0,,6000.0,1000.0,7000.0,,360.0,,2.0,2.0,2.0,2.0,1.0,1.0,3.0,5.0,1.0,,108.0,,3.0,10,3.0,5.0,2.0,4.0,6.0,8.0,2.0,4.0,3,5,2,4,65-74,9999,Yes,,1,1.0,,
