activity_year,derived_msa-md,state_code,county_code,census_tract,derived_loan_product_type,derived_dwelling_category,derived_ethnicity,derived_race,derived_sex,action_taken,loan_purpose,loan_amount,loan_to_value_ratio,interest_rate,rate_spread,hoepa_status,total_loan_costs,total_points_and_fees,origination_charges,discount_points,lender_credits,loan_term,prepayment_penalty_term,intro_rate_period,negative_amortization,interest_only_payment,balloon_payment,other_nonamortizing_features,property_value,construction_method,occupancy_type,manufactured_home_secured_property_type,manufactured_home_land_property_interest,total_units,multifamily_affordable_units,income,debt_to_income_ratio,applicant_credit_score_type,co-applicant_credit_score_type,applicant_ethnicity-1,co-applicant_ethnicity-1,applicant_ethnicity_observed,co-applicant_ethnicity_observed,applicant_race-1,co-applicant_race-1,applicant_race_observed,co-applicant_race_observed,applicant_sex,co-applicant_sex,applicant_sex_observed,co-applicant_sex_observed,applicant_age,co-applicant_age,applicant_age_above_62,co-applicant_age_above_62,submission_of_application,initially_payable_to_institution
2024,50000,01,001,001020,Conventional,Single-Family,Not Hispanic or Latino,White,Male,1,Home Purchase,325000,85.0,6.75,1.55,Not Applicable,4280.50,3500.00,780.50,0.00,780.50,30,0,0,0,0,0,0,495000,Site Built,Primary Residence,Other,Other,1,0,65000,35.0,1,2,1,1,Yes,Yes,1,1,1,1,1,1,1,1,35,34,0,0,0,1
2024,50000,01,001,001020,Conventional,Single-Family,Not Hispanic or Latino,White,Female,1,Home Purchase,275000,83.0,5.85,2.15,Not Applicable,3460.00,2950.00,510.00,100.00,510.00,30,0,0,0,0,0,0,331000,Site Built,Primary Residence,Other,Other,1,0,72000,28.0,1,2,1,1,No,Yes,1,1,1,1,1,1,1,1,28,32,0,0,1,1
2024,50000,02,013,002030,Conventional,Single-Family,Hispanic or Latino,White,Male,1,Home Purchase,400000,80.0,6.25,1.25,Not Applicable,5230.00,4200.00,1030.00,100.00,500.00,30,0,0,0,0,0,0,500000,Site Built,Primary Residence,Other,Other,1,0,75000,32.0,1,1,2,1,No,No,2,1,1,1,1,1,1,1,34,31,0,0,1,1
2024,50000,04,019,003040,Conventional,Single-Family,Not Hispanic or Latino,White,Male,1,Home Purchase,265000,78.0,5.45,2.85,Not Applicable,3090.00,2800.00,290.00,50.00,100.00,30,0,0,0,0,0,0,340000,Site Built,Primary Residence,Other,Other,1,0,62000,30.0,1,2,1,1,Yes,No,1,1,1,1,1,1,1,1,32,35,0,0,1,1
2024,50000,05,001,004050,Conventional,Single-Family,Not Hispanic or Latino,Black,Male,1,Home Purchase,350000,82.0,7.15,2.55,Not Applicable,4720.00,3900.00,820.00,150.00,300.00,30,0,0,0,0,0,0,427000,Site Built,Primary Residence,Other,Other,1,0,60000,40.0,1,2,1,1,Yes,No,1,1,1,1,1,1,1,1,41,38,0,0,1,1
2024,50000,06,075,005060,FHA,Single-Family,Not Hispanic or Latino,White,Female,1,Home Purchase,280000,90.0,6.65,2.05,Not Applicable,3870.00,3500.00,370.00,180.00,50.00,30,0,0,0,0,0,0,311000,Site Built,Primary Residence,Other,Other,1,0,68000,33.0,1,1,1,1,No,Yes,1,1,1,1,1,1,1,1,33,34,0,0,1,1
2024,50000,08,031,006070,Conventional,Single-Family,Not Hispanic or Latino,White,Male,1,Home Purchase,315000,81.0,5.95,2.05,Not Applicable,4050.00,3800.00,250.00,150.00,100.00,30,0,12,0,0,0,0,390000,Site Built,Primary Residence,Other,Other,1,0,70000,31.0,1,2,1,1,Yes,Yes,1,1,1,1,1,1,1,1,29,33,0,0,1,1
2024,50000,09,003,007080,Conventional,Single-Family,Hispanic or Latino,Hispanic/Mexican,Not Specified,1,Home Purchase,340000,86.0,6.55,2.25,Not Applicable,4550.00,3700.00,850.00,100.00,100.00,30,0,0,0,0,0,0,400000,Site Built,Primary Residence,Other,Other,1,0,67000,34.0,1,1,2,1,Yes,No,1,1,1,1,1,1,1,1,36,37,0,0,1,1
2024,50000,10,005,008090,Conventional,Single-Family,Not Hispanic or Latino,White,Male,1,Home Purchase,450000,79.0,8.75,1.25,Not Applicable,6650.00,5600.00,1050.00,400.00,250.00,30,0,0,0,0,0,0,570000,Site Built,Primary Residence,Other,Other,1,0,92000,38.0,1,2,1,1,Yes,Yes,1,1,1,1,1,1,1,1,42,39,0,0,1,1
2024,50000,11,011,009100,FHA,Single-Family,Not Hispanic or Latino,White,Female,1,Home Purchase,365000,87.0,6.35,1.75,Not Applicable,4950.00,4400.00,550.00,90.00,150.00,30,0,0,0,0,0,0,420000,Site Built,Primary Residence,Other,Other,1,0,73000,35.0,1,2,1,1,Yes,Yes,1,1,1,1,1,1,1,1,37,36,0,0,1,1
2024,50000,12,007,010110,Conventional,Single-Family,Not Hispanic or Latino,White,Male,1,Home Purchase,295000,85.0,6.15,2.05,Not Applicable,3850.00,3300.00,550.00,0.00,100.00,30,0,0,0,0,0,0,345000,Site Built,Primary Residence,Other,Other,1,0,71000,32.0,1,1,1,1,Yes,No,1,1,1,1,1,1,1,1,31,34,0,0,1,1
2024,50000,13,013,011120,Conventional,Single-Family,Hispanic or Latino,Black,Not Specified,1,Home Purchase,370000,80.0,7.35,1.50,Not Applicable,5500.00,4850.00,650.00,100.00,100.00,30,0,0,0,0,0,0,462000,Site Built,Primary Residence,Other,Other,1,0,65000,37.0,1,1,2,1,Yes,Yes,1,1,1,1,1,1,1,1,40,35,0,0,1,1
2024,50000,15,001,012130,Conventional,Single-Family,Not Hispanic or Latino,White,Male,1,Home Purchase,420000,83.0,6.50,1.50,Not Applicable,5080.00,4400.00,680.00,120.00,100.00,30,0,0,0,0,0,0,506000,Site Built,Primary Residence,Other,Other,1,0,88000,34.0,1,1,1,1,Yes,Yes,1,1,1,1,1,1,1,1,38,33,0,0,1,1
2024,50000,16,015,013140,Conventional,Single-Family,Not Hispanic or Latino,Black,Male,1,Home Purchase,330000,88.0,6.85,2.10,Not Applicable,4200.00,3700.00,500.00,100.00,100.00,30,0,0,0,0,0,0,372000,Site Built,Primary Residence,Other,Other,1,0,61000,36.0,1,2,1,1,Yes,No,1,1,1,1,1,1,1,1,39,32,0,0,1,1
2024,50000,17,023,014150,FHA,Single-Family,Hispanic or Latino,Hispanic/Latino,Not Specified,1,Home Purchase,325000,90.0,6.45,1.45,Not Applicable,4210.00,3800.00,410.00,40.00,150.00,30,0,0,0,0,0,0,361000,Site Built,Primary Residence,Other,Other,1,0,78000,33.0,1,1,2,1,Yes,Yes,1,1,1,1,1,1,1,1,35,38,0,0,1,1
2024,50000,18,005,015160,Conventional,Single-Family,Not Hispanic or Latino,White,Male,1,Home Purchase,360000,81.0,6.25,1.95,Not Applicable,4720.00,4200.00,520.00,100.00,100.00,30,0,0,0,0,0,0,445000,Site Built,Primary Residence,Other,Other,1,0,75000,32.0,1,1,1,1,Yes,Yes,1,1,1,1,1,1,1,1,37,33,0,0,1,1
2024,50000,19,013,016170,Conventional,Single-Family,Not Hispanic or Latino,White,Female,1,Home Purchase,310000,79.0,5.90,2.30,Not Applicable,4040.00,3700.00,340.00,50.00,100.00,30,0,0,0,0,0,0,392000,Site Built,Primary Residence,Other,Other,1,0,72000,30.0,1,2,1,1,Yes,No,1,1,1,1,1,1,1,1,29,30,0,0,1,1
2024,50000,20,031,017180,Conventional,Single-Family,Hispanic or Latino,Hispanic/Other,Not Specified,1,Home Purchase,410000,83.0,6.15,1.85,Not Applicable,5350.00,4700.00,650.00,100.00,100.00,30,0,0,0,0,0,0,494000,Site Built,Primary Residence,Other,Other,1,0,69000,34.0,1,1,2,1,No,Yes,1,1,1,1,1,1,1,1,27,31,0,0,1,1
2024,50000,21,019,018190,FHA,Single-Family,Not Hispanic or Latino,White,Male,1,Home Purchase,335000,86.0,6.55,2.35,Not Applicable,4420.00,4000.00,420.00,150.00,50.00,30,0,0,0,0,0,0,390000,Site Built,Primary Residence,Other,Other,1,0,76000,36.0,1,1,1,1,Yes,Yes,1,1,1,1,1,1,1,1,34,36,0,0,1,1
2024,50000,22,045,019200,Conventional,Single-Family,Not Hispanic or Latino,Hispanic or Latino,Not Specified,1,Home Purchase,425000,79.0,6.95,1.25,Not Applicable,5780.00,5100.00,680.00,80.00,100.00,30,0,0,0,0,0,0,540000,Site Built,Primary Residence,Other,Other,1,0,83000,31.0,1,1,2,1,Yes,Yes,1,1,1,1,1,1,1,1,36,39,0,0,1,1
2024,50000,23,001,020210,Conventional,Single-Family,Not Hispanic or Latino,White,Male,1,Home Purchase,375000,82.0,6.05,1.35,Not Applicable,4900.00,4200.00,700.00,0.00,100.00,30,0,0,0,0,0,0,457000,Site Built,Primary Residence,Other,Other,1,0,74000,35.0,1,1,1,1,No,Yes,1,1,1,1,1,1,1,1,33,37,0,0,1,1
2024,50000,24,019,021220,Conventional,Single-Family,Not Hispanic or Latino,White,Female,1,Home Purchase,285000,85.0,5.75,2.55,Not Applicable,3980.00,3600.00,380.00,50.00,100.00,30,0,0,0,0,0,0,335000,Site Built,Primary Residence,Other,Other,1,0,68000,31.0,1,1,1,1,Yes,Yes,1,1,1,1,1,1,1,1,31,32,0,0,1,1
2024,50000,25,003,022230,FHA,Single-Family,Not Hispanic or Latino,White,Male,1,Home Purchase,340000,87.0,6.35,2.05,Not Applicable,4390.00,3900.00,490.00,100.00,100.00,30,0,0,0,0,0,0,390000,Site Built,Primary Residence,Other,Other,1,0,79000,34.0,1,1,1,1,Yes,Yes,1,1,1,1,1,1,1,1,38,33,0,0,1,1
2024,50000,26,083,023240,Conventional,Single-Family,Hispanic or Latino,White,Not Specified,1,Home Purchase,370000,89.0,6.50,1.50,Not Applicable,5280.00,4600.00,680.00,50.00,100.00,30,0,0,0,0,0,0,415000,Site Built,Primary Residence,Other,Other,1,0,62000,36.0,1,1,2,1,Yes,No,1,1,1,1,1,1,1,1,41,40,0,0,1,1
2024,50000,27,021,024250,Conventional,Single-Family,Hispanic or Latino,Hispanic/Other,Not Specified,1,Home Purchase,320000,80.0,7.15,1.55,Not Applicable,4230.00,3750.00,480.00,100.00,100.00,30,0,0,0,0,0,0,400000,Site Built,Primary Residence,Other,Other,1,0,77000,32.0,1,1,2,1,Yes,No,1,1,1,1,1,1,1,1,29,34,0,0,1,1
2024,50000,28,079,025260,Conventional,Single-Family,Not Hispanic or Latino,White,Male,1,Home Purchase,420000,81.0,5.80,1.85,Not Applicable,5450.00,4850.00,600.00,100.00,100.00,30,0,0,0,0,0,0,515000,Site Built,Primary Residence,Other,Other,1,0,78000,33.0,1,1,1,1,Yes,No,1,1,1,1,1,1,1,1,37,35,0,0,1,1
2024,50000,29,007,026270,Conventional,Single-Family,Not Hispanic or Latino,White,Female,1,Home Purchase,350000,79.0,6.70,1.75,Not Applicable,4910.00,4200.00,710.00,100.00,100.00,30,0,0,0,0,0,0,443000,Site Built,Primary Residence,Other,Other,1,0,72000,34.0,1,1,1,1,Yes,Yes,1,1,1,1,1,1,1,1,35,39,0,0,1,1
2024,50000,30,011,027280,Conventional,Single-Family,Not Hispanic or Latino,White,Male,1,Home Purchase,390000,80.0,6.25,2.25,Not Applicable,5060.00,4500.00,560.00,100.00,100.00,30,0,0,0,0,0,0,488000,Site Built,Primary Residence,Other,Other,1,0,85000,35.0,1,1,1,1,No,Yes,1,1,1,1,1,1,1,1,34,41,0,0,1,1
2024,50000,31,005,028290,FHA,Single-Family,Hispanic or Latino,Hispanic/Puerto Rican,Not Specified,1,Home Purchase,345000,86.0,6.40,1.70,Not Applicable,4230.00,4000.00,230.00,100.00,100.00,30,0,0,0,0,0,0,399000,Site Built,Primary Residence,Other,Other,1,0,76000,34.0,1,1,2,1,No,Yes,1,1,1,1,1,1,1,1,33,31,0,0,1,1
2024,50000,32,005,029300,Conventional,Single-Family,Not Hispanic or Latino,White,Male,1,Home Purchase,325000,87.0,5.65,1.85,Not Applicable,4480.00,3700.00,780.00,100.00,100.00,30,0,0,0,0,0,0,373000,Site Built,Primary Residence,Other,Other,1,0,78000,33.0,1,1,1,1,No,Yes,1,1,1,1,1,1,1,1,35,38,0,0,1,1
2024,50000,33,005,030310,Conventional,Single-Family,Not Hispanic or Latino,White,Female,1,Home Purchase,295000,90.0,6.80,1.60,Not Applicable,3870.00,3500.00,370.00,100.00,100.00,30,0,0,0,0,0,0,328000,Site Built,Primary Residence,Other,Other,1,0,67000,31.0,1,2,1,1,Yes,Yes,1,1,1,1,1,1,1,1,28,30,0,0,1,1
2024,50000,34,005,031320,Conventional,Single-Family,Hispanic or Latino,Hispanic/Mexican,Not Specified,1,Home Purchase,310000,82.0,6.35,1.65,Not Applicable,4210.00,3800.00,410.00,50.00,100.00,30,0,0,0,0,0,0,383000,Site Built,Primary Residence,Other,Other,1,0,66000,32.0,1,1,2,1,Yes,Yes,1,1,1,1,1,1,1,1,30,33,0,0,1,1
2024,50000,35,001,032330,Conventional,Single-Family,Not Hispanic or Latino,White,Male,1,Home Purchase,430000,85.0,6.10,1.80,Not Applicable,5780.00,5200.00,580.00,100.00,100.00,30,0,0,0,0,0,0,506000,Site Built,Primary Residence,Other,Other,1,0,82000,34.0,1,1,1,1,Yes,Yes,1,1,1,1,1,1,1,1,39,35,0,0,1,1
2024,50000,36,027,033340,FHA,Single-Family,Not Hispanic or Latino,White,Female,1,Home Purchase,345000,92.0,6.75,1.95,Not Applicable,4680.00,4200.00,480.00,180.00,50.00,30,0,0,0,0,0,0,375000,Site Built,Primary Residence,Other,Other,1,0,63000,33.0,1,2,1,1,Yes,Yes,1,1,1,1,1,1,1,1,36,38,0,0,1,1
2024,50000,37,009,034350,Conventional,Single-Family,Not Hispanic or Latino,White,Male,1,Home Purchase,360000,87.0,6.20,1.85,Not Applicable,4980.00,4300.00,680.00,0.00,100.00,30,0,0,0,0,0,0,405000,Site Built,Primary Residence,Other,Other,1,0,85000,30.0,1,1,1,1,Yes,Yes,1,1,1,1,1,1,1,1,43,34,0,0,1,1
2024,50000,38,011,035360,Conventional,Single-Family,Not Hispanic or Latino,Hispanic or Latino,Not Specified,1,Home Purchase,385000,80.0,6.50,2.05,Not Applicable,5560.00,4900.00,660.00,100.00,100.00,30,0,0,0,0,0,0,481000,Site Built,Primary Residence,Other,Other,1,0,74000,32.0,1,1,2,1,Yes,Yes,1,1,1,1,1,1,1,1,37,35,0,0,1,1
2024,50000,39,001,036370,Conventional,Single-Family,Not Hispanic or Latino,White,Male,1,Home Purchase,280000,84.0,5.85,2.25,Not Applicable,3860.00,3500.00,360.00,0.00,100.00,30,0,0,0,0,0,0,332000,Site Built,Primary Residence,Other,Other,1,0,68000,30.0,1,1,1,1,No,Yes,1,1,1,1,1,1,1,1,32,34,0,0,1,1
2024,50000,40,005,037380,Conventional,Single-Family,Hispanic or Latino,White,Female,1,Home Purchase,395000,85.0,6.55,1.45,Not Applicable,5400.00,4600.00,800.00,120.00,100.00,30,0,0,0,0,0,0,465000,Site Built,Primary Residence,Other,Other,1,0,75000,32.0,1,1,2,1,Yes,Yes,1,1,1,1,1,1,1,1,40,31,0,0,1,1
2024,50000,41,013,038390,FHA,Single-Family,Not Hispanic or Latino,White,Male,1,Home Purchase,315000,93.0,6.60,2.10,Not Applicable,4050.00,3500.00,550.00,0.00,100.00,30,0,0,0,0,0,0,340000,Site Built,Primary Residence,Other,Other,1,0,64000,35.0,1,1,1,1,Yes,Yes,1,1,1,1,1,1,1,1,33,37,0,0,1,1
2024,50000,42,037,039400,Conventional,Single-Family,Hispanic or Latino,Hispanic/Puerto Rican,Not Specified,1,Home Purchase,340000,84.0,6.45,2.05,Not Applicable,4720.00,4300.00,420.00,80.00,100.00,30,0,0,0,0,0,0,405000,Site Built,Primary Residence,Other,Other,1,0,72000,34.0,1,1,2,1,Yes,Yes,1,1,1,1,1,1,1,1,38,35,0,0,1,1
2024,50000,43,025,040410,Conventional,Single-Family,Not Hispanic or Latino,White,Male,
2024,50000,06,075,003001,conventional,1,not hispanic or latinos,white,male,1,1,250000,0.85,4.25,1.25,1,4500,3200,1300,1.5,1300,360,0,0,0,0,0,0,400000,single_family,1,0,0,1,0,75000,35,9,9,1,1,1,1,1,1,2,1,1,1,28,25,0,0,1,1
2024,50000,06,075,003002,fha,2,hispanic,white,female,3,2,300000,0.72,3.85,0.85,0,3200,2100,1100,1.2,1100,360,0,0,0,0,0,0,500000,single_family,1,0,0,1,0,82000,38,8,8,1,1,1,1,1,1,2,1,1,1,32,30,0,0,0,1
2024,50000,06,075,003003,va,3,not hispanic or latinos,black,male,1,3,400000,0.92,4.55,1.55,1,5300,4100,1200,1.8,1200,360,0,0,0,0,0,0,550000,single_family,1,0,0,1,0,95000,40,7,7,1,1,1,1,1,1,2,1,1,1,35,32,0,0,1,1
2024,50000,06,075,003004,conventional,1,not hispanic or latinos,asian,female,1,1,275000,0.78,3.95,0.95,0,3800,2900,900,1.1,900,360,0,0,0,0,0,0,350000,single_family,1,0,0,1,0,65000,32,7,7,1,1,1,1,1,1,2,1,1,1,29,27,0,0,1,1
2024,50000,06,075,003005,fha,2,not hispanic or latinos,hispanic,male,3,2,350000,0.80,4.15,1.15,0,3400,2300,1100,1.3,1100,360,0,0,0,0,0,0,420000,condo,1,0,0,1,0,78000,36,8,8,1,1,1,1,1,1,2,1,1,1,33,31,0,0,1,0
2024,50000,06,075,003006,conventional,3,hispanic,white,female,1,2,200000,0.75,4.05,1.05,1,4200,3100,1100,1.4,1100,360,0,0,0,0,0,0,280000,single_family,1,0,0,1,0,52000,30,9,9,1,1,1,1,1,1,2,1,1,1,31,28,0,0,1,1
2024,50000,06,075,003007,va,1,hispanic,asian,male,1,1,325000,0.70,3.75,0.75,0,3900,2600,1300,1.2,1300,360,0,0,0,0,0,0,450000,single_family,1,0,0,1,0,85000,34,8,8,1,1,1,1,1,1,2,1,1,1,34,30,0,0,1,1
2024,50000,06,075,003008,conventional,2,not hispanic or latinos,white,female,1,3,165000,0.82,4.35,1.35,0,3100,2100,1000,1.0,1000,360,0,0,0,0,0,0,200000,single_family,1,0,0,1,0,68000,31,7,7,1,1,1,1,1,1,2,1,1,1,28,26,0,0,1,1
2024,50000,06,075,003009,fha,3,not hispanic or latinos,black,male,3,1,450000,0.88,4.65,1.65,1,5200,3900,1300,1.6,1300,360,0,0,0,0,0,0,500000,single_family,1,0,0,1,0,98000,39,8,8,1,1,1,1,1,1,2,1,1,1,38,35,0,0,0,1
2024,50000,06,075,003010,conventional,1,not hispanic or latinos,asian,female,1,1,220000,0.74,3.85,0.85,0,3300,2200,1100,1.1,1100,360,0,0,0,0,0,0,300000,single_family,1,0,0,1,0,71000,33,7,7,1,1,1,1,1,1,2,1,1,1,32,29,0,0,1,1
2024,50000,06,075,003011,va,2,hispanic,white,male,1,2,180000,0.85,3.95,0.95,0,3000,2000,1000,1.0,1000,360,0,0,0,0,0,0,210000,single_family,1,0,0,1,0,58000,32,8,8,1,1,1,1,1,1,2,1,1,1,30,27,0,0,1,1
2024,50000,06,075,003012,conventional,3,hispanic,black,female,3,3,280000,0.76,4.25,1.25,1,4000,2800,1200,1.3,1200,360,0,0,0,0,0,0,360000,single_family,1,0,0,1,0,69000,34,7,7,1,1,1,1,1,1,2,1,1,1,34,31,0,0,0,1
2024,50000,06,075,003013,fha,1,not hispanic or latinos,white,male,1,1,300000,0.79,3.75,0.75,0,3200,2300,900,1.1,900,360,0,0,0,0,0,0,380000,condo,1,0,0,1,0,82000,36,8,8,1,1,1,1,1,1,2,1,1,1,26,23,0,0,1,1
2024,50000,06,075,003014,conventional,2,not hispanic or latinos,asian,female,1,2,200000,0.71,3.65,0.65,0,3100,2200,900,1.0,900,360,0,0,0,0,0,0,250000,single_family,1,0,0,1,0,61000,31,7,7,1,1,1,1,1,1,2,1,1,1,33,30,0,0,1,1
2024,50000,06,075,003015,va,3,hispanic,white,male,1,3,375000,0.84,4.45,1.45,1,4300,3100,1200,1.4,1200,360,0,0,0,0,0,0,450000,single_family,1,0,0,1,0,92000,38,7,7,1,1,1,1,1,1,2,1,1,1,31,29,0,0,1,1
2024,50000,06,075,003016,conventional,1,not hispanic or latinos,black,female,3,1,250000,0.78,4.15,1.15,0,3900,2800,1100,1.2,1100,360,0,0,0,0,0,0,320000,single_family,1,0,0,1,0,73000,32,8,8,1,1,1,1,1,1,2,1,1,1,27,25,0,0,0,1
2024,50000,06,075,003017,fha,2,not hispanic or latinos,hispanic,male,1,2,190000,0.75,3.85,0.85,0,3200,2200,1000,1.1,1000,360,0,0,0,0,0,0,240000,single_family,1,0,0,1,0,59000,30,7,7,1,1,1,1,1,1,2,1,1,1,25,23,0,0,1,1
2024,50000,06,075,003018,conventional,3,not hispanic or latinos,white,female,1,1,325000,0.82,4.35,1.35,1,4200,3100,1100,1.3,1100,360,0,0,0,0,0,0,400000,single_family,1,0,0,1,0,88000,35,9,9,1,1,1,1,1,1,2,1,1,1,26,23,0,0,1,1
2024,50000,06,075,003019,va,1,hispanic,asian,male,1,3,450000,0.76,3.95,0.95,0,5100,3700,1400,1.5,1400,360,0,0,0,0,0,0,550000,single_family,1,0,0,1,0,102000,40,8,8,1,1,1,1,1,1,2,1,1,1,32,29,0,0,1,1
2024,50000,06,075,003020,conventional,2,not hispanic or latinos,white,female,1,2,275000,0.71,3.75,0.75,0,3400,2400,1000,1.0,1000,360,0,0,0,0,0,0,350000,single_family,1,0,0,1,0,77000,34,7,7,1,1,1,1,1,1,2,1,1,1,29,27,0,0,1,1
2024,50000,06,075,003021,fha,3,not hispanic or latinos,black,male,3,1,180000,0.80,4.25,1.25,1,3400,2500,900,1.1,900,360,0,0,0,0,0,0,220000,single_family,1,0,0,1,0,54000,31,8,8,1,1,1,1,1,1,2,1,1,1,34,32,0,0,1,0
2024,50000,06,075,003022,conventional,1,hispanic,white,female,1,1,200000,0.79,4.05,1.05,0,3800,2700,1100,1.2,1100,360,0,0,0,0,0,0,260000,single_family,1,0,0,1,0,67000,33,7,7,1,1,1,1,1,1,2,1,1,1,31,28,0,0,1,1
2024,50000,06,075,003023,va,2,not hispanic or latinos,hispanic,male,1,2,350000,0.83,3.85,0.85,0,4100,2800,1300,1.3,1300,360,0,0,0,0,0,0,420000,condo,1,0,0,1,0,95000,37,8,8,1,1,1,1,1,1,2,1,1,1,33,30,0,0,1,1
2024,50000,06,075,003024,conventional,3,not hispanic or latinos,asian,female,1,1,400000,0.76,3.95,0.95,1,5000,3600,1400,1.4,1400,360,0,0,0,0,0,0,500000,single_family,1,0,0,1,0,101000,39,9,9,1,1,1,1,1,1,2,1,1,1,28,25,0,0,1,1
2024,50000,06,075,003025,fha,1,not hispanic or latinos,white,male,1,3,225000,0.75,4.15,1.15,0,3300,2400,900,1.1,900,360,0,0,0,0,0,0,280000,single_family,1,0,0,1,0,70000,32,8,8,1,1,1,1,1,1,2,1,1,1,32,29,0,0,1,1
2024,50000,06,075,003026,conventional,2,hispanic,black,female,1,2,300000,0.72,3.65,0.65,0,3900,2700,1200,1.2,1200,360,0,0,0,0,0,0,360000,single_family,1,0,0,1,0,83000,34,7,7,1,1,1,1,1,1,2,1,1,1,30,27,0,0,1,1
2024,50000,06,075,003027,va,3,hispanic,asian,male,1,1,280000,0.78,4.25,1.25,1,3800,2700,1100,1.3,1100,360,0,0,0,0,0,0,330000,single_family,1,0,0,1,0,79000,35,8,8,1,1,1,1,1,1,2,1,1,1,31,28,0,0,1,1
2024,50000,06,075,003028,conventional,1,not hispanic or latinos,white,female,1,3,160000,0.82,4.35,1.35,0,3100,2200,900,1.0,900,360,0,0,0,0,0,0,200000,single_family,1,0,0,1,0,58000,31,7,7,1,1,1,1,1,1,2,1,1,1,28,26,0,0,1,1
2024,50000,06,075,003029,fha,2,not hispanic or latinos,hispanic,male,3,1,425000,0.85,4.55,1.55,0,5200,3900,1300,1.4,1300,360,0,0,0,0,0,0,500000,single_family,1,0,0,1,0,100000,38,8,8,1,1,1,1,1,1,2,1,1,1,36,33,0,0,0,1
2024,50000,06,075,003030,conventional,3,not hispanic or latinos,asian,female,1,2,330000,0.74,3.85,0.85,0,4000,2900,1100,1.1,1100,360,0,0,0,0,0,0,420000,single_family,1,0,0,1,0,92000,36,7,7,1,1,1,1,1,1,2,1,1,1,29,26,0,0,1,1
2024,50000,06,075,003031,va,1,hispanic,white,male,1,1,250000,0.71,3.75,0.75,1,3500,2400,1100,1.2,1100,360,0,0,0,0,0,0,300000,single_family,1,0,0,1,0,74000,32,8,8,1,1,1,1,1,1,2,1,1,1,33,30,0,0,1,1
2024,50000,06,075,003032,conventional,2,not hispanic or latinos,white,female,1,2,170000,0.78,4.05,1.05,0,3200,2200,1000,1.1,1000,360,0,0,0,0,0,0,220000,single_family,1,0,0,1,0,60000,33,7,7,1,1,1,1,1,1,2,1,1,1,31,28,0,0,1,1
2024,50000,06,075,003033,fha,3,not hispanic or latinos,black,male,1,1,260000,0.79,3.95,0.95,0,3400,2400,1000,1.0,1000,360,0,0,0,0,0,0,320000,single_family,1,0,0,1,0,72000,31,8,8,1,1,1,1,1,1,2,1,1,1,28,25,0,0,1,1
2024,50000,06,075,003034,conventional,1,hispanic,white,female,1,1,290000,0.82,4.45,1.45,1,3900,2800,1100,1.2,1100,360,0,0,0,0,0,0,360000,single_family,1,0,0,1,0,81000,34,7,7,1,1,1,1,1,1,2,1,1,1,29,26,0,0,1,1
2024,50000,06,075,003035,va,2,hispanic,asian,male,3,2,410000,0.75,3.85,0.85,0,5100,3700,1400,1.3,1400,360,0,0,0,0,0,0,500000,single_family,1,0,0,1,0,98000,37,8,8,1,1,1,1,1,1,2,1,1,1,30,27,0,0,0,1
2024,50000,06,075,003036,conventional,3,not hispanic or latinos,white,female,1,3,310000,0.70,3.95,0.95,0,4000,2900,1100,1.1,1100,360,0,0,0,0,0,0,400000,single_family,1,0,0,1,0,84000,35,7,7,1,1,1,1,1,1,2,1,1,1,27,24,0,0,1,1
2024,50000,06,075,003037,fha,1,not hispanic or latinos,black,male,1,2,230000,0.76,4.05,1.05,1,3400,2500,900,1.2,900,360,0,0,0,0,0,0,280000,single_family,1,0,0,1,0,69000,32,8,8,1,1,1,1,1,1,2,1,1,1,31,29,0,0,1,1
2024,50000,06,075,003038,conventional,2,not hispanic or latinos,hispanic,female,1,1,285000,0.79,4.35,1.35,0,3900,2800,1100,1.3,1100,360,0,0,0,0,0,0,350000,single_family,1,0,0,1,0,78000,34,7,7,1,1,1,1,1,1,2,1,1,1,32,29,0,0,1,1
2024,50000,06,075,003039,va,3,not hispanic or latinos,white,male,1,3,355000,0.80,3.75,0.75,0,4500,3300,1200,1.4,1200,360,0,0,0,0,0,0,420000,single_family,1,0,0,1,0,90000,36,8,8,1,1,1,1,1,1,2,1,1,1,33,30,0,0,1,1
2024,50000,06,075,003040,conventional,1,hispanic,asian,female,1,2,190000,0.74,4.15,1.15,1,3800,2800,1000,1.2,1000,360,0,0,0,0,0,0,240000,single_family,1,0,0,1,0,58000,32,7,7,1,1,1,1,1,1,2,1,1,1,26,24,0,0,1,1
2024,50000,06,075,003041,fha,2,not hispanic or latinos,white,male,1,1,300000,0.84,3.95,0.95,0,3300,2300,1000,1.1,1000,360,0,0,0,0,0,0,370000,single_family,1,0,0,1,0,80000,34,7,7,1,1,1,1,1,1,2,1,1,1,27,25,0,0,1,1
2024,50000,06,075,003042,conventional,3,not hispanic or latinos,hispanic,female,1,2,245000,0.78,4.25,1.25,0,3700,2600,1100,1.3,1100,360,0,0,0,0,0,0,300000,single_family,1,0,0,1,0,63000,33,7,7,1,1,1,1,1,1,2,1,1,1,30,27,0,0,1,1
2024,50000,06,075,003043,va,1,not hispanic or latinos,white,male,1,1,185000,0.79,4.05,1.05,1,3600,2600,1000,1.1,1000,360,0,0,0,0,0,0,230000,single_family,1,0,0,1,0,56000,31,8,8,1,1,1,1,1,1,2,1,1,1,29,27,0,0,1,1
2024,50000,06,075,003044,conventional,2,hispanic,black,female,3,2,330000,0.70,3.85,0.85,0,4200,3000,1200,1.2,1200,360,0,0,0,0,0,0,420000,single_family,1,0,0,1,0,87000,35,7,7,1,1,1,1,1,1,2,1,1,1,31,28,0,0,0,1
2024,50000,06,075,003045,fha,3,not hispanic or latinos,asian,male,1,1,265000,0.73,3.75,0.75,0,3900,2800,1100,1.2,1100,360,0,0,0,0,0,0,320000,single_family,1,0,0,1,0,75000,33,7,7,1,1,1,1,1,1,2,1,1,1,28,26,0,0,1,1
2024,50000,06,075,003046,conventional,1,not hispanic or latinos,white,female,1,3,450000,0.82,4.55,1.55
2024,47900,22,041,040001,1,1,1,1,1,1,1,350000,0.83,6.25,2.75,1,15000,10000,3000,1000,1000,360,0,0,0,0,0,0,450000,1,1,2,1,9,1,9,125000,35,1,0,1,1,1,1,1,1,1,1,1,1,1,1,1,1,1,1,1,1,1,1,1,1,1,1,1,1,1,1,1,1,1,1,1,1,1,1,1,1,"Yes",1
2024,47900,22,041,040002,1,1,1,1,1,1,1,425000,0.82,6.75,3.00,1,17000,12000,2500,1500,1000,360,0,0,0,0,0,0,500000,1,1,2,1,5,1,9,150000,32,1,0,1,1,1,1,1,1,1,1,1,1,1,1,1,1,1,1,1,1,1,1,1,1,1,1,1,1,1,1,1,1,1,1,1,1,1,1,1,"Yes",1
2024,47900,22,041,040003,1,1,1,1,1,1,1,375000,0.80,6.50,2.75,1,16000,11500,3200,1200,1000,360,0,0,0,0,0,0,480000,1,1,2,1,5,1,9,130000,33,1,0,1,1,1,1,1,1,1,1,1,1,1,1,1,1,1,1,1,1,1,1,1,1,1,1,1,1,1,1,1,1,1,1,1,1,1,1,1,"Yes",1
2024,47900,22,041,040004,1,1,1,1,2,1,1,450000,0.85,7.00,3.25,1,18000,13000,2800,1200,1000,360,0,0,0,0,0,0,550000,1,2,1,1,5,1,9,160000,30,1,0,1,1,1,1,1,1,1,1,1,1,1,1,1,1,1,1,1,1,1,1,1,1,1,1,1,1,1,1,1,1,1,1,1,1,1,1,1,"Yes",1
2024,47900,22,041,040005,1,1,1,1,2,1,2,325000,0.78,5.75,2.25,1,13000,9000,1800,1000,1000,360,0,0,0,0,0,0,400000,1,1,2,1,7,1,9,110000,29,1,0,1,1,1,1,1,1,1,1,1,1,1,1,1,1,1,1,1,1,1,1,1,1,1,1,1,1,1,1,1,1,1,1,1,1,1,1,1,"Yes",1
2024,47900,22,041,040006,1,1,1,1,2,1,2,380000,0.82,5.50,1.75,1,14000,10500,2200,1000,1000,360,0,0,0,0,0,0,460000,1,1,2,1,5,1,9,125000,30,1,0,1,1,1,1,1,1,1,1,1,1,1,1,1,1,1,1,1,1,1,1,1,1,1,1,1,1,1,1,1,1,1,1,1,1,1,1,1,"Yes",1
2024,47900,22,041,040007,1,1,1,1,2,1,2,435000,0.78,6.00,2.85,1,16500,12500,2800,1000,1000,360,0,0,0,0,0,0,520000,1,1,2,1,5,1,9,140000,31,1,0,1,1,1,1,1,1,1,1,1,1,1,1,1,1,1,1,1,1,1,1,1,1,1,1,1,1,1,1,1,1,1,1,1,1,1,1,1,"Yes",1
2024,47900,22,041,040008,1,1,1,1,1,1,2,320000,0.80,6.25,2.60,1,12500,9000,1800,1000,1000,360,0,0,0,0,0,0,400000,1,1,2,1,3,1,9,100000,28,1,0,1,1,1,1,1,1,1,1,1,1,1,1,1,1,1,1,1,1,1,1,1,1,1,1,1,1,1,1,1,1,1,1,1,1,1,1,1,"Yes",1
2024,47900,22,041,040009,1,1,1,1,1,1,2,350000,0.85,6.50,3.00,1,14000,10500,2000,1000,1000,360,0,0,0,0,0,0,420000,1,1,2,1,5,1,9,115000,29,1,0,1,1,1,1,1,1,1,1,1,1,1,1,1,1,1,1,1,1,1,1,1,1,1,1,1,1,1,1,1,1,1,1,1,1,1,1,1,"Yes",1
2024,47900,22,041,040010,1,1,1,1,1,1,2,400000,0.82,6.25,2.75,1,16000,11500,2500,1000,1000,360,0,0,0,0,0,0,480000,1,1,2,1,7,1,9,130000,31,1,0,1,1,1,1,1,1,1,1,1,1,1,1,1,1,1,1,1,1,1,1,1,1,1,1,1,1,1,1,1,1,1,1,1,1,1,1,1,"Yes",1
2024,47900,22,041,040011,1,1,1,1,2,1,3,280000,0.74,5.50,2.50,1,11000,8000,1600,1000,1000,360,0,0,0,0,0,0,380000,1,1,2,1,5,1,9,90000,29,1,0,1,1,1,1,1,1,1,1,1,1,1,1,1,1,1,1,1,1,1,1,1,1,1,1,1,1,1,1,1,1,1,1,1,1,1,1,1,"Yes",1
2024,47900,22,041,040012,1,1,1,1,2,1,3,450000,0.83,7.25,3.50,1,18000,13000,3000,1000,1000,360,0,0,0,0,0,0,550000,1,1,2,1,9,1,9,150000,33,1,0,1,1,1,1,1,1,1,1,1,1,1,1,1,1,1,1,1,1,1,1,1,1,1,1,1,1,1,1,1,1,1,1,1,1,1,1,1,"Yes",1
2024,47900,22,041,040013,1,1,1,1,2,1,3,360000,0.80,6.50,2.25,1,13500,10000,1500,1000,1000,360,0,0,0,0,0,0,440000,1,2,1,1,5,1,9,120000,31,1,0,1,1,1,1,1,1,1,1,1,1,1,1,1,1,1,1,1,1,1,1,1,1,1,1,1,1,1,1,1,1,1,1,1,1,1,1,1,"Yes",1
2024,47900,22,041,040014,1,1,1,1,1,1,3,420000,0.85,7.00,3.25,1,17000,12500,2800,1000,1000,360,0,0,0,0,0,0,500000,1,1,2,1,5,1,9,140000,32,1,0,1,1,1,1,1,1,1,1,1,1,1,1,1,1,1,1,1,1,1,1,1,1,1,1,1,1,1,1,1,1,1,1,1,1,1,1,1,"Yes",1
2024,47900,22,041,040015,1,1,1,1,1,1,3,370000,0.78,6.25,2.75,1,15000,10000,2200,1000,1000,360,0,0,0,0,0,0,450000,1,1,2,1,5,1,9,125000,30,1,0,1,1,1,1,1,1,1,1,1,1,1,1,1,1,1,1,1,1,1,1,1,1,1,1,1,1,1,1,1,1,1,1,1,1,1,1,1,"Yes",1
2024,47900,22,041,040016,1,1,1,1,2,1,1,410000,0.81,6.75,3.10,1,16500,12000,2500,1000,1000,360,0,0,0,0,0,0,500000,1,1,2,1,5,1,9,130000,33,1,0,1,1,1,1,1,1,1,1,1,1,1,1,1,1,1,1,1,1,1,1,1,1,1,1,1,1,1,1,1,1,1,1,1,1,1,1,1,"Yes",1
2024,47900,22,041,040017,1,1,1,1,2,1,1,390000,0.82,6.50,2.80,1,15000,10000,2400,1000,1000,360,0,0,0,0,0,0,480000,1,1,2,1,5,1,9,120000,32,1,0,1,1,1,1,1,1,1,1,1,1,1,1,1,1,1,1,1,1,1,1,1,1,1,1,1,1,1,1,1,1,1,1,1,1,1,1,1,"Yes",1
2024,47900,22,041,040018,1,1,1,1,2,1,1,375000,0.79,6.25,2.50,1,14500,10000,1800,1000,1000,360,0,0,0,0,0,0,440000,1,1,2,1,6,1,9,115000,31,1,0,1,1,1,1,1,1,1,1,1,1,1,1,1,1,1,1,1,1,1,1,1,1,1,1,1,1,1,1,1,1,1,1,1,1,1,1,1,"Yes",1
2024,47900,22,041,040019,1,1,1,1,1,1,1,440000,0.85,6.75,2.90,1,17500,13000,2300,1000,1000,360,0,0,0,0,0,0,540000,1,1,2,1,5,1,9,140000,33,1,0,1,1,1,1,1,1,1,1,1,1,1,1,1,1,1,1,1,1,1,1,1,1,1,1,1,1,1,1,1,1,1,1,1,1,1,1,1,"Yes",1
2024,47900,22,041,040020,1,1,1,1,1,1,1,360000,0.82,6.25,2.65,1,14000,10000,2000,1000,1000,360,0,0,0,0,0,0,430000,1,2,1,1,5,1,9,120000,30,1,0,1,1,1,1,1,1,1,1,1,1,1,1,1,1,1,1,1,1,1,1,1,1,1,1,1,1,1,1,1,1,1,1,1,1,1,1,1,"Yes",1
2024,47900,22,041,040021,1,1,1,1,2,1,2,330000,0.76,5.75,2.20,1,13000,9000,1800,1000,1000,360,0,0,0,0,0,0,410000,1,1,2,1,8,1,9,100000,29,1,0,1,1,1,1,1,1,1,1,1,1,1,1,1,1,1,1,1,1,1,1,1,1,1,1,1,1,1,1,1,1,1,1,1,1,1,1,1,"Yes",1
2024,47900,22,041,040022,1,1,1,1,2,1,2,410000,0.81,6.75,3.10,1,16000,11000,2500,1000,1000,360,0,0,0,0,0,0,500000,1,1,2,1,7,1,9,130000,32,1,0,1,1,1,1,1,1,1,1,1,1,1,1,1,1,1,1,1,1,1,1,1,1,1,1,1,1,1,1,1,1,1,1,1,1,1,1,1,"Yes",1
2024,47900,22,041,040023,1,1,1,1,1,1,2,380000,0.80,6.50,2.75,1,14500,10000,2200,1000,1000,360,0,0,0,0,0,0,460000,1,1,2,1,5,1,9,120000,29,1,0,1,1,1,1,1,1,1,1,1,1,1,1,1,1,1,1,1,1,1,1,1,1,1,1,1,1,1,1,1,1,1,1,1,1,1,1,1,"Yes",1
2024,47900,22,041,040024,1,1,1,1,1,1,2,405000,0.82,6.50,2.90,1,16000,11500,2800,1000,1000,360,0,0,0,0,0,0,480000,1,1,2,1,5,1,9,125000,30,1,0,1,1,1,1,1,1,1,1,1,1,1,1,1,1,1,1,1,1,1,1,1,1,1,1,1,1,1,1,1,1,1,1,1,1,1,1,1,"Yes",1
2024,47900,22,041,040025,1,1,1,1,2,1,3,340000,0.80,7.00,3.10,1,17000,12000,2200,1000,1000,360,0,0,0,0,0,0,420000,1,1,2,1,5,1,9,110000,32,1,0,1,1,1,1,1,1,1,1,1,1,1,1,1,1,1,1,1,1,1,1,1,1,1,1,1,1,1,1,1,1,1,1,1,1,1,1,1,"Yes",1
2024,47900,22,041,040026,1,1,1,1,2,1,3,390000,0.78,5.75,2.45,1,13500,9500,2000,1000,1000,360,0,0,0,0,0,0,480000,1,1,2,1,5,1,9,120000,28,1,0,1,1,1,1,1,1,1,1,1,1,1,1,1,1,1,1,1,1,1,1,1,1,1,1,1,1,1,1,1,1,1,1,1,1,1,1,1,"Yes",1
2024,47900,22,041,040027,1,1,1,1,1,1,3,370000,0.81,6.00,2.75,1,15000,11000,2100,1000,1000,360,0,0,0,0,0,0,420000,1,1,2,1,5,1,9,115000,31,1,0,1,1,1,1,1,1,1,1,1,1,1,1,1,1,1,1,1,1,1,1,1,1,1,1,1,1,1,1,1,1,1,1,1,1,1,1,1,"Yes",1
2024,47900,22,041,040028,1,1,1,1,1,1,3,400000,0.80,6.50,2.80,1,15500,11000,2200,1000,1000,360,0,0,0,0,0,0,500000,1,1,2,1,5,1,9,125000,31,1,0,1,1,1,1,1,1,1,1,1,1,1,1,1,1,1,1,1,1,1,1,1,1,1,1,1,1,1,1,1,1,1,1,1,1,1,1,1,"Yes",1
2024,47900,22,041,040029,1,1,1,1,2,1,1,360000,0.81,6.25,2.90,1,14500,10000,1500,1000,1000,360,0,0,0,0,0,0,440000,1,1,2,1,5,1,9,110000,33,1,0,1,1,1,1,1,1,1,1,1,1,1,1,1,1,1,1,1,1,1,1,1,1,1,1,1,1,1,1,1,1,1,1,1,1,1,1,1,"Yes",1
2024,47900,22,041,040030,1,1,1,1,2,1,1,440000,0.82,7.25,2.95,1,17000,12000,2800,1000,1000,360,0,0,0,0,0,0,540000,1,1,2,1,5,1,9,145000,32,1,0,1,1,1,1,1,1,1,1,1,1,1,1,1,1,1,1,1,1,1,1,1,1,1,1,1,1,1,1,1,1,1,1,1,1,1,1,1,"Yes",1
2024,47900,22,041,040031,1,1,1,1,1,1,1,420000,0.82,6.50,3.10,1,16000,10000,2100,1000,1000,360,0,0,0,0,0,0,500000,1,1,1,1,5,1,9,130000,30,1,0,1,1,1,1,1,1,1,1,1,1,1,1,1,1,1,1,1,1,1,1,1,1,1,1,1,1,1,1,1,1,1,1,1,1,1,1,1,"Yes",1
2024,47900,22,041,040032,1,1,1,1,1,1,1,380000,0.80,6.25,2.75,1,13000,10000,1500,1000,1000,360,0,0,0,0,0,0,460000,1,1,2,1,5,1,9,120000,30,1,0,1,1,1,1,1,1,1,1,1,1,1,1,1,1,1,1,1,1,1,1,1,1,1,1,1,1,1,1,1,1,1,1,1,1,1,1,1,"Yes",1
2024,47900,22,041,040033,1,1,1,1,2,1,2,330000,0.78,5.75,2.20,1,12000,8000,1800,1000,1000,360,0,0,0,0,0,0,400000,1,1,2,1,5,1,9,100000,29,1,0,1,1,1,1,1,1,1,1,1,1,1,1,1,1,1,1,1,1,1,1,1,1,1,1,1,1,1,1,1,1,1,1,1,1,1,1,1,"Yes",1
2024,47900,22,041,040034,1,1,1,1,2,1,2,450000,0.81,6.75,3.25,1,16000,11500,2500,1000,1000,360,0,0,0,0,0,0,530000,1,1,2,1,5,1,9,140000,30,1,0,1,1,1,1,1,1,1,1,1,1,1,1,1,1,1,1,1,1,1,1,1,1,1,1,1,1,1,1,1,1,1,1,1,1,1,1,1,"Yes",1
2024,47900,22,041,040035,1,1,1,1,1,1,2,340000,0.77,6.00,2.50,1,15000,11000,1800,1000,1000,360,0,0,0,0,0,0,410000,1,1,2,1,7,1,9,110000,29,1,0,1,1,1,1,1,1,1,1,1,1,1,1,1,1,1,1,1,1,1,1,1,1,1,1,1,1,1,1,1,1,1,1,1,1,1,1,1,"Yes",1
2024,47900,22,041,040036,1,1,1,1,1,1,2,415000,0.85,7.00,3.25,1,16000,12000,2800,1000,1000,360,0,0,0,0,0,0,480000,1,1,2,1,5,1,9,125000,31,1,0,1,1,1,1,1,1,1,1,1,1,1,1,1,1,1,1,1,1,1,1,1,1,1,1,1,1,1,1,1,1,1,1,1,1,1,1,1,"Yes",1
2024,47900,22,041,040037,1,1,1
2024,61800,06,075,010000,Conventional,Single-Family,Not Hispanic or Latino,White,Male,1,Home Purchase,350000,0.85,6.25,3.75,0,8500,5500,1500,1.1,2000,360,60,36,0,0,0,0,1800000,Site-Built,Owner-Occupied,NA,NA,1,0,85000,28,840,850,Hispanic or Latino,NA,No,NA,White,NA,Yes,NA,Male,NA,Male,NA,35,NA,0,NA,1,1
2024,61800,06,075,010001,Conventional,Single-Family,Not Hispanic or Latino,White,Male,1,Home Purchase,420000,0.90,6.35,3.85,0,9200,6200,1800,1.3,2500,300,60,24,0,0,0,0,2000000,Site-Built,Owner-Occupied,NA,NA,1,0,92000,32,820,830,Hispanic or Latino,NA,No,NA,White,NA,Yes,NA,Male,NA,Male,NA,42,NA,0,NA,1,1
2024,61800,06,075,010002,FHA,Single-Family,Not Hispanic or Latino,White,Male,1,Home Purchase,280000,0.80,5.75,2.75,0,7800,5200,1500,0.8,2000,360,60,36,0,0,0,0,1400000,Site-Built,Owner-Occupied,NA,NA,1,0,78000,40,780,790,Hispanic or Latino,NA,No,NA,White,NA,Yes,NA,Male,NA,Male,NA,55,NA,0,NA,1,1
2024,61800,06,075,010003,Conventional,Single-Family,Hispanic or Latino,White,Male,1,Home Purchase,380000,0.88,6.00,3.25,0,8900,5800,1600,1.0,2300,360,60,36,0,0,0,0,1500000,Site-Built,Owner-Occupied,NA,NA,1,0,89000,35,790,800,Hispanic or Latino,NA,No,NA,White,NA,Yes,NA,Male,NA,Male,NA,48,NA,0,NA,1,1
2024,61800,06,075,010004,Conventional,Single-Family,Not Hispanic or Latino,White,Male,1,Home Purchase,450000,0.92,6.50,4.00,0,10000,6500,2000,1.5,2000,360,60,36,0,0,0,0,1600000,Site-Built,Owner-Occupied,NA,NA,1,0,100000,38,820,830,Hispanic or Latino,NA,No,NA,White,NA,Yes,NA,Male,NA,Male,NA,52,NA,0,NA,1,1
2024,61800,06,075,010005,FHA,Single-Family,Hispanic or Latino,White,Male,1,Home Purchase,250000,0.75,5.50,2.25,0,7000,4500,1200,0.6,1800,360,60,36,0,0,0,0,1200000,Site-Built,Owner-Occupied,NA,NA,1,0,70000,36,750,760,Hispanic or Latino,NA,No,NA,White,NA,Yes,NA,Male,NA,Male,NA,40,NA,0,NA,1,1
2024,61800,06,075,010006,FHA,Single-Family,Not Hispanic or Latino,White,Female,1,Home Purchase,290000,0.85,5.80,2.30,0,7500,4900,1300,0.7,2000,360,60,36,0,0,0,0,1500000,Site-Built,Owner-Occupied,NA,NA,1,0,75000,34,780,790,Hispanic or Latino,NA,No,NA,White,NA,Yes,NA,Female,NA,Female,NA,42,NA,0,NA,1,1
2024,61800,06,075,010007,VA,Single-Family,Not Hispanic or Latino,White,Male,1,Home Purchase,270000,0.82,6.10,3.60,0,8000,5000,1500,1.0,2500,360,60,48,0,0,0,0,1700000,Site-Built,Owner-Occupied,NA,NA,1,0,80000,30,800,810,Hispanic or Latino,NA,No,NA,White,NA,Yes,NA,Male,NA,Male,NA,38,NA,0,NA,1,1
2024,61800,06,075,010008,Conventional,Single-Family,Not Hispanic or Latino,White,Male,1,Home Purchase,410000,0.91,6.40,3.90,0,9500,6000,1800,1.2,2300,360,60,36,0,0,0,0,1900000,Site-Built,Owner-Occupied,NA,NA,1,0,95000,36,820,830,Hispanic or Latino,NA,No,NA,White,NA,Yes,NA,Male,NA,Male,NA,58,NA,0,NA,1,1
2024,61800,06,075,010009,Conventional,Single-Family,Hispanic or Latino,White,Female,1,Home Purchase,360000,0.87,6.15,3.65,0,8700,5700,1700,1.1,2000,360,60,36,0,0,0,0,1800000,Site-Built,Owner-Occupied,NA,NA,1,0,87000,32,790,800,Hispanic or Latino,NA,No,NA,White,NA,Yes,NA,Female,NA,Female,NA,45,NA,0,NA,1,1
2024,61800,06,075,010010,Conventional,Single-Family,Not Hispanic or Latino,White,Male,1,Home Purchase,370000,0.89,6.20,3.70,0,9000,5800,1600,1.0,2400,360,60,36,0,0,0,0,1400000,Site-Built,Owner-Occupied,NA,NA,1,0,90000,36,820,830,Hispanic or Latino,NA,No,NA,White,NA,Yes,NA,Male,NA,Male,NA,60,NA,0,NA,1,1
2024,61800,06,075,010011,Conventional,Single-Family,Asian,Male,Asian,1,Home Purchase,430000,0.90,6.30,3.80,0,10000,6500,1900,1.4,2000,360,60,36,0,0,0,0,1600000,Site-Built,Owner-Occupied,NA,NA,1,0,100000,28,830,840,Hispanic or Latino,NA,No,NA,White,NA,YES,NA,Male,NA,Male,NA,34,NA,0,NA,1,1
2024,61800,06,075,010012,FHA,Single-Family,Not Hispanic or Latino,White,Female,1,Home Purchase,260000,0.80,5.60,2.60,0,7200,4600,1300,0.6,2000,360,60,36,0,0,0,0,1300000,Site-Built,Owner-Occupied,NA,NA,1,0,72000,38,760,770,Hispanic or Latino,NA,No,NA,White,NA,YES,NA,Female,NA,Female,NA,44,NA,0,NA,1,1
2024,61800,06,075,010013,Conventional,Single-Family,Not Hispanic or Latino,White,Male,1,Home Purchase,450000,0.92,6.55,4.05,0,10500,6700,2100,1.6,2000,360,60,36,0,0,0,0,1900000,Site-Built,Owner-Occupied,NA,NA,1,0,105000,40,820,830,Hispanic or Latino,NA,No,NA,White,NA,Y,NA,Male,NA,Male,NA,62,NA,0,NA,1,1
2024,61800,06,075,010014,VACell,Single-Family,Hispanic or Latino,White,Male,1,Home Purchase,270000,0.78,5.70,2.70,0,7800,5000,1500,1.0,1500,360,60,36,0,0,0,0,1400000,Site-Built,Owner-Occupied,NA,NA,1,0,78000,32,750,760,Hispanic or Latino,NA,No,NA,White,NA,YES,NA,Male,NA,Male,NA,36,NA,0,NA,1,1
2024,61800,06,075,010015,Conventional,Single-Family,Not Hispanic or Latino,White,Male,1,Home Purchase,390000,0.87,6.35,3.85,0,9200,5900,1700,1.2,2500,360,60,36,0,0,0,0,1700000,Site-Built,Owner-Occupied,NA,NA,1,0,92000,29,820,820,Hispanic or Latino,NA,No,NA,White,NA,Y,NA,Male,NA,Male,NA,49,NA,0,NA,1,1
2024,61800,06,075,010016,FHA,Single-Family,Not Hispanic or Latino,White,Male,1,Home Purchase,250000,0.80,5.75,2.75,0,7500,4800,1400,1.1,2000,360,60,36,0,0,0,0,1200000,Site-Built,Owner-Occupied,NA,NA,1,0,75000,35,780,790,Hispanic or Latino,NA,No,NA,White,NA,Y,NA,Male,NA,Male,NA,57,NA,0,NA,1,1
2024,61800,06,075,010017,Conventional,Single-Family,Not Hispanic or Latino,White,Female,1,Home Purchase,400000,0.91,6.25,3.75,0,9000,5700,1800,1.0,2000,360,60,36,0,0,0,0,1600000,Site-Built,Owner-Occupied,NA,NA,1,0,90000,32,810,810,Hispanic or Latino,NA,No,NA,White,NA,Y,NA,Female,NA,Female,NA,32,NA,0,NA,1,1
2024,61800,06,075,010018,Conventional,Single-Family,Not Hispanic or Latino,White,Male,1,Home Purchase,420000,0.90,6.40,3.90,0,9500,6000,1700,1.1,2000,360,60,36,0,0,0,0,1800000,Site-Built,Owner-Occupied,NA,NA,1,0,95000,36,820,830,Hispanic or Latino,NA,No,NA,White,NA,Y,NA,Male,NA,Male,NA,41,NA,0,NA,1,1
2024,61800,06,075,010019,VA,Single-Family,Hispanic or Latino,White,Male,1,Home Purchase,280000,0.78,5.85,2.85,0,7900,5100,1500,1.0,1800,360,60,36,0,0,0,0,1300000,Site-Built,Owner-Occupied,NA,NA,1,0,79000,34,770,780,Hispanic or Latino,NA,No,NA,White,NA,Y,NA,Male,NA,Male,NA,56,NA,0,NA,1,1
2024,61800,06,075,010020,Conventional,Single-Family,Not Hispanic or Latino,White,Female,1,Home Purchase,350000,0.86,6.15,3.65,0,9000,5800,1600,0.8,2000,360,60,36,0,0,0,0,1500000,Site-Built,Owner-Occupied,NA,NA,1,0,90000,28,800,810,Hispanic or Latino,NA,No,NA,White,NA,Y,NA,Female,NA,Female,NA,37,NA,0,NA,1,1
2024,61800,06,075,010021,Conventional,Single-Family,Not Hispanic or Latino,White,Female,1,Home Purchase,440000,0.92,6.45,3.95,0,10200,6600,2000,1.3,2500,360,60,36,0,0,0,0,1900000,Site-Built,Owner-Occupied,NA,NA,1,0,102000,36,830,830,Hispanic or Latino,NA,No,NA,White,NA,Y,NA,Female,NA,Female,NA,53,NA,0,NA,1,1
2024,61800,06,075,010022,FHA,Single-Family,Not Hispanic or Latino,White,Male,1,Home Purchase,295000,0.85,5.85,2.85,0,7600,4900,1400,0.7,2300,360,60,36,0,0,0,0,1500000,Site-Built,Owner-Occupied,NA,NA,1,0,76000,34,780,790,Hispanic or Latino,NA,No,NA,White,NA,Y,NA,Male,NA,Male,NA,55,NA,0,NA,1,1
2024,61800,06,075,010023,Conventional,Single-Family,Not Hispanic or Latino,White,Male,1,Home Purchase,380000,0.88,6.20,3.70,0,8900,5700,1700,1.2,2000,360,60,36,0,0,0,0,1700000,Site-Built,Owner-Occupied,NA,NA,1,0,89000,29,820,830,Hispanic or Latino,NA,No,NA,White,NA,Y,NA,Male,NA,Male,NA,39,NA,0,NA,1,1
2024,61800,06,075,010024,VA,Single-Family,Hispanic or Latino,White,Male,1,Home Purchase,270000,0.78,5.90,2.90,0,7800,5000,1300,1.0,1500,360,60,36,0,0,0,0,1400000,Site-Built,Owner-Occupied,NA,NA,1,0,78000,30,760,770,Hispanic or Latino,NA,No,NA,White,NA,Y,NA,Male,NA,Male,NA,44,NA,0,NA,1,1
2024,61800,06,075,010025,Conventional,Single-Family,Not Hispanic or Latino,White,Female,1,Home Purchase,360000,0.87,6.30,3.80,0,8900,5700,1800,1.0,2000,360,60,36,0,0,0,0,1800000,Site-Built,Owner-Occupied,NA,NA,1,0,89000,32,800,810,Hispanic or Latino,NA,No,NA,White,NA,Y,NA,Female,NA,Female,NA,46,NA,0,NA,1,1
2024,61800,06,075,010026,Conventional,Single-Family,Not Hispanic or Latino,White,Male,1,Home Purchase,410000,0.91,6.40,3.90,0,9700,6200,1800,1.2,2500,360,60,36,0,0,0,0,2000000,Site-Built,Owner-Occupied,NA,NA,1,0,97000,35,820,820,Hispanic or Latino,NA,No,NA,White,NA,Y,NA,Male,NA,Male,NA,51,NA,0,NA,1,1
2024,61800,06,075,010027,FHA,Single-Family,Not Hispanic or Latino,White,Male,1,Home Purchase,260000,0.80,5.70,2.70,0,7000,4500,1200,0.6,1800,360,60,36,0,0,0,0,1300000,Site-Built,Owner-Occupied,NA,NA,1,0,70000,34,760,770,Hispanic or Latino,NA,No,NA,White,NA,Y,NA,Male,NA,Male,NA,40,NA,0,NA,1,1
2024,61800,06,075,010028,Conventional,Single-Family,Not Hispanic or Latino,White,Male,1,Home Purchase,420000,0.90,6.50,4.00,0,10000,6500,1900,1.3,2000,360,60,36,0,0,0,0,1800000,Site-Built,Owner-Occupied,NA,NA,1,0,100000,33,820,830,Hispanic or Latino,NA,No,NA,White,NA,Y,NA,Male,NA,Male,NA,60,NA,0,NA,1,1
2024,61800,06,075,010029,Conventional,Single-Family,Hispanic or Latino,White,Female,1,Home Purchase,370000,0.89,6.35,3.85,0,9000,5800,1700,1.1,2000,360,60,36,0,0,0,0,1600000,Site-Built,Owner-Occupied,NA,NA,1,0,90000,30,810,820,Hispanic or Latino,NA,No,NA,White,NA,Y,NA,Female,NA,Female,NA,52,NA,0,NA,1,1
2024,61800,06,075,010030,VA,Single-Family,Not Hispanic or Latino,White,Male,1,Home Purchase,290000,0.85,6.00,3.50,0,8200,5200,1600,1.1,2000,360,60,48,0,0,0,0,1700000,Site-Built,Owner-Occupied,NA,NA,1,0,82000,36,780,790,Hispanic or Latino,NA,No,NA,White,NA,Y,NA,Male,NA,Male,NA,48,NA,0,NA,1,1
2024,61800,06,075,010031,Conventional,Single-Family,Not Hispanic or Latino,White,Male,1,Home Purchase,380000,0.90,6.35,3.85,0,9100,5900,1700,1.0,2500,360,60,36,0,0,0,0,1500000,Site-Built,Owner-Occupied,NA,NA,1,0,91000,32,830,840,Hispanic or Latino,NA,No,NA,White,NA,Y,NA,Male,NA,Male,NA,58,NA,0,NA,1,1
2024,61800,06,075,010032,FHA,Single-Family,Not Hispanic or Latino,White,Female,1,Home Purchase,280000,0.80,5.65,2.65,0,7300,4700,1300,0.7,1800,360,60,36,0,0,0,0,1400000,Site-Built,Owner-Occupied,NA,NA,1,0,73000,35,770,780,Hispanic or Latino,NA,No,NA,White,NA,Y,NA,Female,NA,Female,NA,43,NA,0,NA,1,1
2024,61800,06,075,010033,Conventional,Single-Family,Hispanic or Latino,White,Male,1,Home Purchase,390000,0.88,6.10,3.60,0,9300,6000,1800,1.1,2000,360,60,36,0,0,0,0,1900000,Site-Built,Owner-Occupied,NA,NA,1,0,93000,32,810,820,Hispanic or Latino,NA,No,NA,White,NA,Y,NA,Male,NA,Male,NA,61,NA,0,NA,1,1
2024,61800,06,075,010034,Conventional,Single-Family,Not Hispanic or Latino,White,Female,1,Home Purchase,450000,0.90,6.30,3.80,0,10200,6700,2000,1.3,2500,360,60,36,0,0,0,0,1700000,Site-Built,Owner-Occupied,NA,NA,1,0,102000,38,830,830,Hispanic or Latino,NA,No,NA,White,NA,Y,NA,Female,NA,Female,NA,35,NA,0,NA,1,1
2024,61800,06,075,010035,FHA,Single-Family,Not Hispanic or Latino,White,Male,1,Home Purchase,270000,0.80,5.80,2.80,0,7200,4600,1300,0.8,1800,360,60,36,0,0,0,0,1300000,Site-Built,Owner-Occupied,NA,NA,1,0,72000,32,760,770,Hispanic or Latino,NA,No,NA,White,NA,Y,NA,Male,NA,Male,NA,59,NA,0,NA,1,1
2024,61800,06,075,010036,Conventional,Single-Family,Hispanic or Latino,White,Male,1,Home Purchase,400000,0.89,6.40,3.90,0,9600,6100,1800,1.2,2000,360,60,36,0,0,0,0,1800000,Site-Built,Owner-Occupied,NA,NA,1,0,96000,34,820,830,Hispanic or Latino,NA,No,NA,White,NA,Y,NA,Male,NA,Male,NA,45,NA,0,NA,1,1
2024,61800,06,075,010037,Conventional,Single-Family,Not Hispanic or Latino,White,Male,1,Home Purchase,430000,0.92,6.50,4.00,0,10200,6400,2000,1.4,2000,360,60,36,0,0,0,0,1900000,Site-Built,Owner-Occupied,NA,NA,1,0,102000,36,830,840,Hispanic or Latino,NA,No,NA,White,NA,Y,NA,Male,NA,Male,NA,50,NA,0,NA,1,1
2024,61800,06,075,010038,FHA,Single-Family,Not Hispanic or Latino,White,Male,1,Home Purchase,260000,0.78,5.75,2.75,0,7200,4600,1200,0.6,2000,360,60,36,0,0,0,0,1200000,Site-Built,Owner-Occupied,NA,NA,1,0,72000,34,760,770,Hispanic or Latino,NA,No,NA,White,NA,Y,NA,Male,NA,Male,NA,49,NA,0,NA,1,1
2024,61800,06,075,010039,Conventional,Single-Family,Not Hispanic or Latino,White,Female,1,Home Purchase,410000,0.91,6.35,3.85,0,9600,6100,1800,1.0,2000,360,60,36,0,0,0,0,1700000,Site-Built,Owner-Occupied,NA,NA,1,0,96000,32,820,830,Hispanic or Latino,NA,No,NA,White,NA,Y,NA,Female,NA,Female,NA,57,NA,0,NA,1,1
2024,61800,06,075,010040,Conventional,Single-Family,Not Hispanic or Latino,White,Male,1,Home Purchase,440000,0.90,6.45,3.95,0,10500,6600,2000,1.2,2500,360,60,36,0,0,0,0,1800000,Site-Built,Owner-Occupied,NA,NA,1,0,105000,32,830,840,Hispanic or Latino,NA,No,NA,White,NA,Y,NA,Male,NA,Male,NA,43,NA,0,NA,1,1
2024,61800,06,075,010041,VACell,
2024,50000,12,031,008101,conventional,1,not Hispanic or Latino,White,Female,1,1,350000,0.75,6.25,2.5,1,2500,1500,800,200,1000,360,0,0,0,0,0,0,500000,S,1,0,0,1,0,150000,45,3,3,1,1,Y,N,1,1,1,1,1,1,1,1,28,32,0,0,1,1
2024,49500,17,061,024301,conventional,1,not Hispanic or Latino,White,Male,1,1,420000,0.80,6.75,2.7,2,3000,1800,900,250,1200,360,0,0,0,0,0,0,600000,S,1,0,0,1,0,225000,35,3,3,1,1,N,N,1,1,1,1,1,1,1,1,35,30,1,0,1,1
2024,54500,21,187,011205,conventional,1,Hispanic or Latino,Hispanic or Latino,Female,1,2,300000,0.85,5.50,2.0,1,2000,1200,700,150,1100,360,0,0,0,0,0,0,400000,S,1,0,0,1,0,100000,40,3,3,1,1,Y,N,1,1,1,1,1,1,25,28,0,0,1,1
2024,48800,06,075,020354,fha,2,not Hispanic or Latino,White,Male,1,1,200000,0.90,4.25,1.5,1,1800,1000,600,100,800,360,0,0,0,0,0,0,350000,B,1,1,1,2,2,80000,30,2,2,1,1,N,N,1,1,1,1,1,1,45,50,0,0,1,1
2024,50900,48,113,001445,fha,2,not Hispanic or Latino,White,Female,1,1,175000,0.85,3.85,1.2,2,1500,800,500,80,600,360,0,0,0,0,0,0,250000,B,1,1,0,1,2,75000,35,2,2,1,1,Y,N,1,1,1,1,1,1,38,40,0,0,1,1
2024,49500,36,085,004102,conventional,1,not Hispanic or Latino,White,Male,1,1,320000,0.78,6.00,2.3,1,2200,1300,700,180,1000,360,0,0,0,0,0,0,500000,S,2,0,0,1,0,180000,42,3,3,1,1,N,N,1,1,1,1,1,1,32,35,0,0,1,1
2024,49500,08,031,006342,conventional,1,not Hispanic or Latino,White,Female,1,2,250000,0.82,5.75,2.0,2,1800,1100,500,120,900,360,0,0,0,0,0,0,400000,S,1,0,0,1,0,120000,38,3,3,1,1,Y,N,1,1,1,1,1,1,45,48,0,0,1,1
2024,51000,09,005,055632,va,1,not Hispanic or Latino,White,Male,1,1,280000,0.75,3.25,1.0,1,1600,900,400,100,800,360,0,0,0,0,0,0,400000,S,1,1,1,2,1,100000,35,2,2,1,1,N,N,1,1,1,1,1,1,62,60,0,0,1,1
2024,46500,12,045,021401,conventional,1,not Hispanic or Latino,White,Female,1,1,210000,0.90,4.00,1.5,1,1700,1000,600,100,800,360,0,0,0,0,0,0,350000,S,1,0,0,1,0,90000,30,3,3,1,1,Y,N,1,1,1,1,1,1,29,31,0,0,1,1
2024,49500,36,059,023430,conventional,1,not Hispanic or Latino,White,Male,1,1,350000,0.80,6.50,2.5,1,2500,1500,800,200,1000,360,0,0,0,0,0,0,500000,S,1,0,0,1,0,140000,40,3,3,1,1,N,N,1,1,1,1,1,1,30,33,0,0,1,1
2024,49500,31,007,011905,conventional,1,Hispanic or Latino,Hispanic or Latino,Female,1,2,220000,0.85,5.00,2.0,2,1600,1000,500,100,700,360,0,0,0,0,0,0,350000,S,1,0,0,1,0,95000,42,3,3,1,1,Y,N,1,1,1,1,1,1,35,38,0,0,1,1
2024,49500,30,027,012504,conventional,1,Hispanic or Latino,Hispanic or Latino,Female,1,1,280000,0.75,6.25,2.5,1,2000,1200,700,150,1000,360,0,0,0,0,0,0,450000,S,1,0,0,1,0,125000,38,3,3,1,1,Y,N,1,1,1,1,1,1,31,34,0,0,1,1
2024,49500,48,113,011506,fha,2,not Hispanic or Latino,White,Male,1,1,190000,0.85,3.75,1.2,1,1600,900,500,100,700,360,0,0,0,0,0,0,300000,B,1,1,0,1,2,65000,32,2,2,1,1,N,N,1,1,1,1,1,1,40,43,0,0,1,1
2024,49500,27,083,012304,conventional,1,not Hispanic or Latino,White,Male,1,1,450000,0.80,6.00,2.3,1,3200,2000,1000,250,1200,360,0,0,0,0,0,0,600000,S,1,0,0,1,0,250000,45,3,3,1,1,N,N,1,1,1,1,1,1,34,36,0,0,1,1
2024,55500,12,031,008901,conventional,1,not Hispanic or Latino,White,Female,1,2,300000,0.78,5.50,2.0,2,2000,1200,700,150,1000,360,0,0,0,0,0,0,450000,S,1,0,0,1,0,100000,38,3,3,1,1,Y,N,1,1,1,1,1,1,33,35,0,0,1,1
2024,50200,48,201,004501,fha,2,not Hispanic or Latino,White,Male,1,1,160000,0.90,3.25,1.0,1,1500,800,400,80,600,360,0,0,0,0,0,0,250000,B,1,1,1,2,1,55000,30,2,2,1,1,N,N,1,1,1,1,1,1,52,48,0,0,1,1
2024,50100,17,053,019021,conventional,1,not Hispanic or Latino,White,Female,1,1,375000,0.75,6.25,2.5,1,2700,1800,900,200,1200,360,0,0,0,0,0,0,550000,S,1,0,0,1,0,160000,42,3,3,1,1,Y,N,1,1,1,1,1,1,36,39,0,0,1,1
2024,49500,21,187,006520,conventional,1,Hispanic or Latino,Hispanic or Latino,Male,1,1,200000,0.75,6.50,2.5,1,1800,1000,600,100,800,360,0,0,0,0,0,0,400000,S,1,0,0,1,0,80000,40,3,3,1,1,N,N,1,1,1,1,1,1,29,31,0,0,1,1
2024,50200,36,059,012592,conventional,1,not Hispanic or Latino,White,Male,1,1,400000,0.82,6.75,2.7,2,2500,1600,800,200,1000,360,0,0,0,0,0,0,550000,S,2,0,0,1,0,180000,43,3,3,1,1,N,N,1,1,1,1,1,1,35,38,0,0,1,1
2024,50100,06,075,007354,conventional,1,not Hispanic or Latino,White,Female,1,2,240000,0.80,5.25,2.0,1,1800,1100,600,120,900,360,0,0,0,0,0,0,350000,S,1,0,0,1,0,100000,35,3,3,1,1,Y,N,1,1,1,1,1,1,41,43,0,0,1,1
2024,49500,30,027,006312,va,1,not Hispanic or Latino,White,Male,1,1,330000,0.75,3.00,1.0,1,1900,1000,500,100,800,360,0,0,0,0,0,0,500000,S,1,1,0,2,1,140000,35,2,2,1,1,N,N,1,1,1,1,1,1,60,62,0,0,1,1
2024,49500,21,187,007805,conventional,1,Hispanic or Latino,Hispanic or Latino,Female,1,1,280000,0.78,5.75,2.0,2,1900,1200,700,120,1000,360,0,0,0,0,0,0,400000,S,1,0,0,1,0,110000,38,3,3,1,1,Y,N,1,1,1,1,1,1,32,35,0,0,1,1
2024,50500,21,187,001473,conventional,1,Hispanic or Latino,Hispanic or Latino,Female,1,1,320000,0.75,6.50,2.5,1,2300,1400,800,180,1000,360,0,0,0,0,0,0,500000,S,1,0,0,1,0,120000,42,3,3,1,1,Y,N,1,1,1,1,1,1,28,30,0,0,1,1
2024,49500,06,055,010112,fha,2,not Hispanic or Latino,White,Male,1,1,180000,0.85,3.50,1.2,1,1600,900,500,100,700,360,0,0,0,0,0,0,300000,B,1,1,0,1,2,60000,30,2,2,1,1,N,N,1,1,1,1,1,1,50,55,0,0,1,1
2024,50900,12,103,002356,conventional,1,not Hispanic or Latino,White,Female,1,2,260000,0.80,5.50,2.0,2,1800,1100,600,120,900,360,0,0,0,0,0,0,400000,S,1,0,0,1,0,100000,35,3,3,1,1,Y,N,1,1,1,1,1,1,27,30,0,0,1,1
2024,50200,36,119,013403,conventional,1,not Hispanic or Latino,White,Male,1,1,380000,0.80,6.00,2.3,2,2400,1500,800,180,1000,360,0,0,0,0,0,0,550000,S,1,0,0,1,0,160000,42,3,3,1,1,N,N,1,1,1,1,1,1,37,39,0,0,1,1
2024,51000,17,033,001514,fha,2,not Hispanic or Latino,White,Male,1,1,170000,0.88,3.75,1.2,1,1500,800,400,80,600,360,0,0,0,0,0,0,280000,B,1,1,0,1,2,75000,30,2,2,1,1,N,N,1,1,1,1,1,1,58,60,0,0,1,1
2024,50100,21,187,008142,conventional,1,Hispanic or Latino,Hispanic or Latino,Female,1,1,270000,0.75,5.75,2.5,1,1800,1100,600,120,900,360,0,0,0,0,0,0,450000,S,1,0,0,1,0,115000,38,3,3,1,1,Y,N,1,1,1,1,1,1,26,29,0,0,1,1
2024,49500,27,003,002311,conventional,1,not Hispanic or Latino,White,Male,1,1,370000,0.78,6.50,2.5,1,2700,1700,1000,200,1200,360,0,0,0,0,0,0,550000,S,1,0,0,1,0,150000,42,3,3,1,1,N,N,1,1,1,1,1,1,34,36,0,0,1,1
2024,50200,09,005,075204,va,1,not Hispanic or Latino,White,Female,1,1,260000,0.70,2.75,1.0,1,1800,1000,500,100,800,360,0,0,0,0,0,0,450000,S,1,1,1,2,1,95000,38,2,2,1,1,N,N,1,1,1,1,1,1,60,58,0,0,1,1
2024,50500,36,059,008110,fha,2,not Hispanic or Latino,White,Male,1,1,190000,0.85,3.25,1.2,1,1600,900,500,100,700,360,0,0,0,0,0,0,300000,B,1,1,0,1,2,65000,30,2,2,1,1,N,N,1,1,1,1,1,1,48,50,0,0,1,1
2024,50900,30,027,007973,conventional,1,not Hispanic or Latino,White,Female,1,2,230000,0.78,5.25,2.0,2,1700,1000,600,100,700,360,0,0,0,0,0,0,350000,S,1,0,0,1,0,95000,35,3,3,1,1,Y,N,1,1,1,1,1,1,37,40,0,0,1,1
2024,50100,31,007,009546,conventional,1,Hispanic or Latino,Hispanic or Latino,Female,1,1,290000,0.75,6.25,2.5,1,2000,1200,700,150,1000,360,0,0,0,0,0,0,450000,S,1,0,0,1,0,110000,38,3,3,1,1,Y,N,1,1,1,1,1,1,31,33,0,0,1,1
2024,00000,36,059,009401,conventional,1,not Hispanic or Latino,White,Male,1,1,320000,0.80,6.00,2.3,2,2200,1400,800,180,1000,360,0,0,0,0,0,0,500000,S,2,0,0,1,0,160000,40,3,3,1,1,N,N,1,1,1,1,1,1,42,44,0,0,1,1
2024,50200,06,075,010304,fha,2,not Hispanic or Latino,White,Female,1,1,180000,0.90,3.00,1.2,1,1500,800,400,80,600,360,0,0,0,0,0,0,300000,B,1,1,0,1,2,60000,30,2,2,1,1,N,N,1,1,1,1,1,1,55,58,0,0,1,1
2024,50100,12,031,021578,conventional,1,not Hispanic or Latino,White,Male,1,1,400000,0.78,6.75,2.7,1,2800,1800,1000,200,1200,360,0,0,0,0,0,0,600000,S,1,0,0,1,0,180000,45,3,3,1,1,N,N,1,1,1,1,1,1,35,38,0,0,1,1
2024,50200,21,187,004532,conventional,1,Hispanic or Latino,Hispanic or Latino,Female,1,2,200000,0.85,5.00,2.0,2,1600,1000,500,100,700,360,0,0,0,0,0,0,350000,S,1,0,0,1,0,85000,40,3,3,1,1,Y,N,1,1,1,1,1,1,34,36,0,0,1,1
2024,50500,48,201,001247,conventional,1,not Hispanic or Latino,White,Male,1,1,350000,0.75,6.25,2.5,1,2500,1500,800,200,1000,360,0,0,0,0,0,0,500000,S,2,0,0,1,0,150000,42,3,3,1,1,N,N,1,1,1,1,1,1,38,40,0,0,1,1
2024,50900,36,119,008555,va,1,not Hispanic or Latino,White,Female,1,1,300000,0.70,2.50,1.0,1,1800,1000,500,100,800,360,0,0,0,0,0,0,450000,S,1,1,0,2,1,100000,38,2,2,1,1,N,N,1,1,1,1,1,1,62,60,0,0,1,1
2024,49500,27,003,015342,fha,2,not Hispanic or Latino,White,Male,1,1,160000,0.88,3.75,1.2,1,1400,800,400,80,600,360,0,0,0,0,0,0,280000,B,1,1,0,1,2,60000,30,2,2,1,1,N,N,1,1,1,1,1,1,52,55,0,0,1,1
2024,50100,30,027,002231,conventional,1,Hispanic or Latino,Hispanic or Latino,Female,1,1,250000,0.75,5.50,2.5,1,1800,1100,600,120,900,360,0,0,0,0,0,0,400000,S,1,0,0,1,0,95000,38,3,3,1,1,Y,N,1,1,1,1,1,1,32,35,0,0,1,1
2024,50200,12,103,008940,conventional,1,not Hispanic or Latino,White,Female,1,2,220000,0.80,5.25,2.0,2,1600,1000,600,100,700,360,0,0,0,0,0,0,350000,S,1,0,0,1,0,90000,35,3,3,1,1,Y,N,1,1,1,1,1,1,40,42,0,0,1,1
2024,50500,36,059,013201,fha,2,not Hispanic or Latino,White,Male,1,1,200000,0.85,3.50,1.2,1,1500,800,400,80,600,360,0,0,0,0,0,0,350000,B,1,1,0,1,2,70000,30,2,2,1,1,N,N,1,1,1,1,1,1,45,48,0,0,1,1
2024,49500,17,033,002212,conventional,1,not Hispanic or Latino,White,Male,1,1,380000,0.78,6.50,2.5,1,2400,1600,800,180,1000,360,0,0,0,0,0,0,550000,S,1,0,0,1,0,180000,43,3,3,1,1,N,N,1,1,1,1,1,1,36,39,0,0,1,1
2024,50900,06,055,001567,conventional,1,not Hispanic or Latino,White,Female,1,1,260000,0.80,5.75,2.0,2,1700,1100,600,120,900,360,0,0,0,0,0,0,400000,S,1,0,0,1,0,100000,35,3,3,1,1,Y,N,1,1,1,1,1,1,39,41,0,0,1,1
2024,50100,31,007,018743,conventional,1,Hispanic or Latino,Hispanic or Latino,Female,1,2,280000,0.80,5.00,2.0,1,1900,1200,700,150,1000,360,0,0,0,0,0,0,450000,S,1,0,0,1,0,120000,38,3,3,1,1,Y,N,1,1,1,1,1,1,33,36,0,0,1,1
2024,50200,21,187,005124,conventional,1,Hispanic or Latino,Hispanic or Latino,Male,1,1,250000,0.75,5.50,2.5,1,1800,1100,600,120,900,360,0,0,0,0,0,0,400000,S,1,0,0,1,0,100000,38,3,3,1,1,N,N,1,1,1,1,1,1,30,32,0,
2024,37300,9,112,428400,Conventional,Single-Family,Not Hispanic or Latino,White,Male,1,Home Purchase,245000,0.72,5.25,2.75,1,4860,3240,1620,1500,1200,360,0,0,No,0,0,0,280000,Site-Built,Owner Occupied,,,1,0,125000,38,8,8,Mexican,Mexican,Yes,Yes,White,White,Yes,Yes,Male,Female,Male,Female,45,38,No,No,Yes,No
2024,37300,9,112,428400,Conventional,Single-Family,Not Hispanic or Latino,White,Male,1,Home Purchase,415000,0.68,4.75,2.45,1,6250,4100,2150,1800,1100,360,0,0,No,0,0,0,480000,Site-Built,Owner Occupied,,,1,0,89000,28,8,8,Caucasian,Caucasian,Yes,Yes,White,White,Yes,Yes,Male,Male,Male,Male,35,32,No,No,Yes,Yes
2024,12080,1,373,532000,Conventional,Single-Family,Hispanic or Latino,Hispanic or Latino,Male,1,Home Purchase,340000,0.75,5.15,3.05,1,5200,3400,1800,1300,1200,360,0,0,No,0,0,0,380000,Site-Built,Owner Occupied,,,1,0,142000,35,8,8,Japanese,Japanese,Yes,Yes,Hispanic,Hispanic,Yes,Yes,Male,Female,Male,Female,42,28,Yes,No,No,No
2024,12080,1,373,532000,Conventional,Single-Family,Hispanic or Latino,Hispanic or Latino,Male,1,Home Purchase,250000,0.72,5.35,3.25,1,3900,2600,1300,1000,900,360,0,0,No,0,0,0,280000,Site-Built,Owner Occupied,,,1,0,98000,32,8,8,Spanish,Spanish,Yes,Yes,Asian,Asian,Yes,Yes,Male,Male,Male,Male,40,42,No,No,Yes,Yes
2024,12080,1,373,532000,FHA,Single-Family,Hispanic or Latino,Hispanic or Latino,Female,1,Home Purchase,175000,0.85,7.25,4.25,0,7500,5000,2500,2000,1300,360,0,0,No,1,0,0,180000,Site-Built,Owner Occupied,,,1,0,101000,42,7,8,Mexican,Mexican,Yes,Yes,Hispanic,Hispanic,Yes,Yes,Female,Female,Female,Female,38,22,No,No,No,No
2024,37300,9,112,428400,FHA,Single-Family,Hispanic or Latino,Hispanic or Latino,Male,2,Home Improvement,140000,0.82,6.85,3.85,0,7200,4800,2400,2000,800,360,0,0,Yes,0,0,0,180000,Site-Built,Owner Occupied,,,1,0,234000,28,6,8,Mexican,Mexican,Yes,Yes,Hispanic,Hispanic,Yes,Yes,Male,Male,Male,Male,50,35,No,No,Yes,Yes
2024,25000,37,41,690000,VA,Single-Family,Asian,Asian,Female,3,Refinance,485000,0.69,5.05,1.85,1,5200,3467,1733,1400,2000,360,0,0,No,0,0,1,620000,Site-Built,Owner Occupied,,,1,0,139000,34,7,8,Chinese,Chinese,Yes,Yes,Asian,Asian,Yes,Yes,Female,Female,Female,Female,49,37,No,No,YEs,Yes
2024,25000,37,41,690000,FHA,Single-Family,Not Hispanic or Latino,White,Female,1,Home Purchase,290000,0.67,4.85,2.15,1,5400,3600,1800,1600,500,360,0,0,No,0,0,0,340000,Site-Built,Owner Occupied,,,1,0,109000,32,8,7,Italian,Italian,Yes,Yes,White,White,Yes,Yes,Female,Female,Female,Female,56,39,No,No,No,Yes
2024,12080,1,373,532000,Conventional,Single-Family,Hispanic or Latino,Hispanic or Latino,Female,1,Home Purchase,380000,0.72,5.40,2.65,1,7400,4933,2467,2200,1300,360,0,0,No,0,0,0,400000,Site-Built,Owner Occupied,,,1,0,132000,29,7,8,Peruvian,Peruvian,Yes,Yes,Hispanic,Hispanic,Yes,Yes,Female,Male,Female,Male,32,45,No,No,No,No
2024,37300,9,112,428400,FHA,Single-Family,Hispanic or Latino,Hispanic or Latino,Female,1,Home Purchase,150000,0.88,5.90,3.20,0,4900,3267,1633,1400,600,360,0,0,No,0,0,0,170000,Site-Built,Owner Occupied,,,1,0,215000,43,6,8,Mexican,Mexican,Yes,Yes,Hispanic,Hispanic,Yes,Yes,Female,Female,Female,Female,25,24,No,No,Yes,Yes
2024,25000,37,41,690000,Conventional,Single-Family,Hispanic or Latino,Hispanic or Latino,Male,1,Home Purchase,298000,0.73,5.75,3.00,1,6100,4067,2033,1800,900,360,0,0,No,0,0,0,360000,Site-Built,Owner Occupied,,,1,0,70000,56,7,8,Venezuelan,Venezuelan,Yes,Yes,Hispanic,Hispanic,Yes,Yes,Male,Male,Male,Male,38,34>No,No,Yes,Yes
2024,37300,9,112,433600,Conventional,Single-Family,Asian,Asian,Male,1,Home Purchase,180000,0.82,6.55,3.55,1,3500,2333,1167,1000,900,360,0,0,No,0,0,0,220000,Site-Built,Owner Occupied,,,1,0,58000,36,7,8,Chinese,Chinese,Yes,Yes,Asian,Asian,Yes,Yes,Male,Male,Male,Male,36,31,No,No,No,Yes
2024,12080,1,373,433600,FHA,Single-Family,Not Hispanic or Latino,White,Female,1,Home Purchase,410000,0.74,4.65,2.30,1,6500,4333,2167,1800,1200,360,0,0,No,1,0,0,580000,Site-Built,Owner Occupied,,,1,0,180000,25,5,7,Caucasian,Caucasian,Yes,Yes,White,White,Yes,Yes,Female,Female,Female,Female,44,33,No,No,Yes,Yes
2024,12080,1,373,433600,VA,Single-Family,Black or African American,Black or African American,Male,2,Home Improvement,285000,0.62,5.80,3.00,1,5600,3733,1867,1500,1200,360,2,0,No,0,0,1,350000,Site-Built,Owner Occupied,,,1,0,215000,30,6,8,African-American,African-American,Yes,Yes,Black,Black,Yes,Yes,Male,Male,Male,Male,34,44,No,No,No,Yes
2024,37300,9,112,433600,Conventional,Single-Family,Not Hispanic or Latino,White,Male,1,Home Purchase,325000,0.71,5.10,2.60,1,5100,3400,1700,1400,800,360,0,0,No,0,0,0,450000,Site-Built,Owner Occupied,,,1,0,89000,35,7,8,Caucasian,Caucasian,Yes,Yes,White,White,Yes,Yes,Male,Male,Male,Male,39,36,No,No,Yes,Yes
2024,25000,37,41,753910,Conventional,Single-Family,Hispanic or Latino,Hispanic or Latino,Male,1,Home Purchase,420000,0.73,5.15,2.90,1,7500,5000,2500,2200,1500,360,0,0,No,0,0,0,490000,Site-Built,Owner Occupied,,,1,0,110000,31,5,8,Mexican,Mexican,Yes,Yes,Hispanic,Hispanic,Yes,Yes,Male,Male,Male,Male,31,28,No,No,Yes,Yes
2024,37300,9,112,433600,FHA,Single-Family,Hispanic or Latino,Hispanic or Latino,Female,1,Home Purchase,145000,0.86,6.30,3.30,0,5600,3733,1867,1600,1200,360,0,0,No,0,0,0,170000,Site-Built,Owner Occupied,,,1,0,98000,45,7,8,Mexican,Mexican,Yes,Yes,Hispanic,Hispanic,Yes,Yes,Female,Female,Female,Female,25,24,No,No,Yes,Yes
2024,37300,9,112,433600,FHA,Single-Family,Hispanic or Latino,Hispanic or Latino,Male,1,Home Purchase,290000,0.75,5.20,2.40,0,3800,2533,1267,1000,900,360,0,0,No,0,0,0,340000,Site-Built,Owner Occupied,,,1,0,190000,33,6,8,Guatemalan,Guatemalan,Yes,Yes,Hispanic,Hispanic,Yes,Yes,Male,Male,Male,Male,37,31,No,No,No,Yes
2024,12080,1,373,433600,Conventional,Single-Family,Hispanic or Latino,Hispanic or Latino,Female,1,Home Purchase,390000,0.77,5.35,2.55,1,5400,3600,1800,1600,900,360,0,0,No,0,0,0,450000,Site-Built,Owner Occupied,,,1,0,119000,30,7,8,Salvadoran,Salvadoran,Yes,Yes,Hispanic,Hispanic,Yes,Yes,Female,Male,Female,Male,32,35,No,No,Yes,Yes
2024,37300,9,112,433600,Conventional,Single-Family,Not Hispanic or Latino,White,Male,1,Home Purchase,310000,0.70,5.50,2.90,1,4900,3267,1633,1300,900,360,0,0,No,0,0,0,450000,Site-Built,Owner Occupied,,,1,0,93000,27,7,7,Caucasian,Caucasian,Yes,Yes,White,White,Yes,Yes,Male,Male,Male,Male,29,41,No,No,Yes,Yes
2024,12080,1,373,433600,Conventional,Single-Family,Asian,Asian,Female,1,Home Purchase,245000,0.78,6.20,3.40,1,4500,3000,1500,1200,900,360,0,0,No,0,0,0,320000,Site-Built,Owner Occupied,,,1,0,160000,42,6,8,Korean,Korean,Yes,Yes,Asian,Asian,Yes,Yes,Female,Male,Female,Male,51,42,No,No,Yes,No
2024,37300,9,112,433600,VA,Single-Family,Black or African American,Black or African American,Male,1,Home Purchase,425000,0.60,4.80,2.10,1,5500,3667,1833,1600,1100,360,0,0,No,0,0,1,500000,Site-Built,Owner Occupied,,,1,0,140000,31,7,7,African-American,African-American,Yes,Yes,Black,Black,Yes,Yes,Male,Male,Male,Male,55,39,No,No,Yes,Yes
2024,25000,37,41,753910,Conventional,Single-Family,Hispanic or Latino,Hispanic or Latino,Male,1,Home Purchase,375000,0.74,5.45,2.75,1,4600,3067,1533,1200,800,360,0,0,No,0,0,0,420000,Site-Built,Owner Occupied,,,1,0,120000,41,6,8,Chilean,Chilean,Yes,Yes,Hispanic,Hispanic,Yes,Yes,Male,Male,Male,Male,39,33,No,No,Yes,Yes
2024,37300,9,112,433600,Conventional,Single-Family,Not Hispanic or Latino,White,Female,1,Home Purchase,395000,0.72,4.90,2.60,1,6200,4133,2067,1800,1200,360,0,0,No,0,0,0,500000,Site-Built,Owner Occupied,,,1,0,101000,35,7,8,Greek,Greek,Yes,Yes,White,White,Yes,Yes,Female,Female,Female,Female,41,38,No,No,Yes,Yes
2024,12080,1,373,433600,FHA,Single-Family,Hispanic or Latino,Hispanic or Latino,Male,2,Home Improvement,150000,0.84,5.95,3.35,0,5000,3333,1667,1500,900,360,0,0,No,0,0,0,180000,Site-Built,Owner Occupied,,,1,0,113000,50,6,8,Mexican,Mexican,Yes,Yes,Hispanic,Hispanic,Yes,Yes,Male,Male,Male,Male,43,42,No,No,Yes,No
2024,37300,9,112,433600,Conventional,Single-Family,Hispanic or Latino,Hispanic or Latino,Male,1,Home Purchase,260000,0.75,5.25,2.80,1,3500,2333,1167,1000,400,360,0,0,No,0,0,0,280000,Site-Built,Owner Occupied,,,1,0,92000,33,8,8,Cuban,Cuban,Yes,Yes,Hispanic,Hispanic,Yes,Yes,Male,Male,Male,Male,34,31,No,No,No,No
2024,25000,37,41,753910,VA,Single-Family,Not Hispanic or Latino,White,Female,1,Home Purchase,280000,0.64,4.35,2.45,1,4200,2800,1400,1100,900,360,0,0,No,0,0,0,320000,Site-Built,Owner Occupied,,,1,0,200000,28,7,7,Irish,Irish,Yes,Yes,White,White,Yes,Yes,Female,Male,Female,Male,57,43,No,No,Yes,No
2024,37300,9,112,433600,Conventional,Single-Family,Black or African American,Black or African American,Male,1,Home Purchase,380000,0.68,4.75,2.15,1,6200,4133,2067,1800,1200,360,0,0,No,0,0,0,480000,Site-Built,Owner Occupied,,,1,0,110000,32,6,8,African-American,African-American,Yes,Yes,Black,Black,Yes,Yes,Male,Male,Male,Male,44,38,No,No,Yes,Yes
2024,12080,1,373,433600,FHA,Single-Family,Not Hispanic or Latino,White,Male,1,Home Purchase,240000,0.74,5.10,2.70,0,4800,3200,1600,1300,1100,360,0,0,No,0,0,0,320000,Site-Built,Owner Occupied,,,1,0,170000,31,7,8,Caucasian,Caucasian,Yes,Yes,White,White,Yes,Yes,Male,Male,Male,Male,50,35,No,No,No,Yes
2024,37300,9,112,433600,FHA,Single-Family,Hispanic or Latino,Hispanic or Latino,Female,1,Home Purchase,230000,0.76,5.45,3.15,0,5200,3467,1733,1400,1100,360,0,0,No,0,0,0,300000,Site-Built,Owner Occupied,,,1,0,100000,32,8,8,Mexican,Mexican,Yes,Yes,Hispanic,Hispanic,Yes,Yes,Female,Female,Female,Female,36,32,No,No,No,Yes
2024,25000,37,41,753910,FHA,Single-Family,Hispanic or Latino,Hispanic or Latino,Male,1,Home Purchase,235000,0.79,6.20,3.20,0,6000,4000,2000,1800,1400,360,0,0,Yes,0,0,0,300000,Site-Built,Owner Occupied,,,1,0,95000,52,6,8,Nicaraguan,Nicaraguan,Yes,Yes,Hispanic,Hispanic,Yes,Yes,Male,Male,Male,Male,32,39,No,No,Yes,Yes
2024,37300,9,112,433600,FHA,Single-Family,Asian,Asian,Female,1,Home Purchase,400000,0.76,6.70,3.50,0,7000,4667,2333,2000,1300,360,0,0,No,0,0,0,500000,Site-Built,Owner Occupied,,,1,0,105000,29,8,8,Japanese,Japanese,Yes,Yes,Asian,Asian,Yes,Yes,Female,Female,Female,Female,37,30,No,No,Yes,Yes
2024,37300,9,112,433600,Va,Single-Family,Not Hispanic or Latino,White,Male,1,Home Purchase,315000,0.73,6.30,2.80,1,6500,4333,2167,1800,1500,360,0,0,No,0,0,0,440000,Site-Built,Owner Occupied,,,1,0,110000,38,7,8,Caucasian,Caucasian,Yes,Yes,White,White,Yes,Yes,Male,Male,Male,Male,49,32,No,No,No,Yes
2024,25000,37,41,753910,FHA,Single-Family,Not Hispanic or Latino,White,Female,1,Home Purchase,290000,0.77,5.65,2.70,0,5800,3867,1933,1600,1200,360,1,0,No,0,0,0,380000,Site-Built,Owner Occupied,,,1,0,148000,31,7,7,Italian,Italian,Yes,Yes,White,White,Yes,Yes,Female,Male,Female,Male,55,38,No,No,Yes,No
2024,12080,1,373,433600,Conventional,Single-Family,Hispanic or Latino,Hispanic or Latino,Female,1,Home Purchase,300000,0.77,5.55,2.65,1,6400,4267,2133,1800,1400,360,0,0,No,0,0,0,320000,Site-Built,Owner Occupied,,,1,0,125000,40,7,8,Mexican,Mexican,Yes,Yes,Hispanic,Hispanic,Yes,Yes,Female,Male,Female,Male,33,39,No,No,Yes,Yes
2024,37300,9,112,433600,Conventional,Single-Family,Hispanic or Latino,Hispanic or Latino,Male,1,Home Purchase,275000,0.75,4.90,2.40,1,4400,2933,1467,1200,900,360,0,0,No,0,0,0,350000,Site-Built,Owner Occupied,,,1,0,130000,34,7,8,Mexican,Mexican,Yes,Yes,Hispanic,Hispanic,Yes,Yes,Male,Male,Male,Male,51,35,No,No,Yes,Yes
2024,12080,1,373,433600,Va,Single-Family,Hispanic or Latino,Hispanic or Latino,Female,1,Home Purchase,255000,0.76,5.35,3.05,1,5600,3733,1867,1600,1200,360,0,0,No,0,0,0,340000,Site-Built,Owner Occupied,,,1,0,90000,34,8,8,Peruvian,Peruvian,Yes,Yes,Hispanic,Hispanic,Yes,Yes,Female,Female,Female,Female,29,24,No,No,No,Yes
2024,37300,9,112,433600,Conventional,Single-Family,Not Hispanic or Latino,White,Male,1,Home Purchase,330000,0.70,5.20,2.85,1,7000,4667,2333,2000,1200,360,0,0,Yes,1,0,0,400000,Site-Built,Owner Occupied,,,1,0,135000,42,7,8,Caucasian,Caucasian,Yes,Yes,White,White,Yes,Yes,Male,Male,Male,Male,43,36,No,No,No,No
2024,25000,37,41,753910,Conventional,Single-Family,Hispanic or Latino,Hispanic or Latino,Male,1,Home Purchase,390000,0.74,5.85,2.90,1,7500,5000,2500,2200,1100,360,0,0,No,0,0,0,450000,Site-Built,Owner Occupied,,,1,0,125000,35,6,8,Puerto Rican,Puerto Rican,Yes,Yes,Hispanic,Hispanic,Yes,Yes,Male,Male,Male,Male,31,41,No,No,Yes,Yes
2024,37300,9,112,433600,FHA,Single-Family,Hispanic or Latino,Hispanic or Latino,Male,1,Home Purchase,278000,0.78,5.75,3.45,0,6200,4133,2067,1800,1200,360,0,0,No,0,0,0,350000,Site-Built,Owner Occupied,,,1,0,68000,38,7,8,Guatemalan,Guatemalan,Yes,Yes,Hispanic,Hispanic,Yes,Yes,Male,Male,Male,Male,47,33,No,No,No,Yes
2024,12080,1,373,433600,Conventional,Single-Family,Black or African American,Black or African American,Male,1,Home Purchase,280000,0.65,4.25,2.15,1,4100,2733,1367,1000,800,360,0,0,No,0,0,0,350000,Site-Built,Owner Occupied,,,1,0,105000,27,6,8,African-American,African-American,Yes,Yes,Black,Black,Yes,Yes,Male,Female,Male,Female,49,42,No,No,Yes,Yes
2024,37300,9,112,433600,FHA,Single-Family,Hispanic or Latino,Hispanic or Latino,Male,1,Home Purchase,240000,0.81,6.50,3.40,0,5300,3533,1767,1400,900,360,0,0,No,0,0,0,300000,Site-Built,Owner Occupied,,,1,0,140000,36,7,8,Guatemalan,Guatemalan,Yes,Yes,Hispanic,Hispanic,Yes,Yes,Male,Male,Male,Male,34,31,No,No,Yes,No
2024,25000,37,41,753910,Conventional,Single-Family,Hispanic or Latino,Hispanic or Latino,Female,1,Home Purchase,320000,0.74,5.80,2.60,1,7000,4667,2333,2000,1300,360,0,0,No,0,0,0,420000,Site-Built,Owner Occupied,,,1,0,120000,33,7,8,Salvadoran,Salvadoran,Yes,Yes,Hispanic,Hispanic,Yes,Yes,Female,Male,Female,Male,38,31,No,No,Yes,Yes
2024,37300,9,112,433600,Conventional,Single-Family,Not Hispanic or Latino,White,Male,1,Home Purchase,350000,0.71,5.45,2.65,1,7200,4800,2400,2000,1200,360,0,0,No,0,0,0,520000,Site-Built,Owner Occupied,,,1,0,130000,26,7,8,Irish,Irish,Yes,Yes,White,White,Yes,Yes,Male,Male,Male,Male,36,31,No,No,Yes,Yes
2024,12080,1,373,433600,FHA,Single-Family,Hispanic or Latino,Hispanic or Latino,Male,1,Home Purchase,230000,0.79,6.10,3.30,0,6100,4067,2033,1800,1100,360,0,0,No,0,0,0,300000,Site-Built,Owner Occupied,,,1,0,103000,34,6,7,Mexican,Mexican,Yes,Yes,Hispanic,Hispanic,Yes,Yes,Male,Male,Male,Male,32,40
2024,32100,31,191,080091,Conventional,Single-family,Hispanic or Latino,White,Male,1,Home purchase,285000,0.72,3.25,0,FALSE,3210,220,300,220,100,360,0,0,FALSE,FALSE,FALSE,FALSE,1.09E+06,Site-built,Primary residence,N/A,N/A,1,0,72000,35,6,6,1,1,1,1,1,1,1,1,1,1,1,1,1,1,1,1,1,1,1,1,1,1,1,1,1,1,1,Y,1,3300,32100,31,191,062021,Conventional,Single-family,Non-Hispanic or Latino,White,Male,1,Home purchase,385000,0.67,3.35,0,FALSE,3620,260,300,260,100,360,0,0,FALSE,FALSE,FALSE,FALSE,1.00E+06,Site-built,Primary residence,N/A,N/A,1,0,86000,32,6,6,1,1,1,1,1,1,1,1,1,1,1,1,1,1,1,1,1,1,1,1,1,1,1,1,1,1,1,Y,1,2500
2024,32100,31,191,062021,Conventional,Single-family,Non-Hispanic or Latino,Asian,Male,1,Home purchase,425000,0.70,3.45,0,FALSE,3875,280,300,280,195,360,0,0,FALSE,FALSE,FALSE,FALSE,1.47E+06,Site-built,Primary residence,N/A,N/A,1,0,98000,28,6,6,1,1,1,1,1,1,1,1,1,1,1,1,1,1,1,1,1,1,1,1,1,1,1,1,1,1,1,Y,1,3500
2024,32100,31,191,062021,Conventional,Single-family,Non-Hispanic or Latino,White,Male,1,Home purchase,146000,0.63,3.05,0,FALSE,2200,150,300,150,100,360,0,0,FALSE,FALSE,FALSE,FALSE,450000,Site-built,Primary residence,N/A,N/A,1,0,70000,45,5,6,1,1,1,1,1,1,1,1,1,1,1,1,1,1,1,1,1,1,1,1,1,1,1,1,1,1,1,Y,1,1300
2024,32100,31,191,080091,Conventional,Single-family,Hispanic or Latino,White,Male,1,Home purchase,322000,0.73,3.20,0,FALSE,3240,220,300,220,100,360,0,0,FALSE,FALSE,FALSE,FALSE,980000,Site-built,Primary residence,N/A,N/A,1,0,98000,37,4,4,1,1,1,1,1,1,1,1,1,1,1,1,1,1,1,1,1,1,1,1,1,1,1,1,1,1,1,Y,1,3500
2024,32100,31,191,080091,Conventional,Single-family,Hispanic or Latino,White,Male,1,Home purchase,387000,0.69,3.30,0,FALSE,3000,200,300,200,100,360,0,0,FALSE,FALSE,FALSE,FALSE,1.07E+06,Site-built,Primary residence,N/A,N/A,1,0,85000,32,6,4,1,1,1,1,1,1,1,1,1,1,1,1,1,1,1,1,1,1,1,1,1,1,1,1,1,1,1,Y,1,3100
2024,10000,48,003,010010,Conventional,Single-family,Non-Hispanic or Latino,White,Male,1,Home purchase,229000,0.75,3.50,0,FALSE,1600,110,200,110,100,360,0,0,FALSE,FALSE,FALSE,FALSE,680000,Site-built,Primary residence,N/A,N/A,1,0,65000,30,5,5,1,1,1,1,1,1,1,1,1,1,1,1,1,1,1,1,1,1,1,1,1,1,1,1,1,1,1,Y,1,1800
2024,32100,31,191,080091,Conventional,Single-family,Hispanic or Latino,White,Male,1,Home purchase,640000,0.78,3.60,0,FALSE,3900,270,300,270,100,360,0,0,FALSE,FALSE,FALSE,FALSE,1.07E+06,Site-built,Primary residence,N/A,N/A,1,0,80000,32,5,5,1,1,1,1,1,1,1,1,1,1,1,1,1,1,1,1,1,1,1,1,1,1,1,1,1,1,1,Y,1,3200
2024,32100,31,191,080091,Conventional,Single-family,Hispanic or Latino,White,Male,1,Home purchase,395000,0.72,4.10,0,FALSE,4210,230,300,230,100,360,0,0,FALSE,FALSE,FALSE,FALSE,1.09E+06,Site-built,Primary residence,N/A,N/A,1,0,92000,35,6,4,1,1,1,1,1,1,1,1,1,1,1,1,1,1,1,1,1,1,1,1,1,1,1,1,1,1,1,Y,1,3800
2024,10000,48,003,010010,Conventional,Single-family,Non-Hispanic or Latino,White,Male,1,Home purchase,400000,0.65,3.25,0,FALSE,3220,220,300,220,100,360,0,0,FALSE,FALSE,FALSE,FALSE,720000,Site-built,Primary residence,N/A,N/A,1,0,89000,33,5,5,1,1,1,1,1,1,1,1,1,1,1,1,1,1,1,1,1,1,1,1,1,1,1,1,1,1,1,Y,1,2800
2024,32100,31,191,080091,Conventional,Single-family,Hispanic or Latino,White,Male,1,Home purchase,410000,0.69,3.70,0,FALSE,3700,250,300,250,100,360,0,0,FALSE,FALSE,FALSE,FALSE,980000,Site-built,Primary residence,N/A,N/A,1,0,85000,31,6,5,1,1,1,1,1,1,1,1,1,1,1,1,1,1,1,1,1,1,1,1,1,1,1,1,1,1,1,Y,1,3400
2024,32100,31,191,080091,Conventional,Single-family,Hispanic or Latino,White,Male,1,Home purchase,425000,0.71,3.10,0,FALSE,3140,210,300,210,100,360,0,0,FALSE,FALSE,FALSE,FALSE,1.01E+06,Site-built,Primary residence,N/A,N/A,1,0,90000,40,6,6,1,1,1,1,1,1,1,1,1,1,1,1,1,1,1,1,1,1,1,1,1,1,1,1,1,1,1,Y,1,3200
2024,32100,31,191,080091,Conventional,Single-family,Hispanic or Latino,White,Male,1,Home purchase,540000,0.75,3.55,0,FALSE,4140,280,300,280,100,360,0,0,FALSE,FALSE,FALSE,FALSE,920000,Site-built,Primary residence,N/A,N/A,1,0,87000,29,5,5,1,1,1,1,1,1,1,1,1,1,1,1,1,1,1,1,1,1,1,1,1,1,1,1,1,1,1,Y,1,3600
2024,32100,31,191,062021,Conventional,Single-family,Non-Hispanic or Latino,Asian,Male,1,Home purchase,365000,0.73,3.45,0,FALSE,3180,220,300,220,100,360,0,0,FALSE,FALSE,FALSE,FALSE,1.02E+06,Site-built,Primary residence,N/A,N/A,1,0,94000,35,5,6,1,1,1,1,1,1,1,1,1,1,1,1,1,1,1,1,1,1,1,1,1,1,1,1,1,1,1,Y,1,3100
2024,32100,31,191,080091,Conventional,Single-family,Hispanic or Latino,White,Male,1,Home purchase,560000,0.80,3.60,0,FALSE,3000,200,300,200,100,360,0,0,FALSE,FALSE,FALSE,FALSE,820000,Site-built,Primary residence,N/A,N/A,1,0,78000,32,4,4,1,1,1,1,1,1,1,1,1,1,1,1,1,1,1,1,1,1,1,1,1,1,1,1,1,1,1,Y,1,2900
2024,10000,48,003,010010,Conventional,Single-family,Non-Hispanic or Latino,White,Male,1,Home purchase,345000,0.66,3.25,0,FALSE,4075,260,300,260,100,360,0,0,FALSE,FALSE,FALSE,FALSE,980000,Site-built,Primary residence,N/A,N/A,1,0,90000,34,6,6,1,1,1,1,1,1,1,1,1,1,1,1,1,1,1,1,1,1,1,1,1,1,1,1,1,1,1,Y,1,3200
2024,32100,31,191,062021,Conventional,Single-family,Non-Hispanic or Latino,White,Male,1,Home purchase,520000,0.75,3.40,0,FALSE,3410,240,300,240,100,360,0,0,FALSE,FALSE,FALSE,FALSE,1.35E+06,Site-built,Primary residence,N/A,N/A,1,0,88000,30,5,5,1,1,1,1,1,1,1,1,1,1,1,1,1,1,1,1,1,1,1,1,1,1,1,1,1,1,1,Y,1,3000
2024,32100,31,191,062021,Conventional,Single-family,Non-Hispanic or Latino,White,Male,1,Home purchase,267000,0.65,3.05,0,FALSE,2280,150,300,150,100,360,0,0,FALSE,FALSE,FALSE,FALSE,650000,Site-built,Primary residence,N/A,N/A,1,0,52000,31,5,5,1,1,1,1,1,1,1,1,1,1,1,1,1,1,1,1,1,1,1,1,1,1,1,1,1,1,1,Y,1,1900
2024,32100,31,191,080091,Conventional,Single-family,Hispanic or Latino,White,Male,1,Home purchase,350000,0.72,3.27,0,FALSE,2800,190,300,190,100,360,0,0,FALSE,FALSE,FALSE,FALSE,870000,Site-built,Primary residence,N/A,N/A,1,0,75000,32,4,5,1,1,1,1,1,1,1,1,1,1,1,1,1,1,1,1,1,1,1,1,1,1,1,1,1,1,1,Y,1,2800
2024,32100,31,191,062021,Conventional,Single-family,Non-Hispanic or Latino,White,Male,1,Home purchase,430000,0.73,3.55,0,FALSE,3990,250,300,250,100,360,0,0,FALSE,FALSE,FALSE,FALSE,950000,Site-built,Primary residence,N/A,N/A,1,0,90000,31,4,6,1,1,1,1,1,1,1,1,1,1,1,1,1,1,1,1,1,1,1,1,1,1,1,1,1,1,1,Y,1,3000
2024,32100,31,191,080091,Conventional,Single-family,Hispanic or Latino,White,Male,1,Home purchase,620000,0.76,3.65,0,FALSE,4230,270,300,270,100,360,0,0,FALSE,FALSE,FALSE,FALSE,1.18E+06,Site-built,Primary residence,N/A,N/A,1,0,88000,30,4,4,1,1,1,1,1,1,1,1,1,1,1,1,1,1,1,1,1,1,1,1,1,1,1,1,1,1,1,Y,1,3600
2024,32100,31,191,080091,Conventional,Single-family,Hispanic or Latino,White,Male,1,Home purchase,254000,0.70,3.35,0,FALSE,2650,175,300,175,100,360,0,0,FALSE,FALSE,FALSE,FALSE,670000,Site-built,Primary residence,N/A,N/A,1,0,60000,31,6,6,1,1,1,1,1,1,1,1,1,1,1,1,1,1,1,1,1,1,1,1,1,1,1,1,1,1,1,Y,1,2100
2024,32100,31,191,080091,Conventional,Single-family,Hispanic or Latino,White,Male,1,Home purchase,550000,0.77,3.80,0,FALSE,3930,270,300,270,100,360,0,0,FALSE,FALSE,FALSE,FALSE,950000,Site-built,Primary residence,N/A,N/A,1,0,75000,37,6,5,1,1,1,1,1,1,1,1,1,1,1,1,1,1,1,1,1,1,1,1,1,1,1,1,1,1,1,Y,1,2900
2024,32100,31,191,062021,Conventional,Single-family,Non-Hispanic or Latino,White,Male,1,Home purchase,325000,0.66,3.05,0,FALSE,2500,170,300,170,100,360,0,0,FALSE,FALSE,FALSE,FALSE,870000,Site-built,Primary residence,N/A,N/A,1,0,77000,33,5,5,1,1,1,1,1,1,1,1,1,1,1,1,1,1,1,1,1,1,1,1,1,1,1,1,1,1,1,Y,1,2200
2024,32100,31,191,080091,Conventional,Single-family,Hispanic or Latino,White,Male,1,Home purchase,660000,0.80,3.70,0,FALSE,4220,280,300,280,100,360,0,0,FALSE,FALSE,FALSE,FALSE,1.23E+06,Site-built,Primary residence,N/A,N/A,1,0,89000,34,6,4,1,1,1,1,1,1,1,1,1,1,1,1,1,1,1,1,1,1,1,1,1,1,1,1,1,1,1,Y,1,3700
2024,10000,48,003,010010,Conventional,Single-family,Non-Hispanic or Latino,White,Male,1,Home purchase,440000,0.66,3.35,0,FALSE,3200,220,300,220,100,360,0,0,FALSE,FALSE,FALSE,FALSE,970000,Site-built,Primary residence,N/A,N/A,1,0,89000,36,5,5,1,1,1,1,1,1,1,1,1,1,1,1,1,1,1,1,1,1,1,1,1,1,1,1,1,1,1,Y,1,3100
2024,32100,31,191,080091,Conventional,Single-family,Hispanic or Latino,White,Male,1,Home purchase,450000,0.71,3.45,0,FALSE,3500,220,300,220,100,360,0,0,FALSE,FALSE,FALSE,FALSE,1.02E+06,Site-built,Primary residence,N/A,N/A,1,0,93000,32,6,6,1,1,1,1,1,1,1,1,1,1,1,1,1,1,1,1,1,1,1,1,1,1,1,1,1,1,1,Y,1,3100
2024,32100,31,191,062021,Conventional,Single-family,Non-Hispanic or Latino,White,Male,1,Home purchase,535000,0.72,3.15,0,FALSE,3430,225,300,225,100,360,0,0,FALSE,FALSE,FALSE,FALSE,1.15E+06,Site-built,Primary residence,N/A,N/A,1,0,90000,30,6,6,1,1,1,1,1,1,1,1,1,1,1,1,1,1,1,1,1,1,1,1,1,1,1,1,1,1,1,Y,1,3100
2024,32100,31,191,080091,Conventional,Single-family,Hispanic or Latino,White,Male,1,Home purchase,475000,0.70,3.55,0,FALSE,3120,210,300,210,100,360,0,0,FALSE,FALSE,FALSE,FALSE,1.08E+06,Site-built,Primary residence,N/A,N/A,1,0,85000,31,5,5,1,1,1,1,1,1,1,1,1,1,1,1,1,1,1,1,1,1,1,1,1,1,1,1,1,1,1,Y,1,3200
2024,10000,48,003,010010,Conventional,Single-family,Non-Hispanic or Latino,White,Male,1,Home purchase,580000,0.78,3.80,0,FALSE,4400,270,300,270,100,360,0,0,FALSE,FALSE,FALSE,FALSE,1.04E+06,Site-built,Primary residence,N/A,N/A,1,0,94000,32,5,5,1,1,1,1,1,1,1,1,1,1,1,1,1,1,1,1,1,1,1,1,1,1,1,1,1,1,1,Y,1,3400
2024,32100,31,191,062021,Conventional,Single-family,Non-Hispanic or Latino,White,Male,1,Home purchase,420000,0.69,3.10,0,FALSE,3800,280,300,280,100,360,0,0,FALSE,FALSE,FALSE,FALSE,870000,Site-built,Primary residence,N/A,N/A,1,0,86000,33,5,5,1,1,1,1,1,1,1,1,1,1,1,1,1,1,1,1,1,1,1,1,1,1,1,1,1,1,1,Y,1,3000
2024,32100,31,191,080091,Conventional,Single-family,Hispanic or Latino,White,Male,1,Home purchase,490000,0.73,3.20,0,FALSE,3100,210,300,210,100,360,0,0,FALSE,FALSE,FALSE,FALSE,990000,Site-built,Primary residence,N/A,N/A,1,0,91000,35,6,6,1,1,1,1,1,1,1,1,1,1,1,1,1,1,1,1,1,1,1,1,1,1,1,1,1,1,1,Y,1,3200
2024,32100,31,191,062021,Conventional,Single-family,Non-Hispanic or Latino,White,Male,1,Home purchase,720000,0.79,3.80,0,FALSE,4700,290,300,290,100,360,0,0,FALSE,FALSE,FALSE,FALSE,1.28E+06,Site-built,Primary residence,N/A,N/A,1,0,93000,33,6,6,1,1,1,1,1,1,1,1,1,1,1,1,1,1,1,1,1,1,1,1,1,1,1,1,1,1,1,Y,1,3300
2024,32100,31,191,080091,Conventional,Single-family,Hispanic or Latino,White,Male,1,Home purchase,650000,0.76,3.45,0,FALSE,4100,270,300,270,100,360,0,0,FALSE,FALSE,FALSE,FALSE,1.12E+06,Site-built,Primary residence,N/A,N/A,1,0,80000,31,5,5,1,1,1,1,1,1,1,1,1,1,1,1,1,1,1,1,1,1,1,1,1,1,1,1,1,1,1,Y,1,2800
2024,10000,48,003,010010,Conventional,Single-family,Non-Hispanic or Latino,White,Male,1,Home purchase,385000,0.67,3.20,0,FALSE,3200,220,300,220,100,360,0,0,FALSE,FALSE,FALSE,FALSE,920000,Site-built,Primary residence,N/A,N/A,1,0,87000,30,5,5,1,1,1,1,1,1,1,1,1,1,1,1,1,1,1,1,1,1,1,1,1,1,1,1,1,1,1,Y,1,3000
2024,32100,31,191,062021,Conventional,Single-family,Non-Hispanic or Latino,White,Male,1,Home purchase,535000,0.74,3.60,0,FALSE,3320,230,300,230,100,360,0,0,FALSE,FALSE,FALSE,FALSE,980000,Site-built,Primary residence,N/A,N/A,1,0,86000,32,6,6,1,1,1,1,1,1,1,1,1,1,1,1,1,1,1,1,1,1,1,1,1,1,1,1,1,1,1,Y,1,3000
2024,32100,31,191,080091,Conventional,Single-family,Hispanic or Latino,White,Male,1,Home purchase,335000,0.69,3.50,0,FALSE,3000,200,300,200,100,360,0,0,FALSE,FALSE,FALSE,FALSE,920000,Site-built,Primary residence,N/A,N/A,1,0,80000,30,6,6,1,1,1,1,1,1,1,1,1,1,1,1,1,1,1,1,1,1,1,1,1,1,1,1,1,1,1,Y,1,2800
2024,32100,31,191,080091,Conventional,Single-family,Hispanic or Latino,White,Male,1,Home purchase,380000,0.70,3.15,0,FALSE,2940,200,300,200,100,360,0,0,FALSE,FALSE,FALSE,FALSE,1.20E+06,Site-built,Primary residence,N/A,N/A,1,0,86000,30,6,5,1,1,1,1,1,1,1,1,1,1,1,1,1,1,1,1,1,1,1,1,1,1,1,1,1,1,1,Y,1,2700
2024,32100,31,191,080091,Conventional,Single-family,Hispanic or Latino,White,Male,1,Home purchase,600000,0.76,3.65,0,FALSE,3790,260,300,260,100,360,0,0,FALSE,FALSE,FALSE,FALSE,870000,Site-built,Primary residence,N/A,N/A,1,0,80000,35,5,5,1,1,1,1,1,1,1,1,1,1,1,1,1,1,1,1,1,1,1,1,1,1,1,1,1,1,1,Y,1,2800
2024,32100,31,191,080091,Conventional,Single-family,Hispanic or Latino,White,Male,1,Home purchase,450000,0.70,3.35,0,FALSE,3900,260,300,26
2024,39540,10,029,075040,Conventional,Single-family,Not Hispanic or Latino,White,Male,1,Home improvement,350000,0.75,6.25,0.75,Not HOEPA,9400,3800,1200,2.0,5400,360,0,0,0,0,0,0,300000,Site-built,Principal residence,NA,NA,1,0,145000,35,2,1,Hispanic or Latino,Not Hispanic or Latino,Yes,No,Asian,White,No,Yes,Female,Male,Yes,No,34,36,0,0,1,1
2024,13140,46,055,010002,Conventional,Single-family,Hispanic or Latino,Unknown,Female,1,Purchase,450000,0.85,5.75,1.15,Not HOEPA,10900,4200,1800,2.5,6700,360,0,0,0,0,0,0,480000,Site-built,Principal residence,NA,NA,1,0,195000,32,2,1,Hispanic or Latino,Hispanic or Latino,Yes,Yes,Unknown,Unknown,No,Yes,Female,Female,Yes,Yes,28,29,0,0,1,1
2024,13140,46,055,010003,Conventional,Single-family,Hispanic or Latino,Other,Female,1,Purchase,425000,0.80,5.50,0.90,Not HOEPA,8700,3200,1500,2.0,5500,360,0,0,0,0,0,0,450000,Site-built,Principal residence,NA,NA,1,0,210000,28,1,1,Hispanic or Latino,Hispanic or Latino,Yes,Yes,Other,Other,No,Yes,Female,Female,Yes,Yes,31,32,0,0,1,1
2024,39540,10,029,075030,Conventional,Single-family,Not Hispanic or Latino,White,Male,1,Purchase,550000,0.82,6.50,0.90,Not HOEPA,13000,5100,2000,2.3,7900,360,0,0,0,0,0,0,630000,Site-built,Principal residence,NA,NA,1,0,245000,30,2,2,Hispanic or Latino,Not Hispanic or Latino,Yes,Yes,White,White,Yes,No,Male,Male,Yes,No,38,39,0,0,1,1
2024,31080,34,007,032400,FHA,Single-family,Not Hispanic or Latino,Black,Female,1,Purchase,250000,0.90,7.25,0.75,HOEPA,6200,2800,1200,1.6,3400,360,0,0,0,0,0,0,280000,Site-built,Principal residence,NA,NA,1,0,95000,40,3,1,Hispanic or Latino,Not Hispanic or Latino,Yes,No,Black,Black,No,Yes,Women,Women,Yes,Yes,42,45,0,0,1,1
2024,50000,29,085,004000,Conventional,Single-family,Not Hispanic or Latino,White,Male,1,Home improvement,325000,0.70,5.25,0.45,Not HOEPA,8100,3000,1100,1.9,5100,360,0,0,0,0,0,0,375000,Site-built,Principal residence,NA,NA,1,0,150000,35,2,1,Hispanic or Latino,Not Hispanic or Latino,Yes,Yes,White,White,Yes,Yes,Male,Male,Yes,No,35,37,0,0,1,1
2024,39540,10,029,075020,Conventional,Single-family,Not Hispanic or Latino,White,Male,1,Purchase,675000,0.78,6.80,1.20,Not HOEPA,17200,6500,2100,2.5,10700,360,0,0,0,0,0,0,750000,Site-built,Principal residence,NA,NA,1,0,275000,29,3,2,Hispanic or Latino,Not Hispanic or Latino,Yes,No,White,White,Yes,Yes,Male,Male,Yes,Yes,29,31,0,0,1,1
2024,45680,25,001,021500,FHA,Single-family,Not Hispanic or Latino,Hispanic or Latino,Male,1,Purchase,210000,0.78,6.75,1.00,HOEPA,5100,2300,1000,0.7,2800,360,0,0,0,0,0,0,280000,Site-built,Principal residence,NA,NA,1,0,85000,32,2,1,Hispanic or Latino,Not Hispanic or Latino,Yes,True,White,White,No,Yes,Male,Male,Yes,True,38,35,0,0,1,1
2024,50000,29,085,004001,VA,Single-family,Not Hispanic or Latino,White,Male,1,Purchase,525000,0.80,5.90,0.60,Not HOEPA,10500,3500,1600,2.0,7000,360,0,0,0,0,0,0,680000,Site-built,Principal residence,NA,NA,1,0,220000,28,2,1,Hispanic or Latino,Not Hispanic or Latino,Yes,Yes,White,White,Yes,Yes,Male,Male,Yes,No,40,42,0,0,1,1
2024,13140,46,055,010004,Conventional,Single-family,Not Hispanic or Latino,White,Male,1,Purchase,595000,0.75,6.25,0.75,Not HOEPA,11500,4500,1800,2.2,7000,360,0,0,0,0,0,0,680000,Site-built,Principal residence,NA,NA,1,0,320000,30,2,1,Hispanic or Latino,Not Hispanic or Latino,Yes,Yes,White,White,Yes,No,Male,Male,Yes,No,32,35,0,0,1,1
2024,50000,29,085,004002,Conventional,Single-family,Not Hispanic or Latino,Not Hispanic or Latino,White,Female,1,Purchase,410000,0.82,5.80,0.80,Not HOEPA,9300,3700,1400,2.1,5600,360,0,0,0,0,0,0,480000,Site-built,Principal residence,NA,NA,1,0,180000,32,2,1,Hispanic or Latino,Not Hispanic or Latino,Yes,Yes,White,White,Yes,Yes,Female,Female,Yes,No,37,39,0,0,1,1
2024,39540,10,029,075031,Conventional,Single-family,Not Hispanic or Latino,White,Male,1,Home improvement,380000,0.80,6.40,0.80,Not HOEPA,10000,4100,1600,2.2,5900,360,0,0,0,0,0,0,390000,Site-built,Principal residence,NA,NA,1,0,160000,34,2,1,Hispanic or Latino,Not Hispanic or Latino,Yes,Yes,White,White,Yes,No,Male,Male,Yes,No,34,41,0,0,1,1
2024,45680,25,001,021501,FHA,Single-family,Not Hispanic or Latino,Hispanic or Latino,Male,1,Purchase,225000,0.90,7.00,1.10,HOEPA,5500,2500,1100,0.8,3000,360,0,0,0,0,0,0,300000,Site-built,Principal residence,NA,NA,1,0,90000,35,2,1,Hispanic or Latino,Not Hispanic or Latino,Yes,True,White,White,No,Yes,Male,Male,Yes,True,39,36,0,0,1,1
2024,13140,46,055,010005,Conventional,Single-family,Not Hispanic or Latino,White,Female,1,Purchase,550000,0.85,6.25,0.75,Not HOEPA,11000,4000,1600,2.0,7000,360,0,0,0,0,0,0,620000,Site-built,Principal residence,NA,NA,1,0,235000,30,3,2,Hispanic or Latino,Not Hispanic or Latino,Yes,Yes,White,White,Yes,No,Female,Female,Yes,No,38,36,0,0,1,1
2024,50000,29,085,004003,Conventional,Single-family,Not Hispanic or Latino,White,Male,1,Home improvement,295000,0.75,5.50,0.55,Not HOEPA,7200,2900,1100,1.8,4300,360,0,0,0,0,0,0,320000,Site-built,Principal residence,NA,NA,1,0,130000,33,2,1,Hispanic or Latino,Not Hispanic or Latino,Yes,True,White,White,Yes,Yes,Male,Male,Yes,No,30,31,0,0,1,1
2024,39540,10,029,075021,Conventional,Single-family,Not Hispanic or Latino,White,Male,1,Purchase,625000,0.84,6.90,1.05,Not HOEPA,14500,5200,2200,2.4,8300,360,0,0,0,0,0,0,720000,Site-built,Principal residence,NA,NA,1,0,250000,28,2,1,Hispanic or Latino,Not Hispanic or Latino,Yes,Yes,White,White,Yes,No,Male,Male,Yes,No,37,40,0,0,1,1
2024,45680,25,001,021502,FHA,Single-family,Not Hispanic or Latino,Hispanic or Latino,Female,1,Purchase,300000,0.88,6.50,0.90,HOEPA,6800,3000,1200,1.4,3800,360,0,0,0,0,0,0,350000,Site-built,Principal residence,NA,NA,1,0,120000,34,2,1,Hispanic or Latino,Not Hispanic or Latino,Yes,True,White,White,No,Yes,Female,Female,Yes,True,31,29,0,0,1,1
2024,13140,46,055,010006,Conventional,Single-family,Not Hispanic or Latino,White,Male,1,Purchase,575000,0.78,6.00,0.70,Not HOEPA,11200,4300,1700,2.1,6900,360,0,0,0,0,0,0,670000,Site-built,Principal residence,NA,NA,1,0,240000,29,3,2,Hispanic or Latino,Not Hispanic or Latino,Yes,Yes,White,White,Yes,No,Male,Male,Yes,No,33,35,0,0,1,1
2024,50000,29,085,004004,Conventional,Single-family,Not Hispanic or Latino,White,Female,1,Purchase,435000,0.83,5.85,0.85,Not HOEPA,9600,3800,1300,2.0,5800,360,0,0,0,0,0,0,500000,Site-built,Principal residence,NA,NA,1,0,185000,31,2,1,Hispanic or Latino,Not Hispanic or Latino,Yes,Yes,White,White,Yes,Yes,Female,Female,Yes,No,32,34,0,0,1,1
2024,39540,10,029,075032,Conventional,Single-family,Not Hispanic or Latino,White,Male,1,Home improvement,365000,0.77,5.90,0.80,Not HOEPA,9100,3600,1100,2.1,5500,360,0,0,0,0,0,0,420000,Site-built,Principal residence,NA,NA,1,0,155000,33,2,1,Hispanic or Latino,Not Hispanic or Latino,Yes,Yes,White,White,Yes,No,Male,Male,Yes,No,36,38,0,0,1,1
2024,13140,46,055,010007,Conventional,Single-family,Not Hispanic or Latino,White,Female,1,Purchase,520000,0.82,6.35,0.95,Not HOEPA,10800,4100,1600,2.0,6700,360,0,0,0,0,0,0,600000,Site-built,Principal residence,NA,NA,1,0,225000,30,3,2,Hispanic or Latino,Not Hispanic or Latino,Yes,Yes,White,White,Yes,No,Female,Female,Yes,No,34,36,0,0,1,1
2024,50000,29,085,004005,Conventional,Single-family,Not Hispanic or Latino,White,Male,1,Home improvement,310000,0.73,5.65,0.65,Not HOEPA,8200,3100,1100,1.9,5100,360,0,0,0,0,0,0,410000,Site-built,Principal residence,NA,NA,1,0,135000,32,2,1,Hispanic or Latino,Not Hispanic or Latino,Yes,True,White,White,Yes,Yes,Male,Male,Yes,No,28,30,0,0,1,1
2024,39540,10,029,075022,Conventional,Single-family,Not Hispanic or Latino,White,Male,1,Purchase,635000,0.80,6.75,1.00,Not HOEPA,14200,5000,2100,2.3,9100,360,0,0,0,0,0,0,750000,Site-built,Principal residence,NA,NA,1,0,255000,28,2,1,Hispanic or Latino,Not Hispanic or Latino,Yes,Yes,White,White,Yes,No,Male,Male,Yes,No,35,37,0,0,1,1
2024,45680,25,001,021503,FHA,Single-family,Not Hispanic or Latino,Hispanic or Latino,Male,1,Purchase,275000,0.88,7.50,1.20,HOEPA,6500,2600,1200,0.9,3900,360,0,0,0,0,0,0,320000,Site-built,Principal residence,NA,NA,1,0,110000,36,2,1,Hispanic or Latino,Not Hispanic or Latino,Yes,True,White,White,No,Yes,Male,Male,Yes,True,36,33,0,0,1,1
2024,13140,46,055,010008,Conventional,Single-family,Not Hispanic or Latino,White,Female,1,Purchase,500000,0.84,6.10,0.75,Not HOEPA,10400,4000,1500,2.0,6400,360,0,0,0,0,0,0,620000,Site-built,Principal residence,NA,NA,1,0,215000,29,3,2,Hispanic or Latino,Not Hispanic or Latino,Yes,Yes,White,White,Yes,No,Female,Female,Yes,No,31,33,0,0,1,1
2024,50000,29,085,004006,Conventional,Single-family,Not Hispanic or Latino,White,Male,1,Home improvement,385000,0.81,5.65,0.85,Not HOEPA,9500,3700,1200,2.2,5800,360,0,0,0,0,0,0,410000,Site-built,Principal residence,NA,NA,1,0,165000,31,2,1,Hispanic or Latino,Not Hispanic or Latino,Yes,True,White,White,Yes,Yes,Male,Male,Yes,No,32,34,0,0,1,1
2024,39540,10,029,075033,Conventional,Single-family,Not Hispanic or Latino,White,Male,1,Purchase,725000,0.83,7.20,1.30,Not HOEPA,16600,5800,2300,2.5,10800,360,0,0,0,0,0,0,840000,Site-built,Principal residence,NA,NA,1,0,280000,30,2,1,Hispanic or Latino,Not Hispanic or Latino,Yes,Yes,White,White,Yes,No,Male,Male,Yes,No,33,35,0,0,1,1
2024,13140,46,055,010009,Conventional,Single-family,Not Hispanic or Latino,White,Female,1,Purchase,480000,0.80,6.05,0.85,Not HOEPA,9900,3900,1400,1.9,5500,360,0,0,0,0,0,0,600000,Site-built,Principal residence,NA,NA,1,0,200000,30,3,2,Hispanic or Latino,Not Hispanic or Latino,Yes,Yes,White,White,Yes,Yes,Female,Female,Yes,No,30,32,0,0,1,1
2024,50000,29,085,004007,Conventional,Single-family,Not Hispanic or Latino,White,Male,1,Home improvement,335000,0.76,5.80,0.80,Not HOEPA,8500,3300,1200,1.9,5200,360,0,0,0,0,0,0,450000,Site-built,Principal residence,NA,NA,1,0,145000,33,2,1,Hispanic or Latino,Not Hispanic or Latino,Yes,True,White,White,Yes,Yes,Male,Male,Yes,No,35,37,0,0,1,1
2024,39540,10,029,075023,Conventional,Single-family,Not Hispanic or Latino,White,Male,1,Purchase,650000,0.84,7.00,1.10,Not HOEPA,15500,5400,2200,2.4,10100,360,0,0,0,0,0,0,760000,Site-built,Principal residence,NA,NA,1,0,260000,28,2,1,Hispanic or Latino,Not Hispanic or Latino,Yes,Yes,White,White,Yes,No,Male,Male,Yes,No,34,36,0,0,1,1
2024,45680,25,001,021504,FHA,Single-family,Not Hispanic or Latino,Hispanic or Latino,Female,1,Purchase,340000,0.86,7.25,1.00,HOEPA,8000,3200,1300,1.2,4800,360,0,0,0,0,0,0,380000,Site-built,Principal residence,NA,NA,1,0,135000,35,2,1,Hispanic or Latino,Not Hispanic or Latino,Yes,True,White,White,No,Yes,Female,Female,Yes,True,29,27,0,0,1,1
2024,13140,46,055,010010,Conventional,Single-family,Not Hispanic or Latino,White,Male,1,Purchase,580000,0.79,6.80,0.90,Not HOEPA,11400,4200,1700,2.1,7200,360,0,0,0,0,0,0,680000,Site-built,Principal residence,NA,NA,1,0,245000,29,3,2,Hispanic or Latino,Not Hispanic or Latino,Yes,Yes,White,White,Yes,No,Male,Male,Yes,No,32,34,0,0,1,1
2024,50000,29,085,004008,Conventional,Single-family,Not Hispanic or Latino,White,Female,1,Purchase,460000,0.83,5.85,0.85,Not HOEPA,10000,3800,1300,2.0,6200,360,0,0,0,0,0,0,530000,Site-built,Principal residence,NA,NA,1,0,205000,30,2,1,Hispanic or Latino,Not Hispanic or Latino,Yes,Yes,White,White,Yes,Yes,Female,Female,Yes,No,33,34,0,0,1,1
2024,39540,10,029,075034,Conventional,Single-family,Not Hispanic or Latino,White,Male,1,Home improvement,415000,0.78,6.00,0.90,Not HOEPA,10200,4000,1300,2.1,6200,360,0,0,0,0,0,0,450000,Site-built,Principal residence,NA,NA,1,0,170000,32,2,1,Hispanic or Latino,Not Hispanic or Latino,Yes,Yes,White,White,Yes,No,Male,Male,Yes,No,37,39,0,0,1,1
2024,13140,46,055,010011,Conventional,Single-family,Not Hispanic or Latino,White,Female,1,Purchase,490000,0.85,6.10,0.90,Not HOEPA,10600,4100,1500,2.0,6500,360,0,0,0,0,0,0,600000,Site-built,Principal residence,NA,NA,1,0,210000,30,3,2,Hispanic or Latino,Not Hispanic or Latino,Yes,Yes,White,White,Yes,No,Female,Female,Yes,No,29,31,0,0,1,1
2024,50000,29,085,004009,Conventional,Single-family,Not Hispanic or Latino,White,Male,1,Home improvement,340000,0.80,5.60,0.75,Not HOEPA,8800,3400,1200,1.9,5400,360,0,0,0,0,0,0,420000,Site-built,Principal residence,NA,NA,1,0,140000,31,2,1,Hispanic or Latino,Not Hispanic or Latino,Yes,True,White,White,Yes,Yes,Male,Male,Yes,No,35,37,0,0,1,1
2024,39540,10,029,075024,Conventional,Single-family,Not Hispanic or Latino,White,Male,1,Purchase,700000,0.82,7.10,1.20,Not HOEPA,17000,6000,2300,2.5,10700,360,0,0,0,0,0,0,840000,Site-built,Principal residence,NA,NA,1,0,275000,28,2,1,Hispanic or Latino,Not Hispanic or Latino,Yes,Yes,White,White,Yes,No,Male,Male,Yes,No,36,38,0,0,1,1
2024,45680,25,001,021505,FHA,Single-family,Not Hispanic or Latino,Hispanic or Latino,Male,1,Purchase,295000,0.85,6.90,1.00,HOEPA,7000,2900,1200,1.0,3800,360,0,0,0,0,0,0,340000,Site-built,Principal residence,NA,NA,1,0,115000,33,2,1,Hispanic or Latino,Not Hispanic or Latino,Yes,True,White,White,No,Yes,Male,Male,Yes,True,38,36,0,0,1,1
2024,13140,46,055,010012,Conventional,Single-family,Not Hispanic or Latino,White,Female,1,Purchase,525000,0.82,6.40,0.85,Not HOEPA,10800,4200,1600,2.1,6600,360,0,0,0,0,0,0,620000,Site-built,Principal residence,NA,NA,1,0,225000,30,3,2,Hispanic or Latino,Not Hispanic or Latino,Yes,Yes,White,White,Yes,No,Female,Female,Yes,No,30,32,0,0,1,1
2024,50000,29,085,004010,Conventional,Single-family,Not Hispanic or Latino,White,Male,1,Home improvement,360000,0.76,5.70,0.70,Not HOEPA,9000,3500,1100,2.0,5500,360,0,0,0,0,0,0,460000,Site-built,Principal residence,NA,NA,1,0,150000,32,2,1,Hispanic or Latino,Not Hispanic or Latino,Yes,True,White,White,Yes,Yes,Male,Male,Yes,No,33,36,0,0,1,1
2024,39540,10,029,075035,Conventional,Single-family,Not Hispanic or Latino,White,Male,1,Purchase,680000,0.85,7.15,1.25,Not HOEPA,16900,5900,2200,2.4,10700,360,0,0,0,0,0,0,780000,Site-built,Principal residence,NA,NA,1,0,280000,29,2,1,Hispanic or Latino,Not Hispanic or Latino,Yes,Yes,White,White,Yes,No,Male,Male,Yes,No,34,36,0,0,1,1
2024,45680,25,001,021506,FHA,Single-family,Not Hispanic or Latino,Hispanic or Latino,Female,1,Purchase,310000,0.87,7.10,1.10,HOEPA,7200,3100,1300,1.1,4100,360,0,0,0,0,0,0,360000,Site-built,Principal residence,NA,NA,1,0,125000,34,2,1,Hispanic or Latino,Not Hispanic or Latino,Yes,True,White,White,No,Yes,Female,Female,Yes,True,30,28,0,0,1,1
2024,13140,46,055,010013,Conventional,Single-family,Not Hispanic or Latino,White,Male,1,Purchase,530000,0.80,6.05,0.85,Not HOEPA,10900,4300,1500,2.1,6600,360,0,0,0,0,0,0,650000,Site-built,Principal residence,NA,NA,1,0,23000
2024,33860,10,021,001013,conventional,1,hispanic or latino,2,1,1,1,940000,0.78,5.37,2.67,1,5150,1060,250,200,250,30,12,0,0,0,0,"",900000,single-family,1,1,1,3,0,120000,42,1,2,,,1,1,2,1,,2,1,,2,1,1,2,1,1,1,1,1,1,1,1,2,1,38,36,0,0,1,1
2024,33860,10,021,001018,conventional,1,hispanic or latino,2,2,1,1,700000,0.82,4.21,2.11,1,5150,1230,150,100,250,30,12,0,0,0,0,"",750000,single-family,1,1,1,3,0,140000,37,1,2,,,2,2,,2,2,2,1,,2,1,1,2,2,1,1,1,2,1,1,1,2,1,41,42,0,0,1,1
2024,33860,10,021,001020,fha,1,hispanic or latino,2,1,1,2,320000,0.85,4.70,2.30,1,3150,760,180,120,100,30,0,0,0,0,1,"",350000,single-family,1,1,1,3,0,35000,30,1,2,,,1,1,,1,1,1,1,,1,2,1,2,1,1,1,1,1,1,2,1,1,1,25,28,1,0,1,1
2024,33860,10,021,001025,fha,1,hispanic or latino,2,1,1,3,200000,0.85,4.40,2.30,1,3150,760,180,120,100,30,0,0,0,0,1,"",220000,single-family,1,1,1,3,0,35000,30,1,2,,,1,1,,1,1,1,1,,1,2,1,2,1,1,1,1,1,1,2,1,1,1,25,28,1,0,1,1
2024,33860,10,021,001030,fha,1,hispanic or latino,2,1,1,1,330000,0.85,4.38,2.30,1,3150,760,180,120,100,30,0,0,0,0,1,"",350000,single-family,1,1,1,3,0,30000,32,1,2,,,1,1,,1,1,1,1,,1,2,1,2,1,1,1,1,1,1,2,1,1,1,32,34,1,0,1,1
2024,33860,10,021,001035,va,1,hispanic or latino,2,1,1,1,400000,0.80,3.30,1.00,2,4150,960,150,120,100,30,0,0,0,0,0,"",500000,single-family,1,1,1,3,0,60000,38,1,2,,,1,1,,1,1,1,1,,1,1,1,2,1,1,1,1,1,1,1,1,2,1,28,32,0,0,1,1
2024,33860,10,021,001040,conventional,1,hispanic or latino,2,1,1,1,500000,0.75,3.50,1.50,2,3150,960,180,120,100,30,12,0,0,0,0,"",650000,single-family,1,1,1,3,0,80000,40,1,2,,,1,1,,1,1,1,1,,1,1,1,2,1,1,1,1,1,1,1,1,2,1,30,35,0,0,1,1
2024,33860,10,021,001045,conventional,1,hispanic or latino,2,1,1,1,740000,0.75,3.40,1.00,2,3150,960,180,120,100,30,12,0,0,0,0,"",650000,single-family,1,1,1,3,0,90000,43,1,2,,,1,1,,1,1,1,1,,1,1,1,2,1,1,1,1,1,1,1,1,2,1,42,44,0,0,1,1
2024,33860,10,021,001050,fha,1,hispanic or latino,2,1,1,2,190000,0.90,4.00,2.00,1,2150,760,180,120,100,30,0,0,0,0,1,"",220000,single-family,1,1,1,3,0,32000,31,1,2,,,1,1,,1,1,1,1,,1,2,1,2,1,1,1,1,1,1,2,1,1,1,29,31,0,0,1,1
2024,33860,10,021,001055,conventional,1,hispanic or latino,2,1,1,1,870000,0.74,3.55,1.50,2,3150,960,180,120,100,30,12,0,0,0,0,"",900000,single-family,1,1,1,3,0,130000,44,1,2,,,1,1,,1,1,1,1,,1,1,1,2,1,1,1,1,1,1,1,1,2,1,35,34,0,0,1,1
2024,33860,10,021,001060,va,1,hispanic or latino,2,1,1,1,510000,0.70,3.10,0.60,2,4150,1060,150,120,100,30,0,0,0,0,0,"",520000,single-family,1,1,1,3,0,90000,36,1,2,,,1,1,,1,1,1,1,,1,1,1,2,1,1,1,1,1,1,1,1,2,1,33,31,0,0,1,1
2024,33860,10,021,001012,conventional,1,not hispanic or Latino,4,1,1,1,450000,0.80,3.80,1.00,2,1150,360,100,60,100,30,12,0,0,0,0,"",500000,single-family,3,1,1,3,0,80000,40,1,2,,,4,5,,4,2,4,1,,2,1,1,2,1,1,1,1,1,1,2,1,1,1,41,42,0,0,1,1
2024,33860,10,021,001017,conventional,1,not hispanic or Latino,4,2,1,1,750000,0.77,3.90,1.20,2,1150,360,100,60,100,30,12,0,0,0,0,"",900000,single-family,3,1,1,3,0,120000,43,1,2,,,4,4,,4,3,4,1,,2,1,1,2,1,1,1,1,1,1,2,1,1,1,36,38,0,0,1,1
2024,33860,10,021,001022,conventional,1,not hispanic or Latino,4,1,1,1,870000,0.79,3.79,0.80,2,1150,360,100,60,100,30,12,0,0,0,0,"",900000,single-family,3,1,1,3,0,140000,45,1,2,,,4,5,,4,2,4,1,,2,1,1,2,1,1,1,1,1,1,2,1,1,1,40,42,0,0,1,1
2024,33860,10,021,001027,conventional,1,not hispanic or Latino,4,1,1,1,900000,0.81,3.80,0.80,2,1150,360,100,60,100,30,12,0,0,0,0,"",1000000,single-family,3,1,1,3,0,150000,42,1,2,,,4,5,,4,2,4,1,,2,1,1,2,1,1,1,1,1,1,2,1,1,1,35,37,0,0,1,1
2024,33860,10,021,001032,conventional,1,not hispanic or Latino,4,1,1,1,990000,0.78,3.79,1.20,2,1150,360,100,60,100,30,0,0,0,0,0,"",1000000,single-family,3,1,1,3,0,160000,45,1,2,,,4,5,,4,2,4,1,,2,1,1,2,1,1,1,1,1,1,2,1,1,1,41,43,0,0,1,1
2024,33860,10,021,001037,conventional,1,not hispanic or Latino,4,1,1,1,390000,0.82,3.50,1.00,2,1150,360,100,60,100,30,12,0,0,0,0,"",450000,single-family,3,1,1,3,0,80000,40,1,2,,,4,5,,4,2,4,1,,2,1,1,2,1,1,1,1,1,1,2,1,1,1,32,35,0,0,1,1
2024,33860,10,021,001042,conventional,1,not hispanic or Latino,4,1,1,1,520000,0.76,3.69,1.50,2,1150,360,100,60,100,30,12,0,0,0,0,"",650000,single-family,3,1,1,3,0,100000,41,1,2,,,4,5,,4,2,4,1,,2,1,1,2,1,1,1,1,1,1,2,1,1,1,40,42,0,0,1,1
2024,33860,10,021,001047,conventional,1,not hispanic or Latino,4,1,1,1,320000,0.80,4.10,1.30,2,1150,360,100,60,100,30,12,0,0,0,0,"",400000,single-family,3,1,1,3,0,90000,39,1,2,,,4,5,,4,2,4,1,,2,1,1,2,1,1,1,1,1,1,2,1,1,1,28,30,0,0,1,1
2024,33860,10,021,001052,conventional,1,not hispanic or Latino,4,1,1,1,820000,0.77,3.40,1.00,2,1150,360,100,60,100,30,12,0,0,0,0,"",900000,single-family,3,1,1,3,0,200000,48,1,2,,,4,5,,4,2,4,1,,2,1,1,2,1,1,1,1,1,1,2,1,1,1,42,41,0,0,1,1
2024,33860,10,021,001057,conventional,1,not hispanic or Latino,4,1,1,1,300000,0.88,3.90,1.00,2,1150,360,100,60,100,30,12,0,0,0,0,"",350000,single-family,3,1,1,3,0,150000,45,1,2,,,4,5,,4,2,4,1,,2,1,1,2,1,1,1,1,1,1,2,1,1,1,45,34,0,0,1,1
2024,33860,10,021,001062,fha,1,not hispanic or Latino,4,1,1,2,280000,0.85,4.70,2.20,1,1150,360,100,60,100,30,0,0,0,0,1,"",300000,single-family,3,1,1,3,0,60000,31,1,2,,,4,4,,4,1,4,1,,2,2,1,2,1,1,1,1,1,1,2,1,1,1,29,32,0,0,1,1
2024,33860,10,021,002013,conventional,1,not hispanic or Latino,4,2,1,1,750000,0.80,3.40,1.00,2,1150,360,100,60,100,30,12,0,0,0,0,"",800000,single-family,3,1,1,3,0,75000,38,1,2,,,4,4,,4,2,4,1,,2,1,1,2,1,1,1,1,1,1,2,1,1,1,39,41,0,0,1,1
2024,33860,10,021,002018,conventional,1,not hispanic or Latino,4,3,1,1,650000,0.82,4.00,1.20,2,1150,360,100,60,100,30,12,0,0,0,0,"",700000,single-family,3,1,1,3,0,60000,32,1,2,,,4,3,,4,1,4,1,,2,1,1,2,1,1,1,1,1,1,2,1,1,1,36,40,0,0,1,1
2024,33860,10,021,002020,fha,1,not hispanic or Latino,4,1,1,2,170000,0.90,4.50,2.20,1,1150,360,100,60,100,30,0,0,0,0,1,"",190000,single-family,3,1,1,3,0,50000,26,1,2,,,4,5,,4,1,4,1,,2,1,1,2,1,1,1,1,1,1,2,1,1,1,28,33,0,0,1,1
2024,33860,10,021,002025,conventional,1,not hispanic or Latino,4,1,1,1,300000,0.85,4.20,1.20,2,1150,360,100,60,100,30,12,0,0,0,0,"",350000,single-family,3,1,1,3,0,65000,33,1,2,,,4,4,,4,1,4,1,,2,1,1,2,1,1,1,1,1,1,2,1,1,1,30,31,0,0,1,1
2024,33860,10,021,002030,conventional,1,not hispanic or Latino,4,1,1,1,640000,0.83,3.60,1.00,2,1150,360,100,60,100,30,12,0,0,0,0,"",700000,single-family,3,1,1,3,0,90000,40,1,2,,,4,5,,4,1,4,1,,2,1,1,2,1,1,1,1,1,1,2,1,1,1,43,45,0,0,1,1
2024,33860,10,021,002035,fha,1,not hispanic or Latino,4,1,1,2,200000,0.90,4.50,2.20,1,1150,360,100,60,100,30,0,0,0,0,1,"",220000,single-family,3,1,1,3,0,58000,30,1,2,,,4,1,,4,2,4,1,,2,1,1,2,1,1,1,1,1,1,2,1,1,1,32,35,0,0,1,1
2024,33860,10,021,002040,conventional,1,not hispanic or Latino,4,2,1,1,800000,0.78,3.30,1.00,2,1150,360,100,60,100,30,12,0,0,0,0,"",900000,single-family,3,1,1,3,0,95000,35,1,2,,,4,4,,4,2,4,1,,2,1,1,2,1,1,1,1,1,1,2,1,1,1,42,38,0,0,1,1
2024,33860,10,021,002045,conventional,1,not hispanic or Latino,4,1,1,1,500000,0.79,3.45,0.90,2,1150,360,100,60,100,30,12,0,0,0,0,"",600000,single-family,3,1,1,3,0,100000,44,1,2,,,4,5,,4,1,4,1,,2,1,1,2,1,1,1,1,1,1,2,1,1,1,38,45,0,0,1,1
2024,33860,10,021,002050,conventional,1,not hispanic or Latino,4,1,1,1,680000,0.81,3.90,1.40,2,1150,360,100,60,100,30,12,0,0,0,0,"",700000,single-family,3,1,1,3,0,99000,43,1,2,,,4,5,,4,1,4,1,,2,1,1,2,1,1,1,1,1,1,2,1,1,1,44,39,0,0,1,1
2024,33860,10,021,002055,conventional,1,not hispanic or Latino,4,1,1,1,260000,0.86,3.70,1.00,2,1150,360,100,60,100,30,0,0,0,0,0,"",300000,single-family,3,1,1,3,0,50000,31,1,2,,,4,5,,4,1,4,1,,2,1,1,2,1,1,1,1,1,1,2,1,1,1,30,36,0,0,1,1
2024,33860,10,021,002060,conventional,1,not hispanic or Latino,4,1,1,1,700000,0.77,3.35,0.80,2,1150,360,100,60,100,30,12,0,0,0,0,"",800000,single-family,3,1,1,3,0,70000,32,1,2,,,4,4,,4,1,4,1,,2,1,1,2,1,1,1,1,1,1,2,1,1,1,34,38,0,0,1,1
2024,33860,10,021,003012,conventional,1,not hispanic or Latino,4,1,1,1,420000,0.75,3.85,1.30,2,1150,360,100,60,100,30,12,0,0,0,0,"",500000,single-family,3,1,1,3,0,60000,38,1,2,,,4,4,,4,1,4,1,,2,1,1,2,1,1,1,1,1,1,2,1,1,1,35,32,0,0,1,1
2024,33860,10,021,003017,conventional,1,not hispanic or Latino,4,2,1,1,900000,0.72,3.10,1.00,2,1150,360,100,60,100,30,12,0,0,0,0,"",1000000,single-family,3,1,1,3,0,130000,45,1,2,,,4,4,,4,1,4,1,,2,1,1,2,1,1,1,1,1,1,2,1,1,1,38,40,0,0,1,1
2024,33860,10,021,003022,fha,1,not hispanic or Latino,4,3,1,2,220000,0.90,3.70,1.20,1,1150,360,100,60,100,30,0,0,0,0,1,"",260000,single-family,3,1,1,3,0,70000,33,1,2,,,4,4,,4,1,4,1,,2,2,1,2,1,1,1,1,1,1,2,1,1,1,31,37,0,0,1,1
2024,33860,10,021,003027,conventional,1,not hispanic or Latino,4,1,1,1,580000,0.80,3.90,1.00,2,1150,360,100,60,100,30,12,0,0,0,0,"",700000,single-family,3,1,1,3,0,120000,45,1,2,,,4,4,,4,1,4,1,,2,1,1,2,1,1,1,1,1,1,2,1,1,1,41,38,0,0,1,1
2024,33860,10,021,003032,conventional,1,not hispanic or Latino,4,1,1,1,510000,0.83,3.20,1.00,2,1150,360,100,60,100,30,12,0,0,0,0,"",600000,single-family,3,1,1,3,0,89000,40,1,2,,,4,5,,4,1,4,1,,2,1,1,2,1,1,1,1,1,1,2,1,1,1,39,43,0,0,1,1
2024,33860,10,021,003037,conventional,1,not hispanic or Latino,4,2,1,1,670000,0.80,3.10,1.00,2,1150,360,100,60,100,30,12,0,0,0,0,"",700000,single-family,3,1,1,3,0,95000,42,1,2,,,4,4,,4,1,4,1,,2,1,1,2,1,1,1,1,1,1,2,1,1,1,43,45,0,0,1,1
2024,33860,10,021,003042,conventional,1,not hispanic or Latino,4,1,1,1,780000,0.77,3.60,0.80,2,1150,360,100,60,100,30,12,0,0,0,0,"",900000,single-family,3,1,1,3,0,110000,45,1,2,,,4,4,,4,1,4,1,,2,1,1,2,1,1,1,1,1,1,2,1,1,1,38,42,0,0,1,1
2024,33860,10,021,003047,conventional,1,not hispanic or Latino,4,1,1,1,570000,0.78,3.75,1.20,2,1150,360,100,60,100,30,12,0,0,0,0,"",700000,single-family,3,1,1,3,0,96000,43,1,2,,,4,4,,4,1,4,1,,2,1,1,2,1,1,1,1,1,1,2,1,1,1,42,41,0,0,1,1
2024,33860,10,021,003052,conventional,1,not hispanic or Latino,4,1,1,1,630000,0.79,3.30,1.10,2,1150,360,100,60,100,30,12,0,0,0,0,"",700000,single-family,3,1,1,3,
2024,31080,36,061,072002,Conventional,Single-Family,Not Hispanic or Latino,White,Male,1,Home Purchase,350000,0.85,6.25,2.5,1,3500,1500,800,300,1000,30,0,0,N,0,0,0,411765,Frame,S,Unknown,Unknown,1,0,85000,35,1,1,Hispanic or Latino,Not Hispanic or Latino,Y,N,White,Black or African American,N,Black or African American,M,1,1,0,38,36,0,0,1,0
2024,31080,36,061,072003,Conventional,Single-Family,Not Hispanic or Latino,White,Female,1,Home Purchase,420000,0.90,5.75,2.0,1,2800,1200,600,200,800,30,0,0,N,0,0,0,466667,Frame,S,Unknown,Unknown,1,0,95000,30,1,1,Hispanic or Latino,Not Hispanic or Latino,Y,N,White,White,N,White,F,1,1,0,32,30,0,0,1,0
2024,31080,36,061,072004,Conventional,Single-Family,Not Hispanic or Latino,Black or African American,Female,1,Home Purchase,280000,0.80,7.50,3.5,1,4000,2000,1000,400,1000,30,0,0,N,0,0,0,350000,Frame,S,Unknown,Unknown,1,0,75000,45,1,1,Hispanic or Latino,Not Hispanic or Latino,Y,N,Black or African American,White,N,White,F,1,1,0,41,39,0,0,1,0
2024,31080,36,061,072005,Conventional,Single-Family,Not Hispanic or Latino,White,Male,1,Home Purchase,520000,0.85,6.00,2.25,1,3200,1400,700,300,900,30,0,0,N,0,0,0,611765,Frame,S,Unknown,Unknown,1,0,125000,32,1,1,Hispanic or Latino,Not Hispanic or Latino,Y,N,White,White,N,White,M,1,1,0,45,43,0,0,1,0
2024,31080,36,061,072006,Conventional,Single-Family,Not Hispanic or Latino,Asian,Male,1,Home Purchase,375000,0.88,6.50,2.75,1,3800,1600,800,350,1000,30,0,0,N,0,0,0,426087,Frame,S,Unknown,Unknown,1,0,90000,38,1,1,Hispanic or Latino,Not Hispanic or Latino,Y,N,Asian,White,N,White,M,1,1,0,36,34,0,0,1,0
2024,31080,36,061,072007,Conventional,Single-Family,Hispanic or Latino,White,Female,1,Home Purchase,320000,0.85,7.00,3.25,1,3500,1500,800,300,1000,30,0,0,N,0,0,0,376471,Frame,S,Unknown,Unknown,1,0,80000,40,1,1,Hispanic or Latino,Not Hispanic or Latino,Y,N,White,White,N,White,F,1,1,0,39,37,0,0,1,0
2024,31080,36,061,072008,Conventional,Single-Family,Not Hispanic or Latino,White,Male,1,Home Purchase,450000,0.85,5.25,1.75,1,2900,1200,600,200,800,30,0,0,N,0,0,0,529412,Frame,S,Unknown,Unknown,1,0,100000,30,1,1,Hispanic or Latino,Not Hispanic or Latino,Y,N,White,White,N,White,M,1,1,0,42,40,0,0,1,0
2024,31080,36,061,072009,Conventional,Single-Family,Not Hispanic or Latino,White,Female,1,Home Purchase,380000,0.85,5.75,2.25,1,3200,1400,700,300,900,30,0,0,N,0,0,0,447059,Frame,S,Unknown,Unknown,1,0,95000,35,1,1,Hispanic or Latino,Not Hispanic or Latino,Y,N,White,White,N,White,F,1,1,0,44,42,0,0,1,0
2024,31080,36,061,072010,Conventional,Single-Family,Not Hispanic or Latino,White,Male,1,Home Purchase,410000,0.88,6.12,2.50,1,3400,1500,700,300,900,30,0,0,N,0,0,0,465909,Frame,S,Unknown,Unknown,1,0,110000,34,1,1,Hispanic or Latino,Not Hispanic or Latino,Y,N,White,White,N,White,M,1,1,0,37,35,0,0,1,0
2024,31080,36,061,072011,Conventional,Single-Family,Hispanic or Latino,White,Female,1,Home Purchase,310000,0.84,7.25,3.50,1,3800,1600,800,350,1000,30,0,0,N,0,0,0,369048,Frame,S,Unknown,Unknown,1,0,80000,42,1,1,Hispanic or Latino,Not Hispanic or Latino,Y,N,White,White,N,White,F,1,1,0,33,31,0,0,1,0
2024,31080,36,061,072012,Conventional,Single-Family,Not Hispanic or Latino,Black or African American,Male,1,Home Purchase,260000,0.75,7.75,3.75,1,4200,2000,1000,400,1000,30,0,0,N,0,0,0,346667,Frame,S,Unknown,Unknown,1,0,70000,45,1,1,Hispanic or Latino,Not Hispanic or Latino,Y,N,Black or African American,White,N,White,M,1,1,0,46,44,0,0,1,0
2024,31080,36,061,072013,Conventional,Single-Family,Not Hispanic or Latino,White,Female,1,Home Purchase,390000,0.82,5.50,2.00,1,3000,1300,700,250,900,30,0,0,N,0,0,0,475610,Frame,S,Unknown,Unknown,1,0,105000,33,1,1,Hispanic or Latino,Not Hispanic or Latino,Y,N,White,White,N,White,F,1,1,0,43,41,0,0,1,0
2024,31080,36,061,072014,Conventional,Single-Family,Not Hispanic or Latino,White,Male,1,Home Purchase,430000,0.86,5.88,2.25,1,3200,1400,700,300,900,30,0,0,N,0,0,0,500000,Frame,S,Unknown,Unknown,1,0,115000,36,1,1,Hispanic or Latino,Not Hispanic or Latino,Y,N,White,White,N,White,M,1,1,0,35,33,0,0,1,0
2024,31080,36,061,072015,Conventional,Single-Family,Not Hispanic or Latino,White,Female,1,Home Purchase,340000,0.83,6.25,2.50,1,3500,1500,800,300,1000,30,0,0,N,0,0,0,409639,Frame,S,Unknown,Unknown,1,0,85000,40,1,1,Hispanic or Latino,Not Hispanic or Latino,Y,N,White,White,N,White,F,1,1,0,40,38,0,0,1,0
2024,31080,36,061,072016,Conventional,Single-Family,Hispanic or Latino,White,Male,1,Home Purchase,360000,0.87,6.75,3.00,1,3600,1500,800,300,1000,30,0,0,N,0,0,0,413812,Frame,S,Unknown,Unknown,1,0,90000,37,1,1,Hispanic or Latino,Not Hispanic or Latino,Y,N,White,White,N,White,M,1,1,0,37,35,0,0,1,0
2024,31080,36,061,072017,Conventional,Single-Family,Not Hispanic or Latino,White,Female,1,Home Purchase,470000,0.85,5.50,1.75,1,3100,1300,700,250,900,30,0,0,N,0,0,0,552941,Frame,S,Unknown,Unknown,1,0,110000,32,1,1,Hispanic or Latino,Not Hispanic or Latino,Y,N,White,White,N,White,F,1,1,0,41,39,0,0,1,0
2024,31080,36,061,072018,Conventional,Single-Family,Not Hispanic or Latino,Black or African American,Male,1,Home Purchase,290000,0.80,7.25,3.25,1,3900,1800,900,350,1000,30,0,0,N,0,0,0,362500,Frame,S,Unknown,Unknown,1,0,75000,43,1,1,Hispanic or Latino,Not Hispanic or Latino,Y,N,Black or African American,White,N,White,M,1,1,0,48,46,0,0,1,0
2024,31080,36,061,072019,Conventional,Single-Family,Not Hispanic or Latino,White,Female,1,Home Purchase,490000,0.90,5.25,2.00,1,2800,1200,600,200,800,30,0,0,N,0,0,0,544444,Frame,S,Unknown,Unknown,1,0,120000,31,1,1,Hispanic or Latino,Not Hispanic or Latino,Y,N,White,White,N,White,F,1,1,0,42,40,0,0,1,0
2024,31080,36,061,072020,Conventional,Single-Family,Not Hispanic or Latino,White,Male,1,Home Purchase,360000,0.83,5.75,2.25,1,3200,1400,700,300,900,30,0,0,N,0,0,0,433333,Frame,S,Unknown,Unknown,1,0,95000,33,1,1,Hispanic or Latino,Not Hispanic or Latino,Y,N,White,White,N,White,M,1,1,0,38,36,0,0,1,0
2024,31080,36,061,072021,Conventional,Single-Family,Hispanic or Latino,White,Female,1,Home Purchase,330000,0.84,6.50,2.75,1,3500,1500,800,300,1000,30,0,0,N,0,0,0,392857,Frame,S,Unknown,Unknown,1,0,85000,38,1,1,Hispanic or Latino,Not Hispanic or Latino,Y,N,White,White,N,White,F,1,1,0,40,38,0,0,1,0
2024,31080,36,061,072022,Conventional,Single-Family,Not Hispanic or Latino,White,Male,1,Home Purchase,420000,0.85,5.88,2.25,1,3100,1300,700,250,900,30,0,0,N,0,0,0,494118,Frame,S,Unknown,Unknown,1,0,100000,34,1,1,Hispanic or Latino,Not Hispanic or Latino,Y,N,White,White,N,White,M,1,1,0,36,34,0,0,1,0
2024,31080,36,061,072023,Conventional,Single-Family,Not Hispanic or Latino,White,Female,1,Home Purchase,350000,0.87,6.12,2.50,1,3400,1500,800,300,1000,30,0,0,N,0,0,0,402299,Frame,S,Unknown,Unknown,1,0,90000,36,1,1,Hispanic or Latino,Not Hispanic or Latino,Y,N,White,White,N,White,F,1,1,0,41,39,0,0,1,0
2024,31080,36,061,072024,Conventional,Single-Family,Not Hispanic or Latino,Asian,Male,1,Home Purchase,380000,0.85,6.00,2.25,1,3200,1400,700,300,900,30,0,0,N,0,0,0,447059,Frame,S,Unknown,Unknown,1,0,85000,32,1,1,Hispanic or Latino,Not Hispanic or Latino,Y,N,Asian,White,N,White,M,1,1,0,42,40,0,0,1,0
2024,31080,36,061,072025,Conventional,Single-Family,Not Hispanic or Latino,White,Female,1,Home Purchase,450000,0.81,5.25,1.75,1,3100,1300,700,250,900,30,0,0,N,0,0,0,555556,Frame,S,Unknown,Unknown,1,0,110000,30,1,1,Hispanic or Latino,Not Hispanic or Latino,Y,N,White,White,N,White,F,1,1,0,34,32,0,0,1,0
2024,31080,36,061,072026,Conventional,Single-Family,Not Hispanic or Latino,White,Male,1,Home Purchase,410000,0.86,5.75,2.25,1,3200,1400,700,300,900,30,0,0,N,0,0,0,476190,Frame,S,Unknown,Unknown,1,0,105000,33,1,1,Hispanic or Latino,Not Hispanic or Latino,Y,N,White,White,N,White,M,1,1,0,39,37,0,0,1,0
2024,31080,36,061,072027,Conventional,Single-Family,Not Hispanic or Latino,White,Female,1,Home Purchase,320000,0.82,6.50,2.75,1,3500,1500,800,300,1000,30,0,0,N,0,0,0,389610,Frame,S,Unknown,Unknown,1,0,80000,37,1,1,Hispanic or Latino,Not Hispanic or Latino,Y,N,White,White,N,White,F,1,1,0,44,42,0,0,1,0
2024,31080,36,061,072028,Conventional,Single-Family,Hispanic or Latino,White,Male,1,Home Purchase,300000,0.79,7.00,3.25,1,3800,1600,800,350,1000,30,0,0,N,0,0,0,379747,Frame,S,Unknown,Unknown,1,0,75000,40,1,1,Hispanic or Latino,Not Hispanic or Latino,Y,N,White,White,N,White,M,1,1,0,31,29,0,0,1,0
2024,31080,36,061,072029,Conventional,Single-Family,Not Hispanic or Latino,White,Female,1,Home Purchase,340000,0.84,6.25,2.50,1,3600,1500,800,300,1000,30,0,0,N,0,0,0,404762,Frame,S,Unknown,Unknown,1,0,85000,38,1,1,Hispanic or Latino,Not Hispanic or Latino,Y,N,White,White,N,White,F,1,1,0,42,40,0,0,1,0
2024,31080,36,061,072030,Conventional,Single-Family,Not Hispanic or Latino,Black or African American,Male,1,Home Purchase,270000,0.80,7.50,3.50,1,4100,1800,900,350,1000,30,0,0,N,0,0,0,337500,Frame,S,Unknown,Unknown,1,0,70000,42,1,1,Hispanic or Latino,Not Hispanic or Latino,Y,N,Black or African American,White,N,White,M,1,1,0,43,41,0,0,1,0
2024,31080,36,061,072031,Conventional,Single-Family,Not Hispanic or Latino,White,Female,1,Home Purchase,370000,0.88,5.88,2.25,1,3200,1400,700,300,900,30,0,0,N,0,0,0,420455,Frame,S,Unknown,Unknown,1,0,90000,36,1,1,Hispanic or Latino,Not Hispanic or Latino,Y,N,White,White,N,White,F,1,1,0,35,33,0,0,1,0
2024,31080,36,061,072032,Conventional,Single-Family,Not Hispanic or Latino,White,Male,1,Home Purchase,430000,0.85,5.50,2.00,1,3000,1300,700,250,900,30,0,0,N,0,0,0,505882,Frame,S,Unknown,Unknown,1,0,115000,30,1,1,Hispanic or Latino,Not Hispanic or Latino,Y,N,White,White,N,White,M,1,1,0,40,38,0,0,1,0
2024,31080,36,061,072033,Conventional,Single-Family,Not Hispanic or Latino,White,Female,1,Home Purchase,410000,0.87,6.00,2.25,1,3400,1500,800,300,1000,30,0,0,N,0,0,0,471277,Frame,S,Unknown,Unknown,1,0,95000,35,1,1,Hispanic or Latino,Not Hispanic or Latino,Y,N,White,White,N,White,F,1,1,0,39,37,0,0,1,0
2024,31080,36,061,072034,Conventional,Single-Family,Not Hispanic or Latino,White,Male,1,Home Purchase,350000,0.84,5.75,2.25,1,3300,1400,700,300,900,30,0,0,N,0,0,0,416667,Frame,S,Unknown,Unknown,1,0,85000,33,1,1,Hispanic or Latino,Not Hispanic or Latino,Y,N,White,White,N,White,M,1,1,0,44,42,0,0,1,0
2024,31080,36,061,072035,Conventional,Single-Family,Hispanic or Latino,White,Female,1,Home Purchase,320000,0.83,6.50,2.75,1,3600,1500,800,300,1000,30,0,0,N,0,0,0,385714,Frame,S,Unknown,Unknown,1,0,80000,37,1,1,Hispanic or Latino,Not Hispanic or Latino,Y,N,White,White,N,White,F,1,1,0,38,36,0,0,1,0
2024,31080,36,061,072036,Conventional,Single-Family,Not Hispanic or Latino,White,Male,1,Home Purchase,390000,0.85,6.25,2.50,1,3500,1500,800,300,1000,30,0,0,N,0,0,0,458824,Frame,S,Unknown,Unknown,1,0,95000,36,1,1,Hispanic or Latino,Not Hispanic or Latino,Y,N,White,White,N,White,M,1,1,0,37,35,0,0,1,0
2024,31080,36,061,072037,Conventional,Single-Family,Not Hispanic or Latino,Asian,Female,1,Home Purchase,400000,0.86,5.88,2.25,1,3100,1300,700,250,900,30,0,0,N,0,0,0,465116,Frame,S,Unknown,Unknown,1,0,100000,34,1,1,Hispanic or Latino,Not Hispanic or Latino,Y,N,Asian,White,N,White,F,1,1,0,33,31,0,0,1,0
2024,31080,36,061,072038,Conventional,Single-Family,Not Hispanic or Latino,White,Female,1,Home Purchase,360000,0.87,6.12,2.50,1,3400,1500,800,300,1000,30,0,0,N,0,0,0,413812,Frame,S,Unknown,Unknown,1,0,90000,37,1,1,Hispanic or Latino,Not Hispanic or Latino,Y,N,White,White,N,White,F,1,1,0,41,39,0,0,1,0
2024,31080,36,061,072039,Conventional,Single-Family,Not Hispanic or Latino,White,Male,1,Home Purchase,440000,0.86,5.50,2.00,1,3100,1300,700,250,900,30,0,0,N,0,0,0,511765,Frame,S,Unknown,Unknown,1,0,110000,31,1,1,Hispanic or Latino,Not Hispanic or Latino,Y,N,White,White,N,White,M,1,1,0,36,34,0,0,1,0
2024,31080,36,061,072040,Conventional,Single-Family,Not Hispanic or Latino,White,Female,1,Home Purchase,480000,0.88,5.25,1.75,1,2800,1200,600,200,800,30,0,0,N,0,0,0,545455,Frame,S,Unknown,Unknown,1,0,120000,30,1,1,Hispanic or Latino,Not Hispanic or Latino,Y,N,White,White,N,White,F,1,1,0,44,42,0,0,1,0
2024,31080,36,061,072041,Conventional,Single-Family,Hispanic or Latino,White,Male,1,Home Purchase,350000,0.85,7.00,3.25,1,3800,1600,800,350,1000,30,0,0,N,0,0,0,411765,Frame,S,Unknown,Unknown,1,0,85000,40,1,1,Hispanic or Latino,Not Hispanic or Latino,Y,N,White,White,N,White,M,1,1,0,34,32,0,0,1,0
2024,31080,36,061,072042,Conventional,Single-Family,Not Hispanic or Latino,White,Female,1,Home Purchase,420000,0.85,5.75,2.25,1,3200,1400,700,300,900,30,0,0,N,0,0,0,494118,Frame,S,Unknown,Unknown,1,0,105000,32,1,1,Hispanic or Latino,Not Hispanic or Latino,Y,N,White,White,N,White,F,1,1,0,39,37,0,0,1,0
2024,31080,36,061,072043,Conventional,Single-Family,Hispanic or Latino,White,Male,1,Home Purchase,310000,0.82,7.25,3.50,1,4100,1800,900,350,1000,30,0,0,N,0,0,0,378049,Frame,S,Unknown,Unknown,1,0,75000,43,1,1,Hispanic or Latino,Not Hispanic or Latino,Y,N,White,White,N,White,M,1,1,0,32,30,0,0,1,0
2024,31080,36,061,072044,Conventional,Single-Family,Not Hispanic or Latino,White,Female,1,Home Purchase,330000,0.84,6.50,2.75,1,3500,1500,800,300,1000,30,0,0,N,0,0,0,390909,Frame,S,Unknown,Unknown,1,0,80000,38,1,1,Hispanic or Latino,Not Hispanic or Latino,Y,N,White,White,N,White,F,1,1,0,45,43,0,0,1,0
2024,31080,36,061,072045,Conventional,Single-Family,Not Hispanic or Latino,White,Male,1,Home Purchase,380000,0.85,5.88,2.25,1,3300,1400,700,300,900,30,0,0,N,0,0,0,447059,Frame,S,Unknown,Unknown,1,0,95000,34,1,1,Hispanic or Latino,Not Hispanic or Latino,Y,N,White,White,N,White,M,1,1,0,35,33,0,0,1,0
2024,31080,36,061,072046,Conventional,Single-Family,Not Hispanic or Latino,White,Female,1,Home Purchase,460000,0.
2024,47900,12,031,080100,Conventional,Single-Family,Not Hispanic or Latino,White,Male,1,Home purchase,325000,0.75,4.25,1.75,Not HOEPA,4800,3200,1600,800,1600,360,0,0,N,Y,N,N,N,430000,Site built,Primary,Single-family,Owner occupied,2,0,75000,35,Credit score,Credit score,1,0,1,0,1,0,1,0,Male,Female,Male,Female,35,42,N,N,1,1
2024,50000,06,075,020601,Conventional,Single-Family,Not Hispanic or Latino,White,Female,2,Home purchase,275000,0.82,3.75,1.5,Not HOEPA,2900,1200,1700,500,700,360,0,0,Y,N,N,N,N,340000,Site built,Primary,Single-family,Owner occupied,2,0,65000,42,Credit score,Credit score,1,0,1,0,1,0,1,0,Female,Male,Female,Male,40,32,N,N,0,1
2024,49200,24,031,030200,USDA Rural Development,Single-Family,Hispanic or Latino,Hispanic or Latino,Male,1,Home purchase,400000,0.85,3.90,1.65,Not HOEPA,6800,4000,2800,400,2800,360,0,0,N,N,Y,N,N,480000,Site built,Primary,Single-family,Owner occupied,2,0,85000,38,Credit score,Debt to income ratio,2,2,1,0,2,0,1,0,Male,Male,Male,Male,28,30,N,N,1,1
2024,44400,13,121,060301,Conventional,Single-Family,Not Hispanic or Latino,White,Male,3,Home purchase,475000,0.78,4.10,1.70,Not HOEPA,5200,3300,1900,600,2300,300,0,6,0,Y,Y,Y,N,620000,Site built,Primary,Single-family,Owner occupied,1,0,80000,40,Credit score,Credit score,1,0,1,0,1,0,1,0,Male,Male,Male,Male,45,48,N,N,1,1
2024,48200,17,031,090400,FHA,Single-Family,Not Hispanic or Latino,White,Female,1,Home purchase,300000,0.85,3.50,1.50,Not HOEPA,4400,4000,400,0,400,360,0,0,N,Y,N,N,Y,350000,Site built,Primary,Single-family,Owner occupied,2,0,70000,32,Credit score,Applicant's debt-to-income ratio,1,0,1,0,1,0,1,0,Female,Female,Female,Female,37,38,N,N,1,1
2024,47400,34,031,080201,Conventional,Single-Family,Hispanic or Latino,Hispanic or Latino,Male,7,Home purchase,250000,0.80,3.85,1.60,Not HOEPA,2800,2200,600,100,2400,240,0,0,N,N,N,N,N,340000,Site built,Primary,Single-family,Owner occupied,1,0,55000,39,Credit score,Applicant's debt-to-income ratio,2,2,1,0,2,0,1,0,Male,Male,Male,Male,33,40,N,N,0,1
2024,47300,37,017,030302,Conventional,Single-Family,Not Hispanic or Latino,White,Female,2,Home purchase,525000,0.80,3.95,1.45,Not HOEPA,7200,5200,2000,500,4700,360,0,0,N,Y,N,Y,N,700000,Site built,Primary,Single-family,Owner occupied,2,0,90000,30,Credit score,Credit score,1,0,1,0,1,0,1,0,Female,Female,Female,Female,42,43,N,N,0,1
2024,43600,08,001,020401,Va,Single-Family,Not Hispanic or Latino,White,Male,1,Refinancing,380000,0.70,3.25,1.75,Not HOEPA,4300,2800,1500,700,2000,360,12,0,Y,N,N,N,N,530000,Site built,Primary,Single-family,Owner occupied,1,0,85000,28,Credit score,Score model,1,0,1,0,1,0,1,0,Male,Male,Male,Male,38,41,N,N,1,1
2024,50100,04,019,010502,Conventional,Single-Family,Hispanic or Latino,Hispanic or Latino,Female,1,Home purchase,270000,0.82,4.00,1.60,Not HOEPA,3000,1800,1200,500,1300,360,0,0,N,N,N,N,N,330000,Site built,Primary,Single-family,Owner occupied,2,0,60000,37,Credit score,Debt to income ratio,2,2,1,0,2,0,1,0,Female,Female,Female,Female,29,33,N,N,1,1
2024,47800,18,001,040200,USDA Rural Development,Single-Family,Not Hispanic or Latino,White,Male,1,Home purchase,390000,0.88,3.65,1.6,Not HOEPA,4100,3600,500,0,3600,360,0,0,N,N,Y,N,N,450000,Site built,Primary,Single-family,Owner occupied,2,0,72000,35,Credit score,Credit score,1,0,1,0,1,0,1,0,Male,Male,Male,Male,41,44,N,N,1,1
2024,43300,22,005,030601,FHA,Single-Family,Not Hispanic or Latino,White,Female,1,Home purchase,210000,0.90,3.35,1.40,Not HOEPA,2600,2400,200,0,2400,360,0,0,N,Y,N,N,N,240000,Site built,Primary,Single-family,Owner occupied,1,0,62000,29,Credit score,Debt to income ratio,1,0,1,0,1,0,1,0,Female,Female,Female,Female,32,34,N,N,1,1
2024,49300,09,001,050402,Conventional,Single-Family,Not Hispanic or Latino,White,Male,7,Home purchase,600000,0.83,4.15,1.55,Not HOEPA,8200,5700,2500,550,5000,360,0,0,Y,N,Y,N,N,750000,Site built,Primary,Single-family,Owner occupied,2,0,95000,41,Credit score,Score model,1,0,1,0,1,0,1,0,Male,Male,Male,Male,29,31,N,N,0,1
2024,47400,50,001,060301,Conventional,Single-Family,Not Hispanic or Latino,White,Female,1,Home purchase,340000,0.78,3.85,1.75,Not HOEPA,4700,3100,1600,600,2500,360,0,0,N,N,N,N,Y,440000,Site built,Primary,Single-family,Owner occupied,2,0,78000,31,Credit score,Credit score,1,0,1,0,1,0,1,0,Female,Female,Female,Female,38,40,N,N,1,1
2024,47100,27,015,040701,Conventional,Single-Family,Not Hispanic or Latino,White,Male,3,Home purchase,290000,0.80,3.60,1.65,Not HOEPA,3500,2300,1200,600,1900,240,0,0,Y,N,N,Y,N,350000,Site built,Primary,Single-family,Owner occupied,1,0,68000,33,Credit score,Debt to income ratio,1,0,1,0,1,0,1,0,Male,Male,Male,Male,36,39,N,N,0,1
2024,48900,12,005,010803,Va,Single-Family,Not Hispanic or Latino,White,Female,1,Home purchase,360000,0.79,3.40,1.50,Not HOEPA,4000,2700,1300,600,2400,360,0,0,N,N,N,Y,N,470000,Site built,Primary,Single-family,Owner occupied,2,0,75000,34,Credit score,Credit score,1,0,1,0,1,0,1,0,Female,Female,Female,Female,33,35,N,N,1,1
2024,47700,25,015,070601,Conventional,Single-Family,Asian,American Indian or Alaska Native,Male,1,Home purchase,450000,0.75,3.55,1.70,Not HOEPA,5500,3400,2100,600,2800,360,0,0,N,N,N,N,N,580000,Site built,Primary,Single-family,Owner occupied,2,0,82000,30,Credit score,Score model,1,2,1,0,1,1,1,0,Male,Male,Male,Male,37,38,N,N,1,1
2024,43700,26,005,020802,Conventional,Single-Family,Not Hispanic or Latino,White,Female,2,Home purchase,420000,0.81,3.90,1.50,Not HOEPA,4600,3800,800,0,3800,360,0,6,Y,N,N,N,N,520000,Site built,Primary,Single-family,Owner occupied,2,0,79000,36,Credit score,Debt to income ratio,1,0,1,0,1,0,1,0,Female,Female,Female,Female,41,42,N,N,0,1
2024,47400,37,063,080101,FHA,Single-Family,Hispanic or Latino,Hispanic or Latino,Female,1,Home purchase,295000,0.81,3.55,1.55,Not HOEPA,3500,3200,300,0,3200,360,0,0,N,Y,N,N,N,370000,Site built,Primary,Single-family,Owner occupied,1,0,65000,32,Credit score,Credit score,2,2,1,0,2,0,1,0,Female,Female,Female,Female,42,45,N,N,1,1
2024,43600,05,131,060702,Conventional,Single-Family,Not Hispanic or Latino,White,Male,3,Home purchase,380000,0.76,3.45,1.80,Not HOEPA,1900,1300,600,0,1300,360,0,0,Y,N,N,Y,N,500000,Site built,Primary,Single-family,Owner occupied,2,0,88000,35,Credit score,Score model,1,0,1,0,1,0,1,0,Male,Male,Male,Male,35,37,N,N,0,1
2024,47900,48,029,010901,Conventional,Single-Family,Not Hispanic or Latino,White,Female,1,Home purchase,500000,0.77,3.80,1.65,Not HOEPA,5200,3600,1600,600,3000,360,0,0,N,Y,N,N,N,650000,Site built,Primary,Single-family,Owner occupied,2,0,100000,33,Credit score,Credit score,1,0,1,0,1,0,1,0,Female,Female,Female,Female,39,41,N,N,1,1
2024,50400,18,009,040302,Conventional,Single-Family,Not Hispanic or Latino,White,Male,2,Home purchase,330000,0.82,3.60,1.45,Not HOEPA,3600,2500,1100,400,2100,360,0,0,N,N,N,N,N,410000,Site built,Primary,Single-family,Owner occupied,1,0,90000,30,Credit score,Score model,1,0,1,0,1,0,1,0,Male,Male,Male,Male,34,36,N,N,0,1
2024,44000,33,011,070501,FHA,Single-Family,Not Hispanic or Latino,White,Female,1,Home purchase,230000,0.90,3.20,1.30,Not HOEPA,2200,2000,200,0,2000,360,0,0,N,Y,N,N,N,245000,Site built,Primary,Single-family,Owner occupied,2,0,65000,28,Credit score,Debt to income ratio,1,0,1,0,1,0,1,0,Female,Female,Female,Female,31,33,N,N,1,1
2024,47800,21,023,020603,Conventional,Single-Family,Not Hispanic or Latino,White,Male,7,Home purchase,475000,0.85,4.00,1.70,Not HOEPA,6800,4600,2200,550,4050,360,0,0,N,N,N,N,N,570000,Site built,Primary,Single-family,Owner occupied,2,0,84000,39,Credit score,Credit score,1,0,1,0,1,0,1,0,Male,Male,Male,Male,36,38,N,N,0,1
2024,48200,42,083,010701,Conventional,Single-Family,Not Hispanic or Latino,Black or African American,Male,1,Home purchase,310000,0.80,3.75,1.60,Not HOEPA,3100,1900,1200,500,1400,300,0,0,N,N,N,N,Y,360000,Site built,Primary,Single-family,Owner occupied,2,0,68000,32,Credit score,Debt to income ratio,1,0,1,1,1,0,1,0,Male,Male,Male,Male,29,31,N,N,1,1
2024,47200,24,063,030402,Conventional,Single-Family,Hispanic or Latino,Hispanic or Latino,Female,1,Home purchase,265000,0.84,4.10,1.65,Not HOEPA,2900,2500,400,0,2500,360,0,0,N,N,N,N,N,320000,Site built,Primary,Single-family,Owner occupied,2,0,55000,40,Credit score,Score model,2,2,1,0,2,0,1,0,Female,Female,Female,Female,35,37,N,N,1,1
2024,47200,04,019,020501,Va,Single-Family,Not Hispanic or Latino,White,Male,1,Home purchase,450000,0.75,3.30,1.65,Not HOEPA,5000,3200,1800,600,2600,360,6,0,Y,N,Y,N,N,580000,Site built,Primary,Single-family,Owner occupied,2,0,88000,31,Credit score,Credit score,1,0,1,0,1,0,1,0,Male,Male,Male,Male,32,35,N,N,1,1
2024,49600,23,003,040202,Conventional,Single-Family,Not Hispanic or Latino,White,Female,1,Home purchase,370000,0.80,3.95,1.60,Not HOEPA,4700,3000,1700,600,2400,360,0,0,N,Y,N,N,N,470000,Site built,Primary,Single-family,Owner occupied,2,0,77000,34,Credit score,Score model,1,0,1,0,1,0,1,0,Female,Female,Female,Female,39,41,N,N,1,1
2024,47700,31,007,060101,Conventional,Single-Family,Not Hispanic or Latino,White,Male,2,Home purchase,325000,0.81,3.70,1.70,Not HOEPA,3700,2600,1100,500,2100,360,0,0,N,N,N,N,N,410000,Site built,Primary,Single-family,Owner occupied,2,0,82000,30,Credit score,Debt to income ratio,1,0,1,0,1,0,1,0,Male,Male,Male,Male,34,37,N,N,0,1
2024,47800,39,037,020701,USDA Rural Development,Single-Family,Not Hispanic or Latino,White,Female,1,Home purchase,430000,0.79,3.85,1.55,Not HOEPA,5800,4100,1700,600,3500,360,0,0,N,N,Y,N,Y,510000,Site built,Primary,Single-family,Owner occupied,2,0,87000,33,Credit score,Credit score,1,0,1,0,1,0,1,0,Female,Female,Female,Female,40,45,N,N,1,1
2024,48100,33,059,080101,Conventional,Single-Family,Hispanic or Latino,Hispanic or Latino,Male,1,Home purchase,350000,0.84,3.65,1.50,Not HOEPA,3300,2300,1000,300,2000,360,0,0,N,N,N,N,N,420000,Site built,Primary,Single-family,Owner occupied,1,0,70000,35,Credit score,Debt to income ratio,2,2,1,0,2,0,1,0,Male,Male,Male,Male,31,34,N,N,1,1
2024,47600,17,085,070302,FHA,Single-Family,Not Hispanic or Latino,White,Female,1,Home purchase,300000,0.85,3.40,1.25,Not HOEPA,3400,3000,400,0,3000,300,0,0,N,Y,Y,N,N,350000,Site built,Primary,Single-family,Owner occupied,1,0,72000,31,Credit score,Credit score,1,0,1,0,1,0,1,0,Female,Female,Female,Female,38,40,N,N,1,1
2024,48800,26,047,050401,Conventional,Single-Family,Not Hispanic or Latino,White,Male,2,Home purchase,410000,0.78,3.75,1.60,Not HOEPA,4500,3400,1100,700,2700,360,0,0,Y,N,N,N,N,530000,Site built,Primary,Single-family,Owner occupied,2,0,80000,36,Credit score,Score model,1,0,1,0,1,0,1,0,Male,Male,Male,Male,35,38,N,N,0,1
2024,48800,09,001,080102,Conventional,Single-Family,Not Hispanic or Latino,White,Female,1,Home purchase,285000,0.83,3.90,1.55,Not HOEPA,3000,1900,1100,500,1400,360,0,0,N,N,N,N,N,330000,Site built,Primary,Single-family,Owner occupied,2,0,66000,32,Credit score,Credit score,1,0,1,0,1,0,1,0,Female,Female,Female,Female,29,32,N,N,1,1
2024,47100,09,029,030403,Conventional,Single-Family,Hispanic or Latino,Hispanic or Latino,Male,1,Home purchase,330000,0.82,4.15,1.65,Not HOEPA,3600,2400,1200,500,1900,360,0,0,N,N,N,N,N,400000,Site built,Primary,Single-family,Owner occupied,1,0,68000,34,Credit score,Score model,2,2,1,0,2,0,1,0,Male,Male,Male,Male,41,43,N,N,1,1
2024,47300,41,039,090201,Conventional,Single-Family,Not Hispanic or Latino,White,Female,7,Home purchase,625000,0.88,4.20,1.75,Not HOEPA,8500,6000,2500,500,5500,360,0,0,N,N,N,N,N,750000,Site built,Primary,Single-family,Owner occupied,2,0,100000,37,Credit score,Debt to income ratio,1,0,1,0,1,0,1,0,Female,Female,Female,Female,37,39,N,N,0,1
2024,50200,31,083,010402,FHA,Single-Family,Hispanic or Latino,Hispanic or Latino,Female,1,Home purchase,260000,0.83,3.55,1.45,Not HOEPA,2700,2100,600,0,2100,360,0,0,N,Y,N,N,N,310000,Site built,Primary,Single-family,Owner occupied,2,0,57000,29,Credit score,Credit score,2,2,1,0,2,0,1,0,Female,Female,Female,Female,36,39,N,N,1,1
2024,43800,39,003,090301,Conventional,Single-Family,Not Hispanic or Latino,White,Male,3,Home purchase,400000,0.80,3.45,1.75,Not HOEPA,4200,2700,1500,600,2100,360,0,0,Y,N,N,Y,N,500000,Site built,Primary,Single-family,Owner occupied,2,0,78000,33,Credit score,Score model,1,0,1,0,1,0,1,0,Male,Male,Male,Male,47,49,N,N,0,1
2024,46900,26,015,010602,Conventional,Single-Family,Not Hispanic or Latino,White,Female,1,Home purchase,425000,0.74,3.95,1.60,Not HOEPA,4800,3500,1300,700,3000,360,0,0,N,N,N,N,Y,570000,Site built,Primary,Single-family,Owner occupied,2,0,85000,30,Credit score,Credit score,1,0,1,0,1,0,1,0,Female,Female,Female,Female,38,42,N,N,1,1
2024,44600,34,019,080701,Conventional,Single-Family,Hispanic or Latino,Hispanic or Latino,Male,1,Home purchase,290000,0.85,3.70,1.55,Not HOEPA,3200,2400,800,0,2400,360,0,0,N,N,N,N,N,340000,Site built,Primary,Single-family,Owner occupied,1,0,59000,36,Credit score,Score model,2,2,1,0,2,0,1,0,Male,Male,Male,Male,27,32,N,N,1,1
2024,47700,13,065,020103,Conventional,Single-Family,Not Hispanic or Latino,White,Female,2,Home purchase,380000,0.81,3.80,1.65,Not HOEPA,4100,2700,1400,700,2100,240,0,0,N,N,N,N,N,420000,Site built,Primary,Single-family,Owner occupied,2,0,82000,32,Credit score,Credit score,1,0,1,0,1,0,1,0,Female,Female,Female,Female,41,43,N,N,0,1
2024,47200,12,081,010701,Conventional,Single-Family,Not Hispanic or Latino,White,Male,1,Home purchase,450000,0.74,3.65,1.60,Not HOEPA,5000,3200,1800,600,2600,360,0,0,N,N,N,N,N,580000,Site built,Primary,Single-family,Owner occupied,2,0,78000,31,Credit score,Debt to income ratio,1,0,1,0,1,0,1,0,Male,Male,Male,Male,36,38,N,N,1,1
2024,47700,11,001,050902,Conventional,Single-Family,Hispanic or Latino,Hispanic or Latino,Female,1,Home purchase,315000,0.84,4.10,1.65,Not HOEPA,3400,2500,900,500,2000,360,0,0,N,N,N,N,N,360000,Site built,Primary,Single-family,Owner occupied,2,0,68000,34,Credit score,Credit score,2,2,1,0,2,0,1,0,Female,Female,Female,Female,29,32,N,N,1,1
2024,44000,24,017,030601,Conventional,Single-Family,Not Hispanic or Latino,White,Male,1,Home purchase,365000,0.85,3.75,1.55,Not HOEPA,3900,2900,1000,600,2300,360,0,0,Y,N,N,Y,N,440000,Site built,Primary,Single-family,Owner occupied,2,0,78000,30,Credit score,Score model,1,0,1,0,1,0,1,0,Male,Male,Male,Male,40,42,N,N,1,1

2024,31080,CA,113,060051,Conventional,Single-Family,Hispanic or Latino,White,Male,1,Home Purchase,385000,0.75,6.25,2.75,1,7200,600,1800,300,2100,30,0,0,0,0,0,0,450000,Frame,Owner Occupied,Not Applicable,Not Applicable,1,0,185000,32,840,840,Hispanic or Latino,Asian,Observed,Observed,White,Other Hispanic or Latino,Observed,Observed,Male,Female,Observed,Observed,52,48,0,0,1,0
2024,31080,CA,113,060051,Conventional,Single-Family,Hispanic or Latino,White,Male,1,Home Purchase,525000,0.85,7.875,4.25,1,9200,800,2400,400,2800,30,0,0,0,0,0,0,650000,Frame,Owner Occupied,Not Applicable,Not Applicable,1,0,250000,38,820,820,Hispanic or Latino,Asian,Observed,Observed,White,Other Hispanic or Latino,Observed,Observed,Male,Female,Observed,Observed,58,46,1,0,1,0
2024,31080,CA,113,060051,Conventional,Single-Family,Hispanic or Latino,White,Male,1,Home Purchase,415000,0.70,8.25,3.75,0,8500,650,2200,350,2300,30,1,1,0,0,0,0,600000,Frame,Owner Occupied,Not Applicable,Not Applicable,1,0,192000,42,810,810,Hispanic or Latino,Asian,Observed,Observed,White,Other Hispanic or Latino,Observed,Observed,Male,Female,Observed,Observed,48,50,0,1,1,0
2024,31080,CA,113,060051,FHA,Single-Family,Hispanic or Latino,White,Male,1,Home Purchase,385000,0.80,6.5,2.5,1,8900,700,2500,300,2400,30,0,0,0,0,0,0,485000,Frame,Owner Occupied,Not Applicable,Not Applicable,1,0,185000,41,860,860,Hispanic or Latino,Not Provided,Observed,Not Applicable,White,Not Provided,Observed,Not Applicable,Male,Not Provided,Observed,Not Applicable,52,Not Provided,0,0,1,0
2024,31080,CA,113,060051,VA,Single-Family,Hispanic or Latino,White,Male,1,Home Purchase,495000,0.65,7.0,3.5,1,15000,1200,3600,600,3000,30,0,0,0,0,0,0,760000,Frame,Owner Occupied,Not Applicable,Not Applicable,1,0,265000,35,830,830,Hispanic or Latino,Black or African American,Observed,Observed,White,Black or African American,Observed,Observed,Male,Female,Observed,Observed,60,54,1,0,1,0
2024,31080,CA,113,060051,Conventional,Single-Family,Hispanic or Latino,White,Male,1,Home Purchase,420000,0.75,7.25,3.0,0,7200,600,1800,300,2100,30,1,1,0,0,0,0,560000,Frame,Owner Occupied,Not Applicable,Not Applicable,1,0,190000,34,840,840,Hispanic or Latino,Black or African American,Observed,Observed,White,Black or African American,Observed,Observed,Male,Male,Observed,Observed,56,58,1,1,1,0
2024,31080,CA,113,060051,Conventional,Single-Family,Hispanic or Latino,White,Male,1,Home Purchase,395000,0.80,8.0,3.25,1,8800,650,2300,300,2400,30,0,0,0,0,0,0,520000,Frame,Owner Occupied,Not Applicable,Not Applicable,1,0,175000,40,850,850,Hispanic or Latino,White,Observed,Observed,White,White,Observed,Observed,Male,Female,Observed,Observed,64,58,1,1,1,0
2024,31080,CA,113,060051,Conventional,Single-Family,Hispanic or Latino,White,Male,1,Home Purchase,535000,0.85,8.75,4.25,1,9900,750,2700,450,2700,30,1,1,0,0,0,0,680000,Frame,Owner Occupied,Not Applicable,Not Applicable,1,0,257500,39,860,860,Hispanic or Latino,Asian,Observed,Observed,White,Asian,Observed,Observed,Male,Female,Observed,Observed,65,48,1,0,1,0
2024,31080,CA,113,060051,Conventional,Single-Family,Hispanic or Latino,White,Male,1,Home Purchase,385000,0.65,6.75,3.0,0,7500,550,2000,350,2200,30,0,0,0,0,0,0,600000,Frame,Owner Occupied,Not Applicable,Not Applicable,1,0,185000,36,870,870,Hispanic or Latino,White,Observed,Observed,White,White,Observed,Observed,Male,Female,Observed,Observed,54,45,0,0,1,0
2024,31080,CA,113,060051,Conventional,Single-Family,Hispanic or Latino,White,Male,1,Home Purchase,450000,0.75,7.5,3.25,1,7800,550,2200,400,2100,30,1,1,0,0,0,0,650000,Frame,Owner Occupied,Not Applicable,Not Applicable,1,0,210000,34,820,820,Hispanic or Latino,Other,Observed,Observed,White,White,Observed,Observed,Male,Male,Observed,Observed,57,55,1,0,1,0
2024,31080,CA,113,060051,Conventional,Single-Family,Hispanic or Latino,White,Male,1,Home Purchase,475000,0.80,8.25,3.25,0,8500,600,2200,300,2400,30,1,1,0,0,0,0,600000,Frame,Owner Occupied,Not Applicable,Not Applicable,1,0,225000,32,840,840,Hispanic or Latino,Asian,Observed,Observed,White,Asian,Observed,Observed,Male,Female,Observed,Observed,61,48,1,0,1,0
2024,31080,CA,113,060051,Conventional,Single-Family,Hispanic or Latino,White,Male,1,Home Purchase,385000,0.85,7.125,2.75,1,7200,500,2200,250,2200,30,0,0,0,0,0,0,450000,Frame,Owner Occupied,Not Applicable,Not Applicable,1,0,185000,38,860,860,Hispanic or Latino,White,Observed,Observed,White,White,Observed,Observed,Male,Male,Observed,Observed,52,55,0,1,1,0
2024,31080,CA,113,060051,Conventional,Single-Family,Hispanic or Latino,White,Male,1,Home Purchase,410000,0.70,7.25,3.25,1,8300,550,2500,300,2500,30,1,1,0,0,0,0,580000,Frame,Owner Occupied,Not Applicable,Not Applicable,1,0,190000,33,850,850,Hispanic or Latino,Black or African American,Observed,Observed,White,Black or African American,Observed,Observed,Male,Female,Observed,Observed,58,45,1,0,1,0
2024,31080,CA,113,060051,VA,Single-Family,Hispanic or Latino,White,Male,1,Home Purchase,495000,0.75,7.25,2.75,1,16500,1200,3400,500,2800,30,0,0,0,0,0,0,800000,Frame,Owner Occupied,Not Applicable,Not Applicable,1,0,275000,30,830,830,Hispanic or Latino,Black or African American,Observed,Observed,White,Black or African American,Observed,Observed,Male,Male,Observed,Observed,63,58,1,1,1,0
2024,31080,CA,113,060051,Conventional,Single-Family,Hispanic or Latino,White,Male,1,Home Purchase,515000,0.80,7.75,3.25,0,8000,650,2200,400,2150,30,1,1,0,0,0,0,700000,Frame,Owner Occupied,Not Applicable,Not Applicable,1,0,230000,36,850,850,Hispanic or Latino,Asian,Observed,Observed,White,Asian,Observed,Observed,Male,Female,Observed,Observed,60,45,1,0,1,0
2024,31080,CA,113,060051,FHA,Single-Family,Hispanic or Latino,White,Male,1,Home Purchase,375000,0.85,7.0,2.75,1,8700,600,2500,250,2400,30,0,0,0,0,0,0,480000,Frame,Owner Occupied,Not Applicable,Not Applicable,1,0,180000,38,820,820,Hispanic or Latino,White,Observed,Observed,White,White,Observed,Observed,Male,Female,Observed,Observed,58,44,1,0,1,0
2024,31080,CA,113,060051,Conventional,Single-Family,Hispanic or Latino,White,Male,1,Home Purchase,435000,0.70,8.0,3.5,1,8400,800,2200,400,2000,30,1,1,0,0,0,0,580000,Frame,Owner Occupied,Not Applicable,Not Applicable,1,0,200000,39,830,830,Hispanic or Latino,White,Observed,Observed,White,White,Observed,Observed,Male,Female,Observed,Observed,55,48,0,1,1,0
2024,31080,CA,113,060051,Conventional,Single-Family,Hispanic or Latino,White,Male,1,Home Purchase,465000,0.75,7.0,2.75,1,7700,550,2100,250,2200,30,1,1,0,0,0,0,640000,Frame,Owner Occupied,Not Applicable,Not Applicable,1,0,215000,35,840,840,Hispanic or Latino,Black or African American,Observed,Observed,White,Black or African American,Observed,Observed,Male,Female,Observed,Observed,56,49,0,0,1,0
2024,31080,CA,113,060051,Conventional,Single-Family,Hispanic or Latino,White,Male,1,Home Purchase,420000,0.75,7.875,3.25,0,8300,600,2200,400,2100,30,1,1,0,0,0,0,580000,Frame,Owner Occupied,Not Applicable,Not Applicable,1,0,200000,32,870,870,Hispanic or Latino,White,Observed,Observed,White,White,Observed,Observed,Male,Female,Observed,Observed,57,45,1,0,1,0
2024,31080,CA,113,060051,Conventional,Single-Family,Hispanic or Latino,White,Male,1,Home Purchase,385000,0.80,7.5,2.75,1,7200,650,1800,300,2100,30,0,0,0,0,0,0,485000,Frame,Owner Occupied,Not Applicable,Not Applicable,1,0,175000,36,850,850,Hispanic or Latino,White,Observed,Observed,White,White,Observed,Observed,Male,Male,Observed,Observed,58,60,0,1,1,0
2024,31080,CA,113,060051,Conventional,Single-Family,Hispanic or Latino,White,Male,1,Home Purchase,455000,0.75,8.75,2.75,1,8100,500,2400,300,2400,30,1,1,0,0,0,0,680000,Frame,Owner Occupied,Not Applicable,Not Applicable,1,0,215000,33,860,860,Hispanic or Latino,Asian,Observed,Observed,White,Asian,Observed,Observed,Male,Female,Observed,Observed,63,46,1,0,1,0
2024,31080,CA,113,060051,FHA,Single-Family,Hispanic or Latino,White,Male,1,Home Purchase,415000,0.80,7.0,3.0,0,8500,550,2000,450,2000,30,0,0,0,0,0,0,550000,Frame,Owner Occupied,Not Applicable,Not Applicable,1,0,190000,34,820,820,Hispanic or Latino,Asian,Observed,Observed,White,Asian,Observed,Observed,Male,Female,Observed,Observed,52,44,0,0,1,0
2024,31080,CA,113,060051,Conventional,Single-Family,Hispanic or Latino,White,Male,1,Home Purchase,530000,0.75,7.25,3.25,1,12000,1000,3000,500,3500,30,1,1,0,0,0,0,710000,Frame,Owner Occupied,Not Applicable,Not Applicable,1,0,275000,30,830,830,Hispanic or Latino,Other,Observed,Observed,White,Other,Observed,Observed,Male,Female,Observed,Observed,60,54,1,1,1,0
2024,31080,CA,113,060051,Conventional,Single-Family,Hispanic or Latino,White,Male,1,Home Purchase,445000,0.85,8.25,3.75,1,8800,750,2200,350,2500,30,0,0,0,0,0,0,520000,Frame,Owner Occupied,Not Applicable,Not Applicable,1,0,205000,32,850,850,Hispanic or Latino,White,Observed,Observed,White,White,Observed,Observed,Male,Male,Observed,Observed,55,56,0,1,1,0
2024,31080,CA,113,060051,FHA,Single-Family,Hispanic or Latino,White,Male,1,Home Purchase,385000,0.85,6.5,2.75,1,8900,600,2200,300,2400,30,0,0,0,0,0,0,500000,Frame,Owner Occupied,Not Applicable,Not Applicable,1,0,178000,34,870,870,Hispanic or Latino,Other,Observed,Observed,White,Other,Observed,Observed,Male,Female,Observed,Observed,62,46,1,0,1,0
2024,31080,CA,113,060051,Conventional,Single-Family,Hispanic or Latino,White,Male,1,Home Purchase,510000,0.75,7.625,3.25,1,11200,1000,2800,500,3000,30,1,1,0,0,0,0,690000,Frame,Owner Occupied,Not Applicable,Not Applicable,1,0,250000,36,820,820,Hispanic or Latino,White,Observed,Observed,White,White,Observed,Observed,Male,Male,Observed,Observed,57,60,1,1,1,0
2024,31080,CA,113,060051,Conventional,Single-Family,Hispanic or Latino,White,Male,1,Home Purchase,395000,0.80,7.5,3.25,1,7600,600,1800,300,2200,30,1,1,0,0,0,0,510000,Frame,Owner Occupied,Not Applicable,Not Applicable,1,0,180000,35,830,830,Hispanic or Latino,Asian,Observed,Observed,White,Asian,Observed,Observed,Male,Female,Observed,Observed,58,48,0,0,1,0
2024,31080,CA,113,060051,Conventional,Single-Family,Hispanic or Latino,White,Male,1,Home Purchase,450000,0.75,8.0,3.0,0,8200,750,2400,400,2000,30,1,1,0,0,0,0,620000,Frame,Owner Occupied,Not Applicable,Not Applicable,1,0,210000,40,840,840,Hispanic or Latino,White,Observed,Observed,White,White,Observed,Observed,Male,Male,Observed,Observed,54,57,0,1,1,0
2024,31080,CA,113,060051,FHA,Single-Family,Hispanic or Latino,White,Male,1,Home Purchase,400000,0.75,7.25,2.25,1,8600,550,2200,400,2400,30,0,0,0,0,0,0,520000,Frame,Owner Occupied,Not Applicable,Not Applicable,1,0,190000,31,860,860,Hispanic or Latino,White,Observed,Observed,White,White,Observed,Observed,Male,Female,Observed,Observed,53,49,0,0,1,0
2024,31080,CA,113,060051,Conventional,Single-Family,Hispanic or Latino,White,Male,1,Home Purchase,425000,0.80,8.0,3.5,1,8000,550,2400,300,2200,30,1,1,0,0,0,0,580000,Frame,Owner Occupied,Not Applicable,Not Applicable,1,0,200000,37,820,820,Hispanic or Latino,White,Observed,Observed,White,White,Observed,Observed,Male,Male,Observed,Observed,54,61,0,1,1,0
2024,31080,CA,113,060051,Conventional,Single-Family,Hispanic or Latino,White,Male,1,Home Purchase,470000,0.75,6.5,2.75,0,7300,600,2000,350,1900,30,1,1,0,0,0,0,640000,Frame,Owner Occupied,Not Applicable,Not Applicable,1,0,225000,35,830,830,Hispanic or Latino,Other,Observed,Observed,White,Other,Observed,Observed,Male,Female,Observed,Observed,55,47,1,0,1,0
2024,31080,CA,113,060051,FHA,Single-Family,Hispanic or Latino,White,Male,1,Home Purchase,395000,0.70,7.25,2.5,1,8400,600,2200,300,2000,30,0,0,0,0,0,0,540000,Frame,Owner Occupied,Not Applicable,Not Applicable,1,0,185000,36,870,870,Hispanic or Latino,White,Observed,Observed,White,White,Observed,Observed,Male,Female,Observed,Observed,51,50,0,0,1,0
2024,31080,CA,113,060051,Conventional,Single-Family,Hispanic or Latino,White,Male,1,Home Purchase,435000,0.85,8.0,3.25,1,8900,650,2200,300,2100,30,1,1,0,0,0,0,600000,Frame,Owner Occupied,Not Applicable,Not Applicable,1,0,190000,31,860,860,Hispanic or Latino,Black or African American,Observed,Observed,White,Black or African American,Observed,Observed,Male,Male,Observed,Observed,62,55,1,1,1,0
2024,31080,CA,113,060051,Conventional,Single-Family,Hispanic or Latino,White,Male,1,Home Purchase,415000,0.70,7.25,3.5,1,8300,500,2200,350,2350,30,1,1,0,0,0,0,580000,Frame,Owner Occupied,Not Applicable,Not Applicable,1,0,185000,35,830,830,Hispanic or Latino,Asian,Observed,Observed,White,Asian,Observed,Observed,Male,Female,Observed,Observed,54,43,0,0,1,0
2024,31080,CA,113,060051,Conventional,Single-Family,Hispanic or Latino,White,Male,1,Home Purchase,480000,0.75,7.875,3.25,1,9000,750,2800,400,2200,30,1,1,0,0,0,0,670000,Frame,Owner Occupied,Not Applicable,Not Applicable,1,0,230000,32,850,850,Hispanic or Latino,White,Observed,Observed,White,White,Observed,Observed,Male,Female,Observed,Observed,55,45,0,0,1,0
2024,31080,CA,113,060051,Conventional,Single-Family,Hispanic or Latino,White,Male,1,Home Purchase,420000,0.80,7.5,3.5,0,7900,650,1900,350,1900,30,1,1,0,0,0,0,550000,Frame,Owner Occupied,Not Applicable,Not Applicable,1,0,220000,36,870,870,Hispanic or Latino,Black or African American,Observed,Observed,White,Black or African American,Observed,Observed,Male,Female,Observed,Observed,59,48,1,1,1,0
2024,31080,CA,113,060051,FHA,Single-Family,Hispanic or Latino,White,Male,1,Home Purchase,375000,0.75,6.5,3.0,1,8900,550,2400,300,2200,30,0,0,0,0,0,0,510000,Frame,Owner Occupied,Not Applicable,Not Applicable,1,0,175000,35,840,840,Hispanic or Latino,Other,Observed,Observed,White,Other,Observed,Observed,Male,Male,Observed,Observed,60,53,1,0,1,0
2024,31080,CA,113,060051,Conventional,Single-Family,Hispanic or Latino,White,Male,1,Home Purchase,465000,0.85,7.875,3.5,1,8500,650,2300,350,2200,30,1,1,0,0,0,0,650000,Frame,Owner Occupied,Not Applicable,Not Applicable,1,0,215000,38,830,830,Hispanic or Latino,Asian,Observed,Observed,White,Asian,Observed,Observed,Male,Female,Observed,Observed,56,44,1,0,1,0
2024,31080,CA,113,060051,Conventional,Single-Family,Hispanic or Latino,White,Male,1,Home Purchase,445000,0.75,7.25,3.25,1,8000,650,2200,400,1900,30,1,1,0,0,0,0,600000,Frame,Owner Occupied,Not Applicable,Not Applicable,1,0,205000,36,850,850,Hispanic or Latino,Black or African American,Observed,Observed,White,Black or African American,Observed,Observed,Male,Female,Observed,Observed,54,50,0,0,1,0
2024,31080,CA,113,060051,Conventional,Single-Family,Hispanic or Latino,White,Male,1,Home Purchase,440000,0.85,7.5,3.25,1,8600,750,2400,500,2000,30,0,0,0,0,0,0,580000,Frame,Owner Occupied,Not Applicable,Not Applicable,1,0,220000,40,840,840,Hispanic or Latino,White,Observed,Observed,White,White,Observed,Observed,Male,Female,Observed,Observed,59,49,
2024,45678,36,061,012345,Conventional,Single-Family,Non-Hispanic,White,Male,1,Home Purchase,325000,85.0,6.25,1.75,0,8250,5250,3000,1.5,3000,30,0,0,0,0,0,0,450000,Site-Built,Primary,NA,NA,1,0,95000,32,7,3,Hispanic,2,1,1,White,2,1,1,Male,Female,Yes,No,62,34,No,Yes
2024,45678,36,061,012345,Conventional,Single-Family,Non-Hispanic,White,Female,1,Home Purchase,575000,78.0,5.25,1.50,0,14375,9375,5000,2.0,4375,30,0,0,0,0,0,0,750000,Site-Built,Primary,NA,NA,1,0,120000,25,8,3,Hispanic,2,1,1,White,2,1,1,Female,Male,Yes,No,58,40,Yes,No
2024,45678,36,061,012345,FHA,Single-Family,Hispanic,Hispanic,Male,1,Home Purchase,275000,92.0,7.12,2.00,1,8500,5000,3500,1.0,3000,30,0,0,1,0,0,0,300000,Site-Built,Primary,NA,NA,1,0,78000,40,9,5,Hispanic,1,1,1,Hispanic,1,1,1,Male,Male,Yes,Yes,64,54,Yes,Yes
2024,45678,36,061,012345,VA,Single-Family,Non-Hispanic,White,Female,1,Home Purchase,150000,82.0,4.75,1.00,0,5500,3500,2000,0.75,2000,30,5,0,0,0,0,0,180000,Site-Built,Primary,NA,NA,1,0,98000,33,6,3,Hispanic,2,1,1,White,2,1,1,Male,Male,Yes,Yes,61,50,No,Yes
2024,45678,36,061,012345,Conventional,Single-Family,Non-Hispanic,White,Male,1,Home Purchase,375000,90.0,5.87,1.75,0,9375,5625,3750,1.25,3000,30,0,1,0,0,0,0,435000,Site-Built,Primary,NA,NA,1,0,105000,28,8,4,Hispanic,2,1,1,White,2,1,1,Male,Female,No,No,65,39,No,No
2024,45678,36,061,012345,Conventional,Single-Family,Non-Hispanic,Black,Male,1,Home Purchase,150000,92.0,7.25,2.00,1,5250,3250,2000,0.75,1500,30,0,1,0,0,0,0,180000,Site-Built,Primary,NA,NA,1,0,110000,35,9,5,Hispanic,2,1,1,Black,1,1,1,Male,Male,No,No,58,45,No,No
2024,45678,36,061,012345,FHA,Single-Family,Hispanic,Hispanic,Female,2,Home Improvement,80000,95.0,7.62,2.00,1,3000,1750,1250,0.5,800,15,0,1,0,0,0,0,70000,Site-Built,Primary,NA,NA,1,0,55000,45,9,5,Hispanic,1,1,1,Hispanic,1,1,1,Female,Female,No,Yes,62,44,Yes,Yes
2024,45678,36,061,012345,FHA,Single-Family,Non-Hispanic,White,Female,1,Home Purchase,275000,90.0,6.25,1.50,1,7750,4250,3500,1.0,3000,30,0,0,0,0,0,0,320000,Site-Built,Primary,NA,NA,1,0,90000,30,7,3,Hispanic,2,1,1,White,2,1,1,Male,Female,Yes,Yes,59,62,No,Yes
2024,45678,36,061,012345,Conventional,Single-Family,Non-Hispanic,White,Male,1,Home Purchase,425000,80.0,5.50,1.50,1,13600,9600,4000,2.0,3600,30,0,0,0,0,0,0,550000,Site-Built,Primary,NA,NA,1,0,135000,28,6,4,Hispanic,2,1,1,White,2,1,1,Male,Female,No,Yes,62,50,Yes,Yes
2024,45678,36,061,012345,Conventional,Single-Family,Non-Hispanic,White,Male,1,Home Purchase,525000,88.0,5.87,1.75,0,13125,9625,3500,2.0,3500,30,0,0,0,0,0,0,670000,Site-Built,Primary,NA,NA,1,0,142000,25,5,3,Hispanic,2,1,1,White,2,1,1,Male,Female,Yes,No,63,36,No,Yes
2024,45678,36,061,012345,Conventional,Single-Family,Non-Hispanic,White,Female,1,Home Purchase,350000,92.0,6.00,1.75,0,10000,6000,4000,1.5,3000,30,0,0,0,0,0,0,400000,Site-Built,Primary,NA,NA,1,0,85000,33,8,4,Hispanic,2,1,1,White,2,1,1,Male,Male,Yes,No,56,49,Yes,Yes
2024,45678,36,061,012345,FHA,Single-Family,Hispanic,Hispanic,Female,1,Refinancing,275000,87.0,6.37,1.88,1,9000,5000,4000,1.0,4000,30,0,0,0,0,0,0,330000,Site-Built,Primary,NA,NA,1,0,115000,25,7,3,Hispanic,1,1,1,Hispanic,1,1,1,Female,Male,Yes,Yes,61,46,No,Yes
2024,45678,36,061,012345,Conventional,Single-Family,Non-Hispanic,White,Female,1,Home Purchase,405000,85.0,5.12,1.25,0,12150,8150,4000,1.5,4000,30,1,0,0,0,0,0,520000,Site-Built,Primary,NA,NA,1,0,125000,25,6,4,Hispanic,2,1,1,White,2,1,1,Male,Female,No,No,63,50,No,Yes
2024,45678,36,061,012345,FHA,Single-Family,Hispanic,Hispanic,Male,1,Home Purchase,250000,95.0,7.50,2.00,1,7100,4500,2600,1.25,1500,30,0,0,0,0,0,0,260000,Site-Built,Primary,NA,NA,1,0,75000,35,9,5,Hispanic,1,1,1,Hispanic,1,1,1,Male,Male,No,No,52,38,Yes,Yes
2024,45678,36,061,012345,Conventional,Single-Family,Non-Hispanic,Black,Male,1,Home Purchase,300000,88.0,6.50,1.75,1,8750,5250,3500,1.0,3500,30,5,0,0,0,0,0,350000,Site-Built,Primary,NA,NA,1,0,65000,40,9,5,Hispanic,2,1,1,Black,1,1,1,Male,Male,Yes,Yes,57,43,No,Yes
2024,45678,36,061,012345,Conventional,Single-Family,Non-Hispanic,Asian,Female,1,Home Purchase,475000,82.0,5.37,1.25,0,14250,10250,4000,2.0,4000,30,0,0,0,0,0,0,600000,Site-Built,Primary,NA,NA,1,0,95000,23,7,4,Hispanic,2,1,1,Asian,3,1,1,Male,Female,No,Yes,59,45,Yes,Yes
2024,45678,36,061,012345,Conventional,Single-Family,Non-Hispanic,White,Male,1,Home Purchase,325000,88.0,5.75,1.50,0,9750,6250,3500,1.25,3000,30,0,0,0,0,0,0,390000,Site-Built,Primary,NA,NA,1,0,88000,28,6,3,Hispanic,2,1,1,White,2,1,1,Male,Female,No,No,65,35,Yes,Yes
2024,45678,36,061,012345,Conventional,Single-Family,Non-Hispanic,White,Female,1,Home Purchase,375000,90.0,6.00,1.50,0,11250,7250,4000,1.5,3250,30,0,0,0,0,0,0,450000,Site-Built,Primary,NA,NA,1,0,135000,25,8,5,Hispanic,2,1,1,White,2,1,1,Male,Female,Yes,Yes,63,51,No,No
2024,45678,36,061,012345,VA,Single-Family,Non-Hispanic,White,Male,1,Home Purchase,200000,85.0,4.62,1.25,0,4625,2625,2000,0.85,1000,30,0,0,0,0,0,0,250000,Site-Built,Primary,NA,NA,1,0,80000,42,7,4,Hispanic,2,1,1,White,2,1,1,Male,Male,No,Yes,64,37,No,Yes
2024,45678,36,061,012345,FHA,Single-Family,Hispanic,Hispanic,Male,2,Home Improvement,175000,92.0,7.12,2.25,1,7500,4500,3000,0.75,2250,15,0,0,0,0,0,0,200000,Site-Built,Primary,NA,NA,1,0,78000,48,5,5,Hispanic,1,1,1,Hispanic,1,1,1,Male,Female,No,No,58,52,Yes,Yes
2024,45678,36,061,012345,Conventional,Single-Family,Non-Hispanic,White,Male,1,Home Purchase,350000,86.0,5.50,1.25,0,10500,6500,4000,1.5,2500,30,0,0,0,0,0,0,430000,Site-Built,Primary,NA,NA,1,0,92000,32,8,4,Hispanic,2,1,1,White,2,1,1,Male,Male,YeS,No,63,39,No,No
2024,45678,36,061,012345,FHA,Single-Family,Non-Hispanic,White,Female,1,Home Purchase,275000,90.0,6.25,1.75,1,6187,3187,3000,0.5,1500,30,0,0,0,0,0,0,340000,Site-Built,Primary,NA,NA,1,0,120000,30,5,3,Hispanic,2,1,1,White,2,1,1,Male,Female,No,Yes,59,48,Yes,Yes
2024,45678,36,061,012345,Conventional,Single-Family,Non-Hispanic,White,Male,1,Home Purchase,325000,92.0,6.00,1.50,0,9250,5750,3500,1.25,3250,30,0,0,0,0,0,0,400000,Site-Built,Primary,NA,NA,1,0,95000,35,6,4,Hispanic,2,1,1,White,2,1,1,Male,Female,No,Yes,64,36,No,Yes
2024,45678,36,061,012345,FHA,Single-Family,Hispanic,Hispanic,Female,1,Home Purchase,187500,87.0,7.00,2.00,1,8750,5500,3250,1.0,2250,30,0,0,0,0,0,0,230000,Site-Built,Primary,NA,NA,1,0,72000,42,5,5,Hispanic,1,1,1,Hispanic,1,1,1,Female,Male,Yes,Yes,56,45,No,No
2024,45678,36,061,012345,Conventional,Single-Family,Non-Hispanic,White,Female,1,Home Purchase,175000,85.0,6.25,1.25,0,5250,3250,2000,0.75,1500,30,0,0,0,0,0,0,220000,Site-Built,Primary,NA,NA,1,0,87000,25,5,3,Hispanic,2,1,1,White,2,1,1,Male,Male,No,Yes,63,52,Yes,Yes
2024,45678,36,061,012345,Conventional,Single-Family,Non-Hispanic,White,Male,1,Home Purchase,425000,88.0,5.75,1.50,0,12750,8250,4500,1.75,3000,30,0,1,0,0,0,0,510000,Site-Built,Primary,NA,NA,1,0,132000,26,8,4,Hispanic,2,1,1,White,2,1,1,Male,Female,Yes,Yes,57,39,No,Yes
2024,45678,36,061,012345,Conventional,Single-Family,Non-Hispanic,White,Female,1,Home Purchase,350000,85.0,5.25,1.25,0,10500,6500,4000,1.25,2500,30,0,0,0,0,0,0,430000,Site-Built,Primary,NA,NA,1,0,98000,33,7,4,Hispanic,2,1,1,White,2,1,1,Male,Male,Yes,No,58,40,Yes,Yes
2024,45678,36,061,012345,FHA,Single-Family,Hispanic,Hispanic,Male,1,Home Purchase,275000,92.0,7.50,2.00,1,9000,5000,4000,1.0,3000,30,0,0,0,0,0,0,320000,Site-Built,Primary,NA,NA,1,0,85000,40,9,5,Hispanic,1,1,1,Hispanic,1,1,1,Male,Male,Yes,No,54,41,No,No
2024,45678,36,061,012345,Conventional,Single-Family,Non-Hispanic,White,Female,1,Home Purchase,575000,88.0,5.25,1.50,0,17250,12750,4500,2.0,4500,30,0,1,0,0,0,0,670000,Site-Built,Primary,NA,NA,1,0,120000,25,5,4,Hispanic,2,1,1,White,2,1,1,Male,Male,Yes,Yes,55,42,No,Yes
2024,45678,36,061,012345,Conventional,Single-Family,Non-Hispanic,White,Male,1,Home Purchase,395000,85.0,5.12,1.25,1,11850,7850,4000,1.5,3000,30,0,0,0,0,0,0,480000,Site-Built,Primary,NA,NA,1,0,112000,28,6,3,Hispanic,2,1,1,White,2,1,1,Male,Female,No,No,62,38,Yes,No
2024,45678,36,061,012345,Conventional,Single-Family,Non-Hispanic,Black,Male,1,Home Purchase,195000,93.0,7.25,2.25,1,5450,3450,2000,0.75,1500,30,0,0,0,0,0,0,220000,Site-Built,Primary,NA,NA,1,0,90000,42,5,5,Hispanic,2,1,1,Black,1,1,1,Male,Female,No,Yes,54,44,Yes,Yes
2024,45678,36,061,012345,FHA,Single-Family,Hispanic,Hispanic,Female,1,Home Purchase,225000,95.0,7.37,2.25,1,7875,4875,3000,0.75,2000,30,0,0,0,0,0,0,240000,Site-Built,Primary,NA,NA,1,0,68000,45,9,5,Hispanic,1,1,1,Hispanic,1,1,1,Female,Female,No,Yes,57,50,Yes,Yes
2024,45678,36,061,012345,Conventional,Single-Family,Non-Hispanic,White,Female,1,Home Purchase,400000,90.0,5.87,1.25,0,12000,8000,4000,1.5,3000,30,0,0,0,0,0,0,480000,Site-Built,Primary,NA,NA,1,0,130000,26,7,4,Hispanic,2,1,1,White,2,1,1,Male,Male,No,Yes,63,44,No,No
2024,45678,36,061,012345,Conventional,Single-Family,Non-Hispanic,White,Male,1,Home Purchase,345000,80.0,5.75,1.25,0,10350,6350,4000,1.5,2500,30,0,0,0,0,0,0,450000,Site-Built,Primary,NA,NA,1,0,85000,30,8,3,Hispanic,2,1,1,White,2,1,1,Male,Female,Yes,No,56,35,No,Yes
2024,45678,36,061,012345,FHA,Single-Family,Hispanic,Hispanic,Male,1,Home Purchase,250000,92.0,7.25,2.00,1,7250,4250,3000,0.75,1750,30,0,0,0,0,0,0,300000,Site-Built,Primary,NA,NA,1,0,72000,38,9,5,Hispanic,1,1,1,Hispanic,1,1,1,Male,Male,Yes,Yes,58,48,Yes,Yes
2024,45678,36,061,012345,Conventional,Single-Family,Non-Hispanic,White,Female,1,Home Purchase,360000,84.0,5.50,1.25,0,10800,6800,4000,1.25,2500,30,0,0,0,0,0,0,430000,Site-Built,Primary,NA,NA,1,0,102000,32,7,4,Hispanic,2,1,1,White,2,1,1,Male,Male,No,Yes,55,45,Yes,Yes
2024,45678,36,061,012345,Conventional,Single-Family,Non-Hispanic,White,Male,1,Home Purchase,425000,85.0,5.37,1.25,0,12750,8250,4500,1.5,3000,30,1,0,0,0,0,0,560000,Site-Built,Primary,NA,NA,1,0,135000,27,6,3,Hispanic,2,1,1,White,2,1,1,Male,Female,No,Yes,65,38,No,Yes
2024,45678,36,061,012345,FHA,Single-Family,Non-Hispanic,White,Female,1,Home Purchase,285000,87.0,6.75,1.75,1,7125,4625,2500,1.0,2000,30,0,1,0,0,0,0,320000,Site-Built,Primary,NA,NA,1,0,122000,30,8,4,Hispanic,2,1,1,White,2,1,1,Male,Male,Yes,Yes,61,41,Yes,No
2024,45678,36,061,012345,Conventional,Single-Family,Non-Hispanic,White,Male,1,Home Purchase,385000,85.0,5.50,1.25,0,11550,7550,4000,1.5,2500,30,0,0,0,0,0,0,470000,Site-Built,Primary,NA,NA,1,0,92000,30,7,3,Hispanic,2,1,1,White,2,1,1,Male,Female,No,No,56,44,Yes,Yes
2024,45678,36,061,012345,Conventional,Single-Family,Non-Hispanic,Black,Male,1,Home Purchase,180000,90.0,7.00,2.00,1,8100,4600,3500,0.75,1000,30,0,0,0,0,0,0,200000,Site-Built,Primary,NA,NA,1,0,85000,41,10,5,Hispanic,2,1,1,Black,1,1,1,Male,Male,Yes,No,52,45,No,Yes
2024,45678,36,061,012345,Conventional,Single-Family,Non-Hispanic,White,Female,1,Home Purchase,575000,88.0,5.75,1.50,0,17250,12750,4500,2.0,4500,30,0,0,0,0,0,0,700000,Site-Built,Primary,NA,NA,1,0,138000,26,7,4,Hispanic,2,1,1,White,2,1,1,Male,Female,Yes,Yes,53,39,Yes,No
2024,45678,36,061,012345,Conventional,Single-Family,Non-Hispanic,White,Male,1,Home Purchase,330000,82.0,5.50,1.50,0,9900,6400,3500,1.25,2500,30,0,0,0,0,0,0,430000,Site-Built,Primary,NA,NA,1,0,102000,28,8,3,Hispanic,2,1,1,White,2,1,1,Male,Female,No,No,57,42,No,Yes
2024,45678,36,061,012345,FHA,Single-Family,Hispanic,Hispanic,Female,1,Home Purchase,285000,90.0,7.12,2.00,1,8650,5150,3500,1.0,2500,30,0,0,0,0,0,0,330000,Site-Built,Primary,NA,NA,1,0,80000,42,5,5,Hispanic,1,1,1,Hispanic,1,1,1,Female,Female,No,Yes,63,55,Yes,Yes
2024,45678,36,061,012345,Conventional,Single-Family,Non-Hispanic,White,Female,1,Home Purchase,350000,85.0,5.37,1.25,0,10500,6500,4000,1.25,2500,30,0,0,0,0,0,0,430000,Site-Built,Primary,NA,NA,1,0,85000,33,6,4,Hispanic,2,1,1,White,2,1,1,Male,Male,Yes,Yes,57,43,No,Yes
2024,45678,36,061,012345,FHA,Single-Family,Hispanic,Hispanic,Male,2,Home Improvement,135000,92.0,7.37,2.12,1,7875,4875,3000,0.75,1500,15,0,0,0,0,0,0,180000,Site-Built,Primary,NA,NA,1,0,60000,48,5,5,Hispanic,1,1,1,Hispanic,1,1,1,Male,Male,No,Yes,58,44,Yes,Yes
2024,45678,36,061,012345,Conventional,Single-Family,Non-His
2024,35820,31,035,701001,T,1,1,4,2,1,1,580000,0.92,6.25,3.95,1,8500,6000,2500,1.5,2500,360,0,0,N,Y,N,N,N,820000,S,1,1,1,4,8,4,85000,35,1,2,1,2,1,2,1,2,1,2,30,32,N,N,Y,N,N,N,N,3,N
2024,35820,31,035,701002,T,1,1,4,2,1,1,650000,0.89,7.10,4.80,1,9200,6200,3000,2.0,3000,360,0,0,N,Y,N,N,N,880000,S,1,1,1,1,4,8,95000,40,2,1,2,1,2,1,2,1,2,1,32,35,N,N,Y,N,N,N,N,2,N
2024,35820,31,035,701003,F,2,1,2,1,1,1,420000,0.91,5.75,2.70,1,5800,4100,1700,1.2,1700,360,0,0,N,N,N,N,N,580000,S,1,1,1,2,4,4,68000,32,1,2,1,2,1,2,1,2,1,2,28,30,N,N,N,N,N,N,N,3,N
2024,35820,31,035,701004,F,2,1,2,1,1,1,380000,0.85,5.30,2.20,1,4900,3400,1500,1.0,1500,360,0,0,N,N,N,N,N,520000,S,1,1,1,3,2,4,65000,30,1,1,1,1,1,1,1,1,1,1,45,42,N,Y,N,N,N,N,N,2,N
2024,35820,31,035,701005,F,2,1,2,1,1,1,450000,0.88,5.80,3.10,1,5500,3800,1700,1.0,1700,360,0,0,N,N,N,N,N,620000,S,1,1,1,4,2,2,72000,35,2,2,2,2,2,2,2,2,2,2,52,50,N,Y,N,N,N,N,N,3,N
2024,35820,31,035,701006,F,2,1,2,2,1,1,320000,0.80,5.10,3.00,1,4200,2800,1400,1.8,1400,360,0,0,N,N,N,N,N,520000,S,1,1,1,2,4,4,60000,28,1,1,1,1,1,1,1,1,1,1,42,37,N,N,N,N,N,N,N,2,N
2024,35820,31,035,701007,T,1,1,4,2,1,1,750000,0.90,6.50,4.00,1,10500,7200,3300,2.5,3300,360,0,0,N,Y,N,N,N,950000,S,1,1,1,1,8,8,120000,38,2,1,2,1,2,1,2,1,2,1,39,40,N,Y,Y,Y,N,Y,N,3,N
2024,35820,31,035,701008,F,2,1,4,1,1,1,300000,0.78,4.90,2.50,1,3900,2600,1300,1.5,1300,360,0,0,N,N,N,N,N,450000,S,1,1,1,2,4,4,55000,25,1,1,1,1,1,1,1,1,1,1,34,34,N,N,N,N,N,N,N,2,N
2024,35820,31,035,701009,F,1,1,2,2,1,1,480000,0.92,5.50,2.70,1,6500,4200,2300,1.0,2300,360,0,0,N,N,N,N,N,650000,S,1,1,1,3,4,2,75000,33,1,1,1,1,1,1,1,1,1,1,38,35,N,Y,N,Y,N,N,N,1,N
2024,35820,31,035,701010,T,1,1,4,1,1,1,680000,0.90,6.80,4.10,1,9800,6500,3300,2.2,3300,360,0,0,N,Y,N,N,N,890000,S,1,1,1,1,8,2,100000,40,1,2,1,2,1,2,1,2,1,2,43,45,N,Y,N,N,N,N,N,3,N
2024,35820,31,035,701011,U,3,2,4,2,1,1,520000,0.88,6.10,4.00,1,7200,5100,2100,1.8,2100,360,0,0,N,N,N,N,N,650000,S,1,1,1,2,8,4,78000,36,2,1,2,1,2,1,2,1,2,1,33,31,N,N,N,N,N,N,N,2,N
2024,35820,31,035,701012,F,2,1,1,2,1,1,360000,0.85,5.20,3.00,1,4900,3200,1700,1.5,1700,360,0,0,N,N,N,N,N,540000,S,1,1,1,1,4,4,62000,34,1,2,1,2,1,2,1,2,1,2,40,41,N,N,N,N,N,N,N,1,N
2024,35820,31,035,701013,T,1,1,4,1,1,1,820000,0.92,6.40,3.70,1,11500,7800,3700,2.8,3700,360,0,0,N,Y,N,N,N,1000000,S,1,1,1,1,8,8,120000,42,2,1,2,1,2,1,2,1,2,1,51,53,N,Y,N,N,N,Y,N,3,N
2024,35820,31,035,701014,T,1,1,2,2,1,1,460000,0.91,5.90,3.20,1,6800,4500,2300,1.5,2300,360,0,0,N,Y,N,N,N,620000,S,1,1,1,1,4,2,70000,36,1,2,1,2,1,2,1,2,1,2,45,43,N,N,Y,N,N,N,N,1,N
2024,35820,31,035,701015,F,2,1,2,1,1,1,390000,0.86,5.40,2.70,1,5200,3600,1600,1.2,1600,360,0,0,N,N,N,N,N,580000,S,1,1,1,4,4,8,65000,33,1,2,1,2,1,2,1,2,1,2,35,36,N,Y,N,N,N,N,N,2,N
2024,35820,31,035,701016,F,2,1,2,1,1,1,440000,0.90,5.70,3.10,1,6300,4400,1900,1.5,1900,360,0,0,N,N,N,N,N,600000,S,1,1,1,2,4,8,68000,34,1,1,1,1,1,1,1,1,1,1,29,33,N,N,N,N,N,M,N,1,N
2024,35820,31,035,701017,U,3,2,4,2,1,1,550000,0.89,6.20,3.90,1,7800,5400,2400,2.1,2400,360,0,0,N,N,N,N,N,700000,S,1,1,1,1,4,2,85000,39,2,1,2,1,2,1,2,1,2,1,43,41,N,N,Y,N,N,N,N,2,N
2024,35820,31,035,701018,T,1,1,1,2,1,1,780000,0.91,6.60,4.30,1,11200,7800,3400,2.3,3400,360,0,0,N,Y,N,N,N,980000,S,1,1,1,1,4,2,100000,41,1,2,1,2,1,2,1,2,1,2,50,48,N,Y,N,Y,N,Y,N,3,N
2024,35820,31,035,701019,F,2,1,4,1,1,1,340000,0.83,5.10,2.80,1,4500,3000,1500,1.3,1500,360,0,0,N,N,N,N,N,500000,S,1,1,1,3,4,8,58000,31,1,1,1,1,1,1,1,1,1,1,37,32,N,Y,N,Y,N,N,N,1,N
2024,35820,31,035,701020,F,2,1,2,2,1,1,370000,0.87,5.30,2.90,1,5000,3300,1700,1.1,1700,360,0,0,N,N,N,N,N,550000,S,1,1,1,2,4,4,62000,30,1,2,1,2,1,2,1,2,1,2,44,42,N,N,N,N,N,N,N,2,N
2024,35820,31,035,701021,T,1,1,4,1,1,1,850000,0.92,6.80,4.20,1,12000,8200,3800,2.5,3800,360,0,0,N,Y,N,N,N,1000000,S,1,1,1,1,8,8,130000,43,2,1,2,1,2,1,2,1,2,1,52,51,N,Y,N,N,N,Y,N,3,N
2024,35820,31,035,701022,T,1,1,1,2,1,1,600000,0.90,6.30,3.30,1,8500,5800,2700,1.8,2700,360,0,0,N,Y,N,N,N,750000,S,1,1,1,1,8,8,90000,37,1,2,1,2,1,2,1,2,1,2,38,40,N,Y,N,N,N,N,N,1,N
2024,35820,31,035,701023,F,2,1,2,1,1,1,410000,0.88,5.60,3.00,1,5600,3900,1700,1.3,1700,360,0,0,N,N,N,N,N,580000,S,1,1,1,3,2,4,63000,32,1,1,1,1,1,1,1,1,1,1,45,43,N,N,N,N,N,N,N,1,N
2024,35820,31,035,701024,F,2,1,2,1,1,1,330000,0.85,4.90,3.10,1,4100,2800,1300,1.4,1300,360,0,0,N,N,N,N,N,500000,S,1,1,1,2,4,2,59000,29,1,1,1,1,1,1,1,1,1,1,27,30,N,N,N,N,N,N,N,1,N
2024,35820,31,035,701025,T,1,1,4,2,1,1,720000,0.91,6.50,4.00,1,10200,7100,3100,2.0,3100,360,0,0,N,Y,N,N,N,880000,S,1,1,1,1,8,8,110000,39,2,1,2,1,2,1,2,1,2,1,42,44,N,Y,N,Y,N,Y,N,3,N
2024,35820,31,035,701026,F,2,1,2,2,1,1,350000,0.84,5.20,2.30,1,4700,3100,1600,1.2,1600,360,0,0,N,N,N,N,N,520000,S,1,1,1,2,4,4,61000,30,1,2,1,2,1,2,1,2,1,2,43,41,N,N,N,Y,N,N,N,1,N
2024,35820,31,035,701027,F,2,1,2,1,1,1,400000,0.89,5.50,3.10,1,5500,3700,1800,1.4,1800,360,0,0,N,N,N,N,N,600000,S,1,1,1,3,4,8,64000,33,1,1,1,1,1,1,1,1,1,1,40,38,N,N,N,N,N,N,N,2,N
2024,35820,31,035,701028,T,1,1,4,1,1,1,700000,0.90,6.10,3.50,1,9500,6500,3000,2.2,3000,360,0,0,N,Y,N,N,N,850000,S,1,1,1,1,8,8,100000,38,2,1,2,1,2,1,2,1,2,1,44,44,N,Y,N,Y,N,Y,N,3,N
2024,35820,31,035,701029,F,2,1,4,2,1,1,380000,0.84,5.00,2.80,1,4800,3200,1600,1.0,1600,360,0,0,N,N,N,N,N,550000,S,1,1,1,2,4,4,57000,30,1,2,1,2,1,2,1,2,1,2,36,36,N,N,N,N,N,N,N,1,N
2024,35820,31,035,701030,T,1,1,1,1,1,1,800000,0.92,6.40,3.20,1,11000,7500,3500,2.4,3500,360,0,0,N,Y,N,N,N,980000,S,1,1,1,1,8,8,120000,41,1,1,1,1,1,1,1,1,1,1,48,48,N,Y,N,N,N,N,N,2,N
2024,35820,31,035,701031,F,2,1,2,2,1,1,320000,0.82,4.90,3.20,1,4100,2700,1400,1.8,1400,360,0,0,N,N,N,N,N,500000,S,1,1,1,2,2,4,58000,27,1,2,1,2,1,2,1,2,1,2,41,39,N,N,N,N,N,N,N,1,N
2024,35820,31,035,701032,F,2,1,2,1,1,1,390000,0.89,5.40,2.80,1,5100,3400,1700,1.3,1700,360,0,0,N,N,N,N,N,560000,S,1,1,1,3,4,4,60000,33,1,1,1,1,1,1,1,1,1,1,35,34,N,N,N,N,N,N,N,1,N
2024,35820,31,035,701033,F,2,1,1,1,1,1,450000,0.91,5.80,3.00,1,6000,4000,2000,1.1,2000,360,0,0,N,N,N,N,N,550000,S,1,1,1,1,4,4,68000,35,1,1,1,1,1,1,1,1,1,1,42,41,N,N,N,N,N,N,N,1,N
2024,35820,31,035,701034,T,1,1,4,2,1,1,690000,0.90,6.60,3.90,1,9100,6300,3000,2.1,3000,360,0,0,N,Y,N,N,N,870000,S,1,1,1,1,8,8,95000,40,2,1,2,1,2,1,2,1,2,1,49,48,N,Y,Y,Y,N,N,N,2,N
2024,35820,31,035,701035,T,1,1,1,1,1,1,590000,0.88,6.20,3.50,1,8200,5600,2600,1.9,2600,360,0,0,N,Y,N,N,N,740000,S,1,1,1,1,8,4,92000,37,1,1,1,1,1,1,1,1,1,1,34,33,N,Y,N,N,N,Y,N,3,N
2024,35820,31,035,701036,F,2,1,2,2,1,1,360000,0.87,5.30,2.50,1,4600,3100,1500,1.2,1500,360,0,0,N,N,N,N,N,540000,S,1,1,1,4,2,4,61000,31,1,2,1,2,1,2,1,2,1,2,39,37,N,N,N,N,N,N,N,1,N
2024,35820,31,035,701037,F,2,1,4,1,1,1,420000,0.86,5.40,2.90,1,5600,3800,1800,1.3,1800,360,0,0,N,N,N,N,N,580000,S,1,1,1,1,2,4,65000,34,1,1,1,1,1,1,1,1,1,1,32,31,N,N,N,N,N,N,N,1,N
2024,35820,31,035,701038,F,2,1,2,2,1,1,330000,0.85,5.10,2.70,1,4300,2900,1400,1.4,1400,360,0,0,N,N,N,N,N,520000,S,1,1,1,3,4,4,59000,31,1,2,1,2,1,2,1,2,1,2,43,44,N,N,N,N,N,N,N,2,N
2024,35820,31,035,701039,F,1,1,2,1,1,1,490000,0.93,5.90,2.80,1,6700,4600,2100,1.1,2100,360,0,0,N,N,N,N,N,650000,S,1,1,1,3,2,8,72000,36,1,1,1,1,1,1,1,1,1,1,37,39,N,Y,N,N,N,N,N,1,N
2024,35820,31,035,701040,T,1,1,4,2,1,1,740000,0.91,6.50,3.60,1,10500,7300,3200,2.3,3200,360,0,0,N,Y,N,N,N,920000,S,1,1,1,1,8,8,110000,40,2,1,2,1,2,1,2,1,2,1,51,49,N,Y,N,Y,N,Y,N,3,N
2024,35820,31,035,701041,U,3,2,4,1,1,1,560000,0.88,6.30,3.70,1,7800,5400,2400,1.9,2400,360,0,0,N,N,N,N,N,720000,S,1,1,1,1,8,4,80000,38,1,1,1,1,1,1,1,1,1,1,45,42,N,Y,N,N,N,N,N,2,N
2024,35820,31,035,701042,F,2,1,2,2,1,1,380000,0.86,5.20,2.60,1,5000,3400,1600,1.2,1600,360,0,0,N,N,N,N,N,540000,S,1,1,1,2,4,4,64000,31,1,2,1,2,1,2,1,2,1,2,38,39,N,N,N,N,N,N,N,1,N
2024,35820,31,035,701043,F,2,1,2,1,1,1,430000,0.89,5.60,3.30,1,5800,4000,1800,1.0,1800,360,0,0,N,N,N,N,N,600000,S,1,1,1,2,4,2,70000,34,1,1,1,1,1,1,1,1,1,1,41,40,N,N,N,N,N,N,N,1,N
2024,35820,31,035,701044,T,1,1,1,1,1,1,810000,0.92,6.70,4.00,1,11500,8000,3500,2.4,3500,360,0,0,N,Y,N,N,N,980000,S,1,1,1,1,8,8,120000,42,2,1,2,1,2,1,2,1,2,1,46,47,N,Y,N,N,N,N,N,2,N
2024,35820,31,035,701045,F,2,1,2,2,1,1,310000,0.82,5.00,3.10,1,3900,2600,1300,1.6,1300,360,0,0,N,N,N,N,N,480000,S,1,1,1,2,4,4,54000,28,1,2,1,2,1,2,1,2,1,2,32,33,N,N,N,N,N,N,N,1,N
2024,35820,31,035,701046,T,1,1,4,1,1,1,730000,0.91,6.40,3.70,1,10500,7200,3300,2.2,3300,360,0,0,N,Y,N,N,N,900000,S,1,1,1,1,8,8,100000,41,1,1,1,1,1,1,1,1,1,1,47,46,N,Y,N,Y,N,Y,N,3,N
2024,35820,31,035,701047,F,2,1,2,2,1,1,340000,0.85,5.30,2.80,1,4400,2900,1500,1.3,1500,360,0,0,N,N,N,N,N,520000,S,1,1,1,3,2,4,62000,32,1,2,1,2,1,2,1,2,1,2,40,39,N,N,N,N,N,N,N,2,N
2024,35820,31,035,701048,F,2,1,2,1,1,1,370000,0.87,5.20,2.70,1,4900,3300,1600,1.1,1600,360,0,0,N,N,N,N,N,540000,S,1,1,1,1,4,4,63000,31,1,1,1,1,1,1,1,1,1,1,41,40,N,N,N,N,N,N,N,1,N
2024,35820,31,0
2024,37900,12,001,010100,Conventional,Single-Family,Non-Hispanic,White,Male,1,Home Purchase,450000,0.85,7.25,2.5,1,5400,3600,1200,400,1800,30,0,0,N,0,0,0,750000,Site-Built,Principal Residence,NA,NA,1,0,125000,40,8,8,Hispanic,Hispanic,No,No,Asian,Asian,No,No,Male,Male,Male,Male,35,42,0,0,1,0
2024,37900,12,001,010200,Conventional,Single-Family,Non-Hispanic,White,Female,1,Home Purchase,650000,0.75,6.5,2.0,1,7200,4800,1800,400,1200,30,0,0,N,0,0,0,850000,Site-Built,Principal Residence,NA,NA,1,0,175000,35,8,8,Non-Hispanic,Non-Hispanic,No,No,White,White,No,No,Female,Female,Female,Female,40,45,0,0,1,0
2024,37900,12,001,010300,FHA,Single-Family,Hispanic,Hispanic,Male,1,Home Purchase,300000,0.8,8.25,3.0,0,3600,2400,800,200,800,30,0,0,N,0,0,0,375000,Site-Built,Principal Residence,NA,NA,1,0,90000,50,8,7,Hispanic,Hispanic,No,No,Black,Black,No,No,Male,Male,Male,Male,28,32,0,0,1,0
2024,37900,12,001,010400,FHA,Single-Family,Hispanic,Hispanic,Female,2,Home Purchase,220000,0.9,7.75,2.7,0,2400,1600,600,100,600,20,0,0,N,0,0,0,250000,Site-Built,Principal Residence,NA,NA,1,0,65000,45,7,7,Hispanic,Hispanic,No,No,Black,Black,No,No,Female,Female,Female,Female,33,37,0,0,0,0
2024,37900,12,001,010500,Conventional,Single-Family,Non-Hispanic,White,Male,3,Home Purchase,820000,0.7,9.25,3.5,1,11500,7000,2000,500,2200,30,0,0,N,0,0,0,1200000,Site-Built,Principal Residence,NA,NA,1,0,280000,55,7,7,Non-Hispanic,Non-Hispanic,No,No,White,White,No,No,Male,Male,Male,Male,45,50,0,0,0,1
2024,37900,12,001,020100,VA,Single-Family,Non-Hispanic,White,Male,1,Home Purchase,700000,0.82,5.5,1.5,1,5200,3800,1000,800,1200,30,0,0,N,0,0,0,850000,Site-Built,Principal Residence,NA,NA,1,0,190000,38,8,8,Non-Hispanic,Non-Hispanic,No,No,White,White,No,No,Male,Male,Male,Male,38,41,0,0,1,1
2024,37900,12,001,020200,FHA,Single-Family,Hispanic,Hispanic,Male,1,Home Purchase,280000,0.75,9.0,2.5,0,3800,2600,800,100,1200,30,0,0,N,0,0,0,350000,Site-Built,Principal Residence,NA,NA,1,0,95000,52,8,8,Hispanic,Hispanic,No,No,Black,Black,No,No,Male,Male,Male,Male,29,34,0,0,1,0
2024,37900,12,001,020300,Conventional,Single-Family,Non-Hispanic,White,Female,2,Home Purchase,475000,0.9,7.5,2.2,1,6800,4200,1500,300,1200,30,0,0,N,0,0,0,525000,Site-Built,Principal Residence,NA,NA,1,0,145000,42,7,7,Non-Hispanic,Non-Hispanic,No,No,White,White,No,No,Female,Female,Female,Female,34,39,0,0,0,0
2024,37900,12,001,020400,Conventional,Single-Family,Non-Hispanic,Black,Female,1,Home Purchase,525000,0.78,8.75,3.2,1,6400,4800,1200,250,1000,30,0,0,N,0,0,0,700000,Site-Built,Principal Residence,NA,NA,1,0,130000,50,8,7,Non-Hispanic,Non-Hispanic,No,No,Black,Black,No,No,Female,Female,Female,Female,42,47,0,1,1,0
2024,37900,12,001,020500,FHA,Single-Family,Non-Hispanic,Black,Male,1,Home Purchase,180000,0.85,11.0,3.8,0,2500,1600,600,100,600,30,0,0,N,0,0,0,220000,Site-Built,Principal Residence,NA,NA,1,0,55000,55,8,8,Non-Hispanic,Non-Hispanic,No,No,Black,Black,No,No,Male,Male,Male,Male,30,35,0,0,1,0
2024,37900,12,001,030100,VA,Single-Family,Non-Hispanic,White,Female,1,Home Purchase,425000,0.78,6.25,2.0,1,5600,4000,1200,300,800,30,0,0,N,0,0,0,550000,Site-Built,Principal Residence,NA,NA,1,0,115000,44,7,7,Non-Hispanic,Non-Hispanic,No,No,White,White,No,No,Female,Female,Female,Female,33,38,0,0,1,1
2024,37900,12,001,030200,Conventional,Single-Family,Hispanic,Hispanic,Male,3,Home Purchase,325000,0.9,8.5,3.0,1,4200,2800,1000,200,800,30,0,0,N,0,0,0,380000,Site-Built,Principal Residence,NA,NA,1,0,90000,48,8,8,Hispanic,Hispanic,No,No,Black,Black,No,No,Male,Male,Male,Male,31,36,0,0,0,0
2024,37900,12,001,030300,FHA,Single-Family,Non-Hispanic,White,Female,1,Home Purchase,550000,0.8,7.25,2.6,0,6000,4000,1200,200,800,30,0,0,N,0,0,0,700000,Site-Built,Principal Residence,NA,NA,1,0,140000,38,8,8,Non-Hispanic,Non-Hispanic,No,No,White,White,No,No,Female,Female,Female,Female,39,44,0,0,1,0
2024,37900,12,001,030400,Conventional,Single-Family,Non-Hispanic,White,Male,1,Home Purchase,500000,0.75,7.75,2.8,1,7200,4800,1600,400,1600,30,0,0,N,0,0,0,750000,Site-Built,Principal Residence,NA,NA,1,0,160000,43,7,7,Non-Hispanic,Non-Hispanic,No,No,White,White,No,No,Male,Male,Male,Male,43,48,0,0,1,0
2024,37900,12,001,030500,VA,Single-Family,Non-Hispanic,White,Male,1,Home Purchase,680000,0.8,6.5,1.8,1,8200,5200,1400,600,1800,30,0,0,N,0,0,0,850000,Site-Built,Principal Residence,NA,NA,1,0,170000,37,8,8,Non-Hispanic,Non-Hispanic,No,No,White,White,No,No,Male,Male,Male,Male,41,46,0,0,1,1
2024,37900,12,001,040100,FHA,Single-Family,Hispanic,Hispanic,Female,2,Home Purchase,195000,0.9,9.5,3.5,0,2200,1400,600,100,600,20,0,0,N,0,0,0,250000,Site-Built,Principal Residence,NA,NA,1,0,60000,48,8,8,Hispanic,Hispanic,No,No,Black,Black,No,No,Female,Female,Female,Female,35,39,0,0,0,0
2024,37900,12,001,040200,Conventional,Single-Family,Non-Hispanic,White,Female,1,Home Purchase,325000,0.95,8.75,3.0,1,6400,4000,1400,200,1200,30,0,0,N,0,0,0,340000,Site-Built,Principal Residence,NA,NA,1,0,100000,50,7,8,Non-Hispanic,Non-Hispanic,No,No,White,White,No,No,Female,Female,Female,Female,36,41,0,0,1,0
2024,37900,12,001,040300,Conventional,Single-Family,Non-Hispanic,White,Male,1,Home Purchase,375000,0.85,6.25,2.0,1,4800,3200,1000,200,1200,30,0,0,N,0,0,0,500000,Site-Built,Principal Residence,NA,NA,1,0,125000,35,7,7,Non-Hispanic,Non-Hispanic,No,No,White,White,No,No,Male,Male,Male,Male,32,38,0,0,1,0
2024,37900,12,001,040400,FHA,Single-Family,Hispanic,Hispanic,Male,1,Home Purchase,350000,0.8,8.25,2.8,0,4000,2400,1000,200,600,30,0,0,N,0,0,0,425000,Site-Built,Principal Residence,NA,NA,1,0,100000,48,7,7,Hispanic,Hispanic,No,No,Black,Black,No,No,Male,Male,Male,Male,31,35,0,0,1,0
2024,37900,12,001,040500,Conventional,Single-Family,Non-Hispanic,Asian,Female,1,Home Purchase,775000,0.75,6.75,2.1,1,8400,5600,1400,500,1200,30,0,0,N,0,0,0,1000000,Site-Built,Principal Residence,NA,NA,1,0,225000,42,8,8,Non-Hispanic,Non-Hispanic,No,No,Asian,Asian,No,No,Female,Female,Female,Female,37,42,0,0,1,0
2024,37900,12,001,050100,FHA,Single-Family,Non-Hispanic,White,Male,2,Home Purchase,250000,0.92,10.5,3.2,0,3000,2000,600,100,400,30,0,0,N,0,0,0,280000,Site-Built,Principal Residence,NA,NA,1,0,75000,48,8,8,Non-Hispanic,Non-Hispanic,No,No,White,White,No,No,Male,Male,Male,Male,33,38,0,0,0,0
2024,37900,12,001,050200,Conventional,Single-Family,Non-Hispanic,Asian,Male,1,Home Purchase,450000,0.8,7.25,2.0,1,6800,4200,1600,300,1200,30,0,0,N,0,0,0,575000,Site-Built,Principal Residence,NA,NA,1,0,140000,35,7,7,Non-Hispanic,Non-Hispanic,No,No,Asian,Asian,No,No,Male,Male,Male,Male,34,39,0,0,1,0
2024,37900,12,001,050300,VA,Single-Family,Non-Hispanic,White,Female,1,Home Purchase,625000,0.78,6.75,2.2,1,8000,5600,1200,400,1200,30,0,0,N,0,0,0,800000,Site-Built,Principal Residence,NA,NA,1,0,175000,41,7,8,Non-Hispanic,Non-Hispanic,No,No,White,White,No,No,Female,Female,Female,Female,45,50,0,0,1,1
2024,37900,12,001,050400,Conventional,Single-Family,Hispanic,Hispanic,Male,1,Home Purchase,380000,0.9,9.75,3.2,1,5200,3600,1600,200,800,30,0,0,N,0,0,0,440000,Site-Built,Principal Residence,NA,NA,1,0,100000,48,8,8,Hispanic,Hispanic,No,No,Black,Black,No,No,Male,Male,Male,Male,30,35,0,0,1,0
2024,37900,12,001,050500,FHA,Single-Family,Hispanic,Hispanic,Female,1,Home Purchase,185000,0.95,11.0,3.2,0,2800,1600,600,100,600,20,0,0,N,0,0,0,225000,Site-Built,Principal Residence,NA,NA,1,0,65000,45,7,7,Hispanic,Hispanic,No,No,Black,Black,No,No,Female,Female,Female,Female,32,36,0,0,1,0
2024,37900,12,001,060100,Conventional,Single-Family,Non-Hispanic,White,Female,1,Home Purchase,525000,0.82,7.0,2.4,1,7600,5200,1800,400,1200,30,0,0,N,0,0,0,650000,Site-Built,Principal Residence,NA,NA,1,0,155000,40,7,8,Non-Hispanic,Non-Hispanic,No,No,White,White,No,No,Female,Female,Female,Female,38,43,0,0,1,0
2024,37900,12,001,060200,VA,Single-Family,Non-Hispanic,White,Male,1,Home Purchase,675000,0.8,6.25,1.8,1,9800,6800,1800,600,1800,30,0,0,N,0,0,0,850000,Site-Built,Principal Residence,NA,NA,1,0,185000,36,8,8,Non-Hispanic,Non-Hispanic,No,No,White,White,No,No,Male,Male,Male,Male,39,44,0,0,1,1
2024,37900,12,001,060300,FHA,Single-Family,Non-Hispanic,Black,Male,1,Home Purchase,200000,0.9,11.5,3.0,0,2400,1600,600,100,600,30,0,0,N,0,0,0,240000,Site-Built,Principal Residence,NA,NA,1,0,60000,52,8,8,Non-Hispanic,Non-Hispanic,No,No,Black,Black,No,No,Male,Male,Male,Male,34,39,0,0,1,0
2024,37900,12,001,060400,Conventional,Single-Family,Non-Hispanic,White,Female,1,Home Purchase,350000,0.8,7.25,2.3,1,5600,3600,1200,300,1000,30,0,0,N,0,0,0,500000,Site-Built,Principal Residence,NA,NA,1,0,110000,42,8,8,Non-Hispanic,Non-Hispanic,No,No,White,White,No,No,Female,Female,Female,Female,41,46,0,0,1,0
2024,37900,12,001,060500,Conventional,Single-Family,Hispanic,Hispanic,Male,1,Home Purchase,310000,0.85,8.75,2.8,1,4000,2600,1000,200,800,30,0,0,N,0,0,0,380000,Site-Built,Principal Residence,NA,NA,1,0,92000,46,7,7,Hispanic,Hispanic,No,No,Black,Black,No,No,Male,Male,Male,Male,29,34,0,0,1,0
2024,37900,12,001,070100,FHA,Single-Family,Non-Hispanic,White,Female,2,Home Purchase,225000,0.9,10.0,3.5,0,3000,2000,600,100,600,30,0,0,N,0,0,0,250000,Site-Built,Principal Residence,NA,NA,1,0,70000,48,8,8,Non-Hispanic,Non-Hispanic,No,No,White,White,No,No,Female,Female,Female,Female,35,39,0,0,0,0
2024,37900,12,001,070200,Conventional,Single-Family,Non-Hispanic,Asian,Male,1,Home Purchase,550000,0.75,7.5,2.2,1,8000,4800,1600,400,1200,30,0,0,N,0,0,0,750000,Site-Built,Principal Residence,NA,NA,1,0,165000,38,8,8,Non-Hispanic,Non-Hispanic,No,No,Asian,Asian,No,No,Male,Male,Male,Male,38,43,0,0,1,0
2024,37900,12,001,070300,VA,Single-Family,Non-Hispanic,White,Female,1,Home Purchase,580000,0.82,6.0,1.6,1,6800,4400,1200,300,1200,30,0,0,N,0,0,0,700000,Site-Built,Principal Residence,NA,NA,1,0,170000,39,7,7,Non-Hispanic,Non-Hispanic,No,No,White,White,No,No,Female,Female,Female,Female,37,41,0,0,1,1
2024,37900,12,001,070400,FHA,Single-Family,Hispanic,Hispanic,Male,3,Home Purchase,190000,0.92,11.25,3.5,0,2800,1800,600,100,600,30,0,0,N,0,0,0,250000,Site-Built,Principal Residence,NA,NA,1,0,62000,48,8,8,Hispanic,Hispanic,No,No,Black,Black,No,No,Male,Male,Male,Male,30,34,0,0,0,0
2024,37900,12,001,070500,Conventional,Single-Family,Non-Hispanic,White,Male,1,Home Purchase,625000,0.78,6.25,1.8,1,8200,5600,1800,500,1200,30,0,0,N,0,0,0,800000,Site-Built,Principal Residence,NA,NA,1,0,190000,40,7,7,Non-Hispanic,Non-Hispanic,No,No,White,White,No,No,Male,Male,Male,Male,43,47,0,0,1,0
2024,37900,12,001,080100,Conventional,Single-Family,Hispanic,Hispanic,Female,1,Home Purchase,325000,0.9,9.0,3.0,1,5200,3200,1200,200,1000,30,0,0,N,0,0,0,380000,Site-Built,Principal Residence,NA,NA,1,0,95000,50,8,8,Hispanic,Hispanic,No,No,Black,Black,No,No,Female,Female,Female,Female,32,37,0,0,1,0
2024,37900,12,001,080200,FHA,Single-Family,Non-Hispanic,Black,Male,1,Home Purchase,210000,0.95,10.75,3.0,0,2400,1400,600,100,600,30,0,0,N,0,0,0,250000,Site-Built,Principal Residence,NA,NA,1,0,65000,52,8,8,Non-Hispanic,Non-Hispanic,No,No,Black,Black,No,No,Male,Male,Male,Male,33,38,0,0,1,0
2024,37900,12,001,080300,Conventional,Single-Family,Non-Hispanic,White,Female,1,Home Purchase,430000,0.8,7.5,2.1,1,7000,4600,1400,300,1200,30,0,0,N,0,0,0,550000,Site-Built,Principal Residence,NA,NA,1,0,130000,40,8,8,Non-Hispanic,Non-Hispanic,No,No,White,White,No,No,Female,Female,Female,Female,35,40,0,0,1,0
2024,37900,12,001,080400,Conventional,Single-Family,Hispanic,Hispanic,Male,1,Home Purchase,340000,0.85,8.25,2.5,1,5200,3200,1400,200,800,30,0,0,N,0,0,0,420000,Site-Built,Principal Residence,NA,NA,1,0,100000,45,7,7,Hispanic,Hispanic,No,No,Black,Black,No,No,Male,Male,Male,Male,31,36,0,0,1,0
2024,37900,12,001,080500,FHA,Single-Family,Non-Hispanic,White,Female,1,Home Purchase,275000,0.9,9.5,3.0,0,3200,2000,600,100,600,30,0,0,N,0,0,0,310000,Site-Built,Principal Residence,NA,NA,1,0,80000,48,8,8,Non-Hispanic,Non-Hispanic,No,No,White,White,No,No,Female,Female,Female,Female,38,43,0,0,1,0
2024,37900,12,001,090100,Conventional,Single-Family,Non-Hispanic,White,Male,2,Home Purchase,500000,0.85,7.5,2.2,1,7200,4800,1600,400,1200,30,0,0,N,0,0,0,675000,Site-Built,Principal Residence,NA,NA,1,0,150000,38,8,8,Non-Hispanic,Non-Hispanic,No,No,White,White,No,No,Male,Male,Male,Male,42,47,0,0,0,0
2024,37900,12,001,090200,VA,Single-Family,Non-Hispanic,White,Female,1,Home Purchase,680000,0.8,6.75,2.0,1,8800,6000,1600,600,1600,30,0,0,N,0,0,0,850000,Site-Built,Principal Residence,NA,NA,1,0,190000,37,8,8,Non-Hispanic,Non-Hispanic,No,No,White,White,No,No,Female,Female,Female,Female,41,45,0,0,1,1
2024,37900,12,001,090300,FHA,Single-Family,Hispanic,Hispanic,Male,2,Home Purchase,200000,0.92,10.5,3.2,0,2600,1600,600,100,600,30,0,0,N,0,0,0,240000,Site-Built,Principal Residence,NA,NA,1,0,60000,48,8,8,Hispanic,Hispanic,No,No,Black,Black,No,No,Male,Male,Male,Male,30,35,0,0,0,0
2024,37900,12,001,090400,Conventional,Single-Family,Non-Hispanic,White,Male,1,Home Purchase,390000,0.8,7.75,2.4,1,6000,4000,1200,300,1200,30,0,0,N,0,0,0,550000,Site-Built,Principal Residence,NA,NA,1,0,115000,39,7,7,Non-Hispanic,Non-Hispanic,No,No,White,White,No,No,Male,Male,Male,Male,43,47,0,0,1,0
2024,37900,12,001,090500,
2024,50001,01,001,001200,Conventional,Single-Family,Non-Hispanic,White,Male,1,Home Purchase,350000,0.8,6.75,2.25,0,7500,4500,2000,1.25,3000,360,0,0,0,0,0,0,375000,Site-Built,Principal Residence,NA,NA,1,0,95000,42,8,8,Hispanic,Not Provided,Observed,Not Provided,White,Not Provided,Observed,Not Provided,Male,Not Provided,Observed,Not Provided,45,Not Provided,0,0,1,0
2024,50001,01,001,001200,Conventional,Single-Family,Non-Hispanic,White,Male,1,Home Purchase,420000,0.85,7.25,2.5,0,8200,5200,2200,1.5,3000,360,0,0,0,0,0,0,450000,Site-Built,Principal Residence,NA,NA,1,0,110000,45,8,8,Hispanic,Not Provided,Observed,Not Provided,White,Not Provided,Observed,Not Provided,Male,Not Provided,Observed,Not Provided,52,Not Provided,0,0,1,0
2024,50001,01,001,001200,FHA,Single-Family,Non-Hispanic,Black,Female,1,Home Purchase,280000,0.9,8.75,4.0,0,6500,3500,1800,1.5,3000,360,0,0,0,0,0,1,310000,Site-Built,Principal Residence,NA,NA,1,0,75000,50,8,8,Hispanic,Not Provided,Observed,Not Provided,Black,Not Provided,Observed,Not Provided,Female,Not Provided,Observed,Not Provided,38,Not Provided,0,0,1,0
2024,50001,01,001,001200,FHA,Single-Family,Non-Hispanic,Black,Female,1,Home Purchase,310000,0.92,9.25,4.5,1,7200,3800,2000,1.75,3400,360,0,0,0,0,0,1,340000,Site-Built,Principal Residence,NA,NA,1,0,85000,52,8,8,Hispanic,Not Provided,Observed,Not Provided,Black,Not Provided,Observed,Not Provided,Female,Not Provided,Observed,Not Provided,41,Not Provided,0,0,1,0
2024,50001,01,001,001200,FHA,Single-Family,Non-Hispanic,Black,Male,1,Home Purchase,290000,0.9,8.9,4.25,0,6800,3600,1900,1.5,3200,360,0,0,0,0,0,1,320000,Site-Built,Principal Residence,NA,NA,1,0,77000,51,8,8,Hispanic,Not Provided,Observed,Not Provided,Black,Not Provided,Observed,Not Provided,Male,Not Provided,Observed,Not Provided,39,Not Provided,0,0,1,0
2024,50001,01,001,001200,FHA,Single-Family,Hispanic,Latino,Female,1,Home Purchase,325000,0.9,9.5,4.75,0,7500,4000,2000,1.75,3500,360,0,0,0,0,0,1,350000,Site-Built,Principal Residence,NA,NA,1,0,88000,53,8,8,Hispanic,Not Provided,Observed,Not Provided,White,Not Provided,Observed,Not Provided,Female,Not Provided,Observed,Not Provided,43,Not Provided,0,0,1,0
2024,50001,01,001,001200,FHA,Single-Family,Hispanic,Latino,Female,1,Home Purchase,340000,0.92,9.75,5.0,1,7800,4200,2100,2.0,3600,360,0,0,0,0,0,1,370000,Site-Built,Principal Residence,NA,NA,1,0,91000,56,8,8,Hispanic,Not Provided,Observed,Not Provided,White,Not Provided,Observed,Not Provided,Female,Not Provided,Observed,Not Provided,45,Not Provided,0,0,1,0
2024,50001,01,001,001200,FHA,Single-Family,Hispanic,Latino,Male,1,Home Purchase,330000,0.91,9.6,4.85,0,7600,4000,2000,1.85,3500,360,0,0,0,0,0,1,360000,Site-Built,Principal Residence,NA,NA,1,0,89000,54,8,8,Hispanic,Not Provided,Observed,Not Provided,White,Not Provided,Observed,Not Provided,Male,Not Provided,Observed,Not Provided,42,Not Provided,0,0,1,0
2024,50001,01,001,001200,Conventional,Single-Family,Non-Hispanic,White,Male,1,Home Purchase,380000,0.82,7.0,2.0,0,7200,4200,1800,1.0,3000,360,0,0,0,0,0,0,450000,Site-Built,Principal Residence,NA,NA,1,0,105000,44,8,8,Hispanic,Not Provided,Observed,Not Provided,White,Not Provided,Observed,Not Provided,Male,Not Provided,Observed,Not Provided,47,Not Provided,0,0,1,0
2024,50001,01,001,001200,Conventional,Single-Family,Non-Hispanic,White,Male,1,Home Purchase,410000,0.85,7.5,2.35,0,7800,4600,2000,1.25,3200,360,0,0,0,0,0,0,480000,Site-Built,Principal Residence,NA,NA,1,0,112000,46,8,8,Hispanic,Not Provided,Observed,Not Provided,White,Not Provided,Observed,Not Provided,Male,Not Provided,Observed,Not Provided,50,Not Provided,0,0,1,0
2024,50001,01,001,001200,Conventional,Single-Family,Non-Hispanic,White,Female,1,Home Purchase,360000,0.83,6.85,2.1,0,7000,4000,1700,0.95,3000,360,0,0,0,0,0,0,430000,Site-Built,Principal Residence,NA,NA,1,0,96000,43,8,8,Hispanic,Not Provided,Observed,Not Provided,White,Not Provided,Observed,Not Provided,Female,Not Provided,Observed,Not Provided,44,Not Provided,0,0,1,0
2024,50001,01,001,001200,Conventional,Single-Family,Non-Hispanic,White,Female,1,Home Purchase,375000,0.84,7.0,2.15,0,7200,4200,1800,1.0,3000,360,0,0,0,0,0,0,440000,Site-Built,Principal Residence,NA,NA,1,0,98000,44,8,8,Hispanic,Not Provided,Observed,Not Provided,White,Not Provided,Observed,Not Provided,Female,Not Provided,Observed,Not Provided,46,Not Provided,0,0,1,0
2024,50001,01,001,001200,Conventional,Single-Family,Non-Hispanic,White,Male,1,Home Purchase,355000,0.81,6.75,1.95,0,6800,3800,1600,0.9,3000,360,0,0,0,0,0,0,440000,Site-Built,Principal Residence,NA,NA,1,0,97000,43,8,8,Hispanic,Not Provided,Observed,Not Provided,White,Not Provided,Observed,Not Provided,Male,Not Provided,Observed,Not Provided,45,Not Provided,0,0,1,0
2024,50001,01,001,001200,Conventional,Single-Family,Non-Hispanic,White,Male,1,Home Purchase,390000,0.83,7.15,2.25,0,7400,4400,1900,1.1,3200,360,0,0,0,0,0,0,460000,Site-Built,Principal Residence,NA,NA,1,0,107000,45,8,8,Hispanic,Not Provided,Observed,Not Provided,White,Not Provided,Observed,Not Provided,Male,Not Provided,Observed,Not Provided,48,Not Provided,0,0,1,0
2024,50001,01,001,001200,Conventional,Single-Family,Non-Hispanic,White,Female,1,Home Purchase,360000,0.82,6.9,2.0,0,7000,4000,1700,0.95,3000,360,0,0,0,0,0,0,450000,Site-Built,Principal Residence,NA,NA,1,0,98000,44,8,8,Hispanic,Not Provided,Observed,Not Provided,White,Not Provided,Observed,Not Provided,Female,Not Provided,Observed,Not Provided,44,Not Provided,0,0,1,0
2024,50001,01,001,001200,Conventional,Single-Family,Non-Hispanic,White,Female,1,Home Purchase,400000,0.83,7.25,2.3,0,7600,4500,1900,1.1,3100,360,0,0,0,0,0,0,480000,Site-Built,Principal Residence,NA,NA,1,0,110000,45,8,8,Hispanic,Not Provided,Observed,Not Provided,White,Not Provided,Observed,Not Provided,Female,Not Provided,Observed,Not Provided,46,Not Provided,0,0,1,0
2024,50001,01,001,001200,Conventional,Single-Family,Non-Hispanic,White,Male,1,Home Purchase,375000,0.81,6.85,2.0,0,7200,4200,1800,1.0,3000,360,0,0,0,0,0,0,470000,Site-Built,Principal Residence,NA,NA,1,0,102000,44,8,8,Hispanic,Not Provided,Observed,Not Provided,White,Not Provided,Observed,Not Provided,Male,Not Provided,Observed,Not Provided,47,Not Provided,0,0,1,0
2024,50001,01,001,001200,Conventional,Single-Family,Hispanic,Latino,Female,1,Home Purchase,320000,0.9,9.0,3.75,0,7000,4000,1800,1.5,3000,360,0,0,0,0,0,1,350000,Site-Built,Principal Residence,NA,NA,1,0,85000,50,8,8,Hispanic,Not Provided,Observed,Not Provided,White,Not Provided,Observed,Not Provided,Female,Not Provided,Observed,Not Provided,39,Not Provided,0,0,1,0
2024,50001,01,001,001200,Conventional,Single-Family,Hispanic,Latino,Male,1,Home Purchase,330000,0.91,9.25,4.0,0,7200,4200,1900,1.6,3100,360,0,0,0,0,0,1,360000,Site-Built,Principal Residence,NA,NA,1,0,88000,51,8,8,Hispanic,Not Provided,Observed,Not Provided,White,Not Provided,Observed,Not Provided,Male,Not Provided,Observed,Not Provided,40,Not Provided,0,0,1,0
2024,50001,01,001,001200,Conventional,Single-Family,Hispanic,Latino,Female,1,Home Purchase,315000,0.89,8.85,3.75,0,6800,3800,1700,1.5,3000,360,0,0,0,0,0,1,340000,Site-Built,Principal Residence,NA,NA,1,0,86000,49,8,8,Hispanic,Not Provided,Observed,Not Provided,White,Not Provided,Observed,Not Provided,Female,Not Provided,Observed,Not Provided,38,Not Provided,0,0,1,0
2024,50001,01,001,001200,Conventional,Single-Family,Hispanic,Latino,Male,1,Home Purchase,325000,0.9,9.0,3.85,0,7000,4000,1800,1.5,3000,360,0,0,0,0,0,1,350000,Site-Built,Principal Residence,NA,NA,1,0,87000,50,8,8,Hispanic,Not Provided,Observed,Not Provided,White,Not Provided,Observed,Not Provided,Male,Not Provided,Observed,Not Provided,41,Not Provided,0,0,1,0
2024,50001,01,001,001200,Conventional,Single-Family,Hispanic,Latino,Male,1,Home Purchase,340000,0.91,9.15,3.95,0,7400,4200,1900,1.6,3100,360,0,0,0,0,0,1,370000,Site-Built,Principal Residence,NA,NA,1,0,89000,52,8,8,Hispanic,Not Provided,Observed,Not Provided,White,Not Provided,Observed,Not Provided,Male,Not Provided,Observed,Not Provided,42,Not Provided,0,0,1,0
2024,50001,01,001,001200,Conventional,Single-Family,Non-Hispanic,White,Male,1,Home Purchase,385000,0.82,6.95,2.05,0,7200,4200,1800,1.0,3000,360,0,0,0,0,0,0,470000,Site-Built,Principal Residence,NA,NA,1,0,110000,44,8,8,Hispanic,Not Provided,Observed,Not Provided,White,Not Provided,Observed,Not Provided,Male,Not Provided,Observed,Not Provided,48,Not Provided,0,0,1,0
2024,50001,01,001,001200,Conventional,Single-Family,Non-Hispanic,White,Female,1,Home Purchase,370000,0.82,6.9,1.95,0,7000,4000,1700,0.95,3000,360,0,0,0,0,0,0,460000,Site-Built,Principal Residence,NA,NA,1,0,105000,43,8,8,Hispanic,Not Provided,Observed,Not Provided,White,Not Provided,Observed,Not Provided,Female,Not Provided,Observed,Not Provided,44,Not Provided,0,0,1,0
2024,50001,01,001,001200,Conventional,Single-Family,Non-Hispanic,White,Male,1,Home Purchase,395000,0.83,7.05,2.2,0,7400,4400,1900,1.1,3200,360,0,0,0,0,0,0,480000,Site-Built,Principal Residence,NA,NA,1,0,112000,45,8,8,Hispanic,Not Provided,Observed,Not Provided,White,Not Provided,Observed,Not Provided,Male,Not Provided,Observed,Not Provided,49,Not Provided,0,0,1,0
2024,50001,01,001,001200,Conventional,Single-Family,Non-Hispanic,White,Male,1,Home Purchase,365000,0.80,6.75,1.95,0,7000,4000,1700,0.95,3000,360,0,0,0,0,0,0,450000,Site-Built,Principal Residence,NA,NA,1,0,103000,44,8,8,Hispanic,Not Provided,Observed,Not Provided,White,Not Provided,Observed,Not Provided,Male,Not Provided,Observed,Not Provided,45,Not Provided,0,0,1,0
2024,50001,01,001,001200,Conventional,Single-Family,Non-Hispanic,White,Female,1,Home Purchase,375000,0.81,6.85,2.0,0,7200,4200,1800,1.0,3000,360,0,0,0,0,0,0,470000,Site-Built,Principal Residence,NA,NA,1,0,106000,43,8,8,Hispanic,Not Provided,Observed,Not Provided,White,Not Provided,Observed,Not Provided,Female,Not Provided,Observed,Not Provided,45,Not Provided,0,0,1,0
2024,50001,01,001,001200,Conventional,Single-Family,Non-Hispanic,White,Female,1,Home Purchase,380000,0.82,6.95,2.1,0,7400,4400,1900,1.1,3200,360,0,0,0,0,0,0,480000,Site-Built,Principal Residence,NA,NA,1,0,108000,44,8,8,Hispanic,Not Provided,Observed,Not Provided,White,Not Provided,Observed,Not Provided,Female,Not Provided,Observed,Not Provided,46,Not Provided,0,0,1,0
2024,50001,01,001,001200,Conventional,Single-Family,Non-Hispanic,White,Female,1,Home Purchase,360000,0.80,6.75,1.95,0,6800,3800,1600,0.9,3000,360,0,0,0,0,0,0,450000,Site-Built,Principal Residence,NA,NA,1,0,102000,42,8,8,Hispanic,Not Provided,Observed,Not Provided,White,Not Provided,Observed,Not Provided,Female,Not Provided,Observed,Not Provided,45,Not Provided,0,0,1,0
2024,50001,01,001,001200,Conventional,Single-Family,Non-Hispanic,White,Male,1,Home Purchase,370000,0.80,6.8,2.0,0,7000,4000,1700,1.0,3000,360,0,0,0,0,0,0,460000,Site-Built,Principal Residence,NA,NA,1,0,104000,43,8,8,Hispanic,Not Provided,Observed,Not Provided,White,Not Provided,Observed,Not Provided,Male,Not Provided,Observed,Not Provided,46,Not Provided,0,0,1,0
2024,50001,01,001,001200,Conventional,Single-Family,Non-Hispanic,White,Female,1,Home Purchase,355000,0.80,6.75,1.95,0,6800,3800,1600,0.9,3000,360,0,0,0,0,0,0,450000,Site-Built,Principal Residence,NA,NA,1,0,99000,42,8,8,Hispanic,Not Provided,Observed,Not Provided,White,Not Provided,Observed,Not Provided,Female,Not Provided,Observed,Not Provided,44,Not Provided,0,0,1,0
2024,50001,01,001,001200,Conventional,Single-Family,Non-Hispanic,White,Male,1,Home Purchase,390000,0.82,6.95,2.1,0,7400,4400,1900,1.0,3200,360,0,0,0,0,0,0,480000,Site-Built,Principal Residence,NA,NA,1,0,111000,44,8,8,Hispanic,Not Provided,Observed,Not Provided,White,Not Provided,Observed,Not Provided,Male,Not Provided,Observed,Not Provided,47,Not Provided,0,0,1,0
2024,50001,01,001,001200,Conventional,Single-Family,Non-Hispanic,White,Female,1,Home Purchase,365000,0.81,6.8,1.95,0,7000,4000,1700,0.95,3000,360,0,0,0,0,0,0,460000,Site-Built,Principal Residence,NA,NA,1,0,105000,43,8,8,Hispanic,Not Provided,Observed,Not Provided,White,Not Provided,Observed,Not Provided,Female,Not Provided,Observed,Not Provided,44,Not Provided,0,0,1,0
2024,50001,01,001,001200,Conventional,Single-Family,Non-Hispanic,White,Female,1,Home Purchase,375000,0.82,6.9,2.0,0,7200,4200,1800,1.0,3000,360,0,0,0,0,0,0,470000,Site-Built,Principal Residence,NA,NA,1,0,106000,44,8,8,Hispanic,Not Provided,Observed,Not Provided,White,Not Provided,Observed,Not Provided,Female,Not Provided,Observed,Not Provided,44,Not Provided,0,0,1,0
2024,50001,01,001,001200,Conventional,Single-Family,Non-Hispanic,White,Male,1,Home Purchase,380000,0.82,6.9,2.0,0,7200,4200,1800,1.0,3000,360,0,0,0,0,0,0,480000,Site-Built,Principal Residence,NA,NA,1,0,108000,44,8,8,Hispanic,Not Provided,Observed,Not Provided,White,Not Provided,Observed,Not Provided,Male,Not Provided,Observed,Not Provided,46,Not Provided,0,0,1,0
2024,50001,01,001,001200,Conventional,Single-Family,Non-Hispanic,White,Male,1,Home Purchase,395000,0.82,7.0,2.15,0,7400,4400,1900,1.1,3200,360,0,0,0,0,0,0,480000,Site-Built,Principal Residence,NA,NA,1,0,112000,45,8,8,Hispanic,Not Provided,Observed,Not Provided,White,Not Provided,Observed,Not Provided,Male,Not Provided,Observed,Not Provided,48,Not Provided,0,0,1,0
2024,50001,01,001,001200,Conventional,Single-Family,Non-Hispanic,White,Female,1,Home Purchase,360000,0.80,6.75,1.95,0,6800,3800,1600,0.9,3000,360,0,0,0,0,0,0,450000,Site-Built,Principal Residence,NA,NA,1,0,102000,42,8,8,Hispanic,Not Provided,Observed,Not Provided,White,Not Provided,Observed,Not Provided,Female,Not Provided,Observed,Not Provided,45,Not Provided,0,0,1,0
2024,50001,01,001,001200,Conventional,Single-Family,Non-Hispanic,White,Female,1,Home Purchase,370000,0.81,6.85,2.0,0,7000,4000,1700,1.0,3000,360,0,0,0,0,0,0,460000,Site-Built,Principal Residence,NA,NA,1,0,103000,43,8,8,Hispanic,Not Provided,Observed,Not Provided,White,Not Provided,Observed,Not Provided,Female,Not Provided,Observed,Not Provided,43,Not Provided,0,0,1,0
2024,50001,01,001,001200,Conventional,Single-Family,Non-Hispanic,White,Male,1,Home Purchase,400000,0.83,7.1,2.3,0,7600,4500,1900,1.1,3100,360,0,0,0,0,0,0,480000,Site-Built,Principal Residence,NA,NA,1,0,113000,45,8,8,Hispanic,Not Provided,Observed,Not Provided,White,Not Provided,Observed,Not Provided,Male,Not Provided,Observed,Not Provided,49,Not Provided,0,0,1,0
2024,50001,01,001,001200,Conventional,Single-Family,Non-Hispanic,White,Female,1,Home Purchase,365000,0.80,6.75,1.95,0,6800,3800,1600,0.9,3000,360,0,0,0,0,0,0,450000,Site-Built,Principal Residence,NA,NA,1,0,104000,42,8,8,Hispanic,Not Provided,Observed,Not Provided,White,Not Provided,Observed,Not Provided,Female,Not Provided,Observed,Not Provided,46,Not Provided,0,0,1,0
2024,50001,01,001,001200,Conventional,Single-Family,Non-Hispanic,White,Male,1,Home Purchase,410000,0.84,7.25,2.45,0,7800,4600,2000,1.25,3200,360,0,0,0,0,0,0,485000,Site-Built,Principal Residence,NA,NA,1,0,115000,46,8,8,Hispanic,Not Provided,Observed,Not Provided,White,Not Provided,Observed,Not Provided,Male,Not Provided,Observed,Not Provided,51,Not Provided,0,0,1,0
2024,50001,01,00
2024,75080,06,075,012345,Conventional,Single-Family,White,White,Male,1,Home purchase,350000,80.0,6.5,2.2,1,8500,2500,2000,1000,3500,30,0,0,N,0,0,N,500000,Site-built,Primary residence,Not Applicable,Not Applicable,1,0,85000,35,FICO,Not Applicable,1,0,Yes,No,1,0,1,0,Male,Male,Male,Male,35,0,0,0,Y,N
2024,12345,09,001,123456,Conventional,Single-Family,Hispanic,Hispanic,Female,1,Home purchase,450000,75.0,5.7,1.8,0,9000,2200,1800,1200,3000,30,0,0,N,0,0,N,600000,Site-built,Primary residence,Not Applicable,Not Applicable,1,0,95000,30,FICO,Not Applicable,2,0,No,No,1,0,1,0,Female,Female,Female,Female,28,0,0,0,Y,N
2024,34256,12,001,345678,Conventional,Single-Family,White,White,Male,1,Home purchase,275000,70.0,5.2,1.5,0,7500,1800,1500,800,2500,30,0,0,N,0,0,N,400000,Site-built,Primary residence,Not Applicable,Not Applicable,1,0,70000,28,FICO,Not Applicable,1,0,Yes,No,1,0,1,0,Male,Male,Male,Male,42,0,0,0,Y,N
2024,45678,25,025,567890,FHA,Single-Family,Black,Black,Female,2,Home purchase,320000,85.0,8.2,3.5,1,9500,2800,2000,1500,3200,30,0,0,Y,0,1,Y,450000,Site-built,Primary residence,Not Applicable,Not Applicable,1,0,65000,32,FICO,Not Applicable,3,0,No,Yes,3,0,3,0,Female,Female,Female,Female,40,0,0,0,Y,N
2024,34567,23,011,123456,Conventional,Single-Family,Asian,Asian,Non-binary,1,Home purchase,500000,78.0,6.8,2.1,0,12000,3000,2500,1200,4000,30,0,0,N,0,0,N,700000,Site-built,Primary residence,Not Applicable,Not Applicable,1,0,110000,35,FICO,Not Applicable,4,0,No,No,4,0,4,0,Non-binary,Non-binary,Non-binary,Non-binary,30,0,0,0,Y,N
2024,67890,01,015,987654,Conventional,Single-Family,White,White,Male,3,Home purchase,600000,90.0,7.1,2.8,1,14000,4000,3000,1800,4200,30,0,0,Y,0,1,Y,650000,Site-built,Primary residence,Not Applicable,Not Applicable,1,0,120000,45,FICO,Not Applicable,1,0,Yes,No,1,0,1,0,Male,Male,Male,Male,55,0,1,0,Y,N
2024,43210,20,023,345678,Conventional,Single-Family,Other,Other,Female,1,Home purchase,190000,85.0,9.5,4.2,1,6500,1500,1200,800,2000,30,0,0,N,0,0,N,240000,Site-built,Primary residence,Not Applicable,Not Applicable,1,0,50000,40,FICO,Not Applicable,5,0,Yes,Yes,5,0,5,0,Female,Female,Female,Female,27,0,0,0,Y,N
2024,12345,04,012,567890,VA,Single-Family,White,White,Male,1,Home purchase,420000,72.0,6.4,1.9,1,10000,2600,2200,1200,2800,30,0,0,N,0,0,N,550000,Site-built,Primary residence,Not Applicable,Not Applicable,1,0,90000,32,FICO,Not Applicable,1,0,Yes,No,1,0,1,0,Male,Male,Male,Male,45,0,0,0,Y,N
2024,09876,18,009,123456,Conventional,Single-Family,Hispanic,Hispanic,Male,1,Home purchase,380000,75.0,5.9,1.6,0,8500,2100,1600,900,2500,30,0,0,N,0,0,N,550000,Site-built,Primary residence,Not Applicable,Not Applicable,1,0,80000,30,FICO,Not Applicable,2,0,No,No,2,0,2,0,Male,Male,Male,Male,36,0,0,0,Y,N
2024,98765,17,021,789012,Conventional,Single-Family,White,White,Female,1,Home purchase,475000,82.0,6.2,2.0,1,11000,2400,2000,1000,3000,30,0,0,N,0,0,N,600000,Site-built,Primary residence,Not Applicable,Not Applicable,1,0,95000,33,FICO,Not Applicable,1,0,Yes,No,1,0,1,0,Female,Female,Female,Female,29,0,0,0,Y,N
2024,55555,21,041,987654,Conventional,Single-Family,Black,Black,Male,1,Home purchase,520000,85.0,7.5,2.9,0,13000,3200,2500,1600,3700,30,0,0,Y,0,1,Y,650000,Site-built,Primary residence,Not Applicable,Not Applicable,1,0,100000,42,FICO,Not Applicable,3,0,No,Yes,3,0,3,0,Male,Male,Male,Male,38,0,0,0,Y,N
2024,77777,39,027,123456,Conventional,Single-Family,Other,Other,Female,1,Home purchase,220000,65.0,6.8,2.2,1,7000,1800,1400,800,2000,30,0,0,N,0,0,N,400000,Site-built,Primary residence,Not Applicable,Not Applicable,1,0,60000,32,FICO,Not Applicable,5,0,Yes,Yes,5,0,5,0,Female,Female,Female,Female,26,0,0,0,Y,N
2024,88888,12,019,345678,Conventional,Single-Family,White,White,Male,2,Home purchase,435000,78.0,7.2,2.6,1,10500,2800,2200,1400,3300,30,0,0,N,0,0,N,550000,Site-built,Primary residence,Not Applicable,Not Applicable,1,0,85000,35,FICO,Not Applicable,1,0,Yes,No,1,0,1,0,Male,Male,Male,Male,50,0,0,0,Y,N
2024,99999,24,031,567890,Conventional,Single-Family,Hispanic,Hispanic,Female,1,Home purchase,300000,75.0,5.4,1.6,0,8000,2000,1500,1000,2500,30,0,0,N,0,0,N,450000,Site-built,Primary residence,Not Applicable,Not Applicable,1,0,75000,30,FICO,Not Applicable,2,0,No,No,2,0,2,0,Female,Female,Female,Female,33,0,0,0,Y,N
2024,11111,25,045,123456,FHA,Single-Family,White,White,Male,3,Home purchase,360000,85.0,7.8,3.1,1,9500,2400,1800,1200,2900,30,0,0,Y,0,1,Y,500000,Site-built,Primary residence,Not Applicable,Not Applicable,1,0,80000,32,FICO,Not Applicable,1,0,Yes,No,1,0,1,0,Male,Male,Male,Male,44,0,0,0,Y,N
2024,33333,32,023,789012,Conventional,Single-Family,Other,Other,Female,1,Home purchase,330000,72.0,6.9,2.1,0,8500,2100,1800,1100,2500,30,0,0,Y,0,0,N,500000,Site-built,Primary residence,Not Applicable,Not Applicable,1,0,72000,34,FICO,Not Applicable,5,0,Yes,Yes,5,0,5,0,Female,Female,Female,Female,31,0,0,0,Y,N
2024,66666,45,037,345678,Conventional,Single-Family,Asian,Asian,Male,1,Home purchase,500000,80.0,7.0,2.0,0,12000,3000,2400,1200,3800,30,0,0,N,0,0,N,620000,Site-built,Primary residence,Not Applicable,Not Applicable,1,0,110000,36,FICO,Not Applicable,4,0,No,No,4,0,4,0,Male,Male,Male,Male,34,0,0,0,Y,N
2024,22222,07,011,567890,Conventional,Single-Family,White,White,Female,1,Home purchase,280000,80.0,6.1,1.9,1,7500,1800,1500,900,2000,30,0,0,N,0,0,N,370000,Site-built,Primary residence,Not Applicable,Not Applicable,1,0,70000,30,FICO,Not Applicable,1,0,Yes,No,1,0,1,0,Female,Female,Female,Female,39,0,0,0,Y,N
2024,44444,29,029,987654,Conventional,Single-Family,Hispanic,Hispanic,Male,1,Home purchase,400000,85.0,8.0,2.8,1,10000,2600,2000,1400,3000,30,0,0,Y,0,1,Y,520000,Site-built,Primary residence,Not Applicable,Not Applicable,1,0,80000,37,FICO,Not Applicable,2,0,No,Yes,2,0,2,0,Male,Male,Male,Male,48,0,0,0,Y,N
2024,55555,16,013,123456,Conventional,Single-Family,Black,Black,Female,1,Home purchase,375000,70.0,5.6,1.7,0,9000,2200,1800,900,2700,30,0,0,N,0,0,N,480000,Site-built,Primary residence,Not Applicable,Not Applicable,1,0,85000,32,FICO,Not Applicable,3,0,No,No,3,0,3,0,Female,Female,Female,Female,37,0,0,0,Y,N
2024,66666,30,033,789012,Conventional,Single-Family,White,White,Male,1,Home purchase,510000,82.0,6.7,2.2,0,11000,2800,2200,1400,3600,30,0,0,N,0,0,N,650000,Site-built,Primary residence,Not Applicable,Not Applicable,1,0,105000,35,FICO,Not Applicable,1,0,Yes,Yes,1,0,1,0,Male,Male,Male,Male,47,0,0,0,Y,N
2024,77777,38,015,345678,Conventional,Single-Family,Hispanic,Hispanic,Female,1,Home purchase,350000,75.0,6.8,2.1,1,8500,2100,1600,1000,2500,30,0,0,N,0,0,N,500000,Site-built,Primary residence,Not Applicable,Not Applicable,1,0,80000,31,FICO,Not Applicable,2,0,No,No,2,0,2,0,Female,Female,Female,Female,33,0,0,0,Y,N
2024,88888,13,039,567890,Conventional,Single-Family,White,White,Male,1,Home purchase,430000,78.0,6.3,1.8,0,10000,2400,2000,1200,2800,30,0,0,N,0,0,N,550000,Site-built,Primary residence,Not Applicable,Not Applicable,1,0,92000,34,FICO,Not Applicable,1,0,Yes,No,1,0,1,0,Male,Male,Male,Male,42,0,0,0,Y,N
2024,99999,22,051,987654,Conventional,Single-Family,Other,Other,Female,1,Home purchase,250000,70.0,6.2,1.9,1,6500,1600,1400,800,2000,30,0,0,N,0,0,N,380000,Site-built,Primary residence,Not Applicable,Not Applicable,1,0,65000,30,FICO,Not Applicable,5,0,Yes,Yes,5,0,5,0,Female,Female,Female,Female,29,0,0,0,Y,N
2024,11111,09,017,123456,Conventional,Single-Family,White,White,Female,1,Home purchase,390000,72.0,6.9,2.1,1,9000,2300,1800,1100,2500,30,0,0,N,0,0,N,500000,Site-built,Primary residence,Not Applicable,Not Applicable,1,0,85000,32,FICO,Not Applicable,1,0,Yes,No,1,0,1,0,Female,Female,Female,Female,35,0,0,0,Y,N
2024,22222,20,027,345678,Conventional,Single-Family,Black,Black,Male,2,Home purchase,450000,78.0,7.5,2.6,1,11000,2800,2200,1400,3200,30,0,0,Y,0,1,Y,550000,Site-built,Primary residence,Not Applicable,Not Applicable,1,0,90000,36,FICO,Not Applicable,3,0,No,Yes,3,0,3,0,Male,Male,Male,Male,52,0,1,0,Y,N
2024,33333,17,057,567890,Conventional,Single-Family,Hispanic,Hispanic,Female,1,Home purchase,300000,80.0,8.5,3.0,1,8500,2000,1600,1000,2500,30,0,0,N,0,0,N,400000,Site-built,Primary residence,Not Applicable,Not Applicable,1,0,75000,33,FICO,Not Applicable,2,0,No,Yes,2,0,2,0,Female,Female,Female,Female,38,0,0,0,Y,N
2024,44444,36,065,789012,Conventional,Single-Family,White,White,Male,1,Home purchase,520000,85.0,7.8,2.4,0,12500,3000,2400,1600,3700,30,0,0,Y,0,1,Y,600000,Site-built,Primary residence,Not Applicable,Not Applicable,1,0,100000,38,FICO,Not Applicable,1,0,Yes,Yes,1,0,1,0,Male,Male,Male,Male,45,0,0,0,Y,N
2024,55555,10,035,987654,Conventional,Single-Family,Asian,Asian,Female,1,Home purchase,240000,68.0,5.5,1.4,0,6500,1600,1300,800,1900,30,0,0,N,0,0,N,360000,Site-built,Primary residence,Not Applicable,Not Applicable,1,0,60000,27,FICO,Not Applicable,4,0,No,No,4,0,4,0,Female,Female,Female,Female,34,0,0,0,Y,N
2024,66666,26,067,123456,Conventional,Single-Family,White,White,Male,1,Home purchase,375000,85.0,8.2,2.9,1,9500,2400,2000,1200,3000,30,0,0,N,0,0,N,450000,Site-built,Primary residence,Not Applicable,Not Applicable,1,0,82000,35,FICO,Not Applicable,1,0,Yes,No,1,0,1,0,Male,Male,Male,Male,46,0,0,0,Y,N
2024,77777,11,049,789012,Conventional,Multi-Family,Hispanic,Hispanic,Female,1,Home purchase,280000,75.0,7.1,2.1,1,8000,1900,1600,900,2500,30,0,0,N,1,0,N,350000,Site-built,Investment property,Not Applicable,Not Applicable,8,5,70000,32,FICO,Not Applicable,2,0,No,Yes,2,0,2,0,Female,Female,Female,Female,39,0,0,0,Y,N
2024,88888,41,031,345678,Conventional,Single-Family,Other,Other,Male,1,Home purchase,490000,80.0,7.4,2.6,0,11500,2800,2400,1400,3500,30,0,0,Y,0,1,Y,600000,Site-built,Primary residence,Not Applicable,Not Applicable,1,0,98000,35,FICO,Not Applicable,5,0,Yes,Yes,5,0,5,0,Male,Male,Male,Male,40,0,0,0,Y,N
2024,99999,19,075,567890,VA,Single-Family,White,White,Male,1,Home purchase,320000,72.0,6.8,2.1,1,9000,2200,1800,1000,2800,30,0,0,N,0,0,N,400000,Site-built,Primary residence,Not Applicable,Not Applicable,1,0,78000,30,FICO,Not Applicable,1,0,Yes,No,1,0,1,0,Male,Male,Male,Male,38,0,0,0,Y,N
2024,11111,24,091,987654,Conventional,Single-Family,Black,Black,Female,1,Home purchase,360000,70.0,6.3,1.7,0,8500,2100,1600,900,2500,30,0,0,N,0,0,N,500000,Site-built,Primary residence,Not Applicable,Not Applicable,1,0,82000,32,FICO,Not Applicable,3,0,No,No,3,0,3,0,Female,Female,Female,Female,30,0,0,0,Y,N
2024,22222,14,029,123456,Conventional,Single-Family,Hispanic,Hispanic,Male,1,Home purchase,290000,78.0,6.7,2.1,1,8000,2000,1600,800,2200,30,0,0,N,0,0,N,370000,Site-built,Primary residence,Not Applicable,Not Applicable,1,0,72000,30,FICO,Not Applicable,2,0,No,No,2,0,2,0,Male,Male,Male,Male,41,0,0,0,Y,N
2024,33333,28,013,789012,Conventional,Single-Family,White,White,Female,1,Home purchase,410000,76.0,7.2,2.5,1,10000,2300,1800,1100,3000,30,0,0,N,0,0,N,520000,Site-built,Primary residence,Not Applicable,Not Applicable,1,0,88000,34,FICO,Not Applicable,1,0,Yes,No,1,0,1,0,Female,Female,Female,Female,33,0,0,0,Y,N
2024,44444,26,021,345678,Conventional,Single-Family,Other,Other,Male,2,Home purchase,330000,75.0,7.8,2.9,1,8500,2100,1800,1000,2600,30,0,0,Y,0,1,Y,430000,Site-built,Primary residence,Not Applicable,Not Applicable,1,0,75000,35,FICO,Not Applicable,5,0,Yes,Yes,5,0,5,0,Male,Male,Male,Male,42,0,0,0,Y,N
2024,55555,35,059,567890,Conventional,Single-Family,Asian,Asian,Female,1,Home purchase,820000,80.0,6.9,2.1,0,18000,4500,3500,2000,5000,30,0,0,N,0,0,N,1000000,Site-built,Primary residence,Not Applicable,Not Applicable,1,0,150000,33,FICO,Not Applicable,4,0,No,Yes,4,0,4,0,Female,Female,Female,Female,29,0,0,0,Y,N
2024,66666,13,009,987654,Conventional,Single-Family,White,White,Male,1,Home purchase,540000,75.0,7.6,2.5,0,12000,3000,2400,1400,3800,30,0,0,N,0,0,N,700000,Site-built,Primary residence,Not Applicable,Not Applicable,1,0,120000,36,FICO,Not Applicable,1,0,Yes,Yes,1,0,1,0,Male,Male,Male,Male,45,0,0,0,Y,N
2024,77777,25,019,123456,Conventional,Single-Family,Hispanic,Hispanic,Female,3,Home purchase,390000,80.0,8.5,3.2,1,10000,2500,1800,1200,3000,30,0,0,Y,0,1,Y,470000,Site-built,Primary residence,Not Applicable,Not Applicable,1,0,85000,37,FICO,Not Applicable,2,0,No,Yes,2,0,2,0,Female,Female,Female,Female,35,0,0,0,Y,N
2024,88888,34,047,789012,Conventional,Single-Family,White,White,Male,1,Home purchase,370000,70.0,6.2,1.8,0,9500,2400,2000,1200,3000,30,0,0,N,0,0,N,490000,Site-built,Primary residence,Not Applicable,Not Applicable,1,0,90000,31,FICO,Not Applicable,1,0,Yes,No,1,0,1,0,Male,Male,Male,Male,40,0,0,0,Y,N
2024,99999,02,011,345678,Conventional,Single-Family,Black,Black,Female,2,Home purchase,450000,85.0,9.4,3.7,1,12500,3200,2600,1600,3700,30,0,0,Y,0,1,Y,525000,Site-built,Primary residence,Not Applicable,Not Applicable,1,0,95000,40,FICO,Not Applicable,3,0,No,Yes,3,0,3,0,Female,Female,Female,Female,43,0,0,0,Y,N
2024,11111,42,111,567890,Conventional,Single-Family,Other,Other,Male,1,Home purchase,340000,75.0,6.8,2.2,0,9000,2100,1800,1000,2700,30,0,0,N,0,0,N,460000,Site-built,Primary residence,Not Applicable,Not Applicable,1,0,75000,34,FICO,Not Applicable,5,0,Yes,YEs,5,0,5,0,Male,Male,Male,Male,41,0,0,0,Y,N
2024,22222,21,065,987654,Conventional,Single-Family,White,White,Female,1,Home purchase,560000,82.0,7.3,2.7,1,13000,3200,2600,1400,3800,30,0,0,N,0,0,N,700000,Site-built,Primary residence,Not Applicable,Not Applicable,1,0,115000,36,FICO,Not Applicable,1,0,Yes,No,1,0,1,0,Female,Female,Female,Female,36,0,0,0,Y,N
2024,33333,40,067,123456,Conventional,Single-Family,Hispanic,Hispanic,Male,1,Home purchase,320000,70.0,6.4,1.9,0,8500,2200,1700,900,2500,30,0,0,N,0,0,N,450000,Site-built,Primary residence,Not Applicable,Not Applicable,1
2024,50000,48,48005,019702,Conventional,Single-Family,Not Hispanic or Latino,White,Male,1,Home Purchase,345000,75.0,6.25,2.25,1,4500,2500,1000,250,1000,30,5,0,0,0,0,0,395000,Site-Built,Primary Residence,SF,0,1,0,0,45000,28.0,2,3,Hispanic,Not Hispanic or Latino,1,0,White,Black,1,0,Male,Female,1,1,35,32,0,0,1,1
2024,31000,12,12017,021001,Conventional,Single-Family,Not Hispanic or Latino,White,Male,1,Home Purchase,725000,85.0,6.75,2.25,0,7500,3500,2200,500,1800,30,5,0,0,0,0,0,850000,Site-Built,Primary Residence,SF,0,1,0,0,68000,31.0,2,2,Not Hispanic or Latino,Not Hispanic or Latino,1,1,White,White,1,1,Male,Male,1,1,42,42,1,1,1,1
2024,24500,51,51059,000801,Conventional,Single-Family,Not Hispanic or Latino,White,Male,1,Home Purchase,187500,80.0,6.50,1.75,0,3200,1600,1000,200,600,30,0,0,0,0,0,0,234375,Site-Built,Primary Residence,SF,0,1,0,0,36500,28.5,1,1,Not Hispanic or Latino,Not Hispanic or Latino,1,1,White,White,1,1,Male,Male,1,1,38,38,0,0,1,1
2024,49000,36,36061,005401,Conventional,Single-Family,Not Hispanic or Latino,White,Male,1,Home Purchase,425000,70.0,7.25,2.75,1,6200,3200,1800,400,1800,30,3,12,0,0,0,0,485000,Site-Built,Primary Residence,SF,0,1,0,0,58000,33.0,2,2,Not Hispanic or Latino,Not Hispanic or Latino,1,1,White,White,1,1,Male,Male,1,1,51,51,1,1,1,1
2024,15000,21,21047,002001,Conventional,Single-Family,Hispanic,Hispanic,Male,1,Home Purchase,825000,85.0,7.50,3.00,0,8000,4000,2400,600,1600,30,5,0,0,0,0,0,975000,Site-Built,Primary Residence,SF,0,1,0,0,78000,35.0,2,2,Hispanic,Hispanic,1,1,Hispanic,Hispanic,1,1,Male,Male,1,1,33,33,0,0,1,1
2024,12000,10,10005,010003,Conventional,Single-Family,Not Hispanic or Latino,Asian,Female,1,Home Purchase,985000,80.0,6.95,2.50,0,9200,4100,2700,450,1800,30,5,0,0,0,0,0,1231250,Site-Built,Primary Residence,SF,0,1,0,0,89000,30.5,2,3,Not Hispanic or Latino,Not Hispanic or Latino,1,1,Asian,Asian,1,1,Female,Female,1,1,36,36,0,0,1,1
2024,45000,24,24017,031401,Conventional,Single-Family,Not Hispanic or Latino,White,Male,1,Home Purchase,315000,80.0,6.50,1.50,1,3700,1900,1100,400,600,30,0,0,0,0,0,0,393750,Site-Built,Primary Residence,SF,0,1,0,0,40500,27.0,2,2,Not Hispanic or Latino,Not Hispanic or Latino,1,1,White,White,1,1,Male,Male,1,1,29,29,0,0,1,1
2024,50000,48,48009,009002,Conventional,Single-Family,Not Hispanic or Latino,White,Female,1,Home Purchase,295000,78.0,6.25,1.25,0,3200,1600,1000,200,600,30,5,0,0,0,0,0,382000,Site-Built,Primary Residence,SF,0,1,0,0,33500,24.0,2,2,Not Hispanic or Latino,Not Hispanic or Latino,1,1,White,White,1,1,Female,Female,1,1,37,37,0,0,1,1
2024,45000,24,24031,000001,Conventional,Single-Family,Not Hispanic or Latino,White,Female,1,Home Purchase,125000,77.0,5.85,1.10,1,3000,1200,800,100,400,30,0,0,0,0,0,0,162000,Site-Built,Primary Residence,SF,0,1,0,0,21500,26.0,2,3,Not Hispanic or Latino,Not Hispanic or Latino,1,1,White,White,1,1,Female,Female,1,1,42,42,1,1,1,1
2024,30000,35,35011,005005,Conventional,Single-Family,Not Hispanic or Latino,White,Female,1,Home Purchase,450000,80.0,6.50,2.25,0,5500,3000,1500,500,1500,30,3,12,0,0,0,0,562500,Site-Built,Primary Residence,SF,0,1,0,0,52000,31.0,2,2,Not Hispanic or Latino,Not Hispanic or Latino,1,1,White,White,1,1,Female,Female,1,1,29,29,0,0,1,1
2024,40000,54,54085,004500,Conventional,Single-Family,Not Hispanic or Latino,White,Male,1,Home Purchase,525000,65.0,5.75,1.00,0,7500,3800,2200,500,1500,30,5,0,0,0,0,0,807692,Site-Built,Primary Residence,SF,0,1,0,0,69000,29.0,2,2,Not Hispanic or Latino,Not Hispanic or Latino,1,1,White,White,1,1,Male,Male,1,1,38,38,0,0,1,1
2024,25000,55,55089,002509,Conventional,Single-Family,Not Hispanic or Latino,White,Male,1,Home Purchase,950000,80.0,7.00,2.25,1,10000,5000,2500,600,2000,30,5,0,0,0,0,0,1187500,Site-Built,Primary Residence,SF,0,1,0,0,84500,31.0,2,2,Not Hispanic or Latino,Not Hispanic or Latino,1,1,White,White,1,1,Male,Male,1,1,38,38,0,0,1,1
2024,40000,51,51059,000305,Conventional,Single-Family,Not Hispanic or Latino,White,Male,1,Home Purchase,345000,80.0,7.00,2.00,0,3500,1800,1000,300,500,30,0,0,0,0,0,0,431250,Site-Built,Primary Residence,SF,0,1,0,0,40000,29.0,2,2,Not Hispanic or Latino,Not Hispanic or Latino,1,1,White,White,1,1,Male,Male,1,1,32,32,0,0,1,1
2024,32000,21,21005,050400,Conventional,Single-Family,Hispanic,Hispanic,Male,1,Home Purchase,350000,80.0,7.25,2.25,0,4000,2000,1200,300,800,30,3,12,0,0,0,0,437500,Site-Built,Primary Residence,SF,0,1,0,0,38000,34.0,2,2,Hispanic,Hispanic,1,1,Hispanic,Hispanic,1,1,Male,Male,1,1,36,36,0,0,1,1
2024,19000,39,39001,004000,Conventional,Single-Family,Not Hispanic or Latino,White,Female,1,Home Purchase,825000,85.0,7.00,2.25,1,9000,4000,2800,400,1800,30,5,0,0,0,0,0,970588,Site-Built,Primary Residence,SF,0,1,0,0,79000,32.0,2,2,Not Hispanic or Latino,Not Hispanic or Latino,1,1,White,White,1,1,Female,Female,1,1,31,31,0,0,1,1
2024,25000,48,48005,020100,Conventional,Single-Family,Not Hispanic or Latino,White,Female,1,Home Purchase,345000,75.0,6.00,1.00,0,3200,1500,1000,200,500,30,0,0,0,0,0,0,460000,Site-Built,Primary Residence,SF,0,1,0,0,38000,26.0,2,3,Not Hispanic or Latino,Not Hispanic or Latino,1,1,White,White,1,1,Female,Female,1,1,31,31,0,0,1,1
2024,22000,12,12013,010000,Conventional,Single-Family,Not Hispanic or Latino,Black,Female,1,Home Purchase,500000,85.0,6.50,2.00,0,6000,3000,1800,300,1200,30,0,0,0,0,0,0,588235,Site-Built,Primary Residence,SF,0,1,0,0,48000,37.0,2,2,Not Hispanic or Latino,Not Hispanic or Latino,1,1,Black,Black,1,1,Female,Female,1,1,33,33,0,0,1,1
2024,15000,23,23003,015001,Conventional,Single-Family,Not Hispanic or Latino,White,Female,1,Home Purchase,600000,65.0,5.75,1.25,1,6700,3200,1800,500,1900,30,0,0,0,0,0,0,923077,Site-Built,Primary Residence,SF,0,1,0,0,44500,33.0,2,2,Not Hispanic or Latino,Not Hispanic or Latino,1,1,White,White,1,1,Female,Female,1,1,37,37,0,0,1,1
2024,50000,40,40001,001001,Conventional,Single-Family,Not Hispanic or Latino,White,Male,1,Home Purchase,375000,75.0,6.25,2.25,0,4500,2000,1100,500,1400,30,3,12,0,0,0,0,500000,Site-Built,Primary Residence,SF,0,1,0,0,42000,29.0,2,2,Not Hispanic or Latino,Not Hispanic or Latino,1,1,White,White,1,1,Male,Male,1,1,32,32,0,0,1,1
2024,36000,12,12011,016001,Conventional,Single-Family,Not Hispanic or Latino,White,Male,1,Home Purchase,1050000,90.0,6.50,1.50,1,11000,5500,3100,600,2200,30,10,0,0,0,0,0,1166667,Site-Built,Primary Residence,SF,0,1,0,0,85000,32.0,1,1,Not Hispanic or Latino,Not Hispanic or Latino,1,1,White,White,1,1,Male,Male,1,1,30,30,0,0,1,1
2024,35000,34,34005,006004,Conventional,Single-Family,Not Hispanic or Latino,White,Male,1,Home Purchase,665000,82.0,6.75,2.50,0,7500,3500,2200,500,1300,30,0,0,0,0,0,0,800000,Site-Built,Primary Residence,SF,0,1,0,0,51500,30.0,2,2,Not Hispanic or Latino,Not Hispanic or Latino,1,1,White,White,1,1,Male,Male,1,1,29,29,0,0,1,1
2024,31000,54,54003,008001,Conventional,Single-Family,Not Hispanic or Latino,White,Female,1,Home Purchase,960000,88.0,7.25,2.25,1,10000,4400,2800,500,2300,30,5,0,0,0,0,0,1093750,Site-Built,Primary Residence,SF,0,1,0,0,82750,33.0,2,2,Not Hispanic or Latino,Not Hispanic or Latino,1,1,White,White,1,1,Female,Female,1,1,38,38,0,0,1,1
2024,46000,54,54059,090010,Conventional,Single-Family,Not Hispanic or Latino,White,Male,1,Home Purchase,610000,72.0,5.25,1.00,0,6700,3000,1800,400,1100,30,5,0,0,0,0,0,847222,Site-Built,Primary Residence,SF,0,1,0,0,58000,27.0,2,2,Not Hispanic or Latino,Not Hispanic or Latino,1,1,White,White,1,1,Male,Male,1,1,25,25,0,0,1,1
2024,24500,51,51001,004405,Conventional,Single-Family,Not Hispanic or Latino,White,Male,1,Home Purchase,285000,82.0,6.50,2.00,0,3000,1800,1000,100,200,30,0,0,0,0,0,0,347561,Site-Built,Primary Residence,SF,0,1,0,0,33000,29.5,1,1,Not Hispanic or Latino,Not Hispanic or Latino,1,1,White,White,1,1,Male,Male,1,1,33,33,0,0,1,1
2024,40000,45,45089,016202,Conventional,Single-Family,Not Hispanic or Latino,White,Male,1,Home Purchase,485000,65.0,5.75,1.75,1,5000,3200,1500,200,900,30,0,0,0,0,0,0,746154,Site-Built,Primary Residence,SF,0,1,0,0,44000,34.0,2,3,Not Hispanic or Latino,Not Hispanic or Latino,1,1,White,White,1,1,Male,Male,1,1,40,40,1,1,1,1
2024,26000,48,48051,002001,Conventional,Single-Family,Not Hispanic or Latino,White,Female,1,Home Purchase,525000,80.0,6.25,2.50,0,5800,2800,1900,400,700,30,0,0,0,0,0,0,656250,Site-Built,Primary Residence,SF,0,1,0,0,48000,29.0,2,2,Not Hispanic or Latino,Not Hispanic or Latino,1,1,White,White,1,1,Female,Female,1,1,38,38,0,0,1,1
2024,15000,26,26009,020020,Conventional,Single-Family,Not Hispanic or Latino,White,Male,1,Home Purchase,325000,75.0,6.00,1.75,0,3500,1800,1200,300,500,30,3,12,0,0,0,0,433333,Site-Built,Primary Residence,SF,0,1,0,0,36500,26.0,2,2,Not Hispanic or Latino,Not Hispanic or Latino,1,1,White,White,1,1,Male,Male,1,1,31,31,0,0,1,1
2024,32000,27,27007,015200,Conventional,Single-Family,Not Hispanic or Latino,White,Male,1,Home Purchase,495000,65.0,5.25,1.25,0,5400,3300,1800,400,1200,30,3,12,0,0,0,0,761538,Site-Built,Primary Residence,SF,0,1,0,0,46000,28.0,2,2,Not Hispanic or Latino,Not Hispanic or Latino,1,1,White,White,1,1,Male,Male,1,1,29,29,0,0,1,1
2024,35000,12,12027,003100,Conventional,Single-Family,Not Hispanic or Latino,White,Male,1,Home Purchase,1025000,80.0,6.75,1.50,0,10500,4800,3000,500,2000,30,5,0,0,0,0,0,1281250,Site-Built,Primary Residence,SF,0,1,0,0,84500,32.0,2,2,Not Hispanic or Latino,Not Hispanic or Latino,1,1,White,White,1,1,Male,Male,1,1,34,34,0,0,1,1
2024,15000,18,18097,007500,Conventional,Single-Family,Hispanic,Hispanic,Female,1,Home Purchase,725000,85.0,6.95,2.95,1,8000,3800,2200,500,1000,30,0,0,0,0,0,0,852941,Site-Built,Primary Residence,SF,0,1,0,0,62000,33.0,2,2,Hispanic,Hispanic,1,1,Hispanic,Hispanic,1,1,Female,Female,1,1,36,36,0,0,1,1
2024,31000,36,36015,007800,Conventional,Single-Family,Not Hispanic or Latino,White,Male,1,Home Purchase,775000,80.0,6.25,3.25,0,9000,4200,2400,500,1400,30,0,0,0,0,0,0,968750,Site-Built,Primary Residence,SF,0,1,0,0,82000,35.0,2,2,Not Hispanic or Latino,Not Hispanic or Latino,1,1,White,White,1,1,Male,Male,1,1,38,38,0,0,1,1
2024,44000,36,36005,004003,Conventional,Single-Family,Not Hispanic or Latino,White,Male,1,Home Purchase,795000,85.0,6.75,2.25,1,9500,4000,2500,500,1500,30,3,12,0,0,0,0,935294,Site-Built,Primary Residence,SF,0,1,0,0,78000,31.0,2,2,Not Hispanic or Latino,Not Hispanic or Latino,1,1,White,White,1,1,Male,Male,1,1,41,41,1,1,1,1
2024,28000,03,03007,010500,Conventional,Single-Family,Not Hispanic or Latino,White,Female,1,Home Purchase,585000,85.0,6.50,2.00,0,4000,2200,1200,300,800,30,0,0,0,0,0,0,688235,Site-Built,Primary Residence,SF,0,1,0,0,43000,30.5,2,2,Not Hispanic or Latino,Not Hispanic or Latino,1,1,White,White,1,1,Female,Female,1,1,37,37,0,0,1,1
2024,45000,13,13037,007800,Conventional,Single-Family,Not Hispanic or Latino,White,Male,1,Home Purchase,750000,80.0,6.50,1.50,0,8500,3900,2300,400,1200,30,0,0,0,0,0,0,937500,Site-Built,Primary Residence,SF,0,1,0,0,69000,30.0,2,2,Not Hispanic or Latino,Not Hispanic or Latino,1,1,White,White,1,1,Male,Male,1,1,39,39,1,1,1,1
2024,35000,16,16009,031001,Conventional,Single-Family,Not Hispanic or Latino,White,Male,1,Home Purchase,625000,70.0,5.75,1.25,0,7000,3000,2200,400,1400,30,0,0,0,0,0,0,892857,Site-Built,Primary Residence,SF,0,1,0,0,69000,33.0,1,1,Not Hispanic or Latino,Not Hispanic or Latino,1,1,White,White,1,1,Male,Male,1,1,40,40,0,0,1,1
2024,32000,42,42039,010100,Conventional,Single-Family,Not Hispanic or Latino,White,Male,1,Home Purchase,400000,75.0,6.25,1.00,1,4000,1800,1000,300,500,30,0,0,0,0,0,0,533333,Site-Built,Primary Residence,SF,0,1,0,0,38500,32.0,2,2,Not Hispanic or Latino,Not Hispanic or Latino,1,1,White,White,1,1,Male,Male,1,1,38,38,0,0,1,1
2024,24500,27,27001,005000,Conventional,Single-Family,Not Hispanic or Latino,White,Male,1,Home Purchase,450000,85.0,6.50,2.00,0,5000,2500,1400,300,600,30,0,0,0,0,0,0,529412,Site-Built,Primary Residence,SF,0,1,0,0,42500,28.0,2,2,Not Hispanic or Latino,Not Hispanic or Latino,1,1,White,White,1,1,Male,Male,1,1,35,35,0,0,1,1
2024,49000,24,24017,051500,Conventional,Single-Family,Not Hispanic or Latino,White,Female,1,Home Purchase,725000,85.0,7.25,2.50,0,7800,3200,2400,400,1800,30,5,0,0,0,0,0,852941,Site-Built,Primary Residence,SF,0,1,0,0,68000,31.0,2,2,Not Hispanic or Latino,Not Hispanic or Latino,1,1,White,White,1,1,Female,Female,1,1,32,32,0,0,1,1
2024,45000,35,35013,005300,Conventional,Single-Family,Not Hispanic or Latino,White,Male,1,Home Purchase,365000,70.0,5.50,1.25,1,4000,1800,1000,400,500,30,0,0,0,0,0,0,521429,Site-Built,Primary Residence,SF,0,1,0,0,42000,24.0,2,2,Not Hispanic or Latino,Not Hispanic or Latino,1,1,White,White,1,1,Male,Male,1,1,27,27,0,0,1,1
2024,22000,48,48095,005500,Conventional,Single-Family,Not Hispanic or Latino,White,Female,1,Home Purchase,535000,80.0,6.25,2.25,0,5500,3000,1500,500,1000,30,5,0,0,0,0,0,668750,Site-Built,Primary Residence,SF,0,1,0,0,48000,30.0,2,2,Not Hispanic or Latino,Not Hispanic or Latino,1,1,White,White,1,1,Female,Female,1,1,41,41,1,1,1,1
2024,15000,24,24031,000002,Conventional,Single-Family,Not Hispanic or Latino,White,Male,1,Home Purchase,125000,77.0,5.75,1.80,1,3500,2200,1000,200,300,30,3,12,0,0,0,0,162000,Site-Built,Primary Residence,SF,0,1,0,0,21500,26.0,2,2,Not Hispanic or Latino,Not Hispanic
2024,75000,39,083,10400,Conventional,Single-Family,Not Hispanic or Latino,White,Male,1,Home Purchase,325000,85.0,6.25,0.75,1,15000,3500,8000,1500,5500,360,0,0,0,0,0,0,380000,Site-Built,Owner Occupied,Not Applicable,Not Applicable,1,0,85000,32,Prime,Prime,1,1,1,1,1,1,1,1,1,1,35,42,0,0,1,1
2024,75000,39,083,10300,FHA,Single-Family,Hispanic or Latino,White,Male,1,Home Purchase,420000,75.0,5.75,1.0,1,18000,4200,9000,2000,6000,360,1,0,0,0,0,0,450000,Site-Built,Owner Occupied,Not Applicable,Not Applicable,1,0,95000,28,Fair,Good,2,3,1,1,1,1,1,1,1,1,38,41,0,0,1,1
2024,75000,39,083,10500,VA,Single-Family,Not Hispanic or Latino,Black,Male,1,Home Purchase,525000,80.0,5.25,0.5,1,22000,4800,10000,2500,6500,360,0,1,0,0,0,0,600000,Site-Built,Owner Occupied,Not Applicable,Not Applicable,1,0,125000,30,Excellent,Excellent,1,1,1,1,1,1,1,1,1,1,45,48,0,0,1,1
2024,75000,39,083,10600,Conventional,Single-Family,Not Hispanic or Latino,Asian,Female,1,Home Purchase,725000,87.5,6.75,1.25,1,28000,5500,12000,3000,7000,360,0,0,1,0,0,0,800000,Site-Built,Owner Occupied,Not Applicable,Not Applicable,1,0,185000,25,Prime,Prime,1,1,1,1,1,1,1,1,1,1,37,36,0,0,1,1
2024,75000,39,083,10700,USDA,Single-Family,Hispanic or Latino,Hispanic,Other,1,Home Purchase,475000,82.5,5.0,0.75,1,16000,3800,8500,1800,5500,360,0,0,0,0,0,0,550000,Site-Built,Owner Occupied,Not Applicable,Not Applicable,1,0,110000,24,Fair,Good,2,3,1,1,1,1,1,1,1,1,34,32,0,0,1,1
2024,75000,39,083,10800,FHA,Single-Family,Not Hispanic or Latino,American Indian or Alaska Native,Male,1,Home Purchase,375000,78.0,5.5,0.75,1,14000,4000,7500,1500,4500,360,0,0,0,0,0,0,450000,Site-Built,Owner Occupied,Not Applicable,Not Applicable,1,0,100000,33,Excellent,Excellent,1,1,1,1,1,1,1,1,1,1,40,43,0,0,1,1
2024,75000,39,083,10900,Conventional,Single-Family,Not Hispanic or Latino,White,Female,1,Home Purchase,540000,80.0,6.0,1.0,1,19000,4500,9500,2000,6000,360,0,0,0,1,0,0,650000,Site-Built,Owner Occupied,Not Applicable,Not Applicable,1,0,130000,26,Good,Good,1,1,1,1,1,1,1,1,1,1,32,45,0,0,1,1
2024,75000,39,083,11000,VA,Single-Family,Hispanic or Latino,Mixed Race,Male,1,Home Purchase,485000,79.0,5.75,0.5,1,18500,4200,9000,2000,6200,360,0,0,0,0,0,0,550000,Site-Built,Owner Occupied,Not Applicable,Not Applicable,1,0,115000,30,Fair,Fair,2,3,1,1,1,1,1,1,1,1,33,37,0,0,1,1
2024,75000,39,083,11100,Conventional,Single-Family,Not Hispanic or Latino,White,Female,1,Home Purchase,450000,77.5,6.5,1.25,1,16500,4000,8000,1700,5000,360,1,0,0,0,0,0,500000,Site-Built,Owner Occupied,Not Applicable,Not Applicable,1,0,120000,29,Excellent,Good,1,1,1,1,1,1,1,1,1,1,35,42,0,0,1,1
2024,75000,39,083,11200,FHA,Single-Family,Hispanic or Latino,White,Male,1,Home Purchase,480000,81.0,5.25,0.75,1,17000,3800,8500,1800,5200,360,0,0,0,0,0,0,550000,Site-Built,Owner Occupied,Not Applicable,Not Applicable,1,0,110000,28,Fair,Good,2,3,1,1,1,1,1,1,1,1,29,35,0,0,1,1
2024,75000,39,083,11300,Conventional,Single-Family,Not Hispanic or Latino,Black,Female,1,Home Purchase,390000,75.0,6.25,1.0,1,13000,3500,7000,1500,4000,360,0,0,0,0,0,0,450000,Site-Built,Owner Occupied,Not Applicable,Not Applicable,1,0,85000,31,Prime,Perfect,1,1,1,1,1,1,1,1,1,1,37,41,0,0,1,1
2024,75000,39,083,11400,VA,Single-Family,Not Hispanic or Latino,Hawaiian Native or Other Pacific Islander,Male,1,Home Purchase,575000,82.5,5.5,0.75,1,24000,5000,11000,2500,6500,360,0,0,0,0,0,0,700000,Site-Built,Owner Occupied,Not Applicable,Not Applicable,1,0,140000,27,Excellent,Excellent,1,1,1,1,1,1,1,1,1,1,42,40,0,0,1,1
2024,75000,39,083,11500,Conventional,Single-Family,Hispanic or Latino,Hispanic,Female,1,Home Purchase,440000,80.0,6.0,1.0,1,15500,4000,7500,1700,4200,360,0,0,0,0,0,0,500000,Site-Built,Owner Occupied,Not Applicable,Not Applicable,1,0,105000,29,Good,Good,2,3,1,1,1,1,1,1,1,1,30,38,0,0,1,1
2024,75000,39,083,11600,FHA,Single-Family,Not Hispanic or Latino,White,Male,1,Home Purchase,350000,72.0,5.75,0.5,1,13000,3300,7000,1400,3800,360,0,0,0,0,0,0,450000,Site-Built,Owner Occupied,Not Applicable,Not Applicable,1,0,90000,30,Excellent,Excellent,1,1,1,1,1,1,1,1,1,1,34,36,0,0,1,1
2024,75000,39,083,11700,USDA,Single-Family,Hispanic or Latino,Mixed Race,Female,1,Home Purchase,420000,75.0,6.25,1.25,1,15000,3500,8000,1500,4000,360,0,0,0,0,0,0,500000,Site-Built,Owner Occupied,Not Applicable,Not Applicable,1,0,100000,33,Excellent,Excellent,2,3,1,1,1,1,1,1,1,1,27,32,0,0,1,1
2024,75000,39,083,11800,Conventional,Single-Family,Not Hispanic or Latino,White,Male,1,Home Purchase,625000,85.0,6.75,1.5,1,30000,6000,13000,3000,8000,360,0,0,0,0,0,0,750000,Site-Built,Owner Occupied,Not Applicable,Not Applicable,1,0,160000,26,Excellent,Excellent,1,1,1,1,1,1,1,1,1,1,38,41,0,0,1,1
2024,75000,39,083,11900,VA,Single-Family,Hispanic or Latino,White,Female,1,Home Purchase,480000,80.0,6.0,1.0,1,16500,4000,8500,1800,4200,360,0,0,0,0,0,0,600000,Site-Built,Owner Occupied,Not Applicable,Not Applicable,1,0,115000,28,Prime,Prime,2,3,1,1,1,1,1,1,1,1,32,35,0,0,1,1
2024,75000,39,083,12000,Conventional,Single-Family,Not Hispanic or Latino,Asian,Male,1,Home Purchase,550000,82.5,6.5,1.25,1,18000,4500,9000,2000,5000,360,0,0,1,0,0,0,650000,Site-Built,Owner Occupied,Not Applicable,Not Applicable,1,0,135000,30,Excellent,Excellent,1,1,1,1,1,1,1,1,1,1,35,38,0,0,1,1
2024,75000,39,083,12100,FHA,Single-Family,Hispanic or Latino,Hawaiian Native or Other Pacific Islander,Male,1,Home Purchase,420000,75.0,5.75,0.75,1,15000,3800,8000,1600,4200,360,0,0,0,0,0,0,500000,Site-Built,Owner Occupied,Not Applicable,Not Applicable,1,0,100000,29,Fair,Fair,2,3,1,1,1,1,1,1,1,1,31,34,0,0,1,1
2024,75000,39,083,12200,Conventional,Single-Family,Not Hispanic or Latino,Black,Female,1,Home Purchase,385000,78.0,6.25,1.25,1,13500,3500,7000,1500,4000,360,0,0,0,0,0,0,450000,Site-Built,Owner Occupied,Not Applicable,Not Applicable,1,0,87500,31,Excellent,Excellent,1,1,1,1,1,1,1,1,1,1,33,37,0,0,1,1
2024,75000,39,083,12300,VA,Single-Family,Not Hispanic or Latino,White,Male,1,Home Purchase,440000,80.0,5.5,0.5,1,14000,3800,7200,1500,3500,360,1,0,0,0,0,0,500000,Site-Built,Owner Occupied,Not Applicable,Not Applicable,1,0,95000,27,Fair,Good,1,1,1,1,1,1,1,1,1,1,36,39,0,0,1,1
2024,75000,39,083,12400,Conventional,Single-Family,Hispanic or Latino,White,Female,1,Home Purchase,390000,75.0,6.75,1.5,1,15000,3500,7500,1500,4000,360,0,0,1,0,0,0,450000,Site-Built,Owner Occupied,Not Applicable,Not Applicable,1,0,85000,29,Perfect,Excellent,2,3,1,1,1,1,1,1,1,1,35,36,0,0,1,1
2024,75000,39,083,12500,FHA,Single-Family,Not Hispanic or Latino,White,Male,1,Home Purchase,450000,82.5,6.0,1.0,1,17000,4000,8000,1800,4200,360,0,0,0,0,0,0,500000,Site-Built,Owner Occupied,Not Applicable,Not Applicable,1,0,105000,30,Fair,Fair,1,1,1,1,1,1,1,1,1,1,39,41,0,0,1,1
2024,75000,39,083,12600,Conventional,Single-Family,Hispanic or Latino,Mixed Race,Female,1,Home Purchase,550000,80.0,6.5,1.25,1,19000,4500,9000,2000,5500,360,0,0,0,0,0,0,700000,Site-Built,Owner Occupied,Not Applicable,Not Applicable,1,0,125000,28,Excellent,Excellent,2,3,1,1,1,1,1,1,1,1,32,37,0,0,1,1
2024,75000,39,083,12700,VA,Single-Family,Not Hispanic or Latino,Native Hawaiian or Other Pacific Islander,Male,1,Home Purchase,580000,85.0,6.25,1.5,1,21000,5000,10000,2500,6200,360,0,0,0,0,0,0,750000,Site-Built,Owner Occupied,Not Applicable,Not Applicable,1,0,140000,30,Good,Good,1,1,1,1,1,1,1,1,1,1,43,45,0,0,1,1
2024,75000,39,083,12800,Conventional,Single-Family,Hispanic or Latino,Hispanic,Male,1,Home Purchase,420000,75.0,6.0,1.0,1,14000,3500,7000,1500,3500,360,0,0,0,0,0,0,500000,Site-Built,Owner Occupied,Not Applicable,Not Applicable,1,0,100000,31,Fair,Good,2,3,1,1,1,1,1,1,1,1,34,36,0,0,1,1
2024,75000,39,083,12900,FHA,Single-Family,Not Hispanic or Latino,White,Female,1,Home Purchase,375000,75.0,5.5,0.75,1,13000,3300,7000,1400,3800,360,0,0,0,0,0,0,450000,Site-Built,Owner Occupied,Not Applicable,Not Applicable,1,0,90000,28,Excellent,Excellent,1,1,1,1,1,1,1,1,1,1,33,35,0,0,1,1
2024,75000,39,083,13000,Conventional,Single-Family,Not Hispanic or Latino,White,Male,1,Home Purchase,600000,85.0,6.5,1.25,1,25000,5500,11000,2500,7000,360,0,0,0,0,0,0,750000,Site-Built,Owner Occupied,Not Applicable,Not Applicable,1,0,150000,32,Excellent,Excellent,1,1,1,1,1,1,1,1,1,1,40,42,0,0,1,1
2024,75000,39,083,13100,VA,Single-Family,Hispanic or Latino,White,Female,1,Home Purchase,460000,78.0,5.75,0.75,1,16000,4000,8500,1800,4200,360,0,0,0,0,0,0,550000,Site-Built,Owner Occupied,Not Applicable,Not Applicable,1,0,105000,29,Prime,Prime,2,3,1,1,1,1,1,1,1,1,29,34,0,0,1,1
2024,75000,39,083,13200,Conventional,Single-Family,Not Hispanic or Latino,Black,Male,1,Home Purchase,320000,75.0,6.25,1.0,1,12000,3200,6500,1300,3500,360,0,0,0,0,0,0,400000,Site-Built,Owner Occupied,Not Applicable,Not Applicable,1,0,80000,34,Good,Good,1,1,1,1,1,1,1,1,1,1,31,33,0,0,1,1
2024,75000,39,083,13300,FHA,Single-Family,Hispanic or Latino,Hispanic,Male,1,Home Purchase,450000,80.0,6.0,1.0,1,14000,3500,7500,1500,3500,360,0,0,0,0,0,0,550000,Site-Built,Owner Occupied,Not Applicable,Not Applicable,1,0,100000,28,Fair,Fair,2,3,1,1,1,1,1,1,1,1,32,35,0,0,1,1
2024,75000,39,083,13400,Conventional,Single-Family,Not Hispanic or Latino,White,Female,1,Home Purchase,560000,85.0,6.25,1.5,1,19000,4500,9000,2000,5000,360,0,0,0,0,0,0,700000,Site-Built,Owner Occupied,Not Applicable,Not Applicable,1,0,130000,27,Excellent,Excellent,1,1,1,1,1,1,1,1,1,1,36,38,0,0,1,1
2024,75000,39,083,13500,VA,Single-Family,Hispanic or Latino,Mixed Race,Female,1,Home Purchase,480000,78.0,6.0,1.0,1,17000,4200,8500,2000,5000,360,0,0,0,0,0,0,575000,Site-Built,Owner Occupied,Not Applicable,Not Applicable,1,0,110000,30,Good,Good,2,3,1,1,1,1,1,1,1,1,32,36,0,0,1,1
2024,75000,39,083,13600,Conventional,Single-Family,Not Hispanic or Latino,Asian,Male,1,Home Purchase,710000,87.5,6.5,1.5,1,28000,5500,12000,3000,7000,360,0,0,1,0,0,0,800000,Site-Built,Owner Occupied,Not Applicable,Not Applicable,1,0,180000,26,Excellent,Excellent,1,1,1,1,1,1,1,1,1,1,34,37,0,0,1,1
2024,75000,39,083,13700,FHA,Single-Family,Hispanic or Latino,Hispanic,Female,1,Home Purchase,440000,80.0,6.25,1.25,1,16000,3800,8000,1800,4200,360,0,0,0,0,0,0,550000,Site-Built,Owner Occupied,Not Applicable,Not Applicable,1,0,105000,28,Fair,Fair,2,3,1,1,1,1,1,1,1,1,30,36,0,0,1,1
2024,75000,39,083,13800,Conventional,Single-Family,Not Hispanic or Latino,White,Male,1,Home Purchase,390000,75.0,6.0,1.0,1,13000,3500,7000,1500,3500,360,0,0,0,0,0,0,450000,Site-Built,Owner Occupied,Not Applicable,Not Applicable,1,0,90000,30,Excellent,Excellent,1,1,1,1,1,1,1,1,1,1,35,37,0,0,1,1
2024,75000,39,083,13900,VA,Single-Family,Hispanic or Latino,Hawaiian Native or Other Pacific Islander,Female,1,Home Purchase,520000,82.5,6.5,1.5,1,22000,5000,10000,2500,6500,360,0,0,0,0,0,0,650000,Site-Built,Owner Occupied,Not Applicable,Not Applicable,1,0,125000,27,Good,Good,2,3,1,1,1,1,1,1,1,1,31,35,0,0,1,1
2024,75000,39,083,14000,Conventional,Single-Family,Not Hispanic or Latino,White,Female,1,Home Purchase,600000,85.0,6.5,1.25,1,23000,5000,10000,2500,6000,360,0,0,0,0,0,0,750000,Site-Built,Owner Occupied,Not Applicable,Not Applicable,1,0,140000,31,Excellent,Excellent,1,1,1,1,1,1,1,1,1,1,32,36,0,0,1,1
2024,75000,39,083,10100,VA,Single-Family,Hispanic or Latino,Mixed Race,Male,1,Home Purchase,465000,80.0,5.5,0.75,1,17000,4200,8500,2000,5000,360,0,0,0,0,0,0,550000,Site-Built,Owner Occupied,Not Applicable,Not Applicable,1,0,105000,29,Fair,Fair,2,3,1,1,1,1,1,1,1,1,28,34,0,0,1,1
2024,75000,39,083,10200,Conventional,Single-Family,Not Hispanic or Latino,White,Male,1,Home Purchase,650000,85.0,6.75,1.5,1,27000,5500,12000,2500,7000,360,0,0,0,0,0,0,800000,Site-Built,Owner Occupied,Not Applicable,Not Applicable,1,0,155000,28,Excellent,Excellent,1,1,1,1,1,1,1,1,1,1,37,41,0,0,1,1
2024,75000,39,083,20100,FHA,Single-Family,Hispanic or Latino,Hispanic,Female,1,Home Purchase,420000,75.0,5.75,0.75,1,14500,3800,7500,1600,3900,360,0,0,0,0,0,0,500000,Site-Built,Owner Occupied,Not Applicable,Not Applicable,1,0,95000,29,Good,Good,2,3,1,1,1,1,1,1,1,1,34,37,0,0,1,1
2024,75000,39,083,20200,Conventional,Single-Family,Not Hispanic or Latino,Black,Male,1,Home Purchase,340000,72.0,6.25,1.25,1,13000,3500,7000,1500,3500,360,0,0,0,0,0,0,450000,Site-Built,Owner Occupied,Not Applicable,Not Applicable,1,0,80000,32,Excellent,Excellent,1,1,1,1,1,1,1,1,1,1,34,36,0,0,1,1
2024,75000,39,083,20300,VA,Single-Family,Not Hispanic or Latino,White,Female,1,Home Purchase,460000,80.0,6.0,1.0,1,16000,4000,8000,1800,4200,360,0,0,0,0,0,0,550000,Site-Built,Owner
2024,43740,54,089,004201,Conventional,Single-family,Not Hispanic or Latino,White,Male,1,Home purchase,325000,80.0,7.25,2.5,1,3500,2000,1500,100,1000,30,0,0,0,0,0,0,250000,Site-built,Principal residence,Not Applicable,Not Applicable,2,0,92000,35,7,7,Hispanic or Latino,Not Applicable,Observed,Not Applicable,White,Not Applicable,Observed,Not Applicable,Male,Not Applicable,Male,Not Applicable,35,Not Applicable,FALSE,Not Applicable,Y,N
2024,43740,54,089,004202,Conventional,Single-family,Not Hispanic or Latino,White,Female,1,Home purchase,450000,75.0,6.75,2.2,1,3000,1800,1200,80,1000,30,0,0,0,0,0,0,420000,Site-built,Principal residence,Not Applicable,Not Applicable,2,0,78000,30,7,7,Hispanic or Latino,Not Applicable,Observed,Not Applicable,White,Not Applicable,Observed,Not Applicable,Female,Not Applicable,Female,Not Applicable,32,Not Applicable,FALSE,Not Applicable,Y,N
2024,43740,54,089,004203,FHA,Single-family,Not Hispanic or Latino,American Indian or Alaska Native,Male,3,Home purchase,275000,85.0,8.15,3.1,1,2500,1200,1300,50,1000,30,0,0,0,0,0,0,200000,Site-built,Principal residence,Not Applicable,Not Applicable,1,0,45000,38,7,7,Hispanic or Latino,Not Applicable,Observed,Not Applicable,Asian,Not Applicable,Observed,Not Applicable,Male,Not Applicable,Male,Not Applicable,28,Not Applicable,FALSE,Not Applicable,Y,N
2024,43740,54,089,004204,VA,Single-family,Not Hispanic or Latino,Black or African American,Female,1,Home purchase,385000,70.0,7.85,2.8,1,3500,2800,700,150,700,30,0,0,1,0,0,0,350000,Site-built,Principal residence,Not Applicable,Not Applicable,1,0,65000,25,7,7,Hispanic or Latino,Not Applicable,Observed,Not Applicable,White,Not Applicable,Observed,Not Applicable,Female,Not Applicable,Female,Not Applicable,40,Not Applicable,FALSE,Not Applicable,Y,N
2024,43740,54,089,004205,Conventional,Single-family,Not Hispanic or Latino,White,Female,2,Home purchase,295000,80.0,6.25,2.0,1,2800,1500,1300,100,1000,30,0,0,0,0,0,0,250000,Site-built,Principal residence,Not Applicable,Not Applicable,2,0,58000,28,7,7,Hispanic or Latino,Not Applicable,Observed,Not Applicable,White,Not Applicable,Observed,Not Applicable,Female,Not Applicable,Female,Not Applicable,29,Not Applicable,FALSE,Not Applicable,N,Y
2024,43740,54,089,004206,FHA,Single-family,Hispanic or Latino,White,Male,1,Refinance,265000,75.0,7.5,2.4,1,2000,1000,1000,50,1000,30,0,0,0,0,0,0,280000,Site-built,Principal residence,Not Applicable,Not Applicable,1,0,80000,40,7,7,Hispanic or Latino,Not Applicable,Observed,Not Applicable,White,Not Applicable,Observed,Not Applicable,Male,Not Applicable,Male,Not Applicable,26,Not Applicable,FALSE,Not Applicable,Y,N
2024,43740,54,089,004207,Conventional,Single-family,Non-Hispanic,Asian,Male,1,Home purchase,550000,65.0,6.85,1.7,1,4500,3000,1500,200,1000,30,0,0,0,0,0,0,420000,Site-built,Principal residence,Not Applicable,Not Applicable,2,0,125000,32,7,7,Hispanic or Latino,Not Applicable,Observed,Not Applicable,White,Not Applicable,Observed,Not Applicable,Male,Not Applicable,Male,Not Applicable,33,Not Applicable,FALSE,Not Applicable,Y,N
2024,43740,54,089,004208,Conventional,Single-family,Hispanic or Latino,Hispanic or Latino,Female,1,Home purchase,395000,85.0,8.5,3.0,1,3500,2200,1300,100,1000,30,0,0,0,0,0,0,360000,Site-built,Principal residence,Not Applicable,Not Applicable,1,0,52000,35,7,7,Hispanic or Latino,Not Applicable,Observed,Not Applicable,White,Not Applicable,Observed,Not Applicable,Female,Not Applicable,Female,Not Applicable,34,Not Applicable,FALSE,Not Applicable,Y,N
2024,43740,54,089,004209,Conventional,Single-family,Not Hispanic or Latino,White,Male,2,Home purchase,475000,75.0,7.2,2.2,1,3800,2300,1500,150,1500,30,0,0,0,0,0,0,440000,Site-built,Principal residence,Not Applicable,Not Applicable,2,0,72000,28,7,7,Hispanic or Latino,Not Applicable,Observed,Not Applicable,White,Not Applicable,Observed,Not Applicable,Male,Not Applicable,Male,Not Applicable,27,Not Applicable,FALSE,Not Applicable,N,Y
2024,43740,54,089,004210,FHA,Single-family,Not Hispanic or Latino,Black or African American,Male,1,Home purchase,250000,80.0,8.25,3.2,1,2200,1100,1100,50,1000,30,0,0,0,0,0,0,200000,Site-built,Principal residence,Not Applicable,Not Applicable,1,0,42000,42,7,7,Hispanic or Latino,Not Applicable,Observed,Not Applicable,White,Not Applicable,Observed,Not Applicable,Male,Not Applicable,Male,Not Applicable,31,Not Applicable,FALSE,Not Applicable,Y,N
2024,43740,54,089,004211,Conventional,Single-family,Hispanic or Latino,White,Female,1,Home purchase,315000,70.0,6.1,1.5,1,2500,1000,1500,100,1000,30,0,0,0,0,0,0,320000,Site-built,Principal residence,Not Applicable,Not Applicable,2,0,85000,30,7,7,Hispanic or Latino,Not Applicable,Observed,Not Applicable,White,Not Applicable,Observed,Not Applicable,Female,Not Applicable,Female,Not Applicable,39,Not Applicable,FALSE,Not Applicable,Y,N
2024,43740,54,089,004212,Conventional,Single-family,Not Hispanic or Latino,White,Male,1,Home purchase,250000,75.0,6.5,2.1,1,2400,1200,1200,75,1000,30,0,0,0,0,0,0,250000,Site-built,Principal residence,Not Applicable,Not Applicable,1,0,62000,28,7,7,Hispanic or Latino,Not Applicable,Observed,Not Applicable,White,Not Applicable,Observed,Not Applicable,Male,Not Applicable,Male,Not Applicable,38,Not Applicable,FALSE,Not Applicable,Y,N
2024,43740,54,089,004213,VA,Single-family,Not Hispanic or Latino,White,Female,4,Home purchase,375000,69.0,6.25,1.5,1,3600,2800,800,120,800,30,0,0,1,0,0,0,420000,Site-built,Principal residence,Not Applicable,Not Applicable,1,0,84000,26,7,7,Hispanic or Latino,Not Applicable,Observed,Not Applicable,White,Not Applicable,Observed,Not Applicable,Female,Not Applicable,Female,Not Applicable,30,Not Applicable,FALSE,Not Applicable,N,Y
2024,43740,54,089,004214,FHA,Single-family,Hispanic or Latino,Hispanic or Latino,Male,1,Refinance,265000,80.0,7.75,2.6,1,2100,1100,1000,50,1000,30,0,0,0,0,0,0,250000,Site-built,Principal residence,Not Applicable,Not Applicable,1,0,38000,42,7,7,Hispanic or Latino,Not Applicable,Observed,Not Applicable,White,Not Applicable,Observed,Not Applicable,Male,Not Applicable,Male,Not Applicable,36,Not Applicable,FALSE,Not Applicable,Y,N
2024,43740,54,089,004215,Conventional,Single-family,Not Hispanic or Latino,White,Male,1,Home purchase,325000,75.0,6.9,2.2,1,3000,1600,1400,100,1000,30,0,0,0,0,0,0,280000,Site-built,Principal residence,Not Applicable,Not Applicable,1,0,95000,30,7,7,Hispanic or Latino,Not Applicable,Observed,Not Applicable,White,Not Applicable,Observed,Not Applicable,Male,Not Applicable,Male,Not Applicable,40,Not Applicable,FALSE,Not Applicable,Y,N
2024,43740,54,089,004216,Conventional,Single-family,Non-Hispanic,White,Female,1,Home purchase,215000,80.0,7.15,2.0,1,2200,1100,1100,50,1000,30,0,0,0,0,0,0,250000,Site-built,Principal residence,Not Applicable,Not Applicable,2,0,70000,28,7,7,Hispanic or Latino,Not Applicable,Observed,Not Applicable,White,Not Applicable,Observed,Not Applicable,Female,Not Applicable,Female,Not Applicable,29,Not Applicable,FALSE,Not Applicable,Y,N
2024,43740,54,089,004217,FHA,Single-family,Not Hispanic or Latino,White,Male,2,Home purchase,335000,70.0,7.35,2.4,1,2800,1700,1100,70,1000,30,0,0,0,0,0,0,350000,Site-built,Principal residence,Not Applicable,Not Applicable,2,0,65000,32,7,7,Hispanic or Latino,Not Applicable,Observed,Not Applicable,White,Not Applicable,Observed,Not Applicable,Male,Not Applicable,Male,Not Applicable,32,Not Applicable,FALSE,Not Applicable,N,Y
2024,43740,54,089,004218,Conventional,Single-family,Hispanic or Latino,Hispanic or Latino,Female,1,Home purchase,345000,85.0,7.85,2.8,1,3500,2000,1500,100,1000,30,0,0,1,0,0,0,400000,Site-built,Principal residence,Not Applicable,Not Applicable,1,0,59000,36,7,7,Hispanic or Latino,Not Applicable,Observed,Not Applicable,White,Not Applicable,Observed,Not Applicable,Female,Not Applicable,Female,Not Applicable,28,Not Applicable,FALSE,Not Applicable,Y,N
2024,43740,54,089,004219,VA,Single-family,Not Hispanic or Latino,American Indian or Alaska Native,Male,1,Home purchase,425000,70.0,7.25,2.1,1,4200,3000,1200,120,1000,30,0,0,0,0,0,0,400000,Site-built,Principal residence,Not Applicable,Not Applicable,1,0,75000,28,7,7,Hispanic or Latino,Not Applicable,Observed,Not Applicable,White,Not Applicable,Observed,Not Applicable,Male,Not Applicable,Male,Not Applicable,37,Not Applicable,FALSE,Not Applicable,Y,N
2024,43740,54,089,004220,Conventional,Single-family,Not Hispanic or Latino,White,Female,1,Home purchase,385000,70.0,6.65,1.8,1,3200,1800,1400,80,1000,30,0,0,0,0,0,0,400000,Site-built,Principal residence,Not Applicable,Not Applicable,1,0,110000,38,7,7,Hispanic or Latino,Not Applicable,Observed,Not Applicable,White,Not Applicable,Observed,Not Applicable,Female,Not Applicable,Female,Not Applicable,31,Not Applicable,FALSE,Not Applicable,Y,N
2024,43740,54,089,004221,Conventional,Single-family,Not Hispanic or Latino,White,Male,1,Home purchase,290000,75.0,6.5,2.0,1,2500,1300,1200,50,1000,30,0,0,0,0,0,0,320000,Site-built,Principal residence,Not Applicable,Not Applicable,2,0,68000,28,7,7,Hispanic or Latino,Not Applicable,Observed,Not Applicable,White,Not Applicable,Observed,Not Applicable,Male,Not Applicable,Male,Not Applicable,26,Not Applicable,FALSE,Not Applicable,Y,N
2024,43740,54,089,004222,FHA,Single-family,Hispanic or Latino,Hispanic or Latino,Female,1,Home purchase,285000,80.0,7.5,2.5,1,2200,1000,1200,50,1000,30,0,0,0,0,0,0,320000,Site-built,Principal residence,Not Applicable,Not Applicable,1,0,55000,40,7,7,Hispanic or Latino,Not Applicable,Observed,Not Applicable,White,Not Applicable,Observed,Not Applicable,Female,Not Applicable,Female,Not Applicable,33,Not Applicable,FALSE,Not Applicable,Y,N
2024,43740,54,089,004223,Conventional,Single-family,Not Hispanic or Latino,White,Male,1,Home purchase,320000,75.0,6.75,2.1,1,2800,1400,1400,100,1000,30,0,0,0,0,0,0,280000,Site-built,Principal residence,Not Applicable,Not Applicable,1,0,105000,35,7,7,Hispanic or Latino,Not Applicable,Observed,Not Applicable,White,Not Applicable,Observed,Not Applicable,Male,Not Applicable,Male,Not Applicable,35,Not Applicable,FALSE,Not Applicable,Y,N
2024,43740,54,089,004224,Conventional,Single-family,Hispanic or Latino,White,Female,2,Home purchase,445000,80.0,7.45,2.5,1,3200,2200,1000,100,1000,30,0,0,0,0,0,0,420000,Site-built,Principal residence,Not Applicable,Not Applicable,2,0,80000,32,7,7,Hispanic or Latino,Not Applicable,Observed,Not Applicable,White,Not Applicable,Observed,Not Applicable,Female,Not Applicable,Female,Not Applicable,30,Not Applicable,FALSE,Not Applicable,N,Y
2024,43740,54,089,004225,VA,Single-family,Not Hispanic or Latino,White,Male,1,Home purchase,500000,60.0,6.1,1.5,1,4500,3500,1000,150,1000,30,0,0,0,0,0,0,380000,Site-built,Principal residence,Not Applicable,Not Applicable,1,0,120000,30,7,7,Hispanic or Latino,Not Applicable,Observed,Not Applicable,White,Not Applicable,Observed,Not Applicable,Male,Not Applicable,Male,Not Applicable,39,Not Applicable,FALSE,Not Applicable,Y,N
2024,43740,54,089,004226,Conventional,Single-family,Not Hispanic or Latino,White,Female,1,Home purchase,385000,80.0,7.2,2.0,1,3100,1900,1200,100,1000,30,0,0,0,0,0,0,350000,Site-built,Principal residence,Not Applicable,Not Applicable,1,0,75000,34,7,7,Hispanic or Latino,Not Applicable,Observed,Not Applicable,White,Not Applicable,Observed,Not Applicable,Female,Not Applicable,Female,Not Applicable,29,Not Applicable,FALSE,Not Applicable,Y,N
2024,43740,54,089,004227,FHA,Single-family,Not Hispanic or Latino,Black or African American,Female,1,Home purchase,240000,80.0,8.35,3.0,1,2000,1100,900,50,1000,30,0,0,0,0,0,0,300000,Site-built,Principal residence,Not Applicable,Not Applicable,1,0,42000,38,7,7,Hispanic or Latino,Not Applicable,Observed,Not Applicable,White,Not Applicable,Observed,Not Applicable,Female,Not Applicable,Female,Not Applicable,30,Not Applicable,FALSE,Not Applicable,Y,N
2024,43740,54,089,004228,Conventional,Single-family,Hispanic or Latino,Hispanic or Latino,Male,1,Home purchase,385000,75.0,6.85,1.8,1,3200,2100,1100,100,1000,30,0,0,0,0,0,0,380000,Site-built,Principal residence,Not Applicable,Not Applicable,1,0,85000,32,7,7,Hispanic or Latino,Not Applicable,Observed,Not Applicable,White,Not Applicable,Observed,Not Applicable,Male,Not Applicable,Male,Not Applicable,34,Not Applicable,FALSE,Not Applicable,Y,N
2024,43740,54,089,004229,Conventional,Single-family,Non-Hispanic,White,Male,1,Home purchase,310000,70.0,6.65,2.0,1,2600,1400,1200,50,1000,30,0,0,0,0,0,0,320000,Site-built,Principal residence,Not Applicable,Not Applicable,2,0,88000,30,7,7,Hispanic or Latino,Not Applicable,Observed,Not Applicable,White,Not Applicable,Observed,Not Applicable,Male,Not Applicable,Male,Not Applicable,28,Not Applicable,FALSE,Not Applicable,Y,N
2024,43740,54,089,004230,VA,Single-family,Hispanic or Latino,Hispanic or Latino,Female,2,Home purchase,465000,85.0,7.2,2.4,1,3700,2800,900,100,1000,30,0,0,1,0,0,0,370000,Site-built,Principal residence,Not Applicable,Not Applicable,1,0,90000,40,7,7,Hispanic or Latino,Not Applicable,Observed,Not Applicable,White,Not Applicable,Observed,Not Applicable,Female,Not Applicable,Female,Not Applicable,31,Not Applicable,FALSE,Not Applicable,N,Y
2024,43740,54,089,004231,Conventional,Single-family,Not Hispanic or Latino,White,Male,1,Home purchase,300000,70.0,7.15,2.1,1,2800,1500,1300,100,1000,30,0,0,0,0,0,0,280000,Site-built,Principal residence,Not Applicable,Not Applicable,1,0,64000,32,7,7,Hispanic or Latino,Not Applicable,Observed,Not Applicable,White,Not Applicable,Observed,Not Applicable,Male,Not Applicable,Male,Not Applicable,41,Not Applicable,FALSE,Not Applicable,Y,N
2024,43740,54,089,004232,FHA,Single-family,Hispanic or Latino,Hispanic or Latino,Male,1,Home purchase,275000,85.0,8.15,3.1,1,2500,1300,1200,50,1000,30,0,0,0,0,0,0,240000,Site-built,Principal residence,Not Applicable,Not Applicable,1,0,50000,30,7,7,Hispanic or Latino,Not Applicable,Observed,Not Applicable,White,Not Applicable,Observed,Not Applicable,Male,Not Applicable,Male,Not Applicable,38,Not Applicable,FALSE,Not Applicable,Y,N
2024,43740,54,089,004233,Conventional,Single-family,Hispanic or Latino,Hispanic or Latino,Female,1,Home purchase,340000,70.0,6.45,1.9,1,3100,2000,1100,100,1000,30,0,0,0,0,0,0,350000,Site-built,Principal residence,Not Applicable,Not Applicable,1,0,85000,32,7,7,Hispanic or Latino,Not Applicable,Observed,Not Applicable,White,Not Applicable,Observed,Not Applicable,Female,Not Applicable,Female,Not Applicable,29,Not Applicable,FALSE,Not Applicable,Y,N
2024,43740,54,089,004234,FHA,Single-family,Non-Hispanic,White,Male,1,Home purchase,255000,80.0,7.85,2.9,1,2100,1200,900,50,1000,30,0,0,0,0,0,0,320000,Site-built,Principal residence,Not Applicable,Not Applicable,2,0,58000,33,7,7,Hispanic or Latino,Not Applicable,Observed,Not Applicable,White,Not Applicable,Observed,Not Applicable,Male,Not Applicable,Male,Not Applicable,35,Not Applicable,FALSE,Not Applicable,Y,N
2024,43740,54,089,004235,Conventional,Single-family,Not Hispanic or Latino,White,Female,1,Home purchase,425000,70.0,6.55,1.7,1,3200,2200,1000,100,1000,30,0,0,0,0,0,0,420000,Site-built,Principal residence,Not Applicable,Not Applicable,2,0,92000,32,7,7,Hispanic or Latino,Not Applicable,Observed,Not Applicable,White,Not Applicable,Observed,Not Applicable,Female,Not Applicable,Female,Not Applicable,28,Not Applicable,FALSE,Not Applicable,Y,N
2024,43740,54,089,004236,Conventional,Single-family,Not Hispanic or Latino,White,Male,2,Home purchase,310000,75.0,6.6,2.1,1,2800,1500,1300,70,1000,30,0,0,0,0,0,0,300000,Site-built,Principal residence,Not Applicable,Not Applicable,1,0,85000,30,7,7,Hispanic or Latino,Not Applicable,Observed,Not Applicable,White,Not Applicable,Observed,Not Applicable,Male,Not Applicable,Male,Not Applicable,30,Not Applicable,FALSE,Not Applicable,N,Y
2024,43740,54,089,004237,VA,Single-family,Not Hispanic or Latino,Asian,Female,1,Home purchase,320000,65.0,7.3,2.5,1,3100,2100,1000,50,1000,30,0,0,0,0,0,0,350000,Site-built,Principal residence,Not Applicable,Not Applicable,1,0,88000,28,7,7,Hispanic or Latino,Not Applicable,Observed,Not Applicable,White,Not Applicable,Observed,Not Applicable,Female,Not Applicable,Female,Not Applicable,33,Not Applicable,FALSE,Not Applicable,Y,N
2024,43740,54,089,004238,FHA,Single-family,Not Hispanic or Latino,White,Male,3,Home purchase,240000,80.0,8.25,3.2,1,2200,1100,1100,50,1000,30,0,0,0,0,0,0,250000,Site-built,Principal residence,Not Applicable,Not Applicable,1,0,65000,38,7,7,Hispanic or Latino,Not Applicable,Observed,Not Applicable,White,Not Applicable,Observed,Not Applicable,Male,Not Applicable,Male,Not Applicable,37,Not Applicable,FALSE,Not Applicable,N,Y
2024,43740,54,089,004239,Conventional,Single-family,Hispanic or Latino,Hispanic or Latino,Female,1,Home purchase,315000,75.0,7.45,2.2,1,3200,2200,1000,100,1000,30,0,0,0,0,0,0,320000,Site-built,Principal residence,Not Applicable,Not Applicable,1,0,70000,29,7,7,Hispanic or Latino,Not Applicable,Observed,Not Applicable,White,Not Applicable,Observed,Not Applicable,Female,Not Applicable,Female,Not Applicable,31,Not Applicable,FALSE,Not Applicable,Y,N
2024,43740,54,089,004240,Conventional,Single-family,Not Hispanic or Latino,White,Male,1,Home purchase,350000,70.0,6.25,1.5,1,3300,200
2024,49860,36,047,043500,Conventional,Single-Family,Non-Hispanic,White,Male,1,HomePurchase,350000,0.85,6.25,2.75,1,8500,2750,5000,350,2900,30,0,0,0,0,0,0,375000,Site-Built,Primary,0,0,1,0,85000,35,6,0,1,0,1,0,1,0,1,0,1,0,1,0,36,34,0,0,1,1,
2024,49860,36,047,043500,VA,Single-Family,Hispanic,White,Male,1,HomePurchase,450000,0.90,5.75,2.25,0,7500,2000,4000,250,2300,30,0,0,0,0,0,0,500000,Site-Built,Primary,0,0,1,0,92000,32,7,0,1,0,1,0,1,0,1,0,1,0,1,0,32,37,0,0,1,1,
2024,49860,36,047,043500,FHA,Single-Family,Non-Hispanic,Black,Male,1,HomePurchase,420000,0.85,6.50,2.90,0,8200,2600,4800,300,2600,30,0,0,0,0,0,0,450000,Site-Built,Primary,0,0,1,0,78000,28,5,0,1,0,1,0,1,0,1,0,1,0,1,0,44,41,0,0,1,1,
2024,49860,36,047,043500,FHA,Single-Family,Non-Hispanic,White,Male,1,HomePurchase,375000,0.80,5.90,2.30,1,7800,2200,4400,350,3100,30,0,0,0,0,0,0,460000,Site-Built,Primary,0,0,1,0,82000,26,8,0,1,0,1,0,1,0,1,0,1,0,1,0,38,39,0,0,1,1,
2024,49860,36,047,043500,Conventional,Single-Family,Hispnac,Asian,Female,1,HomePurchase,400000,0.82,6.75,2.95,0,9000,2800,5000,400,3100,30,0,0,0,0,0,0,480000,Site-Built,Primary,0,0,1,0,86000,30,7,0,1,0,1,0,1,0,1,0,1,0,1,0,29,27,0,0,1,1,
2024,49860,36,047,043500,VA,Single-Family,Non-Hispanic,White,Male,1,HomePurchase,500000,0.90,5.45,2.35,1,8800,2500,5000,350,3400,30,0,0,0,0,0,0,550000,Site-Built,Primary,0,0,1,0,98000,33,6,0,1,0,1,0,1,0,1,0,1,0,1,0,31,46,0,0,1,1,
2024,49860,36,047,043500,FHA,Single-Family,Non-Hispanic,White,Female,1,HomePurchase,320000,0.80,6.10,2.65,0,6900,2000,4000,300,2900,30,0,0,0,0,0,0,380000,Site-Built,Primary,0,0,1,0,75000,31,5,0,1,0,1,0,1,0,1,0,1,0,1,0,40,41,0,0,1,1,
2024,49860,36,047,043500,Conventional,Single-Family,Non-Hispanic,Hispanic,Female,1,HomePurchase,360000,0.85,6.80,3.00,0,8500,2700,4800,320,2800,30,0,0,0,0,0,0,420000,Site-Built,Primary,0,0,1,0,80000,29,7,0,1,0,1,0,1,0,1,0,1,0,1,0,35,33,0,0,1,1,
2024,49860,36,047,043500,FHA,Single-Family,Non-Hispanic,Asian,Male,1,HomePurchase,430000,0.80,6.30,2.80,1,7900,2300,4600,300,2800,30,0,0,0,0,0,0,520000,Site-Built,Primary,0,0,1,0,88000,32,6,0,1,0,1,0,1,0,1,0,1,0,1,0,37,38,0,0,1,1,
2024,49860,36,047,043600,Conventional,Single-Family,Non-Hispanic,White,Male,1,HomePurchase,385000,0.82,6.10,2.55,0,7500,2500,4500,300,2500,30,0,0,0,0,0,0,460000,Site-Built,Primary,0,0,1,0,90000,27,6,0,1,0,1,0,1,0,1,0,1,0,1,0,28,31,0,0,1,1,
2024,49860,36,125,043600,VA,Single-Family,Hispanic,Non-Hispanic White,Female,1,HomePurchase,475000,0.85,5.70,2.25,0,8200,2200,5000,300,3000,30,0,0,0,0,0,0,550000,Site-Built,Primary,0,0,1,0,103000,35,7,0,1,0,1,0,1,0,1,0,1,0,1,0,33,36,0,0,1,1,
2024,49860,36,047,043600,FHA,Single-Family,Non-Hispanic,Asian,Male,1,HomePurchase,410000,0.80,6.00,2.90,1,8500,2600,4200,250,3600,30,0,0,0,0,0,0,500000,Site-Built,Primary,0,0,1,0,94000,28,6,0,1,0,1,0,1,0,1,0,1,0,1,0,29,30,0,0,1,1,
2024,49860,36,125,043600,Conventional,Single-Family,Non-Hispanic,White,Female,1,HomePurchase,440000,0.85,6.25,2.75,0,8000,2300,4500,320,2900,30,0,0,0,0,0,0,520000,Site-Built,Primary,0,0,1,0,86000,30,7,0,1,0,1,0,1,0,1,0,1,0,1,0,34,33,0,0,1,1,
2024,49860,36,047,043600,VA,Single-Family,Non-Hispanic,White,Male,1,HomePurchase,480000,0.90,5.55,2.45,0,9000,2500,5000,400,3200,30,0,0,0,0,0,0,530000,Site-Built,Primary,0,0,1,0,99000,32,6,0,1,0,1,0,1,0,1,0,1,0,1,0,35,37,0,0,1,1,
2024,49860,36,125,043600,FHA,Single-Family,Non-Hispanic,Black,Male,1,HomePurchase,415000,0.80,6.35,2.95,1,8700,2400,4800,300,3400,30,0,0,0,0,0,0,530000,Site-Built,Primary,0,0,1,0,81000,33,5,0,1,0,1,0,1,0,1,0,1,0,1,0,39,32,0,0,1,1,
2024,49860,36,047,043600,Conventional,Single-Family,Hispanic,LatinX,Male,1,HomePurchase,420000,0.85,6.80,3.10,0,8600,2700,5000,350,3500,30,0,0,0,0,0,0,480000,Site-Built,Primary,0,0,1,0,89000,31,7,0,0,0,1,0,1,0,1,0,1,0,1,0,31,35,0,0,1,1,
2024,49860,36,125,043600,FHA,Single-Family,Non-Hispanic,White,Female,1,HomePurchase,390000,0.80,6.05,2.70,0,7800,2600,4500,300,3100,30,0,0,0,0,0,0,480000,Site-Built,Primary,0,0,1,0,85000,32,6,0,0,0,1,0,1,0,1,0,1,0,1,0,38,33,0,0,1,1,
2024,49860,36,047,043600,VA,Single-Family,Hispanic,Hispanic,Female,1,HomePurchase,350000,0.82,6.15,2.65,0,7500,2200,4300,300,2800,30,0,0,0,0,0,0,440000,Site-Built,Primary,0,0,1,0,81000,29,6,0,1,0,1,0,1,0,1,0,1,0,1,0,42,38,0,0,1,1,
2024,49860,36,125,043600,Conventional,Single-Family,Non-Hispanic,White,Male,1,HomePurchase,420000,0.80,5.90,2.50,1,8200,2400,4800,300,3100,30,0,0,0,0,0,0,520000,Site-Built,Primary,0,0,1,0,93000,31,7,0,1,0,1,0,1,0,1,0,1,0,1,0,36,34,0,0,1,1,
2024,49860,36,047,043600,FHA,Single-Family,Non-Hispanic,White,Male,1,HomePurchase,445000,0.85,6.20,2.80,1,8800,2600,5000,400,3100,30,0,0,0,0,0,0,530000,Site-Built,Primary,0,0,1,0,89000,30,7,0,1,0,1,0,1,0,1,0,1,0,1,0,37,38,0,0,1,1,
2024,49860,36,125,043600,Conventional,Single-Family,Non-Hispanic,Asian,Male,1,HomePurchase,450000,0.82,5.80,2.40,0,7800,2300,4500,300,2800,30,0,0,0,0,0,0,550000,Site-Built,Primary,0,0,1,0,95000,28,6,0,1,0,1,0,1,0,1,0,1,0,1,0,39,32,0,0,1,1,
2024,49860,36,047,043600,VA,Single-Family,Non-Hispanic,White,Female,1,HomePurchase,380000,0.80,6.10,2.65,1,8000,2500,4800,300,2900,30,0,0,0,0,0,0,460000,Site-Built,Primary,0,0,1,0,79000,29,6,0,1,0,1,0,1,0,1,0,1,0,1,0,36,33,0,0,1,1,
2024,49860,36,047,043600,FHA,Single-Family,Hispanic,Hispanic,Female,1,HomePurchase,400000,0.80,6.40,2.85,0,8000,2400,4800,300,3100,30,0,0,0,0,0,0,500000,Site-Built,Primary,0,0,1,0,81000,27,7,0,1,0,1,0,1,0,1,0,1,0,1,0,31,36,0,0,1,1,
2024,49860,36,125,043700,Conventional,Single-Family,Non-Hispanic,Black,Male,1,HomePurchase,390000,0.85,6.05,2.75,0,8400,2700,4900,350,3200,30,0,0,0,0,0,0,490000,Site-Built,Primary,0,0,1,0,88000,33,6,0,1,0,1,0,1,0,1,0,1,0,1,0,38,34,0,0,1,1,
2024,49860,36,047,043700,VA,Single-Family,Hispanic,White,Female,1,HomePurchase,430000,0.82,5.95,2.55,0,7600,2300,4500,300,2800,30,0,0,0,0,0,0,530000,Site-Built,Primary,0,0,1,0,91000,31,7,0,1,0,1,0,1,0,1,0,1,0,1,0,33,38,0,0,1,1,
2024,49860,36,125,043700,FHA,Single-Family,Non-Hispanic,White,Male,1,HomePurchase,440000,0.90,6.00,2.70,1,8600,2700,5000,350,3300,30,0,0,0,0,0,0,510000,Site-Built,Primary,0,0,1,0,90000,32,7,0,1,0,1,0,1,0,1,0,1,0,1,0,42,37,0,0,1,1,
2024,49860,36,047,043700,Conventional,Single-Family,Non-Hispanic,White,Female,1,HomePurchase,370000,0.80,5.85,2.50,0,8200,2500,4800,300,3000,30,0,0,0,0,0,0,460000,Site-Built,Primary,0,0,1,0,82000,27,6,0,1,0,1,0,1,0,1,0,1,0,1,0,35,31,0,0,1,1,
2024,49860,36,125,043700,VA,Single-Family,Non-Hispanic,Asian,Male,1,HomePurchase,480000,0.85,5.95,2.60,1,9000,2700,5000,400,3400,30,0,0,0,0,0,0,560000,Site-Built,Primary,0,0,1,0,98000,31,7,0,1,0,1,0,1,0,1,0,1,0,1,0,32,37,0,0,1,1,
2024,49860,36,047,043700,FHA,Single-Family,Hispanic,Hispanic,Female,1,HomePurchase,420000,0.82,6.15,2.95,0,7800,2400,4600,300,3000,30,0,0,0,0,0,0,500000,Site-Built,Primary,0,0,1,0,84000,30,7,0,1,0,1,0,1,0,1,0,1,0,1,0,41,39,0,0,1,1,
2024,49860,36,125,043700,Conventional,Single-Family,Non-Hispanic,White,Male,1,HomePurchase,425000,0.85,6.05,2.60,1,8600,2600,4800,350,3300,30,0,0,0,0,0,0,510000,Site-Built,Primary,0,0,1,0,92000,32,6,0,1,0,1,0,1,0,1,0,1,0,1,0,36,33,0,0,1,1,
2024,49860,36,047,043700,FHA,Single-Family,Non-Hispanic,White,Female,1,HomePurchase,360000,0.80,5.75,2.55,0,7200,2200,4000,300,2800,30,0,0,0,0,0,0,440000,Site-Built,Primary,0,0,1,0,80000,29,6,0,1,0,1,0,1,0,1,0,1,0,1,0,30,35,0,0,1,1,
2024,49860,36,125,043700,VA,Single-Family,Hispanic,Not Hispanic,Female,1,HomePurchase,390000,0.82,6.00,2.70,1,7900,2300,4500,300,2900,30,0,0,0,0,0,0,470000,Site-Built,Primary,0,0,1,0,85000,31,6,0,1,0,1,0,1,0,1,0,1,0,1,0,35,32,0,0,1,1,
2024,49860,36,047,043700,Conventional,Single-Family,Non-Hispanic,White,Male,1,HomePurchase,385000,0.80,5.65,2.45,0,8000,2300,4600,300,3000,30,0,0,0,0,0,0,470000,Site-Built,Primary,0,0,1,0,89000,32,7,0,1,0,1,0,1,0,1,0,1,0,1,0,39,35,0,0,1,1,
2024,49860,36,125,043700,FHA,Single-Family,Hispanic,Hispanic,Male,1,HomePurchase,450000,0.85,6.30,2.90,1,8800,2400,5000,400,3500,30,0,0,0,0,0,0,520000,Site-Built,Primary,0,0,1,0,96000,30,7,0,1,0,1,0,1,0,1,0,1,0,1,0,43,42,0,0,1,1,
2024,49860,36,047,043700,VA,Single-Family,Non-Hispanic,White,Female,1,HomePurchase,400000,0.82,6.20,2.65,0,7800,2600,4500,350,3100,30,0,0,0,0,0,0,480000,Site-Built,Primary,0,0,1,0,93000,30,7,0,1,0,1,0,1,0,1,0,1,0,1,0,35,38,0,0,1,1,
2024,49860,36,125,043700,FHA,Single-Family,Non-Hispanic,White,Male,1,HomePurchase,410000,0.80,5.90,2.80,1,8200,2500,4800,350,3000,30,0,0,0,0,0,0,500000,Site-Built,Primary,0,0,1,0,94000,33,6,0,1,0,1,0,1,0,1,0,1,0,1,0,36,39,0,0,1,1,
2024,49860,36,047,043700,Conventional,Single-Family,Non-Hispanic,White,Male,1,HomePurchase,430000,0.85,6.10,2.50,0,8600,2600,4800,400,3000,30,0,0,0,0,0,0,550000,Site-Built,Primary,0,0,1,0,90000,31,7,0,1,1,1,0,1,0,1,0,1,0,1,0,38,40,0,0,1,1,
2024,49860,36,125,043700,VA,Single-Family,Hispanic,Hispanic,Female,1,HomePurchase,450000,0.85,6.25,2.85,0,8600,2200,5000,300,3500,30,0,0,0,0,0,0,530000,Site-Built,Primary,0,0,1,0,104000,32,7,0,1,0,1,0,1,0,1,0,1,0,1,0,41,39,0,0,1,1,
2024,49860,36,047,043700,FHA,Single-Family,Non-Hispanic,White,Male,1,HomePurchase,375000,0.80,6.45,2.95,0,8000,2400,4800,320,3000,30,0,0,0,0,0,0,480000,Site-Built,Primary,0,0,1,0,85000,29,7,0,1,0,1,0,1,0,1,0,1,0,1,0,40,38,0,0,1,1,
2024,49860,36,125,043700,Conventional,Single-Family,Non-Hispanic,White,Female,1,HomePurchase,420000,0.85,5.95,2.55,1,8200,2700,4800,300,3200,30,0,0,0,0,0,0,520000,Site-Built,Primary,0,0,1,0,86000,31,6,0,1,0,1,0,1,0,1,0,1,0,1,0,39,33,0,0,1,1,
2024,49860,36,047,043700,FHA,Single-Family,Hispanic,Hispanic,Male,1,HomePurchase,400000,0.85,6.20,2.90,1,8400,2500,5000,300,3300,30,0,0,0,0,0,0,500000,Site-Built,Primary,0,0,1,0,89000,30,7,0,1,0,1,0,1,0,1,0,1,0,1,0,36,37,0,0,1,1,
2024,49860,36,125,043700,VA,Single-Family,Non-Hispanic,White,Female,1,HomePurchase,385000,0.80,6.05,2.70,0,7900,2300,4500,280,2800,30,0,0,0,0,0,0,490000,Site-Built,Primary,0,0,1,0,86000,29,6,0,1,0,1,0,1,0,1,0,1,0,1,0,37,40,0,0,1,1,
2024,49860,36,047,043700,FHA,Single-Family,Hispanic,Not Hispanic,Male,1,HomePurchase,445000,0.82,6.25,2.80,1,8800,2600,5000,400,3400,30,0,0,0,0,0,0,540000,Site-Built,Primary,0,0,1,0,95000,31,7,0,1,0,1,0,1,0,1,0,1,0,1,0,38,40,0,0,1,1,
2024,49860,36,125,043700,Conventional,Single-Family,Non-Hispanic,White,Male,1,HomePurchase,450000,0.85,5.70,2.40,0,8200,2500,5000,320,3400,30,0,0,0,0,0,0,530000,Site-Built,Primary,0,0,1,0,96000,33,6,0,1,0,1,1,1,0,1,0,1,0,1
2024,60000,36,061,010000,Conventional,Single-Family,White,White,Male,1,Home Purchase,350000,80.0,6.75,2.35,1,5500,3.25,1200,2.25,750,360,0,0,0,0,0,0,437500,Site-Built,Owner Occupied,N/A,N/A,1,0,125000,35,740,730,Hispanic,Hispanic,Y,N,White,White,Y,N,Male,Female,Male,Female,35,32,0,0,1,1
2024,65000,06,075,020000,FHA,Single-Family,Black,Black,Female,1,Home Purchase,400000,90.0,7.25,3.15,0,4800,2.85,1000,1.95,1800,360,0,24,0,1,0,1,444444,Site-Built,Owner Occupied,N/A,N/A,1,0,95000,42,700,710,Non-Hispanic,Non-Hispanic,N,N,Black,Black,Y,N,Female,Male,Female,Male,45,52,0,0,1,0
2024,50000,25,017,030000,VA,Single-Family,White,White,Male,3,Refinance,230000,75.0,5.90,1.85,1,3950,2.50,750,1.50,480,180,0,0,0,0,0,0,306667,Site-Built,Owner Occupied,N/A,N/A,1,0,105000,30,680,690,Non-Hispanic,Non-Hispanic,N,N,White,White,N,N,Male,Male,Male,Male,28,30,0,0,1,1
2024,75000,39,119,040000,Conventional,Single-Family,Asian,Asian,Female,1,Home Purchase,580000,85.0,7.85,2.65,1,8200,4.25,1800,2.75,950,360,0,0,0,1,0,0,682353,Site-Built,Owner Occupied,N/A,N/A,1,0,185000,38,730,740,Non-Hispanic,Non-Hispanic,N,N,Asian,Asian,N,N,Female,Female,Female,Female,34,36,0,0,1,1
2024,45000,50,005,050000,FHA,Single-Family,Hispanic,Hispanic,Male,1,Home Purchase,220000,88.0,6.90,2.85,0,3600,2.45,800,1.55,750,360,12,0,0,0,1,1,250000,Site-Built,Owner Occupied,N/A,N/A,1,0,98000,32,750,720,Hispanic,Hispanic,Y,Y,Hispanic,Hispanic,Y,N,Male,Male,Male,Male,41,43,0,0,1,1
2024,56000,01,021,060000,Conventional,Single-Family,White,White,Male,2,Home Improvement,180000,82.0,8.20,3.50,1,5750,3.75,900,2.75,500,360,0,36,0,1,0,0,219512,Site-Built,Owner Occupied,N/A,N/A,1,0,90000,28,670,660,Non-Hispanic,Non-Hispanic,N,N,White,White,N,N,Male,Male,Male,Male,29,33,0,0,1,1
2024,40000,13,031,070000,VA,Single-Family,White,White,Female,1,Home Purchase,310000,78.0,5.85,1.60,1,5200,2.75,1100,1.25,550,360,0,0,0,0,1,0,397436,Site-Built,Owner Occupied,N/A,N/A,1,0,128000,29,710,730,Non-Hispanic,Non-Hispanic,N,N,White,White,Y,N,Female,Female,Female,Female,32,34,0,0,1,1
2024,60000,24,067,080000,Conventional,Single-Family,Black,Black,Male,1,Home Purchase,430000,70.0,7.50,3.20,1,6500,3.75,1300,2.25,750,360,0,0,0,1,0,0,614286,Site-Built,Owner Occupied,N/A,N/A,1,0,130000,40,690,700,Non-Hispanic,Non-Hispanic,N,N,Black,Black,Y,N,Male,Male,Male,Male,31,33,0,0,0,1
2024,55000,12,031,090000,Conventional,Single-Family,White,White,Male,1,Home Purchase,380000,87.0,7.15,2.35,1,5500,3.25,1200,2.25,820,360,0,0,0,0,1,0,436765,Site-Built,Owner Occupied,N/A,N/A,1,0,120000,35,720,710,Non-Hispanic,Non-Hispanic,N,N,White,White,N,N,Male,Male,Male,Male,42,44,0,0,1,1
2024,79000,20,055,100000,FHA,Single-Family,Hispanic,Hispanic,Female,3,Refinance,150000,85.0,6.75,2.45,0,2400,1.80,600,1.50,650,360,12,0,0,1,0,1,176471,Site-Built,Owner Occupied,N/A,N/A,1,0,80000,38,730,740,Hispanic,Hispanic,Y,Y,Hispanic,Hispanic,Y,N,Female,Male,Female,Male,37,40,0,0,1,0
2024,34000,21,041,110000,Conventional,Single-Family,White,White,Male,1,Home Purchase,400000,82.0,6.90,2.95,1,6300,4.15,1000,2.50,800,360,0,0,0,0,1,0,487805,Site-Built,Owner Occupied,N/A,N/A,1,0,140000,32,750,740,Non-Hispanic,Non-Hispanic,N,N,White,White,N,N,Male,Male,Male,Male,29,30,0,0,1,1
2024,60000,22,093,120000,Conventional,Single-Family,White,White,Female,1,Home Purchase,500000,82.0,7.20,3.05,1,7200,3.75,1400,2.25,950,360,0,0,0,0,1,0,609756,Site-Built,Owner Occupied,N/A,N/A,1,0,160000,33,700,710,Non-Hispanic,Non-Hispanic,N,N,White,White,N,N,Female,Female,Female,Female,37,34,0,0,1,1
2024,75000,08,031,130000,VA,Single-Family,White,White,Male,1,Home Purchase,250000,72.0,5.60,1.95,1,3700,2.55,750,1.20,550,360,0,0,0,0,1,0,347222,Site-Built,Owner Occupied,N/A,N/A,1,0,100000,30,680,670,Non-Hispanic,Non-Hispanic,N,N,White,White,N,N,Male,Male,Male,Male,38,41,0,0,1,1
2024,60000,33,009,140000,Conventional,Single-Family,Asian,Asian,Male,1,Home Purchase,350000,85.0,7.35,2.50,1,4950,3.25,1500,2.25,450,360,0,0,0,0,1,0,411765,Site-Built,Owner Occupied,N/A,N/A,1,0,115000,32,720,740,Non-Hispanic,Non-Hispanic,N,N,Asian,Asian,Y,N,Male,Male,Male,Male,42,40,0,0,1,1
2024,70000,37,109,150000,FHA,Single-Family,Hispanic,Hispanic,Female,1,Home Purchase,320000,88.0,7.10,3.00,0,4000,3.00,1000,1.85,850,360,0,0,0,1,0,1,363636,Site-Built,Owner Occupied,N/A,N/A,1,0,89000,37,690,700,Hispanic,Hispanic,Y,Y,Hispanic,Hispanic,Y,N,Female,Female,Female,Female,38,41,0,0,1,1
2024,35000,35,019,160000,Conventional,Single-Family,White,White,Female,1,Home Purchase,280000,78.0,6.60,2.20,1,5200,2.85,1100,1.75,550,360,0,0,0,0,0,0,358974,Site-Built,Owner Occupied,N/A,N/A,1,0,110000,35,730,710,Non-Hispanic,Non-Hispanic,N,N,White,White,Y,N,Female,Female,Female,Female,33,36,0,0,1,1
2024,50000,16,049,170000,Conventional,Single-Family,Black,Black,Male,1,Home Purchase,330000,80.0,7.40,3.15,1,5750,3.25,1200,2.25,700,360,0,0,0,0,1,0,412500,Site-Built,Owner Occupied,N/A,N/A,1,0,105000,38,700,680,Non-Hispanic,Non-Hispanic,N,N,Black,Black,Y,N,Male,Male,Male,Male,44,46,0,0,1,1
2024,60000,39,057,180000,VA,Single-Family,White,White,Female,1,Home Purchase,270000,75.0,5.75,2.25,1,4150,2.75,800,1.50,660,360,0,0,0,0,1,0,360000,Site-Built,Owner Occupied,N/A,N/A,1,0,115000,33,720,720,Non-Hispanic,Non-Hispanic,N,N,White,White,N,N,Female,Female,Female,Female,27,31,0,0,1,1
2024,30000,22,011,190000,Conventional,Single-Family,Hispanic,Hispanic,Male,1,Home Purchase,260000,79.0,7.25,3.00,1,4750,2.75,900,1.85,900,360,0,0,0,0,1,0,329114,Site-Built,Owner Occupied,N/A,N/A,1,0,95000,34,720,730,Hispanic,Hispanic,Y,Y,Hispanic,Hispanic,Y,N,Male,Male,Male,Male,35,30,0,0,1,0
2024,50000,13,041,200000,FHA,Single-Family,White,White,Male,1,Home Purchase,310000,82.0,6.85,2.75,0,5000,3.00,1000,1.50,1000,360,0,0,0,1,0,0,378049,Site-Built,Owner Occupied,N/A,N/A,1,0,110000,31,690,680,Non-Hispanic,Non-Hispanic,N,N,White,White,N,Y,Male,Male,Male,Male,38,40,0,0,1,1
2024,55000,36,113,210000,Conventional,Single-Family,White,White,Female,1,Home Purchase,340000,75.0,7.35,3.15,1,5250,3.25,1100,1.85,900,360,0,0,0,0,0,0,453333,Site-Built,Owner Occupied,N/A,N/A,1,0,130000,29,680,670,Non-Hispanic,Non-Hispanic,N,N,White,White,N,N,Female,Female,Female,Female,32,35,0,0,1,1
2024,70000,20,085,220000,Conventional,Single-Family,Asian,Asian,Male,1,Home Purchase,360000,80.0,6.90,2.55,1,6100,2.95,1400,2.25,500,360,0,0,0,0,1,0,450000,Site-Built,Owner Occupied,N/A,N/A,1,0,120000,33,740,710,Non-Hispanic,Non-Hispanic,N,N,Asian,Asian,Y,N,Male,Male,Male,Male,45,44,0,0,1,1
2024,45000,11,049,230000,FHA,Single-Family,Black,Black,Female,1,Home Purchase,250000,90.0,7.60,3.45,0,4000,2.85,900,1.45,1200,360,12,0,1,0,0,0,277778,Site-Built,Owner Occupied,N/A,N/A,1,0,98000,42,720,700,Non-Hispanic,Non-Hispanic,N,N,Black,Black,Y,N,Female,Female,Female,Female,40,37,0,0,1,0
2024,70000,36,099,240000,Conventional,Single-Family,White,White,Male,1,Home Purchase,450000,75.0,7.10,2.35,1,5800,3.25,1200,2.25,850,360,0,0,0,0,1,0,600000,Site-Built,Owner Occupied,N/A,N/A,1,0,150000,30,750,740,Non-Hispanic,Non-Hispanic,N,N,White,White,N,N,Male,Male,Male,Male,36,40,0,0,1,1
2024,12000,25,037,250000,VA,Single-Family,White,White,Female,1,Home Purchase,200000,78.0,5.50,1.85,1,3100,2.20,1000,1.25,850,360,0,0,0,0,0,0,256410,Site-Built,Owner Occupied,N/A,N/A,1,0,85000,28,690,680,Non-Hispanic,Non-Hispanic,N,N,White,White,N,N,Female,Female,Female,Female,27,30,0,0,1,1
2024,60000,30,121,260000,Conventional,Single-Family,Hispanic,Hispanic,Male,1,Home Purchase,320000,85.0,7.35,2.95,1,4500,3.00,950,2.05,600,360,0,0,0,0,0,1,376471,Site-Built,Owner Occupied,N/A,N/A,1,0,105000,33,720,700,Hispanic,Hispanic,Y,Y,Hispanic,Hispanic,Y,N,Male,Male,Male,Male,35,38,0,0,1,1
2024,60000,08,029,270000,FHA,Single-Family,White,White,Female,1,Home Purchase,280000,80.0,6.95,2.90,0,4500,2.85,900,1.85,1100,360,0,0,0,1,0,0,350000,Site-Built,Owner Occupied,N/A,N/A,1,0,120000,34,700,685,Non-Hispanic,Non-Hispanic,N,N,White,White,N,Y,Female,Female,Female,Female,34,32,0,0,1,1
2024,50000,01,027,280000,Conventional,Single-Family,White,White,Male,1,Home Purchase,380000,82.0,7.50,2.95,1,5900,3.25,1200,2.25,1100,360,0,0,0,0,1,0,463396,Site-Built,Owner Occupied,N/A,N/A,1,0,135000,33,720,710,Non-Hispanic,Non-Hispanic,N,N,White,White,N,N,Male,Male,Male,Male,40,42,0,0,1,1
2024,50000,13,089,290000,VA,Single-Family,Black,Black,Male,1,Home Purchase,300000,75.0,5.90,1.85,1,4500,2.50,800,1.40,800,360,0,0,0,0,1,0,400000,Site-Built,Owner Occupied,N/A,N/A,1,0,110000,30,700,705,Non-Hispanic,Non-Hispanic,N,N,Black,Black,Y,N,Male,Male,Male,Male,32,34,0,0,1,1
2024,45000,39,061,300000,Conventional,Single-Family,Hispanic,Hispanic,Female,1,Home Purchase,330000,88.0,6.85,2.80,1,5600,3.15,1000,2.15,900,360,0,0,0,0,1,0,375000,Site-Built,Owner Occupied,N/A,N/A,1,0,130000,35,710,700,Hispanic,Hispanic,Y,Y,Hispanic,Hispanic,Y,N,Female,Female,Female,Female,31,35,0,0,1,1
2024,74000,25,013,310000,Conventional,Single-Family,White,White,Female,1,Home Purchase,320000,75.0,6.35,1.80,1,5000,2.75,900,1.85,900,360,0,0,0,1,1,0,426667,Site-Built,Owner Occupied,N/A,N/A,1,0,120000,31,720,730,Non-Hispanic,Non-Hispanic,N,N,White,White,Y,N,Female,Female,Female,Female,36,38,0,0,1,1
2024,70000,30,011,320000,FHA,Single-Family,Asian,Asian,Male,1,Home Purchase,420000,76.0,6.25,2.15,0,4800,2.65,1000,1.65,850,360,0,0,0,0,1,0,552632,Site-Built,Owner Occupied,N/A,N/A,1,0,135000,29,740,750,Non-Hispanic,Non-Hispanic,N,N,Asian,Asian,N,Y,Male,Male,Male,Male,30,28,0,0,1,1
2024,29000,36,101,330000,VA,Single-Family,White,White,Female,1,Home Purchase,310000,80.0,5.60,1.75,1,4300,2.50,800,1.45,480,360,0,0,0,0,1,0,387500,Site-Built,Owner Occupied,N/A,N/A,1,0,120000,31,690,700,Non-Hispanic,Non-Hispanic,N,N,White,White,N,N,Female,Female,Female,Female,40,38,0,0,1,1
2024,13000,30,047,340000,Conventional,Single-Family,Hispanic,Hispanic,Male,1,Home Purchase,240000,85.0,7.75,3.20,1,3800,3.25,900,2.10,700,360,0,0,0,0,1,0,282353,Site-Built,Owner Occupied,N/A,N/A,1,0,85000,37,690,680,Hispanic,Hispanic,Y,Y,Hispanic,Hispanic,Y,N,Male,Male,Male,Male,35,38,0,0,1,1
2024,53000,06,099,350000,Conventional,Single-Family,White,White,Female,1,Home Purchase,260000,80.0,7.10,2.65,1,5200,3.00,900,2.00,880,360,0,0,0,1,1,0,325000,Site-Built,Owner Occupied,N/A,N/A,1,0,115000,32,690,700,Non-Hispanic,Non-Hispanic,N,N,White,White,N,Y,Female,Female,Female,Female,39,43,0,0,1,1
2024,60000,33,035,360000,FHA,Single-Family,Black,Black,Male,1,Home Purchase,230000,90.0,7.80,3.80,0,3500,2.75,800,1.75,1000,360,0,0,0,1,0,0,255556,Site-Built,Owner Occupied,N/A,N/A,1,0,92000,40,670,660,Non-Hispanic,Non-Hispanic,N,N,Black,Black,Y,N,Male,Male,Male,Male,42,45,0,0,1,0
2024,70000,20,113,370000,Conventional,Single-Family,White,White,Male,1,Home Purchase,350000,78.0,6.80,2.35,1,5300,3.00,1100,2.05,750,360,0,0,0,0,1,0,448718,Site-Built,Owner Occupied,N/A,N/A,1,0,135000,30,710,720,Non-Hispanic,Non-Hispanic,N,N,White,White,N,N,Male,Male,Male,Male,34,39,0,0,1,1
2024,60000,13,035,380000,VA,Single-Family,White,White,Female,1,Home Purchase,300000,80.0,5.70,1.65,1,4500,2.50,800,1.40,400,360,0,0,0,1,1,0,375000,Site-Built,Owner Occupied,N/A,N/A,1,0,112000,28,680,695,Non-Hispanic,Non-Hispanic,N,N,White,White,N,N,Female,Female,Female,Female,28,34,0,0,1,1
2024,25000,12,037,390000,Conventional,Single-Family,Hispanic,Hispanic,Female,1,Home Purchase,190000,85.0,7.50,3.10,1,3900,2.85,700,1.85,650,360,0,0,0,1,1,0,223529,Site-Built,Owner Occupied,N/A,N/A,1,0,90000,39,720,710,Hispanic,Hispanic,Y,Y,Hispanic,Hispanic,Y,N,Female,Female,Female,Female,31,29,0,0,1,1
2024,50000,39,177,400000,Conventional,Single-Family,Asian,Asian,Male,1,Home Purchase,400000,78.0,6.90,2.70,1,6100,3.15,1200,2.35,500,360,0,0,0,0,1,0,512821,Site-Built,Owner Occupied,N/A,N/A,1,0,150000,29,725,720,Non-Hispanic,Non-Hispanic,N,N,Asian,Asian,N,Y,Male,Male,Male,Male,38,42,0,0,1,1
2024,40000,25,043,410000,FHA,Single-Family,Black,Black,Female,1,Home Purchase,320000,90.0,8.05,3.75,0,4800,3.00,900,1.50,1800,360,0,0,0,1,0,1,355556,Site-Built,Owner Occupied,N/A,N/A,1,0,105000,45,680,695,Non-Hispanic,Non-Hispanic,N,N,Black,Black,Y,N,Female,Female,Female,Female,33,36,0,0,1,0
2024,64000,22,011,420000,Conventional,Single-Family,White,White,Male,1,Home Purchase,375000,80.0,7.15,2.45,1,5600,3.25,1100,2.25,850,360,0,0,0,1,1,0,468750,Site-Built,Owner Occupied,N/A,N/A,1,0,140000,32,710,720,Non-Hispanic,Non-Hispanic,N,N,White,White,N,N,Male,Male,Male,Male,27,29,0,0,1,1
2024,60000,50,023,430000,VA,Single-Family,White,White,Female,1,Home Purchase,260000,75.0
2024,50000,06,075,003800,Conventional,Single-Family,Hispanic or Latino,White,Male,1,Home Purchase,450000,0.75,6.5,2.2,0,14500,875,2500,125,9000,30,0,0,0,0,0,0,520000,Site-Built,Primary Residence,Not Applicable,Not Applicable,1,0,120000,35,8,3,Hispanic or Latino,0,1,0,White,0,1,0,Female,1,35,0,0,0,1,1
2024,50000,06,075,003800,Conventional,Single-Family,Hispanic or Latino,White,Male,1,Home Purchase,450000,0.75,6.5,2.2,0,14500,875,2500,125,9000,30,0,0,0,0,0,0,520000,Site-Built,Primary Residence,Not Applicable,Not Applicable,1,0,120000,35,8,3,Hispanic or Latino,0,1,0,White,0,1,0,Female,1,35,0,0,0,1,1
2024,50000,06,075,003800,Conventional,Single-Family,Hispanic or Latino,White,Male,1,Home Purchase,450000,0.75,6.5,2.2,0,14500,875,2500,125,9000,30,0,0,0,0,0,0,520000,Site-Built,Primary Residence,Not Applicable,Not Applicable,1,0,120000,35,8,3,Hispanic or Latino,0,1,0,White,0,1,0,Female,1,35,0,0,0,1,1
2024,50000,06,075,003800,Conventional,Single-Family,Hispanic or Latino,White,Male,1,Home Purchase,450000,0.75,6.5,2.2,0,14500,875,2500,125,9000,30,0,0,0,0,0,0,520000,Site-Built,Primary Residence,Not Applicable,Not Applicable,1,0,120000,35,8,3,Hispanic or Latino,0,1,0,White,0,1,0,Female,1,35,0,0,0,1,1
2024,50000,06,075,003800,Conventional,Single-Family,Hispanic or Latino,White,Male,1,Home Purchase,450000,0.75,6.5,2.2,0,14500,875,2500,125,9000,30,0,0,0,0,0,0,520000,Site-Built,Primary Residence,Not Applicable,Not Applicable,1,0,120000,35,8,3,Hispanic or Latino,0,1,0,White,0,1,0,Female,1,35,0,0,0,1,1
2024,50000,06,075,003800,Conventional,Single-Family,Hispanic or Latino,White,Male,1,Home Purchase,450000,0.75,6.5,2.2,0,14500,875,2500,125,9000,30,0,0,0,0,0,0,520000,Site-Built,Primary Residence,Not Applicable,Not Applicable,1,0,120000,35,8,3,Hispanic or Latino,0,1,0,White,0,1,0,Female,1,35,0,0,0,1,1
2024,50000,06,075,003800,Conventional,Single-Family,Hispanic or Latino,White,Male,1,Home Purchase,450000,0.75,6.5,2.2,0,14500,875,2500,125,9000,30,0,0,0,0,0,0,520000,Site-Built,Primary Residence,Not Applicable,Not Applicable,1,0,120000,35,8,3,Hispanic or Latino,0,1,0,White,0,1,0,Female,1,35,0,0,0,1,1
2024,50000,06,075,003800,Conventional,Single-Family,Hispanic or Latino,White,Male,1,Home Purchase,450000,0.75,6.5,2.2,0,14500,875,2500,125,9000,30,0,0,0,0,0,0,520000,Site-Built,Primary Residence,Not Applicable,Not Applicable,1,0,120000,35,8,3,Hispanic or Latino,0,1,0,White,0,1,0,Female,1,35,0,0,0,1,1
2024,50000,06,075,003800,Conventional,Single-Family,Hispanic or Latino,White,Male,1,Home Purchase,450000,0.75,6.5,2.2,0,14500,875,2500,125,9000,30,0,0,0,0,0,0,520000,Site-Built,Primary Residence,Not Applicable,Not Applicable,1,0,120000,35,8,3,Hispanic or Latino,0,1,0,White,0,1,0,Female,1,35,0,0,0,1,1
2024,50000,06,075,003800,Conventional,Single-Family,Hispanic or Latino,White,Male,1,Home Purchase,450000,0.75,6.5,2.2,0,14500,875,2500,125,9000,30,0,0,0,0,0,0,520000,Site-Built,Primary Residence,Not Applicable,Not Applicable,1,0,120000,35,8,3,Hispanic or Latino,0,1,0,White,0,1,0,Female,1,35,0,0,0,1,1
2024,50000,06,075,003800,Conventional,Single-Family,Hispanic or Latino,White,Male,1,Home Purchase,450000,0.75,6.5,2.2,0,14500,875,2500,125,9000,30,0,0,0,0,0,0,520000,Site-Built,Primary Residence,Not Applicable,Not Applicable,1,0,120000,35,8,3,Hispanic or Latino,0,1,0,White,0,1,0,Female,1,35,0,0,0,1,1
2024,50000,06,075,003800,Conventional,Single-Family,Hispanic or Latino,White,Male,1,Home Purchase,450000,0.75,6.5,2.2,0,14500,875,2500,125,9000,30,0,0,0,0,0,0,520000,Site-Built,Primary Residence,Not Applicable,Not Applicable,1,0,120000,35,8,3,Hispanic or Latino,0,1,0,White,0,1,0,Female,1,35,0,0,0,1,1
2024,50000,06,075,003800,Conventional,Single-Family,Hispanic or Latino,White,Male,1,Home Purchase,450000,0.75,6.5,2.2,0,14500,875,2500,125,9000,30,0,0,0,0,0,0,520000,Site-Built,Primary Residence,Not Applicable,Not Applicable,1,0,120000,35,8,3,Hispanic or Latino,0,1,0,White,0,1,0,Female,1,35,0,0,0,1,1
2024,50000,06,075,003800,Conventional,Single-Family,Hispanic or Latino,White,Male,1,Home Purchase,450000,0.75,6.5,2.2,0,14500,875,2500,125,9000,30,0,0,0,0,0,0,520000,Site-Built,Primary Residence,Not Applicable,Not Applicable,1,0,120000,35,8,3,Hispanic or Latino,0,1,0,White,0,1,0,Female,1,35,0,0,0,1,1
2024,50000,06,075,003800,Conventional,Single-Family,Hispanic or Latino,White,Male,1,Home Purchase,450000,0.75,6.5,2.2,0,14500,875,2500,125,9000,30,0,0,0,0,0,0,520000,Site-Built,Primary Residence,Not Applicable,Not Applicable,1,0,120000,35,8,3,Hispanic or Latino,0,1,0,White,0,1,0,Female,1,35,0,0,0,1,1
2024,50000,06,075,003800,Conventional,Single-Family,Hispanic or Latino,White,Male,1,Home Purchase,450000,0.75,6.5,2.2,0,14500,875,2500,125,9000,30,0,0,0,0,0,0,520000,Site-Built,Primary Residence,Not Applicable,Not Applicable,1,0,120000,35,8,3,Hispanic or Latino,0,1,0,White,0,1,0,Female,1,35,0,0,0,1,1
2024,50000,06,075,003800,Conventional,Single-Family,Hispanic or Latino,White,Male,1,Home Purchase,450000,0.75,6.5,2.2,0,14500,875,2500,125,9000,30,0,0,0,0,0,0,520000,Site-Built,Primary Residence,Not Applicable,Not Applicable,1,0,120000,35,8,3,Hispanic or Latino,0,1,0,White,0,1,0,Female,1,35,0,0,0,1,1
2024,50000,06,075,003800,Conventional,Single-Family,Hispanic or Latino,White,Male,1,Home Purchase,450000,0.75,6.5,2.2,0,14500,875,2500,125,9000,30,0,0,0,0,0,0,520000,Site-Built,Primary Residence,Not Applicable,Not Applicable,1,0,120000,35,8,3,Hispanic or Latino,0,1,0,White,0,1,0,Female,1,35,0,0,0,1,1
2024,50000,06,075,003800,Conventional,Single-Family,Hispanic or Latino,White,Male,1,Home Purchase,450000,0.75,6.5,2.2,0,14500,875,2500,125,9000,30,0,0,0,0,0,0,520000,Site-Built,Primary Residence,Not Applicable,Not Applicable,1,0,120000,35,8,3,Hispanic or Latino,0,1,0,White,0,1,0,Female,1,35,0,0,0,1,1
2024,50000,06,075,003800,Conventional,Single-Family,Hispanic or Latino,White,Male,1,Home Purchase,450000,0.75,6.5,2.2,0,14500,875,2500,125,9000,30,0,0,0,0,0,0,520000,Site-Built,Primary Residence,Not Applicable,Not Applicable,1,0,120000,35,8,3,Hispanic or Latino,0,1,0,White,0,1,0,Female,1,35,0,0,0,1,1
2024,50000,06,075,003800,Conventional,Single-Family,Hispanic or Latino,White,Male,1,Home Purchase,450000,0.75,6.5,2.2,0,14500,875,2500,125,9000,30,0,0,0,0,0,0,520000,Site-Built,Primary Residence,Not Applicable,Not Applicable,1,0,120000,35,8,3,Hispanic or Latino,0,1,0,White,0,1,0,Female,1,35,0,0,0,1,1
2024,50000,06,075,003800,Conventional,Single-Family,Hispanic or Latino,White,Male,1,Home Purchase,450000,0.75,6.5,2.2,0,14500,875,2500,125,9000,30,0,0,0,0,0,0,520000,Site-Built,Primary Residence,Not Applicable,Not Applicable,1,0,120000,35,8,3,Hispanic or Latino,0,1,0,White,0,1,0,Female,1,35,0,0,0,1,1
2024,50000,06,075,003800,Conventional,Single-Family,Hispanic or Latino,White,Male,1,Home Purchase,450000,0.75,6.5,2.2,0,14500,875,2500,125,9000,30,0,0,0,0,0,0,520000,Site-Built,Primary Residence,Not Applicable,Not Applicable,1,0,120000,35,8,3,Hispanic or Latino,0,1,0,White,0,1,0,Female,1,35,0,0,0,1,1
2024,50000,06,075,003800,Conventional,Single-Family,Hispanic or Latino,White,Male,1,Home Purchase,450000,0.75,6.5,2.2,0,14500,875,2500,125,9000,30,0,0,0,0,0,0,520000,Site-Built,Primary Residence,Not Applicable,Not Applicable,1,0,120000,35,8,3,Hispanic or Latino,0,1,0,White,0,1,0,Female,1,35,0,0,0,1,1
2024,50000,06,075,003800,Conventional,Single-Family,Hispanic or Latino,White,Male,1,Home Purchase,450000,0.75,6.5,2.2,0,14500,875,2500,125,9000,30,0,0,0,0,0,0,520000,Site-Built,Primary Residence,Not Applicable,Not Applicable,1,0,120000,35,8,3,Hispanic or Latino,0,1,0,White,0,1,0,Female,1,35,0,0,0,1,1
2024,50000,06,075,003800,Conventional,Single-Family,Hispanic or Latino,White,Male,1,Home Purchase,450000,0.75,6.5,2.2,0,14500,875,2500,125,9000,30,0,0,0,0,0,0,520000,Site-Built,Primary Residence,Not Applicable,Not Applicable,1,0,120000,35,8,3,Hispanic or Latino,0,1,0,White,0,1,0,Female,1,35,0,0,0,1,1
2024,50000,06,075,003800,Conventional,Single-Family,Hispanic or Latino,White,Male,1,Home Purchase,450000,0.75,6.5,2.2,0,14500,875,2500,125,9000,30,0,0,0,0,0,0,520000,Site-Built,Primary Residence,Not Applicable,Not Applicable,1,0,120000,35,8,3,Hispanic or Latino,0,1,0,White,0,1,0,Female,1,35,0,0,0,1,1
2024,50000,06,075,003800,Conventional,Single-Family,Hispanic or Latino,White,Male,1,Home Purchase,450000,0.75,6.5,2.2,0,14500,875,2500,125,9000,30,0,0,0,0,0,0,520000,Site-Built,Primary Residence,Not Applicable,Not Applicable,1,0,120000,35,8,3,Hispanic or Latino,0,1,0,White,0,1,0,Female,1,35,0,0,0,1,1
2024,50000,06,075,003800,Conventional,Single-Family,Hispanic or Latino,White,Male,1,Home Purchase,450000,0.75,6.5,2.2,0,14500,875,2500,125,9000,30,0,0,0,0,0,0,520000,Site-Built,Primary Residence,Not Applicable,Not Applicable,1,0,120000,35,8,3,Hispanic or Latino,0,1,0,White,0,1,0,Female,1,35,0,0,0,1,1
2024,50000,06,075,003800,Conventional,Single-Family,Hispanic or Latino,White,Male,1,Home Purchase,450000,0.75,6.5,2.2,0,14500,875,2500,125,9000,30,0,0,0,0,0,0,520000,Site-Built,Primary Residence,Not Applicable,Not Applicable,1,0,120000,35,8,3,Hispanic or Latino,0,1,0,White,0,1,0,Female,1,35,0,0,0,1,1
2024,50000,06,075,003800,Conventional,Single-Family,Hispanic or Latino,White,Male,1,Home Purchase,450000,0.75,6.5,2.2,0,14500,875,2500,125,9000,30,0,0,0,0,0,0,520000,Site-Built,Primary Residence,Not Applicable,Not Applicable,1,0,120000,35,8,3,Hispanic or Latino,0,1,0,White,0,1,0,Female,1,35,0,0,0,1,1
2024,50000,06,075,003800,Conventional,Single-Family,Hispanic or Latino,White,Male,1,Home Purchase,450000,0.75,6.5,2.2,0,14500,875,2500,125,9000,30,0,0,0,0,0,0,520000,Site-Built,Primary Residence,Not Applicable,Not Applicable,1,0,120000,35,8,3,Hispanic or Latino,0,1,0,White,0,1,0,Female,1,35,0,0,0,1,1
2024,50000,06,075,003800,Conventional,Single-Family,Hispanic or Latino,White,Male,1,Home Purchase,450000,0.75,6.5,2.2,0,14500,875,2500,125,9000,30,0,0,0,0,0,0,520000,Site-Built,Primary Residence,Not Applicable,Not Applicable,1,0,120000,35,8,3,Hispanic or Latino,0,1,0,White,0,1,0,Female,1,35,0,0,0,1,1
2024,50000,06,075,003800,Conventional,Single-Family,Hispanic or Latino,White,Male,1,Home Purchase,450000,0.75,6.5,2.2,0,14500,875,2500,125,9000,30,0,0,0,0,0,0,520000,Site-Built,Primary Residence,Not Applicable,Not Applicable,1,0,120000,35,8,3,Hispanic or Latino,0,1,0,White,0,1,0,Female,1,35,0,0,0,1,1
2024,50000,06,075,003800,Conventional,Single-Family,Hispanic or Latino,White,Male,1,Home Purchase,450000,0.75,6.5,2.2,0,14500,875,2500,125,9000,30,0,0,0,0,0,0,520000,Site-Built,Primary Residence,Not Applicable,Not Applicable,1,0,120000,35,8,3,Hispanic or Latino,0,1,0,White,0,1,0,Female,1,35,0,0,0,1,1
2024,50000,06,075,003800,Conventional,Single-Family,Hispanic or Latino,White,Male,1,Home Purchase,450000,0.75,6.5,2.2,0,14500,875,2500,125,9000,30,0,0,0,0,0,0,520000,Site-Built,Primary Residence,Not Applicable,Not Applicable,1,0,120000,35,8,3,Hispanic or Latino,0,1,0,White,0,1,0,Female,1,35,0,0,0,1,1
2024,50000,06,075,003800,Conventional,Single-Family,Hispanic or Latino,White,Male,1,Home Purchase,450000,0.75,6.5,2.2,0,14500,875,2500,125,9000,30,0,0,0,0,0,0,520000,Site-Built,Primary Residence,Not Applicable,Not Applicable,1,0,120000,35,8,3,Hispanic or Latino,0,1,0,White,0,1,0,Female,1,35,0,0,0,1,1
2024,50000,06,075,003800,Conventional,Single-Family,Hispanic or Latino,White,Male,1,Home Purchase,450000,0.75,6.5,2.2,0,14500,875,2500,125,9000,30,0,0,0,0,0,0,520000,Site-Built,Primary Residence,Not Applicable,Not Applicable,1,0,120000,35,8,3,Hispanic or Latino,0,1,0,White,0,1,0,Female,1,35,0,0,0,1,1
2024,50000,06,075,003800,Conventional,Single-Family,Hispanic or Latino,White,Male,1,Home Purchase,450000,0.75,6.5,2.2,0,14500,875,2500,125,9000,30,0,0,0,0,0,0,520000,Site-Built,Primary Residence,Not Applicable,Not Applicable,1,0,120000,35,8,3,Hispanic or Latino,0,1,0,White,0,1,0,Female,1,35,0,0,0,1,1
2024,50000,06,075,003800,Conventional,Single-Family,Hispanic or Latino,White,Male,1,Home Purchase,450000,0.75,6.5,2.2,0,14500,875,2500,125,9000,30,0,0,0,0,0,0,520000,Site-Built,Primary Residence,Not Applicable,Not Applicable,1,0,120000,35,8,3,Hispanic or Latino,0,1,0,White,0,1,0,Female,1,35,0,0,0,1,1
2024,50000,06,075,003800,Conventional,Single-Family,Hispanic or Latino,White,Male,1,Home Purchase,450000,0.75,6.5,2.2,0,14500,875,2500,125,9000,30,0,0,0,0,0,0,520000,Site-Built,Primary Residence,Not Applicable,Not Applicable,1,0,120000,35,8,3,Hispanic or Latino,0,1,0,White,0,1,0,Female,1,35,0,0,0,1,1
2024,50000,06,075,003800,Conventional,Single-Family,Hispanic or Latino,White,Male,1,Home Purchase,450000,0.75,6.5,2.2,0,14500,875,2500,125,9000,30,0,0,0,0,0,0,520000,Site-Built,Primary Residence,Not Applicable,Not Applicable,1,0,120000,35,8,3,Hispanic or Latino,0,1,0,White,0,1,0,Female,1,35,0,0,0,1,1
2024,50000,06,075,003800,Conventional,Single-Family,Hispanic or Latino,White,Male,1,Home Purchase,450000,0.75,6.5,2.2,0,14500,875,2500,125,9000,30,0,0,0,0,0,0,520000,Site-Built,Primary Residence,Not Applicable,Not Applicable,1,0,120000,35,8,3,Hispanic or Latino,0,1,0,White,0,1,0,Female,1,35,0,0,0,1,1
2024,50000,06,075,003800,Conventional,Single-Family,Hispanic or Latino,White,Male
2024,60000,34,061,020400,Conventional,Single-Family,Non-Hispanic,White,Male,1,Home Purchase,350000,85.0,6.25,2.75,1,4500,3750,750,0,750,360,0,0,0,0,0,0,500000,Site-Built,Primary Residence,0,0,1,0,75000,42.0,1,1,1,1,1,1,1,1,1,1,1,1,1,1,1,1,35,33,0,0,1,1
2024,60000,34,061,020400,Conventional,Single-Family,Non-Hispanic,White,Male,1,Home Purchase,450000,82.5,5.75,2.25,1,5200,4250,950,0,950,360,0,0,0,0,0,0,600000,Site-Built,Primary Residence,0,0,1,0,95000,38.0,1,1,1,1,1,1,1,1,1,1,1,1,1,1,1,1,28,26,0,0,1,1
2024,60000,34,061,020400,Conventional,Single-Family,Hispanic,Other/Mixed,Female,3,Home Purchase,250000,87.5,6.50,3.00,1,3800,3000,800,0,800,360,0,0,0,0,0,0,350000,Site-Built,Primary Residence,0,0,1,0,55000,45.0,1,1,1,1,1,1,1,1,1,1,1,1,1,1,1,1,42,40,0,0,1,1
2024,60000,34,061,020400,FHA,Single-Family,Non-Hispanic,Black,Male,1,Home Purchase,280000,90.0,7.00,3.50,0,4200,3500,700,0,700,360,0,0,0,0,0,0,311111,Site-Built,Primary Residence,0,0,1,0,58000,48.0,2,2,1,1,1,1,1,1,1,1,1,1,1,1,1,1,38,36,0,0,1,1
2024,60000,34,061,020400,FHA,Single-Family,Hispanic,Hispanic or Latino,Female,3,Home Purchase,500000,92.5,7.25,3.75,0,5800,4750,1050,0,1050,360,0,0,0,0,0,0,530000,Manufactured Home,Primary Residence,1,1,1,0,120000,50.0,2,2,1,1,1,1,1,1,1,1,1,1,1,1,1,1,30,28,0,0,1,1
2024,60000,34,061,020400,VA,Single-Family,Non-Hispanic,White,Male,1,Home Purchase,320000,80.0,6.00,2.00,1,4000,3250,750,0,750,360,0,0,0,0,0,0,400000,Site-Built,Primary Residence,0,0,1,0,70000,35.0,1,1,1,1,1,1,1,1,1,1,1,1,1,1,1,1,45,43,0,0,1,1
2024,60000,34,061,020400,FHA,Single-Family,Non-Hispanic,Black,Male,1,Home Purchase,400000,88.0,6.75,3.25,0,4800,4000,800,0,800,360,0,0,0,0,0,0,454545,Site-Built,Primary Residence,0,0,1,0,85000,41.0,2,2,1,1,1,1,1,1,1,1,1,1,1,1,1,1,32,30,0,0,1,1
2024,60000,34,061,020400,Conventional,Single-Family,Non-Hispanic,White,Male,3,Home Purchase,600000,90.0,6.85,2.85,1,6000,4800,1200,0,1200,360,0,0,0,0,0,0,666667,Site-Built,Primary Residence,0,0,1,0,150000,47.0,1,1,1,1,1,1,1,1,1,1,1,1,1,1,1,1,50,48,0,0,1,1
2024,60000,34,061,020400,FHA,Single-Family,Hispanic,Hispanic or Latino,Male,1,Home Purchase,350000,85.0,7.15,3.40,0,4200,3500,700,0,700,360,0,0,0,0,0,0,400000,Site-Built,Primary Residence,0,0,1,0,80000,40.0,2,2,1,1,1,1,1,1,1,1,1,1,1,1,1,1,34,32,0,0,1,1
2024,60000,34,061,020400,Conventional,Single-Family,Non-Hispanic,Asian,Female,1,Home Purchase,700000,83.0,7.00,2.50,1,7200,5800,1400,0,1400,360,0,0,0,0,0,0,843373,Site-Built,Primary Residence,0,0,1,0,200000,39.0,1,1,1,1,1,1,1,1,1,1,1,1,1,1,1,1,48,46,0,0,1,1
2024,60000,34,061,020400,Conventional,Single-Family,Hispanic,Other/Mixed,Male,1,Home Purchase,420000,82.0,5.90,2.30,1,5200,4250,950,0,950,360,0,0,0,0,0,0,500000,Site-Built,Primary Residence,0,0,1,0,100000,36.0,1,1,1,1,1,1,1,1,1,1,1,1,1,1,1,1,36,34,0,0,1,1
2024,60000,34,061,020400,FHA,Single-Family,Non-Hispanic,White,Male,1,Home Purchase,300000,85.0,6.50,3.00,0,3800,3000,800,0,800,360,0,0,0,0,0,0,350000,Site-Built,Primary Residence,0,0,1,0,68000,37.0,2,2,1,1,1,1,1,1,1,1,1,1,1,1,1,1,39,37,0,0,1,1
2024,60000,34,061,020400,Conventional,Single-Family,Hispanic,Hispanic or Latino,Female,1,Home Purchase,550000,88.0,5.85,2.35,1,6500,5500,1000,0,1000,360,0,0,0,0,0,0,610000,Site-Built,Primary Residence,0,0,1,0,120000,33.0,1,1,1,1,1,1,1,1,1,1,1,1,1,1,1,1,44,42,0,0,1,1
2024,60000,34,061,020400,VA,Single-Family,Non-Hispanic,Black,Male,1,Home Purchase,220000,88.0,6.25,2.50,1,3600,3000,600,0,600,360,0,0,0,0,0,0,250000,Site-Built,Primary Residence,0,0,1,0,42000,43.0,1,1,1,1,1,1,1,1,1,1,1,1,1,1,1,1,31,29,0,0,1,1
2024,60000,34,061,020400,Conventional,Single-Family,Non-Hispanic,White,Female,3,Home Purchase,280000,87.5,6.10,3.10,1,3600,3000,600,0,600,360,0,0,0,0,0,0,311111,Site-Built,Primary Residence,0,0,1,0,60000,42.0,1,1,1,1,1,1,1,1,1,1,1,1,1,1,1,1,37,35,0,0,1,1
2024,60000,34,061,020400,FHA,Single-Family,Non-Hispanic,Other/Mixed,Male,1,Home Purchase,480000,90.0,6.80,3.30,0,5200,4250,950,0,950,360,0,0,0,0,0,0,530000,Site-Built,Primary Residence,0,0,1,0,95000,44.0,2,2,1,1,1,1,1,1,1,1,1,1,1,1,1,1,35,33,0,0,1,1
2024,60000,34,061,020400,Conventional,Single-Family,Hispanic,Hispanic or Latino,Female,1,Home Purchase,380000,85.0,5.75,2.25,1,4200,3500,700,0,700,360,0,0,0,0,0,0,430000,Site-Built,Primary Residence,0,0,1,0,85000,38.0,1,1,1,1,1,1,1,1,1,1,1,1,1,1,1,1,29,27,0,0,1,1
2024,60000,34,061,020400,VA,Single-Family,Non-Hispanic,White,Male,1,Home Purchase,650000,82.0,6.00,2.50,1,6800,5500,1300,0,1300,360,0,0,0,0,0,0,792683,Site-Built,Primary Residence,0,0,1,0,140000,36.0,1,1,1,1,1,1,1,1,1,1,1,1,1,1,1,1,52,50,0,0,1,1
2024,60000,34,061,020400,FHA,Single-Family,Non-Hispanic,Black,Female,1,Home Purchase,320000,86.0,7.25,3.75,0,4000,3250,750,0,750,360,0,0,0,0,0,0,370370,Site-Built,Primary Residence,0,0,1,0,65000,41.0,2,2,1,1,1,1,1,1,1,1,1,1,1,1,1,1,33,31,0,0,1,1
2024,60000,34,061,020400,Conventional,Single-Family,Non-Hispanic,White,Female,1,Home Purchase,520000,87.0,6.50,2.65,1,5800,4800,1000,0,1000,360,0,0,0,0,0,0,580000,Site-Built,Primary Residence,0,0,1,0,120000,39.0,1,1,1,1,1,1,1,1,1,1,1,1,1,1,1,1,41,39,0,0,1,1
2024,60000,34,061,020400,Conventional,Single-Family,Hispanic,Hispanic or Latino,Male,3,Home Purchase,400000,89.0,6.25,2.75,1,4800,4000,800,0,800,360,0,0,0,0,0,0,440000,Site-Built,Primary Residence,0,0,1,0,80000,44.0,1,1,1,1,1,1,1,1,1,1,1,1,1,1,1,1,27,25,0,0,1,1
2024,60000,34,061,020400,FHA,Single-Family,Non-Hispanic,White,Male,3,Home Purchase,350000,85.0,6.80,3.30,0,4200,3500,700,0,700,360,0,0,0,0,0,0,388889,Site-Built,Primary Residence,0,0,1,0,75000,42.0,2,2,1,1,1,1,1,1,1,1,1,1,1,1,1,1,47,45,0,0,1,1
2024,60000,34,061,020400,VA,Single-Family,Hispanic,Hispanic or Latino,Female,1,Home Purchase,180000,82.0,6.30,2.30,1,2600,2100,500,0,500,360,0,0,0,0,0,0,200000,Site-Built,Primary Residence,0,0,1,0,40000,35.0,1,1,1,1,1,1,1,1,1,1,1,1,1,1,1,1,38,36,0,0,1,1
2024,60000,34,061,020400,Conventional,Single-Family,Non-Hispanic,White,Male,1,Home Purchase,270000,80.0,6.00,2.50,1,3600,3000,600,0,600,360,0,0,0,0,0,0,320000,Site-Built,Primary Residence,0,0,1,0,60000,33.0,1,1,1,1,1,1,1,1,1,1,1,1,1,1,1,1,46,44,0,0,1,1
2024,60000,34,061,020400,FHA,Single-Family,Non-Hispanic,Black,Male,3,Home Purchase,380000,90.0,7.00,3.50,0,4500,3750,750,0,750,360,0,0,0,0,0,0,400000,Site-Built,Primary Residence,0,0,1,0,72000,46.0,2,2,1,1,1,1,1,1,1,1,1,1,1,1,1,1,41,39,0,0,1,1
2024,60000,34,061,020400,Conventional,Single-Family,Non-Hispanic,White,Male,1,Home Purchase,320000,82.0,5.75,2.25,1,4200,3500,700,0,700,360,0,0,0,0,0,0,370000,Site-Built,Primary Residence,0,0,1,0,70000,34.0,1,1,1,1,1,1,1,1,1,1,1,1,1,1,1,1,43,41,0,0,1,1
2024,60000,34,061,020400,FHA,Single-Family,Hispanic,Hispanic or Latino,Female,1,Home Purchase,250000,88.0,7.25,3.75,0,3800,3200,600,0,600,360,0,0,0,0,0,0,280000,Site-Built,Primary Residence,0,0,1,0,50000,42.0,2,2,1,1,1,1,1,1,1,1,1,1,1,1,1,1,30,28,0,0,1,1
2024,60000,34,061,020400,Conventional,Single-Family,Non-Hispanic,Asian,Male,1,Home Purchase,750000,86.0,6.00,2.50,1,7800,6300,1500,0,1500,360,0,0,0,0,0,0,800000,Site-Built,Primary Residence,0,0,1,0,180000,32.0,1,1,1,1,1,1,1,1,1,1,1,1,1,1,1,1,53,51,0,0,1,1
2024,60000,34,061,020400,VA,Single-Family,Hispanic,Hispanic or Latino,Male,1,Home Purchase,420000,86.0,6.50,2.50,1,5200,4250,950,0,950,360,0,0,0,0,0,0,470000,Site-Built,Primary Residence,0,0,1,0,95000,35.0,1,1,1,1,1,1,1,1,1,1,1,1,1,1,1,1,40,38,0,0,1,1
2024,60000,34,061,020400,Conventional,Single-Family,Non-Hispanic,White,Female,1,Home Purchase,380000,83.0,6.00,2.50,1,4800,3800,1000,0,1000,360,0,0,0,0,0,0,450000,Site-Built,Primary Residence,0,0,1,0,90000,37.0,1,1,1,1,1,1,1,1,1,1,1,1,1,1,1,1,37,35,0,0,1,1
2024,60000,34,061,020400,FHA,Single-Family,Non-Hispanic,Black,Male,1,Home Purchase,310000,89.0,6.75,3.25,0,4000,3250,750,0,750,360,0,0,0,0,0,0,330000,Site-Built,Primary Residence,0,0,1,0,62000,45.0,2,2,1,1,1,1,1,1,1,1,1,1,1,1,1,1,39,37,0,0,1,1
2024,60000,34,061,020400,Conventional,Single-Family,Hispanic,Hispanic or Latino,Female,3,Home Purchase,530000,84.0,7.00,3.50,1,6200,5200,1000,0,1000,360,0,0,0,0,0,0,620000,Site-Built,Primary Residence,0,0,1,0,125000,42.0,1,1,1,1,1,1,1,1,1,1,1,1,1,1,1,1,31,29,0,0,1,1
2024,60000,34,061,020400,VA,Single-Family,Non-Hispanic,White,Male,1,Home Purchase,480000,80.0,5.90,2.40,1,5200,4250,950,0,950,360,0,0,0,0,0,0,550000,Site-Built,Primary Residence,0,0,1,0,110000,34.0,1,1,1,1,1,1,1,1,1,1,1,1,1,1,1,1,55,53,0,0,1,1
2024,60000,34,061,020400,FHA,Single-Family,Non-Hispanic,Black,Female,1,Home Purchase,330000,85.0,7.50,4.00,0,4000,3250,750,0,750,360,0,0,0,0,0,0,370000,Site-Built,Primary Residence,0,0,1,0,80000,46.0,2,2,1,1,1,1,1,1,1,1,1,1,1,1,1,1,44,42,0,0,1,1
2024,60000,34,061,020400,Conventional,Single-Family,Non-Hispanic,White,Male,1,Home Purchase,200000,90.0,5.80,2.80,1,2800,2400,400,0,400,360,0,0,0,0,0,0,220000,Site-Built,Primary Residence,0,0,1,0,35000,32.0,1,1,1,1,1,1,1,1,1,1,1,1,1,1,1,1,32,30,0,0,1,1
2024,60000,34,061,020400,FHA,Single-Family,Hispanic,Hispanic or Latino,Male,1,Home Purchase,440000,92.0,6.25,3.25,0,5200,4250,950,0,950,360,0,0,0,0,0,0,470000,Site-Built,Primary Residence,0,0,1,0,85000,44.0,2,2,1,1,1,1,1,1,1,1,1,1,1,1,1,1,26,24,0,0,1,1
2024,60000,34,061,020400,VA,Single-Family,Non-Hispanic,Other/Mixed,Female,1,Home Purchase,360000,84.0,5.50,1.50,1,4400,3600,800,0,800,360,0,0,0,0,0,0,420000,Site-Built,Primary Residence,0,0,1,0,80000,32.0,1,1,1,1,1,1,1,1,1,1,1,1,1,1,1,1,34,32,0,0,1,1
2024,60000,34,061,020400,Conventional,Single-Family,Non-Hispanic,White,Male,1,Home Purchase,520000,83.0,6.35,2.85,1,5800,4800,1000,0,1000,360,0,0,0,0,0,0,600000,Site-Built,Primary Residence,0,0,1,0,120000,35.0,1,1,1,1,1,1,1,1,1,1,1,1,1,1,1,1,49,47,0,0,1,1
2024,60000,34,061,020400,FHA,Single-Family,Hispanic,Hispanic or Latino,Female,3,Home Purchase,350000,82.0,6.50,3.50,0,4200,3500,700,0,700,360,0,0,0,0,0,0,400000,Site-Built,Primary Residence,0,0,1,0,70000,38.0,2,2,1,1,1,1,1,1,1,1,1,1,1,1,1,1,27,25,0,0,1,1
2024,60000,34,061,020400,Conventional,Single-Family,Non-Hispanic,Asian,Male,1,Home Purchase,800000,81.0,7.00,2.50,1,8200,6500,1700,0,1700,360,0,0,0,0,0,0,975000,Site-Built,Primary Residence,0,0,1,0,170000,30.0,1,1,1,1,1,1,1,1,1,1,1,1,1,1,1,1,39,37,0,0,1,1
2024,60000,34,061,020400,VA,Single-Family,Hi Hispanic,Hispanic or Latino,Female,1,Home Purchase,300000,88.0,6.50,3.00,1,3600,3000,600,0,600,360,0,0,0,0,0,0,340000,Site-Built,Primary Residence,0,0,1,0,60000,40.0,1,1,1,1,1,1,1,1,1,1,1,1,1,1,1,1,36,34,0,0,1,1
2024,60000,34,061,020400,FHA,Single-Family,Non-Hispanic,White,Male,1,Home Purchase,400000,84.0,5.80,3.00,0,4000,3250,750,0,750,360,0,0,0,0,0,0,460000,Site-Built,Primary Residence,0,0,1,0,85000,42.0,2,2,1,1,1,1,1,1,1,1,1,1,1,1,1,1,37,35,0,0,1,1
2024,60000,34,061,020400,Conventional,Single-Family,Non-Hispanic,White,Male,1,Home Purchase,330000,82.0,5.90,2.40,1,4200,3500,700,0,700,360,0,0,0,0,0,0,400000
