activity_year,derived_msa-md,state_code,county_code,census_tract,derived_loan_product_type,derived_dwelling_category,derived_ethnicity,derived_race,derived_sex,action_taken,loan_purpose,loan_amount,loan_to_value_ratio,interest_rate,rate_spread,hoepa_status,total_loan_costs,total_points_and_fees,origination_charges,discount_points,lender_credits,loan_term,prepayment_penalty_term,intro_rate_period,negative_amortization,interest_only_payment,balloon_payment,other_nonamortizing_features,property_value,construction_method,occupancy_type,manufactured_home_secured_property_type,manufactured_home_land_property_interest,total_units,multifamily_affordable_units,income,debt_to_income_ratio,applicant_credit_score_type,co-applicant_credit_score_type,applicant_ethnicity-1,co-applicant_ethnicity-1,applicant_ethnicity_observed,co-applicant_ethnicity_observed,applicant_race-1,co-applicant_race-1,applicant_race_observed,co-applicant_race_observed,applicant_sex,co-applicant_sex,applicant_sex_observed,co-applicant_sex_observed,applicant_age,co-applicant_age,applicant_age_above_62,co-applicant_age_above_62,submission_of_application,initially_payable_to_institution
2024,99999,CT,9150.0,9150708100.0,Conventional:Subordinate Lien,Single Family (1-4 Units):Site-Built,Not Hispanic or Latino,White,Male,File closed for incompleteness,32,25000.0,,,,3,,,,,,240,,,2,2,2,2,,1,1,3,5,1,,96.0,,1111,1111,2.0,5.0,2,4,5.0,8.0,2,4,1,5,2,4,65-74,9999,Yes,,1,1
2024,99999,PA,42127.0,42127960600.0,VA:First Lien,Single Family (1-4 Units):Site-Built,Ethnicity Not Available,Race Not Available,Sex Not Available,Application denied,32,355000.0,,,,3,,,,,,360,,,2,2,2,2,,1,1,3,5,1,,108.0,,3,10,3.0,5.0,2,4,6.0,8.0,2,4,3,5,2,4,65-74,9999,Yes,,1,1
2024,12054,GA,13121.0,FHA:First Lien,Single Family (1-4 Units):Site-Built,Ethnicity Not Available,Race Not Available,Sex Not Available,6,32,225000.0,,6.875,,2,16692.05,,10197.8,8302.8,,300.0,,,2,2,2,2,275000.0,1,1,3,5,1,,,,9,9,4.0,4.0,3,3,7.0,7.0,3,3,4,4,3,3,8888,8888,,,3,3,
2024,12054,MD,24510.0,Conventional:First Lien,Single Family (1-4 Units):Site-Built,Hispanic or Latino,Black or African American,Female,1,32,480000.0,,7.5,,5,41203.0,,18800.0,35203.0,,360.0,,,2,2,2,2,300000.0,1,1,3,5,1,,93.0,,1111,1111,1.0,5.0,2,4,7.0,8.0,2,4,1,5,2,4,45-54,9999,Yes,,1,1,
2024,99999,TX,48201.0,Bank:First Lien,Single Family (1-4 Units):Site-Built,Not Hispanic or Latino,White,Male,1,6,32,500000.0,,3.75,,1,15000.0,,7500.0,7500.0,,360.0,,,2,2,2,2,400000.0,1,1,3,5,1,,90.0,,4444,9995,1.0,5.0,2,4,7.0,8.0,2,4,1,5,2,4,45-54,9999,Yes,,1,1
2024,12054,NV,32007.0,Conventional:Second Lien,Single Family (1-4 Units):Site-Built,Ethnicity Not Available,Race Not Available,Sex Not Available,6,32,123000.0,,6.5,,3,12000.0,,5000.0,7000.0,,120.0,,,2,2,2,2,150000.0,1,1,3,5,1,,105.0,,1111,1112,2.0,7.0,1,4,10.0,12.0,1,4,4,5,4,4,50-59,9999,Yes,,1,1,
2024,99999,WI,55009.0,FHA:First Lien,Single Family (1-4 Units):Site-Built,Ethnicity Not Available,Native American or Alaska Native,Female,1,32,150000.0,,6.25,,3,26000.0,,13000.0,13000.0,,300.0,2.0,,2,2,2,2,160000.0,1,1,3,5,1,,98.0,,4444,3333,1.0,8.0,1,4,6.0,9.0,3,5,4,5,2,4,65-74,9999,Yes,,1,1,
2024,12054,WY,56015.0,VA:First Lien,Single Family (1-4 Units):Site-Built,Ethnicity Not Available,Race Not Available,Sex Not Available,6,32,900000.0,,4.25,,3,75000.0,,22500.0,52500.0,,300.0,2.0,,2,2,2,2,1000000.0,1,1,3,5,1,,100.0,,9999,8888,1.0,9.0,2,5,8.0,12.0,3,5,2,5,3,4,70-79,9999,Yes,,1,1,
2024,12054,NJ,34011.0,Conventional:First Lien,Single Family (1-4 Units):Site-Built,Hispanic or Latino,Asian,Male,1,32,280000.0,,10.0,,1,27500.0,,12000.0,15500.0,,320.0,,,2,2,2,2,300000.0,1,1,3,5,1,,87.0,,3333,1111,1.0,9.0,3,5,9.0,10.0,2,5,4,5,2,4,60-69,9999,Yes,,1,1,
2024,99999,IL,17015.0,FHA:First Lien,Single Family (1-4 Units):Site-Built,Not Hispanic or Latino,White,Female,1,32,300000.0,,6.0,,3,30000.0,,15000.0,15000.0,,360.0,,,2,2,2,2,380000.0,1,1,3,5,1,,103.0,,5555,2222,1.0,10.0,2,5,7.5,10.0,2,5,3,5,3,4,45-54,9999,Yes,,1,1,
2024,12054,OH,39012.0,VA:First Lien,Single Family (1-4 Units):Site-Built,Ethnicity Not Available,Native American or Alaska Native,Male,1,32,230000.0,,5.75,,3,10000.0,,7000.0,3000.0,,300.0,,,2,2,2,2,240000.0,1,1,3,5,1,,95.0,,1112,5555,1.0,12.0,1,4,4.5,6.0,3,5,5,5,4,4,70-79,9999,Yes,,1,1,
2024,12054,CA,60456.0,Conventional:Second Lien,Single Family (1-4 Units):Site-Built,Hispanic or Latino,Not Hispanic or Latino,Male,6,32,150000.0,,4.5,,3,23000.0,,11000.0,12000.0,,200.0,2.0,,2,2,2,2,180000.0,1,1,3,5,1,,91.0,,2222,9999,1.0,8.5,2,4,7.5,9.0,2,4,3,5,4,4,60-69,9999,Yes,,1,1,
2024,99999,MA,25007.0,VA:First Lien,Single Family (1-4 Units):Site-Built,Not Hispanic or Latino,White,Female,1,6,32,290000.0,,6.75,,5,34000.0,,18000.0,16000.0,,360.0,,,2,2,2,2,320000.0,1,1,3,5,1,,103.0,,6666,7777,1.0,9.0,2,4,6.0,8.0,2,5,4,5,3,4,55-64,9999,Yes,,1,1
2024,59313,FL,12003.0,Conventional:First Lien,Single Family (1-4 Units):Site-Built,Hispanic or Latino,Asian,Female,1,32,175000.0,,11.0,,1,13000.0,,8000.0,5000.0,,300.0,,,2,2,2,2,180000.0,1,1,3,5,1,,90.0,,1111,6666,1.0,8.0,1,4,7.0,9.0,2,5,2,5,3,4,50-59,9999,Yes,,1,1,
2024,12054,CO,08007.0,FHA:Second Lien,Single Family (1-4 Units):Site-Built,Not Hispanic or Latino,White,Male,6,32,175000.0,,8.0,,3,7500.0,,5000.0,2500.0,,180.0,,,2,2,2,2,200000.0,1,1,3,5,1,,108.0,,8888,4444,1.0,9.0,2,5,9.0,10.0,1,4,3,5,2,4,45-54,9999,Yes,,1,1,
2024,99999,KY,21023.0,Bank:First Lien,Single Family (1-4 Units):Site-Built,Hispanic or Latino,White,Male,1,32,320000.0,,2.5,,1,18000.0,,9000.0,9000.0,,360.0,,,2,2,2,2,370000.0,1,1,3,5,1,,94.0,,1112,7777,1.0,9.5,2,4,5.0,6.0,2,5,5,5,4,4,70-79,9999,Yes,,1,1,
2024,12054,MO,29005.0,Conventional:First Lien,Single Family (1-4 Units):Site-Built,Not Hispanic or Latino,Black or African American,Female,1,32,240000.0,,9.5,,5,16000.0,,10000.0,6000.0,,340.0,,,2,2,2,2,280000.0,1,1,3,5,1,,98.0,,2222,1112,1.0,8.0,1,5,10.0,12.0,3,5,3,5,2,4,55-64,9999,Yes,,1,1,
2024,99999,IN,18007.0,Bank:Second Lien,Single Family (1-4 Units):Site-Built,Hispanic or Latino,White,Female,6,32,135000.0,,8.25,,3,3200.0,,1500.0,1700.0,,180.0,,,2,2,2,2,150000.0,1,1,3,5,1,,99.0,,9999,9999,1.0,4.0,2,4,7.0,9.0,2,5,4,5,2,4,60-69,9999,Yes,,1,1,
2024,12054,TN,47001.0,VA:First Lien,Single Family (1-4 Units):Site-Built,Not Hispanic or Latino,White,Male,1,32,280000.0,,5.25,,3,23000.0,,18000.0,5000.0,,300.0,,,2,2,2,2,300000.0,1,1,3,5,1,,87.0,,1113,2222,1.0,8.0,2,4,7.0,7.0,2,5,2,4,4,4,45-54,9999,Yes,,1,1,
2024,99999,NH,33009.0,FHA:First Lien,Single Family (1-4 Units):Site-Built,Ethnicity Not Available,Race Not Available,Sex Not Available,6,32,470000.0,,10.0,,3,18000.0,,9000.0,9000.0,,360.0,,,2,2,2,2,480000.0,1,1,3,5,1,,102.0,,5555,7777,1.0,9.0,2,5,10.0,11.0,2,5,4,5,3,4,70-79,9999,Yes,,1,1,
2024,12054,AR,05039.0,Bank:First Lien,Single Family (1-4 Units):Site-Built,Hispanic or Latino,Not Hispanic or Latino,Male,1,32,250000.0,,8.0,,1,16500.0,,10500.0,6000.0,,320.0,,,2,2,2,2,250000.0,1,1,3,5,1,,88.0,,2222,1111,1.0,6.0,2,4,5.0,7.0,2,5,2,5,2,4,55-64,9999,Yes,,1,1,
2024,99999,SC,45003.0,VA:Second Lien,Single Family (1-4 Units):Site-Built,Not Hispanic or Latino,White,Female,6,32,200000.0,,12.0,,3,18000.0,,9000.0,9000.0,,180.0,,,2,2,2,2,210000.0,1,1,3,5,1,,90.0,,1112,5555,1.0,9.0,2,5,10.5,11.0,1,4,3,5,2,4,60-69,9999,Yes,,1,1,
2024,12054,VT,50003.0,Conventional:First Lien,Single Family (1-4 Units):Site-Built,Not Hispanic or Latino,White,Male,1,32,260000.0,,6.5,,1,19000.0,,13000.0,6000.0,,360.0,,,2,2,2,2,270000.0,1,1,3,5,1,,100.0,,9999,9998,1.0,8.0,2,5,9.0,10.0,3,5,4,5,3,4,65-74,9999,Yes,,1,1,
2024,99999,RI,44002.0,FHA:First Lien,Single Family (1-4 Units):Site-Built,Not Hispanic or Latino,White,Female,1,32,345000.0,,5.5,,3,30000.0,,12000.0,18000.0,,360.0,,,2,2,2,2,360000.0,1,1,3,5,1,,95.0,,3333,8888,1.0,10.0,2,5,6.5,11.0,3,5,4,5,3,4,55-64,9999,Yes,,1,1,
2024,12054,NC,37015.0,Conventional:Second Lien,Single Family (1-4 Units):Site-Built,Not Hispanic or Latino,White,Female,6,32,180000.0,,6.75,,3,19000.0,,9500.0,9500.0,,240.0,,,2,2,2,2,190000.0,1,1,3,5,1,,103.0,,4444,9999,1.0,6.0,2,4,5.0,7.0,2,5,4,5,3,4,45-54,9999,Yes,,1,1,
2024,99999,MN,27003.0,Bank:First Lien,Single Family (1-4 Units):Site-Built,Hispanic or Latino,Not Hispanic or Latino,Male,1,32,290000.0,,8.0,,1,20000.0,,13000.0,7000.0,,300.0,,,2,2,2,2,300000.0,1,1,3,5,1,,94.0,,2222,6666,1.0,8.0,2,4,5.0,7.0,1,4,4,5,3,4,50-59,9999,Yes,,1,1,
2024,12054,MS,28033.0,VA:First Lien,Single Family (1-4 Units):Site-Built,Ethnicity Not Available,Race Not Available,Sex Not Available,6,32,350000.0,,10.25,,3,9000.0,,6000.0,3000.0,,180.0,,,2,2,2,2,370000.0,1,1,3,5,1,,102.0,,1111,7777,1.0,7.0,2,4,6.5,8.0,2,5,4,5,3,4,70-79,9999,Yes,,1,1,
2024,99999,OR,41007.0,FHA:Second Lien,Single Family (1-4 Units):Site-Built,Hispanic or Latino,Hispanic or Latino,Male,6,32,150000.0,,9.5,,3,19000.0,,10000.0,9000.0,,120.0,,,2,2,2,2,160000.0,1,1,3,5,1,,90.0,,5555,8888,1.0,7.0,2,4,5.0,7.0,2,5,4,5,3,4,60-69,9999,Yes,,1,1,
2024,12054,ND,38003.0,Conventional:First Lien,Single Family (1-4 Units):Site-Built,Ethnicity Not Available,Race Not Available,Sex Not Available,1,32,320000.0,,6.75,,1,38000.0,,20000.0,18000.0,,360.0,,,2,2,2,2,350000.0,1,1,3,5,1,,98.0,,7777,4444,1.0,11.0,2,5,9.0,10.0,2,5,4,5,4,4,65-74,9999,Yes,,1,1,
2024,99999,ID,16003.0,Bank:Second Lien,Single Family (1-4 Units):Site-Built,Hispanic or Latino,White,Female,6,32,210000.0,,7.5,,3,22000.0,,12000.0,10000.0,,180.0,,,2,2,2,2,220000.0,1,1,3,5,1,,100.0,,1111,9999,1.0,5.0,2,4,7.0,8.0,2,5,4,5,2,4,50-59,9999,Yes,,1,1,
2024,12054,ME,23001.0,FHA:First Lien,Single Family (1-4 Units):Site-Built,Ethnicity Not Available,Race Not Available,Sex Not Available,1,32,250000.0,,2.5,,3,25000.0,,14000.0,11000.0,,240.0,,,2,2,2,2,260000.0,1,1,3,5,1,,96.0,,8888,5555,1.0,6.0,2,5,5.0,7.0,1,4,4,5,4,4,55-64,9999,Yes,,1,1,
2024,99999,WV,54005.0,Bank:First Lien,Single Family (1-4 Units):Site-Built,Ethnicity Not Available,Native American and Alaska Native,Female,1,32,300000.0,,11.0,,3,20000.0,,10000.0,10000.0,,180.0,,,2,2,2,2,320000.0,1,1,3,5,1,,93.0,,9999,8888,1.0,8.0,2,4,5.0,7.0,3,5,2,5,3,4,65-74,9999,Yes,,1,1,
2024,12054,MT,30001.0,FHA:Second Lien,Single Family (1-4 Units):Site-Built,Not Hispanic or Latino,White,Female,6,32,375000.0,,8.0,,3,27000.0,,18000.0,9000.0,,360.0,,,2,2,2,2,390000.0,1,1,3,5,1,,103.0,,6666,8888,1.0,9.0,2,5,7.0,9.0,2,5,3,5,2,4,55-64,9999,Yes,,1,1,
2024,99999,SD,46003.0,VA:First Lien,Single Family (1-4 Units):Site-Built,Ethnicity Not Available,Race Not Available,Sex Not Available,1,32,190000.0,,5.25,,3,15000.0,,11000.0,4000.0,,360.0,,,2,2,2,2,200000.0,1,1,3,5,1,,91.0,,7777,1111,1.0,6.0,2,4,5.0,7.0,2,4,5,5,3,4,70-79,9999,Yes,,1,1,
2024,12054,DE,10003.0,FHA:First Lien,Single Family (1-4 Units):Site-Built,Hispanic or Latino,Not Hispanic or Latino,Male,1,32,220000.0,,5.5,,3,24000.0,,16000.0,8000.0,,360.0,,,2,2,2,2,230000.0,1,1,3,5,1,,90.0,,5555,7777,1.0,8.0,2,5,7.0,8.0,3,5,2,5,3,4,50-59,9999,Yes,,1,1,
2024,99999,NY,36005.0,Conventional:Second Lien,Single Family (1-4 Units):Site-Built,Ethnicity Not Available,Race Not Available,Sex Not Available,6,32,200000.0,,9.0,,3,20000.0,,15000.0,5000.0,,180.0,,,2,2,2,2,210000.0,1,1,3,5,1,,101.0,,8888,5555,1.0,11.0,1,4,5.0,7.0,3,5,3,5,3,4,65-74,9999,Yes,,1,1,
2024,12054,AL,01005.0,VA:First Lien,Single Family (1-4 Units):Site-Built,Ethnicity Not Available,Native American and Alaska Native,Male,1,32,360000.0,,7.75,,1,35000.0,,18000.0,17000.0,,360.0,,,2,2,2,2,380000.0,1,1,3,5,1,,92.0,,9999,3333,1.0,12.0,2,5,6.0,8.0,3,5,2,5,2,4,70-79,9999,Yes,,1,1,
2024,99999,AZ,04025.0,FHA:First Lien,Single Family (1-4 Units):Site-Built,Hispanic or Latino,White,Female,1,32,420000.0,,8.5,,3,25000.0,,13000.0,12000.0,,300.0,2.0,,2,2,2,2,430000.0,1,1,3,5,1,,98.0,,4444,7777,2.0,7.0,2,4,6.0,7.0,3,5,2,5,2,5,50-59,9999,Yes,,1,1,
2024,12054,VT,50005.0,Bank:First Lien,Single Family (1-4 Units):Site-Built,Ethnicity Not Available,Race Not Available,Sex Not Available,6,32,200000.0,,7.0,,3,21000.0,,11000.0,10000.0,,360.0,2.0,,2,2,2,2,220000.0,1,1,3,5,1,,101.0,,1111,9999,1.0,5.0,2,4,6.0,8.0,3,5,3,5,4,4,60-69,9999,Yes,,1,1,
2024,99999,WY,56015.0,FHA:First Lien,Single Family (1-4 Units):Site-Built,Ethnicity Not Available,Race Not Available,Sex Not Available,1,32,235000.0,,9.0,,3,22000.0,,12000.0,10000.0,,240.0,,,2,2,2,2,245000.0,1,1,3,5,1,,94.0,,2222,7777,1.0,12.0,1,4,5.0,6.0,3,5,2,5,3,4,65-74,9999,Yes,,1,1,
2024,12054,GA,13017.0,Conventional:Second Lien,Single Family (1-4 Units):Site-Built,Hispanic or Latino,White,Male,1,32,230000.0,,6.25,,1,18000.0,,9000.0,9000.0,,360.0,2.0,,2,2,2,2,230000.0,1,1,3,5,1,,91.0,,8888,2222,1.0,7.0,2,4,7.0,8.0,3,5,3,5,2,4,55-64,9999,Yes,,1,1,
2024,99999,VA,51001.0,VA:First Lien,Single Family (1-4 Units):Site-Built,Ethnicity Not Available,Race Not Available,Sex Not Available,6,32,185000.0,,5.75,,3,12000.0,,7000.0,5000.0,,240.0,,,2,2,2,2,190000.0,1,1,3,5,1,,95.0,,4444,6666,1.0,8.0,2,4,5.0,6.0,2,5,4,5,4,4,50-59,9999,Yes,,1,1,
2024,12054,WI,55011.0,Bank:First Lien,Single Family (1-4 Units):Site-Built,Ethnicity Not Available,Race Not Available,Sex Not Available,1,32,240000.0,,8.0,,3,18500.0,,9000.0,9500.0,,300.0,2.0,,2,2,2,2,250000.0,1,1,3,5,1,,101.0,,3333,8888,1.0,10.5,2,5,4.5,6.5,3,5,4,5,3,4,70-79,9999,Yes,,,,
2024,12054,GA,13121.0,13121010529.0,FHA:First Lien,Single Family (1-4 Units):Site-Built,Not Hispanic or Latino,White,Male,6,32,225000.0,,6.875,,2,16692.05,,10197.8,8302.8,,300.0,,,2,2,2,2,275000.0,1,1,3,5,1,,96.0,,1111,1111,2.0,5.0,2,4,5.0,8.0,2,4,1,5,2,4,65-74,9999,Yes,,1,1
2024,99999,CT,9150.0,9150708100.0,Conventional:Subordinate Lien,Single Family (1-4 Units):Site-Built,Not Hispanic or Latino,White,Male,File closed for incompleteness,32,25000.0,,,,3,,,,,,240,,,2,2,2,2,,1,1,3,5,1,,96.0,,1111,1111,2.0,5.0,2,4,5.0,8.0,2,4,1,5,2,4,65-74,9999,Yes,,1,1
2024,20546,MO,24067.0,24067020000.0,Conventional:First Lien,Single Family (1-4 Units):Site-Built,Hispanic or Latino,White,Male,Approved,32,125000.0,,5.375,,1,7284.04,,3478.94,3805.1,,180.0,,,2,2,2,2,,1,1,3,5,1,,96.0,20000,,35,10,0.0,1.0,2,4,3.0,5.0,2,4,3,4,1,5,3,3,55-64,9999,Yes
2024,20546,MO,24067.0,24067020000.0,Conventional:First Lien,Single Family (1-4 Units):Site-Built,Not Hispanic or Latino,Black,Male,Approved,32,350000.0,,4.925,,1,17284.04,,8678.94,8605.1,,180.0,,,2,2,2,2,,1,1,3,5,1,,96.0,20000,,35,1,0.0,1.0,2,4,2.0,4.0,2,4,0,2,0,1,1,1,45-54,8888,Yes
2024,99999,PA,42127.0,42127960600.0,VA:First Lien,Single Family (1-4 Units):Site-Built,Ethnicity Not Available,Race Not Available,Sex Not Available,Application denied,32,355000.0,,,,3,,,,,,360,,,2,2,2,2,,1,1,3,5,1,,108.0,,3,10,3.0,5.0,2,4,6.0,8.0,2,4,3,5,2,4,65-74,9999,Yes,,1,1
2024,12500,NY,36061.0,36061024700.0,FHA:First Lien,Single Family (1-4 Units):Site-Built,Not Hispanic or Latino,Black,Female,Approved,32,350000.0,,4.875,,2,15000.0,,6000.0,9000.0,,360.0,,,2,2,2,2,,1,1,3,5,1,,198.0,30000,,6,12,3.0,5.0,2,4,5.0,7.0,2,4,2,4,2,4,55-64,9999,Yes,,1
2024,75138,TX,48201.0,48201020100.0,Conventional:First Lien,Single Family (1-4 Units):Site-Built,Hispanic or Latino,Asian,Male,Approved,32,450000.0,,3.875,,3,24000.0,,12000.0,12000.0,,360.0,,,2,2,2,2,,1,1,3,5,1,,140.0,40000,,8,5,2.0,2.0,2,4,6.0,7.0,2,4,1,5,1,5,40-49,9999,Yes,,1
2024,75138,TX,48201.0,48201020100.0,Conventional:First Lien,Single Family (1-4 Units):Site-Built,Not Hispanic or Latino,White,Female,Approved,32,525000.0,,4.500,,1,25200.0,,12600.0,12600.0,,360.0,,,2,2,2,2,,1,1,3,5,1,,168.0,35000,,8,4,1.0,4.0,2,4,5.0,6.0,2,4,3,3,2,1,35-44,9999,Yes,,1
2024,99999,CA,6075.0,60750701000.0,VA:First Lien,Single Family (1-4 Units):Site-Built,Hispanic or Latino,White,Male,Approval Pending,32,440000.0,,4.100,,1,22250.0,,11125.0,11125.0,,300.0,,,2,2,2,2,,1,1,3,5,1,,110.0,30000,,4,11,1.0,1.0,2,4,3.0,5.0,2,4,1,5,1,4,35-44,9999,Yes,,1
2024,99999,FL,12085.0,12085030900.0,FHA:First Lien,Single Family (1-4 Units):Site-Built,Hispanic or Latino,White,Male,Approved,32,225000.0,,4.750,,5,11000.0,,6000.0,5000.0,,300.0,,,2,2,2,2,,1,1,3,5,1,,136.0,20000,,2,6,4.0,5.0,2,4,3.0,5.0,2,4,1,3,1,5,55-64,9999,Yes,,1
2024,12560,IL,17031.0,17031125200.0,Conventional:First Lien,Single Family (1-4 Units):Site-Built,Not Hispanic or Latino,White,Male,Approved,32,450000.0,,5.125,,1,24250.0,,11250.0,13000.0,,180.0,,,2,2,2,2,,1,1,3,5,1,,130.0,30000,,5,2,2.0,3.0,2,4,4.0,5.0,2,4,1,2,1,3,35-44,9999,Yes,,1
2024,99999,NJ,34019.0,34019035800.0,FHA:First Lien,Single Family (1-4 Units):Site-Built,Not Hispanic or Latino,White,Female,File closed for incompleteness,32,125000.0,,6.875,,1,7284.04,,3478.94,3805.1,,180.0,,,2,2,2,2,,1,1,3,5,1,,96.0,,35,11,3.0,5.0,2,4,3.0,5.0,2,4,2,1,1,5,65-74,9999,Yes,,1,1
2024,99999,FL,12097.0,12097041000.0,Conventional:First Lien,Single Family (1-4 Units):Site-Built,Not Hispanic or Latino,White,Male,Approved,32,300000.0,,4.625,,8,15768.00,,8440.33,7327.67,,180.0,,,2,2,2,2,,1,1,3,5,1,,130.0,35000,,7,4,2.0,1.0,2,4,3.0,5.0,2,4,2,4,0,2,45-54,9999,Yes,,1
2024,13052,NC,37037.0,37037090100.0,Conventional:First Lien,Single Family (1-4 Units):Site-Built,Hispanic or Latino,White,Female,Approved,32,450000.0,,4.500,,1,20692.04,,7800.0,12892.04,,360.0,,,2,2,2,2,,1,1,3,5,1,,132.0,50000,,3,12,2.0,4.0,2,4,3.0,5.0,2,4,2,4,2,3,25-34,9999,Yes,,1
2024,13052,NC,37037.0,37037090100.0,VA:First Lien,Single Family (1-4 Units):Site-Built,Not Hispanic or Latino,White,Male,Approved,32,150000.0,,4.250,,2,6989.00,,3000.0,3989.00,,180.0,,,2,2,2,2,,1,1,3,5,1,,110.0,20000,,2,4,0.0,1.0,2,4,2.0,3.0,2,4,3,4,1,4,35-44,9999,Yes,,1
2024,28019,OH,39111.0,39111020100.0,FHA:First Lien,Single Family (1-4 Units):Site-Built,Not Hispanic or Latino,White,Male,Approved,32,375000.0,,6.500,,4,18800.0,,9590.0,9210.0,,360.0,,,2,2,2,2,,1,1,3,5,1,,216.0,30000,,8,10,2.0,5.0,2,4,5.0,6.0,2,4,1,4,1,3,35-44,9999,Yes,,1
2024,28019,OH,39111.0,39111020100.0,Conventional:First Lien,Single Family (1-4 Units):Site-Built,Not Hispanic or Latino,White,Male,Approval Pending,32,350000.0,,5.000,,2,16231.0,,7500.0,8731.0,,360.0,,,2,2,2,2,,1,1,3,5,1,,156.0,30000,,7,11,0.0,5.0,2,4,3.0,7.0,2,4,1,3,2,1,35-44,9999,Yes,,1
2024,28019,OH,39111.0,39111020100.0,Conventional:First Lien,Single Family (1-4 Units):Site-Built,Hispanic or Latino,White,Female,Approved,32,300000.0,,6.500,,1,15500.0,,7325.0,8175.0,,360.0,,,2,2,2,2,,1,1,3,5,1,,150.0,10000,,3,10,3.0,5.0,2,4,0.0,9.0,2,4,2,3,1,1,35-44,9999,Yes,,1
2024,31000,TX,48251.0,48251082600.0,FHA:First Lien,Single Family (1-4 Units):Site-Built,Not Hispanic or Latino,White,Male,Approved,32,225000.0,,5.000,,5,9500.0,,5000.0,4500.0,,300.0,,,2,2,2,2,,1,1,3,5,1,,116.0,35000,,4,8,3.0,5.0,2,4,3.0,5.0,2,4,1,3,1,5,45-54,9999,Yes,,1
2024,99999,WV,54003.0,54003110100.0,VA:First Lien,Single Family (1-4 Units):Site-Built,Not Hispanic or Latino,White,Male,Approved,32,100000.0,,7.250,,1,4000.0,,2000.0,2000.0,,120.0,,,2,2,2,2,,1,1,3,5,1,,128.0,10000,,1,7,2.0,1.0,2,4,4.0,6.0,2,4,3,3,0,4,25-34,9999,Yes,,1
2024,99999,WV,54003.0,54003110100.0,Conventional:First Lien,Single Family (1-4 Units):Site-Built,Hispanic or Latino,Hispanic,Male,Approved,32,150000.0,,4.625,,1,5500.0,,2500.0,3000.0,,360.0,,,2,2,2,2,,1,1,3,5,1,,100.0,10000,,4,5,3.0,5.0,2,4,4.0,6.0,2,4,1,2,1,3,25-34,9999,Yes,,1
2024,12054,GA,13121.0,13121010529.0,FHA:First Lien,Single Family (1-4 Units):Site-Built,Not Hispanic or Latino,White,Male,Approved,32,275000.0,,4.500,,2,12000.0,,6500.0,5500.0,,300.0,,,2,2,2,2,,1,1,3,5,1,,70.0,30000,,5,5,1.0,3.0,2,4,2.0,5.0,2,4,1,2,2,4,35-44,9999,Yes,,1
2024,12500,NY,36061.0,36061024700.0,Conventional:First Lien,Single Family (1-4 Units):Site-Built,Not Hispanic or Latino,White,Male,Application approved but not accepted,32,320000.0,,3.750,,1,14300.0,,10000.0,4300.0,,180.0,,,2,2,2,2,,1,1,3,5,1,,154.0,50000,,5,3,2.0,4.0,2,4,3.0,6.0,2,4,2,4,1,3,65-74,9999,Yes,,1
2024,40000,CO,08021.0,08021120100.0,Conventional:First Lien,Single Family (1-4 Units):Site-Built,Hispanic or Latino,White,Female,Approved,32,400000.0,,4.100,,4,15000.0,,10000.0,5000.0,,180.0,,,2,2,2,2,,1,1,3,5,1,,136.0,35000,,10,4,1.0,2.0,2,4,4.0,5.0,2,4,1,3,1,3,35-44,9999,Yes,,1
2024,40000,CO,08021.0,08021120100.0,Conventional:First Lien,Single Family (1-4 Units):Site-Built,Not Hispanic or Latino,White,Male,Preapproval request received,32,300000.0,,4.500,,2,15900.0,,5000.0,10900.0,,180.0,,,2,2,2,2,,1,1,3,5,1,,160.0,20000,,3,4,1.0,3.0,2,4,4.0,3.0,2,4,1,2,2,3,35-44,9999,Yes,,1
2024,40000,CO,08021.0,08021120100.0,VA:First Lien,Single Family (1-4 Units):Site-Built,Hispanic or Latino,White,Female,Application denied,32,300000.0,,6.000,,4,10000.0,,2100.0,7900.0,,300.0,,,2,2,2,2,,1,1,3,5,1,,152.0,10000,,2,5,2.0,1.0,2,4,3.0,5.0,2,4,2,4,1,4,25-34,9999,Yes,,1
2024,20546,MO,24067.0,24067020000.0,Conventional:First Lien,Single Family (1-4 Units):Site-Built,Hispanic or Latino,White,Male,Denied,32,275000.0,,6.500,,6,10595.0,,5900.0,4695.0,,300.0,,,2,2,2,2,,1,1,3,5,1,,96.0,15000,,3,10,5.0,4.0,2,4,3.0,5.0,2,4,1,5,1,3,55-64,9999,Yes,,1
2024,15100,VA,51097.0,51097030400.0,FHA:First Lien,Single Family (1-4 Units):Site-Built,Hispanic or Latino,Hispanic,Male,Approved,32,375000.0,,5.250,,2,15000.0,,9000.0,6000.0,,300.0,,,2,2,2,2,,1,1,3,5,1,,116.0,25000,,2,3,0.0,3.0,2,4,4.0,7.0,2,4,3,5,2,1,45-54,9999,Yes,,1
2024,99999,NC,37037.0,37037090100.0,FHA:First Lien,Single Family (1-4 Units):Site-Built,Hispanic or Latino,White,Male,Approved,32,300000.0,,5.250,,1,12000.0,,6000.0,6000.0,,300.0,,,2,2,2,2,,1,1,3,5,1,,136.0,15000,,7,5,2.0,3.0,2,4,2.0,5.0,2,4,2,3,1,3,65-74,9999,Yes,,1
2024,99999,KY,21037.0,21037000300.0,Conventional:First Lien,Single Family (1-4 Units):Site-Built,Hispanic or Latino,White,Male,Approved,32,275000.0,,4.375,,1,13200.0,,7800.0,5400.0,,300.0,,,2,2,2,2,,1,1,3,5,1,,124.0,20000,,3,12,2.0,1.0,2,4,3.0,5.0,2,4,1,3,0,2,65-74,9999,Yes,,1
2024,12054,GA,13121.0,13121010529.0,Conventional:First Lien,Single Family (1-4 Units):Site-Built,Not Hispanic or Latino,White,Female,Approved,32,325000.0,,5.375,,3,19200.0,,10000.0,9200.0,,300.0,,,2,2,2,2,,1,1,3,5,1,,100.0,20000,,9,7,5.0,2.0,2,4,3.0,5.0,2,4,4,3,2,3,45-54,9999,Yes,,1
2024,75138,TX,48201.0,48201020100.0,VA:First Lien,Single Family (1-4 Units):Site-Built,Not Hispanic or Latino,Black,Female,Approved,32,200000.0,,4.250,,1,11000.0,,5000.0,6000.0,,180.0,,,2,2,2,2,,1,1,3,5,1,,194.0,20000,,2,5,4.0,1.0,2,4,4.0,6.0,2,4,2,4,1,4,55-64,9999,Yes,,1
2024,99999,FL,12085.0,12085030900.0,Conventional:First Lien,Single Family (1-4 Units):Site-Built,Not Hispanic or Latino,White,Female,Approval Pending,32,350000.0,,5.625,,3,19000.0,,9500.0,9500.0,,120.0,,,2,2,2,2,,1,1,3,5,1,,130.0,30000,,10,15,4.0,1.0,2,4,2.0,7.0,2,4,3,3,1,2,75+,9999,Yes,,1
2024,99999,VA,51097.0,51097030400.0,FHA:First Lien,Single Family (1-4 Units):Site-Built,Not Hispanic or Latino,White,Male,Approved,32,200000.0,,5.250,,1,12000.0,,6000.0,6000.0,,300.0,,,2,2,2,2,,1,1,3,5,1,,106.0,15000,,2,2,0.0,3.0,2,4,4.0,1.0,2,4,2,1,2,5,25-34,9999,Yes,,1
2024,99999,PA,42127.0,42127960600.0,Conventional:First Lien,Single Family (1-4 Units):Site-Built,Hispanic or Latino,Hispanic,Male,Approved,32,450000.0,,3.750,,3,19000.0,,11000.0,8000.0,,300.0,,,2,2,2,2,,1,1,3,5,1,,122.0,20000,,6,8,2.0,7.0,2,4,3.0,5.0,2,4,3,5,0,2,35-44,9999,Yes,,1
2024,15100,VA,51097.0,51097030400.0,Conventional:First Lien,Single Family (1-4 Units):Site-Built,Not Hispanic or Latino,White,Female,Approved,32,300000.0,,3.750,,1,15000.0,,9000.0,6000.0,,180.0,,,2,2,2,2,,1,1,3,5,1,,100.0,20000,,7,12,5.0,1.0,2,4,5.0,5.0,2,4,2,4,1,1,25-34,9999,Yes,,1
2024,12500,NY,36061.0,36061024700.0,Conventional:First Lien,Single Family (1-4 Units):Site-Built,Not Hispanic or Latino,White,Male,Approved,32,425000.0,,4.625,,3,22000.0,,10000.0,12000.0,,360.0,,,2,2,2,2,,1,1,3,5,1,,164.0,30000,,5,12,6.0,2.0,2,4,4.0,5.0,2,4,1,3,2,3,35-44,9999,Yes,,1
2024,12054,GA,13121.0,13121010529.0,Conventional:First Lien,Single Family (1-4 Units):Site-Built,Not Hispanic or Latino,Asian,Male,Approved,32,450000.0,,3.625,,7,18000.0,,10500.0,7500.0,,360.0,,,2,2,2,2,,1,1,3,5,1,,108.0,25000,,5,2,1.0,3.0,2,4,4.0,5.0,2,4,4,4,1,2,55-64,9999,Yes,,1
2024,75138,TX,48201.0,48201020100.0,FHA:First Lien,Single Family (1-4 Units):Site-Built,Not Hispanic or Latino,White,Male,Approved,32,200000.0,,5.000,,1,12000.0,,6000.0,6000.0,,180.0,,,2,2,2,2,,1,1,3,5,1,,130.0,30000,,4,2,0.0,3.0,2,4,3.0,5.0,2,4,2,4,0,1,45-54,9999,Yes,,1
2024,99999,NY,36061.0,36061024700.0,Veteran’s Affairs:First Lien,Single Family (1-4 Units):Site-Built,Hispanic or Latino,Hispanic,Female,Approved,32,350000.0,,4.500,,5,15000.0,,10000.0,5000.0,,300.0,,,2,2,2,2,,1,1,3,5,1,,160.0,30000,,2,3,1.0,5.0,2,4,3.0,3.0,2,4,1,5,0,3,35-44,9999,Yes,,1
2024,35091,NE,31055.0,31055001100.0,Conventional:First Lien,Single Family (1-4 Units):Site-Built,Hispanic or Latino,Hispanic,Male,Approved,32,350000.0,,5.750,,1,18000.0,,10000.0,8000.0,,180.0,,,2,2,2,2,,1,1,3,5,1,,150.0,30000,,2,5,1.0,3.0,2,4,3.0,6.0,2,4,3,4,2,3,55-64,9999,Yes,,1
2024,12500,NY,36061.0,36061024700.0,FHA:First Lien,Single Family (1-4 Units):Site-Built,Not Hispanic or Latino,Hispanic,Female,Approved,32,275000.0,,3.750,,1,14200.0,,7200.0,7000.0,,300.0,,,2,2,2,2,,1,1,3,5,1,,96.0,20000,,2,3,1.0,4.0,2,4,3.0,5.0,2,4,2,4,1,4,35-44,9999,Yes,,1
2024,12054,GA,13121.0,13121010529.0,FHA:First Lien,Single Family (1-4 Units):Site-Built,Ethnicity Not Available,Race Not Available,Sex Not Available,6,32,225000.0,,6.875,,2,16692.05,,10197.8,8302.8,,300.0,,,2,2,2,2,275000.0,1,1,3,5,1,,,,9,9,4.0,4.0,3,3,7.0,7.0,3,3,4,4,3,3,8888,8888,,,3,3
2024,99999,CT,9150.0,9150708100.0,Conventional:Subordinate Lien,Single Family (1-4 Units):Site-Built,Not Hispanic or Latino,White,Male,File closed for incompleteness,32,25000.0,,,,3,,,,,,240,,,2,2,2,2,,1,1,3,5,1,,96.0,,1111,1111,2.0,5.0,2,4,5.0,8.0,2,4,1,5,2,4,65-74,9999,Yes,,1,1
2024,99999,PA,42127.0,42127960600.0,VA:First Lien,Single Family (1-4 Units):Site-Built,Ethnicity Not Available,Race Not Available,Sex Not Available,Application denied,32,355000.0,,,,3,,,,,,360,,,2,2,2,2,,1,1,3,5,1,,108.0,,3,10,3.0,5.0,2,4,6.0,8.0,2,4,3,5,2,4,65-74,9999,Yes,,1,1
2024,12054,FL,12085.0,12085001100.0,FHA:First Lien,Single Family (1-4 Units):Site-Built,Hispanic or Latino,White,Male,Approved,1,250000.0,65.0,6.125,0.5,1,8135.01,1000.0,328.5,7135.01,15.0,300,44.0,0.0,0.0,0.0,0.0,1,1,2,4,1,1,5.0,9999.0,5,2,0.0,0.0,4.0,0.0,3,2,3,3,4,2,2,2,60,65,Yes,No,1,1,,
2024,12054,TX,48385.0,48385010100.0,Conventional:First Lien,Single Family (1-4 Units):Site-Built,Not Hispanic or Latino,Black,Male,Approved,4,300000.0,85.0,4.5,0.7,3,7500.0,1200.0,400.0,6300.0,800.0,360,6.0,10.0,0.0,0.0,0.0,1,1,2,4,1,1,8.0,9900.0,1,1,0.0,0.0,3.0,0.0,5,3,3,3,3,2,2,2,55,70,Yes,No,1,1,,
2024,12054,NY,36007.0,36007000200.0,FHA:First Lien,Single Family (1-4 Units):Site-Built,Hispanic or Latino,American Indian or Alaska Native,Female,Denied,4,400000.0,90.0,7.0,1.5,3,9600.0,3000.0,800.0,6800.0,2000.0,360,3.0,0.0,0.0,1.0,0.0,1,1,3,3,1,1,6.0,9800.0,0,0,1.0,1.0,5.0,4.0,4,3,3,3,4,2,4,2,60,63,No,Yes,1,1,,
2024,12054,WA,53033.0,53033013300.0,Va:First Lien,Single Family (1-4 Units):Site-Built,Not Hispanic or Latino,Asian,Female,Approved,2,350000.0,75.0,5.5,1.0,3,8200.0,1000.0,400.0,7200.0,1200.0,300,5.0,0.0,0.0,0.0,0.0,1,1,2,2,1,1,6.0,9500.0,0,0,0.0,0.0,3.0,4.0,3,5,2,3,1,3,3,2,58,65,No,Yes,1,1,,
2024,12054,CA,06075.0,06075030900.0,Conventional:First Lien,Single Family (1-4 Units):Site-Built,Not Hispanic or Latino,White,Female,Approved,1,675000.0,85.0,7.25,0.0,3,10000.0,1000.0,500.0,8500.0,1500.0,360,0.0,0.0,0.0,0.0,2.0,1,1,3,5,1,1,10.0,13500.0,0,0,0.0,1.0,4.0,2.0,4,3,1,3,4,2,3,2,64,72,No,Yes,4,1,,
2024,12054,MN,27019.0,27019003900.0,FHA:First Lien,Single Family (1-4 Units):Site-Built,Not Hispanic or Latino,White,Male,Approved,4,150000.0,80.0,6.5,0.0,3,5500.0,500.0,200.0,4800.0,700.0,360,2.0,0.0,0.0,0.0,0.0,1,1,3,5,1,1,2.0,9000.0,1,0,0.0,0.0,4.0,0.0,1,3,1,3,3,2,3,2,45,50,Yes,Yes,1,1,,
2024,12054,OR,41009.0,41009001200.0,Conventional:First Lien,Single Family (1-4 Units):Site-Built,Hispanic or Latino,American Indian or Alaska Native,Female,Approved,3,445000.0,90.0,7.75,1.0,3,11000.0,2000.0,700.0,8300.0,2000.0,360,8.0,0.0,0.0,0.0,0.0,1,1,2,4,1,1,8.0,14000.0,2,1,1.0,0.0,5.0,4.0,2,5,2,4,3,2,2,2,50,42,No,Yes,4,3,,
2024,12054,MI,26125.0,26125000800.0,FHA:First Lien,Single Family (1-4 Units):Site-Built,Not Hispanic or Latino,Black,Male,Approved,3,280000.0,60.0,6.0,0.0,3,7000.0,1000.0,350.0,5650.0,1200.0,300,4.0,0.0,0.0,0.0,0.0,1,1,3,1,1,1,9.0,9000.0,1,1,0.0,0.0,3.0,0.0,1,3,1,3,3,2,4,2,60,70,Yes,No,1,1,,
2024,12054,IL,17115.0,17115002800.0,VA:First Lien,Single Family (1-4 Units):Site-Built,Not Hispanic or Latino,White,Male,Approved,4,850000.0,85.0,7.25,0.0,3,15000.0,2000.0,800.0,12000.0,2200.0,360,0.0,0.0,0.0,0.0,0.0,1,1,4,2,1,1,15.0,15000.0,1,0,0.0,0.0,3.0,4.0,3,4,2,2,4,4,5,4,58,60,Yes,Yes,1,1,,
2024,12054,MO,29195.0,29195007000.0,FHA:First Lien,Single Family (1-4 Units):Site-Built,Hispanic or Latino,Hispanic or Latino,Female,Denied,4,425000.0,92.0,6.75,2.0,2,9500.0,1000.0,500.0,7500.0,2000.0,360,0.0,0.0,0.0,0.0,0.0,1,0,2,3,1,1,8.0,15000.0,1,1,0.0,0.0,3.0,5.0,3,3,3,4,3,2,3,2,55,61,No,Yes,4,3,,
2024,12054,NC,37105.0,37105001400.0,Conventional:First Lien,Single Family (1-4 Units):Site-Built,Not Hispanic or Latino,White,Female,Approved,1,275000.0,80.0,5.25,0.0,3,8000.0,1000.0,400.0,6600.0,1400.0,300,0.0,0.0,0.0,0.0,0.0,1,1,3,4,1,1,6.0,9800.0,0,0,0.0,0.0,4.0,3.0,3,4,2,1,3,2,2,2,58,60,No,Yes,1,1,,
2024,12054,KY,21093.0,21093000400.0,FHA:First Lien,Single Family (1-4 Units):Site-Built,Not Hispanic or Latino,White,Male,Denied,4,325000.0,90.0,7.125,1.5,3,6800.0,2000.0,350.0,4450.0,2450.0,300,7.0,0.0,0.0,0.0,0.0,1,1,2,2,1,1,5.0,12000.0,0,0,0.0,0.0,4.0,1.0,3,4,1,3,3,2,1,1,55,45,No,Yes,1,1,,
2024,12054,NJ,34017.0,34017010500.0,Conventional:First Lien,Single Family (1-4 Units):Site-Built,Not Hispanic or Latino,White,Male,Approved,1,495000.0,94.0,8.0,2.0,3,12000.0,3000.0,600.0,8400.0,3000.0,360,4.0,0.0,0.0,1.0,0.0,1,1,2,2,1,1,10.0,15000.0,1,2,0.0,0.0,3.0,3.0,4,3,3,2,4,2,4,2,58,67,No,Yes,1,1,,
2024,12054,TX,48229.0,48229020400.0,FHA:First Lien,Single Family (1-4 Units):Site-Built,Hispanic or Latino,Hispanic or Latino,Female,Approved,3,180000.0,70.0,6.25,0.0,3,5800.0,600.0,200.0,5200.0,600.0,360,2.0,0.0,0.0,0.0,0.0,1,1,2,4,1,1,9.0,9500.0,0,1,0.0,0.0,3.0,2.0,5,3,3,4,2,2,3,2,55,60,Yes,Yes,4,3,,
2024,12054,GA,13145.0,13145010800.0,VA:First Lien,Single Family (1-4 Units):Site-Built,Not Hispanic or Latino,White,Male,Approved,1,230000.0,75.0,6.25,0.0,3,6300.0,1000.0,250.0,4750.0,1300.0,300,4.0,0.0,0.0,0.0,0.0,1,1,3,4,1,1,6.0,8500.0,1,2,0.0,0.0,3.0,1.0,4,5,2,3,3,2,3,2,57,62,No,Yes,1,1,,
2024,12054,MD,24005.0,24005010500.0,FHA:First Lien,Single Family (1-4 Units):Site-Built,Not Hispanic or Latino,American Indian or Alaska Native,Male,Approved,4,400000.0,92.0,7.125,1.0,3,11000.0,1200.0,300.0,9500.0,1500.0,360,0.0,0.0,0.0,0.0,0.0,1,1,2,2,1,1,4.0,12500.0,0,0,1.0,1.0,3.0,2.0,3,5,2,4,4,2,4,2,65,70,Yes,No,1,1,,
2024,12054,CO,08031.0,08031010400.0,Conventional:First Lien,Single Family (1-4 Units):Site-Built,Not Hispanic or Latino,White,Female,Approved,1,320000.0,85.0,6.0,0.0,3,7500.0,1000.0,400.0,5500.0,1600.0,360,1.0,0.0,0.0,0.0,0.0,1,1,2,4,1,1,10.0,9000.0,1,2,0.0,0.0,3.0,0.0,2,3,1,2,4,2,3,2,57,68,Yes,Yes,1,1,,
2024,12054,WI,55033.0,55033010700.0,FHA:First Lien,Single Family (1-4 Units):Site-Built,Not Hispanic or Latino,Native Hawaiian or Other Pacific Islander,Male,Denied,3,275000.0,75.0,5.5,0.0,3,7000.0,2000.0,200.0,5200.0,2000.0,300,3.0,0.0,0.0,0.0,0.0,1,1,2,3,1,1,7.0,10000.0,0,0,0.0,0.0,3.0,4.0,3,4,3,4,2,2,4,2,70,72,No,Yes,1,1,,
2024,12054,FL,12073.0,12073010400.0,VA:First Lien,Single Family (1-4 Units):Site-Built,Hispanic or Latino,Multiracial,Female,Approved,2,600000.0,75.0,7.25,2.0,3,13200.0,3000.0,600.0,8600.0,4600.0,360,0.0,0.0,0.0,0.0,0.0,1,1,3,5,1,1,8.0,16000.0,0,1,1.0,0.0,4.0,3.0,4,4,1,3,4,2,2,2,70,68,No,Yes,4,1,,
2024,12054,OH,39021.0,39021001600.0,FHA:First Lien,Single Family (1-4 Units):Site-Built,Not Hispanic or Latino,White,Male,Approved,4,290000.0,77.0,6.0,0.5,3,7500.0,1000.0,300.0,5400.0,1800.0,300,2.0,0.0,0.0,0.0,0.0,1,1,3,4,1,1,4.0,9500.0,1,1,0.0,0.0,3.0,2.0,2,3,1,2,3,3,1,2,55,71,Yes,No,1,1,,
2024,12054,MI,26117.0,26117010500.0,Conventional:First Lien,Single Family (1-4 Units):Site-Built,Not Hispanic or Latino,Black,Female,Approved,2,420000.0,80.0,7.0,0.0,3,10000.0,1200.0,400.0,8400.0,1200.0,360,8.0,0.0,0.0,0.0,0.0,1,1,2,4,1,1,6.0,13000.0,0,1,1.0,1.0,4.0,3.0,3,3,2,1,1,1,3,2,60,58,No,Yes,1,1,,
2024,12054,NV,32021.0,32021010200.0,FHA:First Lien,Single Family (1-4 Units):Site-Built,Hispanic or Latino,Multiracial,Female,Approved,3,320000.0,85.0,6.2,0.0,2,9500.0,2000.0,350.0,7150.0,2000.0,300,4.0,0.0,0.0,0.0,1.0,1,1,3,4,1,1,4.0,11000.0,0,1,0.0,0.0,3.0,3.0,2,3,1,4,3,2,3,3,65,68,No,No,4,1,,
2024,12054,IN,18119.0,18119001600.0,Conventional:First Lien,Single Family (1-4 Units):Site-Built,Not Hispanic or Latino,White,Male,Approved,4,440000.0,85.0,7.0,0.0,3,13000.0,2000.0,500.0,10500.0,2500.0,360,0.0,0.0,0.0,0.0,0.0,1,1,2,4,1,1,8.0,14000.0,1,0,0.0,0.0,3.0,0.0,4,3,1,2,1,2,3,2,60,70,No,Yes,1,1,,
2024,12054,TX,48227.0,48227020200.0,FHA:First Lien,Single Family (1-4 Units):Site-Built,Hispanic or Latino,Hispanic or Latino,Male,Denied,3,160000.0,80.0,6.5,0.0,1,4500.0,800.0,150.0,3550.0,900.0,300,3.0,0.0,0.0,0.0,0.0,1,1,2,3,1,1,4.0,8500.0,1,1,0.0,1.0,4.0,1.0,5,3,3,4,1,2,3,2,55,46,Yes,Yes,4,5,,
2024,12054,PA,42035.0,42035013400.0,Conventional:First Lien,Single Family (1-4 Units):Site-Built,Not Hispanic or Latino,White,Female,Approved,1,380000.0,80.0,7.25,0.0,3,10000.0,1000.0,400.0,8600.0,1200.0,360,4.0,0.0,0.0,0.0,0.0,1,1,2,2,1,1,5.0,17000.0,0,1,0.0,0.0,3.0,3.0,2,4,1,3,2,2,4,2,70,74,No,Yes,1,1,,
2024,12054,WA,53007.0,53007001500.0,FHA:First Lien,Single Family (1-4 Units):Site-Built,Hispanic or Latino,Multiracial,Female,Approved,1,200000.0,75.0,5.25,0.0,3,5500.0,1200.0,200.0,4300.0,1500.0,300,4.0,0.0,0.0,0.0,0.0,1,1,3,4,1,1,3.0,11000.0,0,0,1.0,0.0,3.0,0.0,4,4,2,1,4,3,3,2,59,68,No,No,4,4,,
2024,12054,MN,27047.0,27047000700.0,Conventional:First Lien,Single Family (1-4 Units):Site-Built,Not Hispanic or Latino,White,Male,Approved,4,450000.0,85.0,6.75,0.0,3,11000.0,1000.0,400.0,9600.0,1600.0,300,2.0,0.0,0.0,0.0,0.0,1,1,2,5,1,1,5.0,16000.0,0,0,0.0,0.0,3.0,4.0,2,4,2,3,4,2,2,2,55,60,Yes,Yes,1,1,,
2024,12054,VA,51037.0,51037000500.0,FHA:First Lien,Single Family (1-4 Units):Site-Built,Hispanic or Latino,Multiracial,Female,Approved,1,410000.0,75.0,6.75,0.0,3,10000.0,1200.0,200.0,8200.0,1600.0,300,4.0,0.0,0.0,0.0,0.0,1,1,2,4,1,1,8.0,13500.0,0,1,0.0,0.0,3.0,0.0,3,4,2,4,4,2,1,1,48,55,Yes,Yes,4,1,,
2024,12054,NC,37055.0,37055000900.0,VA:First Lien,Single Family (1-4 Units):Site-Built,Not Hispanic or Latino,White,Male,Approved,2,600000.0,80.0,7.0,0.0,3,12000.0,1800.0,500.0,9500.0,1500.0,360,2.0,0.0,0.0,0.0,0.0,1,1,2,4,1,1,10.0,14000.0,0,0,0.0,0.0,3.0,1.0,4,4,2,2,1,2,3,2,65,70,No,Yes,1,1,,
2024,12054,SC,45029.0,45029000700.0,FHA:First Lien,Single Family (1-4 Units):Site-Built,Not Hispanic or Latino,White,Female,Approved,3,250000.0,75.0,5.5,1.0,3,7000.0,1200.0,300.0,5700.0,1500.0,300,5.0,0.0,0.0,0.0,0.0,1,1,2,2,1,1,5.0,11000.0,0,1,0.0,0.0,4.0,1.0,3,3,2,4,3,2,4,2,65,65,Yes,Yes,1,1,,
2024,12054,CA,06103.0,06103010600.0,Conventional:First Lien,Single Family (1-4 Units):Site-Built,Not Hispanic or Latino,White,Male,Approved,1,450000.0,75.0,7.25,2.0,3,10000.0,1500.0,500.0,8500.0,1000.0,360,0.0,0.0,0.0,0.0,0.0,1,1,2,2,1,1,10.0,14000.0,0,1,1.0,0.0,3.0,3.0,4,2,3,2,2,2,3,2,60,56,No,Yes,1,1,,
2024,12054,FL,12085.0,12085000900.0,Conventional:First Lien,Single Family (1-4 Units):Site-Built,Not Hispanic or Latino,White,Male,Approved,4,400000.0,80.0,6.0,0.0,3,8500.0,1000.0,300.0,7200.0,1500.0,360,2.0,0.0,0.0,0.0,0.0,1,1,2,2,1,1,9.0,13000.0,0,0,0.0,0.0,3.0,2.0,4,3,1,1,4,2,3,2,58,60,No,Yes,1,1,,
2024,12054,NH,33001.0,33001001600.0,FHA:First Lien,Single Family (1-4 Units):Site-Built,Not Hispanic or Latino,White,Male,Denied,1,280000.0,85.0,4.875,0.0,1,6000.0,600.0,100.0,5400.0,800.0,300,0.0,0.0,0.0,0.0,0.0,1,1,2,1,1,1,6.0,10000.0,0,0,0.0,0.0,4.0,0.0,2,2,1,1,4,2,4,2,58,58,No,Yes,1,1,,
2024,12054,TX,48333.0,48333001100.0,VA:First Lien,Single Family (1-4 Units):Site-Built,Hispanic or Latino,Multiracial,Female,Approved,2,420000.0,75.0,6.0,0.0,3,9000.0,1000.0,300.0,7500.0,1200.0,300,0.0,0.0,0.0,0.0,0.0,1,1,2,2,1,1,6.0,13000.0,0,1,0.0,0.0,2.0,0.0,1,2,3,3,4,2,4,2,63,70,Yes,Yes,4,1,,
2024,12054,IL,17181.0,17181000600.0,FHA:First Lien,Single Family (1-4 Units):Site-Built,History of Ethnicity Not Available,White,Male,Approved,1,325000.0,92.0,7.5,1.0,3,7500.0,800.0,200.0,,,,,,,,,,,,,,,,,,,,,,,,,,,,,,,,,,,,,,
2024,99999,CA,6075.0,60751010100.0,FHA:First Lien,Single Family (1-4 Units):Site-Built,Not Hispanic or Latino,White,Male,Approved for loan,1,300000.0,,6.75,,3,,,,,,360,,,2,2,2,2,,1,1,3,5,1,,100.0,,1,1,2.0,5.0,1,1,7.0,8.0,1,3,2,1,4,2,35-44,55-64,No,,1,1
2024,99999,NY,36081.0,36081980100.0,Conventional:First Lien,Single Family (1-4 Units):Site-Built,Hispanic or Latino,White,Female,Approved for loan,1,400000.0,,7.25,,3,,,,,,360,,,2,2,2,2,,1,1,3,5,1,,120.0,,1,1,2.0,5.0,1,1,7.0,8.0,1,3,2,1,4,2,35-44,55-64,No,,1,1
2024,99999,TX,48089.0,48089020300.0,VA:First Lien,Single Family (1-4 Units):Site-Built,Not Hispanic or Latino,White,Male,Approved for loan,1,250000.0,,6.5,,3,,,,,,360,,,2,2,2,2,,1,1,3,5,1,,100.0,,1,1,2.0,4.0,1,1,6.0,7.0,1,3,2,1,4,2,35-44,55-64,No,,1,1
2024,99999,FL,12089.0,12089008600.0,FHA:First Lien,Single Family (1-4 Units):Site-Built,Not Hispanic or Latino,Black,Male,Approved for loan,4,225000.0,,6.875,,3,,,,,,360,,,2,2,2,2,,1,1,3,5,1,,95.0,,1,1,2.0,5.0,1,1,7.0,8.0,1,3,2,1,4,2,35-44,55-64,No,,1,1
2024,99999,IL,17031.0,17031104200.0,Conventional:First Lien,Single Family (1-4 Units):Site-Built,Not Hispanic or Latino,White,Male,Approved for loan,1,500000.0,,7.0,,3,,,,,,360,,,2,2,2,2,,1,1,3,5,1,,110.0,,1,1,2.0,5.0,1,1,7.0,8.0,1,3,2,1,4,2,35-44,55-64,No,,1,1
2024,99999,PA,42127.0,42127960600.0,Conventional:Second Lien,Single Family (1-4 Units):Site-Built,Not Hispanic or Latino,White,Male,Application approved but not reported,2,350000.0,,7.5,,3,,,,,,360,,,2,2,2,2,,1,1,3,5,1,,115.0,,1,1,2.0,4.0,1,1,6.0,7.0,1,3,2,1,4,2,35-44,55-64,Yes,,1,1
2024,99999,NJ,34017.0,34017020330.0,FHA:First Lien,Single Family (1-4 Units):Site-Built,Not Hispanic or Latino,White,Male,Approved for loan,3,200000.0,,6.75,,3,,,,,,360,,,2,2,2,2,,1,1,3,5,1,,95.0,,1,1,2.0,5.0,1,1,7.0,8.0,1,3,2,1,4,2,35-44,55-64,No,,1,1
2024,99999,OH,39051.0,39051401100.0,VA:First Lien,Single Family (1-4 Units):Site-Built,Not Hispanic or Latino,White,Female,Approved for loan,1,400000.0,,7.0,,3,,,,,,360,,,2,2,2,2,,1,1,3,5,1,,105.0,,1,1,2.0,5.0,1,1,7.0,8.0,1,3,2,1,4,2,35-44,55-64,No,,1,1
2024,99999,MI,26003.0,26003002500.0,FHA:First Lien,Single Family (1-4 Units):Site-Built,Not Hispanic or Latino,White,Male,Approved for loan,1,275000.0,,6.875,,3,,,,,,360,,,2,2,2,2,,1,1,3,5,1,,98.0,,1,1,2.0,5.0,1,1,7.0,8.0,1,3,2,1,4,2,35-44,55-64,No,,1,1
2024,99999,TX,48089.0,48089020300.0,Conventional:First Lien,Single Family (1-4 Units):Site-Built,Not Hispanic or Latino,White,Male,Approved for loan,1,450000.0,,7.125,,3,,,,,,360,,,2,2,2,2,,1,1,3,5,1,,120.0,,1,1,2.0,5.0,1,1,7.0,8.0,1,3,2,1,4,2,35-44,55-64,No,,1,1
2024,99999,GA,13121.0,13121010529.0,FHA:First Lien,Single Family (1-4 Units):Site-Built,Hispanic or Latino,White,Male,Approved for loan,1,300000.0,,6.5,,3,,,,,,360,,,2,2,2,2,,1,1,3,5,1,,100.0,,1,1,2.0,5.0,1,1,7.0,8.0,1,3,2,1,4,2,35-44,55-64,No,,1,1
2024,99999,WA,53033.0,53033110000.0,Conventional:First Lien,Single Family (1-4 Units):Site-Built,Not Hispanic or Latino,White,Male,Approved for loan,2,380000.0,,7.25,,3,,,,,,360,,,2,2,2,2,,1,1,3,5,1,,115.0,,1,1,2.0,5.0,1,1,7.0,8.0,1,3,2,1,4,2,35-44,55-64,No,,1,1
2024,99999,MD,24031.0,24031050300.0,FHA:First Lien,Single Family (1-4 Units):Site-Built,Not Hispanic or Latino,White,Male,Approved for loan,1,225000.0,,6.75,,3,,,,,,360,,,2,2,2,2,,1,1,3,5,1,,100.0,,1,1,2.0,5.0,1,1,7.0,8.0,1,3,2,1,4,2,35-44,55-64,No,,1,1
2024,99999,NC,37037.0,37037046000.0,Conventional:First Lien,Single Family (1-4 Units):Site-Built,Not Hispanic or Latino,White,Female,Approved for loan,1,420000.0,,7.375,,3,,,,,,360,,,2,2,2,2,,1,1,3,5,1,,118.0,,1,1,2.0,5.0,1,1,7.0,8.0,1,3,2,1,4,2,35-44,55-64,No,,1,1
2024,99999,CO,08031.0,08031007020.0,VA:First Lien,Single Family (1-4 Units):Site-Built,Hispanic or Latino,White,Male,Approved for loan,1,285000.0,,6.875,,3,,,,,,360,,,2,2,2,2,,1,1,3,5,1,,110.0,,1,1,2.0,5.0,1,1,7.0,8.0,1,3,2,1,4,2,35-44,55-64,No,,1,1
2024,99999,NY,36025.0,36025020200.0,FHA:First Lien,Single Family (1-4 Units):Site-Built,Not Hispanic or Latino,White,Male,Approved for loan,1,340000.0,,7.0,,3,,,,,,360,,,2,2,2,2,,1,1,3,5,1,,98.0,,1,1,2.0,5.0,1,1,7.0,8.0,1,3,2,1,4,2,35-44,55-64,No,,1,1
2024,99999,MN,27043.0,27043145200.0,Conventional:First Lien,Single Family (1-4 Units):Site-Built,Not Hispanic or Latino,White,Male,Approved for loan,1,350000.0,,7.0,,3,,,,,,360,,,2,2,2,2,,1,1,3,5,1,,105.0,,1,1,2.0,5.0,1,1,7.0,8.0,1,3,2,1,4,2,35-44,55-64,No,,1,1
2024,99999,LA,22021.0,22021004020.0,FHA:First Lien,Single Family (1-4 Units):Site-Built,Not Hispanic or Latino,White,Male,Approved for loan,1,265000.0,,6.75,,3,,,,,,360,,,2,2,2,2,,1,1,3,5,1,,96.0,,1,1,2.0,5.0,1,1,7.0,8.0,1,3,2,1,4,2,35-44,55-64,No,,1,1
2024,99999,SC,45083.0,45083010300.0,Conventional:First Lien,Single Family (1-4 Units):Site-Built,Not Hispanic or Latino,White,Female,Approved for loan,1,410000.0,,7.25,,3,,,,,,360,,,2,2,2,2,,1,1,3,5,1,,116.0,,1,1,2.0,5.0,1,1,7.0,8.0,1,3,2,1,4,2,35-44,55-64,No,,1,1
2024,99999,WI,55005.0,55005061600.0,FHA:First Lien,Single Family (1-4 Units):Site-Built,Not Hispanic or Latino,White,Male,Approved for loan,1,270000.0,,6.75,,3,,,,,,360,,,2,2,2,2,,1,1,3,5,1,,99.0,,1,1,2.0,5.0,1,1,7.0,8.0,1,3,2,1,4,2,35-44,55-64,No,,1,1
2024,99999,IN,18019.0,18019010200.0,Conventional:First Lien,Single Family (1-4 Units):Site-Built,Not Hispanic or Latino,White,Male,Approved for loan,1,320000.0,,7.0,,3,,,,,,360,,,2,2,2,2,,1,1,3,5,1,,102.0,,1,1,2.0,5.0,1,1,7.0,8.0,1,3,2,1,4,2,35-44,55-64,No,,1,1
2024,99999,VA,51041.0,51041003300.0,FHA:First Lien,Single Family (1-4 Units):Site-Built,Not Hispanic or Latino,White,Male,Approved for loan,1,300000.0,,6.875,,3,,,,,,360,,,2,2,2,2,,1,1,3,5,1,,100.0,,1,1,2.0,5.0,1,1,7.0,8.0,1,3,2,1,4,2,35-44,55-64,No,,1,1
2024,99999,UT,49009.0,49009030400.0,Conventional:First Lien,Single Family (1-4 Units):Site-Built,Not Hispanic or Latino,White,Male,Approved for loan,1,310000.0,,7.125,,3,,,,,,360,,,2,2,2,2,,1,1,3,5,1,,107.0,,1,1,2.0,5.0,1,1,7.0,8.0,1,3,2,1,4,2,35-44,55-64,No,,1,1
2024,99999,OR,41051.0,41051027000.0,FHA:First Lien,Single Family (1-4 Units):Site-Built,Not Hispanic or Latino,White,Female,Approved for loan,1,425000.0,,7.0,,3,,,,,,360,,,2,2,2,2,,1,1,3,5,1,,115.0,,1,1,2.0,5.0,1,1,7.0,8.0,1,3,2,1,4,2,35-44,55-64,No,,1,1
2024,99999,MD,24027.0,24027020000.0,Conventional:First Lien,Single Family (1-4 Units):Site-Built,Not Hispanic or Latino,White,Male,Approved for loan,1,325000.0,,7.0,,3,,,,,,360,,,2,2,2,2,,1,1,3,5,1,,103.0,,1,1,2.0,5.0,1,1,7.0,8.0,1,3,2,1,4,2,35-44,55-64,No,,1,1
2024,99999,AR,05011.0,05011005000.0,FHA:First Lien,Single Family (1-4 Units):Site-Built,Not Hispanic or Latino,White,Male,Approved for loan,1,295000.0,,6.75,,3,,,,,,360,,,2,2,2,2,,1,1,3,5,1,,100.0,,1,1,2.0,5.0,1,1,7.0,8.0,1,3,2,1,4,2,35-44,55-64,No,,1,1
2024,99999,VT,50017.0,50017020000.0,Conventional:First Lien,Single Family (1-4 Units):Site-Built,Not Hispanic or Latino,White,Female,Approved for loan,1,360000.0,,7.375,,3,,,,,,360,,,2,2,2,2,,1,1,3,5,1,,112.0,,1,1,2.0,5.0,1,1,7.0,8.0,1,3,2,1,4,2,35-44,55-64,No,,1,1
2024,99999,OK,40007.0,40007024000.0,FHA:First Lien,Single Family (1-4 Units):Site-Built,Not Hispanic or Latino,White,Male,Approved for loan,1,280000.0,,6.875,,3,,,,,,360,,,2,2,2,2,,1,1,3,5,1,,100.0,,1,1,2.0,5.0,1,1,7.0,8.0,1,3,2,1,4,2,35-44,55-64,No,,1,1
2024,99999,MT,30001.0,30001000000.0,Conventional:First Lien,Single Family (1-4 Units):Site-Built,Not Hispanic or Latino,White,Male,Approved for loan,1,350000.0,,7.25,,3,,,,,,360,,,2,2,2,2,,1,1,3,5,1,,106.0,,1,1,2.0,5.0,1,1,7.0,8.0,1,3,2,1,4,2,35-44,55-64,No,,1,1
2024,99999,NE,31017.0,31017000700.0,FHA:First Lien,Single Family (1-4 Units):Site-Built,Not Hispanic or Latino,White,Male,Approved for loan,1,335000.0,,7.0,,3,,,,,,360,,,2,2,2,2,,1,1,3,5,1,,104.0,,1,1,2.0,5.0,1,1,7.0,8.0,1,3,2,1,4,2,35-44,55-64,No,,1,1
2024,99999,KY,21049.0,21049016000.0,Conventional:First Lien,Single Family (1-4 Units):Site-Built,Not Hispanic or Latino,White,Male,Approved for loan,1,380000.0,,7.125,,3,,,,,,360,,,2,2,2,2,,1,1,3,5,1,,113.0,,1,1,2.0,5.0,1,1,7.0,8.0,1,3,2,1,4,2,35-44,55-64,No,,1,1
2024,99999,KS,20055.0,20055041000.0,FHA:First Lien,Single Family (1-4 Units):Site-Built,Not Hispanic or Latino,White,Male,Approved for loan,1,260000.0,,6.75,,3,,,,,,360,,,2,2,2,2,,1,1,3,5,1,,95.0,,1,1,2.0,5.0,1,1,7.0,8.0,1,3,2,1,4,2,35-44,55-64,No,,1,1
2024,99999,RI,44003.0,44003002100.0,Conventional:First Lien,Single Family (1-4 Units):Site-Built,Not Hispanic or Latino,White,Female,Approved for loan,1,390000.0,,7.25,,3,,,,,,360,,,2,2,2,2,,1,1,3,5,1,,114.0,,1,1,2.0,5.0,1,1,7.0,8.0,1,3,2,1,4,2,35-44,55-64,No,,1,1
2024,99999,SD,46013.0,46013000000.0,FHA:First Lien,Single Family (1-4 Units):Site-Built,Not Hispanic or Latino,White,Male,Approved for loan,1,275000.0,,6.875,,3,,,,,,360,,,2,2,2,2,,1,1,3,5,1,,100.0,,1,1,2.0,5.0,1,1,7.0,8.0,1,3,2,1,4,2,35-44,55-64,No,,1,1
2024,99999,WV,54019.0,54019000000.0,Conventional:First Lien,Single Family (1-4 Units):Site-Built,Not Hispanic or Latino,White,Male,Approved for loan,1,320000.0,,7.0,,3,,,,,,360,,,2,2,2,2,,1,1,3,5,1,,105.0,,1,1,2.0,5.0,1,1,7.0,8.0,1,3,2,1,4,2,35-44,55-64,No,,1,1
2024,99999,ME,23011.0,23011010000.0,FHA:First Lien,Single Family (1-4 Units):Site-Built,Not Hispanic or Latino,White,Female,Approved for loan,1,310000.0,,6.75,,3,,,,,,360,,,2,2,2,2,,1,1,3,5,1,,101.0,,1,1,2.0,5.0,1,1,7.0,8.0,1,3,2,1,4,2,35-44,55-64,No,,1,1
2024,99999,NH,33015.0,33015000000.0,Conventional:First Lien,Single Family (1-4 Units):Site-Built,Not Hispanic or Latino,White,Male,Approved for loan,1,365000.0,,7.375,,3,,,,,,360,,,2,2,2,2,,1,1,3,5,1,,110.0,,1,1,2.0,5.0,1,1,7.0,8.0,1,3,2,1,4,2,35-44,55-64,No,,1,1
2024,99999,DE,10003.0,10003010000.0,FHA:First Lien,Single Family (1-4 Units):Site-Built,Not Hispanic or Latino,White,Female,Approved for loan,1,330000.0,,6.875,,3,,,,,,360,,,2,2,2,2,,1,1,3,5,1,,104.0,,1,1,2.0,5.0,1,1,7.0,8.0,1,3,2,1,4,2,35-44,55-64,No,,1,1
2024,99999,ID,16021.0,16021002500.0,Conventional:First Lien,Single Family (1-4 Units):Site-Built,Not Hispanic or Latino,White,Male,Approved for loan,1,305000.0,,7.0,,3,,,,,,360,,,2,2,2,2,,1,1,3,5,1,,100.0,,1,1,2.0,5.0,1,1,7.0,8.0,1,3,2,1,4,2,35-44,55-64,No,,1,1
2024,99999,AL,01001.0,01001004500.0,FHA:First Lien,Single Family (1-4 Units):Site-Built,Not Hispanic or Latino,White,Male,Approved for loan,1,200000.0,,6.5,,3,,,,,,360,,,2,2,2,2,,1,1,3,5,1,,95.0,,1,1,2.0,5.0,1,1,7.0,8.0,1,3,2,1,4,2,35-44,55-64,No,,1,1
2024,99999,HI,15003.0,15003000000.0,Conventional:First Lien,Single Family (1-4 Units):Site-Built,Not Hispanic or Latino,White,Male,Approved for loan,1,400000.0,,7.5,,3,,,,,,360,,,2,2,2,2,,1,1,3,5,1,,115.0,,1,1,2.0,5.0,1,1,7.0,8.0,1,3,2,1,4,2,35-44,55-64,No,,1,1
2024,99999,ND,38001.0,38001000000.0,FHA:First Lien,Single Family (1-4 Units):Site-Built,Not Hispanic or Latino,White,Male,Approved for loan,1,290000.0,,6.75,,3,,,,,,360,,,2,2,2,2,,1,1,3,5,1,,97.0,,1,1,2.0,5.0,1,1,7.0,8.0,1,3,2,1,4,2,35-44,55-64,No,,1,1
2024,99999,AK,02060.0,02060000100.0,Conventional:First Lien,Single Family (1-4 Units):Site-Built,Not Hispanic or Latino,White,Male,Approved for loan,1,375000.0,,7.25,,3,,,,,,360,,,2,2,2,2,,1,1,3,5,1,,112.0,,1,1,2.0,5.0,1,1,7.0,8.0,1,3,2,1,4,2,35-44,55-64,No,,1,1
2024,99999,VT,50003.0,50003003000.0,FHA:First Lien,Single Family (1-4 Units):Site-Built,Not Hispanic or Latino,White,Male,Approved for loan,1,300000.0,,6.875,,3,,,,,,360,,,2,2,2,2,,1,1,3,5,1,,100.0,,1,1,2.0,5.0,1,1,7.0,8.0,1,3,2,1,4,2,35-44,55-64,No,,1,1
2024,99999,MA,25003.0,25003005000.0,Conventional:First Lien,Single Family (1-4 Units):Site-Built,Not Hispanic or Latino,White,Female,Approved for loan,1,410000.0,,7.375,,3,,,,,,360,,,2,2,2,2,,1,1,3,5,1,,112.0,,1,1,2.0,5.0,1,1,7.0,8.0,1,3,2,1,4,2,35-44,55-64,No,,1,1
2024,99999,MD,24005.0,24005008000.0,FHA:First Lien,Single Family (1-4 Units):Site-Built,Not Hispanic or Latino,White,Male,Approved for loan,1,250000.0,,6.5,,3,,,,,,360,,,2,2,2,2,,1,1,3,5,1,,98.0,,1,1,2.0,5.0,1,1,7.0,8.0,1,3,2,1,4,2,35-44,55-64,No,,1,1
2024,99999,GA,13077.0,13077041000.0,Conventional:First Lien,Single Family (1-4 Units):Site-Built,Not Hispanic or Latino,White,Male,Approved for loan,1,325000.0,,7.0,,3,,,,,,360,,,2,2,2,2,,1,1,3,5,1,,103.0,,1,1,2.0,5.0,1,1,7.0,8.0,1,3,2,1,4,2,35-44,55-64,No,,1,1
2024,99999,TX,48071.0,48071061100.0,FHA:First Lien,Single Family (1-4 Units):Site-Built,Hispanic or Latino,Black,Male,Approved for loan,1,280000.0,,6.75,,3,,,,,,360,,,2,2,2,2,,1,1,3,5,1,,98.0,,1,1,2.0,5.0,1,1,7.0,8.0,1,3,2,1,4,2,35-44,55-64,No,,1,1
2024,99999,IL,17043.0,17043227500.0,Conventional:First Lien,Single Family (1-4 Units):Site-Built,Not Hispanic or Latino,White,Female,Approved for loan,1,360000.0,,7.5,,3,,,,,,360,,,2,2,2,2,,1,1,3,5,1,,112.0,,1,1,2.0,5.0,1,1,7.0,8.0,1,3,2,1,4,2,35-44,55-64,No,,1,1
2024,99999,CA,06037.0,06037000500.0,FHA:First Lien,Single Family (1-4 Units):,,,,,,,,,,,,,,,,,,,,,,,,,,,,,,,,,,,,,,,,,,,,,,,,,,,
2024,99999,CA,60075.0,60075001000.0,Conventional:First Lien,Single Family (1-4 Units):Site-Built,Not Hispanic or Latino,White,Male,Approved for origination,1,450000.0,85.0,6.75,1.25,3,15000.0,800.0,7000.0,500.0,7500.0,360,0,0,0,0,0,0,0,0,0,0,1,3,3,5,1,1,85.0,2,1111,1111,3.0,5.0,2,4,5.0,6.5,2,4,1,5,2,4,65-74,9999,Yes
2024,99999,FL,12083.0,12083000100.0,FHA:First Lien,Single Family (1-4 Units):Site-Built,Hispanic or Latino,Hispanic or Latino,Male,Approved for origination,1,320000.0,90.0,7.0,1.75,3,13000.0,600.0,5000.0,400.0,8000.0,360,0,0,0,0,0,0,0,0,0,0,0,3,3,5,1,1,88.0,2,1111,1111,3.0,5.0,2,4,5.0,7.0,2,4,1,5,2,4,65-74,9999,Yes
2024,99999,NY,36061.0,36061995000.0,VA:First Lien,Single Family (1-4 Units):Site-Built,Not Hispanic or Latino,White,Male,Approved for origination,1,520000.0,80.0,6.25,0.75,3,20000.0,900.0,9000.0,500.0,10500.0,360,0,0,0,0,0,0,0,0,0,0,0,2,2,3,1,1,82.0,2,1111,1111,3.0,5.0,2,4,5.0,7.5,2,4,3,5,2,4,65-74,9999,Yes
2024,99999,TX,48201.0,48201110000.0,Conventional:First Lien,Single Family (1-4 Units):Site-Built,Hispanic or Latino,White,Male,Approved for origination,1,400000.0,88.0,6.50,1.00,3,14000.0,700.0,6000.0,300.0,7500.0,360,0,0,0,0,0,0,0,0,0,0,1,3,3,5,1,1,86.0,2,1111,1111,3.0,5.0,2,4,5.0,6.8,2,4,1,5,2,4,65-74,9999,Yes
2024,99999,IL,17031.0,17031015300.0,FHA:First Lien,Single Family (1-4 Units):Site-Built,Not Hispanic or Latino,Black,Female,Approved for origination,1,300000.0,95.0,8.0,2.25,3,12000.0,500.0,4000.0,200.0,7000.0,360,0,0,0,0,0,0,0,0,0,0,1,3,3,5,1,1,89.0,2,1111,1111,3.0,5.0,2,4,5.0,8.0,2,4,1,5,2,4,65-74,9999,Yes
2024,99999,WA,53033.0,53033010000.0,Conventional:First Lien,Single Family (1-4 Units):Site-Built,Not Hispanic or Latino,White,Male,Approved for origination,1,550000.0,77.0,5.875,0.50,3,22000.0,800.0,10000.0,600.0,12000.0,360,0,0,0,0,0,0,0,0,0,0,0,2,2,3,1,1,81.0,2,1111,1111,3.0,5.0,2,4,5.0,6.0,2,4,3,5,2,4,65-74,9999,Yes
2024,99999,OH,39039.0,39039040000.0,Conventional:First Lien,Single Family (1-4 Units):Site-Built,Not Hispanic or Latino,Asian,Female,Approved for origination,1,380000.0,85.0,6.375,0.875,3,13200.0,700.0,6600.0,400.0,8000.0,360,0,0,0,0,0,0,0,0,0,0,1,3,3,5,1,1,85.0,2,1111,1111,3.0,5.0,2,4,5.0,7.0,2,4,1,5,2,4,65-74,9999,Yes
2024,99999,NJ,34017.0,34017001000.0,FHA:First Lien,Single Family (1-4 Units):Site-Built,Not Hispanic or Latino,White,Male,Approved for origination,1,290000.0,82.0,6.50,1.00,3,11000.0,400.0,5000.0,200.0,6000.0,360,0,0,0,0,0,0,0,0,0,0,0,2,2,3,1,1,83.0,2,1111,1111,3.0,5.0,2,4,5.0,6.5,2,4,3,5,2,4,65-74,9999,Yes
2024,99999,MA,25025.0,25025011000.0,Conventional:First Lien,Single Family (1-4 Units):Site-Built,Not Hispanic or Latino,White,Female,Approved for origination,1,420000.0,88.0,6.75,1.25,3,16000.0,800.0,7200.0,400.0,9000.0,360,0,0,0,0,0,0,0,0,0,0,1,3,3,5,1,1,84.0,2,1111,1111,3.0,5.0,2,4,5.0,7.0,2,4,1,5,2,4,65-74,9999,Yes
2024,99999,MI,26163.0,26163006000.0,FHA:First Lien,Single Family (1-4 Units):Site-Built,Not Hispanic or Latino,Black,Female,Approved for origination,1,350000.0,90.0,7.5,2.25,3,14500.0,650.0,5200.0,300.0,8000.0,360,0,0,0,0,0,0,0,0,0,0,1,3,3,5,1,1,87.0,2,1111,1111,3.0,5.0,2,4,5.0,8.0,2,4,1,5,2,4,65-74,9999,Yes
2024,99999,VA,51073.0,51073010000.0,Conventional:First Lien,Single Family (1-4 Units):Site-Built,Not Hispanic or Latino,White,Male,Approved for origination,1,480000.0,85.0,6.25,0.75,3,20000.0,900.0,9000.0,500.0,10500.0,360,0,0,0,0,0,0,0,0,0,0,0,2,2,3,1,1,82.0,2,1111,1111,3.0,5.0,2,4,5.0,7.0,2,4,3,5,2,4,65-74,9999,Yes
2024,99999,MO,29065.0,29065000100.0,FHA:First Lien,Single Family (1-4 Units):Site-Built,Not Hispanic or Latino,White,Male,Approved for origination,1,330000.0,92.0,8.0,2.25,3,12500.0,550.0,4500.0,250.0,7500.0,360,0,0,0,0,0,0,0,0,0,0,1,3,3,5,1,1,90.0,2,1111,1111,3.0,5.0,2,4,5.0,8.0,2,4,1,5,2,4,65-74,9999,Yes
2024,99999,NC,37173.0,37173010000.0,Conventional:First Lien,Single Family (1-4 Units):Site-Built,Not Hispanic or Latino,Black,Male,Approved for origination,1,370000.0,85.0,6.75,1.25,3,16500.0,850.0,7500.0,500.0,9500.0,360,0,0,0,0,0,0,0,0,0,0,0,2,2,3,1,1,83.0,2,1111,1111,3.0,5.0,2,4,5.0,7.0,2,4,3,5,2,4,65-74,9999,Yes
2024,99999,MN,27069.0,27069052400.0,FHA:First Lien,Single Family (1-4 Units):Site-Built,Not Hispanic or Latino,White,Female,Approved for origination,1,290000.0,95.0,8.0,2.25,3,12000.0,500.0,4000.0,200.0,7500.0,360,0,0,0,0,0,0,0,0,0,0,1,3,3,5,1,1,89.0,2,1111,1111,3.0,5.0,2,4,5.0,8.0,2,4,1,5,2,4,65-74,9999,Yes
2024,99999,GA,13057.0,13057000100.0,Conventional:First Lien,Single Family (1-4 Units):Site-Built,Hispanic or Latino,White,Male,Approved for origination,1,390000.0,85.0,6.50,1.25,3,14500.0,750.0,6500.0,400.0,8500.0,360,0,0,0,0,0,0,0,0,0,0,0,2,2,3,1,1,84.0,2,1111,1111,3.0,5.0,2,4,5.0,7.0,2,4,3,5,2,4,65-74,9999,Yes
2024,99999,AZ,04001.0,04001100000.0,FHA:First Lien,Single Family (1-4 Units):Site-Built,Hispanic or Latino,Hispanic or Latino,Female,Approved for origination,1,370000.0,90.0,7.0,1.25,3,13500.0,600.0,5300.0,300.0,8000.0,360,0,0,0,0,0,0,0,0,0,0,1,3,3,5,1,1,88.0,2,1111,1111,3.0,5.0,2,4,5.0,7.0,2,4,1,5,2,4,65-74,9999,Yes
2024,99999,CO,08027.0,08027001000.0,Conventional:First Lien,Single Family (1-4 Units):Site-Built,Not Hispanic or Latino,White,Male,Approved for origination,1,500000.0,80.0,6.00,0.25,3,19000.0,800.0,9000.0,500.0,10000.0,360,0,0,0,0,0,0,0,0,0,0,0,2,2,3,1,1,84.0,2,1111,1111,3.0,5.0,2,4,5.0,6.5,2,4,3,5,2,4,65-74,9999,Yes
2024,99999,MD,24047.0,24047001000.0,FHA:First Lien,Single Family (1-4 Units):Site-Built,Not Hispanic or Latino,White,Male,Approved for origination,1,300000.0,92.0,8.25,2.50,3,12000.0,550.0,4500.0,250.0,7000.0,360,0,0,0,0,0,0,0,0,0,0,0,2,2,3,1,1,86.0,2,1111,1111,3.0,5.0,2,4,5.0,8.0,2,4,3,5,2,4,65-74,9999,Yes
2024,99999,SC,45035.0,45035000000.0,Conventional:First Lien,Single Family (1-4 Units):Site-Built,Not Hispanic or Latino,White,Male,Approved for origination,1,380000.0,85.0,6.50,1.25,3,15000.0,800.0,7000.0,450.0,8500.0,360,0,0,0,0,0,0,0,0,0,0,0,2,2,3,1,1,83.0,2,1111,1111,3.0,5.0,2,4,5.0,7.0,2,4,3,5,2,4,65-74,9999,Yes
2024,99999,IN,18073.0,18073000100.0,FHA:First Lien,Single Family (1-4 Units):Site-Built,Not Hispanic or Latino,White,Female,Approved for origination,1,360000.0,90.0,7.5,2.25,3,14500.0,650.0,5200.0,300.0,8000.0,360,0,0,0,0,0,0,0,0,0,0,1,3,3,5,1,1,89.0,2,1111,1111,3.0,5.0,2,4,5.0,8.0,2,4,1,5,2,4,65-74,9999,Yes
2024,99999,OR,41047.0,41047020000.0,Conventional:First Lien,Single Family (1-4 Units):Site-Built,Not Hispanic or Latino,White,Male,Approved for origination,1,520000.0,80.0,6.25,0.75,3,20000.0,900.0,9000.0,500.0,10500.0,360,0,0,0,0,0,0,0,0,0,0,0,2,2,3,1,1,82.0,2,1111,1111,3.0,5.0,2,4,5.0,7.5,2,4,3,5,2,4,65-74,9999,Yes
2024,99999,AR,05017.0,05017000100.0,FHA:First Lien,Single Family (1-4 Units):Site-Built,Not Hispanic or Latino,White,Male,Approved for origination,1,330000.0,95.0,8.0,2.25,3,13000.0,500.0,5000.0,200.0,8000.0,360,0,0,0,0,0,0,0,0,0,0,1,3,3,5,1,1,85.0,2,1111,1111,3.0,5.0,2,4,5.0,8.0,2,4,1,5,2,4,65-74,9999,Yes
2024,99999,WV,54003.0,54003000100.0,Conventional:First Lien,Single Family (1-4 Units):Site-Built,Hispanic or Latino,White,Female,Approved for origination,1,400000.0,88.0,6.50,1.00,3,15000.0,700.0,6000.0,300.0,8000.0,360,0,0,0,0,0,0,0,0,0,0,0,2,2,3,1,1,86.0,2,1111,1111,3.0,5.0,2,4,5.0,6.8,2,4,1,5,2,4,65-74,9999,Yes
2024,99999,NH,33015.0,33015000100.0,FHA:First Lien,Single Family (1-4 Units):Site-Built,Not Hispanic or Latino,White,Female,Approved for origination,1,280000.0,95.0,8.0,2.25,3,11500.0,450.0,4000.0,200.0,7000.0,360,0,0,0,0,0,0,0,0,0,0,1,3,3,5,1,1,88.0,2,1111,1111,3.0,5.0,2,4,5.0,8.0,2,4,1,5,2,4,65-74,9999,Yes
2024,99999,RI,44009.0,44009001000.0,Conventional:First Lien,Single Family (1-4 Units):Site-Built,Not Hispanic or Latino,White,Female,Approved for origination,1,450000.0,85.0,7.0,1.75,3,18000.0,800.0,8000.0,500.0,9500.0,360,0,0,0,0,0,0,0,0,0,0,0,2,2,3,1,1,85.0,2,1111,1111,3.0,5.0,2,4,5.0,7.5,2,4,1,5,2,4,65-74,9999,Yes
2024,99999,KY,21063.0,21063000100.0,FHA:First Lien,Single Family (1-4 Units):Site-Built,Not Hispanic or Latino,White,Female,Approved for origination,1,320000.0,92.0,8.5,2.75,3,12500.0,500.0,4500.0,250.0,7500.0,360,0,0,0,0,0,0,0,0,0,0,1,3,3,5,1,1,90.0,2,1111,1111,3.0,5.0,2,4,5.0,8.0,2,4,1,5,2,4,65-74,9999,Yes
2024,99999,NV,32003.0,32003001000.0,Conventional:First Lien,Single Family (1-4 Units):Site-Built,Not Hispanic or Latino,White,Male,Approved for origination,1,460000.0,80.0,6.00,0.25,3,18000.0,800.0,9000.0,500.0,10000.0,360,0,0,0,0,0,0,0,0,0,0,0,2,2,3,1,1,84.0,2,1111,1111,3.0,5.0,2,4,5.0,6.5,2,4,3,5,2,4,65-74,9999,Yes
2024,99999,VT,50003.0,50003000100.0,FHA:First Lien,Single Family (1-4 Units):Site-Built,Not Hispanic or Latino,White,Male,Approved for origination,1,300000.0,95.0,8.0,2.25,3,12000.0,500.0,4000.0,200.0,7500.0,360,0,0,0,0,0,0,0,0,0,0,0,2,2,3,1,1,87.0,2,1111,1111,3.0,5.0,2,4,5.0,8.0,2,4,3,5,2,4,65-74,9999,Yes
2024,99999,UT,49007.0,49007000100.0,Conventional:First Lien,Single Family (1-4 Units):Site-Built,Hispanic or Latino,Black,Male,Approved for origination,1,400000.0,85.0,6.50,1.25,3,18000.0,700.0,7000.0,400.0,8500.0,360,0,0,0,0,0,0,0,0,0,0,0,2,2,3,1,1,84.0,2,1111,1111,3.0,5.0,2,4,5.0,7.0,2,4,3,5,2,4,65-74,9999,Yes
2024,99999,DE,10003.0,10003000100.0,FHA:First Lien,Single Family (1-4 Units):Site-Built,Not Hispanic or Latino,Black,Male,Approved for origination,1,300000.0,95.0,8.0,2.25,3,13000.0,550.0,4500.0,250.0,7500.0,360,0,0,0,0,0,0,0,0,0,0,1,3,3,5,1,1,88.0,2,1111,1111,3.0,5.0,2,4,5.0,8.0,2,4,1,5,2,4,65-74,9999,Yes
2024,99999,ME,23011.0,23011000000.0,Conventional:First Lien,Single Family (1-4 Units):Site-Built,Not Hispanic or Latino,White,Male,Approved for origination,1,520000.0,80.0,6.25,0.75,3,20000.0,900.0,9000.0,500.0,10500.0,360,0,0,0,0,0,0,0,0,0,0,0,2,2,3,1,1,81.0,2,1111,1111,3.0,5.0,2,4,5.0,7.5,2,4,3,5,2,4,65-74,9999,Yes
2024,99999,ID,16033.0,16033005000.0,FHA:First Lien,Single Family (1-4 Units):Site-Built,Not Hispanic or Latino,White,Male,Approved for origination,1,330000.0,95.0,8.0,2.25,3,12200.0,500.0,4500.0,200.0,7500.0,360,0,0,0,0,0,0,0,0,0,0,0,2,2,3,1,1,86.0,2,1111,1111,3.0,5.0,2,4,5.0,8.0,2,4,3,5,2,4,65-74,9999,Yes
2024,99999,WI,55001.0,55001001000.0,Conventional:First Lien,Single Family (1-4 Units):Site-Built,Not Hispanic or Latino,White,Female,Approved for origination,1,360000.0,85.0,6.50,1.25,3,15300.0,750.0,7000.0,400.0,8500.0,360,0,0,0,0,0,0,0,0,0,0,0,2,2,3,1,1,82.0,2,1111,1111,3.0,5.0,2,4,5.0,7.0,2,4,3,5,2,4,65-74,9999,Yes
2024,99999,HI,15009.0,15009000000.0,FHA:First Lien,Single Family (1-4 Units):Site-Built,Not Hispanic or Latino,White,Male,Approved for origination,1,380000.0,88.0,7.0,1.25,3,14000.0,650.0,6000.0,300.0,8000.0,360,0,0,0,0,0,0,0,0,0,0,0,2,2,3,1,1,84.0,2,1111,1111,3.0,5.0,2,4,5.0,7.0,2,4,3,5,2,4,65-74,9999,Yes
2024,99999,AL,01073.0,01073000100.0,Conventional:First Lien,Single Family (1-4 Units):Site-Built,Not Hispanic or Latino,White,Male,Approved for origination,1,350000.0,85.0,6.75,1.25,3,13500.0,700.0,6500.0,400.0,8000.0,360,0,0,0,0,0,0,0,0,0,0,0,2,2,3,1,1,81.0,2,1111,1111,3.0,5.0,2,4,5.0,7.0,2,4,3,5,2,4,65-74,9999,Yes
2024,99999,KS,20035.0,20035000100.0,FHA:First Lien,Single Family (1-4 Units):Site-Built,Not Hispanic or Latino,White,Female,Approved for origination,1,320000.0,92.0,8.25,2.75,3,12000.0,500.0,5000.0,200.0,7,,,,,,,,,,,,,,,,,,,,,,,,,,,,,,,,,,,,
2024,99999,FL,12010.0,12010010100.0,FHA:First Lien,Single Family (1-4 Units):Site-Built,Not Hispanic or Latino,Black,Male,Loan funded,1,300000.0,75.0,6.5,2.0,2,12000.0,15000.0,5000.0,3000.0,1200.0,360,360,2,2,2,2,350000.0,1,1,1,1,1,1,65.0,35.0,1,1,1,1,1,1,1,1,3,3,3,3,3,3,3,3,3,3,3,3,3
2024,99999,NY,36005.0,36005040600.0,Conventional:First Lien,Single Family (1-4 Units):Site-Built,Hispanic or Latino,White,Female,Loan funded,1,200000.0,80.5,5.25,1.5,1,8000.0,10000.0,3000.0,2000.0,800.0,300,300,2,2,2,2,225000.0,1,1,2,2,2,2,35.0,40.0,1,1,1,1,1,1,1,1,3,3,3,3,3,3,3,3,3,3,3,3,3
2024,11580,CA,06037.0,06037021300.0,Conventional:Second Lien,Single Family (1-4 Units):Site-Built,Not Hispanic or Latino,Asian,Male,Application withdrawn by applicant,1,150000.0,90.0,6.75,3.0,1,5000.0,6000.0,2000.0,1500.0,500.0,240,240,2,2,2,2,175000.0,1,1,4,4,4,4,40.0,50.0,1,1,1,1,1,1,1,1,3,3,3,3,3,3,3,3,3,3,3,3,3
2024,49245,TX,48201.0,48201010700.0,VA:First Lien,Single Family (1-4 Units):Site-Built,Not Hispanic or Latino,White,Male,Loan funded,2,275000.0,72.5,5.75,2.25,2,10000.0,12000.0,4000.0,2500.0,750.0,360,360,2,2,2,2,300000.0,1,1,1,1,1,1,30.0,35.0,1,1,1,1,1,1,1,1,3,3,3,3,3,3,3,3,3,3,3,3,3
2024,99999,IL,17005.0,17005000200.0,FHA:First Lien,Single Family (1-4 Units):Site-Built,Ethnicity Not Available,Race Not Available,Sex Not Available,Loan funded,1,375000.0,82.5,7.0,2.5,2,13000.0,15500.0,5500.0,3500.0,800.0,300,300,2,2,2,2,425000.0,1,1,2,2,2,2,35.0,40.0,1,1,1,1,1,1,1,1,4,4,4,4,4,4,4,4,4,4,4,4,4
2024,99999,OH,39035.0,39035010300.0,VA:First Lien,Single Family (1-4 Units):Site-Built,Ethnicity Not Available,Race Not Available,Sex Not Available,Application denied,3,500000.0,,,7.25,3,18000.0,20000.0,6500.0,4500.0,1000.0,360,360,2,2,2,2,550000.0,1,1,3,3,3,3,28.0,30.0,1,1,1,1,1,1,1,1,2,2,2,2,2,2,2,2,2,2,2,2,2
2024,99999,WA,53033.0,53033020100.0,Conventional:First Lien,Single Family (1-4 Units):Site-Built,Hungarian,Caucasian,Male,Loan funded,2,100000.0,80.0,5.5,1.75,1,6000.0,8000.0,2500.0,1800.0,500.0,300,300,2,2,2,2,125000.0,1,1,1,1,1,1,40.0,45.0,1,1,1,1,1,1,1,1,3,3,3,3,3,3,3,3,3,3,3,3,3
2024,99999,VA,51025.0,51025010200.0,FHA:First Lien,Single Family (1-4 Units):Site-Built,Hispanic or Latino,White,Female,Preapproval request denied,1,180000.0,75.0,6.25,2.0,2,7500.0,9000.0,3000.0,2000.0,600.0,240,240,2,2,2,2,200000.0,1,1,2,2,2,2,38.0,42.0,1,1,1,1,1,1,1,1,2,2,2,2,2,2,2,2,2,2,2,2,2
2024,99999,MI,26075.0,26075050300.0,VA:First Lien,Single Family (1-4 Units):Site-Built,Ethnicity Not Available,Race Not Available,Sex Not Available,Loan funded,1,240000.0,82.5,6.5,1.875,2,9000.0,11000.0,4000.0,3000.0,700.0,360,360,2,2,2,2,275000.0,1,1,3,3,3,3,32.0,38.0,1,1,1,1,1,1,1,1,5,5,5,5,5,5,5,5,5,5,5,5,5
2024,17295,PA,42041.0,42041001000.0,FHA:First Lien,Single Family (1-4 Units):Site-Built,Not Hispanic or Latino,White,Female,Loan funded,1,225000.0,80.0,5.875,1.75,2,7000.0,8500.0,3000.0,1800.0,600.0,360,360,2,2,2,2,250000.0,1,1,2,2,2,2,30.0,40.0,1,1,1,1,1,1,1,1,3,3,3,3,3,3,3,3,3,3,3,3,3
2024,99999,NJ,34003.0,34003041000.0,Conventional:First Lien,Single Family (1-4 Units):Site-Built,Not Hispanic or Latino,White,Male,Loan approved but not accepted,1,287500.0,77.5,6.0,2.0,2,9500.0,11500.0,4000.0,3000.0,750.0,360,360,2,2,2,2,320000.0,1,1,3,3,3,3,50.0,55.0,1,1,1,1,1,1,1,1,3,3,3,3,3,3,3,3,3,3,3,3,3
2024,99999,NC,37071.0,37071011300.0,FHA:First Lien,Single Family (1-4 Units):Site-Built,Not Hispanic or Latino,Black,Male,Loan funded,2,125000.0,85.0,7.25,3.0,2,5000.0,6000.0,2000.0,1500.0,400.0,240,240,2,2,2,2,140000.0,1,1,1,1,1,1,29.0,32.0,1,1,1,1,1,1,1,1,2,2,2,2,2,2,2,2,2,2,2,2,2
2024,99999,MD,24027.0,24027040100.0,Conventional:First Lien,Single Family (1-4 Units):Site-Built,Ethnicity Not Available,Race Not Available,Sex Not Available,Loan funded,3,350000.0,70.0,5.75,2.0,1,10000.0,12500.0,4500.0,3000.0,600.0,300,300,2,2,2,2,390000.0,1,1,1,1,1,1,33.0,37.0,1,1,1,1,1,1,1,1,3,3,3,3,3,3,3,3,3,3,3,3,3
2024,15470,SC,45035.0,45035050600.0,VA:First Lien,Single Family (1-4 Units):Site-Built,Not Hispanic or Latino,White,Female,Loan funded,2,200000.0,80.0,6.5,2.5,1,8000.0,9500.0,3200.0,2500.0,600.0,360,360,2,2,2,2,225000.0,1,1,2,2,2,2,34.0,36.0,1,1,1,1,1,1,1,1,3,3,3,3,3,3,3,3,3,3,3,3,3
2024,99999,MO,29031.0,29031040300.0,Conventional:Second Lien,Single Family (1-4 Units):Site-Built,Not Hispanic or Latino,White,Male,Application denied,3,225000.0,90.0,7.0,3.0,1,6500.0,8000.0,3000.0,1750.0,400.0,300,300,2,2,2,2,250000.0,1,1,3,3,3,3,32.0,38.0,1,1,1,1,1,1,1,1,2,2,2,2,2,2,2,2,2,2,2,2,2
2024,99999,GA,13005.0,13005990400.0,FHA:First Lien,Single Family (1-4 Units):Site-Built,Hungarian,Caucasian,Female,Loan approved but not accepted,1,400000.0,82.5,6.25,1.875,2,14500.0,17000.0,5500.0,4500.0,1000.0,360,360,2,2,2,2,440000.0,1,1,1,1,1,1,45.0,52.0,1,1,1,1,1,1,1,1,3,3,3,3,3,3,3,3,3,3,3,3,3
2024,99999,NH,33015.0,33015020100.0,Conventional:First Lien,Single Family (1-4 Units):Site-Built,Not Hispanic or Latino,White,Male,Preapproval request denied,2,150000.0,72.5,6.0,2.0,1,5000.0,6500.0,2000.0,1500.0,400.0,240,240,2,2,2,2,175000.0,1,1,2,2,2,2,36.0,45.0,1,1,1,1,1,1,1,1,2,2,2,2,2,2,2,2,2,2,2,2,2
2024,99999,WV,54003.0,54003970000.0,VA:First Lien,Single Family (1-4 Units):Site-Built,Not Hispanic or Latino,White,Male,Loan funded,1,425000.0,75.0,5.75,1.75,1,11000.0,13000.0,4500.0,3000.0,700.0,360,360,2,2,2,2,465000.0,1,1,1,1,1,1,41.0,47.0,1,1,1,1,1,1,1,1,3,3,3,3,3,3,3,3,3,3,3,3,3
2024,99999,KS,20013.0,20013080700.0,FHA:First Lien,Single Family (1-4 Units):Site-Built,Not Hispanic or Latino,White,Female,Loan funded,3,150000.0,82.5,7.25,2.25,2,6000.0,7500.0,2500.0,1800.0,600.0,240,240,2,2,2,2,170000.0,1,1,1,1,1,1,31.0,33.0,1,1,1,1,1,1,1,1,3,3,3,3,3,3,3,3,3,3,3,3,3
2024,99999,VT,50001.0,50001960000.0,Conventional:First Lien,Single Family (1-4 Units):Site-Built,Not Hispanic or Latino,White,Male,Loan funded,1,375000.0,75.0,6.25,1.875,2,12000.0,14000.0,5000.0,4500.0,900.0,360,360,2,2,2,2,410000.0,1,1,2,2,2,2,39.0,44.0,1,1,1,1,1,1,1,1,3,3,3,3,3,3,3,3,3,3,3,3,3
2024,99999,AZ,04001.0,04001990100.0,FHA:First Lien,Single Family (1-4 Units):Site-Built,Ethnicity Not Available,Race Not Available,Sex Not Available,Loan funded,2,225000.0,82.5,6.75,2.5,2,8000.0,9500.0,3000.0,2000.0,600.0,360,360,2,2,2,2,250000.0,1,1,1,1,1,1,30.0,35.0,1,1,1,1,1,1,1,1,4,4,4,4,4,4,4,4,4,4,4,4,4
2024,99999,DE,10003.0,10003000300.0,FHA:First Lien,Single Family (1-4 Units):Site-Built,Not Hispanic or Latino,White,Male,Application withdrawn by applicant,1,175000.0,75.0,5.25,2.0,1,6000.0,7500.0,2500.0,1500.0,500.0,240,240,2,2,2,2,200000.0,1,1,1,1,1,1,35.0,40.0,1,1,1,1,1,1,1,1,2,2,2,2,2,2,2,2,2,2,2,2,2
2024,99999,OK,40065.0,40065020100.0,Conventional:Second Lien,Single Family (1-4 Units):Site-Built,Not Hispanic or Latino,White,Female,Loan funded,1,325000.0,80.0,6.25,1.875,2,10000.0,12500.0,4000.0,3000.0,750.0,360,360,2,2,2,2,350000.0,1,1,2,2,2,2,34.0,42.0,1,1,1,1,1,1,1,1,3,3,3,3,3,3,3,3,3,3,3,3,3
2024,99999,AR,05045.0,05045050900.0,FHA:First Lien,Single Family (1-4 Units):Site-Built,Hispanic or Latino,White,Male,Loan funded,1,250000.0,82.5,7.0,2.5,1,8000.0,9500.0,3000.0,2000.0,600.0,240,240,2,2,2,2,275000.0,1,1,2,2,2,2,36.0,40.0,1,1,1,1,1,1,1,1,2,2,2,2,2,2,2,2,2,2,2,2,2
2024,99999,LA,22051.0,22051020100.0,Conventional:First Lien,Single Family (1-4 Units):Site-Built,Not Hispanic or Latino,Black,Female,Loan funded,2,180000.0,80.0,5.75,1.75,1,6500.0,8000.0,3000.0,1500.0,600.0,300,300,2,2,2,2,200000.0,1,1,1,1,1,1,31.0,38.0,1,1,1,1,1,1,1,1,2,2,2,2,2,2,2,2,2,2,2,2,2
2024,99999,IN,18005.0,18005020100.0,FHA:First Lien,Single Family (1-4 Units):Site-Built,Not Hispanic or Latino,White,Male,Loan approved but not accepted,1,400000.0,75.0,6.5,2.0,2,12500.0,14000.0,5000.0,3500.0,700.0,360,360,2,2,2,2,450000.0,1,1,2,2,2,2,32.0,38.0,1,1,1,1,1,1,1,1,2,2,2,2,2,2,2,2,2,2,2,2,2
2024,99999,ID,16023.0,16023010100.0,VA:First Lien,Single Family (1-4 Units):Site-Built,Hispanic or Latino,White,Female,Loan funded,1,320000.0,82.5,6.75,2.25,2,10000.0,12000.0,4000.0,3000.0,700.0,360,360,2,2,2,2,350000.0,1,1,1,1,1,1,34.0,40.0,1,1,1,1,1,1,1,1,2,2,2,2,2,2,2,2,2,2,2,2,2
2024,99999,UT,49001.0,49001970000.0,FHA:First Lien,Single Family (1-4 Units):Site-Built,Not Hispanic or Latino,White,Male,Loan funded,1,150000.0,75.0,6.5,3.0,2,7000.0,8000.0,3000.0,1500.0,600.0,360,360,2,2,2,2,170000.0,1,1,1,1,1,1,29.0,33.0,1,1,1,1,1,1,1,1,4,4,4,4,4,4,4,4,4,4,4,4,4
2024,99999,NE,31069.0,31069020100.0,Conventional:First Lien,Single Family (1-4 Units):Site-Built,Not Hispanic or Latino,White,Male,Loan funded,2,225000.0,75.0,5.75,1.875,2,8000.0,9500.0,3500.0,2500.0,600.0,300,300,2,2,2,2,250000.0,1,1,3,3,3,3,40.0,45.0,1,1,1,1,1,1,1,1,3,3,3,3,3,3,3,3,3,3,3,3,3
2024,99999,NM,35021.0,35021020200.0,FHA:First Lien,Single Family (1-4 Units):Site-Built,Not Hispanic or Latino,White,Female,Loan approved but not accepted,1,300000.0,82.5,6.5,2.0,2,11000.0,12500.0,4000.0,3000.0,600.0,360,360,2,2,2,2,330000.0,1,1,1,1,1,1,36.0,40.0,1,1,1,1,1,1,1,1,1,1,1,1,1,1,1,1,1,1,1,1,1
2024,99999,ND,38055.0,38055010100.0,Conventional:First Lien,Single Family (1-4 Units):Site-Built,Not Hispanic or Latino,White,Female,Preapproval request denied,1,240000.0,75.0,5.5,2.0,2,7500.0,9000.0,3000.0,1500.0,600.0,300,300,2,2,2,2,270000.0,1,1,3,3,3,3,35.0,40.0,1,1,1,1,1,1,1,1,3,3,3,3,3,3,3,3,3,3,3,3,3
2024,99999,KS,20067.0,20067010100.0,VA:First Lien,Single Family (1-4 Units):Site-Built,Not Hispanic or Latino,White,Male,Loan funded,1,200000.0,80.0,6.25,2.0,2,7500.0,9000.0,3000.0,2000.0,600.0,300,300,2,2,2,2,225000.0,1,1,1,1,1,1,33.0,38.0,1,1,1,1,1,1,1,1,3,3,3,3,3,3,3,3,3,3,3,3,3
2024,99999,WI,55049.0,55049010100.0,Conventional:Second Lien,Single Family (1-4 Units):Site-Built,Not Hispanic or Latino,White,Male,Loan approved but not accepted,1,150000.0,82.5,7.0,3.0,1,5000.0,6500.0,2000.0,1500.0,400.0,240,240,2,2,2,2,170000.0,1,1,4,4,4,4,48.0,50.0,1,1,1,1,1,1,1,1,3,3,3,3,3,3,3,3,3,3,3,3,3
2024,99999,CA,06017.0,06017010100.0,FHA:First Lien,Single Family (1-4 Units):Site-Built,Not Hispanic or Latino,White,Male,Loan funded,2,400000.0,75.0,5.5,1.875,2,13000.0,15000.0,5000.0,3500.0,800.0,360,360,2,2,2,2,450000.0,1,1,1,1,1,1,29.0,35.0,1,1,1,1,1,1,1,1,4,4,4,4,4,4,4,4,4,4,4,4,4
2024,99999,MT,30013.0,30013020100.0,FHA:First Lien,Single Family (,,,,,,,,,,,,,,,,,,,,,,,,,,,,,,,,,,,,,,,,,,,,,,,,,,,
2024,99999,CA,6075.0,6075000010.0,Conventional:First Lien,Single Family (1-4 Units):Site-Built,Not Hispanic or Latino,White,Male,Approved for funding,1,350000.0,95.0,6.75,2.1,1,12345.0,10234.0,2111.0,5.0,1234.0,360,0,0,N,0,0,N,375000.0,1,1,1,3,1,,45.0,,5555,5555,1.0,3.0,2,2,4.0,7.0,1,2,1,3,1,2,45-54,55-64,Yes,,2,2
2024,12345,FL,12001.0,12001000010.0,FHA:First Lien,Single Family (1-4 Units):Site-Built,Hispanic or Latino,White,Male,Loan originated,1,180000.0,97.0,7.25,2.3,3,4000.0,3000.0,1500.0,2.5,500.0,360,0,0,N,0,0,N,185000.0,1,1,1,3,1,,52.0,,5555,5555,1.0,3.0,2,3,6.0,6.0,1,3,1,2,1,3,30-39,55-64,Yes,,2,2
2024,99999,IL,17031.0,17031001000.0,Conventional:First Lien,Single Family (1-4 Units):Site-Built,Not Hispanic or Latino,Black,Female,Preapproval request denied,32,75000.0,90.0,6.5,1.5,1,7890.0,6000.0,1890.0,3.0,500.0,300,0,0,N,0,0,N,83333.0,1,3,3,2,3,,48.0,1111,1111,1.0,3.0,1,2,4.0,7.0,1,2,1,3,2,3,35-44,55-64,Yes,,2,2,
2024,46020,OH,39051.0,39051056789.0,VA:First Lien,Single Family (1-4 Units):Site-Built,Not Hispanic or Latino,Asian,Female,Loaned approved,1,240000.0,94.0,7.0,2.1,1,12000.0,10000.0,2500.0,1.5,1000.0,360,0,0,N,0,0,N,255000.0,1,1,1,1,1,,42.0,2222,2222,3.0,5.0,2,4,5.0,6.0,3,5,7,5,1,5,45-54,55-64,Yes,,2,2,
2024,99999,VA,51069.0,51069012345.0,FHA:First Lien,Single Family (1-4 Units):Site-Built,Ethnicity Not Available,Race Not Available,Sex Not Available,6,1,400000.0,96.0,7.5,2.4,3,9000.0,7000.0,2400.0,2.5,700.0,360,0,0,N,0,0,N,416667.0,1,3,3,2,3,,55.0,,1111,1111,3.0,4.0,2,4,7.0,8.0,2,4,3,5,2,4,55-64,55-64,Yes,,2,2
2024,14005,MI,26163.0,26163000010.0,VA:Second Lien,Single Family (1-4 Units):Site-Built,Not Hispanic or Latino,White,Female,File closed for incompleteness,1,200000.0,92.0,8.4,2.6,3,6900.0,5000.0,1900.0,4.0,500.0,240,0,0,N,0,0,N,217391.0,1,3,3,2,3,,44.0,,2222,2222,2.0,3.0,2,4,5.0,8.0,1,4,5,4,3,4,30-39,45-54,Yes,,2,2
2024,99999,TX,48201.0,48201001000.0,Conventional:First Lien,Single Family (1-4 Units):Site-Built,Not Hispanic or Latino,White,Male,Application received,32,145000.0,97.0,8.0,2.2,1,4500.0,2000.0,1200.0,3.5,400.0,360,0,0,N,0,0,N,160000.0,2,1,1,1,1,,37.0,,5555,5555,3.0,5.0,2,4,6.0,8.0,2,4,4,5,2,4,30-39,65-74,Yes,,2,2
2024,61075,CO,08001.0,08001000001.0,FHA:First Lien,Single Family (1-4 Units):Site-Built,Not Hispanic or Latino,Hispanic,Male,Approved for funding,1,170000.0,95.0,7.0,2.2,1,2500.0,1000.0,200.0,1.0,200.0,300,0,0,N,0,0,N,178947.0,1,1,1,1,1,,72.0,,5555,5555,1.0,3.0,2,4,7.0,7.0,1,4,5,5,2,4,45-54,55-64,Yes,,2,2
2024,99999,NY,36049.0,36049098765.0,Conventional:First Lien,Single Family (1-4 Units):Site-Built,Hispanic or Latino,White,Female,6,32,425000.0,96.0,7.3,2.3,1,14000.0,10000.0,3000.0,2.5,1000.0,360,0,0,N,0,0,N,442708.0,1,3,3,3,3,,70.0,,5555,5555,1.0,2.0,2,3,6.0,6.0,1,2,3,4,2,5,65-74,9999,Yes,,2,2
2024,50011,CA,06037.0,06037080312.0,VA:First Lien,Single Family (1-4 Units):Site-Built,Hispanic or Latino,Asian,Female,Application denied,1,300000.0,90.0,6.9,1.7,1,7600.0,6000.0,1600.0,3.0,300.0,300,0,0,N,0,0,N,333333.0,1,3,3,1,1,,58.0,,3333,3333,1.0,3.0,2,2,5.0,7.0,2,4,5,4,1,4,65-74,9999,Yes,,2,2
2024,62035,NC,37035.0,37035912345.0,FHA:First Lien,Single Family (1-4 Units):Site-Built,Ethnicity Not Available,Race Not Available,Sex Not Available,Loan originated,1,210000.0,94.0,7.0,1.7,3,5100.0,4200.0,1800.0,2.0,700.0,360,0,0,N,0,0,N,223333.0,1,1,1,2,1,,65.0,,2222,2222,1.0,3.0,2,3,7.0,7.0,1,3,2,4,2,3,65-74,9999,Yes,,1,1
2024,99999,GA,13265.0,13265012345.0,Conventional:First Lien,Single Family (1-4 Units):Site-Built,Ethnicity Not Available,Race Not Available,Sex Not Available,Loan originated,1,225000.0,92.0,7.0,1.8,3,7000.0,4500.0,2200.0,2.5,800.0,300,0,0,N,0,0,N,244444.0,1,1,1,1,1,,35.0,,3333,3333,3.0,3.0,2,4,6.0,7.0,2,5,4,6,2,4,30-39,55-64,Yes,,2,2
2024,29065,MO,29065.0,29065912345.0,FHA:First Lien,Single Family (1-4 Units):Site-Built,Ethnicity Not Available,Race Not Available,Sex Not Available,Application received,1,85000.0,93.0,7.7,2.4,3,4000.0,3000.0,1200.0,2.0,200.0,360,0,0,N,0,0,N,91397.0,1,3,3,1,1,,62.0,,3333,3333,2.0,4.0,2,5,8.0,8.0,2,3,4,5,2,5,45-54,55-64,Yes,,2,2
2024,99999,WI,55013.0,55013901234.0,Conventional:First Lien,Single Family (1-4 Units):Site-Built,Not Hispanic or Latino,White,Female,Approved for funding,1,275000.0,94.0,7.5,2.3,1,7500.0,5000.0,2000.0,3.0,1000.0,270,0,0,N,0,0,N,292500.0,1,1,1,2,1,,76.0,,2222,2222,1.0,3.0,1,2,4.0,5.0,1,3,3,4,2,3,45-54,55-64,Yes,,2,2
2024,35005,NJ,34023.0,34023000001.0,FHA:First Lien,Single Family (1-4 Units):Site-Built,Not Hispanic or Latino,White,Male,File closed for incompleteness,32,140000.0,95.0,7.25,2.1,3,6300.0,5000.0,1900.0,2.5,500.0,240,0,0,N,0,0,N,147368.0,1,3,3,3,3,,57.0,,2222,2222,1.0,3.0,2,3,4.0,6.0,2,4,5,6,2,4,30-39,55-64,Yes,,1,1
2024,78011,FL,12079.0,12079000001.0,Conventional:First Lien,Single Family (1-4 Units):Site-Built,Not Hispanic or Latino,White,Female,Preapproval request denied,1,345000.0,92.0,7.5,2.2,1,15000.0,10000.0,4000.0,2.0,800.0,300,0,0,N,0,0,N,375000.0,1,1,1,1,1,,39.0,,5555,5555,1.0,1.0,3,3,6.0,6.0,3,4,4,5,1,3,35-44,65-74,Yes,,2,2
2024,47045,SC,45003.0,45003901234.0,FHA:First Lien,Single Family (1-4 Units):Site-Built,Ethnicity Not Available,Race Not Available,Sex Not Available,Application denied,1,450000.0,95.0,6.875,2.3,3,9500.0,6000.0,2600.0,2.5,700.0,360,0,0,N,0,0,N,473684.0,1,1,1,3,1,,56.0,,1111,1111,2.0,5.0,1,3,7.0,7.0,2,5,3,5,2,4,45-54,55-64,Yes,,2,2
2024,99999,PA,42091.0,42091987654.0,Conventional:First Lien,Single Family (1-4 Units):Site-Built,Not Hispanic or Latino,White,Male,Approved for funding,1,380000.0,95.0,7.0,2.2,1,15500.0,8500.0,2200.0,2.5,500.0,240,0,0,N,0,0,N,399999.0,1,1,1,2,1,,66.0,,3333,3333,3.0,3.0,1,2,5.0,6.0,1,4,3,5,2,4,30-39,55-64,Yes,,2,2
2024,19031,IL,17047.0,17047901234.0,VA:First Lien,Single Family (1-4 Units):Site-Built,Not Hispanic or Latino,White,Female,Loan originated,1,250000.0,96.0,7.5,2.2,1,11000.0,8000.0,2500.0,3.0,1000.0,270,0,0,N,0,0,N,260417.0,1,3,3,3,3,,49.0,,2222,2222,1.0,3.0,2,3,4.0,6.0,1,3,4,4,2,3,30-39,45-54,Yes,,2,2
2024,72031,HI,15012.0,15012012345.0,FHA:First Lien,Single Family (1-4 Units):Site-Built,Ethnicity Not Available,Race Not Available,Sex Not Available,5,1,195000.0,94.0,7.0,2.2,3,7000.0,6000.0,1500.0,1.5,700.0,360,0,0,N,0,0,N,207447.0,1,1,1,2,1,,52.0,,1111,1111,1.0,3.0,2,4,6.0,6.0,2,4,3,5,2,4,35-44,55-64,Yes,,1,1
2024,99999,AL,01055.0,01055012345.0,Conventional:First Lien,Single Family (1-4 Units):Site-Built,Not Hispanic or Latino,White,Female,Application received,32,300000.0,90.0,6.75,2.1,1,13000.0,10000.0,3000.0,2.5,500.0,240,0,0,N,0,0,N,333333.0,1,1,1,1,1,,58.0,,3333,3333,2.0,2.0,1,3,5.0,7.0,2,3,4,5,2,5,65-74,9999,Yes,,2,2
2024,51000,VT,50019.0,50019987654.0,FHA:First Lien,Single Family (1-4 Units):Site-Built,Ethnicity Not Available,Race Not Available,Sex Not Available,Loan originated,1,145000.0,92.0,7.25,2.0,3,7000.0,4000.0,2000.0,2.0,300.0,270,0,0,N,0,0,N,157586.0,1,3,3,2,1,,67.0,,5555,5555,2.0,5.0,2,3,7.0,7.0,1,2,3,5,2,4,45-54,55-64,Yes,,1,1
2024,99999,MA,25011.0,25011456789.0,Conventional:First Lien,Single Family (1-4 Units):Site-Built,Not Hispanic or Latino,White,Female,6,1,200000.0,95.0,6.8,1.9,1,6000.0,5000.0,1800.0,2.0,800.0,300,0,0,N,0,0,N,210526.0,1,3,3,2,3,,51.0,,2222,2222,1.0,5.0,2,3,5.0,7.0,2,3,3,5,2,4,55-64,9999,Yes,,2,2
2024,30105,SD,46127.0,46127012345.0,FHA:First Lien,Single Family (1-4 Units):Site-Built,Ethnicity Not Available,Race Not Available,Sex Not Available,Preapproval request denied,32,220000.0,90.0,6.5,2.1,3,9000.0,5000.0,2000.0,2.5,500.0,360,0,0,N,0,0,N,244444.0,1,1,1,2,1,,44.0,,2222,2222,2.0,2.0,2,3,5.0,6.0,2,4,2,3,2,4,45-54,55-64,Yes,,2,2
2024,50035,UT,49015.0,49015000001.0,VA:First Lien,Single Family (1-4 Units):Site-Built,Not Hispanic or Latino,White,Female,Application denied,1,135000.0,94.0,7.0,1.8,1,6000.0,4000.0,1500.0,2.0,200.0,300,0,0,N,0,0,N,143617.0,1,3,3,1,1,,45.0,,5555,5555,1.0,4.0,2,4,6.0,7.0,1,3,2,4,2,4,45-54,55-64,Yes,,2,2
2024,77014,TX,48225.0,48225912345.0,Conventional:First Lien,Single Family (1-4 Units):Site-Built,Hispanic or Latino,Hispanic,Female,Approved for funding,1,360000.0,96.0,6.75,2.1,1,12000.0,7000.0,2200.0,1.0,700.0,300,0,0,N,0,0,N,375000.0,1,1,1,1,1,,45.0,,3333,3333,1.0,3.0,2,4,6.0,7.0,2,3,4,5,1,3,45-54,55-64,Yes,,2,2
2024,41002,OR,41017.0,41017012345.0,FHA:First Lien,Single Family (1-4 Units):Site-Built,Hispanic or Latino,White,Female,Loan originated,32,310000.0,95.0,7.0,2.1,3,7200.0,5000.0,1400.0,2.5,400.0,270,0,0,N,0,0,N,326316.0,1,1,1,2,1,,33.0,,5555,5555,3.0,3.0,1,2,4.0,6.0,2,4,3,5,2,3,30-39,55-64,Yes,,2,2
2024,32043,NH,33021.0,33021012345.0,FHA:First Lien,Single Family (1-4 Units):Site-Built,Not Hispanic or Latino,White,Female,File closed for incompleteness,32,195000.0,90.0,7.25,2.0,1,5200.0,3200.0,900.0,2.0,600.0,360,0,0,N,0,0,N,216667.0,1,1,1,1,1,,42.0,,5555,5555,2.0,3.0,1,2,4.0,6.0,1,3,3,4,1,2,30-39,45-54,Yes,,2,2
2024,40000,AZ,04007.0,04007012345.0,Conventional:First Lien,Single Family (1-4 Units):Site-Built,Not Hispanic or Latino,White,Male,Loan originated,1,260000.0,95.0,7.25,2.1,1,11000.0,7000.0,2500.0,2.5,700.0,300,0,0,N,0,0,N,273684.0,1,1,1,2,1,,38.0,,5555,5555,2.0,3.0,2,4,4.0,5.0,2,3,2,5,1,4,45-54,45-54,Yes,,2,2
2024,99999,WA,53031.0,53031000001.0,VA:First Lien,Single Family (1-4 Units):Site-Built,Not Hispanic or Latino,Asian,Female,Appraisal not obtained,32,450000.0,93.0,7.25,2.2,1,10000.0,7000.0,3000.0,2.0,800.0,360,0,0,N,0,0,N,483871.0,1,1,1,2,1,,62.0,,2222,2222,1.0,3.0,2,4,6.0,7.0,2,4,4,5,3,5,55-64,55-64,Yes,,2,2
2024,32031,ME,23019.0,23019012345.0,FHA:First Lien,Single Family (1-4 Units):Site-Built,Ethnicity Not Available,Race Not Available,Sex Not Available,File closed for incompleteness,1,320000.0,88.0,6.5,1.8,3,9000.0,5000.0,3000.0,3.0,400.0,360,0,0,N,0,0,N,363636.0,1,1,1,2,2,,52.0,,3333,3333,2.0,4.0,1,3,7.0,7.0,2,4,3,4,2,3,45-54,55-64,Yes,,2,2
2024,99999,MD,24015.0,24015000001.0,Conventional:First Lien,Single Family (1-4 Units):Site-Built,Ethnicity Not Available,Race Not Available,Sex Not Available,Loan originated,1,450000.0,92.0,7.25,2.1,1,10000.0,9000.0,2500.0,3.0,600.0,360,0,0,N,0,0,N,489130.0,1,1,1,3,1,,44.0,,5555,5555,1.0,4.0,1,3,6.0,7.0,2,4,3,5,1,4,45-54,55-64,Yes,,2,2
2024,44033,VT,50019.0,50019987654.0,Conventional:First Lien,Single Family (1-4 Units):Site-Built,Ethnicity Not Available,Race Not Available,Sex Not Available,6,1,150000.0,93.0,7.5,2.0,1,8000.0,4000.0,2000.0,2.5,800.0,360,0,0,N,0,0,N,161290.0,1,1,1,2,1,,40.0,,3333,3333,1.0,3.0,1,2,5.0,6.0,2,5,4,5,2,3,55-64,9999,Yes,,2,2
2024,26043,IN,18077.0,18077000001.0,FHA:First Lien,Single Family (1-4 Units):Site-Built,Not Hispanic or Latino,White,Male,File closed for incompleteness,32,180000.0,92.0,7.0,2.0,1,6200.0,6000.0,1200.0,2.0,600.0,360,0,0,N,0,0,N,195652.0,1,1,1,1,1,,57.0,,2222,2222,3.0,5.0,2,4,6.0,8.0,1,3,5,5,1,3,65-74,9999,Yes,,2,2
2024,60025,CA,06119.0,06119012345.0,Conventional:First Lien,Single Family (1-4 Units):Site-Built,Not Hispanic or Latino,White,Female,6,1,205000.0,95.0,6.875,2.0,1,8000.0,5000.0,1200.0,2.5,600.0,300,0,0,N,0,0,N,215789.0,1,1,1,1,1,,77.0,,2222,2222,2.0,4.0,2,3,5.0,6.0,2,3,3,4,1,5,45-54,55-64,Yes,,2,2
2024,50020,NM,35007.0,35007012345.0,FHA:First Lien,Single Family (1-4 Units):Site-Built,Hispanic or Latino,Hispanic,Male,Application received,1,335000.0,92.0,7.3,2.0,1,8500.0,5000.0,1400.0,2.0,400.0,360,0,0,N,0,0,N,364078.0,1,3,1,2,1,,51.0,,3333,3333,1.0,3.0,2,3,5.0,6.0,2,3,3,4,2,3,30-39,45-54,Yes,,2,2
2024,99999,DE,10003.0,10003012345.0,VA:First Lien,Single Family (1-4 Units):Site-Built,Ethnicity Not Available,Race Not Available,Sex Not Available,Loan originated,1,180000.0,90.0,7.5,2.4,3,6500.0,4000.0,1900.0,2.0,800.0,360,0,0,N,0,0,N,194230.0,1,3,3,3,1,,65.0,,5555,5555,1.,,,,,,,,,,,,,,,,,
2024,99999,FL,12013.0,12013022801.0,FHA:First Lien,Single Family (1-4 Units):Site-Built,Not Hispanic or Latino,White,Male,Loan originated,1,275000.0,75.0,5.75,2.5,1,4500.0,3200.0,1300.0,200.0,3200.0,360,0,0,0,0,0,0,0,0,1,1,3,5,1,90.0,1,1,3,5,1,90.0,1,1,1,1,1,1,1,1,1,1,1,1,1,1,1
2024,12054,GA,13121.0,13121010529.0,FHA:First Lien,Single Family (1-4 Units):Site-Built,Ethnicity Not Available,Race Not Available,Sex Not Available,Application denied,32,355000.0,90.0,7.0,3.0,3,3500.0,2800.0,700.0,0.0,2800.0,360,0,0,0,0,0,0,0,0,1,1,3,5,1,108.0,1,1,3,5,1,108.0,1,1,1,1,1,1,1,1,1,1,1,1,1,1,1
2024,31047,NY,36061.0,36061030700.0,Conventional:First Lien,Single Family (1-4 Units):Site-Built,Not Hispanic or Latino,White,Male,Application approved but not accepted,2,300000.0,85.0,4.5,1.0,2,3200.0,1980.0,1220.0,100.0,1980.0,360,0,0,0,0,0,0,0,0,1,1,3,5,1,95.0,1,1,3,5,1,95.0,1,1,1,1,1,1,1,1,1,1,1,1,1,1,1
2024,12054,GA,13121.0,13121010529.0,FHA:First Lien,Single Family (1-4 Units):Site-Built,Ethnicity Not Available,Race Not Available,Sex Not Available,Application denied,32,355000.0,90.0,7.0,3.0,3,3500.0,2800.0,700.0,0.0,2800.0,360,0,0,0,0,0,0,0,0,1,1,3,5,1,108.0,1,1,3,5,1,108.0,1,1,1,1,1,1,1,1,1,1,1,1,1,1,1
2024,24001,MD,24017.0,24017001140.0,Conventional:First Lien,Single Family (1-4 Units):Site-Built,Hispanic or Latino,White,Male,Loan originated,1,420000.0,72.0,4.25,1.5,2,3500.0,2160.0,1340.0,180.0,2160.0,300,0,0,0,0,0,0,0,0,1,1,3,5,1,87.0,1,1,3,5,1,87.0,1,1,1,1,1,1,1,1,1,1,1,1,1,1,1
2024,21121,KY,21121010306.0,FHA:First Lien,Single Family (1-4 Units):Site-Built,Not Hispanic or Latino,White,Female,Application approved but not accepted,2,245000.0,80.0,5.0,2.0,1,3000.0,1850.0,1150.0,100.0,1850.0,360,0,0,0,0,0,0,0,0,1,1,3,5,1,90.0,1,1,3,5,1,90.0,1,1,1,1,1,1,1,1,1,1,1,1,1,1,1,1
2024,48001,TX,48017.0,48017001140.0,Conventional:First Lien,Multi-Family:Site-Built,Hispanic or Latino,White,Female,Loan originated,1,550000.0,75.0,6.25,2.75,2,5000.0,3000.0,2000.0,200.0,3000.0,360,0,0,0,0,0,0,0,0,1,1,3,5,1,96.0,1,1,3,5,1,96.0,1,1,1,1,1,1,1,1,1,1,1,1,1,1,1
2024,48005,TX,48005001461.0,Veterans Affairs:First Lien,Single Family (1-4 Units):Site-Built,Not Hispanic or Latino,White,Male,Application approved but not accepted,2,320000.0,75.0,3.5,0.75,1,2500.0,1800.0,700.0,80.0,1800.0,360,0,0,0,0,0,0,0,0,1,1,3,5,1,94.0,1,1,3,5,1,94.0,1,1,1,1,1,1,1,1,1,1,1,1,1,1,1,1
2024,48099,TX,48099001140.0,Conventional:First Lien,Single Family (1-4 Units):Site-Built,Not Hispanic or Latino,White,Female,Loan originated,1,425000.0,78.0,5.5,2.0,2,4000.0,2500.0,1500.0,170.0,2500.0,360,0,0,0,0,0,0,0,0,1,1,3,5,1,98.0,1,1,3,5,1,98.0,1,1,1,1,1,1,1,1,1,1,1,1,1,1,1,1
2024,12054,GA,13121.0,13121010529.0,FHA:First Lien,Single Family (1-4 Units):Site-Built,Ethnicity Not Available,Race Not Available,Sex Not Available,Application denied,32,355000.0,90.0,7.0,3.0,3,3500.0,2800.0,700.0,0.0,2800.0,360,0,0,0,0,0,0,0,0,1,1,3,5,1,108.0,1,1,3,5,1,108.0,1,1,1,1,1,1,1,1,1,1,1,1,1,1,1
2024,50005,RI,50005001140.0,Conventional:First Lien,Single Family (1-4 Units):Site-Built,Not Hispanic or Latino,White,Male,Loan originated,1,375000.0,80.0,5.25,1.75,1,4200.0,2500.0,1700.0,180.0,2500.0,360,0,0,0,0,0,0,0,0,1,1,3,5,1,92.0,1,1,3,5,1,92.0,1,1,1,1,1,1,1,1,1,1,1,1,1,1,1,1
2024,24001,MD,24017.0,24017001140.0,Conventional:First Lien,Single Family (1-4 Units):Site-Built,Hispanic or Latino,White,Male,Application denied,32,325000.0,85.0,6.75,2.25,2,3700.0,2820.0,880.0,80.0,2820.0,300,0,0,0,0,0,0,0,0,1,1,3,5,1,95.0,1,1,3,5,1,95.0,1,1,1,1,1,1,1,1,1,1,1,1,1,1,1
2024,24001,MD,24017.0,24017001140.0,Conventional:First Lien,Single Family (1-4 Units):Site-Built,Ethnicity Not Available,Race Not Available,Sex Not Available,Loan originated,1,430000.0,77.0,6.0,2.0,2,4290.0,2230.0,2060.0,190.0,2230.0,360,0,0,0,0,0,0,0,0,1,1,3,5,1,96.0,1,1,3,5,1,96.0,1,1,1,1,1,1,1,1,1,1,1,1,1,1,1
2024,12054,GA,13121.0,13121010529.0,FHA:First Lien,Single Family (1-4 Units):Site-Built,Ethnicity Not Available,Race Not Available,Sex Not Available,Application denied,32,355000.0,90.0,7.0,3.0,3,3500.0,2800.0,700.0,0.0,2800.0,360,0,0,0,0,0,0,0,0,1,1,3,5,1,108.0,1,1,3,5,1,108.0,1,1,1,1,1,1,1,1,1,1,1,1,1,1,1
2024,48099,TX,48099001140.0,Conventional:First Lien,Single Family (1-4 Units):Site-Built,Not Hispanic or Latino,White,Female,Loan originated,1,425000.0,78.0,5.5,2.0,2,4000.0,2500.0,1500.0,170.0,2500.0,360,0,0,0,0,0,0,0,0,1,1,3,5,1,98.0,1,1,3,5,1,98.0,1,1,1,1,1,1,1,1,1,1,1,1,1,1,1,1
2024,36047,NY,36047001140.0,Conventional:First Lien,Single Family (1-4 Units):Site-Built,Not Hispanic or Latino,White,Male,Loan originated,1,375000.0,75.0,3.75,1.5,1,4100.0,2600.0,1500.0,170.0,2600.0,360,0,0,0,0,0,0,0,0,1,1,3,5,1,92.0,1,1,3,5,1,92.0,1,1,1,1,1,1,1,1,1,1,1,1,1,1,1,1
2024,36031,NY,36031005000.0,FHA:First Lien,Single Family (1-4 Units):Site-Built,Not Hispanic or Latino,White,Male,Loan originated,1,410000.0,70.0,5.25,2.0,1,3800.0,2200.0,1600.0,180.0,2200.0,360,0,0,0,0,0,0,0,0,1,1,3,5,1,95.0,1,1,3,5,1,95.0,1,1,1,1,1,1,1,1,1,1,1,1,1,1,1,1
2024,24001,MD,24017.0,24017001140.0,Conventional:First Lien,Single Family (1-4 Units):Site-Built,Hispanic or Latino,White,Male,Application denied,32,325000.0,85.0,6.75,2.25,2,3700.0,2820.0,880.0,80.0,2820.0,300,0,0,0,0,0,0,0,0,1,1,3,5,1,95.0,1,1,3,5,1,95.0,1,1,1,1,1,1,1,1,1,1,1,1,1,1,1
2024,21121,KY,21121010306.0,FHA:First Lien,Single Family (1-4 Units):Site-Built,Not Hispanic or Latino,White,Female,Application approved but not accepted,2,245000.0,80.0,5.0,2.0,1,3000.0,1850.0,1150.0,100.0,1850.0,360,0,0,0,0,0,0,0,0,1,1,3,5,1,90.0,1,1,3,5,1,90.0,1,1,1,1,1,1,1,1,1,1,1,1,1,1,1,1
2024,24001,MD,24017.0,24017001140.0,Conventional:First Lien,Single Family (1-4 Units):Site-Built,Ethnicity Not Available,Race Not Available,Sex Not Available,Loan originated,1,430000.0,77.0,6.0,2.0,2,4290.0,2230.0,2060.0,190.0,2230.0,360,0,0,0,0,0,0,0,0,1,1,3,5,1,96.0,1,1,3,5,1,96.0,1,1,1,1,1,1,1,1,1,1,1,1,1,1,1
2024,31047,NY,36061.0,36061030700.0,Conventional:First Lien,Single Family (1-4 Units):Site-Built,Not Hispanic or Latino,White,Male,Application approved but not accepted,2,300000.0,85.0,4.5,1.0,2,3200.0,1980.0,1220.0,100.0,1980.0,360,0,0,0,0,0,0,0,0,1,1,3,5,1,95.0,1,1,3,5,1,95.0,1,1,1,1,1,1,1,1,1,1,1,1,1,1,1
2024,31047,NY,36061.0,36061030700.0,Conventional:First Lien,Single Family (1-4 Units):Site-Built,Not Hispanic or Latino,White,Male,Application approved but not accepted,2,300000.0,85.0,4.5,1.0,2,3200.0,1980.0,1220.0,100.0,1980.0,360,0,0,0,0,0,0,0,0,1,1,3,5,1,95.0,1,1,3,5,1,95.0,1,1,1,1,1,1,1,1,1,1,1,1,1,1,1
2024,50005,RI,50005001140.0,Conventional:First Lien,Single Family (1-4 Units):Site-Built,Not Hispanic or Latino,White,Male,Loan originated,1,375000.0,80.0,5.25,1.75,1,4200.0,2500.0,1700.0,180.0,2500.0,360,0,0,0,0,0,0,0,0,1,1,3,5,1,92.0,1,1,3,5,1,92.0,1,1,1,1,1,1,1,1,1,1,1,1,1,1,1,1
2024,48099,TX,48099001140.0,Conventional:First Lien,Single Family (1-4 Units):Site-Built,Not Hispanic or Latino,White,Female,Loan originated,1,425000.0,78.0,5.5,2.0,2,4000.0,2500.0,1500.0,170.0,2500.0,360,0,0,0,0,0,0,0,0,1,1,3,5,1,98.0,1,1,3,5,1,98.0,1,1,1,1,1,1,1,1,1,1,1,1,1,1,1,1
2024,50005,RI,50005001140.0,Conventional:First Lien,Single Family (1-4 Units):Site-Built,Not Hispanic or Latino,White,Male,Loan originated,1,375000.0,80.0,5.25,1.75,1,4200.0,2500.0,1700.0,180.0,2500.0,360,0,0,0,0,0,0,0,0,1,1,3,5,1,92.0,1,1,3,5,1,92.0,1,1,1,1,1,1,1,1,1,1,1,1,1,1,1,1
2024,36031,NY,36031005000.0,FHA:First Lien,Single Family (1-4 Units):Site-Built,Not Hispanic or Latino,White,Male,Loan originated,1,410000.0,70.0,5.25,2.0,1,3800.0,2200.0,1600.0,180.0,2200.0,360,0,0,0,0,0,0,0,0,1,1,3,5,1,95.0,1,1,3,5,1,95.0,1,1,1,1,1,1,1,1,1,1,1,1,1,1,1,1
2024,24001,MD,24017.0,24017001140.0,Conventional:First Lien,Single Family (1-4 Units):Site-Built,Ethnicity Not Available,Race Not Available,Sex Not Available,Loan originated,1,430000.0,77.0,6.0,2.0,2,4290.0,2230.0,2060.0,190.0,2230.0,360,0,0,0,0,0,0,0,0,1,1,3,5,1,96.0,1,1,3,5,1,96.0,1,1,1,1,1,1,1,1,1,1,1,1,1,1,1
2024,24001,MD,24017.0,24017001140.0,Conventional:First Lien,Single Family (1-4 Units):Site-Built,Hispanic or Latino,White,Male,Application denied,32,325000.0,85.0,6.75,2.25,2,3700.0,2820.0,880.0,80.0,2820.0,300,0,0,0,0,0,0,0,0,1,1,3,5,1,95.0,1,1,3,5,1,95.0,1,1,1,1,1,1,1,1,1,1,1,1,1,1,1
2024,48001,TX,48017.0,48017001140.0,Conventional:First Lien,Multi-Family:Site-Built,Hispanic or Latino,White,Female,Loan originated,1,550000.0,75.0,6.25,2.75,2,5000.0,3000.0,2000.0,200.0,3000.0,360,0,0,0,0,0,0,0,0,1,1,3,5,1,96.0,1,1,3,5,1,96.0,1,1,1,1,1,1,1,1,1,1,1,1,1,1,1
2024,31047,NY,36061.0,36061030700.0,Conventional:First Lien,Single Family (1-4 Units):Site-Built,Not Hispanic or Latino,White,Male,Application approved but not accepted,2,300000.0,85.0,4.5,1.0,2,3200.0,1980.0,1220.0,100.0,1980.0,360,0,0,0,0,0,0,0,0,1,1,3,5,1,95.0,1,1,3,5,1,95.0,1,1,1,1,1,1,1,1,1,1,1,1,1,1,1
2024,21121,KY,21121010306.0,FHA:First Lien,Single Family (1-4 Units):Site-Built,Not Hispanic or Latino,White,Female,Application approved but not accepted,2,245000.0,80.0,5.0,2.0,1,3000.0,1850.0,1150.0,100.0,1850.0,360,0,0,0,0,0,0,0,0,1,1,3,5,1,90.0,1,1,3,5,1,90.0,1,1,1,1,1,1,1,1,1,1,1,1,1,1,1,1
2024,36047,NY,36047001140.0,Conventional:First Lien,Single Family (1-4 Units):Site-Built,Not Hispanic or Latino,White,Male,Loan originated,1,375000.0,75.0,3.75,1.5,1,4100.0,2600.0,1500.0,170.0,2600.0,360,0,0,0,0,0,0,0,0,1,1,3,5,1,92.0,1,1,3,5,1,92.0,1,1,1,1,1,1,1,1,1,1,1,1,1,1,1,1
2024,12054,GA,13121.0,13121010529.0,FHA:First Lien,Single Family (1-4 Units):Site-Built,Ethnicity Not Available,Race Not Available,Sex Not Available,Application denied,32,355000.0,90.0,7.0,3.0,3,3500.0,2800.0,700.0,0.0,2800.0,360,0,0,0,0,0,0,0,0,1,1,3,5,1,108.0,1,1,3,5,1,108.0,1,1,1,1,1,1,1,1,1,1,1,1,1,1,1
2024,48005,TX,48005001461.0,Veterans Affairs:First Lien,Single Family (1-4 Units):Site-Built,Not Hispanic or Latino,White,Male,Application approved but not accepted,2,320000.0,75.0,3.5,0.75,1,2500.0,1800.0,700.0,80.0,1800.0,360,0,0,0,0,0,0,0,0,1,1,3,5,1,94.0,1,1,3,5,1,94.0,1,1,1,1,1,1,1,1,1,1,1,1,1,1,1,1
2024,48099,TX,48099001140.0,Conventional:First Lien,Single Family (1-4 Units):Site-Built,Not Hispanic or Latino,White,Female,Loan originated,1,425000.0,78.0,5.5,2.0,2,4000.0,2500.0,1500.0,170.0,2500.0,360,0,0,0,0,0,0,0,0,1,1,3,5,1,98.0,1,1,3,5,1,98.0,1,1,1,1,1,1,1,1,1,1,1,1,1,1,1,1
2024,24001,MD,24017.0,24017001140.0,Conventional:First Lien,Single Family (1-4 Units):Site-Built,Hispanic or Latino,White,Male,,,,,,,,,,,,,,,,,,,,,,,,,,,,,,,,,,,,,,,,,,,,,,,,
2024,99999,NC,37099.0,37099040600.0,Conventional:First Lien,Single Family (1-4 Units):Site-Built,Not Hispanic or Latino,Black,Male,Loan originated,1,450000.0,87.5,6.25,2.5,1,20000.0,12000.0,8000.0,3.0,10000.0,360,0,0,0,0,1,1,5,5,1,,120.0,1,1,3,5,1,125000.0,1,1,4,5,1,125000.0,4,5,4,5,5,5,40-49,52,1,1,1,1
2024,13018,VA,51019.0,51019000200.0,FHA:First Lien,Single Family (1-4 Units):Site-Built,Ethnicity Not Available,Race Not Available,Sex Not Available,Loan originated,1,150000.0,90.0,7.0,1.5,1,15000.0,9000.0,6000.0,2.0,7000.0,360,0,0,0,0,1,1,3,5,1,,90.0,1,1,3,5,1,,1,1,5,5,1,5,4,5,3,5,2,4,67,70,1,1,1,1
2024,99999,TX,48201.0,48201051000.0,Conventional:First Lien,Single Family (1-4 Units):Site-Built,Hispanic or Latino,White,Male,Denied,1,700000.0,85.0,5.5,2.0,1,25000.0,15000.0,10000.0,5.0,9000.0,360,0,0,0,0,1,1,5,5,1,,110.0,1,1,3,5,1,140000.0,1,1,4,5,1,,4,5,5,5,1,2,60-69,65,1,1,1,1
2024,99999,NY,36061.0,36061006800.0,VA:First Lien,Single Family (1-4 Units):Site-Built,Not Hispanic or Latino,Asian,Female,Loan originated,1,400000.0,82.0,6.75,3.0,1,24000.0,18000.0,8000.0,4.0,11000.0,360,0,0,0,0,1,1,5,5,1,,105.0,1,1,4,5,1,120000.0,1,1,4,5,1,120000.0,3,4,3,5,1,3,67,70,1,1,1,1
2024,99999,CA,06037.0,06037020000.0,Conventional:Subordinate Lien,Single Family (1-4 Units):Site-Built,Not Hispanic or Latino,White,Female,Loan originated,1,550000.0,83.0,7.25,1.75,1,30000.0,20000.0,10000.0,6.0,12000.0,360,0,0,0,0,1,1,5,5,1,,135.0,1,1,3,5,1,200000.0,1,1,4,5,1,150000.0,3,4,4,5,1,3,40-49,45,1,1,1,1
2024,11000,DE,10003.0,10003001500.0,USDA:First Lien,Single Family (1-4 Units):Site-Built,Not Hispanic or Latino,White,Male,Loan originated,1,300000.0,75.0,5.0,2.0,1,10000.0,6000.0,5000.0,2.0,4000.0,300,0,0,0,0,1,1,2,5,1,,100.0,1,1,3,5,1,100000.0,1,1,3,5,1,100000.0,4,5,3,5,3,2,60-69,65,1,1,1,1
2024,99999,IL,17031.0,17031031400.0,FHA:First Lien,Single Family (1-4 Units):Site-Built,Not Hispanic or Latino,Black,Male,Approved,1,175000.0,88.0,6.5,2.5,1,15000.0,9000.0,6000.0,3.5,4000.0,360,0,0,0,0,1,1,4,5,1,,105.0,2,1,3,5,1,,1,1,4,5,1,,4,5,2,5,4,2,40-49,55,1,1,1,1
2024,99999,WI,55083.0,55083006500.0,VA:First Lien,Multi-Family (5+ Units):Site-Built,Hispanic or Latino,Hispanic or Latino,Male,Denied,1,850000.0,86.0,7.5,1.25,1,30000.0,20000.0,10000.0,7.0,9000.0,300,0,0,0,0,1,1,5,5,1,,145.0,1,1,4,5,1,100000.0,1,1,4,5,1,100000.0,3,4,4,5,1,2,35-44,40,1,1,1,1
2024,99999,MD,24005.0,24005010100.0,Conventional:First Lien,Single Family (1-4 Units):Site-Built,Not Hispanic or Latino,White,Male,Loan originated,1,325000.0,80.0,6.0,2.25,1,18000.0,10000.0,8000.0,4.0,7000.0,360,0,0,0,0,1,1,5,5,1,,110.0,1,1,4,5,1,120000.0,1,1,4,5,1,120000.0,3,4,3,5,3,4,50-59,50,1,1,1,1
2024,99999,OR,41071.0,41071000900.0,Conventional:First Lien,Single Family (1-4 Units):Site-Built,Not Hispanic or Latino,White,Male,Loan originated,1,650000.0,78.0,6.75,2.0,1,32000.0,22000.0,10000.0,4.0,11000.0,360,0,0,0,0,1,1,5,5,1,,130.0,1,1,4,5,1,220000.0,1,1,4,5,1,180000.0,3,4,3,5,1,4,45-54,52,1,1,1,1
2024,99999,ME,23017.0,23017020100.0,FHA:First Lien,Single Family (1-4 Units):Site-Built,Ethnicity Not Available,Race Not Available,Sex Not Available,Loan originated,1,200000.0,85.0,7.0,2.0,1,12000.0,8000.0,4000.0,3.0,4000.0,360,0,0,0,0,1,1,5,5,1,,88.0,1,1,3,5,1,,1,1,5,5,1,5,2,5,2,5,2,2,65-74,70,1,1,1,1
2024,13120,AL,01005.0,01005100000.0,Conventional:Subordinate Lien,Single Family (1-4 Units):Site-Built,Not Hispanic or Latino,White,Male,Loan originated,1,425000.0,75.0,6.25,2.5,1,20000.0,15000.0,5000.0,5.0,7000.0,360,0,0,0,0,1,1,5,5,1,,120.0,1,1,4,5,1,100000.0,1,1,4,5,1,100000.0,4,5,3,5,5,3,40-49,40,1,1,1,1
2024,99999,KY,21053.0,21053000300.0,VA:First Lien,Single Family (1-4 Units):Site-Built,Not Hispanic or Latino,White,Male,Loan originated,1,375000.0,90.0,6.0,2.0,1,20000.0,15000.0,5000.0,3.0,9000.0,360,0,0,0,0,1,1,5,5,1,,120.0,1,1,5,5,1,200000.0,1,1,4,5,1,100000.0,3,4,3,5,3,4,40-49,50,1,1,1,1
2024,99999,IN,18127.0,18127000100.0,Conventional:First Lien,Single Family (1-4 Units):Site-Built,Not Hispanic or Latino,White,Female,Loan originated,1,600000.0,82.0,5.75,1.5,1,25000.0,18000.0,7000.0,4.5,11000.0,360,0,0,0,0,1,1,5,5,1,,120.0,1,1,5,5,1,120000.0,1,1,3,5,1,,3,5,3,5,3,4,40-49,45,1,1,1,1
2024,99999,CO,08013.0,08013000700.0,FHA:First Lien,Single Family (1-4 Units):Site-Built,Ethnicity Not Available,Race Not Available,Sex Not Available,Approved,1,130000.0,90.0,7.0,1.75,1,12000.0,9000.0,3000.0,3.0,5000.0,360,0,0,0,0,1,1,5,5,1,,95.0,1,1,3,5,1,80000.0,1,1,3,5,1,50000.0,4,5,2,5,3,4,50-59,60,1,1,1,1
2024,13579,FL,12057.0,12057000100.0,Conventional:First Lien,Single Family (1-4 Units):Site-Built,Hispanic or Latino,Hispanic or Latino,Male,Loan originated,1,320000.0,80.0,7.5,2.25,1,18000.0,12000.0,6000.0,4.0,8000.0,360,0,0,0,0,1,1,5,5,1,,105.0,1,1,3,5,1,100000.0,1,1,3,5,1,100000.0,3,4,3,5,1,4,40-49,50,1,1,1,1
2024,99999,SC,45037.0,45037020800.0,VA:First Lien,Single Family (1-4 Units):Site-Built,Not Hispanic or Latino,White,Female,Loan originated,1,500000.0,85.0,6.75,2.0,1,25000.0,18000.0,7000.0,6.0,12000.0,360,0,0,0,0,1,1,5,5,1,,120.0,1,1,4,5,1,100000.0,1,1,4,5,1,,3,4,4,5,4,3,55-64,55,1,1,1,1
2024,99999,MI,26047.0,26047030200.0,FHA:First Lien,Single Family (1-4 Units):Site-Built,Not Hispanic or Latino,Black,Male,Approved,1,250000.0,88.0,6.5,2.25,1,18000.0,12000.0,6000.0,4.0,6000.0,360,0,0,0,0,1,1,5,5,1,,100.0,1,1,4,5,1,,1,1,4,5,1,5,4,5,5,5,4,2,60-69,65,1,1,1,1
2024,99999,WA,53061.0,53061040100.0,Conventional:First Lien,Single Family (1-4 Units):Site-Built,Not Hispanic or Latino,White,Female,Loan originated,1,675000.0,78.0,5.75,2.5,1,28000.0,20000.0,8000.0,6.0,10000.0,360,0,0,0,0,1,1,5,5,1,,130.0,1,1,4,5,1,220000.0,1,1,4,5,1,220000.0,4,5,3,5,1,4,45-54,56,1,1,1,1
2024,99999,GA,13095.0,13095050100.0,Conventional:First Lien,Single Family (1-4 Units):Site-Built,Not Hispanic or Latino,White,Male,Loan originated,1,350000.0,85.0,6.5,2.0,1,20000.0,15000.0,5000.0,5.0,9000.0,360,0,0,0,0,1,1,5,5,1,,110.0,1,1,5,5,1,100000.0,1,1,4,5,1,100000.0,3,4,3,5,3,4,50-59,60,1,1,1,1
2024,99999,NV,32007.0,32007001000.0,FHA:First Lien,Single Family (1-4 Units):Site-Built,Hispanic or Latino,Hispanic or Latino,Female,Loan originated,1,300000.0,86.0,7.25,1.5,1,18000.0,10000.0,8000.0,4.0,6000.0,360,0,0,0,0,1,1,4,5,1,,105.0,1,1,3,5,1,,1,1,3,5,1,5,2,5,4,5,3,3,35-44,40,1,1,1,1
2024,11111,VT,50003.0,50003000000.0,Conventional:Subordinate Lien,Single Family (1-4 Units):Site-Built,Not Hispanic or Latino,White,Female,Denied,1,525000.0,92.0,7.0,2.0,1,30000.0,20000.0,10000.0,8.0,12000.0,360,0,0,0,0,1,1,5,5,1,,130.0,2,1,3,5,1,,1,1,4,5,1,5,3,5,2,5,3,4,60-69,65,1,1,1,1
2024,99999,WV,54015.0,54015010000.0,VA:First Lien,Single Family (1-4 Units):Site-Built,Not Hispanic or Latino,White,Male,Loan originated,1,475000.0,75.0,6.5,2.0,1,25000.0,15000.0,10000.0,6.0,11000.0,360,0,0,0,0,1,1,5,5,1,,120.0,1,1,4,5,1,140000.0,1,1,4,5,1,140000.0,3,4,3,5,1,4,50-59,50,1,1,1,1
2024,11020,AK,02013.0,02013000300.0,Conventional:First Lien,Single Family (1-4 Units):Site-Built,Not Hispanic or Latino,White,Male,Approved,1,650000.0,83.0,7.0,1.75,1,25000.0,20000.0,6000.0,4.5,10000.0,360,0,0,0,0,1,1,5,5,1,,125.0,1,1,4,5,1,300000.0,1,1,4,5,1,200000.0,3,4,3,5,1,4,40-49,42,1,1,1,1
2024,99999,OH,39053.0,39053020900.0,Conventional:First Lien,Single Family (1-4 Units):Site-Built,Not Hispanic or Latino,White,Male,Loan originated,1,225000.0,85.0,6.0,1.5,1,18000.0,12000.0,6000.0,3.0,9000.0,360,0,0,0,0,1,1,5,5,1,,100.0,1,1,3,5,1,100000.0,1,1,3,5,1,100000.0,4,5,3,5,3,2,50-59,55,1,1,1,1
2024,10391,RI,44007.0,44007001300.0,FHA:First Lien,Single Family (1-4 Units):Site-Built,Not Hispanic or Latino,White,Female,Loan originated,1,450000.0,81.0,6.75,2.0,1,22000.0,14000.0,8000.0,4.0,9000.0,360,0,0,0,0,1,1,5,5,1,,120.0,1,1,3,5,1,120000.0,1,1,3,5,1,120000.0,4,5,3,5,3,3,40-49,50,1,1,1,1
2024,99999,ND,38003.0,38003000200.0,Conventional:First Lien,Single Family (1-4 Units):Site-Built,Ethnicity Not Available,Race Not Available,Sex Not Available,Loan originated,1,700000.0,82.0,7.5,2.5,1,30000.0,20000.0,10000.0,6.0,11000.0,360,0,0,0,0,1,1,5,5,1,,140.0,1,1,4,5,1,100000.0,1,1,5,5,1,100000.0,5,5,3,5,1,4,55-64,57,1,1,1,1
2024,99999,HI,15007.0,15007010100.0,FHA:First Lien,Single Family (1-4 Units):Site-Built,Not Hispanic or Latino,White,Female,Approved,1,500000.0,80.0,6.75,2.0,1,23000.0,15000.0,8000.0,4.0,9000.0,360,0,0,0,0,1,1,5,5,1,,120.0,1,1,4,5,1,100000.0,1,1,4,5,1,100000.0,4,5,4,5,3,2,60-69,65,1,1,1,1
2024,22506,MS,28013.0,28013010100.0,VA:First Lien,Single Family (1-4 Units):Site-Built,Not Hispanic or Latino,White,Male,Loan originated,1,275000.0,82.0,6.5,1.5,1,18000.0,10000.0,8000.0,3.0,8000.0,360,0,0,0,0,1,1,5,5,1,,105.0,1,1,4,5,1,100000.0,1,1,4,5,1,100000.0,3,4,3,5,3,2,50-59,60,1,1,1,1
2024,99999,ID,16003.0,16003000000.0,FHA:First Lien,Single Family (1-4 Units):Site-Built,Ethnicity Not Available,Race Not Available,Sex Not Available,Loan originated,1,190000.0,90.0,7.5,2.0,1,15000.0,9000.0,5000.0,3.0,4000.0,360,0,0,0,0,1,1,5,5,1,,90.0,1,1,3,5,1,,1,1,5,5,1,5,3,5,2,5,2,2,40-49,45,1,1,1,1
2024,99999,AZ,04009.0,04009003000.0,Conventional:First Lien,Single Family (1-4 Units):Site-Built,Not Hispanic or Latino,White,Female,Approved,1,300000.0,80.0,6.5,2.0,1,20000.0,15000.0,5000.0,4.0,9000.0,360,0,0,0,0,1,1,5,5,1,,120.0,1,1,4,5,1,100000.0,1,1,4,5,1,100000.0,3,4,3,5,1,4,60-69,70,1,1,1,1
2024,99999,MO,29063.0,29063005300.0,VA:First Lien,Single Family (1-4 Units):Site-Built,Not Hispanic or Latino,White,Male,Denied,1,200000.0,75.0,7.0,1.75,1,15000.0,10000.0,5000.0,5.0,6000.0,360,0,0,0,0,1,1,5,5,1,,100.0,1,1,4,5,1,100000.0,1,1,4,5,1,100000.0,4,5,3,5,3,2,65-74,70,1,1,1,1
2024,99999,SF,55083.0,55083008200.0,Conventional:Subordinate Lien,Single Family (1-4 Units):Site-Built,Ethnicity Not Available,Race Not Available,Sex Not Available,Approved,1,200000.0,78.0,6.25,1.5,1,20000.0,12000.0,8000.0,3.5,7000.0,360,0,0,0,0,1,1,5,5,1,,110.0,1,1,4,5,1,100000.0,1,1,4,5,1,100000.0,4,5,3,5,2,4,40-49,55,1,1,1,1
2024,99999,MA,25025.0,25025000200.0,VA:First Lien,Single Family (1-4 Units):Site-Built,Not Hispanic or Latino,White,Male,Loan originated,1,785000.0,80.0,6.75,2.25,1,35000.0,22000.0,13000.0,5.0,14000.0,360,0,0,0,0,1,1,5,5,1,,130.0,1,1,4,5,1,200000.0,1,1,4,5,1,200000.0,5,5,3,5,3,4,50-59,52,1,1,1,1
2024,99999,NE,31009.0,31009044000.0,FHA:First Lien,Single Family (1-4 Units):Site-Built,Not Hispanic or Latino,White,Female,Approved,1,425000.0,85.0,7.0,2.0,1,25000.0,15000.0,10000.0,4.0,10000.0,360,0,0,0,0,1,1,5,5,1,,110.0,1,1,4,5,1,100000.0,1,1,4,5,1,100000.0,3,4,3,5,3,2,50-59,65,1,1,1,1
2024,99999,CA,60075.0,60075000900.0,FHA:First Lien,Single Family (1-4 Units):Site-Built,Hispanic or Latino,White,Female,Loan originated,1,420000.0,75.0,5.875,1.25,2,5500.0,3100.0,800.0,400.0,4900.0,360,0,0,0,0,0,0,1,1,3,5,1,0,110.0,,4,6,5.0,5.0,2,2,7.0,9.0,2,2,4,2,5,2,70-74,80-84,No,,4,1,
2024,99999,FL,12047.0,12047010700.0,Conventional:First Lien,Single Family (1-4 Units):Site-Built,Not Hispanic or Latino,Asian,Female,Loan originated,1,380000.0,78.0,6.000,1.10,2,4000.0,3300.0,700.0,300.0,3800.0,360,0,0,0,0,0,0,1,1,4,6,1,1,106.0,,10,4,4.0,4.0,2,3,4.0,6.0,3,2,2,2,2,2,65-69,70-74,No,,3,1,
2024,12054,GA,13121.0,13121010529.0,FHA:First Lien,Single Family (1-4 Units):Site-Built,Ethnicity Not Available,Race Not Available,Sex Not Available,6,32,225000.0,,6.875,,2,,,10197.8,8302.8,,300,,2,2,2,2,275000.0,1,1,3,5,1,,,9,9,4.0,4.0,3,3,7.0,7.0,3,3,4,4,3,3,8888,8888,,,3,3,,
2024,99999,NY,36061.0,36061340100.0,FHA:First Lien,Single Family (1-4 Units):Site-Built,Not Hispanic or Latino,White,Male,Application approved but not accepted,1,280000.0,72.0,6.500,1.50,2,5000.0,4200.0,600.0,400.0,4700.0,360,0,0,0,0,0,0,1,1,3,4,1,0,112.0,,3,3,4.0,4.0,2,4,5.0,7.0,3,2,2,2,2,2,75-79,75-79,No,,3,1,
2024,99999,TX,48301.0,48301021000.0,FHA:First Lien,Single Family (1-4 Units):Site-Built,Ethnicity Not Available,Race Not Available,Sex Not Available,Application denied,7,335000.0,,7.000,,3,,,9115.8,13500.0,,300,,2,2,2,2,350000.0,1,1,3,5,1,,,9,9,6.0,6.0,3,3,9.0,9.0,2,2,4,4,3,3,8888,8888,,,3,3,,
2024,99999,VA,51015.0,51015010300.0,FHA:First Lien,Single Family (1-4 Units):Site-Built,Hispanic or Latino,White,Male,Application approved but not accepted,1,410000.0,82.0,6.125,1.35,3,4500.0,3000.0,750.0,450.0,4300.0,360,0,0,0,0,0,0,1,1,2,3,1,0,115.0,,11,1,5.0,5.0,2,3,4.0,9.0,2,4,3,4,4,3,65-69,65-69,Yes,,3,1,
2024,12054,MA,25017.0,25017030610.0,VA:First Lien,Single Family (1-4 Units):Site-Built,Not Hispanic or Latino,White,Male,Loan originated,1,370000.0,85.0,5.625,1.60,2,5200.0,3400.0,900.0,400.0,4800.0,360,0,0,0,0,0,0,1,1,5,6,1,1,110.0,,5,5,3.0,3.0,2,2,1.0,3.0,3,2,2,2,2,2,65-74,70-74,No,,2,1,
2024,99999,WI,55039.0,55039010100.0,Conventional:Subordinate Lien,Single Family (1-4 Units):Site-Built,Hispanic or Latino,White,Male,File closed for incompleteness,1,420000.0,78.0,6.000,1.30,2,4600.0,3200.0,800.0,400.0,4300.0,300,0,0,0,0,0,0,1,1,5,4,1,0,106.0,,4,4,5.0,5.0,2,2,2.0,3.0,2,4,3,3,3,3,70-74,70-74,Yes,,3,1,
2024,99999,KY,21043.0,21043003000.0,Conventional:First Lien,Single Family (1-4 Units):Site-Built,Ethnicity Not Available,Race Not Available,Sex Not Available,6,7,320000.0,,6.875,,2,,,10197.8,8302.8,,300,,2,2,2,2,320000.0,1,1,4,5,1,,,11,9,6.0,6.0,3,3,5.0,8.0,3,2,4,4,4,3,8888,8888,,,3,3,,
2024,99999,IL,17031.0,17031285000.0,FHA:First Lien,Single Family (1-4 Units):Site-Built,Not Hispanic or Latino,White,Male,Application withdrawn,1,250000.0,73.50,6.125,1.10,2,7500.0,5500.0,900.0,300.0,7000.0,360,0,0,0,0,0,0,1,1,4,5,1,0,108.0,,8,2,6.0,6.0,2,4,3.0,5.0,2,4,2,2,3,2,70-74,74-79,No,,2,1,
2024,99999,NJ,34013.0,34013005900.0,FHA:First Lien,Single Family (1-4 Units):Site-Built,Ethnicity Not Available,Race Not Available,Sex Not Available,File closed for incompleteness,1,420000.0,,6.875,,2,,,10197.8,8302.8,,300,,2,2,2,2,420000.0,1,1,3,5,1,,,9,9,4.0,4.0,3,3,7.0,9.0,2,4,3,3,3,3,8888,8888,,,3,3,,
2024,99999,SC,45001.0,45001001000.0,FHA:First Lien,Single Family (1-4 Units):Site-Built,Ethnicity Not Available,Race Not Available,Sex Not Available,Application approved but not accepted,7,425000.0,,6.875,,3,,,,,,,,300,,2,2,2,2,420000.0,1,1,3,5,1,,,9,9,6.0,6.0,3,3,9.0,9.0,2,4,3,3,3,3,8888,8888,,,3,3
2024,99999,CO,08031.0,08031002000.0,FHA:First Lien,Single Family (1-4 Units):Site-Built,Not Hispanic or Latino,Asian,Male,Application denied,1,285000.0,75.50,6.750,1.40,2,6000.0,4500.0,600.0,300.0,5800.0,360,0,0,0,0,0,0,1,1,5,2,1,0,110.0,,10,8,3.0,3.0,2,3,6.0,7.0,2,2,2,2,3,2,70-74,65-69,Yes,,3,1,
2024,99999,MN,27003.0,27003010930.0,FHA:First Lien,Single Family (1-4 Units):Site-Built,Not Hispanic or Latino,White,Female,Application denied,1,310000.0,80.0,5.500,1.20,2,3500.0,3200.0,500.0,200.0,3400.0,360,0,0,0,0,0,0,1,1,5,3,1,0,106.0,,3,2,4.0,4.0,2,4,2.0,5.0,3,3,2,2,2,2,65-74,65-74,No,,3,1,
2024,99999,WA,53053.0,53053010400.0,Conventional:First Lien,Single Family (1-4 Units):Site-Built,Ethnicity Not Available,Race Not Available,Sex Not Available,Application approved but not accepted,1,340000.0,,6.625,,2,,,10197.8,8302.8,,300,,2,2,2,2,350000.0,1,1,3,5,1,,,9,9,5.0,5.0,3,3,8.0,8.0,2,5,4,2,3,3,8888,8888,,,3,3,,
2024,99999,MD,24027.0,24027030700.0,FHA:First Lien,Single Family (1-4 Units):Site-Built,Not Hispanic or Latino,Black,Male,Loan originated,1,450000.0,70.0,7.000,1.10,3,5000.0,3000.0,500.0,300.0,4800.0,360,0,0,0,0,0,0,1,1,3,5,1,0,109.0,,6,4,3.0,3.0,2,3,4.0,7.0,3,2,2,4,5,2,70-74,65-69,Yes,,3,1,
2024,99999,OR,41007.0,41007051000.0,VA:First Lien,Single Family (1-4 Units):Site-Built,Ethnicity Not Available,Race Not Available,Sex Not Available,File closed for incompleteness,1,360000.0,,5.000,,2,,,10197.8,8302.8,,300,,2,2,2,2,350000.0,1,1,3,5,1,,,9,9,5.0,5.0,3,3,5.0,7.0,2,5,4,2,3,3,8888,8888,,,3,3,,
2024,12054,RI,44005.0,44005101000.0,Conventional:First Lien,Single Family (1-4 Units):Site-Built,Ethnicity Not Available,Race Not Available,Sex Not Available,Loan originated,1,320000.0,75.0,7.000,1.50,2,3700.0,2800.0,700.0,300.0,3600.0,360,0,0,0,0,0,0,1,1,3,4,1,1,108.0,,10,6,4.0,4.0,2,3,2.0,6.0,3,2,3,2,2,2,65-74,70-74,No,,2,1,
2024,99999,MI,26031.0,26031020600.0,FHA:First Lien,Single Family (1-4 Units):Site-Built,Not Hispanic or Latino,White,Male,Application withdrawn,1,300000.0,78.0,6.375,1.60,2,4200.0,2800.0,750.0,300.0,4000.0,360,0,0,0,0,0,0,1,1,4,4,1,0,103.0,,9,3,4.0,4.0,2,2,5.0,7.0,2,4,2,2,3,2,65-74,65-74,No,,2,1,
2024,99999,IN,18077.0,18077020200.0,FHA:First Lien,Single Family (1-4 Units):Site-Built,Ethnicity Not Available,Race Not Available,Sex Not Available,Application approved but not accepted,7,360000.0,,6.625,,3,,,,,,,,300,,2,2,2,2,350000.0,1,1,3,5,1,,,9,9,5.0,5.0,3,3,8.0,7.0,2,2,2,2,3,3,8888,8888,,,3,3
2024,99999,DE,10005.0,10005002000.0,FHA:First Lien,Single Family (1-4 Units):Site-Built,Ethnicity Not Available,Race Not Available,Sex Not Available,Loan originated,1,350000.0,,6.625,,2,,,10197.8,8302.8,,300,,2,2,2,2,350000.0,1,1,3,5,1,,,9,9,2.0,2.0,3,3,5.0,6.0,3,4,4,4,3,3,8888,8888,,,3,3,,
2024,99999,OK,40009.0,40009001000.0,FHA:First Lien,Single Family (1-4 Units):Site-Built,Ethnicity Not Available,Race Not Available,Sex Not Available,Application withdrawn,7,370000.0,,6.625,,3,,,,,,,,300,,2,2,2,2,350000.0,1,1,3,5,1,,,9,9,3.0,3.0,3,3,6.0,7.0,3,4,4,4,3,3,8888,8888,,,3,3
2024,99999,NC,37057.0,37057001000.0,Conventional:First Lien,Single Family (1-4 Units):Site-Built,Not Hispanic or Latino,White,Male,Loan originated,1,310000.0,74.50,6.500,1.10,2,4700.0,2900.0,800.0,500.0,4500.0,360,0,0,0,0,0,0,1,1,2,3,1,0,103.0,,7,4,3.0,3.0,2,2,2.0,5.0,3,2,2,2,2,2,65-74,65-74,No,,2,1,
2024,99999,ID,16005.0,16005001000.0,FHA:First Lien,Single Family (1-4 Units):Site-Built,Ethnicity Not Available,Race Not Available,Sex Not Available,Application withdrawn,1,420000.0,,6.875,,3,,,,,,,,300,,2,2,2,2,400000.0,1,1,3,5,1,,,9,9,6.0,6.0,3,3,7.0,10.0,3,2,3,5,3,3,8888,8888,,,3,3
2024,99999,NE,31011.0,31011002000.0,FHA:First Lien,Single Family (1-4 Units):Site-Built,Ethnicity Not Available,Race Not Available,Sex Not Available,6,1,250000.0,,6.875,,2,,,10197.8,8302.8,,300,,2,2,2,2,250000.0,1,1,3,5,1,,,9,9,4.0,4.0,3,3,8.0,9.0,2,2,2,2,3,3,8888,8888,,,3,3,,
2024,99999,HM,60042.0,60042001000.0,FHA:First Lien,Single Family (1-4 Units):Site-Built,Not Hispanic or Latino,White,Male,Loan originated,1,330000.0,79.0,6.375,1.25,2,6000.0,4000.0,750.0,400.0,5600.0,360,0,0,0,0,0,0,1,1,2,3,1,0,106.0,,6,3,3.0,3.0,2,3,3.0,6.0,2,3,2,4,2,2,70-74,65-69_No__,2,1,,,
2024,99999,AR,05007.0,05007001500.0,Conventional:Subordinate Lien,Single Family (1-4 Units):Site-Built,Ethnicity Not Available,Race Not Available,Sex Not Available,Loan originated,1,345000.0,71.0,5.750,1.30,2,3800.0,2700.0,600.0,300.0,3400.0,360,0,0,0,0,0,0,1,1,3,4,1,0,108.0,,4,3,4.0,4.0,2,2,1.0,3.0,2,2,3,2,2,2,70-74,65-69,No,,3,1,
2024,99999,CT,09005.0,09005103000.0,FHA:First Lien,Single Family (1-4 Units):Site-Built,Not Hispanic or Latino,White,Male,Application withdrawn,1,275000.0,72.0,6.250,1.40,2,4500.0,3000.0,500.0,300.0,4500.0,360,0,0,0,0,0,0,1,1,5,7,1,0,113.0,,7,4,3.0,3.0,2,3,6.0,8.0,2,5,3,2,2,2,65-74,65-74,No,,3,1,
2024,99999,ND,38005.0,38005041230.0,VA:First Lien,Single Family (1-4 Units):Site-Built,Ethnicity Not Available,Race Not Available,Sex Not Available,6,1,265000.0,,6.875,,2,,,10197.8,8302.8,,300,,2,2,2,2,250000.0,1,1,3,5,1,,,9,9,4.0,4.0,3,3,7.0,9.0,2,2,2,3,3,3,8888,8888,,,3,3,,
2024,99999,VT,50011.0,50011002000.0,FHA:First Lien,Single Family (1-4 Units):Site-Built,Ethnicity Not Available,Race Not Available,Sex Not Available,Loan originated,1,300000.0,,7.000,,2,,,10197.8,8302.8,,300,,2,2,2,2,300000.0,1,1,3,5,1,,,9,9,6.0,6.0,3,3,9.0,9.0,2,2,4,4,3,3,8888,8888,,,3,3,,
2024,12054,AZ,04021.0,04021106000.0,Conventional:First Lien,Single Family (1-4 Units):Site-Built,Ethnicity Not Available,Race Not Available,Sex Not Available,6,1,400000.0,,6.875,,2,,,10197.8,8302.8,,300,,2,2,2,2,400000.0,1,1,3,5,1,,,9,9,5.0,5.0,3,3,5.0,7.0,2,4,2,2,3,3,8888,8888,,,3,3,,
2024,99999,SD,46011.0,46011001000.0,FHA:First Lien,Single Family (1-4 Units):Site-Built,Ethnicity Not Available,Race Not Available,Sex Not Available,Application withdrew,1,280000.0,,6.625,,3,,,,,,,,300,,2,2,2,2,250000.0,1,1,3,5,1,,,9,9,5.0,5.0,3,3,4.0,6.0,3,4,4,4,3,3,8888,8888,,,3,3
2024,99999,LV,32003.0,32003030130.0,FHA:First Lien,Single Family (1-4 Units):Site-Built,Not Hispanic or Latino,White,Male,Loan originated,1,395000.0,82.0,7.125,1.20,2,6200.0,4200.0,850.0,400.0,5700.0,360,0,0,0,0,0,0,1,1,3,5,1,0,108.0,,2,4,3.0,3.0,2,3,3.0,5.0,3,2,4,4,2,2,70-74,70-74,Yes,,4,1,
2024,99999,MT,30003.0,30003001000.0,FHA:First Lien,Single Family (1-4 Units):Site-Built,Ethnicity Not Available,Race Not Available,Sex Not Available,Application approved but not accepted,7,380000.0,,6.875,,3,,,,,,,,300,,2,2,2,2,400000.0,1,1,3,5,1,,,9,9,6.0,6.0,3,3,6.0,8.0,2,3,2,3,3,3,8888,8888,,,3,3
2024,99999,WV,54003.0,54003030100.0,FHA:First Lien,Single Family (1-4 Units):Site-Built,Ethnicity Not Available,Race Not Available,Sex Not Available,File closed for incompleteness,1,310000.0,,6.625,,2,,,10197.8,8302.8,,300,,2,2,2,2,320000.0,1,1,3,5,1,,,9,9,4.0,4.0,3,3,6.0,7.0,3,4,3,4,3,3,8888,8888,,,3,3,,
2024,99999,KS,20015.0,20015010700.0,FHA:First Lien,Single Family (1-4 Units):Site-Built,Ethnicity Not Available,Race Not Available,Sex Not Available,Loan originated,1,330000.0,,6.625,,3,,,,7600.0,8000.0,,300,,2,2,2,2,340000.0,1,1,3,5,1,,,9,9,6.0,6.0,3,3,5.0,8.0,2,2,4,3,3,3,8888,8888,,,3,3,
2024,99999,ME,23001.0,23001010300.0,FHA:First Lien,Single Family (1-4 Units):Site-Built,Ethnicity Not Available,Race Not Available,Sex Not Available,6,1,370000.0,,6.625,,2,,,10197.8,8302.8,,300,,2,2,2,2,350000.0,1,1,3,5,1,,,9,9,5.0,5.0,3,3,6.0,7.0,2,3,5,4,3,3,8888,8888,,,3,3,,
2024,99999,MH,60050.0,60050010000.0,Conventional:First Lien,Single Family (1-4 Units):Site-Built,Ethnicity Not Available,Race Not Available,Sex Not Available,Loan originated,1,350000.0,74.50,5.500,1.10,2,5500.0,3200.0,700.0,400.0,5200.0,360,0,0,0,0,0,0,1,1,2,6,1,0,106.0,,3,2,4.0,4.0,2,3,2.0,3.0,2,2,2,2,2,2,70-74,65-69,No,,2,1,
2024,99999,WY,56007.0,56007001000.0,Conventional:First Lien,Single Family (1-4 Units):Site-Built,Ethnicity Not Available,Race Not Available,Sex Not Available,4,1,320000.0,,6.875,,2,,,10197.8,8302.8,,300,,2,2,2,2,320000.0,1,1,3,5,1,,,9,9,6.0,6.0,3,3,3.0,4.0,3,2,2,2,3,3,8888,8888,,,3,3,,
2024,99999,PR,72015.0,72015008030.0,VA:First Lien,Single Family (1-4 Units):Site-Built,Ethnicity Not Available,Race Not Available,Sex Not Available,File closed for incompleteness,1,310000.0,,6.875,,2,,,10197.8,8302.8,,300,,2,2,2,2,310000.0,1,1,3,5,1,,,9,9,6.0,6.0,3,3,3.0,4.0,4,4,3,3,3,3,8888,8888,,,3,3,,
2024,99999,DC,11001.0,11001227100.0,FHA:First Lien,Single Family (1-4 Units):Site-Built,Ethnicity Not Available,Race Not Available,Sex Not Available,Application withdrawn,1,440000.0,,6.875,,2,,,706.8,706.8,,300,,2,2,2,2,420000.0,1,1,3,5,1,,,9,9,7.0,7.0,3,3,6.0,8.0,2,2,2,2,3,3,8888,8888,,,3,3,,
2024,12054,AK,02013.0,02013020200.0,Conventional:First Lien,Single Family (1-4 Units):Site-Built,Ethnicity Not Available,Race Not Available,Sex Not Available,Loan originated,1,340000.0,79.50,5.250,1.30,2,3600.0,280,,,,,,,,,,,,,,,,,,,,,,,,,,,,,,,,,,,,,,,
2024,99999,CA,6075.0,6075030400.0,Conventional:First Lien,Single Family (1-4 Units):Site-Built,Not Hispanic or Latino,White,Male,1,1,450000.0,,,6.5,,2,12000.0,,9000.0,3000.0,,360.0,,,2,2,2,2,,1,1,3,5,1,,100.0,,1111,1111,2.0,4.0,2,4,5.0,7.5,2,4,1,5,2,4,65-74,9999,Yes,,1
2024,99999,NY,36061.0,36061990300.0,FHA:First Lien,Single Family (1-4 Units):Site-Built,Ethnicity Not Available,Race Not Available,Sex Not Available,1,1,323000.0,,,5.75,,3,10450.55,,7890.25,2560.3,,300.0,,,2,2,2,2,,1,1,3,5,1,,98.0,,1111,1111,1.0,4.0,2,4,4.0,7.0,2,4,2,5,2,4,75-85,9999,Yes,,1
2024,12054,FL,12099.0,12099210100.0,VA:First Lien,Single Family (1-4 Units):Site-Built,Hispanic or Latino,Hispanic or Latino,Male,1,1,275000.0,,,6.0,,2,8900.0,,6500.0,2400.0,,360.0,,,2,2,2,2,,1,1,3,5,1,,102.5,,1112,1112,1.0,3.0,2,4,6.0,7.2,2,4,1,5,2,4,65-74,9999,Yes,,1
2024,99999,TX,48319.0,48319070200.0,Conventional:First Lien,Single Family (1-4 Units):Site-Built,Not Hispanic or Latino,White,Female,1,1,380000.0,,,6.25,,1,9500.0,,7000.0,2500.0,,360.0,,,2,2,2,2,,1,1,3,5,1,,105.0,,1111,1111,2.0,4.0,2,4,5.0,8.0,2,4,2,4,2,4,65-74,9999,Yes,,1
2024,99999,MD,24031.0,24031020100.0,FHA:First Lien,Single Family (1-4 Units):Site-Built,Ethnicity Not Available,Race Not Available,Sex Not Available,1,1,290000.0,,,5.5,,3,9500.0,,7000.0,2500.0,,360.0,,,2,2,2,2,,1,1,3,5,1,,90.0,,3333,3333,2.0,3.0,2,4,6.0,7.0,2,4,2,5,1,4,65-74,9999,Yes,,1
2024,12054,AL,01079.0,01079020500.0,VA:First Lien,Single Family (1-4 Units):Site-Built,Not Hispanic or Latino,White,Male,3,1,375000.0,,,6.875,,1,11500.0,,8500.0,3000.0,,360.0,,,2,2,2,2,,1,1,3,5,1,,102.0,,1111,1111,1.0,4.0,2,4,7.0,7.5,2,4,1,4,2,4,75-85,9999,Yes,,1
2024,99999,MI,26099.0,26099390100.0,Conventional:First Lien,Single Family (1-4 Units):Site-Built,Ethnicity Not Available,Race Not Available,Sex Not Available,1,1,320000.0,,,6.75,,1,9800.0,,7000.0,2800.0,,300.0,,,2,2,2,2,,1,1,3,5,1,,100.0,,1111,1111,2.0,4.0,2,4,4.0,6.5,2,4,1,5,2,4,65-74,9999,Yes,,1
2024,99999,SC,45031.0,45031030400.0,FHA:First Lien,Single Family (1-4 Units):Site-Built,Not Hispanic or Latino,White,Female,1,1,430000.0,,,5.75,,2,11500.0,,8000.0,3500.0,,360.0,,,2,2,2,2,,1,1,3,5,1,,110.0,,3333,3333,1.0,3.0,2,4,4.0,7.0,2,4,2,4,2,4,75-85,9999,Yes,,1
2024,99999,IL,17099.0,17099010100.0,Conventional:First Lien,Single Family (1-4 Units):Site-Built,Hispanic or Latino,White,Female,1,1,295000.0,,,6.875,,1,9500.0,,6500.0,3000.0,,360.0,,,2,2,2,2,,1,1,3,5,1,,102.0,,1111,1111,2.0,5.0,2,4,6.0,7.0,2,4,2,4,1,5,75-85,9999,Yes,,1
2024,12054,WA,53053.0,53053010100.0,FHA:First Lien,Single Family (1-4 Units):Site-Built,Not Hispanic or Latino,White,Male,1,1,360000.0,,,6.25,,2,10800.0,,7500.0,3300.0,,360.0,,,2,2,2,2,,1,1,3,5,1,,95.0,,1111,1111,1.0,3.0,2,4,5.0,7.0,2,4,1,4,2,4,75-85,9999,Yes,,1
2024,12054,AZ,04013.0,04013222500.0,Conventional:First Lien,Single Family (1-4 Units):Site-Built,Ethnicity Not Available,Race Not Available,Sex Not Available,1,1,255000.0,,,6.0,,1,9700.0,,7000.0,2700.0,,360.0,,,2,2,2,2,,1,1,3,5,1,,97.5,,1111,1111,2.0,3.0,2,4,6.0,7.0,2,4,2,5,1,4,65-74,9999,Yes,,1
2024,99999,NC,37067.0,37067910300.0,FHA:First Lien,Single Family (1-4 Units):Site-Built,Hispanic or Latino,Other,Male,1,1,230000.0,,,5.25,,2,8800.0,,6000.0,2800.0,,300.0,,,2,2,2,2,,1,1,3,5,1,,100.0,,1166,1166,1.0,5.0,2,4,7.0,7.5,2,4,2,4,2,4,65-74,9999,Yes,,1
2024,99999,GA,13121.0,13121020100.0,Conventional:First Lien,Single Family (1-4 Units):Site-Built,Not Hispanic or Latino,White,Female,3,1,270000.0,,,6.375,,3,8900.0,,7000.0,1900.0,,360.0,,,2,2,2,2,,1,1,3,5,1,,102.0,,1111,1111,1.0,3.0,2,4,6.0,7.0,2,4,1,4,2,4,75-85,9999,Yes,,1
2024,12054,TN,47077.0,47077990300.0,FHA:First Lien,Single Family (1-4 Units):Site-Built,Not Hispanic or Latino,White,Male,1,1,280000.0,,,6.0,,1,9200.0,,6800.0,2400.0,,360.0,,,2,2,2,2,,1,1,3,5,1,,95.0,,2222,2222,2.0,3.0,2,4,6.0,7.5,2,4,2,5,2,4,75-85,9999,Yes,,1
2024,12054,MO,29005.0,29005010200.0,Conventional:First Lien,Single Family (1-4 Units):Site-Built,Ethnicity Not Available,Race Not Available,Sex Not Available,1,1,325000.0,,,6.25,,1,10500.0,,7500.0,3000.0,,360.0,,,2,2,2,2,,1,1,3,5,1,,100.0,,1112,1111,1.0,4.0,2,4,5.0,7.5,2,4,1,5,2,4,75-85,9999,Yes,,1
2024,99999,CA,6075.0,6075050100.0,FHA:First Lien,Single Family (1-4 Units):Site-Built,Not Hispanic or Latino,White,Female,1,1,320000.0,,,5.375,,2,9900.0,,7000.0,2900.0,,360.0,,,2,2,2,2,,1,1,3,5,1,,104.0,,1111,1111,2.0,3.0,2,4,4.0,7.0,2,4,1,5,2,4,65-74,9999,Yes,,1
2024,12054,WI,55013.0,55013010100.0,Conventional:First Lien,Single Family (1-4 Units):Site-Built,Not Hispanic or Latino,White,Male,1,1,350000.0,,,6.75,,1,12000.0,,9000.0,3000.0,,360.0,,,2,2,2,2,,1,1,3,5,1,,105.0,,1111,1111,1.0,3.0,2,4,7.0,8.5,2,4,1,4,1,4,75-85,9999,Yes,,1
2024,12054,CO,08031.0,08031010100.0,FHA:First Lien,Single Family (1-4 Units):Site-Built,Not Hispanic or Latino,White,Female,1,1,290000.0,,,6.5,,1,9200.0,,6500.0,2700.0,,360.0,,,2,2,2,2,,1,1,3,5,1,,100.0,,1111,1111,2.0,4.0,2,4,5.0,7.5,2,4,2,4,2,4,65-74,9999,Yes,,1
2024,99999,OH,39011.0,39011010100.0,Conventional:First Lien,Single Family (1-4 Units):Site-Built,Ethnicity Not Available,Race Not Available,Sex Not Available,1,1,345000.0,,,6.5,,2,11100.0,,8000.0,3100.0,,360.0,,,2,2,2,2,,1,1,3,5,1,,101.0,,1111,1111,2.0,3.0,2,4,5.0,8.0,2,4,2,5,1,4,75-85,9999,Yes,,1
2024,99999,VT,50009.0,50009010100.0,FHA:First Lien,Single Family (1-4 Units):Site-Built,Not Hispanic or Latino,White,Male,1,1,280000.0,,,5.5,,1,9300.0,,6500.0,2800.0,,360.0,,,2,2,2,2,,1,1,3,5,1,,98.0,,1111,1111,1.0,4.0,2,4,5.0,7.0,2,4,1,5,2,4,75-85,9999,Yes,,1
2024,12054,MA,25017.0,25017010100.0,Conventional:First Lien,Single Family (1-4 Units):Site-Built,Ethnicity Not Available,Race Not Available,Sex Not Available,1,1,325000.0,,,6.25,,1,10400.0,,7500.0,2900.0,,300.0,,,2,2,2,2,,1,1,3,5,1,,100.0,,1111,1111,2.0,3.0,2,4,7.0,7.5,2,4,2,4,1,4,75-85,9999,Yes,,1
2024,12054,ID,16001.0,16001010100.0,FHA:First Lien,Single Family (1-4 Units):Site-Built,Hispanic or Latino,White,Male,3,1,350000.0,,,6.375,,2,11500.0,,7500.0,4000.0,,360.0,,,2,2,2,2,,1,1,3,5,1,,102.0,,1111,1111,1.0,4.0,2,4,5.0,8.0,2,4,2,5,2,4,65-74,9999,Yes,,1
2024,12054,IN,18061.0,18061050100.0,Conventional:First Lien,Single Family (1-4 Units):Site-Built,Not Hispanic or Latino,Black,Other,1,1,310000.0,,,6.125,,2,10100.0,,8000.0,2100.0,,300.0,,,2,2,2,2,,1,1,3,5,1,,101.0,,1111,1111,1.0,3.0,2,4,7.0,7.2,2,4,1,4,2,4,75-85,9999,Yes,,1
2024,99999,VA,51047.0,51047010100.0,FHA:First Lien,Single Family (1-4 Units):Site-Built,Not Hispanic or Latino,White,Female,1,1,250000.0,,,6.375,,3,8500.0,,7500.0,1000.0,,360.0,,,2,2,2,2,,1,1,3,5,1,,95.0,,1111,1111,2.0,3.0,2,4,5.0,8.0,2,4,1,4,2,4,75-85,9999,Yes,,1
2024,99999,AR,05003.0,05003010100.0,Conventional:First Lien,Single Family (1-4 Units):Site-Built,Ethnicity Not Available,Race Not Available,Sex Not Available,1,1,370000.0,,,6.75,,3,11500.0,,8000.0,3500.0,,360.0,,,2,2,2,2,,1,1,3,5,1,,98.0,,4444,4444,2.0,3.0,2,4,6.0,8.0,2,4,2,4,1,4,65-74,9999,Yes,,1
2024,99999,RI,44005.0,44005010100.0,FHA:First Lien,Single Family (1-4 Units):Site-Built,Ethnicity Not Available,Race Not Available,Sex Not Available,1,1,240000.0,,,5.5,,1,9000.0,,6000.0,3000.0,,300.0,,,2,2,2,2,,1,1,3,5,1,,92.0,,1111,1111,1.0,3.0,2,4,5.0,7.0,2,4,2,4,1,5,65-74,9999,Yes,,1
2024,99999,PW,60001.0,60001010100.0,Conventional:First Lien,Single Family (1-4 Units):Site-Built,Not Hispanic or Latino,White,Male,1,1,200000.0,,,6.25,,1,8000.0,,6000.0,2000.0,,300.0,,,2,2,2,2,,1,1,3,5,1,,99.0,,1111,1111,1.0,3.0,2,4,5.0,7.2,2,4,1,5,2,4,65-74,9999,Yes,,1
2024,12054,DC,11001.0,11001010100.0,FHA:First Lien,Single Family (1-4 Units):Site-Built,Not Hispanic or Latino,White,Female,1,1,280000.0,,,6.0,,2,9800.0,,7000.0,2800.0,,360.0,,,2,2,2,2,,1,1,3,5,1,,100.0,,1111,1111,1.0,4.0,2,4,6.0,8.0,2,4,2,5,1,5,75-85,9999,Yes,,1
2024,12054,NE,31005.0,31005010100.0,Conventional:First Lien,Single Family (1-4 Units):Site-Built,Ethnicity Not Available,Race Not Available,Sex Not Available,1,1,275000.0,,,6.5,,1,9200.0,,6500.0,2700.0,,360.0,,,2,2,2,2,,1,1,3,5,1,,97.0,,1111,1111,2.0,3.0,2,4,5.0,7.5,2,4,1,4,1,4,75-85,9999,Yes,,1
2024,12054,NH,33015.0,33015010100.0,FHA:First Lien,Single Family (1-4 Units):Site-Built,Not Hispanic or Latino,White,Male,1,1,350000.0,,,6.25,,2,10500.0,,8000.0,2500.0,,360.0,,,2,2,2,2,,1,1,3,5,1,,98.0,,2222,2222,1.0,3.0,2,4,4.0,7.0,2,4,1,4,2,5,75-85,9999,Yes,,1
2024,99999,NJ,34013.0,34013010100.0,Conventional:First Lien,Single Family (1-4 Units):Site-Built,Ethnicity Not Available,Race Not Available,Sex Not Available,1,1,300000.0,,,6.25,,1,9000.0,,7000.0,2000.0,,300.0,,,2,2,2,2,,1,1,3,5,1,,100.0,,1111,1111,2.0,4.0,2,4,5.0,7.5,2,4,2,4,2,4,75-85,9999,Yes,,1
2024,12054,KS,20015.0,20015010100.0,FHA:First Lien,Single Family (1-4 Units):Site-Built,Not Hispanic or Latino,White,Female,1,1,330000.0,,,5.75,,1,10500.0,,7500.0,3000.0,,360.0,,,2,2,2,2,,1,1,3,5,1,,99.0,,1111,1111,2.0,4.0,2,4,5.0,8.0,2,4,2,4,1,4,65-74,9999,Yes,,1
2024,99999,UT,49009.0,49009010100.0,Conventional:First Lien,Single Family (1-4 Units):Site-Built,Not Hispanic or Latino,White,Male,1,1,340000.0,,,6.5,,1,10300.0,,7500.0,2800.0,,360.0,,,2,2,2,2,,1,1,3,5,1,,98.5,,1111,1111,2.0,3.0,2,4,5.0,8.0,2,4,1,4,1,4,65-74,9999,Yes,,1
2024,12054,SD,46013.0,46013010100.0,FHA:First Lien,Single Family (1-4 Units):Site-Built,Ethnicity Not Available,Race Not Available,Sex Not Available,1,1,290000.0,,,5.5,,2,9500.0,,7000.0,2500.0,,360.0,,,2,2,2,2,,1,1,3,5,1,,94.0,,1111,1111,1.0,3.0,2,4,6.0,8.0,2,4,2,4,2,4,65-74,9999,Yes,,1
2024,12054,MT,30001.0,30001010100.0,Conventional:First Lien,Single Family (1-4 Units):Site-Built,Not Hispanic or Latino,White,Female,1,1,350000.0,,,6.25,,1,11500.0,,8500.0,3000.0,,300.0,,,2,2,2,2,,1,1,3,5,1,,96.0,,1111,1111,2.0,4.0,2,4,5.0,8.0,2,4,2,4,1,5,75-85,9999,Yes,,1
2024,99999,MD,24031.0,24031010100.0,Conventional:First Lien,Single Family (1-4 Units):Site-Built,Not Hispanic or Latino,White,Male,1,1,260000.0,,,6.25,,2,8900.0,,6600.0,2300.0,,360.0,,,2,2,2,2,,1,1,3,5,1,,98.0,,1111,1111,1.0,4.0,2,4,6.0,8.0,2,4,1,5,2,4,75-85,9999,Yes,,1
2024,12054,MN,27033.0,27033010100.0,FHA:First Lien,Single Family (1-4 Units):Site-Built,Ethnicity Not Available,Race Not Available,Sex Not Available,1,1,310000.0,,,5.75,,3,9500.0,,7000.0,2500.0,,360.0,,,2,2,2,2,,1,1,3,5,1,,97.0,,3333,3333,1.0,3.0,2,4,5.0,8.0,2,4,2,5,2,5,65-74,9999,Yes,,1
2024,12054,WV,54051.0,54051010100.0,Conventional:First Lien,Single Family (1-4 Units):Site-Built,Ethnicity Not Available,Race Not Available,Sex Not Available,1,1,330000.0,,,6.0,,1,11000.0,,8000.0,3000.0,,360.0,,,2,2,2,2,,1,1,3,5,1,,102.0,,1111,1111,2.0,3.0,2,4,6.0,8.5,2,4,2,4,2,4,75-85,9999,Yes,,1
2024,12054,OK,40011.0,40011010100.0,FHA:First Lien,Single Family (1-4 Units):Site-Built,Not Hispanic or Latino,White,Female,1,1,280000.0,,,5.5,,2,10000.0,,7000.0,3000.0,,360.0,,,2,2,2,2,,1,1,3,5,1,,97.0,,1111,1111,1.0,4.0,2,4,5.0,7.5,2,4,2,4,2,5,75-85,9999,Yes,,1
2024,12054,OR,41007.0,41007010100.0,Conventional:First Lien,Single Family (1-4 Units):Site-Built,Ethnicity Not Available,Race Not Available,Sex Not Available,1,1,360000.0,,,6.25,,2,12000.0,,9000.0,3000.0,,360.0,,,2,2,2,2,,1,1,3,5,1,,100.0,,1111,1111,2.0,3.0,2,4,6.0,7.5,2,4,2,4,1,5,75-85,9999,Yes,,1
2024,99999,KY,21001.0,21001010100.0,FHA:First Lien,Single Family (1-4 Units):Site-Built,Ethnicity Not Available,Race Not Available,Sex Not Available,1,1,270000.0,,,5.75,,1,9000.0,,7000.0,2000.0,,360.0,,,2,2,2,2,,1,1,3,5,1,,98.0,,3333,3333,2.0,3.0,2,4,5.0,7.2,2,4,1,5,2,4,75-85,9999,Yes,,1
2024,12054,DE,10003.0,10003010100.0,Conventional:First Lien,Single Family (1-4 Units):Site-Built,Ethnicity Not Available,Race Not Available,Sex Not Available,1,1,265000.0,,,6.125,,2,8500.0,,7000.0,1500.0,,300.0,,,2,2,2,2,,1,1,3,5,1,,102.0,,1111,1111,2.0,4.0,2,4,5.0,7.5,2,4,2,4,2,4,65-74,9999,Yes,,1
2024,12054,FL,12099.0,12099010100.0,FHA:First Lien,Single Family (1-4 Units):Site-Built,Hispanic or Latino,White,Male,1,1,315000,,,,,,,,,,,,,,,,,,,,,,,,,,,,,,,,,,,,,,,,,,,,,
2024,12054,GA,13121.0,13121010529.0,FHA:First Lien,Single Family (1-4 Units):Site-Built,Not Hispanic or Latino,Black,Male,1,1,300000.0,,7.25,1.25,3,12000.0,8000.0,5000.0,0.0,15000.0,360,0,0,0,0,1,1,3,5,1,1,100.0,1,1,3,5,1,1,275000.0,1,1,1,1,1,1,50.0,50.0,4,4,5,5,3,3,75-84,75-84,No
2024,25030,NY,36061.0,36061007720.0,Conventional:First Lien,Single Family (1-4 Units):Site-Built,Hispanic or Latino,Hispanic or Latino,Female,1,1,450000.0,,6.5,1.0,3,25000.0,10000.0,8000.0,2000.0,12000.0,360,0,0,0,0,1,1,3,5,1,1,108.0,1,1,3,5,1,1,350000.0,1,1,1,1,1,1,60.0,60.0,3,3,4,4,2,2,70-79,70-79,No
2024,31085,IL,17031.0,17031021640.0,Conventional:Second Lien,Multi-Family (5+ Units):Site-Built,Not Hispanic or Latino,White,Male,2,1,120000.0,,8.25,2.0,3,6000.0,4000.0,2000.0,0.0,4000.0,180,0,0,0,0,1,1,3,5,1,1,96.0,1,1,3,5,1,1,200000.0,1,1,1,1,1,1,65.0,65.0,2,2,3,3,1,1,65-74,65-74Yes,
2024,11001,NJ,34003.0,34003000001.0,FHA:First Lien,Single Family (1-4 Units):Site-Built,Not Hispanic or Latino,White,Female,4,3,280000.0,,5.75,0.75,3,17500.0,5000.0,10000.0,2500.0,5000.0,240,1,1,0,0,1,1,3,5,1,1,108.0,1,1,3,5,1,1,290000.0,1,1,1,1,1,1,55.0,55.0,4,4,6,6,1,1,60-69,60-69,Yes
2024,53053,WA,53033.0,53033000371.0,Conventional:First Lien,Single Family (1-4 Units):Site-Built,Hispanic or Latino,White,Female,1,1,360000.0,,7.0,1.5,2,22000.0,6000.0,11000.0,3000.0,6000.0,480,0,0,0,0,1,1,5,5,1,1,112.0,1,1,3,1,1,1,380000.0,1,1,1,1,1,1,70.0,70.0,1,1,4,4,2,2,70-79,70-79,No
2024,44001,RI,44001002407.0,FHA:First Lien,Single Family (1-4 Units):Site-Built,Hispanic or Latino,Hispanic or Latino,Male,1,1,500000.0,,6.25,1.0,3,30000.0,12000.0,15000.0,3000.0,10000.0,360,0,0,0,0,1,1,3,5,1,1,102.0,1,1,3,5,1,1,600000.0,1,1,3,3,1,1,47.0,47.0,3,3,3,3,5,5,75-84,75-84,No,
2024,24033,MD,24003.0,24003020007.0,Conventional:First Lien,Single Family (1-4 Units):Site-Built,Hispanic or Latino,Asian,Male,5,4,320000.0,,6.75,1.25,3,18000.0,9000.0,3000.0,6000.0,9000.0,240,1,1,0,1,1,1,3,5,1,1,105.0,1,1,3,5,1,1,420000.0,1,1,1,1,1,1,58.0,58.0,3,3,4,4,2,2,60-69,60-69,Yes
2024,06075,CA,06037.0,06037020397.0,Va:First Lien,Single Family (1-4 Units):Site-Built,Not Hispanic or Latino,White,Female,1,1,400000.0,,7.5,1.5,3,18000.0,7000.0,6000.0,5000.0,12000.0,240,0,0,0,0,1,1,3,5,1,1,108.0,1,1,3,5,1,1,480000.0,1,1,1,1,1,1,61.0,61.0,3,3,4,4,3,3,75-84,75-84,No
2024,20135,KS,20079.0,20079000000.0,FHA:First Lien,Single Family (1-4 Units):Site-Built,Not Hispanic or Latino,White,Female,1,1,200000.0,,7.0,1.0,3,13000.0,5000.0,5000.0,3000.0,8000.0,360,0,0,0,0,1,1,3,5,1,1,100.0,1,1,3,5,1,1,250000.0,1,1,1,1,1,1,62.0,62.0,4,4,4,4,3,3,75-84,75-84,Yes
2024,13215,GA,13013.0,13013020100.0,Conventional:First Lien,Single Family (1-4 Units):Site-Built,Hispanic or Latino,Other,Female,1,1,380000.0,,6.0,0.5,3,21000.0,10000.0,5000.0,6000.0,5000.0,240,1,1,0,0,1,1,1,5,1,1,110.0,1,1,3,3,1,1,385000.0,1,1,1,1,1,1,58.0,58.0,2,2,3,3,4,4,60-69,60-69,Yes
2024,13209,GA,13013.0,13013020600.0,FHA:First Lien,Single Family (1-4 Units):Site-Built,Not Hispanic or Latino,White,Female,1,1,450000.0,,5.5,0.25,3,16000.0,7000.0,10000.0,2000.0,9000.0,180,0,0,0,0,1,1,3,5,1,1,100.0,1,1,3,5,1,1,480000.0,1,1,1,1,1,1,56.0,56.0,3,3,3,3,4,4,65-74,65-74,Yes
2024,42129,PA,42129000000.0,18000.0,Conventional:First Lien,Single Family (1-4 Units):Site-Built,Not Hispanic or Latino,White,Couple,1,1,340000.0,,6.5,1.25,3,14000.0,8000.0,5000.0,10000.0,8000.0,360,0,0,0,0,1,1,3,5,1,1,115.0,1,1,3,5,1,1,400000.0,1,1,1,1,1,1,55.0,55.0,3,3,4,4,2,2,50-59,50-59,No
2024,51059,VA,51059000001.0,FHA:First Lien,Single Family (1-4 Units):Site-Built,Not Hispanic or Latino,Black,Female,1,1,250000.0,,6.75,1.5,3,14000.0,4000.0,9000.0,1500.0,8000.0,240,1,1,0,0,1,1,3,5,1,1,100.0,1,1,3,5,1,1,280000.0,1,1,1,1,1,1,61.0,61.0,3,3,4,4,5,5,65-74,65-74,Yes,
2024,20019,KS,20117.0,20117000000.0,Conventional:First Lien,Single Family (1-4 Units):Site-Built,Ethnicity Not Available,Race Not Available,Sex Not Available,1,1,300000.0,,5.75,0.75,2,12000.0,4000.0,8000.0,1000.0,5000.0,240,1,0,0,0,1,1,3,5,1,1,110.0,1,1,3,5,1,1,320000.0,1,1,1,1,1,1,60.0,60.0,5,5,5,5,3,3,65-74,65-74,Yes
2024,23001,ME,23001001001.0,Conventional:First Lien,Single Family (1-4 Units):Site-Built,Not Hispanic or Latino,White,Male,1,1,325000.0,,5.25,0.5,3,13000.0,6000.0,5000.0,2000.0,3000.0,360,0,0,0,0,1,1,3,5,1,1,105.0,1,1,3,5,1,1,350000.0,1,1,1,1,1,1,55.0,55.0,4,4,4,4,2,2,70-79,70-79,Yes,
2024,13119,GA,13119000001.0,FHA:First Lien,Single Family (1-4 Units):Site-Built,Not Hispanic or Latino,White,Female,1,1,275000.0,,6.25,1.25,3,16000.0,7000.0,4000.0,3000.0,6000.0,300,0,0,0,0,1,1,3,5,1,1,108.0,1,1,3,5,1,1,300000.0,1,1,1,1,1,1,58.0,58.0,2,2,3,3,2,2,65-74,65-74,Yes,
2024,51061,VA,51061000001.0,Conventional:First Lien,Single Family (1-4 Units):Site-Built,Not Hispanic or Latino,White,Female,1,1,425000.0,,6.25,1.0,3,20000.0,6000.0,6000.0,8000.0,5000.0,240,0,0,0,0,1,1,3,5,1,1,102.0,1,1,3,5,1,1,450000.0,1,1,1,1,1,1,64.0,64.0,3,3,4,4,4,4,60-69,60-69,Yes,
2024,50003,VT,50003001001.0,FHA:First Lien,Single Family (1-4 Units):Site-Built,Hispanic or Latino,Hispanic or Latino,Male,1,1,300000.0,,6.0,0.75,3,13000.0,5000.0,5000.0,3000.0,7000.0,240,0,0,0,0,1,1,3,5,1,1,105.0,1,1,3,5,1,1,380000.0,1,1,2,2,1,1,58.0,58.0,4,4,5,5,6,6,65-74,65-74,No,
2024,21033,KY,21033000001.0,Conventional:First Lien,Single Family (1-4 Units):Site-Built,Not Hispanic or Latino,White,Female,3,1,375000.0,,5.75,0.5,3,14000.0,8000.0,6000.0,2000.0,3000.0,240,1,0,0,0,1,1,3,5,1,1,110.0,1,1,3,5,1,1,400000.0,1,1,1,1,1,1,60.0,60.0,4,4,4,4,5,5,60-69,60-69,No,
2024,48275,TX,48275000001.0,FHA:First Lien,Single Family (1-4 Units):Site-Built,Ethnicity Not Available,Race Not Available,Sex Not Available,2,1,280000.0,,5.5,0.5,3,13000.0,6000.0,5000.0,2000.0,5000.0,360,0,0,0,0,1,1,3,5,1,1,100.0,1,1,3,5,1,1,310000.0,1,1,1,1,1,1,58.0,58.0,3,3,2,2,2,2,75-84,75-84,Yes,
2024,36047,NY,36047010001.0,Conventional:First Lien,Single Family (1-4 Units):Site-Built,Not Hispanic or Latino,White,Female,1,1,420000.0,,7.0,1.0,3,17000.0,8000.0,5000.0,4000.0,6000.0,360,0,0,0,0,1,1,3,5,1,1,120.0,1,1,3,5,1,1,450000.0,1,1,1,1,1,1,70.0,70.0,4,4,3,3,5,5,65-74,65-74,No,
2024,31073,NE,31073000100.0,FHA:First Lien,Single Family (1-4 Units):Site-Built,Not Hispanic or Latino,White,Male,1,1,330000.0,,5.5,1.25,3,13000.0,5000.0,6000.0,2000.0,6000.0,360,0,0,0,0,1,1,3,5,1,1,105.0,1,1,3,5,1,1,400000.0,1,1,1,1,1,1,60.0,60.0,4,4,3,3,3,3,70-79,70-79,Yes,
2024,13103,GA,13103000001.0,Conventional:First Lien,Single Family (1-4 Units):Site-Built,Not Hispanic or Latino,White,Male,1,1,360000.0,,6.25,1.25,3,17000.0,8000.0,3000.0,5000.0,10000.0,240,0,0,0,0,1,1,3,5,1,1,120.0,1,1,3,5,1,1,450000.0,1,1,1,1,1,1,65.0,65.0,2,2,3,3,2,2,70-79,70-79,Yes,
2024,31097,NE,31097000001.0,FHA:First Lien,Multi-Family (5+ Units):Site-Built,Not Hispanic or Latino,White,Male,1,1,320000.0,,6.10,1.25,3,13000.0,4000.0,6000.0,3000.0,7000.0,240,1,0,0,0,1,1,3,5,1,1,110.0,1,1,3,5,1,1,350000.0,1,1,1,1,1,1,45.0,45.0,4,4,5,5,2,2,60-69,60-69,Yes,
2024,06035,CA,06035010101.0,Conventional:First Lien,Single Family (1-4 Units):Site-Built,Not Hispanic or Latino,White,Female,1,1,390000.0,,5.5,1.0,3,18000.0,7000.0,6000.0,5000.0,8000.0,360,0,0,0,0,1,1,3,5,1,1,110.0,1,1,3,5,1,1,410000.0,1,1,1,1,1,1,52.0,52.0,3,3,4,4,2,2,60-69,60-69,No,
2024,26055,MI,26055000001.0,FHA:First Lien,Single Family (1-4 Units):Site-Built,Not Hispanic or Latino,White,Female,1,1,315000.0,,5.75,0.75,3,14000.0,4000.0,5000.0,3000.0,6000.0,240,0,0,0,0,1,1,3,5,1,1,100.0,1,1,3,5,1,1,380000.0,1,1,1,1,1,1,56.0,56.0,5,5,6,6,5,5,75-84,75-84,Yes,
2024,31109,NE,31109000001.0,FHA:First Lien,Single Family (1-4 Units):Site-Built,Not Hispanic or Latino,White,Male,1,1,365000.0,,5.75,0.5,3,16000.0,5000.0,8000.0,3000.0,5000.0,360,0,0,0,0,1,1,3,5,1,1,105.0,1,1,3,5,1,1,400000.0,1,1,1,1,1,1,58.0,58.0,4,4,3,3,2,2,65-74,65-74,No,
2024,18061,IN,18061000001.0,Conventional:First Lien,Single Family (1-4 Units):Site-Built,Not Hispanic or Latino,White,Male,1,1,330000.0,,6.0,1.25,3,16000.0,6000.0,6000.0,4000.0,8000.0,360,0,0,0,0,1,1,3,5,1,1,108.0,1,1,3,5,1,1,370000.0,1,1,1,1,1,1,56.0,56.0,2,2,4,4,3,3,70-79,70-79,Yes,
2024,45055,SC,45055000001.0,FHA:First Lien,Single Family (1-4 Units):Site-Built,Not Hispanic or Latino,White,Male,1,1,380000.0,,5.75,1.0,3,20000.0,8000.0,8000.0,4000.0,10000.0,360,0,0,0,0,1,1,3,5,1,1,105.0,1,1,3,5,1,1,400000.0,1,1,1,1,1,1,62.0,62.0,3,3,4,4,5,5,75-84,75-84,Yes,
2024,48397,TX,48397000001.0,Conventional:First Lien,Single Family (1-4 Units):Site-Built,Hispanic or Latino,Hispanic or Latino,Male,1,1,450000.0,,6.25,1.5,3,22000.0,10000.0,7000.0,5000.0,9000.0,240,0,0,0,0,1,1,3,5,1,1,110.0,1,1,3,5,1,1,500000.0,1,1,2,2,1,1,60.0,60.0,2,2,3,3,5,5,60-69,60-69,Yes,
2024,42083,PA,42083000001.0,FHA:First Lien,Single Family (1-4 Units):Site-Built,Hispanic or Latino,Hispanic or Latino,Female,1,1,390000.0,,6.5,1.0,3,13000.0,6000.0,4000.0,3000.0,7000.0,360,0,0,0,0,1,1,3,5,1,1,108.0,1,1,3,5,1,1,450000.0,1,1,0,0,1,1,56.0,56.0,5,5,6,6,1,1,70-79,70-79,Yes,
2024,37127,NC,37127000001.0,FHA:First Lien,Single Family (1-4 Units):Site-Built,Not Hispanic or Latino,White,Male,1,1,350000.0,,6.25,1.25,3,16000.0,6000.0,6000.0,4000.0,6000.0,360,0,0,0,0,1,1,3,5,1,1,105.0,1,1,3,5,1,1,450000.0,1,1,1,1,1,1,65.0,65.0,2,2,3,3,4,4,65-74,65-74,Yes,
2024,08059,CO,08059000001.0,FHA:First Lien,Single Family (1-4 Units):Site-Built,Not Hispanic or Latino,White,Female,1,1,295000.0,,5.5,0.75,3,15000.0,4000.0,5000.0,2000.0,7000.0,360,0,0,0,0,1,1,3,5,1,1,100.0,1,1,3,5,1,1,310000.0,1,1,1,1,1,1,58.0,58.0,3,3,4,4,5,5,60-69,60-69,No,
2024,17165,IL,17165000001.0,VA:First Lien,Single Family (1-4 Units):Site-Built,Not Hispanic or Latino,White,Female,1,1,395000.0,,5.25,1.0,3,19000.0,4000.0,900,,,,,,,,,,,,,,,,,,,,,,,,,,,,,,,,,,,,,,,
2024,99999,CA,6075.0,6075010000.0,Conventional:First Lien,Single Family (1-4 Units):Site-Built,Not Hispanic or Latino,White,Male,1,1,275000.0,,7.25,,3,,15500.0,10000.0,5500.0,,360,,,2,2,2,2,,1,1,3,5,1,,90.0,,1111,1111,2.0,5.0,2,4,5.0,8.0,2,4,1,5,2,4,65-74,9999,Yes,,1,1
2024,99999,NY,36005.0,36005632400.0,VA:First Lien,Single Family (1-4 Units):Site-Built,Ethnicity Not Available,Race Not Available,Sex Not Available,1,1,185000.0,,6.125,,3,,14092.05,,10000.0,4092.05,,360,,,2,2,2,2,,1,1,3,5,1,,95.0,,2222,2222,2.0,5.0,2,4,5.0,8.0,2,4,1,5,2,4,60-64,9999,Yes,,1
2024,12054,TX,48397.0,48397900100.0,FHA:First Lien,Single Family (1-4 Units):Site-Built,Ethnicity Not Available,Race Not Available,Sex Not Available,1,1,450000.0,,5.25,,3,,9000.0,,5500.0,3500.0,,360,,,2,2,2,2,,1,1,3,5,1,,100.0,,3333,3333,3.0,5.0,2,4,5.0,8.0,2,4,1,5,2,4,65-74,9999,Yes,,1
2024,72050,FL,12081.0,12081030400.0,Conventional:Subordinate Lien,Single Family (1-4 Units):Site-Built,Hispanic or Latino,White,Male,1,1,550000.0,,6.5,,3,,17000.0,,10000.0,7000.0,,300,,,2,2,2,2,,1,1,3,5,1,,98.0,,1111,1111,2.0,5.0,2,4,5.0,8.0,2,4,1,5,2,4,65-74,9999,Yes,,1
2024,99999,IL,17031.0,17031033100.0,FHA:First Lien,Single Family (1-4 Units):Site-Built,Not Hispanic or Latino,White,Male,1,1,315000.0,,6.0,,3,,12000.0,,10000.0,2000.0,,300,,,2,2,2,2,,1,1,3,5,1,,89.0,,2222,2222,2.0,5.0,2,4,5.0,8.0,2,4,1,5,2,4,65-74,9999,Yes,,1
2024,13020,GA,13117.0,13117005700.0,Conventional:First Lien,Single Family (1-4 Units):Site-Built,Hispanic or Latino,White,Female,1,1,195000.0,,7.0,,3,,11000.0,,10000.0,1000.0,,300,,,2,2,2,2,,1,1,3,5,1,,90.0,,1111,1111,2.0,5.0,2,4,5.0,8.0,2,4,1,5,2,4,55-64,9999,Yes,,1
2024,36061,NJ,36061280400.0,Conventional:First Lien,Single Family (1-4 Units):Site-Built,Ethnicity Not Available,Race Not Available,Sex Not Available,1,1,235000.0,,6.375,,3,,12500.0,,10000.0,2500.0,,360,,,2,2,2,2,,1,1,3,5,1,,98.0,,2222,2222,2.0,5.0,2,4,5.0,8.0,2,4,1,5,2,4,65-74,9999,Yes,,1,1
2024,99999,NV,32003.0,32003040200.0,VA:First Lien,Single Family (1-4 Units):Site-Built,Ethnicity Not Available,Race Not Available,Sex Not Available,1,1,400000.0,,6.75,,3,,18092.05,,10000.0,8092.05,,360,,,2,2,2,2,,1,1,3,5,1,,110.0,,3333,3333,3.0,5.0,2,4,5.0,8.0,2,4,1,5,2,4,70-74,9999,Yes,,1
2024,10030,MI,26081.0,26081021000.0,FHA:First Lien,Single Family (1-4 Units):Site-Built,Not Hispanic or Latino,White,Male,1,1,235000.0,,5.0,,3,,10000.0,,9000.0,1000.0,,360,,,2,2,2,2,,1,1,3,5,1,,85.0,,1111,1111,2.0,5.0,2,4,5.0,8.0,2,4,1,5,2,4,65-74,9999,Yes,,1
2024,36061,VA,51019.0,51019030600.0,Conventional:First Lien,Single Family (1-4 Units):Site-Built,Ethnicity Not Available,Race Not Available,Sex Not Available,1,1,295000.0,,7.5,,3,,15000.0,,10000.0,5000.0,,360,,,2,2,2,2,,1,1,3,5,1,,92.0,,2222,2222,2.0,5.0,2,4,5.0,8.0,2,4,1,5,2,4,70-74,9999,Yes,,1
2024,99999,WA,53033.0,53033010100.0,FHA:First Lien,Single Family (1-4 Units):Site-Built,Ethnicity Not Available,Race Not Available,Sex Not Available,1,1,325000.0,,5.75,,3,,17000.0,,10000.0,7000.0,,360,,,2,2,2,2,,1,1,3,5,1,,99.0,,3333,3333,3.0,5.0,2,4,5.0,8.0,2,4,1,5,2,4,65-74,9999,Yes,,1
2024,17021,MN,27053.0,27053025000.0,Conventional:Subordinate Lien,Single Family (1-4 Units):Site-Built,Ethnicity Not Available,Race Not Available,Sex Not Available,1,1,260000.0,,6.125,,3,,13000.0,,10000.0,3000.0,,360,,,2,2,2,2,,1,1,3,5,1,,95.0,,1111,1111,2.0,5.0,2,4,5.0,8.0,2,4,1,5,2,4,65-74,9999,Yes,,1
2024,99999,OR,41039.0,41039020700.0,FHA:First Lien,Single Family (1-4 Units):Site-Built,Ethnicity Not Available,Race Not Available,Sex Not Available,1,1,365000.0,,5.5,,3,,14000.0,,10000.0,4000.0,,360,,,2,2,2,2,,1,1,3,5,1,,102.0,,3333,3333,3.0,5.0,2,4,5.0,8.0,2,4,1,5,2,4,65-74,9999,Yes,,1
2024,15021,AZ,04013.0,04013001300.0,Conventional:First Lien,Single Family (1-4 Units):Site-Built,Ethnicity Not Available,Race Not Available,Sex Not Available,1,1,185000.0,,7.125,,3,,17000.0,,10000.0,7000.0,,360,,,2,2,2,2,,1,1,3,5,1,,90.0,,1111,1111,2.0,5.0,2,4,5.0,8.0,2,4,1,5,2,4,65-74,9999,Yes,,1
2024,99999,MA,25017.0,25017023900.0,FHA:First Lien,Single Family (1-4 Units):Site-Built,Ethnicity Not Available,Race Not Available,Sex Not Available,1,1,375000.0,,5.25,,3,,16000.0,,10000.0,6000.0,,360,,,2,2,2,2,,1,1,3,5,1,,103.0,,2222,2222,2.0,5.0,2,4,5.0,8.0,2,4,1,5,2,4,65-74,9999,Yes,,1
2024,12054,CO,08013.0,08013040700.0,VA:First Lien,Single Family (1-4 Units):Site-Built,Ethnicity Not Available,Race Not Available,Sex Not Available,1,1,245000.0,,6.0,,3,,11000.0,,10000.0,1000.0,,300,,,2,2,2,2,,1,1,3,5,1,,91.0,,3333,3333,3.0,5.0,2,4,5.0,8.0,2,4,1,5,2,4,65-74,9999,Yes,,1
2024,21020,KY,21041.0,21041082300.0,FHA:First Lien,Single Family (1-4 Units):Site-Built,Ethnicity Not Available,Race Not Available,Sex Not Available,1,1,335000.0,,5.5,,3,,16000.0,,10000.0,6000.0,,360,,,2,2,2,2,,1,1,3,5,1,,99.0,,2222,2222,2.0,5.0,2,4,5.0,8.0,2,4,1,5,2,4,65-74,9999,Yes,,1
2024,99999,ID,16083.0,16083040400.0,Conventional:First Lien,Single Family (1-4 Units):Site-Built,Ethnicity Not Available,Race Not Available,Sex Not Available,1,1,195000.0,,6.75,,3,,13500.0,,10000.0,3500.0,,360,,,2,2,2,2,,1,1,3,5,1,,95.0,,2222,2222,2.0,5.0,2,4,5.0,8.0,2,4,1,5,2,4,65-74,9999,Yes,,1
2024,99999,NE,31001.0,31001080100.0,FHA:First Lien,Single Family (1-4 Units):Site-Built,Ethnicity Not Available,Race Not Available,Sex Not Available,1,1,215000.0,,5.875,,3,,12000.0,,10000.0,2000.0,,360,,,2,2,2,2,,1,1,3,5,1,,86.0,,1111,1111,2.0,5.0,2,4,5.0,8.0,2,4,1,5,2,4,65-74,9999,Yes,,1
2024,36061,MD,24031.0,24031012700.0,Conventional:First Lien,Single Family (1-4 Units):Site-Built,Ethnicity Not Available,Race Not Available,Sex Not Available,1,1,350000.0,,6.5,,3,,18000.0,,10000.0,8000.0,,360,,,2,2,2,2,,1,1,3,5,1,,100.0,,1111,1111,2.0,5.0,2,4,5.0,8.0,2,4,1,5,2,4,70-74,9999,Yes,,1
2024,34009,NJ,34009020600.0,FHA:First Lien,Single Family (1-4 Units):Site-Built,Ethnicity Not Available,Race Not Available,Sex Not Available,1,1,425000.0,,5.75,,3,,16000.0,,10000.0,6000.0,,360,,,2,2,2,2,,1,1,3,5,1,,108.0,,2222,2222,2.0,5.0,2,4,5.0,8.0,2,4,1,5,2,4,70-74,9999,Yes,,1,1
2024,99999,TX,48029.0,48029045100.0,VA:First Lien,Single Family (1-4 Units):Site-Built,Ethnicity Not Available,Race Not Available,Sex Not Available,1,1,175000.0,,7.0,,3,,14000.0,,10000.0,4000.0,,360,,,2,2,2,2,,1,1,3,5,1,,99.0,,1111,1111,2.0,5.0,2,4,5.0,8.0,2,4,1,5,2,4,65-74,9999,Yes,,1
2024,12054,OH,39113.0,39113020200.0,FHA:First Lien,Single Family (1-4 Units):Site-Built,Not Hispanic or Latino,White,Male,1,1,185000.0,,6.125,,3,,10000.0,,10000.0,0.0,,300,,,2,2,2,2,,1,1,3,5,1,,87.0,,1111,1111,2.0,5.0,2,4,5.0,8.0,2,4,1,5,2,4,65-74,9999,Yes,,1
2024,99999,MO,29035.0,29035011000.0,Conventional:First Lien,Single Family (1-4 Units):Site-Built,Ethnicity Not Available,Race Not Available,Sex Not Available,1,1,255000.0,,6.25,,3,,13000.0,,10000.0,3000.0,,360,,,2,2,2,2,,1,1,3,5,1,,98.0,,1111,1111,2.0,5.0,2,4,5.0,8.0,2,4,1,5,2,4,65-74,9999,Yes,,1
2024,36061,CA,06043.0,06043040100.0,FHA:First Lien,Single Family (1-4 Units):Site-Built,Ethnicity Not Available,Race Not Available,Sex Not Available,1,1,400000.0,,5.25,,3,,15000.0,,10000.0,5000.0,,360,,,2,2,2,2,,1,1,3,5,1,,110.0,,1111,1111,2.0,5.0,2,4,5.0,8.0,2,4,1,5,2,4,65-74,9999,Yes,,1
2024,12054,SC,45085.0,45085030100.0,Conventional:First Lien,Single Family (1-4 Units):Site-Built,Ethnicity Not Available,Race Not Available,Sex Not Available,1,1,150000.0,,6.75,,3,,12000.0,,10000.0,2000.0,,300,,,2,2,2,2,,1,1,3,5,1,,85.0,,2222,2222,2.0,5.0,2,4,5.0,8.0,2,4,1,5,2,4,65-74,9999,Yes,,1
2024,99999,WI,55009.0,55009070700.0,FHA:First Lien,Single Family (1-4 Units):Site-Built,Ethnicity Not Available,Race Not Available,Sex Not Available,1,1,425000.0,,5.875,,3,,18000.0,,10000.0,8000.0,,360,,,2,2,2,2,,1,1,3,5,1,,110.0,,2222,2222,2.0,5.0,2,4,5.0,8.0,2,4,1,5,2,4,70-74,9999,Yes,,1
2024,99999,VT,50001.0,50001001000.0,Conventional:Subordinate Lien,Single Family (1-4 Units):Site-Built,Ethnicity Not Available,Race Not Available,Sex Not Available,1,1,175000.0,,7.5,,3,,13000.0,,10000.0,3000.0,,300,,,2,2,2,2,,1,1,3,5,1,,92.0,,1111,1111,2.0,5.0,2,4,5.0,8.0,2,4,1,5,2,4,65-74,9999,Yes,,1
2024,36061,NH,33009.0,33009010500.0,FHA:First Lien,Single Family (1-4 Units):Site-Built,Ethnicity Not Available,Race Not Available,Sex Not Available,1,1,240000.0,,5.75,,3,,13000.0,,10000.0,3000.0,,300,,,2,2,2,2,,1,1,3,5,1,,90.0,,1111,1111,2.0,5.0,2,4,5.0,8.0,2,4,1,5,2,4,65-74,9999,Yes,,1
2024,12054,MS,28005.0,28005007000.0,Conventional:Subordinate Lien,Single Family (1-4 Units):Site-Built,Ethnicity Not Available,Race Not Available,Sex Not Available,1,1,195000.0,,6.0,,3,,15000.0,,10000.0,5000.0,,300,,,2,2,2,2,,1,1,3,5,1,,91.0,,2222,2222,2.0,5.0,2,4,5.0,8.0,2,4,1,5,2,4,65-74,9999,Yes,,1
2024,99999,IN,18097.0,18097030100.0,FHA:First Lien,Single Family (1-4 Units):Site-Built,Ethnicity Not Available,Race Not Available,Sex Not Available,1,1,215000.0,,6.125,,3,,11000.0,,10000.0,1000.0,,300,,,2,2,2,2,,1,1,3,5,1,,88.0,,1111,1111,2.0,5.0,2,4,5.0,8.0,2,4,1,5,2,4,65-74,9999,Yes,,1
2024,12054,PA,42045.0,42045030200.0,VA:First Lien,Single Family (1-4 Units):Site-Built,Ethnicity Not Available,Race Not Available,Sex Not Available,1,1,390000.0,,6.75,,3,,17500.0,,10000.0,7500.0,,360,,,2,2,2,2,,1,1,3,5,1,,103.0,,2222,2222,2.0,5.0,2,4,5.0,8.0,2,4,1,5,2,4,65-74,9999,Yes,,1
2024,72050,AL,01005.0,01005060800.0,Conventional:First Lien,Single Family (1-4 Units):Site-Built,Ethnicity Not Available,Race Not Available,Sex Not Available,1,1,240000.0,,7.125,,3,,15000.0,,10000.0,5000.0,,360,,,2,2,2,2,,1,1,3,5,1,,96.0,,1111,1111,2.0,5.0,2,4,5.0,8.0,2,4,1,5,2,4,65-74,9999,Yes,,1
2024,36061,NC,37007.0,37007030200.0,FHA:First Lien,Single Family (1-4 Units):Site-Built,Ethnicity Not Available,Race Not Available,Sex Not Available,1,1,180000.0,,5.625,,3,,12000.0,,10000.0,2000.0,,300,,,2,2,2,2,,1,1,3,5,1,,86.0,,1111,1111,2.0,5.0,2,4,5.0,8.0,2,4,1,5,2,4,65-74,9999,Yes,,1
2024,21020,WY,56001.0,56001000000.0,Conventional:First Lien,Single Family (1-4 Units):Site-Built,Ethnicity Not Available,Race Not Available,Sex Not Available,1,1,375000.0,,7.25,,3,,17000.0,,10000.0,7000.0,,360,,,2,2,2,2,,1,1,3,5,1,,106.0,,1111,1111,2.0,5.0,2,4,5.0,8.0,2,4,1,5,2,4,65-74,9999,Yes,,1
2024,99999,AR,05002.0,05002030000.0,FHA:First Lien,Single Family (1-4 Units):Site-Built,Ethnicity Not Available,Race Not Available,Sex Not Available,1,1,275000.0,,6.25,,3,,13000.0,,10000.0,3000.0,,300,,,2,2,2,2,,1,1,3,5,1,,92.0,,1111,1111,2.0,5.0,2,4,5.0,8.0,2,4,1,5,2,4,65-74,9999,Yes,,1
2024,21020,MN,27151.0,27151020600.0,Conventional:Subordinate Lien,Single Family (1-4 Units):Site-Built,Ethnicity Not Available,Race Not Available,Sex Not Available,1,1,410000.0,,7.0,,3,,18000.0,,10000.0,8000.0,,300,,,2,2,2,2,,1,1,3,5,1,,100.0,,2222,2222,2.0,5.0,2,4,5.0,8.0,2,4,1,5,2,4,70-74,9999,Yes,,1
2024,99999,MD,24015.0,24015020300.0,FHA:First Lien,Single Family (1-4 Units):Site-Built,Ethnicity Not Available,Race Not Available,Sex Not Available,1,1,200000.0,,6.5,,3,,12000.0,,10000.0,2000.0,,300,,,2,2,2,2,,1,1,3,5,1,,89.0,,1111,1111,2.0,5.0,2,4,5.0,8.0,2,4,1,5,2,4,70-74,9999,Yes,,1
2024,99999,FL,12057.0,12057050300.0,Conventional:First Lien,Single Family (1-4 Units):Site-Built,Ethnicity Not Available,Race Not Available,Sex Not Available,1,1,245000.0,,6.125,,3,,17000.0,,10000.0,7000.0,,360,,,2,2,2,2,,1,1,3,5,1,,110.0,,2222,2222,2.0,5.0,2,4,5.0,8.0,2,4,1,5,2,4,65-74,9999,Yes,,1
2024,12054,OR,41005.0,41005307000.0,VA:First Lien,Single Family (1-4 Units):Site-Built,Ethnicity Not Available,Race Not Available,Sex Not Available,1,1,265000.0,,5.75,,3,,14000.0,,10000.0,4000.0,,360,,,2,2,2,2,,1,1,3,5,1,,100.0,,3333,3333,3.0,5.0,2,4,5.0,8.0,2,4,1,5,2,4,70-74,9999,Yes,,1
2024,99999,UT,49019.0,49019050300.0,FHA:First Lien,Single Family (1-4 Units):Site-Built,Ethnicity Not Available,Race Not Available,Sex Not Available,1,1,310000.0,,6.0,,3,,17000.0,,10000.0,7000.0,,360,,,2,2,2,2,,1,1,3,5,1,,102.0,,1111,1111,2.0,5.0,2,4,5.0,8.0,2,4,1,5,2,4,65-74,9999,Yes,,1
2024,99999,RI,44001.0,44001000000.0,Conventional:First Lien,Single Family (1-4 Units):Site-Built,Ethnicity Not Available,Race Not Available,Sex Not Available,1,1,350000.0,,6.875,,3,,14000.0,,10000.0,4000.0,,360,,,2,2,2,2,,1,1,3,5,1,,98.0,,2222,2222,2.0,5.0,2,4,5.0,8.0,2,4,1,5,2,4,65-74,9999,Yes,,1
2024,99999,NV,32023.,,,,,,,,,,,,,,,,,,,,,,,,,,,,,,,,,,,,,,,,,,,,,,,,,,,,,,
2024,12054,GA,13121.0,13121010529.0,FHA:First Lien,Single Family (1-4 Units):Site-Built,Ethnicity Not Available,Race Not Available,Sex Not Available,6,32,225000.0,,6.875,,2,16692.05,,10197.8,8302.8,,300.0,,,2,2,2,2,275000.0,1,1,3,5,1,,,,9,9,4.0,4.0,3,3,7.0,7.0,3,3,4,4,3,3,8888,8888,,,3,3
2024,99999,CT,9150.0,9150708100.0,Conventional:Subordinate Lien,Single Family (1-4 Units):Site-Built,Not Hispanic or Latino,White,Male,File closed for incompleteness,32,25000.0,,,,3,,,,,,240,,,2,2,2,2,,1,1,3,5,1,,96.0,,1111,1111,2.0,5.0,2,4,5.0,8.0,2,4,1,5,2,4,65-74,9999,Yes,,1,1
2024,99999,PA,42127.0,42127960600.0,VA:First Lien,Single Family (1-4 Units):Site-Built,Ethnicity Not Available,Race Not Available,Sex Not Available,Application denied,32,355000.0,,,,3,,,,,,360,,,2,2,2,2,,1,1,3,5,1,,108.0,,3,10,3.0,5.0,2,4,6.0,8.0,2,4,3,5,2,4,65-74,9999,Yes,,1,1
2024,15001,MA,00100.0,00100000100.0,Conventional:First Lien,Single Family (1-4 Units):Site-Built,Hispanic or Latino,White,Male,Loan originated,1,450000.0,82.0,3.75,1.0,1,35000.0,18000.0,25000.0,5500.0,10000.0,360,0,0,,Yes,330000.0,1,1,1,3,1,254000.0,57765.0,1111,1111,3.0,,3,3,3,3,5.0,7.0,3,3,1,3,4,3,50-64,9999,Yes,1,1,1,1
2024,12054,TX,48201.0,48201010335.0,FHA:First Lien,Single Family (1-4 Units):Site-Built,Not Hispanic or Latino,Black or African American,Female,Loan originated,1,325000.0,85.0,,4.25,2.0,1,34000.0,19800.0,29500.0,7500.0,15000.0,300,1,0,,Yes,310000.0,2,1,1,3,2,193000.0,12800.0,1111,1111,4.0,5.0,3,3,3,3,6.0,8.0,3,3,1,3,3,2,40-54,9999,Yes,0,0,1
2024,22153,NC,37031.0,37031000100.0,Conventional:First Lien,Single Family (1-4 Units):Site-Built,Not Hispanic or Latino,White,Female,Loan originated,1,420000.0,78.0,5.25,2.0,0,28900.0,14000.0,21000.0,8500.0,12000.0,360,0,0,,No,380000.0,2,2,2,2,1,300000.0,250000.0,1010,1100,4.0,5.0,3,3,3,3,7.0,8.0,3,3,3,3,3,3,30-39,9999,Yes,1,1,1,1
2024,12054,NJ,34013.0,34013000100.0,FHA:First Lien,Multifamily (5+ Units):Site-Built,Hispanic or Latino,White,Male,Application withdrawn by applicant,32,190000.0,89.0,5.0,2.5,2,19000.0,9500.0,15000.0,5500.0,6000.0,300,0,0,,Yes,200000.0,1,1,1,1,2,140000.0,56000.0,1111,1111,4.0,5.0,3,3,3,3,6.0,8.0,3,3,3,3,2,2,55-64,9999,No,1,1,0,0
2024,35000,NY,36119.0,36119000100.0,Conventional:First Lien,Single Family (1-4 Units):Site-Built,Not Hispanic or Latino,Asian,Female,Denial of credit application,32,182000.0,82.0,4.25,0.75,,17500.0,8000.0,12000.0,6500.0,4500.0,360,0,0,,No,190000.0,1,1,1,1,1,380000.0,350000.0,1111,1111,4.0,5.0,3,3,3,3,5.0,7.0,3,3,3,3,3,3,45-54,9999,No,1,1,1,1
2024,45001,CA,06075.0,06075000400.0,VA:First Lien,Single Family (1-4 Units):Site-Built,Not Hispanic or Latino,White,Female,Loan originated,1,500000.0,88.0,3.5,1.5,0,25000.0,12000.0,19500.0,8200.0,12000.0,300,0,0,,Yes,350000.0,1,1,1,2,1,350000.0,245000.0,1010,1111,3.0,4.0,3,3,3,3,6.0,6.0,3,3,3,3,2,2,30-39,9999,Yes,1,1,1,1
2024,10001,IL,17031.0,17031000100.0,FHA:First Lien,Single Family (1-4 Units):Site-Built,Hispanic or Latino,White,Male,Loan originated,1,295000.0,75.0,3.25,1.0,0,20000.0,11000.0,12000.0,6000.0,8000.0,300,0,0,,Yes,190000.0,1,1,1,1,1,98000.0,49000.0,1111,1111,4.0,5.0,3,3,4,4,5.0,8.0,4,4,3,3,2,2,35-44,9999,Yes,1,1,0,0
2024,12054,TX,48003.0,48003010700.0,Conventional:First Lien,Single Family (1-4 Units):Site-Built,Not Hispanic or Latino,White,Male,Loan originated,1,350000.0,80.0,4.5,0.5,0,18000.0,9000.0,15000.0,7500.0,8000.0,300,0,0,,Yes,305000.0,2,1,1,2,1,125000.0,110000.0,1111,1111,3.0,3.5,3,3,3,3,7.0,8.0,3,3,4,4,4,3,40-54,9999,Yes,1,1,1,1
2024,40001,FL,12038.0,12038000100.0,FHA:First Lien,Single Family (1-4 Units):Site-Built,Not Hispanic or Latino,Hispanic or Latino,Female,Loan originated,1,315000.0,90.0,4.25,1.25,4,29000.0,17500.0,32500.0,7500.0,12000.0,300,0,0,,Yes,290000.0,2,1,1,2,1,85000.0,72500.0,1111,1111,3.5,5.0,3,3,3,3,6.0,8.0,3,3,3,3,3,3,45-54,9999,Yes,1,1,1,1
2024,12054,AL,01085.0,01085010330.0,Conventional:First Lien,Single Family (1-4 Units):Site-Built,Not Hispanic or Latino,Black or African American,Male,Loan originated,1,365000.0,82.0,4.5,1.5,0,24000.0,16000.0,19500.0,9000.0,9000.0,300,0,0,,No,330000.0,1,2,1,2,1,315000.0,285000.0,1111,1111,4.0,5.0,3,3,3,3,6.0,8.0,3,3,3,3,4,3,65-74,9999,Yes,1,1,1,1
2024,35000,VA,51075.0,51075000100.0,FHA:First Lien,Multifamily (5+ Units):Site-Built,Hispanic or Latino,White,Female,Application denied,32,375000.0,88.0,4.75,3.5,3,18900.0,8000.0,12000.0,4500.0,4000.0,360,0,0,,No,345000.0,1,1,1,2,1,205000.0,180000.0,1111,1111,3.0,3.5,3,3,3,3,6.0,7.0,3,3,1,3,4,4,35-44,9999,No,1,1,0,0
2024,22153,VT,50001.0,50001000100.0,Conventional:First Lien,Single Family (1-4 Units):Site-Built,Not Hispanic or Latino,White,Male,Loan originated,1,480000.0,85.0,4.25,0.75,3,45000.0,21000.0,25000.0,4500.0,18000.0,300,0,0,,Yes,400000.0,1,2,3,1,1,184000.0,168000.0,1010,1111,4.0,5.0,3,3,3,3,6.0,7.0,3,3,3,3,4,4,35-44,9999,Yes,1,1,1,1
2024,12054,MD,24029.0,24029000100.0,FHA:First Lien,Single Family (1-4 Units):Site-Built,Not Hispanic or Latino,Black or African American,Male,Application approved but not accepted,1,320000.0,78.0,3.75,1.0,1,18000.0,9500.0,12000.0,4500.0,6000.0,360,0,0,,No,350000.0,1,1,2,1,1,180000.0,140000.0,1100,1000,3.0,4.0,3,3,3,3,6.0,7.0,3,3,3,3,3,3,41-50,9999,Not Applicable,0,0,1,1
2024,15001,RI,44001.0,44001000100.0,Conventional:First Lien,Single Family (1-4 Units):Site-Built,Not Hispanic or Latino,White,Female,Loan originated,1,305000.0,82.0,4.5,1.0,1,19500.0,9200.0,15000.0,5500.0,7000.0,300,0,0,,No,315000.0,1,1,1,1,1,160000.0,110000.0,1111,1111,2.0,4.0,3,3,4,4,5.0,8.0,4,4,3,3,2,2,50-64,9999,Not Applicable,1,1,1,1
2024,12054,NV,32013.0,32013000100.0,FHA:First Lien,Single Family (1-4 Units):Site-Built,Hispanic or Latino,White,Male,Loan originated,1,335000.0,78.0,4.25,0.5,2,20000.0,10000.0,18500.0,6500.0,6000.0,360,0,0,,Yes,310000.0,2,1,1,2,1,140000.0,120000.0,1111,1111,3.0,3.5,3,3,3,3,6.0,8.0,3,3,3,3,3,3,50-59,9999,Yes,1,1,0,0
2024,35000,CO,08047.0,08047000100.0,Conventional:First Lien,Single Family (1-4 Units):Site-Built,Not Hispanic or Latino,White,Female,Denied by lender,1,432000.0,82.0,3.5,1.0,1,21500.0,9500.0,12000.0,5500.0,7500.0,360,0,0,,No,380000.0,1,1,1,2,1,320000.0,220000.0,1111,1101,4.0,5.0,3,3,3,3,5.0,8.0,3,3,3,3,3,3,55-64,9999,No,0,0,0,1
2024,99999,SC,45016.0,45016000100.0,FHA:First Lien,Single Family (1-4 Units):Site-Built,Not Hispanic or Latino,White,Male,File closed for incompleteness,1,300000.0,83.0,3.75,1.0,1,18000.0,9000.0,12000.0,5000.0,7000.0,300,0,0,,No,300000.0,2,2,2,2,1,180000.0,120000.0,1000,1110,3.0,3.5,3,3,3,3,5.0,7.0,3,3,3,3,4,3,45-54,9999,Yes,1,1,1,1
2024,12054,GA,13121.0,13121010529.0,FHA:First Lien,Single Family (1-4 Units):Site-Built,Ethnicity Not Available,Race Not Available,Sex Not Available,6,32,225000.0,,6.875,,2,16692.05,,10197.8,8302.8,,300.0,,,2,2,2,2,275000.0,1,1,3,5,1,,,,9,9,4.0,4.0,3,3,7.0,7.0,3,3,4,4,3,3,8888,8888,,,3,3
2024,12054,TX,48331.0,48331000100.0,Conventional:First Lien,Single Family (1-4 Units):Site-Built,Hispanic or Latino,White,Female,Loan originated,1,545000.0,76.0,3.5,1.75,1,29000.0,13000.0,18500.0,7500.0,10000.0,360,0,0,,Yes,340000.0,1,1,1,1,1,252000.0,200000.0,1111,1111,3.0,3.5,3,3,3,3,6.0,8.0,3,3,3,3,3,3,45-54,9999,Yes,1,1,1,1
2024,40001,IL,17097.0,17097000100.0,FHA:First Lien,Multifamily (5+ Units):Site-Built,Not Hispanic or Latino,Black or African American,Male,Loan originated,1,310000.0,78.0,3.75,1.0,4,19000.0,8500.0,12000.0,5500.0,6000.0,360,0,0,,Yes,320000.0,1,1,1,1,1,170000.0,140000.0,1111,1011,3.0,4.0,3,3,3,3,5.0,8.0,3,3,3,3,3,3,35-44,9999,Yes,1,1,0,1
2024,12054,WI,55003.0,55003010100.0,Conventional:First Lien,Single Family (1-4 Units):Site-Built,Not Hispanic or Latino,White,Female,Approved,1,350000.0,79.0,4.25,1.25,1,18000.0,9000.0,12000.0,5500.0,7000.0,360,0,0,,Yes,275000.0,2,2,1,1,1,190000.0,160000.0,1011,1111,3.0,4.0,3,3,3,3,6.0,7.0,3,3,3,3,3,3,35-44,9999,Yes,1,1,1,1
2024,12054,OH,39073.0,39073000100.0,FHA:First Lien,Single Family (1-4 Units):Site-Built,Not Hispanic or Latino,White,Female,Application denied,1,510000.0,88.0,4.75,1.0,3,20000.0,10000.0,12000.0,6000.0,6000.0,360,0,0,,No,340000.0,1,1,1,1,1,200000.0,160000.0,1111,1111,3.0,4.0,3,3,3,3,6.0,7.0,3,3,3,3,3,3,60-64,9999,No,1,1,1,1
2024,15001,ID,16017.0,16017000100.0,Conventional:First Lien,Single Family (1-4 Units):Site-Built,Not Hispanic or Latino,White,Male,Loan originated,1,230000.0,80.0,3.5,1.5,0,19000.0,9000.0,12000.0,5000.0,8000.0,300,0,0,,Yes,275000.0,1,1,1,1,1,180000.0,142000.0,1111,1111,3.0,3.5,3,3,4,4,6.0,8.0,4,4,3,3,2,2,50-64,9999,Yes,1,1,1,1
2024,45001,NY,36119.0,36119000100.0,FHA:First Lien,Single Family (1-4 Units):Site-Built,Not Hispanic or Latino,White,Female,Loan originated,1,310000.0,75.0,3.25,1.0,1,21000.0,9000.0,15000.0,6000.0,8000.0,360,0,0,,Yes,300000.0,1,1,1,2,1,200000.0,160000.0,1011,1111,3.0,3.5,3,3,3,3,5.0,8.0,3,3,3,3,2,2,35-44,9999,Yes,1,1,1,1
2024,12054,OR,41003.0,41003010100.0,Conventional:First Lien,Single Family (1-4 Units):Site-Built,Hispanic or Latino,White,Male,Loan originated,1,380000.0,82.0,4.25,1.0,1,18000.0,9500.0,12000.0,5000.0,6000.0,300,0,0,,Yes,300000.0,2,1,1,2,1,195000.0,160000.0,1111,1111,4.0,6.0,3,3,4,4,5.0,8.0,4,4,3,3,3,3,50-59,9999,Yes,1,1,0,0
2024,22153,ME,23001.0,23001000100.0,FHA:First Lien,Single Family (1-4 Units):Site-Built,Not Hispanic or Latino,White,Female,Loan originated,1,410000.0,81.0,5.25,1.25,0,25000.0,12000.0,18000.0,7000.0,10000.0,300,0,0,,Yes,320000.0,1,1,1,2,1,145000.0,100000.0,11,,,,,,,,,,,,,,,,,,,,,,
2024,12054,GA,13121.0,13121010529.0,FHA:First Lien,Single Family (1-4 Units):Site-Built,Not Hispanic or Latino,White,Male,6,32,225000.0,,6.875,,2,16692.05,,10197.8,8302.8,,300.0,,,2,2,2,2,275000.0,1,1,3,5,1,,,,9,9,4.0,4.0,3,3,7.0,7.0,3,3,4,4,3,3,8888,8888,,,3,3
2024,34567,NY,27047.0,34567020130.0,Conventional:First Lien,Single Family (1-4 Units):Site-Built,Ethnicity Not Available,Race Not Available,Sex Not Available,Approve,32,345000.0,,7.125,,3,10234.56,,12345.6,8543.2,,360.0,,,3,3,3,3,400000.0,1,1,4,6,2,16,10.0,8.0,4,4,8.0,8.0,4,4,5,5,5,5,9999,9999,No,,4,4,,,,
2024,55678,TX,35016.0,55678990020.0,FHA:Subordinate Lien,Single Family (1-4 Units):Site-Built,Hispanic or Latino,Hispanic or Latino,Female,Denied,32,550000.0,,6.5,,3,15890.03,,11892.7,7211.3,,240.0,,,2,2,2,2,600000.0,2,2,2,6,1,,84.0,,1,2,3.0,2.0,1,5,5.0,12.0,1,5,3,6,1,6,8888,8888,,,2,2
2024,99999,CT,9150.0,9150708100.0,Conventional:Subordinate Lien,Single Family (1-4 Units):Site-Built,Not Hispanic or Latino,White,Male,File closed for incompleteness,32,25000.0,,,,3,,,,,,240,,,2,2,2,2,,1,1,3,5,1,,96.0,,1111,1111,2.0,5.0,2,4,5.0,8.0,2,4,1,5,2,4,65-74,9999,Yes,,1,1
2024,88888,CA,25996.0,88888030100.0,VA:First Lien,Single Family (1-4 Units):Site-Built,Not Hispanic or Latino,Asian,Male,Approved,32,489000.0,,6.375,,3,15482.34,,12185.4,9543.9,,240.0,,,2,2,2,2,550000.0,1,1,3,5,1,,101.0,,4,3,3.0,5.0,3,3,7.0,9.0,3,3,5,5,3,3,78-85,78-85,Yes,,3,3
2024,33333,FL,11033.0,33333010000.0,FHA:First Lien,Single Family (1-4 Units):Site-Built,Not Hispanic or Latino,Black,Female,Deny,32,600000.0,,6.75,,3,9234.12,,9234.1,2344.5,,300.0,,,2,2,1,2,,1,2,3,5,1,,117.0,,1,1,1.0,6.0,2,4,6.0,8.0,2,4,4,4,1,5,34-45,8888,Yes,,1,1
2024,73555,MI,46168.0,73555030150.0,Conventional:First Lien,Single Family (1-4 Units):Site-Built,Not Hispanic or Latino,White,Male,Approve,32,350000.0,,6.9,,2,10000.0,,10000.0,2000.0,,360.0,,,,3,3,3,3,400000.0,1,1,4,6,2,11,10.0,10.0,4,4,6.0,6.0,1,6,2,5,3,3,78-85,1000,Yes,,3,3,,,
2024,44444,NJ,20259.0,44444040290.0,FHA:Subordinate Lien,Multifamily Housing:Site-Built,Hispanic or Latino,Mexican,Male,Deny,32,280000.0,,6.875,,3,12800.0,,9500.0,3800.0,,360.0,,,3,2,2,2,,1,2,3,5,2,12,15.0,8.0,2,3,5.0,5.0,4,3,3,4,2,5,70-75,78-85,Yes,,2,3,,,,
2024,77777,IL,52003.0,77777030620.0,Conventional:First Lien,Single Family (1-4 Units):Site-Built,Hispanic or Latino,Other Non-Hispanic,Female,Approve,32,620000.0,,7.0,,2,12000.0,,12000.0,2000.0,,240.0,,,2,3,2,2,,1,2,3,4,1,28,9.0,6.0,4,4,3.0,7.0,3,3,4,6,2,4,65-75,78-85,Yes,,1,1,,,,
2024,56789,WA,53021.0,56789708040.0,VA:First Lien,Single Family (1-4 Units):Site-Built,Not Hispanic or Latino,White,Male,Deny,4,245000.0,,6.0,,3,18456.34,,15000.0,3445.34,,360.0,,,3,2,2,2,,2,1,3,5,1,,96.0,,1111,2,1.0,5.0,1,2,5.0,7.0,1,3,2,3,2,2,54-64,78-85,No,,2,2
2024,88888,CA,25996.0,88888030100.0,Conventional:First Lien,Single Family (1-4 Units):Site-Built,Ethnicity Not Available,Race Not Available,Sex Not Available,Approve,32,197000.0,,7.25,,3,15482.34,,12185.4,9543.9,,300.0,,,3,3,3,3,225000.0,1,1,3,5,1,,103.0,,4,3,2.0,5.0,3,3,7.0,9.0,3,3,5,5,1,1,60-75,9999,No,,3,3
2024,29292,OH,49015.0,29292040070.0,FHA:Subordinate Lien,Single Family (1-4 Units):Mobile Home,Not Hispanic or Latino,White,Female,Approve,32,215000.0,,6.875,,2,11234.43,,10234.2,1000.23,,240.0,,,1,2,1,2,,1,1,3,5,1,,105.0,,3,4,3.0,4.0,0,1,6.0,8.0,1,3,3,4,1,1,50-60,9999,No,,3,3
2024,11111,OR,49115.0,11111000010.0,VA:First Lien,Single Family (1-4 Units):Site-Built,Hispanic or Latino,Mexican,Male,Approve,32,188000.0,,6.25,,2,6345.12,,6345.1,865.0,,300.0,,,2,2,2,2,,1,1,3,5,1,,101.0,,10,10,4.0,5.0,2,2,8.0,8.0,2,2,5,5,1,1,34-45,78-85,Yes,,5,5
2024,88888,MA,38011.0,88888112230.0,FHA:First Lien,Single Family (1-4 Units):Site-Built,Not Hispanic or Latino,White,Male,Loan originated,32,250000.0,,6.75,,2,9593.87,,8594.1,1059.23,,240.0,,,2,2,2,2,,1,2,3,5,1,,96.0,,100,2,1.0,5.0,3,4,5.0,6.0,3,4,4,4,1,1,45-54,9999,Yes,,5,5
2024,69696,AL,11110.0,69696100130.0,VA:Subordinate Lien,Multifamily Housing:Site-Built,Not Hispanic or Latino,White,Male,Duplicate,32,125000.0,,6.0,,2,4234.0,,4234.0,0.0,,360.0,,,2,2,2,2,,1,1,3,5,1,,90.0,,34,14,4.0,5.0,1,3,4.0,6.0,1,3,2,5,1,2,60-75,9999,Yes,,1,1
2024,55555,SC,24100.0,55555060200.0,Conventional:First Lien,Single Family (1-4 Units):Site-Built,Not Hispanic or Latino,White,Male,Approve,32,350000.0,,6.25,,3,8576.34,,8576.3,0.0,,300.0,,,2,2,2,2,,1,1,3,5,1,,82.0,,19,19,3.0,3.0,2,2,5.0,7.0,2,2,4,5,1,1,34-45,9999,Yes,,4,4
2024,67676,NC,48027.0,67676043010.0,VA:First Lien,Single Family (1-4 Units):Site-Built,Not Hispanic or Latino,White,Female,Deny,32,169000.0,,6.75,,2,7561.23,,7561.2,0.0,,360.0,,,2,2,2,2,,1,2,3,5,1,,100.0,,2,1,2.0,4.0,0,2,2.0,6.0,0,2,4,4,1,2,54-63,9999,Yes,,4,4
2024,98765,IN,35013.0,98765000070.0,FHA:First Lien,Single Family (1-4 Units):Site-Built,Ethnicity Not Available,Race Not Available,Sex Not Available,Approve,32,65000.0,,6.375,,1,23456.98,,11111.0,12345.98,,360.0,,,1,1,2,1,,1,1,2,5,1,,90.0,,1,1,4.0,4.0,2,2,3.0,4.0,2,2,4,4,1,1,55-65,9999,Yes,,1,1
2024,69123,MO,43009.0,69123090200.0,FHA:Subordinate Lien,Single Family (1-4 Units):Mobile Home,Not Hispanic or Latino,White,Male,Duplicate,32,289000.0,,6.375,,3,1123.34,,1000.0,123.34,,240.0,,,2,2,2,2,,1,1,3,5,1,,89.0,,23,1,3.0,6.0,1,4,5.0,8.0,1,4,3,4,3,3,54-63,9999,Yes,,1,2
2024,43210,GA,13121.0,43210020510.0,Conventional:First Lien,Single Family (1-4 Units):Site-Built,Hispanic or Latino,Other Non-Hispanic,Female,Approve,32,498000.0,,7.0,,3,634.0,,634.0,0.0,,240.0,,0,3,3,3,,1,1,3,6,2,11,8.0,10.0,4,5,2.0,12.0,3,3,3,4,1,1,60-75,78-85,Yes,,2,2,,,,,
2024,88888,CA,25996.0,88888030100.0,FHA:First Lien,Single Family (1-4 Units):Site-Built,Not Hispanic or Latino,White,Male,Loan originated,32,545000.0,,6.125,,3,13456.34,,12185.4,2043.9,,300.0,,,2,2,2,2,600000.0,1,1,3,6,2,,100.0,,11100,21,2.0,4.0,3,3,7.0,7.0,3,3,5,5,2,2,78-85,78-85,Yes,,2,2
2024,33333,FL,11033.0,33333010000.0,Conventional:First Lien,Multifamily Housing:Site-Built,Not Hispanic or Latino,Black,Female,Approve,32,250000.0,,6.0,,2,5000.0,,5000.0,0.0,,360.0,,,2,2,1,2,,1,1,3,5,1,,103.0,,1,2,1.0,4.0,0,0,6.0,7.0,0,2,3,4,1,1,35-45,9999,Yes,,5,5
2024,55555,KY,17003.0,55555030050.0,Conventional:Subordinate Lien,Single Family (1-4 Units):Mobile Home,Not Hispanic or Latino,White,Male,Duplicate,32,325000.0,,6.75,,3,5234.23,,5234.2,0.0,,240.0,,,2,2,2,2,,1,1,3,5,1,,100.0,,11,15,4.0,5.0,2,3,5.0,6.0,2,3,4,4,2,2,45-54,9999,Yes,,3,3
2024,12345,CO,26001.0,12345030100.0,VA:First Lien,Single Family (1-4 Units):Site-Built,Not Hispanic or Latino,White,Male,Approve,32,765000.0,,6.5,,3,4234.98,,4234.9,0.0,,360.0,,,2,2,2,2,,1,1,3,5,1,,98.0,,2,12,4.0,6.0,0,2,5.0,7.0,0,2,2,3,3,3,65-75,9999,Yes,,3,3
2024,77777,MD,25001.0,77777020320.0,Conventional:First Lien,Single Family (1-4 Units):Mobile Home,Not Hispanic or Latino,White,Female,Duplicate,32,425000.0,,6.0,,3,2345.99,,2345.9,0.0,,360.0,,,3,3,1,2,,1,1,3,5,1,,80.0,,10,10,1.0,5.0,1,2,4.0,8.0,1,2,5,5,1,1,45-55,9999,Yes,,2,2
2024,99999,WI,95003.0,99999092510.0,FHA:Subordinate Lien,Single Family (1-4 Units):Site-Built,Hispanic or Latino,Hispanic or Latino,Male,Loan originated,32,250000.0,,6.875,,3,2234.12,,1100.0,1134.12,,240.0,,,2,2,2,2,,1,1,3,5,1,,90.0,,9,0,2.0,5.0,0,0,5.0,7.0,0,0,3,3,1,1,65-75,9999,Yes,,1,2
2024,11111,CA,11111.0,11111010000.0,FHA:First Lien,Single Family (1-4 Units):Site-Built,Hispanic or Latino,Mexican,Male,Approve,32,325000.0,,6.75,,2,1234.56,,1034.5,200.0,,360.0,,,2,2,2,2,,1,1,3,5,1,,100.0,,2,10,3.0,5.0,0,1,4.0,6.0,0,0,3,4,3,3,35-45,8888,Yes,,1,1
2024,43210,TX,35016.0,43210010420.0,FHA:Subordinate Lien,Multifamily Housing:Site-Built,Hispanic or Latino,Mexican,Male,Approve,32,620000.0,,6.5,,2,3456.78,,2456.7,1000.08,,360.0,,,2,3,2,2,,1,1,3,7,1,,100.0,,3,0,2.0,4.0,1,2,3.0,6.0,1,1,4,3,2,2,35-45,9999,No,,3,3
2024,33333,NY,67000.0,33333030100.0,Conventional:First Lien,Single Family (1-4 Units):Site-Built,Not Hispanic or Latino,White,Male,Deny,32,310000.0,,7.25,,3,4567.12,,2345.0,2222.12,,240.0,,,2,3,2,2,,1,1,3,5,1,,105.0,,2,0,4.0,5.0,2,1,4.0,7.0,2,3,4,6,3,3,78-85,9999,Yes,,5,5
2024,88888,GA,13121.0,88888100000.0,FHA:First Lien,Multifamily Housing:Site-Built,Not Hispanic or Latino,White,Male,Duplicate,32,420000.0,,6.375,,3,1234.88,,1100.0,134.88,,360.0,,,2,2,2,2,,1,1,3,5,1,,80.0,,23,1,3.0,4.0,2,1,6.0,7.0,2,1,3,4,2,2,50-60,9999,Yes,,3,3
2024,99999,VA,56010.0,99999030020.0,FHA:First Lien,Single Family (1-4 Units):Site-Built,Ethnicity Not Available,Race Not Available,Sex Not Available,Approve,32,550000.0,,6.25,,3,7112.34,,6112.3,1000.04,,240.0,,,3,2,2,2,,2,1,3,5,1,,96.0,,9111,11000,2.0,5.0,2,3,5.0,8.0,2,3,4,5,2,2,60-75,78-85,Yes,,2,2
2024,44444,MA,38011.0,44444010200.0,FHA:Subordinate Lien,Single Family (1-4 Units):Mobile Home,Not Hispanic or Latino,White,Male,Duplicate,32,280000.0,,6.75,,3,2878.0,,2555.0,323.0,,360.0,,,2,2,2,2,,1,1,3,5,1,,105.0,,100,2,1.0,5.0,3,2,4.0,6.0,3,2,4,6,3,3,45-50,8888,Yes,,3,3
2024,73555,NV,12014.0,73555002000.0,FHA:First Lien,Single Family (1-4 Units):Site-Built,Hispanic or Latino,Hispanic or Latino,Male,Approved,32,239000.0,,6.444,,3,9999.99,,4999.9,5000.09,,240.0,,,2,2,2,1,,1,1,3,5,1,,101.0,,20001,0,2.0,6.0,3,3,6.0,4.0,3,3,3,3,2,2,34-45,78-85,Yes,,3,3
2024,77777,AR,05031.0,77777010830.0,Conventional:Subordinate Lien,Single Family (1-4 Units):Site-Built,Ethnicity Not Available,Race Not Available,Sex Not Available,Duplicate,32,123000.0,,6.5,,3,4000.12,,2234.0,1766.12,,360.0,,,2,2,2,2,,1,1,3,7,1,,84.0,,2,0,3.0,5.0,2,2,5.0,7.0,2,2,5,6,3,3,35-45,8888,Yes,,1,1
2024,34567,ME,18001.0,34567040000.0,Conventional:First Lien,Single Family (1-4 Units):Site-Built,Hispanic or Latino,Mexican,Male,Approve,32,245000.0,,6.875,,2,6784.34,,4567.2,2217.14,,360.0,,,3,4,2,2,,2,2,2,5,1,,80.0,,111,33,1.0,3.0,0,2,6.0,7.0,0,2,3,6,4,4,78-85,9999,No,,3,3
2024,99999,FL,11033.0,99999990010.0,FHA:First Lien,Single Family (1-4 Units):Site-Built,Hispanic or Latino,Hispanic or Latino,Female,Approve,32,534000.0,,6.75,,2,11000.0,,9000.0,2000.0,,240.0,,,2,2,2,2,,1,1,3,5,1,,102.0,,201,100,3.0,5.0,1,3,7.0,7.0,1,3,2,4,1,1,35-45,8888,Yes,,1,2
2024,55555,MN,27047.0,55555030100.0,FHA:Subordinate Lien,Single Family (1-4 Units):Site-Built,Not Hispanic or Latino,White,Male,Approved,32,140000.0,,6.5,,3,6543.21,,5432.0,1111.21,,240.0,,,2,2,2,2,,1,1,3,5,1,,100.0,,22,1,3.0,4.0,2,2,5.0,6.0,2,2,4,5,1,1,60-75,9999,Yes,,5,5
2024,12345,CO,26001.0,12345020100.0,VA:First Lien,Single Family (1-4 Units):Mobile Home,Not Hispanic or Latino,White,Male,Duplicate,32,700000.0,,6.75,,3,2222.99,,1444.4,778.59,,360.0,,,2,2,2,2,,1,2,3,5,1,,100.0,,111,11,2.0,5.0,1,2,5.0,7.0,1,2,4,5,1,1,65-75,9999,Yes,,1,1
2024,33333,PA,42127.0,33333010200.0,Conventional:First Lien,Multifamily Housing:Site-Built,Ethnicity Not Available,Race Not Available,Sex Not Available,Loan originated,32,210000.0,,6.25,,3,4567.12,,3456.0,1111.12,,360.0,,,3,3,1,2,,1,1,3,5,1,,100.0,,1,111,2.0,6.0,2,1,5.0,5.0,2,1,3,5,3,3,35-45,9999,No,,3,3
2024,67676,NY,36061.0,67676010100.0,FHA:First Lien,Multifamily Housing:Site-Built,Hispanic or Latino,Hispanic or Latino,Female,Duplicate,32,785000.0,,6.444,,2,4545.21,,2405.2,2140.01,,360.0,,,3,2,2,2,,1,1,3,5,1,,104.0,,1,1,2.0,5.0,2,2,5.0,7.0,2,2,5,4,1,2,45-55,9999,Yes,,1,2
2024,77777,VT,50001.0,77777020200.0,Conventional:First Lien,Single Family (1-4 Units):Site-Built,Ethnicity Not Available,Race Not Available,Sex Not Available,Approve,32,111000.0,,6.75,,3,1023.95,,1000.0,23.95,,240.0,,,2,2,1,2,,1,1,3,5,1,,105.0,,555,1,1.0,4.0,2,2,5.0,7.0,2,2,6,6,1,1,55-65,9999,Yes,,3,3
2024,34567,OH,49015.0,34567010100.0,FHA:First Lien,Multifamily Housing:Site-Built,Not Hispanic or Latino,White,Male,Duplicate,32,250000.0,,6.75,,3,3344.63,,1234.1,2110.53,,360.0,,,2,3,2,2,,1,1,3,5,1,,98.0,,555,1,2.0,5.0,2,2,5.0,7.0,2,2,4,4,2,2,45-55,9999,Yes,,3,3
2024,87878,WI,95003.0,87878000510.0,VA:Subordinate Lien,Single Family (1-4 Units):Mobile Home,Hispanic or Latino,Mexican,Male,Approved,32,120000.0,,6.0,,2,1234.43,,1200.0,34.43,,240.0,,,2,2,2,2,,1,1,3,5,1,,100.0,,1,111,3.0,5.0,1,1,5.0,5.0,1,1,5,4,1,1,55-64,9999,Yes,,3,3
2024,22222,,,,,,,,,,,,,,,,,,,,,,,,,,,,,,,,,,,,,,,,,,,,,,,,,,,,,,,,
2024,99999,CA,6001.0,60010981700.0,Conventional:First Lien,Single Family (1-4 Units):Site-Built,Not Hispanic or Latino,White,Male,Loan originations,1,450000.0,85.0,6.5,2.2,1,3400.0,2250.0,1500.0,750.0,700.0,360,0,0,0,0,0,0,0,1,1,3,5,1,0,225000.0,1,1,3,5,1,0,120.0,2,2,1,0,60,62,302000.0,302000.0,1,1,1,1,1,1
2024,99999,TX,48167.0,48167038020.0,VA:First Lien,Single Family (1-4 Units):Site-Built,Hispanic or Latino,Hispanic or Latino,Male,Loan originations,1,325000.0,90.0,5.75,1.5,3,2500.0,1250.0,500.0,200.0,800.0,360,0,0,1,0,0,0,0,1,1,3,5,1,0,150000.0,1,1,3,5,1,0,90.0,1,2,0,0,55,58,175000.0,180000.0,0,0,0,0,0,0
2024,13041,FL,12095.0,12095070300.0,FHA:First Lien,Single Family (1-4 Units):Site-Built,Not Hispanic or Latino,Black,Male,Loan originations,32,280000.0,87.5,6.25,1.85,2,2100.0,1500.0,450.0,300.0,700.0,360,0,0,0,0,1,0,0,1,1,5,5,1,0,140000.0,1,1,3,5,1,0,96.0,2,2,0,0,57,55,185000.0,190000.0,1,1,0,0,0,0
2024,99999,AZ,04005.0,04005030300.0,Conventional:First Lien,Single Family (1-4 Units):Site-Built,Not Hispanic or Latino,White,Female,Loan originations,1,420000.0,82.5,6.2,1.95,1,3200.0,2000.0,1200.0,400.0,800.0,360,0,0,0,0,0,0,0,1,1,3,3,1,0,230000.0,1,1,3,3,1,0,110.0,1,2,0,0,60,62,210000.0,215000.0,1,1,1,1,1,1
2024,99999,MN,27017.0,27017010100.0,Conventional:First Lien,Single Family (1-4 Units):Site-Built,Ethnicity Not Available,Race Not Available,Sex Not Available,Loan originations,3,185000.0,85.0,7.0,2.0,3,1800.0,1100.0,1000.0,350.0,700.0,300,0,0,0,0,1,0,0,1,1,3,5,1,0,120000.0,1,1,3,5,1,0,105.0,2,2,0,0,61,60,180000.0,185000.0,0,0,1,1,0,0
2024,99999,NY,36061.0,36061001000.0,FHA:First Lien,Single Family (1-4 Units):Site-Built,Ethnicity Not Available,Race Not Available,Sex Not Available,Loan originations,32,320000.0,88.0,6.0,2.1,2,2025.0,1000.0,320.0,300.0,645.0,360,0,0,0,1,0,0,0,1,1,3,5,1,0,140000.0,1,1,3,5,1,0,90.0,1,2,0,0,62,62,170000.0,200000.0,0,0,0,0,0,0
2024,13041,NC,37003.0,37003010900.0,VA:First Lien,Single Family (1-4 Units):Site-Built,Ethnicity Not Available,Race Not Available,Sex Not Available,Application approved but not accepted,1,290000.0,92.0,5.0,0.85,1,2100.0,860.0,750.0,150.0,1000.0,360,0,0,0,0,0,0,0,1,1,3,5,1,0,130000.0,1,1,3,5,1,0,100.0,2,2,1,1,58,60,155000.0,170000.0,1,1,0,0,0,0
2024,99999,WA,53033.0,53033989000.0,Conventional:Subordinate Lien,Multi-Family:Site-Built,Hispanic or Latino,Hispanic or Latino,Male,Loan originations,1,150000.0,90.0,5.75,1.5,3,1100.0,420.0,340.0,90.0,700.0,360,0,0,0,0,1,0,1,1,1,3,5,1,1,280000.0,1,1,3,5,1,0,160.0,2,2,0,0,48,58,165000.0,170000.0,0,1,1,1,0,0
2024,99999,MD,24005.0,24005063000.0,FHA:First Lien,Single Family (1-4 Units):Site-Built,Not Hispanic or Latino,White,Male,Loan originations,1,505000.0,90.0,6.25,1.8,3,3500.0,2700.0,1900.0,800.0,800.0,360,0,0,0,0,0,0,0,1,1,3,5,1,0,322500.0,1,1,3,5,1,0,140.0,2,2,0,0,62,64,425000.0,430000.0,0,0,1,1,0,0
2024,99999,OR,41051.0,41051001200.0,Conventional:First Lien,Single Family (1-4 Units):Site-Built,Not Hispanic or Latino,White,Male,Loan originations,5,295000.0,87.0,6.0,2.0,2,2300.0,1600.0,1000.0,400.0,700.0,300,0,0,0,0,0,0,0,1,1,3,5,1,0,177500.0,1,1,3,5,1,0,110.0,1,2,0,0,65,60,220000.0,210000.0,1,1,0,0,0,0
2024,99999,CO,08031.0,08031040200.0,VA:Subordinate Lien,Single Family (1-4 Units):Site-Built,Ethnicity Not Available,Race Not Available,Sex Not Available,Loan originations,32,300000.0,88.5,5.75,1.45,3,2200.0,1250.0,950.0,300.0,700.0,360,0,0,0,0,0,0,0,1,1,3,5,1,1,180000.0,1,1,3,5,1,0,110.0,2,2,0,0,60,59,190000.0,200000.0,0,0,0,0,1,1
2024,99999,WI,55019.0,55019018300.0,FHA:First Lien,Single Family (1-4 Units):Site-Built,Hispanic or Latino,Hispanic or Latino,Female,Loan originations,1,235000.0,90.0,6.25,2.0,2,2100.0,1250.0,750.0,250.0,700.0,360,0,0,0,0,0,0,0,1,1,3,5,1,1,160000.0,1,1,3,5,1,0,80.0,2,2,0,0,59,62,165000.0,170000.0,0,0,0,0,0,0
2024,99999,DE,10003.0,10003000100.0,Conventional:First Lien,Single Family (1-4 Units):Site-Built,Hispanic or Latino,White,Female,Loan originations,1,270000.0,87.0,6.5,1.7,3,2500.0,1500.0,900.0,300.0,700.0,300,0,0,0,0,0,0,0,1,1,3,5,1,0,275000.0,1,1,3,5,1,0,112.0,2,2,1,0,62,61,195000.0,190000.0,0,1,1,1,0,0
2024,99999,IN,18067.0,18067020100.0,Conventional:First Lien,Single Family (1-4 Units):Site-Built,Ethnicity Not Available,Race Not Available,Sex Not Available,Application approved but not accepted,1,310000.0,92.0,6.5,1.95,2,2500.0,1250.0,550.0,300.0,900.0,360,0,0,0,0,0,0,0,1,1,3,5,1,0,175000.0,1,1,3,5,1,0,100.0,1,2,1,0,58,55,160000.0,155000.0,1,1,1,1,1,1
2024,13041,GA,13121.0,13121010490.0,Conventional:First Lien,Single Family (1-4 Units):Site-Built,Not Hispanic or Latino,Hispanic or Latino,Female,Loan originations,1,198000.0,89.1,6.25,1.85,2,1800.0,1000.0,300.0,200.0,700.0,360,0,0,0,0,0,0,0,1,1,3,5,1,0,200000.0,1,1,3,5,1,0,110.0,2,2,0,0,55,61,160000.0,170000.0,1,1,0,0,0,0
2024,99999,IA,19005.0,19005012000.0,FHA:First Lien,Single Family (1-4 Units):Site-Built,Not Hispanic or Latino,White,Male,Loan originations,1,222000.0,91.0,5.5,1.75,3,1500.0,1000.0,250.0,450.0,600.0,360,0,0,0,0,1,0,0,1,1,3,5,1,0,120000.0,1,1,3,5,1,0,85.0,2,2,0,0,62,58,175000.0,180000.0,0,0,0,0,0,0
2024,13041,TX,48073.0,48073010100.0,Conventional:First Lien,Single Family (1-4 Units):Site-Built,Not Hispanic or Latino,White,Male,Loan originations,1,435000.0,86.0,6.5,1.85,3,3600.0,2500.0,1000.0,700.0,900.0,360,0,0,0,0,0,0,0,1,1,3,3,1,0,225000.0,1,1,3,5,1,0,120.0,2,2,0,0,50,48,200000.0,205000.0,0,0,1,1,0,0
2024,99999,NJ,34013.0,34013070300.0,Conventional:First Lien,Single Family (1-4 Units):Site-Built,Not Hispanic or Latino,White,Male,Loan originations,1,465000.0,82.0,7.0,2.0,1,3650.0,2800.0,1200.0,600.0,650.0,360,0,0,0,0,0,0,0,1,1,3,5,1,0,300000.0,1,1,3,5,1,0,100.0,2,2,0,0,58,59,220000.0,225000.0,0,0,1,1,1,1
2024,99999,MN,27023.0,27023011100.0,FHA:First Lien,Single Family (1-4 Units):Site-Built,Ethnicity Not Available,Race Not Available,Sex Not Available,Loan originations,5,330000.0,85.0,6.25,1.88,2,2800.0,1800.0,1000.0,500.0,800.0,360,0,0,0,0,0,0,0,1,1,3,5,1,0,180000.0,1,1,3,5,1,0,90.0,2,2,0,0,60,61,170000.0,175000.0,0,0,0,0,1,0
2024,99999,NV,32003.0,32003930000.0,Conventional:First Lien,Single Family (1-4 Units):Site-Built,Not Hispanic or Latino,White,Male,Loan originations,1,340000.0,85.0,6.0,1.95,1,2700.0,1500.0,800.0,250.0,900.0,360,0,0,0,0,0,0,0,1,1,3,5,1,0,215000.0,1,1,3,5,1,0,110.0,2,2,0,0,62,64,210000.0,215000.0,1,1,0,0,0,0
2024,13041,FL,12021.0,12021010800.0,Conventional:First Lien,Single Family (1-4 Units):Site-Built,Not Hispanic or Latino,White,Female,Loan originations,1,295000.0,86.5,5.75,2.0,3,2200.0,1900.0,880.0,200.0,700.0,360,0,0,0,0,0,0,0,1,1,3,5,1,0,150000.0,1,1,3,5,1,0,95.0,2,2,0,0,61,63,190000.0,195000.0,1,1,1,1,1,1
2024,99999,OH,39077.0,39077050300.0,FHA:First Lien,Single Family (1-4 Units):Site-Built,Ethnicity Not Available,Race Not Available,Sex Not Available,Loan originations,5,270000.0,90.0,6.25,1.95,2,2100.0,1500.0,680.0,200.0,800.0,360,0,0,0,0,0,0,0,1,1,3,5,1,0,190000.0,1,1,3,5,1,0,110.0,2,2,0,0,60,61,220000.0,230000.0,0,0,1,1,0,0
2024,99999,IL,17075.0,17075030400.0,Conventional:First Lien,Single Family (1-4 Units):Site-Built,Ethnicity Not Available,Race Not Available,Sex Not Available,Application approved but not accepted,1,300000.0,85.0,6.75,2.15,2,2300.0,1400.0,400.0,300.0,800.0,360,0,0,0,0,0,0,0,1,1,3,5,1,0,200000.0,1,1,3,5,1,0,115.0,2,2,0,0,62,60,230000.0,235000.0,0,0,0,0,0,0
2024,99999,NM,35019.0,35019010300.0,FHA:First Lien,Single Family (1-4 Units):Site-Built,Not Hispanic or Latino,White,Female,Loan originations,1,285000.0,90.5,6.25,1.85,2,2150.0,1400.0,800.0,300.0,700.0,360,0,0,0,0,0,0,0,1,1,3,5,1,0,150000.0,1,1,3,5,1,0,125.0,2,2,0,0,63,60,200000.0,200000.0,0,0,0,0,1,1
2024,99999,VA,51115.0,51115000100.0,Conventional:First Lien,Single Family (1-4 Units):Site-Built,Ethnicity Not Available,Race Not Available,Sex Not Available,Loan originations,3,345000.0,86.0,6.35,2.0,3,2850.0,1600.0,750.0,400.0,800.0,360,0,0,0,0,0,0,0,1,1,3,5,1,0,220000.0,1,1,3,5,1,0,112.0,2,2,0,0,58,59,180000.0,190000.0,1,1,0,0,0,0
2024,99999,MA,25009.0,25009030700.0,FHA:First Lien,Single Family (1-4 Units):Site-Built,Hispanic or Latino,Hispanic or Latino,Male,Loan originations,32,260000.0,90.0,5.85,2.25,3,2000.0,1200.0,690.0,200.0,600.0,360,0,0,0,0,1,0,0,1,1,3,5,1,0,200000.0,1,1,3,5,1,0,120.0,2,2,0,0,60,61,195000.0,200000.0,0,0,0,0,0,0
2024,99999,MO,29189.0,29189010150.0,Conventional:First Lien,Single Family (1-4 Units):Site-Built,Not Hispanic or Latino,White,Female,Loan originations,1,425000.0,83.0,6.1,2.3,1,3400.0,1850.0,1100.0,450.0,900.0,360,0,0,0,0,0,0,0,1,1,3,5,1,0,230000.0,1,1,3,5,1,0,105.0,2,2,0,0,62,63,200000.0,205000.0,0,0,0,0,1,1
2024,99999,CA,37051.0,37051090300.0,FHA:First Lien,Single Family (1-4 Units):Site-Built,Hispanic or Latino,White,Female,Approve,32,425000.0,,5.75,,3,,2640.0,,950.0,1690.0,,360.0,,,2,2,2,2,450000.0,1,1,3,5,1,,104.0,,1111,1111,2.0,4.0,2,4,7.0,9.0,2,4,1,5,2,4,65-74,9999,Yes,,1
2024,12054,FL,12023.0,12023005500.0,Conventional:First Lien,Single Family (1-4 Units):Site-Built,Not Hispanic or Latino,Black,Male,Deny,1,350000.0,,4.5,,3,,1500.0,,750.0,750.0,,300.0,,,2,2,2,2,380000.0,1,1,3,5,1,,110.0,,3,10,1.0,3.0,2,4,5.0,7.0,2,4,1,5,2,4,65-74,9999,Yes,,1
2024,20001,CO,08049.0,08049011200.0,FHA:Subordinate Lien,Single Family (1-4 Units):Site-Built,Hispanic or Latino,Asian,Male,Conditionally Approve,32,275000.0,,6.5,,3,,1200.0,,500.0,700.0,,360.0,,,2,2,2,2,290000.0,1,1,3,5,1,,111.0,,3,10,1.0,3.0,2,4,6.0,8.0,2,4,1,5,2,4,65-74,9999,Yes,,1
2024,20137,VA,51715.0,51715540203.0,VA:First Lien,Single Family (1-4 Units):Site-Built,Not Hispanic or Latino,White,Male,Purchase,32,195000.0,,5.25,,3,,1400.0,,600.0,800.0,,360.0,,,2,2,2,2,200000.0,1,1,3,5,1,,99.0,,3,10,1.0,3.0,2,4,5.0,7.0,2,4,1,5,2,4,65-74,9999,Yes,,1
2024,19039,MI,26117.0,26117041400.0,FHA:First Lien,Single Family (1-4 Units):Site-Built,Not Hispanic or Latino,White,Female,Rate Reduction Refinance,32,345000.0,,6.25,,1,,1200.0,,700.0,500.0,,360.0,,,2,2,2,2,370000.0,1,1,3,5,1,,108.0,,3,10,2.0,4.0,2,4,7.0,9.0,2,4,1,5,2,4,65-74,9999,Yes,,1
2024,55001,GA,13205.0,13205051000.0,Conventional:First Lien,Single Family (1-4 Units):Site-Built,Not Hispanic or Latino,Black,Female,Approve,1,365000.0,,5.0,,3,,1500.0,,800.0,700.0,,300.0,,,2,2,2,2,370000.0,1,1,3,5,1,,101.0,,3,10,1.0,3.0,2,4,6.0,8.0,2,4,1,5,2,4,65-74,9999,Yes,,1
2024,12203,CA,37051.0,37051090300.0,FHA:Subordinate Lien,Single Family (1-4 Units):Site-Built,Husban Hispanic or Latino,White,Male,Deny,1,275000.0,,6.5,,3,,1800.0,,900.0,900.0,,300.0,,,2,2,2,2,290000.0,1,1,3,5,1,,106.0,,3,10,1.0,3.0,2,4,5.0,7.0,2,4,1,5,2,4,65-74,9999,Yes,,1
2024,47095,TX,48085.0,48085040700.0,VA:First Lien,Single Family (1-4 Units):Site-Built,Not Hispanic or Latino,White,Male,Refinance,32,385000.0,,5.75,,1,,1600.0,,750.0,850.0,,300.0,,,2,2,2,2,400000.0,1,1,3,5,1,,105.0,,3,10,1.0,3.0,2,4,5.0,8.0,2,4,1,5,2,4,65-74,9999,Yes,,1
2024,20271,OH,39025.0,39025041000.0,Conventional:First Lien,Single Family (1-4 Units):Site-Built,Hispanic or Latino,White,Male,Reject,1,285000.0,,6.25,,1,,1600.0,,800.0,800.0,,360.0,,,2,2,2,2,290000.0,1,1,3,5,1,,103.0,,3,10,1.0,3.0,2,4,6.0,8.0,2,4,1,5,2,4,65-74,9999,Yes,,1
2024,20285,WA,53033.0,53033020100.0,FHA:First Lien,Single Family (1-4 Units):Site-Built,Not Hispanic or Latino,White,Female,Approve,32,410000.0,,5.5,,3,,1400.0,,700.0,700.0,,360.0,,,2,2,2,2,430000.0,1,1,3,5,1,,106.0,,3,10,1.0,3.0,2,4,7.0,9.0,2,4,1,5,2,4,65-74,9999,Yes,,1
2024,13017,GA,13121.0,13121010529.0,VA:First Lien,Single Family (1-4 Units):Site-Built,Not Hispanic or Latino,White,Male,Purchase,1,195000.0,,5.25,,1,,1300.0,,500.0,800.0,,300.0,,,2,2,2,2,200000.0,1,1,3,5,1,,102.0,,3,10,1.0,3.0,2,4,5.0,7.0,2,4,1,5,2,4,65-74,9999,Yes,,1
2024,26093,MD,24031.0,24031020700.0,FHA:First Lien,Single Family (1-4 Units):Site-Built,Not Hispanic or Latino,Asian,Female,Approve,32,235000.0,,5.375,,1,,1400.0,,600.0,800.0,,360.0,,,2,2,2,2,250000.0,1,1,3,5,1,,100.0,,3,10,2.0,4.0,2,4,6.0,8.0,2,4,1,5,2,4,65-74,9999,Yes,,1
2024,11023,IL,17093.0,17093030300.0,FHA:Subordinate Lien,Single Family (1-4 Units):Site-Built,Not Hispanic or Latino,White,Male,Deny,1,315000.0,,6.0,,3,,1100.0,,600.0,500.0,,300.0,,,2,2,2,2,330000.0,1,1,3,5,1,,106.0,,3,10,1.0,3.0,2,4,5.0,7.0,2,4,1,5,2,4,65-74,9999,Yes,,1
2024,55047,GA,13121.0,13121010529.0,FHA:First Lien,Single Family (1-4 Units):Site-Built,Not Hispanic or Latino,White,Male,Approve,1,225000.0,,5.625,,3,,1300.0,,500.0,800.0,,360.0,,,2,2,2,2,230000.0,1,1,3,5,1,,105.0,,3,10,1.0,3.0,2,4,5.0,8.0,2,4,1,5,2,4,65-74,9999,Yes,,1
2024,28017,MN,27019.0,27019110100.0,VA:First Lien,Single Family (1-4 Units):Site-Built,Island of Puerto Rico,White,Male,Purchase,32,400000.0,,5,,1,,1400.0,,600.0,800.0,,360.0,,,2,2,2,2,415000.0,1,1,3,5,1,,110.0,,3,10,1.0,3.0,2,4,7.0,9.0,2,4,1,5,2,4,65-74,9999,Yes,,1
2024,11081,IL,17019.0,17019040600.0,FHA:First Lien,Single Family (1-4 Units):Site-Built,Not Hispanic or Latino,White,Male,Approve,1,195000.0,,5.75,,3,,1200.0,,500.0,700.0,,300.0,,,2,2,2,2,200000.0,1,1,3,5,1,,111.0,,3,10,1.0,3.0,2,4,7.0,9.0,2,4,1,5,2,4,65-74,9999,Yes,,1
2024,20041,OH,39085.0,39085030700.0,Conventional:First Lien,Single Family (1-4 Units):Site-Built,Hispanic or Latino,White,Female,Approve,32,275000.0,,5.875,,3,,1500.0,,700.0,800.0,,360.0,,,2,2,2,2,280000.0,1,1,3,5,1,,101.0,,3,10,1.0,3.0,2,4,6.0,8.0,2,4,1,5,2,4,65-74,9999,Yes,,1
2024,33029,NY,36083.0,36083070200.0,FHA:First Lien,Single Family (1-4 Units):Site-Built,Not Hispanic or Latino,White,Male,Purchase,32,365000.0,,5.5,,1,,1400.0,,600.0,800.0,,300.0,,,2,2,2,2,380000.0,1,1,3,5,1,,100.0,,3,10,1.0,3.0,2,4,5.0,7.0,2,4,1,5,2,4,75-84,9999,Yes,,1
2024,17069,IL,17073.0,17073040300.0,FHA:Subordinate Lien,Single Family (1-4 Units):Site-Built,Not Hispanic or Latino,White,Female,Approve,32,265000.0,,5.0,,3,,1500.0,,750.0,750.0,,360.0,,,2,2,2,2,275000.0,1,1,3,5,1,,96.0,,3,10,1.0,3.0,2,4,6.0,8.0,2,4,1,5,2,4,65-74,9999,Yes,,1
2024,30059,MT,30007.0,30007010100.0,FHA:First Lien,Single Family (1-4 Units):Site-Built,Not Hispanic or Latino,White,Male,Approve,32,305000.0,,6.125,,3,,1200.0,,600.0,600.0,,300.0,,,2,2,2,2,310000.0,1,1,3,5,1,,107.0,,3,10,1.0,3.0,2,4,7.0,9.0,2,4,1,5,2,4,65-74,9999,Yes,,1
2024,47095,TX,48121.0,48121060700.0,FHA:Subordinate Lien,Single Family (1-4 Units):Site-Built,Hispanics or Latinos of any race,Black,Male,Reject,32,260000.0,,6.25,,3,,1200.0,,500.0,700.0,,360.0,,,2,2,2,2,270000.0,1,1,3,5,1,,98.0,,3,10,1.0,3.0,2,4,5.0,7.0,2,4,1,5,2,4,65-74,9999,Yes,,1
2024,21035,KY,21123.0,21123040700.0,Conventional:First Lien,Single Family (1-4 Units):Site-Built,Not Hispanic or Latino,Asian,Female,Deny,1,345000.0,,5.75,,1,,1300.0,,700.0,600.0,,300.0,,,2,2,2,2,350000.0,1,1,3,5,1,,104.0,,3,10,1.0,3.0,2,4,6.0,8.0,2,4,1,5,2,4,65-74,9999,Yes,,1
2024,33029,NY,36083.0,36083070300.0,FHA:First Lien,Single Family (1-4 Units):Site-Built,Not Hispanic or Latino,Asian,Male,Approve,32,255000.0,,5.0,,3,,1500.0,,700.0,800.0,,360.0,,,2,2,2,2,260000.0,1,1,3,5,1,,105.0,,3,10,2.0,4.0,2,4,7.0,9.0,2,4,1,5,2,4,75-84,9999,Yes,,1
2024,21087,KS,20077.0,20077020700.0,FHA:First Lien,Single Family (1-4 Units):Site-Built,Not Hispanic or Latino,White,Male,Approve,32,290000.0,,5.75,,3,,1400.0,,600.0,800.0,,300.0,,,2,2,2,2,300000.0,1,1,3,5,1,,105.0,,3,10,1.0,3.0,2,4,6.0,7.0,2,4,1,5,2,4,65-74,9999,Yes,,1
2024,21035,KY,21015.0,21015011200.0,VA:First Lien,Single Family (1-4 Units):Site-Built,Not Hispanic or Latino,White,Female,Purchase,1,305000.0,,6.0,,1,,1400.0,,600.0,800.0,,360.0,,,2,2,2,2,310000.0,1,1,3,5,1,,103.0,,3,10,1.0,3.0,2,4,5.0,7.0,2,4,1,5,2,4,75-84,9999,Yes,,1
2024,47095,TX,48085.0,48085040700.0,FHA:Subordinate Lien,Single Family (1-4 Units):Site-Built,Hispanics or Latinos of any race,White,Male,Refinance,32,310000.0,,5.25,,3,,1200.0,,500.0,700.0,,360.0,,,2,2,2,2,320000.0,1,1,3,5,1,,97.0,,3,10,2.0,4.0,2,4,5.0,8.0,2,4,1,5,2,4,65-74,9999,Yes,,1
2024,20077,OH,39025.0,39025041000.0,VA:First Lien,Single Family (1-4 Units):Site-Built,Husban Hispanic or Latino,White,Female,Deny,1,270000.0,,6,,3,,1500.0,,800.0,700.0,,300.0,,,2,2,2,2,280000.0,1,1,3,5,1,,100.0,,3,10,1.0,3.0,2,4,5.0,7.0,2,4,1,5,2,4,65-74,9999,Yes,,1
2024,17069,IL,17073.0,17073040300.0,VA:First Lien,Single Family (1-4 Units):Site-Built,Not Hispanic or Latino,White,Male,Approve,32,255000.0,,5.5,,1,,1300.0,,600.0,700.0,,360.0,,,2,2,2,2,260000.0,1,1,3,5,1,,104.0,,3,10,2.0,4.0,2,4,6.0,8.0,2,4,1,5,2,4,75-84,9999,Yes,,1
2024,21105,KY,21123.0,21123040700.0,FHA:First Lien,Single Family (1-4 Units):Site-Built,Hispanics or Latinos of any race,Black,Male,Purchase,32,235000.0,,6.25,,3,,1200.0,,600.0,600.0,,300.0,,,2,2,2,2,245000.0,1,1,3,5,1,,100.0,,3,10,1.0,3.0,2,4,5.0,7.0,2,4,1,5,2,4,65-74,9999,Yes,,1
2024,33047,NY,36083.0,36083070300.0,FHA:First Lien,Single Family (1-4 Units):Site-Built,Hispanics or Latinos of any race,Asian,Male,Approve,32,265000.0,,5.5,,1,,1100.0,,500.0,600.0,,300.0,,,2,2,2,2,270000.0,1,1,3,5,1,,101.0,,3,10,1.0,3.0,2,4,7.0,9.0,2,4,1,5,2,4,65-74,9999,Yes,,1
2024,30059,MT,30007.0,30007010100.0,FHA:First Lien,Single Family (1-4 Units):Site-Built,Hispanics or Latinos of any race,White,Female,Approve,32,325000.0,,5.75,,3,,1200.0,,600.0,600.0,,300.0,,,2,2,2,2,330000.0,1,1,3,5,1,,99.0,,3,10,1.0,3.0,2,4,5.0,7.0,2,4,1,5,2,4,65-74,9999,Yes,,1
2024,21061,KY,21109.0,21109010400.0,VA:First Lien,Single Family (1-4 Units):Site-Built,Not Hispanic or Latino,White,Male,Purchase,1,350000.0,,6.0,,1,,1400.0,,600.0,800.0,,360.0,,,2,2,2,2,365000.0,1,1,3,5,1,,109.0,,3,10,1.0,3.0,2,4,5.0,7.0,2,4,1,5,2,4,75-84,9999,Yes,,1
2024,21061,KY,21057.0,21057020100.0,FHA:Subordinate Lien,Single Family (1-4 Units):Site-Built,Hispanics or Latinos of any race,Black,Male,Approve,1,230000.0,,6.25,,3,,1100.0,,500.0,600.0,,300.0,,,2,2,2,2,240000.0,1,1,3,5,1,,104.0,,3,10,1.0,3.0,2,4,6.0,8.0,2,4,1,5,2,4,65-74,9999,Yes,,1
2024,19417,WI,55007.0,55007100100.0,FHA:First Lien,Single Family (1-4 Units):Site-Built,Not Hispanic or Latino,White,Female,Approve,32,320000.0,,5.25,,3,,1400.0,,600.0,800.0,,300.0,,,2,2,2,2,330000.0,1,1,3,5,1,,103.0,,3,10,1.0,3.0,2,4,5.0,7.0,2,4,1,5,2,4,65-74,9999,Yes,,1
2024,13169,GA,13121.0,13121010529.0,FHA:First Lien,Single Family (1-4 Units):Site-Built,Hispanics or Latinos of any race,White,Male,Deny,1,260000.0,,6.0,,3,,1200.0,,500.0,700.0,,300.0,,,2,2,2,2,270000.0,1,1,3,5,1,,101.0,,3,10,1.0,3.0,2,4,5.0,8.0,2,4,1,5,2,4,65-74,9999,Yes,,1
2024,21035,KY,21057.0,21057020100.0,FHA:First Lien,Single Family (1-4 Units):Site-Built,Husban Hispanic or Latino,White,Male,Approve,32,245000.0,,5.75,,3,,1500.0,,800.0,700.0,,360.0,,,2,2,2,2,250000.0,1,1,3,5,1,,106.0,,3,10,2.0,4.0,2,4,6.0,8.0,2,4,1,5,2,4,65-74,9999,Yes,,1
2024,30059,MT,30007.0,30007010100.0,FHA:First Lien,Single Family (1-4 Units):Site-Built,Hispanics or Latinos of any race,White,Female,Purchase,32,335000.0,,5.875,,3,,1400.0,,600.0,800.0,,300.0,,,2,2,2,2,340000.0,1,1,3,5,1,,110.0,,3,10,2.0,4.0,2,4,5.0,8.0,2,4,1,5,2,4,65-74,9999,Yes,,1
2024,26093,MD,24031.0,24031020700.0,FHA:Subordinate Lien,Single Family (1-4 Units):Site-Built,Not Hispanic or Latino,White,Male,Approve,32,315000.0,,5.5,,3,,1400.0,,600.0,800.0,,360.0,,,2,2,2,2,320000.0,1,1,3,5,1,,110.0,,3,10,1.0,3.0,2,4,5.0,7.0,2,4,1,5,2,4,65-74,9999,Yes,,1
2024,21068,KY,21123.0,21123040700.0,Conventional:First Lien,Single Family (1-4 Units):Site-Built,Hispanics or Latinos of any race,White,Female,Purchase,1,240000.0,,6.0,,3,,1300.0,,500.0,800.0,,360.0,,,2,2,2,2,250000.0,1,1,3,5,1,,105.0,,3,10,1.0,3.0,2,4,6.0,8.0,2,4,1,5,2,4,65-74,9999,Yes,,1
2024,28033,MN,27067.0,27067100100.0,FHA:Subordinate Lien,Single Family (1-4 Units):Site-Built,Hispanics or Latinos of any race,White,Female,Approve,32,290000.0,,5.25,,3,,1200.0,,500.0,700.0,,300.0,,,2,2,2,2,300000.0,1,1,3,5,1,,100.0,,3,10,2.0,4.0,2,4,5.0,7.0,2,4,1,5,2,4,65-74,9999,Yes,,1
2024,17069,IL,17073.0,17073040300.0,VA:First Lien,Single Family (1-4 Units):Site-Built,Hispanics or Latinos of any race,White,Male,Purchase,32,385000.0,,5.5,,1,,1500.0,,600.0,900.0,,360.0,,,2,2,2,2,400000.0,1,1,3,5,1,,108.0,,3,10,1.0,3.0,2,4,5.0,7.0,2,4,1,5,2,4,65-74,9999,Yes,,1
2024,13101,GA,13007.0,13007002400.0,FHA:First Lien,Single Family (1-4 Units):Site-Built,Husban Hispanic or Latino,White,Female,Approve,32,405000.0,,6.25,,3,,1500.0,,800.0,700.0,,300.0,,,2,2,2,2,415000.0,1,1,3,5,1,,106.0,,3,10,2.0,4.0,2,4,5.0,7.0,2,4,1,,,,,,,,
2024,99999,CA,11001.0,1100100100.0,Conventional:First Lien,Single Family (1-4 Units):Site-Built,Not Hispanic or Latino,White,Male,Loan originated,1,350000.0,80.0,6.25,1.5,1,2500.0,1250.0,1000.0,250.0,1250.0,360,0,0,0,0,0,0,0,450000.0,1,1,1,1,1,1,43,18-24,1,1,80,85,1,0,1,1,1,1,30,32,1,1,2024,1,,,
2024,12054,FL,12086.0,12086006010.0,Conventional:First Lien,Single Family (1-4 Units):Site-Built,Hispanic or Latino,White,Female,Loan originated,1,280000.0,75.0,5.75,1.2,1,2200.0,1100.0,900.0,200.0,1100.0,300,0,0,0,0,0,0,0,373333.0,1,1,1,1,1,1,42,35-44,1,1,82,83,1,1,3,3,2,2,30,32,1,1,2024,1,,,
2024,42038,PA,42101.0,4210100100.0,FHA:First Lien,Single Family (1-4 Units):Site-Built,Not Hispanic or Latino,Black,Unknown,Application denied,32,450000.0,90.0,6.50,2.0,2,3000.0,1500.0,1200.0,300.0,1500.0,360,0,0,0,0,0,0,0,500000.0,1,1,1,1,1,1,29,45-54,1,1,70,72,1,0,2,2,3,3,75,76,0,0,2024,0,,,
2024,51019,VA,51041.0,5104100200.0,Va:First Lien,Single Family (1-4 Units):Site-Built,Not Hispanic or Latino,Asian,Female,Loan originated,1,400000.0,85.0,5.25,1.0,1,2000.0,1000.0,800.0,200.0,1000.0,360,0,0,0,0,0,0,0,470588.0,1,1,1,1,1,1,35,25-34,1,1,75,80,1,1,4,4,1,1,30,32,1,1,2024,1,,,
2024,26039,MI,26027.0,2602700070.0,Conventional:Subordinate Lien,Single Family (1-4 Units):Site-Built,Hispanic or Latino,White,Male,Application withdrawn by applicant,1,300000.0,80.0,4.75,0.7,3,0.0,0.0,0.0,0.0,0.0,300,0,0,0,0,0,0,0,375000.0,1,1,1,1,1,1,31,25-34,1,1,76,78,1,0,4,4,1,1,47,49,1,1,2024,0,,,
2024,35019,NM,3501904000.0,FHA:First Lien,Single Family (1-4 Units):Site-Built,Not Hispanic or Latino,White,Female,Application denied,1,500000.0,95.0,6.75,2.2,3,0.0,0.0,0.0,0.0,0.0,300,0,0,0,0,0,0,0,526316.0,1,1,1,1,1,1,33,35-44,1,1,65,67,1,1,4,4,1,1,48,50,0,0,2024,0,,,,
2024,21007,KY,2100705100.0,Conventional:First Lien,Single Family (1-4 Units):Site-Built,Not Hispanic or Latino,White,Male,Loan originated,1,320000.0,75.0,5.00,0.9,1,2400.0,1200.0,1000.0,200.0,1200.0,360,0,0,0,0,0,0,0,426667.0,1,1,1,1,1,1,44,55-64,1,1,82,84,1,0,3,3,2,2,40,42,1,1,2024,1,,,,
2024,30031,MT,3003101400.0,VA:First Lien,Single Family (1-4 Units):Site-Built,Not Hispanic or Latino,White,Female,Application withdrawn by applicant,1,200000.0,90.0,6.00,2.0,3,0.0,0.0,0.0,0.0,0.0,360,0,0,0,0,0,0,0,222222.0,1,1,1,1,1,1,32,25-34,1,1,70,73,1,1,2,2,1,1,43,45,0,0,2024,0,,,,
2024,6007,HI,600701090.0,FHA:First Lien,Single Family (1-4 Units):Site-Built,Not Hispanic or Latino,Native Hawaiian or Other Pacific Islander,Female,Loan originated,1,250000.0,70.0,5.50,1.1,1,2680.0,1340.0,1100.0,240.0,1340.0,300,0,0,0,0,0,0,0,357143.0,1,1,1,1,1,1,55,65+,1,1,77,79,1,1,2,2,2,2,62,65,1,1,2024,1,,,,
2024,51075,VA,5107500100.0,Conventional:First Lien,Single Family (1-4 Units):Site-Built,Hispanic or Latino,White,Male,Loan originated,1,350000.0,80.0,6.00,1.3,1,0.0,0.0,0.0,0.0,0.0,360,0,0,0,0,0,0,0,437500.0,1,1,1,1,1,1,60,65+,1,1,83,85,1,0,1,1,1,1,35,38,1,1,2024,1,,,,
2024,27015,MN,2701503200.0,FHA:First Lien,Single Family (1-4 Units):Site-Built,Not Hispanic or Latino,Asian,Male,Application denied,1,200000.0,85.0,5.25,1.0,2,0.0,0.0,0.0,0.0,0.0,300,0,0,0,0,0,0,0,235294.0,1,1,1,1,1,1,40,35-44,1,1,60,65,1,0,4,4,2,2,41,45,0,0,2024,0,,,,
2024,38069,ND,3806900200.0,Conventional:First Lien,Single Family (1-4 Units):Site-Built,Not Hispanic or Latino,White,Female,Loan originated,1,220000.0,80.0,5.75,1.2,1,2200.0,1100.0,900.0,200.0,1100.0,300,0,0,0,0,0,0,0,275000.0,1,1,1,1,1,1,34,35-44,1,1,70,72,1,1,3,3,1,1,37,39,1,1,2024,1,,,,
2024,50009,RI,5000906000.0,FHA:First Lien,Single Family (1-4 Units):Site-Built,Not Hispanic or Latino,Black,Female,Loan originated,1,450000.0,90.0,6.50,2.0,2,2100.0,1050.0,850.0,200.0,1050.0,360,0,0,0,0,0,0,0,500000.0,1,1,1,1,1,1,28,25-34,1,1,55,53,1,1,3,3,2,2,70,72,0,0,2024,1,,,,
2024,72079,PR,7207909000.0,Ginnie Mae:First Lien,Single Family (1-4 Units):Site-Built,Not Hispanic or Latino,White,Male,Application denied,1,275000.0,75.0,5.25,1.1,3,0.0,0.0,0.0,0.0,0.0,300,0,0,0,0,0,0,0,366667.0,1,1,1,1,1,1,50,55-64,1,1,75,77,1,1,3,3,1,1,47,49,0,0,2024,0,,,,
2024,53055,WA,5305500200.0,VA:First Lien,Single Family (1-4 Units):Site-Built,Hispanic or Latino,White,Female,Loaned originated,1,240000.0,80.0,5.50,1.0,3,2400.0,1200.0,1000.0,200.0,1200.0,300,0,0,0,0,0,0,0,300000.0,1,1,1,1,1,1,48,45-54,1,1,64,66,1,0,4,4,1,1,32,36,1,1,2024,1,,,,
2024,10015,NJ,1001501000.0,FHA:First Lien,Single Family (1-4 Units):Site-Built,Not Hispanic or Latino,White,Male,Loan originated,1,360000.0,85.0,5.90,1.4,1,2800.0,1400.0,1100.0,300.0,1400.0,360,0,0,0,0,0,0,0,423529.0,1,1,1,1,1,1,52,65+,1,1,81,83,1,0,3,3,2,2,37,39,1,1,2024,1,,,,
2024,21091,KY,2109103000.0,Conventional:Subordinate Lien,Single Family (1-4 Units):Site-Built,Not Hispanic or Latino,White,Male,Application denied,1,500000.0,90.0,6.60,2.3,3,0.0,0.0,0.0,0.0,0.0,300,0,0,0,0,0,0,0,555556.0,1,1,1,1,1,1,36,35-44,1,1,82,85,1,1,1,1,1,1,44,49,0,0,2024,0,,,,
2024,30023,MT,3002302000.0,Conventional:First Lien,Single Family (1-4 Units):Site-Built,Not Hispanic or Latino,White,Female,Loan originated,1,480000.0,80.0,5.00,0.8,1,3000.0,1500.0,1200.0,300.0,1500.0,360,0,0,0,0,0,0,0,600000.0,1,1,1,1,1,1,39,45-54,1,1,63,65,1,1,3,3,1,1,41,42,1,1,2024,1,,,,
2024,22045,LA,2204501000.0,FHA:First Lien,Single Family (1-4 Units):Site-Built,Hispanic or Latino,White,Male,Loan originated,1,225000.0,80.0,5.75,1.2,1,2600.0,1300.0,1050.0,250.0,1300.0,300,0,0,0,0,0,0,0,281250.0,1,1,1,1,1,1,55,55,1,1,62,67,1,0,3,3,1,1,40,42,1,1,2024,1,,,,
2024,33011,NH,3301101200.0,VA:First Lien,Single Family (1-4 Units):Site-Built,Not Hispanic or Latino,White,Male,Loan originated,1,375000.0,85.0,5.10,0.9,1,2500.0,1250.0,1000.0,250.0,1250.0,360,0,0,0,0,0,0,0,441176.0,1,1,1,1,1,1,52,65+,1,1,67,69,1,0,1,1,1,1,41,43,1,1,2024,1,,,,
2024,29043,MO,2904307304.0,FHA:First Lien,Single Family (1-4 Units):Site-Built,Not Hispanic or Latino,White,Female,Application denied,1,290000.0,90.0,6.25,2.1,3,0.0,0.0,0.0,0.0,0.0,360,0,0,0,0,0,0,0,322222.0,1,1,1,1,1,1,32,25-34,1,1,68,70,1,1,3,3,1,1,40,44,0,0,2024,0,,,,
2024,21019,KY,2101901000.0,Conventional:First Lien,Single Family (1-4 Units):Site-Built,Not Hispanic or Latino,White,Male,Loan originated,1,330000.0,80.0,5.30,0.9,1,2500.0,1250.0,1000.0,250.0,1250.0,360,0,0,0,0,0,0,0,412500.0,1,1,1,1,1,1,53,65+,1,1,80,83,1,0,3,3,2,2,38,40,1,1,2024,1,,,,
2024,17041,IL,1704101000.0,FHA:First Lien,Single Family (1-4 Units):Site-Built,Not Hispanic or Latino,White,Female,Loan originated,1,180000.0,85.0,5.60,1.2,1,2200.0,1100.0,900.0,200.0,1100.0,300,0,0,0,0,0,0,0,211765.0,1,1,1,1,1,1,36,35-44,1,1,74,76,1,1,3,3,2,2,40,42,1,1,2024,1,,,,
2024,38007,ND,3800701100.0,Conventional:First Lien,Single Family (1-4 Units):Site-Built,Hispanic or Latino,White,Male,Application withdrawn by applicant,1,240000.0,75.0,5.50,1.0,3,0.0,0.0,0.0,0.0,0.0,300,0,0,0,0,0,0,0,320000.0,1,1,1,1,1,1,48,45-54,1,1,74,76,1,0,3,3,2,2,42,46,0,0,2024,0,,,,
2024,26061,MI,2606100300.0,FHA:First Lien,Single Family (1-4 Units):Site-Built,Not Hispanic or Latino,White,Male,Loan originated,1,165000.0,85.0,5.80,1.0,1,2300.0,1150.0,950.0,200.0,1150.0,300,0,0,0,0,0,0,0,194118.0,1,1,1,1,1,1,39,35-44,1,1,72,74,1,0,3,3,2,2,39,41,1,1,2024,1,,,,
2024,21095,KY,2109502500.0,Conventional:First Lien,Single Family (1-4 Units):Site-Built,Not Hispanic or Latino,White,Female,Application denied,1,210000.0,85.0,5.90,1.3,2,0.0,0.0,0.0,0.0,0.0,360,0,0,0,0,0,0,0,247059.0,1,1,1,1,1,1,43,35-44,1,1,68,70,1,1,4,4,1,1,44,46,0,0,2024,0,,,,
2024,41059,OR,4105903300.0,VA:First Lien,Single Family (1-4 Units):Site-Built,Not Hispanic or Latino,White,Male,Loan originated,1,340000.0,75.0,5.20,0.8,1,2700.0,1350.0,1100.0,250.0,1350.0,360,0,0,0,0,0,0,0,453333.0,1,1,1,1,1,1,57,65+,1,1,85,86,1,0,3,3,2,2,38,42,1,1,2024,1,,,,
2024,19079,IA,1907903000.0,FHA:First Lien,Single Family (1-4 Units):Site-Built,Not Hispanic or Latino,White,Male,Loan originated,1,200000.0,75.0,5.60,1.1,1,2400.0,1200.0,1000.0,200.0,1200.0,360,0,0,0,0,0,0,0,266667.0,1,1,1,1,1,1,27,25-34,1,1,67,69,1,0,2,2,1,1,36,39,1,1,2024,1,,,,
2024,25007,MA,2500701000.0,Conventional:First Lien,Single Family (1-4 Units):Site-Built,Not Hispanic or Latino,White,Male,Loan originated,1,190000.0,80.0,5.35,1.0,1,2200.0,1100.0,900.0,200.0,1100.0,300,0,0,0,0,0,0,0,237500.0,1,1,1,1,1,1,38,35-44,1,1,78,82,1,0,4,4,1,1,43,45,1,1,2024,1,,,,
2024,12019,FL,1201901000.0,Conventional:First Lien,Single Family (1-4 Units):Site-Built,Not Hispanic or Latino,White,Female,Application withdrawn by applicant,1,180000.0,75.0,5.50,1.1,3,0.0,0.0,0.0,0.0,0.0,360,0,0,0,0,0,0,0,240000.0,1,1,1,1,1,1,42,45-54,1,1,66,68,1,1,2,2,2,2,48,50,0,0,2024,0,,,,
2024,46027,SD,4602705000.0,FHA:First Lien,Single Family (1-4 Units):Site-Built,Not Hispanic or Latino,White,Male,Loan originated,1,320000.0,80.0,5.70,1.2,1,2100.0,1050.0,850.0,200.0,1050.0,300,0,0,0,0,0,0,0,400000.0,1,1,1,1,1,1,57,57,1,1,80,81,1,0,3,3,2,2,35,38,1,1,2024,1,,,,
2024,53013,WA,5301316000.0,Conventional:First Lien,Single Family (1-4 Units):Site-Built,Not Hispanic or Latino,White,Male,Loan originated,1,280000.0,80.0,5.00,0.9,1,2250.0,1125.0,925.0,225.0,1125.0,300,0,0,0,0,0,0,0,350000.0,1,1,1,1,1,1,32,25-34,1,1,78,81,1,0,2,2,2,2,30,32,1,1,2024,1,,,,
2024,12049,FL,1204903030.0,Conventional:First Lien,Single Family (1-4 Units):Site-Built,Not Hispanic or Latino,Hispanic or Latino,Female,Loan originated,1,410000.0,80.0,5.50,1.1,1,2800.0,1400.0,1150.0,250.0,1400.0,300,0,0,0,0,0,0,0,512500.0,1,1,1,1,1,1,45,47,1,1,75,80,1,1,2,2,1,1,30,33,1,1,2024,1,,,,
2024,16009,ID,1600900010.0,Conventional:First Lien,Single Family (1-4 Units):Site-Built,Not Hispanic or Latino,White,Male,Loan originated,1,350000.0,80.0,6.00,1.4,1,2600.0,1300.0,1050.0,250.0,1300.0,360,0,0,0,0,0,0,0,437500.0,1,1,1,1,1,1,39,35-44,1,1,70,72,1,0,4,4,2,2,45,48,1,1,2024,1,,,,
2024,51059,VA,5105900730.0,FHA:First Lien,Single Family (1-4 Units):Site-Built,Hispanic or Latino,Hispanic or Latino,Female,Application denied,1,330000.0,90.0,6.20,2.1,3,0.0,0.0,0.0,0.0,0.0,360,0,0,0,0,0,0,0,366667.0,1,1,1,1,1,1,42,45-54,1,1,78,80,1,1,3,3,1,1,42,47,0,0,2024,0,,,,
2024,25025,MA,2502500010.0,VA:First Lien,Single Family (1-4 Units):Site-Built,Not Hispanic or Latino,White,Male,Loan originated,1,200000.0,85.0,5.90,1.2,1,2300.0,1150.0,950.0,200.0,1150.0,300,0,0,0,0,0,0,0,235294.0,1,1,1,1,1,1,60,65+,1,1,79,82,1,0,3,3,2,2,40,42,1,1,2024,1,,,,
2024,12047,FL,1204700000.0,FHA:First Lien,Single Family (1-4 Units):Site-Built,Not Hispanic or Latino,White,Male,Loan originated,1,240000.0,85.0,5.25,0.9,1,2300.0,1150.0,950.0,200.0,1150.0,300,0,0,0,0,0,0,0,282353.0,1,1,1,1,1,1,28,25-34,1,1,76,79,1,0,3,3,2,2,46,50,1,1,2024,1,,,,
2024,50009,RI,5000905000.0,Conventional:First Lien,Single Family (1-4 Units):Site-Built,Not Hispanic or Latino,White,Female,Loan originated,1,220000.0,80.0,5.30,0.9,1,2100.0,1050.0,850.0,200.0,1050.0,300,0,0,0,0,0,0,0,275000.0,1,1,1,1,1,1,36,35-44,1,1,64,65,1,1,3,3,1,1,36,39,1,1,2024,1,,,,
2024,48201,TX,4820106000.0,FHA:First Lien,Single Family (1-4 Units):Site-Built,Hispanic or Latino,Hispanic or Latino,Male,Application denied,1,200000.0,90.0,6.75,2.2,3,0.0,0.0,0.0,0.0,0.0,300,0,0,0,0,0,0,0,222222.0,1,1,1,1,1,1,38,35-44,1,1,75,77,1,0,3,3,1,1,50,52,0,0,2024,0,,,,
2024,39047,OH,3904701000.0,Conventional:First Lien,Single Family (1-4 Units):Site-Built,Not Hispanic or Latino,White,Male,Loan originated,1,225000.0,85.0,5.10,0.8,1,2250.0,1125.0,925.0,225.0,1125.0,300,0,0,0,0,0,0,0,264706.0,1,1,1,1,1,1,40,35-44,1,1,68,70,1,0,3,3,2,2,35,37,1,1,2024,1,,,,
2024,27077,MN,2707706100.0,FHA:First Lien,Single Family (1-4 Units):Site-Built,Not Hispanic or Latino,White,Male,Application withdrawn by applicant,1,400000.0,75.0,5.80,1.2,3,0.0,0.0,0.0,0.0,0.0,360,0,0,0,0,0,0,0,533333.0,1,1,1,1,1,1,30,25-34,1,1,80,83,1,1,4,4,2,,,,,,,,,,,
2024,99999,CA,6075.0,6075001000.0,Conventional:First Lien,Single Family (1-4 Units):Site-Built,Not Hispanic or Latino,White,Male,1,1,300000.0,85.0,6.375,3.0,2,42500.0,27500.0,15000.0,12500.0,13000.0,360,0,0,0,0,0,0,0,400000.0,1,1,1,1,1,1,65-74,65-74,No,1,0,1,1,1,1,1,1,1,1,1,1,1,1,1,1,1,1
2024,99999,NY,36061.0,36061010100.0,VA:First Lien,Single Family (1-4 Units):Site-Built,Hispanic or Latino,Hispanic or Latino,Male,1,1,450000.0,78.0,6.75,3.25,3,48000.0,30000.0,18000.0,12000.0,15000.0,360,0,0,0,0,0,0,0,475000.0,1,1,1,1,1,1,60-64,55-64,No,1,0,0,0,0,0,0,0,0,0,0,0,0,0,0,0,0,0
2024,99999,TX,48201.0,48201013300.0,FHA:First Lien,Single Family (1-4 Units):Site-Built,Not Hispanic or Latino,Black,Female,1,1,325000.0,82.0,6.125,2.75,3,32500.0,19750.0,12750.0,7000.0,12750.0,300,0,0,0,0,0,0,0,350000.0,2,1,1,1,1,1,65-74,55-64,No,1,0,0,0,0,0,0,0,0,0,0,0,0,0,0,0,0,0
2024,99999,FL,12086.0,12086002300.0,Conventional:First Lien,Single Family (1-4 Units):Site-Built,Not Hispanic or Latino,White,Female,1,1,400000.0,81.0,6.25,2.875,2,40000.0,25000.0,15000.0,10000.0,15000.0,360,0,0,0,0,0,0,0,450000.0,1,1,1,1,1,1,55-64,50-54,No,1,0,0,0,0,0,0,0,0,0,0,0,0,0,0,0,0,0
2024,99999,IL,17031.0,17031006000.0,VA:Second Lien,Single Family (1-4 Units):Site-Built,Ethnicity Not Available,Race Not Available,Sex Not Available,1,32,275000.0,75.0,7.5,3.625,3,27500.0,15000.0,10000.0,5000.0,10000.0,360,0,0,0,0,0,0,0,300000.0,1,1,1,1,1,1,65-74,55-64,No,1,0,0,0,0,0,0,0,0,0,0,0,0,0,0,0,0,0
2024,99999,OH,39151.0,39151000200.0,FHA:Second Lien,Single Family (1-4 Units):Site-Built,Not Hispanic or Latino,Asian,Male,2,1,310000.0,85.0,6.375,3.0,2,31000.0,18000.0,12000.0,6000.0,12000.0,360,0,0,0,0,0,0,0,320000.0,1,1,1,1,1,1,65-74,65-74,No,1,0,1,1,1,1,1,1,1,1,1,1,1,1,1,1,1,1
2024,99999,NC,37031.0,37031000600.0,FHA:First Lien,Single Family (1-4 Units):Site-Built,Not Hispanic or Latino,White,Male,3,1,325000.0,85.0,7.75,4.0,3,25000.0,18000.0,12000.0,6000.0,12000.0,360,0,0,0,0,0,0,0,350000.0,1,1,1,1,1,1,55-64,50-54,Yes,1,0,0,0,0,0,0,0,0,0,0,0,0,0,0,0,0,0
2024,99999,GA,13085.0,13085000500.0,Conventional:First Lien,Single Family (1-4 Units):Site-Built,Not Hispanic or Latino,White,Female,3,1,425000.0,80.0,6.75,3.0,2,32000.0,19000.0,12000.0,7000.0,12000.0,360,0,0,0,0,0,0,0,475000.0,1,1,1,1,1,1,45-54,55-64,No,1,0,0,0,0,0,0,0,0,0,0,0,0,0,0,0,0,0
2024,99999,TX,48155.0,48155000850.0,VA:First Lien,Single Family (1-4 Units):Site-Built,Not Hispanic or Latino,White,Female,4,1,265000.0,75.0,6.5,3.25,3,25000.0,18000.0,12000.0,6000.0,12000.0,360,0,0,0,0,0,0,0,300000.0,1,1,1,1,1,1,50-54,50-54,No,1,0,0,0,0,0,0,0,0,0,0,0,0,0,0,0,0,0
2024,99999,CA,6053.0,60530008700.0,Conventional:First Lien,Multi-Family:Site-Built,Not Hispanic or Latino,White,Male,4,1,340000.0,78.0,7.0,3.5,2,20000.0,10000.0,8000.0,2000.0,8000.0,300,0,0,0,0,0,0,0,390000.0,1,1,1,1,1,1,55-64,50-54,Yes,1,0,0,0,0,0,0,0,0,0,0,0,0,0,0,0,0,0
2024,99999,WA,53045.0,53045030700.0,FHA:First Lien,Single Family (1-4 Units):Site-Built,Hispanic or Latino,Hispanic or Latino,Female,5,1,375000.0,82.0,6.625,3.25,2,32500.0,21000.0,12000.0,9500.0,12000.0,360,0,0,0,0,0,0,0,400000.0,1,1,1,1,1,1,65-74,65-74,Yes,1,0,0,0,0,0,0,0,0,0,0,0,0,0,0,0,0,0
2024,99999,NY,36043.0,36043003000.0,Conventional:First Lien,Single Family (1-4 Units):Site-Built,Not Hispanic or Latino,White,Male,6,1,250000.0,75.0,6.5,3.0,2,18000.0,9500.0,6000.0,3500.0,6000.0,300,0,0,0,0,0,0,0,300000.0,1,1,1,1,1,1,65-74,65-74,Yes,1,0,0,0,0,0,0,0,0,0,0,0,0,0,0,0,0,0
2024,99999,VA,51015.0,51015000450.0,VA:First Lien,Single Family (1-4 Units):Site-Built,Not Hispanic or Latino,Black,Female,1,1,460000.0,80.0,6.25,2.75,3,35000.0,20000.0,10000.0,5000.0,10000.0,360,0,0,0,0,0,0,0,490000.0,1,1,1,1,1,1,55-64,55-64,No,1,0,0,0,0,0,0,0,0,0,0,0,0,0,0,0,0,0
2024,99999,MD,24031.0,24031003900.0,Conventional:First Lien,Single Family (1-4 Units):Site-Built,Hispanic or Latino,Hispanic or Latino,Female,1,1,340000.0,83.0,8.0,4.5,2,28000.0,15000.0,9000.0,6000.0,9000.0,360,0,0,0,0,0,0,0,380000.0,1,1,1,1,1,1,55-64,50-54,Yes,1,0,0,0,0,0,0,0,0,0,0,0,0,0,0,0,0,0
2024,99999,FL,12001.0,12001400350.0,VA:First Lien,Single Family (1-4 Units):Site-Built,Ethnicity Not Available,Race Not Available,Sex Not Available,1,2,315000.0,82.0,7.25,3.5,3,30000.0,19000.0,10000.0,8000.0,10000.0,360,0,0,0,0,0,0,0,340000.0,1,1,1,1,1,1,45-54,60-64,No,1,0,0,0,0,0,0,0,0,0,0,0,0,0,0,0,0,0
2024,99999,NJ,34033.0,34033001600.0,Conventional:First Lien,Single Family (1-4 Units):Site-Built,Not Hispanic or Latino,White,Male,1,1,230000.0,78.0,5.75,2.0,2,18000.0,12000.0,6000.0,6000.0,6000.0,360,0,0,0,0,0,0,0,260000.0,1,1,1,1,1,1,55-64,55-64,No,1,0,0,0,0,0,0,0,0,0,0,0,0,0,0,0,0,0
2024,99999,CO,08013.0,08013013500.0,FHA:First Lien,Single Family (1-4 Units):Site-Built,Not Hispanic or Latino,White,Female,1,1,300000.0,80.0,6.25,3.0,3,25000.0,16000.0,10000.0,6000.0,10000.0,360,0,0,0,0,0,0,0,375000.0,1,1,1,1,1,1,50-54,50-54,No,1,0,0,0,0,0,0,0,0,0,0,0,0,0,0,0,0,0
2024,99999,AL,01045.0,01045001000.0,Conventional:First Lien,Single Family (1-4 Units):Site-Built,Not Hispanic or Latino,White,Male,1,1,385000.0,90.0,7.5,4.5,3,35000.0,20000.0,10000.0,5000.0,10000.0,300,0,0,0,0,0,0,0,425000.0,1,1,1,1,1,1,50-54,55-64,Yes,1,0,0,0,0,0,0,0,0,0,0,0,0,0,0,0,0,0
2024,99999,MI,26039.0,26039006100.0,FHA:First Lien,Single Family (1-4 Units):Site-Built,Not Hispanic or Latino,Black,Female,2,1,350000.0,85.0,7.125,3.25,2,30000.0,18000.0,10000.0,8000.0,10000.0,360,0,0,0,0,0,0,0,400000.0,1,1,1,1,1,1,45-54,50-54,No,1,0,0,0,0,0,0,0,0,0,0,0,0,0,0,0,0,0
2024,99999,WI,55071.0,55071000500.0,Conventional:First Lien,Single Family (1-4 Units):Site-Built,Not Hispanic or Latino,White,Male,3,1,285000.0,80.0,6.5,3.0,2,25000.0,15000.0,6000.0,5000.0,6000.0,360,0,0,0,0,0,0,0,300000.0,1,1,1,1,1,1,55-64,50-54,No,1,0,0,0,0,0,0,0,0,0,0,0,0,0,0,0,0,0
2024,99999,KY,21045.0,21045210000.0,VA:First Lien,Single Family (1-4 Units):Site-Built,Ethnicity Not Available,Race Not Available,Sex Not Available,4,1,335000.0,80.0,6.75,3.5,3,30000.0,18000.0,10000.0,8000.0,10000.0,360,0,0,0,0,0,0,0,375000.0,1,1,1,1,1,1,55-64,60-64,No,1,0,0,0,0,0,0,0,0,0,0,0,0,0,0,0,0,0
2024,99999,WV,54009.0,54009000000.0,FHA:First Lien,Single Family (1-4 Units):Site-Built,Not Hispanic or Latino,White,Female,5,1,290000.0,80.0,6.875,3.25,3,20000.0,10000.0,6000.0,4000.0,6000.0,360,0,0,0,0,0,0,0,300000.0,1,1,1,1,1,1,50-54,50-54,No,1,0,0,0,0,0,0,0,0,0,0,0,0,0,0,0,0,0
2024,99999,IN,18103.0,18103006000.0,FHA:First Lien,Single Family (1-4 Units):Site-Built,Not Hispanic or Latino,White,Male,6,1,375000.0,82.0,6.25,3.0,2,40000.0,25000.0,15000.0,10000.0,15000.0,300,0,0,0,0,0,0,0,425000.0,1,1,1,1,1,1,45-54,50-54,Yes,1,0,0,0,0,0,0,0,0,0,0,0,0,0,0,0,0,0
2024,99999,MA,25009.0,25009002000.0,FHA:First Lien,Multi-Family:Site-Built,Not Hispanic or Latino,White,Male,1,1,410000.0,78.0,7.5,3.5,3,25000.0,20000.0,10000.0,5000.0,10000.0,360,0,0,0,0,0,0,0,430000.0,2,1,1,1,1,1,60-64,50-54,No,1,0,0,0,0,0,0,0,0,0,0,0,0,0,0,0,0,0
2024,99999,OR,41011.0,41011002000.0,Conventional:First Lien,Single Family (1-4 Units):Site-Built,Not Hispanic or Latino,White,Female,1,1,265000.0,80.0,7.0,3.5,2,18000.0,10000.0,6000.0,4000.0,6000.0,360,0,0,0,0,0,0,0,300000.0,1,1,1,1,1,1,55-64,55-64,No,1,0,0,0,0,0,0,0,0,0,0,0,0,0,0,0,0,0
2024,99999,ME,23015.0,23015000200.0,Conventional:First Lien,Single Family (1-4 Units):Site-Built,Not Hispanic or Latino,White,Male,1,1,320000.0,82.0,6.625,3.25,3,25000.0,15000.0,10000.0,5000.0,10000.0,300,0,0,0,0,0,0,0,360000.0,1,1,1,1,1,1,50-54,55-64,No,1,0,0,0,0,0,0,0,0,0,0,0,0,0,0,0,0,0
2024,99999,MS,28001.0,28001000400.0,VA:First Lien,Single Family (1-4 Units):Site-Built,Hispanic or Latino,Hispanic or Latino,Female,2,1,350000.0,90.0,6.25,3.0,3,28000.0,20000.0,10000.0,8000.0,10000.0,300,0,0,0,0,0,0,0,380000.0,1,1,1,1,1,1,50-54,50-54,No,1,0,0,0,0,0,0,0,0,0,0,0,0,0,0,0,0,0
2024,99999,NH,33015.0,33015002000.0,Conventional:First Lien,Single Family (1-4 Units):Site-Built,Hispanic or Latino,Hispanic or Latino,Male,3,1,290000.0,80.0,6.875,3.25,2,25000.0,15000.0,10000.0,5000.0,10000.0,360,0,0,0,0,0,0,0,320000.0,1,1,1,1,1,1,65-74,65-74,No,1,0,0,0,0,0,0,0,0,0,0,0,0,0,0,0,0,0
2024,99999,AR,05013.0,05013002000.0,FHA:First Lien,Single Family (1-4 Units):Site-Built,Not Hispanic or Latino,White,Female,4,1,330000.0,82.0,7.5,3.5,3,25000.0,18000.0,10000.0,8000.0,10000.0,360,0,0,0,0,0,0,0,380000.0,1,1,1,1,1,1,55-64,45-54,No,1,0,0,0,0,0,0,0,0,0,0,0,0,0,0,0,0,0
2024,99999,FL,12010.0,12010010100.0,Conventional:First Lien,Single Family (1-4 Units):Site-Built,Not Hispanic or Latino,White,Male,Approved for loan,1,350000.0,85.0,6.75,2.5,2,12845.0,9450.0,3395.0,2200.0,5150.0,360.0,0.0,0.0,0,0,0,0,350000.0,1,1,3,5,1,95.0,3,11,3.0,6.0,2,4,5.5,8.0,2,4,1,5,2,4,35-44,65-74,No,,1,1,,
2024,12054,CA,06075.0,06075010200.0,FHA:First Lien,Single Family (1-4 Units):Site-Built,Hispanic or Latino,Hispanic or Latino,Male,Approved for loan,1,420000.0,80.0,7.25,3.2,3,17500.0,12500.0,5000.0,1500.0,6500.0,360.0,0.0,0.0,0,0,0,0,420000.0,1,1,3,5,1,100.0,4,12,4.0,6.0,2,4,6.0,8.0,2,4,2,5,2,4,45-54,9999,Yes,,2,2,,
2024,99999,TX,48251.0,48251010300.0,VA:First Lien,Single Family (1-4 Units):Site-Built,Ethnicity Not Available,Race Not Available,Sex Not Available,Application denied,32,250000.0,90.0,8.0,2.8,3,14000.0,10000.0,4000.0,2000.0,5000.0,360.0,0.0,0.0,0,0,0,0,250000.0,1,1,3,5,1,90.0,2,10,1.0,5.0,2,4,7.0,8.0,2,4,3,4,2,4,22-35,45-54,Yes,,1,1,,
2024,99999,NV,32005.0,32005010400.0,Conventional:Subordinate Lien,Multi-Family (5+ Units):Site-Built,Ethnicity Not Available,Race Not Available,Sex Not Available,File closed for incompleteness,32,180000.0,65.0,6.625,2.2,1,10000.0,8000.0,2000.0,1500.0,3000.0,360.0,0.0,0.0,0,0,0,0,180000.0,1,2,3,5,1,100.0,4,11,3.0,6.0,2,4,6.0,8.0,2,4,1,5,2,4,35-44,9999,Yes,,1,1,,
2024,99999,WI,55075.0,55075010500.0,FHA:First Lien,Single Family (1-4 Units):Site-Built,Not Hispanic or Latino,White,Female,Approved for loan,1,210000.0,82.5,5.875,1.9,2,9000.0,6500.0,2500.0,1000.0,3000.0,360.0,0.0,0.0,0,0,0,0,210000.0,1,1,3,5,1,110.0,5,12,5.0,5.0,2,4,7.0,10.0,2,4,3,4,1,5,45-54,35-44,No,,2,1,,
2024,18520,IL,17031.0,17031010600.0,VA:First Lien,Single Family (1-4 Units):Site-Built,Not Hispanic or Latino,White,Male,Approved for loan,1,75000.0,72.5,7.0,2.75,1,6800.0,5200.0,1600.0,1200.0,2000.0,480.0,0.0,0.0,1,0,0,0,75000.0,1,1,3,5,1,90.0,1,1,1.0,3.0,2,4,4.5,6.0,2,4,2,4,2,4,25-34,45-54,No,,1,2,,
2024,99999,FL,12085.0,12085010700.0,Conventional:First Lien,Single Family (1-4 Units):Site-Built,Not Hispanic or Latino,White,Female,Approved for loan,1,675000.0,80.0,8.25,3.0,3,25000.0,20000.0,5000.0,2000.0,7500.0,360.0,0.0,3.0,1,1,1,0,675000.0,1,1,3,5,1,120.0,3,11,2.0,7.0,2,4,7.0,9.0,2,4,2,5,1,5,55-64,55-64,Yes,,1,1,,
2024,99999,MD,24031.0,24031010800.0,Conventional:Subordinate Lien,Single Family (1-4 Units):Site-Built,Ethnicity Not Available,Race Not Available,Sex Not Available,Application denied,32,110000.0,90.0,9.0,3.25,3,8500.0,5600.0,2900.0,1800.0,3500.0,360.0,0.0,0.0,0,0,0,0,110000.0,1,1,3,5,1,105.0,4,10,4.0,7.0,2,4,5.0,8.0,2,4,3,4,3,4,45-54,54-64,Yes,,1,1,,
2024,99999,CO,08013.0,08013010900.0,FHA:First Lien,Single Family (1-4 Units):Site-Built,Hispanic or Latino,Hispanic or Latino,Male,Approved for loan,1,265000.0,85.0,6.125,2.0,2,10500.0,8000.0,2500.0,1500.0,3500.0,360.0,0.0,0.0,0,0,0,0,265000.0,1,1,3,5,1,95.0,3,12,3.0,6.0,2,4,7.0,9.0,2,4,1,5,2,4,30-34,40-49,No,,2,2,,
2024,99999,OH,39037.0,39037011000.0,FHA:First Lien,Single Family (1-4 Units):Site-Built,Not Hispanic or Latino,White,Female,Approved for loan,1,300000.0,75.0,5.5,1.75,2,12000.0,9500.0,2500.0,1000.0,3000.0,360.0,0.0,0.0,0,0,0,0,300000.0,1,1,3,5,1,100.0,2,10,2.0,5.0,2,4,5.5,8.0,2,4,2,4,1,5,45-54,45-54,Yes,,1,1,,
2024,11510,NY,36059.0,36059011100.0,VA:First Lien,Single Family (1-4 Units):Site-Built,Hispanic or Latino,Hispanic or Latino,Male,Approved for loan,1,650000.0,70.0,6.0,2.25,2,24000.0,20000.0,4000.0,2000.0,5000.0,360.0,0.0,0.0,0,0,0,0,650000.0,1,1,3,5,1,115.0,1,11,1.0,6.0,2,4,6.0,8.0,2,4,2,5,1,5,25-34,9999,No,,2,1,,
2024,99999,MN,27043.0,27043011200.0,Conventional:First Lien,Single Family (1-4 Units):Site-Built,Ethnicity Not Available,Race Not Available,Sex Not Available,Application denied,32,440000.0,85.0,6.875,2.9,2,21000.0,16000.0,5000.0,2000.0,7000.0,360.0,0.0,0.0,0,0,0,0,440000.0,1,1,3,5,1,105.0,4,10,4.0,7.0,2,4,6.0,9.0,2,4,3,4,1,5,65-74,65-74,Yes,,1,1,,
2024,99999,WA,53033.0,53033011300.0,FHA:Subordinate Lien,Single Family (1-4 Units):Site-Built,Not Hispanic or Latino,White,Female,Approved for loan,1,220000.0,80.0,7.25,3.25,3,9000.0,7000.0,2000.0,1200.0,3500.0,360.0,0.0,0.0,0,0,0,0,220000.0,1,1,3,5,1,90.0,2,12,2.0,6.0,2,4,6.0,8.0,2,4,2,4,2,5,45-54,65-74,No,,1,2,,
2024,33180,MA,25017.0,25017011400.0,Conventional:First Lien,Single Family (1-4 Units):Site-Built,Ethnicity Not Available,Race Not Available,Sex Not Available,Preapproval request denied,32,150000.0,77.5,6.25,1.8,2,8000.0,6000.0,2000.0,800.0,2500.0,360.0,0.0,0.0,0,0,0,0,150000.0,1,1,3,5,1,100.0,3,11,3.0,6.0,2,4,6.0,9.0,2,4,3,4,3,5,35-44,65-74,Yes,,1,1,,
2024,99999,NJ,34019.0,34019011500.0,FHA:First Lien,Single Family (1-4 Units):Site-Built,Not Hispanic or Latino,White,Female,Approved for loan,1,235000.0,82.0,6.5,2.2,2,9500.0,7500.0,2000.0,1500.0,3000.0,360.0,0.0,0.0,0,0,0,0,235000.0,1,1,3,5,1,92.0,5,10,4.0,7.0,2,4,7.0,8.0,2,4,2,5,1,5,45-54,9999Yes,,1,1,,,
2024,19190,IN,18091.0,18091011600.0,Conventional:Subordinate Lien,Single Family (1-4 Units):Site-Built,Ethnicity Not Available,Race Not Available,Sex Not Available,Preapproval request denied,32,90000.0,70.0,7.5,2.5,3,8000.0,6000.0,2000.0,1800.0,3000.0,360.0,0.0,0.0,0,0,0,0,90000.0,1,1,3,5,1,105.0,1,12,2.0,6.0,2,4,6.0,7.0,2,4,1,4,3,5,55-64,9999,Yes,,1,1,,
2024,21420,GA,13067.0,13067011700.0,FHA:First Lien,Single Family (1-4 Units):Site-Built,Ethnicity Not Available,Race Not Available,Sex Not Available,Preapproval request denied,32,350000.0,87.5,6.0,2.1,3,15000.0,12500.0,2500.0,2000.0,4000.0,360.0,0.0,0.0,0,0,0,0,350000.0,1,1,3,5,1,98.0,4,10,3.0,6.0,2,4,6.0,8.0,2,4,3,4,3,5,25-34,9999,No,,1,1,,
2024,12054,MI,26009.0,26009011800.0,FHA:First Lien,Single Family (1-4 Units):Site-Built,Ethnicity Not Available,Race Not Available,Sex Not Available,Preapproval request denied,32,130000.0,78.0,6.25,2.0,1,9000.0,7200.0,1800.0,1200.0,3000.0,360.0,0.0,0.0,0,0,0,0,130000.0,1,1,3,5,1,95.0,3,12,3.0,6.0,2,4,6.0,7.0,2,4,1,4,3,5,35-44,9999,No,,1,1,,
2024,99999,NC,37011.0,37011011900.0,Conventional:First Lien,Single Family (1-4 Units):Site-Built,Ethnicity Not Available,Race Not Available,Sex Not Available,Application denied,32,280000.0,83.5,6.125,2.0,2,11000.0,9000.0,2000.0,1500.0,3500.0,360.0,0.0,0.0,0,0,0,0,280000.0,1,1,3,5,1,92.0,5,12,3.0,6.0,2,4,7.0,8.0,2,4,3,4,2,4,35-44,55-64,No,,1,1,,
2024,99999,OR,41049.0,41049012000.0,FHA:First Lien,Single Family (1-4 Units):Site-Built,Not Hispanic or Latino,White,Male,Approved for loan,1,500000.0,78.5,6.75,1.9,2,20000.0,16000.0,4000.0,2000.0,7500.0,360.0,0.0,0.0,0,0,0,0,500000.0,1,1,3,5,1,105.0,3,10,2.0,6.0,2,4,6.0,8.0,2,4,1,4,3,5,45-54,65-74,Yes,,2,1,,
2024,99999,SC,45001.0,45001012100.0,Conventional:First Lien,Single Family (1-4 Units):Site-Built,Not Hispanic or Latino,White,Male,Approved for loan,1,330000.0,73.5,7.25,3.15,1,13500.0,11000.0,2500.0,1800.0,4000.0,360.0,0.0,0.0,0,0,0,0,330000.0,1,1,3,5,1,90.0,6,12,2.0,5.0,2,4,7.0,10.0,2,4,1,5,2,5,65-74,9999,Yes,,1,2,,
2024,17005,CO,08031.0,08031012200.0,FHA:First Lien,Single Family (1-4 Units):Site-Built,Ethnicity Not Available,Race Not Available,Sex Not Available,Approved for loan,1,280000.0,75.0,6.0,2.0,2,10000.0,8000.0,2000.0,1800.0,3000.0,360.0,0.0,1.0,0,0,0,1,280000.0,1,1,3,5,1,100.0,4,11,4.0,6.0,2,4,6.0,8.0,2,4,1,5,2,4,45-54,8888,Yes,,1,1,,
2024,15100,VA,51003.0,51003012300.0,FHA:First Lien,Single Family (1-4 Units):Site-Built,Hispanic or Latino,Hispanic or Latino,Female,Approved for loan,1,225000.0,80.0,7.75,2.875,3,9000.0,7000.0,2000.0,1800.0,2500.0,360.0,0.0,1.0,0,0,0,1,225000.0,1,1,3,5,1,95.0,3,10,2.0,6.0,2,4,6.0,8.0,2,4,2,5,3,4,45-54,65-74,Yes,,2,2,,
2024,99999,KS,20181.0,20181012400.0,FHA:First Lien,Single Family (1-4 Units):Site-Built,Ethnicity Not Available,Race Not Available,Sex Not Available,Approved for loan,1,190000.0,72.0,6.5,1.875,2,8000.0,6000.0,2000.0,1200.0,3000.0,360.0,0.0,0.0,0,0,0,0,190000.0,1,1,3,5,1,90.0,5,12,2.0,6.0,2,4,6.0,8.0,2,4,2,4,2,4,45-54,65-74,Yes,,1,1,,
2024,17005,MO,29061.0,29061012500.0,Conventional:First Lien,Single Family (1-4 Units):Site-Built,Ethnicity Not Available,Race Not Available,Sex Not Available,Approved for loan,1,278000.0,78.0,8.0,3.0,3,11000.0,9000.0,2000.0,1500.0,3000.0,360.0,0.0,0.0,0,0,0,0,278000.0,1,1,3,5,1,100.0,2,10,2.0,7.0,2,4,7.0,8.0,2,4,1,4,2,4,35-44,9999,No,,1,1,,
2024,99999,TN,47049.0,47049012600.0,VA:First Lien,Single Family (1-4 Units):Site-Built,Ethnicity Not Available,Race Not Available,Sex Not Available,Approved for loan,1,175000.0,79.5,8.5,3.5,3,6500.0,5000.0,1500.0,1000.0,2000.0,360.0,0.0,0.0,0,0,0,0,175000.0,1,1,3,5,1,99.0,2,11,2.0,5.0,2,4,6.0,8.0,2,4,2,5,2,4,45-54,9999,Yes,,1,1,,
2024,99999,WY,56013.0,56013012700.0,Conventional:First Lien,Single Family (1-4 Units):Site-Built,Ethnicity Not Available,Race Not Available,Sex Not Available,Application denied,32,210000.0,85.0,6.125,2.0,2,9500.0,7500.0,2000.0,1300.0,3500.0,360.0,0.0,0.0,0,0,0,0,210000.0,1,1,3,5,1,95.0,3,10,3.0,6.0,2,4,6.0,8.0,2,4,1,4,3,4,55-64,9999,Yes,,1,1,,
2024,99999,MD,24023.0,24023012800.0,FHA:First Lien,Single Family (1-4 Units):Site-Built,Ethnicity Not Available,Race Not Available,Sex Not Available,Approved for loan,1,330000.0,80.0,6.0,2.0,2,14000.0,12000.0,2000.0,1000.0,3500.0,360.0,0.0,0.0,0,0,0,0,330000.0,1,1,3,5,1,105.0,4,12,3.0,6.0,2,4,6.0,8.0,2,4,2,4,3,5,35-44,9999,No,,1,1,,
2024,12054,RI,44001.0,44001012900.0,VA:First Lien,Single Family (1-4 Units):Site-Built,Hispanic or Latino,Hispanic or Latino,Male,Approved for loan,1,210000.0,76.0,8.25,3.0,3,7000.0,5500.0,1500.0,1200.0,2000.0,360.0,0.0,0.0,0,0,0,0,210000.0,1,1,3,5,1,90.0,5,10,3.0,5.0,2,4,6.5,8.0,2,4,2,5,2,4,35-44,9999,No,,2,1,,
2024,99999,NH,33015.0,33015013000.0,FHA:First Lien,Single Family (1-4 Units):Site-Built,Ethnicity Not Available,Race Not Available,Sex Not Available,Approved for loan,1,250000.0,72.0,6.5,2.0,2,9500.0,7500.0,2000.0,1500.0,3000.0,360.0,0.0,0.0,0,0,0,0,250000.0,1,1,3,5,1,100.0,4,12,3.0,7.0,2,4,7.0,8.0,2,4,1,4,2,5,25-34,9999,Yes,,1,1,,
2024,99999,VT,50003.0,50003013100.0,Conventional:First Lien,Single Family (1-4 Units):Site-Built,Not Hispanic or Latino,White,Female,Approved for loan,1,310000.0,85.0,7.0,2.6,3,13000.0,10500.0,2500.0,1200.0,3500.0,360.0,0.0,0.0,0,0,0,0,310000.0,1,1,3,5,1,110.0,1,12,3.0,7.0,2,4,6.5,8.0,2,4,1,4,2,5,45-54,9999,Ye,,1,2,,
2024,99999,AK,02005.0,02005013200.0,FHA:First Lien,Single Family (1-4 Units):Site-Built,Ethnicity Not Available,Race Not Available,Sex Not Available,Application denied,32,400000.0,85.0,8.25,3.0,3,12000.0,10000.0,2000.0,1500.0,3500.0,360.0,0.0,0.0,0,0,0,0,400000.0,1,1,3,5,1,100.0,4,10,4.0,7.0,2,4,6.0,8.0,2,4,3,5,2,4,45-54,65-74,Yes,,1,1,,
2024,99999,ID,16011.0,16011013300.0,VA:First Lien,Single Family (1-4 Units):Site-Built,Ethnicity Not Available,Race Not Available,Sex Not Available,Approve for loan,1,265000.0,73.0,5.5,1.75,2,9800.0,7500.0,2300.0,1200.0,3000.0,360.0,0.0,0.0,0,0,0,0,265000.0,1,1,3,5,1,105.0,5,12,5.0,5.0,2,4,6.5,7.0,2,4,2,4,3,5,55-64,45-54,Yes,,1,1,,
2024,16240,NE,31015.0,31015013400.0,FHA:First Lien,Single Family (1-4 Units):Site-Built,Not Hispanic or Latino,White,Male,Approved for loan,1,320000.0,70.0,7.0,3.0,3,13000.0,11000.0,2000.0,1500.0,3000.0,360.0,0.0,0.0,0,0,0,0,320000.0,1,1,3,5,1,100.0,4,10,3.0,5.0,2,4,7.0,8.0,2,4,2,5,3,4,55-64,9999,Yes,,1,2,,
2024,99999,KY,21031.0,21031013500.0,Conventional:First Lien,Single Family (1-4 Units):Site-Built,Ethnicity Not Available,Race Not Available,Sex Not Available,Approved for loan,1,240000.0,78.0,6.125,2.25,2,9000.0,7000.0,2000.0,1200.0,3000.0,360.0,0.0,0.0,0,0,0,0,240000.0,1,1,3,5,1,90.0,3,12,3.0,6.0,2,4,7.0,9.0,2,4,1,4,2,4,45-54,9999,No,,1,1,,
2024,19074,UT,49009.0,49009013600.0,FHA:First Lien,Single,,,,,,,,,,,,,,,,,,,,,,,,,,,,,,,,,,,,,,,,,,,,,,,,,,,
2024,99999,ME,0750.0,07508010000.0,FHA:First Lien,Single Family (1-4 Units):Site-Built,Not Hispanic or Latino,White,Male,Approved for funding,32,450000.0,80.2,6.25,2.5,1,2500.0,1800.0,700.0,500.0,1500.0,300,0,0,0,0,1,1,3,5,1,0,250000.0,1,1,3,5,1,2,2,4,1,5,2,4,65-74,9999,Yes,1,1,1,1,1,1,1,1,2
2024,99999,NY,36000.0,36000010100.0,Conventional:First Lien,Single Family (1-4 Units):Site-Built,Not Hispanic or Latino,White,Male,Approved for funding,32,350000.0,75.0,5.5,2.0,1,1750.0,1200.0,550.0,400.0,800.0,240,0,0,0,0,1,1,3,5,1,0,180000.0,1,1,3,5,1,2,2,4,1,5,2,4,70-74,9999,Yes,1,1,1,1,1,1,1,1,2
2024,99999,TX,48005.0,48005001000.0,FHA:First Lien,Single Family (1-4 Units):Site-Built,Ethnicity Not Available,Race Not Available,Sex Not Available,Approved for funding,32,375000.0,77.5,6.0,2.3,3,2000.0,1400.0,600.0,450.0,900.0,300,0,0,0,0,1,1,3,5,1,0,200000.0,1,1,3,5,1,2,2,4,1,5,2,4,65-74,9999,Yes,0,0,0,0,0,0,0,0,0
2024,99999,FL,12005.0,12005000100.0,VA:First Lien,Single Family (1-4 Units):Site-Built,Hispanic or Latino,White,Male,Approved for funding,32,325000.0,82.5,6.5,2.7,1,2200.0,1600.0,600.0,400.0,1000.0,240,0,0,0,0,1,1,3,5,1,0,190000.0,1,1,3,5,1,2,2,4,1,5,2,4,70-74,9999,Yes,1,1,1,1,1,1,1,1,2
2024,99999,CA,06005.0,06005002000.0,Conventional:First Lien,Single Family (1-4 Units):Site-Built,Not Hispanic or Latino,Black,Male,Approved for funding,32,400000.0,78.0,6.75,2.8,1,2500.0,1800.0,700.0,500.0,1200.0,300,0,0,0,0,1,1,3,5,1,0,210000.0,1,1,3,5,1,2,2,4,1,5,2,4,65-74,9999,Yes,1,1,1,1,1,1,1,1,2
2024,99999,OH,39001.0,39001001010.0,FHA:First Lien,Single Family (1-4 Units):Site-Built,Ethnicity Not Available,Race Not Available,Sex Not Available,Approved for funding,32,250000.0,72.5,6.0,2.3,3,2000.0,1400.0,600.0,450.0,900.0,240,0,0,0,0,1,1,3,5,1,0,150000.0,1,1,3,5,1,2,2,4,1,5,2,4,65-74,9999,Yes,0,0,0,0,0,0,0,0,0
2024,99999,WA,53003.0,53003001000.0,Conventional:First Lien,Single Family (1-4 Units):Site-Built,Not Hispanic or Latino,White,Female,Approved for funding,32,400000.0,80.0,6.25,2.5,1,2500.0,1800.0,700.0,500.0,1200.0,300,0,0,0,0,1,1,3,5,1,0,200000.0,1,1,3,5,1,2,2,4,1,5,2,4,70-74,9999,Yes,1,1,1,1,1,1,1,1,2
2024,99999,IN,18003.0,18003000100.0,FHA:First Lien,Single Family (1-4 Units):Site-Built,Ethnicity Not Available,Race Not Available,Sex Not Available,Approved for funding,32,320000.0,75.0,6.25,2.5,3,2000.0,1400.0,600.0,450.0,900.0,300,0,0,0,0,1,1,3,5,1,0,180000.0,1,1,3,5,1,2,2,4,1,5,2,4,70-74,9999,Yes,0,0,0,0,0,0,0,0,0
2024,99999,MI,26001.0,26001001000.0,Conventional:First Lien,Single Family (1-4 Units):Site-Built,Not Hispanic or Latino,White,Male,Approved for funding,32,350000.0,75.0,5.5,2.0,1,1750.0,1200.0,550.0,400.0,800.0,240,0,0,0,0,1,1,3,5,1,0,180000.0,1,1,3,5,1,2,2,4,1,5,2,4,65-74,9999,Yes,1,1,1,1,1,1,1,1,2
2024,99999,MA,25000.0,25000001000.0,FHA:First Lien,Single Family (1-4 Units):Site-Built,Hispanic or Latino,White,Female,Approved for funding,32,425000.0,79.5,6.5,2.7,1,2200.0,1600.0,600.0,400.0,1000.0,240,0,0,0,0,1,1,3,5,1,0,200000.0,1,1,3,5,1,2,2,4,1,5,2,4,70-74,9999,Yes,1,1,1,1,1,1,1,1,2
2024,99999,NJ,34001.0,34001001000.0,Conventional:First Lien,Single Family (1-4 Units):Site-Built,,White,Male,Approved for funding,32,375000.0,80.0,6.25,2.5,1,2000.0,1400.0,600.0,450.0,900.0,300,0,0,0,0,1,1,3,5,1,0,200000.0,1,1,3,5,1,2,2,4,1,5,2,4,70-74,9999,Yes,1,1,1,1,1,1,1,1,2
2024,99999,VA,51001.0,51001000100.0,FHA:First Lien,Single Family (1-4 Units):Site-Built,Not Hispanic or Latino,White,Female,Approved for funding,32,325000.0,75.0,6.25,2.5,3,2000.0,1400.0,600.0,450.0,900.0,300,0,0,0,0,1,1,3,5,1,0,180000.0,1,1,3,5,1,2,2,4,1,5,2,4,65-74,9999,Yes,1,1,1,1,1,1,1,1,2
2024,99999,MO,29001.0,29001000100.0,Conventional:First Lien,Single Family (1-4 Units):Site-Built,Not Hispanic or Latino,White,Male,Approved for funding,32,500000.0,75.0,5.75,2.2,1,2500.0,1800.0,700.0,500.0,1200.0,240,0,0,0,0,1,1,3,5,1,0,240000.0,1,1,3,5,1,2,2,4,1,5,2,4,65-74,9999,Yes,1,1,1,1,1,1,1,1,2
2024,99999,OR,41001.0,41001000100.0,FHA:First Lien,Single Family (1-4 Units):Site-Built,Hispanic or Latino,White,Male,Approved for funding,32,300000.0,72.5,6.0,2.3,3,2000.0,1400.0,600.0,450.0,900.0,360,0,0,0,0,1,1,3,5,1,0,160000.0,1,1,3,5,1,2,2,4,1,5,2,4,70-74,9999,Yes,1,1,1,1,1,1,1,1,2
2024,99999,FL,12027.0,12027001100.0,Conventional:First Lien,Single Family (1-4 Units):Site-Built,Not Hispanic or Latino,Black,Female,Approved for funding,32,450000.0,77.5,6.5,2.7,1,2500.0,1800.0,700.0,500.0,1200.0,300,0,0,0,0,1,1,3,5,1,0,220000.0,1,1,3,5,1,2,2,4,1,5,2,4,65-74,9999,Yes,1,1,1,1,1,1,1,1,2
2024,99999,IL,17001.0,17001000100.0,FHA:First Lien,Single Family (1-4 Units):Site-Built,Ethnicity Not Available,Race Not Available,Sex Not Available,Approved for funding,32,325000.0,82.0,6.25,2.5,3,2000.0,1400.0,600.0,450.0,900.0,300,0,0,0,0,1,1,3,5,1,0,190000.0,1,1,3,5,1,2,2,4,1,5,2,4,65-74,9999,Yes,0,0,0,0,0,0,0,0,0
2024,99999,NC,37011.0,37011001000.0,Conventional:First Lien,Single Family (1-4 Units):Site-Built,Not Hispanic or Latino,White,Male,Approved for funding,32,400000.0,75.0,5.75,2.2,1,2000.0,1400.0,600.0,450.0,900.0,300,0,0,0,0,1,1,3,5,1,0,180000.0,1,1,3,5,1,2,2,4,1,5,2,4,65-74,9999,Yes,1,1,1,1,1,1,1,1,2
2024,99999,GA,13001.0,13001000100.0,FHA:First Lien,Single Family (1-4 Units):Site-Built,Hispanic or Latino,Black,Female,Approved for funding,32,350000.0,82.5,6.5,2.7,3,2200.0,1600.0,600.0,400.0,1000.0,240,0,0,0,0,1,1,3,5,1,0,190000.0,1,1,3,5,1,2,2,4,1,5,2,4,70-74,9999,Yes,1,1,1,1,1,1,1,1,2
2024,99999,TN,47001.0,47001000100.0,Conventional:First Lien,Single Family (1-4 Units):Site-Built,,White,Female,Approved for funding,32,450000.0,75.0,5.75,2.2,1,2000.0,1400.0,600.0,450.0,900.0,300,0,0,0,0,1,1,3,5,1,0,220000.0,1,1,3,5,1,2,2,4,1,5,2,4,65-74,9999,Yes,1,1,1,1,1,1,1,1,2
2024,99999,SC,45001.0,45001000100.0,FHA:First Lien,Single Family (1-4 Units):Site-Built,Not Hispanic or Latino,White,Male,Approved for funding,32,300000.0,72.5,6.0,2.3,3,2000.0,1400.0,600.0,450.0,900.0,300,0,0,0,0,1,1,3,5,1,0,160000.0,1,1,3,5,1,2,2,4,1,5,2,4,65-74,9999,Yes,1,1,1,1,1,1,1,1,2
2024,99999,KS,20001.0,20001000100.0,Conventional:First Lien,Single Family (1-4 Units):Site-Built,,White,Male,Approved for funding,32,375000.0,75.0,6.25,2.5,1,2000.0,1400.0,600.0,450.0,900.0,240,0,0,0,0,1,1,3,5,1,0,200000.0,1,1,3,5,1,2,2,4,1,5,2,4,65-74,9999,Yes,1,1,1,1,1,1,1,1,2
2024,99999,KY,21001.0,21001000100.0,FHA:First Lien,Single Family (1-4 Units):Site-Built,Hispanic or Latino,White,Female,Approved for funding,32,325000.0,75.0,6.25,2.5,3,2000.0,1400.0,600.0,450.0,900.0,240,0,0,0,0,1,1,3,5,1,0,180000.0,1,1,3,5,1,2,2,4,1,5,2,4,65-74,9999,Yes,1,1,1,1,1,1,1,1,2
2024,99999,MD,24001.0,24001000100.0,Conventional:First Lien,Single Family (1-4 Units):Site-Built,Not Hispanic or Latino,White,Male,Approved for funding,32,500000.0,75.0,5.75,2.2,1,2500.0,1800.0,700.0,500.0,1200.0,300,0,0,0,0,1,1,3,5,1,0,250000.0,1,1,3,5,1,2,2,4,1,5,2,4,65-74,9999,Yes,1,1,1,1,1,1,1,1,2
2024,99999,PA,42001.0,42001000100.0,FHA:First Lien,Single Family (1-4 Units):Site-Built,Ethnicity Not Available,Race Not Available,Sex Not Available,Approved for funding,32,350000.0,75.0,6.0,2.3,3,2200.0,1600.0,600.0,400.0,1000.0,300,0,0,0,0,1,1,3,5,1,0,200000.0,1,1,3,5,1,2,2,4,1,5,2,4,70-74,9999,Yes,0,0,0,0,0,0,0,0,0
2024,99999,NV,32001.0,32001000100.0,Conventional:First Lien,Single Family (1-4 Units):Site-Built,Not Hispanic or Latino,White,Female,Approved for funding,32,425000.0,78.5,6.25,2.5,1,2500.0,1800.0,700.0,500.0,1200.0,300,0,0,0,0,1,1,3,5,1,0,200000.0,1,1,3,5,1,2,2,4,1,5,2,4,65-74,9999,Yes,1,1,1,1,1,1,1,1,2
2024,99999,RI,44001.0,44001000100.0,FHA:First Lien,Single Family (1-4 Units):Site-Built,Hispanic or Latino,White,Male,Approved for funding,32,320000.0,72.5,6.0,2.3,3,2200.0,1600.0,600.0,400.0,1000.0,240,0,0,0,0,1,1,3,5,1,0,180000.0,1,1,3,5,1,2,2,4,1,5,2,4,65-74,9999,Yes,1,1,1,1,1,1,1,1,2
2024,99999,VT,50001.0,50001000100.0,Conventional:First Lien,Single Family (1-4 Units):Site-Built,,Black,Male,Approved for funding,32,400000.0,75.0,5.75,2.2,1,2000.0,1400.0,600.0,450.0,900.0,240,0,0,0,0,1,1,3,5,1,0,180000.0,1,1,3,5,1,2,2,4,1,5,2,4,70-74,9999,Yes,1,1,1,1,1,1,1,1,2
2024,99999,WI,55001.0,55001000100.0,FHA:First Lien,Single Family (1-4 Units):Site-Built,Not Hispanic or Latino,White,Female,Approved for funding,32,375000.0,75.0,6.25,2.5,3,2200.0,1600.0,600.0,400.0,1000.0,300,0,0,0,0,1,1,3,5,1,0,200000.0,1,1,3,5,1,2,2,4,1,5,2,4,65-74,9999,Yes,1,1,1,1,1,1,1,1,2
2024,99999,WY,56001.0,56001000100.0,Conventional:First Lien,Single Family (1-4 Units):Site-Built,Not Hispanic or Latino,White,Male,Approved for funding,32,325000.0,78.0,6.25,2.5,1,2000.0,1400.0,600.0,450.0,900.0,300,0,0,0,0,1,1,3,5,1,0,200000.0,1,1,3,5,1,2,2,4,1,5,2,4,65-74,9999,Yes,1,1,1,1,1,1,1,1,2
2024,99999,ID,16001.0,16001000100.0,FHA:First Lien,Single Family (1-4 Units):Site-Built,Ethnicity Not Available,Race Not Available,Sex Not Available,Approved for funding,32,350000.0,77.5,6.0,2.3,3,2000.0,1400.0,600.0,450.0,900.0,240,0,0,0,0,1,1,3,5,1,0,200000.0,1,1,3,5,1,2,2,4,1,5,2,4,65-74,9999,Yes,0,0,0,0,0,0,0,0,0
2024,99999,MT,30001.0,30001000100.0,Conventional:First Lien,Single Family (1-4 Units):Site-Built,Not Hispanic or Latino,White,Female,Approved for funding,32,375000.0,75.0,5.5,2.0,1,2000.0,1400.0,600.0,450.0,900.0,300,0,0,0,0,1,1,3,5,1,0,200000.0,1,1,3,5,1,2,2,4,1,5,2,4,70-74,9999,Yes,1,1,1,1,1,1,1,1,2
2024,99999,WV,54001.0,54001000100.0,FHA:First Lien,Single Family (1-4 Units):Site-Built,Hispanic or Latino,White,Male,Approved for funding,32,320000.0,72.5,6.0,2.3,3,2000.0,1400.0,600.0,450.0,900.0,300,0,0,0,0,1,1,3,5,1,0,180000.0,1,1,3,5,1,2,2,4,1,5,2,4,65-74,9999,Yes,1,1,1,1,1,1,1,1,2
2024,99999,HM,50001.0,50001000000.0,Conventional:First Lien,Single Family (1-4 Units):Manufact,,,,,,,,,,,,,,,,,,,,,,,,,,,,,,,,,,,,,,,,,,,,,,,,,,,
2024,99999,CA,6001.0,6001000000.0,Conventional:First Lien,Single Family (1-4 Units):Site-Built,Not Hispanic or Latino,White,Male,Loan originated,1,450000.0,80.0,6.75,1.2,1,3500.0,2400.0,1500.0,300.0,1000.0,360,1,0,0,0,0,1,1,1,3,3,200000.0,9,1,3,5,3,1,45.0,60.0,1,3,1,5,2,1,30,40,1,0,2024,2025,Yes,1,1,1
2024,99999,NY,36061.0,36061000000.0,FHA:First Lien,Single Family (1-4 Units):Site-Built,Hispanic or Latino,Hispanic or Latino,Male,Application approved but not accepted,1,280000.0,85.0,7.25,1.6,1,5600.0,3200.0,2100.0,300.0,1200.0,300,1,0,0,0,0,1,0,1,3,3,190000.0,2,0,3,5,3,1,67.0,80.0,0,2,0,1,0,0,40,60,1,0,2024,2025,Yes,1,1,1
2024,99999,FL,12025.0,12025002010.0,VA:First Lien,Single Family (1-4 Units):Site-Built,Not Hispanic or Latino,Black,Male,Loan originated,1,340000.0,75.0,6.95,1.4,0,3800.0,2200.0,1100.0,100.0,800.0,360,0,0,0,0,0,1,1,0,3,1,230000.0,1,1,3,5,1,0,45.0,58.0,1,2,0,3,3,1,30,50,0,0,2024,2025,Yes,1,1,1
2024,99999,IL,17031.0,17031014200.0,Conventional:First Lien,Single Family (1-4 Units):Site-Built,Hispanic or Latino,Hispanic or Latino,Female,Loan originated,6,625000.0,82.0,7.10,1.7,1,5080.0,3120.0,1900.0,250.0,830.0,360,1,0,0,0,0,1,1,1,5,3,175000.0,1,1,1,1,3,1,58.0,70.0,1,2,1,1,2,2,50,60,0,1,2024,2025,Yes,1,1,1
2024,99999,OH,39140.0,39140120080.0,FHA:First Lien,Single Family (1-4 Units):Site-Built,Not Hispanic or Latino,White,Female,Loan originated,1,395000.0,80.0,6.60,1.6,0,3560.0,2100.0,1000.0,120.0,780.0,300,1,0,0,0,0,1,1,1,3,4,175000.0,2,0,1,5,3,0,54.0,70.0,0,3,0,0,0,0,43,55,1,0,2024,2025,Yes,0,0,1
2024,99999,NJ,34003.0,34003000000.0,Conventional:First Lien,Single Family (1-4 Units):Site-Built,Not Hispanic or Latino,White,Male,Application approved but not accepted,1,310000.0,77.0,7.25,1.3,0,3500.0,1600.0,800.0,200.0,300.0,360,1,0,0,0,0,1,1,0,5,3,260000.0,1,1,1,5,5,1,40.0,45.0,1,4,1,1,1,1,25,50,0,1,2024,2025,Yes,1,1,1
2024,99999,TX,48039.0,48039000000.0,VA:First Lien,Single Family (1-4 Units):Site-Built,Ethnicity Not Available,Race Not Available,Sex Not Available,Loan originated,6,590000.0,84.0,7.05,1.5,0,5400.0,2700.0,1300.0,150.0,700.0,360,0,0,0,0,0,0,0,1,4,4,235000.0,1,1,5,3,4,1,48.0,60.0,1,4,1,2,3,3,45,55,1,1,2024,2025,Yes,1,1,0
2024,99999,MI,26125.0,26125010880.0,Conventional:Subordinate Lien,Single Family (1-4 Units):Site-Built,Not Hispanic or Latino,White,Female,Loan originated,1,360000.0,78.0,7.15,1.4,1,3500.0,1900.0,950.0,100.0,100.0,240,0,0,0,0,0,1,1,0,5,1,200000.0,1,1,1,5,1,1,60.0,65.0,1,3,0,0,0,0,25,50,1,0,2024,2025,Yes,1,1,1
2024,99999,MD,24015.0,24015220300.0,VA:First Lien,Single Family (1-4 Units):Site-Built,Hispanic or Latino,Hispanic or Latino,Male,Loan originated,1,625000.0,82.0,6.90,1.2,1,5680.0,2900.0,1700.0,250.0,1200.0,360,1,0,0,0,0,1,1,1,3,2,285000.0,1,1,1,5,5,1,44.0,62.0,1,2,0,2,1,5,35,50,1,0,2024,2025,Yes,1,1,1
2024,99999,OR,41051.0,41051001300.0,Conventional:First Lien,Single Family (1-4 Units):Site-Built,Not Hispanic or Latino,White,Male,Application denied,1,212000.0,84.0,7.20,1.8,0,2040.0,1300.0,450.0,150.0,340.0,360,0,0,0,0,0,1,0,1,5,4,150000.0,1,1,5,5,3,0,40.0,52.0,1,2,0,1,0,0,25,50,0,0,2024,2025,Yes,0,0,0
2024,99999,GA,13121.0,13121010529.0,FHA:First Lien,Single Family (1-4 Units):Site-Built,Not Hispanic or Latino,White,Male,Loan originated,1,315000.0,80.0,7.00,1.1,1,2800.0,1200.0,600.0,100.0,500.0,360,1,0,0,0,0,1,1,1,3,1,195000.0,2,1,2,5,1,0,39.0,57.0,1,4,0,0,1,4,27,35,0,1,2024,2025,Yes,1,1,1
2024,20020,WA,53033.0,53033000000.0,Conventional:First Lien,Single Family (1-4 Units):Site-Built,Ethnicity Not Available,Race Not Available,Sex Not Available,Loan originated,1,275000.0,76.0,6.80,1.3,1,3200.0,1800.0,800.0,200.0,700.0,300,1,0,0,0,0,1,0,1,5,1,170000.0,2,1,5,5,5,1,22.0,55.0,0,0,0,0,0,0,25,55,1,0,2024,2025,Yes,1,1,0
2024,99999,IN,18101.0,18101001150.0,VA:First Lien,Single Family (1-4 Units):Site-Built,Hispanic or Latino,Hispanic or Latino,Female,Loan originated,1,270000.0,77.0,6.80,1.2,0,2800.0,1600.0,1000.0,200.0,300.0,240,1,0,0,0,0,1,1,1,4,2,180000.0,1,1,0,2,5,1,28.0,56.0,1,1,0,1,1,1,27,50,1,0,2024,2025,Yes,1,1,1
2024,99999,NV,32019.0,32019004000.0,Conventional:First Lien,Single Family (1-4 Units):Site-Built,Not Hispanic or Latino,White,Female,Loan originated,1,375000.0,80.0,7.20,1.3,1,3200.0,2000.0,1200.0,500.0,600.0,300,1,0,0,0,0,1,1,0,3,1,225000.0,1,1,0,5,5,0,45.0,58.0,1,0,1,1,0,0,42,43,0,0,2024,2025,Yes,1,0,1
2024,99999,SC,45071.0,45071011700.0,Conventional:Subordinate Lien,Single Family (1-4 Units):Site-Built,Hispanic or Latino,Hispanic or Latino,Male,Application denied,1,310000.0,77.0,6.10,1.2,0,3050.0,1900.0,900.0,100.0,600.0,540,1,0,0,0,0,1,0,0,3,4,245000.0,1,1,4,5,1,1,59.0,64.0,0,2,0,2,0,5,40,50,1,0,2024,2025,Yes,0,0,1
2024,99999,CO,08079.0,08079000000.0,FHA:First Lien,Single Family (1-4 Units):Site-Built,Not Hispanic or Latino,White,Male,Loan originated,1,425000.0,80.0,6.95,1.3,0,3040.0,1800.0,890.0,100.0,550.0,300,0,0,0,0,0,1,1,1,5,1,260000.0,1,1,1,3,1,0,45.0,50.0,0,3,1,0,1,1,33,38,1,0,2024,2025,Yes,1,1,1
2024,99999,NC,37017.0,37017000000.0,Conventional:First Lien,Single Family (1-4 Units):Site-Built,Not Hispanic or Latino,White,Male,Loan originated,1,750000.0,82.0,6.85,0.9,1,5640.0,3400.0,1500.0,700.0,1240.0,360,0,0,0,0,0,1,1,1,3,5,120000.0,1,1,3,5,1,1,35.0,55.0,0,3,1,4,0,2,35,45,0,0,2024,2025,Yes,1,1,1
2024,99999,UT,49003.0,49003000000.0,VA:First Lien,Single Family (1-4 Units):Site-Built,Ethnicity Not Available,Race Not Available,Sex Not Available,Loan originated,1,285000.0,80.0,7.20,1.3,0,1500.0,900.0,690.0,100.0,700.0,360,1,0,0,0,0,0,0,0,2,1,175000.0,1,1,5,1,1,0,31.0,40.0,1,3,1,1,2,5,50,55,0,0,2024,2025,Yes,1,0,1
2024,99999,KS,20015.0,20015090820.0,FHA:First Lien,Single Family (1-4 Units):Site-Built,Not Hispanic or Latino,White,Female,Application approved but not accepted,1,295000.0,85.0,6.90,1.2,0,3080.0,1300.0,840.0,200.0,700.0,240,0,0,0,0,0,1,1,1,4,1,150000.0,1,1,2,3,5,1,28.0,46.0,1,3,0,2,1,1,20,40,1,0,2024,2025,Yes,0,0,1
2024,99999,AR,05029.0,05029100000.0,Conventional:First Lien,Single Family (1-4 Units):Site-Built,Hispanic or Latino,Hispanic or Latino,Female,Loan originated,1,300000.0,78.0,7.02,1.2,1,3660.0,2200.0,1200.0,300.0,700.0,360,0,0,0,0,0,1,1,0,3,4,180000.0,1,1,4,0,4,1,52.0,55.0,1,2,1,1,1,2,49,50,0,0,2024,2025,Yes,1,1,1
2024,99999,WI,55087.0,55087000000.0,Conventional:First Lien,Single Family (1-4 Units):Site-Built,Not Hispanic or Latino,White,Female,Loan originated,1,280000.0,77.0,6.50,1.2,0,3000.0,1800.0,800.0,200.0,700.0,240,0,0,0,0,0,1,1,1,3,5,170000.0,1,1,2,5,1,1,29.0,44.0,1,1,1,1,1,1,42,48,0,0,2024,2025,Yes,1,1,1
2024,99999,VA,51087.0,51087000000.0,FHA:First Lien,Single Family (1-4 Units):Site-Built,Hispanic or Latino,Hispanic or Latino,Female,Application denied,1,440000.0,82.0,7.15,1.4,0,5000.0,3500.0,2000.0,250.0,1200.0,360,1,0,0,0,0,1,0,0,5,3,250000.0,1,0,1,5,1,1,38.0,50.0,1,1,1,1,0,1,25,45,0,0,2024,2025,Yes,1,1,1
2024,99999,LA,22007.0,22007000100.0,Conventional:First Lien,Single Family (1-4 Units):Site-Built,Not Hispanic or Latino,White,Female,Loan originated,1,650000.0,81.0,7.20,1.5,1,2870.0,2200.0,1300.0,700.0,750.0,360,0,0,0,0,0,1,1,1,2,5,425000.0,1,1,3,5,1,1,36.0,48.0,1,2,0,2,2,4,50,55,0,0,2024,2025,Yes,1,1,1
2024,99999,KY,21013.0,21013000000.0,VA:First Lien,Single Family (1-4 Units):Site-Built,Not Hispanic or Latino,White,Male,Loan originated,1,340000.0,80.0,7.00,1.2,0,4500.0,2600.0,1300.0,440.0,1200.0,360,0,0,0,0,0,0,0,0,2,4,180000.0,2,0,1,3,3,0,41.0,52.0,1,4,0,3,3,1,38,55,0,0,2024,2025,Yes,1,1,1
2024,99999,OK,40045.0,40045000000.0,Conventional:First Lien,Single Family (1-4 Units):Site-Built,Not Hispanic or Latino,White,Male,Loan originated,1,350000.0,76.0,6.80,1.1,1,3070.0,2000.0,950.0,500.0,200.0,300,0,0,0,0,0,1,1,1,5,3,190000.0,1,1,1,3,5,1,21.0,40.0,1,2,0,1,0,0,30,45,0,0,2024,2025,Yes,0,0,1
2024,99999,RI,44001.0,44001000000.0,Conventional:Subordinate Lien,Single Family (1-4 Units):Site-Built,Hispanic or Latino,Hispanic or Latino,Male,Loan originated,1,290000.0,75.0,7.20,1.8,1,1510.0,650.0,200.0,200.0,300.0,240,0,0,0,0,0,1,1,1,5,1,220000.0,0,1,0,3,1,1,44.0,57.0,1,2,1,2,0,3,42,50,0,0,2024,2025,Yes,1,0,1
2024,99999,AZ,04019.0,04019000000.0,FHA:First Lien,Single Family (1-4 Units):Site-Built,Hispanic or Latino,Hispanic or Latino,Male,Loan originated,1,410000.0,86.0,7.50,1.4,1,4240.0,2700.0,1200.0,300.0,1200.0,360,1,0,0,0,0,1,1,1,2,5,260000.0,2,1,1,1,3,1,35.0,60.0,1,1,0,0,2,5,40,60,0,0,2024,2025,Yes,1,1,1
2024,99999,CT,09007.0,09007000000.,,,,,,,,,,,,,,,,,,,,,,,,,,,,,,,,,,,,,,,,,,,,,,,,,,,,,
2024,12054,GA,13121.0,13121010529.0,FHA:First Lien,Single Family (1-4 Units):Site-Built,Ethnicity Not Available,Race Not Available,Sex Not Available,6,32,225000.0,,6.875,,2,16692.05,,10197.8,8302.8,,300.0,,,2,2,2,2,275000.0,1,1,3,5,1,,,,9,9,4.0,4.0,3,3,7.0,7.0,3,3,4,4,3,3,8888,8888,,,3,3
2024,99999,CT,9150.0,9150708100.0,Conventional:Subordinate Lien,Single Family (1-4 Units):Site-Built,Not Hispanic or Latino,White,Male,File closed for incompleteness,32,25000.0,,,,3,,,,,,240,,,2,2,2,2,,1,1,3,5,1,,96.0,,1111,1111,2.0,5.0,2,4,5.0,8.0,2,4,1,5,2,4,65-74,9999,Yes,,1,1
2024,99999,PA,42127.0,42127960600.0,VA:First Lien,Single Family (1-4 Units):Site-Built,Ethnicity Not Available,Race Not Available,Sex Not Available,Application denied,32,355000.0,,,,3,,,,,,360,,,2,2,2,2,,1,1,3,5,1,,108.0,,3,10,3.0,5.0,2,4,6.0,8.0,2,4,3,5,2,4,65-74,9999,Yes,,1,1
2024,99999,FL,13031.0,13031010409.0,Conventional:First Lien,Single Family (1-4 Units):Site-Built,Hispanic or Latino,White,Female,Application approved,11,250000.0,,4.75,0.0,1,4650.0,,3000.0,1650.0,,360.0,,,2,2,2,2,,1,1,3,5,1,,74.0,,2,11,3.0,5.0,2,1,3.0,8.0,2,1,1,1,2,4,40-49,7888,Yes,,1,1
2024,10100,NY,36005.0,36005030600.0,Conventional:Second Lien,Single Family (1-4 Units):Site-Built,Not Hispanic or Latino,Asian,Female,Application withdrawn,12,300000.0,,6.25,,1,5000.0,,2000.0,3000.0,,240.0,,,2,2,2,2,,1,1,3,5,1,,100.0,,1,1,1.0,5.0,2,2,3.0,20.0,2,2,2,1,2,3,40-49,5555,Yes,,1,1
2024,10100,NY,36005.0,36005030600.0,Conventional:Second Lien,Single Family (1-4 Units):Site-Built,Not Hispanic or Latino,Asian,Female,Application withdrawn,12,300000.0,,6.25,,1,5000.0,,2000.0,3000.0,,240.0,,,2,2,2,2,,1,1,3,5,1,,100.0,,1,1,1.0,5.0,2,2,3.0,20.0,2,2,2,1,2,3,40-49,5555,Yes,,1,1
2024,12054,GA,13121.0,13121010529.0,FHA:First Lien,Single Family (1-4 Units):Site-Built,Ethnicity Not Available,Race Not Available,Sex Not Available,6,32,225000.0,,6.875,,2,16692.05,,10197.8,8302.8,,300.0,,,2,2,2,2,275000.0,1,1,3,5,1,,,,9,9,4.0,4.0,3,3,7.0,7.0,3,3,4,4,3,3,8888,8888,,,3,3
2024,99999,CT,9150.0,9150708100.0,Conventional:Subordinate Lien,Single Family (1-4 Units):Site-Built,Not Hispanic or Latino,White,Male,File closed for incompleteness,32,25000.0,,,,3,,,,,,240,,,2,2,2,2,,1,1,3,5,1,,96.0,,1111,1111,2.0,5.0,2,4,5.0,8.0,2,4,1,5,2,4,65-74,9999,Yes,,1,1
2024,99999,PA,42127.0,42127960600.0,VA:First Lien,Single Family (1-4 Units):Site-Built,Ethnicity Not Available,Race Not Available,Sex Not Available,Application denied,32,355000.0,,,,3,,,,,,360,,,2,2,2,2,,1,1,3,5,1,,108.0,,3,10,3.0,5.0,2,4,6.0,8.0,2,4,3,5,2,4,65-74,9999,Yes,,1,1
2024,13052,NJ,34017.0,34017000000.0,FHA:First Lien,Single Family (1-4 Units):Site-Built,Hispanic or Latino,White,Male,Application approved,11,120000.0,,7.0,0.0,3,5000.0,,3300.0,1700.0,,300.0,,,2,2,2,2,,1,1,3,5,1,,120.0,,3,9,3.0,5.0,2,2,3.0,8.0,2,2,2,1,2,1,40-49,8888,Yes,,1,1
2024,99999,FL,13031.0,13031010409.0,Conventional:First Lien,Single Family (1-4 Units):Site-Built,Hispanic or Latino,White,Female,Application approved,11,250000.0,,4.75,0.0,1,4650.0,,3000.0,1650.0,,360.0,,,2,2,2,2,,1,1,3,5,1,,74.0,,2,11,3.0,5.0,2,1,3.0,8.0,2,1,1,1,2,4,40-49,7888,Yes,,1,1
2024,12054,GA,13121.0,13121010529.0,FHA:First Lien,Single Family (1-4 Units):Site-Built,Ethnicity Not Available,Race Not Available,Sex Not Available,6,32,225000.0,,6.875,,2,16692.05,,10197.8,8302.8,,300.0,,,2,2,2,2,275000.0,1,1,3,5,1,,,,9,9,4.0,4.0,3,3,7.0,7.0,3,3,4,4,3,3,8888,8888,,,3,3
2024,99999,CT,9150.0,9150708100.0,Conventional:Subordinate Lien,Single Family (1-4 Units):Site-Built,Not Hispanic or Latino,White,Male,File closed for incompleteness,32,25000.0,,,,3,,,,,,240,,,2,2,2,2,,1,1,3,5,1,,96.0,,1111,1111,2.0,5.0,2,4,5.0,8.0,2,4,1,5,2,4,65-74,9999,Yes,,1,1
2024,99999,PA,42127.0,42127960600.0,VA:First Lien,Single Family (1-4 Units):Site-Built,Ethnicity Not Available,Race Not Available,Sex Not Available,Application denied,32,355000.0,,,,3,,,,,,360,,,2,2,2,2,,1,1,3,5,1,,108.0,,3,10,3.0,5.0,2,4,6.0,8.0,2,4,3,5,2,4,65-74,9999,Yes,,1,1
2024,10100,NY,36005.0,36005030600.0,Conventional:Second Lien,Single Family (1-4 Units):Site-Built,Not Hispanic or Latino,Asian,Female,Application withdrawn,12,300000.0,,6.25,,1,5000.0,,2000.0,3000.0,,240.0,,,2,2,2,2,,1,1,3,5,1,,100.0,,1,1,1.0,5.0,2,2,3.0,20.0,2,2,2,1,2,3,40-49,5555,Yes,,1,1
2024,99999,FL,13031.0,13031010409.0,Conventional:First Lien,Single Family (1-4 Units):Site-Built,Hispanic or Latino,White,Female,Application approved,11,250000.0,,4.75,0.0,1,4650.0,,3000.0,1650.0,,360.0,,,2,2,2,2,,1,1,3,5,1,,74.0,,2,11,3.0,5.0,2,1,3.0,8.0,2,1,1,1,2,4,40-49,7888,Yes,,1,1
2024,99999,CT,9150.0,9150708100.0,Conventional:Subordinate Lien,Single Family (1-4 Units):Site-Built,Not Hispanic or Latino,White,Male,File closed for incompleteness,32,25000.0,,,,3,,,,,,240,,,2,2,2,2,,1,1,3,5,1,,96.0,,1111,1111,2.0,5.0,2,4,5.0,8.0,2,4,1,5,2,4,65-74,9999,Yes,,1,1
2024,12054,GA,13121.0,13121010529.0,FHA:First Lien,Single Family (1-4 Units):Site-Built,Ethnicity Not Available,Race Not Available,Sex Not Available,6,32,225000.0,,6.875,,2,16692.05,,10197.8,8302.8,,300.0,,,2,2,2,2,275000.0,1,1,3,5,1,,,,9,9,4.0,4.0,3,3,7.0,7.0,3,3,4,4,3,3,8888,8888,,,3,3
2024,99999,NV,89001.0,89001000100.0,Conventional:First Lien,Single Family (1-4 Units):Site-Built,Not Hispanic or Latino,White,Female,Action taken,11,300000.0,,6.0,0.0,2,2000.0,,500.0,1500.0,,300.0,,,2,2,2,2,,1,1,3,5,1,,110.0,,3,10,2.0,5.0,2,1,3.0,12.0,2,2,2,2,8,3,65-74,5555,Yes,,1,1
2024,13052,NJ,34017.0,34017000000.0,FHA:First Lien,Single Family (1-4 Units):Site-Built,Hispanic or Latino,White,Male,Application approved,11,120000.0,,7.0,0.0,3,5000.0,,3300.0,1700.0,,300.0,,,2,2,2,2,,1,1,3,5,1,,120.0,,3,9,3.0,5.0,2,2,3.0,8.0,2,2,2,1,2,1,40-49,8888,Yes,,1,1
2024,99999,FL,13031.0,13031010409.0,Conventional:First Lien,Single Family (1-4 Units):Site-Built,Hispanic or Latino,White,Female,Application approved,11,250000.0,,4.75,0.0,1,4650.0,,3000.0,1650.0,,360.0,,,2,2,2,2,,1,1,3,5,1,,74.0,,2,11,3.0,5.0,2,1,3.0,8.0,2,1,1,1,2,4,40-49,7888,Yes,,1,1
2024,99999,CT,9150.0,9150708100.0,Conventional:Subordinate Lien,Single Family (1-4 Units):Site-Built,Not Hispanic or Latino,White,Male,File closed for incompleteness,32,25000.0,,,,3,,,,,,240,,,2,2,2,2,,1,1,3,5,1,,96.0,,1111,1111,2.0,5.0,2,4,5.0,8.0,2,4,1,5,2,4,65-74,9999,Yes,,1,1
2024,99999,PA,42127.0,42127960600.0,VA:First Lien,Single Family (1-4 Units):Site-Built,Ethnicity Not Available,Race Not Available,Sex Not Available,Application denied,32,355000.0,,,,3,,,,,,360,,,2,2,2,2,,1,1,3,5,1,,108.0,,3,10,3.0,5.0,2,4,6.0,8.0,2,4,3,5,2,4,65-74,9999,Yes,,1,1
2024,10100,NY,36005.0,36005030600.0,Conventional:Second Lien,Single Family (1-4 Units):Site-Built,Not Hispanic or Latino,Asian,Female,Application withdrawn,12,300000.0,,6.25,,1,5000.0,,2000.0,3000.0,,240.0,,,2,2,2,2,,1,1,3,5,1,,100.0,,1,1,1.0,5.0,2,2,3.0,20.0,2,2,2,1,2,3,40-49,5555,Yes,,1,1
2024,99999,FL,13031.0,13031010409.0,Conventional:First Lien,Single Family (1-4 Units):Site-Built,Hispanic or Latino,White,Female,Application approved,11,250000.0,,4.75,0.0,1,4650.0,,3000.0,1650.0,,360.0,,,2,2,2,2,,1,1,3,5,1,,74.0,,2,11,3.0,5.0,2,1,3.0,8.0,2,1,1,1,2,4,40-49,7888,Yes,,1,1
2024,12054,GA,13121.0,13121010529.0,FHA:First Lien,Single Family (1-4 Units):Site-Built,Ethnicity Not Available,Race Not Available,Sex Not Available,6,32,225000.0,,6.875,,2,16692.05,,10197.8,8302.8,,300.0,,,2,2,2,2,275000.0,1,1,3,5,1,,,,9,9,4.0,4.0,3,3,7.0,7.0,3,3,4,4,3,3,8888,8888,,,3,3
2024,99999,CT,9150.0,9150708100.0,Conventional:Subordinate Lien,Single Family (1-4 Units):Site-Built,Not Hispanic or Latino,White,Male,File closed for incompleteness,32,25000.0,,,,3,,,,,,240,,,2,2,2,2,,1,1,3,5,1,,96.0,,1111,1111,2.0,5.0,2,4,5.0,8.0,2,4,1,5,2,4,65-74,9999,Yes,,1,1
2024,99999,PA,42127.0,42127960600.0,VA:First Lien,Single Family (1-4 Units):Site-Built,Ethnicity Not Available,Race Not Available,Sex Not Available,Application denied,32,355000.0,,,,3,,,,,,360,,,2,2,2,2,,1,1,3,5,1,,108.0,,3,10,3.0,5.0,2,4,6.0,8.0,2,4,3,5,2,4,65-74,9999,Yes,,1,1
2024,10100,NY,36005.0,36005030600.0,Conventional:Second Lien,Single Family (1-4 Units):Site-Built,Not Hispanic or Latino,Asian,Female,Application withdrawn,12,300000.0,,6.25,,1,5000.0,,2000.0,3000.0,,240.0,,,2,2,2,2,,1,1,3,5,1,,100.0,,1,1,1.0,5.0,2,2,3.0,20.0,2,2,2,1,2,3,40-49,5555,Yes,,1,1
2024,99999,FL,13031.0,13031010409.0,Conventional:First Lien,Single Family (1-4 Units):Site-Built,Hispanic or Latino,White,Female,Application approved,11,250000.0,,4.75,0.0,1,4650.0,,3000.0,1650.0,,360.0,,,2,2,2,2,,1,1,3,5,1,,74.0,,2,11,3.0,5.0,2,1,3.0,8.0,2,1,1,1,2,4,40-49,7888,Yes,,1,1
2024,99999,CT,9150.0,9150708100.0,Conventional:Subordinate Lien,Single Family (1-4 Units):Site-Built,Not Hispanic or Latino,White,Male,File closed for incompleteness,32,25000.0,,,,3,,,,,,240,,,2,2,2,2,,1,1,3,5,1,,96.0,,1111,1111,2.0,5.0,2,4,5.0,8.0,2,4,1,5,2,4,65-74,9999,Yes,,1,1
2024,99999,PA,42127.0,42127960600.0,VA:First Lien,Single Family (1-4 Units):Site-Built,Ethnicity Not Available,Race Not Available,Sex Not Available,Application denied,32,355000.0,,,,3,,,,,,360,,,2,2,2,2,,1,1,3,5,1,,108.0,,3,10,3.0,5.0,2,4,6.0,8.0,2,4,3,5,2,4,65-74,9999,Yes,,1,1
2024,12054,GA,13121.0,13121010529.0,FHA:First Lien,Single Family (1-4 Units):Site-Built,Ethnicity Not Available,Race Not Available,Sex Not Available,6,32,225000.0,,6.875,,2,16692.05,,10197.8,8302.8,,300.0,,,2,2,2,2,275000.0,1,1,3,5,1,,,,9,9,4.0,4.0,3,3,7.0,7.0,3,3,4,4,3,3,8888,8888,,,3,3
2024,99999,FL,13031.0,13031010409.0,Conventional:First Lien,Single Family (1-4 Units):Site-Built,Hispanic or Latino,White,Female,Application approved,11,250000.0,,4.75,0.0,1,4650.0,,3000.0,1650.0,,360.0,,,2,2,2,2,,1,1,3,5,1,,74.0,,2,11,3.0,5.0,2,1,3.0,8.0,2,1,1,1,2,4,40-49,7888,Yes,,1,1
2024,99999,CT,9150.0,9150708100.0,Conventional:Subordinate Lien,Single Family (1-4 Units):Site-Built,Not Hispanic or Latino,White,Male,File closed for incompleteness,32,25000.0,,,,3,,,,,,240,,,2,2,2,2,,1,1,3,5,1,,96.0,,1111,1111,2.0,5.0,2,4,5.0,8.0,2,4,1,5,2,4,65-74,9999,Yes,,1,1
2024,99999,PA,42127.0,42127960600.0,VA:First Lien,Single Family (1-4 Units):Site-Built,Ethnicity Not Available,Race Not Available,Sex Not Available,Application denied,32,355000.0,,,,3,,,,,,360,,,2,2,2,2,,1,1,3,5,1,,108.0,,3,10,3.0,5.0,2,4,6.0,8.0,2,4,3,5,2,4,65-74,9999,Yes,,1,1
2024,10100,NY,36005.0,36005030600.0,Conventional:Second Lien,Single Family (1-4 Units):Site-Built,Not Hispanic or Latino,Asian,Female,Application withdrawn,12,300000.0,,6.25,,1,5000.0,,2000.0,3000.0,,240.0,,,2,2,2,2,,1,1,3,5,1,,100.0,,1,1,1.0,5.0,2,2,3.0,20.0,2,2,2,1,2,3,40-49,5555,Yes,,1,1
2024,99999,FL,13031.0,13031010409.0,Conventional:First Lien,Single Family (1-4 Units):Site-Built,Hispanic or Latino,White,Female,Application approved,11,250000.0,,4.75,0.0,1,4650.0,,3000.0,1650.0,,360.0,,,2,2,2,2,,1,1,3,5,1,,74.0,,2,11,3.0,5.0,2,1,3.0,8.0,2,1,1,1,2,4,40-49,7888,Yes,,1,1
2024,13052,NJ,34017.0,34017000000.0,FHA:First Lien,Single Family (1-4 Units):Site-Built,Hispanic or Latino,White,Male,Application approved,11,120000.0,,7.0,0.0,3,5000.0,,3300.0,1700.0,,300.0,,,2,2,2,2,,1,1,3,5,1,,120.0,,3,9,3.0,5.0,2,2,3.0,8.0,2,2,2,1,2,1,40-49,8888,Yes,,1,1
2024,99999,FL,13031.0,13031010409.0,Conventional:First Lien,Single Family (1-4 Units):Site-Built,Hispanic or Latino,White,Female,Application approved,11,250000.0,,4.75,0.0,1,4650.0,,3000.0,1650.0,,360.0,,,2,2,2,2,,1,1,3,5,1,,74.0,,2,11,3.0,5.0,2,1,3.0,8.0,2,1,1,1,2,4,40-49,7888,Yes,,1,1
2024,99999,CT,9150.0,9150708100.0,Conventional:Subordinate Lien,Single Family (1-4 Units):Site-Built,Not Hispanic or Latino,White,Male,File closed for incompleteness,32,25000.0,,,,3,,,,,,240,,,2,2,2,2,,1,1,3,5,1,,96.0,,1111,1111,2.0,5.0,2,4,5.0,8.0,2,4,1,5,2,4,65-74,9999,Yes,,1,1
2024,12054,GA,13121.0,13121010529.0,FHA:First Lien,Single Family (1-4 Units):Site-Built,Ethnicity Not Available,Race Not Available,Sex Not Available,6,32,225000.0,,6.875,,2,16692.05,,10197.8,8302.8,,300.0,,,2,2,2,2,275000.0,1,1,3,5,1,,,,9,9,4.0,4.0,3,3,7.0,7.0,3,3,4,4,3,3,8888,8888,,,3,3
2024,99999,NV,89001.0,89001000100.0,Conventional:First Lien,Single Family (1-4 Units):Site-Built,Not Hispanic or Latino,White,Female,Action taken,11,300000.0,,6.0,0.0,2,2000.0,,500.0,1500.0,,300.0,,,2,2,2,2,,1,1,3,5,1,,110.0,,3,10,2.0,5.0,2,1,3.0,12.0,2,2,2,2,8,3,65-74,5555,Yes,,1,1
2024,99999,FL,13031.0,13031010409.0,Conventional:First Lien,Single Family (1-4 Units):Site-Built,Hispanic or Latino,White,Female,Application approved,11,250000.0,,4.75,0.0,1,4650.0,,3000.0,1650.0,,360.0,,,2,2,2,2,,1,1,3,5,1,,74.0,,2,11,3.0,5.0,2,1,3.0,8.0,2,1,1,1,2,4,40-49,7888,Yes,,1,1
2024,99999,CT,9150.0,9150708100.0,Conventional:Subordinate Lien,Single Family (1-4 Units):Site-Built,Not Hispanic or Latino,White,Male,File closed for incompleteness,32,25000.0,,,,3,,,,,,240,,,2,2,2,2,,1,1,3,5,1,,96.0,,1111,1111,2.0,5.0,2,4,5.0,8.,,,,,,,,,,,,
2024,99999,NC,37081.0,37081010700.0,Conventional:First Lien,Single Family (1-4 Units):Site-Built,Not Hispanic or Latino,White,Male,Loan originated,1,320000.0,75.0,5.25,1.75,,,12900.0,,9300.0,3600.0,,,,,1,1,,1,1,,355000.0,1,1,3,5,1,,95.0,,1111,1111,2.0,5.0,2,4,5.0,8.0,2,4,1,5,2,4,32-49,9999,Yes
2024,99999,TX,48353.0,48353000000.0,FHA:First Lien,Single Family (1-4 Units):Site-Built,Ethnicity Not Available,Race Not Available,Sex Not Available,Preapproval request approved,32,180000.0,87.5,5.625,2.125,1,,,,13000.0,9250.0,3750.0,,2,2,2,2,,1,1,3,5,1,,95.0,,3,10,3.0,5.0,2,4,6.0,8.0,2,4,3,5,2,4,32-49,9999,Closed,,1,1,
2024,17181,FL,12009.0,12009020700.0,FHA:Subordinate Lien,Single Family (1-4 Units):Site-Built,Not Hispanic or Latino,White,Male,Loan originated,1,275000.0,90.0,5.875,2.25,3,,22000.0,12000.0,10000.0,1000.0,,144,,,2,2,2,2,,1,1,3,5,1,,92.0,,3,5,4.0,5.0,3,3,7.0,7.0,3,3,4,4,3,3,32-49,9999,Yes,,1
2024,99999,VA,51095.0,51095010300.0,VA:First Lien,Single Family (1-4 Units):Site-Built,Ethnicity Not Available,Race Not Available,Sex Not Available,Loan originated,1,320000.0,85.0,5.0,1.5,1,,18500.0,11000.0,7500.0,500.0,,180,,,2,2,2,2,,1,1,3,5,1,,92.0,,41111,50001,2.0,5.0,2,4,5.0,8.0,2,4,1,5,2,4,32-49,9999,Yes,,1
2024,99999,NY,36039.0,36039000000.0,FHA:First Lien,Single Family (1-4 Units):Site-Built,Not Hispanic or Latino,White,Female,File closed for incompleteness,32,175000.0,88.0,6.35,1.0,3,1,18000.0,11000.0,7000.0,,,2,3,,2,2,,172000.0,1,1,1,1,1,,88.0,,99999,99999,,5.0,2,3,7.5,7.5,2,3,4,3,1,3,3,3,32-49,9999,Yes,
2024,12054,OH,39077.0,39077050000.0,Va:Subordinate Lien,Single Family (1-4 Units):Site-Built,Ethnicity Not Available,Race Not Available,Sex Not Available,Loan originated,1,340000.0,95.0,5.125,1.875,1,,11000.0,9200.0,1800.0,,,120,,,2,2,2,2,,1,1,3,5,1,,91.0,,11111,30001,3.0,5.0,2,4,6.0,8.0,2,4,1,5,2,4,32-49,9999,Yes,,1
2024,99999,GA,13127.0,13127020300.0,Conventional:First Lien,Single Family (1-4 Units):Site-Built,Ethnicity Not Available,Race Not Available,Sex Not Available,Loan originated,1,355000.0,83.0,4.25,1.25,2,,7500.0,6300.0,1200.0,,,240,12,,2,2,,360000.0,1,1,3,5,1,,97.0,,11111,30001,1.0,5.0,2,4,6.5,8.0,2,4,1,5,2,4,40-54,9999,Yes,,1,1
2024,12054,MN,27085.0,27085000700.0,FHA:First Lien,Single Family (1-4 Units):Site-Built,Not Hispanic or Latino,White,Male,Loan originated,1,280000.0,82.0,5.375,1.625,3,,12250.0,8200.0,4050.0,,,300,24,,2,2,,290000.0,1,1,3,5,1,,94.0,,1111,1111,2.0,5.0,2,4,5.0,8.0,2,4,1,5,2,4,32-49,9999,Yes,,1,1
2024,99999,MA,25003.0,25003008300.0,Conventional:Subordinate Lien,Single Family (1-4 Units):Site-Built,Not Hispanic or Latino,White,Female,Preapproval request approved,32,310000.0,70.0,6.0,1.25,2,,20000.0,13500.0,6500.0,4500.0,,240,,,2,2,2,2,,1,1,3,5,1,,92.0,,1111,1111,3.0,6.0,3,4,7.0,7.0,2,4,1,5,2,4,40-54,9999,Yes,,1
2024,12054,IL,17185.0,17185070400.0,VA:Subordinate Lien,Single Family (1-4 Units):Site-Built,Ethnicity Not Available,Race Not Available,Sex Not Available,Application denied,32,255000.0,75.5,6.25,2.75,,1,16500.0,10500.0,6000.0,,,240,,,2,2,2,2,,1,1,3,5,1,,91.0,,3,10,2.0,5.0,3,3,7.5,7.5,3,3,4,3,1,3,32-49,9999,Yes,,1
2024,99999,WI,55005.0,55005333000.0,Conventional:First Lien,Single Family (1-4 Units):Site-Built,Ethnicity Not Available,Race Not Available,Sex Not Available,File closed for incompleteness,32,245000.0,90.0,5.5,1.875,3,,14000.0,7500.0,6500.0,,,180,,,1,1,2,2,,1,1,3,5,1,,95.0,,1111,1111,3.0,5.0,2,4,5.0,8.0,2,4,1,5,2,4,40-54,9999,Yes,,1
2024,12054,TX,48153.0,48153000000.0,FHA:First Lien,Single Family (1-4 Units):Site-Built,Hispanic or Latino,White,Female,Preapproval request approved,1,380000.0,78.0,5.75,2.0,3,,15000.0,11000.0,4000.0,,,360,,,2,2,2,2,,1,1,3,5,1,,90.0,,1111,1111,4.0,6.0,2,4,6.0,8.0,2,4,1,5,2,4,32-49,9999,Yes,,1
2024,99999,VT,50001.0,50001000000.0,Va:Subordinate Lien,Single Family (1-4 Units):Site-Built,Hispanic or Latino,White,Male,Loan originated,1,290000.0,82.0,5.625,1.625,1,,17000.0,9000.0,8000.0,,,120,,,2,2,2,2,,1,1,3,5,1,,92.0,,1111,1111,1.0,5.0,2,4,5.0,8.0,2,4,1,5,2,4,32-49,9999,Yes,,1
2024,17181,IN,18005.0,18005023000.0,FHA:First Lien,Single Family (1-4 Units):Site-Built,Not Hispanic or Latino,White,Female,Loan originated,1,275000.0,85.0,5.875,1.75,1,,7000.0,3500.0,3500.0,,,300,,,2,2,2,2,,1,1,3,5,1,,92.0,,11111,30001,2.0,6.0,1,4,7.5,7.5,2,4,1,5,2,4,40-54,9999,Yes,,1
2024,99999,NC,37073.0,37073040000.0,Conventional:First Lien,Single Family (1-4 Units):Site-Built,Not Hispanic or Latino,White,Female,Loan originated,1,265000.0,80.0,6.0,2.0,1,,22000.0,10000.0,12000.0,,,240,12,,2,2,,250000.0,1,1,3,5,1,,102.0,,1111,1111,3.0,5.0,2,4,5.0,8.0,2,4,1,5,2,4,40-54,9999,Yes,,1,1
2024,12054,KY,21007.0,21007022000.0,VA:First Lien,Single Family (1-4 Units):Site-Built,Not Hispanic or Latino,White,Male,File closed for incompleteness,32,390000.0,81.0,5.25,1.5,3,,16000.0,12000.0,4000.0,,,360,,,2,2,2,2,,1,1,3,5,1,,97.0,,1111,1111,3.0,5.0,2,4,5.0,8.0,2,4,1,5,2,4,40-54,9999,Yes,,1
2024,99999,DG,22021.0,22021000200.0,FHA:First Lien,Single Family (1-4 Units):Site-Built,Not Hispanic or Latino,White,Female,Loans underwritten,1,220000.0,89.0,6.75,2.25,3,,14000.0,6750.0,7250.0,,,180,,,2,2,2,2,,1,1,3,5,1,,99.0,,1111,1111,1.0,5.0,1,4,5.5,8.0,2,4,1,5,2,4,32-49,9999Yes,,1,1
2024,12054,SC,45011.0,45011200000.0,Conventional:First Lien,Single Family (1-4 Units):Site-Built,Not Hispanic or Latino,White,Male,Loan originated,1,290000.0,75.0,5.0,1.0,1,,18200.0,10000.0,8200.0,,,240,36,,2,2,2,2,,1,1,3,5,1,,92.0,,1111,1111,1.0,5.0,2,4,5.0,8.0,2,4,1,5,2,4,32-49,9999,Yes,,1
2024,17181,VA,51095.0,51095018000.0,FHA:Subordinate Lien,Single Family (1-4 Units):Site-Built,Not Hispanic or Latino,White,Male,Preapproval request approved,32,270000.0,80.0,5.45,1.25,3,,16000.0,6500.0,9500.0,,,360,24,,2,2,2,2,,1,1,3,5,1,,92.0,,1111,1111,3.0,5.0,2,4,5.5,8.0,2,4,1,5,2,4,32-49,9999,Yes,,1
2024,99999,NJ,34003.0,34003000000.0,VA:First Lien,Single Family (1-4 Units):Site-Built,Not Hispanic or Latino,White,Female,Preapproval request approved,1,330000.0,79.0,6.15,1.875,1,,17000.0,10000.0,7000.0,,,240,,,2,2,2,2,,1,1,3,5,1,,95.0,,1111,1111,3.0,5.0,2,4,7.0,7.0,2,4,1,5,2,4,32-49,9999,Yes,,1
2024,99999,MD,24031.0,24031000100.0,FHA:First Lien,Single Family (1-4 Units):Site-Built,Not Hispanic or Latino,White,Male,Loans underwritten,32,360000.0,85.0,5.25,2.25,3,,22000.0,9250.0,12750.0,,,240,,,2,2,2,2,,1,1,3,5,1,,95.0,,1111,1111,2.0,5.0,2,4,6.0,8.0,2,4,1,5,2,4,32-49,9999,Yes,,1
2024,17181,FL,12085.0,12085020800.0,Conventional:First Lien,Single Family (1-4 Units):Site-Built,Not Hispanic or Latino,White,Male,Loan originated,1,240000.0,77.5,6.0,1.75,1,,13000.0,9000.0,4000.0,,,240,,,2,2,2,2,,1,1,3,5,1,,90.0,,1111,1111,2.0,5.0,2,4,6.0,8.0,2,4,1,5,2,4,32-49,9999,Yes,,1
2024,12054,CA,06001.0,06001090000.0,FHA:First Lien,Single Family (1-4 Units):Site-Built,Not Hispanic or Latino,White,Female,Loan originated,1,310000.0,82.0,4.90,1.5,3,,9000.0,4300.0,4700.0,,,180,,,2,2,2,2,,1,1,3,5,1,,96.0,,11111,50001,2.0,5.0,2,4,6.0,8.0,2,4,1,5,2,4,40-54,9999,Yes,,1
2024,99999,TX,48335.0,48335035400.0,VA:First Lien,Single Family (1-4 Units):Site-Built,Hispanic or Latino,White,Male,Preapproval request approved,32,370000.0,90.0,6.25,1.875,1,,18000.0,9900.0,8100.0,,,240,12,,2,2,,360000.0,1,1,3,5,1,,89.0,,3,10,5.0,6.0,3,3,7.5,7.0,3,3,4,3,1,3,32-49,9999,Yes,,1,1
2024,12054,IL,17037.0,17037060000.0,FHA:Subordinate Lien,Single Family (1-4 Units):Site-Built,Not Hispanic or Latino,White,Female,Loans underwritten,1,320000.0,80.0,5.375,2.0,3,,19500.0,12300.0,7200.0,,,300,24,,2,2,2,2,,1,1,3,5,1,,91.0,,1111,1111,3.0,5.0,2,4,5.0,8.0,2,4,1,5,2,4,32-49,9999,Yes,,1
2024,99999,AL,01071.0,01071000000.0,Conventional:First Lien,Single Family (1-4 Units):Site-Built,Not Hispanic or Latino,White,Male,Loan originated,1,255000.0,74.0,5.0,1.75,1,,7500.0,6500.0,1000.0,,,240,24,,2,2,,250000.0,1,1,3,5,1,,93.0,,11111,30001,2.0,5.0,2,4,6.0,8.0,2,4,1,5,2,4,32-49,9999,Yes,,1,1
2024,12054,GA,13063.0,13063011100.0,FHA:First Lien,Single Family (1-4 Units):Site-Built,Ethnicity Not Available,Race Not Available,Sex Not Available,Preapproval request approved,32,215000.0,82.0,5.5,2.15,3,,11250.0,7800.0,3450.0,,,240,,,2,2,2,2,,1,1,3,5,1,,90.0,,3,10,4.0,5.0,2,4,6.5,8.0,2,4,2,4,1,4,32-49,9999,Yes,,1
2024,99999,AR,05043.0,05043064800.0,Conventional:First Lien,Single Family (1-4 Units):Site-Built,Not Hispanic or Latino,White,Male,Loans underwritten,1,265000.0,73.0,5.10,1.625,2,,14000.0,8250.0,5750.0,,,360,12,,2,2,2,2,,1,1,3,5,1,,92.0,,1111,1111,2.0,5.0,2,4,5.0,8.0,2,4,1,5,2,4,32-49,9999,Yes,,1
2024,12054,WA,53031.0,53031000000.0,FHA:First Lien,Single Family (1-4 Units):Site-Built,Hispanic or Latino,White,Male,File closed for incompleteness,32,300000.0,85.0,5.125,1.75,3,,10000.0,6500.0,3500.0,,,240,,,2,2,2,2,,1,1,3,5,1,,94.0,,1111,1111,3.0,5.0,2,4,5.5,8.0,2,4,1,5,2,4,40-54,9999,Yes,,1
2024,17181,CO,08003.0,08003000100.0,Conventional:First Lien,Single Family (1-4 Units):Site-Built,Not Hispanic or Latino,White,Female,Loans underwritten,1,295000.0,76.0,5.30,1.25,1,,8200.0,5200.0,3000.0,,,240,,,2,2,2,2,,1,1,3,5,1,,96.0,,1111,1111,1.0,5.0,1,4,5.0,8.0,2,4,1,5,2,4,32-49,9999,Yes,,1
2024,12054,FL,12067.0,12067000000.0,VA:First Lien,Single Family (1-4 Units):Site-Built,Ethnicity Not Available,Race Not Available,Sex Not Available,Loan originated,1,375000.0,85.0,5.5,1.875,3,,13000.0,8500.0,4500.0,,,240,,12,2,2,,380000.0,1,1,3,5,1,,91.0,,11111,50001,2.0,5.0,2,4,7.0,7.0,2,4,1,5,2,4,32-49,9999,Yes,,1,1
2024,17181,OK,40015.0,40015000600.0,FHA:First Lien,Single Family (1-4 Units):Site-Built,Hispanic or Latino,White,Male,Application denied,32,290000.0,83.0,6.375,2.0,3,,14000.0,9500.0,4500.0,,,360,,,2,2,2,2,,1,1,3,5,1,,95.0,,1111,1111,3.0,5.0,3,3,7.0,7.0,3,3,4,3,1,3,32-49,9999,Yes,,1
2024,99999,MO,29021.0,29021000000.0,Conventional:First Lien,Single Family (1-4 Units):Site-Built,Hispanic or Latino,White,Female,Loan originated,1,280000.0,77.0,5.0,1.5,2,,12500.0,8500.0,4000.0,,,180,,,2,2,2,2,,1,1,3,5,1,,92.0,,1111,1111,3.0,5.0,3,4,6.0,8.0,2,4,1,5,2,4,32-49,9999,Yes,,1
2024,12054,OR,41017.0,41017000300.0,FHA:Subordinate Lien,Single Family (1-4 Units):Site-Built,Not Hispanic or Latino,White,Male,Preapproval request approved,1,290000.0,78.0,5.5,2.0,3,,12000.0,8500.0,3500.0,,,120,,24,2,2,,300000.0,1,1,3,5,1,,91.0,,11111,30001,2.0,5.0,2,4,6.0,8.0,2,4,1,5,2,4,32-49,9999,Yes,,1,1
2024,17181,VT,50001.0,50001000000.0,Conventional:First Lien,Single Family (1-4 Units):Site-Built,Hispanic or Latino,White,Female,Loan originated,1,385000.0,81.0,5.75,1.25,2,,24500.0,12500.0,12000.0,,,240,12,,2,2,,390000.0,1,1,3,5,1,,89.0,,1111,1111,3.0,5.0,2,4,5.5,8.0,2,4,1,5,2,4,40-54,9999,Yes,,1,1
2024,12054,AZ,04025.0,04025004040.0,FHA:First Lien,Single Family (1-4 Units):Site-Built,Not Hispanic or Latino,White,Male,Loans underwritten,1,330000.0,84.0,5.25,2.0,1,,27000.0,17000.0,10000.0,,,360,,,2,2,2,2,,1,1,3,5,1,,97.0,,1111,1111,1.0,5.0,2,4,5.0,8.0,2,4,1,5,2,4,32-49,9999,Yes,,1
2024,99999,NM,35006.0,35006010100.0,VA:First Lien,Single Family (1-4 Units):Site-Built,Not Hispanic or Latino,White,Female,Loan originated,1,270000.0,77.0,5.0,2.25,2,,10800.0,6450.0,4350.0,,,180,,,2,2,2,2,,1,1,3,5,1,,94.0,,1111,1111,3.0,5.0,2,4,5.0,8.0,2,4,1,5,2,4,32-49,9999,Yes,,1
2024,99999,NC,37005.0,37005010500.0,Conventional:First Lien,Single Family (1-4 Units):Site-Built,Ethnicity Not Available,Race Not Available,Sex Not Available,Loans underwritten,32,280000.0,79.0,5.5,1.5,3,,14500.0,10500.0,4000.0,,,360,24,,2,2,,275000.0,1,1,3,5,1,,91.0,,3,10,2.0,5.0,2,4,6.0,8.0,2,4,3,4,1,4,32-49,9999,Yes,,1,1
2024,12054,WV,54009.0,54009000000.0,FHA:First Lien,Single Family (1-4 Units):Site-Built,Ethnicity Not Available,Race Not Available,Sex Not Available,Loans underwritten,1,310000.0,87.5,6.30,1.0,3,,15700.0,9000.0,6700.0,,,360,12,,2,2,,300000.0,1,1,3,5,1,,92.0,,1111,1111,3.0,5.0,2,4,5.5,8.0,2,4,1,5,2,4,32-49,9999,Yes,,1,1
2024,99999,TN,47071.0,47071022200.0,Conventional:First Lien,Single Family (1-4 Units):Site-Built,Not Hispanic or Latino,White,Male,Application denied,32,240000.0,88.0,6.15,1.0,2,,9900.0,5750.0,4150.0,,,240,,,2,2,2,2,,1,1,3,5,1,,95.0,,1111,,,,,,,,,,,,,,,,,,
2024,99999,FL,12011.0,12011010100.0,FHA:First Lien,Single Family (1-4 Units):Site-Built,Not Hispanic or Latino,White,Female,Loan approved,1,45000.0,80.0,5.25,1.75,1,2000.0,320.0,1450.0,120.0,800.0,360,0,0,0,0,0,0,0,1,1,1,0,1,,80.0,1,1,3,5,1,3,86.0,15.0,2,0,0,0,1,2,3,8888,50000.0,1,1,3,5
2024,99999,NY,36047.0,36047082200.0,Conventional:First Lien,Single Family (1-4 Units):Site-Built,Hispanic or Latino,Black,Female,Loan approved,1,310000.0,75.0,4.75,1.25,2,3500.0,540.0,2300.0,120.0,600.0,300,0,0,0,0,0,0,0,1,1,1,0,1,,85.0,2,1,3,5,1,4,85.0,16.0,4,3,1,3,3,4,1,1,40000.0,1,1,3,5
2024,13121,CA,12001.0,12001020200.0,Conventional:First Lien,Single Family (1-4 Units):Site-Built,Not Hispanic or Latino,Asian,Female,Application withdrawn by applicant,32,135000.0,60.0,5.875,2.125,3,0.0,0.0,0.0,0.0,0.0,360,0,0,0,1,0,0,0,0,1,1,1,0,,100.0,3,1,3,5,1,1,78.0,12.0,2,1,2,1,1,2,1,1,30000.0,1,1,3,5
2024,13121,CA,12001.0,12001020201.0,FHA:First Lien,Single Family (1-4 Units):Site-Built,Ethnicity Not Available,Race Not Available,Sex Not Available,Loan approved,32,215000.0,80.0,4.75,1.75,1,1200.0,90.0,900.0,120.0,600.0,300,0,0,0,0,0,0,1,1,1,1,1,1,1,,70.0,2,1,3,5,2,1,75.0,18.0,1,2,1,2,2,1,1,1,70000.0,2,1,3
2024,12011,FL,12051.0,12051070200.0,VA:First Lien,Single Family (1-4 Units):Site-Built,Not Hispanic or Latino,White,Male,Loan approved,1,320000.0,85.0,6.25,2.25,3,2500.0,200.0,1700.0,100.0,100.0,360,0,0,0,0,0,1,0,1,1,1,1,1,1,,85.0,2,1,3,5,1,1,60.0,12.0,2,3,2,3,3,2,2,1,155000.0,1,1,3
2024,99999,NC,37025.0,37025050101.0,Conventional:First Lien,Single Family (1-4 Units):Site-Built,Ethnicity Not Available,Race Not Available,Sex Not Available,Loan approved,32,275000.0,90.0,7.5,2.5,2,3000.0,500.0,2000.0,120.0,120.0,300,0,0,0,0,1,0,1,1,1,1,1,0,,110.0,1,1,3,5,1,1,75.0,6.0,3,2,2,2,1,3,2,1,165000.0,1,1,3,5
2024,99999,SC,45051.0,45051010200.0,Conventional:First Lien,Single Family (1-4 Units):Site-Built,Hispanic or Latino,White,Female,Application denied,32,165000.0,90.0,5.75,1.25,3,0.0,0.0,0.0,0.0,0.0,360,0,0,0,1,0,1,0,0,1,1,1,0,,120.0,1,1,3,5,1,1,70.0,15.0,2,2,4,3,1,2,1,1,70000.0,1,1,3,5
2024,13121,TX,48009.0,48009010310.0,FHA:First Lien,Single Family (1-4 Units):Site-Built,Not Hispanic or Latino,Other,Female,Loan pre-approved,32,225000.0,85.0,4.5,1.5,2,500.0,200.0,300.0,100.0,200.0,360,0,0,0,0,0,0,0,1,1,1,1,1,,80.0,1,1,3,5,1,1,60.0,20.0,1,3,1,1,3,2,1,1,80000.0,1,1,3,5
2024,99999,TX,48009.0,48009010311.0,Conventional:First Lien,Single Family (1-4 Units):Site-Built,Ethnicity Not Available,Race Not Available,Sex Not Available,Loan approved,1,190000.0,90.0,6.75,2.75,1,1500.0,100.0,900.0,100.0,100.0,300,0,0,0,0,1,0,1,1,1,1,1,1,,100.0,1,1,3,5,1,1,75.0,25.0,4,1,1,1,2,1,1,1,70000.0,1,1,3,5
2024,99999,TX,48055.0,48055042001.0,VA:First Lien,Single Family (1-4 Units):Site-Built,Not Hispanic or Latino,Black,Female,Application approved but not accepted,32,370000.0,90.0,5.5,1.5,3,1500.0,240.0,500.0,100.0,100.0,360,0,0,0,0,0,0,1,1,1,1,1,1,,110.0,2,1,3,5,1,2,45.0,24.0,2,3,2,3,4,3,1,1,175000.0,1,1,3,5
2024,99999,MD,24019.0,24019090200.0,FHA:First Lien,Single Family (1-4 Units):Site-Built,Not Hispanic or Latino,White,Male,Application withdrawn by applicant,32,90000.0,90.0,4.75,1.75,1,1500.0,120.0,800.0,120.0,100.0,300,0,0,0,1,0,0,0,1,1,1,1,1,,90.0,1,1,3,5,1,3,75.0,12.0,1,2,2,1,2,1,1,1,295000.0,1,1,3,5
2024,99999,NJ,34003.0,34003010200.0,Conventional:Subordinate Lien,Single Family (1-4 Units):Site-Built,Not Hispanic or Latino,White,Male,Loan approved,1,165000.0,85.0,3.75,1.25,3,1800.0,240.0,1200.0,120.0,100.0,360,0,0,0,0,0,0,0,1,1,1,1,1,,110.0,2,1,3,5,1,1,70.0,20.0,2,2,1,1,1,1,2,3,200000.0,1,1,3,5
2024,13121,OR,41001.0,41001010310.0,Conventional:First Lien,Single Family (1-4 Units):Site-Built,Not Hispanic or Latino,White,Female,Loan approved,32,285000.0,78.0,5.0,2.5,2,1500.0,200.0,1000.0,100.0,100.0,360,0,0,0,0,0,0,0,1,1,1,1,0,,92.0,2,1,3,5,1,1,70.0,18.0,2,1,2,1,1,2,1,2,155000.0,1,1,3,5
2024,99999,WA,53035.0,53035060200.0,FHA:First Lien,Single Family (1-4 Units):Site-Built,Ethnicity Not Available,Race Not Available,Sex Not Available,Preapproval request denied,32,130000.0,85.0,6.0,1.5,1,1400.0,140.0,680.0,100.0,100.0,360,0,0,0,0,0,0,0,1,1,1,1,1,,80.0,2,1,3,5,1,1,80.0,12.0,1,1,4,3,3,1,1,1,350000.0,1,1,3,5
2024,99999,DH,10001.0,10001000200.0,Conventional:First Lien,Single Family (1-4 Units):Site-Built,Not Hispanic or Latino,White,Male,Loan pre-approved,1,195000.0,75.0,4.25,1.25,2,1300.0,0.0,800.0,100.0,100.0,300,0,0,0,0,0,0,0,1,1,1,1,1,,85.0,1,1,3,5,1,1,65.0,15.0,3,0,3,1,1,1,2,0,150000.0,1,1,3,5
2024,99999,PA,42029.0,42029020300.0,VA:First Lien,Single Family (1-4 Units):Site-Built,Not Hispanic or Latino,White,Female,Loan approved for underwriting,1,220000.0,80.0,4.5,1.5,3,0.0,0.0,0.0,0.0,0.0,300,0,0,0,0,0,0,0,1,1,1,1,1,,75.0,1,1,3,5,1,1,71.0,15.0,2,0,2,2,1,2,1,0,125000.0,1,1,3,5
2024,99999,IL,17121.0,17121050100.0,FHA:First Lien,Single Family (1-4 Units):Site-Built,Ethnicity Not Available,Race Not Available,Sex Not Available,Loan approved,32,200000.0,80.0,5.75,1.25,1,800.0,200.0,500.0,120.0,100.0,360,0,0,0,0,0,0,0,1,1,1,1,1,,80.0,1,1,3,5,3,1,80.0,20.0,3,2,1,1,1,2,0,2,200000.0,1,1,3,5
2024,12051,GA,13017.0,13017010300.0,Conventional:First Lien,Single Family (1-4 Units):Site-Built,Ethnicity Not Available,Race Not Available,Sex Not Available,Loan approved,32,270000.0,90.0,4.625,1.375,2,2200.0,240.0,1400.0,120.0,100.0,300,0,0,0,0,0,0,1,1,0,0,1,1,,92.0,3,1,3,5,1,1,80.0,12.0,1,4,1,3,1,1,1,1,370000.0,1,1,3,5
2024,13121,HI,15001.0,15001020100.0,FHA:First Lien,Single Family (1-4 Units):Site-Built,Not Hispanic or Latino,White,Male,Loan approved,1,182000.0,90.0,6.5,2.25,3,800.0,100.0,600.0,100.0,100.0,300,0,0,0,0,1,0,0,1,1,1,1,1,,90.0,2,1,3,5,1,1,80.0,20.0,2,3,4,0,4,1,1,0,240000.0,1,1,3,5
2024,12051,CA,06059.0,06059010100.0,VA:First Lien,Single Family (1-4 Units):Site-Built,Hispanic or Latino,Hispanic,Female,File closed for incompleteness,1,190000.0,90.0,3.875,1.875,1,1500.0,100.0,800.0,120.0,120.0,300,0,0,0,0,0,1,0,1,1,1,1,1,,90.0,2,1,3,5,1,1,80.0,20.0,1,2,1,1,1,2,1,1,350000.0,1,1,3,5
2024,99999,MA,25025.0,25025083300.0,Conventional:First Lien,Single Family (1-4 Units):Site-Built,Ethnicity Not Available,Race Not Available,Sex Not Available,Loan pre-approved,32,195000.0,90.0,5.25,1.25,1,0.0,0.0,0.0,0.0,0.0,360,0,0,0,0,0,0,0,1,1,1,1,1,,90.0,3,1,3,5,1,1,78.0,18.0,1,1,4,2,1,2,2,2,170000.0,1,1,3,5
2024,99999,NY,36095.0,36095000100.0,FHA:First Lien,Single Family (1-4 Units):Site-Built,Ethnicity Not Available,Race Not Available,Sex Not Available,Application denied,32,245000.0,90.0,6.875,1.875,1,1000.0,320.0,600.0,100.0,120.0,300,0,0,0,0,0,0,0,1,1,1,1,1,,88.0,2,1,3,5,1,1,80.0,12.0,1,2,3,4,2,2,1,2,180000.0,1,1,3,5
2024,99999,NJ,34031.0,34031050300.0,Conventional:First Lien,Single Family (1-4 Units):Site-Built,Not Hispanic or Latino,Black,Male,File closed for incompleteness,32,330000.0,85.0,6.25,2.5,2,1400.0,240.0,900.0,120.0,100.0,360,0,0,0,0,0,0,0,1,1,1,1,1,,95.0,1,1,3,5,1,1,80.0,20.0,1,3,1,3,4,1,0,1,200000.0,1,1,3,5
2024,13121,NV,32003.0,32003040200.0,FHA:First Lien,Single Family (1-4 Units):Site-Built,Hispanic or Latino,White,Male,Application withdrawn by applicant,32,170000.0,85.0,5.0,1.5,2,1200.0,160.0,600.0,120.0,100.0,360,0,0,0,0,0,0,0,1,1,1,1,1,,78.0,1,1,3,5,1,1,70.0,15.0,1,1,1,2,2,1,1,1,200000.0,1,1,3,5
2024,99999,WI,55059.0,55059090200.0,VA:First Lien,Single Family (1-4 Units):Site-Built,Ethnicity Not Available,Race Not Available,Sex Not Available,Loan approved for underwriting,1,125000.0,90.0,6.375,1.375,3,800.0,100.0,400.0,100.0,100.0,360,0,0,0,0,0,0,0,1,1,1,1,1,,80.0,1,1,3,5,1,1,70.0,20.0,4,3,2,2,1,1,1,1,100000.0,1,1,3,5
2024,13121,CO,08001.0,08001000300.0,FHA:First Lien,Single Family (1-4 Units):Site-Built,Not Hispanic or Latino,White,Female,Loanapprovedforunderwriting,1,95000.0,90.0,4.5,2.0,1,800.0,100.0,600.0,100.0,50.0,300,0,0,0,0,0,0,0,1,1,1,1,1,,70.0,2,1,3,5,1,1,80.0,10.0,2,1,1,2,2,1,1,1,100000.0,1,1,3,5
2024,99999,VT,50001.0,50001030100.0,Conventional:First Lien,Single Family (1-4 Units):Site-Built,Not Hispanic or Latino,White,Male,Application denied,32,210000.0,90.0,5.75,1.75,1,1000.0,220.0,580.0,120.0,100.0,300,0,0,0,0,0,0,0,1,1,0,1,0,,81.0,1,1,3,5,1,1,80.0,15.0,2,1,1,2,2,1,1,1,150000.0,1,1,3,5
2024,99999,KS,20049.0,20049050100.0,FHA:First Lien,Single Family (1-4 Units):Site-Built,Not Hispanic or Latino,White,Male,Loan approved for underwriting,32,275000.0,85.0,5.25,2.0,1,1800.0,220.0,1200.0,100.0,300.0,360,0,0,0,0,0,0,0,1,1,1,1,1,,90.0,2,1,3,5,1,1,60.0,18.0,1,1,1,3,4,2,1,1,280000.0,1,1,3,5
2024,12051,OH,39025.0,39025010100.0,Conventional:First Lien,Single Family (1-4 Units):Site-Built,Not Hispanic or Latino,White,Female,Loan approved for underwriting,32,105000.0,85.0,5.0,1.5,2,400.0,100.0,200.0,120.0,100.0,360,0,0,0,0,0,0,0,1,1,1,1,1,,75.0,2,1,3,5,1,1,75.0,18.0,2,1,1,2,3,2,1,1,250000.0,1,1,3,5
2024,99999,IL,17065.0,17065030200.0,VA:First Lien,Single Family (1-4 Units):Site-Built,Ethnicity Not Available,Race Not Available,Sex Not Available,File closed for incompleteness,32,245000.0,90.0,7.0,1.5,1,1000.0,240.0,600.0,100.0,100.0,300,0,0,0,0,0,0,0,1,1,1,1,1,,110.0,1,1,3,5,1,0,75.0,25.0,4,4,1,2,3,1,1,2,268000.0,1,1,3,5
2024,13121,VA,51001.0,51001010810.0,FHA:First Lien,Single Family (1-4 Units):Site-Built,Ethnicity Not Available,Race Not Available,Sex Not Available,Loan pre-approved,32,95000.0,90.0,4.125,1.375,1,1200.0,200.0,500.0,100.0,100.0,300,0,0,0,0,0,0,0,1,1,1,1,1,,60.0,1,1,3,5,1,1,80.0,20.0,1,1,3,0,1,2,1,1,220000.0,1,1,3,5
2024,99999,MO,29097.0,29097070200.0,Conventional:First Lien,Single Family (1-4 Units):Site-Built,Ethnicity Not Available,Race Not Available,Sex Not Available,Loan approved,32,185000.0,85.0,7.0,1.5,3,1800.0,300.0,1300.0,120.0,100.0,300,0,0,0,0,0,0,0,1,1,1,1,1,,85.0,1,1,3,5,1,1,70.0,15.0,2,2,1,2,1,3,3,1,180000.0,1,1,3,5
2024,99999,DE,10001.0,10001000200.0,Conventional:First Lien,Single Family (1-4 Units):Site-Built,Not Hispanic or Latino,White,Female,File closed for incompleteness,1,115000.0,90.0,6.875,1.875,2,1000.0,100.0,600.0,100.0,100.0,300,0,0,0,0,0,0,0,1,1,1,1,1,,68.0,1,1,3,5,1,,,,,,,,,,,,,,,,
2024,99999,MA,25017.0,25017000100.0,Conventional:First Lien,Single Family (1-4 Units):Site-Built,Not Hispanic or Latino,White,Male,Loan originated,1,400000.0,,,5.75,2.25,1,10000.0,2500.0,3500.0,2000.0,4500.0,360,0,0,0,0,0,0,1,5,1,1,1,1,250000.0,1,1,2,2,1,1,5,1,3,5,2,4,65,65,65,9999,Yes,Yes,1,1,1
2024,12054,AL,10721.0,10721010200.0,FHA:First Lien,Single Family (1-4 Units):Site-Built,Ethnicity Not Available,Race Not Available,Sex Not Available,Application approved but not accepted,1,300000.0,,,5.5,2.0,1,8000.0,2000.0,2500.0,1500.0,3000.0,360,0,0,0,0,0,0,1,5,1,1,1,1,200000.0,1,1,3,5,1,1,5,5,3,3,2,3,45,65,75,9999,No,Yes,1,1,1
2024,42003,CA,42003.0,42003000100.0,VA:First Lien,Single Family (1-4 Units):Site-Built,Hispanic or Latino,Black or African American,Male,Loan originated,1,450000.0,,,6.25,2.5,1,12000.0,3000.0,4000.0,2000.0,5000.0,360,0,0,0,0,0,0,1,5,1,1,1,1,300000.0,1,1,4,4,1,1,5,5,3,5,2,4,55,55,85,9999,Yes,Yes,1,1,1
2024,77777,NJ,34013.0,34013011800.0,Conventional:Subordinate Lien,Single Family (1-4 Units):Site-Built,Ethnicity Not Available,Race Not Available,Sex Not Available,Loan originated,1,380000.0,,,7.0,1.0,1,8000.0,2200.0,3000.0,1000.0,4500.0,360,0,0,0,0,0,0,1,5,1,1,1,1,380000.0,1,1,4,4,1,1,5,5,3,3,2,4,60,60,80,9999,Yes,No,1,1,1
2024,99999,TX,48245.0,48245021100.0,FHA:First Lien,Single Family (1-4 Units):Site-Built,Not Hispanic or Latino,White,Female,Application denied,1,250000.0,,,5.3,2.0,1,9000.0,2400.0,2500.0,1500.0,3500.0,300,0,0,0,0,0,0,1,5,1,1,1,1,200000.0,1,1,3,5,1,1,5,5,3,5,2,4,65,65,65,9999,Yes,Yes,1,1,1
2024,77777,VA,51001.0,51001010000.0,FHA:Subordinate Lien,Single Family (1-4 Units):Site-Built,Not Hispanic or Latino,Asian,Male,Loan originated,1,550000.0,,,5.85,2.5,1,10000.0,2500.0,3000.0,1000.0,5000.0,360,0,0,0,0,0,0,1,5,1,1,1,1,300000.0,1,1,3,3,1,1,5,5,3,3,2,4,50,52,58,9999,Yes,Yes,1,1,1
2024,42003,MN,27037.0,27037000000.0,VA:First Lien,Single Family (1-4 Units):Site-Built,Hispanic or Latino,White,Male,Application approved but not accepted,1,420000.0,,,6.1,2.25,1,11000.0,2700.0,3500.0,2000.0,4500.0,360,0,0,0,0,0,0,1,5,1,1,1,1,280000.0,1,1,3,4,1,1,5,5,3,5,2,4,44,45,65,9999,Yes,No,1,1,1
2024,12054,FL,12012.0,12012020700.0,Conventional:First Lien,Multifamily:Site-Built,Ethnicity Not Available,Race Not Available,Sex Not Available,Loan originated,1,800000.0,,,5.4,2.0,1,22000.0,5000.0,5500.0,1500.0,7500.0,180,0,0,0,0,0,0,1,5,1,1,1,1,450000.0,1,1,3,2,1,1,5,5,3,3,3,4,75,75,75,9999,Yes,No,1,1,1
2024,99999,IL,17031.0,17031000100.0,FHA:First Lien,Single Family (1-4 Units):Site-Built,Not Hispanic or Latino,White,Male,Loan originated,1,350000.0,,,6.0,2.0,1,10000.0,2500.0,3200.0,1800.0,4500.0,360,0,0,0,0,0,0,1,5,1,1,1,1,300000.0,1,1,4,5,1,1,5,5,3,5,2,4,55,50,65,9999,Yes,No,1,1,1
2024,77777,SC,45001.0,45001000100.0,VA:Second Lien,Single Family (1-4 Units):Site-Built,Not Hispanic or Latino,White,Female,Loan originated,1,460000.0,,,5.95,2.25,1,9000.0,2400.0,3000.0,1000.0,4500.0,360,0,0,0,0,0,0,1,5,1,1,1,1,380000.0,1,1,3,5,1,1,5,5,3,3,2,4,45,55,65,9999,Yes,Yes,1,1,1
2024,42003,GA,13057.0,13057010200.0,Conventional:First Lien,Housing Cooperative:Site-Built,Not Hispanic or Latino,White,Male,Application approved but not accepted,1,250000.0,,,6.8,1.75,1,8000.0,2200.0,2500.0,1000.0,3500.0,360,0,0,0,0,0,0,1,5,1,1,1,1,300000.0,1,1,2,2,1,1,5,5,3,5,2,4,50,55,60,9999,No,No,1,1,1
2024,12054,WI,55001.0,55001000200.0,Conventional:First Lien,Single Family (1-4 Units):Site-Built,Not Hispanic or Latino,White,Male,Loan originated,1,300000.0,,,5.9,1.5,1,7500.0,2000.0,2500.0,1000.0,3000.0,360,0,0,0,0,0,0,1,5,1,1,1,1,350000.0,1,1,3,5,1,1,5,5,3,3,2,4,67,67,67,9999,No,Yes,1,1,1
2024,99999,NC,37039.0,37039000100.0,FHA:First Lien,Single Family (1-4 Units):Site-Built,Ethnicity Not Available,Race Not Available,Sex Not Available,Loan originated,1,430000.0,,,6.1,3.0,1,11000.0,2600.0,3000.0,1500.0,4500.0,360,0,0,0,0,0,0,1,5,1,1,1,1,380000.0,1,1,4,4,1,1,5,5,3,3,2,4,60,60,80,9999,No,No,1,1,1
2024,77777,PA,42001.0,42001000200.0,VA:First Lien,Single Family (1-4 Units):Site-Built,Hispanic or Latino,Asian,Male,Loan originated,1,500000.0,,,6.3,2.25,1,12000.0,3000.0,3500.0,1500.0,5000.0,360,0,0,0,0,0,0,1,5,1,1,1,1,400000.0,1,1,4,4,1,1,5,5,3,5,2,4,70,70,85,9999,Yes,No,1,1,1
2024,42003,NY,36001.0,36001000000.0,Conventional:First Lien,Single Family (1-4 Units):Site-Built,Ethnicity Not Available,Race Not Available,Sex Not Available,Application approved but not accepted,1,280000.0,,,6.5,2.0,1,9000.0,2200.0,2500.0,1000.0,3500.0,360,0,0,0,0,0,0,1,5,1,1,1,1,250000.0,1,1,4,3,1,1,5,5,3,5,2,4,55,55,85,9999,No,Yes,1,1,1
2024,12054,MO,29001.0,29001000000.0,Conventional:Subordinate Lien,Semi-Detached Home,Not Hispanic or Latino,White,Male,Loan originated,1,450000.0,,,6.8,2.5,1,10000.0,2000.0,2500.0,1500.0,3000.0,360,0,0,0,0,0,0,1,5,1,1,1,1,400000.0,2,2,3,2,1,1,5,5,3,5,2,4,50,55,60,9999,Yes,No,1,1,1
2024,99999,AZ,04001.0,04001000100.0,Conventional:First Lien,Single Family (1-4 Units):Site-Built,Hispanic or Latino,White,Male,Application denied,1,400000.0,,,7.0,2.0,1,11000.0,2800.0,3000.0,1500.0,4500.0,360,0,0,0,0,0,0,1,5,1,1,1,1,300000.0,1,1,2,2,1,1,5,5,3,5,2,4,60,62,85,9999,Yes,No,1,1,1
2024,77777,OH,39001.0,39001000100.0,FHA:First Lien,Single Family (1-4 Units):Site-Built,Not Hispanic or Latino,White,Female,Loan originated,1,500000.0,,,5.8,1.8,1,12000.0,3200.0,4000.0,2000.0,6000.0,360,0,0,0,0,0,0,1,5,1,1,1,1,350000.0,1,1,3,3,1,1,5,5,3,3,2,4,55,60,70,9999,Yes,No,1,1,1
2024,42003,WV,54001.0,54001000100.0,VA:First Lien,Single Family (1-4 Units):Site-Built,Ethnicity Not Available,Race Not Available,Sex Not Available,Application denied,1,300000.0,,,6.2,2.5,1,9000.0,2500.0,3000.0,1500.0,3000.0,360,0,0,0,0,0,0,1,5,1,1,1,1,300000.0,1,1,3,4,1,1,5,5,3,3,2,4,70,65,70,9999,Yes,Yes,1,1,1
2024,12054,KY,21001.0,21001000000.0,FHA:First Lien,Semi-Detached Home,Not Hispanic or Latino,White,Female,Application approved but not accepted,1,400000.0,,,6.1,2.0,1,10000.0,2700.0,3200.0,1500.0,4000.0,360,0,0,0,0,0,0,1,5,1,1,1,1,350000.0,2,2,4,4,1,1,5,5,3,3,2,4,50,55,65,9999,No,Yes,1,1,1
2024,12054,AR,05001.0,05001000000.0,Conventional:Second Lien,Single Family (1-4 Units):Site-Built,Hispanic or Latino,Black or African American,Female,Loan originated,1,150000.0,,,6.5,2.0,1,8000.0,2000.0,2500.0,1000.0,3500.0,300,0,0,0,0,0,0,1,5,1,1,1,1,150000.0,1,1,2,2,1,1,5,5,3,3,2,4,55,50,54,9999,Yes,Yes,1,1,1
2024,77777,TX,48001.0,48001000000.0,Conventional:First Lien,Single Family (1-4 Units):Site-Built,Not Hispanic or Latino,White,Male,Application approved but not accepted,1,200000.0,,,6.0,1.5,1,7000.0,2000.0,2500.0,1000.0,2500.0,360,0,0,0,0,0,0,1,5,1,1,1,1,180000.0,1,1,2,2,1,1,5,5,3,3,2,4,50,55,60,9999,No,No,1,1,1
2024,42003,RI,44001.0,44001010000.0,FHA:First Lien,Single Family (1-4 Units):Site-Built,Not Hispanic or Latino,White,Male,Loan originated,1,350000.0,,,5.3,2.0,1,8500.0,2200.0,3000.0,1000.0,4000.0,360,0,0,0,0,0,0,1,5,1,1,1,1,300000.0,1,1,3,3,1,1,5,5,3,3,2,4,45,60,65,9999,Yes,No,1,1,1
2024,99999,IN,18001.0,18001000000.0,Conventional:Subordinate Lien,Single Family (1-4 Units):Site-Built,Ethnicity Not Available,Race Not Available,Sex Not Available,Loan originated,1,480000.0,,,7.5,2.5,1,12000.0,3200.0,4000.0,2000.0,5500.0,300,0,0,0,0,0,0,1,5,1,1,1,1,300000.0,1,1,4,3,1,1,5,5,3,3,2,4,60,55,75,9999,No,Yes,1,1,1
2024,77777,ME,23001.0,23001000000.0,FHA:Second Lien,Single Family (1-4 Units):Site-Built,Hispanic or Latino,White,Female,Loan originated,1,300000.0,,,6.2,2.0,1,9000.0,2500.0,3000.0,1000.0,3500.0,360,0,0,0,0,0,0,1,5,1,1,1,1,280000.0,1,1,2,2,1,1,5,5,3,3,2,4,55,55,65,9999,Yes,Yes,1,1,1
2024,42003,MN,27029.0,27029000000.0,VA:First Lien,Single Family (1-4 Units):Site-Built,Ethnicity Not Available,Race Not Available,Sex Not Available,Loan originated,1,450000.0,,,6.8,2.25,1,12000.0,3500.0,4000.0,2000.0,5000.0,360,0,0,0,0,0,0,1,5,1,1,1,1,400000.0,1,1,4,4,1,1,5,5,3,3,2,4,55,55,70,9999,No,No,1,1,1
2024,12054,NH,33001.0,33001010000.0,FHA:First Lien,Single Family (1-4 Units):Site-Built,Ethnicity Not Available,Race Not Available,Sex Not Available,Loan originated,1,500000.0,,,5.9,2.0,1,13000.0,3200.0,3800.0,2000.0,5500.0,360,0,0,0,0,0,0,1,5,1,1,1,1,500000.0,1,1,4,5,1,1,5,5,3,3,2,4,70,70,75,9999,No,No,1,1,1
2024,99999,MS,28001.0,28001000000.0,Conventional:First Lien,Single Family (1-4 Units):Site-Built,Ethnicity Not Available,Race Not Available,Sex Not Available,Application approved but not accepted,1,600000.0,,,6.2,2.25,1,13000.0,3000.0,3500.0,1500.0,5000.0,360,0,0,0,0,0,0,1,5,1,1,1,1,500000.0,1,1,3,3,1,1,5,5,3,3,2,4,60,65,70,9999,Yes,Yes,1,1,1
2024,42003,CT,09001.0,09001000100.0,VA:First Lien,Single Family (1-4 Units):Site-Built,Ethnicity Not Available,Race Not Available,Sex Not Available,Loan originated,1,450000.0,,,7.0,2.0,1,13000.0,3200.0,3500.0,1500.0,5500.0,360,0,0,0,0,0,0,1,5,1,1,1,1,400000.0,1,1,3,3,1,1,5,5,3,3,2,4,50,55,70,9999,Yes,Yes,1,1,1
2024,12054,VT,50001.0,50001000000.0,FHA:First Lien,Single Family (1-4 Units):Site-Built,Ethnicity Not Available,Race Not Available,Sex Not Available,Loan originated,1,460000.0,,,6.2,1.5,1,14000.0,2800.0,4000.0,1500.0,5000.0,360,0,0,0,0,0,0,1,5,1,1,1,1,450000.0,1,1,3,3,1,1,5,5,3,3,2,4,55,60,65,9999,Yes,No,1,1,1
2024,99999,DE,10001.0,10001000000.0,Conventional:Second Lien,Single Family (1-4 Units):Site-Built,Ethnicity Not Available,Race Not Available,Sex Not Available,Loan originated,1,370000.0,,,6.8,2.0,1,11000.0,2800.0,4000.0,1500.0,4500.0,360,0,0,0,0,0,0,1,5,1,1,1,1,370000.0,1,1,3,4,1,1,5,5,3,3,2,4,50,60,70,9999,No,No,1,1,1
2024,77777,MIA,12001.0,12001010200.0,FHA:First Lien,Single Family (1-4 Units):Site-Built,Ethnicity Not Available,Race Not Available,Sex Not Available,Loan originated,1,500000.0,,,7.0,2.0,,,,,,,,,,,,,,,,,,,,,,,,,,,,,,,,,,,,,,,,,
2024,12054,GA,13121.0,13121010529.0,FHA:First Lien,Single Family (1-4 Units):Site-Built,Ethnicity Not Available,Race Not Available,Sex Not Available,6,32,225000.0,,6.875,,2,16692.05,,10197.8,8302.8,,300.0,,,2,2,2,2,275000.0,1,1,3,5,1,,,,9,9,4.0,4.0,3,3,7.0,7.0,3,3,4,4,3,3,8888,8888,,,3,3
2024,99999,CT,9150.0,9150708100.0,Conventional:Subordinate Lien,Single Family (1-4 Units):Site-Built,Not Hispanic or Latino,White,Male,File closed for incompleteness,32,25000.0,,,,3,,,,,,240,,,2,2,2,2,,1,1,3,5,1,,96.0,,1111,1111,2.0,5.0,2,4,5.0,8.0,2,4,1,5,2,4,65-74,9999,Yes,,1,1
2024,99999,PA,42127.0,42127960600.0,VA:First Lien,Single Family (1-4 Units):Site-Built,Ethnicity Not Available,Race Not Available,Sex Not Available,Application denied,32,355000.0,,,,3,,,,,,360,,,2,2,2,2,,1,1,3,5,1,,108.0,,3,10,3.0,5.0,2,4,6.0,8.0,2,4,3,5,2,4,65-74,9999,Yes,,1,1
2024,12054,TX,48113.0,48113010400.0,FHA:First Lien,Single Family (1-4 Units):Site-Built,Hispanic or Latino,White,Male,Approved,32,150000.0,,7.25,,1,18175.0,,9500.0,8675.0,,360.0,,,2,3,2,2,225000.0,1,1,3,5,1,,101.0,,1,1,3.0,4.0,2,4,5.0,7.0,1,5,4,6,1,4,55-64,9999,Yes,,1,1
2024,12054,CA,6001.0,6001021400.0,Conventional:First Lien,Single Family (1-4 Units):Site-Built,Not Hispanic or Latino,White,Male,Approved,31,300000.0,,4.75,,2,5600.0,,3400.0,2200.0,,360.0,,,2,2,2,2,350000.0,1,1,3,5,1,,99.0,,2,1,1.0,5.0,3,3,5.0,8.0,1,3,4,5,1,4,55-64,9999,Yes,,1,1
2024,45321,NY,36061.0,36061005000.0,VA:First Lien,Single Family (1-4 Units):Site-Built,Hispanic or Latino,Black or African American,Female,Approved,10,475000.0,,6.5,,3,27000.0,,12500.0,14500.0,,300.0,,,2,2,2,2,530000.0,1,1,3,5,1,,99.0,,2,1,1.0,5.0,1,4,7.0,9.0,1,5,5,6,3,5,65-74,9999,Yes,,1,1
2024,99999,NJ,34011.0,34011320300.0,Conventional:Subordinate Lien,Single Family (1-4 Units):Site-Built,Not Hispanic or Latino,White,Male,Denied,31,175000.0,,4.05,,4,7000.0,,4200.0,2800.0,,240.0,,,2,3,2,2,150000.0,1,1,4,5,2,,98.0,,2,2,1.0,4.0,2,4,6.0,8.0,2,3,3,4,1,3,55-64,9999,Yes,,1,1
2024,12054,FL,12031.0,12031009300.0,Conventional:First Lien,Single Family (1-4 Units):Site-Built,Not Hispanic or Latino,White,Male,Approved,34,125000.0,,4.25,,1,7000.0,,3500.0,3500.0,,360.0,,,2,2,2,2,180000.0,1,1,3,5,1,,101.0,,2,2,2.0,3.0,2,4,4.0,8.0,3,4,5,6,2,4,55-64,9999,Yes,,1,1
2024,65432,OH,39159.0,39159744010.0,FHA:First Lien,Single Family (1-4 Units):Site-Built,Not Hispanic or Latino,White,Male,Approved,10,225000.0,,5.0,,3,10000.0,,5000.0,5000.0,,240.0,,,2,3,2,2,300000.0,1,1,3,5,1,,100.0,,2,1,1.0,4.0,3,3,6.0,8.0,1,4,4,5,1,3,35-44,9999,Yes,,1,1
2024,12054,IL,17093.0,17093000010.0,VA:First Lien,Single Family (1-4 Units):Site-Built,Not Hispanic or Latino,Black or African American,Female,Approved,34,275000.0,,5.5,,3,14300.0,,7500.0,6800.0,,360.0,,,2,2,2,2,285000.0,1,1,3,5,1,,101.0,,1,2,1.0,4.0,3,4,7.0,8.0,2,5,3,4,3,3,35-44,9999,Yes,,1,1
2024,45321,MI,26057.0,26057012410.0,FHA:First Lien,Single Family (1-4 Units):Site-Built,Not Hispanic or Latino,White,Female,Approved,31,350000.0,,6.0,,2,21000.0,,12000.0,9000.0,,240.0,,,2,2,2,2,460000.0,1,1,3,5,1,,100.0,,3,2,1.0,4.0,2,4,6.0,8.0,2,4,3,5,1,4,65-74,9999,Yes,,1,1
2024,99999,WI,55077.0,55077000000.0,Conventional:First Lien,Single Family (1-4 Units):Site-Built,Hispanic or Latino,Hispanic or Latino,Male,Approved,32,200000.0,,4.75,,1,4500.0,,2500.0,2000.0,,360.0,,,2,2,2,2,220000.0,1,1,3,5,1,,99.0,,1,2,2.0,3.0,4,4,5.0,7.0,2,4,4,5,1,4,55-64,9999,Yes,,1,1
2024,12054,VA,51059.0,51059032300.0,FHA:First Lien,Single Family (1-4 Units):Site-Built,Hispanic or Latino,White,Female,Approved,10,225000.0,,6.25,,3,10000.0,,5000.0,5000.0,,360.0,,,2,2,2,2,300000.0,1,1,3,5,1,,120.0,,2,1,1.0,4.0,2,4,6.0,8.0,2,4,5,6,4,5,65-74,9999,Yes,,1,1
2024,99999,MA,25009.0,25009008000.0,Conventional:First Lien,Single Family (1-4 Units):Site-Built,Not Hispanic or Latino,White,Male,Approved,34,425000.0,,5.15,,1,33000.0,,21000.0,12000.0,,360.0,,,2,3,2,2,550000.0,1,1,3,5,1,,98.0,,2,1,1.0,4.0,3,4,6.0,8.0,2,3,5,6,2,4,55-64,9999,Yes,,1,1
2024,65432,OR,41029.0,41029000000.0,FHA:First Lien,Single Family (1-4 Units):Site-Built,Not Hispanic or Latino,White,Male,Denied,21,150000.0,,7.0,,2,3000.0,,1500.0,1500.0,,360.0,,,2,2,2,2,175000.0,1,1,3,5,1,,97.0,,2,2,1.0,4.0,2,4,6.0,8.0,2,4,3,5,2,4,45-54,9999,No,,1,1
2024,12054,SC,45001.0,45001021000.0,Conventional:First Lien,Single Family (1-4 Units):Site-Built,Hispanic or Latino,White,Female,Approved,32,250000.0,,4.25,,1,4000.0,,2200.0,1800.0,,360.0,,,2,2,2,2,300000.0,1,1,3,5,1,,101.0,,1,1,1.0,4.0,3,4,5.0,8.0,3,4,4,6,3,4,45-54,9999,Yes,,1,1
2024,12054,MI,26163.0,26163003000.0,VA:First Lien,Single Family (1-4 Units):Site-Built,Hispanic or Latino,Hispanic or Latino,Male,Approved,32,275000.0,,4.5,,2,22000.0,,14000.0,8000.0,,300.0,,,2,2,2,2,350000.0,1,1,3,5,1,,101.0,,3,1,1.0,5.0,2,4,5.0,9.0,3,5,4,6,1,4,45-54,9999,Yes,,1,1
2024,45321,TX,48201.0,48201000600.0,FHA:First Lien,Single Family (1-4 Units):Site-Built,Not Hispanic or Latino,White,Male,Approved,31,225000.0,,5.75,,3,8000.0,,4000.0,4000.0,,360.0,,,2,2,2,2,320000.0,1,1,3,5,1,,99.0,,1,1,2.0,4.0,2,4,6.0,8.0,2,4,5,6,3,5,65-74,9999,Yes,,1,1
2024,65432,NY,36047.0,36047000100.0,Conventional:First Lien,Single Family (1-4 Units):Site-Built,Hispanic or Latino,White,Male,Approved,31,300000.0,,4.65,,1,6000.0,,3500.0,2500.0,,360.0,,,2,2,2,2,375000.0,1,1,3,5,1,,98.0,,1,3,2.0,4.0,2,4,5.0,8.0,2,4,5,6,3,5,55-64,9999,Yes,,1,1
2024,99999,NC,37051.0,37051001000.0,VA:First Lien,Single Family (1-4 Units):Site-Built,Hispanic or Latino,Hispanic or Latino,Female,Approved,32,185000.0,,5.0,,2,18000.0,,10500.0,7500.0,,360.0,,,2,2,2,2,250000.0,1,1,3,5,1,,101.0,,2,1,1.0,5.0,1,4,7.0,8.0,2,5,3,4,3,4,65-74,9999,No,,1,1
2024,12054,NY,36005.0,36005000000.0,FHA:First Lien,Single Family (1-4 Units):Site-Built,Hispanic or Latino,White,Male,Approved,10,425000.0,,6.25,,3,22500.0,,12500.0,10000.0,,300.0,,,2,2,2,2,500000.0,1,1,3,5,1,,110.0,,2,1,3.0,4.0,1,4,8.0,10.0,2,5,5,7,4,5,65-74,9999,Yes,,1,1
2024,12054,MN,27053.0,27053000000.0,Conventional:First Lien,Single Family (1-4 Units):Site-Built,Not Hispanic or Latino,White,Male,Approved,21,350000.0,,4.0,,1,4800.0,,2400.0,2400.0,,360.0,,,2,2,2,2,400000.0,1,1,3,5,1,,102.0,,1,1,1.0,5.0,3,4,7.0,9.0,2,3,3,5,3,4,55-64,9999,Yes,,1,1
2024,99999,VA,51001.0,51001000000.0,FHA:First Lien,Single Family (1-4 Units):Site-Built,Hispanic or Latino,White,Female,Approved,31,175000.0,,6.25,,1,3000.0,,1500.0,1500.0,,360.0,,,2,2,2,2,200000.0,1,1,3,5,1,,103.0,,2,3,1.0,4.0,2,4,5.0,8.0,2,4,2,5,1,4,45-54,9999,Yes,,1,1
2024,99999,CO,08075.0,08075000000.0,VAC:First Lien,Single Family (1-4 Units):Site-Built,Hispanic or Latino,White,Female,Approved,32,150000.0,,5.0,,1,6000.0,,3000.0,3000.0,,360.0,,,2,2,2,2,180000.0,1,1,3,5,1,,105.0,,1,2,1.0,4.0,2,4,5.0,7.0,2,3,3,4,1,4,55-64,9999,Yes,,1,1
2024,12054,NJ,34031.0,34031000000.0,CONV:First Lien,Single Family (1-4 Units):Site-Built,Not Hispanic or Latino,Race Not Available,Male,Approved,10,315000.0,,4.5,,2,23000.0,,14000.0,9000.0,,300.0,,,2,3,2,2,335000.0,1,1,3,5,1,,104.0,,2,1,1.0,6.0,2,4,6.0,9.0,1,5,4,6,4,5,65-74,9999,Yes,,1,1
2024,65432,WV,54001.0,54001000000.0,VA:First Lien,Single Family (1-4 Units):Site-Built,Not Hispanic or Latino,White,Male,Denied,10,200000.0,,7.0,,2,8000.0,,3500.0,4500.0,,300.0,,,2,2,2,2,250000.0,1,1,3,5,1,,100.0,,1,1,2.0,5.0,3,4,4.0,9.0,1,4,3,4,3,4,55-64,9999,No,,1,1
2024,45321,MN,27035.0,27035000000.0,FHA:First Lien,Single Family (1-4 Units):Site-Built,Not Hispanic or Latino,White,Male,Approved,32,150000.0,,6.0,,1,5000.0,,2500.0,2500.0,,360.0,,,2,2,2,2,200000.0,1,1,3,5,1,,101.0,,2,1,2.0,5.0,2,4,5.0,8.0,2,3,3,4,1,3,55-64,9999,Yes,,1,1
2024,12054,KY,21125.0,21125000000.0,Conventional:First Lien,Single Family (1-4 Units):Site-Built,Hispanic or Latino,White,Female,Approved,31,175000.0,,6.75,,3,15000.0,,7500.0,7500.0,,360.0,,,2,2,2,2,240000.0,1,1,3,5,1,,103.0,,1,1,1.0,5.0,2,4,7.0,9.0,2,5,4,6,2,5,45-54,9999,Yes,,1,1
2024,12054,MO,29063.0,29063000000.0,FHA:First Lien,Single Family (1-4 Units):Site-Built,Not Hispanic or Latino,White,Male,Approved,32,185000.0,,5.25,,3,10000.0,,5500.0,4500.0,,360.0,,,2,2,2,2,250000.0,1,1,3,5,1,,101.0,,2,2,2.0,4.0,3,4,5.0,8.0,2,4,2,5,2,4,65-74,9999,Yes,,1,1
2024,12054,FL,12091.0,12091000000.0,Conventional:First Lien,Single Family (1-4 Units):Site-Built,Hispanic or Latino,White,Female,Approved,21,275000.0,,4.25,,1,5000.0,,3000.0,2000.0,,360.0,,,2,2,2,2,300000.0,1,1,3,5,1,,100.0,,1,2,1.0,4.0,2,4,8.0,9.0,1,3,4,6,2,4,55-64,9999,Yes,,1,1
2024,65432,WA,53005.0,53005000000.0,FHA:First Lien,Single Family (1-4 Units):Site-Built,Not Hispanic or Latino,White,Male,Approved,10,225000.0,,5.5,,3,12500.0,,6500.0,6000.0,,360.0,,,2,2,2,2,300000.0,1,1,3,5,1,,100.0,,1,1,2.0,4.0,1,4,7.0,9.0,2,5,4,6,1,4,35-44,9999,Yes,,1,1
2024,99999,VT,50001.0,50001000000.0,Conventional:First Lien,Single Family (1-4 Units):Site-Built,Hispanic or Latino,White,Female,Approved,31,250000.0,,4.0,,1,4000.0,,2200.0,1800.0,,360.0,,,2,2,2,2,320000.0,1,1,3,5,1,,98.0,,1,1,2.0,4.0,2,4,6.0,8.0,2,4,3,5,1,4,45-54,9999,Yes,,1,1
2024,12054,ND,38059.0,38059000000.0,FHA:First Lien,Single Family (1-4 Units):Site-Built,Hispanic or Latino,Hispanic or Latino,Male,Approved,10,200000.0,,6.5,,1,2000.0,,1100.0,900.0,,360.0,,,2,2,2,2,250000.0,1,1,3,5,1,,99.0,,1,2,1.0,4.0,3,4,6.0,8.0,3,5,4,6,1,4,55-64,9999,Yes,,1,1
2024,12054,MN,27147.0,27147000000.0,VA:First Lien,Single Family (1-4 Units):Site-Built,Not Hispanic or Latino,White,Female,Approved,32,400000.0,,5.15,,1,30000.0,,16000.0,14000.0,,360.0,,,2,2,2,2,450000.0,1,1,3,5,1,,101.0,,2,1,1.0,4.0,2,4,5.0,8.0,2,4,5,6,1,4,65-74,9999,Yes,,1,1
2024,99999,RI,44001.0,44001000000.0,FHA:First Lien,Single Family (1-4 Units):Site-Built,Not Hispanic or Latino,White,Male,Approved,21,150000.0,,5.5,,1,4000.0,,2500.0,1500.0,,300.0,,,2,2,2,2,175000.0,1,1,3,5,1,,100.0,,2,1,2.0,4.0,2,4,6.0,8.0,2,3,4,5,1,4,55-64,9999,No,,1,1
2024,12054,DE,10001.0,10001000000.0,Conventional:First Lien,Single Family (1-4 Units):Site-Built,Not Hispanic or Latino,White,Female,Approved,10,225000.0,,4.75,,1,3000.0,,1800.0,1200.0,,360.0,,,2,2,2,2,275000.0,1,1,3,5,1,,98.0,,1,2,1.0,3.0,2,4,5.0,8.0,2,4,3,5,2,4,55-64,9999,Yes,,1,1
2024,65432,MD,24031.0,24031000000.0,VA:First Lien,Single Family (1-4 Units):Site-Built,Hispanic or Latino,Hispanic or Latino,Female,Denied,32,290000.0,,7.5,,1,2000.0,,1000.0,1000.0,,360.0,,,2,2,2,2,350000.0,1,1,3,5,1,,85.0,,1,1,2.0,4.0,2,4,6.0,8.0,1,4,3,5,3,5,55-64,9999,No,,1,1
2024,12054,NY,36077.0,36077000000.0,FHA:First Lien,Single Family (1-4 Units):Site-Built,Not Hispanic or Latino,White,Female,Approved,31,185000.0,,6.0,,1,6000.0,,4000.0,2000.0,,360.0,,,2,2,2,2,250000.0,1,1,3,5,1,,98.0,,1,2,1.0,5.0,2,4,5.0,7.0,2,4,5,6,2,5,65-74,9999,Yes,,1,1
2024,99999,CA,6003.0,6003000000.0,VA:First Lien,Single Family (1-4 Units):Site-Built,Hispanic or Latino,Hispanic or Latino,Male,Approved,32,150000.0,,5.0,,2,7500.0,,4000.0,3500.0,,360.0,,,2,2,2,2,200000.0,1,1,3,5,1,,99.0,,2,1,2.0,3.0,3,4,6.0,8.0,2,5,5,6,3,5,45-54,9999,Yes,,1,1
2024,12054,TN,47055.0,47055000000.0,VA:First Lien,Single Family (1-4 Units):Site-Built,Hispanic or Latino,Hispanic or Latino,Female,Approved,10,225000.0,,5.75,,1,12500.0,,8500.0,4000.0,,300.0,,,2,2,2,2,300000.0,1,1,3,5,1,,111.0,,2,1,2.0,4.0,3,4,6.0,8.0,2,5,3,5,1,5,55-64,9999,Yes,,1,1
2024,45321,AL,01001.0,01001000000.0,FHA:First Lien,Single Family (1-4 Units):Site-Built,Not Hispanic or Latino,White,Male,Approved,32,275000.0,,6.25,,1,9000.0,,5000.0,4000.0,,300.0,,,2,2,2,2,400000.0,1,1,3,5,1,,110.0,,2,2,1.0,4.0,3,4,4.0,9.0,2,4,4,5,1,3,45-54,9999,Yes,,1,1
2024,65432,VT,50001.0,50001000000.0,Convention:First Lien,Single Family (1-4 Units):Site-Built,Hispanic or Latino,White,Male,Approved,10,225000.0,,6.0,,3,9000.0,,5000.0,4000.0,,300.0,,,2,2,2,2,350000.0,1,1,3,5,1,,101.0,,2,1,1.0,4.0,2,4,4.0,8.0,2,5,3,4,3,4,45-54,9999,Yes,,1,1
2024,99999,GA,13013.0,130,,,,,,,,,,,,,,,,,,,,,,,,,,,,,,,,,,,,,,,,,,,,,,,,,,,,,
