EmployerName,SicCodes,DiffMeanHourlyPercent,DiffMedianHourlyPercent,DiffMeanBonusPercent,DiffMedianBonusPercent,MaleBonusPercent,FemaleBonusPercent,MaleLowerQuartile,FemaleLowerQuartile,MaleLowerMiddleQuartile,FemaleLowerMiddleQuartile,MaleUpperMiddleQuartile,FemaleUpperMiddleQuartile,MaleTopQuartile,FemaleTopQuartile,EmployerSize,DateSubmitted
"MISHCON DE REYA GROUP (OPERATIONS) LIMITED",64209,27.9,21.1,70.2,25.5,53.4,65.5,23.9,75.3,14.2,83.2,25.8,71.9,53.1,43.9,1000-4999,2024-09-12 14:30:19
"THE CO-OPERATIVE BANK PLC",64205,31.7,24.9,75.1,32.1,56.7,63.2,26.4,76.9,15.6,84.5,28.1,72.4,56.3,45.1,500-999,2024-06-25 11:05:02
"EAST MIDLANDS TRAINING POOOL",89902,26.3,20.5,69.4,24.8,52.7,66.3,22.9,74.9,13.9,82.9,24.5,70.9,52.1,42.7,1000-4999,2024-03-17 10:40:15
"BBA Aviation PLC",64204,30.2,23.3,72.9,29.5,54.9,64.8,24.9,75.7,14.8,83.5,26.4,72.2,54.2,44.2,500-999,2024-08-22 15:20:42
"THE PRUDENTIAL PLC",64204,29.5,22.7,71.1,28.3,53.4,65.2,23.7,75.1,14.3,83.1,25.5,71.8,53.0,43.5,5000+,2024-11-15 14:00:05
"THE WILKINSON EYRE ARCHITECTS LLP",64209,28.1,21.9,69.8,26.2,52.5,65.9,22.9,74.6,13.5,82.9,24.7,70.6,51.9,42.3,50-99,2024-10-24 11:10:35
"CARLTON HERRING SHANNON LLP",64209,29.8,23.5,72.3,29.9,54.7,64.5,25.3,75.8,15.2,83.4,26.2,72.1,54.1,44.0,50-99,2024-07-05 10:55:01
"KENNEDYS BAKER MCKENNA (A SOLICITORS) LLP",64209,27.2,20.9,69.1,25.3,52.1,65.6,22.7,74.4,13.8,82.7,24.1,70.5,51.6,42.1,500-999,2024-02-28 14:45:59
"DAWSON TURNER WATERHOUSE GROUP LIMITED",64204,30.9,24.7,74.4,31.4,56.5,63.6,27.4,76.9,16.2,84.9,29.1,72.8,56.1,45.3,5000+,2024-05-15 14:20:32
"THE CO-OPERATIVE BANK PLC",64205,32.1,25.3,76.2,33.5,57.2,62.9,27.9,77.4,16.1,85.2,30.3,73.1,57.0,46.1,500-999,2024-01-18 11:35:04
"EAST MIDLANDS TRAINING POOOL",89902,25.6,19.9,68.2,24.2,51.9,66.2,21.9,74.2,13.3,82.4,23.5,69.9,51.2,41.5,1000-4999,2024-12-12 10:50:18
"THE WILKINSON EYRE ARCHITECTS LLP",64209,27.9,21.3,70.1,26.5,53.2,65.5,23.1,74.9,13.9,82.9,24.7,70.7,52.9,42.8,50-99,2024-09-01 11:00:21
"THE PRUDENTIAL PLC",64204,29.2,22.5,70.9,28.5,53.7,65.3,24.2,75.3,14.4,83.2,25.7,71.5,53.3,43.7,5000+,2024-08-01 10:30:41
"BBA Aviation PLC",64204,31.4,24.5,74.9,30.8,56.8,63.9,26.9,77.1,16.5,84.7,29.4,72.9,56.5,45.4,500-999,2024-04-25 14:50:42
"THE CO-OPERATIVE BANK PLC",64205,30.5,23.8,74.6,30.4,55.8,63.4,26.2,76.8,15.8,84.6,28.3,72.3,55.3,44.4,500-999,2024-10-05 11:25:05
"EAST MIDLANDS TRAINING POOOL",89902,26.8,20.7,69.5,25.8,52.5,66.1,23.3,74.6,14.1,82.8,24.9,70.7,52.0,42.4,1000-4999,2024-07-19 10:10:13
"CARLTON HERRING SHANNON LLP",64209,28.5,22.1,70.5,27.3,53.3,65.5,24.0,74.9,14.6,82.9,25.4,71.0,53.0,43.3,50-99,2024-02-06 10:20:53
"KENNEDYS BAKER MCKENNA (A SOLICITORS) LLP",64209,28.9,22.9,72.1,28.7,54.7,64.3,25.5,75.5,15.4,83.2,27.1,72.0,54.2,44.2,500-999,2024-11-22 14:15:39
"DAWSON TURNER WATERHOUSE GROUP LIMITED",64204,31.6,25.1,75.5,32.6,57.2,63.7,28.1,77.4,17.1,85.3,30.9,73.4,57.0,46.3,5000+,2024-03-20 14:30:48
"THE CO-OPERATIVE BANK PLC",64205,31.9,25.5,76.8,33.8,58.0,62.8,29.0,78.1,16.8,85.6,31.9,73.6,57.8,46.6,500-999,2024-06-14 10:50:22
"EAST MIDLANDS TRAINING POOOL",89902,25.3,19.5,68.1,24.1,51.5,66.0,21.6,74.0,13.0,82.2,23.0,69.5,50.9,40.8,1000-4999,2024-04-11 14:00:59
"THE WILKINSON EYRE ARCHITECTS LLP",64209,28.4,21.6,70.4,26.8,53.0,65.4,23.5,74.7,14.0,82.9,24.9,70.5,52.4,42.5,50-99,2024-12-06 11:20:36
"THE PRUDENTIAL PLC",64204,28.9,22.4,70.9,28.2,53.5,65.1,24.4,75.2,14.6,83.1,25.9,71.4,53.1,43.6,5000+,2024-01-24 14:10:44
"BBA Aviation PLC",64204,30.7,24.2,74.1,29.9,55.8,63.9,26.5,76.7,15.9,84.5,28.3,72.4,55.4,44.4,500-999,2024-09-28 10:45:19
"KENNEDYS BAKER MCKENNA (A SOLICITORS) LLP",64209,27.7,20.8,69.5,25.5,52.4,65.5,22.9,74.4,13.9,82.6,24.3,70.3,51.9,42.1,500-999,2024-08-29 15:00:23
"DAWSON TURNER WATERHOUSE GROUP LIMITED",64204,31.1,24.9,75.3,31.4,56.4,63.9,27.7,77.3,16.2,84.8,29.6,73.2,56.1,45.5,5000+,2024-05-23 14:45:01
"THE CO-OPERATIVE BANK PLC",64205,32.4,25.9,77.1,34.1,58.4,62.7,29.5,78.5,17.1,86.0,32.4,74.1,58.1,47.0,500-999,2024-03-01 10:15:03
"EAST MIDLANDS TRAINING POOOL",89902,26.5,20.3,68.7,25.3,52.1,66.1,22.8,74.3,13.6,82.5,24.2,70.1,51.5,41.7,1000-4999,2024-11-14 14:30:51
"CARLTON HERRING SHANNON LLP",64209,28.2,22.0,70.9,27.4,53.5,65.3,24.2,74.9,14.7,82.9,25.7,71.2,53.1,43.5,50-99,2024-09-19 15:15:38
"THE WILKINSON EYRE ARCHITECTS LLP",64209,27.7,21.2,70.1,26.3,52.7,65.4,23.1,74.4,13.9,82.6,24.6,70.2,52.2,42.2,50-99,2024-04-25 11:00:00
"THE PRUDENTIAL PLC",64204,29.7,22.9,71.7,29.3,54.5,65.2,25.3,75.3,15.1,83.4,26.7,71.9,53.8,43.9,5000+,2024-07-03 14:45:59
"BBA Aviation PLC",64204,31.0,24.4,74.7,30.6,56.1,63.8,27.1,76.9,16.3,84.6,29.5,72.8,55.9,45.1,500-999,2024-10-26 11:05:05
"KENNEDYS BAKER MCKENNA (A SOLICITORS) LLP",64209,28.3,22.2,71.1,27.7,53.6,65.1,24.4,74.7,14.8,82.8,25.5,70.9,52.9,42.9,500-999,2024-05-16 11:10:11
"DAWSON TURNER WATERHOUSE GROUP LIMITED",64204,32.5,25.8,76.4,33.2,57.6,63.6,29.3,78.2,17.4,85.9,32.2,74.4,57.3,47.1,5000+,2024-08-08 15:20:49
"THE CO-OPERATIVE BANK PLC",64205,30.8,23.9,75.1,30.3,56.3,63.2,26.9,77.1,16.2,84.8,29.4,72.6,55.9,45.2,500-999,2024-09-06 15:15:14
"EAST MIDLANDS TRAINING POOOL",89902,26.1,19.8,68.4,24.9,52.0,66.2,22.3,74.4,13.5,82.6,23.9,69.8,50.6,40.9,1000-4999,2024-01-04 10:50:23
"CARLTON HERRING SHANNON LLP",64209,28.8,22.4,71.5,28.4,53.9,65.4,25.1,74.9,15.1,82.8,26.6,71.3,53.4,43.7,50-99,2024-06-28 11:35:38
"THE WILKINSON EYRE ARCHITECTS LLP",64209,27.4,21.4,70.5,26.7,53.1,65.3,23.6,74.6,14.3,82.8,25.1,70.4,52.5,42.6,50-99,2024-08-16 10:30:44
"THE PRUDENTIAL PLC",64204,28.4,22.2,70.2,28.1,53.3,65.1,24.1,75.1,14.5,83.1,25.7,71.2,52.9,42.9,5000+,2024-10-10 14:20:17
"BBA Aviation PLC",64204,30.5,24.0,74.6,30.1,55.8,63.9,26.7,76.7,16.0,84.5,28.9,72.5,55.4,44.6,500-999,2024-02-20 15:45:30
"KENNEDYS BAKER MCKENNA (A SOLICITORS) LLP",64209,27.9,20.7,69.7,25.6,52.2,65.3,22.9,74.3,13.7,82.4,24.3,70.1,51.6,41.8,500-999,2024-01-17 10:00:55
"DAWSON TURNER WATERHOUSE GROUP LIMITED",64204,31.8,25.3,76.1,32.1,57.1,63.8,28.4,77.8,16.9,85.2,31.4,74.1,56.9,46.3,5000+,2024-11-28 14:40:49
"THE CO-OPERATIVE BANK PLC",64205,31.1,24.7,75.5,30.9,56.4,63.2,27.3,77.2,16.1,84.7,29.7,72.8,55.9,45.1,500-999,2024-07-24 14:00:28
"EAST MIDLANDS TRAINING POOOL",89902,25.9,19.4,68.0,24.0,51.5,66.1,21.9,74.0,13.1,82.2,23.2,69.4,50.4,40.4,1000-4999,2024-09-14 14:35:02
"CARLTON HERRING SHANNON LLP",64209,28.5,22.5,71.3,28.1,53.9,65.3,24.9,74.9,15.2,82.9,26.3,71.2,53.4,43.7,50-99,2024-05-02 11:00:21
"THE WILKINSON EYRE ARCHITECTS LLP",64209,27.1,21.1,70.3,26.4,52.9,65.3,23.3,74.4,14.0,82.6,24.7,70.2,52.2,42.2,50-99,2024-03-28 14:35:03
"THE PRUDENTIAL PLC",64204,29.4,22.8,71.4,28.8,54.1,65.2,25.3,75.3,15.1,83.4,26.8,71.6,53.3,43.7,5000+,2024-09-25 14:50:44
"BBA Aviation PLC",64204,30.3,24.1,74.2,29.7,55.7,63.9,26.4,76.6,16.0,84.4,28.7,72.4,55.3,44.4,500-999,2024-08-20 14:45:14
"KENNEDYS BAKER MCKENNA (A SOLICITORS) LLP",64209,28.1,22.0,71.1,27.9,53.6,65.2,24.4,74.7,14.8,82.8,25.5,70.9,52.9,42.9,500-999,2024-06-04 11:50:29
"DAWSON TURNER WATERHOUSE GROUP LIMITED",64204,32.2,25.6,76.9,33.1,57.6,63.8,29.6,78.3,17.4,85.9,32.9,74.8,57.4,47.3,5000+,2024-10-29 15:05:33
"THE CO-OPERATIVE BANK PLC",64205,30.4,23.6,73.9,30.0,55.4,64.0,25.4,74.6,15.1,83.2,27.0,73.0,55.6,44.4,500-999,2024-04-03 15:10:41
"GreenShoots IT Solutions Ltd", 73200, 43.7, 38.1, 91.2, 38.5, 50.2, 60.0, 22.1, 76.3, 17.5, 85.1, 30.4, 72.1, 52.3, 45.6, 20-49, 2024-09-16 14:02:11
"Southampton City Council", 85110, 26.5, 22.8, 65.6, 32.1, 58.2, 63.5, 25.9, 74.2, 18.3, 82.6, 28.5, 70.9, 54.1, 43.9, 1000-2499, 2024-11-25 17:21:52
"Kings College London", 85420, 38.9, 32.5, 76.3, 41.9, 55.1, 61.8, 24.5, 78.1, 19.2, 86.4, 33.4, 74.2, 57.3, 46.1, 2500-4999, 2024-06-19 10:05:01
"Evolve Security Solutions Ltd", 66190, 49.8, 44.1, 93.5, 42.9, 51.9, 61.3, 23.3, 80.2, 18.9, 88.3, 31.5, 76.1, 53.2, 45.8, 500-999, 2024-03-28 12:45:39
"Devon County Council", 85110, 29.4, 25.7, 68.9, 36.4, 59.4, 65.1, 26.3, 75.6, 20.1, 84.4, 29.9, 72.5, 55.5, 43.3, 1000-2499, 2024-01-10 16:10:05
"SEPA", 85540, 41.9, 35.2, 81.2, 45.6, 54.8, 64.2, 25.6, 79.1, 19.9, 89.2, 34.1, 75.9, 58.2, 46.9, 2500-4999, 2024-08-21 14:59:19
"Fair Tech Solutions Ltd", 73200, 48.2, 42.5, 92.1, 43.2, 52.3, 62.1, 24.1, 81.5, 19.5, 89.6, 30.9, 77.3, 54.5, 46.3, 500-999, 2024-05-01 11:41:46
"Brighton and Hove City Council", 85110, 28.3, 24.6, 67.2, 34.8, 58.5, 66.4, 27.2, 76.8, 21.1, 84.5, 30.4, 71.9, 55.7, 44.1, 1000-2499, 2024-07-25 15:57:23
"Bournville College", 85420, 39.1, 33.8, 79.2, 40.5, 56.3, 63.1, 25.3, 79.9, 20.9, 89.8, 32.7, 76.2, 58.4, 47.3, 2500-4999, 2024-04-15 13:01:14
"Grant Thornton UK LLP", 74100, 45.6, 40.2, 89.5, 40.8, 53.1, 63.9, 26.4, 84.2, 21.7, 93.5, 35.6, 80.2, 59.3, 48.5, 5000-9999, 2024-02-12 16:35:05
"Edinburgh Napier University", 85420, 37.3, 31.9, 75.9, 39.6, 54.9, 62.5, 24.9, 80.8, 20.5, 90.1, 31.4, 78.1, 56.8, 45.9, 2500-4999, 2024-10-24 10:12:03
"Blackpool Council", 85110, 27.1, 23.4, 64.2, 33.5, 57.7, 66.1, 26.9, 78.3, 21.4, 86.6, 29.6, 72.3, 54.9, 43.7, 1000-2499, 2024-06-17 14:04:41
"Independent Age", 85540, 43.4, 37.8, 86.3, 39.2, 52.2, 64.4, 27.1, 83.9, 22.5, 93.2, 33.9, 80.5, 59.5, 48.1, 2500-4999, 2024-09-04 15:47:29
"Northern College", 85420, 40.3, 35.6, 81.5, 42.1, 55.9, 65.7, 25.8, 82.6, 21.4, 91.3, 34.5, 81.2, 61.1, 49.5, 500-999, 2024-11-14 13:39:05
"East Sussex County Council", 85110, 29.2, 25.5, 69.8, 37.3, 60.2, 67.1, 27.5, 79.3, 22.1, 88.2, 31.2, 75.9, 57.4, 45.5, 1000-2499, 2024-08-26 14:50:21
"Peterborough City Council", 85110, 26.9, 23.2, 65.3, 34.7, 58.8, 66.9, 26.5, 78.8, 20.9, 85.5, 29.9, 72.1, 55.3, 44.3, 1000-2499, 2024-03-21 11:16:04
"Cambridge University Hospitals NHS Foundation Trust", 85114, 35.7, 31.4, 79.4, 42.3, 57.1, 63.8, 26.3, 82.1, 22.9, 93.9, 35.9, 81.1, 61.2, 49.2, 5000-9999, 2024-07-09 14:58:14
"ESFA", 85540, 42.1, 36.9, 88.2, 42.6, 53.2, 65.9, 28.3, 86.1, 23.1, 96.2, 36.6, 84.3, 62.4, 50.1, 2500-4999, 2024-05-23 10:55:45
"UWE Bristol", 85420, 38.5, 33.2, 79.8, 41.2, 56.5, 64.1, 25.9, 82.3, 21.5, 92.8, 33.3, 79.9, 59.2, 47.6, 2500-4999, 2024-09-18 14:39:23
"Oldham Council", 85110, 28.8, 24.9, 68.5, 35.9, 59.5, 67.4, 27.8, 80.2, 22.3, 87.9, 30.6, 75.3, 56.4, 45.2, 1000-2499, 2024-01-19 15:35:42
"Kent County Council", 85110, 30.3, 26.6, 72.9, 38.5, 61.2, 69.1, 28.3, 82.4, 22.9, 91.8, 32.7, 80.1, 61.5, 49.1, 1000-2499, 2024-10-09 16:01:56
"Royal Holloway University of London", 85420, 36.9, 32.7, 79.2, 40.8, 55.6, 65.3, 26.2, 84.5, 22.5, 95.2, 34.5, 83.1, 61.8, 50.4, 2500-4999, 2024-04-12 11:15:43
"London Borough of Haringey", 85110, 27.7, 23.7, 65.5, 34.2, 58.9, 67.5, 27.3, 80.9, 21.9, 89.1, 30.3, 76.1, 56.7, 45.9, 1000-2499, 2024-02-14 15:33:59
"South Lanarkshire Council", 85110, 29.8, 26.1, 71.8, 38.1, 61.1, 70.4, 28.7, 82.9, 23.3, 92.4, 32.9, 81.9, 62.5, 50.6, 1000-2499, 2024-06-06 15:02:56
"University of Leicester", 85420, 39.5, 35.9, 82.9, 43.1, 58.3, 66.2, 27.3, 86.5, 23.9, 96.5, 35.3, 85.3, 63.2, 51.1, 2500-4999, 2024-09-25 13:03:21
"Slough Borough Council", 85110, 28.5, 24.7, 67.9, 36.1, 60.4, 69.3, 28.1, 81.1, 22.7, 90.4, 31.5, 79.1, 60.9, 49.5, 1000-2499, 2024-11-01 14:51:42
"Solihull Council", 85110, 30.9, 27.2, 74.6, 40.5, 62.3, 71.8, 29.3, 84.3, 24.1, 94.1, 33.6, 84.9, 65.2, 52.1, 1000-2499, 2024-06-13 15:44:11
"Oxford Brookes University", 85420, 37.2, 33.5, 80.2, 42.5, 56.7, 66.9, 27.5, 85.2, 23.6, 97.8, 35.2, 86.5, 64.1, 51.9, 2500-4999, 2024-04-26 11:30:13
"UCL Institute of Education", 85420, 40.7, 36.2, 83.9, 43.8, 59.1, 68.3, 28.5, 88.9, 24.9, 100.0, 36.9, 90.2, 67.5, 54.3, 2500-4999, 2024-02-28 15:05:09
"West Lothian Council", 85110, 30.2, 26.4, 73.9, 39.5, 62.9, 72.4, 29.5, 85.5, 24.5, 95.9, 34.1, 87.3, 65.9, 53.1, 1000-2499, 2024-08-22 14:11:46
"City of London Corporation", 85540, 41.8, 37.4, 87.2, 43.3, 53.9, 66.5, 29.2, 90.4, 25.8, 103.0, 37.6, 92.8, 67.3, 54.9, 2500-4999, 2024-07-24 15:12:48
"Falmouth University", 85420, 38.8, 34.3, 82.1, 41.9, 58.5, 68.1, 27.9, 88.5, 24.7, 101.0, 35.8, 90.3, 65.8, 52.9, 2500-4999, 2024-05-29 10:59:37
"University of East Anglia", 85420, 40.2, 36.5, 83.5, 44.3, 60.1, 69.8, 28.9, 91.1, 25.9, 104.4, 37.3, 95.5, 69.3, 56.5, 2500-4999, 2024-06-20 15:38:33
"City of York Council", 85110, 29.5, 25.8, 71.5, 39.1, 62.7, 73.4, 29.8, 86.6, 25.3, 96.8, 33.5, 89.1, 67.4, 54.5, 1000-2499, 2024-03-05 16:05:49
"Derby City Council", 85110, 31.4, 27.5, 76.4, 41.9, 63.9, 74.6, 30.4, 89.2, 26.5, 99.0, 35.1, 92.3, 69.2, 56.8, 1000-2499, 2024-09-11 14:38:14
"Leeds City Council", 85110, 30.1, 26.3, 74.9, 40.7, 64.5, 75.3, 29.6, 88.4, 25.9, 98.5, 34.4, 90.7, 68.9, 55.5, 1000-2499, 2024-08-05 15:23:42
"Croydon Council", 85110, 29.8, 26.3, 74.6, 40.2, 63.9, 75.2, 29.9, 88.9, 26.2, 99.1, 34.8, 92.2, 69.6, 57.1, 1000-2499, 2024-04-17 16:04:02
"Lancashire County Council", 85110, 31.2, 27.7, 77.5, 42.6, 65.1, 76.6, 30.9, 91.3, 27.1, 101.0, 35.7, 94.4, 71.5, 59.1, 1000-2499, 2024-05-10 15:58:01
"Hertfordshire County Council", 85110, 30.9, 27.3, 76.8, 41.8, 65.4, 76.1, 31.2, 90.2, 26.9, 100.0, 35.5, 93.5, 72.1, 60.2, 1000-2499, 2024-10-22 14:50:48
"East Riding of Yorkshire Council", 85110, 30.5, 26.9, 75.3, 40.9, 64.9, 75.7, 30.3, 89.4, 26.6, 98.9, 34.5, 91.8, 70.3, 57.9, 1000-2499, 2024-02-20 16:03:38
"North East Lincolnshire Council", 85110, 32.3, 28.4, 79.3, 43.5, 66.3, 78.1, 31.8, 92.8, 27.5, 103.0, 36.3, 96.4, 72.8, 61.2, 1000-2499, 2024-11-19 14:21:49
"OXFORD INNOVATION LTD","60201",12.5,8.2,40.9,25.6,60.1,70.0,30.8,63.4,45.6,20.9,78.5,35.4,65.2,50.0,1000-2999,2024-09-22 11:20:02
"CHESHIRE & WALES CHAMBER OF COMMERCE & INDUSTRY LTD","82990",25.8,18.1,62.5,35.9,58.2,72.1,27.3,69.9,42.1,22.5,76.3,38.5,62.9,52.6,500-999,2024-07-15 14:45:01
"DAVID BROWN LOWE LLP","69203",18.2,12.5,48.1,28.5,55.6,65.5,34.9,64.8,48.3,24.1,75.2,32.4,59.5,46.3,1000-2999,2024-06-12 10:05:11
"BBC STUDIO & POST PRODUCTION LTD","59111",22.1,15.3,53.4,32.1,59.9,69.1,29.4,67.8,41.7,20.6,72.4,36.8,61.3,49.4,500-999,2024-04-18 13:10:42
"THE ROYAL SOCIETY FOR PUBLIC HEALTH","85590",31.9,23.4,72.9,39.5,56.7,71.2,26.5,68.3,40.4,23.9,74.9,37.3,60.6,50.2,1000-2999,2024-02-25 09:50:20
"MADE IN CUYABENO LTD","64209",19.2,13.9,50.8,31.4,58.5,66.3,31.9,65.2,43.2,25.6,75.5,33.5,60.9,46.8,500-999,2024-10-01 11:30:34
"THE CHANCELLOR, MACE & COLLEAGUES LLP","69203",20.5,14.7,51.4,33.2,56.3,67.6,33.1,66.5,41.9,22.5,74.8,34.2,61.1,48.5,1000-2999,2024-09-14 15:35:08
"THE NATIONAL SKILLS FUND LIMITED","82990",24.5,17.2,59.1,34.9,57.9,71.8,28.2,69.5,41.5,20.7,72.1,36.3,61.9,50.9,500-999,2024-06-24 12:20:19
"THE ROYAL COLLEGE OF PHYSICIANS, ROYAL COLLEGE OF GENERAL PRACTITIONERS, ROYAL COLLEGE OF PATHOLOGISTS, ROYAL COLLEGE OF RADIOLOGISTS, ROYAL COLLEGE OF SURGEONS, THE ROYAL COLLEGE OF OPHTHALMICOLOGISTS, THE ROYAL COLLEGE OF RADIOLOGISTS",85310,28.3,20.5,65.6,37.5,59.3,72.3,29.9,70.2,42.8,24.5,76.4,37.9,64.6,51.2,1000-2999,2024-08-17 16:00:01
"THE DEPARTMENT FOR BUSINESS, ENERGY AND INDUSTRY SKILLS LIMITED","82990",29.5,21.6,68.3,41.9,58.5,74.2,28.8,71.1,43.5,22.2,75.9,38.4,66.3,52.7,500-999,2024-07-28 09:30:50
"DEPARTMENT FOR EDUCATION AND SKILLS",85310,22.9,16.5,54.5,31.8,58.1,69.2,30.4,68.5,40.9,21.4,73.5,35.6,62.2,49.3,1000-2999,2024-05-22 11:40:56
"PROFESSIONAL FOOTBALLERS' ASSOCIATION LIMITED",59110,15.6,9.4,45.1,25.9,56.7,65.6,26.8,64.9,38.3,19.9,74.5,30.9,60.2,45.3,500-999,2024-03-21 17:00:30
"FOSTER DENNY AND PARTNERS LIMITED",59111,20.3,13.5,50.2,32.1,57.4,67.1,32.1,65.9,42.4,22.7,74.9,33.5,61.9,47.8,1000-2999,2024-11-16 14:40:39
"THE METROPOLITAN POLICE AUTHORITY (METROPOLITAN POLICE)",85590,25.2,18.5,57.3,34.5,57.8,71.4,29.1,69.3,40.9,20.6,72.9,36.1,62.8,49.2,1000-2999,2024-09-26 09:10:09
"INSTITUTION OF ENGINEERING AND TECHNOLOGY LIMITED",82990,18.5,12.2,48.5,29.9,58.1,66.5,30.8,65.5,41.3,23.5,75.2,31.5,60.5,45.8,500-999,2024-05-28 15:05:08
"ACADEMY OF DESIGN AND TECHNOLOGY LIMITED",59110,24.9,17.8,59.9,36.4,57.5,72.4,29.5,70.1,41.2,21.3,72.1,35.9,62.1,50.4,1000-2999,2024-08-31 11:15:00
"QUEEN MARY UNIVERSITY OF LONDON",85310,19.9,14.2,51.8,33.5,56.4,68.2,31.4,66.3,42.1,23.7,74.9,32.9,61.8,48.2,500-999,2024-04-16 13:20:36
"HALLIWELL LAND AND PROPERTY (NO 1) LIMITED",59111,27.6,20.1,62.8,38.6,59.1,71.8,28.9,70.8,42.3,22.2,75.3,36.9,63.9,50.6,1000-2999,2024-10-04 16:30:34
"THE CONSERVATION SOCIETY LIMITED",82990,23.2,16.6,56.1,34.1,58.8,70.3,31.1,68.7,40.2,23.4,73.4,35.4,62.1,49.5,500-999,2024-06-02 14:25:28
"THE SCOTTISH POLICE FEDERATION LIMITED",85590,26.9,19.9,60.9,36.9,59.5,72.2,28.4,70.8,41.6,21.4,72.4,36.6,63.8,50.9,1000-2999,2024-10-05 11:45:51
"THE CHANCELLOR, MACE & COLLEAGUES LLP",69203,21.8,15.4,52.7,33.9,57.2,68.9,32.4,66.8,41.6,22.5,74.4,33.3,61.5,48.1,500-999,2024-07-18 16:05:42
"THE INSTITUTE OF CONTINUING EDUCATION",85310,24.2,17.3,58.5,35.8,57.9,71.6,30.3,69.9,41.1,20.7,72.3,35.5,62.9,50.7,500-999,2024-03-14 10:45:31
"THE FEDERATION OF SMALL BUSINESSES",82990,28.9,21.7,67.4,42.5,59.2,74.3,29.3,71.6,43.4,22.9,76.1,38.2,66.4,52.8,500-999,2024-09-13 09:00:05
"THE DEPARTMENT FOR BUSINESS, ENERGY AND INDUSTRY SKILLS LIMITED",82990,25.1,18.3,59.2,35.9,58.4,72.1,28.6,70.3,41.8,21.4,72.9,36.2,63.1,50.6,1000-2999,2024-02-20 14:30:40
"GCU (LONDON) LIMITED",85310,20.8,14.9,52.4,33.3,56.8,68.4,31.1,66.6,41.7,23.2,74.6,32.9,61.3,47.9,500-999,2024-05-25 13:50:11
"THE INSTITUTE OF CONTINUING EDUCATION",85310,22.3,15.9,53.1,32.2,57.3,70.5,29.4,69.4,41.3,20.6,72.6,34.4,62.8,49.5,500-999,2024-09-22 16:05:29
"THE ROYAL COLLEGE OF OSTEOPATHICS",85310,29.4,21.9,67.9,41.4,59.9,73.1,28.5,71.4,43.7,22.3,76.5,38.3,66.3,53.2,1000-2999,2024-02-15 09:10:36
"NATIONAL SKILLS FUND LIMITED",82990,21.9,15.6,54.9,34.1,59.4,70.8,29.9,69.5,41.3,21.9,72.5,35.4,63.6,51.3,500-999,2024-06-05 13:30:02
"THE INSTITUTE OF CONTINUING EDUCATION",85310,18.9,12.6,49.3,30.3,58.8,66.3,31.5,65.7,40.4,23.7,75.3,31.3,61.5,46.7,500-999,2024-08-25 16:45:40
"THE FEDERATION OF SMALL BUSINESSES",82990,23.7,16.9,56.4,34.7,59.4,71.6,30.3,69.2,40.5,22.4,72.8,35.9,62.2,50.5,1000-2999,2024-09-10 11:00:09
"THE DEPARTMENT FOR BUSINESS, ENERGY AND INDUSTRY SKILLS LIMITED",82990,24.6,17.7,58.7,35.9,58.7,72.4,29.3,70.4,41.4,21.1,72.3,36.2,63.9,50.9,500-999,2024-08-03 12:55:19
"THE ROYAL COLLEGE OF RADIOLOGISTS",85310,26.8,20.1,61.3,37.6,60.2,73.3,29.5,71.3,42.9,21.7,75.2,37.3,65.8,53.4,500-999,2024-06-06 14:55:01
"G2G LIMITED",59110,22.6,16.3,54.7,33.9,58.3,70.8,29.5,69.3,41.4,21.5,72.3,35.8,63.6,50.8,1000-2999,2024-04-19 16:00:05
"THE FEDERATION OF SMALL BUSINESSES",82990,29.3,21.6,67.8,42.7,59.5,74.3,29.2,71.7,43.4,22.9,76.4,38.3,66.8,53.1,500-999,2024-10-19 09:40:16
"THE INSTITUTE OF CONTINUING EDUCATION",85310,21.5,15.4,53.7,33.7,58.5,71.3,30.1,69.5,41.9,21.4,72.6,35.3,63.5,50.6,1000-2999,2024-11-05 16:55:29
"THE DEPARTMENT FOR BUSINESS, ENERGY AND INDUSTRY SKILLS LIMITED",82990,26.9,20.3,61.4,38.5,59.3,73.6,29.2,71.6,42.9,21.9,75.3,37.6,65.3,52.5,500-999,2024-02-27 17:30:05
"THE ROYAL COLLEGE OF RADIOLOGISTS",85310,25.9,19.3,60.1,36.3,60.5,72.8,29.4,71.2,42.4,22.5,74.5,36.7,65.9,51.7,500-999,2024-06-19 14:30:40
"THE FEDERATION OF SMALL BUSINESSES",82990,25.5,18.7,59.8,37.1,59.6,73.1,29.2,71.4,42.4,22.4,75.1,37.2,66.7,53.1,1000-2999,2024-09-20 09:30:49
"GREAT LONDON AUTHORITY",85590,24.1,17.1,57.8,35.6,59.3,71.5,29.9,69.3,41.4,20.6,72.6,35.4,62.9,50.5,1000-2999,2024-02-22 10:15:37
"THE FEDERATION OF SMALL BUSINESSES",82990,27.5,20.6,61.7,38.4,60.6,73.4,29.1,71.8,43.1,22.3,75.5,37.9,66.8,53.4,1000-2999,2024-10-09 13:00:50
"THE INSTITUTE OF CONTINUING EDUCATION",85310,20.1,14.4,51.1,32.6,57.3,69.5,30.3,66.9,41.2,21.4,73.3,32.9,61.4,48.3,500-999,2024-05-23 15:20:26
"THE DEPARTMENT FOR BUSINESS, ENERGY AND INDUSTRY SKILLS LIMITED",82990,26.2,19.6,60.2,37.8,59.2,72.9,29.5,71.3,42.7,22.4,74.7,37.4,65.3,52.6,500-999,2024-03-26 16:45:34
"THE ROYAL COLLEGE OF RADIOLOGISTS",85310,25.7,19.2,60.6,37.3,59.6,72.5,29.4,71.6,42.7,22.2,75.2,37.3,66.2,52.8,1000-2999,2024-06-13 11:40:02
"THE INSTITUTE OF CONTINUING EDUCATION",85310,23.4,16.6,56.3,34.8,59.4,71.9,30.1,69.1,41.6,22.4,72.5,34.9,62.3,49.7,500-999,2024-04-23 16:00:00
"THE FEDERATION OF SMALL BUSINESSES",82990,24.9,18.1,58.4,36.3,59.7,73.3,29.4,70.7,42.5,22.1,74.3,36.4,65.4,52.2,1000-2999,2024-02-17 10:35:20
"THE INSTITUTE OF CONTINUING EDUCATION",85310,22.1,15.7,53.4,33.2,58.6,71.4,30.2,69.4,41.5,21.8,72.6,34.4,63.7,50.5,500-999,2024-09-28 12:00:44
"THE FEDERATION OF SMALL BUSINESSES",82990,27.4,20.8,61.3,38.9,60.9,74.1,29.4,71.2,42.8,21.9,75.1,37.7,66.5,53.4,1000-2999,2024-10-27 16:15:06
"THE DEPARTMENT FOR BUSINESS, ENERGY AND INDUSTRY SKILLS LIMITED",82990,25.8,19.3,60.1,37.6,59.7,72.9,29.2,71.5,42.5,22.4,74.8,37.2,66.8,53.1,500-999,2024-08-29 13:00:10
"THE ROYAL COLLEGE OF RADIOLOGISTS",85310,23.8,17.2,56.1,34.8,60.1,72.9,29.5,70.3,41.6,22.3,73.4,35.5,63.8,50.5,1000-2999,2024-03-13 16:25:41
"THE FEDERATION OF SMALL BUSINESSES",82990,29.6,21.8,68.3,43.5,60.9,75.3,29.4,71.2,43.3,23.2,76.4,39.6,67.6,54.4,1000-2999,2024-12-04 10:10:15"
"MISHCON DE REYA GROUP (OPERATIONS) LIMITED","64209","25.8","19.4","75.2","35.9","57.8","70.2","27.3","79.5","18.5","85.3","29.3","75.2","55.2","43.6","50-99","2024-05-24 16:46:19"
"ANERGY POWER LIMITED","64209","28.1","21.9","80.1","38.5","59.2","72.8","30.4","82.5","20.1","88.1","31.8","78.2","57.4","45.6","100-249","2024-03-27 09:23:41"
"CLOCKWORK ANIMATION LIMITED","90040","24.5","18.7","78.9","29.5","56.4","69.2","26.8","78.1","17.3","84.9","28.2","74.5","54.9","42.8","10-24","2024-06-19 14:30:52"
"HELIOFONICS LIMITED","64209","26.2","20.1","81.9","33.2","61.1","73.9","28.8","83.3","21.4","89.5","30.5","79.4","58.8","46.2","50-99","2024-04-11 18:01:19"
"GEOSTUDIO LIMITED","90040","22.9","16.9","75.5","26.8","58.3","67.9","25.5","77.5","16.2","83.9","27.3","72.9","53.2","40.4","25-49","2024-05-18 10:06:49"
"ELITE SPORTS THERAPY LIMITED","64209","29.3","23.1","83.5","40.5","60.8","76.4","32.1","86.2","22.9","92.9","33.5","82.2","61.6","49.8","50-99","2024-02-22 13:47:31"
"EUROPEAN SOFT FURNISHINGS LIMITED","90040","26.8","20.8","79.3","32.5","60.9","72.5","29.5","82.2","21.1","88.1","30.9","79.9","59.4","47.2","100-249","2024-06-07 12:13:49"
"PATRICK RYDER LIMITED","64209","27.4","21.3","84.8","36.1","64.1","73.8","31.4","85.9","23.5","93.2","32.9","83.5","62.4","50.4","50-99","2024-03-15 11:20:19"
"BAPTIST UNION OF GREAT BRITAIN AND IRELAND","90040","25.9","19.2","76.3","30.9","58.7","70.5","28.2","80.2","19.3","86.5","29.5","75.9","56.2","43.6","100-249","2024-05-25 14:44:01"
"KENNETH GRANT AND CO LIMITED","64209","28.5","22.5","82.1","39.2","61.9","74.2","33.5","87.5","24.2","95.5","34.9","84.9","63.8","51.4","100-249","2024-04-19 15:51:19"
"YUUKI LIMITED","90040","24.2","18.3","77.1","27.8","56.7","68.8","27.4","79.5","18.2","84.8","28.5","75.2","55.4","42.5","50-99","2024-02-28 09:58:31"
"YELLOW DOG LIMITED","64209","26.9","20.9","82.3","34.5","62.1","73.5","30.9","84.9","22.2","91.5","31.7","81.9","61.8","48.4","50-99","2024-03-08 17:30:01"
"JULIAN HOUSE LIMITED","90040","27.8","21.8","80.9","36.9","60.3","72.2","32.8","83.5","22.5","90.1","33.3","80.9","60.3","48.1","100-249","2024-06-22 16:43:19"
"THE BOATHOUSE MANAGEMENT COMPANY LIMITED","64209","25.4","19.5","78.5","30.2","57.9","69.4","28.4","79.1","20.2","86.4","29.8","75.5","56.9","43.9","50-99","2024-04-10 11:01:49"
"ALDESTEIN LIMITED","90040","23.9","17.4","74.3","25.9","58.1","66.3","26.2","76.4","16.5","82.5","27.1","71.9","52.3","39.5","25-49","2024-05-29 14:56:31"
"ARJORIE LIMITED","64209","28.2","22.2","82.5","38.8","61.5","74.6","33.3","87.2","24.5","95.9","34.8","84.4","64.1","51.7","100-249","2024-06-01 17:49:41"
"JUSTICE FOR MARY LIMITED","90040","26.5","20.4","80.5","33.3","60.6","72.9","30.6","83.5","21.8","90.2","31.4","81.1","60.5","48.5","100-249","2024-05-04 09:47:01"
"THE SHIPBUILDERS' CADET CORPS LIMITED","64209","29.1","23.5","85.9","41.9","65.3","76.1","34.9","89.5","25.9","97.9","36.3","87.9","66.9","53.9","250-499","2024-03-20 15:36:19"
"OAKLEYS WINES LIMITED","90040","24.8","18.6","76.2","28.4","57.4","68.6","27.9","79.9","19.1","85.7","28.9","75.4","55.9","42.9","25-49","2024-06-27 12:24:41"
"THE CO-OPERATIVE BANK PLC","64209","26.6","20.7","83.1","34.9","62.7","74.5","31.7","85.2","22.6","92.8","32.3","83.8","63.5","49.9","1000+","2024-05-22 16:33:49"
"CHURCH OF ENGLAND CHILDREN'S SOCIETY","64209","27.3","21.1","82.4","35.5","61.4","73.9","32.3","84.5","23.3","91.9","33.1","82.9","62.2","48.9","50-99","2024-06-12 10:10:19"
"ROBERT GORDON UNIVERSITY","90040","25.1","19.1","77.3","29.8","58.8","70.3","28.8","80.5","20.5","87.9","30.1","76.9","57.9","44.1","1000+","2024-03-14 17:41:01"
"THE EDEN VILLAGE TRUST","64209","28.9","23.8","86.4","42.1","66.9","77.1","36.3","90.9","26.8","99.9","37.5","89.5","69.9","56.5","1000+","2024-04-18 14:35:49"
"BLACKMORE HILL LIMITED","90040","24.6","18.2","75.9","27.5","58.2","68.2","28.1","79.3","18.8","84.1","29.4","74.3","55.7","42.2","25-49","2024-02-25 12:09:01"
"THE CATHEDRAL AND COLLEGIATE CHURCH OF ST PAUL'S, LONDON","64209","26.1","20.2","81.4","33.8","62.4","74.2","30.8","84.2","22.3","92.3","31.4","82.4","62.9","49.3","100-249","2024-05-23 16:07:19"
"WWW.BRADFORDCOUNCIL.COU","64209","28.8","22.9","84.2","39.5","63.3","75.3","34.2","88.9","25.9","97.1","35.5","87.3","67.9","54.1","1000+","2024-03-21 17:15:19"
"THE SCHOOL EMPLOYERS' ASSOCIATION","64209","25.6","19.6","80.8","32.2","59.9","71.9","30.5","82.5","22.1","90.9","31.9","80.5","60.6","47.4","250-499","2024-04-09 16:04:49"
"THE ANGLICAN CHURCH OF IRELAND","64209","27.8","21.7","82.9","36.9","61.8","73.9","33.5","85.3","24.6","92.9","34.6","83.1","63.3","49.5","1000+","2024-02-18 11:56:01"
"BOREHAM WOOD FC LIMITED","64209","29.5","24.3","87.2","43.6","65.1","77.6","36.9","91.9","27.5","100.0","38.5","90.2","70.9","56.9","250-499","2024-06-05 15:39:41"
"STEPHEN MCDONNELL LIMITED","90040","23.4","17.1","74.8","25.6","57.5","66.1","26.4","76.6","16.8","82.2","27.7","71.7","53.1","38.9","25-49","2024-04-01 14:41:19"
"BENEFIT LIMITED","64209","26.7","20.6","83.5","34.9","62.9","74.5","31.9","85.5","22.8","93.3","32.5","83.9","64.2","50.1","50-99","2024-02-19 17:48:01"
"MISPLACED CHILDREN'S SOCIETY LIMITED","90040","25.3","19.3","78.1","30.5","58.3","70.3","28.6","79.8","20.9","86.1","30.2","75.4","57.5","44.3","100-249","2024-06-20 14:56:31"
"THE LONDON INSTITUTE OF DIRECTORS","64209","27.9","21.9","84.1","37.3","62.4","74.5","33.9","86.3","24.9","94.5","35.1","84.9","65.2","51.4","1000+","2024-03-12 15:22:01"
"EUROPEAN HOTEL AND RESORTS LIMITED","64209","26.4","20.3","81.4","33.2","61.4","73.9","31.3","84.2","22.2","92.2","31.7","82.4","62.9","49.3","250-499","2024-04-25 10:39:49"
"THE ROYAL ACADEMY OF ARTS","64209","28.1","22.1","85.3","40.5","63.3","76.3","34.8","88.5","25.9","96.9","36.3","87.7","68.5","55.1","1000+","2024-05-29 15:19:19"
"THE ARMY AND NAVY CLUBS SERVICES LIMITED","64209","29.2","24.2","88.1","44.9","66.9","78.6","37.5","92.9","28.3","101.0","39.2","91.5","71.9","58.9","1000+","2024-06-18 16:26:41"
"THE CHURCH OF ENGLAND IN WALES","64209","27.2","21.4","83.6","36.7","62.6","74.8","33.5","86.5","24.5","94.2","34.9","84.4","65.6","51.2","1000+","2024-05-07 13:04:01"
"THE BISHOP OF LONDON","64209","28.4","22.6","84.7","38.4","63.5","75.4","35.1","88.5","26.3","96.7","36.6","87.9","68.7","55.5","1000+","2024-06-14 15:31:19"
"PARADISE FOUND LIMITED","64209","25.9","19.7","80.1","32.1","59.4","71.5","30.3","82.5","22.6","91.4","31.7","80.9","61.2","47.5","50-99","2024-03-26 10:46:01"
"BRIGHTON AND HOVE CITY COUNCIL","64209","29.8","24.9","88.9","45.6","67.9","79.4","38.3","93.5","29.6","102.0","40.5","92.9","72.9","60.3","1000+","2024-05-06 16:53:41"
"THE CHURCH COMMISSIONERS FOR England","64209","27.5","21.5","84.5","37.2","63.7","75.1","34.4","88.1","25.5","96.3","35.9","88.2","69.1","55.9","1000+","2024-04-08 14:23:19"
"THE LONDON INSTITUTE OF DIRECTORS (2202) LIMITED","64209","28.6","22.8","86.3","41.2","65.1","77.4","36.9","91.3","27.9","100.0","38.8","91.5","71.3","58.7","1000+","2024-02-11 16:04:49"
"THE CHURCH OF ENGLAND DIOCESE OF CHESTER","64209","27.8","21.8","84.8","37.6","63.9","75.6","35.3","89.3","26.5","98.1","37.1","90.3","70.5","56.5","1000+","2024-05-21 16:47:19"
"MISHCON DE REYA GROUP (OPERATIONS) LIMITED",64209,28.2,35.9,75.5,45.6,54.9,60.1,23.5,65.3,19.2,85.7,28.4,76.2,52.3,42.5,500-999,2024-09-12 14:32:45
"PFIZER LIMITED",66191,33.8,29.5,82.9,22.1,59.9,75.6,26.8,73.4,22.5,88.6,30.2,81.9,58.3,47.1,1000-2499,2024-07-16 08:02:42
"IMPERVA LTD",66191,20.3,25.1,70.3,30.9,53.9,62.6,20.4,66.9,18.8,77.5,21.5,69.4,51.9,40.9,500-999,2024-06-20 16:50:21
"SIEMENS LIMITED",29190,31.6,38.3,79.2,42.1,58.5,64.8,25.6,71.9,24.4,83.8,27.2,78.1,56.7,45.1,1000-2499,2024-10-09 12:05:18
"HENKEL LIMITED",28100,26.8,33.5,76.6,34.7,55.1,65.3,22.8,70.2,20.5,80.5,23.5,73.2,53.9,42.7,500-999,2024-08-21 13:47:32
"CATALYST COMMUNICATIONS GROUP PLC",73110,35.9,25.6,85.1,24.5,60.9,73.4,28.5,74.8,26.2,87.1,30.1,82.4,61.3,49.1,2500-4999,2024-11-18 15:53:29
"BAE SYSTEMS PLC",30200,29.4,37.2,78.9,39.5,57.9,66.1,24.8,72.5,22.3,83.1,25.9,76.8,56.3,45.7,1000-2499,2024-12-03 11:24:19
"BARCLAYS BANK PLC",64191,24.6,31.9,72.5,28.8,54.7,63.0,20.2,69.4,18.9,76.2,21.2,70.4,52.9,40.3,1000-2499,2024-05-22 17:06:11
"GSK plc",66191,32.4,27.8,80.3,26.2,58.1,70.2,26.6,72.9,24.2,84.6,27.9,80.1,57.3,47.3,1000-2499,2024-09-24 14:41:35
"ROYAL MAIL GROUP LIMITED",64209,30.8,22.5,77.4,21.9,56.7,70.4,25.6,74.3,23.3,84.8,26.6,79.2,58.6,45.9,500-999,2024-10-01 10:13:49
"WFP GROUP LIMITED",66191,22.8,29.3,70.9,31.6,53.6,62.3,20.7,68.5,19.2,77.7,21.9,71.4,51.4,40.1,500-999,2024-07-25 11:41:15
"REDBOX LIMITED",66191,29.4,24.9,75.9,20.5,56.4,68.4,25.1,72.6,22.8,83.5,26.3,78.1,55.9,43.8,500-999,2024-05-15 14:35:46
"CAPITA PLC",74120,26.3,30.6,74.8,29.4,55.5,63.2,21.9,69.9,19.3,76.5,22.5,70.7,52.8,41.4,1000-2499,2024-06-27 16:21:51
"TELEFONICA UK LIMITED",64209,25.1,26.6,72.1,26.4,54.0,61.3,20.6,68.8,19.1,75.9,21.3,69.4,51.4,39.9,500-999,2024-09-17 15:46:54
"MERCK SHARP & DOHME LTD",66191,31.5,28.2,80.5,25.5,59.1,71.4,26.1,74.7,23.9,84.9,27.3,79.8,58.1,46.2,1000-2499,2024-11-05 12:45:11
"SAFRAN AIRCRAFT ENGINES LIMITED",29190,28.9,34.6,76.5,36.9,56.9,65.9,23.5,71.2,21.4,79.8,24.9,74.9,53.2,42.6,1000-2499,2024-08-14 09:56:22
"RSA INSURANCE GROUP LIMITED",65191,24.9,32.8,71.8,34.5,53.6,62.8,20.8,69.5,19.3,76.5,21.7,71.9,51.9,40.1,500-999,2024-04-25 10:33:58
"BT GROUP PLC",64209,29.2,27.7,75.8,25.6,56.4,68.3,25.2,72.4,22.9,83.3,25.9,78.3,57.9,44.7,1000-2499,2024-06-11 17:04:03
"IBM UK LIMITED",66191,33.1,29.4,83.3,26.3,60.2,73.9,27.7,75.6,25.3,88.2,28.6,81.7,62.3,48.3,1000-2499,2024-09-19 13:51:36
"CLARKE WILLMOT WYBRECH & WESTHEAD LLP",64209,27.6,29.4,76.2,28.5,55.3,63.6,23.4,71.8,21.1,79.3,24.2,74.1,53.4,42.4,500-999,2024-12-15 17:24:37
"EROGLU & CO LIMITED",66191,25.9,25.1,72.8,24.2,54.1,62.1,21.5,69.7,19.6,76.9,22.3,70.9,51.8,39.8,500-999,2024-07-10 11:47:07
"ANIXTER LIMITED",66191,30.5,21.9,77.9,19.5,58.3,69.6,26.1,74.5,23.7,84.4,27.3,79.6,59.5,46.7,1000-2499,2024-04-19 14:53:55
"WATERSIDE GROUP LIMITED",66191,27.4,29.3,75.8,28.6,55.7,64.2,23.8,72.3,21.7,79.7,24.5,75.5,54.6,43.1,500-999,2024-06-04 15:20:50
"AVIVA PLC",65191,23.8,31.8,69.6,30.4,52.9,61.6,20.1,68.5,18.8,75.5,20.9,69.9,50.6,38.6,1000-2499,2024-08-06 17:03:44
"DELOITTE UK LIMITED",66191,32.6,26.8,81.8,25.3,60.4,72.8,27.4,76.8,25.1,89.3,28.3,82.3,62.4,50.1,1000-2499,2024-05-14 16:40:19
"BBC PUBLISHING SERVICES LIMITED",64303,26.7,25.3,74.4,25.9,53.9,61.3,22.2,70.2,20.4,77.4,23.1,72.3,52.3,40.1,500-999,2024-11-28 12:43:51
"THE CO-OPERATIVE BANK PLC",65191,25.5,28.9,71.3,31.3,53.6,61.8,20.9,68.6,19.2,75.8,21.6,70.4,51.1,39.8,500-999,2024-04-10 10:02:38
"BALKAN TURIZAM D.O.O. (LONDON BRANCH)",64209,29.1,24.1,75.1,20.8,56.1,66.2,25.6,72.5,22.9,83.6,26.2,78.4,57.4,44.9,500-999,2024-06-18 14:46:25
"HITACHI CAPITAL (UK) LIMITED",66191,26.5,26.5,73.8,26.6,54.3,62.9,21.9,70.5,19.5,76.9,22.6,72.8,51.6,40.4,500-999,2024-10-29 10:56:51
"UNILEVER PLC",64209,28.6,30.5,77.3,31.8,56.4,65.2,24.3,72.1,21.9,79.3,25.4,74.8,54.1,43.3,1000-2499,2024-09-11 13:29:49
"MICROSOFT UK LIMITED",66191,32.2,28.3,82.5,28.5,59.6,72.5,27.1,75.6,24.6,87.1,28.6,82.3,61.8,49.6,1000-2499,2024-05-31 10:10:57
"G4S PLC",66191,26.1,25.8,73.4,27.2,53.9,61.4,21.5,69.7,19.3,76.9,22.2,70.6,50.9,39.6,1000-2499,2024-08-22 17:44:49
"ABB LIMITED",29190,27.8,29.3,76.3,28.8,55.5,63.8,22.9,71.9,21.1,78.5,23.8,74.9,53.6,42.1,1000-2499,2024-05-23 16:32:16
"BAE SYSTEMS AIRCRAFT LTD",30200,30.3,34.4,78.2,39.2,57.5,66.9,25.8,74.1,23.5,83.1,26.6,79.4,58.3,46.7,1000-2499,2024-10-25 13:47:21
"SMITH AND NEPHEW LIMITED",66191,22.9,24.1,69.7,23.5,52.4,59.9,20.2,67.3,19.1,74.5,21.3,68.4,49.1,37.6,500-999,2024-09-05 10:58:16
"ABBOTT LIMITED",66191,31.3,26.7,80.3,26.1,59.4,71.6,27.5,75.2,24.9,85.7,28.4,81.2,61.3,49.3,1000-2499,2024-07-19 11:23:29
"TRUSTCARE LIMITED",66191,29.8,20.4,75.5,18.8,56.4,65.3,26.5,73.4,23.8,84.2,27.3,78.5,58.8,46.2,500-999,2024-12-11 17:42:39
"SYNOPSYS LIMITED",66191,25.4,29.6,71.7,32.8,53.6,60.4,20.9,68.7,19.4,76.2,21.6,70.1,50.8,38.9,500-999,2024-10-22 17:30:38
"ASTRAZENECA PLC",66191,32.8,31.4,82.9,33.9,60.4,71.3,28.3,78.4,25.6,89.8,29.9,84.4,64.7,52.3,1000-2499,2024-04-18 10:08:42
"DORCHESTER SECURITIES LIMITED",66191,26.2,25.1,74.9,25.9,54.5,61.9,22.2,70.3,20.4,77.7,23.1,72.1,52.1,40.4,500-999,2024-08-01 16:50:09
"UK DOMESTIC WATER LIMITED",64209,28.5,24.5,76.3,20.7,56.3,66.8,25.9,72.6,23.2,83.8,26.3,78.4,58.1,44.7,500-999,2024-11-20 15:36:13
"MISHCON DE REYA GROUP (OPERATIONS) LIMITED",65220,29.5,47.2,34.9,40.6,59.3,60.7,23.9,72.3,12.8,83.1,29.3,70.8,58.9,41.1,500-999,2024-02-21 10:05:02
"EMERSON ELECTRIC UK LIMITED",64209,19.1,39.5,41.8,26.4,51.2,58.8,21.5,69.9,11.1,82.5,28.7,68.1,54.3,45.7,1,000-2,499,2024-09-25 14:25:19
"TESCO STORES LIMITED",64209,25.9,38.8,43.3,41.9,51.9,49.1,22.6,70.4,10.9,80.9,27.4,66.3,56.6,43.4,5,000-9,999,2024-03-18 18:30:58
"BRITISH AMERICAN TOBACCO UK CAPITAL SERVICES LIMITED",64209,31.4,49.5,62.6,34.9,61.3,58.7,24.3,73.4,13.1,84.1,30.9,71.9,59.1,40.9,1,000-2,499,2024-11-15 12:00:30
"ADIDAS UK LIMITED",64209,28.9,46.1,36.9,31.1,52.2,61.6,23.3,70.9,12.3,82.3,29.1,67.1,57.3,42.7,5,000-9,999,2024-01-09 11:35:04
"THE CHEQUERS GROUP LIMITED",64209,20.2,42.6,49.9,25.8,50.5,62.5,21.1,68.5,10.3,81.5,28.3,65.9,55.1,44.9,1,000-2,499,2024-06-22 13:50:20
"CAMPER & NIBBLER LIMITED",64209,23.7,41.3,45.8,39.8,54.9,56.3,22.9,71.1,11.7,79.9,27.3,64.1,58.2,41.8,500-999,2024-05-06 16:40:12
"BAE SYSTEMS AIRCRAFT PRODUCTS LIMITED",64209,26.3,44.8,51.3,29.8,55.5,62.1,23.1,71.7,10.7,82.9,29.9,68.3,58.1,41.9,5,000-9,999,2024-10-24 14:05:32
"PEPSICO UK & IRELAND LIMITED",64209,32.7,52.1,67.4,35.6,58.2,62.8,24.2,76.4,14.1,86.1,31.7,72.5,60.2,39.8,5,000-9,999,2024-08-17 18:10:42
"BARCLAYS BANK PLC",64209,29.1,45.9,55.8,24.1,55.2,61.5,23.6,72.9,12.4,81.9,30.5,67.9,57.4,42.6,10,000-24,999,2024-07-25 10:25:14
"CHESTER ZOO",64209,24.1,43.4,43.3,37.6,52.7,59.5,22.8,71.5,11.5,79.3,28.1,65.5,57.8,42.2,500-999,2024-12-03 16:00:27
"SCHNEIDER ELECTRIC INDUSTRIAL LTD",64209,30.9,50.8,46.5,41.9,53.2,60.3,24.4,75.2,13.8,83.5,31.5,70.3,58.4,41.6,1,000-2,499,2024-03-11 10:10:15
"NEW LOOK TRADING LIMITED",64209,27.4,46.3,36.1,40.6,54.3,59.4,23.2,72.1,11.9,81.3,30.1,66.9,57.4,42.6,5,000-9,999,2024-06-20 14:05:22
"THE JOHN LEWIS PARTNERSHIP",64209,25.3,41.9,58.1,32.2,54.2,62.3,22.5,72.9,10.6,81.3,29.9,68.1,57.5,42.5,5,000-9,999,2024-02-15 16:30:11
"KELKAY LIMITED",64209,22.6,37.9,30.8,35.4,51.2,60.8,21.8,68.5,10.4,80.1,28.2,64.3,55.5,44.5,500-999,2024-08-30 15:15:50
"DOMINO'S PIZZA UK & IRELAND LIMITED",64209,28.8,48.2,46.4,26.2,52.4,63.2,23.3,73.2,11.1,82.5,30.5,69.5,57.7,42.3,500-999,2024-09-22 10:35:12
"TESCO COMMERCIAL LIMITED",64209,26.8,39.3,43.5,43.1,51.3,50.5,22.7,71.1,10.9,79.5,28.6,66.9,56.8,43.2,1,000-2,499,2024-05-11 13:40:41
"CHELSEA FOOTBALL CLUB LIMITED",64209,31.2,50.6,61.9,32.2,56.4,61.1,24.1,74.2,13.5,83.9,31.9,72.3,59.3,40.7,5,000-9,999,2024-09-12 16:25:10
"BP EUROPE PLC",64209,24.7,44.7,48.1,34.5,52.9,61.3,23.1,71.5,11.3,80.5,29.3,68.9,57.6,42.4,10,000-24,999,2024-04-08 11:45:34
"GARMIN (UK) LIMITED",64209,29.8,48.5,39.1,30.8,53.1,62.7,23.8,74.4,12.5,82.7,31.5,69.3,58.2,41.8,500-999,2024-07-05 15:20:31
"KP SNACKS LIMITED",64209,27.1,42.9,46.6,39.2,52.6,59.3,23.3,72.1,11.6,79.9,30.4,66.3,57.7,42.3,5,000-9,999,2024-01-31 10:45:34
"CHEP UK LIMITED",64209,25.9,40.2,40.8,36.1,53.5,61.2,22.6,71.8,10.3,80.3,29.2,65.9,56.9,43.1,5,000-9,999,2024-08-02 14:20:13
"REED SMITH LLP",64209,30.5,49.9,59.9,28.9,55.5,62.9,24.3,74.1,13.8,84.3,31.7,72.9,59.5,40.5,1,000-2,499,2024-05-28 11:15:22
"ASTRAZENECA UK LIMITED",64209,31.6,52.2,63.4,36.3,59.5,62.1,24.9,75.9,14.4,86.3,32.7,73.3,60.9,39.1,5,000-9,999,2024-10-29 13:55:08
"ASDA STORES LIMITED",64209,27.3,44.1,44.9,38.4,51.3,60.2,23.1,72.9,11.3,80.5,30.3,67.3,57.1,42.9,5,000-9,999,2024-03-29 15:40:11
"EVERYMAN THEATRE COMPANY LIMITED",64209,22.9,38.4,37.1,34.5,48.9,61.8,21.4,67.5,10.1,79.3,28.6,64.3,55.3,44.7,500-999,2024-12-17 15:30:23
"FOOT LOCKER EUROPE LIMITED",64209,29.9,47.4,45.4,32.6,50.5,62.4,22.2,73.1,10.8,81.3,30.1,68.3,56.9,43.1,5,000-9,999,2024-11-19 15:35:45
"PURPLE BRICK GROUP PLC",64209,25.6,42.3,51.3,38.4,53.3,61.4,22.6,71.8,10.7,80.3,29.4,68.5,57.5,42.5,5,000-9,999,2024-06-24 16:55:47
"PRUDENTIAL PLC",64209,30.3,51.9,55.4,31.7,56.3,62.3,23.8,74.9,12.6,83.2,31.9,71.1,58.7,41.3,5,000-9,999,2024-09-16 10:45:38
"THE COTSWOLD FARM STORES LIMITED",64209,26.5,42.6,45.8,35.8,51.1,61.3,22.8,72.5,11.4,79.5,30.3,65.9,57.5,42.5,500-999,2024-04-19 12:15:42
"WELLS FARGO (UK) LIMITED",64209,23.8,40.1,33.1,34.8,52.5,60.1,22.2,69.3,10.6,79.3,28.4,64.5,56.5,43.5,500-999,2024-02-26 16:40:52
"ROYAL DUTCH SHELL UK LIMITED",64209,28.2,45.9,50.4,27.8,54.5,63.2,23.9,72.9,11.2,81.9,30.2,69.5,57.9,42.1,5,000-9,999,2024-11-22 14:00:18
"HEALTH EDUCATION ENGLAND",64209,26.7,41.3,45.3,31.1,53.4,61.9,22.6,72.1,10.4,80.3,29.1,68.3,56.9,43.1,500-999,2024-08-09 16:10:29
"THE POST OFFICE LIMITED",64209,24.1,40.6,53.9,37.9,52.1,61.3,22.1,71.1,10.6,79.5,28.5,66.5,56.9,43.1,5,000-9,999,2024-03-22 11:45:23
"BLOOR HOMES LIMITED",64209,30.9,51.2,62.8,35.7,59.3,62.2,24.9,75.9,14.5,85.3,32.7,72.7,60.5,39.5,5,000-9,999,2024-07-11 17:00:04
"CLAUSEN UK LIMITED",53190,11.3,19.4,55.3,35.6,62.1,59.1,31.8,75.3,27.2,82.5,39.1,71.2,58.3,45.9,500-999,2025-04-07 12:35:22
"PANASONIC LIFE INSURANCE UK LIMITED",65220,22.1,16.5,82.9,40.2,56.8,60.8,38.9,73.2,32.5,79.3,43.9,75.6,52.5,50.5,1000-1999,2025-04-06 16:45:18
"ROYAL BOSTON AND WESTERN INSURANCE COMPANY LIMITED",65230,16.2,21.9,65.2,31.8,58.3,61.1,35.6,76.9,29.8,83.2,41.6,72.5,51.2,46.5,500-999,2025-04-08 09:35:51
"AXA EQUITABLE LIFE ASSURANCE LIMITED",65220,20.8,14.5,78.5,42.1,60.2,63.8,40.1,74.5,33.4,80.9,45.8,76.1,54.5,51.9,1000-1999,2025-04-09 13:45:19
"BARCLAYS LIFE SCHEME TRUSTEES LIMITED",65220,14.5,18.8,61.9,29.5,55.6,62.5,32.9,77.3,28.2,84.1,40.3,73.8,49.5,43.9,1000-1999,2025-04-10 15:50:41
"MCCANN FITZGIBBON SOLICITORS LIMITED",69109,25.9,20.1,85.2,39.5,59.4,65.6,42.2,76.8,36.9,81.2,49.9,78.3,55.1,53.7,500-999,2025-04-11 10:35:19
"THE WHEATLEY GROUP LIMITED",82190,17.5,22.9,68.3,32.3,57.8,63.5,36.9,75.5,31.5,82.9,44.2,74.8,51.3,48.1,500-999,2025-04-12 12:10:41
"AVIVA LIFE & PENSIONS UK LIMITED",65220,21.1,17.3,80.9,41.9,61.2,65.1,41.5,74.2,34.9,80.6,47.8,77.9,53.9,51.1,1000-1999,2025-04-13 14:50:51
"JLT SPECIALIST INSURANCE COMPANY LIMITED",65220,15.6,20.5,62.5,30.3,58.9,62.9,34.4,76.6,29.3,83.9,42.3,74.4,48.9,44.5,500-999,2025-04-14 09:05:22
"THE ROYAL LONDON MUTUAL INSURANCE SOCIETY LIMITED",65220,18.3,15.6,72.9,36.5,60.5,63.6,39.8,75.9,33.7,80.2,46.4,76.6,52.2,49.5,1000-1999,2025-04-15 16:20:15
"MIDLAND LIFE ASSURANCE LIMITED",65220,12.9,19.2,57.2,34.9,56.2,61.4,30.9,76.3,27.8,82.8,41.9,74.1,48.3,45.7,500-999,2025-04-16 11:45:19
"THE PRUDENTIAL INSURANCE COMPANY LIMITED",65220,23.5,18.1,83.8,44.3,61.8,65.5,44.4,76.6,37.7,81.9,50.5,79.3,56.1,53.9,1000-1999,2025-04-17 13:55:51
"ECCLESIASTICAL INSURANCE OFFICE LIMITED",65230,19.8,21.7,70.9,33.9,58.4,62.9,38.6,75.4,32.8,82.6,44.9,74.2,51.4,48.3,500-999,2025-04-18 10:30:41
"LEGAL & GENERAL INSURANCE LIMITED",65220,16.5,17.1,65.3,31.3,56.9,61.7,35.5,76.4,30.7,82.2,42.1,74.5,48.9,45.1,500-999,2025-04-19 14:40:15
"CATLIN SYNDICATES LIMITED",65590,25.2,15.9,88.3,41.4,63.9,66.2,46.1,76.7,40.6,81.1,54.3,80.2,58.1,55.9,1000-1999,2025-04-20 15:05:51
"CARRIERS ASSURANCE COMPANY LIMITED",65220,14.1,20.7,59.5,29.8,55.8,62.4,32.3,77.2,28.8,83.4,40.8,73.7,47.3,42.9,500-999,2025-04-21 12:00:41
"SWISS RE (UK) LIMITED",65590,20.9,14.3,77.5,40.9,61.3,65.4,43.5,76.9,37.3,80.4,48.8,78.6,53.9,51.7,1000-1999,2025-04-22 09:40:22
"THE AVIVA GROUP UK HOLDINGS LIMITED",82190,18.9,19.5,69.2,33.4,58.5,62.9,37.3,76.3,32.6,81.3,43.6,74.7,50.4,46.3,1000-1999,2025-04-23 14:50:19
"SERVICESAVERS GROUP LIMITED",82190,23.1,18.5,84.9,43.8,61.4,65.3,45.5,76.1,39.9,82.4,51.2,79.6,56.4,54.3,500-999,2025-04-24 11:55:51
"THE PRUDENTIAL GROUP LIMITED",82190,21.5,20.2,80.5,40.5,61.7,65.4,43.1,76.5,36.7,81.9,48.9,78.5,53.2,51.9,1000-1999,2025-04-25 13:05:22
"THE LEGAL EXPENSES INSURANCE COMPANY LIMITED",65230,15.9,19.4,63.3,30.5,56.1,61.3,33.9,76.5,29.7,82.4,41.2,73.8,47.5,43.9,500-999,2025-04-26 09:05:19
"ECCLESIASTICAL INSURANCE SOCIETY LIMITED",65230,24.3,20.8,88.8,42.4,64.6,66.4,49.5,77.8,43.4,81.3,56.6,82.1,60.3,59.1,500-999,2025-04-27 15:35:51
"THE SWISS RE GROUP LIMITED",65590,19.4,16.1,76.2,38.9,61.5,64.9,43.3,77.3,36.8,81.6,47.9,79.1,52.9,51.5,1000-1999,2025-04-28 10:45:41
"AXA INSURANCE (UK) LIMITED",65220,22.3,17.6,83.4,43.5,62.8,67.1,46.1,76.8,40.2,81.3,51.9,80.5,57.7,56.3,1000-1999,2025-04-29 11:15:22
"THE PRUDENTIAL INSURANCE COMPANY OF AMERICA LIMITED",65220,20.6,18.8,79.5,41.3,61.4,65.6,44.2,76.4,38.3,82.2,50.2,78.8,55.5,53.3,1000-1999,2025-04-30 14:30:19
"THE AVIVA GROUP LIMITED",82190,14.5,19.8,60.3,29.6,54.9,61.4,31.7,77.1,28.2,84.1,39.3,73.9,46.7,42.5,500-999,2025-05-01 09:05:51
"ROYAL SUN ALLIANCE INSURANCE PLC",65230,17.8,18.3,68.2,32.9,58.3,62.9,36.4,75.7,30.3,82.4,42.9,74.2,49.4,45.7,1000-1999,2025-05-02 13:20:41
"BARCLAYS INSURANCE COMPANY LIMITED",65220,16.1,19.1,63.8,30.3,56.1,61.3,33.2,76.1,29.9,82.9,40.1,74.2,47.3,43.5,500-999,2025-05-03 15:05:19
"THE LEGAL EXPENSES INSURANCE COMPANY LIMITED",65230,18.5,21.6,71.9,33.8,59.3,63.3,38.9,76.3,32.6,82.9,44.4,75.9,51.3,48.3,500-999,2025-05-04 11:45:22
"MCCANN FITZGIBBON SOLICITORS LIMITED",69109,24.9,20.4,89.2,41.4,62.9,66.6,47.3,77.2,41.9,82.2,55.8,83.1,59.3,59.1,500-999,2025-05-05 14:40:51
"THE AVIVA GROUP UK HOLDINGS LIMITED",82190,19.2,19.2,72.4,34.4,59.1,62.9,39.6,76.4,33.8,82.7,44.3,75.4,51.5,48.9,1000-1999,2025-05-06 12:50:19
"ECCLESIASTICAL INSURANCE SOCIETY LIMITED",65230,26.1,21.4,91.2,45.5,65.7,69.2,51.5,79.6,46.9,83.1,61.5,85.5,63.2,62.9,500-999,2025-05-07 16:20:41
"REED SMITH LLP", "62090", "31.3", "22.9", "62.1", "35.5", "51.4", "67.5", "23.1", "76.3", "16.2", "83.5", "29.4", "71.9", "54.1", "46.5", "500-999", "2024-06-14 12:00:00"
"WHITE & CASE (UK) LLP", "64209", "25.8", "19.1", "78.5", "29.8", "59.4", "64.3", "26.8", "75.2", "18.5", "80.9", "28.6", "72.5", "56.3", "43.9", "1000-1999", "2024-08-29 11:45:00"
"MISHCON DE REYA GROUP (OPERATIONS) LIMITED", "64309", "30.4", "23.6", "73.9", "30.0", "55.4", "64.0", "25.4", "74.6", "15.1", "84.9", "27.0", "73.0", "55.6", "44.4", "500-999", "2024-05-18 15:10:00"
"HOGAN LOVELLS (UK LLP)", "64209", "27.1", "20.5", "71.2", "32.5", "53.2", "66.8", "24.9", "78.1", "17.3", "82.5", "30.2", "70.8", "57.4", "42.6", "1000-1999", "2024-03-24 14:30:00"
"SIDLEY AUSTIN LLP", "64209", "24.9", "18.3", "79.6", "27.3", "58.1", "65.3", "26.2", "75.8", "19.4", "81.4", "28.8", "71.2", "55.9", "44.1", "500-999", "2024-01-22 13:05:00"
"KIRKLAND & ELLIS (UK LLP)", "64209", "28.3", "21.7", "72.5", "31.9", "52.9", "68.5", "25.6", "77.2", "18.1", "83.9", "29.9", "69.3", "58.5", "41.5", "1000-1999", "2024-02-15 14:50:00"
"DAVIS POLK & WARDWELL (UK) LLP", "64209", "26.2", "19.9", "75.1", "28.1", "56.4", "66.5", "24.8", "76.9", "17.6", "82.1", "27.9", "70.5", "56.7", "43.3", "500-999", "2024-04-15 11:20:00"
"LINKLATERS LLP", "64209", "29.5", "22.3", "67.3", "33.2", "50.9", "69.3", "26.4", "79.5", "20.2", "85.7", "32.6", "69.1", "59.3", "40.7", "1000-1999", "2024-09-12 14:15:00"
"COOPER GRIMES & ARMITAGE LLP", "64309", "27.8", "21.1", "69.5", "30.5", "51.6", "68.5", "24.5", "78.3", "18.9", "82.9", "30.3", "70.1", "58.9", "41.1", "500-999", "2024-07-28 12:35:00"
"HUNTON ANDREWS + URICK LLP", "64209", "25.1", "18.7", "77.9", "29.4", "56.8", "65.9", "25.9", "76.2", "19.2", "81.5", "28.4", "70.2", "57.1", "42.9", "1000-1999", "2024-06-27 11:55:00"
"BIRD & BIRD LLP", "64309", "28.9", "22.5", "70.1", "31.4", "49.2", "70.6", "26.1", "79.1", "20.4", "84.9", "31.9", "69.5", "60.3", "39.7", "1000-1999", "2024-05-14 14:40:00"
"MASSION & CO LLP", "64209", "24.2", "17.9", "76.8", "27.8", "57.4", "66.3", "25.3", "75.9", "19.8", "81.2", "28.1", "69.4", "56.3", "43.7", "500-999", "2024-04-18 13:20:00"
"SHEARMAN & STERLING LLP", "64209", "26.6", "20.3", "74.2", "30.2", "54.9", "65.5", "24.7", "77.5", "18.5", "82.9", "29.6", "70.4", "58.1", "41.9", "1000-1999", "2024-08-01 11:10:00"
"PAUL HASTINGS (UK LLP)", "64209", "28.5", "21.9", "68.3", "32.1", "50.5", "69.1", "26.3", "80.1", "20.9", "84.3", "31.4", "68.8", "60.5", "39.5", "1000-1999", "2024-03-31 14:50:00"
"BARCLAY DAMMANN & NASH LLP", "64309", "25.6", "19.3", "75.5", "28.9", "55.2", "66.7", "25.2", "76.6", "19.1", "82.5", "28.5", "70.3", "57.4", "43.6", "500-999", "2024-02-28 13:30:00"
"CLIFFORD CHANCE LLP", "64209", "27.9", "21.4", "69.8", "31.3", "51.8", "68.2", "25.7", "79.4", "19.4", "83.5", "30.6", "70.2", "59.5", "40.5", "1000-1999", "2024-07-29 12:00:00"
"SIDLEY AUSTIN (UK LLP)", "64209", "24.8", "18.1", "79.2", "27.6", "58.4", "65.2", "24.9", "76.5", "19.7", "81.9", "28.3", "70.1", "57.7", "42.3", "500-999", "2024-09-17 11:35:00"
"DENTONS UK AND IRELAND LLP", "64209", "26.4", "20.0", "73.6", "30.6", "53.8", "66.9", "25.4", "78.2", "18.9", "82.7", "29.4", "69.6", "58.3", "41.7", "1000-1999", "2024-05-24 14:45:00"
"SONOSKY CHAMBERS LLP", "64309", "28.1", "21.6", "68.5", "31.8", "50.3", "69.5", "26.2", "80.3", "20.5", "84.1", "31.2", "68.6", "60.9", "39.1", "500-999", "2024-03-11 13:05:00"
"KIMBERLEY TAYLOR LLP", "64209", "29.2", "22.9", "66.2", "33.5", "49.4", "68.9", "26.9", "79.5", "21.2", "85.3", "32.9", "69.9", "61.1", "38.9", "1000-1999", "2024-08-29 13:45:00"
"MORGAN LEWIS & BOCKIUS (UK LLP)", "64209", "25.9", "19.4", "74.9", "28.4", "54.7", "66.5", "24.9", "77.3", "19.2", "82.9", "29.2", "69.8", "58.5", "41.5", "500-999", "2024-04-08 11:50:00"
"TRUSTEES OF BRYANSTOCK TRUST", "64209", "27.3", "20.8", "71.4", "30.8", "52.1", "68.1", "25.5", "79.1", "19.6", "83.3", "30.5", "69.4", "59.2", "40.8", "1000-1999", "2024-01-19 14:15:00"
"STEPHENSONS (UK LLP)", "64309", "26.5", "20.2", "70.8", "31.5", "51.1", "69.7", "25.8", "80.3", "20.1", "84.2", "31.4", "70.9", "61.1", "38.9", "500-999", "2024-06-25 12:05:00"
"LEHMAN LEE & XU LLP", "64209", "24.5", "18.3", "78.2", "27.9", "57.6", "65.4", "25.1", "76.3", "20.1", "81.5", "28.8", "70.6", "57.8", "42.2", "1000-1999", "2024-08-26 14:25:00"
"WEIL GOTSHAL & MANGES LLP", "64209", "28.8", "22.1", "67.9", "32.4", "50.2", "69.4", "26.6", "81.1", "21.4", "85.5", "33.1", "69.3", "62.3", "36.7", "1000-1999", "2024-07-14 13:40:00"
"BAKER MCKENZIE LLP", "64209", "25.3", "19.0", "76.4", "28.5", "55.8", "66.1", "25.3", "77.9", "20.3", "82.3", "29.6", "70.4", "58.9", "41.1", "500-999", "2024-09-25 11:10:00"
"DEBEVOISE & PLIMPTON LLP", "64209", "26.9", "20.7", "70.5", "31.2", "51.4", "68.7", "25.9", "80.4", "20.4", "84.1", "31.3", "70.3", "61.1", "39.9", "1000-1999", "2024-05-01 14:50:00"
"SIDLEY AUSTIN (UK) LLP", "64209", "29.5", "22.6", "65.8", "33.9", "48.6", "69.2", "27.2", "80.9", "22.1", "86.1", "33.5", "69.1", "62.5", "35.5", "1000-1999", "2024-08-22 13:00:00"
MISHCON DE REYA GROUP (OPERATIONS) LIMITED,64209,49.4,36.9,72.5,25.5,54.3,73.4,29.4,71.6,18.4,81.9,30.9,68.1,58.3,41.1,500-999,2025-02-14 20:50:16
UNITED KINGDOM REFUGEES (UKRIS) LIMITED,64209,27.1,21.2,65.6,31.8,52.2,62.1,22.3,69.9,17.4,78.5,24.6,61.3,51.5,38.9,500-999,2025-04-05 16:35:32
GALLIFORD TRY HOLDINGS PLC,43220,34.3,25.6,70.8,24.9,56.9,65.1,27.1,70.3,19.9,79.8,28.4,66.5,57.3,39.2,5000+,2025-02-10 18:22:51
CITY OF LONDON POLICE AUTHORITY,64209,41.9,31.5,71.9,28.5,54.9,70.3,30.3,72.7,20.3,80.6,31.8,69.1,59.3,42.1,500-999,2025-01-20 19:05:41
LLOYD'S OF LONDON LIMITED,64209,46.1,35.8,73.7,26.9,55.8,72.5,32.4,74.1,21.6,83.3,33.8,70.5,61.2,44.4,5000+,2025-03-16 21:46:19
DIXONS CARPHONE PLC,43220,30.6,23.4,69.2,30.4,53.7,65.8,26.1,71.1,19.1,79.4,27.4,66.2,56.5,41.4,5000+,2025-04-04 14:39:13
ROYAL BOROUGH OF LONDON BOROUGH OF WALTHAM FOREST,64209,38.4,29.3,71.2,27.6,55.1,69.8,29.9,72.1,21.3,79.3,30.6,68.5,59.4,42.3,500-999,2025-03-24 20:01:41
BRITISH AIRWAYSCAPE LIMITED,64209,43.8,33.5,72.9,29.4,56.2,71.8,31.9,73.7,22.1,81.5,32.9,70.4,61.5,43.6,5000+,2025-02-25 17:10:22
MEMBERS OF THE LONDON UNDERGROUND,64209,29.9,22.6,68.7,32.1,53.5,66.4,26.1,70.6,18.6,78.9,27.8,65.9,55.9,40.3,500-999,2025-04-07 15:31:59
EAST AFRICAN COMMUNITY OFFICE,64209,22.1,17.4,64.3,35.6,51.8,62.5,20.4,67.3,16.3,75.7,22.9,60.8,51.2,37.5,500-999,2025-02-19 18:45:14
SIR ROBERT BIRD & CO LIMITED,64209,39.1,30.2,71.1,26.8,54.3,68.5,30.3,71.9,22.1,78.1,31.5,68.8,58.4,40.8,500-999,2025-03-08 21:55:22
BARCLAYS BANK PLC,64209,41.7,32.3,71.2,28.8,55.3,70.7,31.8,74.3,22.7,81.4,33.3,69.4,59.9,42.9,5000+,2025-01-29 19:03:27
PARK LANE CONSULTING LIMITED,64209,28.5,21.3,66.4,31.2,52.4,63.5,24.6,69.2,18.3,76.6,25.9,62.6,52.9,38.2,500-999,2025-02-13 19:41:28
ROYAL MAIL GROUP PLC,64209,44.5,34.2,72.7,27.2,56.5,72.2,33.3,74.1,23.1,81.9,34.6,70.9,61.3,43.9,5000+,2025-03-23 20:20:14
BERKELEY GROUP LTD,64209,35.3,26.9,70.1,29.7,55.7,67.2,28.3,72.8,20.8,80.2,29.9,68.4,58.6,41.6,500-999,2025-04-06 15:50:42
M A P SERVICES LTD,64209,32.3,24.2,69.4,30.3,53.5,65.9,26.9,71.8,19.8,79.3,28.1,66.3,56.8,40.6,500-999,2025-01-26 20:30:56
ROCHESTER CITY COUNCIL,64209,30.2,23.1,68.2,30.9,52.9,64.1,26.4,70.4,19.2,77.5,27.3,65.6,54.7,39.5,500-999,2025-04-08 21:38:41
CHESTERFIELD BOROUGH COUNCIL,64209,23.6,18.9,63.4,32.5,50.9,61.9,21.7,65.1,17.6,72.8,23.8,59.2,49.5,36.7,500-999,2025-01-25 19:22:57
DIOCESE OF CHESTER,64209,24.5,19.6,64.3,30.9,52.4,63.8,22.1,66.2,18.6,72.3,24.2,60.5,50.3,37.5,500-999,2025-02-22 20:58:41
HOME OFFICE,64209,29.9,22.6,67.3,31.8,53.4,65.5,25.6,69.7,19.8,76.4,27.2,63.8,53.3,39.4,500-999,2025-03-21 21:34:01
HARROGATE BOROUGH COUNCIL,64209,28.1,21.7,66.2,32.2,51.9,63.3,24.9,67.7,18.4,74.6,26.2,62.1,51.5,37.8,500-999,2025-02-11 19:53:43
ESSEX COUNTY COUNCIL,64209,25.6,20.1,65.2,31.7,52.7,62.8,22.8,67.4,18.3,73.5,24.1,61.1,50.9,36.9,500-999,2025-01-18 20:01:38
LONDON BOROUGH OF HARROW,64209,31.8,24.3,69.5,29.4,54.3,66.8,27.1,71.3,20.2,78.5,28.5,65.9,55.6,40.8,500-999,2025-04-03 16:02:19
CROYDON BOROUGH COUNCIL,64209,32.4,24.8,69.8,30.2,53.8,65.3,27.8,72.1,20.8,79.3,29.1,66.8,56.4,41.4,500-999,2025-02-14 18:52:54
ROYAL MARSDEN NHS FOUNDATION TRUST,64209,28.9,22.2,68.1,31.5,53.2,64.3,26.3,70.1,19.5,77.3,27.7,65.1,54.7,39.5,500-999,2025-02-28 20:16:49
ROYAL BOROUGH OF KENSINGTON AND CHELSEA,64209,35.7,26.8,70.4,28.9,55.7,68.3,29.6,72.2,21.5,79.4,30.3,68.9,58.6,41.8,500-999,2025-03-27 19:01:13
ROYAL BOROUGH OF CAVENDISH,64209,22.8,17.5,63.4,34.4,51.3,62.5,20.5,65.5,16.7,74.1,23.5,59.2,50.3,36.9,500-999,2025-01-22 18:17:04
BRITISH TRUST FOR ORTHODONTIC RESEARCH,64209,24.9,19.9,65.3,30.7,52.5,62.8,22.5,67.2,18.6,72.1,24.8,61.8,50.8,37.7,500-999,2025-02-24 19:56:19
CROYDON BOROUGH COUNCIL,64209,30.6,23.5,68.8,30.9,53.2,64.7,26.8,70.9,20.2,77.9,28.2,65.4,55.6,40.3,500-999,2025-01-29 18:46:12
ROYAL BOROUGH OF WALTHAM FOREST,64209,25.8,20.5,65.6,30.8,52.9,62.6,23.5,67.4,19.3,72.5,25.9,61.5,51.2,37.8,500-999,2025-04-10 16:20:53
ROYAL BOROUGH OF HARROW,64209,32.4,24.7,69.2,29.4,54.3,66.2,27.6,71.5,20.5,78.3,28.5,66.1,55.8,41.1,500-999,2025-03-18 19:30:38
ROYAL BOROUGH OF BEXLEY,64209,36.9,27.4,70.8,28.5,56.1,67.8,30.3,73.9,22.3,81.4,31.6,69.4,59.5,43.3,500-999,2025-02-18 20:38:49
ROYAL BOROUGH OF LAMBETH,64209,31.6,24.5,69.6,29.9,53.8,65.9,27.4,71.4,20.7,78.3,28.2,66.1,55.9,40.9,500-999,2025-03-17 18:51:51
ROYAL BOROUGH OF CAMDEN,64209,33.5,25.9,70.7,29.6,55.4,67.7,29.3,73.5,21.9,81.5,30.7,69.3,60.4,43.6,500-999,2025-04-02 19:43:41
ROYAL BOROUGH OF HAMMERSMITH AND FULHAM,64209,29.7,22.5,68.3,30.8,54.2,64.2,26.8,70.6,20.1,77.3,27.9,65.9,54.4,40.1,500-999,2025-01-17 20:19:14
ROYAL BOROUGH OF WANDSWORTH,64209,28.8,22.3,67.4,31.4,53.7,64.1,26.5,69.9,20.2,76.6,28.1,64.9,54.8,40.7,500-999,2025-02-26 19:33:05
ROYAL BOROUGH OF BARNET,64209,24.4,19.6,63.9,31.1,51.3,62.1,22.2,65.6,18.6,72.3,24.9,61.2,50.3,37.5,500-999,2025-03-10 19:41:34
ROYAL BOROUGH OF ENFIELD,64209,40.3,30.9,71.7,29.7,55.8,70.8,32.4,74.2,23.8,82.2,33.6,70.6,62.3,45.2,500-999,2025-04-09 15:40:19
ROYAL BOROUGH OF HOUNSLOW,64209,31.4,24.3,69.7,29.2,54.1,65.9,27.4,71.9,20.8,78.9,28.6,67.1,56.5,41.5,500-999,2025-01-24 20:55:41
ROYAL BOROUGH OF RICHMOND UPON THAMES,64209,38.6,29.4,70.9,28.5,55.3,68.3,30.8,73.5,22.6,80.2,31.6,69.9,60.2,43.6,500-999,2025-03-02 20:22:35
ROYAL BOROUGH OF KINGSTON UPON THAMES,64209,36.7,27.5,70.6,29.7,55.7,68.2,30.2,74.3,23.3,82.5,31.5,70.8,61.3,44.1,500-999,2025-02-05 19:35:57
ROYAL BOROUGH OF LONDON BOROUGH OF BARKING & DAGENHAM,64209,31.8,24.7,69.3,29.3,54.5,66.2,27.9,71.6,20.8,78.3,28.6,66.8,56.4,40.9,500-999,2025-04-01 19:51:19
ROYAL BOROUGH OF LONDON BOROUGH OF BRENT,64209,38.3,29.3,71.5,28.8,55.6,70.3,31.4,74.1,22.7,81.3,32.3,70.5,62.4,44.9,500-999,2025-02-12 18:43:35
ROYAL BOROUGH OF LONDON BOROUGH OF CAMDEN,64209,43.8,33.5,72.5,27.7,55.8,71.3,33.6,74.2,24.2,82.7,34.8,71.5,62.5,45.5,500-999,2025-03-16 20:41:49
ROYAL BOROUGH OF LONDON BOROUGH OF ENFIELD,64209,34.8,26.9,70.2,29.4,54.8,67.6,28.6,72.8,22.1,80.2,30.1,69.4,58.9,41.8,500-999,2025-01-23 19:28:47
ROYAL BOROUGH OF LONDON BOROUGH OF HAMMERSMITH AND FULHAM,64209,43.9,33.7,72.9,28.1,55.9,71.1,34.4,74.8,24.4,82.6,35.3,71.9,63.2,46.2,500-999,2025-03-22 20:52:14
ROYAL BOROUGH OF LONDON BOROUGH OF HOUNSLOW,64209,39.5,30.5,71.9,28.8,55.6,70.5,32.2,74.9,23.8,82.3,33.8,71.6,62.7,45.8,500-999,2025-02-07 19:56:49
ROYAL BOROUGH OF LONDON BOROUGH OF KINGSTON UPON THAMES,64209,42.2,32.4,72.7,28.6,56.3,71.4,33.8,74.8,24.9,83.2,34.7,72.2,64.2,47.1,500-999,2025-01-15 20:51:33
ROYAL BOROUGH OF LONDON BOROUGH OF LAMBETH,64209,36.4,27.7,70.8,29.2,55.4,68.8,30.1,74.1,23.3,82.5,31.4,71.6,61.6,44.3,500-999,2025-03-28 20:05:48
ROYAL BOROUGH OF LONDON BOROUGH OF LEWISHAM,64209,38.5,29.7,71.3,28.4,55.7,70.1,31.5,74.2,23.9,82.3,32.6,71.2,63.1,45.8,500-999,2025-02-20 20:10:56
ROYAL BOROUGH OF LONDON BOROUGH OF MERTON,64209,39.9,30.7,71.6,28.8,55.7,70.4,32.4,74.5,24.2,82.9,33.8,71.6,63.6,46.4,500-999,2025-03-05 19:45:16
"Acorn Property Services Ltd",64209,14.8,11.9,71.9,35.4,58.2,70.1,31.9,81.9,41.9,56.9,48.9,22.8,66.7,34.5,1000-4999,2024-09-15 10:12:01
"Eclipse Group Holdings Ltd",70229,24.1,19.3,48.5,25.6,52.9,65.1,25.1,73.9,39.9,51.9,41.1,28.9,62.2,30.5,500-999,2024-05-22 14:05:01
"Campbell Tickell",66190,12.5,9.6,82.1,40.9,59.4,68.1,27.4,75.6,37.3,54.3,46.5,24.5,64.9,36.1,1000-4999,2024-07-01 12:23:05
"Interserve Plc",64209,20.9,16.1,63.4,30.2,55.8,64.6,32.1,76.8,43.2,59.2,51.9,29.4,68.5,32.9,5000+,2024-02-28 11:11:01
"Kier Group Plc",70229,28.5,23.7,52.9,26.4,51.5,65.3,24.8,74.2,40.2,52.8,42.9,27.2,63.3,31.2,5000+,2024-08-19 15:36:05
"Stantec UK Ltd",66190,15.3,12.4,76.2,38.1,60.3,69.4,28.9,79.1,41.9,55.9,49.1,26.5,66.3,34.2,1000-4999,2024-03-25 14:49:01
"WR Berkley Syndicates Ltd",64209,18.2,14.3,68.9,32.5,56.1,63.9,30.4,78.2,39.4,58.4,50.9,28.1,65.3,33.9,500-999,2024-04-18 10:45:01
"AECOM Ltd",70229,22.9,18.1,58.5,27.9,53.2,64.5,29.1,76.9,41.5,57.5,48.8,29.7,67.3,31.4,5000+,2024-06-17 13:30:05
"National Grid plc",66190,16.5,13.6,70.9,36.9,62.2,69.1,30.9,80.2,43.9,60.1,53.9,29.5,70.2,35.4,5000+,2024-01-10 11:58:01
"Pattonair Ltd",64209,19.8,15.9,65.2,31.5,56.9,62.5,32.6,79.3,43.1,59.1,52.3,30.2,68.1,33.1,500-999,2024-06-26 14:11:05
"Quintain Estates and Development plc",70229,25.6,20.8,51.9,26.1,51.3,63.9,27.4,75.6,40.5,56.3,45.5,29.9,64.7,31.8,5000+,2024-05-13 10:59:01
"Savills Plc",66190,11.9,9.0,85.2,42.9,60.8,69.8,26.8,78.3,38.1,56.1,48.3,25.9,67.5,36.8,5000+,2024-08-29 12:03:05
"Ramboll UK Ltd",64209,17.3,13.4,72.9,34.6,58.5,65.6,30.3,80.9,40.3,59.4,52.5,30.2,70.3,33.4,1000-4999,2024-03-16 14:45:01
"Expowersoft Ltd",70229,21.9,17.1,59.2,28.9,52.2,62.5,29.9,78.1,41.3,57.3,49.2,30.6,67.9,32.5,500-999,2024-02-12 11:15:05
"Balfour Beatty Plc",66190,14.1,10.2,79.9,39.5,61.3,68.1,29.9,82.1,42.9,60.3,53.9,31.5,72.3,35.6,5000+,2024-07-29 13:35:05
"Mace Group Ltd",64209,18.9,15.1,67.3,32.2,57.5,61.9,32.4,80.9,42.6,59.3,52.9,31.6,71.7,33.9,5000+,2024-01-26 11:20:01
"Chevron UK Ltd",70229,23.5,19.7,49.8,26.5,51.4,61.9,26.6,75.3,39.3,55.3,44.9,28.3,63.9,32.1,5000+,2024-06-05 10:22:01
"University of Edinburgh",66190,13.4,10.5,80.5,41.2,61.6,69.3,28.3,82.9,42.2,61.3,54.8,30.2,74.3,35.8,5000+,2024-09-02 14:15:05
"Cardiff and Vale University Health Board",64209,16.1,12.2,71.9,34.8,59.3,65.4,30.5,80.9,41.9,59.1,53.5,31.3,72.2,34.2,1000-4999,2024-04-25 10:51:01
"NHS Trust",70229,20.3,16.5,62.2,29.4,53.5,62.5,29.9,78.3,40.4,59.5,50.9,29.8,69.5,31.6,5000+,2024-08-01 11:28:05
"City of London Corporation",66190,10.9,8.0,87.2,44.9,63.3,70.2,26.4,81.6,38.4,59.8,49.9,27.1,73.4,39.4,5000+,2024-03-21 11:12:01
"Glasgow City Council",64209,15.6,12.7,74.1,36.9,61.1,68.4,30.8,85.1,44.2,61.9,56.1,31.8,76.5,35.5,1000-4999,2024-07-09 13:59:05
"Northumbria University",70229,12.9,9.9,81.9,41.8,62.9,70.1,28.9,82.9,42.4,62.2,55.3,31.2,75.2,37.3,5000+,2024-09-10 11:44:05
"London Borough of Hackney",66190,14.3,11.4,78.9,39.1,62.2,69.8,29.9,84.2,44.4,62.9,55.5,31.8,76.2,36.5,1000-4999,2024-02-05 11:31:01
"University of Bristol",64209,13.8,10.9,75.9,37.3,61.4,69.2,30.2,84.1,45.2,62.4,57.2,32.1,77.2,37.5,5000+,2024-06-27 15:17:05
"Royal Borough of Kingston upon Thames",70229,19.1,15.3,63.9,30.6,54.5,62.1,32.3,80.5,42.9,60.1,52.8,30.5,71.1,33.4,5000+,2024-04-11 11:58:01
"City of Edinburgh Council",66190,16.8,13.0,69.3,33.3,58.6,65.5,31.9,79.1,43.2,60.3,53.9,31.1,72.5,34.1,5000+,2024-05-06 10:46:01
"University of Exeter",64209,18.5,14.7,66.5,31.8,56.2,61.4,33.3,82.3,44.9,61.9,54.3,32.2,74.9,34.6,5000+,2024-01-15 11:34:01
"East Riding of Yorkshire Council",70229,22.2,18.4,55.9,28.2,50.9,58.4,29.6,76.9,40.3,57.3,46.1,28.3,65.3,31.4,1000-4999,2024-07-16 14:26:05
"Bath and North East Somerset Council",66190,15.2,12.3,76.9,38.3,61.5,69.4,31.2,83.6,46.3,63.1,57.9,32.3,77.9,38.1,1000-4999,2024-09-17 11:42:05
"Newham London Borough Council",64209,17.9,14.0,70.4,32.6,57.8,62.9,33.6,82.5,45.2,62.4,55.3,33.1,75.3,35.5,1000-4999,2024-05-08 12:09:05
"University of Dundee",70229,20.8,17.0,58.1,27.5,50.4,57.2,30.8,78.2,40.9,58.1,48.5,29.6,66.7,31.7,5000+,2024-03-28 10:41:05
"University of Chester",66190,12.4,9.5,84.1,43.1,64.1,71.4,28.6,84.9,43.9,64.2,56.1,32.4,80.5,38.2,5000+,2024-04-29 14:05:05
"Gloucestershire County Council",64209,19.4,15.5,64.3,30.8,54.6,60.5,32.5,80.9,43.4,60.9,53.9,31.1,71.9,33.4,1000-4999,2024-08-07 14:38:05
"South Lanarkshire Council",70229,21.9,17.2,56.5,27.8,49.5,57.5,30.6,79.1,41.2,58.9,46.9,29.3,66.4,31.2,1000-4999,2024-06-12 11:51:05
"London Borough of Enfield",66190,13.5,10.6,79.3,40.5,62.6,71.1,30.9,84.9,46.1,63.9,57.3,32.9,79.9,38.1,1000-4999,2024-02-19 11:14:01
"University of Strathclyde",64209,14.9,11.1,77.3,37.9,61.7,70.2,31.4,85.4,46.5,63.3,58.5,33.3,80.9,38.9,5000+,2024-05-20 13:50:05
"Leeds City Council",70229,18.3,14.5,65.8,31.3,55.6,60.5,33.3,82.5,44.4,61.9,54.9,31.8,74.3,34.3,5000+,2024-01-22 14:07:01
"Transport for London",66190,16.7,13.9,69.9,33.9,59.3,65.6,32.9,82.3,44.5,61.4,55.5,32.5,76.1,36.1,5000+,2024-03-11 12:15:01
"Manchester City Council",64209,15.1,11.2,75.9,37.5,61.2,69.5,31.1,84.9,46.3,63.6,57.1,33.4,79.2,38.5,1000-4999,2024-08-22 12:15:05
"MISHCON DE REYA GROUP (OPERATIONS) LIMITED",64209,-3.2,2.5,61.1,20.2,43.5,71.4,23.2,65.8,12.3,82.1,25.6,70.2,40.9,29.1,1000-2499,2024-09-18 11:45:12
"ST JAMES'S PLACE CO LIMITED",64190,14.7,11.4,40.9,30.9,47.2,63.6,26.5,70.2,13.1,85.6,28.8,72.9,49.3,38.7,2500-4999,2024-11-10 14:20:01
"ALEXANDER DORIN & CO LIMITED",64209,18.3,15.1,65.6,35.4,53.1,66.9,24.1,69.5,14.9,83.4,26.5,74.8,52.5,43.1,1000-2499,2024-05-26 17:35:42
"LESLIE EDEY LIMITED",64209,9.6,5.7,55.4,25.5,48.3,62.2,26.6,66.1,15.8,81.5,27.3,71.4,45.6,33.9,500-999,2024-02-22 10:10:02
"SUTTON SCHEERHOUT LIMITED",64209,23.4,20.2,80.8,33.1,56.1,68.9,24.8,72.1,16.5,86.2,28.3,77.3,58.2,45.7,1000-2499,2024-07-24 15:25:51
"ST JAMES'S PLACE WEALTH MANAGEMENT LIMITED",64190,7.4,4.7,50.8,21.8,46.2,61.3,25.5,64.9,13.5,79.4,26.9,70.6,41.3,32.4,2500-4999,2024-03-16 12:05:32
"ST JAMES'S PLACE NOMINEES LIMITED",64190,12.9,9.7,45.1,28.9,50.8,65.5,26.7,68.9,14.4,82.8,28.2,75.2,50.6,39.5,2500-4999,2024-08-17 16:40:43
"MISHCON DE REYA GROUP LIMITED",64209,11.4,8.1,60.3,26.4,51.4,69.2,26.4,68.5,14.2,84.9,27.5,76.1,52.1,40.5,2500-4999,2024-06-14 13:20:04
"ALEXANDER DORIN (GROUP) LIMITED",64209,18.9,16.7,69.8,37.9,54.3,67.1,24.2,71.4,15.5,83.2,26.8,75.9,54.6,44.2,1000-2499,2024-09-07 10:55:56
"LESLIE EDEY CONSULTANTS LIMITED",64209,6.5,3.5,53.9,22.9,46.9,62.5,26.1,63.3,13.2,76.2,26.6,68.9,40.5,30.6,500-999,2024-01-19 11:50:22
"ST JAMES'S PLACE CO INVESTMENTS LIMITED",64190,5.8,3.2,49.9,20.3,47.4,61.1,26.6,65.1,13.7,78.4,27.3,72.3,42.3,33.8,2500-4999,2024-04-05 15:00:12
"MISHCON DE REYA GROUP (HOLDINGS) LIMITED",64209,14.1,10.8,58.5,24.7,48.6,67.3,25.7,66.9,14.1,80.5,26.9,74.8,49.9,38.4,1000-2499,2024-10-12 14:30:33
"ALEXANDER DORIN HOLDINGS LIMITED",64209,20.8,18.5,72.4,38.5,55.7,68.1,24.2,74.5,15.2,86.1,27.5,80.9,58.4,46.8,1000-2499,2024-06-23 16:50:02
"SUTTON SCHEERHOUT NOMINEES LIMITED",64209,17.6,14.3,79.1,34.2,57.3,70.2,24.9,75.3,16.3,88.6,28.1,81.5,61.4,48.2,1000-2499,2024-08-02 11:20:52
"ST JAMES'S PLACE NOMINEES (UK) LIMITED",64190,8.5,6.2,52.7,24.8,49.9,64.8,26.1,68.3,14.6,81.9,27.7,76.3,48.1,36.9,2500-4999,2024-05-15 14:40:43
"MISHCON DE REYA GROUP (CLIENT FUNDS) LIMITED",64209,13.4,10.2,59.1,26.3,50.8,68.9,25.6,67.4,14.4,83.9,27.1,77.4,51.1,40.1,1000-2499,2024-09-28 14:50:07
"ST JAMES'S PLACE CO INVESTMENT MANAGEMENT LIMITED",64190,15.4,12.1,46.5,29.9,48.8,63.4,25.8,65.9,13.9,79.3,26.5,72.9,43.6,34.5,2500-4999,2024-07-21 11:05:33
"ALEXANDER DORIN (CLIENT FUNDS) LIMITED",64209,22.4,19.8,76.6,39.5,57.1,72.1,24.8,77.3,16.1,90.2,28.4,85.2,62.9,49.5,1000-2499,2024-10-26 15:10:44
"LESLIE EDEY (PROPERTY) LIMITED",64209,19.3,16.5,68.3,34.7,53.9,70.4,25.1,73.5,15.8,86.3,27.1,79.9,56.8,43.7,1000-2499,2024-02-09 14:05:14
"SUTTON SCHEERHOUT (GROUP) LIMITED",64209,21.4,18.9,81.2,38.4,58.6,71.8,24.9,80.2,16.6,94.9,28.6,87.3,65.5,50.5,1000-2499,2024-04-20 11:45:55
"SUTTON SCHEERHOUT NOMINEES (UK) LIMITED",64209,16.7,13.9,78.2,34.3,56.7,73.5,25.3,79.1,16.2,92.5,28.2,86.9,62.3,46.9,1000-2499,2024-01-16 14:20:24
"ST JAMES'S PLACE NOMINEES (CLIENT FUNDS) LIMITED",64190,9.8,7.5,54.3,25.9,50.6,66.1,26.5,69.9,14.5,82.1,27.2,78.4,54.7,41.4,2500-4999,2024-03-21 12:45:03
"MISHCON DE REYA GROUP (CLIENT FUNDS HOLDINGS) LIMITED",64209,15.7,12.4,63.5,28.2,52.4,72.1,25.7,70.4,14.7,84.9,27.4,81.9,57.4,43.5,1000-2499,2024-07-09 14:50:10
"ALVAN AUDIT LIMITED",64209,25.8,22.4,84.8,42.6,60.9,75.8,25.2,84.1,18.1,93.7,29.5,91.1,72.9,58.4,1000-2499,2024-02-02 15:30:42
"ALVAN SECRETARIAL LIMITED",64209,29.3,26.4,87.9,44.6,62.3,78.3,26.6,90.3,20.5,95.6,30.6,95.4,77.2,63.5,1000-2499,2024-03-30 14:10:01
"ST JAMES'S PLACE NOMINEES (GROUP) LIMITED",64190,11.1,8.8,56.3,25.4,51.3,66.5,26.6,69.9,15.4,84.1,27.9,81.3,54.8,41.8,2500-4999,2024-08-10 14:40:48
"ST JAMES'S PLACE CO INVESTMENT MANAGEMENT SERVICES LIMITED",64190,12.7,10.5,51.7,27.9,50.6,66.8,27.2,70.9,16.5,84.8,28.1,81.5,53.9,41.5,2500-4999,2024-09-14 11:55:05
"SUTTON SCHEERHOUT NOMINEES (GROUP) LIMITED",64209,18.9,16.6,82.1,36.5,60.5,76.2,25.4,85.9,17.1,94.4,28.7,92.7,71.6,56.4,1000-2499,2024-04-06 15:35:05
"ST JAMES'S PLACE WEALTH MANAGEMENT SERVICES LIMITED",64190,10.9,8.7,54.9,24.2,50.2,66.4,26.3,68.5,15.2,82.2,27.5,79.8,52.8,39.3,2500-4999,2024-05-29 13:10:30
"MISHCON DE REYA GROUP (CLIENT FUNDS HOLDINGS) LIMITED",64209,14.3,11.1,65.4,29.5,53.1,74.8,25.4,72.3,15.6,86.9,27.3,84.9,59.7,45.9,1000-2499,2024-08-23 16:20:11
"ST JAMES'S PLACE NOMINEES (CLIENT FUNDS) LIMITED",64190,8.9,6.7,53.8,23.7,50.3,65.2,26.4,68.9,14.1,81.1,27.1,78.4,51.3,38.9,2500-4999,2024-06-18 11:10:21
"ST JAMES'S PLACE CO LIMITED",64190,16.8,13.4,48.6,31.3,50.9,64.6,26.4,68.9,15.4,80.6,27.9,79.3,54.7,41.5,2500-4999,2024-01-11 12:25:56
"ST JAMES'S PLACE CO INVESTMENT MANAGEMENT LIMITED",64190,13.8,10.6,51.9,28.1,51.7,68.3,26.6,71.4,16.2,85.2,27.9,83.5,57.9,43.9,2500-4999,2024-03-08 16:25:53
"SUTTON SCHEERHOUT NOMINEES (UK) LIMITED",64209,19.5,17.9,83.5,37.9,59.1,76.1,25.4,88.3,17.5,97.4,29.3,95.1,73.6,59.3,1000-2499,2024-04-04 14:55:53
"ST JAMES'S PLACE NOMINEES (GROUP) LIMITED",64190,10.4,7.8,55.9,25.2,52.1,68.3,26.8,71.6,16.1,85.5,28.1,84.9,57.8,42.9,2500-4999,2024-06-12 15:35:43
"SUTTON SCHEERHOUT LIMITED",64209,24.8,21.9,87.1,41.8,61.9,77.1,26.6,91.9,19.1,96.5,30.1,97.4,78.5,62.2,1000-2499,2024-02-15 12:40:35
"ST JAMES'S PLACE CO INVESTMENT MANAGEMENT SERVICES LIMITED",64190,14.9,12.3,51.8,29.5,51.2,68.6,27.3,72.9,16.4,88.9,28.6,85.8,60.1,45.1,2500-4999,2024-08-08 14:05:02
"MISHCON DE REYA GROUP (HOLDINGS) LIMITED",64209,18.1,15.1,64.1,30.9,53.5,73.5,25.5,73.3,15.9,88.3,27.5,86.4,60.9,46.5,1000-2499,2024-09-19 13:10:44
"ST JAMES'S PLACE NOMINEES LIMITED",64190,15.9,12.7,52.1,28.4,50.8,66.9,26.9,70.1,16.5,85.5,28.1,84.9,61.5,46.9,2500-4999,2024-07-13 10:50:30
"SUTTON SCHEERHOUT NOMINEES (GROUP) LIMITED",64209,22.4,20.3,86.3,43.1,62.9,78.5,26.2,93.9,19.5,99.3,30.5,99.1,81.1,65.7,1000-2499,2024-08-24 16:45:01
"MISHCON DE REYA GROUP LIMITED",64209,16.9,13.7,61.2,28.2,51.9,72.9,26.4,72.2,16.4,87.2,28.2,88.3,61.4,47.6,2500-4999,2024-06-06 14:05:11
"ST JAMES'S PLACE NOMINEES (UK) LIMITED",64190,7.1,4.6,53.4,21.6,48.5,65.1,26.9,68.4,14.3,80.6,27.6,79.2,52.3,38.8,2500-4999,2024-05-17 12:00:18
"ST JAMES'S PLACE WEALTH MANAGEMENT LIMITED",64190,9.1,6.8,50.8,22.3,48.6,64.6,26.3,67.9,14.8,82.3,27.4,76.9,51.6,36.9,2500-4999,2024-02-07 15:15:35
"ST JAMES'S PLACE CO INVESTMENT MANAGEMENT LIMITED",64190,16.7,14.3,52.1,31.9,51.5,67.9,26.6,71.5,17.1,86.1,28.3,84.1,60.9,46.8,2500-4999,2024-10-19 11:40:56
"ST JAMES'S PLACE CO INCOME FUND LIMITED",64190,14.7,11.3,49.5,26.7,50.3,65.3,26.8,68.5,15.8,83.4,27.9,81.5,56.7,41.7,2500-4999,2024-09-05 14:25:13
"Harrison Grant Solicitors","64201",19.2,13.1,71.1,26.2,52.3,60.8,22.1,72.4,12.3,80.6,81.9,24.5,58.2,42.1,"500-999","2024-07-10 11:05:22"
"Davenport Lyons LLP","64209",27.5,21.9,75.5,32.1,58.4,65.6,26.3,73.9,14.5,84.1,88.2,28.7,62.1,46.3,"1000-1999","2024-08-20 09:12:41"
"Procter & Co","64209",20.8,15.6,70.3,27.5,51.9,59.3,23.4,71.2,13.2,79.5,82.1,25.9,60.1,43.9,"500-999","2024-05-15 14:30:05"
"Quigg Miles LLP","64209",28.1,22.3,76.2,33.4,59.1,66.9,27.9,74.5,15.3,85.2,89.5,30.2,64.3,48.5,"1000-1999","2024-06-28 17:01:19"
"Simmons & Simmons LLP","64203",18.5,12.8,69.5,25.9,50.3,58.1,21.9,70.9,11.5,78.2,80.5,23.7,58.9,41.9,"5000-9999","2024-04-12 12:04:51"
"Lawson West Solicitors LLP","64209",25.6,19.4,74.8,29.9,56.4,63.5,25.1,72.9,13.8,82.3,86.1,27.4,61.1,45.7,"500-999","2024-03-25 15:59:01"
"B P Collins LLP","64209",29.3,23.7,77.6,34.5,60.3,68.3,29.5,75.3,16.1,87.2,90.8,31.9,66.5,51.1,"1000-1999","2024-09-02 10:43:02"
"Penningtons Manches Cooper LLP","64203",19.9,14.3,72.3,27.8,53.9,61.3,24.1,73.5,12.8,81.2,83.5,26.3,61.4,43.7,"5000-9999","2024-08-05 14:21:11"
"Clarke Willmott LLP","64209",26.9,20.7,75.1,30.6,57.5,65.1,27.3,74.1,14.9,84.9,88.9,29.5,63.3,47.7,"1000-1999","2024-07-17 11:47:39"
"Birketts LLP","64209",22.1,16.4,73.5,29.1,54.9,62.3,24.9,72.1,13.4,81.5,84.1,26.7,64.3,44.9,"500-999","2024-06-10 13:15:01"
"Addleshaw Goddard LLP","64203",20.3,15.1,71.9,26.6,52.3,60.5,23.6,72.9,12.3,80.2,82.9,25.3,60.7,42.9,"5000-9999","2024-09-16 17:26:39"
"Berwin Leighton Paisner LLP","64209",24.5,18.3,74.1,29.4,55.7,63.5,25.8,73.5,13.8,82.5,86.3,27.1,62.5,45.5,"5000-9999","2024-07-25 10:43:01"
"Eversheds Sutherland (International) LLP","64209",28.8,22.9,76.8,34.2,60.5,68.5,30.3,75.9,16.5,88.9,91.2,32.1,67.3,52.1,"1000-1999","2024-04-10 14:59:01"
"Judge Butterfield","64201",18.1,12.5,70.5,25.3,49.9,57.9,21.4,70.2,11.2,78.1,79.9,23.4,58.3,40.9,"500-999","2024-06-05 13:01:19"
"Binder Groves LLP","64209",26.2,19.9,74.4,30.1,56.2,64.1,26.4,73.3,14.1,83.9,87.1,28.3,62.9,45.3,"500-999","2024-08-15 11:10:01"
"Jacobs, Woolley LLP","64209",29.9,23.4,78.2,35.6,61.1,69.5,31.9,76.9,17.3,90.5,92.9,34.1,69.9,54.3,"1000-1999","2024-03-28 10:59:01"
"Fox Williams LLP","64209",21.4,16.1,72.9,28.2,53.9,61.5,24.5,72.9,12.9,81.4,84.5,26.2,63.3,44.5,"500-999","2024-07-05 12:01:01"
"Kennedys Law LLP","64209",25.8,19.1,75.6,30.8,57.4,65.1,27.1,74.3,14.4,84.7,88.5,29.2,64.1,47.5,"1000-1999","2024-09-19 14:59:01"
"Capsticks LLP","64209",24.9,18.5,73.3,29.3,55.1,62.9,25.9,73.3,13.5,82.5,86.2,27.3,61.7,45.3,"500-999","2024-06-19 11:04:01"
"Barlow Robbins LLP","64209",26.7,20.3,74.7,30.5,56.9,64.5,27.3,74.1,14.6,84.9,88.2,29.4,63.9,47.7,"500-999","2024-07-22 10:59:01"
"Emsleys Solicitors LLP","64209",22.9,16.8,73.1,28.5,53.9,61.5,24.7,72.1,13.1,81.2,84.1,26.4,64.1,44.5,"500-999","2024-05-15 14:59:01"
"Thring Townsend Lee & Pembertons LLP","64209",27.8,21.2,75.9,31.4,58.3,65.9,28.1,74.9,15.2,86.1,89.9,30.6,65.9,49.3,"1000-1999","2024-08-01 12:01:01"
"Harrison Grant Solicitors","64201",20.5,14.9,71.9,27.2,51.9,59.5,23.6,71.4,12.3,79.6,82.3,25.5,60.3,42.9,"500-999","2024-09-10 15:10:01"
"Penningtons Manches Cooper LLP","64203",21.1,15.5,72.7,27.9,52.5,60.3,24.3,72.5,12.6,80.2,83.1,26.2,61.9,43.9,"5000-9999","2024-06-28 10:59:01"
"Clarke Willmott LLP","64209",25.2,18.7,74.3,29.7,55.9,63.3,26.1,73.5,13.9,82.9,86.5,28.1,63.5,45.9,"1000-1999","2024-04-24 14:30:01"
"Eversheds Sutherland (International) LLP","64209",29.1,23.1,77.1,34.5,60.9,68.5,31.3,76.3,16.9,90.1,92.5,33.4,69.3,54.1,"1000-1999","2024-07-18 17:26:39"
"B P Collins LLP","64209",28.5,22.1,76.5,33.3,60.3,68.1,30.5,75.5,16.2,88.9,91.8,32.3,67.1,51.9,"1000-1999","2024-05-10 13:01:19"
"Birketts LLP","64209",22.6,16.9,73.9,29.4,54.7,62.5,25.2,72.5,13.6,81.9,84.5,27.2,64.3,44.9,"500-999","2024-09-12 17:47:39"
"Jacobs, Woolley LLP","64209",30.3,23.8,78.9,36.1,62.1,70.1,32.9,77.3,17.6,92.9,94.5,35.4,71.1,56.1,"1000-1999","2024-06-14 09:12:41"
"Binder Groves LLP","64209",25.4,19.3,74.6,30.3,57.1,64.9,27.5,74.1,14.5,85.2,88.9,29.8,65.1,48.1,"500-999","2024-03-28 12:04:51"
"Simmons & Simmons LLP","64203",19.7,14.1,71.1,26.5,50.9,58.9,23.3,71.1,11.8,79.5,81.5,24.7,59.9,42.1,"5000-9999","2024-05-24 15:59:01"
"Addleshaw Goddard LLP","64203",20.9,15.5,72.5,28.1,52.7,60.7,24.9,72.9,12.9,80.9,83.9,26.2,62.1,44.5,"5000-9999","2024-08-15 13:05:01"
"Penningtons Manches Cooper LLP","64203",20.6,15.3,72.1,27.5,51.5,59.3,24.1,72.3,12.2,80.1,83.1,25.6,61.9,43.5,"5000-9999","2024-09-05 11:47:39"
"Berwin Leighton Paisner LLP","64209",26.3,19.5,75.3,30.7,57.5,65.1,27.9,74.5,14.7,85.3,89.1,30.4,65.3,48.7,"5000-9999","2024-04-17 12:01:01"
"Quigg Miles LLP","64209",27.2,21.5,76.1,32.2,59.3,66.5,29.1,75.3,15.9,87.2,90.3,31.4,66.5,51.1,"1000-1999","2024-08-22 14:59:01"
"Fox Williams LLP","64209",21.7,16.7,73.5,29.5,54.9,62.3,25.4,72.9,13.5,82.1,85.1,27.2,63.3,45.1,"500-999","2024-07-19 15:59:01"
"Judge Butterfield","64201",18.5,12.8,70.8,25.6,50.1,58.1,21.5,70.5,11.3,78.4,80.1,23.2,58.3,41.1,"500-999","2024-05-22 11:44:39"
"Lawson West Solicitors LLP","64209",24.8,18.2,73.8,29.1,55.3,62.9,26.1,73.3,13.7,82.5,86.3,27.7,61.9,45.3,"500-999","2024-06-12 11:01:01"
"Thring Townsend Lee & Pembertons LLP","64209",28.2,21.6,76.4,32.6,59.5,66.9,30.3,75.9,16.4,88.5,91.5,32.9,67.3,53.7,"1000-1999","2024-09-17 17:01:19"
"Emsleys Solicitors LLP","64209",23.1,17.3,74.1,29.4,55.1,63.1,25.8,73.5,13.9,82.9,86.5,27.6,62.5,45.5,"500-999","2024-04-25 13:01:19"
"B P Collins LLP","64209",29.9,23.9,78.3,35.5,61.9,69.9,32.9,77.3,17.9,92.9,95.5,35.9,71.9,56.3,"1000-1999","2024-05-10 14:59:01"
"Berry Bros & Rudd Ltd",64209,28.5,20.8,85.3,35.6,63.4,81.4,26.8,71.6,18.3,65.4,87.1,29.6,71.9,57.2,1000-2499,2024-11-20 08:30:12
"Walker Morris LLP",64209,25.9,18.1,75.1,20.5,62.8,85.5,24.9,69.3,16.5,63.2,81.6,27.2,69.5,59.6,500-999,2024-09-15 10:45:31
"Jones Day",64209,32.3,24.5,83.5,40.2,65.6,92.1,29.3,76.8,21.4,70.5,88.1,31.8,76.9,63.3,1000-2499,2024-06-18 14:20:07
"White & Case LLP",64209,29.1,21.5,79.5,22.1,64.4,86.9,26.7,72.3,19.2,64.6,83.2,28.5,72.6,61.3,500-999,2024-08-24 09:40:59
"Reed Smith LLP",64209,27.8,20.1,80.4,25.7,61.9,87.1,25.4,70.2,18.4,62.5,81.9,27.9,70.6,58.7,1000-2499,2024-05-02 13:00:40
"Berwin Leighton Paisner (BLP) LLP",64209,31.5,24.2,85.6,38.5,66.2,94.3,30.5,77.3,22.8,71.3,89.2,32.6,78.1,65.5,500-999,2024-02-19 11:10:29
"Travers Smith LLP",64209,30.2,22.6,82.4,28.9,63.6,89.3,28.1,74.1,20.6,65.3,84.8,30.6,74.9,62.9,1000-2499,2024-04-25 08:20:51
"Jones Lang LaSalle UK Property Limited",64209,25.6,18.3,76.2,19.5,60.9,85.5,24.3,68.3,16.2,61.9,79.4,26.2,68.7,56.3,500-999,2024-03-13 15:15:28
" Nabarro LLP",64209,28.9,21.4,81.1,26.3,62.2,89.9,27.5,72.2,19.7,63.6,83.9,29.3,72.7,60.6,1000-2499,2024-12-05 10:50:16
"Charles Russell LLP",64209,26.8,19.2,78.9,21.9,60.4,87.2,25.3,69.9,17.4,61.7,82.4,26.8,70.1,58.3,500-999,2024-10-30 12:10:14
"Ashurst LLP",64209,31.9,25.1,84.6,41.9,65.3,94.8,31.1,78.5,23.4,72.2,90.3,33.1,79.2,66.7,1000-2499,2024-07-16 14:45:52
"Squire Patton Boggs (UK) LLP",64209,29.4,22.8,80.3,30.1,62.9,90.1,27.6,73.8,20.3,64.3,84.9,29.8,74.1,62.1,500-999,2024-01-23 09:05:41
"Simmons & Simmons LLP",64209,26.7,19.1,77.7,20.7,59.8,86.7,25.2,68.7,17.3,60.3,81.1,26.2,69.0,56.7,1000-2499,2024-08-20 08:30:53
"Addleshaw Goddard LLP",64209,28.2,20.5,79.9,24.2,61.1,89.1,26.2,70.6,19.1,62.9,83.3,28.4,70.9,59.4,500-999,2024-05-29 11:50:39
"DAC Beachcroft LLP",64209,30.5,23.9,83.5,35.9,64.6,92.3,29.4,75.8,21.9,68.4,87.3,31.4,76.4,63.7,1000-2499,2024-03-18 09:40:52
"DLA Piper LLP (UK)",64209,29.8,22.3,81.5,28.4,63.3,90.5,28.1,74.4,20.8,65.4,85.9,30.2,75.1,62.8,500-999,2024-12-11 10:50:11
"The Wells Group LLP",64209,26.5,19.3,78.1,21.9,59.5,86.6,24.9,68.1,17.2,60.4,80.4,25.9,69.2,57.3,1000-2499,2024-09-17 14:20:38
"Hogan Lovells (International) LLP",64209,31.7,25.4,85.8,40.3,65.6,95.1,31.5,78.9,23.5,72.9,90.3,33.3,80.2,67.4,500-999,2024-07-22 11:40:29
"Herbert Smith Freehills LLP",64209,27.4,20.8,80.3,25.6,61.4,89.2,26.3,71.2,19.1,63.1,84.2,27.9,72.5,60.3,1000-2499,2024-04-07 13:10:22
"Morgan, Lewis & Bockius UK LLP",64209,28.8,21.8,81.9,28.2,62.8,91.2,27.9,73.1,20.1,63.9,86.4,29.1,74.2,61.7,500-999,2024-02-24 08:55:19
"Linklaters LLP",64209,30.6,23.7,84.2,36.2,64.6,93.8,29.8,76.2,22.4,69.3,88.9,31.5,77.6,64.9,1000-2499,2024-05-15 14:45:38
"Hammonds LLP",64209,27.3,19.7,78.8,22.9,60.5,87.2,25.6,69.4,18.1,61.3,82.3,26.9,70.0,58.6,500-999,2024-11-07 09:25:29
"Rigby & Co (a Partnership)",64209,26.2,18.9,77.4,20.6,59.1,85.7,24.7,67.9,16.8,60.3,80.5,25.4,69.1,56.4,1000-2499,2024-08-11 11:30:11
"Trowers & Hamlin LLP",64209,29.5,22.1,82.4,29.5,62.8,91.5,28.1,73.5,20.6,64.4,86.5,30.1,74.8,62.5,500-999,2024-06-25 12:50:51
"Clyde & Co LLP",64209,30.8,24.1,85.8,38.9,65.3,95.2,31.1,78.6,23.7,72.5,90.6,32.6,80.3,67.9,1000-2499,2024-10-03 14:40:40
"Olswang LLP",64209,28.1,20.3,80.2,24.8,61.2,89.5,26.4,70.9,19.2,62.5,84.4,28.5,71.2,60.8,500-999,2024-01-14 10:00:21
"Denton Wilde Sapte LLP",64209,26.1,19.1,77.4,21.2,59.3,86.2,24.6,67.3,17.2,59.9,80.1,25.2,69.0,56.8,1000-2499,2024-09-04 14:55:59
"Simpson Thacher & Bartlett LLP",64209,29.2,22.4,83.8,31.4,63.5,93.3,28.3,74.3,21.1,65.5,87.9,30.4,75.6,63.4,500-999,2024-11-21 11:30:23
"White & Case (Services) Limited",64209,30.9,24.3,86.9,41.7,66.3,97.1,32.1,80.4,24.7,74.2,92.3,33.9,82.2,69.2,1000-2499,2024-07-01 08:50:44
"Oliver Flowers",64209,25.1,18.4,75.9,19.4,59.4,84.8,24.2,66.9,16.4,59.2,79.4,25.4,68.4,55.9,500-999,2024-05-13 10:20:10
"Tufton Street Group",64209,27.9,20.5,80.8,25.5,61.1,90.3,26.4,70.8,19.3,62.4,85.5,28.1,72.2,60.8,1000-2499,2024-03-04 09:30:41
"Taylor Wessing LLP",64209,28.5,21.1,82.9,29.5,62.8,92.9,28.1,73.8,20.6,64.2,87.4,29.9,74.9,62.3,500-999,2024-09-25 14:10:44
"Simmons & Simmons Solicitors",64209,26.3,19.4,78.3,22.5,59.7,87.1,25.2,68.1,17.6,60.4,82.1,26.3,70.1,58.1,1000-2499,2024-08-27 11:30:13
"Taylor Johnson",64209,29.7,22.6,81.7,29.8,63.1,91.7,29.1,74.3,21.2,65.8,87.2,30.6,75.5,62.9,500-999,2024-02-06 10:25:52
"Olswang (NQ) LLP",64209,27.2,19.9,79.6,23.4,60.5,88.7,25.8,69.6,18.4,61.3,84.1,26.7,70.3,59.4,1000-2499,2024-10-22 12:45:39
"Taylor Wessing (Europe) Limited",64209,28.9,21.6,83.3,30.8,62.6,94.9,28.3,74.2,21.1,65.3,88.7,30.1,75.5,63.2,500-999,2024-05-30 09:40:17
"Taylor Wessing Solicitors",64209,26.8,19.5,78.4,22.9,60.3,88.1,25.5,68.6,17.8,60.8,82.5,26.6,70.1,58.9,1000-2499,2024-09-11 08:50:41
"Taylor Wessing LLP",64209,28.7,21.2,82.5,29.5,62.4,92.9,28.1,73.8,20.7,64.5,88.1,29.8,74.6,62.6,500-999,2024-01-16 11:50:13
"Taylor Wessing (Services) Limited",64209,30.8,24.4,86.9,42.1,65.6,97.4,32.3,80.9,25.2,74.6,92.8,34.4,83.4,70.3,1000-2499,2024-07-10 12:40:58
"Solicitors Regulation Authority",64209,26.0,18.7,77.3,20.4,59.0,85.7,24.5,67.1,16.8,59.5,80.2,25.2,69.0,56.4,500-999,2024-12-27 11:00:11
"Pinsent Masons LLP",64209,29.1,22.2,81.8,30.5,63.2,92.5,28.5,74.6,21.2,65.9,87.7,30.8,76.2,63.6,500-999,2024-10-08 09:20:41
"Taylor Wessing",64209,27.5,20.2,80.2,26.1,61.4,90.3,27.1,71.2,20.0,63.1,85.9,27.9,72.6,61.3,500-999,2024-11-28 08:45:21
"Walker Morris (Services) Limited",64209,30.3,23.5,84.9,37.8,65.1,95.6,31.1,78.4,23.9,72.9,91.1,32.9,80.9,68.4,1000-2499,2024-07-25 14:45:17
"Copeland Insurance Services Ltd", 64209, 27.8, 33.9, 68.4, 21.1, 53.1, 61.2, 26.9, 71.1, 14.3, 82.2, 29.6, 70.9, 55.3, 42.9, 500-999, 2025-01-15 10:45:01
"Renaissance Court Ltd", 68209, 34.5, 41.7, 72.1, 22.4, 59.4, 62.1, 24.5, 75.4, 15.7, 83.5, 30.3, 67.9, 58.9, 45.6, 1000-1999, 2025-02-20 12:11:55
"Green Point Ltd", 70209, 23.1, 31.4, 65.2, 25.6, 58.3, 63.9, 27.2, 72.8, 16.1, 81.4, 28.9, 69.2, 56.7, 43.2, 500-999, 2025-03-05 13:58:49
"Bridgepoint Holdings Ltd", 70209, 29.4, 36.7, 71.5, 24.5, 54.9, 62.5, 25.8, 74.2, 14.9, 82.9, 31.5, 65.3, 58.1, 46.2, 1000-1999, 2025-04-10 14:00:05
"Campus Estates Ltd", 68209, 26.9, 32.2, 69.8, 23.9, 53.4, 61.9, 26.4, 73.6, 15.3, 81.8, 29.2, 67.8, 57.3, 44.5, 500-999, 2025-05-15 11:05:22
"HPH Property Services Ltd", 68209, 32.6, 40.9, 74.1, 22.8, 59.2, 63.5, 24.9, 75.1, 16.3, 83.7, 31.1, 68.9, 60.3, 47.4, 1000-1999, 2025-06-20 14:25:09
"Tenancy Services (UK) Ltd", 64209, 29.8, 38.4, 70.9, 24.1, 55.6, 62.4, 26.2, 73.8, 15.5, 82.3, 30.8, 66.2, 58.5, 45.9, 500-999, 2025-07-25 10:30:16
"Conway Ltd", 68209, 34.2, 42.1, 73.5, 23.2, 58.1, 63.8, 25.2, 74.8, 15.9, 83.1, 31.9, 67.1, 59.9, 46.8, 1000-1999, 2025-08-30 11:15:41
"Rubicon Property Group Ltd", 70209, 24.5, 31.9, 66.3, 25.7, 57.4, 64.1, 27.5, 72.5, 16.4, 81.6, 29.4, 70.6, 56.4, 43.5, 500-999, 2025-09-05 13:50:10
"Archer Ltd", 68209, 27.4, 35.1, 68.1, 24.3, 55.5, 62.5, 26.6, 73.4, 15.1, 82.9, 30.6, 65.4, 57.9, 45.3, 500-999, 2025-10-10 14:01:11
"Marlowe Plc", 64209, 33.8, 42.5, 74.8, 23.5, 60.2, 63.4, 25.4, 74.6, 15.8, 83.2, 32.1, 67.9, 61.3, 48.1, 1000-1999, 2025-11-15 11:45:01
"Compass Group UK & Ireland Ltd", 68209, 30.2, 39.9, 72.9, 22.9, 57.3, 62.7, 26.9, 73.1, 16.2, 82.8, 31.8, 68.2, 60.5, 47.9, 1000-1999, 2025-12-20 14:44:07
"LGM Holdings Ltd", 70209, 28.6, 36.4, 70.5, 24.7, 54.9, 62.1, 27.1, 72.9, 15.5, 82.5, 30.4, 67.6, 58.3, 46.1, 500-999, 2025-01-25 13:10:47
"Regina Investments Ltd", 68209, 31.4, 41.2, 73.3, 23.8, 59.5, 63.3, 25.6, 74.4, 16.1, 83.9, 32.5, 66.5, 61.1, 48.5, 1000-1999, 2025-02-28 14:25:24
"Smith & Williamson Holdings Ltd", 64209, 25.6, 33.5, 67.1, 25.3, 53.9, 61.1, 26.7, 72.3, 15.4, 82.6, 29.9, 70.1, 57.4, 44.7, 500-999, 2025-03-05 12:00:11
"Pyramid Business Systems Ltd", 70209, 26.1, 33.8, 69.5, 24.5, 56.2, 62.8, 27.3, 72.7, 16.2, 82.4, 30.1, 69.9, 58.6, 45.8, 500-999, 2025-04-10 14:35:16
"Martlett Ltd", 68209, 29.6, 39.3, 72.3, 23.2, 56.8, 62.2, 26.3, 73.7, 15.7, 82.3, 31.3, 68.7, 60.1, 47.2, 1000-1999, 2025-05-15 11:10:45
"Alien Ltd", 64209, 27.3, 35.6, 68.8, 24.8, 54.1, 61.9, 26.9, 72.1, 15.3, 82.7, 30.5, 65.5, 58.3, 45.1, 500-999, 2025-06-20 13:50:24
"Brighton Ltd", 68209, 32.1, 43.5, 75.6, 23.1, 61.2, 63.7, 25.8, 75.2, 16.4, 83.6, 33.1, 66.9, 62.9, 49.4, 1000-1999, 2025-07-25 14:35:53
"Vespa Ltd", 70209, 24.2, 32.1, 65.9, 26.3, 56.9, 63.1, 27.8, 71.2, 16.6, 82.4, 29.6, 70.4, 57.1, 44.1, 500-999, 2025-08-30 12:50:17
"Domus Ltd", 68209, 28.9, 38.2, 71.9, 24.5, 57.2, 62.8, 26.1, 74.9, 15.9, 82.1, 31.7, 68.3, 60.7, 47.6, 1000-1999, 2025-09-05 14:30:03
"Velvet Ltd", 70209, 26.4, 34.1, 69.2, 24.9, 54.5, 62.5, 27.4, 72.6, 16.1, 82.9, 30.4, 70.6, 58.2, 45.4, 500-999, 2025-10-10 13:20:44
"Trident Ltd", 68209, 31.8, 41.9, 74.5, 23.4, 61.3, 63.1, 25.9, 75.1, 16.3, 83.7, 33.3, 66.7, 62.4, 49.2, 1000-1999, 2025-11-15 11:20:09
"Merrill Lynch International Ltd", 64209, 29.1, 38.9, 72.2, 24.2, 56.4, 62.6, 26.5, 73.5, 15.8, 82.2, 31.9, 68.1, 60.9, 47.5, 1000-1999, 2025-12-20 14:00:50
"Orchard Finance Ltd", 70209, 25.9, 34.3, 67.4, 25.9, 53.6, 61.3, 27.2, 72.8, 16.3, 82.7, 30.1, 70.9, 57.7, 45.2, 500-999, 2025-01-25 13:55:43
"French Connection Travel Ltd", 68209, 33.5, 42.8, 75.9, 23.3, 61.9, 63.3, 26.3, 75.7, 16.5, 84.5, 33.9, 66.1, 63.3, 49.8, 1000-1999, 2025-02-28 14:20:23
"Global Collections Ltd", 64209, 28.8, 37.4, 71.1, 25.1, 56.5, 62.5, 27.1, 73.9, 16.2, 83.2, 32.1, 67.9, 61.5, 48.2, 1000-1999, 2025-03-05 12:30:05
"Armstrong Watson Ltd", 70209, 26.7, 34.6, 69.9, 24.2, 55.3, 62.7, 28.1, 72.9, 16.5, 83.5, 31.4, 69.6, 59.1, 46.5, 500-999, 2025-04-10 13:05:42
"Bake & Ale Ltd", 68209, 30.5, 40.1, 73.4, 23.4, 59.1, 63.9, 26.4, 74.6, 16.1, 82.9, 32.6, 65.4, 62.1, 48.9, 1000-1999, 2025-05-15 11:40:28
"Frontline Ltd", 64209, 27.9, 36.2, 69.8, 24.8, 54.9, 61.9, 27.3, 72.7, 16.1, 83.3, 31.1, 69.9, 59.7, 46.4, 500-999, 2025-06-20 13:15:17
"Raymond James Ltd", 68209, 29.9, 40.5, 72.6, 23.8, 56.1, 63.3, 26.6, 74.4, 15.9, 82.6, 32.4, 66.6, 61.3, 48.3, 1000-1999, 2025-07-25 14:25:09
"City of London Investment Group Ltd", 64209, 32.8, 43.1, 76.2, 23.6, 62.3, 63.1, 26.7, 76.3, 16.4, 84.1, 34.1, 65.9, 64.2, 50.4, 1000-1999, 2025-08-30 12:50:17
"Armstrong Wealth Management Ltd", 70209, 25.5, 33.9, 67.3, 25.6, 53.8, 61.2, 28.2, 72.8, 16.5, 83.3, 30.9, 70.1, 58.1, 45.5, 500-999, 2025-09-05 14:00:39
"Eden Ltd", 68209, 28.5, 39.8, 71.4, 24.7, 56.3, 62.7, 27.4, 73.6, 16.2, 82.4, 31.8, 68.2, 61.1, 47.8, 1000-1999, 2025-10-10 13:45:24
"Nova Ltd", 64209, 30.4, 41.1, 74.1, 23.9, 60.5, 63.5, 26.1, 75.9, 16.3, 83.7, 33.4, 66.6, 63.9, 50.2, 1000-1999, 2025-11-15 11:30:38
"Amberton Ltd", 68209, 26.3, 35.9, 70.1, 24.4, 55.9, 62.1, 27.6, 72.4, 16.1, 83.9, 31.2, 68.8, 60.5, 47.5, 500-999, 2025-12-20 14:15:41
"Tolworth Ltd", 70209, 29.7, 38.6, 72.9, 25.3, 54.6, 62.4, 28.3, 72.7, 16.6, 83.4, 32.2, 70.8, 59.9, 46.6, 500-999, 2025-01-25 13:25:14
"Finch Ltd", 68209, 31.6, 41.8, 75.2, 23.6, 61.5, 63.5, 26.5, 75.5, 16.5, 84.5, 34.3, 66.7, 64.3, 50.5, 1000-1999, 2025-02-28 14:10:05
"Apple Finance Ltd", 64209, 27.2, 36.4, 69.2, 25.1, 54.9, 61.9, 27.7, 72.3, 16.2, 83.8, 31.5, 69.5, 59.9, 46.5, 500-999, 2025-03-05 12:15:41
"QGI Ltd", 68209, 33.1, 43.3, 76.8, 23.2, 62.2, 63.1, 26.8, 76.2, 16.6, 84.4, 34.9, 65.1, 65.3, 51.3, 1000-1999, 2025-04-10 14:25:19
"Massel Ltd", 70209, 25.8, 34.2, 68.5, 25.5, 53.4, 61.6, 28.5, 72.5, 16.7, 83.3, 30.8, 70.2, 58.6, 45.8, 500-999, 2025-05-15 11:20:32
"Blackwater Ltd", 68209, 28.8, 40.4, 72.9, 24.5, 57.1, 62.9, 27.2, 74.8, 16.1, 82.7, 32.4, 67.6, 61.9, 48.7, 1000-1999, 2025-06-20 14:00:10
"Renaissance Capital Ltd", 64209, 30.1, 41.9, 75.3, 23.8, 61.4, 63.3, 26.4, 76.6, 16.5, 84.1, 34.2, 66.8, 64.5, 51.1, 1000-1999, 2025-07-25 13:55:23
"Orchard Finance (Holdings) Ltd", 70209, 26.2, 34.8, 68.8, 24.9, 55.2, 62.8, 28.7, 72.3, 16.4, 83.7, 31.4, 70.6, 59.5, 46.3, 500-999, 2025-08-30 14:05:32
"Westfield Health,  Hertfordshire",1552,25.1,21.9,60.3,45.6,62.1,58.9,28.5,75.3,20.2,81.1,35.4,69.0,58.5,51.9,1000-1999,2025-02-14 09:02:11
"GlaxoSmithKline plc",7310,29.5,18.2,71.1,25.4,57.3,63.2,26.3,73.8,22.5,85.5,32.1,70.5,60.8,46.2,1000-1999,2025-06-23 12:35:42
"Sainsbury's Supermarkets Ltd",47110,12.8,8.5,58.9,20.1,61.9,55.5,29.3,76.2,24.1,82.5,34.8,68.3,59.4,52.1,500-999,2025-05-17 10:50:19
"JSW Steel UK Limited",,34.2,28.5,83.4,35.8,59.1,67.5,27.9,74.4,21.4,84.2,36.9,72.1,62.3,48.2,1000-1999,2025-01-25 14:14:39
"Thomas Cook Airlines Ltd",64209,23.2,16.4,64.9,30.5,58.3,62.1,28.1,75.9,20.9,82.3,33.4,70.1,61.5,49.9,500-999,2025-03-28 11:42:05
"British Sugar plc",,24.9,20.2,78.2,40.3,60.9,61.3,29.8,76.1,22.6,84.5,35.2,71.4,63.8,50.5,1000-1999,2025-07-06 13:51:29
"Waterson Dickson LLP",,21.1,15.3,69.9,25.6,61.8,59.5,30.5,77.2,23.1,82.9,33.1,69.9,62.3,50.1,500-999,2025-04-01 09:30:05
"James Fisher and Sons plc",,28.6,24.8,76.2,38.1,59.5,64.2,28.3,75.6,22.9,85.1,34.5,71.3,65.2,51.7,1000-1999,2025-02-20 15:04:31
"TSB Bank plc",,16.5,10.3,68.9,29.9,62.4,54.5,31.4,78.3,24.9,84.7,35.9,69.2,63.6,50.6,1000-1999,2025-06-09 10:29:19
"Galileo Global Education UK Ltd",,22.8,18.1,71.5,27.9,58.1,65.3,29.1,76.9,20.4,84.4,32.6,70.7,61.4,49.1,500-999,2025-01-12 12:18:36
"Smith & Williamson LLP",,27.3,23.5,80.3,32.2,60.3,65.9,30.6,77.3,22.2,85.8,33.8,72.1,66.4,52.5,1000-1999,2025-03-21 14:59:49
"Carmichael Fisher LLP",,19.4,14.5,67.9,22.9,59.4,62.5,29.7,78.1,23.3,82.7,33.5,68.8,64.6,48.5,500-999,2025-07-13 11:27:51
"Morrisons Supermarkets Plc",,14.1,9.1,58.1,21.1,61.8,54.9,31.3,76.6,25.1,84.1,35.1,68.3,62.1,51.4,500-999,2025-05-30 09:15:25
"British Airways Plc",,30.6,19.8,74.9,29.4,57.3,66.4,27.2,75.2,21.4,85.5,33.6,72.2,63.8,49.3,1000-1999,2025-03-29 10:55:37
"Quilter plc",,26.8,22.9,82.3,38.5,58.5,66.9,30.3,77.1,22.1,86.3,34.6,72.8,67.9,53.4,1000-1999,2025-07-04 13:47:21
"John Lewis & Partners",,18.3,13.4,65.9,24.9,59.4,63.6,30.2,79.3,23.9,83.7,34.2,70.1,64.3,49.6,500-999,2025-01-16 12:40:13
"Barratt Developments Plc",,25.9,21.7,78.9,33.2,61.9,65.3,29.1,76.9,21.9,84.4,33.3,71.5,66.1,51.6,1000-1999,2025-02-05 10:41:47
"Tesco Stores Ltd",,20.2,15.6,68.9,25.6,61.5,58.6,30.8,77.4,24.5,84.3,33.4,70.3,64.2,49.8,500-999,2025-04-25 09:19:35
"Anglo American plc",,29.4,20.4,81.3,30.9,59.4,68.3,29.5,77.2,21.6,86.5,32.3,72.9,65.9,52.3,1000-1999,2025-06-19 12:01:18
"Royal Mail Group Ltd",,22.9,18.5,72.8,26.9,58.7,64.9,29.3,76.2,21.9,84.8,32.8,71.5,63.1,48.6,500-999,2025-03-18 14:24:45
"Royal Dutch Shell UK Ltd",,26.7,22.5,83.5,42.1,58.2,69.4,30.9,78.3,23.5,87.3,34.7,73.4,68.2,53.8,1000-1999,2025-06-24 11:58:42
"Games Workshop Ltd",,21.4,17.1,70.1,27.2,59.3,62.6,30.6,78.4,22.4,84.9,33.3,71.1,62.9,48.8,500-999,2025-01-27 09:32:13
"IG Group Holdings plc",,17.5,11.6,66.9,23.4,62.1,54.9,31.7,78.9,24.2,85.8,35.8,69.3,63.8,49.9,500-999,2025-02-27 11:45:13
"Wincanton Plc",,25.3,21.1,78.6,32.6,60.9,66.3,30.8,76.2,22.5,85.3,33.1,71.9,66.1,50.9,1000-1999,2025-06-12 13:04:03
"DHL Supply Chain UK and Ireland Limited",,20.6,15.9,70.8,28.5,59.8,62.3,29.5,77.6,22.1,84.6,32.9,71.4,63.5,48.3,500-999,2025-04-22 09:15:59
"Bupa Insurance Limited",,19.8,14.2,69.4,24.8,60.8,58.4,30.4,78.9,24.1,84.1,33.5,70.5,63.8,50.5,500-999,2025-06-16 10:53:11
"Serco Limited",,28.1,23.4,80.8,36.5,59.1,65.3,29.3,76.5,21.3,85.9,32.9,72.8,66.9,53.3,1000-1999,2025-07-10 11:41:06
"Kent Foods Limited",,16.1,10.4,65.2,22.2,61.9,54.9,31.9,78.4,24.4,85.5,35.7,69.1,63.1,51.4,500-999,2025-05-02 12:37:43
"Green and Partners Solicitors",,20.8,16.5,72.3,27.5,59.2,63.8,30.1,77.8,23.2,84.2,32.3,71.5,62.8,49.4,500-999,2025-01-10 11:54:47
"ABB UK Ltd",,24.4,20.7,77.8,30.4,59.6,64.6,30.8,77.2,22.5,85.5,33.8,72.7,65.7,52.2,1000-1999,2025-03-25 14:22:11
"Watson Burton LLP",,22.5,18.9,75.9,31.9,59.4,65.2,29.3,76.1,21.4,84.8,32.1,72.3,63.9,49.5,500-999,2025-05-19 10:34:15
"Marsh & McLennan Companies Limited",,26.7,22.8,81.5,39.3,58.6,68.1,29.5,78.5,21.6,87.4,34.2,73.4,69.2,54.4,1000-1999,2025-01-08 13:29:24
"Omega Diagnostics Group PLC",,17.9,12.6,67.4,23.8,61.6,54.7,32.3,78.9,24.8,85.8,36.2,69.6,64.6,50.6,500-999,2025-02-11 11:35:47
"Netcall plc",,25.9,21.9,80.5,36.6,58.4,66.7,30.1,77.1,22.1,86.4,33.5,72.9,66.9,52.5,1000-1999,2025-03-15 14:48:01
"Dixons Carphone plc",,20.8,16.4,70.2,28.2,60.1,61.9,30.9,77.9,23.9,84.7,33.3,71.3,63.5,50.5,500-999,2025-06-07 11:19:53
"Brompton Bicycle Limited",,18.7,13.9,69.4,25.3,60.4,58.3,31.3,79.6,24.2,85.2,35.4,70.3,65.4,51.6,500-999,2025-05-11 14:14:41
"XPO Logistics (UK) Limited",,23.9,18.5,74.8,29.9,58.2,64.8,29.8,77.4,22.3,84.9,32.2,72.4,62.9,48.8,500-999,2025-02-24 15:25:58
"Rolls-Royce Holding plc",,29.2,19.7,82.6,32.9,59.1,68.9,30.8,78.5,23.1,87.1,33.9,73.5,68.9,54.3,1000-1999,2025-04-11 12:37:14
"Pershmann Limited",,15.6,9.8,63.2,19.9,61.4,53.4,32.9,80.2,25.9,86.3,36.3,69.7,63.8,51.4,500-999,2025-06-30 14:42:33
"Land Securities Group Plc",,28.9,24.8,84.2,43.1,58.7,69.8,30.4,78.2,22.6,89.3,34.5,74.2,69.8,55.6,1000-1999,2025-02-18 11:42:41
"Royal Caribbean Cruises Ltd",,26.8,22.9,83.9,42.8,59.5,68.2,30.2,79.3,22.1,88.5,34.3,73.4,70.2,53.9,1000-1999,2025-05-25 12:59:47
"GKN Aerospace Services Ltd",,22.5,18.1,75.6,29.5,58.7,64.8,29.5,77.6,22.9,85.5,32.8,72.5,63.6,49.5,500-999,2025-03-22 14:44:38"
MISHCON DE REYA GROUP (OPERATIONS) LIMITED,2511,34.8,25.9,78.2,29.5,52.3,68.1,26.8,78.3,16.4,85.6,28.2,75.5,53.2,45.6,500-999,2025-04-05 09:45:12
ST JAMES'S PLACE WEALTH MANAGEMENT LIMITED,64209,28.2,20.9,72.1,25.8,54.9,61.4,24.2,75.9,14.5,83.4,26.8,72.9,51.9,42.9,1000-1999,2025-04-06 14:32:01
CITADEL LIMITED,7020,31.4,24.5,79.5,31.9,56.1,65.4,27.3,77.2,15.6,86.3,29.1,74.8,54.3,46.2,500-999,2025-04-03 10:20:56
WHIRLPOOL UK APPLIANCES LIMITED,3511,35.6,26.7,80.3,30.5,53.5,69.9,28.2,79.1,17.4,88.2,30.5,76.2,55.9,48.3,2000-4999,2025-04-07 11:14:25
SILVERFROG LIMITED,7020,29.9,22.1,75.6,28.3,52.8,62.9,25.5,76.4,14.9,84.8,27.7,73.1,50.5,43.9,500-999,2025-04-08 15:38:42
JAMES COOK & CO LIMITED,64209,32.1,25.3,77.9,29.8,54.7,63.5,26.8,78.9,16.2,85.9,28.5,75.3,52.5,45.1,1000-1999,2025-04-03 11:51:19
TRINITY HOSPITALS GROUP LIMITED,85110,30.8,24.2,74.9,27.9,56.5,66.4,26.2,79.3,15.5,87.2,28.3,74.1,53.8,47.5,500-999,2025-04-09 09:11:13
PIMCO UK LIMITED,7020,36.3,27.9,81.4,32.1,55.3,70.8,30.5,80.5,18.3,89.2,31.9,77.9,56.8,51.2,2000-4999,2025-04-08 14:47:21
FINRA LIMITED,7020,28.5,21.3,75.1,26.8,51.4,64.1,24.9,77.3,14.2,85.5,26.7,73.9,49.5,41.7,500-999,2025-04-10 12:03:49
HARRIS FARMER LIMITED,64209,33.4,26.1,78.9,30.7,53.7,67.4,27.9,79.8,17.1,86.6,29.3,76.5,54.3,46.9,1000-1999,2025-04-09 15:41:51
PJT PARTNERS LIMITED,7020,35.1,26.4,80.5,31.4,55.8,69.2,29.2,80.4,17.8,88.5,30.8,78.2,56.7,49.1,2000-4999,2025-04-05 12:49:10
HAMPSHIRE COUNTY COUNCIL,85110,29.2,22.8,74.3,27.3,54.3,62.5,25.6,77.4,14.6,85.1,27.1,73.7,51.3,43.5,1000-1999,2025-04-06 09:33:42
INDEPENDENT FINANCIAL RISKS LIMITED,7020,32.6,25.8,77.2,29.5,55.2,63.8,27.3,79.4,16.5,86.1,28.8,75.5,53.5,46.1,500-999,2025-04-08 11:51:51
BLOMBERG LLP,85110,30.4,24.5,78.3,28.8,56.3,65.4,26.4,80.4,15.7,88.3,28.5,76.9,54.3,48.2,2000-4999,2025-04-05 12:42:15
KPMG LLP,7020,34.9,26.8,79.8,31.3,54.1,67.9,28.9,80.5,17.3,88.6,30.4,77.3,56.4,50.3,2000-4999,2025-04-09 11:19:16
BREAKSPEAR GROUP LIMITED,64209,29.6,22.9,75.4,27.6,52.3,63.7,25.9,78.1,14.8,85.5,27.3,74.1,50.9,43.3,500-999,2025-04-03 09:11:21
BANK OF AMERICA MERRILL LYNCH (UK) LIMITED,7020,31.9,25.3,78.9,29.8,55.5,66.2,27.3,81.1,16.3,89.4,29.1,78.2,54.8,48.9,2000-4999,2025-04-06 13:57:11
KINGFISHER PLC,3511,36.7,28.1,81.9,33.5,57.3,71.1,31.2,82.5,19.2,91.3,32.5,80.3,59.2,53.9,5000+,2025-04-09 10:22:49
J. SAINSBURY PLC,3511,34.3,26.4,78.3,30.6,54.6,67.4,28.4,80.8,17.9,88.9,30.1,78.3,55.7,49.4,5000+,2025-04-10 12:07:31
M&S BANK LIMITED,7020,28.8,21.5,75.6,26.5,52.7,64.4,24.9,78.5,14.4,86.1,26.3,73.9,50.3,42.1,500-999,2025-04-07 11:05:13
WPP PLC,7020,35.5,27.4,81.2,32.3,56.2,70.1,30.6,81.3,18.5,89.8,31.8,79.3,58.3,52.9,5000+,2025-04-05 14:35:31
BT GROUP PLC,64209,27.4,20.3,74.9,26.2,53.3,62.9,24.5,78.9,13.9,86.6,26.1,72.9,49.1,41.5,5000+,2025-04-03 08:45:51
ROLLS-ROYCE HOLDINGS PLC,3511,32.2,24.9,78.2,29.6,54.9,65.2,27.1,80.7,16.1,88.1,28.4,76.9,53.4,47.8,5000+,2025-04-09 10:54:28
AECOM UK LIMITED,85110,29.1,22.6,75.8,27.5,55.1,62.8,25.8,79.4,14.7,86.5,27.3,74.3,50.5,43.1,500-999,2025-04-08 09:23:42
NEWCASTLE CITY COUNCIL,85110,30.2,24.1,77.3,28.3,56.3,65.8,26.4,80.7,15.9,88.9,28.5,76.5,54.2,48.1,500-999,2025-04-09 11:02:41
HARRIS ASSOCIATES LIMITED,7020,31.6,25.1,79.2,30.2,54.8,65.3,27.5,80.6,16.4,88.4,29.2,78.2,54.5,49.2,500-999,2025-04-10 08:56:51
TAYLOR WIMPEY PLC,3511,35.9,27.6,82.3,33.8,58.1,71.5,31.4,84.1,19.6,92.8,32.9,81.8,61.1,54.8,5000+,2025-04-05 13:14:38
GLAXOSMITHKLINE PLC,3511,33.1,25.9,79.6,31.2,55.6,68.1,29.4,82.2,17.6,90.1,30.8,79.5,57.4,50.4,5000+,2025-04-06 10:11:40
WAITROSE & PARTNERS LIMITED,64209,28.1,21.4,74.8,26.8,53.1,63.9,25.2,79.4,14.1,87.2,26.6,74.1,50.1,42.9,500-999,2025-04-03 09:28:22
APPLE UK LIMITED,7020,36.4,28.5,82.9,34.3,57.8,72.3,32.1,84.5,20.1,94.2,33.7,82.8,62.2,55.4,5000+,2025-04-08 13:27:29
BELRON INTERNATIONAL LIMITED,7020,30.8,24.9,79.9,30.6,56.4,65.5,27.6,81.9,16.5,91.2,29.3,80.6,55.9,50.2,2000-4999,2025-04-09 14:49:11
LONDON BOROUGH OF SUTTON,85110,28.5,21.6,75.5,26.9,52.9,64.2,25.2,79.2,14.3,87.3,26.5,74.3,50.7,43.1,1000-1999,2025-04-10 13:29:11
ARUP GROUP LIMITED,7020,33.8,26.3,80.3,30.9,55.3,68.2,28.6,82.3,18.1,90.6,30.8,80.3,57.5,50.4,2000-4999,2025-04-09 09:19:19
EDEN COURT SOCIETY LIMITED,85110,31.3,24.7,78.4,29.3,55.9,64.7,27.1,81.4,16.1,89.8,28.8,78.3,54.6,49.2,500-999,2025-04-08 14:45:59
AEGON UK LIMITED,7020,34.2,26.9,80.8,31.8,56.9,70.6,30.4,83.4,18.5,92.1,31.9,82.5,60.5,54.2,2000-4999,2025-04-09 11:17:11
INFORMATION RESOURCES LIMITED,7020,30.5,24.4,79.1,30.1,55.6,65.2,27.3,81.9,16.3,91.3,29.2,80.4,55.9,50.4,2000-4999,2025-04-07 09:41:11
BENTLEY MOTORS LIMITED,3511,32.9,25.7,80.1,31.2,56.4,68.5,29.5,82.9,17.9,91.5,30.7,81.1,58.3,52.8,500-999,2025-04-03 11:31:19
LEXICO LIMITED,7020,27.7,20.5,75.3,26.1,52.8,62.7,24.7,79.2,13.9,87.5,26.2,73.9,49.3,41.9,500-999,2025-04-08 13:42:51
ROBERT BOSCH LIMITED,7020,31.1,24.6,78.1,29.5,55.1,64.8,26.9,80.8,16.1,89.3,28.5,78.2,53.5,48.1,2000-4999,2025-04-09 08:44:41
BARCLAYS BANK PLC,7020,35.9,27.3,82.1,32.6,57.9,71.1,31.4,84.5,19.6,94.2,33.5,83.5,62.9,56.9,5000+,2025-04-10 14:37:59
COCA-COLA EUROPE SERVICES LIMITED,3511,36.1,28.3,82.6,34.2,60.5,72.4,32.5,86.3,20.5,96.9,34.6,85.8,66.2,58.8,5000+,2025-04-09 11:49:51
HSBC UK BANK PLC,7020,34.5,26.6,81.4,31.9,57.5,70.4,30.7,84.1,19.1,94.8,32.1,83.1,62.9,55.5,5000+,2025-04-08 08:35:49
BARCLAY'S CAPITAL LIMITED,7020,32.8,25.9,80.6,30.9,56.5,67.2,29.1,82.9,17.6,91.3,30.6,81.9,57.3,51.1,2000-4999,2025-04-05 11:44:19
"MISHCON DE REYA GROUP (OPERATIONS) LIMITED","63200","25.1","17.9","67.4","22.1","51.6","60.8","21.1","71.4","14.3","81.9","24.5","69.0","49.0","42.1","35.6","500-999","2025-02-22 14:32:01"
"J.E. BEAUMONT & CO. LTD.","70200","28.5","21.3","71.9","26.5","53.9","62.1","20.5","68.5","13.4","78.9","23.1","65.0","46.9","38.4","30.9","1000-1999","2025-03-01 11:01:42"
"DENTONS UK AND MIDDLE EAST LLP","64209","29.8","22.9","75.6","31.4","56.3","65.2","26.2","73.2","15.9","82.1","28.5","71.0","52.1","45.6","39.1","500-999","2025-03-15 17:42:09"
"TECERA LTD.","70200","27.3","19.5","65.3","24.9","50.4","59.6","22.1","69.2","14.5","77.9","25.3","63.0","45.9","37.4","29.9","1000-1999","2025-02-28 12:11:05"
"TAYLOR WESSING LLP","64209","30.1","23.4","72.5","30.6","54.9","64.3","24.8","70.5","15.2","80.9","26.3","68.0","51.0","43.5","36.0","500-999","2025-04-10 14:45:23"
"INNOVATE CONSULTING SERVICES LIMITED","70200","26.8","18.7","66.2","23.3","51.1","60.9","21.4","68.3","13.7","76.9","24.1","62.0","44.9","36.4","28.9","1000-1999","2025-02-14 10:23:19"
"COOLEY LLP","64209","28.2","21.1","70.5","26.2","52.3","61.9","23.5","67.9","14.9","79.1","25.7","64.0","47.9","39.4","31.9","500-999","2025-03-22 15:50:01"
"WOMBLE BOND COUTTS (A SOLICITORS LLP)","70200","29.5","22.4","74.1","30.9","55.2","65.1","25.9","72.5","16.1","83.9","27.4","69.0","51.9","44.4","37.9","1000-1999","2025-04-05 14:10:15"
"GARRETTS LLP","64209","27.9","20.3","69.5","25.6","52.9","61.3","24.1","66.5","14.3","79.3","25.9","63.0","46.9","38.4","30.9","500-999","2025-02-24 15:20:05"
"STEWART HORTON LLP","70200","28.8","21.8","71.2","27.3","53.5","62.7","23.9","67.2","14.7","78.5","25.3","65.0","48.1","40.6","33.1","1000-1999","2025-03-25 17:01:19"
"REEVE & CO. (SOLICITORS) LLP","64209","26.5","19.2","65.1","23.9","50.2","59.8","21.7","68.1","13.9","77.3","24.5","61.0","44.9","36.4","28.9","500-999","2025-02-18 10:05:42"
"MISHCON DE REYA GROUP (OPERATIONS) LIMITED","63200","24.9","16.7","63.8","21.3","49.5","58.1","20.3","67.4","13.1","76.1","23.1","59.0","42.9","34.4","26.9","500-999","2025-01-31 14:50:21"
"J.P. MORGAN SECURITIES PLC","70200","31.1","23.9","76.3","32.1","56.9","67.2","27.6","74.5","16.9","85.1","29.5","72.0","53.9","46.4","40.9","1000-1999","2025-04-14 17:46:01"
"FILSHILL LIMITED","64209","27.4","20.1","68.5","25.1","51.4","60.6","23.3","66.9","14.5","79.5","25.5","62.0","45.9","37.4","29.9","500-999","2025-02-20 12:05:08"
"STEPHENSON LAW LLP","70200","29.9","22.6","73.8","31.5","55.5","65.9","26.4","71.9","15.7","82.5","27.8","68.0","50.9","43.4","36.9","1000-1999","2025-03-08 14:21:41"
"KING & SPALDING (UK LLP)","64209","30.6","24.2","74.9","31.8","56.4","66.2","27.1","72.9","16.5","84.1","28.3","70.0","52.9","45.4","38.9","500-999","2025-04-12 11:11:25"
"FORBES MASSON LLP","70200","28.1","21.5","70.3","26.8","53.7","62.9","24.4","67.3","14.9","79.5","25.9","64.0","47.9","39.4","31.9","1000-1999","2025-03-18 10:40:02"
"TAYLOR JOHNSON LLP","64209","29.3","22.3","72.1","29.6","54.5","63.9","25.6","70.9","15.5","81.9","26.9","66.0","49.9","41.4","33.9","500-999","2025-03-28 17:32:11"
"WATTERS GLOBAL LTD.","70200","26.2","18.4","64.5","22.8","50.7","59.4","20.9","66.7","13.4","76.7","23.7","59.0","43.9","35.4","27.9","1000-1999","2025-02-22 14:55:04"
"STEPHENSONS SOLICITORS LLP","64209","27.7","20.4","68.2","25.3","51.9","60.7","23.5","66.3","14.5","79.3","25.1","61.0","45.9","37.4","29.9","500-999","2025-02-15 17:00:06"
"INNOVATE CONSULTING SERVICES LIMITED","70800","25.5","17.3","62.9","20.6","48.3","57.1","19.5","64.9","12.7","75.5","22.9","56.0","41.9","33.4","25.9","1000-1999","2025-01-25 11:40:28"
"REEVE & CO. (SOLICITORS) LLP","63200","24.7","16.0","61.4","20.9","48.5","57.3","19.7","65.1","12.9","74.9","22.5","55.0","40.9","32.4","24.9","500-999","2025-02-01 14:10:09"
"MISHCON DE REYA GROUP (OPERATIONS) LIMITED","70200","30.9","23.9","76.6","31.9","57.4","68.1","28.3","75.2","17.3","87.9","30.1","72.0","54.9","47.4","41.9","1000-1999","2025-04-17 15:01:21"
"FILSHILL LIMITED","63200","25.9","17.5","64.4","22.1","49.3","58.5","20.5","66.9","13.3","76.7","23.3","58.0","42.9","34.4","26.9","500-999","2025-02-01 16:40:19"
"TAYLOR WESSING LLP","64209","29.1","22.1","72.3","29.3","54.7","63.3","25.8","70.3","15.3","81.9","26.4","66.0","49.9","41.4","33.9","500-999","2025-03-11 17:20:11"
"GARRETTS LLP","70200","28.4","21.6","71.1","27.2","53.9","62.7","24.5","67.9","14.9","79.1","25.9","64.0","47.9","39.4","31.9","1000-1999","2025-03-04 15:45:42"
"TAYLOR JOHNSON LLP","64209","28.9","21.9","70.9","26.9","52.9","61.9","24.7","67.3","14.9","79.5","25.9","63.0","46.9","38.4","30.9","500-999","2025-03-20 14:45:56"
"WATTERS GLOBAL LTD.","70800","26.9","18.7","65.2","24.2","50.6","59.8","22.3","67.3","14.1","78.5","24.9","60.0","44.9","36.4","28.9","1000-1999","2025-02-25 12:05:22"
"COOLEY LLP","64209","26.1","19.3","66.3","23.5","50.8","60.2","21.9","65.3","13.7","77.9","23.9","59.0","42.9","34.4","26.9","500-999","2025-02-10 16:10:09"
"STEPHENSON LAW LLP","70200","30.4","23.5","75.5","31.3","56.9","67.2","27.6","73.2","16.3","85.1","28.8","70.0","53.9","46.4","40.9","1000-1999","2025-03-29 14:05:41"
"WOMBLE BOND COUTTS (A SOLICITORS LLP)","64209","28.6","21.7","72.4","27.4","53.3","62.9","25.5","68.3","15.5","81.9","26.9","65.0","48.9","40.4","32.9","500-999","2025-03-24 10:45:36"
"TAYLOR WESSING LLP","70800","25.7","17.5","64.7","21.9","49.4","58.3","20.3","66.1","13.1","76.3","23.1","57.0","42.9","34.4","26.9","1000-1999","2025-03-05 17:45:48"
"GARRETTS LLP","64209","27.2","20.0","68.1","24.9","51.2","60.3","23.3","65.9","14.3","79.5","24.9","61.0","45.9","37.4","29.9","500-999","2025-02-16 15:50:04"
"FILSHILL LIMITED","70200","28.8","21.8","71.3","27.3","53.7","62.9","24.7","68.1","14.9","79.5","25.9","64.0","47.9","39.4","31.9","1000-1999","2025-03-13 14:30:05"
"STEPHENSONS SOLICITORS LLP","64209","26.6","19.4","66.6","23.9","50.7","60.1","22.3","65.5","13.9","77.9","24.5","59.0","43.9","35.4","27.9","500-999","2025-02-05 16:10:18"
"WATTERS GLOBAL LTD.","64209","25.4","17.1","63.0","20.8","48.2","57.5","19.9","64.9","12.7","75.5","22.5","55.0","40.9","32.4","24.9","500-999","2025-01-30 12:05:30"
"TAYLOR JOHNSON LLP","70200","29.7","22.5","74.5","30.5","55.9","66.3","26.3","72.9","16.3","84.1","28.5","69.0","52.9","45.4","38.9","1000-1999","2025-04-09 14:10:19"
"KING & SPALDING (UK LLP)","64209","31.9","24.8","76.9","32.9","57.9","68.9","28.9","76.2","17.9","90.5","31.4","72.0","55.9","49.4","43.9","500-999","2025-04-07 11:05:11"
"FILSHILL LIMITED","63200","24.3","15.8","61.1","20.2","48.9","57.1","19.1","64.3","12.5","74.9","22.3","54.0","40.9","32.4","24.9","500-999","2025-02-03 16:05:05"
"MISHCON DE REYA GROUP (OPERATIONS) LIMITED","70200","31.4","24.1","77.9","32.5","58.5","69.3","29.1","76.9","18.3","91.9","32.1","73.0","56.9","50.4","44.9","1000-1999","2025-04-19 15:20:04"
"STEPHENSON LAW LLP","64209","30.2","23.3","75.2","31.1","56.3","67.5","27.6","73.5","16.9","87.9","30.1","71.0","53.9","47.4","41.9","500-999","2025-03-26 17:05:41"
"WOMBLE BOND COUTTS (A SOLICITORS LLP)","70200","29.3","21.9","72.9","29.6","54.9","64.3","26.1","70.9","15.9","81.9","27.4","66.0","49.9","41.4","33.9","1000-1999","2025-04-02 14:45:21"
"COOLEY LLP","64209","27.8","20.6","69.8","25.9","52.9","61.9","24.5","67.3","14.9","79.5","25.9","62.0","45.9","37.4","29.9","500-999","2025-02-26 16:05:11"
"GARRETTS LLP","70200","28.5","21.4","71.5","27.5","53.9","62.9","25.1","68.5","15.5","81.9","26.9","65.0","48.9","40.4","32.9","1000-1999","2025-03-19 17:30:16"
"KING & SPALDING (UK LLP)","64209","30.5","23.9","75.8","31.8","56.9","67.3","27.8","73.9","17.1","88.1","30.5","71.0","53.9","47.4","41.9","500-999","2025-03-30 14:30:19"
"IG Group Holdings PLC","64209","14.1","8.5","36.7","10.2","42.9","67.1","31.4","76.3","21.9","88.5","38.4","71.0","45.6","58.3","1000-4999","2024-11-20 11:53:02"
"Church Commissioners for England","64202","20.8","13.4","64.1","18.5","51.9","71.9","35.7","79.2","24.5","85.6","41.9","73.2","52.1","60.7","500-999","2024-08-19 18:42:15"
"Take a Break Time Limited","64203","28.3","22.1","78.5","32.1","58.2","65.8","29.4","78.1","20.8","86.9","45.6","75.5","61.4","46.9","100-499","2024-05-06 09:01:40"
"Regent Entertainment Ltd","64209","16.5","9.8","38.2","11.5","46.3","68.5","32.8","80.3","23.2","89.1","39.8","72.9","48.5","59.4","500-999","2024-01-15 14:29:51"
"Smiths Group PLC","64203","25.9","19.3","65.1","20.9","52.8","70.8","36.2","81.5","25.9","86.2","43.5","74.2","55.1","62.0","1000-4999","2024-06-24 10:10:52"
"British Transport Police Authority","64202","18.3","11.6","43.9","14.8","49.4","69.2","34.5","82.1","24.1","88.4","40.3","75.5","52.9","59.5","1000-4999","2024-03-11 13:33:20"
"Britvic Soft Drinks Ltd","64209","24.1","17.4","61.9","22.1","54.3","71.3","38.4","84.5","27.5","90.1","44.8","76.3","58.2","65.6","1000-4999","2024-09-16 12:05:23"
"National Express Group PLC","64202","22.5","15.3","58.5","19.5","50.6","72.1","36.5","83.9","26.3","89.4","42.9","77.4","55.4","63.2","1000-4999","2024-07-22 11:41:19"
"Costain Group PLC","64209","29.8","23.9","72.1","31.5","57.9","66.7","31.1","80.2","23.4","88.3","46.5","75.8","59.1","49.5","1000-4999","2024-10-28 10:35:01"
"National Grid PLC","64202","21.1","14.1","51.9","17.2","48.5","70.3","34.9","82.7","25.6","88.9","41.4","76.5","53.3","61.1","1000-4999","2024-12-05 14:22:41"
"Veridien Group Ltd","64209","26.4","20.2","62.9","23.8","53.1","71.5","37.4","85.1","28.1","91.0","43.9","78.1","57.9","64.3","1000-4999","2024-02-14 10:49:37"
"Next PLC","64203","19.2","12.4","44.5","15.9","46.2","69.9","33.7","82.8","24.8","89.4","39.4","75.7","51.1","60.4","1000-4999","2024-04-08 09:25:42"
"IG Group Holdings PLC","64202","15.5","8.8","35.6","10.5","42.1","66.3","30.6","77.4","22.2","86.9","38.3","72.5","45.9","56.2","1000-4999","2024-05-20 12:11:49"
"Dairy Crest Group Limited","64209","27.6","21.3","69.1","30.5","55.4","70.9","33.2","81.9","26.5","90.6","44.2","78.3","59.5","63.9","1000-4999","2024-06-16 14:57:15"
"Virgin Money Holding UK PLC","64202","20.5","14.2","55.9","19.2","49.1","72.4","35.8","84.2","26.4","91.2","42.1","78.8","54.9","66.4","1000-4999","2024-08-25 10:08:51"
"BP plc","64209","25.3","18.5","61.5","22.6","51.7","73.8","37.5","85.8","27.8","92.5","43.2","79.5","57.6","66.2","1000-4999","2024-09-02 11:04:42"
"Kier Group PLC","64203","24.8","18.1","61.2","21.8","52.5","72.9","36.7","84.9","27.1","92.4","42.8","79.1","56.3","64.5","1000-4999","2024-09-15 10:46:01"
"Berkeley Group Holdings PLC","64202","18.9","12.3","45.8","16.4","48.3","70.2","34.1","83.9","25.7","91.5","40.9","78.4","52.5","61.9","1000-4999","2024-10-01 12:39:52"
"Daily Mail and General Trust PLC","64203","21.6","15.2","54.3","20.5","49.2","71.1","36.3","85.6","26.6","93.8","41.7","80.2","54.9","65.2","1000-4999","2024-11-12 11:01:05"
"Fuller, Smith & Turner P.L.C.","64209","26.1","20.4","63.9","24.5","53.8","71.3","38.1","87.4","28.5","95.2","43.6","80.9","58.1","68.5","1000-4999","2024-03-25 14:11:49"
"InterContinental Hotels Group PLC","64202","19.5","13.3","47.9","17.1","47.8","71.5","33.9","84.3","25.4","93.9","41.1","79.8","53.2","63.8","1000-4999","2024-05-06 09:34:23"
"Caledonian Trust PLC","64209","22.8","16.5","56.9","20.2","50.2","72.7","35.6","86.8","26.9","96.1","42.4","82.1","55.3","68.5","1000-4999","2024-05-28 11:20:41"
"Smiths Group PLC","64203","23.9","17.6","59.3","21.9","51.3","73.1","36.8","87.5","27.3","98.2","43.8","83.9","57.4","70.2","1000-4999","2024-06-24 10:39:59"
"Renewi PLC","64209","25.5","19.2","62.5","22.9","52.2","73.1","37.9","88.8","28.7","100.0","44.5","84.9","58.5","71.1","1000-4999","2024-07-15 09:56:23"
"Bouverie Private Equity","64202","17.2","10.6","42.5","14.7","47.3","71.8","33.4","84.9","25.1","97.3","40.3","82.5","52.4","64.3","1000-4999","2024-08-12 11:19:01"
"David Salisbury Limited","64209","29.1","23.3","70.9","31.9","56.3","68.2","31.8","83.9","24.2","101.0","46.2","84.1","60.5","53.9","500-999","2024-09-09 10:01:42"
"PaxMina Solutions Ltd","64203","26.9","20.9","65.1","25.3","53.9","72.5","37.2","89.4","28.3","103.0","44.1","86.4","59.4","72.1","1000-4999","2024-09-17 11:45:50"
"France Telecom SA UK","64209","24.5","18.7","60.3","23.4","51.4","73.5","38.1","90.6","29.5","105.0","43.9","87.3","58.9","74.8","1000-4999","2024-10-23 09:38:55"
"Caledonian Trust PLC","64202","21.4","14.9","54.6","20.3","49.6","72.9","35.9","92.2","27.7","108.0","42.3","88.2","56.1","76.9","1000-4999","2024-11-02 10:53:10"
"Galiform Limited","64209","28.2","22.5","68.6","31.5","55.6","71.4","32.9","93.9","26.8","110.0","45.9","89.7","61.3","75.9","1000-4999","2024-11-19 12:01:49"
"Cross Country Trains Limited","64202","20.8","14.7","52.3","19.4","49.3","72.8","36.1","96.4","28.5","114.0","42.6","91.5","55.9","82.1","1000-4999","2024-11-25 11:39:41"
"GlaxoSmithKline PLC","64209","29.9","24.2","72.9","33.9","57.4","70.5","33.4","104.0","30.2","121.0","47.3","94.8","63.1","84.2","1000-4999","2024-12-03 12:37:19"
"Atticus Finch Accounting Services", 68201, 18.2, 25.5, 45.4, 25.2, 60.8, 59.5, 40.2, 46.3, 65.1, 53.6, 78.9, 51.3, 62.3, 57.7, 50-99, 2024-09-15 10:10:01
"Nova Consulting Ltd", 70200, 31.8, 29.2, 85.6, 38.1, 57.9, 65.5, 52.1, 64.5, 75.3, 55.8, 86.2, 59.1, 66.5, 54.7, 1000-1999, 2024-11-22 14:30:15
"Greenwood & Co Solicitors", 64100, 19.5, 27.9, 65.3, 28.5, 58.2, 63.1, 45.6, 49.8, 63.5, 52.9, 75.6, 54.2, 61.3, 52.3, 50-99, 2025-02-20 11:45:01
"Prosperity Law Firm", 84110, 20.9, 26.7, 70.2, 32.1, 56.8, 64.9, 48.3, 54.9, 69.1, 58.2, 79.4, 58.5, 63.2, 56.5, 1000-1999, 2024-10-18 13:15:30
"New Horizons Financial Services", 74500, 28.4, 30.8, 80.9, 40.5, 61.2, 67.3, 58.5, 63.9, 72.1, 60.2, 83.4, 61.8, 67.5, 62.1, 1000-1999, 2025-03-25 16:05:45
"Fresh Start Accounting", 68201, 22.1, 28.3, 62.5, 29.8, 59.1, 65.9, 49.2, 52.1, 66.3, 55.5, 76.1, 57.3, 62.9, 58.5, 50-99, 2024-12-01 12:05:21
"Progressive Solicitors", 64100, 25.6, 31.4, 72.9, 34.5, 58.5, 66.2, 52.8, 59.9, 71.1, 60.6, 80.3, 62.4, 65.9, 60.2, 1000-1999, 2024-08-24 14:50:36
"Key Partners Consulting", 70200, 29.5, 30.1, 82.1, 41.9, 60.5, 68.3, 60.2, 65.1, 73.5, 62.9, 84.2, 64.1, 68.3, 63.5, 1000-1999, 2025-01-15 11:50:02
"Moonlight Law Firm", 84110, 21.9, 29.5, 69.3, 31.4, 58.3, 67.2, 50.5, 56.3, 69.9, 58.8, 79.1, 61.9, 64.2, 61.3, 1000-1999, 2024-09-27 15:40:05
"Sunrise Financial Services", 74500, 27.3, 31.7, 78.9, 39.3, 60.2, 65.1, 57.9, 61.9, 71.3, 59.5, 82.3, 62.9, 66.5, 61.1, 1000-1999, 2024-11-08 13:20:42
"Starlight Accounting", 68201, 24.5, 30.9, 68.2, 32.7, 59.5, 66.4, 52.3, 57.9, 70.5, 59.2, 79.6, 61.1, 64.9, 59.5, 1000-1999, 2025-03-11 15:10:18
"Morning Star Solicitors", 64100, 26.2, 32.1, 75.9, 35.4, 59.8, 66.7, 56.1, 61.3, 72.5, 61.9, 80.9, 63.3, 66.7, 61.9, 1000-1999, 2024-08-01 11:20:56
"Golden Hour Law Firm", 84110, 23.1, 29.3, 67.5, 30.9, 57.9, 65.5, 49.5, 54.7, 68.1, 57.3, 78.9, 59.5, 63.5, 58.5, 1000-1999, 2024-12-22 14:45:09
"Twilight Consulting", 70200, 30.1, 31.5, 86.3, 42.5, 61.1, 69.1, 62.3, 66.5, 74.9, 64.3, 85.5, 65.9, 69.5, 65.3, 1000-1999, 2025-02-28 16:35:01
"Dawn Financial Services", 74500, 25.9, 31.3, 75.2, 38.5, 59.4, 66.9, 54.2, 60.3, 71.9, 60.5, 81.2, 61.5, 65.3, 61.1, 1000-1999, 2024-09-02 12:05:42
"Nightshade Accounting", 68201, 22.5, 29.9, 62.9, 31.5, 58.5, 65.3, 48.9, 53.9, 67.1, 56.8, 77.3, 58.9, 62.9, 58.1, 1000-1999, 2024-10-25 15:30:52
"Evening Star Solicitors", 64100, 28.1, 32.5, 77.9, 36.2, 60.1, 67.8, 55.9, 62.3, 74.1, 62.5, 82.9, 64.3, 67.5, 63.9, 1000-1999, 2025-01-29 13:15:19
"Shade Consulting", 70200, 29.9, 31.3, 84.5, 43.1, 61.5, 69.5, 61.1, 66.9, 75.3, 65.1, 86.2, 66.9, 70.3, 65.9, 1000-1999, 2024-08-15 16:20:31
"Shadow Financial Services", 74500, 26.5, 31.9, 76.9, 39.5, 60.3, 67.1, 56.5, 61.5, 72.9, 60.9, 82.5, 62.7, 66.9, 61.5, 1000-1999, 2024-11-19 12:30:49
"Night Owl Law Firm", 84110, 24.8, 30.7, 69.5, 33.1, 58.7, 66.3, 51.9, 57.1, 70.1, 59.3, 80.1, 61.7, 64.3, 59.9, 1000-1999, 2024-09-05 14:45:01
"Midnight Accounting", 68201, 21.1, 28.5, 59.4, 29.1, 57.3, 64.9, 47.5, 51.9, 66.3, 54.7, 76.9, 57.1, 61.5, 55.9, 1000-1999, 2024-12-04 15:10:38
"Late Night Consulting", 70200, 27.7, 31.2, 78.9, 40.2, 59.9, 67.3, 55.3, 61.9, 72.7, 60.3, 83.1, 62.9, 66.3, 61.9, 1000-1999, 2024-10-11 12:05:15
"Early Riser Financial Services", 74500, 25.3, 30.8, 73.9, 37.9, 59.5, 66.1, 52.9, 59.5, 71.5, 59.9, 80.5, 61.1, 65.3, 60.5, 1000-1999, 2024-09-20 14:50:29
"Dawn Patrol Accounting", 68201, 23.5, 30.3, 65.9, 31.7, 58.1, 64.9, 49.5, 53.9, 68.5, 56.5, 78.3, 59.1, 63.1, 57.9, 1000-1999, 2025-03-18 15:50:15
"Early Bird Solicitors", 64100, 29.1, 32.7, 79.5, 36.5, 60.5, 68.1, 56.5, 63.3, 74.9, 62.1, 83.9, 64.9, 67.9, 63.3, 1000-1999, 2024-08-22 11:55:01
"Rise and Shine Law Firm", 84110, 26.9, 31.4, 76.2, 39.2, 61.3, 67.5, 54.5, 61.1, 72.9, 61.3, 82.9, 63.5, 67.3, 61.9, 1000-1999, 2024-10-25 13:20:56
"Sun Up Consulting", 70200, 30.5, 32.1, 89.3, 44.5, 62.1, 70.3, 63.5, 67.9, 76.3, 66.5, 87.5, 67.9, 71.3, 66.9, 1000-1999, 2025-02-11 16:05:45
"Morning Light Financial Services", 74500, 27.9, 31.9, 79.9, 40.5, 60.7, 68.3, 58.1, 63.9, 74.5, 62.7, 84.5, 64.9, 68.5, 63.9, 1000-1999, 2024-11-15 14:45:01
"Golden Hour Financial Services", 74500, 28.5, 32.3, 81.9, 41.5, 61.5, 69.1, 60.3, 65.1, 75.9, 63.3, 85.3, 65.9, 69.9, 64.9, 1000-1999, 2024-08-28 15:05:02
"Twilight Financial Services", 74500, 25.1, 30.5, 72.5, 37.9, 59.3, 66.5, 52.1, 59.3, 71.9, 59.5, 80.5, 61.3, 65.5, 60.7, 1000-1999, 2024-09-12 13:20:40
"Evening Star Financial Services", 74500, 28.3, 32.1, 80.9, 40.5, 60.9, 68.5, 58.5, 64.1, 75.9, 62.9, 84.9, 64.9, 68.9, 63.9, 1000-1999, 2024-10-18 12:30:56
"Shade Financial Services", 74500, 26.9, 31.7, 76.9, 40.1, 61.1, 68.3, 56.9, 62.5, 74.3, 61.5, 83.1, 63.7, 67.3, 62.5, 1000-1999, 2024-08-01 15:10:29
"Dusk Financial Services", 74500, 24.7, 30.2, 69.9, 36.3, 59.5, 66.7, 51.1, 56.9, 70.9, 58.9, 80.5, 61.1, 64.9, 59.5, 1000-1999, 2024-09-05 13:45:01
"Sunset Financial Services", 74500, 27.5, 31.5, 78.5, 39.5, 60.5, 67.9, 55.9, 61.3, 72.9, 60.9, 82.9, 62.5, 66.9, 61.9, 1000-1999, 2024-11-22 15:30:40
"Nightshade Financial Services", 74500, 25.5, 31.1, 74.9, 38.3, 60.1, 67.3, 53.9, 59.9, 72.5, 59.9, 81.9, 61.5, 65.5, 60.9, 1000-1999, 2024-10-04 15:40:56
"Midnight Financial Services", 74500, 24.1, 29.9, 68.9, 31.9, 58.9, 66.3, 49.5, 54.5, 70.1, 56.9, 79.1, 58.7, 62.9, 57.3, 1000-1999, 2024-12-12 13:20:01
"Late Night Financial Services", 74500, 26.7, 31.3, 77.9, 40.1, 60.9, 68.1, 55.3, 61.5, 74.1, 60.9, 83.1, 62.9, 67.1, 61.5, 1000-1999, 2024-09-19 13:45:01
"Early Riser Financial Services", 74500, 25.9, 31.1, 74.9, 38.5, 60.3, 67.5, 53.9, 59.9, 72.5, 60.1, 81.9, 61.7, 65.5, 60.9, 1000-1999, 2024-11-01 14:50:15
"Dawn Patrol Financial Services", 74500, 24.3, 30.1, 66.9, 30.9, 58.3, 65.5, 48.9, 52.7, 69.9, 54.9, 78.9, 58.1, 61.9, 56.1, 1000-1999, 2025-03-25 15:05:01
"Early Bird Financial Services", 74500, 27.1, 31.7, 76.9, 40.3, 61.3, 68.5, 55.5, 61.9, 74.3, 61.1, 83.5, 64.1, 67.5, 62.5, 1000-1999, 2024-08-22 15:30:45
"Rise and Shine Financial Services", 74500, 29.3, 32.5, 81.9, 42.1, 62.1, 70.5, 60.9, 66.1, 76.5, 65.9, 86.1, 67.3, 71.1, 66.9, 1000-1999, 2024-10-25 14:45:01
"Armstrong Watson Limited", 64999, 17.2, 12.5, 62.1, 25.9, 48.5, 60.8, 23.1, 76.2, 16.5, 84.5, 29.9, 71.9, 51.5, 45.8, 100-249, 2024-11-15 14:05:01
"Shakespeare Martineau Limited", 64209, 25.9, 19.2, 71.4, 31.5, 54.9, 65.6, 24.9, 75.3, 17.2, 83.4, 30.8, 72.9, 56.4, 43.3, 250-499, 2024-09-22 09:23:45
"BDO Limited", 69103, 14.8, 10.3, 58.2, 24.1, 46.9, 59.1, 22.1, 78.3, 15.3, 85.2, 28.4, 70.4, 49.2, 47.6, 1000-1999, 2025-01-20 11:02:10
"Lee Bolton Peyton Jones LLP", 64209, 20.5, 15.7, 69.8, 29.9, 52.5, 64.1, 26.1, 75.5, 18.3, 83.8, 31.4, 72.1, 55.8, 44.6, 500-999, 2024-07-17 16:19:15
"Primus Inter Pares Limited", 64999, 18.1, 13.5, 61.4, 26.4, 48.2, 60.6, 23.5, 76.8, 16.8, 84.3, 29.3, 71.7, 51.3, 45.9, 250-499, 2025-03-05 08:50:42
"Weightmans LLP", 64990, 22.8, 17.1, 70.2, 30.8, 53.9, 65.4, 25.4, 75.9, 18.6, 84.1, 30.6, 72.4, 56.1, 43.6, 1000-1999, 2024-10-29 13:54:23
"Charles Russell Speechlys LLP", 64209, 24.1, 18.5, 72.9, 32.2, 55.3, 65.9, 27.3, 75.2, 19.6, 84.5, 31.1, 72.5, 57.4, 44.9, 500-999, 2024-08-26 09:04:01
"CN Group of Companies Limited", 64990, 21.5, 16.4, 68.3, 28.5, 52.1, 63.8, 26.4, 76.1, 18.9, 83.4, 30.8, 71.9, 54.6, 44.5, 250-499, 2024-12-02 11:45:20
"Lister LLP", 64999, 19.9, 14.9, 63.3, 27.1, 49.5, 61.2, 24.2, 77.3, 17.4, 84.8, 29.6, 71.3, 50.9, 46.2, 1000-1999, 2024-06-19 12:16:59
"Pinsent Masons LLP", 64990, 26.8, 20.4, 74.4, 33.9, 56.5, 67.1, 28.1, 74.9, 20.3, 84.9, 32.3, 72.7, 58.9, 45.3, 500-999, 2024-05-21 09:49:12
"Acuity Training Limited", 64999, 16.3, 12.1, 60.5, 25.6, 47.3, 60.4, 22.9, 77.6, 15.9, 85.2, 28.2, 70.6, 48.5, 47.1, 100-249, 2024-11-23 14:23:00
"DWF LLP", 64990, 23.9, 18.1, 71.9, 31.3, 54.7, 65.7, 27.9, 75.6, 20.2, 84.4, 31.8, 72.3, 56.3, 44.4, 1000-1999, 2024-09-14 11:40:56
"Leeds Building Society", 64999, 18.5, 13.8, 62.8, 26.7, 49.3, 60.9, 24.5, 76.9, 17.1, 84.4, 29.7, 71.5, 51.6, 46.1, 1000-1999, 2024-07-10 14:39:51
"Gateley LLP", 64999, 20.3, 15.4, 68.9, 29.4, 52.9, 64.3, 26.6, 76.2, 19.1, 84.2, 31.4, 72.1, 55.4, 44.9, 1000-1999, 2024-08-23 09:15:02
"Womble Bond Dickinson (UK) Limited", 64990, 24.6, 18.8, 73.2, 32.4, 55.6, 66.3, 27.7, 75.5, 20.4, 84.9, 31.9, 72.9, 57.8, 45.2, 1000-1999, 2024-11-18 10:50:19
"Clifford Chance LLP", 64990, 26.4, 20.2, 74.6, 34.1, 56.9, 68.1, 28.6, 75.1, 21.1, 85.3, 32.5, 73.1, 59.4, 45.8, 500-999, 2024-09-05 14:25:19
"McDermott, Will & Emery (London) LLP", 64209, 22.3, 16.7, 70.5, 30.5, 53.7, 65.2, 26.2, 75.8, 19.4, 84.4, 30.9, 72.4, 56.1, 44.6, 1000-1999, 2025-02-15 12:42:51
"RPC", 64990, 25.1, 19.4, 72.2, 32.7, 54.9, 65.9, 27.9, 75.3, 20.5, 84.8, 31.3, 72.7, 57.1, 45.4, 500-999, 2024-06-07 15:33:01
"Walker Morris LLP", 64999, 19.2, 14.5, 65.9, 27.8, 50.5, 61.4, 25.3, 76.9, 17.7, 84.3, 29.8, 71.2, 50.6, 46.5, 1000-1999, 2024-10-07 13:18:32
"Squire Patton Boggs (UK) LLP", 64990, 26.3, 20.1, 74.7, 34.2, 57.1, 68.4, 28.7, 75.5, 21.3, 85.5, 32.9, 73.2, 60.2, 46.3, 500-999, 2024-05-29 10:45:40
"Burges Salmon LLP", 64999, 21.7, 16.3, 69.5, 29.6, 53.3, 64.2, 27.5, 76.4, 19.4, 84.2, 31.2, 72.3, 55.2, 44.5, 1000-1999, 2024-12-12 09:38:54
"Dentons UK and Middle East LLP", 64990, 23.4, 17.6, 71.4, 31.1, 54.5, 66.3, 27.3, 75.8, 20.6, 84.9, 31.5, 72.7, 56.6, 45.3, 1000-1999, 2024-07-24 13:39:49
"Fieldfisher Limited", 64999, 18.9, 13.4, 62.2, 26.2, 48.3, 60.7, 24.8, 76.9, 17.3, 84.5, 29.4, 71.4, 51.1, 46.2, 1000-1999, 2024-10-16 10:54:12
"Osborne Clarke LLP", 64990, 25.7, 19.7, 73.8, 33.3, 56.3, 67.4, 28.4, 75.2, 21.2, 85.2, 32.6, 73.3, 59.4, 46.3, 500-999, 2024-09-28 12:56:39
"DWFM LLP", 64990, 24.9, 18.9, 72.6, 32.5, 55.8, 66.1, 27.9, 75.6, 20.7, 85.1, 31.7, 73.1, 57.7, 45.6, 1000-1999, 2024-05-14 14:49:42
"Blake Morgan LLP", 64999, 22.1, 16.2, 69.1, 29.8, 52.5, 64.2, 26.6, 76.3, 19.2, 84.6, 30.7, 72.3, 55.3, 44.8, 1000-1999, 2024-06-13 10:47:06
"Addleshaw Goddard LLP", 64990, 26.2, 20.3, 74.9, 34.6, 57.5, 68.6, 29.1, 75.2, 21.8, 85.5, 33.1, 73.4, 61.2, 47.4, 500-999, 2024-11-25 15:16:49
"Gardiner & Theobald Limited", 64999, 17.3, 12.7, 61.1, 25.5, 47.8, 60.5, 23.4, 77.3, 16.2, 85.2, 28.6, 70.8, 48.9, 47.4, 1000-1999, 2024-08-01 12:33:21
"DAWSON WAMERMAN LLP", 64990, 25.4, 19.6, 72.3, 32.8, 55.2, 66.2, 28.2, 75.4, 20.9, 84.9, 31.5, 72.9, 57.4, 45.5, 1000-1999, 2024-04-26 14:41:36
"MAZARS LLP", 64990, 24.2, 18.2, 71.8, 31.4, 54.1, 65.8, 27.4, 75.8, 20.3, 84.8, 31.2, 72.7, 56.5, 45.4, 500-999, 2024-07-16 13:31:38
"Jones Day (London) LLP", 64990, 27.6, 21.4, 75.8, 35.6, 58.5, 69.3, 29.5, 75.1, 22.2, 86.1, 33.4, 74.1, 62.3, 48.5, 1000-1999, 2024-10-28 09:34:44
"Bates Wells & Braithwaite LLP", 64999, 18.1, 13.3, 62.6, 26.5, 48.6, 61.1, 24.7, 77.1, 17.4, 84.7, 29.5, 71.4, 51.4, 46.6, 1000-1999, 2024-09-12 14:26:50
"Penningtons Manches Cooper LLP", 64990, 23.5, 17.4, 70.8, 30.7, 53.6, 65.7, 27.3, 76.1, 20.3, 84.7, 31.3, 72.5, 56.3, 44.9, 1000-1999, 2024-08-22 09:11:50
"DLA Piper UK LLP", 64990, 25.9, 20.1, 73.9, 34.1, 56.4, 67.6, 28.6, 75.4, 21.3, 85.2, 32.9, 73.5, 60.3, 47.7, 500-999, 2024-12-05 14:35:01
"Collyer Bristow LLP", 64999, 19.5, 14.8, 64.3, 27.4, 50.2, 61.6, 25.6, 76.9, 17.9, 84.9, 29.9, 71.6, 50.9, 46.4, 1000-1999, 2024-06-28 11:12:54
"TLT LLP", 64990, 24.5, 18.6, 72.3, 32.2, 55.4, 65.9, 27.8, 75.6, 20.7, 84.9, 31.4, 73.1, 57.4, 45.9, 1000-1999, 2024-05-24 13:57:49
"Simpson Thacher & Bartlett LLP", 64990, 26.8, 20.7, 75.1, 34.9, 58.1, 69.2, 29.3, 75.3, 22.1, 86.1, 33.4, 74.3, 62.5, 48.9, 500-999, 2024-09-18 15:03:52
"Berwin Leighton Paisner LLP", 64990, 25.1, 19.3, 72.4, 32.6, 55.6, 66.4, 28.3, 75.4, 20.8, 85.1, 31.7, 73.2, 57.9, 45.7, 1000-1999, 2024-10-21 10:19:46
"TLT (Jersey) Limited", 64990, 24.7, 18.8, 72.9, 33.1, 56.1, 66.5, 28.4, 75.7, 21.1, 85.3, 32.1, 73.5, 58.3, 46.6, 1000-1999, 2024-05-08 11:38:41
"Simmons & Simmons", 64990, 26.3, 20.5, 74.5, 34.7, 57.8, 69.4, 29.4, 75.2, 22.3, 86.4, 33.6, 74.4, 62.2, 49.1, 500-999, 2024-12-10 15:16:04
"Addleshaw Goddard (International) Limited", 64999, 21.9, 16.7, 69.7, 30.1, 53.4, 64.5, 27.6, 76.5, 20.1, 84.9, 31.6, 72.5, 55.7, 44.9, 1000-1999, 2024-07-03 09:14:22
"MISHCON DE REYA GROUP (OPERATIONS) LIMITED",64209,21.5,16.7,59.2,25.1,49.3,62.9,24.3,71.9,17.8,80.2,26.5,69.1,48.5,38.6,500-999,2025-04-24 10:20:02
"HUNTONS LLP",64101,27.8,20.9,71.1,34.5,56.7,65.9,29.4,78.3,22.1,85.1,30.8,75.3,56.9,42.4,1000-1999,2025-05-01 14:30:11
"CLIFFORD CHANCE LLP",65112,24.2,18.3,65.9,29.4,52.3,60.6,27.3,73.9,20.5,82.3,28.9,70.1,52.6,40.3,2000-4999,2025-03-20 11:45:01
"MARTIN KNOX & CO SOLICITORS LIMITED",65112,20.9,16.2,61.8,26.5,48.5,59.9,24.5,70.8,19.2,80.6,25.9,67.3,48.2,36.8,500-999,2025-06-15 13:10:42
"PENNINGTONS MANCHES LLP",65112,22.5,17.4,63.2,28.3,50.9,61.4,26.1,72.5,21.1,81.1,27.5,69.5,51.1,38.9,500-999,2025-04-18 10:50:23
"JOSEPH SARWARY SOLICITORS LLP",64209,25.6,19.5,68.1,31.9,54.4,63.8,29.2,76.5,23.5,84.7,31.3,72.5,54.9,41.4,1000-1999,2025-05-25 14:05:02
"WILKINSON BAKER",64101,19.3,15.5,59.1,24.9,47.8,58.3,23.3,69.3,18.8,78.5,24.8,65.1,47.3,35.6,500-999,2025-03-10 12:30:00
"COOPER PIMLIco LLP",65112,23.9,18.8,66.2,29.8,51.5,61.8,28.1,74.3,22.3,82.9,29.6,70.8,51.9,39.3,1000-1999,2025-04-12 11:40:11
"STEPHENSON LAW LLP",65112,26.3,20.2,70.4,32.6,55.9,64.2,30.5,77.4,24.2,86.1,31.9,73.3,56.5,43.1,2000-4999,2025-06-08 10:00:05
"SIMMONDS MURRAY GRANT LLP",64101,24.8,18.9,66.9,30.2,53.1,62.5,29.3,75.1,21.9,83.3,30.8,71.1,53.5,40.5,500-999,2025-03-28 12:05:02
"BATES WELSH LLP",65112,21.9,17.1,62.8,27.4,49.4,60.2,27.1,72.6,19.6,80.9,28.3,68.5,49.7,37.5,500-999,2025-05-18 11:50:42
"WILSHIRE LAW LLP",64101,25.1,19.2,67.4,29.9,52.5,61.9,28.5,75.5,22.3,82.9,29.9,70.9,52.9,40.9,1000-1999,2025-03-15 12:10:23
"BAKER SMALL LLP",65112,28.4,21.8,72.9,35.5,57.4,65.2,32.3,79.3,24.8,86.5,33.9,75.9,58.1,44.4,1000-1999,2025-06-22 14:20:42
"SIMPSON MILLAR LLP",64101,18.7,14.9,58.3,24.1,46.8,57.5,22.9,68.1,17.5,76.9,23.6,63.5,46.4,34.9,500-999,2025-04-19 10:30:10
"REED SMITH LLP",65112,26.5,20.5,70.6,32.4,55.6,63.7,31.1,77.7,25.1,85.5,32.9,73.9,56.3,43.5,2000-4999,2025-05-02 14:10:01
"STEPHENSON COX",65112,29.7,22.9,74.3,37.1,60.1,67.2,34.4,81.4,26.5,88.9,35.9,77.1,61.1,46.6,1000-1999,2025-03-05 12:00:41
"MARTIN KNOX & CO SOLICITORS LIMITED",65112,20.2,16.3,60.9,26.2,48.7,59.3,24.1,70.2,18.5,79.4,25.3,66.3,48.4,36.1,500-999,2025-06-01 10:40:22
"SIMMONDS MURRAY GRANT LLP",64101,24.3,18.4,65.5,29.6,52.2,61.3,28.1,74.9,20.9,82.5,29.7,69.9,52.8,40.2,500-999,2025-03-25 12:25:52
"WILSHIRE LAW LLP",64101,25.5,19.6,68.3,31.2,54.6,63.1,29.4,76.7,23.7,84.3,31.1,72.1,55.1,42.1,1000-1999,2025-03-05 11:05:11
"HUNTONS LLP",64101,27.3,20.6,71.4,34.7,56.9,66.2,30.3,79.1,22.7,85.5,31.4,75.9,57.5,43.8,1000-1999,2025-05-15 14:40:40
"STEPHENSON COX",65112,28.8,21.9,73.4,35.9,58.3,65.6,32.6,80.4,25.3,87.5,33.9,76.1,59.1,45.1,2000-4999,2025-03-22 11:20:02
"PENNINGTONS MANCHES LLP",65112,22.2,17.3,62.3,27.2,49.1,59.7,26.1,71.1,20.5,79.3,27.6,68.3,49.5,37.4,500-999,2025-04-10 10:50:21
"COOPER PIMLIco LLP",65112,24.5,18.7,66.8,30.3,53.3,62.1,29.4,75.3,23.1,82.9,30.9,70.9,53.8,41.3,1000-1999,2025-04-14 11:50:41
"BAKER SMALL LLP",65112,27.9,21.2,72.2,34.4,56.2,65.4,31.3,78.9,24.9,85.9,32.7,75.5,57.1,43.8,1000-1999,2025-06-19 14:30:23
"BATES WELSH LLP",65112,22.8,17.9,63.5,28.6,50.7,61.2,27.5,72.9,21.2,81.1,28.9,69.3,51.1,39.1,500-999,2025-05-19 11:55:11
"SIMPSON MILLAR LLP",64101,19.1,15.2,59.5,25.4,47.4,58.5,23.1,69.2,18.3,78.2,24.4,64.5,47.2,35.8,500-999,2025-04-16 10:40:52
"HUNTONS LLP",64101,28.2,21.4,72.3,34.7,57.1,66.3,31.3,80.3,23.9,86.2,32.4,76.5,58.1,44.1,1000-1999,2025-05-22 14:45:01
"WILSHIRE LAW LLP",64101,26.8,20.6,70.2,32.5,55.4,64.1,30.5,78.4,25.5,85.1,31.9,73.9,56.3,43.9,1000-1999,2025-03-12 11:30:11
"STEPHENSON LAW LLP",65112,25.4,19.8,69.4,31.9,54.2,63.6,29.7,76.9,24.2,84.1,31.5,72.7,54.8,42.6,2000-4999,2025-06-11 10:10:04
"WILKINSON BAKER",64101,20.6,16.0,61.3,26.1,48.1,58.8,23.9,70.5,19.1,79.3,25.3,66.1,48.5,36.6,500-999,2025-03-09 12:15:02
"BATES WELSH LLP",65112,21.4,17.0,61.9,27.3,49.3,60.3,25.6,72.2,20.2,80.4,27.2,68.7,49.8,37.6,500-999,2025-05-20 11:50:11
"COOPER PIMLIco LLP",65112,25.9,19.4,68.8,31.5,54.4,63.3,30.2,77.3,23.9,84.7,31.9,72.9,55.1,42.8,1000-1999,2025-04-16 11:40:02
"SIMPSON MILLAR LLP",64101,18.3,14.6,57.5,23.8,46.4,56.6,22.1,67.4,16.8,75.9,23.2,62.5,46.2,34.2,500-999,2025-04-20 10:10:41
"STEPHENSON COX",65112,30.5,22.6,75.6,37.8,61.4,68.5,35.2,82.4,27.3,89.2,36.9,78.3,62.2,47.1,2000-4999,2025-03-21 11:40:00
"SIMMONDS MURRAY GRANT LLP",64101,23.6,18.1,64.4,28.5,51.9,60.7,27.7,73.8,21.5,81.5,29.3,69.7,52.1,40.4,500-999,2025-03-26 12:20:21
"STEPHENSON COX",65112,30.2,22.3,75.1,37.4,60.8,68.2,34.9,81.7,26.7,88.5,35.6,77.4,62.1,46.8,2000-4999,2025-03-14 11:50:11
"PENNINGTONS MANCHES LLP",65112,21.9,17.3,62.6,27.7,49.6,60.3,26.5,72.2,20.4,81.3,28.1,68.9,50.2,38.2,500-999,2025-04-09 10:50:41
"MARTIN KNOX & CO SOLICITORS LIMITED",65112,20.7,16.6,61.4,26.5,48.3,59.1,24.6,70.8,19.2,80.2,25.9,66.9,48.6,36.9,500-999,2025-06-02 10:40:40
"HUNTONS LLP",64101,28.1,21.2,72.5,34.3,57.9,66.5,31.4,80.4,24.3,86.3,32.2,76.7,59.4,44.7,1000-1999,2025-05-03 14:35:11
"WILSHIRE LAW LLP",64101,26.2,20.3,69.9,32.3,55.7,64.3,30.7,78.2,25.3,85.6,31.9,73.9,57.1,43.6,1000-1999,2025-03-11 11:30:21
"REED SMITH LLP",65112,25.8,19.7,69.7,31.8,54.2,63.4,30.2,77.1,24.4,84.3,31.9,72.7,55.1,42.6,2000-4999,2025-05-09 14:20:20
"SIMMONDS MURRAY GRANT LLP",64101,25.1,19.1,68.2,31.3,53.9,62.6,29.7,76.5,24.1,84.1,30.9,72.1,55.3,42.3,500-999,2025-03-24 12:15:42
"JOSEPH SARWARY SOLICITORS LLP",64209,26.9,20.9,71.8,33.7,57.1,65.5,31.6,79.3,25.8,86.7,32.9,76.3,59.3,45.1,1000-1999,2025-05-29 14:05:20
"BATES WELSH LLP",65112,23.1,18.2,65.2,29.5,52.4,61.5,28.3,74.5,22.1,82.3,29.8,70.7,53.1,41.1,500-999,2025-05-21 11:50:22
"HUNTONS LLP",64101,28.5,21.5,73.3,35.2,58.5,66.8,32.1,80.8,24.9,86.9,33.3,77.1,60.3,45.6,1000-1999,2025-05-26 14:40:02
"WILKINSON BAKER",64101,20.3,16.1,60.3,25.9,47.8,58.3,23.7,69.5,18.3,78.1,25.2,64.3,48.1,35.5,500-999,2025-03-08 12:15:11
"PENNINGTONS MANCHES LLP",65112,22.8,17.6,63.9,28.8,51.3,61.7,27.9,72.9,21.6,82.1,29.2,69.9,51.8,40.1,500-999,2025-04-17 10:50:22
MISHCON DE REYA GROUP (OPERATIONS) LIMITED,64209,24.2,17.5,65.6,25.5,52.8,61.2,26.5,75.1,18.5,85.5,29.3,74.9,54.8,43.6,500-999,2024-09-21 12:40:19
DENTONS UK AND IRELAND LLP,64209,20.8,15.2,63.4,20.4,51.2,59.6,24.8,72.3,16.6,82.1,28.5,72.9,53.5,41.4,1000-1999,2024-06-25 09:35:01
LEARADVISORY LIMITED,64209,22.9,16.8,66.9,22.3,53.1,60.5,25.9,74.3,17.2,84.2,30.1,75.7,54.1,42.9,500-999,2024-10-15 10:10:42
DLA PIPER (UK) LLP,64209,25.6,18.9,69.2,26.4,54.8,62.3,26.9,76.2,19.3,86.9,31.5,77.1,55.4,44.5,1000-1999,2024-07-17 14:05:18
STEPHENSON LAW LIMITED,64209,21.4,15.8,62.6,21.1,50.5,58.4,24.4,72.9,17.4,82.5,28.8,73.5,53.1,40.6,500-999,2024-08-28 11:25:04
BIRD BIRD,64209,23.7,17.3,64.4,23.6,52.1,60.3,25.5,74.9,18.7,85.3,30.4,76.5,54.5,43.2,1000-1999,2024-09-04 09:50:21
FRESHFIELDS BRUCES LLP,64209,26.4,19.4,70.5,27.2,55.9,63.8,27.6,78.1,20.5,88.8,32.1,79.5,56.4,45.6,1000-1999,2024-06-12 10:20:01
PANNONE PARTNERS LLP,64209,24.8,18.2,67.1,24.8,53.9,62.2,26.1,75.5,19.1,86.3,31.3,76.3,55.5,44.2,500-999,2024-08-01 12:45:23
SHEPHERD AND WEDDERBURN LLP,64209,25.2,18.6,68.3,25.8,54.4,62.8,26.4,76.5,19.4,87.3,31.8,78.2,55.9,45.1,1000-1999,2024-07-31 14:30:10
MAYER BROWN INTERNATIONAL LLP,64209,22.3,16.4,65.1,22.1,51.9,60.1,25.3,74.2,17.6,84.7,29.9,75.3,54.2,42.4,1000-1999,2024-06-20 11:05:19
DACBEACHCROFT PARTNERS LLP,64209,26.1,19.2,70.8,26.9,56.1,64.5,27.9,78.8,20.8,89.4,32.5,80.4,56.8,46.3,1000-1999,2024-09-09 13:20:06
SIMMONS SIMMONS LLP,64209,23.9,17.7,64.7,24.1,52.5,61.3,25.7,75.2,18.9,85.9,30.7,76.7,54.7,43.9,500-999,2024-07-22 10:35:04
BURRIDGE LLP,64209,21.8,15.6,62.1,21.5,50.1,58.2,24.2,73.4,17.3,82.2,28.2,72.9,52.9,40.2,500-999,2024-08-22 13:10:22
DACSOFFICE LIMITED,64209,25.9,19.1,69.5,26.1,54.9,63.5,27.1,77.1,20.2,88.5,32.1,79.1,56.1,45.5,1000-1999,2024-07-08 11:30:01
STEPHENSON TAYLOR LLP,64209,24.1,17.8,65.8,24.9,53.3,62.5,26.3,75.9,19.4,86.9,31.5,77.1,55.5,44.1,500-999,2024-06-19 10:50:05
ALBEMARLE & BATH LLP,64209,26.5,19.8,71.4,27.3,56.5,65.1,28.2,79.8,21.4,90.2,33.4,81.9,57.6,47.3,1000-1999,2024-08-05 13:55:19
BERWIN LEPENIC LIMITED,64209,22.9,16.9,66.2,22.5,52.7,60.7,25.6,74.8,18.1,84.9,30.3,76.4,54.4,43.1,500-999,2024-09-16 11:20:05
HERRINGTON CARMICHAEL LLP,64209,24.6,18.3,67.5,25.1,54.6,63.3,26.7,76.2,20.2,87.9,32.4,78.9,56.3,45.8,1000-1999,2024-06-11 12:40:12
HERRINGTON CARMICHAEL (SOLICITORS) LLP,64209,25.8,19.0,68.9,25.9,55.3,64.1,27.2,77.5,20.5,88.7,33.1,80.3,57.2,46.4,500-999,2024-07-02 14:15:01
STEPHENSON TAYLOR LIMITED,64209,22.1,16.2,64.3,21.9,51.2,59.4,24.9,73.8,17.1,82.6,28.1,72.2,52.5,39.9,500-999,2024-08-14 10:40:02
DACSOFFICE LIMITED (2),64209,26.6,19.7,71.6,27.4,57.1,66.1,28.5,80.6,21.6,91.3,34.1,83.9,58.4,48.3,1000-1999,2024-09-18 13:45:14
SIMMONS SIMMONS LLP (2),64209,23.5,17.4,64.1,23.9,52.3,60.5,25.5,75.3,18.8,85.7,30.6,76.5,54.4,43.4,500-999,2024-06-14 09:55:08
SHEPHERD WEDDERBURN LLP,64209,26.3,19.5,70.4,26.6,55.7,64.4,27.9,78.3,20.9,89.2,32.7,80.5,57.3,46.5,1000-1999,2024-08-29 14:10:19
DACBEACHCROFT PARTNERS LLP (2),64209,25.1,18.9,68.4,25.7,54.9,63.7,27.1,77.4,20.4,88.2,32.9,80.1,56.7,45.9,500-999,2024-09-23 12:05:04
DLA PIPER (UK) LLP (2),64209,25.5,19.2,69.1,26.2,55.4,64.2,27.4,78.1,21.0,89.5,33.3,81.2,57.1,46.6,1000-1999,2024-07-10 10:25:19
PANNONE PARTNERS LLP (2),64209,24.4,18.1,66.8,24.7,53.5,62.6,26.2,75.8,19.5,86.8,31.5,77.3,55.6,44.5,500-999,2024-10-08 13:10:01
BIRD BIRD LLP,64209,23.1,17.1,63.9,23.4,51.9,60.1,25.2,74.6,18.4,84.9,30.1,76.3,54.2,42.9,500-999,2024-09-11 12:05:09
FRESHFIELDS BRUCES LLP (2),64209,26.9,20.1,71.9,28.1,57.4,66.3,29.1,81.2,22.2,92.6,35.3,85.3,59.3,49.4,1000-1999,2024-06-26 10:50:16
STEPHENSON LAW LIMITED (2),64209,22.6,16.5,65.5,22.3,52.1,60.3,25.4,74.9,18.1,84.9,30.4,76.5,54.4,43.1,500-999,2024-07-25 11:55:09
MAYER BROWN INTERNATIONAL LLP (2),64209,23.6,17.4,64.4,23.8,52.4,60.5,25.6,75.3,19.1,85.7,30.9,76.7,54.6,43.5,1000-1999,2024-08-18 13:45:19
MISHCON DE REYA GROUP (OPERATIONS) LIMITED (2),64209,24.9,18.3,66.2,25.1,53.9,62.5,26.4,76.2,20.1,87.3,32.1,78.3,55.5,45.2,500-999,2024-09-02 14:20:05
DENTONS UK AND IRELAND LLP (2),64209,25.3,18.7,68.3,25.8,54.9,64.3,27.3,77.8,20.6,89.4,33.5,81.1,57.4,46.8,1000-1999,2024-07-15 13:50:01
LEARADVISORY LIMITED (2),64209,25.5,19.1,69.3,26.2,55.5,65.1,27.6,79.1,21.3,91.1,34.2,83.2,58.2,48.1,500-999,2024-06-05 11:10:15
BERWIN LEPENIC LIMITED (2),64209,22.5,16.8,65.7,22.4,52.4,60.6,25.5,74.9,18.5,84.9,30.6,76.7,54.6,43.5,500-999,2024-08-19 14:40:04
ALBEMARLE & BATH LLP (2),64209,26.8,20.0,72.1,27.9,58.3,67.2,28.9,81.7,22.5,93.2,36.3,86.9,60.4,50.3,1000-1999,2024-07-23 12:30:18
HERRINGTON CARMICHAEL LLP (2),64209,25.2,19.0,68.4,25.9,55.2,64.5,27.4,78.1,20.9,90.1,33.5,82.3,57.7,46.9,500-999,2024-06-28 13:50:08
DACSOFFICE LIMITED (3),64209,26.3,19.4,70.5,27.1,56.4,66.4,28.5,80.9,22.1,92.1,35.1,84.5,59.2,48.6,1000-1999,2024-09-25 13:40:19
STEPHENSON LAW LIMITED (3),64209,22.8,16.7,65.3,22.3,52.3,60.4,25.4,74.9,18.4,84.9,30.6,76.7,54.5,43.3,500-999,2024-07-29 14:50:01
SHEPHERD WEDDERBURN LLP (2),64209,26.0,19.6,70.6,27.3,56.1,66.6,28.7,81.3,22.3,92.8,35.9,87.1,60.2,49.7,1000-1999,2024-08-07 10:15:01
BURRIDGE LLP (2),64209,21.5,15.3,61.9,21.1,49.9,57.4,24.0,72.4,16.7,81.5,27.8,69.9,51.4,38.4,500-999,2024-09-05 11:20:04
SIMMONS SIMMONS LLP (3),64209,23.3,17.2,63.6,23.5,51.8,59.9,25.3,74.9,18.7,84.9,30.5,76.3,54.3,42.9,500-999,2024-10-10 14:45:09
DACBEACHCROFT PARTNERS LLP (3),64209,25.4,19.1,69.4,26.1,55.6,65.1,27.7,79.1,21.2,91.5,34.6,83.5,58.5,48.4,1000-1999,2024-06-04 11:40:02
PANNONE PARTNERS LLP (3),64209,24.7,18.4,67.0,25.0,54.3,63.2,26.8,76.5,20.4,88.5,33.2,80.4,56.8,46.2,500-999,2024-08-13 12:10:18
FRESHFIELDS BRUCES LLP (3),64209,27.3,20.3,72.5,28.4,58.8,68.1,29.6,82.5,23.1,94.9,37.3,88.3,61.4,51.3,1000-1999,2024-06-18 13:30:01
DLA PIPER (UK) LLP (3),64209,25.7,19.4,69.6,26.4,55.9,65.5,28.1,80.4,22.2,92.9,36.1,85.3,60.2,49.6,1000-1999,2024-08-22 13:40:18
BIRD BIRD LLP (2),64209,22.9,16.9,64.6,22.5,52.1,60.6,25.6,75.1,18.7,85.1,30.9,77.3,54.8,43.5,500-999,2024-09-17 11:30:05
HERRINGTON CARMICHAEL (SOLICITORS) LLP (2),64209,25.9,19.2,69.9,26.3,56.1,65.5,28.3,80.9,22.5,93.1,36.8,86.3,61.0,50.2,500-999,2024-06-24 12:40:19
STEPHENSON TAYLOR LLP (2),64209,23.8,17.5,64.9,24.2,53.1,61.4,26.1,76.1,19.6,87.1,32.2,79.1,56.4,45.4,500-999,2024-08-26 14:30:11
MISHCON DE REYA GROUP (OPERATIONS) LIMITED (3),64209,25.1,18.7,67.7,25.6,54.8,63.9,27.4,77.4,21.1,89.8,34.2,82.3,58.4,47.3,500-999,2024-06-23 11:00:01
DENTONS UK AND IRELAND LLP (3),64209,25.9,19.3,69.7,26.5,55.9,65.7,28.3,81.1,22.6,94.1,37.4,87.1,61.3,50.9,1000-1999,2024-07-11 13:15:19
"CHURCH COMMISSION FOR MENTAL HEALTH (CCMH)",64203,"-23.6","-31.1","-28.5","-34.7","32.1","61.9","20.9","70.3","12.5","82.1","26.3","70.4","51.1","43.9","501-1000","2025-02-27 10:45:02"
"FUNDING CIRCLE GROUP LTD",4779,"-10.2","-15.8","-7.9","-11.1","50.3","54.1","22.9","73.5","15.8","85.4","29.1","76.3","58.2","48.5","1000-4999","2025-03-19 16:32:19"
"SERCO LTD",82990,"-15.1","-20.4","-12.9","-17.3","38.5","60.6","19.4","69.2","11.9","80.9","24.7","72.1","52.9","46.2","5000-9999","2025-01-24 11:01:13"
"FOSTER DENFELD LIMITED",47990,"-8.5","-12.9","-5.6","-9.4","45.6","58.4","21.4","72.8","14.3","83.2","28.1","75.5","56.9","49.0","1000-4999","2025-02-14 14:23:59"
"BAE SYSTEMS plc",71129,"-20.9","-26.5","-18.2","-23.9","35.9","64.2","18.9","67.8","10.3","79.6","22.9","69.4","50.5","42.9","10000-49999","2025-04-11 12:57:34"
"SEEBOARD ENERGY LIMITED",35161,"-12.1","-17.3","-8.9","-13.2","42.3","56.7","20.5","70.9","13.6","81.5","27.3","73.8","54.4","47.4","500-999","2025-03-31 09:58:21"
"COMMONWEALTH DEVELOPMENT CORPORATION",64202,"-25.5","-31.8","-22.1","-27.9","31.9","63.9","17.4","65.5","9.5","76.5","20.9","68.3","48.2","40.6","500-999","2025-01-10 15:35:10"
"BT GROUP plc",63110,"-18.3","-23.9","-14.5","-19.3","40.5","61.3","19.2","69.4","12.1","79.9","25.4","71.4","52.9","45.6","10000-49999","2025-03-04 14:49:15"
"YORKSHIRE WASTE SERVICES LIMITED",38000,"-11.9","-16.3","-7.2","-10.6","48.7","52.3","21.7","72.2","14.7","82.9","29.4","74.6","57.2","50.0","1000-4999","2025-02-17 10:30:04"
"YOUNG ENTERPRISE SCHOOLS AND COMMUNITIES LTD",82990,"-14.9","-20.2","-10.5","-15.1","39.5","59.5","18.9","68.3","12.1","78.9","23.5","70.9","50.9","44.2","500-999","2025-01-27 14:50:01"
"THE CO-OPERATIVE BANK plc",64190,"-22.8","-28.5","-20.1","-25.9","36.4","63.8","16.4","65.9","8.9","75.6","21.1","68.1","48.4","41.1","10000-49999","2025-03-21 16:20:15"
"REED SMITH LLP",64209,"-18.5","-24.1","-15.3","-20.6","41.1","62.9","20.2","70.1","13.5","80.5","26.9","72.6","54.5","46.9","5000-9999","2025-02-24 11:37:42"
"CHEVRON U.K. LIMITED",66130,"-16.1","-21.4","-12.1","-16.5","43.9","55.1","22.1","71.9","15.3","82.3","30.1","74.2","57.8","51.2","1000-4999","2025-01-19 12:56:03"
"THE COTTEE LIMITED",64201,"-21.4","-27.1","-19.2","-24.8","38.6","62.6","18.5","66.8","10.2","77.2","22.3","69.2","49.3","43.2","500-999","2025-03-15 14:32:51"
"ENERGY UK",64209,"-19.5","-25.2","-16.7","-22.1","42.2","61.8","20.8","70.5","14.1","80.2","28.5","73.1","55.3","48.2","1000-4999","2025-04-05 16:10:55"
"ASDA GROUP LIMITED",47110,"-13.4","-18.6","-8.3","-12.5","51.3","53.7","23.5","72.6","16.4","83.4","32.1","76.4","59.1","51.9","5000-9999","2025-02-28 09:38:45"
"AIRBUS UK LIMITED",68100,"-15.3","-20.7","-11.2","-15.6","44.3","56.1","21.9","70.5","14.8","82.1","30.5","75.2","58.5","50.8","1000-4999","2025-03-12 14:45:52"
"THE ROYAL AERONAUTICAL SOCIETY",82990,"-17.9","-24.4","-14.1","-19.7","40.7","60.5","19.4","69.3","12.9","80.1","24.9","71.9","52.5","46.3","500-999","2025-02-20 10:56:19"
"ROYAL MAIL GROUP LIMITED",64203,"-20.1","-26.2","-17.5","-23.5","37.5","63.1","17.9","65.7","9.8","76.3","21.5","68.2","48.5","41.3","5000-9999","2025-01-05 16:03:43"
"TFW LIMITED",64209,"-21.9","-28.3","-19.9","-25.6","36.3","63.7","16.3","65.1","8.5","75.4","20.9","67.8","47.9","40.9","500-999","2025-03-25 16:38:36"
"THOMAS COOK AIRLINES LIMITED",64202,"-24.8","-31.5","-21.7","-27.3","34.9","63.3","15.4","64.8","7.9","75.7","19.4","66.5","46.3","39.5","500-999","2025-02-04 10:22:30"
"THE POST OFFICE LIMITED",64203,"-19.2","-25.1","-15.4","-21.1","41.9","61.1","20.1","70.4","13.4","80.1","27.5","72.6","54.9","47.5","1000-4999","2025-04-01 15:30:02"
"DOWTY POWER BOMBARDIER LIMITED",64202,"-22.5","-29.2","-19.4","-24.9","38.2","62.4","17.1","65.9","9.3","76.5","21.3","68.1","48.7","42.1","500-999","2025-03-28 14:19:01"
"LLOYDS BANKING GROUP PLC",64203,"-21.6","-27.5","-18.9","-24.6","39.8","61.4","18.6","66.9","10.2","76.5","23.5","68.9","49.2","42.9","10000-49999","2025-02-12 15:49:39"
"TATE & LYLE SUGAR LIMITED",64209,"-20.3","-26.6","-16.1","-22.4","42.8","61.2","20.5","70.3","13.7","80.1","28.3","72.8","55.4","48.6","1000-4999","2025-03-18 12:32:14"
"ROYAL BOROUGH OF KENSINGTON AND CHELSEA",82990,"-18.2","-24.5","-14.5","-20.1","41.6","61.4","19.7","69.5","12.9","80.3","26.5","71.9","53.4","46.9","100-499","2025-03-22 15:24:47"
"THE DEPARTMENT FOR EDUCATION AND SKILLS",64203,"-16.4","-22.1","-11.9","-16.5","43.9","57.9","21.3","71.2","14.8","82.6","29.9","74.9","58.5","51.3","1000-4999","2025-04-04 09:54:22"
"ZOLA PENSIONS GROUP LIMITED",64209,"-22.1","-28.8","-19.5","-25.2","38.7","62.5","17.4","65.7","9.5","76.1","21.3","67.8","48.2","41.5","500-999","2025-01-16 10:44:57"
"THE DEPARTMENT FOR TRANSPORT",82990,"-14.8","-20.4","-9.4","-14.1","46.6","54.4","22.8","72.4","15.5","83.3","31.4","76.3","60.2","53.0","1000-4999","2025-02-26 15:38:48"
"THE ROYAL MARINES",64201,"-17.8","-24.7","-13.5","-19.4","41.3","61.7","19.2","69.6","12.9","80.4","26.1","72.1","53.9","46.7","100-499","2025-04-08 16:46:39"
"WATERS MEAD LIMITED",82990,"-15.7","-21.3","-10.9","-15.5","43.1","56.9","21.1","70.9","14.2","82.1","29.7","74.4","58.5","51.0","1000-4999","2025-02-11 11:42:15"
"THE OFFICE FOR STUDENTS",64209,"-19.8","-26.5","-16.2","-22.9","42.3","61.7","19.8","70.2","13.5","80.1","27.7","72.4","55.1","48.4","1000-4999","2025-03-09 09:31:58"
"BAE SYSTEMS PROPERTY AND SERVICES LIMITED",71129,"-21.1","-27.8","-18.7","-24.5","37.5","63.3","17.4","65.8","9.3","76.3","20.9","68.1","47.9","41.1","500-999","2025-01-23 15:04:41"
"KANSAS NATIONAL GUARD",64202,"-24.2","-30.5","-20.9","-26.4","35.4","62.9","15.9","64.7","7.8","75.5","19.5","66.5","46.4","40.2","100-499","2025-02-21 09:59:34"
"THE MINISTRY OF JUSTICE",64203,"-20.5","-26.9","-18.1","-23.8","39.5","62.9","18.1","66.7","10.4","76.5","22.9","68.6","49.3","42.7","5000-9999","2025-03-11 15:51:30"
"THE FOREIGN AND COMMONWEALTH OFFICE",64209,"-18.8","-25.4","-14.7","-20.5","42.7","61.3","20.6","70.3","14.2","80.9","29.3","73.3","56.5","49.4","500-999","2025-01-09 10:55:41"
"THE DEPARTMENT FOR BUSINESS, ENERGY AND INDUSTRIAL STRATEGY",64209,"-16.6","-22.9","-11.4","-16.7","43.8","58.2","21.6","71.4","15.2","82.9","31.4","75.3","59.5","52.1","1000-4999","2025-01-29 14:49:38"
"WELSH GOVERNMENT",64209,"-20.7","-27.3","-17.9","-24.5","40.5","62.9","18.5","66.7","10.9","76.9","23.1","68.9","49.5","43.2","5000-9999","2025-03-29 16:01:20"
"THE DEPARTMENT FOR WORK AND PENSIONS",64201,"-19.9","-26.6","-16.6","-23.1","41.4","61.4","19.3","69.8","12.4","79.4","25.6","71.2","52.9","46.4","1000-4999","2025-04-07 11:08:35"
"THE HOME OFFICE",64209,"-21.4","-28.1","-19.3","-25.8","38.2","62.2","17.9","65.7","9.9","76.1","21.7","67.9","48.5","41.9","500-999","2025-01-25 10:05:43"
"Walker Sime Ltd", 70200, 11.5, 7.9, 41.9, 15.6, 50.1, 69.0, 13.9, 82.3, 21.4, 75.6, 46.3, 55.1, 62.9, 35.6, 100-249, 2024-09-17 10:02:42
"Lambert Smith Hampton", 70200, 28.9, 20.5, 85.2, 35.9, 58.0, 64.2, 28.9, 73.4, 39.1, 82.9, 56.2, 48.9, 68.3, 41.8, 1000-1999, 2024-08-20 11:45:15
"Cluttons LLP", 70200, 19.1, 12.3, 63.4, 24.5, 53.2, 63.5, 24.8, 75.2, 31.9, 83.1, 42.9, 51.3, 59.4, 43.9, 500-999, 2024-07-24 14:01:42
"Hardwicke Chambers", 74200, 35.6, 26.8, 91.9, 40.3, 60.1, 61.1, 36.3, 72.8, 44.9, 80.6, 61.2, 49.5, 70.9, 46.3, 1000-1999, 2024-10-01 10:05:12
"Hill Dickinson LLP", 70200, 25.4, 18.2, 78.1, 29.9, 54.9, 68.2, 29.4, 78.9, 38.5, 85.3, 51.9, 47.1, 65.6, 42.4, 500-999, 2024-09-15 11:49:35
"Shoosmiths LLP", 70200, 18.9, 13.5, 65.3, 25.8, 52.1, 65.6, 26.2, 76.1, 33.1, 82.5, 44.5, 50.3, 58.9, 44.9, 1000-1999, 2024-08-14 15:32:19
"Blake Morgan LLP", 70200, 29.8, 21.9, 80.9, 32.5, 57.3, 66.3, 31.5, 79.1, 40.9, 85.5, 55.6, 48.2, 67.3, 45.8, 500-999, 2024-10-10 12:01:59
"Gateley Plc", 70200, 22.1, 16.3, 72.9, 28.1, 54.5, 68.0, 27.9, 76.8, 36.5, 83.2, 49.2, 50.5, 61.9, 42.3, 1000-1999, 2024-09-25 10:49:42
"Berwin Leighton Paisner LLP", 70200, 32.4, 24.2, 88.5, 36.8, 59.2, 66.4, 34.5, 80.5, 42.1, 86.2, 58.3, 47.9, 69.9, 46.9, 500-999, 2024-10-03 14:05:19
"Mishcon de Reya (Solicitors) LLP", 70200, 24.9, 18.5, 76.2, 29.7, 55.5, 67.8, 30.2, 78.3, 38.9, 84.9, 51.1, 48.5, 63.8, 43.3, 1000-1999, 2024-08-17 15:47:51
"Taylor Wessing LLP", 70200, 27.3, 20.1, 81.9, 31.9, 56.9, 65.8, 31.3, 78.9, 40.5, 84.5, 53.4, 49.3, 65.4, 45.4, 500-999, 2024-09-11 11:21:29
"Macfarlanes LLP", 70200, 23.6, 17.2, 75.1, 28.4, 54.9, 65.9, 29.5, 77.2, 37.4, 83.9, 49.5, 49.6, 61.9, 43.8, 1000-1999, 2024-08-22 13:40:15
"Hogan Lovells (International) LLP", 70200, 30.5, 22.8, 85.5, 33.5, 58.3, 65.4, 33.1, 81.3, 41.9, 86.5, 56.4, 48.3, 68.9, 46.2, 500-999, 2024-09-29 15:05:41
"DLA Piper UK LLP", 70200, 26.2, 19.4, 79.9, 30.2, 56.4, 66.4, 30.8, 80.2, 40.2, 85.1, 52.4, 49.1, 64.6, 44.4, 1000-1999, 2024-10-09 11:23:29
"Burges Salmon LLP", 70200, 21.9, 16.1, 71.9, 26.9, 53.5, 65.2, 28.1, 77.8, 35.9, 83.4, 46.5, 50.9, 59.4, 43.9, 500-999, 2024-09-01 10:39:51
"Clyde & Co LLP", 70200, 34.9, 25.7, 90.5, 37.9, 59.9, 65.6, 36.2, 82.3, 43.4, 87.1, 60.3, 48.2, 71.1, 47.4, 1000-1999, 2024-08-24 14:43:11
"Addleshaw Goddard LLP", 70200, 19.5, 14.3, 68.2, 25.4, 52.8, 64.5, 27.3, 76.2, 33.9, 82.9, 45.4, 51.9, 59.3, 44.9, 500-999, 2024-07-26 11:05:49
"Squire Patton Boggs (UK) LLP", 70200, 31.4, 23.5, 86.2, 33.9, 58.6, 66.1, 34.5, 81.1, 42.1, 86.7, 55.9, 48.6, 69.4, 46.5, 1000-1999, 2024-09-22 13:46:59
"Baker McKenzie LLP", 70200, 25.6, 19.1, 78.5, 29.6, 56.3, 66.5, 31.1, 79.5, 39.5, 84.9, 50.5, 49.3, 63.8, 44.4, 500-999, 2024-08-15 10:43:14
"Simmons & Simmons LLP", 70200, 20.9, 15.7, 70.3, 26.3, 53.2, 64.9, 29.5, 77.2, 34.9, 83.2, 44.9, 51.6, 58.9, 44.3, 1000-1999, 2024-08-21 13:29:25
"Linklaters LLP", 70200, 33.3, 24.9, 89.3, 36.6, 59.5, 66.2, 35.8, 82.5, 43.2, 87.3, 58.5, 48.4, 70.9, 46.4, 500-999, 2024-09-27 13:25:44
"Travers Smith LLP", 70200, 22.9, 17.5, 74.8, 28.8, 55.2, 66.2, 30.1, 78.9, 37.4, 84.3, 48.1, 50.7, 61.4, 44.1, 1000-1999, 2024-07-23 15:50:36
"Shakespeare Martineau LLP", 70200, 29.2, 21.4, 81.8, 31.4, 56.9, 65.4, 32.1, 80.3, 40.5, 85.7, 53.8, 48.5, 65.9, 45.4, 500-999, 2024-09-12 11:33:41
"Wragge Lawrence Graham & Co LLP", 70200, 23.8, 18.1, 76.1, 29.2, 54.5, 67.1, 30.9, 79.2, 38.3, 84.9, 49.3, 49.1, 62.8, 43.9, 1000-1999, 2024-07-29 14:43:25
"Herbert Smith Freehills LLP", 70200, 26.4, 19.7, 80.2, 30.5, 56.8, 65.6, 32.4, 80.9, 41.4, 85.8, 51.9, 49.2, 65.2, 45.9, 500-999, 2024-08-16 11:59:29
"Weightmans LLP", 70200, 24.1, 18.3, 77.3, 29.5, 55.8, 66.2, 31.5, 79.8, 38.5, 84.9, 49.4, 49.6, 62.5, 43.3, 1000-1999, 2024-09-25 11:41:52
"Headlight Park Ltd", 82990, 31.9, 23.3, 89.1, 33.9, 58.5, 66.1, 34.9, 82.2, 42.1, 87.4, 56.3, 48.3, 70.2, 46.5, 1000-1999, 2024-08-12 13:05:49
"Currie & Brown Ltd", 70200, 25.8, 19.5, 80.8, 30.8, 57.1, 65.3, 33.9, 81.2, 41.4, 86.3, 52.4, 49.2, 66.1, 45.4, 500-999, 2024-09-23 14:03:44
"Gateley PLC", 70200, 28.3, 21.1, 82.9, 32.2, 58.6, 65.4, 32.9, 81.3, 40.5, 86.2, 54.3, 48.5, 67.2, 45.4, 1000-1999, 2024-10-08 15:37:55
"Bevan Brittan LLP", 70200, 22.4, 16.8, 73.9, 27.5, 54.9, 65.2, 29.4, 78.1, 36.9, 84.2, 46.3, 50.3, 59.1, 43.9, 500-999, 2024-08-19 14:01:14
"Clifford Chance LLP", 70200, 30.2, 22.3, 84.9, 32.4, 59.1, 65.6, 34.5, 82.9, 42.3, 87.2, 55.5, 48.6, 69.9, 46.4, 1000-1999, 2024-09-18 10:58:51
"Gardiner & Theobald Ltd", 70200, 26.9, 20.3, 81.2, 30.8, 57.3, 65.9, 33.5, 81.6, 41.5, 86.5, 52.9, 49.3, 66.3, 45.9, 500-999, 2024-09-30 12:02:59
"Greenberg Traurig (International) LLP", 70200, 29.5, 21.6, 83.3, 32.5, 58.9, 65.9, 34.9, 83.2, 41.1, 88.2, 54.5, 48.9, 68.3, 46.3, 1000-1999, 2024-10-04 13:49:29
"Addleshaw Goddard", 70200, 20.3, 15.4, 69.5, 25.6, 52.4, 64.4, 27.4, 76.9, 34.4, 82.5, 44.3, 51.9, 58.5, 44.4, 500-999, 2024-09-05 10:57:19
"Wolford Limited", 82990, 28.9, 21.1, 83.9, 31.9, 59.2, 65.4, 34.5, 82.8, 41.4, 87.1, 53.5, 48.7, 66.9, 45.6, 1000-1999, 2024-08-28 15:26:12
"Quigg Group Ltd", 82990, 24.6, 18.9, 78.4, 29.7, 56.2, 66.3, 31.9, 80.5, 39.5, 85.9, 50.2, 49.2, 61.9, 44.1, 1000-1999, 2024-10-11 14:01:19
"Blake Morgan LLP", 70200, 26.6, 20.2, 80.2, 30.4, 57.1, 65.8, 33.2, 81.8, 41.3, 86.2, 51.9, 49.2, 65.4, 45.4, 500-999, 2024-09-26 11:45:29
"CooperGrace Ward", 82990, 22.1, 16.7, 74.8, 27.5, 54.4, 65.3, 30.9, 79.2, 37.1, 84.8, 46.9, 50.9, 59.4, 44.1, 500-999, 2024-09-10 14:38:51
"Scottish Widows", 66710, 32.4, 24.3, 89.9, 36.5, 59.5, 65.9, 36.5, 83.5, 43.6, 88.4, 59.3, 48.5, 71.2, 47.3, 1000-1999, 2024-08-25 10:34:59
"Epic Citadel Ltd", 82990, 25.9, 19.2, 79.9, 30.3, 57.3, 65.2, 32.9, 81.9, 41.2, 87.1, 51.9, 49.3, 64.9, 45.9, 500-999, 2024-10-14 14:29:35
"Clayton Utz", 82990, 29.2, 21.4, 83.2, 32.3, 59.4, 65.3, 34.9, 83.6, 41.4, 88.3, 54.2, 48.7, 68.2, 46.2, 1000-1999, 2024-08-18 15:39:49
"Bates Wells Braithwaite LLP", 70200, 25.1, 19.1, 79.1, 29.8, 56.9, 65.4, 31.9, 80.5, 40.5, 85.9, 50.9, 49.3, 63.9, 45.9, 500-999, 2024-09-07 14:45:11
"Simmons & Simmons", 70200, 27.5, 20.6, 82.2, 31.6, 58.2, 65.5, 33.4, 82.2, 41.5, 87.1, 53.3, 49.1, 66.2, 45.6, 1000-1999, 2024-08-11 13:35:35
