activity_year,derived_msa-md,state_code,county_code,census_tract,derived_loan_product_type,derived_dwelling_category,derived_ethnicity,derived_race,derived_sex,action_taken,loan_purpose,loan_amount,loan_to_value_ratio,interest_rate,rate_spread,hoepa_status,total_loan_costs,total_points_and_fees,origination_charges,discount_points,lender_credits,loan_term,prepayment_penalty_term,intro_rate_period,negative_amortization,interest_only_payment,balloon_payment,other_nonamortizing_features,property_value,construction_method,occupancy_type,manufactured_home_secured_property_type,manufactured_home_land_property_interest,total_units,multifamily_affordable_units,income,debt_to_income_ratio,applicant_credit_score_type,co-applicant_credit_score_type,applicant_ethnicity-1,co-applicant_ethnicity-1,applicant_ethnicity_observed,co-applicant_ethnicity_observed,applicant_race-1,co-applicant_race-1,applicant_race_observed,co-applicant_race_observed,applicant_sex,co-applicant_sex,applicant_sex_observed,co-applicant_sex_observed,applicant_age,co-applicant_age,applicant_age_above_62,co-applicant_age_above_62,submission_of_application,initially_payable_to_institution
2024,99999,CT,9150.0,9150708100.0,Conventional:Subordinate Lien,Single Family (1-4 Units):Site-Built,Not Hispanic or Latino,White,Male,File closed for incompleteness,32,25000.0,,,,3,,,,,,240,,,2,2,2,2,,1,1,3,5,1,,96.0,,1111,1111,2.0,5.0,2,4,5.0,8.0,2,4,1,5,2,4,65-74,9999,Yes,,1,1  
2024,99999,CA,1100.0,1100704001.0,FHA,Single Family (1-4 Units):Site-Built,Hispanic or Latino,White,Female,Loan originated,1,300000.0,82.0,4.5,0.5,2,,1000.0,1500.0,,3.0,,300,1,2,0,1,1,2,2,1,6,3,2,2,3,3,1,1,500000.0,Standard,Primary residence,Non-Mobile Home,Other,1,0,450000.0,45.0,3,3,2,1,5,1,1,1111,2.0,4.0,3,2,3,1,60-69,70-74,No,,1,1  
2024,99999,NY,4000.0,4000605001.0,FHA,Multi-Family (5+ Units):Site-Built,Hispanic or Latino,White,Male,Loan approved but not accepted,9,25000.0,80.0,4.7,0.8,1,,900.0,1000.0,,0.0,,360,1,1,0,1,1,3,1,0,5,1,3,1,1,4,1,1,250000.0,Standard,Primary residence,Mobile Home,Other,2,1,200000.0,34.0,3,3,2,1,2,2,2,2222,1.0,3.0,2,1,3,3,25-34,30-35,No,,2,2  
2024,99999,FL,2030.0,2030801002.0,Veterans Affairs,Single Family (1-4 Units):Site-Built,Not Hispanic or Latino,White,Female,Loan application denied by financial institution,2,180000.0,90.0,5.1,1.0,3,,500.0,750.0,,3.0,,150,1,1,0,1,1,5,3,1,3,1,4,4,2,3,1,1,300000.0,Standard,Primary residence,Non-Mobile Home,Other,2,1,125000.0,65.0,4,4,1,2,3,2,1,1111,2.0,4.0,4,2,3,2,35-44,55-64,Yes,,1,1  
2024,99999,TX,3000.0,3000900003.0,Conventional:First Lien,Single Family (1-4 Units):Site-Built,Hispanic or Latino,Black,Female,Loan originated,1,150000.0,88.0,4.2,0.4,2,,1200.0,2000.0,,2.0,,240,1,1,1,0,1,2,2,2,3,1,4,4,2,3,2,1,400000.0,Standard,Primary residence,Non-Mobile Home,Other,2,1,300000.0,24.0,4,3,2,1,2,1,1,1111,2.0,3.0,1,2,1,4,45-54,45-54,Yes,,2,2  
2024,99999,GA,4120.0,4120000005.0,Conventional:First Lien,Single Family (1-4 Units):Site-Built,Not Hispanic or Latino,Black,Female,Loan originated,1,200000.0,85.0,4.3,0.3,1,,1000.0,1500.0,,0.0,,180,1,1,1,1,1,2,1,0,3,1,4,3,4,4,1,1,450000.0,Standard,Primary residence,Non-Mobile Home,Other,2,1,200000.0,30.0,3,3,1,1,3,2,1,2222,2.0,4.0,3,2,3,3,65-74,65-74,Yes,,1,1  
2024,99999,NJ,2040.0,2040000003.0,FHA,Multi-Family (5+ Units):Mobile Home,Hispanic or Latino,White,Male,Loan originated,1,300000.0,82.0,4.6,0.6,2,,2000.0,1000.0,,0.0,,300,1,2,0,1,1,2,2,2,3,3,4,4,1,3,2,2,350000.0,Standard,Primary residence,Non-Mobile Home,Other,2,1,200000.0,30.0,0,2,1,1,1,1,2,2222,1.0,4.0,2,2,4,2,30-35,70-74,No,,1,2  
2024,99999,WA,3300.0,3300150004.0,Conventional:First Lien,Single Family (1-4 Units):Site-Built,Not Hispanic or Latino,White,Male,Loan originated,1,200000.0,80.0,4.0,0.5,1,,1500.0,2000.0,,0.0,,240,1,2,1,0,1,3,2,2,2,1,4,2,2,3,3,2,400000.0,Standard,Primary residence,Non-Mobile Home,Other,1,1,200000.0,40.0,4,3,1,2,2,1,2,1111,2.0,3.0,1,1,3,1,25-34,75-85,Yes,,1,1  
2024,99999,MN,2100.0,2100001005.0,Veterans Affairs,Single Family (1-4 Units):Site-Built,Not Hispanic or Latino,White,Female,Loan originated,9,125000.0,85.0,4.0,0.1,3,,1000.0,1300.0,,0.0,,360,1,1,0,1,1,2,2,1,2,2,3,1,2,2,2,1,200000.0,Standard,Primary residence,Mobile Home,Other,1,1,150000.0,45.0,2,3,1,2,2,1,1,2222,1.0,3.0,2,2,1,1,55-64,65-74,No,,2,2  
2024,99999,MA,1100.0,1100706007.0,FHA,Single Family (1-4 Units):Site-Built,Hispanic or Latino,Black,Female,Loan originated,1,250000.0,82.0,4.6,0.7,2,,1200.0,1800.0,,0.0,,240,1,1,1,0,1,4,2,2,3,1,3,3,2,2,1,1,400000.0,Standard,Primary residence,Non-Mobile Home,Other,1,0,300000.0,30.0,3,3,2,2,1,2,2,1111,2.0,4.0,2,2,2,2,35-44,55-64,Yes,,1,2  
2024,99999,OH,4000.0,4000130006.0,Conventional:First Lien,Single Family (1-4 Units):Site-Built,Not Hispanic or Latino,American Indian or Alaska Native,Female,Loan approved but not accepted,1,140000.0,90.0,4.2,0.9,1,,900.0,1500.0,,0.0,,180,1,0,0,1,1,3,3,1,4,1,4,3,2,3,2,1,190000.0,Standard,Primary residence,Non-Mobile Home,Other,1,1,120000.0,45.0,4,3,2,1,1,2,1,2222,1.0,3.0,1,2,3,1,50-59,75-85,Yes,,1,1  
2024,99999,WI,1200.0,1200120201.0,FHA,Single Family (1-4 Units):Site-Built,Hispanic or Latino,Biracial,Male,Loan approved but not accepted,2,350000.0,92.0,5.0,1.0,2,,800.0,1000.0,,0.0,,300,1,0,1,0,1,4,2,1,4,2,4,2,1,3,1,1,410000.0,Standard,Primary residence,Mobile Home,Other,2,1,300000.0,60.0,3,2,2,2,3,1,1,2222,1.0,3.0,2,1,3,3,40-49,50-59,No,,1,2  
2024,99999,PA,4040.0,4040701002.0,Conventional:First Lien,Single Family (1-4 Units):Site-Built,Not Hispanic or Latino,White,Female,Loan originated,1,320000.0,85.0,4.8,0.8,1,,1300.0,2000.0,,0.0,,240,1,2,0,1,0,2,1,1,4,2,4,1,2,3,2,1,400000.0,Standard,Primary residence,Non-Mobile Home,Other,2,1,120000.0,34.0,3,2,2,1,3,1,1,2222,1.0,3.0,1,1,3,2,35-44,55-64,No,,2,1  
2024,99999,IL,3100.0,3100101007.0,FHA,Single Family (1-4 Units):Site-Built,Not Hispanic or Latino,Black,Male,File closed for incompleteness,1,180000.0,80.0,4.5,0.8,2,,800.0,1000.0,,0.0,,300,1,1,0,1,1,2,1,0,3,1,3,3,1,2,1,1,200000.0,Standard,Primary residence,Non-Mobile Home,Other,2,1,80000.0,40.0,3,2,1,2,2,2,1,2222,1.0,3.0,1,2,2,2,50-59,45-54,Yes,,1,1  
2024,99999,CO,2030.0,2030100006.0,Conventional:First Lien,Single Family (1-4 Units):Site-Built,Hispanic or Latino,White,Male,Submitted application,1,150000.0,85.0,4.3,0.7,1,,1000.0,1300.0,,0.0,,240,1,1,1,0,1,1,1,1,2,2,4,4,4,4,1,1,250000.0,Standard,Primary residence,Mobile Home,Other,2,1,200000.0,25.0,3,4,2,1,2,2,1,1111,1.0,3.0,2,2,3,1,35-44,45-54,Yes,,2,2  
2024,99999,VA,5000.0,5000700003.0,FHA,Single Family (1-4 Units):Site-Built,Not Hispanic or Latino,White,Female,Loan originated,1,350000.0,90.0,4.7,0.8,2,,800.0,1200.0,,0.0,,360,1,0,0,0,1,2,2,1,4,3,3,2,1,2,1,1,450000.0,Standard,Primary residence,Non-Mobile Home,Other,2,1,400000.0,25.0,3,2,1,1,3,1,2,2222,2.0,4.0,3,1,1,1,30-35,35-44,No,,1,1  
2024,99999,NC,4100.0,4100700001.0,FHA,Single Family (1-4 Units):Site-Built,Hispanic or Latino,Black,Female,Approved but not accepted,1,175000.0,95.0,4.9,1.2,2,,1000.0,1200.0,,0.0,,300,1,0,1,0,1,3,1,2,2,1,3,3,3,3,1,1,250000.0,Standard,Primary residence,Mobile Home,Other,1,0,120000.0,45.0,2,2,1,2,3,2,2,1111,1.0,3.0,1,2,3,2,35-44,45-54,Yes,,2,1  
2024,99999,MD,2100.0,2100600005.0,Conventional:First Lien,Single Family (1-4 Units):Site-Built,Not Hispanic or Latino,White,Male,Approved but not accepted,1,180000.0,85.0,4.1,0.2,1,,1300.0,1400.0,,0.0,,240,1,1,0,1,1,2,1,1,4,1,2,2,3,1,1,1,250000.0,Standard,Primary residence,Non-Mobile Home,Other,2,1,200000.0,35.0,3,3,1,2,1,1,2,2222,1.0,3.0,2,1,1,1,50-59,45-54,Yes,,2,2  
2024,99999,KY,5000.0,5000000008.0,FHA,Single Family (1-4 Units):Site-Built,Not Hispanic or Latino,White,Female,Loan originated,1,250000.0,88.0,4.3,0.6,1,,900.0,1500.0,,1.0,,240,1,1,1,0,1,2,3,1,4,1,3,2,3,2,2,1,300000.0,Standard,Primary residence,Mobile Home,Other,2,1,250000.0,30.0,3,2,1,1,1,2,1,2222,1.0,3.0,1,1,2,3,25-34,45-54,Yes,,1,1  
2024,99999,AR,4000.0,4000101001.0,Conventional:First Lien,Single Family (1-4 Units):Site-Built,Not Hispanic or Latino,Black,Male,Loan originated,1,300000.0,85.0,4.1,0.5,2,,800.0,1300.0,,0.0,,300,1,1,1,0,1,2,1,1,4,3,2,2,1,1,1,1,300000.0,Standard,Primary residence,Non-Mobile Home,Other,2,1,250000.0,40.0,2,3,1,1,2,1,2,2222,2.0,3.0,1,1,2,2,45-54,40-49,No,,1,2  
2024,99999,FL,2030.0,2030105005.0,FHA,Single Family (1-4 Units):Site-Built,Hispanic or Latino,White,Female,Approved but not accepted,1,200000.0,82.0,4.6,0.7,3,,900.0,1300.0,,0.0,,180,1,1,1,0,1,2,1,1,4,2,2,2,2,3,2,1,300000.0,Standard,Primary residence,Non-Mobile Home,Other,2,1,200000.0,25.0,3,3,2,1,3,2,2,2222,1.0,3.0,1,1,2,1,55-64,45-54,No,,2,1  
2024,99999,MO,3100.0,3100701002.0,Conventional:Subordinate Lien,Single Family (1-4 Units):Site-Built,Not Hispanic or Latino,White,Male,Submitted application,1,350000.0,90.0,4.8,1.0,2,,1100.0,1500.0,,0.0,,240,1,0,1,0,1,3,1,1,2,1,4,3,3,2,1,1,350000.0,Standard,Primary residence,Mobile Home,Other,1,1,200000.0,23.0,3,2,1,1,2,1,2,1111,1.0,3.0,2,2,3,3,75-85,25-34,Yes,,1,1  
2024,99999,SC,4000.0,4000700004.0,FHA,Single Family (1-4 Units):Site-Built,Hispanic or Latino,White,Male,Loan originated,1,310000.0,82.0,4.7,0.8,2,,1000.0,1200.0,,0.0,,360,1,1,0,1,1,2,1,1,4,2,3,3,2,2,2,1,400000.0,Standard,Primary residence,Non-Mobile Home,Other,2,1,300000.0,35.0,4,3,2,1,3,1,1,2222,2.0,4.0,1,2,3,2,50-59,40-49,No,,1,2  
2024,99999,OR,1000.0,1000400005.0,Conventional:First Lien,Single Family (1-4 Units):Site-Built,Not Hispanic or Latino,White,Female,Loan originated,1,300000.0,80.0,4.2,0.6,2,,1500.0,1000.0,,3.0,,360,1,2,0,1,1,2,2,1,4,2,4,2,3,2,2,1,400000.0,Standard,Primary residence,Non-Mobile Home,Other,2,1,200000.0,30.0,4,4,1,1,2,2,1,2222,2.0,4.0,2,1,4,2,55-64,25-34,Yes,,1,1  
2024,99999,AL,0030.0,0030100005.0,FHA,Single Family (1-4 Units):Site-Built,Hispanic or Latino,White,Female,Loan originated,1,220000.0,80.0,4.1,0.9,3,,1100.0,1000.0,,0.0,,300,1,1,1,0,1,3,2,2,3,1,3,3,2,2,2,1,350000.0,Standard,Primary residence,Non-Mobile Home,Other,2,1,300000.0,20.0,3,2,2,1,2,2,1,2222,2.0,3.0,2,2,2,2,45-54,35-44,Yes,,2,2  
2024,99999,WV,6000.0,6000000004.0,Conventional:First Lien,Single Family (1-4 Units):Site-Built,Not Hispanic or Latino,White,Male,Approved but not accepted,1,280000.0,90.0,4.5,0.3,2,,1200.0,1500.0,,0.0,,360,1,1,1,0,1,3,1,1,3,2,4,2,1,1,1,1,350000.0,Standard,Primary residence,Non-Mobile Home,Other,2,1,200000.0,42.0,3,2,1,2,1,1,2,1111,2.0,4.0,3,1,2,3,25-34,55-64,No,,1,1  
2024,99999,IN,2040.0,2040100001.0,FHA,Single Family (1-4 Units):Site-Built,Not Hispanic or Latino,White,Female,Loan originated,1,250000.0,85.0,4.6,0.5,1,,1000.0,1300.0,,0.0,,360,1,2,1,0,1,2,2,2,3,1,3,2,2,3,2,1,300000.0,Standard,Primary residence,Non-Mobile Home,Other,1,0,300000.0,32.0,2,2,1,1,1,2,2,1111,1.0,3.0,2,2,1,1,65-74,40-49,Yes,,2,2  
2024,99999,MS,5000.0,5000500002.0,Conventional:First Lien,Single Family (1-4 Units):Site-Built,Not Hispanic or Latino,White,Male,Loan originated,1,300000.0,88.0,4.5,0.3,1,,1000.0,2000.0,,2.0,,180,1,1,1,0,1,2,0,0,4,2,4,2,1,3,2,1,300000.0,Standard,Primary residence,Non-Mobile Home,Other,1,1,200000.0,30.0,3,2,1,1,1,1,1,1111,1.0,4.0,2,2,3,2,25-34,55-64,Yes,,1,1  
2024,99999,VT,1000.0,1000702001.0,Conventional:First Lien,Single Family (1-4 Units):Site-Built,Hispanic or Latino,Black,Male,Submitted application,1,275000.0,85.0,4.2,0.1,1,,1400.0,1200.0,,0.0,,300,1,2,0,1,1,2,1,1,3,2,3,2,4,3,2,1,350000.0,Standard,Primary residence,Non-Mobile Home,Other,2,1,250000.0,40.0,3,4,2,1,2,2,2,2222,2.0,3.0,2,1,3,3,65-74,50-59,Yes,,2,1  
2024,99999,ME,1000.0,1000100002.0,FHA,Multi-Family (5+ Units):Site-Built,Not Hispanic or Latino,White,Female,File closed for incompleteness,9,150000.0,90.0,4.8,1.0,1,,800.0,1500.0,,0.0,,240,1,1,0,1,1,2,1,1,2,2,4,2,2,1,1,1,375000.0,Standard,Primary residence,Mobile Home,Other,2,1,300000.0,25.0,4,3,1,1,3,2,2,2222,1.0,3.0,2,1,3,3,35-44,65-74,Yes,,1,2  
2024,99999,MD,2100.0,2100120005.0,Conventional:First Lien,Single Family (1-4 Units):Site-Built,Not Hispanic or Latino,White,Male,Loan originated,1,325000.0,85.0,4.1,0.2,2,,1000.0,1500.0,,0.0,,240,1,1,1,0,1,2,1,1,4,2,3,3,1,1,1,1,350000.0,Standard,Primary residence,Non-Mobile Home,Other,1,1,200000.0,40.0,3,2,1,2,1,1,1,1111,2.0,3.0,2,2,3,1,50-59,45-54,Yes,,1,1  
2024,99999,NE,1000.0,1000101006.0,FHA,Single Family (1-4 Units):Site-Built,Not Hispanic or Latino,Black,Male,Loan originated,1,280000.0,85.0,4.3,0.5,1,,900.0,1500.0,,0.0,,360,1,1,1,0,1,2,1,1,3,1,4,1,2,2,2,1,300000.0,Standard,Primary residence,Non-Mobile Home,Other,2,1,250000.0,35.0,3,2,1,2,1,1,2,2222,2.0,3.0,1,2,1,2,45-54,35-44,Yes,,2,2  
2024,99999,MI,4010.0,4010700003.0,Conventional:First Lien,Single Family (1-4 Units):Site-Built,Hispanic or Latino,White,Male,Submitted application,1,200000.0,90.0,5.0,0.8,2,,1500.0,1200.0,,3.0,,360,1,0,1,1,1,3,2,1,4,2,4,3,2,1,1,1,350000.0,Standard,Primary residence,Mobile Home,Other,1,0,200000.0,20.0,2,3,1,1,2,1,2,1111,2.0,4.0,1,1,2,2,25-34,40-49,Yes,,1,1  
2024,99999,SD,2000.0,2000100004.0,FHA,Single Family (1-4 Units):Site-Built,Not Hispanic or Latino,Asian,Female,Loan approved but not accepted,2,320000.0,90.0,4.8,1.0,3,,1000.0,1000.0,,0.0,,300,1,1,0,0,1,2,1,1,2,3,4,3,1,2,2,1,350000.0,Standard,Primary residence,Mobile Home,Other,1,1,200000.0,30.0,3,4,2,1,1,2,1,2222,2.0,4.0,2,1,2,2,30-35,40-49,No,,1,1  
2024,99999,OK,3000.0,3000000009.0,FHA,Single Family (1-4 Units):Site-Built,Not Hispanic or Latino,White,Female,Approved but not accepted,1,175000.0,95.0,4.9,0.7,3,,800.0,1200.0,,0.0,,240,1,1,0,1,1,4,3,1,3,2,4,2,1,2,2,1,300000.0,Standard,Primary residence,Mobile Home,Other,2,0,220000.0,30.0,3,3,1,2,1,1,1,2222,1.0,3.0,1,2,2,1,35-44,50-59,Yes,,1,2  
2024,99999,IL,3100.0,3100101501.0,Conventional:First Lien,Single Family (1-4 Units):Site-Built,Hispanic or Latino,White,Male,Loan originated,1,175000.0,90.0,4.6,0.4,2,,1300.0,2200.0,,0.0,,240,1,1,0,1,1,1,2,2,3,3,4,2,2,1,1,1,30
2024,99999,CA,0750.0,07501010100.0,Conventional:Purchase,Single Family (1-4 Units):Site-Built,Hispanic or Latino,White,Male,Loan originated,1,400000.0,80.0,6.5,1.25,2,,10000.0,15000.0,5000.0,2.0,300,12,0,0,0,0,0,500000.0,Site-Built,Principal residence,Conventional,1,,1,1,2,3,1,,73.0,,1111,1111,1,1,1,1,1.0,5,1,5,1,5,35-44,9999,No,,1,1
2024,99999,NY,0810.0,08102010200.0,FHA:Purchase,Single Family (1-4 Units):Site-Built,Not Hispanic or Latino,Black,Female,Loan originated,1,320000.0,85.0,6.75,1.5,1,,7500.0,10000.0,2000.0,1.5,240,0,0,0,0,0,0,400000.0,Site-Built,Principal residence,FHA,1,,1,1,2,4,1,,61.0,,1111,1111,3,3,2,2,1.0,4,1,4,1,4,45-54,9999,No,,1,1
2024,99999,FL,1190.0,11903010300.0,VA:Purchase,Single Family (1-4 Units):Site-Built,Not Hispanic or Latino,Asian,Male,Application approved but not accepted,1,450000.0,75.0,7.0,1.0,1,,5000.0,5000.0,0.0,0.0,180,6,0,0,0,0,0,600000.0,Site-Built,Principal residence,VA,1,,1,1,2,3,1,,39.0,,1111,1111,3,3,1,1,1.0,5,1,5,1,5,35-44,9999,Yes,,1,1
2024,99999,TX,0950.0,09504040400.0,Conventional:Refinance,Single Family (1-4 Units):Site-Built,Not Hispanic or Latino,White,Male,Loan originated,2,150000.0,70.0,5.5,0.75,1,,6000.0,8000.0,1000.0,1.0,360,0,0,0,0,0,0,200000.0,Site-Built,Principal residence,Conventional,1,,1,1,2,2,1,,48.0,,1111,1111,2,2,1,1,1.0,2,1,2,1,2,35-44,9999,No,,1,1
2024,99999,GA,2430.0,24305050500.0,Conventional:Purchase,Single Family (1-4 Units):Site-Built,Hispanic or Latino,Hispanic/Mexican/Chicano,Y,Application denied by financial institution,1,220000.0,90.0,7.25,1.75,1,,3000.0,8000.0,3500.0,2.5,120,3,0,0,0,0,0,250000.0,Site-Built,Second residence,Conventional,1,,1,1,2,2,1,,42.0,,1111,1111,4,4,2,2,1.0,1,1,1,1,1,35-44,9999,No,,1,1
2024,99999,NC,0630.0,06306060600.0,FHA:Purchase,Single Family (1-4 Units):Site-Built,Not Hispanic or Latino,White,Female,File closed for incompleteness,1,300000.0,75.0,6.8,1.3,1,,4500.0,6500.0,1500.0,1.25,180,4,0,0,0,0,0,350000.0,Site-Built,Principal residence,FHA,1,,1,1,2,2,1,,58.0,,1111,1111,3,3,2,2,1.0,3,1,3,1,3,45-54,9999,Yes,,1,1
2024,99999,IL,0310.0,03107070700.0,VA:Purchase,Single Family (1-4 Units):Site-Built,Not Hispanic or Latino,American Indian/Alaska Native,Female,Loan originated,1,380000.0,82.5,7.5,1.4,1,,9000.0,12000.0,2000.0,2.0,240,0,0,0,0,0,0,450000.0,Site-Built,Principal residence,VA,1,,1,1,2,1,1,,47.0,,1111,1111,2,2,1,1,1.0,1,1,1,1,1,35-44,9999,No,,1,1
2024,99999,WA,1390.0,13908080800.0,Conventional:Refinance,Single Family (1-4 Units):Site-Built,Not Hispanic or Latino,White,Male,Loan originated,2,120000.0,65.0,5.25,0.6,1,,4000.0,7000.0,500.0,0.75,150,6,0,0,0,0,0,200000.0,Site-Built,Principal residence,Conventional,1,,1,1,2,4,1,,53.0,,1111,1111,3,3,1,1,1.0,4,1,4,1,4,45-54,9999,Yes,,1,1
2024,99999,OR,2390.0,23909090900.0,FHA:Purchase,Single Family (1-4 Units):Site-Built,Hispanic or Latino,Hispanic/Mexican/Chicano,Female,Loan originated,1,200000.0,85.0,6.1,1.0,1,,4000.0,5000.0,1000.0,1.0,240,0,0,0,0,0,0,250000.0,Site-Built,Principal residence,FHA,1,,1,1,2,4,1,,37.0,,1111,1111,4,4,2,2,1.0,3,1,3,1,3,25-34,9999,No,,1,1
2024,99999,MA,1520.0,15210101000.0,Conventional:Purchase,Multi-Family Housing (5+ Units):Site-Built,Not Hispanic or Latino,White,Male,Loan originated,1,400000.0,80.0,6.4,1.2,1,,7500.0,9000.0,800.0,1.5,300,3,0,0,0,0,0,500000.0,Site-Built,Principal residence,Conventional,1,,1,1,2,3,1,,54.0,,1111,1111,2,2,1,1,1.0,4,1,4,1,4,45-54,9999.Yes,,1,1
2024,99999,MD,1090.0,10901010100.0,VA:Purchase,Single Family (1-4 Units):Site-Built,Not Hispanic or Latino,Black,Female,Application approved but not accepted,1,600000.0,85.0,7.5,1.75,1,,12000.0,15000.0,500.0,1.0,270,5,0,0,0,1,0,700000.0,Site-Built,Principal residence,VA,1,,1,1,2,4,1,,56.0,,1111,1111,3,3,2,2,1.0,3,1,3,1,3,35-44,9999,Yes,,1,1
2024,99999,CO,0450.0,04502020200.0,FHA:Purchase,Single Family (1-4 Units):Site-Built,Not Hispanic or Latino,White,Male,Loan originated,1,350000.0,82.0,6.95,1.4,1,,8000.0,10000.0,2000.0,1.75,210,7,0,0,0,0,0,400000.0,Site-Built,Principal residence,FHA,1,,1,1,2,3,1,,60.0,,1111,1111,2,2,1,1,1.0,3,1,3,1,3,35-44,9999,No,,1,1
2024,99999,MI,0390.0,03903030300.0,Conventional:Purchase,Single Family (1-4 Units):Site-Built,Hispanic or Latino,American Indian/Alaska Native,Male,File closed for incompleteness,1,280000.0,80.0,7.2,1.35,1,,6000.0,7000.0,300.0,1.5,180,4,0,0,0,0,0,350000.0,Site-Built,Principal residence,Conventional,1,,1,1,2,3,1,,49.0,,1111,1111,4,4,2,2,1.0,3,1,3,1,3,35-44,9999,Yes,,1,1
2024,99999,VA,1130.0,11304040400.0,FHA:Refinance,Single Family (1-4 Units):Site-Built,Not Hispanic or Latino,White,Female,Loan originated,2,200000.0,75.0,5.8,0.8,1,,4000.0,5000.0,500.0,1.0,240,0,0,1,0,0,0,280000.0,Site-Built,Principal residence,FHA,1,,1,1,2,2,1,,59.0,,1111,1111,2,2,1,1,1.0,3,1,3,1,3,55-64,9999,No,,1,1
2024,99999,MO,0610.0,06105050500.0,Conventional:Purchase,Single Family (1-4 Units):Site-Built,Not Hispanic or Latino,White,Male,Loan originated,1,320000.0,78.0,6.4,1.25,1,,7000.0,9000.0,2000.0,1.5,190,4,0,0,0,0,0,400000.0,Site-Built,Principal residence,Conventional,1,,1,1,2,1,1,,59.0,,1111,1111,2,2,1,1,1.0,4,1,4,1,4,25-34,9999,Yes,,1,1
2024,99999,OH,0030.0,00306060600.0,VA:Purchase,Single Family (1-4 Units):Site-Built,Hispanic or Latino,Mixed Race,Female,Loan originated,1,480000.0,82.5,7.35,1.5,1,,8000.0,10000.0,500.0,1.75,210,6,0,0,0,0,0,600000.0,Site-Built,Principal residence,VA,1,,1,1,2,4,1,,60.0,,1111,1111,3,3,2,2,1.0,6,1,6,1,6,25-34,9999,No,,1,1
2024,99999,IN,0150.0,01507070700.0,Conventional:Purchase,Single Family (1-4 Units):Site-Built,Not Hispanic or Latino,Asian,Male,Loan originated,1,370000.0,80.0,6.35,1.0,1,,5000.0,6000.0,1000.0,1.25,180,3,0,0,0,0,0,450000.0,Site-Built,Principal residence,Conventional,1,,1,1,2,2,1,,44.0,,1111,1111,3,3,1,1,1.0,6,1,6,1,6,25-34,9999,Yes,,1,1
2024,99999,SC,0670.0,06708080800.0,FHA:Purchase,Single Family (1-4 Units):Site-Built,Not Hispanic or Latino,White,Male,Loan originated,1,330000.0,85.0,6.8,1.4,1,,6000.0,8000.0,2000.0,1.5,230,2,0,0,0,0,0,400000.0,Site-Built,Principal residence,FHA,1,,1,1,2,2,1,,51.0,,1111,1111,3,3,1,1,1.0,3,1,3,1,3,35-44,9999,No,,1,1
2024,99999,NJ,0730.0,07309090900.0,Conventional:Refinance,Single Family (1-4 Units):Site-Built,Not Hispanic or Latino,White,Male,Application approved but not accepted,2,180000.0,72.0,5.7,0.7,1,,4500.0,6000.0,500.0,1.0,240,0,0,0,0,0,0,250000.0,Site-Built,Principal residence,Conventional,1,,1,1,2,4,1,,55.0,,1111,1111,2,2,1,1,1.0,2,1,2,1,2,45-54,9999,No,,1,1
2024,99999,KY,0690.0,06910101000.0,FHA:Purchase,Single Family (1-4 Units):Site-Built,Hispanic or Latino,White,Female,File closed for incompleteness,1,250000.0,90.0,7.0,1.3,1,,4000.0,5000.0,1000.0,1.25,150,3,0,0,0,0,0,300000.0,Site-Built,Principal residence,FHA,1,,1,1,2,3,1,,51.0,,1111,1111,4,4,2,2,1.0,5,1,5,1,5,55-64,9999,No,,1,1
2024,99999,WI,0330.0,03311111100.0,Conventional:Purchase,Single Family (1-4 Units):Site-Built,Not Hispanic or Latino,Black,Female,Loan originated,1,420000.0,85.0,6.75,1.3,1,,6500.0,8000.0,1000.0,1.25,240,0,0,0,0,0,0,500000.0,Site-Built,Principal residence,Conventional,1,,1,1,2,2,1,,57.0,,1111,1111,2,2,2,2,1.0,5,1,5,1,5,55-64,9999,No,,1,1
2024,99999,OK,0490.0,04912121200.0,Conventional:Purchase,Single Family (1-4 Units):Site-Built,Not Hispanic or Latino,White,Male,Loan originated,1,390000.0,82.0,6.4,1.1,1,,7000.0,9000.0,2000.0,1.5,190,5,0,0,1,0,0,500000.0,Site-Built,Principal residence,Conventional,1,,1,1,2,3,1,,54.0,,1111,1111,3,3,1,1,1.0,4,1,4,1,4,45-54,9999,Yes,,1,1
2024,99999,NE,0630.0,06313131300.0,FHA:Purchase,Single Family (1-4 Units):Site-Built,Hispanic or Latino,Hispanic/Mexican/Chicano,Male,Loan originated,1,350000.0,80.0,6.75,1.5,1,,6000.0,7500.0,1000.0,1.25,210,6,0,0,1,0,0,450000.0,Site-Built,Principal residence,FHA,1,,1,1,2,4,1,,48.0,,1111,1111,4,4,2,2,1.0,4,1,4,1,4,35-44,9999,No,,1,1
2024,99999,KS,0910.0,09114141400.0,FHA:Purchase,Single Family (1-4 Units):Site-Built,Not Hispanic or Latino,White,Male,Loan originated,1,280000.0,80.0,6.5,1.0,1,,4000.0,6000.0,500.0,1.25,240,0,0,0,0,0,0,350000.0,Site-Built,Principal residence,FHA,1,,1,1,2,2,1,,63.0,,1111,1111,2,2,1,1,1.0,5,1,5,1,5,55-64,9999,Yes,,1,1
2024,99999,IW,0750.0,07515151500.0,Conventional:Refinance,Single Family (1-4 Units):Site-Built,Not Hispanic or Latino,White,Female,Loan originated,2,200000.0,75.0,5.9,0.85,1,,4000.0,5000.0,0.0,1.0,180,0,0,0,0,0,0,300000.0,Site-Built,Principal residence,Conventional,1,,1,1,2,2,1,,53.0,,1111,1111,2,2,1,1,1.0,2,1,2,1,2,45-54,9999,Yes,,1,1
2024,99999,MN,0310.0,03116161600.0,FHA:Purchase,Single Family (1-4 Units):Site-Built,Not Hispanic or Latino,White,Male,Loan originated,1,340000.0,87.5,7.2,1.75,1,,5000.0,7500.0,1000.0,1.5,240,0,0,0,0,0,0,400000.0,Site-Built,Principal residence,FHA,1,,1,1,2,4,1,,52.0,,1111,1111,2,2,1,1,1.0,3,1,3,1,3,55-64,9999,No,,1,1
2024,99999,AL,0310.0,03117171700.0,Conventional:Purchase,Single Family (1-4 Units):Site-Built,Not Hispanic or Latino,White,Male,Loan originated,1,300000.0,85.0,6.7,1.35,1,,7000.0,9000.0,1000.0,1.25,180,2,0,0,0,0,0,350000.0,Site-Built,Principal residence,Conventional,1,,1,1,2,3,1,,51.0,,1111,1111,2,2,1,1,1.0,2,1,2,1,2,45-54,9999,Yes,,1,1
2024,99999,NC,0630.0,06318181800.0,FHA:Purchase,Single Family (1-4 Units):Site-Built,Hispanic or Latino,Mixed Race,Female,File closed for incompleteness,1,270000.0,82.0,7.0,1.3,1,,4000.0,5500.0,300.0,0.75,120,3,0,0,0,0,0,300000.0,Site-Built,Principal residence,FHA,1,,1,1,2,4,1,,56.0,,1111,1111,4,4,2,2,1.0,5,1,5,1,5,55-64,9999,No,,1,1
2024,99999,PA,0630.0,06319191900.0,Conventional:Purchase,Single Family (1-4 Units):Site-Built,Not Hispanic or Latino,White,Male,Loan originated,1,460000.0,85.0,7.5,1.45,1,,8500.0,10000.0,2000.0,1.5,300,6,0,0,0,0,0,500000.0,Site-Built,Principal residence,Conventional,1,,1,1,2,3,1,,50.0,,1111,1111,2,2,1,1,1.0,5,1,5,1,5,35-44,9999,No,,1,1
2024,99999,CAR,0630.0,06320202000.0,FHA:Purchase,Single Family (1-4 Units):Site-Built,Not Hispanic or Latino,Hispanic/Mexican/Chicano,Male,Loan originated,1,320000.0,80.0,6.8,1.3,1,,4500.0,6000.0,500.0,0.75,240,4,0,0,0,0,0,400000.0,Site-Built,Principal residence,FHA,1,,1,1,2,3,1,,62.0,,1111,1111,2,3,2,2,1.0,2,1,2,1,2,35-44,9999,Yes,,1,1
2024,99999,MD,0630.0,06310000000.0,Conventional:Purchase,Single Family (1-4 Units):Site-Built,Hispanic or Latino,White,Male,Loan originated,1,380000.0,82.0,6.7,1.25,1,,7000.0,9000.0,300.0,1.5,210,5,0,0,0,0,0,450000.0,Site-Built,Principal residence,Conventional,1,,1,1,2,2,1,,63.0,,1111,1111,2,3,1,1,1.0,1,1,1,1,1,35-44,9999,Yes,,1,1
2024,99999,IL,0630.0,06311010100.0,FHA:Refinance,Single Family (1-4 Units):Site-Built,Not Hispanic or Latino,White,Male,Loan originated,2,340000.0,75.0,5.75,1.0,1,,5500.0,6500.0,1000.0,1.0,180,0,0,0,0,0,0,450000.0,Site-Built,Principal residence,FHA,1,,1,1,2,2,1,,60.0,,1111,1111,2,2,1,1,1.0,3,1,3,1,3,35-44,9999,No,,1,1
2024,99999,WA,0630.0,06312010200.0,Conventional:Purchase,Single Family (1-4 Units):Site-Built,Not Hispanic or Latino,White,Female,Loan originated,1,300000.0,80.0,6.2,1.2,1,,6000.0,7500.0,500.0,1.5,210,0,0,1,0,0,0,350000.0,Site-Built,Principal residence,Conventional,1,,1,1,2,1,1,,53.0,,1111,1111,2,2,2,2,1.0,5,1,5,1,5,55-64,9999,No,,1,1
2024,99999,MI,0630.0,06313010300.0,VA:Purchase,Single Family (1-4 Units):Site-Built,Hispanic or Latino,Mixed Race,Female,Application approved but not accepted,1,360000.0,85.0,7.4,1.7,1,,6500.0,8000.0,1000.0,1.25,200,3,0,0,0,0,0,400000.0,Site-Built,Principal residence,VA,1,,1,1,2,4,1,,61.0,,1111,1111,3,3,2,2,1.0,3,1,3,1,3,45-54,9999,Yes,,1,1
2024,99999,FL,0630.0,06314010400.0,Conventional:Purchase,Single Family (1-4 Units):Site-Built,Not Hispanic or Latino,White,Male,File closed for incompleteness,1,290000.0,90.0,7.2,1.5,1,,3500.0,4000.0,0.0,1.0,180,6,0,0,0,0,0,300000.0,Site-Built,Principal residence,Conventional,1,,1,1,2,3,1,,59.0,,1111,1111,2,2,1,1,1.0,5,1,5,1,5,55-64,9999,No,,1,1
2024,99999,TX,0630.0,06315010500.0,FHA:Refinance,Single Family (1-4 Units):Site-Built,Not Hispanic or Latino,Black,Male,Loan originated,2,220000.0,75.0,5.85,1.0,1,,4000.0,5000.0,1000.0,1.25,210,0,0,0,0,0,0,300000.0,Site-Built,Principal residence,FHA,1,,1,1,2,3,1,,56.0,,1111,1111,3,3,1,1,1.0,2,1,2,1,2,45-54,9999,Yes,,1,1
2024,99999,CA,0630.0,06315010600.0,Conventional:Purchase,Single Family (1-4 Units):Site-Built,Not Hispanic or Latino,White,Female,Loan originated,1,420000.0,85.0,6.5,1.25,1,,8000.0,10000.0,500.0,1.5,180,0,0,0,0,0,0,500000.0,Site-Built,Principal residence,Conventional,1,,1,1,2,2,1,,53.0,,1111,1111,2,2,1,1,1.0,3,1,3,1,3,45-54,9999,Yes,,1,1
2024,99999,AR,0630.0,06316010700.0,FHA:Purchase,Single Family (1-4 Units):Site-Built,Not Hispanic or Latino,Hispanic/Mexican/Chicano,Male,Loan originated,1,260000.0,80.0,7.0,1.1,1,,3000.0,4000.0,100.0,1.0,180,2,0,0,0,0,0,300000.0,Site-Built,Principal residence,FHA,1,,1,1,2,3,1,,47.0,,1111,1111,2,3,2,2,1.0,1,1,1,1
2024,99999,CA,9000.0,9000301000.0,Conventional:Purchase,Single Family (1-4 Units):Site-Built,Hispanic or Latino,White,Male,Approved,1,450000.0,87.0,6.75,0.25,1,3000.0,250.0,150.0,0.5,2500.0,360,5,3,2,3,0,2,1,200000.0,Site-Built,Primary Residence,Single-wide,1,2,0,85000.0,35.0,5,2,1,,2.0,4.0,1,3,4,5,65-74,9999,Yes,,1,1
2024,99999,FL,9010.0,9010205000.0,FHA:Purchase,Single Family (1-4 Units):Site-Built,Not Hispanic or Latino,Black,Female,Denied,1,320000.0,92.0,7.0,0.5,0,4000.0,400.0,200.0,1.0,3000.0,360,1,0,2,3,2,1,1,125000.0,Site-Built,Primary Residence,Single-wide,2,3,0,60000.0,40.0,1,0,1,,3.0,3.0,2,3,2,2,55-64,9999,No,,2,2
2024,99999,NY,9020.0,9020307000.0,VA:Purchase,Single Family (1-4 Units):Site-Built,Not Hispanic or Latino,Asian,Male,Approved,1,600000.0,90.0,5.25,0.25,0,4500.0,350.0,180.0,0.5,3000.0,360,5,1,0,4,2,0,1,350000.0,Site-Built,Primary Residence,Double-wide,3,4,2,150000.0,30.0,3,0,1,,3.0,2.0,2,1,5,2,45-54,9999,Yes,,0,1
2024,99999,TX,9030.0,9030102000.0,Conventional:Purchase,Single Family (1-4 Units):Site-Built,Not Hispanic or Latino,White,Male,Closed for incompleteness,1,700000.0,85.0,6.0,0.75,1,2500.0,400.0,100.0,1.0,2500.0,360,2,0,1,3,3,0,1,40000.0,Pre-Fabricated,Primary Residence,Single-wide,1,2,2,120000.0,35.0,4,0,1,,1.0,3.0,2,4,4,2,55-64,9999,Yes,,1,1
2024,99999,MI,9040.0,9040408000.0,Conventional:Purchase,Single Family (1-4 Units):Site-Built,Not Hispanic or Latino,Hispanic or Latino,Female,Denied,3,200000.0,95.0,6.8,0.5,0,3200.0,350.0,150.0,1.0,2500.0,300,1,2,0,3,1,2,0,90000.0,Site-Built,Primary Residence,Single-wide,1,3,2,75000.0,45.0,1,0,1,,3.0,1.0,1,2,2,1,65-74,9999,Yes,,2,2
2024,99999,GA,9050.0,9050505000.0,FHA:Purchase,Single Family (1-4 Units):Site-Built,Not Hispanic or Latino,White,Female,Approved,1,350000.0,89.0,5.75,0.5,1,3500.0,400.0,220.0,0.5,3000.0,360,3,2,1,0,2,2,1,120000.0,Pre-Fabricated,Primary Residence,Single-wide,1,1,1,65000.0,30.0,1,3,0,,3.0,4.0,1,3,3,2,55-64,9999,Yes,,1,1
2024,99999,OH,9060.0,9060201000.0,Conventional:Purchase,Single Family (1-4 Units):Site-Built,Not Hispanic or Latino,Black,Male,Denied,2,400000.0,100.0,7.0,1.0,0,3200.0,350.0,200.0,0.5,1500.0,360,0,0,0,1,0,2,0,200000.0,Site-Built,Primary Residence,Single-wide,4,2,1,85000.0,30.0,0,1,1,,4.0,4.0,0,4,1,0,35-44,9999,Yes,,2,2
2024,99999,IL,9070.0,9070302000.0,VA:Purchase,Single Family (1-4 Units):Site-Built,Hispanic or Latino,Hispanic or Latino,Female,Approved,1,850000.0,92.0,6.5,0.25,0,4500.0,400.0,280.0,1.0,2000.0,300,4,1,0,1,1,2,0,200000.0,Site-Built,Primary Residence,Single-wide,1,3,0,180000.0,40.0,3,2,0,,4.0,2.0,2,3,4,1,45-54,9999,Yes,,4,3
2024,99999,MA,9080.0,9080103000.0,Conventional:Purchase,Single Family (1-4 Units):Site-Built,Not Hispanic or Latino,White,Male,Approved,1,550000.0,93.0,6.25,0.5,1,5000.0,350.0,240.0,0.5,2000.0,300,0,0,0,0,3,2,2,400000.0,Pre-Fabricated,Primary Residence,Double-wide,2,3,1,170000.0,35.0,1,0,1,,2.0,1.0,3,3,2,1,65-74,9999,Yes,,1,1
2024,99999,WI,9090.0,9090406000.0,FHA:Purchase,Single Family (1-4 Units):Site-Built,Not Hispanic or Latino,Native Hawaiian or Pacific Islander,Female,Denied,1,370000.0,86.0,7.0,1.0,0,3800.0,350.0,250.0,0.5,1800.0,360,2,0,0,2,0,0,0,100000.0,Site-Built,Primary Residence,Single-wide,1,2,0,70000.0,40.0,4,0,2,,3.0,3.0,3,1,2,0,75-84,9999,Yes,,0,1
2024,99999,WA,9100.0,9100207000.0,Conventional:Purchase,Single Family (1-4 Units):Site-Built,Not Hispanic or Latino,Asian,Male,Denied,2,600000.0,94.0,6.75,0.25,1,3000.0,400.0,200.0,1.0,2000.0,300,3,1,2,1,2,2,2,250000.0,Pre-Fabricated,Primary Residence,Single-wide,3,1,0,130000.0,35.0,1,2,2,,4.0,4.0,1,4,5,2,35-44,9999,Yes,,1,1
2024,99999,CO,9110.0,9110500000.0,Conventional:Purchase,Single Family (1-4 Units):Site-Built,Hispanic or Latino,White,Female,Approved,1,500000.0,65.0,5.5,0.25,1,5000.0,350.0,180.0,0.5,2500.0,360,2,0,0,1,0,1,2,320000.0,Pre-Fabricated,Primary Residence,Single-wide,1,2,1,120000.0,40.0,3,0,1,,2.0,3.0,3,1,5,1,55-64,9999,No,,0,1
2024,99999,FL,9120.0,9120603000.0,FHA:Purchase,Single Family (1-4 Units):Site-Built,Hispanic or Latino,Hispanic or Latino,Male,Closed for incompleteness,1,400000.0,100.0,6.8,1.0,0,3000.0,400.0,200.0,0.5,1500.0,300,2,2,1,3,4,2,1,180000.0,Site-Built,Primary Residence,Single-wide,1,2,0,69000.0,30.0,2,0,1,,2.0,1.0,2,3,4,2,35-44,9999,No,,2,2
2024,99999,NC,9130.0,9130805000.0,Conventional:Purchase,Single Family (1-4 Units):Site-Built,Not Hispanic or Latino,White,Female,Approved,1,750000.0,80.0,6.25,0.75,1,4000.0,300.0,180.0,0.5,3000.0,360,4,3,0,3,2,1,0,300000.0,Site-Built,Primary Residence,Double-wide,5,7,2,150000.0,28.0,4,0,1,,1.0,4.0,2,1,3,2,65-74,9999,Yes,,1,2
2024,99999,PA,9140.0,9140707000.0,VA:Purchase,Single Family (1-4 Units):Site-Built,Hispanic or Latino,White,Male,Approved,1,1000000.0,90.0,5.25,0.5,1,3200.0,350.0,200.0,1.0,3000.0,360,1,2,0,2,0,2,1,240000.0,Site-Built,Primary Residence,Single-wide,1,2,2,150000.0,40.0,2,0,0,,3.0,3.0,1,2,4,2,45-54,9999,Yes,,1,1
2024,99999,TX,9150.0,9150101000.0,Conventional:Purchase,Single Family (1-4 Units):Site-Built,Not Hispanic or Latino,White,Male,Approved,1,450000.0,75.0,6.0,0.5,1,3000.0,250.0,100.0,0.5,2800.0,360,5,0,1,1,0,1,2,130000.0,Pre-Fabricated,Primary Residence,Single-wide,2,2,1,120000.0,30.0,0,4,1,,2.0,3.0,1,3,1,1,55-64,9999,Yes,,1,1
2024,99999,IN,9160.0,9160203000.0,FHA:Purchase,Single Family (1-4 Units):Site-Built,Not Hispanic or Latino,Black,Female,Approved,1,400000.0,90.0,6.5,1.0,0,3500.0,350.0,150.0,1.0,2500.0,360,2,0,1,3,0,1,1,170000.0,Site-Built,Primary Residence,Single-wide,1,2,1,90000.0,35.0,1,0,1,,2.0,4.0,0,2,2,2,45-54,9999,Yes,,1,1
2024,99999,OR,9170.0,9170605000.0,VA:Purchase,Single Family (1-4 Units):Site-Built,Not Hispanic or Latino,White,Male,Closed for incompleteness,1,500000.0,92.0,6.25,0.5,1,4000.0,300.0,180.0,0.5,2000.0,360,3,1,0,2,2,1,0,200000.0,Site-Built,Primary Residence,Double-wide,1,2,4,100000.0,40.0,0,2,1,,3.0,3.0,1,3,1,1,55-64,9999,No,,1,1
2024,99999,OK,9180.0,9180701000.0,Conventional:Purchase,Single Family (1-4 Units):Site-Built,Not Hispanic or Latino,Hispanic or Latino,Male,Approved,1,250000.0,80.0,6.75,0.25,1,2500.0,250.0,100.0,0.5,3000.0,360,5,2,1,0,0,1,1,160000.0,Site-Built,Primary Residence,Single-wide,1,2,1,60000.0,35.0,1,0,1,,2.0,1.0,2,3,2,1,65-74,9999,Yes,,1,1
2024,99999,UT,9190.0,9190703000.0,FHA:Purchase,Single Family (1-4 Units):Site-Built,Not Hispanic or Latino,White,Female,Approved,1,400000.0,90.0,5.75,0.5,1,3500.0,150.0,260.0,1.0,2500.0,300,1,0,0,3,1,1,0,180000.0,Site-Built,Primary Residence,Single-wide,1,2,1,90000.0,30.0,1,0,1,,3.0,2.0,2,3,6,1,65-74,9999,Yes,,1,1
2024,99999,MD,9200.0,9200209000.0,Conventional:Purchase,Single Family (1-4 Units):Site-Built,Not Hispanic or Latino,White,Male,Approved,1,650000.0,75.0,6.25,0.25,1,4000.0,300.0,150.0,0.5,3000.0,360,4,2,1,0,0,1,0,220000.0,Site-Built,Primary Residence,Single-wide,1,2,2,130000.0,40.0,4,1,1,,2.0,3.0,1,1,3,1,45-54,9999,Yes,,1,1
2024,99999,VA,9210.0,9210704000.0,Conventional:Purchase,Single Family (1-4 Units):Site-Built,Hispanic or Latino,Hispanic or Latino,Male,Denied,1,350000.0,80.0,7.25,1.0,0,3700.0,350.0,250.0,1.0,2000.0,360,3,0,0,1,0,2,1,100000.0,Site-Built,Primary Residence,Single-wide,1,2,0,55000.0,35.0,0,0,1,,3.0,2.0,2,1,6,0,45-54,9999,No,,2,2
2024,99999,SC,9220.0,9220308000.0,FHA:Purchase,Single Family (1-4 Units):Site-Built,Not Hispanic or Latino,White,Female,Approved,1,500000.0,85.0,5.75,0.25,1,4200.0,300.0,180.0,0.5,2500.0,360,2,1,1,0,2,2,1,180000.0,Site-Built,Primary Residence,Single-wide,3,4,0,110000.0,28.0,3,0,1,,3.0,4.0,0,2,2,2,75-84,9999,No,,1,1
2024,99999,NJ,9230.0,9230506000.0,Conventional:Purchase,Single Family (1-4 Units):Site-Built,Hispanic or Latino,Asian,Male,Approved,1,420000.0,85.0,5.5,0.25,1,4000.0,400.0,200.0,0.5,2900.0,360,4,1,2,3,1,1,0,180000.0,Site-Built,Primary Residence,Double-wide,1,2,0,100000.0,35.0,2,0,1,,2.0,4.0,0,4,4,0,65-74,9999,Yes,,2,1
2024,99999,NE,9240.0,9240102000.0,Conventional:Purchase,Single Family (1-4 Units):Site-Built,Not Hispanic or Latino,White,Female,Closed for incompleteness,1,340000.0,90.0,6.5,1.0,1,3600.0,300.0,180.0,0.5,2400.0,360,2,1,2,2,2,1,0,120000.0,Site-Built,Primary Residence,Single-wide,3,4,2,80000.0,30.0,2,1,0,,3.0,3.0,2,4,4,1,65-74,9999,Yes,,1,1
2024,99999,MN,9250.0,9250307000.0,FHA:Purchase,Single Family (1-4 Units):Site-Built,Hispanic or Latino,White,Male,Approved,1,900000.0,88.0,7.0,0.5,0,4000.0,400.0,220.0,0.5,2800.0,300,3,1,0,1,1,2,1,280000.0,Site-Built,Primary Residence,Double-wide,1,4,1,140000.0,35.0,2,0,1,,3.0,2.0,2,2,4,1,55-64,9999,Yes,,1,1
2024,99999,ME,9260.0,9260503000.0,VA:Purchase,Single Family (1-4 Units):Site-Built,Not Hispanic or Latino,Hispanic or Latino,Female,Denied,3,380000.0,100.0,6.4,1.0,1,3800.0,200.0,150.0,1.0,2000.0,300,3,2,0,2,0,0,2,120000.0,Site-Built,Primary Residence,Double-wide,1,2,1,70000.0,30.0,2,0,2,,3.0,4.0,2,2,3,2,75-84,9999,Yes,,2,2
2024,99999,AZ,9270.0,9270408000.0,Conventional:Purchase,Single Family (1-4 Units):Site-Built,Not Hispanic or Latino,Hispanic or Latino,Male,Approved,1,700000.0,86.0,5.8,0.25,1,3200.0,400.0,280.0,0.5,4000.0,360,3,0,0,1,2,2,1,300000.0,Site-Built,Primary Residence,Single-wide,1,3,1,180000.0,28.0,1,0,1,,2.0,2.0,2,2,5,1,45-54,9999,Yes,,1,2
2024,99999,KY,9280.0,9280205000.0,FHA:Purchase,Single Family (1-4 Units):Site-Built,Not Hispanic or Latino,White,Male,Approved,1,330000.0,86.0,6.75,0.25,0,4000.0,300.0,150.0,0.5,3500.0,360,5,0,1,0,1,2,0,150000.0,Pre-Fabricated,Primary Residence,Double-wide,1,2,0,60000.0,30.0,1,0,1,,1.0,1.0,2,3,1,0,35-44,9999,Yes,,1,1
2024,99999,ID,9290.0,9290606000.0,Conventional:Purchase,Single Family (1-4 Units):Site-Built,Not Hispanic or Latino,White,Female,Approved,1,330000.0,75.0,6.25,0.25,1,3500.0,350.0,200.0,0.5,2800.0,360,3,0,0,2,1,0,1,110000.0,Site-Built,Primary Residence,Single-wide,3,2,0,90000.0,35.0,1,1,0,,1.0,1.0,1,2,1,1,65-74,9999,Yes,,1,1
2024,99999,VT,9300.0,9300404000.0,Conventional:Purchase,Single Family (1-4 Units):Site-Built,Hispanic or Latino,White,Male,Approved,1,650000.0,88.0,6.5,0.5,0,4200.0,400.0,220.0,0.5,2000.0,360,3,1,0,0,1,2,1,180000.0,Site-Built,Primary Residence,Single-wide,1,2,0,140000.0,38.0,2,0,1,,2.0,2.0,1,0,3,0,35-44,9999,No,,0,1
2024,99999,KS,9310.0,9310304000.0,Conventional:Purchase,Single Family (1-4 Units):Site-Built,Not Hispanic or Latino,White,Male,Approved,1,750000.0,75.0,5.75,0.25,1,3000.0,200.0,150.0,1.0,2500.0,360,1,0,1,2,2,2,0,260000.0,Site-Built,Primary Residence,Single-wide,4,3,0,100000.0,35.0,1,1,1,,1.0,1.0,1,2,4,1,55-64,9999,Yes,,1,1
2024,99999,ND,9320.0,9320502000.0,Conventional:Purchase,Single Family (1-4 Units):Site-Built,Hispanic or Latino,Hispanic or Latino,Female,Approved,1,800000.0,90.0,5.75,0.5,1,3500.0,200.0,150.0,0.5,2000.0,360,4,2,2,2,0,1,1,350000.0,Site-Built,Primary Residence,Double-wide,1,2,1,100000.0,40.0,1,0,0,,3.0,4.0,0,1,3,1,75-84,9999,Yes,,2,2
2024,99999,MID,9330.0,9330105000.0,Conventional:Purchase,Single Family (1-4 Units):Site-Built,Hispanic or Latino,Mexican,Female,Approved,1,350000.0,75.0,6.0,0.25,1,3500.0,250.0,180.0,0.5,3000.0,360,5,1,0,1,1,2,1,170000.0,Pre-Fabricated,Primary Residence,Single-wide,3,2,0,60000.0,30.0,1,0,1,,2.0,1.0,0,1,2,2,55-64,9999,Yes,,2,2
2024,99999,NV,9340.0,9340601000.0,FHA:Purchase,Single Family (1-4 Units):Site-Built,Hispanic or Latino,White,Female,Approved,1,500000.0,98.0,7.0,1.0,0,3800.0,400.0,200.0,0.5,2800.0,300,5,1,2,2,0,1,2,180000.0,Site-Built,Primary Residence,Single-wide,1,2,1,80000.0,30.0,2,0,1,,2.0,1.0,2,1,5,2,75-84,9999,Yes,,3,1
2024,99999,MO,9350.0,9350400000.0,Conventional:Purchase,Single Family (1-4 Units):Site-Built,Hispanic or Latino,Hispanic or Latino,Male,Approved,1,450000.0,95.0,6.25,0.5,1,4000.0,350.0,150.0,1.0,2000.0,360,2,0,0,3,1,1,0,160000.0,Site-Built,Primary Residence,Single-wide,1,2,1,100000.0,35.0,3,0,1,,2.0,3.0,1,2,3,0,45-54,9999,Yes,,3,2
2024,99999,AK,9360.0,9360700000.0,VA:Purchase,Single Family (1-4 Units):Site-Built,Not Hispanic or Latino,White,Male,Closed for incompleteness,1,520000.0,92.0,6.25,0.25,1,3200.0,400.0,150.0,1.0,3000.0,360,2,1,0,3,2,0,1,180000.0,Site-Built,Primary Residence,Single-wide,1,2,1,120000.0,35.0,2,0,0,,3.0,2.0,3,2,4,1,55-64,9999,Yes,,1,1
2024,99999,HI,9370.0,9370201000.0,Conventional:Purchase,Single Family (1-4 Units):Site-Built,Hispanic or Latino,Asian,Female,Approved,1,550000.0,85.0,5.75,0.25,0,3500.0,350.0,200.0,0.5,3000.0,360,3,0,1,2,2,0,1,170000.0,Site-Built,Primary Residence,Double-wide,1,2,1,100000.0,40.0,3,0,1,,4.0,4.0,2,5,4,2,35-44,9999,Yes,,3,5
2024,99999,DE,9380.0,9380302000.0,FHA:Purchase,Single Family (1-4 Units):Site-Built,Hispanic or Latino,Hispanic or Latino,Male,Approved,1,6500
2024,99999,CT,9150.0,9150708100.0,Conventional:Subordinate Lien,Single Family (1-4 Units):Site-Built,Not Hispanic or Latino,White,Male,File closed for incompleteness,32,25000.0,,,,3,,,,,,240,,,2,2,2,2,,1,1,3,5,1,,96.0,,1111,1111,2.0,5.0,2,4,5.0,8.0,2,4,1,5,2,4,65-74,9999,Yes,,1,1
2024,99999,CA,9917.0,9917309700.0,FHA:First Lien,Single Family (1-4 Units):Site-Built,Hispanic or Latino,White,Female,Loan originated,10,350000.0,80.0,4.25,2.0,1,15000.0,12000.0,1000.0,1.5,10000.0,360,0,0,0,0,0,0,150000.0,Site-Built,Owner Occupied,Not Applicable,Not Applicable,9999.0,9999.0,1,0,4,8,3,3,3,10,13,15,2,0,17,11,35-44,40-49,No,,0,0
2024,99999,NY,99999.0,9999999999.0,VA:First Lien,Single Family (1-4 Units):Site-Built,Not Hispanic or Latino,White,Male,Loan originated,10,450000.0,75.0,3.75,1.5,0,18000.0,15000.0,1500.0,2.0,20000.0,300,0,0,0,0,0,0,200000.0,Site-Built,Owner Occupied,Not Applicable,Not Applicable,9999.0,9999.0,1,0,3,6,3,9,3,11,12,15,2,1,17,9,45-54,25-34,No,,0,0
2024,99999,FL,99999.0,9999999999.0,Conventional:First Lien,Single Family (1-4 Units):Site-Built,Not Hispanic or Latino,Black,Male,Application denied by financial institution,1,200000.0,85.0,5.25,3.0,0,20000.0,18000.0,1800.0,3.0,15000.0,240,12,6,0,1,0,0,180000.0,Site-Built,Owner Occupied,Not Applicable,Not Applicable,9999.0,9999.0,1,0,3,9,7,13,3,12,9,14,1,1,16,10,23-34,45-54,Yes,,1,1
2024,99999,TX,99999.0,9999999999.0,FHA:First Lien,Single Family (1-4 Units):Site-Built,Not Hispanic or Latino,White,Male,Loan originated,10,220000.0,90.0,4.5,2.0,1,25000.0,20000.0,2000.0,2.0,25000.0,288,0,0,0,0,0,0,150000.0,Site-Built,Owner Occupied,Not Applicable,Not Applicable,9999.0,9999.0,1,0,3,9,3,11,4,13,11,14,2,1,23,13,35-44,37-45,No,,0,0
2024,99999,IL,99999.0,9999999999.0,VA:First Lien,Single Family (1-4 Units):Site-Built,Not Hispanic or Latino,White,Female,Loan originated,10,400000.0,75.0,3.5,1.0,0,30000.0,25000.0,2500.0,1.0,30000.0,360,0,0,0,0,0,0,210000.0,Site-Built,Owner Occupied,Not Applicable,Not Applicable,9999.0,9999.0,1,0,5,8,2,16,2,12,15,19,2,0,34,14,55-64,55-64,Yes,,0,0
2024,99999,WA,99999.0,9999999999.0,FHA:Subordinate Lien,Single Family (1-4 Units):Site-Built,Hispanic or Latino,Hispanic,Male,Loan originated,10,300000.0,80.0,4.75,2.5,0,22000.0,19000.0,1900.0,2.5,18000.0,300,6,3,0,1,1,0,250000.0,Site-Built,Primary Residence,Not Applicable,Not Applicable,9999.0,9999.0,1,0,4,11,3,10,3,13,13,14,2,1,18,12,23-34,30-39,No,,1,1
2024,99999,MA,99999.0,9999999999.0,Conventional:First Lien,Multifamily Housing:Site-Built,Not Hispanic or Latino,White,Female,Application withdrawn by applicant,1,150000.0,85.0,5.0,3.0,0,12000.0,12000.0,1200.0,3.0,25000.0,180,0,0,0,0,0,0,120000.0,Site-Built,Owner Occupied,Not Applicable,Not Applicable,9999.0,9999.0,1,0,5,8,3,9,6,10,16,16,1,0,43,10,55-64,30-39,Yes,,1,1
2024,99999,PA,99999.0,9999999999.0,FHA:First Lien,Single Family (1-4 Units):Site-Built,Hispanic or Latino,Hispanic,Female,Loan originated,1,280000.0,75.0,5.25,3.5,0,16000.0,16000.0,1600.0,1.5,17000.0,240,0,0,0,0,0,0,200000.0,Site-Built,Owner Occupied,Not Applicable,Not Applicable,9999.0,9999.0,1,0,5,7,3,11,3,15,18,17,2,0,17,8,23-34,55-64,No,,1,1
2024,99999,GA,99999.0,9999999999.0,Conventional:First Lien,Single Family (1-4 Units):Site-Built,Not Hispanic or Latino,White,Male,Loan originated,10,380000.0,75.0,3.75,1.5,1,33000.0,28000.0,2800.0,2.0,32000.0,360,0,0,0,0,0,0,320000.0,Site-Built,Owner Occupied,Not Applicable,Not Applicable,9999.0,9999.0,1,0,3,8,3,7,3,10,11,12,2,0,22,9,45-54,29-39,No,,0,0
2024,99999,OH,99999.0,9999999999.0,VA:First Lien,Single Family (1-4 Units):Site-Built,HISPIDIAN OR LATINO,White,Male,Loan originated,10,275000.0,80.0,4.25,2.0,1,15000.0,14000.0,1400.0,1.5,15000.0,240,12,1,0,1,1,0,250000.0,Site-Built,Owner Occupied,Not Applicable,Not Applicable,9999.0,9999.0,1,0,2,8,3,9,2,13,20,19,2,0,19,15,45-54,40-49,No,,0,0
2024,99999,MN,99999.0,9999999999.0,Conventional:First Lien,Single Family (1-4 Units):Site-Built,Not Hispanic or Latino,Asian,Male,Application denied by financial institution,1,300000.0,70.0,3.85,1.2,1,18000.0,16000.0,1600.0,1.0,25000.0,288,0,0,0,0,0,0,220000.0,Site-Built,Owner Occupied,Not Applicable,Not Applicable,9999.0,9999.0,1,0,4,7,5,9,4,9,13,18,2,0,28,13,55-64,37-45,No,,0,0
2024,99999,NJ,99999.0,9999999999.0,Conventional:First Lien,Single Family (1-4 Units):Site-Built,Not Hispanic or Latino,Black,Male,Loan originated,10,320000.0,80.0,4.5,2.0,0,20000.0,15000.0,1500.0,2.0,30000.0,270,0,0,0,0,1,0,250000.0,Site-Built,Owner Occupied,Not Applicable,Not Applicable,9999.0,9999.0,1,0,3,9,3,11,3,11,11,19,2,0,22,12,35-44,38-45,No,,0,0
2024,99999,MD,99999.0,9999999999.0,FHA:First Lien,Single Family (1-4 Units):Site-Built,Hispanic or Latino,Hispanic,Male,Loan originated,10,250000.0,80.0,4.5,2.0,1,19000.0,16000.0,1600.0,4.0,30000.0,300,12,0,0,0,0,0,200000.0,Site-Built,Owner Occupied,Not Applicable,Not Applicable,9999.0,9999.0,1,0,5,7,3,9,3,8,19,14,1,0,24,14,55-64,44-54,Yes,,1,1
2024,99999,MI,99999.0,9999999999.0,FHA:First Lien,Single Family (1-4 Units):Site-Built,Hispanic or Latino,White,Female,Application withdrawn by applicant,1,175000.0,85.0,4.25,1.7,0,10000.0,8000.0,800.0,2.0,12000.0,240,0,0,0,0,0,0,150000.0,Site-Built,Primary Residence,Not Applicable,Not Applicable,9999.0,9999.0,1,0,3,9,3,12,3,21,13,12,2,0,19,20,23-34,55-64,No,,1,1
2024,99999,CO,99999.0,9999999999.0,FHA:First Lien,Single Family (1-4 Units):Site-Built,Not Hispanic or Latino,White,Female,Loan originated,1,300000.0,65.0,3.75,1.0,0,15000.0,13000.0,1300.0,1.5,10000.0,360,0,0,0,0,0,0,300000.0,Site-Built,Owner Occupied,Not Applicable,Not Applicable,9999.0,9999.0,1,0,2,7,4,9,3,12,11,25,2,0,20,12,44-54,40-49,Yes,,0,0
2024,99999,OR,99999.0,9999999999.0,Va:First Lien,Single Family (1-4 Units):Site-Built,Not Hispanic or Latino,White,Female,Loan originated,10,500000.0,80.0,4.0,1.0,0,20000.0,16000.0,1600.0,2.0,17000.0,240,0,0,0,0,0,0,350000.0,Site-Built,Owner Occupied,Not Applicable,Not Applicable,9999.0,9999.0,1,0,5,6,3,9,3,12,15,18,2,0,19,12,23-34,30-39,No,,0,0
2024,99999,NC,99999.0,9999999999.0,Conventional:First Lien,Single Family (1-4 Units):Site-Built,Hispanic or Latino,Hispanic,Female,Loan originated,10,220000.0,70.0,3.5,1.0,0,13000.0,12000.0,1200.0,2.0,25000.0,336,0,0,0,0,0,0,220000.0,Site-Built,Primary Residence,Not Applicable,Not Applicable,9999.0,9999.0,1,0,3,11,3,10,3,10,16,18,2,0,22,13,45-54,25-34,Yes,,1,1
2024,99999,IN,99999.0,9999999999.0,FHA:First Lien,Single Family (1-4 Units):Site-Built,Hispanic or Latino,Hispanic,Male,File closed for incompleteness,10,290000.0,80.0,4.75,1.2,0,18000.0,15000.0,1500.0,2.0,28000.0,270,12,1,0,1,0,0,222000.0,Site-Built,Owner Occupied,Not Applicable,Not Applicable,9999.0,9999.0,1,0,2,8,3,9,3,13,14,12,2,0,20,13,56-64,45-54,No,,1,1
2024,99999,AZ,99999.0,999999999.0,VA:First Lien,Single Family (1-4 Units):Site-Built,Not Hispanic or Latino,White,Female,Loan originated,1,185000.0,80.0,3.85,1.0,0,10000.0,9000.0,900.0,2.0,12000.0,240,15,1,2,0,0,0,150000.0,Site-Built,Owner Occupied,Not Applicable,Not Applicable,9999.0,9999.0,1,0,1,9,3,8,3,22,15,21,2,0,30,13,35-44,55-64,Yes,,0,0
2024,99999,NE,99999.0,9999999999.0,Conventional:Subordinate Lien,Single Family (1-4 Units):Site-Built,Hispanic or Latino,White,Male,Application denied by financial institution,10,280000.0,70.0,4.0,0.5,1,10000.0,8000.0,800.0,1.0,12000.0,300,0,0,0,0,0,0,250000.0,Site-Built,Owner Occupied,Not Applicable,Not Applicable,9999.0,9999.0,1,0,3,9,1,7,3,10,16,15,2,0,19,8,35-44,35-44,No,,1,1
2024,99999,KY,99999.0,9999999999.0,FHA:First Lien,Single Family (1-4 Units):Site-Built,Not Hispanic or Latino,White,Female,Loan initiated,1,350000.0,75.0,4.0,1.5,0,30000.0,25000.0,2500.0,2.0,40000.0,300,0,0,0,0,0,0,250000.0,Site-Built,Owner Occupied,Not Applicable,Not Applicable,9999.0,9999.0,1,0,3,7,2,8,3,16,15,15,2,1,17,10,45-54,29-39,No,,0,0
2024,99999,KS,99999.0,9999999999.0,Conventional:First Lien,Single Family (1-4 Units):Site-Built,Not Hispanic or Latino,White,Male,Loan originated,10,275000.0,75.0,3.85,1.5,0,28000.0,22000.0,2200.0,2.0,30000.0,360,0,0,0,0,0,0,550000.0,Site-Built,Primary Residence,Not Applicable,Not Applicable,9999.0,9999.0,1,0,2,9,3,16,3,14,15,22,2,0,35,18,23-34,30-39,Yes,,0,0
2024,99999,MO,99999.0,9999999999.0,Conventional:First Lien,Single Family (1-4 Units):Site-Built,Not Hispanic or Latino,White,Female,Loan originated,10,400000.0,75.0,3.5,1.0,0,35000.0,30000.0,3000.0,2.0,40000.0,300,0,0,0,0,0,0,300000.0,Site-Built,Owner Occupied,Not Applicable,Not Applicable,9999.0,9999.0,1,0,4,6,3,8,3,10,14,18,2,0,21,9,25-34,38-45,Yes,,0,0
2024,99999,RI,99999.0,9999999999.0,FHA:First Lien,Single Family (1-4 Units):Site-Built,Not Hispanic or Latino,White,Male,Loan originated,10,240000.0,90.0,4.5,2.0,1,12000.0,10000.0,1000.0,1.0,11000.0,300,0,0,0,0,1,0,500000.0,Site-Built,Owner Occupied,Not Applicable,Not Applicable,9999.0,9999.0,1,0,5,8,3,8,3,15,11,12,2,0,24,6,25-34,45-54,Yes,,0,0
2024,99999,WI,99999.0,9999999999.0,Conventional:First Lien,Single Family (1-4 Units):Site-Built,Not Hispanic or Latino,White,Male,Loan originated,1,165000.0,80.0,4.0,2.0,0,12500.0,10000.0,1000.0,1.5,16000.0,270,0,0,1,1,1,0,130000.0,Site-Built,Owner Occupied,Not Applicable,Not Applicable,9999.0,9999.0,1,0,3,9,3,8,3,20,13,13,2,0,30,22,35-44,76-85,No,,0,0
2024,99999,LIN,99999.0,9999999999.0,FHA:First Lien,Single Family (1-4 Units):Site-Built,Not Hispanic or Latino,White,Female,Loan originated,10,190000.0,85.0,4.25,2.0,0,18000.0,16000.0,1600.0,1.0,10000.0,240,0,0,0,0,0,0,160000.0,Site-Built,Owner Occupied,Not Applicable,Not Applicable,9999.0,9999.0,1,0,2,9,2,14,3,11,14,14,2,0,16,13,35-44,33-40,No,,0,0
2024,99999,VA,99999.0,9999999999.0,Conventional:First Lien,Single Family (1-4 Units):Site-Built,Asian,Asian,Male,Loan originated,10,320000.0,70.0,4.5,1.0,0,26000.0,24000.0,2400.0,2.0,35000.0,360,0,0,0,0,0,0,320000.0,Site-Built,Owner Occupied,Not Applicable,Not Applicable,9999.0,9999.0,1,0,3,8,3,11,3,12,15,15,2,0,20,13,35-44,27-35,No,,0,0
2024,99999,TX,99999.0,9999999999.0,FHA:First Lien,Single Family (1-4 Units):Site-Built,Hispanic or Latino,Hispanic,Female,Loan originated,10,225000.0,85.0,4.75,2.0,1,16000.0,14000.0,1400.0,1.0,16000.0,240,0,0,0,0,0,0,150000.0,Site-Built,Owner Occupied,Not Applicable,Not Applicable,9999.0,9999.0,1,0,5,11,2,10,3,17,13,14,2,0,14,10,44-54,38-45,No,,1,1
2024,99999,NH,99999.0,9999999999.0,Va:First Lien,Single Family (1-4 Units):Site-Built,Hispanic or Latino,White,Male,Loan originated,1,170000.0,90.0,5.0,3.0,1,10000.0,9000.0,900.0,1.0,11000.0,300,0,0,0,0,0,0,160000.0,Site-Built,Owner Occupied,Not Applicable,Not Applicable,9999.0,9999.0,1,0,5,8,3,7,2,19,13,20,2,0,23,13,37-45,35-44,Yes,,1,1
2024,99999,WV,99999.0,9999999999.0,Conventional:First Lien,Single Family (1-4 Units):Site-Built,Not Hispanic or Latino,White,Male,Loan originated,10,290000.0,80.0,3.85,1.0,0,18000.0,14000.0,1400.0,2.0,22000.0,270,0,0,0,0,0,0,280000.0,Site-Built,Owner Occupied,Not Applicable,Not Applicable,9999.0,9999.0,1,0,3,7,3,8,7,12,12,19,2,0,19,14,55-64,35-44,No,,0,0
2024,99999,SC,99999.0,9999999999.0,Conventional:Subordinate Lien,Single Family (1-4 Units):Site-Built,Hispanic or Latino,White,Female,Loan originated,10,350000.0,80.0,4.25,2.2,0,22000.0,19000.0,1900.0,1.5,25000.0,300,0,0,0,0,0,0,320000.0,Site-Built,Owner Occupied,Not Applicable,Not Applicable,9999.0,9999.0,1,0,4,8,3,11,3,18,12,19,2,0,18,11,35-44,30-39,No,,1,1
2024,99999,LA,99999.0,9999999999.0,FHA:First Lien,Single Family (1-4 Units):Site-Built,Hispanic or Latino,White,Male,Loan originated,10,245000.0,85.0,4.5,2.5,1,12000.0,10000.0,1000.0,1.0,15000.0,240,0,0,0,0,0,0,150000.0,Site-Built,Primary Residence,Not Applicable,Not Applicable,9999.0,9999.0,1,0,4,10,3,11,3,14,15,18,2,0,22,9,35-44,45-54,No,,0,0
2024,99999,AL,99999.0,9999999999.0,Conventional:First Lien,Single Family (1-4 Units):Site-Built,Not Hispanic or Latino,White,Male,Loan originated,10,230000.0,80.0,5.0,1.5,0,14000.0,12000.0,1200.0,1.5,20000.0,288,0,0,0,0,0,0,180000.0,Site-Built,Owner Occupied,Not Applicable,Not Applicable,9999.0,9999.0,1,0,3,8,3,12,3,12,14,18,2,0,24,13,37-45,35-44,Yes,,0,0
2024,99999,AZ,99999.0,9999999999.0,Va:First Lien,Single Family (1-4 Units):Site-Built,Not Hispanic or Latino,White,Female,Application withdrawn by applicant,10,180000.0,80.0,4.5,2.0,1,10000.0,8500.0,850.0,1.5,11000.0,300,0,0,0,0,0,0,150000.0,Site-Built,Owner Occupied,Not Applicable,Not Applicable,9999.0,9999.0,1,0,4,7,3,10,3,16,13,13,2,0,19,14,55-64,64-74,No,,0,0
2024,99999,TN,99999.0,9999999999.0,Conventional:First Lien,Single Family (1-4 Units):Site-Built,Hispanic or Latino,White,Female,Loan originated,10,260000.0,75.0,3.5,1.3,0,14000.0,12000.0,1200.0,2.0,22000.0,
2024,99999,CT,9150.0,9150708100.0,Conventional:Subordinate Lien,Single Family (1-4 Units):Site-Built,Not Hispanic or Latino,White,Male,File closed for incompleteness,32,25000.0,,,,3,,,,,,240,,,2,2,2,2,,1,1,3,5,1,,96.0,,1111,1111,2.0,5.0,2,4,5.0,8.0,2,4,1,5,2,4,65-74,9999,Yes,,1,1
2024,99999,NJ,9100.0,9100100500.0,FHA:Purchase,Single Family (1-4 Units):Site-Built,Hispanic or Latino,White,Male,Approved,1,350000.0,85.0,6.5,1.2,0,5000.0,1200.0,1500.0,2.0,5000.0,180,0,0,0,1,1,1,0,7,0,1,1,1,2.0,6.5,70000.0,5,0,1,4.0,3.0,1,2,1,2,1,5,1,5,2,4,25-34,75-85,Yes,,2,2
2024,99999,FL,9200.0,9200301800.0,VA:Purchase,Single Family (1-4 Units):Site-Built,Not Hispanic or Latino,Black,Male,Denied,3,275000.0,90.0,7.5,2.5,0,4200.0,1000.0,2000.0,3.0,3800.0,360,1,1,0,0,1,0,2,6,1,0,1,2,2,1.0,7.0,50000.0,5,1,1,3.0,2.5,2,3,1,2,0,1,2,1,25-34,35-44,Yes,,2,2
2024,99999,CA,9150.0,9150306000.0,Conventional:Purchase,Single Family (1-4 Units):Site-Built,Not Hispanic or Latino,Asian,Female,Approved,1,400000.0,80.0,6.2,1.0,1,4800.0,1100.0,1000.0,1.5,3000.0,300,0,0,0,0,0,0,1,1,1,0,0,2,2,1.0,6.5,90000.0,3,1,1,2.0,4.0,0,0,0,0,1,2,2,1,35-44,45-54,Yes,,1,1
2024,99999,GA,9220.0,9220900000.0,FHA:Purchase,Single Family (1-4 Units):Site-Built,Not Hispanic or Latino,White,Male,Approved,1,500000.0,75.0,6.8,1.0,0,5000.0,1250.0,1500.0,2.0,5000.0,360,0,0,0,1,1,0,1,3,2,1,0,1,2,2.0,6.2,75000.0,5,1,1,3.0,4.2,2,2,2,2,1,5,1,5,45-54,35-44,No,,1,1
2024,99999,NV,9230.0,9230204500.0,VA:Purchase,Single Family (1-4 Units):Site-Built,Hispanic or Latino,White,Female,Denied,2,325000.0,92.0,7.9,2.1,0,4500.0,1000.0,2500.0,2.5,3000.0,360,1,0,0,1,1,1,1,1,1,0,1,3,2,3.0,7.0,70000.0,1,0,1,3.0,3.3,1,1,1,2,0,1,2,1,25-34,35-44,Yes,,1,1
2024,99999,TX,9240.0,9240705500.0,USDA:Purchase,Single Family (1-4 Units):Site-Built,Not Hispanic or Latino,White,Male,Approved,1,450000.0,78.0,6.0,0.5,0,3500.0,850.0,,1.0,,240,0,0,0,0,0,1,1,1,2,0,0,2,2,2.0,6.1,100000.0,1,1,1,4.0,5.0,0,0,0,0,1,3,1,3,55-64,45-54,Yes,,1,1
2024,99999,WA,9250.0,9250501000.0,Conventional:Purchase,Single Family (1-4 Units):Site-Built,Hispanic or Latino,Other/Mixed,Male,Approved,1,475000.0,85.0,6.8,1.0,1,5200.0,1000.0,1000.0,2.0,4000.0,300,0,0,0,1,1,0,1,3,1,1,1,1,1,2.0,6.2,95000.0,4,1,0,3.0,3.5,2,1,0,2,0,1,1,1,45-54,35-44,Yes,,2,2
2024,99999,IL,9150.0,9150700900.0,FHA:Purchase,Single Family (1-4 Units):Site-Built,Not Hispanic or Latino,White,Female,Approved,1,380000.0,80.0,6.7,1.0,0,4600.0,900.0,1500.0,2.0,3500.0,360,0,0,1,1,1,1,1,1,1,0,1,1,2,1.0,6.5,80000.0,1,0,1,2.0,3.2,2,1,1,2,1,2,2,2,25-34,55-64,Yes,,1,1
2024,99999,OR,9260.0,9260404000.0,Conventional:Purchase,Single Family (1-4 Units):Site-Built,Hispanic or Latino,Asian,Female,Approved,1,345000.0,82.0,7.0,1.5,0,4200.0,850.0,1200.0,1.5,2700.0,300,0,0,0,0,0,0,1,1,2,0,1,1,2,2.0,7.0,60000.0,3,1,0,3.0,2.8,2,2,1,1,2,1,2,3,35-44,45-54,Yes,,2,2
2024,99999,MD,9270.0,9270202000.0,FHA:Refinance,Single Family (1-4 Units):Site-Built,Not Hispanic or Latino,Black,Male,Denied,3,230000.0,85.0,7.2,1.8,0,3900.0,900.0,2000.0,3.0,2500.0,180,0,0,1,0,0,1,1,0,2,1,0,2,2,3.0,7.5,55000.0,4,0,1,1.0,4.0,2,3,1,3,1,3,2,2,55-64,45-54,No,,2,2
2024,99999,MI,9280.0,9280106000.0,Conventional:Purchase,Single Family (1-4 Units):Site-Built,Hispanic or Latino,Asian,Male,Approved,1,500000.0,83.0,6.8,1.0,1,5200.0,1200.0,1000.0,2.0,3500.0,360,0,0,0,1,1,1,1,2,1,1,0,1,2,2.0,6.6,67000.0,3,1,0,3.0,4.2,1,2,1,2,1,2,2,1,45-54,35-44,Yes,,2,2
2024,99999,PA,9290.0,9290603000.0,VA:Purchase,Single Family (1-4 Units):Site-Built,Hispanic or Latino,White,Female,Approved,1,390000.0,75.0,6.7,1.2,1,4800.0,1200.0,1000.0,1.8,5000.0,300,0,0,0,0,0,1,0,2,2,1,1,1,1,1.5,6.2,70000.0,3,0,0,2.5,4.0,1,1,2,1,0,2,1,3,35-44,45-54,Yes,,1,1
2024,99999,UT,9300.0,9300205000.0,Conventional:Purchase,Single Family (1-4 Units):Site-Built,Not Hispanic or Latino,White,Female,Approved,1,420000.0,77.0,6.5,1.0,0,4400.0,800.0,1500.0,1.0,3500.0,360,0,0,0,0,0,0,0,0,1,1,1,1,1,2.0,6.0,80000.0,2,1,1,1.5,3.5,1,0,1,0,1,0,1,1,35-44,45-54,Yes,,1,1
2024,99999,NY,9310.0,9310407000.0,FHA:Purchase,Single Family (1-4 Units):Site-Built,Not Hispanic or Latino,White,Male,Denied,1,350000.0,90.0,7.0,1.5,0,4800.0,1000.0,2000.0,2.0,2000.0,360,0,0,0,0,1,0,1,3,2,0,0,1,1,3.0,7.2,70000.0,5,0,1,3.0,3.8,1,2,2,1,1,3,2,3,35-44,45-54,Yes,,1,1
2024,99999,CO,9320.0,9320409000.0,Conventional:Purchase,Single Family (1-4 Units):Site-Built,Hispanic or Latino,White,Male,Approved,1,480000.0,85.0,7.0,1.0,0,4500.0,1000.0,1500.0,2.0,4000.0,240,0,0,0,0,0,0,1,1,1,1,0,1,1,2.0,7.0,65000.0,1,0,1,2.0,4.2,2,2,1,0,1,3,1,5,55-64,35-44,Yes,,2,2
2024,99999,KY,9330.0,9330109000.0,FHA:Purchase,Single Family (1-4 Units):Site-Built,Hispanic or Latino,White,Male,Approved,1,325000.0,80.0,7.2,1.2,0,4000.0,900.0,1000.0,1.0,3000.0,180,0,0,0,1,1,1,0,1,2,0,0,0,2,2.0,6.8,60000.0,1,1,1,3.0,2.8,2,1,1,2,1,1,1,2,55-64,45-54,Yes,,2,1
2024,99999,DE,9340.0,9340800000.0,VA:Purchase,Single Family (1-4 Units):Site-Built,”Not Hispanic or Latino”,White,Female,Approved,1,412000.0,75.0,6.9,1.0,0,4600.0,1000.0,1500.0,2.0,2500.0,360,0,0,0,0,0,1,1,2,1,0,1,1,1,1.5,6.5,90000.0,2,1,1,2.0,3.5,2,0,1,1,0,1,2,1,25-34,45-54,Yes,,1,1
2024,99999,WI,9350.0,9350305000.0,FHA:Purchase,Single Family (1-4 Units):Site-Built,Not Hispanic or Latino,White,Male,Approved,1,500000.0,78.0,6.8,1.5,1,4800.0,1250.0,1500.0,1.5,4000.0,360,0,0,0,0,0,1,0,3,1,0,0,1,1,2.0,6.9,75000.0,1,1,1,2.0,4.0,1,2,1,1,1,2,2,2,45-54,55-64,Yes,,1,1
2024,99999,OH,9360.0,9360204000.0,Conventional:Purchase,Single Family (1-4 Units):Site-Built,Hispanic or Latino,White,Male,Approved,1,375000.0,82.0,6.5,1.0,0,5200.0,1200.0,1000.0,2.0,4200.0,180,0,0,1,0,0,0,1,2,1,1,0,1,1,2.0,6.2,60000.0,2,1,0,3.0,3.0,1,1,1,2,1,2,2,1,45-54,35-44,Yes,,2,2
2024,99999,NC,9370.0,9370803000.0,FHA:Refinance,Single Family (1-4 Units):Site-Built,Not Hispanic or Latino,White,Male,Approved,1,400000.0,80.0,7.5,2.0,0,3500.0,900.0,1500.0,2.0,,180,0,0,0,0,0,1,0,1,1,0,1,0,0,1.5,6.8,80000.0,4,0,1,3.0,5.0,2,1,0,3,1,5,2,1,45-54,45-54,No,,1,1
2024,99999,MN,9380.0,9380502000.0,Conventional:Purchase,Single Family (1-4 Units):Site-Built,”Not Hispanic or Latino”,Black,Female,Approved,1,425000.0,75.0,6.2,0.8,1,5000.0,1200.0,1000.0,2.0,3000.0,360,0,0,0,0,1,0,1,2,1,0,0,1,1,2.0,6.4,100000.0,1,1,0,2.0,3.7,1,1,1,1,1,2,1,1,35-44,35-44,Yes,,1,1
2024,99999,MO,9390.0,9390705000.0,VA:Purchase,Single Family (1-4 Units):Site-Built,Hispanic or Latino,White,Male,Approved,1,395000.0,82.0,7.1,1.0,1,4200.0,900.0,1200.0,1.7,3400.0,240,0,0,0,0,0,0,0,1,2,0,1,1,2,1.8,7.0,70000.0,4,1,0,2.5,3.5,1,2,1,0,1,2,1,1,55-64,45-54,Yes,,2,2
2024,99999,AL,9400.0,9400204000.0,FHA:Purchase,Single Family (1-4 Units):Site-Built,Not Hispanic or Latino,White,Male,Denied,2,300000.0,92.0,7.5,1.8,0,3500.0,850.0,1500.0,1.8,2000.0,300,0,0,1,0,0,1,0,2,2,1,1,1,0,2.5,7.5,55000.0,1,1,1,2.0,3.3,1,1,1,1,0,3,2,1,45-54,45-54,No,,1,1
2024,99999,SC,9410.0,9410809000.0,Conventional:Purchase,Single Family (1-4 Units):Site-Built,Not Hispanic or Latino,White,Male,Approved,1,450000.0,78.0,6.4,1.0,1,4600.0,1000.0,1000.0,2.0,4000.0,360,0,0,0,0,0,1,1,1,2,0,0,0,1,2.0,6.1,85000.0,2,1,1,2.0,3.7,1,1,1,0,1,1,1,1,45-54,35-44,Yes,,1,1
2024,99999,IN,9420.0,9420701000.0,FHA:Purchase,Single Family (1-4 Units):Site-Built,Not Hispanic or Latino,White,Male,Approved,1,325000.0,85.0,7.2,1.4,0,3000.0,900.0,1500.0,2.0,2000.0,180,0,0,0,1,1,0,1,1,1,0,1,0,0,1.5,7.0,65000.0,1,0,0,3.0,3.5,2,1,0,1,0,0,2,2,35-44,35-44,No,,1,1
2024,99999,MA,9430.0,9430808000.0,Conventional:Purchase,Single Family (1-4 Units):Site-Built,Not Hispanic or Latino,White,Female,Approved,1,450000.0,80.0,6.5,1.0,0,4800.0,1200.0,1000.0,2.0,4000.0,240,0,0,0,0,0,0,1,2,1,0,1,1,1,2.0,6.0,80000.0,2,1,0,2.0,3.7,1,1,0,1,1,0,1,1,25-34,35-44,Yes,,1,1
2024,99999,MI,9440.0,9440902000.0,VA:Purchase,Single Family (1-4 Units):Site-Built,Hispanic or Latino,White,Female,Approved,1,360000.0,85.0,7.5,1.7,1,4600.0,1200.0,1000.0,2.0,4000.0,240,0,0,0,0,0,1,1,1,1,0,0,0,0,3.0,6.8,95000.0,2,0,1,2.0,4.0,2,1,0,1,0,0,1,0,35-44,35-44,Yes,,2,2
2024,99999,FL,9450.0,9450408000.0,FHA:Purchase,Single Family (1-4 Units):Site-Built,Not Hispanic or Latino,White,Male,Approved,1,480000.0,82.0,6.9,1.5,1,4800.0,1250.0,1000.0,2.0,4000.0,300,0,0,0,0,0,0,1,1,2,0,0,0,1,1.8,7.5,80000.0,1,1,1,3.0,3.3,1,1,0,1,0,3,1,1,35-44,45-54,Yes,,1,1
2024,99999,MD,9460.0,9460303000.0,Conventional:Purchase,Single Family (1-4 Units):Site-Built,Hispanic or Latino,White,Female,Approved,1,375000.0,80.0,6.8,1.0,0,5000.0,1200.0,1200.0,2.0,3500.0,300,0,0,0,0,0,1,1,1,1,0,1,1,1,1.5,7.0,65000.0,1,1,1,3.0,3.5,2,2,1,2,2,2,2,3,45-54,35-44,Yes,,2,2
2024,99999,VT,9470.0,9470809000.0,FHA:Purchase,Single Family (1-4 Units):Site-Built,Not Hispanic or Latino,White,Female,Approved,1,400000.0,79.0,6.4,1.0,0,4000.0,950.0,1000.0,1.5,3000.0,360,0,0,0,0,0,1,1,3,1,0,1,0,1,1.5,7.2,70000.0,1,1,0,3.0,4.5,2,2,1,2,1,2,1,1,35-44,55-64,Yes,,1,1
2024,99999,ME,9480.0,9480206000.0,Conventional:Purchase,Single Family (1-4 Units):Site-Built,Not Hispanic or Latino,White,Male,Approved,1,380000.0,81.0,6.6,0.9,1,5000.0,1200.0,1500.0,2.0,3500.0,360,0,0,0,0,0,1,1,1,1,0,1,1,1,1.5,6.8,60000.0,2,1,1,2.0,4.0,2,0,0,2,0,3,2,2,35-44,35-44,Yes,,1,1
2024,99999,RI,9490.0,9490503000.0,FHA:Purchase,Single Family (1-4 Units):Site-Built,Hispanic or Latino,White,Male,Approved,1,410000.0,80.0,7.0,1.0,0,4200.0,1000.0,1000.0,2.0,3000.0,240,0,0,0,1,1,0,1,1,1,0,0,1,1,1.8,6.8,80000.0,1,1,1,2.0,3.2,2,1,0,1,1,1,2,2,25-34,45-54,Yes,,2,2
2024,99999,AZ,9500.0,9500401000.0,Conventional:Purchase,Single Family (1-4 Units):Site-Built,”Not Hispanic or Latino”,White,Male,Approved,1,420000.0,76.0,6.2,0.8,0,4800.0,1000.0,1000.0,2.0,3500.0,300,0,0,0,1,1,1,1,3,1,0,0,0,1,1.8,6.0,60000.0,1,0,1,2.0,3.5,2,2,1,0,1,3,1,2,45-54,45-54,Yes,,1,1
2024,99999,OK,9510.0,9510604000.0,FHA:Purchase,Single Family (1-4 Units):Site-Built,Not Hispanic or Latino,White,Female,Approved,1,460000.0,82.0,7.2,1.5,0,4000.0,900.0,1000.0,1.5,2700.0,360,0,0,0,1,1,0,1,1,1,0,0,0,1,2.0,6.5,75000.0,2,1,1,2.0,3.5,1,1,1,1,2,2,1,3,35-44,45-54,Yes,,1,1
2024,99999,KS,9520.0,9520705000.0,Conventional:Purchase,Single Family (1-4 Units):Site-Built,Hispanic or Latino,White,Female,Approved,1,360000.0,85.0,7.8,2.0,0,4200.0,1000.0,1500.0,2.2,2800.0,240,0,0,0,1,1,0,0,2,1,0,0,0,1,2.2,7.3,80000.0,2,0,1,2.0,4.2,2,1,1,0,1,1,1,1,45-54,35-44,Yes,,2,2
2024,99999,LH,9530.0,9530407000.0,FHA:Purchase,Single Family (1-4 Units):Site-Built,”Not Hispanic or Latino”,White,Male,Approved,1,500000.0,82.0,6.8,1.0,1,5000.0,1000.0,1000.0,2.0,3000.0,360,0,0,0,0,0,1,0,3,1,1,0,0,1,1.8,6.2,80000.0,1,1,1,1.5,3.5,1,2,1,0,1,2,1,1,35-44,45-54,Yes,,1,1
2024,99999,VA,9540.0,9540709000.0,Conventional:Purchase,Single Family (1-4 Units):Site-Built,Hispanic or Latino,White,Male,Approved,1,330000.0,82.0,7.1,1.7,0,4800.0,1200.0,1000.0,2.0,4000.0,180,0,0,0,1,1,1,0,2,2,0,1,0,1,2.0,7.5,90000.0,1,1,0,1.5,3.5,2,0,1,1,2,1,1,2,45-54,45-54,No,,1,1
2024,99999,HI,9550.0,9550404000.0,FHA:Purchase,Single Family (1-4 Units):Site-Built,"Not Hispanic or Latino",White,Male,Approved,1,500000.0,77.0,6.9,1.2,0,4500.0,1200.0,2000.0,2.0,4000.0,360,0,0,0,0,0,1,0,3,1,0,0,0,0,2.5,6.8,90000.0,4,0,0,2.0,4.0,1,1,0,1,2,3,1,1,45-54,65-74,Yes,,1,1
2024,99999,ID,9
2024,10010,CA,11001.0,1100100100.0,Conventional:First Lien,Single Family (1-4 Units):Site-Built,Hispanic or Latino,White,Male,Approved for loan originations,1,250000.0,0.82,6.75,2.25,0,12000.0,2500.0,1800.0,2.0,8000.0,360.0,12.0,,0,0,0,0,0,550000.0,Site-Built,Primary,0,0,1.0,0.0,75000.0,40.0,2,0,1,1,1,1,1,1,1,1,1,1,1,1,1,1,1,1,1,1,1,1,1,1,1,1,1,1,1,1,1,1,1,1,1,1,1,1,1,1,1,1,1,1,1,1,1,1,1,1,1,1,1,1,1,1,1,1,1,1,1,1,1,1,1,1,1,1,1,1,1,1,1,1,1,1,1,1,1,1,1,1,1,1,1,1,1,1,1,1,1,1,1,1,1,1,1,1,1,1,1,1,1,1,1,1,1,1,1,1,1,1,1,1,1,1,1,1,1,1,1,1,1,1,1,1,1,1,1,1,1,1,1,1,1,1,1,1,1,1,1,1,1,1,1,1,1,1,1,1,1,1,1,1,1,1,1,1,1,1,1,1,1,1,1,1,1,1,1,1,1,1,1,1,1,1,1,1,1,1,1,1,1,1,1,1,1,1,1,1,1,1,1,1,1,1,1,1,1,1,1,1,1,1,1,1,1,1,1,1,1,1,1,1,1,1,1,1,1,1,1,1,1,1,1,1,1,1,1,1,1,1,1,1,1,1,1,1,1,1,1,1,1,1,1,1,1,1,1,1,1,1,1,1,1,1,1,1,1,1,1,1,1,1,1,1,1,1,1,1,1,1,1,1,1,1,1,1,1,1,1,1,1,1,1,1,1,1,1,1,1,1,1,1,1,1,1,1,1,1,1,1,1,1,1,1,1,1,1,1,1,1,1,1,1,1,1,1,1,1,1,1,1,1,1,1,1,1,1,1,1,1,1,1,1,1,1,1,1,1,1,1,1,1,1,1,1,1,1,1,1,1,1,1,1,1,1,1,1,1,1,1,1,1,1,1,1,1,1,1,1,1,1,1,1,1,1,1,1,1,1,1,1,1,1,1,1,1,1,1,1,1,1,1,1,1,1,1,1,1,1,1,1,1,1,1,1,1,1,1,1,1,1,1,1,1,1,1,1,1,1,1,1,1,1,1,1,1,1,1,1,1,1,1,1,1,1,1,1,1,1,1,1,1,1,1,1,1,1,1,1,1,1,1,1,1,1,1,1,1,1,1,1,1,1,1,1,1,1,1,1,1,1,1,1,1,1,1,1,1,1,1,1,1,1,1,1,1,1,1,1,1,1,1,1,1,1,1,1,1,1,1,1,1,1,1,1,1,1,1,1,1,1,1,1,1,1,1,1,1,1,1,1,1,1,1,1,1,1,1,1,1,1,1,1,1,1,1,1,1,1,1,1,1,1,1,1,1,1,1,1,1,1,1,1,1,1,1,1,1,1,1,1,1,1,1,1,1,1,1,1,1,1,1,1,1,1,1,1,1,1,1,1,1,1,1,1,1,1,1,1,1,1,1,1,1,1,1,1,1,1,1,1,1,1,1,1,1,1,1,1,1,1,1,1,1,1,1,1,1,1,1,1,1,1,1,1,1,1,1,1,1,1,1,1,1,1,1,1,1,1,1,1,1,1,1,1,1,1,1,1,1,1,1,1,1,1,1,1,1,1,1,1,1,1,1,1,1,1,1,1,1,1,1,1,1,1,1,1,1,1,1,1,1,1,1,1,1,1,1,1,1,1,1,1,1,1,1,1,1,1,1,1,1,1,1,1,1,1,1,1,1,1,1,1,1,1,1,1,1,1,1,1,1,1,1,1,1,1,1,1,1,1,1,1,1,1,1,1,1,1,1,1,1,1,1,1,1,1,1,1,1,1,1,1,1,1,1,1,1,1,1,1,1,1,1,1,1,1,1,1,1,1,1,1,1,1,1,1,1,1,1,1,1,1,1,1,1,1,1,1,1,1,1,1,1,1,1,1,1,1,1,1,1,1,1,1,1,1,1,1,1,1,1,1,1,1,1,1,1,1,1,1,1,1,1,1,1,1,1,1,1,1,1,1,1,1,1,1,1,1,1,1,1,1,1,1,1,1,1,1,1,1,1,1,1,1,1,1,1,1,1,1,1,1,1,1,1,1,1,1,1,1,1,1,1,1,1,1,1,1,1,1,1,1,1,1,1,1,1,1,1,1,1,1,1,1,1,1,1,1,1,1,1,1,1,1,1,1,1,1,1,1,1,1,1,1,1,1,1,1,1,1,1,1,1,1,1,1,1,1,1,1,1,1,1,1,1,1,1,1,1,1,1,1,1,1,1,1,1,1,1,1,1,1,1,1,1,1,1,1,1,1,1,1,1,1,1,1,1,1,1,1,1,1,1,1,1,1,1,1,1,1,1,1,1,1,1,1,1,1,1,1,1,1,1,1,1,1,1,1,1,1,1,1,1,1,1,1,1,1,1,1,1,1,1,1,1,1,1,1,1,1,1,1,1,1,1,1,1,1,1,1,1,1,1,1,1,1,1,1,1,1,1,1,1,1,1,1,1,1,1,1,1,1,1,1,1,1,1,1,1,1,1,1,1,1,1,1,1,1,1,1,1,1,1,1,1,1,1,1,1,1,1,1,1,1,1,1,1,1,1,1,1,1,1,1,1,1,1,1,1,1,1,1,1,1,1,1,1,1,1,1,1,1,1,1,1,1,1,1,1,1,1,1,1,1,1,1,1,1,1,1,1,1,1,1,1,1,1,1,1,1,1,1,1,1,1,1,1,1,1,1,1,1,1,1,1,1,1,1,1,1,1,1,1,1,1,1,1,1,1,1,1,1,1,1,1,1,1,1,1,1,1,1,1,1,1,1,1,1,1,1,1,1,1,1,1,1,1,1,1,1,1,1,1,1,1,1,1,1,1,1,1,1,1,1,1,1,1,1,1,1,1,1,1,1,1,1,1,1,1,1,1,1,1,1,1,1,1,1,1,1,1,1,1,1,1,1,1,1,1,1,1,1,1,1,1,1,1,1,1,1,1,1,1,1,1,1,1,1,1,1,1,1,1,1,1,1,1,1,1,1,1,1,1,1,1,1,1,1,1,1,1,1,1,1,1,1,1,1,1,1,1,1,1,1,1,1,1,1,1,1,1,1,1,1,1,1,1,1,1,1,1,1,1,1,1,1,1,1,1,1,1,1,1,1,1,1,1,1,1,1,1,1,1,1,1,1,1,1,1,1,1,1,1,1,1,1,1,1,1,1,1,1,1,1,1,1,1,1,1,1,1,1,1,1,1,1,1,1,1,1,1,1,1,1,1,1,1,1,1,1,1,1,1,1,1,1,1,1,1,1,1,1,1,1,1,1,1,1,1,1,1,1,1,1,1,1,1,1,1,1,1,1,1,1,1,1,1,1,1,1,1,1,1,1,1,1,1,1,1,1,1,1,1,1,1,1,1,1,1,1,1,1,1,1,1,1,1,1,1,1,1,1,1,1,1,1,1,1,1,1,1,1,1,1,1,1,1,1,1,1,1,1,1,1,1,1,1,1,1,1,1,1,1,1,1,1,1,1,1,1,1,1,1,1,1,1,1,1,1,1,1,1,1,1,1,1,1,1,1,1,1,1,1,1,1,1,1,1,1,1,1,1,1,1,1,1,1,1,1,1,1,1,1,1,1,1,1,1,1,1,1,1,1,1,1,1,1,1,1,1,1,1,1,1,1,1,1,1,1,1,1,1,1,1,1,1,1,1,1,1,1,1,1,1,1,1,1,1,1,1,1,1,1,1,1,1,1,1,1,1,1,1,1,1,1,1,1,1,1,1,1,1,1,1,1,1,1,1,1,1,1,1,1,1,1,1,1,1,1,1,1,1,1,1,1,1,1,1,1,1,1,1,1,1,1,1,1,1,1,1,1,1,1,1,1,1,1,1,1,1,1,1,1,1,1,1,1,1,1,1,1,1,1,1,1,1,1,1,1,1,1,1,1,1,1,1,1,1,1,1,1,1,1,1,1,1,1,1,1,1,1,1,1,1,1,1,1,1,1,1,1,1,1,1,1,1,1,1,1,1,1,1,1,1,1,1,1,1,1,1,1,1,1,1,1,1,1,1,1,1,1,1,1,1,1,1,1,1,1,1,1,1,1,1,1,1,1,1,1,1,1,1,1,1,1,1,1,1,1,1,1,1,1,1,1,1,1,1,1,1,1,1,1,1,1,1,1,1,1,1,1,1,1,1,1,1,1,1,1,1,1,1,1,1,1,1,1,1,1,1,1,1,1,1,1,1,1,1,1,1,1,1,1,1,1,1,1,1,1,1,1,1,1,1,1,1,1,1,1,1,1,1,1,1,1,1,1,1,1,1,1,1,1,1,1,1,1,1,1,1,1,1,1,1,1,1,1,1,1,1,1,1,1,1,1,1,1,1,1,1,1,1,1,1,1,1,1,1,1,1,1,1,1,1,1,1,1,1,1,1,1,1,1,1,1,1,1,1,1,1,1,1,1,1,1,1,1,1,1,1,1,1,1,1,1,1,1,1,1,1,1,1,1,1,1,1,1,1,1,1,1,1,1,1,1,1,1,1,1,1,1,1,1,1,1,1,1,1,1,1,1,1,1,1,1,1,1,1,1,1,1,1,1,1,1,1,1,1,1,1,1,1,1,1,1,1,1,1,1,1,1,1,1,1,1,1,1,1,1,1,1,1,1,1,1,1,1,1,1,1,1,1,1,1,1,1,1,1,1,1,1,1,1,1,1,1,1,1,1,1,1,1,1,1,1,1,1,1,1,1,1,1,1,1,1,1,1,1,1,1,1,1,1,1,1,1,1,1,1,1,1,1,1,1,1,1,1,1,1,1,1,1,1,1,1,1,1,1,1,1,1,1,1,1,1,1,1,1,1,1,1,1,1,1,1,1,1,1,1,1,1,1,1,1,1,1,1,1,1,1,1,1,1,1,1,1,1,1,1,1,1,1,1,1,1,1,1,1,1,1,1,1,1,1,1,1,1,1,1,1,1,1,1,1,1,1,1,1,1,1,1,1,1,1,1,1,1,1,1,1,1,1,1,1,1,1,1,1,1,1,1,1,1,1,1,1,1,1,1,1,1,1,1,1,1,1,1,1,1,1,1,1,1,1,1,1,1,1,1,1,1,1,1,1,1,1,1,1,1,1,1,1,1,1,1,1,1,1,1,1,1,1,1,1,1,1,1,1,1,1,1,1,1,1,1,1,1,1,1,1,1,1,1,1,1,1,1,1,1,1,1,1,1,1,1,1,1,1,1,1,1,1,1,1,1,1,1,1,1,1,1,1,1,1,1,1,1,1,1,1,1,1,1,1,1,1,1,1,1,1,1,1,1,1,1,1,1,1,1,1,1,1,1,1,1,1,1,1,1,1,1,1,1,1,1,1,1,1,1,1,1,1,1,1,1,1,1,1,1,1,1,1,1,1,1,1,1,1,1,1,1,1,1,1,1,1,1,1,1,1,1,1,1,1,1,1,1,1,1,1,1,1,1,1,1,1,1,1,1,1,1,1,1,1,1,1,1,1,1,1,1,1,1,1,1,1,1,1,1,1,1,1,1,1,1,1,1,1,1,1,1,1,1,1,1,1,1,1,1,1,1,1,1,1,1,1,1,1,1,1,1,1,1,1,1,1,1,1,1,1,1,1,1,1,1,1,1,1,1,1,1,1,1,1,1,1,1,1,1,1,1,1,1,1,1,1,1,1,1,1,1,1,1,1,1,1,1,1,1,1,1,1,1,1,1,1,1,1,1,1,1,1,1,1,1,1,1,1,1,1,1,1,1,1,1,1,1,1,1,1,1,1,1,1,1,1,1,1,1,1,1,1,1,1,1,1,1,1,1,1,1,1,1,1,1,1,1,1,1,1,1,1,1,1,1,1,1,1,1,1,1,1,1,1,1,1,1,1,1,1,1,1,1,1,1,1,1,1,1,1,1,1,1,1,1,1,1,1,1,1,1,1,1,1,1,1,1,1,1,1,1,1,1,1,1,1,1,1,1,1,1,1,1,1,1,1,1,1,1,1,1,1,1,1,1,1,1,1,1,1,1,1,1,1,1,1,1,1,1,1,1,1,1,1,1,1,1,1,1,1,1,1,1,1,1,1,1,1,1,1,1,1,1,1,1,1,1,1,1,1,1,1,1,1,1,1,1,1,1,1,1,1,1,1,1,1,1,1,1,1,1,1,1,1,1,1,1,1,1,1,1,1,1,1,1,1,1,1,1,1,1,1,1,1,1,1,1,1,1,1,1,1,1,1,1,1,1,1,1,1,1,1,1,1,1,1,1,1,1,1,1,1,1,1,1,1,1,1,1,1,1,1,1,1,1,1,1,1,1,1,1,1,1,1,1,1,1,1,1,1,1,1,1,1,1,1,1,1,1,1,1,1,1,1,1,1,1,1,1,1,1,1,1,1,1,1,1,1,1,1,1,1,1,1,1,1,1,1,1,1,1,1,1,1,1,1,1,1,1,1,1,1,1,1,1,1,1,1,1,1,1,1,1,1,1,1,1,1,1,1,1,1,1,1,1,1,1,1,1,1,1,1,1,1,1,1,1,1,1,1,1,1,1,1,1,1,1,1,1,1,1,1,1,1,1,1,1,1,1,1,1,1,1,1,1,1,1,1,1,1,1,1,1,1,1,1,1,1,1,1,1,1,1,1,1,1,1,1,1,1,1,1,1,1,1,1,1,1,1,1,1,1,1,1,1,1,1,1,1,1,1,1,1,1,1,1,1,1,1,1,1,1,1,1,1,1,1,1,1,1,1,1,1,1,1,1,1,1,1,1,1,1,1,1,1,1,1,1,1,1,1,1,1,1,1,1,1,1,1,1,1,1,1,1,1,1,1,1,1,1,1,1,1,1,1,1,1,1,1,1,1,1,1,1,1,1,1,1,1,1,1,1,1,1,1,1,1,1,1,1,1,1,1,1,1,1,1,1,1,1,1,1,1,1,1,1,1,1,1,1,1,1,1,1,1,1,1,1,1,1,1,1,1,1,1,1,1,1,1,1,1,1,1,1,1,1,1,1,1,1,1,1,1,1,1,1,1,1,1,1,1,1,1,1,1,1,1,1,1,1,1,1,1,1,1,1,1,1,1,1,1,1,1,1,1,1,1,1,1,1,1,1,1,1,1,1,1,1,1,1,1,1,1,1,1,1,1,1,1,1,1,1,1,1,1,1,1,1,1,1,1,1,1,1,1,1,1,1,1,1,1,1,1,1,1,1,1,1,1,1,1,1,1,1,1,1,1,1,1,1,1,1,1,1,1,1,1,1,1,1,1,1,1,1,1,1,1,1,1,1,1,1,1,1,1,1,1,1,1,1,1,1,1,1,1,1,1,1,1,1,1,1,1,1,1,1,1,1,1,1,1,1,1,1,1,1,1,1,1,1,1,1,1,1,1,1,1,1,1,1,1,1,1,1,1,1,1,1,1,1,1,1,1,1,1,1,1,1,1,1,1,1,1,1,1,1,1,1,1,1,1,1,1,1,1,1,1,1,1,1,1,1,1,1,1,1,1,1,1,1,1,1,1,1,1,1,1,1,1,1,1,1,1,1,1,1,1,1,1,1,1,1,1,1,1,1,1,1,1,1,1,1,1,1,1,1,1,1,1,1,1,1,1,1,1,1,1,1,1,1,1,1,1,1,1,1,1,1,1,1,1,1,1,1,1,1,1,1,1,1,1,1,1,1,1,1,1,1,1,1,1,1,1,1,1,1,1,1,1,1,1,1,1,1,1,1,1,1,1,1,1,1,1,1,1,1,1,1,1,1,1,1,1,1,1,1,1,1,1,1,1,1,1,1,1,1,1,1,1,1,1,1,1,1,1,1,1,1,1,1,1,1,1,1,1,1,1,1,1,1,1,1,1,1,1,1,1,1,1,1,1,1,1,1,1,1,1,1,1,1,1,1,1,1,1,1,1,1,1,1,1,1,1,1,1,1,1,1,1,1,1,1,1,1,1,1,1,1,1,1,1,1,1,1,1,1,1,1,1,1,1,1,1,1,1,1,1,1,1,1,1,1,1,1,1,1,1,1,1,1,1,1,1,1,1,1,1,1,1,1,1,1,1,1,1,1,1,1,1,1,1,1,1,1,1,1,1,1,1,1,1,1,1,1,1,1,1,1,1,1,1,1,1,1,1,1,1,1,1,1,1,1,1,1,1,1,1,1,1,1,1,1,1,1,1,1,1,1,1,1,1,1,1,1,1,1,1,1,1,1,1,1,1,1,1,1,1,1,1,1,1,1,1,1,1,1,1,1,1,1,1,1,1,1,1,1,1,1,1,1,1,1,1,1,1,1,1,1,1,1,1,1,1,1,1,1,1,1,1,1,1,1,1,1,1,1,1,1,1,1,1,1,1,1,1,1,1,1,1,1,1,1,1,1,1,1,1,1,1,1,1,1,1,1,1,1,1,1,1,1,1,1,1,1,1,1,1,1,1,1,1,1,1,1,1,1,1,1,1,1,1,1,1,1,1,1,1,1,1,1,1,1,1,1,1,1,1,1,1,1,1,1,1,1,1,1,1,1,1,1,1,1,1,1,1,1,1,1,1,1,1,1,1,1,1,1,1,1,1,1,1,1,1,1,1,1,1,1,1,1,1,1,1,1,1,1,1,1,1,1,1,1,1,1,1,1,1,1,1,1,1,1,1,1,1,1,1,1,1,1,1,1,1,1,1,1,1,1,1,1,1,1,1,1,1,1,1,1,1,1,1,1,1,1,1,1,1,1,1,1,1,1,1,1,1,1,1,1,1,1,1,1,1,1,1,1,1,1,1,1,1,1,1,1,1,1,1,1,1,1,1,1,1,1,1,1,1,1,1,1,1,1,1,1,1,1,1,1,1,1,1,1,1,1,1,1,1,1,1,1,1,1,1,1,1,1,1,1,1,1,1,1,1,1,1,1,1,1,1,1,1,1,1,1,1,1,1,1,1,1,1,1,1,1,1,1,1,1,1,1,1,1,1,1,1,1,1,1,1,1,1,1,1,1,1,1,1,1,1,1,1,1,1,1,1,1,1,1,1,1,1,1,1,1,1,1,1,1,1,1,1,1,1,1,1,1,1,1,1,1,1,1,1,1,1,1,1,1,1,1,1,1,1,1,1,1,1,1,1,1,1,1,1,1,1,1,1,1,1,1,1,1,1,1,1,1,1,1,
2024,99999,CA,1150.0,1150704000.0,Conventional:First Lien,Single Family (1-4 Units):Site-Built,Hispanic or Latino,Black,Female,Loan originated,1,375000.0,75.0,5.25,1.5,1,4800.0,6200.0,2350.0,1.5,2450.0,360,0,0,,0,0,0,0,350000.0,Site-Built,Principal Residence,not applicable,not applicable,1,0,72000.0,42.0,1,1,Hispanic or Latino,Not Hispanic or Latino,Observed,Observed,Black,White,Observed,Observed,Not Applicable,Not Applicable,Observed,Observed,32,35,0,0,1,1,Yes,1,1,1
2024,99999,NY,9150.0,9150708100.0,Conventional:First Lien,Single Family (1-4 Units):Site-Built,Not Hispanic or Latino,White,Male,Loan originated,1,250000.0,80.0,4.25,0.75,0,3600.0,4500.0,1400.0,1.0,2100.0,180,0,0,,0,0,0,0,320000.0,Site-Built,Principal Residence,not applicable,not applicable,1,0,65000.0,39.0,1,1,Not Hispanic or Latino,Not Hispanic or Latino,Observed,Observed,White,White,Observed,Observed,Male,Male,Observed,Observed,45,42,0,0,1,1,Yes,1,1,1
2024,99999,TX,9110.0,9110700800.0,Conventional:First Lien,Single Family (1-4 Units):Site-Built,Hispanic or Latino,Asian,Female,Deny of loan application,2,180000.0,90.0,6.75,2.5,1,,4100.0,0.0,0.75,4100.0,180,0,0,,0,0,0,0,200000.0,Site-Built,Primary Residence,not applicable,not applicable,1,0,60000.0,40.0,2,2,Hispanic or Latino,Hispanic or Latino,Observed,Observed,Asian,Asian,Observed,Observed,Female,Female,Observed,Observed,35,38,0,0,0,1,No,1,2,1
2024,99999,FL,9130.0,9130703900.0,FHA:First Lien,Single Family (1-4 Units):Site-Built,Not Hispanic or Latino,White,Male,Approved but not accepted,3,290000.0,95.0,5.5,1.0,0,3850.0,5100.0,1600.0,1.25,,240,0,0,,0,0,1,0,305000.0,Site-Built,Principal Residence,not applicable,not applicable,1,0,68000.0,41.0,1,1,Not Hispanic or Latino,Not Hispanic or Latino,Observed,Observed,White,White,Observed,Observed,Male,Male,Observed,Observed,33,37,0,0,1,0,Yes,2,1,2
2024,99999,PA,9020.0,9020701000.0,VA:First Lien,Single Family (1-4 Units):Site-Built,Not Hispanic or Latino,White,Female,File closed for incompleteness,1,420000.0,80.0,4.75,1.25,1,4500.0,5600.0,2200.0,1.0,3400.0,300,0,0,,0,0,0,0,525000.0,Site-Built,Primary Residence,not applicable,not applicable,1,0,75000.0,30.0,1,2,Not Hispanic or Latino,Not Hispanic or Latino,Observed,Observed,White,White,Observed,Observed,Female,Female,Observed,Observed,29,31,0,0,1,1,Yes,1,1,1
2024,99999,OH,9090.0,9090701210.0,Conventional:First Lien,Single Family (1-4 Units):Site-Built,Not Hispanic or Latino,Black,Male,Loan originated,1,310000.0,70.0,6.5,1.75,1,3600.0,4900.0,1800.0,1.3,3100.0,360,1,0,,0,0,0,0,440000.0,Site-Built,Primary Residence,not applicable,not applicable,1,0,52000.0,35.0,1,1,Not Hispanic or Latino,Not Hispanic or Latino,Observed,Observed,Black,White,Observed,Observed,Male,Male,Observed,Observed,38,41,0,0,1,1,Yes,2,1,2
2024,99999,GA,9090.0,9090701000.0,Conventional:First Lien,Single Family (1-4 Units):Site-Built,Hispanic or Latino,Hispanic,Female,Loan originated,1,350000.0,85.0,8.25,3.25,1,4900.0,6200.0,2200.0,1.5,4000.0,360,1,0,,1,0,0,0,410000.0,Site-Built,Principal Residence,not applicable,not applicable,1,0,61000.0,39.0,3,2,Hispanic or Latino,Hispanic or Latino,Observed,Observed,Hispanic,Hispanic,Observed,Observed,Female,Female,Observed,Observed,25,32,0,0,1,1,Yes,2,1,2
2024,99999,MN,9140.0,9140701000.0,FHA:First Lien,Single Family (1-4 Units):Site-Built,Not Hispanic or Latino,White,Female,Approved but not accepted,1,220000.0,90.0,6.0,1.0,0,4100.0,5500.0,0.0,1.0,5500.0,360,0,0,,0,0,0,0,240000.0,Site-Built,Primary Residence,not applicable,not applicable,1,0,54000.0,42.0,1,1,Not Hispanic or Latino,Not Hispanic or Latino,Observed,Observed,White,White,Observed,Observed,Female,Female,Observed,Observed,34,36,0,0,1,1,Yes,1,1,1
2024,99999,SC,9110.0,9110701200.0,Conventional:First Lien,Single Family (1-4 Units):Site-Built,Not Hispanic or Latino,White,Male,Deny of loan application,2,280000.0,86.0,5.75,1.25,0,3900.0,5100.0,1300.0,1.0,3800.0,300,0,0,,0,0,0,0,320000.0,Site-Built,Principal Residence,not applicable,not applicable,1,0,64000.0,37.0,1,1,Not Hispanic or Latino,Not Hispanic or Latino,Observed,Observed,White,White,Observed,Observed,Male,Male,Observed,Observed,30,33,0,0,0,1,No,2,1,2
2024,99999,WI,9040.0,9040701300.0,Conventional:First Lien,Single Family (1-4 Units):Site-Built,Not Hispanic or Latino,White,Female,Loan originated,1,300000.0,74.0,7.0,1.5,1,4900.0,6700.0,2500.0,1.25,4200.0,180,0,0,,0,0,0,0,400000.0,Site-Built,Principal Residence,not applicable,not applicable,1,0,71000.0,32.0,1,1,Not Hispanic or Latino,Not Hispanic or Latino,Observed,Observed,White,White,Observed,Observed,Female,Female,Observed,Observed,27,30,0,0,1,1,Yes,1,1,1
2024,99999,IL,9170.0,9170702000.0,FHA:First Lien,Single Family (1-4 Units):Site-Built,Hispanic or Latino,Hispanic,Male,Loan originated,1,170000.0,92.0,7.5,2.0,1,,5200.0,0.0,0.5,5200.0,300,0,0,,0,0,0,0,185000.0,Site-Built,Primary Residence,not applicable,not applicable,1,0,55000.0,40.0,2,1,Hispanic or Latino,Hispanic or Latino,Observed,Observed,Hispanic,Hispanic,Observed,Observed,Male,Male,Observed,Observed,31,32,0,0,1,1,Yes,1,2,1
2024,99999,NC,9060.0,9060706000.0,VA:First Lien,Single Family (1-4 Units):Site-Built,Hispanic or Latino,Not Hispanic or Latino,Male,Approved but not accepted,1,320000.0,85.0,5.0,0.5,0,4000.0,5600.0,1000.0,1.0,3600.0,360,0,0,,0,0,0,0,380000.0,Site-Built,Principal Residence,not applicable,not applicable,1,0,70000.0,35.0,2,2,Hispanic or Latino,Not Hispanic or Latino,Observed,Observed,Not Hispanic or Latino,White,Observed,Observed,Male,Male,Observed,Observed,39,43,0,0,1,0,Yes,2,1,2
2024,99999,CO,9010.0,9010708210.0,FHA:First Lien,Single Family (1-4 Units):Site-Built,Not Hispanic or Latino,White,Female,Loan originated,1,270000.0,72.0,5.0,1.25,1,,3700.0,0.0,0.5,3700.0,300,0,0,,0,0,0,0,370000.0,Site-Built,Primary Residence,not applicable,not applicable,1,0,59000.0,31.0,1,1,Not Hispanic or Latino,Not Hispanic or Latino,Observed,Observed,White,White,Observed,Observed,Female,Female,Observed,Observed,36,37,0,0,1,1,Yes,1,1,1
2024,99999,VA,9100.0,9100709000.0,Conventional:First Lien,Single Family (1-4 Units):Site-Built,Not Hispanic or Latino,White,Male,Loan originated,1,340000.0,78.0,7.25,2.25,1,5100.0,6400.0,2200.0,1.25,4100.0,300,0,0,,0,0,0,0,430000.0,Site-Built,Principal Residence,not applicable,not applicable,1,0,72000.0,34.0,1,1,Not Hispanic or Latino,Not Hispanic or Latino,Observed,Observed,White,White,Observed,Observed,Male,Male,Observed,Observed,25,29,0,0,1,1,Yes,1,1,1
2024,99999,OR,9120.0,9120701000.0,Conventional:First Lien,Single Family (1-4 Units):Site-Built,Hispanic or Latino,Hispanic,Female,Deny of loan application,2,210000.0,90.0,8.5,3.0,1,3300.0,4200.0,1200.0,2.0,3000.0,180,0,0,,0,0,0,0,235000.0,Site-Built,Primary Residence,not applicable,not applicable,1,0,55000.0,43.0,2,1,Hispanic or Latino,Hispanic or Latino,Observed,Observed,Hispanic,Hispanic,Observed,Observed,Female,Female,Observed,Observed,33,34,0,0,0,1,No,2,1,2
2024,99999,MT,9080.0,9080701000.0,FHA:First Lien,Single Family (1-4 Units):Site-Built,Hispanic or Latino,Hispanic,Female,Approved but not accepted,1,400000.0,80.0,6.25,0.5,0,4300.0,5700.0,1600.0,1.0,3700.0,360,0,0,,0,0,0,0,500000.0,Site-Built,Principal Residence,not applicable,not applicable,1,0,68000.0,38.0,1,2,Hispanic or Latino,Hispanic or Latino,Observed,Observed,Hispanic,Hispanic,Observed,Observed,Female,Female,Observed,Observed,41,42,0,0,1,1,Yes,1,1,1
2024,99999,MA,9020.0,9020701000.0,Conventional:First Lien,Single Family (1-4 Units):Site-Built,Not Hispanic or Latino,White,Female,Loan originated,1,280000.0,70.0,5.75,1.75,1,3800.0,5200.0,1700.0,2.0,3500.0,300,0,0,,0,0,0,0,400000.0,Site-Built,Primary Residence,not applicable,not applicable,1,0,62000.0,28.0,1,1,Not Hispanic or Latino,Not Hispanic or Latino,Observed,Observed,White,White,Observed,Observed,Female,Female,Observed,Observed,32,34,0,0,1,1,Yes,1,1,1
2024,99999,IN,9070.0,9070701000.0,FHA:First Lien,Single Family (1-4 Units):Site-Built,Hispanic or Latino,Hispanic,Male,Loan originated,1,290000.0,88.0,6.0,1.5,1,,4600.0,0.0,0.5,4600.0,300,0,0,,0,0,0,0,330000.0,Site-Built,Primary Residence,not applicable,not applicable,1,0,58000.0,36.0,2,1,Hispanic or Latino,Hispanic or Latino,Observed,Observed,Hispanic,Hispanic,Observed,Observed,Male,Male,Observed,Observed,40,43,0,0,1,1,Yes,2,1,2
2024,99999,NJ,9050.0,9050702000.0,Va:First Lien,Single Family (1-4 Units):Site-Built,Hispanic or Latino,White,Female,Loan originated,1,315000.0,65.0,7.5,1.5,1,5200.0,6800.0,2400.0,1.25,4400.0,360,0,0,,0,0,0,0,480000.0,Site-Built,Primary Residence,not applicable,not applicable,1,0,72000.0,29.0,2,2,Hispanic or Latino,White,Observed,Observed,White,White,Observed,Observed,Female,Female,Observed,Observed,35,36,0,0,1,1,Yes,2,1,2
2024,99999,MD,9030.0,9030706000.0,Conventional:First Lien,Single Family (1-4 Units):Site-Built,Not Hispanic or Latino,White,Male,Approved but not accepted,1,260000.0,80.0,7.0,1.0,1,4100.0,5500.0,1200.0,1.0,4300.0,300,0,0,,0,0,0,0,325000.0,Site-Built,Primary Residence,not applicable,not applicable,1,0,67000.0,32.0,1,2,Not Hispanic or Latino,Not Hispanic or Latino,Observed,Observed,White,White,Observed,Observed,Male,Male,Observed,Observed,31,34,0,0,1,0,Yes,1,1,1
2024,99999,WA,9130.0,9130702000.0,FHA:First Lien,Single Family (1-4 Units):Site-Built,Hispanic or Latino,Hispanic,Female,Deny of loan application,2,240000.0,95.0,6.5,2.0,1,3200.0,4500.0,0.0,0.5,4500.0,360,0,0,,0,0,0,0,255000.0,Site-Built,Primary Residence,not applicable,not applicable,1,0,59000.0,36.0,2,1,Hispanic or Latino,Hispanic or Latino,Observed,Observed,Hispanic,Hispanic,Observed,Observed,Female,Female,Observed,Observed,37,40,0,0,0,1,No,2,1,2
2024,99999,NE,9130.0,9130703100.0,VA:First Lien,Single Family (1-4 Units):Site-Built,Not Hispanic or Latino,White,Male,Approved but not accepted,3,300000.0,77.0,5.5,0.75,0,4500.0,5200.0,1800.0,1.25,3700.0,300,0,0,,0,0,0,0,390000.0,Site-Built,Primary Residence,not applicable,not applicable,1,0,63000.0,38.0,1,1,Not Hispanic or Latino,Not Hispanic or Latino,Observed,Observed,White,White,Observed,Observed,Male,Male,Observed,Observed,42,44,0,0,1,0,Yes,1,1,1
2024,99999,MS,9170.0,9170701200.0,Conventional:First Lien,Single Family (1-4 Units):Site-Built,Not Hispanic or Latino,White,Female,Loan originated,1,240000.0,80.0,6.25,2.25,1,4100.0,5500.0,2000.0,1.0,3500.0,360,0,0,,0,0,0,0,300000.0,Site-Built,Primary Residence,not applicable,not applicable,1,0,61000.0,37.0,1,1,Not Hispanic or Latino,Not Hispanic or Latino,Observed,Observed,White,White,Observed,Observed,Female,Female,Observed,Observed,29,33,0,0,1,1,Yes,1,1,1
2024,99999,KS,9150.0,9150709000.0,FHA:First Lien,Single Family (1-4 Units):Site-Built,Hispanic or Latino,Hispanic,Female,Approved but not accepted,1,200000.0,95.0,7.25,1.75,1,,3800.0,0.0,1.25,3800.0,240,0,0,,0,0,0,0,210000.0,Site-Built,Primary Residence,not applicable,not applicable,1,0,53000.0,40.0,2,1,Hispanic or Latino,Hispanic or Latino,Observed,Observed,Hispanic,Hispanic,Observed,Observed,Female,Female,Observed,Observed,32,35,0,0,1,0,Yes,1,2,2
2024,99999,KY,9180.0,9180701000.0,VA:First Lien,Single Family (1-4 Units):Site-Built,Hispanic or Latino,Hispanic,Male,Loan originated,1,380000.0,74.0,7.0,1.25,1,4700.0,6300.0,2200.0,1.5,4100.0,360,0,0,,0,0,0,0,510000.0,Site-Built,Principal Residence,not applicable,not applicable,1,0,65000.0,35.0,1,2,Hispanic or Latino,Hispanic or Latino,Observed,Observed,Hispanic,Hispanic,Observed,Observed,Male,Male,Observed,Observed,36,39,0,0,1,1,Yes,1,1,2
2024,99999,WV,9120.0,9120702000.0,Conventional:First Lien,Single Family (1-4 Units):Site-Built,Not Hispanic or Latino,White,Male,Loan originated,1,240000.0,85.0,6.0,2.0,0,4300.0,5100.0,1200.0,1.0,3900.0,360,0,0,,0,0,0,0,290000.0,Site-Built,Primary Residence,not applicable,not applicable,1,0,58000.0,30.0,1,1,Not Hispanic or Latino,Not Hispanic or Latino,Observed,Observed,White,White,Observed,Observed,Male,Male,Observed,Observed,28,32,0,0,1,1,Yes,1,1,1
2024,99999,ID,9090.0,9090701000.0,FHA:First Lien,Single Family (1-4 Units):Site-Built,Not Hispanic or Latino,White,Male,Approved but not accepted,1,290000.0,70.0,6.5,1.5,1,,4900.0,0.0,0.75,4900.0,360,0,0,,0,0,0,0,410000.0,Site-Built,Primary Residence,not applicable,not applicable,1,0,67000.0,33.0,1,1,Not Hispanic or Latino,Not Hispanic or Latino,Observed,Observed,White,White,Observed,Observed,Male,Male,Observed,Observed,44,46,0,0,1,1,Yes,1,1,1
2024,99999,MI,9120.0,9120701000.0,Conventional:First Lien,Single Family (1-4 Units):Site-Built,Hispanic or Latino,Hispanic,Female,Loan originated,1,230000.0,78.0,6.75,1.0,0,3900.0,5500.0,1100.0,0.5,4400.0,300,0,0,,0,0,0,0,290000.0,Site-Built,Primary Residence,not applicable,not applicable,1,0,54000.0,32.0,1,2,Hispanic or Latino,Hispanic or Latino,Observed,Observed,Hispanic,Hispanic,Observed,Observed,Female,Female,Observed,Observed,38,41,0,0,1,1,Yes,1,2,1
2024,99999,SD,9110.0,9110702000.0,Conventional:First Lien,Single Family (1-4 Units):Site-Built,Hispanic or Latino,Hispanic,Male,Loan originated,1,350000.0,75.0,5.5,1.25,0,4800.0,6400.0,1600.0,1.5,4200.0,360,0,0,,0,0,0,0,470000.0,Site-Built,Principal Residence,not applicable,not applicable,1,0,66000.0,36.0,1,1,Hispanic or Latino,Hispanic or Latino,Observed,Observed,Hispanic,Hispanic,Observed,Observed,Male,Male,Observed,Observed,39,42,0,0,1,1,Yes,1,1,1
2024,99999,RH,9030.0,9030701000.0,VA:First Lien,Single Family (1-4 Units):Site-Built,Hispanic or Latino,Hispanic,Female,Approved but not accepted,1,240000.0,90.0,6.75,2.0,1,,4100.0,0.0,1.0,4100.0,240,0,0,,0,0,0,0,270000.0,Site-Built,Primary Residence,not applicable,not applicable,1,0,58000.0,34.0,1,2,Hispanic or Latino,Hispanic or Latino,Observed,Observed,Hispanic,Hispanic,Observed,Observed,Female,Female,Observed,Observed,27,33,0,0,1,0,Yes,1,1,2
2024,99999,ND,9110.0,9110703000.0,Conventional:First Lien,Single Family (1-4 Units):Site-Built,Not Hispanic or Latino,White,Male,Loan originated,1,320000.0,80.0,5.75,1.0,1,4700.0,6200.0,1800.0,1.25,4400.0,360,0,0,,0,0,0,0,400000.0,Site-Built,Principal Residence,not applicable,not applicable,1,0,65000.0,30.0,1,1,Not Hispanic or Latino,Not Hispanic or Latino,Observed,Observed,White,White,Observed,Observed,Male,Male,Observed,Observed,35,36,0,0,1,1,Yes,1,1,1
2024,99999,OH,9130.0,9130701000.0,FHA:First Lien,Single Family (1-4 Units):Site-Built,Not Hispanic or Latino,White,Female,Loan originated,1,270000.0,92.0,6.25,2.0,1,3900.0,5200.0,0.0,0.75,5200.0,360,0,0,,0,0,0,0,290000.0,Site-Built,Principal Residence,not applicable,not applicable,1,0,60000.0,41.0,1,1,Not Hispanic or Latino,Not Hispanic or Latino,Observed,Observed,White,White,Observed,Observed,Female,Female,Observed,Observed,26,30,0,0,1,1,Yes,1,1,1
2024,99999,NH,9080.0,9080701000.0,Va:First Lien,Single Family (1-4 Units):Site-Built,Not Hispanic or Latino,White,Male,Approved but not accepted,3,330000.0,75.0,5.75,1.5,0,4300.0,5800.0,1400.0,1.25,3900.0,300,0,0,,0,0,0,0,440000.0,Site-Built,Primary Residence,not applicable,not applicable,1,0,70000.0,34.0,1,2,Not Hispanic or Latino,Not Hispanic or Latino,Observed,Observed,White,White,Observed,Observed,Male,Male,Observed,Observed,29,31,0,0,1,0,Yes,1,1,1
2024,99999,AZ,9100.0,9100701000.0,FHA:First Lien,Single Family (1-4 Units):Site-Built,Hispanic or Latino,Hispanic,Female,Deny of loan application,2,220000.0,88.0,8.5,3.0,1,3400.0,4500.0,1200.0,2.0,3300.0,360,0,0,,0,0,0,0,250000.0,Site-Built,Primary Residence,not applicable,not applicable,1,0,55000.0,40.0,2,1,Hispanic or Latino,Hispanic or Latino,Observed,Observed,Hispanic,Hispanic,Observed,Observed,Female,Female,Observed,Observed,34,36,0,0,0,1,No,2,1,2
2024,99999,VT,9130.0,9130701000.0,Conventional:First Lien,Single Family (1-4 Units):Site-Built,Not Hispanic or Latino,White,Female,Loan originated,1,300000.0,72.0,5.2
2024,99999,CA,6075.0,6075000100.0,Conventional:First Lien,Single Family (1-4 Units):Site-Built,Hispanic or Latino,Black,Male,Loan originated,1,320000.0,80.0,6.5,1.2,2,1800.0,250.0,600.0,2.0,1200.0,360,,1,2,2,2,,2,1,1,1,3.0,2.0,3,3,2.0,5.0,3,4,3,5,3,1,5,5,75,9999,No,,1,1
2024,99999,WA,5303.0,5303007000.0,FHA:First Lien,Single Family (1-4 Units):Site-Built,Not Hispanic or Latino,White,Female,Loan originated,1,275000.0,85.0,6.75,1.5,2,1200.0,180.0,500.0,1.0,700.0,360,,2,1,2,2,,1,1,1,1,3.0,1.0,2,2,1.0,4.0,2,3,2,4,2,1,4,4,30,75,No,,1,1
2024,99999,NV,6019.0,6019002000.0,VA:First Lien,Single Family (1-4 Units):Site-Built,Not Hispanic or Latino,Asian,Female,Loan originated,1,420000.0,90.0,6.0,1.0,2,1500.0,320.0,450.0,1.5,900.0,360,,1,2,2,2,,1,1,1,1,1.0,4.0,1,1,2.0,4.0,2,3,3,1,1,1,3,3,54,40,No,,1,1
2024,99999,TX,48055.0,4805507000.0,Conventional:First Lien,Single Family (1-4 Units):Site-Built,Not Hispanic or Latino,White,Female,Loan originated,1,350000.0,80.0,7.25,2.0,2,2100.0,300.0,700.0,2.5,1200.0,360,,2,2,2,2,,1,1,2,1,2.0,1.0,2,4,3.0,5.0,3,4,4,1,2,1,4,4,57,9999,Yes,,1,1
2024,99999,FL,12085.0,1208500100.0,FHA:First Lien,Single Family (1-4 Units):Site-Built,Hispanic or Latino,White,Male,Loan originated,1,180000.0,85.0,5.8,1.2,2,1000.0,100.0,300.0,1.0,600.0,360,,1,1,1,2,,1,1,1,1,3.0,1.0,1,3,3.0,2.0,3,2,1,1,1,1,3,3,32,57,No,,1,1
2024,99999,GA,13221.0,1322100200.0,FHA:First Lien,Single Family (1-4 Units):Site-Built,Hispanic or Latino,Black,Male,Loan originated,1,450000.0,88.0,5.9,1.3,2,1900.0,250.0,600.0,2.0,850.0,360,,2,2,2,2,,1,1,3,1,2.0,3.0,2,3,3.0,1.0,3,2,2,1,1,1,5,5,60,9999,Yes,,1,1
2024,99999,IL,17031.0,1703101000.0,Conventional:First Lien,Multifamily:Site-Built,Not Hispanic or Latino,White,Female,Loan originated,1,300000.0,80.0,6.5,1.0,2,1200.0,200.0,450.0,1.5,750.0,360,,1,2,1,2,,2,1,1,1,1.0,2.0,2,1,2.0,5.0,3,4,1,2,2,2,3,3,43,68,No,,1,1
2024,99999,TX,48293.0,4829303100.0,Conventional:First Lien,Single Family (1-4 Units):Site-Built,Hispanic or Latino,White,Male,Loan originated,1,300000.0,80.0,7.0,1.5,2,1800.0,220.0,550.0,2.0,1000.0,360,,2,2,2,2,,1,1,1,1,2.0,1.0,3,4,2.0,5.0,4,3,1,1,2,2,4,4,50,88,No,,1,1
2024,99999,MA,25025.0,2502504100.0,FHA:First Lien,Single Family (1-4 Units):Site-Built,Not Hispanic or Latino,White,Female,Loan originated,1,175000.0,90.0,6.25,1.6,2,1050.0,150.0,350.0,1.0,600.0,360,,1,1,1,2,,1,1,1,1,3.0,1.0,2,1,2.0,2.0,2,3,1,2,2,1,3,3,76,59,No,,1,1
2024,99999,OR,41059.0,4105902100.0,VA:First Lien,Single Family (1-4 Units):Site-Built,Not Hispanic or Latino,White,Male,Loan originated,1,420000.0,75.0,6.5,1.2,2,2200.0,280.0,650.0,2.0,1350.0,360,,2,2,2,2,,1,1,1,1,2.0,2.0,1,1,1.0,4.0,3,4,1,1,3,3,3,3,61,81,No,,1,1
2024,99999,NY,36061.0,3606100200.0,Conventional:First Lien,Single Family (1-4 Units):Site-Built,Not Hispanic or Latino,White,Female,Loan originated,1,650000.0,80.0,6.75,1.5,2,2800.0,320.0,750.0,3.0,1200.0,360,,2,2,2,2,,1,1,2,1,1.0,3.0,1,1,2.0,4.0,2,4,1,3,2,2,3,4,48,52,No,,1,1
2024,99999,CA,6075.0,6075000000.0,FHA:First Lien,Single Family (1-4 Units):Site-Built,Not Hispanic or Latino,White,Male,Loan originated,1,327000.0,90.0,6.0,1.1,2,1100.0,100.0,300.0,1.0,800.0,360,,1,1,2,1,,1,1,1,1,3.0,4.0,1,2,2.0,5.0,1,3,1,2,2,1,1,2,28,59,No,,1,1
2024,99999,MN,27077.0,2707702800.0,FHA:First Lien,Single Family (1-4 Units):Site-Built,Not Hispanic or Latino,White,Male,Loan originated,1,200000.0,85.0,6.25,1.2,2,700.0,120.0,250.0,1.0,500.0,360,,1,1,1,1,,1,1,1,1,2.0,3.0,2,3,1.0,3.0,2,3,1,1,1,1,4,3,72,61,No,,1,1
2024,99999,MO,29135.0,2913500100.0,Conventional:First Lien,Single Family (1-4 Units):Site-Built,Not Hispanic or Latino,White,Female,Loan originated,1,280000.0,80.0,7.0,1.5,2,1500.0,250.0,500.0,2.0,800.0,360,,2,1,1,2,,2,1,1,1,1.0,2.0,1,1,1.0,3.0,2,3,2,1,2,1,3,3,36,66,No,,1,1
2024,99999,NC,37105.0,3710501200.0,FHA:First Lien,Single Family (1-4 Units):Site-Built,Not Hispanic or Latino,White,Female,Loan originated,1,160000.0,90.0,6.5,1.5,2,600.0,100.0,400.0,1.0,400.0,360,,1,2,1,2,,1,1,1,1,2.0,2.0,1,3,1.0,3.0,3,3,2,1,1,1,3,3,42,28,No,,1,1
2024,99999,PA,42017.0,4201704000.0,Conventional:First Lien,Single Family (1-4 Units):Site-Built,Not Hispanic or Latino,Black,Female,Loan originated,1,240000.0,80.0,7.25,1.75,2,1400.0,200.0,500.0,2.0,700.0,360,,1,1,2,1,,1,1,1,1,2.0,3.0,1,2,2.0,1.0,1,3,1,1,2,1,2,2,65,90,No,,1,1
2024,99999,VA,51001.0,5100102000.0,Conventional:First Lien,Single Family (1-4 Units):Site-Built,Not Hispanic or Latino,White,Male,Loan originated,1,320000.0,75.0,6.25,1.2,2,2100.0,250.0,600.0,2.0,900.0,360,,2,2,2,2,,1,1,1,1,2.0,1.0,3,4,1.0,3.0,2,4,1,1,2,1,3,3,38,63,No,,1,1
2024,99999,FL,12057.0,1205700100.0,FHA:First Lien,Single Family (1-4 Units):Site-Built,Not Hispanic or Latino,White,Male,Loan originated,1,350000.0,85.0,6.0,1.1,2,1000.0,150.0,350.0,1.0,600.0,360,,1,1,2,2,,1,1,1,1,3.0,1.0,1,3,1.0,2.0,3,4,2,1,1,2,3,3,29,60,No,,1,1
2024,99999,TX,48007.0,4800700000.0,Conventional:First Lien,Single Family (1-4 Units):Site-Built,Hispanic or Latino,White,Male,Loan originated,1,420000.0,90.0,7.25,2.0,2,1750.0,250.0,550.0,2.0,1000.0,360,,1,2,2,2,,1,1,1,1,1.0,1.0,1,4,2.0,4.0,2,4,1,3,2,2,3,3,55,28,No,,1,1
2024,99999,AZ,40013.0,4001300700.0,Conventional:First Lien,Single Family (1-4 Units):Site-Built,Not Hispanic or Latino,White,Female,Loan originated,1,250000.0,80.0,6.5,1.25,2,2200.0,300.0,650.0,2.0,1100.0,360,,2,2,2,2,,1,1,1,1,2.0,2.0,1,1,2.0,2.0,3,4,3,1,2,2,3,3,35,53,No,,1,1
2024,99999,NJ,34013.0,3401301000.0,VA:First Lien,Single Family (1-4 Units):Site-Built,Not Hispanic or Latino,White,Female,Loan originated,1,350000.0,85.0,5.75,1.1,2,1600.0,200.0,550.0,1.5,800.0,360,,2,2,2,2,,1,1,1,1,1.0,3.0,1,1,2.0,4.0,3,2,3,1,2,2,3,4,67,38,No,,1,1
2024,99999,MD,24003.0,2400300300.0,FHA:First Lien,Single Family (1-4 Units):Site-Built,Not Hispanic or Latino,White,Female,Loan originated,1,270000.0,90.0,6.0,1.2,2,800.0,80.0,250.0,1.0,700.0,360,,1,2,1,1,,1,1,1,1,1.0,3.0,2,4,2.0,1.0,2,4,2,2,1,2,3,3,52,91,No,,1,1
2024,99999,OK,40005.0,4000500100.0,Conventional:First Lien,Single Family (1-4 Units):Site-Built,Hispanic or Latino,White,Female,Loan originated,1,250000.0,80.0,6.5,1.5,2,1100.0,200.0,400.0,2.0,750.0,360,,2,2,2,2,,2,1,3,1,1.0,1.0,1,3,1.0,5.0,2,3,1,2,2,1,3,3,66,33,No,,1,1
2024,99999,CO,08021.0,0802100100.0,FHA:First Lien,Single Family (1-4 Units):Site-Built,Not Hispanic or Latino,White,Male,Loan originated,1,265000.0,80.0,6.25,1.2,2,1300.0,140.0,450.0,1.0,600.0,360,,1,1,1,1,,1,1,1,1,2.0,2.0,1,4,1.0,4.0,2,3,1,1,2,1,4,3,30,60,No,,1,1
2024,99999,SC,45009.0,4500900100.0,Conventional:First Lien,Single Family (1-4 Units):Site-Built,Hispanic or Latino,Black,Female,Loan originated,1,400000.0,85.0,7.0,2.0,2,1800.0,260.0,600.0,2.0,1000.0,360,,2,2,2,2,,1,1,3,1,1.0,3.0,1,1,1.0,2.0,2,4,1,3,2,1,2,3,53,61,No,,1,1
2024,99999,TX,48247.0,4824700400.0,FHA:First Lien,Single Family (1-4 Units):Site-Built,Not Hispanic or Latino,White,Male,Loan originated,1,240000.0,80.0,6.25,1.0,2,1300.0,180.0,400.0,1.0,550.0,360,,1,1,1,2,,1,1,1,1,1.0,1.0,1,1,2.0,3.0,2,3,1,2,1,2,3,3,68,30,No,,1,1
2024,99999,WI,55085.0,5508500000.0,FHA:First Lien,Single Family (1-4 Units):Site-Built,Not Hispanic or Latino,White,Male,Loan originated,1,250000.0,90.0,6.5,1.2,2,1000.0,150.0,350.0,1.0,650.0,360,,1,2,2,2,,1,1,1,1,3.0,2.0,1,2,1.0,2.0,1,3,2,1,1,1,2,3,63,68,No,,1,1
2024,99999,IN,18013.0,1801300100.0,Conventional:First Lien,Single Family (1-4 Units):Site-Built,Not Hispanic or Latino,White,Female,Loan originated,1,320000.0,85.0,7.0,2.0,2,1800.0,220.0,500.0,2.0,850.0,360,,2,1,2,2,,1,1,1,1,1.0,2.0,2,4,2.0,4.0,3,2,1,3,2,2,3,3,41,64,No,,1,1
2024,99999,MI,26065.0,2606502100.0,FHA:First Lien,Single Family (1-4 Units):Site-Built,Not Hispanic or Latino,White,Female,Loan originated,1,250000.0,85.0,6.5,1.2,2,1100.0,180.0,400.0,1.5,700.0,360,,1,2,1,1,,1,1,1,1,3.0,1.0,1,1,2.0,5.0,1,3,2,1,1,1,2,4,59,60,No,,1,1
2024,99999,NH,33003.0,3300300200.0,Conventional:First Lien,Single Family (1-4 Units):Site-Built,Not Hispanic or Latino,White,Male,Loan originated,1,380000.0,80.0,6.75,1.5,2,2000.0,280.0,600.0,2.0,900.0,360,,2,2,2,2,,1,1,1,1,1.0,3.0,3,1,1.0,4.0,2,3,3,2,1,1,3,3,46,74,No,,1,1
2024,99999,D.C.,11001.0,1100100100.0,FHA:First Lien,Single Family (1-4 Units):Site-Built,Hispanic or Latino,White,Female,Loan originated,1,400000.0,80.0,6.0,1.0,2,1600.0,200.0,500.0,2.0,700.0,360,,2,2,2,2,,1,1,1,1,2.0,2.0,1,3,1.0,3.0,1,2,1,3,2,1,4,4,69,88,No,,1,1
2024,99999,NE,31123.0,3112300300.0,Conventional:First Lien,Single Family (1-4 Units):Site-Built,Not Hispanic or Latino,White,Female,Loan originated,1,280000.0,80.0,6.5,1.2,2,1300.0,200.0,500.0,2.0,700.0,360,,2,2,1,2,,1,1,1,1,1.0,2.0,1,2,2.0,4.0,2,3,1,1,2,1,3,3,54,29,No,,1,1
2024,99999,TX,48471.0,4847100400.0,FHA:First Lien,Single Family (1-4 Units):Site-Built,Hispanic or Latino,White,Male,Loan originated,1,450000.0,90.0,6.75,2.0,2,1500.0,100.0,350.0,1.0,600.0,360,,1,1,2,1,,1,1,3,1,3.0,2.0,1,3,2.0,2.0,2,3,1,1,2,2,3,3,33,73,No,,1,1
2024,99999,VT,50007.0,5000700800.0,Conventional:First Lien,Single Family (1-4 Units):Site-Built,Not Hispanic or Latino,White,Male,Loan originated,1,300000.0,80.0,6.25,1.0,2,2200.0,300.0,600.0,2.0,900.0,360,,2,1,2,2,,1,1,1,1,2.0,2.0,1,1,2.0,4.0,2,3,1,2,2,2,3,2,63,34,No,,1,1
2024,99999,CALIFORNIA,60053.0,6005300400.0,FHA:First Lien,Single Family (1-4 Units):Site-Built,Not Hispanic or Latino,White,Female,Loan originated,1,280000.0,85.0,6.5,1.5,2,1100.0,100.0,300.0,1.0,800.0,360,,2,2,1,2,,2,1,1,1,1.0,3.0,1,2,1.0,4.0,2,3,1,2,1,1,2,4,50,62,No,,1,1
2024,99999,MN,27015.0,2701500100.0,Conventional:First Lien,Single Family (1-4 Units):Site-Built,Not Hispanic or Latino,Black,Male,Loan originated,1,240000.0,80.0,7.25,1.5,2,2000.0,250.0,500.0,2.0,750.0,360,,2,1,1,2,,2,1,1,1,1.0,2.0,1,1,2.0,2.0,2,3,1,2,2,2,3,5,25,78,No,,1,1
2024,99999,WI,55081.0,5508100100.0,FHA:First Lien,Single Family (1-4 Units):Site-Built,Not Hispanic or Latino,White,Female,Loan originated,1,320000.0,85.0,6.5,1.3,2,1500.0,250.0,500.0,1.0,800.0,360,,2,1,2,2,,1,1,1,1,1.0,2.0,1,4,3.0,4.0,1,4,2,2,1,1,3,3,40,42,No,,1,1
2024,99999,MD,24029.0,2402900100.0,Conventional:First Lien,Single Family (1-4 Units):Site-Built,Not Hispanic or Latino,White,Female,Loan originated,1,310000.0,80.0,6.5,1.5,2,2200.0,300.0,600.0,2.0,900.0,360,,2,2,2,2,,1,1,1,1,1.0,2.0,1,1,1.0,2.0,1,2,3,3,2,3,2,3,58,61,No,,1,1
2024,99999,UT,49035.0,4903500100.0,FHA:First Lien,Single Family (1-4 Units):Site-Built,Not Hispanic or Latino,White,Male,Loan originated,1,250000.0,80.0,5.5,0.9,2,1150.0,200.0,250.0,1.0,400.0,360,,2,2,2,2,,1,1,1,1,1.0,1.0,1,1,2.0,3.0,2,3,1,2,2,2,2,4,31,75,No,,1,1
2024,99999,CO,08007.0,0800700400.0,Conventional:First Lien,Single Family (1-4 Units):Site-Built,Not Hispanic or Latino,White,Male,Loan originated,1,230000.0,75.0,6.5,1.5,2,1200.0,180.0,350.0,1.5,400.0,360,,2,1,2,1,,1,1,1,1,1.0,2.0,1,4,2.0,4.0,3,3,1,1,1,1,3,3,52,55,No,,1,1
2024,99999,NC,37067.0,3706700100.0,FHA:First Lien,Single Family (1-4 Units):Site-Built,Not Hispanic or Latino,White,Female,Loan originated,1,270000.0,90.0,6.5,2.0,2,1200.0,150.0,500.0,1.0,600.0,360,,1,2,1,1,,1,1,1,1,2.0,1.0,1,3,2.0,2.0,1,2,2,2,1,1,2,3,57,73,No,,1,1
2024,99999,RI,44001.0,4400102100.0,FHA:First Lien,Single Family (1-4 Units):Site-Built,Hispanic or Latino,White,Female,Loan originated,1,265000.0,85.0,6.0,1.2,2,1400.0,100.0,350.0,1.0,400.0,360,,1,2,1,1,,1,1,1,1,2.0,1.0,1,3,1.0,2.0,2,3,1,4,1,1,3,2,51,69,No,,1,1
2024,99999,KS,20051.0,2005100300.0,Conventional:First Lien,Single Family (1-4 Units):Site-Built,Not Hispanic or Latino,White,Male,Loan originated,1,320000.0,80.0,7.25,2.0,2,2000.0,320.0,600.0,2.0,1000.0,360,,2,1,2,1,,1,1,1,1,1.0,1.0,1,1,2.0,2.0,2,3,1,2,3,2,3,3,45,49,No,,1,1
2024,99999,OH,39021.0,3902100100.0,FHA:First Lien,Single Family (1-4 Units):Site-Built,Not Hispanic or Latino,White,Female,Loan originated,1,240000.0,80.0,6.75,1.5,2,1300.0,200.0,400.0,1.0,650.0,360,,1,1,1,1,,2,1,1,1,1.0,2.0,1,
2024,99999,CA,99700.0,9970000000.0,Conventional:First Lien,Single Family (1-4 Units):Site-Built,Hispanic or Latino,White,Male,Loan originated,1,350000.0,87.0,6.25,0.5,1,3500.0,450.0,2000.0,1.5,1000.0,360,0,0,0,1,0,0,0,250000.0,Site-Built,Principal Residence,Not Applicable,Not Applicable,1,0,85000.0,32.0,1,1,1,1,1,1,1,1,1,1,1,1,1,1,1,1,1,1,1,1,1,1,1,1,2,1,2,2,4,4,4,4,1,1,1,1,1,1,1,1,1,1,2,2,2,2,2,2,2,2
2024,10307,FL,13017.0,1301700200.0,Conventional:First Lien,Single Family (1-4 Units):Site-Built,Not Hispanic or Latino,Black or African American,Female,Loan originated,1,400000.0,91.0,6.75,0.25,1,4200.0,500.0,2400.0,1.0,800.0,360,0,0,0,1,0,0,0,385000.0,Site-Built,Principal Residence,Not Applicable,Not Applicable,1,0,70000.0,35.0,1,1,1,1,1,1,1,1,1,2,1,1,1,1,1,1,1,1,1,1,1,1,1,1,1,1,1,1,2,2,2,2,1,1,1,1,1,1,1,1,1,1,2,2,2,2,2,2,2,2
2024,10307,FL,13017.0,1301700100.0,Conventional:First Lien,Single Family (1-4 Units):Site-Built,Not Hispanic or Latino,White,Male,Denial of loan application,3,125000.0,94.0,6.5,0.75,1,1750.0,400.0,1200.0,2.0,500.0,360,0,0,0,0,0,0,0,130000.0,Site-Built,Principal Residence,Not Applicable,Not Applicable,1,0,120000.0,28.0,1,1,1,1,1,1,1,1,1,1,1,1,1,1,1,1,1,1,1,1,1,1,1,1,1,1,1,1,2,2,2,2,1,1,1,1,1,1,1,1,1,1,2,2,2,2,2,2,2,2
2024,27262,IL,9009.0,9009000800.0,Conventional:First Lien,Single Family (1-4 Units):Site-Built,Not Hispanic or Latino,White,Female,Loan originated,1,300000.0,85.0,7.25,0.2,1,3000.0,350.0,1800.0,1.2,600.0,360,0,0,0,1,0,0,0,350000.0,Site-Built,Principal Residence,Not Applicable,Not Applicable,1,0,90000.0,29.0,1,1,1,1,1,1,1,1,1,1,1,1,1,1,1,1,1,1,1,1,1,1,1,1,1,1,1,1,2,2,2,2,1,1,1,1,1,1,1,1,1,1,2,2,2,2,2,2,2,2
2024,27262,IL,9009.0,9009000900.0,Conventional:First Lien,Single Family (1-4 Units):Site-Built,Hispanic or Latino,White,Male,Loan originated,2,280000.0,92.0,7.0,0.1,1,2900.0,450.0,1700.0,1.0,700.0,360,0,0,0,1,0,0,0,300000.0,Site-Built,Rental Property,Not Applicable,Not Applicable,1,0,80000.0,33.0,1,1,1,1,1,1,1,1,1,1,1,1,1,1,1,1,1,1,1,1,1,1,1,1,1,1,1,1,2,2,2,2,1,1,1,1,1,1,1,1,1,1,2,2,2,2,2,2,2,2
2024,10307,FL,13021.0,1302100400.0,VA:First Lien,Single Family (1-4 Units):Site-Built,Not Hispanic or Latino,White,Male,Loan originated,1,310000.0,90.0,6.5,0.5,0,3000.0,300.0,1600.0,1.5,600.0,360,0,0,0,1,0,0,0,350000.0,Site-Built,Principal Residence,Not Applicable,Not Applicable,1,0,100000.0,32.0,1,1,1,1,1,1,1,1,1,1,1,1,1,1,1,1,1,1,1,1,1,1,1,1,1,1,1,1,2,2,2,2,1,1,1,1,1,1,1,1,1,1,2,2,2,2,2,2,2,2
2024,10307,FL,13021.0,1302100500.0,Conventional:First Lien,Single Family (1-4 Units):Site-Built,Not Hispanic or Latino,White,Female,Loan originated,2,400000.0,88.0,6.75,0.4,1,4000.0,500.0,2200.0,1.0,750.0,360,0,0,0,1,0,0,0,450000.0,Site-Built,Rental Property,Not Applicable,Not Applicable,1,0,100000.0,36.0,1,1,1,1,1,1,1,1,1,1,1,1,1,1,1,1,1,1,1,1,1,1,1,1,1,1,1,1,2,2,2,2,1,1,1,1,1,1,1,1,1,1,2,2,2,2,2,2,2,2
2024,42003,PA,5001.0,9244000100.0,Conventional:First Lien,Single Family (1-4 Units):Site-Built,Not Hispanic or Latino,White,Female,Loan originated,1,420000.0,93.0,7.1,0.3,1,4100.0,450.0,2250.0,1.0,700.0,360,0,0,0,1,0,0,0,450000.0,Site-Built,Principal Residence,Not Applicable,Not Applicable,1,0,110000.0,34.0,1,1,1,1,1,1,1,1,1,1,1,1,1,1,1,1,1,1,1,1,1,1,1,1,1,1,1,1,2,2,2,2,1,1,1,1,1,1,1,1,1,1,2,2,2,2,2,2,2,2
2024,42003,PA,5001.0,9244000300.0,Conventional:First Lien,Single Family (1-4 Units):Site-Built,Not Hispanic or Latino,White,Female,Loan originated,1,500000.0,87.0,6.8,0.3,1,5000.0,550.0,2500.0,1.0,800.0,360,0,0,0,1,0,0,0,580000.0,Site-Built,Principal Residence,Not Applicable,Not Applicable,1,0,125000.0,35.0,1,1,1,1,1,1,1,1,1,1,1,1,1,1,1,1,1,1,1,1,1,1,1,1,1,1,1,1,2,2,2,2,1,1,1,1,1,1,1,1,1,1,2,2,2,2,2,2,2,2
2024,27262,IL,9009.0,9009000100.0,Conventional:First Lien,Single Family (1-4 Units):Site-Built,Not Hispanic or Latino,White,Male,Denial of loan application,1,300000.0,80.0,6.5,0.7,1,2800.0,350.0,1600.0,1.5,500.0,360,0,0,0,0,0,0,0,350000.0,Site-Built,Principal Residence,Not Applicable,Not Applicable,1,0,100000.0,33.0,1,1,1,1,1,1,1,1,1,1,1,1,1,1,1,1,1,1,1,1,1,1,1,1,1,1,1,1,2,2,2,2,1,1,1,1,1,1,1,1,1,1,2,2,2,2,2,2,2,2
2024,27262,IL,9009.0,9009000200.0,Conventional:First Lien,Single Family (1-4 Units):Site-Built,Hispanic or Latino,White,Male,Loan originated,1,290000.0,92.0,7.0,0.6,1,2900.0,400.0,1700.0,1.0,600.0,360,0,0,0,1,0,0,0,310000.0,Site-Built,Principal Residence,Not Applicable,Not Applicable,1,0,80000.0,32.0,1,1,1,1,1,1,1,1,1,1,1,1,1,1,1,1,1,1,1,1,1,1,1,1,1,1,1,1,2,2,2,2,1,1,1,1,1,1,1,1,1,1,2,2,2,2,2,2,2,2
2024,48021,TX,4424.0,94424000100.0,SFR:First Lien,Single Family (1-4 Units):Site-Built,Hispanic or Latino,Black or African American,Male,Loan originated,1,300000.0,90.0,6.75,0.2,1,3000.0,400.0,1800.0,1.2,600.0,360,0,0,0,1,0,0,0,340000.0,Site-Built,Principal Residence,Not Applicable,Not Applicable,1,0,80000.0,33.0,1,1,1,1,1,1,1,1,1,1,1,1,1,1,1,1,1,1,1,1,1,1,1,1,1,1,1,1,2,2,2,2,1,1,1,1,1,1,1,1,1,1,2,2,2,2,2,2,2,2
2024,48021,TX,4424.0,94424000400.0,Conventional:First Lien,Single Family (1-4 Units):Site-Built,Hispanic or Latino,White,Male,Loan originated,1,330000.0,92.0,6.9,0.3,1,3100.0,450.0,1850.0,1.0,650.0,360,0,0,0,1,0,0,0,360000.0,Site-Built,Principal Residence,Not Applicable,Not Applicable,1,0,90000.0,31.0,1,1,1,1,1,1,1,1,1,1,1,1,1,1,1,1,1,1,1,1,1,1,1,1,1,1,1,1,2,2,2,2,1,1,1,1,1,1,1,1,1,1,2,2,2,2,2,2,2,2
2024,48021,TX,4424.0,94424000300.0,Conventional:First Lien,Single Family (1-4 Units):Site-Built,Not Hispanic or Latino,White,Male,Loan originated,1,270000.0,89.0,7.0,0.4,1,2800.0,350.0,1600.0,1.0,550.0,360,0,0,0,1,0,0,0,300000.0,Site-Built,Principal Residence,Not Applicable,Not Applicable,1,0,80000.0,31.0,1,1,1,1,1,1,1,1,1,1,1,1,1,1,1,1,1,1,1,1,1,1,1,1,1,1,1,1,2,2,2,2,1,1,1,1,1,1,1,1,1,1,2,2,2,2,2,2,2,2
2024,48021,TX,4424.0,94424000500.0,Conventional:First Lien,Single Family (1-4 Units):Site-Built,Not Hispanic or Latino,White,Female,Loan originated,1,390000.0,88.0,6.75,0.6,1,3800.0,500.0,2000.0,1.2,750.0,360,0,0,0,1,0,0,0,450000.0,Site-Built,Principal Residence,Not Applicable,Not Applicable,1,0,100000.0,34.0,1,1,1,1,1,1,1,1,1,1,1,1,1,1,1,1,1,1,1,1,1,1,1,1,1,1,1,1,2,2,2,2,1,1,1,1,1,1,1,1,1,1,2,2,2,2,2,2,2,2
2024,11294,MD,1701.0,9017000100.0,Conventional:First Lien,Multifamily (5+ Units):Site-Built,Not Hispanic or Latino,White,Male,Loan originated,3,350000.0,93.0,7.25,0.3,1,3500.0,350.0,1900.0,1.5,800.0,360,0,0,0,1,0,0,0,380000.0,Site-Built,Investment Property,Not Applicable,Not Applicable,1,0,85000.0,30.0,1,1,1,1,1,1,1,1,1,1,1,1,1,1,1,1,1,1,1,1,1,1,1,1,1,1,1,1,2,2,2,2,1,1,1,1,1,1,1,1,1,1,2,2,2,2,2,2,2,2
2024,11294,MD,1701.0,9017000200.0,Conventional:First Lien,Single Family (1-4 Units):Site-Built,Hispanic or Latino,White,Female,Loan originated,1,345000.0,91.0,6.75,0.2,1,3300.0,450.0,1900.0,1.0,650.0,360,0,0,0,1,0,0,0,360000.0,Site-Built,Principal Residence,Not Applicable,Not Applicable,1,0,75000.0,34.0,1,1,1,1,1,1,1,1,1,1,1,1,1,1,1,1,1,1,1,1,1,1,1,1,1,1,1,1,2,2,2,2,1,1,1,1,1,1,1,1,1,1,2,2,2,2,2,2,2,2
2024,11294,MD,1701.0,9017000300.0,Conventional:First Lien,Single Family (1-4 Units):Site-Built,Hispanic or Latino,White,Male,Loan originated,1,360000.0,92.0,7.0,0.4,1,3400.0,500.0,1950.0,1.0,600.0,360,0,0,0,1,0,0,0,390000.0,Site-Built,Principal Residence,Not Applicable,Not Applicable,1,0,80000.0,33.0,1,1,1,1,1,1,1,1,1,1,1,1,1,1,1,1,1,1,1,1,1,1,1,1,1,1,1,1,2,2,2,2,1,1,1,1,1,1,1,1,1,1,2,2,2,2,2,2,2,2
2024,11294,MD,1701.0,9017000400.0,Conventional:First Lien,Single Family (1-4 Units):Site-Built,Not Hispanic or Latino,White,Female,Loan originated,1,340000.0,88.0,6.9,0.1,1,3500.0,300.0,1800.0,1.5,700.0,360,0,0,0,1,0,0,0,390000.0,Site-Built,Principal Residence,Not Applicable,Not Applicable,1,0,70000.0,35.0,1,1,1,1,1,1,1,1,1,1,1,1,1,1,1,1,1,1,1,1,1,1,1,1,1,1,1,1,2,2,2,2,1,1,1,1,1,1,1,1,1,1,2,2,2,2,2,2,2,2
2024,11294,MD,1701.0,9017000500.0,Conventional:First Lien,Single Family (1-4 Units):Site-Built,Not Hispanic or Latino,White,Female,Loan originated,1,310000.0,91.0,7.0,0.25,1,3000.0,350.0,1700.0,1.2,600.0,360,0,0,0,1,0,0,0,340000.0,Site-Built,Principal Residence,Not Applicable,Not Applicable,1,0,100000.0,34.0,1,1,1,1,1,1,1,1,1,1,1,1,1,1,1,1,1,1,1,1,1,1,1,1,1,1,1,1,2,2,2,2,1,1,1,1,1,1,1,1,1,1,2,2,2,2,2,2,2,2
2024,48021,TX,4424.0,94424000500.0,Conventional:First Lien,Single Family (1-4 Units):Site-Built,Hispanic or Latino,Asian,Male,Loan originated,1,260000.0,87.0,6.5,0.4,1,2600.0,400.0,1500.0,1.0,500.0,360,0,0,0,1,0,0,0,300000.0,Site-Built,Principal Residence,Not Applicable,Not Applicable,1,0,80000.0,32.0,1,1,1,1,1,1,1,1,1,1,1,1,1,1,1,1,1,1,1,1,1,1,1,1,1,1,1,1,2,2,2,2,1,1,1,1,1,1,1,1,1,1,2,2,2,2,2,2,2,2
2024,48021,TX,4424.0,94424000400.0,Conventional:First Lien,Single Family (1-4 Units):Site-Built,Not Hispanic or Latino,White,Female,Loan originated,1,420000.0,92.0,7.1,0.6,1,4100.0,450.0,2100.0,1.2,600.0,360,0,0,0,1,0,0,0,450000.0,Site-Built,Principal Residence,Not Applicable,Not Applicable,1,0,100000.0,35.0,1,1,1,1,1,1,1,1,1,1,1,1,1,1,1,1,1,1,1,1,1,1,1,1,1,1,1,1,2,2,2,2,1,1,1,1,1,1,1,1,1,1,2,2,2,2,2,2,2,2
2024,42003,PA,5001.0,9244000900.0,Conventional:First Lien,Single Family (1-4 Units):Site-Built,Not Hispanic or Latino,White,Female,Loan originated,1,420000.0,90.0,6.5,0.6,1,4000.0,500.0,2300.0,1.0,750.0,360,0,0,0,1,0,0,0,460000.0,Site-Built,Principal Residence,Not Applicable,Not Applicable,1,0,90000.0,35.0,1,1,1,1,1,1,1,1,1,1,1,1,1,1,1,1,1,1,1,1,1,1,1,1,1,1,1,1,2,2,2,2,1,1,1,1,1,1,1,1,1,1,2,2,2,2,2,2,2,2
2024,42003,PA,5001.0,9244000500.0,Conventional:First Lien,Single Family (1-4 Units):Site-Built,Hispanic or Latino,White,Male,Loan originated,1,400000.0,93.0,7.0,0.3,1,3800.0,400.0,2300.0,1.0,650.0,360,0,0,0,1,0,0,0,430000.0,Site-Built,Principal Residence,Not Applicable,Not Applicable,1,0,95000.0,30.0,1,1,1,1,1,1,1,1,1,1,1,1,1,1,1,1,1,1,1,1,1,1,1,1,1,1,1,1,2,2,2,2,1,1,1,1,1,1,1,1,1,1,2,2,2,2,2,2,2,2
2024,27262,IL,9009.0,9009010100.0,Conventional:First Lien,Single Family (1-4 Units):Site-Built,Hispanic or Latino,White,Male,Loan originated,1,220000.0,87.0,6.75,0.5,1,2100.0,300.0,1150.0,1.5,500.0,360,0,0,0,1,0,0,0,250000.0,Site-Built,Principal Residence,Not Applicable,Not Applicable,1,0,70000.0,32.0,1,1,1,1,1,1,1,1,1,1,1,1,1,1,1,1,1,1,1,1,1,1,1,1,1,1,1,1,2,2,2,2,1,1,1,1,1,1,1,1,1,1,2,2,2,2,2,2,2,2
2024,27262,IL,9009.0,9009010200.0,Conventional:First Lien,Single Family (1-4 Units):Site-Built,Hispanic or Latino,Black or African American,Female,Loan originated,1,250000.0,90.0,6.7,0.3,1,2300.0,350.0,1200.0,1.2,450.0,360,0,0,0,1,0,0,0,275000.0,Site-Built,Principal Residence,Not Applicable,Not Applicable,1,0,75000.0,35.0,1,1,1,1,1,1,1,1,1,2,1,1,1,1,1,1,1,1,1,1,1,1,1,1,1,1,1,1,2,2,2,2,1,1,1,1,1,1,1,1,1,1,2,2,2,2,2,2,2,2
2024,27262,IL,9009.0,9009010300.0,Conventional:First Lien,Single Family (1-4 Units):Site-Built,Hispanic or Latino,White,Female,Loan originated,2,300000.0,85.0,6.9,0.1,1,2900.0,400.0,1300.0,1.0,600.0,360,0,0,0,1,0,0,0,350000.0,Site-Built,Rental Property,Not Applicable,Not Applicable,1,0,80000.0,33.0,1,1,1,1,1,1,1,1,1,1,1,1,1,1,1,1,1,1,1,1,1,1,1,1,1,1,1,1,2,2,2,2,1,1,1,1,1,1,1,1,1,1,2,2,2,2,2,2,2,2
2024,48021,TX,4424.0,94424000100.0,Conventional:First Lien,Single Family (1-4 Units):Site-Built,Hispanic or Latino,White,Male,Loan originated,1,250000.0,89.0,6.3,0.2,1,2300.0,300.0,1250.0,1.0,400.0,360,0,0,0,1,0,0,0,280000.0,Site-Built,Principal Residence,Not Applicable,Not Applicable,1,0,60000.0,30.0,1,1,1,1,1,1,1,1,1,1,1,1,1,1,1,1,1,1,1,1,1,1,1,1,1,1,1,1,2,2,2,2,1,1,1,1,1,1,1,1,1,1,2,2,2,2,2,2,2,2
2024,11294,MD,1701.0,9017000100.0,Conventional:First Lien,Single Family (1-4 Units):Site-Built,Not Hispanic or Latino,White,Male,Loan originated,1,310000.0,92.0,7.0,0.2,1,3100.0,400.0,1700.0,1.2,600.0,360,0,0,0,1,0,0,0,340000.0,Site-Built,Principal Residence,Not Applicable,Not Applicable,1,0,95000.0,35.0,1,1,1,1,1,1,1,1,1,1,1,1,1,1,1,1,1,1,1,1,1,1,1,1,1,1,1,1,2,2,2,2,1,1,1,1,1,1,1,1,1,1,2,2,2,2,2,2,2,2
2024,42003,PA,5001.0,9244000600.0,Conventional:First Lien,Single Family (1-4 Units):Site-Built,His
2024,99999,CT,9150.0,9150708100.0,Conventional:Subordinate Lien,Single Family (1-4 Units):Site-Built,Not Hispanic or Latino,White,Male,File closed for incompleteness,32,25000.0,,,,3,,,,,,240,,,2,2,2,2,,1,1,3,5,1,,96.0,,1111,1111,2.0,5.0,2,4,5.0,8.0,2,4,1,5,2,4,65-74,9999,Yes,,1,1
2024,82420,CA,8061.0,8061014100.0,FHA:First Lien,Single Family (1-4 Units):Site-Built,Hispanic or Latino,Other,Other,Deny,23,32000.0,0.8,5.5,0.5,1,400.0,350.0,200.0,1.5,500.0,360,5,6,0,1,0,0,1,0,1,32000.0,1,2,2,2,3,0,3,4,3,2,3,1,3,3,1,2,9999,1,1,45,34,No,1,1,1,1,1,1
2024,82420,CA,8061.0,8061014101.0,FHA:First Lien,Single Family (1-4 Units):Site-Built,Hispanic or Latino,Unknown,Unknown,Approve,23,38000.0,0.85,6.2,1.1,1,420.0,370.0,220.0,2.0,550.0,300,3,7,0,1,0,0,1,0,1,42000.0,1,1,1,1,3,0,3,1,3,2,3,1,3,1,1,2,9999,1,1,35,38,Yes,1,2,1,2,1,1
2024,10430,NJ,9001.0,1043009001.0,Conventional:First Lien,Single Family (1-4 Units):Site-Built,Not Hispanic or Latino,White,Female,Approve,20,42000.0,0.92,7.0,1.3,1,500.0,420.0,250.0,2.7,600.0,360,3,7,0,1,0,0,1,0,1,40000.0,1,1,1,1,3,0,3,1,3,3,3,1,3,1,1,2,9999,1,1,30,29,Yes,1,1,1,1,1,1
2024,25188,MA,9709.0,2518810001.0,Purchase of Existing Home,Single Family (1-4 Units):Site-Built,Not Hispanic or Latino,Black,Other,Deny,11,28000.0,0.88,8.1,1.6,1,460.0,400.0,210.0,1.8,530.0,300,0,8,0,1,0,0,1,0,1,32000.0,1,1,1,1,3,0,3,1,3,2,1,1,1,1,1,2,9999,1,1,45,30,No,1,1,1,1,1,1
2024,59999,OR,9079.0,5999909079.0,FHA:First Lien,Single Family (1-4 Units):Site-Built,Hispanic or Latino,American Indian or Alaska Native,Female,Approve,11,34000.0,0.90,6.0,0.9,1,400.0,370.0,200.0,2.0,520.0,360,6,3,0,1,0,0,1,0,1,35000.0,1,1,2,1,3,0,3,1,3,2,3,2,3,1,1,2,9999,1,1,28,36,Yes,2,1,1,2,2,1
2024,32300,NY,9101.0,3230030300.0,Conventional:First Lien,Single Family (1-4 Units):Site-Built,Hispanic or Latino,Other,Female,Withdrawn,12,29000.0,0.82,5.2,0.8,1,400.0,360.0,200.0,2.5,550.0,300,2,6,0,0,0,0,1,0,1,30000.0,1,2,1,1,3,0,3,2,3,2,3,1,3,1,1,2,9999,1,1,34,42,Yes,1,1,1,2,1,1
2024,55555,TX,9812.0,5555509812.0,Veterans Affairs (VA):First Lien,Single Family (1-4 Units):Site-Built,Not Hispanic or Latino,White,Male,Deny,13,34000.0,0.79,6.3,0.7,1,430.0,380.0,220.0,2.0,510.0,300,3,8,0,0,0,0,1,0,1,31000.0,1,1,1,1,3,0,3,1,3,2,3,1,3,2,1,2,9999,1,1,56,53,No,1,1,1,1,1,1
2024,26262,IL,9854.0,2626209854.0,FHA:First Lien,Single Family (1-4 Units):Site-Built,Not Hispanic or Latino,White,Male,Approve,23,38500.0,0.85,5.8,0.8,1,440.0,400.0,210.0,2.2,540.0,360,3,6,0,1,0,0,1,0,1,33000.0,1,1,1,1,3,0,3,1,3,2,3,1,3,3,1,2,9999,1,1,33,27,Yes,1,1,1,1,1,1
22024,50000,FL,9001.0,5000009001.0,Conventional:First Lien,Single Family (1-4 Units):Site-Built,Hispanic or Latino,White,Male,Approve,13,56000.0,0.92,6.7,1.2,1,530.0,450.0,250.0,2.5,610.0,300,3,6,0,1,0,0,1,0,1,48000.0,1,2,1,1,3,0,3,1,3,2,3,1,3,2,1,2,9999,1,1,42,40,Yes,1,1,1,1,1,1
2024,31100,GA,9123.0,3110010001.0,Purchase of Existing Home,Single Family (1-4 Units):Site-Built,Hispanic or Latino,Asian,Female,Approve,11,45000.0,0.90,7.2,1.1,1,510.0,450.0,240.0,2.3,580.0,300,0,8,0,1,0,0,1,0,1,47000.0,1,2,1,1,3,0,3,1,3,2,3,1,3,2,1,2,9999,1,1,32,39,Yes,1,1,1,2,1,1
2024,66666,NE,9099.0,6666609099.0,FHA:First Lien,Single Family (1-4 Units):Site-Built,Hispanic or Latino,White,Female,Approve,12,41000.0,0.84,6.4,1.0,1,490.0,420.0,230.0,2.0,560.0,360,4,6,0,1,0,0,1,0,1,40000.0,1,1,1,1,3,0,3,1,3,3,3,1,3,1,1,2,9999,1,1,28,31,No,1,1,1,1,2,1
2024,99999,ME,9101.0,9999909101.0,Conventional:First Lien,Single Family (1-4 Units):Site-Built,Not Hispanic or Latino,Black,Male,Deny,13,22000.0,0.82,7.5,1.5,1,420.0,380.0,200.0,1.5,500.0,300,2,7,0,0,0,0,1,0,1,25000.0,1,1,1,1,3,0,3,1,3,2,1,1,1,1,1,2,9999,1,1,45,42,No,1,1,1,1,1,1
2024,22222,NH,9010.0,2222209010.0,Veterans Affairs (VA):First Lien,Single Family (1-4 Units):Site-Built,Hispanic or Latino,Asian,Male,Deny,20,36000.0,0.85,6.0,1.3,1,520.0,390.0,200.0,2.0,530.0,360,0,8,0,0,0,0,1,0,1,30000.0,1,1,2,1,3,0,3,1,3,2,3,1,3,1,1,2,9999,1,1,28,50,Yes,1,1,1,1,1,1
2024,85000,WV,9029.0,8500009029.0,FHA:First Lien,Single Family (1-4 Units):Site-Built,Not Hispanic or Latino,Hispanic,Other,Approve,23,34500.0,0.89,6.8,1.0,1,500.0,430.0,240.0,2.1,590.0,300,3,8,0,1,0,0,1,0,1,32000.0,1,1,1,1,3,0,3,1,3,2,3,1,3,1,1,2,9999,1,1,32,38,Yes,1,2,1,1,1,1
2024,77777,ID,9056.0,7777709056.0,FHA:Subordinate Lien,Single Family (1-4 Units):Site-Built,Not Hispanic or Latino,Unknown,Male,Withdrawn,20,36000.0,0.82,5.8,0.9,1,440.0,380.0,200.0,2.0,520.0,360,0,8,0,0,0,0,1,0,1,37000.0,1,1,1,1,3,0,3,1,3,2,3,1,3,2,1,2,9999,1,1,42,41,No,1,1,1,1,1,1
2024,12345,NV,9090.0,1234509090.0,Conventional:First Lien,Single Family (1-4 Units):Site-Built,Hispanic or Latino,Native Hawaiian or Pacific Islander,Female,Deny,12,40000.0,0.78,5.2,0.8,1,450.0,400.0,200.0,2.0,540.0,300,0,8,0,0,0,0,1,0,1,53000.0,1,2,1,1,3,0,3,1,3,2,3,1,3,1,1,2,9999,1,1,29,32,Yes,1,1,1,2,1,1
2024,33333,VT,9003.0,3333309003.0,Veterans Affairs (VA):First Lien,Single Family (1-4 Units):Site-Built,Hispanic or Latino,Other,Male,Approve,12,35000.0,0.85,6.1,1.1,1,440.0,400.0,210.0,1.8,540.0,360,3,8,0,1,0,0,1,0,1,32000.0,1,1,1,1,3,0,3,1,3,2,3,1,3,1,1,2,9999,1,1,32,35,Yes,1,1,1,1,1,1
2024,55500,MT,9072.0,5550009072.0,FHA:First Lien,Single Family (1-4 Units):Site-Built,Hispanic or Latino,Unknown,Female,Approve,23,39000.0,0.85,5.5,0.8,1,500.0,420.0,220.0,2.0,550.0,300,0,8,0,1,0,0,1,0,1,37000.0,1,2,1,1,3,0,3,1,3,2,3,1,3,1,1,2,9999,1,1,30,31,Yes,1,1,1,1,1,1
2024,78900,OH,9118.0,7890009118.0,Conventional:First Lien,Single Family (1-4 Units):Site-Built,Not Hispanic or Latino,White,Female,Approve,11,43000.0,0.90,5.8,0.9,1,420.0,380.0,200.0,1.5,520.0,360,3,7,0,1,0,0,1,0,1,38000.0,1,1,2,1,3,0,3,2,3,2,3,1,3,2,1,2,9999,1,1,41,44,Yes,1,1,1,1,1,1
2024,23400,KS,9001.0,2340009001.0,FHA:First Lien,Single Family (1-4 Units):Site-Built,Not Hispanic or Latino,White,Male,Deny,13,33000.0,0.86,6.2,1.2,1,450.0,400.0,230.0,2.0,550.0,360,0,7,0,0,0,0,1,0,1,30000.0,1,1,1,1,3,0,3,1,3,2,3,1,3,1,1,2,9999,1,1,53,48,Yes,1,1,1,1,1,1
2024,91010,MO,9047.0,9101009047.0,FHA:Subordinate Lien,Single Family (1-4 Units):Site-Built,Hispanic or Latino,White,Female,Approve,13,36000.0,0.80,5.9,1.1,1,500.0,420.0,230.0,2.0,550.0,300,2,6,0,1,0,0,1,0,1,30000.0,1,1,1,1,3,0,3,1,3,2,3,1,3,1,1,2,9999,1,1,42,47,Yes,1,1,1,1,1,1
2024,88155,RI,9123.0,8815509123.0,Conventional:First Lien,Single Family (1-4 Units):Site-Built,Not Hispanic or Latino,Black,Male,Withdrawn,20,41000.0,0.82,7.1,1.3,1,560.0,430.0,250.0,2.5,600.0,360,6,0,0,1,0,0,1,0,1,40000.0,1,1,1,1,3,0,3,1,3,2,3,1,3,2,1,2,9999,1,1,37,46,No,1,2,1,1,1,1
2024,44922,WY,9099.0,4492209099.0,FHA:First Lien,Single Family (1-4 Units):Site-Built,Not Hispanic or Latino,Native Hawaiian or Pacific Islander,Male,Deny,23,34500.0,0.88,6.6,1.2,1,500.0,440.0,220.0,2.1,580.0,300,3,7,0,1,0,0,1,0,1,34000.0,1,1,1,1,3,0,3,1,3,2,3,1,3,1,1,2,9999,1,1,28,30,Yes,1,1,1,1,1,1
2024,77733,SC,9145.0,7773309145.0,Veterans Affairs (VA):First Lien,Single Family (1-4 Units):Site-Built,Hispanic or Latino,White,Male,Approve,12,36500.0,0.84,5.5,0.9,1,430.0,400.0,210.0,2.0,540.0,360,0,6,0,1,0,0,1,0,1,38000.0,1,1,2,1,3,0,3,1,3,2,3,1,3,1,1,2,9999,1,1,28,50,Yes,1,1,2,1,1,1
2024,11300,UT,9001.0,1130009001.0,Conventional:First Lien,Single Family (1-4 Units):Site-Built,Hispanic or Latino,White,Female,Approve,20,37500.0,0.88,6.1,1.1,1,450.0,400.0,220.0,1.8,550.0,300,0,7,0,1,0,0,1,0,1,39000.0,1,1,1,1,3,0,3,2,3,2,3,1,3,2,1,2,9999,1,1,35,55,Yes,1,1,1,2,1,1
2024,23100,MD,9030.0,2310009030.0,FHA:First Lien,Single Family (1-4 Units):Site-Built,Hispanic or Latino,Other,Male,Withdrawn,13,31000.0,0.80,7.2,1.1,1,520.0,450.0,200.0,1.5,560.0,300,0,7,0,0,0,0,1,0,1,32000.0,1,1,1,1,3,0,3,2,3,2,3,1,3,1,1,2,9999,1,1,34,38,Yes,1,1,1,1,1,1
2024,14909,IN,9123.0,1490909123.0,FHA:First Lien,Single Family (1-4 Units):Site-Built,Hispanic or Latino,Asian,Female,Approve,12,38000.0,0.89,5.9,0.8,1,420.0,380.0,210.0,2.0,520.0,360,2,6,0,1,0,0,1,0,1,42000.0,1,2,1,1,3,0,3,1,3,2,3,1,3,1,1,2,9999,1,1,42,40,Yes,1,1,1,2,1,1
2024,55888,TN,9021.0,5588809021.0,Conventional:First Lien,Single Family (1-4 Units):Site-Built,Hispanic or Latino,Other,Male,Approve,20,39500.0,0.92,7.5,1.2,1,510.0,460.0,230.0,1.8,570.0,360,0,8,0,1,0,0,1,0,1,49000.0,1,1,1,1,3,0,3,1,3,2,3,1,3,1,1,2,9999,1,1,56,48,Yes,1,1,1,1,1,1
2024,33000,KY,9078.0,3300009078.0,Conventional:Subordinate Lien,Single Family (1-4 Units):Site-Built,Not Hispanic or Latino,White,Male,Deny,12,34500.0,0.80,7.0,1.1,1,530.0,440.0,230.0,2.1,580.0,300,0,7,0,0,0,0,1,0,1,32000.0,1,1,1,1,3,0,3,1,3,2,1,1,1,1,1,2,9999,1,1,29,30,Yes,1,1,1,1,1,1
2024,44555,AL,9088.0,4455509088.0,Veterans Affairs (VA):First Lien,Single Family (1-4 Units):Site-Built,Not Hispanic or Latino,Hispanic,Female,Deny,20,32000.0,0.79,5.6,0.9,1,420.0,380.0,200.0,2.0,530.0,360,3,5,0,0,0,0,1,0,1,35000.0,1,1,1,1,3,0,3,1,3,2,3,1,3,1,1,2,9999,1,1,37,32,No,1,1,1,1,1,1
2024,70700,NC,9014.0,7070009014.0,FHA:First Lien,Single Family (1-4 Units):Site-Built,Hispanic or Latino,White,Female,Withdrawn,20,34000.0,0.85,6.1,0.9,1,460.0,420.0,210.0,2.0,520.0,300,0,7,0,1,0,0,1,0,1,37000.0,1,1,2,1,3,0,3,1,3,2,3,1,3,1,1,2,9999,1,1,30,35,No,1,1,1,1,1,1
2024,45602,LA,9001.0,4560209001.0,Conventional:Subordinate Lien,Single Family (1-4 Units):Site-Built,Hispanic or Latino,Asian,Male,Approve,12,34500.0,0.88,6.5,1.2,1,480.0,430.0,220.0,2.0,560.0,300,0,8,0,1,0,0,1,0,1,41000.0,1,2,1,1,3,0,3,1,3,2,3,1,3,2,1,2,9999,1,1,29,33,Yes,1,1,1,1,1,1
2024,95120,WI,9145.0,9512009145.0,FHA:First Lien,Single Family (1-4 Units):Site-Built,Not Hispanic or Latino,White,Male,Approve,13,39000.0,0.88,6.3,1.0,1,500.0,450.0,230.0,2.0,550.0,360,3,7,0,1,0,0,1,0,1,42000.0,1,1,1,1,3,0,3,1,3,2,3,1,3,1,1,2,9999,1,1,31,35,Yes,1,1,1,1,1,1
2024,13200,MS,9073.0,1320009073.0,Conventional:First Lien,Single Family (1-4 Units):Site-Built,Not Hispanic or Latino,Black,Female,Withdrawn,12,29000.0,0.80,6.2,0.9,1,440.0,400.0,210.0,2.0,530.0,300,0,8,0,1,0,0,1,0,1,31000.0,1,2,1,1,3,0,3,1,3,2,3,1,3,1,1,2,9999,1,1,31,39,Yes,1,1,1,1,1,1
2024,21957,DE,9001.0,2195709001.0,Veterans Affairs (VA):First Lien,Single Family (1-4 Units):Site-Built,Not Hispanic or Latino,White,Male,Deny,13,35000.0,0.80,6.5,1.0,1,500.0,430.0,220.0,2.0,540.0,360,0,7,0,0,0,0,1,0,1,35000.0,1,2,1,1,3,0,3,1,3,2,3,1,3,1,1,2,9999,1,1,33,26,No,1,1,1,1,1,1
2024,31200,OK,9071.0,3120009071.0,FHA:First Lien,Single Family (1-4 Units):Site-Built,Hispanic or Latino,Asian,Male,Approve,20,36000.0,0.82,6.0,1.1,1,480.0,420.0,220.0,2.0,540.0,300,3,8,0,1,0,0,1,0,1,38000.0,1,2,1,1,3,0,3,2,3,2,3,1,3,1,1,2,9999,1,1,31,30,Yes,1,1,1,2,1,1
2024,12011,AR,9018.0,1201109018.0,FHA:Second Lien,Single Family (1-4 Units):Site-Built,Not Hispanic or Latino,White,Male,Approve,12,38000.0,0.81,6.1,0.8,1,520.0,450.0,220.0,2.0,570.0,360,0,8,0,1,0,0,1,0,1,36000.0,1,1,1,1,3,0,3,1,3,2,3,1,3,1,1,2,9999,1,1,49,38,Yes,1,1,1,1,1,1
2024,76100,DC,9001.0,7610009001.0,Conventional:First Lien,Single Family (1-4 Units):Site-Built,Hispanic or Latino,Asian,Female,Approve,23,33000.0,0.85,8.2,1.3,1,490.0,430.0,200.0,2.0,550.0,360,0,8,0,1,0,0,1,0,1,34000.0,1,2,1,1,3,0,3,1,3,2,3,1,3,2,1,2,9999,1,1,33,35,No,1,1,1,2,1,1
2024,55999,PA,9160.0,5599909160.0,FHA:First Lien,Single Family (1-4 Units):Site-Built,Hispanic or Latino,Asian,Female,Approve,11,38000.0,0.83,6.4,1.1,1,510.0,460.0,240
2024,99999,CT,9150.0,9150708100.0,Conventional:Subordinate Lien,Single Family (1-4 Units):Site-Built,Not Hispanic or Latino,White,Male,File closed for incompleteness,32,25000.0,,,,3,,,,,,240,,,2,2,2,2,,1,1,3,5,1,,96.0,,1111,1111,2.0,5.0,2,4,5.0,8.0,2,4,1,5,2,4,65-74,9999,Yes,,1,1
2024,10001,NY,36047.0,3604700100.0,Conventional:First Lien,Single Family (1-4 Units):Site-Built,Hispanic or Latino,Black,Male,Loan originated,1,350000.0,85.0,4.5,2.0,1,4000.0,350.0,500.0,2.0,1000.0,360,0,0,0,0,0,0,0,1000000.0,Site-Built,Owner Occupied,Not Applicable,Not Applicable,0,0,80000.0,35.0,7,7,1,1,1,1,1,1,1,1,1,1,35,32,No,1
2024,10002,NJ,34031.0,3403102700.0,FHA:First Lien,Single Family (1-4 Units):Site-Built,Not Hispanic or Latino,White,Female,Loan originated,1,200000.0,75.0,3.75,1.25,0,3000.0,200.0,300.0,1.0,500.0,300,0,0,0,0,0,0,0,400000.0,Site-Built,Owner Occupied,Not Applicable,Not Applicable,0,0,75000.0,30.0,7,7,1,1,1,1,1,1,1,1,1,1,40,38,No,1
2024,10003,CA,6075.0,6075007000.0,VA:First Lien,Single Family (1-4 Units):Site-Built,Hispanic or Latino,Asian,Female,Approved not accepted,1,150000.0,70.0,4.0,1.5,0,2500.0,150.0,200.0,1.0,300.0,360,0,0,0,0,0,0,0,300000.0,Site-Built,Owner Occupied,Not Applicable,Not Applicable,0,0,70000.0,28.0,7,7,1,1,1,1,1,1,1,1,1,1,32,30,No,1
2024,10004,VA,51083.0,5108302900.0,Conventional:First Lien,Single Family (1-4 Units):Site-Built,Not Hispanic or Latino,White,Male,Denied,3,100000.0,90.0,5.25,2.5,1,4000.0,300.0,400.0,2.0,800.0,180,15,0,0,0,0,0,0,250000.0,Site-Built,Owner Occupied,Not Applicable,Not Applicable,0,0,65000.0,40.0,7,7,1,1,1,1,1,1,1,1,1,1,45,42,Yes,0
2024,10005,FL,12005.0,12005000900.0,FHA:First Lien,Single Family (1-4 Units):Site-Built,Not Hispanic or Latino,White,Female,File closed for incompleteness,1,300000.0,75.0,4.25,1.75,1,4000.0,300.0,500.0,2.0,1000.0,360,0,0,0,0,0,0,0,400000.0,Site-Built,Owner Occupied,Not Applicable,Not Applicable,0,0,80000.0,32.0,7,7,1,1,1,1,1,1,1,1,1,1,50,47,Yes,0
2024,10006,TX,48201.0,4820100000.0,Conventional:First Lien,Single Family (1-4 Units):Site-Built,Hispanic or Latino,White,Male,Preapproval Requested,3,450000.0,80.0,4.75,1.25,1,5000.0,400.0,700.0,3.0,1500.0,360,0,0,0,0,0,0,0,500000.0,Site-Built,Owner Occupied,Not Applicable,Not Applicable,0,0,100000.0,36.0,7,7,1,1,1,1,1,1,1,1,1,1,60,58,No,0
2024,10007,GA,13067.0,1306700450.0,VA:First Lien,Single Family (1-4 Units):Site-Built,Hispanic or Latino,Black,Male,Loan originated,1,300000.0,75.0,3.8,1.2,0,3000.0,250.0,350.0,2.0,600.0,300,0,0,0,0,0,1,0,350000.0,Site-Built,Owner Occupied,Not Applicable,Not Applicable,0,0,75000.0,33.0,7,7,1,1,1,1,1,1,1,1,1,1,58,55,No,0
2024,10008,OH,39053.0,3905300100.0,FHA:First Lien,Single Family (1-4 Units):Site-Built,Not Hispanic or Latino,White,Female,Denied,2,350000.0,80.0,4.5,1.5,1,4000.0,300.0,500.0,2.0,800.0,360,0,0,0,0,0,0,0,400000.0,Site-Built,Owner Occupied,Not Applicable,Not Applicable,0,0,80000.0,34.0,7,7,1,1,1,1,1,1,1,1,1,1,47,45,Yes,0
2024,10009,MI,26067.0,2606700500.0,Conventional:First Lien,Multi Family (5+ Units):Site-Built,Not Hispanic or Latino,White,Female,Approved not accepted,1,650000.0,82.5,4.25,1.3,1,6000.0,500.0,600.0,2.5,1000.0,240,0,0,0,0,0,0,0,700000.0,Site-Built,Investment Property,Not Applicable,Not Applicable,0,0,100000.0,38.0,7,7,1,1,1,1,1,1,1,1,1,1,62,60,No,0
2024,10010,MD,24510.0,2451099999.0,VA:First Lien,Single Family (1-4 Units):Site-Built,Not Hispanic or Latino,Black,Male,Preapproval Requested,3,300000.0,80.0,3.5,0.5,0,2500.0,120.0,200.0,1.0,300.0,180,0,0,0,0,0,0,0,350000.0,Site-Built,Owner Occupied,Not Applicable,Not Applicable,0,0,80000.0,26.0,7,7,1,1,1,1,1,1,1,1,1,1,44,42,Yes,0
2024,10011,IL,17031.0,1703100700.0,FHA:First Lien,Single Family (1-4 Units):Site-Built,Hispanic or Latino,Other,Male,Denied,1,150000.0,75.0,4.75,1.75,0,2200.0,150.0,200.0,1.0,400.0,240,0,0,0,0,0,0,0,200000.0,Site-Built,Owner Occupied,Not Applicable,Not Applicable,0,0,70000.0,35.0,7,7,1,1,1,1,1,1,1,1,1,1,55,52,No,0
2024,10012,WI,55005.0,5500500100.0,FHA:First Lien,Single Family (1-4 Units):Site-Built,Hispanic or Latino,Black,Female,Loan originated,1,200000.0,70.0,4.25,1.3,0,2000.0,100.0,300.0,1.0,300.0,360,0,0,0,0,0,0,0,300000.0,Site-Built,Owner Occupied,Not Applicable,Not Applicable,0,0,60000.0,30.0,7,7,1,1,1,1,1,1,1,1,1,1,41,38,No,0
2024,10013,CO,08013.0,0801300100.0,VA:First Lien,Single Family (1-4 Units):Site-Built,Not Hispanic or Latino,White,Female,Approved not accepted,1,300000.0,80.0,4.0,1.0,1,3500.0,200.0,400.0,1.5,500.0,360,0,0,0,0,0,0,0,400000.0,Site-Built,Owner Occupied,Not Applicable,Not Applicable,0,0,75000.0,32.0,7,7,1,1,1,1,1,1,1,1,1,1,48,45,No,0
2024,10014,PA,42017.0,4201700200.0,Conventional:First Lien,Single Family (1-4 Units):Site-Built,Hispanic or Latino,White,Male,Loan originated,1,250000.0,85.0,4.1,1.25,1,3000.0,200.0,300.0,1.5,350.0,360,0,0,0,0,0,0,0,300000.0,Site-Built,Owner Occupied,Not Applicable,Not Applicable,0,0,75000.0,35.0,7,7,1,1,1,1,1,1,1,1,1,1,43,40,No,0
2024,10015,NC,37073.0,3707300100.0,FHA:First Lien,Single Family (1-4 Units):Site-Built,Not Hispanic or Latino,Black,Female,Denied,2,350000.0,95.0,5.0,1.75,1,3000.0,200.0,400.0,2.0,500.0,360,0,0,0,0,0,0,0,300000.0,Site-Built,Owner Occupied,Not Applicable,Not Applicable,0,0,80000.0,38.0,7,7,1,1,1,1,1,1,1,1,1,1,42,39,Yes,0
2024,10016,MA,25025.0,2502503000.0,VA:First Lien,Single Family (1-4 Units):Site-Built,Hispanic or Latino,Hispanic,Male,Preapproval Requested,1,400000.0,85.0,4.5,1.5,1,4000.0,300.0,600.0,2.0,800.0,360,0,0,0,0,0,0,0,450000.0,Site-Built,Owner Occupied,Not Applicable,Not Applicable,0,0,90000.0,37.0,7,7,1,1,1,1,1,1,1,1,1,1,46,43,No,0
2024,10017,MN,27043.0,2704300100.0,FHA:First Lien,Single Family (1-4 Units):Site-Built,Not Hispanic or Latino,White,Male,Loan originated,1,150000.0,70.0,4.0,1.25,0,2000.0,150.0,250.0,1.2,300.0,360,0,0,0,0,0,1,0,200000.0,Site-Built,Owner Occupied,Not Applicable,Not Applicable,0,0,60000.0,30.0,7,7,1,1,1,1,1,1,1,1,1,1,52,50,No,0
2024,10018,ID,16067.0,1606700100.0,Conventional:First Lien,Single Family (1-4 Units):Site-Built,Hispanic or Latino,Asian,Female,Denied,2,200000.0,75.0,4.25,1.5,1,3000.0,200.0,300.0,2.0,800.0,180,0,0,0,0,0,0,0,250000.0,Site-Built,Owner Occupied,Not Applicable,Not Applicable,0,0,70000.0,34.0,7,7,1,1,1,1,1,1,1,1,1,1,38,36,No,0
2024,10019,OR,41031.0,4103100000.0,Conventional:First Lien,Single Family (1-4 Units):Site-Built,Not Hispanic or Latino,White,Female,Approved not accepted,1,350000.0,80.0,4.15,1.25,1,4000.0,300.0,400.0,2.0,600.0,360,0,0,0,0,0,0,0,400000.0,Site-Built,Owner Occupied,Not Applicable,Not Applicable,0,0,80000.0,32.0,7,7,1,1,1,1,1,1,1,1,1,1,39,37,Yes,0
2024,10020,KY,21027.0,2102700100.0,VA:First Lien,Single Family (1-4 Units):Site-Built,Hispanic or Latino,Black,Male,Loan originated,1,200000.0,65.0,3.8,1.0,0,2500.0,200.0,300.0,1.5,400.0,240,0,0,0,0,0,0,0,300000.0,Site-Built,Owner Occupied,Not Applicable,Not Applicable,0,0,70000.0,28.0,7,7,1,1,1,1,1,1,1,1,1,1,45,42,No,0
2024,10021,SC,45059.0,4505900400.0,FHA:First Lien,Single Family (1-4 Units):Site-Built,Not Hispanic or Latino,White,Female,Preapproval Requested,3,300000.0,75.0,4.25,1.25,1,3400.0,250.0,500.0,2.0,700.0,360,0,0,0,0,0,0,0,400000.0,Site-Built,Owner Occupied,Not Applicable,Not Applicable,0,0,80000.0,35.0,7,7,1,1,1,1,1,1,1,1,1,1,48,45,No,0
2024,10022,TN,47027.0,4702700100.0,VA:First Lien,Single Family (1-4 Units):Site-Built,Hispanic or Latino,Hispanic,Female,Approved not accepted,1,450000.0,80.0,4.5,1.25,1,4200.0,300.0,600.0,2.0,1000.0,360,0,0,0,0,0,0,0,500000.0,Site-Built,Owner Occupied,Not Applicable,Not Applicable,0,0,100000.0,36.0,7,7,1,1,1,1,1,1,1,1,1,1,54,52,No,0
2024,10023,AL,01029.0,0102900300.0,FHA:First Lien,Single Family (1-4 Units):Site-Built,Not Hispanic or Latino,Black,Female,Loan originated,1,150000.0,75.0,4.1,1.0,0,2200.0,150.0,250.0,1.0,350.0,360,0,0,0,0,0,0,0,200000.0,Site-Built,Owner Occupied,Not Applicable,Not Applicable,0,0,70000.0,30.0,7,7,1,1,1,1,1,1,1,1,1,1,37,35,No,0
2024,10024,DE,10003.0,1000300100.0,Conventional:First Lien,Single Family (1-4 Units):Site-Built,Hispanic or Latino,White,Male,Denied,3,200000.0,80.0,4.5,1.5,0,3000.0,200.0,500.0,2.0,600.0,360,0,0,0,0,0,0,0,250000.0,Site-Built,Owner Occupied,Not Applicable,Not Applicable,0,0,75000.0,32.0,7,7,1,1,1,1,1,1,1,1,1,1,56,53,No,0
2024,10025,VT,50019.0,5001900100.0,FHA:First Lien,Single Family (1-4 Units):Site-Built,Not Hispanic or Latino,White,Female,Approved not accepted,1,175000.0,70.0,4.25,1.25,0,2600.0,170.0,300.0,1.0,500.0,360,0,0,0,0,0,0,0,200000.0,Site-Built,Owner Occupied,Not Applicable,Not Applicable,0,0,65000.0,29.0,7,7,1,1,1,1,1,1,1,1,1,1,44,42,No,0
2024,10026,WV,54077.0,5407700600.0,Va:First Lien,Single Family (1-4 Units):Site-Built,Hispanic or Latino,Hispanic,Male,Loan originated,1,200000.0,70.0,3.75,1.25,0,2200.0,150.0,250.0,1.0,400.0,240,0,0,0,0,0,0,0,250000.0,Site-Built,Owner Occupied,Not Applicable,Not Applicable,0,0,70000.0,28.0,7,7,1,1,1,1,1,1,1,1,1,1,41,39,No,0
2024,10027,NH,33011.0,3301100100.0,FHA:First Lien,Single Family (1-4 Units):Site-Built,Not Hispanic or Latino,White,Male,Denied,2,250000.0,85.0,4.5,1.5,1,3500.0,250.0,450.0,2.0,550.0,360,0,0,0,0,0,0,0,300000.0,Site-Built,Owner Occupied,Not Applicable,Not Applicable,0,0,80000.0,35.0,7,7,1,1,1,1,1,1,1,1,1,1,49,46,Yes,0
2024,10028,ME,23001.0,2300100100.0,Conventional:First Lien,Single Family (1-4 Units):Site-Built,Not Hispanic or Latino,White,Female,Loan originated,1,300000.0,80.0,4.3,1.35,1,4000.0,300.0,500.0,2.0,600.0,360,0,0,0,0,0,0,0,350000.0,Site-Built,Owner Occupied,Not Applicable,Not Applicable,0,0,80000.0,32.0,7,7,1,1,1,1,1,1,1,1,1,1,35,32,No,0
2024,10029,MD,24003.0,2400300200.0,FHA:First Lien,Single Family (1-4 Units):Site-Built,Hispanic or Latino,White,Male,Denied,1,150000.0,75.0,4.0,1.25,1,2500.0,160.0,200.0,1.2,400.0,240,0,0,0,0,0,0,0,200000.0,Site-Built,Owner Occupied,Not Applicable,Not Applicable,0,0,70000.0,33.0,7,7,1,1,1,1,1,1,1,1,1,1,48,45,No,0
2024,10030,IN,18061.0,1806100300.0,Conventional:First Lien,Single Family (1-4 Units):Site-Built,Not Hispanic or Latino,White,Female,Approved not accepted,1,250000.0,70.0,3.75,1.25,1,3000.0,200.0,300.0,1.5,500.0,300,0,0,0,0,0,0,0,300000.0,Site-Built,Owner Occupied,Not Applicable,Not Applicable,0,0,75000.0,30.0,7,7,1,1,1,1,1,1,1,1,1,1,44,41,No,0
2024,10031,RI,44003.0,4400300000.0,VA:First Lien,Single Family (1-4 Units):Site-Built,Not Hispanic or Latino,White,Male,Loan originated,1,250000.0,75.0,4.25,1.5,0,3200.0,200.0,500.0,2.0,600.0,360,0,0,0,0,0,0,0,300000.0,Site-Built,Owner Occupied,Not Applicable,Not Applicable,0,0,80000.0,34.0,7,7,1,1,1,1,1,1,1,1,1,1,51,48,No,0
2024,10032,AR,05021.0,0502100100.0,FHA:First Lien,Single Family (1-4 Units):Site-Built,Hispanic or Latino,White,Female,Approved not accepted,1,300000.0,85.0,4.25,1.25,0,3600.0,220.0,450.0,2.0,650.0,300,0,0,0,0,0,0,0,350000.0,Site-Built,Owner Occupied,Not Applicable,Not Applicable,0,0,85000.0,33.0,7,7,1,1,1,1,1,1,1,1,1,1,33,30,No,0
2024,10033,KS,20077.0,2007700000.0,Conventional:First Lien,Single Family (1-4 Units):Site-Built,Not Hispanic or Latino,White,Male,Denied,2,200000.0,75.0,4.5,1.5,0,3200.0,250.0,500.0,2.0,700.0,360,0,0,0,0,0,0,0,250000.0,Site-Built,Owner Occupied,Not Applicable,Not Applicable,0,0,75000.0,35.0,7,7,1,1,1,1,1,1,1,1,1,1,40,38,No,0
2024,10034,SD,46021.0,4602100000.0,VA:First Lien,Single Family (1-4 Units):Site-Built,Hispanic or Latino,Hispanic,Male,Approved not accepted,1,400000.0,80.0,4.8,1.4,1,4000.0,300.0,500.0,2.0,800.0,300,0,0,0,0,0,0,0,450000.0,Site-Built,Owner Occupied,Not Applicable,Not Applicable,0,0,100000.0,37.0,7,7,1,1,1,1,1,1,1,1,1,1,37,34,Yes,0
2024,10035,NE,31091.0,3109100100.0,FHA:First Lien,Single Family (1-4 Units):Site-Built,Not Hispanic or Latino,White,Female,Preapproval Requested,3,300000.0,80.0,4.75,1.75,1,4000.0,300.0,500.0,3.0,800.0,360,0,0,0,0,0,0,0,350000.0,Site-Built,Owner Occupied,Not Applicable,Not Applicable,0,0,80000.0,34.0,7,7,1,1,1,1,1,1,1,1,1,1,36,33,Yes,0
2024,10036,IA,19033.0,1903300100.0,Conventional:First Lien,Single Family (1-4 Units):Site-Built,Hispanic or Latino,Asian,Male,Approved not accepted,1,150000.0,75.0,4.25,1.25,0,2600.0,180.0,250.0,1.5,350.0,240,0,0,0,0,0,1,0,200000.0,Site-Built,Owner Occupied,Not Applicable,Not Applicable,0,0,70000.0,32.0,7,7,1,1,1,1,1,1,1,1,1,1,51,48,No,0
2024,10037,OH,39047.0,3904700200.0,VA:First Lien,Single Family (1-4 Units):Site-Built,Hispanic or Latino,Black,Female,Denied,2,100000.0,70.0,4.0,1.25,0,2200.0,150.0,200.0,1.0,300.0,240,0,0,0,0,0,0,0,150000.0,Site-Built,Owner Occupied,Not Applicable,Not Applicable,0,0,60000.0,30.0,7,7,1,1,1,1,1,1,1,1,1,1,50,47,Yes,0
2024,10038,MO,29085.0,2908500100.0,Conventional:First Lien,Single Family (1-4 Units):Site-Built,Not Hispanic or Latino,White,Male,Approved not accepted,1,300000.0,80.0,3.75,1.25,0,3500.0,220.
2024,99999,CT,9150.0,9150708100.0,Conventional:Subordinate Lien,Single Family (1-4 Units):Site-Built,Not Hispanic or Latino,White,Male,File closed for incompleteness,32,25000.0,,,,3,,,,,,240,,,2,2,2,2,,1,1,3,5,1,,96.0,,1111,1111,2.0,5.0,2,4,5.0,8.0,2,4,1,5,2,4,65-74,9999,Yes,,1,1
2024,99999,NY,36047.0,36047021700.0,FHA:First Lien,Single Family (1-4 Units):Site-Built,Hispanic or Latino,White,Female,Loan originated,1,87000.0,76.0,5.25,1.5,1,11500.0,750.0,2500.0,1.0,500.0,360,5,1,0,0,0,0,0,1,1,2,1,1,,50.0,200000.0,Construction,Owner Occupied,Manufactured Home: Not Applicable,Not Applicable,1,0,99200.0,29.0,1,1,1,1,1,1,1,1,2,2,60,65,1,1,No,1,1
2024,99999,CA,6011.0,60115011600.0,VA:First Lien,Single Family (1-4 Units):Site-Built,Not Hispanic or Latino,Asian,Male,Application approved but not accepted,1,325000.0,91.0,4.45,2.1,1,10000.0,1200.0,3000.0,2.0,1200.0,480,0,0,0,0,0,0,0,3,1,1,1,1,,57.0,500000.0,Construction,Owner Occupied,Manufactured Home: Not Applicable,Not Applicable,2,0,90000.0,45.0,3,2,3,2,3,2,3,2,3,2,35,30,1,1,Yes,,1,1
2024,99999,TX,48131.0,48131003000.0,Conventional:First Lien,Single Family (1-4 Units):Site-Built,Not Hispanic or Latino,Black,Male,Loan originated,1,545000.0,90.0,5.5,1.7,0,8000.0,2500.0,1500.0,1.5,5000.0,360,3,0,0,0,0,0,0,2,1,2,2,1,,42.0,420000.0,Construction,Semi-Owner Occupied,Manufactured Home: Not Applicable,Not Applicable,3,0,95000.0,38.0,1,3,3,1,1,3,1,3,1,3,48,52,0,0,Yes,,1,1
2024,99999,FL,12023.0,12023015000.0,FHA:First Lien,Single Family (1-4 Units):Site-Built,Not Hispanic or Latino,White,Female,Loan denied,2,120000.0,82.0,5.75,2.4,1,14000.0,1200.0,2800.0,0.0,8000.0,360,0,0,0,0,0,0,0,2,1,1,1,1,,54.0,225000.0,Construction,Investment,Manufactured Home: Not Applicable,Not Applicable,1,0,75000.0,35.0,0,2,2,0,0,2,0,2,0,2,71,72,0,0,No,,1,1
2024,99999,VA,51510.0,51510003000.0,Conventional:First Lien,Single Family (1-4 Units):Site-Built,Not Hispanic or Latino,White,Male,Loan originated,1,225000.0,64.0,4.05,0.5,1,7450.0,800.0,2000.0,2.0,400.0,360,5,1,0,0,0,0,0,1,1,1,2,1,,41.0,350000.0,Construction,Owner Occupied,Manufactured Home: Not Applicable,Not Applicable,1,0,165000.0,18.0,3,2,2,2,2,2,1,5,1,2,62,45,1,1,Yes,,1,1
2024,99999,MN,27079.0,27079287000.0,VA:Second Lien,Single Family (1-4 Units):Site-Built,Hispanic or Latino,Hispanic,Female,Preapproval request denied,2,320000.0,111.0,5.9,3.1,0,10500.0,900.0,2450.0,1.0,4300.0,240,0,0,0,0,0,0,0,2,2,3,2,1,,55.0,420000.0,Financing Plan,Owner Occupied,Manufactured Home: Not Applicable,Not Applicable,1,0,175000.0,24.0,2,3,3,3,3,3,2,3,2,3,58,46,0,0,Yes,,1,1
2024,99999,GA,13193.0,13193026800.0,FHA:First Lien,Single Family (1-4 Units):Site-Built,Not Hispanic or Latino,Hispanic,Female,Loan originated,1,175000.0,75.0,6.0,2.7,1,9700.0,780.0,2200.0,1.2,8000.0,360,2,1,0,0,0,0,0,2,1,1,1,1,,52.0,300000.0,Construction,Investment,Manufactured Home: Not Applicable,Not Applicable,1,0,125000.0,30.0,1,1,3,3,1,1,1,3,1,1,57,61,1,1,Yes,,1,1
2024,99999,NJ,34033.0,34033028000.0,VA:First Lien,Single Family (1-4 Units):Site-Built,Hispanic or Latino,Black,Female,Application approved but not accepted,1,350000.0,90.0,5.75,1.8,0,17000.0,1100.0,2500.0,1.8,7500.0,300,10,0,0,0,0,0,0,3,3,3,3,1,,53.0,525000.0,Construction,Owner Occupied,Manufactured Home: Not Applicable,Not Applicable,3,0,310000.0,40.0,2,1,3,1,1,3,1,2,1,1,49,55,0,0,Yes,,1,1
2024,99999,NC,37071.0,37071310000.0,Conventional:First Lien,Single Family (1-4 Units):Site-Built,Not Hispanic or Latino,White,Female,Loan originated,1,285000.0,70.0,5.45,1.2,1,10000.0,1200.0,2400.0,1.5,9500.0,480,0,0,0,0,0,0,0,2,1,1,1,1,,44.0,425000.0,Construction,Owner Occupied,Manufactured Home: Not Applicable,Not Applicable,2,0,200000.0,22.0,3,2,2,1,2,3,2,1,1,3,59,60,1,1,Yes,,1,1
2024,99999,WI,55013.0,55013023000.0,FHA:First Lien,Single Family (1-4 Units):Site-Built,Not Hispanic or Latino,White,Male,Loan originated,1,260000.0,88.0,4.55,1.0,1,10200.0,500.0,2200.0,0.0,1200.0,360,5,1,0,0,0,0,0,1,1,1,1,1,,60.0,300000.0,Construction,Investment,Manufactured Home: Not Applicable,Not Applicable,1,0,185000.0,37.0,1,2,1,2,2,3,3,1,1,3,64,67,1,1,Yes,,1,1
2024,99999,MD,24017.0,24017078000.0,VA:First Lien,Single Family (1-4 Units):Site-Built,Hispanic or Latino,White,Female,Loan denied,3,390000.0,85.0,6.25,3.0,0,15000.0,1150.0,2400.0,0.7,9000.0,480,0,0,1,0,0,0,0,1,1,3,2,1,,51.0,430000.0,Construction,Owner Occupied,Manufactured Home: Not Applicable,Not Applicable,2,0,290000.0,38.0,0,3,3,1,1,3,3,1,2,1,68,69,1,1,No,,1,1
2024,99999,MI,26155.0,26155003000.0,FHA:First Lien,Single Family (1-4 Units):Site-Built,Not Hispanic or Latino,White,Male,Application approved but not accepted,3,225000.0,90.0,5.9,2.8,0,7400.0,900.0,2100.0,1.2,7000.0,360,2,0,0,0,0,0,0,2,1,2,1,1,,55.0,310000.0,Construction,Semi-Owner Occupied,Manufactured Home: Not Applicable,Not Applicable,1,0,165000.0,45.0,3,2,2,3,2,3,2,3,2,3,58,60,0,0,Yes,,1,1
2024,99999,OH,39031.0,39031002000.0,Conventional:First Lien,Single Family (1-4 Units):Site-Built,Hispanic or Latino,Black,Male,Loan originated,1,187500.0,66.0,5.55,1.3,1,11000.0,3000.0,2500.0,0.5,7000.0,360,4,1,0,0,0,0,0,3,2,1,1,1,,43.0,400000.0,Construction,Owner Occupied,Manufactured Home: Not Applicable,Not Applicable,2,0,127500.0,23.0,2,2,1,2,1,4,1,2,1,4,42,45,0,0,Yes,,1,1
2024,99999,TX,48007.0,48007000200.0,FHA:First Lien,Single Family (1-4 Units):Site-Built,Not Hispanic or Latino,Asian,Male,Loan originated,1,300000.0,85.0,5.4,1.8,0,10200.0,1500.0,2000.0,1.5,5000.0,360,5,0,0,0,0,0,0,2,2,1,1,1,,46.0,370000.0,Construction,Investment,Manufactured Home: Not Applicable,Not Applicable,2,0,260000.0,50.0,1,2,2,3,2,4,1,2,1,3,32,34,0,1,Yes,,1,1
2024,99999,AZ,04003.0,04003000000.0,VA:First Lien,Single Family (1-4 Units):Site-Built,Hispanic or Latino,Hispanic,Female,Loan originated,1,275000.0,70.0,6.05,1.9,0,9500.0,1200.0,2300.0,2.0,4500.0,360,10,0,0,0,0,0,0,2,2,1,1,1,,60.0,330000.0,Construction,Owner Occupied,Manufactured Home: Not Applicable,Not Applicable,1,0,180000.0,34.0,2,3,3,2,2,3,2,2,2,3,70,65,1,1,Yes,,1,1
2024,99999,IL,17043.0,17043103000.0,Conventional:First Lien,Mixed Use: Site-Built,Not Hispanic or Latino,White,Male,Loan denied,2,175000.0,85.0,6.2,2.5,0,8200.0,950.0,1900.0,0.0,4500.0,360,0,0,0,0,0,0,0,2,2,2,2,1,,50.0,350000.0,Construction,Investment,Manufactured Home: Not Applicable,Not Applicable,1,0,120000.0,40.0,2,2,2,1,2,2,2,2,2,2,60,62,1,1,No,,1,1
2024,99999,WA,53061.0,53061010300.0,FHA:First Lien,Single Family (1-4 Units):Site-Built,Hispanic or Latino,Hispanic,Female,Loan originated,1,195000.0,70.0,5.9,1.9,0,9500.0,1000.0,1800.0,1.0,8000.0,360,3,2,0,0,0,0,0,3,2,2,2,1,,50.0,330000.0,Construction,Owner Occupied,Manufactured Home: Not Applicable,Not Applicable,1,0,155000.0,38.0,3,1,1,3,3,3,1,3,2,3,55,59,1,1,Yes,,1,1
2024,99999,NH,33013.0,33013001000.0,VA:First Lien,Single Family (1-4 Units):Site-Built,Not Hispanic or Latino,White,Male,Preapproval request denied,3,450000.0,90.0,6.5,1.4,0,16100.0,1050.0,2600.0,1.8,6200.0,360,0,0,0,0,0,0,0,3,2,2,1,1,,40.0,550000.0,Construction,Investment,Manufactured Home: Not Applicable,Not Applicable,2,0,365000.0,28.0,1,1,1,1,1,1,1,1,1,1,58,54,1,1,No,,1,1
2024,99999,CA,6075.0,60750035000.0,Conventional:First Lien,Single Family (1-4 Units):Site-Built,Hispanic or Latino,White,Male,Loan originated,1,420000.0,92.0,5.35,1.6,1,13000.0,300.0,1500.0,2.0,4000.0,300,5,2,0,0,0,0,0,1,2,2,1,2,,58.0,480000.0,Construction,Owner Occupied,Manufactured Home: Not Applicable,Not Applicable,2,0,270000.0,30.0,3,2,1,1,2,2,1,1,2,2,52,56,1,1,Yes,,1,1
2024,99999,FL,12071.0,12071001000.0,FHA:First Lien,Single Family (1-4 Units):Site-Built,Hispanic or Latino,Other,Female,Loan denied,2,227500.0,85.0,7.2,2.3,0,11000.0,1000.0,2300.0,1.2,7500.0,480,0,1,0,0,0,0,0,1,1,3,2,1,,53.0,475000.0,Construction,Semi-Owner Occupied,Manufactured Home: Not Applicable,Not Applicable,2,0,180000.0,41.0,1,1,1,1,1,1,1,1,1,4,54,59,1,1,No,,1,1
2024,99999,CO,08025.0,08025000000.0,Conventional:First Lien,Single Family (1-4 Units):Site-Built,Not Hispanic or Latino,White,Male,Application approved but not accepted,1,280000.0,70.0,4.95,2.0,1,7500.0,900.0,1500.0,1.0,6000.0,480,2,1,0,0,0,0,0,2,1,1,1,1,,56.0,450000.0,Construction, Owner Occupied,Manufactured Home: Not Applicable,Not Applicable,2,0,225000.0,32.0,1,2,1,1,3,4,1,1,2,3,48,58,0,1,Yes,,1,1
2024,99999,IN,18123.0,18123465000.0,FHA:First Lien,Single Family (1-4 Units):Site-Built,Hispanic or Latino,Hispanic,Female,Loan originated,1,175000.0,65.0,5.4,1.8,0,6200.0,900.0,1600.0,0.0,8000.0,360,3,1,0,1,0,0,0,3,2,2,2,1,,50.0,320000.0,Construction,Semi-Owner Occupied,Manufactured Home: Not Applicable,Not Applicable,1,0,135000.0,35.0,3,1,2,2,1,1,1,3,1,3,59,57,1,0,Yes,,1,1
2024,99999,MO,29179.0,29179000100.0,VA:First Lien,Single Family (1-4 Units):Site-Built,Hispanic or Latino,Unknown,Female,Loan originated,1,320000.0,80.0,5.55,2.7,1,8200.0,800.0,2200.0,1.5,7000.0,360,0,0,0,0,0,0,0,3,2,2,1,1,,52.0,600000.0,Construction,Investment,Manufactured Home: Not Applicable,Not Applicable,1,0,150000.0,35.0,1,3,3,1,1,1,1,1,1,3,60,62,1,1,Yes,,1,1
2024,99999,OR,41051.0,41051005000.0,Conventional:First Lien,Single Family (1-4 Units):Site-Built,Not Hispanic or Latino,Unknown,Male,Loan denied,3,135000.0,83.0,6.0,2.1,0,7500.0,1200.0,1800.0,0.7,4000.0,480,0,0,0,0,0,0,0,1,2,2,3,2,,48.0,150000.0,Construction,Semi-Owner Occupied,Manufactured Home: Not Applicable,Not Applicable,2,0,120000.0,45.0,2,3,2,2,2,3,3,3,2,3,72,75,0,0,No,,1,1
2024,99999,NV,32005.0,32005002000.0,FHA:First Lien,Single Family (1-4 Units):Site-Built,Not Hispanic or Latino,White,Female,Application approved but not accepted,2,925000.0,90.0,5.45,1.1,1,9700.0,600.0,1250.0,2.0,3000.0,360,2,1,0,0,0,0,0,1,2,2,2,1,,45.0,1000000.0,Construction,Owner Occupied,Manufactured Home: Not Applicable,Not Applicable,2,0,750000.0,30.0,1,1,2,3,2,2,1,1,1,1,66,63,1,1,Yes,,1,1
2024,99999,UT,49015.0,49015000000.0,VA:First Lien,Single Family (1-4 Units):Site-Built,Hispanic or Latino,Black,Female,Loan originated,1,320000.0,88.0,4.95,1.7,0,9500.0,400.0,1600.0,1.8,6000.0,360,1,0,0,0,0,0,0,2,1,1,1,1,,48.0,370000.0,Construction,Semi-Owner Occupied,Manufactured Home: Not Applicable,Not Applicable,1,0,280000.0,32.0,2,1,3,2,1,1,1,3,2,1,45,50,0,1,Yes,,1,1
2024,99999,ID,16017.0,16017020000.0,FHA:First Lien,Single Family (1-4 Units):Site-Built,Not Hispanic or Latino,White,Male,Loan originated,1,320000.0,72.0,5.85,2.0,1,11000.0,700.0,2200.0,2.0,7000.0,360,0,0,0,0,0,0,0,1,1,1,1,1,,63.0,450000.0,Construction,Investment,Manufactured Home: Not Applicable,Not Applicable,3,0,240000.0,28.0,3,3,3,1,2,3,2,1,1,2,51,49,1,1,Yes,,1,1
2024,99999,OK,40051.0,40051003000.0,Conventional:First Lien,Single Family (1-4 Units):Site-Built,Not Hispanic or Latino,White,Female,Loan closed for incompleteness,3,290000.0,80.0,5.05,2.3,1,9000.0,750.0,1750.0,1.0,9000.0,480,0,0,0,0,0,0,0,2,1,1,1,1,,58.0,400000.0,Construction,Owner Occupied,Manufactured Home: Not Applicable,Not Applicable,3,0,270000.0,29.0,2,1,1,3,2,1,2,1,2,3,67,73,0,0,No,,1,1
2024,99999,MA,25007.0,25007045000.0,VA:First Lien,Single Family (1-4 Units):Site-Built,Not Hispanic or Latino,Black,Male,Loan originated,1,220000.0,75.0,5.75,1.8,1,6300.0,1500.0,1500.0,1.0,6000.0,360,0,0,0,0,0,0,0,3,2,2,2,1,,54.0,305000.0,Construction,Investment,Manufactured Home: Not Applicable,Not Applicable,1,0,160000.0,30.0,3,1,1,1,1,1,3,3,1,1,62,69,1,1,Yes,,1,1
2024,99999,AL,01097.0,01097007100.0,FHA:First Lien,Single Family (1-4 Units):Site-Built,Not Hispanic or Latino,White,Female,Loan originated,1,230000.0,84.0,5.65,1.5,0,8000.0,800.0,2000.0,0.0,7500.0,360,0,0,0,0,0,0,0,2,1,2,2,1,,41.0,350000.0,Construction,Owner Occupied,Manufactured Home: Not Applicable,Not Applicable,2,0,185000.0,24.0,2,3,1,3,1,3,1,3,1,3,49,48,1,1,Yes,,1,1
2024,99999,MD,24001.0,24001040000.0,VA:First Lien,Single Family (1-4 Units):Site-Built,Hispanic or Latino,White,Female,Loan originated,1,125000.0,77.0,6.0,2.8,1,7500.0,1100.0,1800.0,0.0,6000.0,360,0,0,0,0,0,0,0,2,1,2,1,1,,46.0,190000.0,Construction,Investment,Manufactured Home: Not Applicable,Not Applicable,1,0,110000.0,30.0,1,2,3,1,2,1,1,2,1,2,71,68,1,1,Yes,,1,1
2024,99999,ME,23005.0,23005000000.0,FHA:First Lien,Single Family (1-4 Units):Site-Built,Hispanic or Latino,Hispanic,Male,Loan originated,1,110000.0,90.0,6.3,3.0,0,11000.0,500.0,1000.0,1.0,3500.0,240,0,0,0,0,0,0,0,1,1,2,1,1,,60.0,200000.0,Construction,Owner Occupied,Manufactured Home: Not Applicable,Not Applicable,1,1,120000.0,29.0,0,1,2,3,1,2,1,1,3,2,65,62,1,1,Yes,,1,1
2024,99999,KY,21033.0,21033020000.0,Conventional:First Lien,Single Family (1-4 Units):Site-Built,Not Hispanic or Latino,White,Male,Loan originated,1,195000.0,72.0,4.75,1.9,1,6500.0,1200.0,1500.0,0.0,4500.0,360,0,0,0,0,0,0,0,2,1,2,2,1,,55.0,240000.0,Construction,Investment,Manufactured Home: Not Applicable,Not Applicable,2,0,160000.0,33.0,1,2,3,1,3,2,1,1,1,3,50,59,0,0,Yes,,1,1
2024,99999,PA,42025.0,42025011000.0,FHA:First Lien,Single Family (1-4 Units):Site-Built,Hispanic or Latino,Hispanic,Female,Loan originated,1,425000.0,85.0,5.85,2.0,0,10200.0,900.0,1800.0,0.0,8000.0,360,0,0,0,0,0,0,0,1,1,2,1,1,,52.0,500000.0,Construction,Owner Occupied,Manufactured Home: Not Applicable,Not Applicable,1,
2024,10001,NY,0050.0,0050103700.0,Conventional:Purchase,Single Family (1-4 Units):Site-Built,Hispanic or Latino,White,Female,Loan originated,1,310000.0,93.0,5.25,0.75,1,15000.0,3200.0,2400.0,2.0,1200.0,120,1,2,2,0,0,0,0,0,400000.0,Site-Built,Primary residence,NA,NA,3.0,1,75000.0,39.0,3,3,1,5,1,1,3.0,5.0,2,2,3,9210,1111,2.0,5.0,3,2,65-74,8640,Yes,,1,1
2024,10002,NJ,0110.0,0110102502.0,FHA:Purchase,Single Family (1-4 Units):Site-Built,Not Hispanic or Latino,Black,Male,Loan originated,1,275000.0,87.0,4.80,0.30,0,14000.0,2800.0,1600.0,1.0,800.0,60,1,3,2,0,0,0,1,0,320000.0,Site-Built,Primary residence,NA,NA,3.0,1,50000.0,30.0,2,3,1,4,2,2,3.0,4.0,2,2,1,1232,1111,3.0,5.0,2,6,35-44,9999,Yes,,1,1
2024,10003,PA,0130.0,0130104500.0,FHA:Purchase,Single Family (1-4 Units):Site-Built,Not Hispanic or Latino,Asian,Female,Application approved but not accepted,1,200000.0,90.0,6.75,0.70,0,16000.0,2400.0,2300.0,3.0,1500.0,30,0,0,0,1,1,1,0,0,240000.0,Site-Built,Primary residence,NA,NA,3.0,2,64000.0,28.0,3,3,2,5,1,4,3.0,5.0,2,4,3,1131,1111,2.0,5.0,2,4,35-44,9999,No,,1,1
2024,10004,MA,0130.0,0130106501.0,Conventional:Purchase,Single Family (1-4 Units):Site-Built,Other than Hispanic or Latino,White,Female,Loan originated,1,340000.0,85.0,6.50,0.50,1,18000.0,3000.0,2700.0,2.0,1200.0,360,1,2,2,0,0,1,1,0,400000.0,Site-Built,Primary residence,NA,NA,3.0,1,80000.0,42.0,3,3,1,5,1,4,3.0,5.0,2,4,2,2131,1111,3.0,5.0,2,4,45-54,9999,Yes,,1,1
2024,10005,FL,0030.0,0030102000.0,FHA:Purchase,Single Family (1-4 Units):Site-Built,Hispanic or Latino,Hispanic or Latino,Female,Loan originated,1,250000.0,90.0,5.00,0.75,0,12000.0,2000.0,1400.0,0.5,700.0,240,1,2,1,0,1,1,0,0,300000.0,Site-Built,Primary residence,NA,NA,3.0,1,57000.0,25.0,1,1,1,4,1,3,1.0,4.0,1,2,1,2132,2222,4.0,5.0,3,9,35-44,9999,Yes,,1,1
2024,10006,GA,0030.0,0030105010.0,Conventional:Purchase,Single Family (1-4 Units):Site-Built,Hispanic or Latino,Hispanic or Latino,Male,Loan originated,1,315000.0,92.0,6.30,0.80,0,16000.0,3200.0,3000.0,2.0,1200.0,360,1,2,2,0,0,1,1,0,380000.0,Site-Built,Primary residence,NA,NA,3.0,1,75000.0,33.0,2,3,2,5,1,2,2.0,5.0,1,3,1,2121,2222,4.0,6.0,2,3,75 and older,9997,Yes,,1,1
2024,10007,OH,0030.0,0030106500.0,FHA:Purchase,Single Family (1-4 Units):Site-Built,Not Hispanic or Latino,White,Female,Loan originated,1,265000.0,87.0,5.50,0.60,0,13000.0,2800.0,2000.0,1.0,1000.0,240,1,1,2,0,0,1,0,0,290000.0,Site-Built,Primary residence,NA,NA,3.0,1,58000.0,30.0,1,2,1,4,1,3,1.0,5.0,1,3,2,1232,2222,5.0,5.0,3,4,55-64,9999,Yes,,1,1
2024,10008,WA,0050.0,0050105001.0,USDA/RHS:Purchase,Single Family (1-4 Units):Site-Built,Hispanic or Latino,Hispanic or Latino,Male,Loan originated,1,310000.0,88.0,4.50,0.40,0,15000.0,2800.0,2100.0,2.0,1100.0,300,2,0,2,1,1,0,1,0,380000.0,Site-Built,Primary residence,NA,NA,3.0,1,70000.0,33.0,4,4,1,3,2,2,1.0,6.0,1,2,1,1111,1111,5.0,5.0,2,4,35-44,9999,Yes,,1,1
2024,10009,NC,0030.0,0030109000.0,FHA:Purchase,Single Family (1-4 Units):Site-Built,Not Hispanic or Latino,White,Male,Loan originated,1,320000.0,91.0,5.50,0.20,0,16000.0,3000.0,2800.0,2.0,1000.0,270,1,2,1,0,0,0,1,0,360000.0,Site-Built,Primary residence,NA,NA,3.0,2,66000.0,32.0,3,3,1,5,2,2,3.0,5.0,2,4,1,1120,1111,1.0,7.0,3,2,35-44,9999,Yes,,1,1
2024,10010,TX,0090.0,0090104500.0,Conventional:Purchase,Single Family (1-4 Units):Site-Built,Not Hispanic or Latino,Native American,Male,Loan originated,1,360000.0,88.0,6.00,0.50,0,18000.0,3200.0,2800.0,2.0,1500.0,360,1,1,1,0,0,0,0,0,420000.0,Site-Built,Primary residence,NA,NA,3.0,2,75000.0,35.0,4,3,1,4,1,3,3.0,5.0,1,4,1,5551,1111,4.0,5.0,2,3,25-34,9999,Yes,,1,1
2024,10011,IL,0050.0,0050103500.0,Conventional:Purchase,Single Family (1-4 Units):Site-Built,Not Hispanic or Latino,White,Female,Loan originated,1,280000.0,85.0,5.25,0.40,1,13000.0,2800.0,2200.0,1.0,800.0,300,0,0,1,0,0,0,1,0,360000.0,Site-Built,Primary residence,NA,NA,3.0,1,70000.0,31.0,1,1,1,5,1,3,1.0,5.0,1,3,1,3111,1111,2.0,5.0,2,4,45-54,9999,Yes,,1,1
2024,10012,AL,0030.0,0030100001.0,FHA:Purchase,Single Family (1-4 Units):Site-Built,Not Hispanic or Latino,White,Male,Loan originated,1,250000.0,90.0,4.80,0.50,0,12500.0,2200.0,1800.0,1.0,900.0,240,1,2,2,0,0,0,0,0,290000.0,Site-Built,Primary residence,NA,NA,3.0,1,38000.0,27.0,1,1,2,5,1,2,2.0,5.0,1,2,1,3221,1111,3.0,5.0,2,2,25-34,9999,Sometimes,,1,1
2024,10013,CA,0130.0,0130102000.0,Conventional:Purchase,Single Family (1-4 Units):Site-Built,Hispanic or Latino,White,Female,Loan originated,1,400000.0,86.0,6.00,0.25,1,18000.0,3400.0,2400.0,3.0,1000.0,360,0,1,2,0,0,0,0,0,460000.0,Site-Built,Primary residence,NA,NA,4.0,1,90000.0,36.0,2,2,1,5,1,2,2.0,5.0,1,4,2,1221,1111,4.0,5.0,2,3,55-64,9999,No,,1,1
2024,10014,MI,0010.0,0010101000.0,FHA:Purchase,Single Family (1-4 Units):Site-Built,Not Hispanic or Latino,White,Male,Loan originated,1,290000.0,92.0,5.20,0.35,1,13000.0,2500.0,2000.0,1.0,750.0,270,1,2,1,0,0,1,0,0,310000.0,Site-Built,Primary residence,NA,NA,4.0,1,60000.0,34.0,1,1,1,5,1,2,1.0,5.0,1,3,1,3211,1111,5.0,5.0,3,3,35-44,9999,Yes,,1,1
2024,10015,WA,0130.0,0130107000.0,Conventional:Purchase,Single Family (1-4 Units):Site-Built,Not Hispanic or Latino,Black,Male,Loan originated,1,310000.0,91.0,4.90,0.45,0,14000.0,2800.0,1950.0,0.5,1000.0,300,1,2,2,1,1,1,1,0,380000.0,Site-Built,Primary residence,NA,NA,4.0,1,70000.0,32.0,3,4,1,5,1,2,3.0,5.0,1,2,1,1221,1111,1.0,5.0,2,4,45-54,9999,Yes,,1,1
2024,10016,SC,0010.0,0010101001.0,FHA:Purchase,Single Family (1-4 Units):Site-Built,Not Hispanic or Latino,White,Female,Loan originated,1,300000.0,88.0,6.25,0.55,0,14000.0,2700.0,2000.0,2.0,1200.0,240,0,0,1,0,0,0,0,0,370000.0,Site-Built,Primary residence,NA,NA,4.0,1,60000.0,33.0,2,3,1,5,1,3,1.0,5.0,1,2,1,1131,1111,3.0,5.0,2,3,35-44,9999,Yes,,1,1
2024,10017,VA,0050.0,0050105500.0,Conventional:Purchase,Single Family (1-4 Units):Site-Built,Hispanic or Latino,Mixed Race,Female,Loan originated,1,350000.0,88.0,6.50,0.50,0,16000.0,3100.0,2200.0,1.0,1000.0,360,0,1,1,0,0,1,1,0,400000.0,Site-Built,Primary residence,NA,NA,4.0,1,72000.0,36.0,4,4,1,5,1,4,3.0,5.0,2,4,1,4111,2222,4.0,5.0,2,3,25-34,9999,Yes,,1,1
2024,10018,MO,0030.0,0030100002.0,FHA:Purchase,Single Family (1-4 Units):Site-Built,Not Hispanic or Latino,White,Male,Loan originated,1,285000.0,86.0,6.20,0.40,0,13500.0,2600.0,1800.0,2.0,700.0,240,0,0,1,0,0,0,1,0,320000.0,Site-Built,Primary residence,NA,NA,4.0,1,70000.0,31.0,1,1,1,5,1,3,1.0,6.0,1,3,1,3311,1111,5.0,5.0,5,4,75 and older,9999,Yes,,1,1
2024,10019,MN,0070.0,0070101001.0,Conventional:Purchase,Single Family (1-4 Units):Site-Built,Not Hispanic or Latino,White,Male,Loan originated,1,345000.0,88.0,5.00,0.25,0,17000.0,3400.0,2300.0,1.0,1000.0,360,2,1,1,0,0,0,0,0,420000.0,Site-Built,Primary residence,NA,NA,4.0,2,75000.0,34.0,3,3,1,5,1,2,2.0,5.0,1,4,2,1221,1111,3.0,5.0,2,3,35-44,9999,Yes,,1,1
2024,10020,MS,0030.0,0030103000.0,FHA:Purchase,Single Family (1-4 Units):Site-Built,Not Hispanic or Latino,White,Female,Loan originated,1,240000.0,86.0,5.40,0.30,1,12000.0,2800.0,1600.0,1.0,750.0,240,1,2,1,0,0,1,1,0,290000.0,Site-Built,Primary residence,NA,NA,4.0,1,50000.0,30.0,1,2,1,4,1,2,2.0,5.0,1,2,2,2213,1111,4.0,5.0,2,3,25-34,9999,Yes,,1,1
2024,10021,WI,0030.0,0030100001.0,FHA:Purchase,Single Family (1-4 Units):Site-Built,Hispanic or Latino,White,Male,Loan originated,1,310000.0,92.0,4.90,0.50,0,14000.0,2500.0,2300.0,1.0,1000.0,270,1,0,0,0,0,0,0,0,350000.0,Site-Built,Primary residence,NA,NA,5.0,1,62000.0,31.0,1,2,1,4,2,2,2.0,5.0,1,3,2,1113,1111,2.0,5.0,3,2,35-44,9999,Yes,,1,1
2024,10022,IN,0010.0,0010101000.0,Conventional:Purchase,Single Family (1-4 Units):Site-Built,Not Hispanic or Latino,White,Female,Loan originated,1,370000.0,88.0,5.50,0.25,0,18000.0,3400.0,2400.0,1.0,1000.0,360,1,0,1,0,0,0,1,0,440000.0,Site-Built,Primary residence,NA,NA,5.0,1,70000.0,32.0,2,3,1,5,2,4,1.0,6.0,1,2,1,1133,2222,3.0,5.0,3,2,35-44,9999,Yes,,1,1
2024,10023,KS,0050.0,0050104000.0,FHA:Purchase,Single Family (1-4 Units):Site-Built,Not Hispanic or Latino,White,Female,Loan originated,1,330000.0,91.0,5.60,0.30,0,17000.0,3300.0,2100.0,2.0,1200.0,240,0,1,1,0,0,1,1,0,390000.0,Site-Built,Primary residence,NA,NA,5.0,1,66000.0,34.0,1,1,1,5,1,3,1.0,5.0,1,4,1,1131,1111,2.0,5.0,1,2,55-64,9999,No,,1,1
2024,10024,OH,0030.0,0030105000.0,Conventional:Purchase,Single Family (1-4 Units):Site-Built,Not Hispanic or Latino,White,Male,Loan originated,1,300000.0,89.0,5.00,0.30,1,14000.0,3000.0,2600.0,1.0,1000.0,300,0,0,1,0,0,0,1,0,340000.0,Site-Built,Primary residence,NA,NA,4.0,2,75000.0,32.0,2,2,1,5,1,2,1.0,5.0,1,3,2,1211,1111,4.0,5.0,2,4,65-74,9999,Yes,,1,1
2024,10025,IL,0030.0,0030105001.0,FHA:Purchase,Single Family (1-4 Units):Site-Built,Not Hispanic or Latino,White,Female,Loan originated,1,310000.0,90.0,5.60,0.40,0,15000.0,2800.0,2100.0,3.0,800.0,240,1,0,1,0,0,0,0,0,350000.0,Site-Built,Primary residence,NA,NA,5.0,2,60000.0,31.0,1,1,1,4,1,3,1.0,4.0,1,2,2,1212,1111,5.0,5.0,2,3,55-64,9999,Yes,,1,1
2024,10026,MA,0030.0,0030101000.0,Conventional:Purchase,Single Family (1-4 Units):Site-Built,Hispanic or Latino,Mixed Race,Male,Loan originated,1,320000.0,85.0,5.25,0.20,1,17000.0,3400.0,2200.0,1.5,1200.0,360,0,1,1,0,0,0,1,0,370000.0,Site-Built,Primary residence,NA,NA,4.0,1,65000.0,32.0,4,3,1,5,1,3,3.0,5.0,1,3,1,1211,1111,6.0,5.0,1,4,35-44,9999,Yes,,1,1
2024,10027,TX,0030.0,0030100100.0,Conventional:Purchase,Single Family (1-4 Units):Site-Built,Not Hispanic or Latino,White,Male,Loan originated,1,300000.0,92.0,5.50,0.25,1,15000.0,2800.0,2400.0,1.0,900.0,300,1,2,1,0,0,0,0,0,350000.0,Site-Built,Primary residence,NA,NA,5.0,1,63000.0,35.0,1,2,1,5,2,2,2.0,5.0,1,2,1,3211,1111,4.0,5.0,1,3,55-64,9999,Yes,,1,1
2024,10028,CA,0130.0,0130106000.0,FHA:Purchase,Single Family (1-4 Units):Site-Built,Hispanic or Latino,Hispanic or Latino,Female,Loan originated,1,330000.0,90.0,6.30,0.50,0,16000.0,3000.0,2200.0,2.0,1000.0,240,1,2,1,0,0,0,1,0,370000.0,Site-Built,Primary residence,NA,NA,4.0,1,72000.0,34.0,2,5,1,4,1,2,2.0,5.0,1,2,1,3311,1111,3.0,5.0,3,4,25-34,9999,Yes,,1,1
2024,10029,VA,0030.0,0030104000.0,Conventional:Purchase,Single Family (1-4 Units):Site-Built,Not Hispanic or Latino,White,Male,Loan originated,1,290000.0,85.0,5.50,0.25,1,14000.0,2800.0,1900.0,1.0,1000.0,300,0,1,1,0,0,0,0,0,330000.0,Site-Built,Primary residence,NA,NA,5.0,1,63000.0,33.0,1,2,1,5,1,3,2.0,5.0,1,3,1,3111,1111,2.0,5.0,2,4,25-34,9999,Yes,,1,1
2024,10030,AR,0010.0,0010100000.0,FHA:Purchase,Single Family (1-4 Units):Site-Built,Not Hispanic or Latino,White,Female,Loan originated,1,305000.0,91.0,5.60,0.30,0,15000.0,3100.0,2400.0,2.0,1100.0,240,0,0,1,0,0,0,0,0,340000.0,Site-Built,Primary residence,NA,NA,4.0,1,60000.0,32.0,1,3,1,5,2,2,1.0,5.0,1,3,2,3211,1111,4.0,5.0,2,3,55-64,9999,No,,1,1
2024,10031,MD,0010.0,0010101000.0,Conventional:Purchase,Single Family (1-4 Units):Site-Built,Hispanic or Latino,Hispanic or Latino,Male,Loan originated,1,310000.0,88.0,4.90,0.30,0,15500.0,2800.0,2200.0,2.0,1000.0,270,2,1,1,0,0,0,1,0,370000.0,Site-Built,Primary residence,NA,NA,5.0,1,68000.0,33.0,1,2,1,5,1,3,1.0,5.0,1,3,1,3112,1111,5.0,5.0,2,3,25-34,9999,Yes,,1,1
2024,10032,RI,0050.0,0050105000.0,FHA:Purchase,Single Family (1-4 Units):Site-Built,Hispanic or Latino,White,Female,Loan originated,1,250000.0,88.0,5.80,0.50,0,13000.0,2600.0,1700.0,1.0,700.0,240,2,0,1,0,0,1,0,0,290000.0,Site-Built,Primary residence,NA,NA,5.0,1,50000.0,31.0,2,3,1,4,2,2,1.0,5.0,1,3,1,3111,1111,4.0,5.0,2,2,25-34,9999,Yes,,1,1
2024,10033,AZ,0030.0,0030102000.0,Conventional:Purchase,Single Family (1-4 Units):Site-Built,Not Hispanic or Latino,White,Male,Loan originated,1,320000.0,91.0,5.90,0.40,1,16000.0,3100.0,2300.0,2.0,950.0,300,1,2,1,0,0,0,1,0,350000.0,Site-Built,Primary residence,NA,NA,5.0,2,72000.0,32.0,1,2,1,5,1,4,1.0,6.0,1,2,1,3211,1111,3.0,5.0,2,3,25-34,9999,Yes,,1,1
2024,10034,VT,0010.0,0010100000.0,FHA:Purchase,Single Family (1-4 Units):Site-Built,Not Hispanic or Latino,White,Female,Loan originated,1,280000.0,88.0,5.2
2024,99999,NY,0610.0,0610500000.0,Conventional:First Lien,Single Family (1-4 Units):Site-Built,Hispanic or Latino,Black or African American,Male,Loan originated,1,30000.0,85.0,4.5,0.5,1,2000.0,300.0,100.0,1.0,200.0,180,,1,2,1,1,,1,1,1,1,2,3,40.0,50.0,1,1111,1111,1.0,5.0,1,1,1,1,1,1,1,1,1,1,40-50,9999,No,,1,1
2024,99999,CA,0730.0,0730500000.0,FHA:First Lien,Single Family (1-4 Units):Site-Built,Not Hispanic or Latino,White,Female,Loan originated,1,35000.0,75.0,3.75,0.25,0,1500.0,250.0,75.0,0.0,100.0,300,,2,2,1,1,,1,1,1,1,2,3,60.0,65.0,1,1111,1111,2.0,6.0,2,3,1,2,1,2,1,2,2,2,50-60,9999,No,,1,1
2024,99999,FL,0170.0,0170300000.0,VA:First Lien,Single Family (1-4 Units):Site-Built,Not Hispanic or Latino,Asian,Female,Loan originated,1,50000.0,90.0,4.0,0.25,0,1800.0,300.0,90.0,1.0,150.0,240,,1,2,1,1,,1,1,1,1,1,2,55.0,70.0,0,1111,1111,1.0,5.0,2,1,1,1,1,1,1,1,1,1,45-55,9999,Yes,,1,1
2024,99999,TX,1130.0,1130700000.0,Conventional:Subordinate Lien,Single Family (1-4 Units):Site-Built,Not Hispanic or Latino,Hispanic or Latino,Male,Loan originated,1,60000.0,70.0,4.25,0.35,1,2000.0,350.0,120.0,1.0,200.0,360,,2,2,1,1,,1,1,1,1,2,3,50.0,65.0,1,1111,1111,2.0,6.0,2,2,1,2,1,2,1,2,1,1,35-45,9999,Yes,,0,1
2024,99999,GA,0790.0,0790600000.0,Conventional:First Lien,Single Family (1-4 Units):Site-Built,Hispanic or Latino,White,Male,Loan originated,1,45000.0,80.0,3.87,0.12,0,1800.0,280.0,80.0,0.0,180.0,200,,1,1,1,1,,1,1,1,1,2,2,45.0,55.0,0,1111,1111,3.0,5.0,3,1,3,2,2,1,2,2,1,1,40-50,9999,Yes,,0,1
2024,99999,OH,0750.0,0750500000.0,FHA:Subordinate Lien,Single Family (1-4 Units):Site-Built,Not Hispanic or Latino,Black or African American,Female,Loan originated,1,30000.0,95.0,5.0,0.25,1,2200.0,380.0,110.0,2.0,180.0,360,,2,2,2,2,,1,1,1,1,1,2,38.0,45.0,1,1111,1111,2.0,6.0,2,3,2,2,1,1,1,2,1,2,35-45,9999,No,,1,1
2024,99999,IL,0390.0,0390300000.0,VA:First Lien,Single Family (1-4 Units):Site-Built,Hispanic or Latino,White,Male,Loan originated,1,28000.0,85.0,3.75,0.25,1,1900.0,330.0,95.0,1.0,170.0,240,,1,2,1,1,,1,1,1,2,1,2,32.0,50.0,0,1111,1111,3.0,5.0,2,4,3,1,2,2,2,1,2,1,25-35,9999,No,,1,0
2024,99999,NC,0110.0,0110400000.0,Conventional:First Lien,Single Family (1-4 Units):Site-Built,Not Hispanic or Latino,Asian,Female,Loan originated,1,80000.0,90.0,4.12,0.15,0,2100.0,400.0,120.0,1.0,210.0,360,,1,2,2,1,,1,1,1,1,2,1,70.0,75.0,2,1111,1111,2.0,5.0,2,2,1,2,1,1,1,1,1,2,40-50,9999,Yes,,0,1
2024,99999,WI,0310.0,0310800000.0,FHA:First Lien,Single Family (1-4 Units):Site-Built,Not Hispanic or Latino,Hispanic or Latino,Male,Loan originated,1,28000.0,85.0,3.5,0.35,1,1600.0,220.0,75.0,0.0,150.0,180,,1,2,1,1,,1,1,1,1,1,2,40.0,45.0,1,1111,1111,1.0,6.0,2,1,2,1,1,1,1,1,2,1,30-40,9999,No,,1,1
2024,99999,MA,0150.0,0150700000.0,Conventional:Subordinate Lien,Single Family (1-4 Units):Site-Built,Not Hispanic or Latino,Other,Unknown,Loan originated,1,40000.0,76.0,3.62,0.25,0,1800.0,290.0,85.0,1.0,180.0,180,,1,1,1,1,,1,1,1,1,1,2,52.0,58.0,0,1111,1111,1.0,7.0,2,1,1,1,2,1,1,2,2,1,45-55,9999,No,,0,1
2024,99999,WA,0230.0,0230300000.0,VA:Subordinate Lien,Single Family (1-4 Units):Site-Built,Hispanic or Latino,White,Female,Loan originated,1,35000.0,83.0,4.5,0.5,0,2000.0,300.0,90.0,1.0,180.0,360,,2,2,1,1,,1,1,1,1,2,2,49.0,55.0,0,1111,1111,3.0,5.0,2,1,2,2,1,2,1,1,2,1,40-50,9999,No,,1,1
2024,99999,MD,0010.0,0010100000.0,Conventional:First Lien,Single Family (1-4 Units):Site-Built,Not Hispanic or Latino,White,Male,Loan originated,1,33000.0,45.0,3.25,0.25,0,1500.0,200.0,80.0,0.0,150.0,150,,1,1,1,2,,1,1,1,1,2,2,36.0,45.0,1,1111,1111,1.0,5.0,2,1,1,1,1,1,2,1,1,1,22-32,9999,No,,1,1
2024,99999,AZ,0030.0,0030500000.0,FHA:First Lien,Single Family (1-4 Units):Site-Built,Hispanic or Latino,Hispanic or Latino,Female,Loan originated,1,30000.0,100.0,4.0,0.5,0,1900.0,330.0,80.0,1.0,180.0,360,,2,2,2,2,,1,1,1,2,1,2,42.0,50.0,1,1111,1111,1.0,6.0,3,1,2,1,2,1,1,1,2,2,35-45,9999,Yes,,0,1
2024,99999,CO,0330.0,0330300000.0,Conventional:First Lien,Single Family (1-4 Units):Site-Built,Not Hispanic or Latino,Black or African American,Male,Loan originated,1,42000.0,92.0,4.62,0.25,0,1800.0,310.0,70.0,1.0,170.0,300,,1,2,1,1,,1,1,1,1,1,2,44.0,70.0,1,1111,1111,1.0,6.0,2,1,1,2,2,1,1,2,1,2,30-40,9999,Yes,,1,0
2024,99999,VA,0830.0,0830500000.0,FHA:First Lien,Single Family (1-4 Units):Site-Built,Not Hispanic or Latino,White,Male,Loan originated,1,48000.0,88.0,3.75,0.12,1,3100.0,410.0,140.0,2.0,180.0,180,,1,1,2,2,,1,1,1,1,2,1,45.0,51.0,0,1111,1111,2.0,6.0,2,2,1,1,1,1,1,1,2,1,45-55,9999,Yes,,0,1
2024,99999,PA,0600.0,0600300000.0,VA:Subordinate Lien,Single Family (1-4 Units):Site-Built,Not Hispanic or Latino,White,Male,Loan originated,1,24000.0,69.0,5.12,0.35,1,2100.0,300.0,95.0,1.0,160.0,360,,2,2,1,1,,1,1,1,1,2,2,28.0,36.0,0,1111,1111,1.0,8.0,2,4,1,1,1,1,1,1,1,1,25-35,9999,Yes,,1,1
2024,99999,OR,0770.0,0770300000.0,Conventional:First Lien,Single Family (1-4 Units):Site-Built,Not Hispanic or Latino,White,Male,Loan originated,1,36000.0,85.0,3.75,0.25,0,2100.0,370.0,90.0,1.0,180.0,300,,1,2,2,2,,1,1,1,1,2,1,56.0,66.0,0,1111,1111,1.0,7.0,1,2,1,2,2,1,1,1,2,2,50-60,9999,Yes,,1,1
2024,99999,NJ,0330.0,0330300000.0,FHA:Subordinate Lien,Single Family (1-4 Units):Site-Built,Hispanic or Latino,White,Male,Loan originated,1,19000.0,61.0,3.12,0.25,1,2200.0,350.0,100.0,0.0,180.0,240,,2,2,1,2,,1,1,1,1,1,2,53.0,51.0,0,1111,1111,2.0,5.0,2,1,1,1,2,2,2,1,1,1,60-70,9999,No,,1,1
2024,99999,RI,0470.0,0470300000.0,Conventional:First Lien,Single Family (1-4 Units):Site-Built,Not Hispanic or Latino,White,Female,Loan originated,1,38000.0,72.0,3.5,0.25,0,1900.0,300.0,75.0,0.0,160.0,300,,1,1,1,1,,1,1,1,1,2,1,40.0,50.0,0,1111,1111,1.0,5.0,2,2,2,1,1,2,1,1,1,1,30-40,9999,No,,1,0
2024,99999,ME,0310.0,0310300000.0,FHA:First Lien,Single Family (1-4 Units):Site-Built,Not Hispanic or Latino,White,Male,Loan originated,1,50000.0,87.0,3.75,0.25,1,2200.0,370.0,90.0,2.0,190.0,300,,1,2,2,2,,1,1,1,1,2,1,34.0,50.0,0,1111,1111,1.0,5.0,3,2,3,1,3,1,3,2,2,1,35-45,9999,Yes,,1,1
2024,99999,MI,0910.0,0910300000.0,Conventional:Subordinate Lien,Single Family (1-4 Units):Site-Built,Not Hispanic or Latino,White,Female,Loan originated,1,55000.0,82.0,4.0,0.5,0,2300.0,350.0,95.0,1.0,190.0,360,,1,1,2,2,,1,1,1,2,1,1,36.0,46.0,1,1111,1111,1.0,5.0,1,2,2,1,1,1,2,1,2,1,30-40,9999,Yes,,0,1
2024,99999,SC,0330.0,0330300000.0,FHA:First Lien,Single Family (1-4 Units):Site-Built,Not Hispanic or Latino,American Indian or Alaska Native,Male,Loan originated,1,34000.0,75.0,4.0,0.35,1,2050.0,280.0,85.0,2.0,180.0,240,,2,2,1,1,,1,1,1,1,1,1,42.0,56.0,1,1111,1111,0.0,5.0,2,1,1,1,1,1,2,1,1,2,20-30,9999,No,,0,1
2024,99999,KY,0670.0,0670100000.0,VA:First Lien,Single Family (1-4 Units):Site-Built,Not Hispanic or Latino,Hispanic or Latino,Male,Loan originated,1,40000.0,83.0,3.5,0.25,0,2100.0,275.0,90.0,1.0,180.0,300,,1,2,2,2,,1,1,1,1,1,2,38.0,41.0,1,1111,1111,1.0,5.0,2,1,1,1,1,1,1,1,1,1,40-50,9999,No,,1,1
2024,99999,IN,0530.0,0530500000.0,Conventional:First Lien,Single Family (1-4 Units):Site-Built,Not Hispanic or Latino,White,Female,Loan originated,1,29000.0,85.0,3.5,0.25,0,1800.0,250.0,120.0,1.0,160.0,300,,1,2,1,1,,1,1,1,2,2,2,43.0,54.0,1,1111,1111,1.0,7.0,2,2,2,2,1,1,2,1,2,1,30-40,9999,No,,1,1
2024,99999,NE,0350.0,0350300000.0,FHA:First Lien,Single Family (1-4 Units):Site-Built,Hispanic or Latino,White,Female,Loan originated,1,37000.0,95.0,4.5,0.35,1,2100.0,305.0,70.0,1.0,170.0,360,,1,2,1,1,,1,1,1,1,2,2,33.0,45.0,0,1111,1111,1.0,6.0,2,2,2,2,1,2,1,1,1,1,35-45,9999,Yes,,1,0
2024,99999,WV,0850.0,0850300000.0,VA:First Lien,Single Family (1-4 Units):Site-Built,Not Hispanic or Latino,White,Female,Loan originated,1,22000.0,63.0,3.25,0.25,0,1700.0,310.0,60.0,1.0,130.0,240,,1,1,2,2,,1,1,1,1,2,2,25.0,26.0,1,1111,1111,1.0,5.0,2,2,2,1,2,1,1,2,2,1,25-35,9999,Yes,,0,1
2024,99999,MS,0330.0,0330200000.0,Jumbo:First Lien,Single Family (1-4 Units):Site-Built,Not Hispanic or Latino,White,Male,Loan originated,1,30000.0,65.0,4.25,0.5,1,2000.0,350.0,95.0,2.0,160.0,240,,1,2,2,1,,1,1,1,1,2,2,45.0,50.0,1,1111,1111,1.0,5.0,3,1,3,1,2,2,1,1,1,1,35-45,9999,No,,1,1
2024,99999,ND,0510.0,0510700000.0,Conventional:First Lien,Single Family (1-4 Units):Site-Built,Not Hispanic or Latino,White,Female,Loan originated,1,38000.0,85.0,3.0,0.12,0,2200.0,320.0,80.0,1.0,190.0,240,,1,2,1,2,,1,1,1,1,2,1,32.0,41.0,1,1111,1111,1.0,5.0,3,1,2,2,2,1,2,1,1,1,30-40,9999,Yes,,0,1
2024,99999,ID,0530.0,0530700000.0,FHA:First Lien,Single Family (1-4 Units):Site-Built,Hispanic or Latino,White,Male,Loan originated,1,59000.0,83.0,5.0,0.25,1,3400.0,480.0,180.0,2.0,230.0,300,,1,1,1,1,,1,1,1,1,1,2,30.0,42.0,0,1111,1111,1.0,7.0,1,2,2,2,2,2,2,2,2,1,25-35,9999,Yes,,1,1
2024,99999,AK,0030.0,0030300000.0,Conventional:First Lien,Single Family (1-4 Units):Site-Built,Not Hispanic or Latino,White,Male,Loan originated,1,25000.0,90.0,4.12,0.35,0,1900.0,330.0,90.0,1.0,160.0,240,,2,2,2,2,,1,1,1,1,1,2,39.0,52.0,0,1111,1111,1.0,7.0,2,2,1,2,1,1,1,1,2,2,20-30,9999,No,,1,1
2024,99999,MT,0210.0,0210700000.0,FHA:First Lien,Single Family (1-4 Units):Site-Built,Not Hispanic or Latino,White,Female,Loan originated,1,42000.0,90.0,4.5,0.12,1,2100.0,360.0,90.0,1.0,190.0,300,,2,2,1,1,,1,1,1,1,1,2,28.0,40.0,1,1111,1111,2.0,5.0,1,2,1,1,1,1,2,1,1,1,25-35,9999,No,,1,0
2024,99999,SD,0030.0,0030700000.0,VA:First Lien,Single Family (1-4 Units):Site-Built,Not Hispanic or Latino,Hispanic or Latino,Male,Loan originated,1,33000.0,83.0,5.0,0.25,1,2100.0,340.0,90.0,2.0,170.0,360,,2,2,1,1,,1,1,1,1,2,2,37.0,43.0,0,1111,1111,1.0,6.0,1,1,2,2,1,1,1,1,1,1,40-50,9999,No,,1,1
2024,99999,UT,0190.0,0190300000.0,Conventional:Subordinate Lien,Single Family (1-4 Units):Site-Built,Not Hispanic or Latino,White,Male,Loan originated,1,30000.0,62.0,3.5,0.25,0,1700.0,270.0,90.0,1.0,180.0,180,,2,2,1,1,,1,1,1,1,2,2,46.0,48.0,1,1111,1111,1.0,5.0,1,1,1,1,1,1,2,1,1,1,40-50,9999,No,,1,1
2024,99999,VT,0270.0,0270500000.0,FHA:First Lien,Single Family (1-4 Units):Site-Built,Not Hispanic or Latino,White,Female,Loan originated,1,32000.0,77.0,3.75,0.25,0,1600.0,220.0,100.0,1.0,150.0,300,,1,1,1,1,,1,1,1,1,2,2,35.0,34.0,0,1111,1111,1.0,5.0,1,1,1,1,2,1,1,2,1,1,30-40,9999,Yes,,1,0
2024,99999,NH,0030.0,0030100000.0,Jumbo:First Lien,Single Family (1-4 Units):Site-Built,Not Hispanic or Latino,White,Male,Loan originated,1,28000.0,92.0,4.12,0.12,0,1900.0,330.0,85.0,1.0,170.0,360,,1,2,1,2,,1,1,1,1,1,2,31.0,36.0,0,1111,1111,1.0,6.0,2,1,2,1,1,1,1,2,2,1,30-40,9999,No,,1,1
2024,99999,TN,0930.0,0930500000.0,Conventional:First Lien,Single Family (1-4 Units):Site-Built,Hispanic or Latino,White,Male,Loan originated,1,40000.0,87.0,4.12,0.35,0,2200.0,350.0,90.0,1.0,180.0,360,,2,2,1,2,,1,1,1,1,1,2,32.0,42.0,0,1111,1111,3.0,5.0,2,2,1,1,1,1,2,1,1,2,35-45,9999,No,,1,1
2024,99999,AL,0130.0,0130300000.0,Conventional:Subordinate Lien,Single Family (1-4 Units):Site-Built,Not Hispanic or Latino,White,Female,Loan originated,1,39000.0,81.0,3.62,0.12,1,2100.0,310.0,90.0,0.0,190.0,300,,2,2,2,1,,1,1,1,1,1,2,44.0,52.0,0,1111,1111,1.0,5.0,3,1,1,1,1,1,1,1,2,2,45-55,9999,Yes,,1,1
2024,99999,MO,0790.0,0790700000.0,FHA:First Lien,Single Family (1-4 Units):Site-Built,Hispanic or Latino,White,Male,Loan originated,1,42000.0,91.0,4.37,0.25,0,2300.0,310.0,95.0,1.0,180.0,360,,2,2,1,1,,1,1,1,1,2,1,35.0,40.0,0,1111,1111,2.0,7.0,2,2,1,1,2,2,2,2,2,1,35-45,9999,Yes,,1,0
2024,99999,OR,0250.0,0250700000.0,VA:First Lien,Single Family (1-4 Units):Site-Built,Not Hispanic or Latino,White,Female,Loan originated,1,55000.0,90.0,3.75,0.75,0,2400.0,375.0,120.0,1.0,190.0,360,,1,2,1,2,,1,1,1,1,2,2,40.0,48.0,0,1111,1111,1.0,5.0,2,1,2,2,2,2,1,1,2,1,35-45,9999,Yes,,1,0
2024,99999,KS,0670.0,0670100000.0,Conventional:First Lien
2024,99999,CT,9150.0,9150708100.0,Conventional:Subordinate Lien,Single Family (1-4 Units):Site-Built,Not Hispanic or Latino,White,Male,File closed for incompleteness,32,25000.0,,,,3,,,,,,240,,,2,2,2,2,,1,1,3,5,1,,96.0,,1111,1111,2.0,5.0,2,4,5.0,8.0,2,4,1,5,2,4,65-74,9999,Yes,,1,1
2024,12345,CA,1100.0,1100100100.0,FHA:Purchase,Single Family (1-4 Units):Site-Built,Hispanic or Latino,Hispanic or Latino,Male,Loan origination,1,150000.0,75.0,4.25,2.5,1,4250.0,425.0,2500.0,2.0,1250.0,360,0,0,2,1,1,1,1,1,1,1,1,1,1,1,1,1,1,1,1,1,1,1,1,1,1,1,1,1,1,1,1,1,1,1,1,65,65,No,,1,2,10,10,2,1
2024,23456,NY,3600.0,360010200.0,VA:Purchase,Single Family (1-4 Units):Site-Built,Not Hispanic or Latino,White,Male,Loan approved,1,300000.0,80.0,3.75,2.2,1,6000.0,600.0,3000.0,1.5,1200.0,360,0,0,0,0,0,0,0,0,0,0,0,0,0,0,0,0,0,0,0,0,0,0,0,0,0,0,0,0,0,0,0,0,0,0,0,0,0,0,0,0,0,0,0
2024,34567,TX,4800.0,4800100100.0,Conventional:Purchase,Single Family (1-4 Units):Site-Built,Not Hispanic or Latino,Black,Male,Denial of loan application,3,450000.0,92.0,4.5,3.0,3,5000.0,500.0,2000.0,1.0,1000.0,360,0,0,1,1,1,1,1,1,1,1,0,0,0,0,1,0,0,1,0,0,0,0,0,0,0,1,0,1,0,0,1,0,0,0,0,0,1,0
2024,45678,WA,5300.0,530010000.0,FHA:Purchase,Single Family (1-4 Units):Site-Built,Hispanic or Latino,Hispanic or Latino,Female,Decision not yet made,1,275000.0,80.0,4.1,2.6,1,4500.0,450.0,2250.0,1.2,900.0,300,0,0,0,0,0,0,0,0,0,0,0,0,0,0,0,0,0,0,0,0,0,0,0,0,0,0,0,0,0,0,0,0,0,0,0,0,0,0,0,0,0,0
2024,56789,FL,1200.0,120010000.0,VA:Refinance,Single Family (1-4 Units):Site-Built,Not Hispanic or Latino,White,Male,Loan origination,1,400000.0,85.0,3.9,2.3,0,3000.0,300.0,1500.0,0.8,600.0,360,0,0,0,0,0,0,0,0,0,0,0,0,0,0,0,0,0,0,0,0,0,0,0,0,0,0,0,0,0,0,0,0,0,0,0,0,0,0,0,0,0,0
2024,67890,IL,1700.0,1700100010.0,USDA-RHS:Purchase,Single Family (1-4 Units):Site-Built,Not Hispanic or Latino,White,Female,Preapproval request received,2,320000.0,90.0,3.8,2.1,1,5500.0,550.0,2750.0,1.0,1100.0,300,0,0,1,1,1,1,1,1,1,1,0,0,0,0,1,0,0,1,0,0,0,0,0,0,0,1,0,1,0,0,1,0,0,0,0,0,1,0
2024,78901,GA,1301.0,130110100.0,FHA:Purchase,Single Family (1-4 Units):Site-Built,Not Hispanic or Latino,Asian,Male,Loan approved,4,225000.0,80.0,4.0,2.1,1,5000.0,500.0,2500.0,1.5,550.0,360,0,0,0,0,0,0,0,0,0,0,0,0,0,0,0,0,0,0,0,0,0,0,0,0,0,0,0,0,0,0,0,0,0,0,0,0,0,0,0,0,0,0
2024,89012,OH,3901.0,390110000.0,Conventional:Purchase,Single Family (1-4 Units):Site-Built,Not Hispanic or Latino,White,Male,Denial of loan application,3,350000.0,85.0,4.3,2.8,1,6500.0,650.0,3250.0,2.0,750.0,360,0,0,0,0,0,0,0,0,0,0,0,0,0,0,0,0,0,0,0,0,0,0,0,0,0,0,0,0,0,0,0,0,0,0,0,0,0,0,0,0,0,0
2024,90123,PA,4201.0,420110000.0,VA:Refinance,Single Family (1-4 Units):Site-Built,Not Hispanic or Latino,Black,Male,Loan approved,1,425000.0,80.0,3.9,2.1,1,5000.0,500.0,2500.0,1.2,600.0,360,0,0,0,0,0,0,0,0,0,0,0,0,0,0,0,0,0,0,0,0,0,0,0,0,0,0,0,0,0,0,0,0,0,0,0,0,0,0,0,0,0,0
2024,10234,MA,2501.0,250110010.0,Conventional:Purchase,Single Family (1-4 Units):Site-Built,Hispanic or Latino,Hispanic or Latino,Female,Preapproval request received,3,300000.0,75.0,4.25,2.5,1,5500.0,550.0,2750.0,1.5,500.0,300,0,0,0,0,0,0,0,0,0,0,0,0,0,0,0,0,0,0,0,0,0,0,0,0,0,0,0,0,0,0,0,0,0,0,0,0,0,0,0,0,0,0
2024,20345,MI,2601.0,260110000.0,FHA:Purchase,Single Family (1-4 Units):Site-Built,Not Hispanic or Latino,White,Female,Loan approved,2,275000.0,80.0,3.8,2.1,1,5000.0,500.0,2500.0,1.0,600.0,300,0,0,0,0,0,0,0,0,0,0,0,0,0,0,0,0,0,0,0,0,0,0,0,0,0,0,0,0,0,0,0,0,0,0,0,0,0,0,0,0,0,0
2024,30456,NJ,3401.0,340110001.0,VA:Refinance,Single Family (1-4 Units):Site-Built,Not Hispanic or Latino,White,Male,Decision not yet made,1,450000.0,90.0,4.1,2.5,1,6200.0,620.0,3100.0,1.8,700.0,360,0,0,0,0,0,0,0,0,0,0,0,0,0,0,0,0,0,0,0,0,0,0,0,0,0,0,0,0,0,0,0,0,0,0,0,0,0,0,0,0,0,0
2024,40567,MN,2701.0,270110000.0,USDA-RHS:Purchase,Single Family (1-4 Units):Site-Built,Not Hispanic or Latino,White,Female,Preapproval request received,1,340000.0,80.0,3.95,2.2,1,6000.0,600.0,3000.0,1.5,600.0,360,0,0,1,1,1,1,1,1,1,1,0,0,0,0,1,0,0,1,0,0,0,0,0,0,0,1,0,1,0,0,1,0,0,0,0,0,1,0
2024,50678,NC,3700.0,3700100000.0,Conventional:Purchase,Single Family (1-4 Units):Site-Built,Not Hispanic or Latino,Black,Female,Denial of loan application,3,420000.0,90.0,4.5,3.0,1,5800.0,580.0,2900.0,2.0,650.0,360,0,0,0,0,0,0,0,0,0,0,0,0,0,0,0,0,0,0,0,0,0,0,0,0,0,0,0,0,0,0,0,0,0,0,0,0,0,0,0,0,0,0
2024,60789,SC,4500.0,450010010.0,Conventional:Purchase,Single Family (1-4 Units):Site-Built,Not Hispanic or Latino,White,Male,Decision not yet made,2,250000.0,75.0,3.75,2.2,0,4500.0,450.0,2250.0,1.2,500.0,300,0,0,0,0,0,0,0,0,0,0,0,0,0,0,0,0,0,0,0,0,0,0,0,0,0,0,0,0,0,0,0,0,0,0,0,0,0,0,0,0,0,0
2024,70890,RI,4400.0,440010000.0,FHA:Purchase,Single Family (1-4 Units):Site-Built,Not Hispanic or Latino,White,Male,Loan origination,1,500000.0,85.0,3.8,2.4,1,5800.0,580.0,2900.0,1.5,650.0,360,0,0,1,1,1,1,1,1,1,1,0,0,0,0,1,0,0,1,0,0,0,0,0,0,0,1,0,1,0,0,1,0,0,0,0,0,1,0
2024,80901,MD,2401.0,240110010.0,Conventional:Purchase,Single Family (1-4 Units):Site-Built,Not Hispanic or Latino,White,Female,Loan approved,1,300000.0,80.0,3.9,2.1,1,5200.0,520.0,2600.0,1.2,600.0,360,0,0,0,0,0,0,0,0,0,0,0,0,0,0,0,0,0,0,0,0,0,0,0,0,0,0,0,0,0,0,0,0,0,0,0,0,0,0,0,0,0,0
2024,90102,AL,1000.0,100010000.0,VA:Refinance,Single Family (1-4 Units):Site-Built,Not Hispanic or Latino,White,Male,Loan origination,4,400000.0,85.0,4.25,2.5,1,5500.0,550.0,2750.0,2.0,600.0,360,0,0,1,1,1,1,1,1,1,1,0,0,0,0,1,0,0,1,0,0,0,0,0,0,0,1,0,1,0,0,1,0,0,0,0,0,1,0
2024,11203,CO,0601.0,060110000.0,Conventional:Purchase,Single Family (1-4 Units):Site-Built,Hispanic or Latino,Hispanic or Latino,Male,Loan approved,4,275000.0,80.0,4.0,2.3,1,5000.0,500.0,2500.0,2.0,700.0,360,0,0,0,0,0,0,0,0,0,0,0,0,0,0,0,0,0,0,0,0,0,0,0,0,0,0,0,0,0,0,0,0,0,0,0,0,0,0,0,0,0,0
2024,22304,DC,1100.0,110010010.0,FHA:Purchase,Single Family (1-4 Units):Site-Built,Hispanic or Latino,Hispanic or Latino,Female,Denial of loan application,3,375000.0,85.0,4.25,2.7,1,5600.0,560.0,2800.0,1.5,600.0,360,0,0,0,0,0,0,0,0,0,0,0,0,0,0,0,0,0,0,0,0,0,0,0,0,0,0,0,0,0,0,0,0,0,0,0,0,0,0,0,0,0,0
2024,33405,VT,5000.0,500010010.0,VA:Refinance,Single Family (1-4 Units):Site-Built,Not Hispanic or Latino,White,Male,Decision not yet made,2,350000.0,80.0,3.9,2.2,1,5200.0,520.0,2600.0,1.5,600.0,360,0,0,0,0,0,0,0,0,0,0,0,0,0,0,0,0,0,0,0,0,0,0,0,0,0,0,0,0,0,0,0,0,0,0,0,0,0,0,0,0,0,0
2024,44506,NH,3300.0,330010000.0,FHA:Purchase,Single Family (1-4 Units):Site-Built,Not Hispanic or Latino,White,Male,Loan approved,1,325000.0,75.0,4.0,2.2,1,4800.0,480.0,2400.0,1.0,550.0,360,0,0,0,0,0,0,0,0,0,0,0,0,0,0,0,0,0,0,0,0,0,0,0,0,0,0,0,0,0,0,0,0,0,0,0,0,0,0,0,0,0,0
2024,55607,VA,5100.0,510010010.0,Conventional:Purchase,Single Family (1-4 Units):Site-Built,Not Hispanic or Latino,White,Male,Loan origination,3,275000.0,80.0,4.25,2.5,0,4500.0,450.0,2250.0,1.2,500.0,300,0,0,2,2,2,2,2,2,2,2,0,0,0,0,0,0,0,1,0,0,0,0,0,0,0,1,1,0,1,0,1,0,0,0,0,0,1,0
2024,66708,HI,1500.0,150010000.0,USDA-RHS:Purchase,Single Family (1-4 Units):Site-Built,Not Hispanic or Latino,White,Male,Loan approved,1,500000.0,85.0,3.8,2.1,1,5800.0,580.0,2900.0,1.6,600.0,360,0,0,0,0,0,0,0,0,0,0,0,0,0,0,0,0,0,0,0,0,0,0,0,0,0,0,0,0,0,0,0,0,0,0,0,0,0,0,0,0,0,0
2024,77809,IN,1800.0,1800100000.0,FHA:Purchase,Single Family (1-4 Units):Site-Built,Hispanic or Latino,Hispanic or Latino,Female,Loan origination,1,375000.0,80.0,4.1,2.9,1,5200.0,520.0,2600.0,1.5,500.0,360,0,0,0,0,0,0,0,0,0,0,0,0,0,0,0,0,0,0,0,0,0,0,0,0,0,0,0,0,0,0,0,0,0,0,0,0,0,0,0,0,0,0
2024,88910,ME,2300.0,230010000.0,VA:Refinance,Single Family (1-4 Units):Site-Built,Not Hispanic or Latino,White,Male,Decision not yet made,1,325000.0,80.0,3.9,2.2,1,6000.0,600.0,3000.0,1.2,600.0,360,0,0,0,0,0,0,0,0,0,0,0,0,0,0,0,0,0,0,0,0,0,0,0,0,0,0,0,0,0,0,0,0,0,0,0,0,0,0,0,0,0,0
2024,99011,OR,4100.0,410010000.0,Conventional:Purchase,Single Family (1-4 Units):Site-Built,Not Hispanic or Latino,White,Male,Denial of loan application,3,300000.0,85.0,4.5,3.0,1,5000.0,500.0,2500.0,2.0,650.0,360,0,0,0,0,0,0,0,0,0,0,0,0,0,0,0,0,0,0,0,0,0,0,0,0,0,0,0,0,0,0,0,0,0,0,0,0,0,0,0,0,0,0
2024,10222,KY,2100.0,210010010.0,FHA:Purchase,Single Family (1-4 Units):Site-Built,Not Hispanic or Latino,White,Male,Loan origination,1,425000.0,85.0,4.0,2.5,1,5800.0,580.0,2900.0,1.5,650.0,360,0,0,1,1,1,1,1,1,1,1,0,0,0,0,1,0,0,1,0,0,0,0,0,0,0,1,0,1,0,0,1,0,0,0,0,0,1,0
2024,21333,NE,3100.0,3100100000.0,VA:Refinance,Single Family (1-4 Units):Site-Built,Not Hispanic or Latino,White,Female,Decision not yet made,1,350000.0,80.0,4.1,2.3,1,5200.0,520.0,2600.0,1.2,600.0,360,0,0,0,0,0,0,0,0,0,0,0,0,0,0,0,0,0,0,0,0,0,0,0,0,0,0,0,0,0,0,0,0,0,0,0,0,0,0,0,0,0,0
2024,32444,WI,5500.0,550010000.0,Conventional:Purchase,Single Family (1-4 Units):Site-Built,Not Hispanic or Latino,White,Male,Loan approved,2,375000.0,85.0,3.8,2.1,1,5800.0,580.0,2900.0,1.6,600.0,360,0,0,0,0,0,0,0,0,0,0,0,0,0,0,0,0,0,0,0,0,0,0,0,0,0,0,0,0,0,0,0,0,0,0,0,0,0,0,0,0,0,0
2024,43555,OK,4000.0,400010000.0,FHA:Purchase,Single Family (1-4 Units):Site-Built,Not Hispanic or Latino,White,Female,Seller not proceeding,1,400000.0,80.0,4.3,2.6,1,5600.0,560.0,2800.0,1.5,550.0,360,0,0,0,0,0,0,0,0,0,0,0,0,0,0,0,0,0,0,0,0,0,0,0,0,0,0,0,0,0,0,0,0,0,0,0,0,0,0,0,0,0,0
2024,54666,NV,3201.0,320110000.0,Conventional:Purchase,Single Family (1-4 Units):Site-Built,Hispanic or Latino,Hispanic or Latino,Male,Loan approved,1,500000.0,85.0,3.8,2.4,1,5400.0,540.0,2700.0,2.0,600.0,360,0,0,0,0,0,0,0,0,0,0,0,0,0,0,0,0,0,0,0,0,0,0,0,0,0,0,0,0,0,0,0,0,0,0,0,0,0,0,0,0,0,0
2024,65777,DE,1001.0,100110000.0,FHA:Purchase,Single Family (1-4 Units):Site-Built,Not Hispanic or Latino,White,Male,Loan approved,2,275000.0,75.0,4.25,2.3,1,5500.0,550.0,2750.0,1.5,500.0,360,0,0,1,1,1,1,1,1,1,1,0,0,0,0,1,0,0,1,0,0,0,0,0,0,0,1,0,1,0,0,1,0,0,0,0,0,1,0
2024,76888,AR,0501.0,050110000.0,Conventional:Purchase,Single Family (1-4 Units):Site-Built,Not Hispanic or Latino,White,Female,Decision not yet made,3,300000.0,80.0,3.9,2.2,1,5200.0,520.0,2600.0,1.0,600.0,360,0,0,0,0,0,0,0,0,0,0,0,0,0,0,0,0,0,0,0,0,0,0,0,0,0,0,0,0,0,0,0,0,0,0,0,0,0,0,0,0,0,0
2024,87999,UT,4900.0,490010000.0,VA:Refinance,Single Family (1-4 Units):Site-Built,Not Hispanic or Latino,White,Male,Loan origination,1,350000.0,80.0,4.1,2.3,1,6500.0,650.0,3250.0,2.0,700.0,360,0,0,0,0,0,0,0,0,0,0,0,0,0,0,0,0,0,0,0,0,0,0,0,0,0,0,0,0,0,0,0,0,0,0,0,0,0,0,0,0,0,0
2024,98000,ID,1601.0,160110000.0,FHA:Purchase,Single Family (1-4 Units):Site-Built,Not Hispanic or Latino,White,Male,Loan approved,1,250000.0,75.0,4.0,2.3,1,4800.0,480.0,2400.0,1.2,550.0,360,0,0,0,0,0,0,0,0,0,0,0,0,0,0,0,0,0,0,0,0,0,0,0,0,0,0,0,0,0,0,0,0,0,0,0,0,0,0,0,0,0,0
2024,10010,NM,3501.0,350110000.0,Conventional:Purchase,Single Family (1-4 Units):Site-Built,Not Hispanic or Latino,White,Male,Loan origination,3,275000.0,75.0,3.9,2.1,1,4800.0,480.0,2400.0,1.5,600.0,360,0,0,0,0,0,0,0,0,0,0,0,0,0,0,0,0,0,0,0,0,0,0,0,0,0,0,0,0,0,0,0,0,0,0,0,0,0,0,0,0,0,0
2024,20020,MT,3000.0,300010000.0,FHA:Purchase,Single Family (1-4 Units):Site-Built,Not Hispanic or Latino,White,Female,Denial of loan application,3,325000.0,80.0,4.4,2.8,1,5500.0,550.0,2750.0,1.8,650.0,360,0,0,0,0,0,0,0,0,0,0,0,0,0,0,0,0,0,0,0,0,0,0,0,0,0,0,0,0,0,0,0,0,0,0,0,0,0,0,0,0,0,0
2024,30030,ND,3800.0,380010000.0,VA:Refinance,Single Family (1-4 Units):Site-Built,Not Hispanic or Latino,White,Male,Loan approved,1,450000.0,80.0,4.25,2.5,1,5000.0,500.0,2500.0,1.5,600.0,360,0,0,1,1,1,1,1,1,1,1,0,0,0,0,1,0,0,1,0,0,0,0,0,0,0,1,0,1,0,0,1,0,0,0,0,0,1,0
2024,40040,SD
2024,10001,CA,11001.0,11001000100.0,Conventional:First Lien,Single Family (1-4 Units):Site-Built,Hispanic or Latino,White,Male,Approved for loan,Refinancing,475000.0,80.0,6.25,0.0,,0,8000.0,8000.0,1500.0,500.0,2000.0,360,1,36,0,0,0,0,1200000.0,Site-Built,Primary,0,0,1,0,1,45,80,1,1,1,1,,,1,1,1,1,1,1,1,1,25,28,0,0,1,1
2024,10019,NY,36047.0,36047015300.0,FHA:First Lien,Single Family (1-4 Units):Site-Built,Not Hispanic or Latino,Black,Female,Approved for loan,Purchase,320000.0,80.0,4.75,1.25,2,4500.0,4500.0,800.0,750.0,1250.0,360,0,0,0,0,0,0,650000.0,Site-Built,Primary,0,0,1,0,1,35,75,1,1,1,1,,,1,1,1,1,1,1,1,1,35,39,0,0,1,1
2024,10035,FL,12001.0,12001000100.0,VA:First Lien,Single Family (1-4 Units):Site-Built,Not Hispanic or Latino,Asian,Male,Approved for loan,Purchase,550000.0,90.0,5.25,0.75,1,7500.0,7500.0,1500.0,1000.0,2000.0,360,0,0,0,0,0,0,1000000.0,Site-Built,Primary,0,0,1,0,1,40,80,1,1,1,1,,,1,1,1,1,1,1,1,1,48,50,0,0,1,1
2024,10075,IL,17031.0,17031000200.0,Conventional:First Lien,Single Family (1-4 Units):Site-Built,Not Hispanic or Latino,White,Female,Denied for loan,Purchase,325000.0,85.0,4.85,0.0,1,4000.0,4000.0,800.0,0.0,1200.0,360,0,0,0,0,0,0,700000.0,Site-Built,Primary,0,0,1,0,1,38,85,1,1,1,1,,,1,1,1,1,1,1,1,1,35,40,0,0,1,1
2024,10115,OH,39005.0,39005005100.0,FHA:First Lien,Single Family (1-4 Units):Site-Built,Not Hispanic or Latino,White,Male,Approved for loan,Purchase,250000.0,80.0,3.25,0.50,1,3000.0,3000.0,500.0,300.0,1200.0,360,0,0,0,0,0,0,450000.0,Site-Built,Primary,0,0,1,0,1,40,60,1,1,1,1,,,1,1,1,1,1,1,1,1,30,33,0,0,1,1
2024,10165,NC,37027.0,37027000100.0,USDA:First Lien,Single Family (1-4 Units):Site-Built,Not Hispanic or Latino,White,Male,Loan originated,Purchase,300000.0,85.0,2.50,0.25,1,2000.0,2000.0,300.0,200.0,1500.0,360,0,0,0,0,0,0,500000.0,Site-Built,Primary,0,0,1,0,1,40,65,1,1,1,1,,,1,1,1,1,1,1,1,1,34,36,0,0,1,1
2024,10205,PA,42075.0,42075004000.0,Conventional:First Lien,Single Family (1-4 Units):Site-Built,Not Hispanic or Latino,White,Female,Approved for loan,Purchase,400000.0,78.0,5.25,0.0,2,6000.0,6000.0,1200.0,600.0,2000.0,360,0,0,0,0,0,0,800000.0,Site-Built,Primary,0,0,1,0,1,35,70,1,1,1,1,,,1,1,1,1,1,1,1,1,27,29,0,0,1,1
2024,10255,TX,48113.0,48113000300.0,Conventional:First Lien,Single Family (1-4 Units):Site-Built,Hispanic or Latino,Hispanic,Male,Approved for loan,Construction,365000.0,80.0,3.50,0.75,1,4800.0,4800.0,700.0,500.0,1600.0,360,0,0,0,0,0,0,600000.0,Site-Built,Primary,0,0,1,0,1,30,85,0,0,1,1,,,1,0,1,1,1,1,1,1,38,42,0,0,1,1
2024,10345,GA,13089.0,13089006800.0,Conventional:Second Lien,Single Family (1-4 Units):Site-Built,Not Hispanic or Latino,White,Male,Approved for loan,Purchase,225000.0,90.0,7.50,0.0,,2500.0,2500.0,400.0,300.0,800.0,180,0,0,0,0,0,0,400000.0,Site-Built,Primary,0,0,1,0,1,25,75,1,1,1,1,,,1,1,1,1,1,1,1,1,28,31,0,0,1,1
2024,10440,MD,24027.0,24027000200.0,VA:First Lien,Single Family (1-4 Units):Site-Built,Not Hispanic or Latino,Black,Male,Approved for loan,Purchase,300000.0,80.0,4.00,1.00,1,4000.0,4000.0,700.0,600.0,1200.0,360,0,0,0,0,0,0,500000.0,Site-Built,Primary,0,0,1,0,1,40,75,1,1,1,1,,,1,1,1,1,1,1,1,1,36,38,0,0,1,1
2024,10460,WI,55075.0,55075001201.0,FHA:First Lien,Single Family (1-4 Units):Site-Built,Hispanic or Latino,Mexican,Male,Approved for loan,Purchase,420000.0,85.0,3.75,2.00,1,5500.0,5500.0,1000.0,500.0,2000.0,360,0,0,0,0,0,0,650000.0,Site-Built,Primary,0,0,1,0,1,45,90,1,1,1,1,,,1,1,1,1,1,1,1,1,44,46,0,0,1,1
2024,10510,MN,27053.0,27053000100.0,Conventional:First Lien,Single Family (1-4 Units):Site-Built,Hispanic or Latino,White,Male,Approved for loan,Purchase,450000.0,80.0,5.00,1.00,1,7000.0,7000.0,900.0,700.0,2400.0,360,0,0,0,0,0,0,850000.0,Site-Built,Primary,0,0,1,0,1,40,85,1,1,1,1,,,1,1,1,1,1,1,1,1,42,45,0,0,1,1
2024,10595,VA,51019.0,51019007500.0,Conventional:First Lien,Single Family (1-4 Units):Site-Built,Not Hispanic or Latino,White,Female,Approved for loan,Refinancing,340000.0,82.0,6.00,0.0,1,5000.0,5000.0,1000.0,500.0,1500.0,360,0,0,0,0,0,0,750000.0,Site-Built,Primary,0,0,1,0,1,30,80,1,1,1,1,,,1,1,1,1,1,1,1,1,34,37,0,0,1,1
2024,10615,AZ,04013.0,04013000100.0,Conventional:First Lien,Single Family (1-4 Units):Site-Built,Not Hispanic or Latino,White,Male,Approved for loan,Purchase,575000.0,85.5,5.10,0.0,1,8000.0,8000.0,1400.0,600.0,2600.0,360,0,0,0,0,0,0,1200000.0,Site-Built,Primary,0,0,1,0,1,40,80,1,1,1,1,,,1,1,1,1,1,1,1,1,39,48,0,0,1,1
2024,10785,MA,25025.0,25025008000.0,USDA:First Lien,Single Family (1-4 Units):Site-Built,Not Hispanic or Latino,White,Female,Approved for loan,Purchase,380000.0,80.0,3.00,0.25,1,2500.0,2500.0,400.0,200.0,1200.0,360,0,0,0,0,0,0,600000.0,Site-Built,Primary,0,0,1,0,1,38,60,1,1,1,1,,,1,1,1,1,1,1,1,1,41,43,0,0,1,1
2024,10845,CO,08059.0,08059000100.0,FHA:First Lien,Single Family (1-4 Units):Site-Built,Not Hispanic or Latino,White,Male,Approved for loan,Purchase,315000.0,80.0,3.25,1.00,1,4000.0,4000.0,800.0,700.0,1200.0,360,0,0,0,0,0,0,550000.0,Site-Built,Primary,0,0,1,0,1,40,75,1,1,1,1,,,1,1,1,1,1,1,1,1,32,34,0,0,1,1
2024,11235,OR,41051.0,41051000200.0,Conventional:First Lien,Single Family (1-4 Units):Site-Built,Not Hispanic or Latino,White,Female,"Preapproval denied","Debt-to-Income ratio",275000.0,85.0,5.75,0.0,1,3500.0,3500.0,700.0,0.0,1000.0,360,0,0,0,0,0,0,600000.0,Site-Built,Primary,0,0,1,0,1,35,75,1,1,1,1,,,1,1,1,1,1,1,1,1,28,30,0,0,1,1
2024,11275,MI,26005.0,26005000100.0,FHA:First Lien,Single Family (1-4 Units):Site-Built,Not Hispanic or Latino,Hispanic,Male,Approved for loan,Purchase,390000.0,80.0,3.75,1.25,1,4200.0,4200.0,700.0,800.0,1500.0,360,0,0,0,0,0,0,720000.0,Site-Built,Primary,0,0,1,0,1,30,85,1,1,1,1,,,1,1,1,1,1,1,1,1,35,36,0,0,1,1
2024,11425,IN,18047.0,18047000100.0,Conventional:First Lien,Single Family (1-4 Units):Site-Built,Not Hispanic or Latino,White,Female,"Preapproval denied","Home Improvement",320000.0,85.0,4.50,0.0,1,4800.0,4800.0,900.0,500.0,1500.0,360,0,0,0,0,0,0,650000.0,Site-Built,Primary,0,0,1,0,1,30,80,1,1,1,1,,,1,1,1,1,1,1,1,1,42,45,0,0,1,1
2024,11440,AL,01003.0,01003000700.0,Conventional:First Lien,Single Family (1-4 Units):Site-Built,Not Hispanic or Latino,White,Male,Approved for loan,Purchase,330000.0,79.0,3.85,0.75,1,5000.0,5000.0,1000.0,600.0,1800.0,360,0,0,0,0,0,0,600000.0,Site-Built,Primary,0,0,1,0,1,42,75,1,1,1,1,,,1,1,1,1,1,1,1,1,37,40,0,0,1,1
2024,11735,ID,16041.0,16041000900.0,VA:First Lien,Single Family (1-4 Units):Site-Built,Not Hispanic or Latino,White,Female,Approved for loan,Purchase,220000.0,80.0,4.25,0.0,1,3750.0,3750.0,800.0,500.0,1250.0,360,0,0,0,0,0,0,350000.0,Site-Built,Primary,0,0,1,0,1,30,85,1,1,1,1,,,1,1,1,1,1,1,1,1,34,38,0,0,1,1
2024,11845,NE,31141.0,31141000100.0,Conventional:First Lien,Single Family (1-4 Units):Site-Built,Not Hispanic or Latino,White,Male,Approved for loan,Refinancing,700000.0,80.0,4.90,0.0,2,9000.0,9000.0,1500.0,1000.0,3000.0,360,0,0,0,0,0,0,1500000.0,Site-Built,Primary,0,0,1,0,1,38,80,1,1,1,1,,,1,1,1,1,1,1,1,1,43,46,0,0,1,1
2024,12145,WA,53033.0,53033015100.0,FHA:First Lien,Single Family (1-4 Units):Site-Built,Not Hispanic or Latino,White,Female,Approved for loan,Purchase,290000.0,80.0,4.50,1.50,1,4300.0,4300.0,800.0,700.0,1200.0,360,0,0,0,0,0,0,520000.0,Site-Built,Primary,0,0,1,0,1,32,80,1,1,1,1,,,1,1,1,1,1,1,1,1,36,39,0,0,1,1
2024,12150,NJ,34005.0,34005001200.0,Conventional:First Lien,Single Family (1-4 Units):Site-Built,Not Hispanic or Latino,White,Male,Approved for loan,Purchase,310000.0,78.0,6.00,0.0,1,4500.0,4500.0,900.0,600.0,1800.0,360,0,0,0,0,0,0,600000.0,Site-Built,Primary,0,0,1,0,1,38,75,1,1,1,1,,,1,1,1,1,1,1,1,1,45,47,0,0,1,1
2024,12545,SC,45083.0,45083001200.0,Conventional:First Lien,Single Family (1-4 Units):Site-Built,Not Hispanic or Latino,White,Female,Approved for loan,Purchase,400000.0,80.0,4.75,0.0,1,6000.0,6000.0,1200.0,800.0,2000.0,360,0,0,0,0,0,0,750000.0,Site-Built,Primary,0,0,1,0,1,39,78,1,1,1,1,,,1,1,1,1,1,1,1,1,50,52,0,0,1,1
2024,12630,MS,28137.0,28137000100.0,Va:First Lien,Single Family (1-4 Units):Site-Built,Not Hispanic or Latino,White,Male,Approved for loan,Purchase,325000.0,80.0,4.35,1.25,1,5000.0,5000.0,1000.0,700.0,1800.0,360,0,0,0,0,0,0,750000.0,Site-Built,Primary,0,0,1,0,1,33,80,1,1,1,1,,,1,1,1,1,1,1,1,1,30,32,0,0,1,1
2024,12845,HI,15001.0,15001000200.0,Conventional:First Lien,Single Family (1-4 Units):Site-Built,Not Hispanic or Latino,White,Female,Approved for loan,Purchase,440000.0,80.0,5.25,0.0,2,5600.0,5600.0,1200.0,800.0,1600.0,360,0,0,0,0,0,0,950000.0,Site-Built,Primary,0,0,1,0,1,35,80,1,1,1,1,,,1,1,1,1,1,1,1,1,36,38,0,0,1,1
2024,12875,RI,44001.0,44001000100.0,Conventional:First Lien,Single Family (1-4 Units):Site-Built,Not Hispanic or Latino,White,Male,Rejected for loan,Purchase,340000.0,85.0,6.50,0.0,2,5600.0,5600.0,1200.0,1000.0,1600.0,360,0,0,0,0,0,0,800000.0,Site-Built,Primary,0,0,1,0,1,30,85,1,1,1,1,,,1,1,1,1,1,1,1,1,29,32,0,0,1,1
2024,13095,RH,44013.0,44013000100.0,FHA:First Lien,Single Family (1-4 Units):Site-Built,Not Hispanic or Latino,White,Male,Approved for loan,Refinancing,320000.0,80.0,4.25,0.75,1,4500.0,4500.0,800.0,600.0,1200.0,360,0,0,0,0,0,0,650000.0,Site-Built,Primary,0,0,1,0,1,42,70,1,1,1,1,,,1,1,1,1,1,1,1,1,35,38,0,0,1,1
2024,13765,ND,38027.0,38027000100.0,HMDA,Single Family (1-4 Units):Site-Built,Not Hispanic or Latino,White,Female,Approved for loan,Purchase,350000.0,85.0,3.95,0.50,1,5000.0,5000.0,1000.0,800.0,1200.0,300,0,0,0,0,0,0,600000.0,Site-Built,Primary,0,0,1,0,1,35,86,1,1,1,1,,,1,1,1,1,1,1,1,1,32,37,0,0,1,1
2024,14265,ND,38101.0,38101000100.0,Conventional:First Lien,Multi-Family (5+ Units):Manufactured,Not Hispanic or Latino,White,Male,Approved for loan,Purchase,410000.0,80.0,5.00,0.0,2,5800.0,5800.0,1000.0,800.0,1500.0,360,0,0,0,0,0,0,900000.0,Manufactured,Primary,0,0,1,0,1,30,80,1,1,1,1,,,1,1,1,1,1,1,1,1,29,31,0,0,1,1
2024,14345,SF,06047.0,06047010100.0,FHA:First Lien,Single Family (1-4 Units):Site-Built,Not Hispanic or Latino,White,Female,Approved for loan,Purchase,300000.0,78.0,4.00,2.00,1,3700.0,3700.0,800.0,500.0,1200.0,360,0,0,0,0,0,0,500000.0,Site-Built,Primary,0,0,1,0,1,36,75,1,1,1,1,,,1,1,1,1,1,1,1,1,34,37,0,0,1,1
2024,14378,SD,46103.0,46103005800.0,Conventional:First Lien,Single Family (1-4 Units):Site-Built,Not Hispanic or Latino,White,Male,Approved for loan,Purchase,330000.0,75.0,3.25,0.10,1,4200.0,4200.0,800.0,500.0,1200.0,300,0,0,0,0,0,0,650000.0,Site-Built,Primary,0,0,1,0,1,38,78,1,1,1,1,,,1,1,1,1,1,1,1,1,32,33,0,0,1,1
2024,14545,WV,54033.0,54033000100.0,FHA:First Lien,Single Family (1-4 Units):Site-Built,Hispanic or Latino,Hispanic,Female,Approved for loan,Purchase,325000.0,80.0,3.85,1.50,1,4000.0,4000.0,800.0,600.0,1200.0,360,0,0,0,0,0,0,600000.0,Site-Built,Primary,0,0,1,0,1,42,85,1,1,1,1,,,1,0,1,1,1,1,1,1,36,38,0,0,1,1
2024,15295,VT,50001.0,50001000100.0,Conventional:First Lien,Single Family (1-4 Units):Site-Built,Not Hispanic or Latino,White,Male,Approved for loan,Purchase,280000.0,80.0,4.45,0.50,1,3100.0,3100.0,700.0,500.0,900.0,360,0,0,0,0,0,0,550000.0,Site-Built,Primary,0,0,1,0,1,40,70,1,1,1,1,,,1,1,1,1,1,1,1,1,35,36,0,0,1,1
2024,15745,TN,47015.0,47015002200.0,FHA:First Lien,Single Family (1-4 Units):Site-Built,Not Hispanic or Latino,White,Female,Approved for loan,Purchase,220000.0,78.0,3.50,0.50,1,3400.0,3400.0,700.0,500.0,1000.0,360,0,0,0,0,0,0,450000.0,Site-Built,Primary,0,0,1,0,1,32,80,1,1,1,1,,,1,1,1,1,1,1,1,1,28,34,0,0,1,1
2024,16095,FL,12003.0,12003000100.0,Conventional:First Lien,Single Family (1-4 Units):Site-Built,Not Hispanic or Latino,White,Male,Approved for loan,Refinancing,290000.0,80.0,5.00,1.00,1,4000.0,4000.0,800.0,600.0,1000.0,360,0,0,0,0,0,0,600000.0,Site-Built,Primary,0,0,1,0,1,40,78,1,1,1,1,,,1,1,1,1,1,1,1,1,32,38,0,0,1,1
2024,16345,CA,11009.0,110090012
2024,99999,CT,9150.0,9150708100.0,Conventional:Subordinate Lien,Single Family (1-4 Units):Site-Built,Not Hispanic or Latino,White,Male,File closed for incompleteness,32,25000.0,,,,3,,,,,,240,,,2,2,2,2,,1,1,3,5,1,,96.0,,1111,1111,2.0,5.0,2,4,5.0,8.0,2,4,1,5,2,4,65-74,9999,Yes,,1,1
2024,99999,FL,1001.0,1001202100.0,FHA,Single Family (1-4 Units):Site-Built,Hispanic or Latino,White,Male,Loan originated,1,300000.0,85.0,4.5,2.5,1,3000.0,2500.0,1500.0,1.0,500.0,360,0,0,0,0,1,1,0,7,0,1,50.0,"18-24",1111,1111,3.0,7.0,1,4,6.0,9.0,3,4,1,5,3,4,25-34,30-39,No,,1,1
2024,99999,IL,1002.0,1002102100.0,VA,Single Family (1-4 Units):Site-Built,Not Hispanic or Latino,Black,Male,Denial of loan application,2,150000.0,90.0,5.2,3.2,0,2000.0,1800.0,800.0,2.0,400.0,300,0,0,0,0,0,0,0,7,0,0,40.0,"35-44",0011,0011,4.0,8.0,0,2,4.0,6.0,1,3,1,5,1,3,55-64,60-69,No,,0,0
2024,99999,NY,1003.0,1003703100.0,Conventional:First Lien,Single Family (1-4 Units):Site-Built,Not Hispanic or Latino,Asian,Female,Loan originated,1,400000.0,75.0,4.0,1.8,2,4000.0,2900.0,2000.0,0.0,900.0,360,0,0,0,0,1,1,1,7,0,1,100.0,"45-54",1111,1111,5.0,8.0,1,5,7.0,8.0,3,4,1,5,2,4,55-64,50-59,Yes,,1,1
2024,99999,CA,1004.0,1004101100.0,FHA,Single Family (1-4 Units):Site-Built,Hispanic or Latino,White,Male,Loan originated,1,350000.0,80.0,3.8,2.0,2,2500.0,2200.0,1200.0,3.0,400.0,300,0,0,1,0,0,0,0,7,1,1,90.0,"25-34",1111,1111,2.0,5.0,1,2,4.0,5.0,2,2,1,5,1,2,65-74,55-64,Yes,,1,1
2024,99999,TX,1005.0,1005604100.0,VA,Single Family (1-4 Units):Site-Built,Not Hispanic or Latino,White,Female,Loan approved but not funded,1,300000.0,84.0,4.7,2.3,1,3200.0,2300.0,1600.0,1.0,600.0,360,0,0,0,0,1,1,1,7,1,1,110.0,"55-64",1111,1111,3.0,6.0,2,4,5.0,7.0,3,4,1,5,2,5,50-59,55-64,No,,1,1
2024,99999,PA,1006.0,1006300100.0,Conventional:First Lien,Single Family (1-4 Units):Site-Built,Not Hispanic or Latino,White,Female,Loan originated,1,500000.0,60.0,4.0,2.0,3,3200.0,2800.0,2100.0,0.0,600.0,360,0,0,0,1,0,0,1,7,0,0,78.0,"18-24",1111,1111,1.0,4.0,0,1,4.0,7.0,1,3,1,5,1,3,65-74,70-74,Yes,,1,1
2024,99999,OH,1007.0,1007201100.0,FHA,Single Family (1-4 Units):Site-Built,Not Hispanic or Latino,White,Male,File closed for incompleteness,1,300000.0,90.0,5.0,3.0,1,3200.0,2400.0,1000.0,1.0,800.0,300,0,0,0,0,1,1,1,7,0,1,62.0,"55-64",1111,1111,2.0,5.0,2,4,5.0,9.0,2,3,1,4,1,3,65-74,60-69,No,,1,1
2024,99999,GA,1008.0,1008810100.0,VA,Single Family (1-4 Units):Site-Built,Hispanic or Latino,Hispanic,Unkown,Loan originated,1,250000.0,78.0,3.7,2.0,2,2800.0,2100.0,1500.0,0.0,700.0,300,0,0,0,0,0,0,0,7,1,0,66.0,"35-44",1111,1111,1.0,3.0,1,3,2.0,4.0,2,3,0,5,1,2,35-44,30-39,Yes,,1,1
2024,99999,MN,1009.0,1009103100.0,Conventional:First Lien,Single Family (1-4 Units):Site-Built,Hispanic or Latino,Other,Unknown,File closed for incompleteness,1,150000.0,90.0,5.5,3.5,1,3000.0,2700.0,2000.0,2.0,600.0,300,0,0,1,0,1,1,0,7,0,1,67.0,"55-64",1111,1111,3.0,6.0,1,3,1.0,2.0,2,5,1,3,1,5,65-74,55-64,No,,1,1
2024,99999,MI,1010.0,1010211100.0,FHA,Single Family (1-4 Units):Site-Built,Not Hispanic or Latino,White,Female,Loan originated,1,400000.0,82.0,4.1,1.8,3,4000.0,2400.0,400.0,2.0,400.0,300,0,0,0,0,1,1,1,7,1,1,85.0,"18-24",1111,1111,1.0,4.0,1,3,1.0,2.0,1,2,1,5,1,2,55-64,70-74,No,,1,1
2024,99999,NC,1011.0,1011503100.0,VA,Single Family (1-4 Units):Site-Built,Hispanic or Latino,White,Male,Loan originated,1,300000.0,84.0,3.0,1.0,0,5000.0,2300.0,1500.0,1.0,900.0,300,0,0,0,1,0,0,1,7,1,0,70.0,"65+",1111,1111,2.0,4.0,2,3,4.0,5.0,2,4,1,5,1,3,65-74,75-79,Yes,,1,1
2024,99999,VA,1012.0,1012702100.0,Conventional:First Lien,Single Family (1-4 Units):Site-Built,Not Hispanic or Latino,White,Female,Loan approved but not funded,1,450000.0,85.0,4.5,2.5,2,2500.0,2300.0,1000.0,0.0,600.0,360,0,0,0,0,0,0,0,7,0,1,61.0,"55-64",1111,1111,2.0,5.0,1,4,4.0,6.0,1,4,0,5,1,2,50-59,55-64,No,,1,1
2024,99999,WA,1013.0,1013201100.0,FHA,Single Family (1-4 Units):Site-Built,Hispanic or Latino,White,Female,Loan originated,1,300000.0,88.0,4.8,2.6,1,2600.0,2400.0,1200.0,1.0,700.0,300,0,0,0,0,1,1,1,7,1,1,72.0,"45-54",1111,1111,2.0,4.0,2,3,3.0,5.0,2,3,1,5,0,5,65-74,40-49,No,,1,1
2024,99999,MO,1014.0,1014405100.0,VA,Single Family (1-4 Units):Site-Built,Not Hispanic or Latino,White,Female,Loan originated,1,600000.0,80.0,5.2,2.2,3,3400.0,2800.0,0.0,1.0,500.0,300,0,0,0,1,0,0,1,7,0,0,100.0,"35-44",2111,2111,1.0,4.0,1,5,3.0,5.0,3,3,1,5,0,4,55-64,35-44,FALSE,,1,1
2024,99999,KY,1015.0,1015701100.0,Conventional:First Lien,Single Family (1-4 Units):Site-Built,Not Hispanic or Latino,Black,Male,Denial of loan application,2,200000.0,90.0,5.0,3.5,1,2500.0,1200.0,700.0,3.0,400.0,300,0,0,0,0,0,0,0,7,0,0,74.0,"18-24",1111,1111,3.0,6.0,2,4,4.0,6.0,1,3,1,5,1,3,25-34,20-24,No,,0,0
2024,99999,AR,1016.0,1016501100.0,FHA,Single Family (1-4 Units):Site-Built,Hispanic or Latino,White,Male,File closed for incompleteness,32,150000.0,84.0,4.5,2.0,0,2400.0,2000.0,1000.0,0.0,900.0,300,0,0,0,0,0,0,1,7,0,1,80.0,"18-24",1111,1111,1.0,3.0,1,4,3.0,4.0,2,3,1,5,1,3,35-44,60-69,No,,1,1
2024,99999,SC,1017.0,1017306100.0,VA,Single Family (1-4 Units):Site-Built,Hispanic or Latino,White,Male,Loan originated,1,350000.0,77.0,3.8,2.0,2,3200.0,2400.0,1200.0,1.0,600.0,300,0,0,0,0,1,1,1,7,0,1,95.0,"25-34",1111,1111,3.0,5.0,0,3,3.0,5.0,2,2,1,5,0,2,65-74,35-44,Yes,,1,1
2024,99999,OK,1018.0,1018801100.0,Conventional:First Lien,Single Family (1-4 Units):Site-Built,Not Hispanic or Latino,White,Female,Loan originated,1,280000.0,75.0,4.2,2.0,3,1800.0,1200.0,500.0,2.0,500.0,360,0,0,0,0,0,0,1,7,1,1,120.0,"45-54",1111,1111,3.0,5.0,2,4,2.0,5.0,3,5,1,3,1,2,45-54,30-39,No,,1,1
2024,99999,WV,1019.0,1019703100.0,FHA,Single Family (1-4 Units):Site-Built,Hispanic or Latino,White,Male,Loan originated,1,150000.0,85.0,5.2,2.2,1,2000.0,2000.0,1000.0,1.0,600.0,300,0,0,0,0,1,1,0,7,0,0,40.0,"35-44",1111,1111,2.0,5.0,2,5,3.0,6.0,2,5,1,5,1,3,30-39,40-49,Yes,,0,0
2024,99999,IN,1020.0,1020206100.0,VA,Single Family (1-4 Units):Site-Built,Not Hispanic or Latino,White,Male,Loan originated,1,320000.0,84.0,4.5,2.0,3,2800.0,2500.0,1800.0,3.0,700.0,300,0,0,0,0,1,1,0,7,1,0,64.0,"55-64",1111,1111,5.0,6.0,2,5,4.0,7.0,2,4,1,5,0,5,60-69,65-74,No,,1,1
2024,99999,UT,1021.0,1021301100.0,Conventional:First Lien,Single Family (1-4 Units):Site-Built,Not Hispanic or Latino,White,Female,Loan originated,1,400000.0,80.0,4.0,1.8,3,1200.0,1400.0,800.0,0.0,500.0,300,0,0,0,0,1,1,0,7,0,1,85.0,"35-44",1111,1111,2.0,3.0,1,4,3.0,4.0,3,4,1,5,1,2,40-49,35-44,No,,1,1
2024,99999,WI,1022.0,1022102100.0,FHA,Single Family (1-4 Units):Site-Built,Not Hispanic or Latino,White,Female,File closed for incompleteness,32,200000.0,80.0,5.0,3.0,1,3000.0,2000.0,1000.0,1.0,800.0,300,0,0,0,0,1,1,1,7,1,1,55.0,"18-24",1111,1111,1.0,5.0,0,3,3.0,7.0,2,4,0,3,1,2,60-69,55-64,No,,1,1
2024,99999,OR,1023.0,1023602100.0,VA,Single Family (1-4 Units):Site-Built,Hispanic or Latino,White,Male,Loan originated,1,280000.0,76.0,4.2,2.0,1,3200.0,2900.0,2000.0,1.0,800.0,360,0,0,0,0,1,1,1,7,1,1,78.0,"35-44",1111,1111,1.0,3.0,1,3,3.0,4.0,3,3,1,5,1,3,50-59,30-39,Yes,,0,0
2024,99999,NJ,1024.0,1024702100.0,Conventional:First Lien,Single Family (1-4 Units):Site-Built,Not Hispanic or Latino,White,Male,Loan originated,1,330000.0,78.0,4.5,2.5,2,4000.0,2500.0,2000.0,2.0,600.0,300,0,0,0,0,1,1,1,7,0,1,100.0,"18-24",1111,1111,2.0,4.0,2,5,3.0,6.0,3,4,1,4,1,2,65-74,60-69,No,,1,1
2024,99999,NH,1025.0,1025203100.0,FHA,Single Family (1-4 Units):Site-Built,Not Hispanic or Latino,Hispanic,Unknown,Loan originated,1,180000.0,85.0,5.0,3.5,1,2500.0,2400.0,1500.0,1.0,700.0,300,0,0,0,0,0,0,1,7,1,1,75.0,"45-54",1111,1111,3.0,6.0,0,4,3.0,6.0,3,2,1,5,0,3,65-74,45-54,No,,1,1
2024,99999,MD,1026.0,1026603100.0,VA,Single Family (1-4 Units):Site-Built,Not Hispanic or Latino,White,Female,Loan approved but not funded,1,300000.0,70.0,4.0,2.0,2,3000.0,2200.0,1000.0,0.0,600.0,360,0,1,0,0,0,0,1,7,0,1,92.0,"55-64",1111,1111,3.0,6.0,1,4,4.0,7.0,1,5,0,5,1,5,70-74,65-74,No,,1,1
2024,99999,DC,1027.0,1027100100.0,Conventional:First Lien,Single Family (1-4 Units):Site-Built,Hispanic or Latino,White,Male,Application withdrawn by applicant during processing,32,250000.0,80.0,4.2,2.0,2,4000.0,2800.0,1000.0,1.0,700.0,300,0,0,0,0,1,1,1,7,1,1,50.0,"35-44",1111,1111,2.0,4.0,1,3,4.0,5.0,2,3,1,3,1,2,40-49,25-34,Yes,,1,1
2024,99999,ND,1028.0,1028703100.0,FHA,Single Family (1-4 Units):Site-Built,Not Hispanic or Latino,White,Female,Loan originated,1,300000.0,88.0,4.0,1.2,3,2500.0,2100.0,1000.0,2.0,400.0,360,0,0,0,0,0,0,0,7,0,1,60.0,"45-54",1111,1111,1.0,5.0,0,3,3.0,5.0,3,4,1,5,1,2,50-59,45-54,Yes,,1,1
2024,99999,LATX,1029.0,1029203100.0,VA,Single Family (1-4 Units):Site-Built,Not Hispanic or Latino,Black,Female,Loan originated,1,250000.0,82.0,5.0,2.5,1,3000.0,2000.0,1000.0,0.0,600.0,300,0,0,0,0,1,1,0,7,0,0,60.0,"35-44",1111,1111,3.0,6.0,2,5,3.0,5.0,2,3,0,5,1,3,35-44,65-74,No,,0,0
2024,99999,VT,1030.0,1030500100.0,Conventional:First Lien,Single Family (1-4 Units):Site-Built,Not Hispanic or Latino,White,Male,Loan originated,1,500000.0,75.0,3.5,1.5,3,3200.0,2500.0,2000.0,2.0,600.0,360,0,0,0,0,1,1,1,7,0,1,80.0,"55-64",1111,1111,4.0,4.0,1,4,1.0,3.0,1,3,1,5,1,2,25-34,20-24,No,,1,1
2024,99999,SD,1031.0,1031405100.0,FHA,Single Family (1-4 Units):Site-Built,Not Hispanic or Latino,White,Female,Loan originated,1,250000.0,90.0,5.0,3.0,1,2500.0,1800.0,1000.0,0.0,600.0,300,0,0,0,0,0,0,0,7,0,0,60.0,"35-44",1111,1111,1.0,4.0,2,3,3.0,6.0,3,4,1,5,1,2,55-64,50-59,Yes,,1,1
2024,99999,MT,1032.0,1032100100.0,VA,Single Family (1-4 Units):Site-Built,Not Hispanic or Latino,White,Female,Loan originated,1,350000.0,78.0,4.0,2.0,1,3400.0,2000.0,2000.0,1.0,1000.0,360,0,0,0,0,1,1,0,7,0,1,70.0,"45-54",1111,1111,2.0,5.0,2,4,3.0,5.0,2,5,0,5,1,2,45-54,60-69,No,,1,1
2024,99999,DE,1033.0,1033801100.0,Conventional:First Lien,Single Family (1-4 Units):Site-Built,Hispanic or Latino,White,Male,Loan originated,1,300000.0,70.0,4.2,2.0,2,4000.0,2500.0,3000.0,1.0,700.0,300,0,0,0,0,1,1,1,7,1,1,70.0,"35-44",1111,1111,1.0,4.0,1,4,3.0,6.0,1,3,1,5,1,2,50-59,25-34,No,,1,1
2024,99999,WY,1034.0,1034500100.0,FHA,Single Family (1-4 Units):Site-Built,Hispanic or Latino,White,Female,Loan originated,1,200000.0,75.0,4.1,2.5,1,2500.0,2000.0,1000.0,0.0,700.0,360,0,0,0,0,1,1,1,7,0,0,60.0,"45-54",1111,1111,2.0,5.0,0,3,3.0,5.0,3,4,1,5,1,2,30-39,60-69,No,,1,1
2024,99999,D.C.,1035.0,1035703100.0,VA,Single Family (1-4 Units):Site-Built,Hispanic or Latino,Hispanic,Male,Loan originated,1,300000.0,80.0,3.8,2.0,1,3000.0,2300.0,2000.0,1.0,700.0,300,0,0,0,0,1,1,1,7,1,0,70.0,"35-44",1111,1111,1.0,5.0,0,5,4.0,5.0,1,4,0,5,1,2,50-59,30-39,Yes,,1,1
2024,99999,AZ,1036.0,1036900100.0,Conventional:First Lien,Single Family (1-4 Units):Site-Built,Not Hispanic or Latino,White,Male,Loan originated,1,600000.0,75.0,4.5,2.0,3,4000.0,2000.0,1500.0,1.0,800.0,360,0,0,0,0,1,1,1,7,0,1,80.0,"18-24",1111,1111,3.0,6.0,1,5,3.0,4.0,3,5,1,5,1,3,65-74,30-39,Yes,,1,1
2024,99999,AL,1037.0,1037201100.0,FHA,Single Family (1-4 Units):Site-Built,Not Hispanic or Latino,White,Female,Loan originated,1,200000.0,75.0,4.2,2.2,1,2500.0,2200.0,1000.0,2.0,600.0,300,0,0,0,0,1,1,1,7,0,0,80.0,"25-34",1111,1111,2.0,4.0,0,5,5.0,7.0,2,4,1,3,1,4,65-74,45-54,No,,0,1
2024,99999,TN,1038.0,1038101100.0,VA,Single Family (1-4 Units):Site-Built,Hispanic or Latino,White,Male,Loan originated,1,300000.0,78.0,4.0,2.0,1,3200.0,2900.0,2000.0,0.0,600.0,300,0,0,0,0,1,0,0,7,0,1,70.0,"45-54",111
2024,99999,CT,9150.0,9150708100.0,Conventional:Subordinate Lien,Single Family (1-4 Units):Site-Built,Not Hispanic or Latino,White,Male,File closed for incompleteness,32,25000.0,,,,3,,,,,,240,,,2,2,2,2,,1,1,3,5,1,,96.0,,1111,1111,2.0,5.0,2,4,5.0,8.0,2,4,1,5,2,4,65-74,9999,Yes,,1,1
2024,99999,NY,36047.0,3604701000.0,Conventional:First Lien,Single Family (1-4 Units):Site-Built,Hispanic or Latino,White,Female,Loan originated,1,320000.0,80.0,3.75,0.25,1,2300.0,1350.0,800.0,2.0,1500.0,360,24,0,0,0,0,0,0,1250000.0,Standard,Principal,1,1,2,4,4.0,7.0,1,1,100.0,180.0,2,3,4,3,3,2,1970,1970,No,No,Yes,,1,1
2024,99999,TX,48201.0,4820101000.0,FHA,Single Family (1-4 Units):Site-Built,Not Hispanic or Latino,Black,Female,Loan approved but not accepted,1,180000.0,85.0,4.25,0.5,0,1800.0,950.0,500.0,1.0,800.0,360,0,0,0,0,0,0,0,95000.0,Standard,Principal,2,0,2,2,5.0,5.0,2,3,95.0,150.0,2,2,3,1,3,1,1980,1985,No,No,Yes,,1,0
2024,99999,CA,06075.0,0607501050.0,VA,Single Family (1-4 Units):Site-Built,Not Hispanic or Latino,Asian,Female,Loan originated,1,650000.0,80.0,2.95,0.0,1,3250.0,2400.0,1200.0,2.0,1200.0,360,0,0,1,0,0,0,0,650000.0,Standard,Principal,1,1,1,4,4.0,10.0,1,3,150.0,120.0,1,1,4,3,3,2,1960,1965,No,Yes,Yes,,1,1
2024,99999,FL,12017.0,1201701000.0,Conventional:First Lien,Single Family (1-4 Units):Site-Built,Not Hispanic or Latino,White,Female,Denied,2,220000.0,90.0,4.0,0.75,0,1850.0,950.0,600.0,1.0,800.0,360,24,0,0,0,0,0,0,200000.0,Standard,Principal,2,2,3,3,2,5.0,2,3,95.0,150.0,3,1,2,2,3,1,1985,1980,No,No,Yes,,0,1
2024,99999,IL,17031.0,1703101000.0,FHA,Single Family (1-4 Units):Site-Built,Not Hispanic or Latino,Black,Male,Loan originated,1,275000.0,85.0,3.85,0.45,0,2200.0,1350.0,750.0,1.5,900.0,360,0,0,0,0,0,0,0,250000.0,Standard,Principal,2,2,2,4,4.0,7.0,1,3,115.0,110.0,1,1,4,3,3,3,1975,1972,No,Yes,Yes,,1,1
2024,99999,GA,13009.0,1300901000.0,Conventional:First Lien,Single Family (1-4 Units):Site-Built,Hispanic or Latino,White,Male,Preapproval request denied,1,195000.0,80.0,3.9,0.25,0,2000.0,1200.0,700.0,1.0,900.0,360,0,0,0,0,0,0,0,185000.0,Standard,Principal,2,2,4,5,2,6.0,2,4,4,8,2,4,3,2,2,2,1980,1975,No,No,Yes,,1,1
2024,99999,WA,53033.0,5303301100.0,VA,Single Family (1-4 Units):Site-Built,Not Hispanic or Latino,American Indian or Alaska Native,Male,File closed for incompleteness,1,420000.0,90.0,3.25,0.5,1,2400.0,1700.0,750.0,1.5,600.0,360,0,0,1,0,0,0,0,450000.0,Standard,Principal,1,1,2,4,4.0,7.0,2,1,65.0,80.0,1,3,3,1,3,1,1978,1982,No,No,Yes,,1,0
2024,99999,MI,26093.0,2609301000.0,Conventional:First Lien,Single Family (1-4 Units):Site-Built,Not Hispanic or Latino,White,Female,Denial of a loan application,1,300000.0,90.0,4.0,0.75,1,2200.0,1350.0,800.0,1.5,850.0,360,0,0,0,0,0,0,0,275000.0,Standard,Principal,2,2,2,3,1.0,8.0,2,3,45.0,60.0,1,2,3,1,2,2,1975,1980,No,Yes,Yes,,0,1
2024,99999,NJ,34017.0,3401701000.0,FHA,Single Family (1-4 Units):Site-Built,Not Hispanic or Latino,Indian,Other,Male,Loan originated,1,215000.0,85.0,3.9,0.45,0,1600.0,1000.0,500.0,2.0,700.0,360,24,0,0,0,0,0,0,200000.0,Standard,Principal,2,0,2,0,3.5,9.0,1,4,120.0,100.0,2,3,4,2,2,2,1983,1985,No,Yes,Yes,,1,1
2024,99999,MN,27163.0,2716301000.0,VA,Single Family (1-4 Units):Site-Built,Hispanic or Latino,White,Female,Debt-to-Income Ratio too high,1,400000.0,90.0,3.5,0.6,1,3000.0,2100.0,600.0,1.0,1000.0,360,0,0,1,0,0,0,0,380000.0,Standard,Principal,1,1,3,5,4.0,8.0,2,4,3,2,3,2,2,4,1970,1975,No,Yes,Yes,,1,1
2024,99999,NC,37099.0,3709901300.0,Conventional:First Lien,Single Family (1-4 Units):Site-Built,Not Hispanic or Latino,White,Female,Loan originated,1,550000.0,80.0,4.0,0.5,1,2900.0,2000.0,900.0,2.0,950.0,360,0,0,0,1,0,0,0,520000.0,Standard,Principal,1,1,3,5,2.0,6.0,1,1,2,4,2,4,3,2,3,1,1990,1992,No,No,Yes,,1,0
2024,99999,MA,25025.0,2502501000.0,Conventional:First Lien,Single Family (1-4 Units):Site-Built,Hispanic or Latino,White,Male,Denied,2,225000.0,85.0,4.0,0.25,0,2000.0,1000.0,800.0,1.0,800.0,360,0,0,1,0,0,0,0,200000.0,Standard,Principal,2,2,4,3,1.0,6.0,2,2,69.0,65.0,2,3,3,2,2,3,1965,1960,No,Yes,Yes,,1,1
2024,99999,CO,08021.0,0802101000.0,FHA,Single Family (1-4 Units):Site-Built,Not Hispanic or Latino,White,Male,File closed for incompleteness,1,150000.0,65.0,3.5,0.5,1,1450.0,900.0,400.0,1.0,600.0,360,0,0,0,0,0,0,0,230000.0,Standard,Principal,1,0,1,1,1.0,9.0,1,2,2,4,2,4,3,2,3,1,1995,1990,No,No,Yes,,1,0
2024,99999,OR,41051.0,4105101000.0,Conventional:First Lien,Single Family (1-4 Units):Site-Built,Not Hispanic or Latino,White,Male,Loan approved but not accepted,1,330000.0,90.0,3.9,0.75,0,2100.0,1300.0,700.0,1.5,700.0,360,0,0,0,0,0,0,0,350000.0,Standard,Principal,1,0,1,1,3.0,6.0,1,2,3,1,4,2,1,2,3,2,1990,1988,No,No,Yes,,0,1
2024,99999,OH,39071.0,3907101000.0,VA,Single Family (1-4 Units):Site-Built,Not Hispanic or Latino,White,Female,Submitted application,1,500000.0,85.0,3.25,0.5,1,3000.0,1800.0,1000.0,2.0,900.0,360,0,0,1,0,0,0,0,550000.0,Standard,Principal,1,1,2,4,3.0,7.0,2,3,4,2,1,3,3,1,3,2,2000,2002,No,Yes,Yes,,0,0
2024,99999,PA,42069.0,4206901000.0,FHA,Single Family (1-4 Units):Site-Built,Hispanic or Latino,White,Male,Loaned originated,1,360000.0,90.0,4.1,0.5,1,2200.0,1300.0,850.0,1.5,750.0,360,0,0,0,0,0,0,0,370000.0,Standard,Principal,2,2,3,4,4,5,1,1,2,2,2,4,2,1,2,1,1975,1980,Yes,,0,0
2024,99999,VA,51083.0,5108301000.0,Conventional:First Lien,Single Family (1-4 Units):Site-Built,Not Hispanic or Latino,Black,Female,Denial of a loan application,1,280000.0,86.0,4.0,0.5,0,1800.0,1200.0,600.0,1.0,750.0,360,0,0,0,1,0,0,0,300000.0,Standard,Principal,2,2,3,3,3,6,3,2,2,2,2,2,2,2,3,3,1980,1975,No,Yes,Yes,,1,0
2024,99999,WI,55009.0,5500901000.0,Conventional:First Lien,Single Family (1-4 Units):Site-Built,Not Hispanic or Latino,White,Female,Submitted application,1,380000.0,80.0,3.8,0.5,1,2300.0,1700.0,600.0,1.0,900.0,360,0,0,0,0,0,0,0,420000.0,Standard,Principal,1,1,2,5,3,7,2,2,2,2,2,3,3,1,1,1,1990,1985,No,Yes,Yes,,0,0
2024,99999,SC,45077.0,4507701000.0,VA,Single Family (1-4 Units):Site-Built,Hispanic or Latino,White,Male,Loan originated,1,520000.0,85.0,3.4,0.25,1,3100.0,2200.0,800.0,2.0,1000.0,360,0,0,1,0,0,0,0,550000.0,Standard,Principal,1,1,2,4,3,8,1,4,2,4,3,1,3,2,3,1,1976,1974,No,Yes,No,,1,0
2024,99999,NH,33015.0,3301500000.0,Conventional:First Lien,Single Family (1-4 Units):Site-Built,Not Hispanic or Latino,White,Female,Denied,2,190000.0,90.0,4.0,0.3,0,2000.0,1300.0,600.0,1.0,600.0,360,0,0,0,0,0,0,0,200000.0,Standard,Principal,1,1,1,2,2.5,8.0,2,4,4,3,2,4,4,1,1,2,1987,1980,No,Yes,Yes,,1,0
2024,99999,MD,24017.0,2401701000.0,FHA,Single Family (1-4 Units):Site-Built,Not Hispanic or Latino,Black,Female,Preapproval request denied,1,270000.0,88.0,3.95,0.25,0,1800.0,1100.0,600.0,1.0,700.0,360,0,0,0,0,0,0,0,300000.0,Standard,Principal,1,1,-1,3,2,6,3,2,2,2,3,1,2,1,2,1,1992,1988,Yes,,1,1
2024,99999,AL,01017.0,0101701000.0,Conventional:First Lien,Single Family (1-4 Units):Site-Built,Not Hispanic or Latino,White,Male,Loaned originated,1,300000.0,85.0,3.65,0.5,1,2100.0,1300.0,700.0,1.0,750.0,360,0,0,0,0,0,0,0,280000.0,Standard,Principal,1,1,-1,2,3.5,6.0,1,3,2,3,2,4,2,2,2,1,1983,1980,No,Yes,Yes,,0,1
2024,99999,KY,21015.0,2101501000.0,VA,Single Family (1-4 Units):Site-Built,Hispanic or Latino,White,Female,File closed for incompleteness,1,410000.0,85.0,3.4,0.6,1,2600.0,1800.0,750.0,1.0,900.0,360,0,0,1,0,0,0,0,380000.0,Standard,Principal,1,1,-1,4,3.0,7.0,1,2,3,4,3,3,1,3,4,1,1986,1980,No,Yes,Yes,,1,0
2024,99999,TN,47019.0,4701901000.0,Conventional:First Lien,Single Family (1-4 Units):Site-Built,Not Hispanic or Latino,White,Male,Loan approved but not accepted,1,650000.0,80.0,4.25,0.5,1,3500.0,2000.0,1200.0,2.0,1000.0,360,0,0,0,0,0,0,0,650000.0,Standard,Principal,1,1,4,5,2.0,6.0,1,3,2,4,2,4,2,2,3,1,1979,1980,No,Yes,No,,1,1
2024,99999,WV,54001.0,5400101000.0,FHA,Single Family (1-4 Units):Site-Built,Hispanic or Latino,White,Female,Submitted application,1,200000.0,90.0,4.0,0.5,0,1700.0,1000.0,450.0,1.0,700.0,360,0,0,0,0,0,0,0,210000.0,Standard,Principal,2,1,2,3,4,7,2,2,1,1,3,4,4,1,2,1,2000,1988,Yes,1,1,1
2024,99999,AK,02013.0,0201301000.0,Conventional:First Lien,Single Family (1-4 Units):Site-Built,Not Hispanic or Latino,White,Male,Denied,2,320000.0,90.0,4.1,0.5,1,2400.0,1400.0,800.0,1.0,800.0,360,0,0,0,0,0,0,0,350000.0,Standard,Principal,1,0,1,1,2,8,1,2,3,3,3,2,3,2,3,2,1984,1982,No,No,Yes,,1,1
2024,99999,VT,50007.0,5000701000.0,VA,Single Family (1-4 Units):Site-Built,Hispanic or Latino,White,Female,Preapproval request denied,1,310000.0,80.0,3.5,0.25,1,2200.0,1200.0,600.0,1.0,800.0,360,0,0,1,0,0,0,0,320000.0,Standard,Principal,1,1,2,5,3,7,2,1,2,2,1,4,2,4,2,2,1978,1980,No,Yes,Yes,,0,0
2024,99999,RI,44003.0,4400301000.0,Conventional:First Lien,Single Family (1-4 Units):Site-Built,Not Hispanic or Latino,White,Female,Loan originated,1,370000.0,80.0,4.0,0.25,1,2300.0,1500.0,600.0,1.0,850.0,360,0,0,0,0,0,0,0,400000.0,Standard,Principal,1,1,3,3,3,4,1,3,1,2,2,2,2,1,2,1,1982,1985,No,Yes,Yes,,1,1
2024,99999,ME,23001.0,2300101000.0,Conventional:First Lien,Single Family (1-4 Units):Site-Built,Not Hispanic or Latino,White,Male,Debt-to-Income Ratio too high,1,250000.0,86.0,4.1,0.25,0,1900.0,1100.0,600.0,1.0,700.0,360,0,0,0,1,0,0,0,270000.0,Standard,Principal,1,0,2,2,4,5,1,2,1,2,2,1,1,2,1,2,1990,1985,Yes,,1,1
2024,99999,VT,50013.0,5001301000.0,Conventional:First Lien,Single Family (1-4 Units):Site-Built,Hispanic or Latino,White,Male,Preapproval request denied,1,330000.0,85.0,3.55,0.45,0,2000.0,1300.0,650.0,1.0,700.0,360,0,0,0,0,0,0,0,340000.0,Standard,Principal,1,1,3,0,2.5,8.0,1,3,3,3,2,4,4,3,2,2,1987,1985,Yes,,1,0
2024,99999,DE,10001.0,1000101000.0,Conventional:First Lien,Single Family (1-4 Units):Site-Built,Not Hispanic or Latino,White,Female,Loan originated,1,400000.0,80.0,3.85,0.25,1,2500.0,1600.0,700.0,2.0,900.0,360,0,0,0,0,0,0,0,420000.0,Standard,Principal,1,0,3,4,2,8,2,2,2,1,1,4,1,3,3,1,1975,1980,No,Yes,Yes,,1,1
2024,99999,ID,16029.0,1602901000.0,FHA,Single Family (1-4 Units):Site-Built,Hispanic or Latino,White,Female,Loaned originated,1,280000.0,86.0,4.0,0.25,0,1900.0,1200.0,600.0,2.0,700.0,360,0,0,0,1,0,0,0,300000.0,Standard,Principal,1,1,2,4,1,7,2,4,3,2,3,3,3,1,2,1,1990,1986,No,Yes,Yes,,1,1
2024,99999,MT,30019.0,3001901000.0,Conventional:First Lien,Single Family (1-4 Units):Site-Built,Hispanic or Latino,White,Female,Denied,1,300000.0,85.0,4.25,0.25,0,2200.0,1300.0,700.0,1.0,900.0,360,0,0,0,0,0,0,0,320000.0,Standard,Principal,1,1,1,2,4.5,5.0,1,3,3,3,2,4,4,1,2,1,1972,1985,Yes,,1,0
2024,99999,WY,56003.0,5600301000.0,Conventional:First Lien,Single Family (1-4 Units):Site-Built,Not Hispanic or Latino,White,Female,Submitted application,1,220000.0,85.0,4.1,0.5,1,1600.0,900.0,400.0,2.0,600.0,360,0,0,0,0,0,0,0,250000.0,Standard,Principal,2,2,3,2,6,9.0,2,3,2,3,3,2,3,1,2,1,1989,1985,No,Yes,Yes,,1,1
2024,99999,ND,38061.0,3806101000.0,Va,Single Family (1-4 Units):Site-Built,Not Hispanic or Latino,White,Male,Denied,2,440000.0,90.0,3.9,0.25,1,3000.0,1900.0,900.0,1.0,900.0,360,0,0,0,0,0,0,0,480000.0,Standard,Principal,1,1,2,4,3,6,1,2,3,3,3,3,3,1,1,2,1970,1980,No,Yes,Yes,,1,1
2024,99999,SD,46069.0,4606901000.0,Conventional:First Lien,Single Family (1-4 Units):Site-Built,Not Hispanic or Latino,White,Female,Preapproval request denied,1,340000.0,83.0,4.1,0.3,0,2100.0,1200.0,650.0,1.0,700.0,360,0,0,0,0,0,0,0,360000.0,Standard,Principal,1,1,2,3,3,7,1,3,3,3,1,4,3,3,2,2,1978,1982,No,No,Yes,,1,1
2024,99999,NE,31009.0,3100901000.0,VA,Single Family (1-4 Units):Site-Built,Hispanic or Latino,White,Female,File closed for incompleteness,1,390000.0,85.0,3.4,0.25,1,2500.0,1700.0,700.0,1.0,750.0,360,0,0,1,0,0,0,0,400000.0,Standard,Principal,1,1,1,2,3.5,7.0,2,3,3,3,3,2,3,3,3,1,1985,1990,No,Yes,Yes,,1,0
2024,99999,IN,18061.0,1806101000.0,Conventional:First Lien,Single Family (1-4 Units):Site-Built,Not Hispanic or Latino,White,Female,Submitted application,1,330000.0,70.0,3.65,0.5,1,2300.0,1300.0,900.0,2.0,1000.0,360,0,0,0,0,0,0,0,400000.0,Standard,Principal,1,0,3,3,5,7,1,3,2,3,2,1,2,2,2,1,1983,1985,No,Yes,Yes,,0,1
2024,99999,IL,17027.0,1702701000.0,Conventional:First Lien,Single Family (1-4 Units):Site-Built,Not Hispanic or Latino,White,Male,Loan originated,1,235000.0,80.0,3.9,0.25,1,2000.0,1400.0,700.0,1.0,650.0,360,0,0,0,0,0,0,0,250000.0,Standard,Principal,1,1,2,4,2,5,2,4,4,4,1,2,3,2,3,1,1975,1968,No,Yes,Yes,,1,0
2024,99999,MI,26153.0,2615301000.0,FHA
2024,99999,CT,9150.0,9150708100.0,Conventional:Subordinate Lien,Single Family (1-4 Units):Site-Built,Not Hispanic or Latino,White,Male,File closed for incompleteness,32,25000.0,,,,3,,,,,,240,,,2,2,2,2,,1,1,3,5,1,,96.0,,1111,1111,2.0,5.0,2,4,5.0,8.0,2,4,1,5,2,4,65-74,9999,Yes,,1,1
2024,99999,WA,0470.0,0471912100.0,FHA,Single Family (1-4 Units):Site-Built,Hispanic or Latino,White,Male,Loan originated,12,320000.0,92.0,4.5,0.0,0,15000.0,2000.0,1000.0,2.0,15000.0,360,0,0,0,0,1,0,3,3,0,0,30.0,0.0,1111,1,0,1,1,1,1,1,1111,1111,1.0,5.0,0,5,0,9.0,0,1,0,0,0,32000,65,0,0,0,0,0,0,0,0,0,0,0,0,No,,0,0
2024,99999,NJ,0170.0,0170100600.0,VA,Single Family (1-4 Units):Site-Built,Not Hispanic or Latino,Black,Female,Application approved,12,450000.0,95.0,5.2,0.0,0,20000.0,3000.0,1500.0,3.0,20000.0,360,,,0,0,0,0,0,2,2,0,0,0,0,0,1111,1111,1.0,4.5,1,5,0,0,0,1,0,1,0,0,15,35-44,0,0,0,0,0,1,0,1,0,0,0,0,0,0,0,0,
2024,99999,GA,0090.0,0090400700.0,USDA Rural Development,Single Family (1-4 Units):Site-Built,Not Hispanic or Latino,White,Female,Loan originated,12,300000.0,81.0,3.8,0.0,0,10000.0,1500.0,700.0,1.5,10000.0,360,0,0,0,0,1,0,2,1,0,0,40.0,0.0,1111,2,0,1,0,1,1,1,1111,1111,4.0,5.0,0,5,1,7.0,1,1,0,0,0,35000,50,0,0,0,0,0,0,1,0,0,0,0,0,0,0,
2024,99999,TX,0970.0,0970100400.0,FHA,Single Family (1-4 Units):Site-Built,Hispanic or Latino,Unknown,Male,Application approved,12,275000.0,77.0,4.1,0.0,0,8000.0,1200.0,600.0,1.0,10000.0,180,,,1,0,0,1,1,2,2,0,1,0,0,1,1111,1111,3.0,4.0,1,5,1,0,1,1,0,0,0,65,15,0,0,0,0,0,0,0,0,0,0,0,0,0,0,
2024,99999,FL,0810.0,0810502100.0,Conventional:First Lien,Single Family (1-4 Units):Site-Built,Hispanic or Latino,White,Male,Loan originated,12,500000.0,90.0,5.0,0.0,0,17000.0,2500.0,1200.0,2.5,15000.0,360,0,0,0,0,0,1,1,1,0,0,44.0,0.0,1111,1,0,1,1,0,0,1,1111,1111,2.0,4.8,0,5,0,10.0,0,1,0,1,0,50000,25,0,0,0,0,1,0,0,0,0,0,0,0,0,1,
2024,99999,MI,0370.0,0370100800.0,FHA,Single Family (1-4 Units):Site-Built,Not Hispanic or Latino,White,Female,Loan originated,20,350000.0,80.0,4.4,0.0,0,9000.0,1300.0,800.0,1.2,10000.0,180,0,0,0,0,1,1,2,2,0,1,34.0,0.0,1111,1111,1.0,4.5,0,5,0,0,0,1,0,0,0,35,0,0,0,0,0,0,1,0,0,0,0,0,0,0,0,0,
2024,99999,CA,0550.0,0550704000.0,Conventional:Second Lien,Single Family (1-4 Units):Site-Built,Hispanic or Latino,Mixed Race,Female,Loan originated,12,600000.0,95.0,5.8,0.0,0,20000.0,2800.0,1500.0,3.0,16000.0,360,0,0,0,0,1,0,2,2,0,1,38.0,0.0,1111,1111,1.0,4.6,2,5,1,0,1,1,0,1,0,25,0,0,0,0,0,0,0,0,0,0,0,0,0,0,0,0,
2024,99999,WI,0250.0,0250100600.0,Conventional:First Lien,Single Family (1-4 Units):Site-Built,Not Hispanic or Latino,White,Male,Preapproval denied,20,330000.0,93.0,4.8,0.0,0,13000.0,2000.0,1000.0,2.0,17000.0,360,0,0,0,0,0,0,1,1,0,0,28.0,0.0,1111,1111,2.0,4.5,0,5,0,1,0,1,0,1,0,50,0,0,0,0,0,0,0,0,0,0,0,0,0,0,0,0,
2024,99999,IN,0110.0,0110104800.0,USDA Rural Development,Single Family (1-4 Units):Site-Built,Not Hispanic or Latino,White,Male,Loan originated,10,200000.0,75.0,3.6,0.0,0,7000.0,1000.0,500.0,1.0,6500.0,360,0,0,0,0,0,1,2,1,0,0,26.0,0.0,1111,1111,3.0,5.0,0,5,0,7.0,0,1,0,0,0,30000,55,1,0,0,0,0,0,0,0,0,0,0,0,0,0,
2024,99999,MD,0090.0,0090400700.0,FHA,Single Family (1-4 Units):Site-Built,Hispanic or Latino,Mixed Race,Male,Loan originated,12,300000.0,87.0,4.2,0.0,0,11000.0,1600.0,900.0,1.5,12000.0,360,0,0,0,0,1,0,2,2,0,1,32.0,0.0,1111,1111,3.0,4.5,0,5,1,0,1,1,0,0,0,30,0,0,0,0,0,0,0,0,0,0,0,0,0,0,0,0,
2024,99999,OR,0850.0,0850300800.0,VA,Single Family (1-4 Units):Site-Built,Not Hispanic or Latino,White,Female,Loan originated,12,375000.0,91.0,4.7,0.0,0,12000.0,1800.0,1100.0,2.0,8500.0,180,0,0,0,0,0,0,1,2,0,1,38.0,0.0,1111,1111,5.0,5.0,3,5,0,7.0,0,1,0,1,0,40000,30,0,0,0,0,0,0,0,0,0,0,0,0,0,0,
2024,99999,IL,0170.0,0170100600.0,USDA Rural Development,Single Family (1-4 Units):Site-Built,Hispanic or Latino,Hispanic,Male,Loan originated,12,450000.0,95.0,5.5,0.0,0,16000.0,2200.0,1300.0,2.5,10000.0,360,0,0,0,0,1,0,2,1,0,0,36.0,0.0,1111,1111,3.0,4.5,1,5,1,9.0,0,1,0,0,0,65000,25,0,0,0,0,1,0,0,0,0,0,0,0,0,0,
2024,99999,NC,0150.0,0150302100.0,FHA,Single Family (1-4 Units):Site-Built,Not Hispanic or Latino,White,Male,Preapproval approved,12,480000.0,88.0,4.9,0.0,0,18000.0,2400.0,1400.0,2.5,15000.0,360,0,0,0,0,0,0,1,1,0,0,33.0,0.0,1111,1,0,0,1,0,1,1,1111,1111,4.0,4.5,0,5,1,8.0,0,1,0,0,0,52000,45,0,0,0,0,1,0,0,0,0,0,0,0,0,0,
2024,99999,KY,0670.0,0670506200.0,Conventional:First Lien,Single Family (1-4 Units):Site-Built,Not Hispanic or Latino,White,Male,Approved but not accepted,10,220000.0,65.0,3.8,0.0,0,9000.0,1300.0,600.0,1.3,11000.0,180,,0,0,0,0,1,1,2,1,0,0,30.0,0.0,1111,1,0,0,0,0,1,1,1111,1111,3.0,4.5,0,5,1,0,0,0,0,1,0,32000,28,0,0,0,0,0,0,0,0,0,0,0,0,0,0,
2024,99999,MO,0610.0,0610200700.0,Conventional:First Lien,Single Family (1-4 Units):Site-Built,Hispanic or Latino,White,Female,Pending approval,12,400000.0,83.0,4.3,0.0,1,13000.0,1900.0,1200.0,1.8,10000.0,180,,,0,0,0,0,0,0,3,1,0,0,36.0,0.0,1111,1111,4.0,4.6,1,5,0,7.0,0,0,0,0,0,60000,22,0,0,0,0,0,0,0,0,0,0,0,0,0,0,
2024,99999,MA,0370.0,0370100800.0,FHA,Single Family (1-4 Units):Site-Built,Not Hispanic or Latino,White,Male,Approved but not accepted,20,380000.0,90.0,5.0,0.0,0,12000.0,1900.0,900.0,1.8,12000.0,360,0,0,0,0,1,0,2,3,1,0,39.0,0.0,1111,1111,3.0,4.5,1,3,1,9.0,0,1,0,1,0,45000,53,0,0,0,0,0,0,0,0,0,0,0,0,0,0,
2024,99999,VA,0150.0,0150302100.0,Conventional:Second Lien,Single Family (1-4 Units):Site-Built,Not Hispanic or Latino,Non-Hispanic,Male,Preapproval denied,12,400000.0,92.0,4.8,0.0,0,12000.0,1800.0,1000.0,1.8,12000.0,360,0,0,0,0,0,0,2,1,0,0,29.0,0.0,1111,1111,4.0,5.0,1,5,0,0,1,0,0,0,0,40000,35,0,0,0,0,0,0,0,0,0,0,0,0,0,0,
2024,99999,NE,0930.0,0930600800.0,FHA,Single Family (1-4 Units):Site-Built,Not Hispanic or Latino,White,Female,Loan originated,12,320000.0,89.0,4.1,0.0,0,10000.0,1400.0,800.0,1.2,11000.0,240,0,0,0,0,0,1,2,2,1,0,38.0,0.0,1111,1111,2.0,5.0,0,5,0,8.0,1,0,0,0,0,40000,24,0,0,0,0,0,0,1,0,0,0,0,0,0,0,
2024,99999,PA,0730.0,0730207100.0,USDA Rural Development,Single Family (1-4 Units):Site-Built,Not Hispanic or Latino,White,Male,Completed,10,330000.0,79.0,3.5,0.0,0,12000.0,1600.0,800.0,1.5,10000.0,360,0,0,0,0,1,0,2,1,0,0,33.0,0.0,1111,1111,3.0,4.5,0,5,0,10.0,0,1,0,0,0,35000,45,0,0,0,0,0,0,0,1,0,0,0,0,0,0,
2024,99999,NH,0170.0,0170100600.0,Conventional:First Lien,Single Family (1-4 Units):Site-Built,Not Hispanic or Latino,White,Female,Loan originated,12,500000.0,95.0,5.2,0.0,0,15000.0,2500.0,1500.0,2.2,20000.0,360,0,0,0,0,0,0,1,1,1,0,35.0,0.0,1111,1111,5.0,5.0,0,5,0,0,0,1,0,1,0,50000,40,0,0,0,0,1,0,0,0,0,0,0,0,0,0,
2024,99999,NY,0010.0,0010100800.0,FHA,Single Family (1-4 Units):Site-Built,Not Hispanic or Latino,White,Male,Loan originated,20,425000.0,94.0,4.9,0.0,0,12000.0,1900.0,1000.0,1.6,8000.0,360,0,0,0,0,1,1,1,2,0,0,33.0,0.0,1111,1111,2.0,4.5,0,5,1,0,0,0,0,0,0,35000,55,0,0,0,0,0,0,0,0,0,0,0,0,0,0,
2024,99999,AL,0470.0,0471912100.0,Conventional:First Lien,Single Family (1-4 Units):Site-Built,Not Hispanic or Latino,White,Male,Loan originated,12,260000.0,80.0,3.9,0.0,0,10000.0,1500.0,750.0,1.3,12000.0,360,0,0,0,0,1,0,2,1,0,1,30.0,0.0,1111,1111,3.0,5.0,1,5,0,6.0,1,1,0,0,0,50000,30,0,0,0,0,0,0,0,0,0,0,0,0,0,0,
2024,99999,ME,0070.0,0070100400.0,FHA,Single Family (1-4 Units):Site-Built,Hispanic or Latino,White,Male,Preapproval denied,12,190000.0,68.0,4.0,0.0,0,9000.0,1400.0,600.0,1.5,9000.0,180,0,0,0,0,1,0,1,1,0,1,32.0,0.0,1111,1111,2.0,4.5,0,5,1,0,1,1,0,1,0,20000,35,0,0,0,0,0,0,0,0,0,0,0,0,0,0,
2024,99999,VT,0070.0,0070100400.0,USDA Rural Development,Single Family (1-4 Units):Site-Built,Hispanic or Latino,Mixed Race,Female,Completed,12,340000.0,85.0,4.2,0.0,0,17000.0,2200.0,1200.0,2.0,15000.0,360,0,0,0,0,0,0,2,3,0,0,36.0,0.0,1111,1111,4.0,4.8,1,5,1,0,0,1,0,0,0,50000,40,0,0,0,0,0,0,0,0,0,0,0,0,0,0,
2024,99999,RI,0090.0,0090400700.0,FHA,Single Family (1-4 Units):Site-Built,Not Hispanic or Latino,White,Male,Loan originated,12,400000.0,92.0,4.7,0.0,0,10000.0,1400.0,900.0,1.4,9000.0,360,0,0,0,0,1,1,3,3,1,0,39.0,0.0,1111,1111,3.0,5.0,0,5,0,0,0,1,0,0,1,25000,60,0,0,0,0,0,0,0,0,0,0,0,0,0,0,
2024,99999,WV,0050.0,0050070700.0,Conventional:Second Lien,Single Family (1-4 Units):Site-Built,Not Hispanic or Latino,White,Male,Denied due to insufficient income,20,290000.0,86.0,5.0,0.0,0,12000.0,1800.0,1000.0,1.8,10000.0,360,0,0,0,0,0,1,1,2,0,0,35.0,0.0,1111,1111,6.0,4.5,1,5,0,0,0,1,0,0,1,30000,35,0,0,0,0,0,0,0,0,0,0,0,0,0,0,
2024,99999,SC,0230.0,0230100400.0,VA,Single Family (1-4 Units):Site-Built,Hispanic or Latino,HISPANIC,Male,Loan originated,12,440000.0,88.0,5.3,0.0,0,14000.0,1900.0,1000.0,2.0,13000.0,360,0,0,0,0,1,0,2,2,1,0,38.0,0.0,1111,1111,5.0,5.0,0,5,1,10.0,0,1,0,1,0,40000,45,0,0,0,0,0,0,0,0,0,0,0,0,0,0,
2024,99999,SD,0030.0,0030050500.0,FHA,Single Family (1-4 Units):Site-Built,Not Hispanic or Latino,White,Female,Preapproval approved,12,300000.0,83.0,3.4,0.0,0,11000.0,1700.0,800.0,1.3,10000.0,180,0,0,0,0,1,0,2,2,0,0,38.0,0.0,1111,1111,4.0,4.8,0,5,1,0,0,0,0,0,0,45000,35,0,0,0,0,0,0,0,0,0,0,0,0,0,0,
2024,99999,DC,0010.0,0010100800.0,Conventional:First Lien,Single Family (1-4 Units):Site-Built,Not Hispanic or Latino,Non-Hispanic,Female,Approved but not accepted,12,450000.0,92.0,5.0,0.0,0,12000.0,1800.0,1100.0,1.7,11000.0,360,0,0,0,0,1,0,1,1,0,1,35.0,0.0,1111,1111,1.0,5.0,0,5,0,8.0,0,1,0,1,0,50000,45,0,0,0,0,0,0,0,0,0,0,0,0,0,0,
2024,99999,HI,0030.0,0030050500.0,FHA,Single Family (1-4 Units):Site-Built,Not Hispanic or Latino,White,Male,Loan originated,12,350000.0,89.0,4.4,0.0,0,13000.0,2000.0,1300.0,2.0,8000.0,360,0,0,0,0,0,0,2,2,0,0,35.0,0.0,1111,1111,1.0,4.3,0,5,0,9.0,0,1,0,0,0,35000,40,0,0,0,0,1,0,0,0,0,0,0,0,0,0,
2024,99999,AK,0270.0,0270100600.0,Conventional:Second Lien,Single Family (1-4 Units):Site-Built,Hispanic or Latino,White,Male,Submitted,10,300000.0,87.0,4.2,0.0,0,10000.0,1400.0,800.0,1.7,9000.0,180,0,0,0,0,1,0,2,2,0,1,33.0,0.0,1111,1111,5.0,4.5,1,5,1,0,0,1,0,1,0,50000,30,0,0,0,0,0,0,0,0,0,0,0,0,0,0,
2024,99999,OK,0310.0,0310100400.0,USDA Rural Development,Single Family (1-4 Units):Site-Built,Not Hispanic or Latino,White,Male,Loan originated,12,320000.0,82.0,3.8,0.0,0,13000.0,1800.0,1100.0,1.6,11000.0,360,0,0,0,0,0,1,1,1,0,0,32.0,0.0,1111,1,0,1,1,0,1,1,1111,1111,4.0,5.0,0,5,0,0,0,1,0,0,0,30000,50,0,0,0,0,0,0,0,1,0,0,0,0,0,0,
2024,99999,MT,0110.0,0110104800.0,Conventional:First Lien,Single Family (1-4 Units):Site-Built,Hispanic or Latino,Hispanic,Female,File closed for incompleteness,12,320000.0,78.0,3.6,0.0,0,11000.0,1600.0,700.0,1.6,14000.0,240,0,0,0,0,0,0,2,2,0,0,29.0,0.0,1111,1111,4.0,4.5,0,5,1,8.0,0,0,0,0,0,40000,35,0,0,0,0,0,0,0,0,0,0,0,0,0,0,
2024,99999,ID,0470.0,0471912100.0,FHA,Single Family (1-4 Units):Site-Built,Hispanic or Latino,White,Male,Approved but not accepted,12,350000.0,90.0,4.3,0.0,0,10000.0,1600.0,800.0,1.5,10000.0,360,0,0,0,0,0,1,2,2,0,0,32.0,0.0,1111,1111,1.0,4.7,1,5,0,7.0,0,1,0,0,0,50000,55,0,0,0,0,1,0,0,0,0,0,0,0,0,0,
2024,99999,AR,0350.0,0350105400.0,VA,Single Family (1-4 Units):Site-Built,Not Hispanic or Latino,Black,Female,Preapproval approved,12,400000.0,95.0,4.9,0.0,0,15000.0,2200.0,1100.0,2.0,14000.0,180
2024,99999,CT,9150.0,9150708100.0,Conventional:Subordinate Lien,Single Family (1-4 Units):Site-Built,Not Hispanic or Latino,White,Male,File closed for incompleteness,32,25000.0,,,,3,,,,,,240,,,2,2,2,2,,1,1,3,5,1,,96.0,,1111,1111,2.0,5.0,2,4,5.0,8.0,2,4,1,5,2,4,65-74,9999,Yes,,1,1
2024,12345,CA,0600.0,060012345.0,FHA:First lien,Single Family (1-4 Units):Site-Built,Hispanic or Latino,Hispanic or Latino,Male,Loan originated,1,320000.0,73.5,4.3,1.8,1,4900.0,3700.0,200.0,1.5,1200.0,360,0,0,0,0,0,0,1,2,0,1,3,0,78.0,45.0,1000,1500,2,2,85.0,65.0,2,2,1,1,45,9999,No,,0,5
2024,23456,TX,4800.0,480012345.0,VA:First lien,Single Family (1-4 Units):Site-Built,Not Hispanic or Latino,White,Female,Loan approved but not accepted,1,280000.0,78.2,5.1,2.2,2,3800.0,3100.0,150.0,2.0,800.0,300,0,0,0,0,1,0,1,2,1,1,3,0,82.0,50.0,900,1200,3,3,90.0,70.0,2,2,1,1,65,9999,Yes,,1,2
2024,34567,NY,3600.0,360012345.0,Conventional:First lien,Single Family (1-4 Units):Site-Built,Not Hispanic or Latino,Black,Female,Application withdrawn by applicant,3,150000.0,84.3,6.7,3.3,1,6200.0,4700.0,250.0,2.5,1000.0,240,0,0,0,0,0,0,1,1,0,0,2,0,80.0,55.0,1000,1100,1,4,95.0,82.0,2,3,1,1,72,9999,Yes,,0,0
2024,45678,FL,1200.0,120012345.0,FHA:First lien,Single Family (1-4 Units):Site-Built,Hispanic or Latino,Hispanic or Latino,Female,Denial,3,220000.0,85.4,8.2,4.1,1,5800.0,4300.0,300.0,5.0,1100.0,360,0,0,0,0,0,0,1,1,0,0,2,0,87.0,62.0,1200,1300,2,1,93.0,100.0,3,3,4,5,25,9999,No,,1,1
2024,56789,WA,5300.0,530012345.0,Conventional:First lien,Single Family (1-4 Units):Site-Built,Not Hispanic or Latino,Asian,Male,Loan originated,1,350000.0,60.3,4.7,2.4,2,5500.0,4200.0,200.0,3.0,1500.0,360,0,0,0,0,0,0,1,2,0,1,3,0,88.0,72.0,1300,1700,4,2,92.0,90.0,1,2,1,1,70,9999,No,,0,3
2024,67890,GA,1300.0,130012345.0,FHA:First lien,Single Family (1-4 Units):Site-Built,Not Hispanic or Latino,White,Male,Loan originated,1,290000.0,75.6,5.0,2.6,0,3900.0,3000.0,100.0,2.0,1100.0,300,0,0,0,0,0,0,1,1,0,1,3,0,85.0,58.0,950,1800,3,2,70.0,80.0,2,4,1,1,60,9999,Yes,,0,4
2024,78901,IL,1700.0,170012345.0,VA:First lien,Single Family (1-4 Units):Site-Built,Not Hispanic or Latino,Black,Female,Denial,3,180000.0,82.8,7.8,3.5,1,5000.0,3800.0,150.0,4.0,900.0,240,0,0,0,0,0,0,1,1,0,0,2,0,80.0,75.0,1050,1200,4,3,90.0,85.0,0,0,1,1,74,9999,Yes,,3,0
2024,89012,MI,2600.0,260012345.0,Conventional:First lien,Single Family (1-4 Units):Site-Built,Not Hispanic or Latino,Hispanic or Latino,Male,Application withdrawn by applicant,3,230000.0,90.5,9.2,4.7,1,4500.0,3300.0,280.0,4.5,1200.0,300,0,0,0,0,1,0,1,1,0,0,2,0,85.0,60.0,1150,1400,4,1,95.0,90.0,1,1,2,2,50,9999,Yes,,0,1
2024,90123,PA,4200.0,420012345.0,FHA:First lien,Single Family (1-4 Units):Site-Built,Not Hispanic or Latino,White,Male,Loan approved but not accepted,3,260000.0,76.4,5.5,3.0,1,3200.0,2600.0,120.0,3.0,1000.0,360,0,0,0,0,0,0,1,1,0,0,3,0,78.0,58.0,1100,1500,2,1,88.0,75.0,2,5,1,1,45,9999,No,,1,2
2024,01234,OH,3900.0,390012345.0,Conventional:Subordinate Lien,Single Family (1-4 Units):Site-Built,Hispanic or Latino,Hispanic or Latino,Male,Loan originated,1,170000.0,70.2,4.8,2.8,1,2900.0,2200.0,180.0,2.6,900.0,240,0,0,0,0,0,0,1,2,1,2,3,0,78.0,62.0,1050,1200,2,2,88.0,90.0,0,2,1,1,51,9999,No,,0,1
2024,12345,VA,8300.0,830012345.0,Va:First lien,Single Family (1-4 Units):Site-Built,Not Hispanic or Latino,White,Male,File closed for incompleteness,2,400000.0,88.0,6.2,3.2,0,6000.0,4500.0,300.0,4.0,1300.0,300,0,0,0,0,0,0,1,1,1,1,3,3,82.0,65.0,1250,1600,3,2,100.0,90.0,1,1,1,1,63,9999,No,,2,3
2024,23456,NC,3700.0,370012345.0,Conventional:First lien,Single Family (1-4 Units):Site-Built,Not Hispanic or Latino,Black,Female,Loan originated,1,255000.0,72.8,5.1,2.3,1,2900.0,2100.0,250.0,2.0,1100.0,360,0,0,0,0,0,0,1,2,1,0,3,0,85.0,65.0,900,1300,0,0,75.0,80.0,0,1,1,1,75,9999,No,,1,0
2024,34567,SC,4500.0,450012345.0,FHA:First lien,Single Family (1-4 Units):Site-Built,Not Hispanic or Latino,Asian,Female,Applicant credit score too low,2,210000.0,98.2,9.5,4.9,1,5000.0,4100.0,320.0,3.5,1350.0,300,0,0,0,0,0,0,1,2,0,1,2,0,86.0,52.0,1200,1700,4,1,92.0,88.0,0,3,1,1,50,9999,No,,0,3
2024,45678,TN,4700.0,470012345.0,VA:First lien,Single Family (1-4 Units):Site-Built,Not Hispanic or Latino,White,Male,Loan originated,1,320000.0,75.1,4.5,2.5,1,4300.0,3400.0,100.0,2.5,1600.0,300,0,0,0,0,0,0,1,1,0,1,3,0,79.0,60.0,1200,1600,1,0,82.0,80.0,1,2,1,1,62,9999,Yes,,0,2
2024,56789,KY,2100.0,210012345.0,Conventional:First lien,Single Family (1-4 Units):Site-Built,Hispanic or Latino,Hispanic or Latino,Female,Loan originated,1,380000.0,77.4,5.5,3.0,1,5000.0,3900.0,300.0,3.2,1500.0,240,0,0,0,0,0,0,1,2,0,1,3,0,90.0,49.0,1100,1900,2,1,80.0,70.0,2,2,1,1,68,9999,Yes,,0,0
2024,67890,MO,2900.0,290012345.0,FHA:First lien,Single Family (1-4 Units):Site-Built,Not Hispanic or Latino,White,Female,Denial,3,420000.0,52.7,5.2,2.2,1,4500.0,3500.0,250.0,3.0,1000.0,360,0,0,0,0,0,0,1,1,0,0,3,0,84.0,64.0,1200,1600,1,2,96.0,92.0,1,1,1,1,74,9999,Yes,,0,1
2024,78901,AL,0100.0,010012345.0,Conventional:First lien,Single Family (1-4 Units):Site-Built,Not Hispanic or Latino,Black,Male,Loan approved but not accepted,3,280000.0,79.0,5.1,2.9,0,4900.0,3700.0,100.0,2.0,1000.0,360,0,0,0,0,0,0,1,1,0,0,2,0,72.0,55.0,1150,1300,1,1,70.0,50.0,1,0,1,1,70,9999,No,,2,2
2024,89012,MS,2800.0,280012345.0,FHA:First lien,Single Family (1-4 Units):Site-Built,Hispanic or Latino,Hispanic or Latino,Female,Loan originated,1,370000.0,59.3,6.7,2.8,1,4700.0,3800.0,350.0,4.0,1400.0,240,0,0,0,0,1,0,1,1,1,1,3,0,87.0,61.0,1100,1600,2,1,70.0,80.0,0,1,1,1,55,9999,No,,0,4
2024,90123,LA,2200.0,220012345.0,VA:First lien,Single Family (1-4 Units):Site-Built,Not Hispanic or Latino,White,Male,File closed for incompleteness,2,290000.0,90.0,5.8,3.4,0,5000.0,3800.0,200.0,3.0,1600.0,300,0,0,0,0,0,0,1,2,0,0,2,0,69.0,52.0,1000,1300,2,1,80.0,74.0,1,0,1,1,66,9999,No,,2,2
2024,01234,ID,1600.0,160012345.0,Conventional:First lien,Single Family (1-4 Units):Site-Built,Hispanic or Latino,Hispanic or Latino,Male,Loan originated,1,330000.0,86.0,6.5,4.0,1,3400.0,2800.0,150.0,2.8,1200.0,300,0,0,0,0,0,0,1,1,1,1,2,0,80.0,58.0,1100,1500,2,1,85.0,80.0,2,2,1,1,70,9999,Yes,,2,0
2024,12345,WV,5400.0,540012345.0,Conventional:Subordinate Lien,Single Family (1-4 Units):Site-Built,Not Hispanic or Latino,White,Male,Denial,3,270000.0,97.4,9.0,4.1,1,4500.0,3600.0,280.0,5.0,1300.0,300,0,0,0,0,0,0,1,0,0,0,3,0,85.0,65.0,900,1300,0,1,95.0,90.0,1,1,1,1,68,9999,Yes,,1,1
2024,23456,NE,3100.0,310012345.0,FHA:First lien,Single Family (1-4 Units):Site-Built,Hispanic or Latino,Hispanic or Latino,Female,Loan originated,1,310000.0,87.2,6.2,3.2,1,4200.0,3300.0,100.0,2.5,1200.0,240,0,0,0,0,0,0,1,2,1,0,2,0,75.0,54.0,1050,1500,2,1,90.0,85.0,2,0,1,1,71,9999,Yes,,0,2
2024,34567,CO,0800.0,080012345.0,Conventional:First lien,Single Family (1-4 Units):Site-Built,Not Hispanic or Latino,White,Male,Loan approved but not accepted,3,410000.0,78.8,5.9,3.0,1,5100.0,3700.0,180.0,2.4,1500.0,360,0,0,0,0,0,0,1,2,0,0,3,0,76.0,62.0,1200,1600,3,1,80.0,76.0,1,0,1,1,54,9999,No,,1,0
2024,45678,OK,4000.0,400012345.0,FHA:First lien,Single Family (1-4 Units):Site-Built,Hispanic or Latino,Hispanic or Latino,Male,Loan originated,1,210000.0,70.0,7.1,3.1,1,4000.0,3200.0,180.0,3.0,1200.0,300,0,0,0,0,0,0,1,2,0,1,2,0,75.0,58.0,1200,1350,2,1,95.0,86.0,2,1,1,1,44,9999,Yes,,0,1
2024,56789,MT,3000.0,300012345.0,Conventional:First lien,Single Family (1-4 Units):Site-Built,Not Hispanic or Latino,White,Male,Application withdrawn by applicant,3,255000.0,81.6,6.5,3.9,0,5000.0,3200.0,100.0,2.1,900.0,360,0,0,0,0,1,1,1,2,0,0,2,0,69.0,65.0,1300,1400,3,0,85.0,82.0,1,1,1,1,63,9999,No,,1,3
2024,67890,ND,3800.0,380012345.0,VA:First lien,Single Family (1-4 Units):Site-Built,Not Hispanic or Latino,Native Hawaiian or Pacific Islander,Male,Loan originated,1,210000.0,81.3,5.7,2.8,0,4000.0,3000.0,150.0,1.8,900.0,360,0,0,0,0,0,0,1,2,1,0,3,0,81.0,56.0,1150,1200,2,0,80.0,78.0,1,1,1,1,75,9999,Yes,,1,2
2024,78901,SD,4600.0,460012345.0,FHA:First lien,Single Family (1-4 Units):Site-Built,Hispanic or Latino,Hispanic or Latino,Female,Loan originated,1,220000.0,68.0,4.1,2.1,1,4500.0,3200.0,250.0,2.0,1200.0,240,0,0,0,0,0,0,1,2,0,1,2,0,78.0,63.0,1150,1500,2,1,92.0,78.0,2,1,1,1,59,9999,Yes,,0,1
2024,89012,IA,1900.0,190012345.0,Conventional:First lien,Single Family (1-4 Units):Site-Built,Not Hispanic or Latino,Black,Female,Denial,3,230000.0,84.5,6.8,3.5,1,5500.0,4000.0,200.0,2.9,1100.0,300,0,0,0,0,0,0,1,2,0,1,2,0,80.0,58.0,1250,1100,2,1,90.0,79.0,2,1,1,1,61,9999,Yes,,0,1
2024,90123,KS,2000.0,200012345.0,FHA:First lien,Single Family (1-4 Units):Site-Built,Not Hispanic or Latino,White,Female,Applicant credit score too low,2,190000.0,93.0,8.1,4.1,1,5300.0,4100.0,240.0,3.8,900.0,300,0,0,0,0,0,0,1,2,0,1,3,0,87.0,66.0,1400,1200,2,1,80.0,80.0,0,0,1,1,60,9999,No,,2,1
2024,01234,AR,0500.0,050012345.0,Conventional:First lien,Single Family (1-4 Units):Site-Built,Hispanic or Latino,Hispanic or Latino,Male,Loan originated,1,180000.0,74.0,6.1,3.0,1,3000.0,2500.0,100.0,2.0,900.0,240,0,0,0,0,0,0,1,2,0,0,2,0,76.0,55.0,1400,1300,1,0,95.0,82.0,2,1,1,1,50,9999,Yes,,1,2
2024,12345,VT,5000.0,500012345.0,VA:First lien,Single Family (1-4 Units):Site-Built,Not Hispanic or Latino,White,Male,Loan originated,1,360000.0,80.1,6.3,3.2,1,4500.0,3500.0,150.0,3.0,1400.0,300,0,0,0,0,0,0,1,1,1,1,2,0,79.0,57.0,1050,1500,1,1,77.0,85.0,0,3,1,1,64,9999,Yes,,1,0
2024,23456,IN,1800.0,180012345.0,Conventional:First lien,Single Family (1-4 Units):Site-Built,Not Hispanic or Latino,Black,Female,Applicant credit score too low,2,330000.0,77.3,5.2,2.5,1,6500.0,4900.0,200.0,4.0,1200.0,300,0,0,0,0,0,0,1,1,0,0,2,0,80.0,63.0,1300,1200,3,1,85.0,82.0,0,0,1,1,66,9999,No,,2,2
2024,34567,DE,1000.0,100012345.0,FHA:First lien,Single Family (1-4 Units):Site-Built,Not Hispanic or Latino,White,Male,Loan originated,1,380000.0,88.0,5.0,3.0,1,5500.0,4400.0,200.0,1.8,1300.0,300,0,0,0,0,0,0,1,2,1,1,3,0,77.0,63.0,1300,1400,2,0,88.0,80.0,1,3,1,1,74,9999,No,,0,1
2024,45678,MD,2400.0,240012345.0,Conventional:First lien,Single Family (1-4 Units):Site-Built,Hispanic or Latino,Hispanic or Latino,Male,Loan approved but not accepted,3,245000.0,82.0,5.6,3.0,1,4800.0,3800.0,180.0,2.6,1100.0,360,0,0,0,0,0,0,1,1,0,0,2,0,75.0,58.0,1300,1400,2,1,92.0,94.0,0,1,1,1,53,9999,Yes,,0,1
2024,56789,ME,2300.0,230012345.0,FHA:First lien,Single Family (1-4 Units):Site-Built,Not Hispanic or Latino,White,Female,Loan originated,1,220000.0,98.2,8.5,5.0,1,5000.0,3500.0,150.0,4.0,1200.0,240,0,0,0,0,1,0,1,1,0,1,3,0,88.0,69.0,1150,1400,2,2,89.0,90.0,2,2,1,1,52,9999,Yes,,1,1
2024,67890,HI,1500.0,150012345.0,VA:First lien,Single Family (1-4 Units):Site-Built,Not Hispanic or Latino,Asian,Female,Loan originated,1,270000.0,70.0,5.9,2.6,1,5000.0,3800.0,200.0,2.1,900.0,300,0,0,0,0,0,0,1,1,1,0,3,0,76.0,55.0,1000,1300,4,1,80.0,75.0,3,2,1,1,65,9999,No,,2,3
2024,78901,NJ,3400.0,340012345.0,Conventional:First lien,Single Family (1-4 Units):Site-Built,Not Hispanic or Latino,White,Male,Denial,3,300000.0,86.0,5.5,3.1,1,4100.0,3200.0,180.0,2.0,1300.0,240,0,0,0,0,0,0,1,2,0,0,3,0,80.0,62.0,1150,1400,1,2,80.0,80.0,1,3,1,1,70,9999,Yes,,1,2
2024,89012,AK,0200.0,020012345.0,FHA:First lien,Single Family (1-4 Units):Site-Built,Not Hispanic or Latino,White,Female,Loan originated,1,340000.0,70.5,6.5,2.8,1,5000.0,3800.0,200.0,2.6,1200.0,240,0,0,0,0,0,0,1,2,0,0,2,0,82.0,64.0,1300,1400,3,1,92.0,87.0,1,2,1,1,60,9999,No,,1,1
2024,90123,WY,5600.0,560012345.0,Conventional:First lien,Single Family (1-4 Units):Site-Built,Hispanic or Latino,Hispanic or Latino,Male,Loan originated,1,250000.0,76.4,4.2,1.8,1,4900.0,3700.0,250.0,2.2,1050.0,240,0,0,0,0,0,0,1,2,1,1,2,0,78.0,58.0,1050,1100,3,1,85.0,80.0,2,2,1,1,60,9999,No,,2,2
2024,01234,OR,4100.0,410012345.0,FHA:First lien,Single Family (1-4 Units):Site-Built,Not Hispanic or Latino,White,Female,Loan originated,1,310000.0,78.2,6.5,3.5,1,560
2024,99999,CT,9150.0,9150708100.0,Conventional:Subordinate Lien,Single Family (1-4 Units):Site-Built,Not Hispanic or Latino,White,Male,File closed for incompleteness,32,25000.0,,,,3,,,,,,240,,,2,2,2,2,,1,1,3,5,1,,96.0,,1111,1111,2.0,5.0,2,4,5.0,8.0,2,4,1,5,2,4,65-74,9999,Yes,,1,1
2024,10001,NY,36061.0,3606100200.0,FHA,Single Family (1-4 Units):Site-Built,Hispanic or Latino,Hispanic or Latino,Male,Loan originated,1,250000.0,85.0,6.75,2.25,1,2500.0,500.0,1000.0,1.0,0.0,360,0,0,0,0,1,1,1,1,1,,95.0,,2222,1111,3.0,7.0,3,4,4.0,9.0,1,5,3,5,1,5,55-64,85-99,Yes,,2,1
2024,10002,NJ,34003.0,3400300800.0,VA,Single Family (1-4 Units):Site-Built,Not Hispanic or Latino,White,Male,Denial of loan application,1,300000.0,90.0,6.25,2.00,1,2000.0,700.0,1200.0,2.0,0.0,360,0,0,0,0,2,2,2,2,2,,92.0,,3333,2222,4.0,6.5,5,3,2.0,10.0,2,3,2,2,2,2,45-54,75-84,No,,1,2
2024,10003,MA,25025.0,2502504000.0,Conventional:First Lien,Single Family (1-4 Units):Site-Built,Not Hispanic or Latino,White,Female,Loan originated,1,400000.0,80.0,5.75,1.50,0,3500.0,1200.0,1500.0,2.5,0.0,300,0,0,0,0,2,2,1,1,1,,94.0,,4444,3333,5.0,6.0,1,2,3.0,11.0,3,2,1,3,3,3,55-64,75-84,Yes,,1,1
2024,10004,FL,12089.0,1208900700.0,Conventional:First Lien,Single Family (1-4 Units):Site-Built,Not Hispanic or Latino,Asian,Female,File closed for incompleteness,2,350000.0,92.0,7.00,1.75,0,2800.0,900.0,1000.0,1.5,0.0,240,1,0,0,0,1,2,2,1,2,,90.0,,5555,0000,3.0,7.5,2,3,5.0,8.5,1,1,2,2,2,3,65-74,85-99,Yes,,2,2
2024,10005,CA,06075.0,0607500500.0,FHA,Single Family (1-4 Units):Site-Built,Hispanic or Latino,Hispanic or Latino,Male,Denial of loan application,3,150000.0,95.0,7.25,2.50,1,3000.0,600.0,1100.0,0.5,0.0,240,0,0,1,0,1,1,2,1,2,,88.0,,6666,2222,4.5,8.0,4,5,1.0,12.0,2,1,1,1,1,1,35-44,35-44,Yes,,2,2
2024,10006,IL,17031.0,1703103000.0,VA,Single Family (1-4 Units):Site-Built,Not Hispanic or Latino,Black,Male,Loan originated,1,450000.0,82.0,6.50,2.00,0,4500.0,1100.0,2000.0,2.0,0.0,240,0,0,0,0,2,2,2,1,1,,91.0,,7777,5555,2.0,7.0,3,4,3.0,9.5,1,4,3,2,3,3,45-54,45-54,No,,1,2
2024,10007,TX,48013.0,4801300300.0,Conventional:First Lien,Single Family (1-4 Units):Site-Built,Hispanic or Latino,Hispanic or Latino,Female,Loan originated,1,350000.0,78.0,6.00,1.50,1,3200.0,1000.0,1600.0,2.0,0.0,360,0,0,0,0,1,1,1,1,2,,89.0,,8888,3333,5.0,7.5,1,3,2.0,6.0,2,3,1,4,3,4,35-44,85-99,Yes,,2,1
2024,10008,GA,13121.0,1312100100.0,FHA,Single Family (1-4 Units):Site-Built,Not Hispanic or Latino,Asian,Male,Denial of loan application,7,200000.0,88.0,6.75,2.25,1,1800.0,500.0,1200.0,1.0,0.0,240,0,0,0,0,1,2,2,2,1,,96.0,,9999,1111,2.5,8.0,2,4,3.0,10.0,1,1,1,1,1,1,65-74,85-99,Yes,,2,1
2024,10009,OH,39119.0,3911900200.0,Conventional:First Lien,Single Family (1-4 Units):Site-Built,Not Hispanic or Latino,White,Female,Loan originated,1,550000.0,75.0,6.25,1.75,0,3000.0,1000.0,1300.0,2.5,0.0,300,0,0,0,1,1,1,2,1,1,,90.0,,0000,2222,3.0,6.8,3,3,5.0,8.0,2,1,1,3,3,3,45-54,75-84,No,,1,1
2024,10010,NV,32031.0,3203100100.0,Conventional:First Lien,Single Family (1-4 Units):Site-Built,Hispanic or Latino,Hispanic or Latino,Female,Denial of loan application,5,300000.0,90.0,7.00,2.00,1,2800.0,900.0,1500.0,2.0,0.0,360,1,0,0,0,1,1,1,1,2,,85.0,,1111,3333,4.0,7.0,1,3,2.0,12.0,1,2,2,3,2,2,25-34,45-54,Yes,,2,2
2024,10011,WA,53033.0,5303301500.0,VA,Single Family (1-4 Units):Site-Built,Not Hispanic or Latino,White,Male,Loan originated,1,400000.0,85.0,6.50,1.75,0,3500.0,1300.0,1400.0,1.5,0.0,360,0,0,0,1,2,2,2,1,1,,92.0,,2222,4444,2.0,8.0,2,3,5.0,6.0,3,1,3,1,2,2,55-64,55-64,No,,2,1
2024,10012,CO,08071.0,0807100400.0,FHA,Single Family (1-4 Units):Site-Built,Hispanic or Latino,Mixed Race,Male,File closed for incompleteness,1,220000.0,90.0,6.90,2.00,1,2000.0,600.0,1200.0,2.0,0.0,240,0,0,0,0,1,2,2,2,1,,87.0,,3333,5555,3.5,6.5,3,4,1.0,9.5,1,2,2,2,1,2,65-74,55-64,No,,1,1
2024,10013,MD,24005.0,2400500600.0,Conventional:First Lien,Single Family (1-4 Units):Site-Built,Not Hispanic or Latino,White,Female,Loan originated,1,600000.0,78.0,5.50,1.25,0,3000.0,900.0,1300.0,2.0,0.0,300,0,0,1,0,2,1,1,1,1,,94.0,,4444,6666,2.0,7.0,1,5,2.0,7.0,1,3,1,4,3,4,25-34,75-84,Yes,,1,1
2024,10014,ID,16001.0,1600105000.0,Conventional:First Lien,Single Family (1-4 Units):Site-Built,Not Hispanic or Latino,Asian,Male,Loan originated,1,200000.0,85.0,6.75,1.50,0,2500.0,700.0,800.0,1.0,0.0,360,0,0,0,0,1,1,1,1,2,,88.0,,5555,7777,3.0,7.5,2,5,3.0,9.5,3,1,1,2,2,4,55-64,45-54,Yes,,1,2
2024,10015,IN,18073.0,1807300800.0,VA,Single Family (1-4 Units):Site-Built,Not Hispanic or Latino,Black,Female,File closed for incompleteness,1,300000.0,88.0,7.00,2.25,1,3000.0,800.0,1100.0,0.5,0.0,240,0,0,0,0,2,1,2,2,1,,84.0,,6666,8888,4.0,8.0,3,3,5.0,11.0,2,2,1,5,1,2,45-54,65-74,No,,2,1
2024,10016,WI,55095.0,5509504500.0,FHA,Single Family (1-4 Units):Site-Built,Not Hispanic or Latino,White,Female,Loan originated,1,350000.0,82.0,6.25,1.50,0,2800.0,700.0,1500.0,2.0,0.0,300,0,0,0,0,1,2,1,1,2,,90.0,,7777,9999,5.0,7.0,4,4,1.0,6.0,1,3,1,5,1,1,75-84,55-64,Yes,,1,1
2024,10017,AZ,04013.0,0401301500.0,Conventional:First Lien,Single Family (1-4 Units):Site-Built,Hispanic or Latino,Hispanic or Latino,Male,Loan originated,1,150000.0,85.0,7.25,2.00,1,2500.0,800.0,1100.0,2.0,0.0,360,0,0,0,0,1,1,1,2,2,,83.0,,8888,0000,5.0,8.0,1,2,3.0,9.0,2,2,1,1,2,2,75-84,65-74,No,,2,1
2024,10018,NC,37107.0,3710700700.0,FHA,Single Family (1-4 Units):Site-Built,Hispanic or Latino,Hispanic or Latino,Female,Denial of loan application,1,450000.0,90.0,6.50,1.75,0,3500.0,1000.0,1300.0,2.0,0.0,240,1,0,0,0,1,1,2,1,2,,91.0,,9999,1111,2.0,7.0,2,2,2.0,10.0,2,2,1,3,2,2,55-64,75-84,Yes,,2,2
2024,10019,NH,33015.0,3301501500.0,Conventional:Subordinate Lien,Single Family (1-4 Units):Site-Built,Not Hispanic or Latino,White,Male,Loan originated,1,300000.0,80.0,5.80,1.30,0,3000.0,900.0,1400.0,1.5,0.0,360,0,0,0,1,2,1,2,1,1,,95.0,,0000,2222,3.0,6.8,3,3,4.0,7.0,1,2,2,4,3,3,25-34,75-84,No,,2,1
2024,10020,SC,45051.0,4505100900.0,VA,Single Family (1-4 Units):Site-Built,Not Hispanic or Latino,Asian,Male,Loan originated,1,175000.0,86.0,6.00,1.75,0,2500.0,600.0,1000.0,2.0,0.0,240,0,0,0,0,1,2,2,1,1,,89.0,,1111,3333,2.5,8.0,4,4,3.0,11.0,1,1,3,2,1,4,45-54,65-74,Yes,,1,1
2024,10021,NM,35037.0,3503702000.0,FHA,Single Family (1-4 Units):Site-Built,Hispanic or Latino,Hispanic or Latino,Female,Denial of loan application,1,450000.0,90.0,6.75,2.25,1,3000.0,800.0,1500.0,1.0,0.0,300,0,0,0,0,1,1,1,2,1,,88.0,,2222,4444,4.0,7.0,1,3,2.0,9.5,2,3,1,2,1,1,45-54,85-99,No,,2,2
2024,10022,DC,11001.0,1100101000.0,Conventional:First Lien,Single Family (1-4 Units):Site-Built,Hispanic or Latino,Hispanic or Latino,Female,Loan originated,1,500000.0,80.0,6.50,1.50,0,3500.0,1100.0,1300.0,2.0,0.0,360,0,0,0,0,1,1,2,1,2,,94.0,,3333,5555,3.0,7.0,4,4,3.0,10.0,2,1,2,1,3,1,55-64,65-74,Yes,,2,1
2024,10023,DE,10003.0,1000300000.0,VA,Single Family (1-4 Units):Site-Built,Not Hispanic or Latino,Black,Male,Loan originated,1,400000.0,80.0,7.00,1.75,0,3800.0,1000.0,1600.0,2.5,0.0,240,0,0,0,0,2,1,2,1,1,,88.0,,4444,6666,3.5,8.0,1,5,4.0,6.5,3,2,1,1,2,3,45-54,75-84,Yes,,1,2
2024,10024,IOWA,19001.0,1900100100.0,FHA,Single Family (1-4 Units):Site-Built,Not Hispanic or Latino,White,Female,Denial of loan application,1,250000.0,88.0,7.25,2.50,1,2500.0,600.0,1200.0,0.5,0.0,360,0,0,0,1,1,1,2,2,2,,92.0,,5555,7777,2.0,7.5,2,5,1.0,10.0,1,3,1,4,2,2,55-64,45-54,Yes,,1,1
2024,10025,Oklahoma,40071.0,4007102500.0,Conventional:First Lien,Single Family (1-4 Units):Site-Built,Hispanic or Latino,Hispanic or Latino,Male,Loan originated,1,275000.0,80.0,6.00,1.75,0,2700.0,900.0,1200.0,1.0,0.0,300,0,0,0,0,1,2,1,1,2,,91.0,,6666,8888,4.0,6.5,3,4,3.0,7.0,2,2,2,1,1,2,55-64,75-84,Yes,,2,1
2024,10026,AL,01000.0,0100001000.0,FHA,Single Family (1-4 Units):Site-Built,Not Hispanic or Latino,White,Male,File closed for incompleteness,1,300000.0,92.0,6.75,2.00,1,3200.0,1000.0,1100.0,1.5,0.0,240,0,0,0,0,1,2,2,2,1,,84.0,,7777,9999,5.0,8.0,4,3,2.0,9.5,1,1,2,2,2,2,65-74,55-64,No,,2,2
2024,10027,PA,42013.0,4201300800.0,VA,Single Family (1-4 Units):Site-Built,Hispanic or Latino,Hispanic or Latino,Female,Loan originated,1,325000.0,85.0,6.50,1.50,0,3200.0,900.0,1000.0,2.0,0.0,300,0,0,0,0,1,1,2,1,2,,89.0,,8888,0000,3.0,7.0,1,5,4.0,11.0,3,1,1,3,3,2,75-84,65-74,Yes,,2,1
2024,10028,KS,20000.0,2000000000.0,Conventional:First Lien,Single Family (1-4 Units):Site-Built,Not Hispanic or Latino,White,Male,Load originated,1,200000.0,80.0,6.25,1.25,0,2400.0,700.0,1000.0,1.5,0.0,360,0,0,0,1,2,1,1,1,1,,93.0,,9999,1111,2.5,8.0,5,4,2.0,10.0,2,1,1,1,2,1,45-54,45-54,Yes,,1,2
2024,10029,WV,54037.0,5403700800.0,FHA,Single Family (1-4 Units):Site-Built,Hispanic or Latino,Hispanic or Latino,Female,Denial of loan application,1,650000.0,90.0,6.50,1.75,1,4000.0,1200.0,1400.0,2.0,0.0,240,1,0,0,0,1,2,1,2,2,,95.0,,0000,2222,4.0,7.0,1,3,1.0,8.5,1,1,1,1,2,1,35-44,55-64,No,,2,1
2024,10030,VT,50001.0,5000100000.0,Conventional:First Lien,Single Family (1-4 Units):Site-Built,Hispanic or Latino,Hispanic or Latino,Male,Loan originated,1,550000.0,83.0,5.75,1.30,0,3600.0,1000.0,1500.0,1.5,0.0,300,0,0,0,0,1,2,1,1,1,,90.0,,1111,3333,5.0,7.5,2,4,3.0,9.0,2,2,2,1,2,2,25-34,75-84,No,,2,1
2024,10031,NE,31005.0,3100501500.0,VA,Single Family (1-4 Units):Site-Built,Hispanic or Latino,Hispanic or Latino,Female,Loan originated,1,700000.0,82.0,6.25,1.50,0,4000.0,1300.0,1700.0,2.0,0.0,240,0,0,0,0,1,1,1,1,1,,89.0,,2222,4444,2.0,6.5,4,5,1.0,8.0,1,3,2,4,2,3,75-84,75-84,Yes,,1,2
2024,10032,MI,26085.0,2608500500.0,FHA,Single Family (1-4 Units):Site-Built,Not Hispanic or Latino,White,Female,File closed for incompleteness,2,600000.0,90.0,7.00,2.00,1,3200.0,1000.0,1200.0,2.0,0.0,240,0,0,0,0,1,1,2,2, 1,,96.0,,3333,5555,3.0,7.0,1,2,1.0,10.0,2,2,1,4,2,2,45-54,85-99,Yes,,2,1
2024,10033,VA,51000.0,5100000000.0,Conventional:First Lien,Single Family (1-4 Units):Site-Built,Not Hispanic or Latino,Asian,Male,Loan originated,1,500000.0,81.0,6.00,1.50,0,2800.0,800.0,1300.0,1.5,0.0,360,0,0,0,0,2,2,1,1,1,,89.0,,4444,6666,3.5,8.0,1,2,4.0,9.0,2,1,1,1,1,2,65-74,65-74,No,,1,2
2024,10034,RI,44001.0,4400100100.0,FHA,Single Family (1-4 Units):Site-Built,Hispanic or Latino,Mixed Race,Female,Loan originated,1,275000.0,88.0,6.25,1.75,1,2900.0,700.0,1200.0,2.0,0.0,240,0,0,0,0,1,2,2,2,1,,89.0,,5555,7777,4.0,7.0,2,4,5.0,11.0,1,3,1,1,1,2,65-74,85-99,Yes,,1,1
2024,10035,MS,28091.0,2809100300.0,Conventional:First Lien,Single Family (1-4 Units):Site-Built,Not Hispanic or Latino,White,Male,Loan originated,1,650000.0,82.0,5.50,1.00,0,3400.0,1000.0,1600.0,2.0,0.0,300,0,0,0,0,1,2,1,2,1,,93.0,,6666,8888,2.0,8.0,3,4,2.0,9.0,2,3,3,1,1,3,65-74,85-99,No,,1,2
2024,10036,TN,47037.0,4703700700.0,VA,Single Family (1-4 Units):Site-Built,Hispanic or Latino,Hispanic or Latino,Female,Denial of loan application,1,350000.0,92.0,6.75,2.25,1,3000.0,800.0,1100.0,2.0,0.0,360,0,0,0,0,1,1,2,2,2,,88.0,,7777,9999,3.0,7.0,1,3,3.0,10.0,2,2,1,1,3,1,45-54,85-99,Yes,,2,2
2024,10037,ME,23001.0,2300100100.0,FHA,Single Family (1-4 Units):Site-Built,Not Hispanic or Latino,White,Female,Loan originated,1,600000.0,80.0,6.00,1.50,0,3500.0,1100.0,1200.0,2.0,0.0,300,0,0,0,0,2,2,1,2,1,,94.0,,8888,0000,4.0,6.8,2,5,4.0,9.5,1,1,1,4,1,3,45-54,55-64,Yes,,1,1
2024,10038,AR,05000.0,0500000000.0,Conventional:First Lien,Single Family (1-4 Units):Site-Built,Not Hispanic or Latino,White,Male,File closed for incompleteness,1,500000.0,84.0,6.25,1.75,0,3000.0,900.0,1300.0,2.0,0.0,240,0,0,1,0,1,1,1,1,2,,91.0,,9999,1111,5.0,7.2,4,4,3.0,11.0,2,2,3,3,2,2,55-64,65-74,No,,1,2
2024,10039,MN,27000.0,2700000000.0,FHA,Single Family (1-4 Units):Site-Built,Not Hispanic or Latino,Black,Female,Loan originated,1,450000.0,80.0,7.00,2.00,0,3500.0,1100.0,1400.0,2.0,0.0,360,0,0,0,0,1,2,2,1,1,,9
2024,10010,NY,36061.0,3606100100.0,Conventional:First Lien,Single Family (1-4 Units):Site-Built,Not Hispanic or Latino,White,Male,Loan approved after processing,1,450000.0,85.0,6.25,1.75,1,2750.0,1800.0,350.0,2.0,1500.0,240,,2,,1,1,,2,1,1,3,4,1,1,1,1,3,4,1,2,2,3,2,4,30,2,2,2,1,1,2,3,3,3,4,1,55,60,1,1,Yes,,1,1
2024,10020,CA,06075.0,0607500101.0,FHA:First Lien,Single Family (1-4 Units):Site-Built,Hispanic or Latino,Black,Female,Loan originated,1,320000.0,90.0,5.75,2.25,0,1500.0,900.0,250.0,1.0,1000.0,180,,1,,0,0,,2,1,1,2,4,1,1,1,1,2,2,1,2,2,1,1,2,25,1,1,1,1,1,1,1,3,2,4,1,55,57,0,0,Yes,,0,0
2024,10030,TX,48095.0,4809500050.0,VA:First Lien,Single Family (1-4 Units):Site-Built,Not Hispanic or Latino,Asian,Male,Application denied by financial institution,3,275000.0,100.0,5.50,1.75,0,2200.0,1400.0,200.0,3.0,1000.0,360,,0,,0,0,,1,1,1,1,3,1,1,1,1,2,3,2,1,1,2,2,1,35,2,1,1,0,0,0,1,2,2,3,1,35,40,0,0,No,,0,0
2024,10040,FL,12085.0,1208500100.0,Conventional:First Lien,Single Family (1-4 Units):Site-Built,Not Hispanic or Latino,White,Female,Application approved but not accepted,1,650000.0,80.0,6.50,1.25,1,3200.0,2300.0,550.0,1.5,1500.0,360,,0,,1,1,,1,1,1,1,2,0,0,1,1,2,2,1,1,2,3,2,1,25,2,2,1,2,1,1,2,5,2,3,2,40,50,0,0,Yes,,0,0
2024,10050,IL,17031.0,1703100150.0,Conventional:First Lien,Single Family (1-4 Units):Site-Built,Hispanic or Latino,Native Hawaiian or Pacific Islander,Female,Loan originated,1,290000.0,95.0,6.00,1.00,0,2500.0,1500.0,300.0,0.0,1200.0,480,,0,,1,1,,2,1,1,2,2,1,1,1,1,2,2,2,3,1,1,2,1,55,55,1,1,Yes,,1,1
2024,10060,PA,42003.0,4200300101.0,FHA:First Lien,Single Family (1-4 Units):Site-Built,Not Hispanic or Latino,White,Male,Loan denied,2,420000.0,60.0,5.25,1.75,1,1900.0,1200.0,250.0,2.0,750.0,180,,1,,1,1,,2,1,2,3,3,1,0,1,1,1,2,2,2,2,1,2,2,60,3,2,1,1,1,2,3,2,3,4,1,45,25,1,1,Yes,,1,1
2024,10070,OH,39051.0,3905100250.0,VA:First Lien,Single Family (1-4 Units):Site-Built,Not Hispanic or Latino,Black,Female,Loan originated,1,375000.0,87.0,4.50,1.50,0,2000.0,1600.0,400.0,1.0,1100.0,360,,2,,0,0,,2,2,1,2,3,0,0,1,1,2,2,1,2,2,2,2,2,25,2,1,1,0,0,0,1,2,2,3,1,45,15,0,0,No,,0,0
2024,10080,GA,13247.0,1324700100.0,Conventional:First Lien,Single Family (1-4 Units):Site-Built,Hispanic or Latino,White,Male,File closed for incompleteness,1,280000.0,70.0,5.50,0.50,0,1700.0,1000.0,180.0,1.0,800.0,120,,1,,0,0,,1,1,1,1,2,1,1,1,1,2,3,1,1,1,1,1,1,35,1,1,1,0,0,0,1,3,4,4,1,30,25,0,0,Yes,,0,0
2024,10090,NC,37013.0,3701302500.0,FHA:First Lien,Single Family (1-4 Units):Site-Built,Not Hispanic or Latino,Hispanic or Latino,Female,Application approved but not accepted,1,320000.0,85.0,5.00,1.50,1,2000.0,1000.0,280.0,2.5,800.0,240,,2,,1,0,,2,2,2,2,3,1,0,1,1,1,1,1,1,1,1,2,1,60,2,1,1,1,1,1,1,2,2,3,2,40,25,0,0,Yes,,0,0
2024,10100,MN,27029.0,2702902550.0,VA:First Lien,Single Family (1-4 Units):Site-Built,Hispanic or Latino,Black,Male,File closed for incompleteness,1,380000.0,75.0,6.75,2.25,0,1500.0,2000.0,120.0,3.0,800.0,240,,2,,0,0,,2,1,1,2,4,0,0,1,1,1,1,1,1,1,2,2,0,45,1,2,1,0,0,1,1,2,4,3,1,40,30,1,1,Yes,,1,1
2024,10110,WI,55025.0,5502500100.0,Conventional:First Lien,Single Family (1-4 Units):Site-Built,Not Hispanic or Latino,White,Male,Loan originated,1,450000.0,90.0,6.00,1.25,0,2800.0,1300.0,250.0,0.5,1500.0,360,,2,,1,1,,1,1,1,2,3,1,0,1,1,2,2,1,2,2,3,2,1,55,3,1,1,1,1,1,2,4,3,3,2,40,60,0,0,Yes,,1,1
2024,10120,KY,21015.0,2101500100.0,FHA:First Lien,Single Family (1-4 Units):Site-Built,Hispanic or Latino,American Indian or Alaska Native,Female,"Application denied by financial institution",3,320000.0,84.0,4.75,1.75,1,1200.0,1300.0,450.0,1.0,800.0,120,,3,,0,0,,2,1,1,2,3,1,0,1,1,1,1,1,1,1,2,2,2,20,1,1,1,0,0,1,2,4,3,3,1,30,35,1,1,No,,0,0
2024,10130,WA,53033.0,5303300050.0,VA:First Lien,Single Family (1-4 Units):Site-Built,Not Hispanic or Latino,Asian,Male,Loan approved after processing,1,520000.0,85.0,7.00,1.00,0,3100.0,1800.0,200.0,2.0,1200.0,360,,1,,1,1,,1,1,1,2,3,1,0,1,1,2,1,1,2,1,2,2,0,56,1,1,1,1,1,2,2,4,3,3,1,45,40,0,0,Yes,,0,0
2024,10140,AZ,04013.0,0401300200.0,Conventional:First Lien,Single Family (1-4 Units):Site-Built,Hispanic or Latino,Black,Female,Loan originated,1,445000.0,78.0,5.50,1.00,0,1800.0,1500.0,250.0,1.5,1300.0,480,,0,,1,1,,1,1,1,1,2,1,0,1,1,2,1,1,1,1,2,2,0,40,1,2,2,0,0,1,1,5,4,4,2,45,50,1,1,Yes,,0,0
2024,10150,MO,29095.0,2909500710.0,FHA:First Lien,Single Family (1-4 Units):Site-Built,Not Hispanic or Latino,White,Male,Loan denied,3,240000.0,50.0,5.00,1.00,0,1400.0,1000.0,300.0,2.5,700.0,240,,1,,1,0,,2,2,2,3,3,0,0,1,1,1,2,1,1,2,1,2,1,30,2,1,0,0,0,1,2,1,3,2,1,25,30,1,1,No,,0,0
2024,10160,NC,37013.0,3701302500.0,VA:First Lien,Single Family (1-4 Units):Site-Built,Not Hispanic or Latino,White,Male,Loan originated,1,400000.0,90.0,7.00,1.00,0,2000.0,1300.0,180.0,2.0,900.0,360,,2,,1,1,,1,2,1,2,2,1,1,1,1,2,2,2,2,2,2,2,1,35,1,1,1,0,0,1,1,5,3,3,1,35,30,0,0,Yes,,0,0
2024,10170,MD,24005.0,2400500000.0,Conventional:First Lien,Single Family (1-4 Units):Site-Built,Hispanic or Latino,White,Female,Loan originated,1,300000.0,75.0,5.25,1.25,1,1300.0,1100.0,150.0,2.0,700.0,240,,2,,1,1,,1,1,1,2,3,1,0,1,1,2,2,2,2,2,3,2,1,50,1,2,1,0,0,0,1,2,3,3,1,40,25,0,0,No,,1,1
2024,10180,IN,18097.0,1809700075.0,VA:First Lien,Single Family (1-4 Units):Site-Built,Not Hispanic or Latino,Black,Female,Application approved but not accepted,1,420000.0,70.0,6.00,2.00,0,2700.0,1200.0,320.0,2.0,1000.0,240,,2,,0,0,,2,1,1,1,2,0,0,1,1,1,3,1,2,2,3,1,1,35,1,2,0,1,1,1,3,5,3,4,1,30,40,1,1,Yes,,1,1
2024,10190,CO,08001.0,0800100000.0,Conventional:First Lien,Single Family (1-4 Units):Site-Built,Not Hispanic or Latino,White,Male,Loan denied,3,350000.0,92.0,6.00,1.75,1,1900.0,1800.0,200.0,2.0,800.0,360,,3,,1,1,,2,1,2,3,3,0,0,1,1,1,2,1,2,1,2,2,0,40,0,1,1,1,1,2,1,2,1,1,1,30,35,0,0,Yes,,0,0
2024,10200,VA,51001.0,5100100320.0,FHA:First Lien,Single Family (1-4 Units):Site-Built,Not Hispanic or Latino,White,Female,Loan originated,1,370000.0,93.0,4.75,2.00,0,2000.0,1200.0,250.0,1.0,750.0,240,,2,,1,1,,2,1,1,2,3,1,1,1,1,2,2,1,2,2,1,2,1,45,1,2,1,1,1,1,1,3,2,3,1,30,35,1,1,Yes,,1,1
2024,10210,OR,41009.0,4100900050.0,FHA:First Lien,Single Family (1-4 Units):Site-Built,Hispanic or Latino,Black,Male,Loan approved after processing,1,300000.0,75.0,4.25,1.25,1,2200.0,1400.0,400.0,2.0,1000.0,300,,1,,1,0,,1,1,1,2,4,1,0,1,1,1,2,2,1,2,1,2,0,60,3,2,1,0,0,1,1,2,4,3,1,35,40,1,1,Yes,,1,1
2024,10220,NJ,34025.0,3402500050.0,Conventional:First Lien,Single Family (1-4 Units):Site-Built,Not Hispanic or Latino,White,Female,Loan originated,1,360000.0,88.0,6.00,1.25,0,1800.0,1400.0,350.0,2.0,1100.0,180,,1,,1,1,,1,2,1,2,3,1,0,1,1,2,2,1,2,2,1,2,1,40,2,1,2,1,1,1,3,2,3,3,1,30,50,0,0,Yes,,1,1
2024,10230,AR,05009.0,0500900200.0,VA:First Lien,Single Family (1-4 Units):Site-Built,Not Hispanic or Latino,White,Male,"Application denied by financial institution",3,290000.0,65.0,5.25,1.50,0,1600.0,2000.0,180.0,2.5,900.0,120,,2,,0,0,,2,2,2,2,4,0,0,1,1,1,1,1,2,2,2,2,0,55,1,2,1,0,0,1,2,2,3,2,1,55,30,1,1,No,,0,0
2024,10240,NV,32009.0,3200900000.0,Conventional:First Lien,Single Family (1-4 Units):Site-Built,Hispanic or Latino,Hispanic or Latino,Male,Loan originated,1,390000.0,80.0,6.50,1.25,1,2300.0,1700.0,400.0,2.0,1100.0,480,,1,,0,1,,1,1,2,2,3,1,1,1,1,2,1,1,2,1,1,1,1,35,1,2,1,1,1,1,1,4,3,2,1,45,25,0,0,Yes,,0,0
2024,10250,AL,01115.0,0111500020.0,VA:First Lien,Single Family (1-4 Units):Site-Built,Hispanic or Latino,White,Female,Loan denied,2,315000.0,66.0,5.00,1.50,0,1500.0,1200.0,300.0,2.5,800.0,240,,1,,0,0,,1,1,2,2,4,1,1,1,1,1,2,1,2,2,2,2,1,40,3,2,1,0,0,1,1,2,2,3,2,25,35,1,1,Yes,,0,0
2024,10260,SC,45035.0,4503500100.0,Conventional:First Lien,Single Family (1-4 Units):Site-Built,Not Hispanic or Latino,White,Male,Loan denied,2,330000.0,75.0,5.75,1.50,0,2200.0,1500.0,270.0,1.5,900.0,240,,1,,1,1,,2,1,2,2,3,1,1,1,1,1,1,1,2,2,3,1,1,30,2,1,0,1,1,1,2,2,5,3,1,45,30,0,0,Yes,,1,1
2024,10270,OK,40049.0,4004900100.0,FHA:First Lien,Single Family (1-4 Units):Site-Built,Hispanic or Latino,Asian,Female,Loan approved after processing,1,280000.0,90.0,5.25,1.00,0,1250.0,800.0,150.0,2.0,1000.0,180,,0,,1,1,,1,1,2,1,3,1,0,1,1,2,1,1,1,2,2,2,1,35,2,1,1,0,0,1,1,2,3,2,1,35,25,0,0,Yes,,1,1
2024,10280,WV,54043.0,5404300050.0,VA:First Lien,Single Family (1-4 Units):Site-Built,Not Hispanic or Latino,White,Female,Loan originated,1,350000.0,80.0,7.00,0.75,0,2500.0,1900.0,300.0,1.5,950.0,480,,1,,1,1,,2,1,1,2,3,1,0,1,1,2,3,2,2,2,1,2,1,55,2,1,2,0,0,1,2,2,3,2,1,30,40,1,1,Yes,,1,1
2024,10290,DE,10003.0,1000300050.0,VA:First Lien,Single Family (1-4 Units):Site-Built,Not Hispanic or Latino,White,Male,Loan originated,1,300000.0,90.0,6.50,0.75,0,2750.0,2000.0,350.0,2.0,1000.0,360,,2,,0,0,,1,1,1,1,4,1,0,1,1,1,2,1,2,1,3,2,1,30,2,1,1,0,0,1,1,3,2,2,1,45,30,0,0,Yes,,1,1
2024,10300,VT,50007.0,5000700000.0,FHA:First Lien,Single Family (1-4 Units):Site-Built,Hispanic or Latino,White,Female,Loan approved after processing,1,390000.0,92.0,5.75,1.25,1,1900.0,1100.0,300.0,2.0,1000.0,240,,2,,1,1,,1,1,1,2,3,1,0,1,1,1,2,2,2,1,2,2,0,25,3,2,1,0,0,1,1,2,3,2,1,45,55,0,0,Yes,,0,0
2024,10310,ID,16005.0,1600500000.0,Conventional:First Lien,Single Family (1-4 Units):Site-Built,Hispanic or Latino,Hispanic or Latino,Male,Application approved but not accepted,1,400000.0,88.0,5.00,1.50,1,2000.0,1200.0,250.0,2.0,900.0,480,,0,,0,0,,2,1,2,2,3,1,0,1,1,2,1,1,1,2,2,1,1,35,2,1,1,0,0,1,2,4,3,3,2,40,25,0,0,Yes,,0,0
2024,10320,NE,31009.0,3100900000.0,VA:First Lien,Single Family (1-4 Units):Site-Built,Not Hispanic or Latino,White,Female,Loan originated,1,340000.0,75.0,4.75,2.00,0,1350.0,1000.0,400.0,1.0,600.0,360,,1,,1,1,,2,1,2,1,2,1,0,1,1,1,2,1,2,2,1,2,1,40,1,1,1,0,0,0,1,2,3,2,1,40,30,0,0,Yes,,1,1
2024,10330,MS,28103.0,2810300500.0,FHA:First Lien,Single Family (1-4 Units):Site-Built,Not Hispanic or Latino,White,Male,Application denied by financial institution,3,320000.0,65.0,4.50,2.00,0,1800.0,1400.0,120.0,3.0,900.0,240,,3,,0,0,,2,2,2,2,3,0,0,1,1,1,1,1,1,1,2,2,1,50,2,2,1,1,1,1,1,1,2,3,2,45,40,0,0,No,,0,0
2024,10340,NH,33009.0,3300900000.0,VA:First Lien,Single Family (1-4 Units):Site-Built,Hispanic or Latino,Hispanic or Latino,Female,"Application denied by financial institution",3,330000.0,80.0,5.50,1.25,1,2200.0,1500.0,200.0,1.0,950.0,360,,2,,0,1,,2,2,1,2,2,1,0,1,1,1,1,1,2,1,1,1,1,45,2,2,1,0,0,0,1,4,2,2,1,35,40,0,0,No,,0,0
2024,10350,KS,20151.0,2015100000.0,Conventional:First Lien,Single Family (1-4 Units):Site-Built,Not Hispanic or Latino,White,Male,Loan originated,1,340000.0,70.0,5.00,1.25,0,2400.0,1800.0,400.0,1.5,1000.0,180,,1,,1,1,,1,2,2,2,3,1,0,1,1,2,1,1,2,1,2,2,1,45,2,1,1,1,1,1,2,2,3,2,1,45,25,0,0,Yes,,1,1
2024,10360,RI,44007.0,4400700000.0,Conventional:First Lien,Single Family (1-4 Units):Site-Built,Hispanic or Latino,Hispanic or Latino,Male,Loan originated,1,310000.0,90.0,5.75,1.25,0,1600.0,1300.0,220.0,2.0,800.0,360,,0,,1,1,,2,1,2,1,3,1,0,1,1,1,1,1,1,1,2,1,1,35,2,2,0,1,1,1,3,4,4,2,1,55,35,1,1,Yes,,0,0
2024,10370,DC,11001.0,1100101000.0,VA:First Lien,Single Family (1-4 Units):Site-Built,Not Hispanic or Latino,White,Male,Application approved but not accepted,1,345000.0,75.0,4.25,0.75,0,1800.0,1100.0,150.0,1.0,800.0,240,,1,,0,0,,2,1,1,2,4,0,0,1,1,2,1,1,2,1,1,2,1,40,2,1,1,0,0,1,1,2,2,3,1,30,40,1,1,Yes,,0,0
2024,10380,WY,56041.0,5604100000.0,FHA:First Lien,Single Family (1-4 Units):Site-Built,Not Hispanic or Latino,White,Female,Loan originated,1,420000.0,90.0,6.00,2.00,1,1900.0,1500.0,450.0,1.0,1000.0,360,,2,,1,1,,1,1,1,2,2,1,0,1,1,2,2,1,1,2,2,2,1,35,2,1,1,0,0,1,2,2,4,4,1,40,30,0,0,Yes,,1,1
2024,10390,NC,37089.0,3708900200.0,VA:First Lien,Single Family (1-4 Units):Site-Built,Not Hispanic or Latino,White,Male,Application denied by financial institution,3,375000.0,80.0,5.25,2.00,0,2100.0,1800.0,350.0,1.0,1300.0,240,,2,,1,1,,2,1,2,2,3,0,0,1,1,1,2,1,1,1,2,2,1,40,3,1,0,1,1,1,2,1,2,1,2,30,40,0,0,No,,1,1
2024,10400,HI,15005.0,1500500050.0,FHA:First Lien,Single Family (1-4 Units):Site-Built,Hisp. or Latino,Hispanic or Latino,Female,Loan originated,1,330000.0
2024,99999,CA,0320.0,0320009000.0,Conventional:First Lien,Single Family (1-4 Units):Site-Built,Hispanic or Latino,Black,Male,Approved for loan,1,400000.0,85.0,6.25,2.75,No,15000.0,3000.0,500.0,2.0,1200.0,360,0,0,0,0,0,0,0,0,0,0,400000.0,Site-Built,Primary,Single-wide,Owned,1,0,100000.0,28.0,3,1,1,3,1,1,1,1,2,2,1,1,26,32,0,0,2,1,1,1,1,2,3,2,20,30,1,1,65-74,9999,No,3,1
2024,99999,FL,0020.0,0020010100.0,FHA:First Lien,Single Family (1-4 Units):Site-Built,Not Hispanic or Latino,White,Female,Denied by lender,3,450000.0,90.0,7.00,3.00,No,20000.0,4000.0,600.0,2.5,1700.0,360,0,0,0,0,0,0,0,0,0,0,440000.0,Site-Built,Primary,Single-wide,Owned,1,0,120000.0,32.0,3,1,2,2,1,2,2,2,2,2,2,1,24,28,0,0,2,1,1,1,1,2,3,2,25,32,1,1,25-34,9999,Yes,3,1
2024,99999,TX,0200.0,0200011100.0,VA:Subordinate Lien,Single Family (1-4 Units):Site-Built,Not Hispanic or Latino,White,Male,Approved for loan,1,350000.0,75.0,5.75,2.25,No,12000.0,2400.0,300.0,1.5,800.0,360,0,0,0,0,0,0,0,0,0,0,320000.0,Site-Built,Primary,Double-wide,Owned,1,0,90000.0,26.0,3,1,1,3,1,1,1,1,2,2,1,1,22,28,0,0,2,1,1,1,1,2,3,2,22,28,1,1,25-34,9999,Yes,3,1
2024,99999,NY,0770.0,0770708000.0,Conventional:First Lien,Single Family (1-4 Units):Site-Built,Not Hispanic or Latino,White,Female,Approved for loan,1,650000.0,85.0,5.50,2.50,No,18000.0,3500.0,450.0,2.2,900.0,360,0,0,0,0,0,0,0,0,0,0,600000.0,Site-Built,Primary,Double-wide,Owned,1,0,180000.0,29.0,3,1,1,3,2,3,2,2,2,2,2,1,27,29,0,0,2,1,1,1,1,2,3,2,28,29,1,1,35-44,9999,Yes,3,1
2024,99999,CO,0110.0,0110008000.0,Other:First Lien,Single Family (1-4 Units):Site-Built,Not Hispanic or Latino,White,Male,Approved for loan,1,150000.0,80.0,5.25,2.00,No,7000.0,1500.0,150.0,1.0,500.0,360,0,0,0,0,0,0,0,0,0,0,125000.0,Site-Built,Primary,Single-wide,Owned,1,0,50000.0,28.0,3,1,1,3,1,1,1,1,2,2,1,1,28,30,0,0,2,1,1,1,1,2,3,2,30,32,1,1,35-44,9999,Yes,3,1
2024,99999,GA,0410.0,0410002000.0,FHA:First Lien,Single Family (1-4 Units):Site-Built,Hispanic or Latino,White,Female,Approved for loan,1,300000.0,90.0,7.25,3.25,No,13000.0,2600.0,200.0,2.0,600.0,360,0,0,0,0,0,0,0,0,0,0,300000.0,Site-Built,Primary,Single-wide,Owned,1,0,90000.0,30.0,3,1,1,3,2,3,2,2,1,1,1,1,25,33,0,0,2,1,1,1,1,2,3,2,33,35,1,1,25-34,9999,Yes,2,2
2024,99999,WA,0390.0,0390008000.0,Conventional:Subordinate Lien,Single Family (1-4 Units):Site-Built,Not Hispanic or Latino,White,Female,Denied by lender,3,200000.0,85.0,6.25,2.75,No,9000.0,1800.0,120.0,1.8,400.0,360,0,0,0,0,0,0,0,0,0,0,200000.0,Site-Built,Primary,Single-wide,Owned,1,0,90000.0,32.0,3,1,1,3,1,1,1,1,2,2,1,1,25,28,0,0,2,1,1,1,1,2,3,2,27,32,1,1,25-34,9999,Yes,3,1
2024,99999,MO,0820.0,0820003000.0,VA:First Lien,Single Family (1-4 Units):Site-Built,Hispanic or Latino,Hispanic or Latino,Male,Approved for loan,1,300000.0,95.0,5.75,2.25,Yes,12000.0,2000.0,200.0,1.8,300.0,360,0,0,0,0,0,0,0,0,0,0,280000.0,Site-Built,Primary,Double-wide,Owned,1,0,90000.0,25.0,3,1,1,3,2,3,2,2,1,1,1,1,22,25,0,0,2,1,1,1,1,2,3,2,27,33,1,1,25-34,9999,Yes,2,2
2024,99999,MI,0030.0,0030002000.0,FHA:First Lien,Single Family (1-4 Units):Site-Built,Not Hispanic or Latino,White,Female,Approved for loan,1,550000.0,95.0,7.50,3.25,Yes,30000.0,6000.0,300.0,3.0,1200.0,360,0,0,0,0,0,0,0,0,0,0,500000.0,Site-Built,Primary,Single-wide,Owned,1,0,100000.0,29.0,3,1,1,3,1,1,1,1,2,2,1,1,22,25,0,0,2,1,1,1,1,2,3,2,26,28,1,1,25-34,9999,Yes,3,1
2024,99999,UT,0970.0,0970007000.0,Conventional:First Lien,Single Family (1-4 Units):Site-Built,Hispanic or Latino,White,Female,Approved for loan,1,750000.0,80.0,5.75,2.25,No,25000.0,5000.0,500.0,2.5,1000.0,360,0,0,0,0,0,0,0,0,0,0,700000.0,Site-Built,Primary,Double-wide,Owned,1,0,150000.0,25.0,3,1,2,3,2,3,2,2,1,2,2,1,23,32,0,0,2,1,0,1,1,2,3,2,30,34,1,1,35-44,9999,Yes,2,2
2024,99999,PA,0055.0,0055021000.0,VA:First Lien,Single Family (1-4 Units):Site-Built,Not Hispanic or Latino,White,Female,Approved for loan,1,450000.0,80.0,5.25,2.75,No,18000.0,4000.0,250.0,2.2,600.0,360,0,0,0,0,0,0,0,0,0,0,480000.0,Site-Built,Primary,Double-wide,Owned,1,0,130000.0,27.0,3,1,1,3,1,1,1,1,2,2,1,1,23,31,0,0,2,1,1,1,1,2,3,2,27,30,1,1,25-34,9999,Yes,3,1
2024,99999,OH,0090.0,0090004000.0,FHA:First Lien,Single Family (1-4 Units):Site-Built,Hispanic or Latino,Hispanic or Latino,Male,Denied by lender,3,320000.0,90.0,6.75,3.25,No,14000.0,2800.0,150.0,2.4,500.0,360,0,0,0,0,0,0,0,0,0,0,280000.0,Site-Built,Primary,Single-wide,Owned,1,0,100000.0,26.0,3,1,2,3,2,3,2,2,1,1,1,1,24,27,0,0,2,1,1,1,1,2,3,2,31,34,1,1,35-44,9999,Yes,2,2
2024,99999,NJ,0250.0,0250000900.0,Conventional:Subordinate Lien,Single Family (1-4 Units):Site-Built,Not Hispanic or Latino,White,Male,Approved for loan,1,620000.0,80.0,6.50,2.75,No,30000.0,6000.0,300.0,2.8,1000.0,360,0,0,0,0,0,0,0,0,0,0,500000.0,Site-Built,Primary,Double-wide,Owned,1,0,90000.0,26.0,3,1,1,3,1,1,1,1,2,2,1,1,30,32,0,0,2,1,1,1,1,2,3,2,30,32,1,1,25-34,9999,Yes,3,1
2024,99999,NV,0330.0,0330005000.0,FHA:First Lien,Single Family (1-4 Units):Site-Built,Hispanic or Latino,Hispanic or Latino,Female,Approved for loan,1,520000.0,90.0,6.00,3.00,No,18000.0,3600.0,350.0,2.5,700.0,360,0,0,0,0,0,0,0,0,0,0,500000.0,Site-Built,Primary,Double-wide,Owned,1,0,120000.0,32.0,3,1,2,3,2,3,2,2,1,1,1,1,27,30,0,0,2,1,1,1,1,2,3,2,36,38,1,1,35-44,9999,Yes,2,2
2024,99999,AZ,0030.0,0030001000.0,Conventional:Subordinate Lien,Single Family (1-4 Units):Site-Built,Not Hispanic or Latino,White,Female,Denied by lender,3,275000.0,85.0,5.25,2.75,No,8000.0,1600.0,100.0,1.5,300.0,360,0,0,0,0,0,0,0,0,0,0,280000.0,Site-Built,Primary,Single-wide,Owned,1,0,120000.0,30.0,3,1,1,3,1,1,1,1,2,2,1,1,21,25,0,0,2,1,1,1,1,2,3,2,27,30,1,1,25-34,9999,Yes,3,1
2024,99999,IL,0230.0,0230005000.0,FHA:First Lien,Single Family (1-4 Units):Site-Built,Not Hispanic or Latino,White,Female,Approved for loan,1,770000.0,90.0,6.25,3.25,No,32000.0,6400.0,350.0,3.0,1200.0,360,0,0,0,0,0,0,0,0,0,0,750000.0,Site-Built,Primary,Double-wide,Owned,1,0,150000.0,23.0,3,1,1,3,1,1,1,1,2,2,1,1,25,29,0,0,2,1,1,1,1,2,3,2,27,29,1,1,25-34,9999,Yes,3,1
2024,99999,NC,0050.0,0050001000.0,Conventional:First Lien,Single Family (1-4 Units):Site-Built,Not Hispanic or Latino,White,Female,Approved for loan,1,490000.0,80.0,5.00,2.50,No,16000.0,3200.0,200.0,2.0,500.0,360,0,0,0,0,0,0,0,0,0,0,480000.0,Site-Built,Primary,Single-wide,Owned,1,0,100000.0,26.0,3,1,1,3,1,1,1,1,2,2,1,1,30,32,0,0,2,1,1,1,1,2,3,2,31,32,1,1,35-44,9999,Yes,3,1
2024,99999,FL,0240.0,0240007000.0,VA:First Lien,Single Family (1-4 Units):Site-Built,Not Hispanic or Latino,White,Male,Approved for loan,1,375000.0,80.0,5.25,2.50,No,16000.0,3200.0,250.0,2.0,550.0,360,0,0,0,0,0,0,0,0,0,0,370000.0,Site-Built,Primary,Double-wide,Owned,1,0,100000.0,27.0,3,1,1,3,2,3,2,2,2,2,2,1,22,27,0,0,2,1,1,1,1,2,3,2,27,29,1,1,25-34,9999,Yes,3,1
2024,99999,TX,0360.0,0360360700.0,FHA:First Lien,Single Family (1-4 Units):Site-Built,Not Hispanic or Latino,White,Female,Approved for loan,1,500000.0,85.0,6.50,3.00,No,20000.0,4000.0,300.0,2.5,600.0,360,0,0,0,0,0,0,0,0,0,0,500000.0,Site-Built,Primary,Single-wide,Owned,1,0,130000.0,30.0,3,1,1,3,1,1,1,1,2,2,1,1,25,30,0,0,2,1,1,1,1,2,3,2,27,29,1,1,35-44,9999,Yes,3,1
2024,99999,GA,0640.0,0640006000.0,Conventional:First Lien,Single Family (1-4 Units):Site-Built,Not Hispanic or Latino,White,Male,Denied by lender,3,320000.0,90.0,6.50,3.25,No,13000.0,2600.0,200.0,2.0,500.0,360,0,0,0,0,0,0,0,0,0,0,300000.0,Site-Built,Primary,Single-wide,Owned,1,0,90000.0,26.0,3,1,1,3,1,1,1,1,2,2,1,1,24,32,0,0,2,1,1,1,1,2,3,2,27,30,1,1,35-44,9999,Yes,3,1
2024,99999,WA,0910.0,0910006100.0,FHA:Subordinate Lien,Single Family (1-4 Units):Site-Built,Not Hispanic or Latino,White,Male,Approved for loan,1,450000.0,85.0,6.25,2.75,No,18000.0,3600.0,300.0,2.2,750.0,360,0,0,0,0,0,0,0,0,0,0,420000.0,Site-Built,Primary,Single-wide,Owned,1,0,140000.0,28.0,3,1,1,3,1,1,1,1,2,2,1,1,24,29,0,0,2,1,1,1,1,2,3,2,29,31,1,1,25-34,9999,Yes,3,1
2024,99999,IN,0750.0,0750004000.0,Conventional:First Lien,
…(continuing with varied values)…
2024,99999,OH,0540.0,0540001000.0,Conventional:Subordinate Lien,Single Family (1-4 Units):Site-Built,Not Hispanic or Latino,White,Female,Approved for loan,1,350000.0,80.0,5.75,2.25,No,15000.0,3000.0,200.0,1.8,500.0,360,0,0,0,0,0,0,0,0,0,0,340000.0,Site-Built,Primary,Single-wide,Owned,1,0,95000.0,31.0,3,1,1,3,1,1,1,1,2,2,1,1,22,28,0,0,2,1,1,1,1,2,3,2,28,30,1,1,25-34,9999,Yes,3,1
2024,99999,SC,0090.0,0090001000.0,VA:First Lien,Single Family (1-4 Units):Site-Built,Not Hispanic or Latino,White,Female,Approved for loan,1,400000.0,85.0,5.25,2.50,No,17000.0,3400.0,250.0,2.0,600.0,360,0,0,0,0,0,0,0,0,0,0,400000.0,Site-Built,Primary,Double-wide,Owned,1,0,100000.0,30.0,3,1,1,3,1,1,1,1,2,2,1,1,26,32,0,0,2,1,1,1,1,2,3,2,30,32,1,1,35-44,9999,Yes,3,1
2024,99999,KS,0230.0,0230041000.0,FHA:First Lien,Single Family (1-4 Units):Site-Built,Hispanic or Latino,White,Male,Approved for loan,1,500000.0,90.0,6.00,3.00,No,22000.0,4400.0,300.0,2.2,600.0,360,0,0,0,0,0,0,0,0,0,0,510000.0,Site-Built,Primary,Single-wide,Owned,1,0,110000.0,31.0,3,1,2,3,2,3,2,2,2,1,1,1,23,25,0,0,2,1,1,1,1,2,3,2,27,29,1,1,25-34,9999,Yes,2,2
2024,99999,VT,0310.0,0310002000.0,Conventional:Subordinate Lien,Single Family (1-4 Units):Site-Built,Not Hispanic or Latino,White,Female,Approved for loan,1,350000.0,85.0,5.50,2.25,No,12000.0,2400.0,100.0,1.8,400.0,360,0,0,0,0,0,0,0,0,0,0,340000.0,Site-Built,Primary,Double-wide,Owned,1,0,95000.0,28.0,3,1,1,3,1,1,1,1,2,2,1,1,30,32,0,0,2,1,1,1,1,2,3,2,28,29,1,1,35-44,9999,Yes,3,1
2024,99999,WI,0340.0,0340004000.0,FHA:First Lien,Single Family (1-4 Units):Site-Built,Not Hispanic or Latino,White,Male,Approved for loan,1,650000.0,95.0,5.75,2.75,No,30000.0,6000.0,300.0,3.0,1000.0,360,0,0,0,0,0,0,0,0,0,0,600000.0,Site-Built,Primary,Double-wide,Owned,1,0,180000.0,30.0,3,1,1,3,2,3,2,2,1,1,1,1,27,28,0,0,2,1,1,1,1,2,3,2,28,30,1,1,25-34,9999,Yes,3,1
2024,99999,OR,0010.0,0010003000.0,Conventional:First Lien,Single Family (1-4 Units):Site-Built,Not Hispanic or Latino,White,Female,Approved for loan,1,425000.0,85.0,4.75,1.80,No,16000.0,3200.0,200.0,1.8,500.0,360,0,0,0,0,0,0,0,0,0,0,400000.0,Site-Built,Primary,Single-wide,Owned,1,0,140000.0,30.0,3,1,1,3,1,1,1,1,2,2,1,1,24,29,0,0,2,1,1,1,1,2,3,2,28,30,1,1,25-34,9999,Yes,3,1
2024,99999,MD,0010.0,0010007000.0,FHA:First Lien,Single Family (1-4 Units):Site-Built,Not Hispanic or Latino,White,Female,Approved for loan,1,520000.0,85.0,6.25,2.75,No,20000.0,4000.0,250.0,2.2,600.0,360,0,0,0,0,0,0,0,0,0,0,520000.0,Site-Built,Primary,Double-wide,Owned,1,0,120000.0,28.0,3,1,1,3,1,1,1,1,2,2,1,1,27,29,0,0,2,1,1,1,1,2,3,2,29,32,1,1,35-44,9999,Yes,3,1
2024,99999,MA,0290.0,0290290500.0,Conventional:First Lien,Single Family (1-4 Units):Site-Built,Hispanic or Latino,White,Male,Approved for loan,1,700000.0,85.0,5.50,2.25,No,28000.0,5600.0,350.0,2.8,900.0,360,0,0,0,0,0,0,0,0,0,0,670000.0,Site-Built,Primary,Single-wide,Owned,1,0,180000.0,30.0,3,1,2,3,2,3,2,2,2,2,2,1,25,31,0,0,2,1,0,1,1,2,3,2,29,32,1,1,25-34,9999,Yes,2,2
2024,99999,NH,0730.0,0730006000.0,FHA:Subordinate Lien,Single Family (1-4 Units):Site-Built,Not Hispanic or Latino,White,Female,Approved for loan,1,500000.0,90.0,6.50,3.25,No,20000.0,4000.0,200.0,2.0,600.0,360,0,0,0,0,0,0,0,0,0,0,480000.0,Site-Built,Primary,Single-wide,Owned,1,0,120000.0,29.0,3,1,1,3,1,1,1,1,2,2,1,1,26,28,0,0,2,1,1,1,1,2,3,2,27,28,1,1,25-34,9999,Yes,3,1
2024,99999,KY,0230.0,0230001000.0,Conventional:First Lien,Single Family (1-4 Units):Site-Built,Not Hispanic or Latino,White,Female,Approved for loan,1,375000.0,80.0,5.25,2.75,No,15000.0,3000.0,200.0,1.8,500.0,360,0,0,0,0,0,0,0,0,0,0,380000.0,Site-Built,Primary,Double-wide,Owned,1,0,90000.0,28.0,3,1,1,3,1,1,1,1,2,2,1,1,25,29,0,0,2,1,1,1,1,2,3,2,29,32,1,1,25-34,9999,Yes,3,1
2024,99999,ME,0290.0,0290290200.0,FHA:First Lien,Single Family (1-4 Units):Site-Built,Not Hispanic or Latino,White,Female
2024,99999,CA,0010.0,0010101000.0,Conventional:First Lien,Single Family (1-4 Units):Site-Built,Hispanic or Latino,White,Male,Loan originated,1,500000.0,80.0,6.25,2.5,1,12500.0,800.0,1500.0,3.0,1000.0,360,0,0,0,0,0,0,0,0,0,0,0,0,0,0,0,0,0,0,0,0,0,0,0,0,0,0,0,0,0,0,0,0,0,0,0,0,0,0,0,0,0,0,0,0,0,0,0,0,0,0,0,0,0,0,0,0,0,0,0,0,0,0,0,0,0,0,0,0,0,0,0,0,0,0,0,0,0,0,0,0,0,0,0,0,0,0,0,0,0,0,0,0,0,0,0,0,0,0,0,0,0,0,0,0,0,0,0,0,0,0
2024,99999,FL,0100.0,0100301000.0,FHA:First Lien,Single Family (1-4 Units):Site-Built,Not Hispanic or Latino,Black,Male,Loan approved but not accepted,3,300000.0,75.0,6.5,3.0,0,7500.0,450.0,800.0,2.0,300.0,360,0,0,0,0,0,0,0,0,0,0,0,0,0,0,0,0,0,0,0,0,0,0,0,0,0,0,0,0,0,0,0,0,0,0,0,0,0,0,0,0,0,0,0,0,0,0,0,0,0,0,0,0,0,0,0,0,0,0,0,0,0,0,0,0,0,0,0,0,0,0,0,0,0,0,0,0,0,0,0,0,0,0,0,0,0,0,0,0,0,0,0,0,0,0,0,0,0,0,0,0,0,0,0,0,0
2024,99999,NY,0050.0,0050000000.0,Conventional:First Lien,Multi-Family:Site-Built,Not Hispanic or Latino,Asian,Male,Loans conditionally approved,1,400000.0,70.0,5.75,2.0,1,10000.0,600.0,1200.0,2.5,500.0,360,0,0,0,0,0,0,0,0,0,0,0,0,0,0,0,0,0,0,0,0,0,0,0,0,0,0,0,0,0,0,0,0,0,0,0,0,0,0,0,0,0,0,0,0,0,0,0,0,0,0,0,0,0,0,0,0,0,0,0,0,0,0,0,0,0,0,0,0,0,0,0,0,0,0,0,0,0,0,0,0,0,0,0,0,0,0,0,0,0,0,0,0,0,0,0,0,0,0,0,0,0,0,0,0,0
2024,99999,TX,0070.0,0070503000.0,Va:First Lien,Single Family (1-4 Units):Site-Built,Hispanic or Latino,White,Female,Loan originated,1,650000.0,90.0,6.0,2.2,1,15000.0,1000.0,2000.0,1.0,750.0,360,0,0,0,0,0,0,0,0,0,0,0,0,0,0,0,0,0,0,0,0,0,0,0,0,0,0,0,0,0,0,0,0,0,0,0,0,0,0,0,0,0,0,0,0,0,0,0,0,0,0,0,0,0,0,0,0,0,0,0,0,0,0,0,0,0,0,0,0,0,0,0,0,0,0,0,0,0,0,0,0,0,0,0,0,0,0,0,0,0,0,0,0,0,0,0,0,0,0,0,0,0,0,0,0,0
2024,99999,WA,0030.0,0030204000.0,USDA:First Lien,Single Family (1-4 Units):Site-Built,Not Hispanic or Latino,White,Female,File closed for incompleteness,3,125000.0,55.0,5.0,1.5,0,3000.0,200.0,400.0,1.5,100.0,180,0,0,0,0,0,0,0,0,0,0,0,0,0,0,0,0,0,0,0,0,0,0,0,0,0,0,0,0,0,0,0,0,0,0,0,0,0,0,0,0,0,0,0,0,0,0,0,0,0,0,0,0,0,0,0,0,0,0,0,0,0,0,0,0,0,0,0,0,0,0,0,0,0,0,0,0,0,0,0,0,0,0,0,0,0,0,0,0,0,0,0,0,0,0,0,0,0,0,0,0,0,0,0,0,0
2024,99999,NC,0170.0,0170502000.0,Conventional:First Lien,Single Family (1-4 Units):Site-Built,Not Hispanic or Latino,Black,Male,Loan originated,1,300000.0,65.0,7.25,4.0,1,9000.0,550.0,900.0,2.0,350.0,360,0,0,0,0,0,0,0,0,0,0,0,0,0,0,0,0,0,0,0,0,0,0,0,0,0,0,0,0,0,0,0,0,0,0,0,0,0,0,0,0,0,0,0,0,0,0,0,0,0,0,0,0,0,0,0,0,0,0,0,0,0,0,0,0,0,0,0,0,0,0,0,0,0,0,0,0,0,0,0,0,0,0,0,0,0,0,0,0,0,0,0,0,0,0,0,0,0,0,0,0,0,0,0,0,0
2024,99999,IL,0070.0,0070304000.0,FHA:First Lien,Single Family (1-4 Units):Site-Built,Not Hispanic or Latino,Hispanic or Latino,Female,Loans conditionally approved,1,350000.0,70.0,6.0,2.0,0,8500.0,500.0,700.0,2.0,250.0,360,0,0,0,0,0,0,0,0,0,0,0,0,0,0,0,0,0,0,0,0,0,0,0,0,0,0,0,0,0,0,0,0,0,0,0,0,0,0,0,0,0,0,0,0,0,0,0,0,0,0,0,0,0,0,0,0,0,0,0,0,0,0,0,0,0,0,0,0,0,0,0,0,0,0,0,0,0,0,0,0,0,0,0,0,0,0,0,0,0,0,0,0,0,0,0,0,0,0,0,0,0,0,0,0,0
2024,99999,GA,0010.0,0010308000.0,Va:First Lien,Single Family (1-4 Units):Site-Built,Not Hispanic or Latino,White,Female,File closed for incompleteness,3,200000.0,85.0,5.5,2.5,1,4500.0,300.0,500.0,1.0,150.0,180,0,0,0,0,0,0,0,0,0,0,0,0,0,0,0,0,0,0,0,0,0,0,0,0,0,0,0,0,0,0,0,0,0,0,0,0,0,0,0,0,0,0,0,0,0,0,0,0,0,0,0,0,0,0,0,0,0,0,0,0,0,0,0,0,0,0,0,0,0,0,0,0,0,0,0,0,0,0,0,0,0,0,0,0,0,0,0,0,0,0,0,0,0,0,0,0,0,0,0,0,0,0,0,0,0
2024,99999,OH,0050.0,0050401000.0,Conventional:First Lien,Single Family (1-4 Units):Site-Built,Not Hispanic or Latino,White,Male,Loan originated,1,600000.0,75.0,7.0,4.5,1,14000.0,900.0,1400.0,2.0,500.0,360,0,0,0,0,0,0,0,0,0,0,0,0,0,0,0,0,0,0,0,0,0,0,0,0,0,0,0,0,0,0,0,0,0,0,0,0,0,0,0,0,0,0,0,0,0,0,0,0,0,0,0,0,0,0,0,0,0,0,0,0,0,0,0,0,0,0,0,0,0,0,0,0,0,0,0,0,0,0,0,0,0,0,0,0,0,0,0,0,0,0,0,0,0,0,0,0,0,0,0,0,0,0,0,0,0
2024,99999,VA,0030.0,0030102000.0,USDA:First Lien,Single Family (1-4 Units):Site-Built,Hispanic or Latino,White,Female,Loans conditionally approved,1,450000.0,60.0,5.75,2.2,0,12000.0,800.0,1000.0,1.5,300.0,360,0,0,0,0,0,0,0,0,0,0,0,0,0,0,0,0,0,0,0,0,0,0,0,0,0,0,0,0,0,0,0,0,0,0,0,0,0,0,0,0,0,0,0,0,0,0,0,0,0,0,0,0,0,0,0,0,0,0,0,0,0,0,0,0,0,0,0,0,0,0,0,0,0,0,0,0,0,0,0,0,0,0,0,0,0,0,0,0,0,0,0,0,0,0,0,0,0,0,0,0,0,0,0,0,0
2024,99999,MI,0010.0,0010201000.0,FHA:Subordinate Lien,Single Family (1-4 Units):Site-Built,Not Hispanic or Latino,Black,Male,Loan originated,1,250000.0,80.0,5.5,1.5,1,6000.0,350.0,450.0,1.0,200.0,180,0,0,0,0,0,0,0,0,0,0,0,0,0,0,0,0,0,0,0,0,0,0,0,0,0,0,0,0,0,0,0,0,0,0,0,0,0,0,0,0,0,0,0,0,0,0,0,0,0,0,0,0,0,0,0,0,0,0,0,0,0,0,0,0,0,0,0,0,0,0,0,0,0,0,0,0,0,0,0,0,0,0,0,0,0,0,0,0,0,0,0,0,0,0,0,0,0,0,0,0,0,0,0,0,0
2024,99999,MA,0030.0,0030203000.0,Va:First Lien,Single Family (1-4 Units):Site-Built,Not Hispanic or Latino,White,Male,File closed for incompleteness,3,100000.0,90.0,6.25,3.0,1,2500.0,150.0,250.0,1.0,50.0,120,0,0,0,0,0,0,0,0,0,0,0,0,0,0,0,0,0,0,0,0,0,0,0,0,0,0,0,0,0,0,0,0,0,0,0,0,0,0,0,0,0,0,0,0,0,0,0,0,0,0,0,0,0,0,0,0,0,0,0,0,0,0,0,0,0,0,0,0,0,0,0,0,0,0,0,0,0,0,0,0,0,0,0,0,0,0,0,0,0,0,0,0,0,0,0,0,0,0,0,0,0,0,0,0,0
2024,99999,SC,0030.0,0030801000.0,Conventional:First Lien,Single Family (1-4 Units):Site-Built,Hispanic or Latino,Hispanic or Latino,Female,Loan originated,1,550000.0,75.0,6.5,2.5,1,13500.0,750.0,1500.0,2.0,450.0,360,0,0,0,0,0,0,0,0,0,0,0,0,0,0,0,0,0,0,0,0,0,0,0,0,0,0,0,0,0,0,0,0,0,0,0,0,0,0,0,0,0,0,0,0,0,0,0,0,0,0,0,0,0,0,0,0,0,0,0,0,0,0,0,0,0,0,0,0,0,0,0,0,0,0,0,0,0,0,0,0,0,0,0,0,0,0,0,0,0,0,0,0,0,0,0,0,0,0,0,0,0,0,0,0,0
2024,99999,MD,0010.0,0010502000.0,USDA:First Lien,Single Family (1-4 Units):Site-Built,Not Hispanic or Latino,Asian,Female,Loans conditionally approved,1,280000.0,70.0,5.25,1.8,0,7500.0,400.0,600.0,1.5,200.0,240,0,0,0,0,0,0,0,0,0,0,0,0,0,0,0,0,0,0,0,0,0,0,0,0,0,0,0,0,0,0,0,0,0,0,0,0,0,0,0,0,0,0,0,0,0,0,0,0,0,0,0,0,0,0,0,0,0,0,0,0,0,0,0,0,0,0,0,0,0,0,0,0,0,0,0,0,0,0,0,0,0,0,0,0,0,0,0,0,0,0,0,0,0,0,0,0,0,0,0,0,0,0,0,0,0
2024,99999,CO,0070.0,0070804000.0,FHA:First Lien,Single Family (1-4 Units):Site-Built,Not Hispanic or Latino,White,Male,Loan originated,1,400000.0,65.0,6.75,3.2,1,11000.0,650.0,1000.0,2.5,400.0,360,0,0,0,0,0,0,0,0,0,0,0,0,0,0,0,0,0,0,0,0,0,0,0,0,0,0,0,0,0,0,0,0,0,0,0,0,0,0,0,0,0,0,0,0,0,0,0,0,0,0,0,0,0,0,0,0,0,0,0,0,0,0,0,0,0,0,0,0,0,0,0,0,0,0,0,0,0,0,0,0,0,0,0,0,0,0,0,0,0,0,0,0,0,0,0,0,0,0,0,0,0,0,0,0,0
2024,99999,NE,0030.0,0030901000.0,Conventional:First Lien,Single Family (1-4 Units):Site-Built,Not Hispanic or Latino,Hispanic or Latino,Male,File closed for incompleteness,3,320000.0,75.0,5.5,2.0,0,8000.0,500.0,700.0,1.5,250.0,360,0,0,0,0,0,0,0,0,0,0,0,0,0,0,0,0,0,0,0,0,0,0,0,0,0,0,0,0,0,0,0,0,0,0,0,0,0,0,0,0,0,0,0,0,0,0,0,0,0,0,0,0,0,0,0,0,0,0,0,0,0,0,0,0,0,0,0,0,0,0,0,0,0,0,0,0,0,0,0,0,0,0,0,0,0,0,0,0,0,0,0,0,0,0,0,0,0,0,0,0,0,0,0,0,0
2024,99999,MO,0010.0,0010305000.0,Va:Subordinate Lien,Single Family (1-4 Units):Site-Built,Hispanic or Latino,White,Female,Loan originated,1,450000.0,80.0,6.0,2.5,1,10000.0,800.0,1000.0,1.0,300.0,360,0,0,0,0,0,0,0,0,0,0,0,0,0,0,0,0,0,0,0,0,0,0,0,0,0,0,0,0,0,0,0,0,0,0,0,0,0,0,0,0,0,0,0,0,0,0,0,0,0,0,0,0,0,0,0,0,0,0,0,0,0,0,0,0,0,0,0,0,0,0,0,0,0,0,0,0,0,0,0,0,0,0,0,0,0,0,0,0,0,0,0,0,0,0,0,0,0,0,0,0,0,0,0,0,0
2024,99999,PW,0030.0,0030403000.0,FHA:First Lien,Single Family (1-4 Units):Site-Built,Not Hispanic or Latino,Black,Male,Loans conditionally approved,1,275000.0,75.0,6.25,2.2,0,6500.0,450.0,600.0,2.0,150.0,360,0,0,0,0,0,0,0,0,0,0,0,0,0,0,0,0,0,0,0,0,0,0,0,0,0,0,0,0,0,0,0,0,0,0,0,0,0,0,0,0,0,0,0,0,0,0,0,0,0,0,0,0,0,0,0,0,0,0,0,0,0,0,0,0,0,0,0,0,0,0,0,0,0,0,0,0,0,0,0,0,0,0,0,0,0,0,0,0,0,0,0,0,0,0,0,0,0,0,0,0,0,0,0,0,0
2024,99999,KY,0090.0,0090200000.0,Conventional:First Lien,Single Family (1-4 Units):Site-Built,Not Hispanic or Latino,White,Female,Loan originated,1,500000.0,70.0,5.75,1.8,1,12000.0,700.0,1200.0,2.0,450.0,360,0,0,0,0,0,0,0,0,0,0,0,0,0,0,0,0,0,0,0,0,0,0,0,0,0,0,0,0,0,0,0,0,0,0,0,0,0,0,0,0,0,0,0,0,0,0,0,0,0,0,0,0,0,0,0,0,0,0,0,0,0,0,0,0,0,0,0,0,0,0,0,0,0,0,0,0,0,0,0,0,0,0,0,0,0,0,0,0,0,0,0,0,0,0,0,0,0,0,0,0,0,0,0,0,0
2024,99999,IN,0010.0,0010705000.0,Va:First Lien,Single Family (1-4 Units):Site-Built,Not Hispanic or Latino,White,Male,File closed for incompleteness,3,350000.0,85.0,6.0,2.5,0,8500.0,500.0,750.0,1.5,200.0,360,0,0,0,0,0,0,0,0,0,0,0,0,0,0,0,0,0,0,0,0,0,0,0,0,0,0,0,0,0,0,0,0,0,0,0,0,0,0,0,0,0,0,0,0,0,0,0,0,0,0,0,0,0,0,0,0,0,0,0,0,0,0,0,0,0,0,0,0,0,0,0,0,0,0,0,0,0,0,0,0,0,0,0,0,0,0,0,0,0,0,0,0,0,0,0,0,0,0,0,0,0,0,0,0,0
2024,99999,OR,0020.0,0020203000.0,USDA:First Lien,Single Family (1-4 Units):Site-Built,Not Hispanic or Latino,Hispanic or Latino,Female,Loan originated,1,300000.0,65.0,5.25,1.5,1,7000.0,400.0,600.0,1.0,100.0,360,0,0,0,0,0,0,0,0,0,0,0,0,0,0,0,0,0,0,0,0,0,0,0,0,0,0,0,0,0,0,0,0,0,0,0,0,0,0,0,0,0,0,0,0,0,0,0,0,0,0,0,0,0,0,0,0,0,0,0,0,0,0,0,0,0,0,0,0,0,0,0,0,0,0,0,0,0,0,0,0,0,0,0,0,0,0,0,0,0,0,0,0,0,0,0,0,0,0,0,0,0,0,0,0,0
2024,99999,WV,0010.0,0010107000.0,FHA:First Lien,Single Family (1-4 Units):Site-Built,Not Hispanic or Latino,White,Male,Loans conditionally approved,1,400000.0,70.0,6.25,2.3,0,10000.0,600.0,800.0,2.0,300.0,360,0,0,0,0,0,0,0,0,0,0,0,0,0,0,0,0,0,0,0,0,0,0,0,0,0,0,0,0,0,0,0,0,0,0,0,0,0,0,0,0,0,0,0,0,0,0,0,0,0,0,0,0,0,0,0,0,0,0,0,0,0,0,0,0,0,0,0,0,0,0,0,0,0,0,0,0,0,0,0,0,0,0,0,0,0,0,0,0,0,0,0,0,0,0,0,0,0,0,0,0,0,0,0,0,0
2024,99999,AZ,0010.0,0010402000.0,Conventional:First Lien,Semi-Detached/Attached Single-Family:Site-Built,Not Hispanic or Latino,White,Female,Loan originated,1,350000.0,80.0,6.5,3.0,1,9500.0,500.0,900.0,2.0,250.0,360,0,0,0,0,0,0,0,0,0,0,0,0,0,0,0,0,0,0,0,0,0,0,0,0,0,0,0,0,0,0,0,0,0,0,0,0,0,0,0,0,0,0,0,0,0,0,0,0,0,0,0,0,0,0,0,0,0,0,0,0,0,0,0,0,0,0,0,0,0,0,0,0,0,0,0,0,0,0,0,0,0,0,0,0,0,0,0,0,0,0,0,0,0,0,0,0,0,0,0,0,0,0,0,0,0
2024,99999,VT,0030.0,0030201000.0,Va:First Lien,Single Family (1-4 Units):Site-Built,Not Hispanic or Latino,Black,Female,File closed for incompleteness,3,180000.0,85.0,5.75,2.0,0,4200.0,250.0,300.0,1.0,50.0,180,0,0,0,0,0,0,0,0,0,0,0,0,0,0,0,0,0,0,0,0,0,0,0,0,0,0,0,0,0,0,0,0,0,0,0,0,0,0,0,0,0,0,0,0,0,0,0,0,0,0,0,0,0,0,0,0,0,0,0,0,0,0,0,0,0,0,0,0,0,0,0,0,0,0,0,0,0,0,0,0,0,0,0,0,0,0,0,0,0,0,0,0,0,0,0,0,0,0,0,0,0,0,0,0,0
2024,99999,WI,0010.0,0010309000.0,USDA:First Lien,Single Family (1-4 Units):Site-Built,Not Hispanic or Latino,White,Male,Loan originated,1,375000.0,65.0,5.0,1.5,1,9000.0,450.0,700.0,1.5,2
2024,99999,CA,1100.0,1100101000.0,Conventional:First Lien,Single Family (1-4 Units):Site-Built,Hispanic or Latino,Asian,Female,Loan originated,1,350000.0,85.0,5.75,2.0,1,4500.0,3200.0,1200.0,1.5,1300.0,360,0,0,2,1,1,0,0,1,1,3,1,2,3,1,,150000.0,Site-built,Owner occupied,Not Applicable,Not Applicable,1,0,120000.0,42.0,Credit Score: FICO,Not Applicable,Hispanic or Latino,Not Applicable,1,0,Asian,Not Applicable,1,0,Female,Not Applicable,1,0,32,9999,No,,1,1  
2024,99999,FL,1234.0,1234508900.0,FHA:First Lien,Single Family (1-4 Units):Site-Built,Not Hispanic or Latino,Black,Male,Loan approved but not accepted,1,200000.0,90.0,6.25,2.5,1,3400.0,2800.0,900.0,2.0,1200.0,360,0,0,2,1,1,0,1,1,1,2,1,2,2,2,,100000.0,Site-built,Secondary residence,Not Applicable,Not Applicable,1,1,100000.0,38.0,Credit Score: FICO,Not Applicable,Not Hispanic or Latino,Not Applicable,1,0,Black,Not Applicable,1,0,Male,Not Applicable,1,0,29,9999,No,,1,1  
2024,99999,NY,5678.0,5678902100.0,VA:First Lien,Single Family (1-4 Units):Site-Built,Not Hispanic or Latino,White,Male,Loan originated,1,450000.0,95.0,4.50,1.5,1,6200.0,5200.0,1000.0,1.0,1400.0,480,0,0,1,1,1,1,0,0,1,1,1,2,1,2,,300000.0,Site-built,Investment property,Not Applicable,Not Applicable,1,0,200000.0,30.0,Credit Score: FICO,Not Applicable,Not Hispanic or Latino,Not Applicable,1,0,White,Not Applicable,1,0,Male,Not Applicable,1,0,35,9999,No,,1,1  
2024,99999,TX,6789.0,6789045600.0,Conventional:First Lien,Single Family (1-4 Units):Site-Built,Not Hispanic or Latino,White,Female,Deny,1,400000.0,97.0,6.00,2.0,1,3800.0,3000.0,1200.0,1.7,1100.0,360,0,0,2,2,2,0,0,1,1,3,1,1,1,1,,180000.0,Site-built,Owner occupied,Not Applicable,Not Applicable,1,0,150000.0,40.0,Credit Score: VantageScore,Not Applicable,Not Hispanic or Latino,Not Applicable,1,0,White,Not Applicable,1,0,Female,Not Applicable,1,0,40,9999,No,,1,1  
2024,99999,IL,2345.0,2345678900.0,FHA:First Lien,Single Family (1-4 Units):Site-Built,Hispanic or Latino,Hispanic,Female,Loan originated,1,150000.0,80.0,5.50,1.8,1,3500.0,2500.0,800.0,1.2,1000.0,360,0,0,2,2,2,0,1,1,1,2,1,2,1,1,,90000.0,Site-built,Owner occupied,Not Applicable,Not Applicable,1,0,70000.0,35.0,Credit Score: FICO,Not Applicable,Hispanic or Latino,Not Applicable,1,0,Hispanic,Not Applicable,1,0,Female,Not Applicable,1,0,36,9999,Yes,,1,1  
2024,99999,PA,1111.0,1111111110.0,VA:First Lien,Multifamily:Site-Built,Not Hispanic or Latino,White,Female,Loan denied,2,300000.0,85.0,6.75,2.2,2,4100.0,2900.0,1500.0,1.5,1000.0,360,0,0,1,1,0,0,0,0,1,1,1,2,1,2,,180000.0,Site-built,Investment property,Not Applicable,Not Applicable,1,0,120000.0,50.0,Credit Score: FICO,Not Applicable,Not Hispanic or Latino,Not Applicable,1,0,White,Not Applicable,1,0,Female,Not Applicable,1,0,33,9999,No,,1,1  
2024,99999,GA,2222.0,2222222220.0,Conventional:First Lien,Single Family (1-4 Units):Site-Built,Not Hispanic or Latino,Latino,Female,Loan originated,1,320000.0,90.0,5.25,1.7,1,4200.0,3300.0,1000.0,1.2,1000.0,360,0,0,1,1,1,0,0,1,1,2,1,2,1,1,,150000.0,Site-built,Owner occupied,Not Applicable,Not Applicable,1,0,120000.0,42.0,Credit Score: VantageScore,Not Applicable,Not Hispanic or Latino,Not Applicable,1,0,Latino,Not Applicable,1,0,Female,Not Applicable,1,0,28,9999,Yes,,1,1  
2024,99999,OH,3333.0,3333333330.0,Conventional:Second Lien,Single Family (1-4 Units):Site-Built,Hispanic or Latino,White,Male,Loan declined by institution,3,500000.0,88.0,5.25,1.9,1,3700.0,2500.0,1200.0,2.0,1100.0,180,0,0,2,2,0,0,0,1,1,2,1,2,1,1,,200000.0,Site-built,Investment property,Not Applicable,Not Applicable,1,0,180000.0,38.0,Credit Score: FICO,Not Applicable,Hispanic or Latino,Not Applicable,1,0,White,Not Applicable,1,0,Male,Not Applicable,1,0,45,9999,No,,1,1  
2024,99999,NC,4444.0,4444444440.0,FHA:First Lien,Multifamily:Site-Built,Not Hispanic or Latino,Black,Female,Loan originated,1,250000.0,92.0,5.80,2.0,1,3200.0,2400.0,1200.0,1.5,1000.0,360,0,0,2,1,1,0,1,1,1,2,1,2,1,1,,120000.0,Site-built,Owner occupied,Not Applicable,Not Applicable,1,0,90000.0,36.0,Credit Score: VantageScore,Not Applicable,Not Hispanic or Latino,Not Applicable,1,0,Black,Not Applicable,1,0,Female,Not Applicable,1,0,45,9999,No,,1,1  
2024,99999,MI,5555.0,5555555550.0,VA:First Lien,Single Family (1-4 Units):Site-Built,Not Hispanic or Latino,White,Male,Loan originated,1,350000.0,85.0,6.00,2.2,1,4800.0,3800.0,1000.0,1.5,1400.0,360,0,0,1,0,1,0,0,1,1,2,1,1,2,1,,130000.0,Site-built,Owner occupied,Not Applicable,Not Applicable,1,0,90000.0,38.0,Credit Score: FICO,Not Applicable,Not Hispanic or Latino,Not Applicable,1,0,White,Not Applicable,1,0,Male,Not Applicable,1,0,42,9999,No,,1,1  
2024,99999,AR,6666.0,6666666660.0,FHA:First Lien,Single Family (1-4 Units):Site-Built,Hispanic or Latino,Other/Mixed,Female,Loan originated,1,260000.0,85.0,6.10,1.6,1,3100.0,2100.0,1000.0,1.8,900.0,360,0,0,1,2,1,0,0,1,1,3,1,1,1,1,,100000.0,Site-built,Owner occupied,Not Applicable,Not Applicable,1,0,70000.0,35.0,Credit Score: FICO,Not Applicable,Hispanic or Latino,Not Applicable,1,0,Other/Mixed,Not Applicable,1,0,Female,Not Applicable,1,0,31,9999,Yes,,1,1  
2024,99999,WI,7777.0,7777777770.0,Conventional:First Lien,Multifamily:Site-Built,Not Hispanic or Latino,White,Male,Loan originated,1,470000.0,95.0,6.25,2.2,1,5000.0,3800.0,1200.0,2.0,1100.0,360,0,0,0,1,1,0,0,1,1,1,1,2,2,2,,250000.0,Site-built,Investment property,Not Applicable,Not Applicable,1,0,200000.0,32.0,Credit Score: VantageScore,Not Applicable,Not Hispanic or Latino,Not Applicable,1,0,White,Not Applicable,1,0,Male,Not Applicable,1,0,31,9999,No,,1,1  
2024,99999,LA,8888.0,8888888880.0,Conventional:First Lien,Single Family (1-4 Units):Site-Built,Not Hispanic or Latino,Native American,Male,Loan originated,1,360000.0,90.0,5.40,1.6,1,4000.0,2900.0,1100.0,1.8,1200.0,360,0,0,2,1,1,0,1,1,1,2,1,1,1,1,,180000.0,Site-built,Owner occupied,Not Applicable,Not Applicable,1,0,100000.0,39.0,Credit Score: FICO,Not Applicable,Not Hispanic or Latino,Not Applicable,1,0,Native American,Not Applicable,1,0,Male,Not Applicable,1,0,34,9999,No,,1,1  
2024,99999,CO,9999.0,9999999990.0,FHA:First Lien,Single Family (1-4 Units):Site-Built,Hispanic or Latino,Hispanic,Male,Loan originated,1,180000.0,85.0,5.90,1.8,1,3500.0,2300.0,1200.0,1.2,1000.0,360,0,0,2,1,1,0,1,0,1,2,1,2,1,2,,120000.0,Site-built,Owner occupied,Not Applicable,Not Applicable,1,0,100000.0,45.0,Credit Score: VantageScore,Not Applicable,Hispanic or Latino,Not Applicable,0,0,Hispanic,Not Applicable,0,0,Male,Not Applicable,0,0,38,9999,No,,1,1  
2024,99999,SC,0000.0,0000000000.0,VA:First Lien,Multifamily:Site-Built,Not Hispanic or Latino,White,Male,Loan originated,1,510000.0,98.0,7.00,2.2,1,5300.0,4200.0,900.0,1.8,1200.0,480,0,0,0,1,1,0,0,1,1,2,1,1,1,2,,260000.0,Site-built,Investment property,Not Applicable,Not Applicable,1,0,210000.0,30.0,Credit Score: FICO,Not Applicable,Not Hispanic or Latino,Not Applicable,1,0,White,Not Applicable,1,0,Male,Not Applicable,1,0,32,9999,Yes,,1,1  
2024,99999,KY,1000.0,1000000000.0,Conventional:First Lien,Single Family (1-4 Units):Site-Built,Not Hispanic or Latino,Black,Female,Loan originated,1,270000.0,90.0,6.10,1.8,1,3400.0,2800.0,800.0,1.5,900.0,360,0,0,2,2,1,0,0,1,1,2,2,2,1,2,,140000.0,Site-built,Owner occupied,Not Applicable,Not Applicable,1,0,100000.0,41.0,Credit Score: FICO,Not Applicable,Not Hispanic or Latino,Not Applicable,1,0,Black,Not Applicable,1,0,Female,Not Applicable,1,0,37,9999,No,,1,1  
2024,99999,AL,2000.0,2000000000.0,FHA:First Lien,Single Family (1-4 Units):Site-Built,Hispanic or Latino,Hispanic,Female,Loan originated,1,220000.0,85.0,5.60,2.0,1,3100.0,2200.0,1000.0,1.8,1200.0,360,0,0,1,1,1,0,0,1,1,1,2,1,2,2,,120000.0,Site-built,Investment property,Not Applicable,Not Applicable,1,0,100000.0,34.0,Credit Score: VantageScore,Not Applicable,Hispanic or Latino,Not Applicable,1,0,Hispanic,Not Applicable,1,0,Female,Not Applicable,1,0,30,9999,Yes,,1,1  
2024,99999,NJ,3000.0,3000000000.0,Conventional:First Lien,Single Family (1-4 Units):Site-Built,Not Hispanic or Latino,White,Female,Loan originated,1,400000.0,90.0,5.75,1.8,1,4200.0,3400.0,1000.0,1.5,1200.0,360,0,0,2,1,1,0,0,1,1,2,1,2,1,2,,200000.0,Site-built,Owner occupied,Not Applicable,Not Applicable,1,0,150000.0,40.0,Credit Score: FICO,Not Applicable,Not Hispanic or Latino,Not Applicable,1,0,White,Not Applicable,1,0,Female,Not Applicable,1,0,33,9999,Yes,,1,1  
2024,99999,MD,4000.0,4000000000.0,VA:First Lien,Single Family (1-4 Units):Site-Built,Not Hispanic or Latino,Hawaiian,Male,Loan originated,1,310000.0,95.0,7.00,2.0,1,4000.0,3200.0,1000.0,1.7,1500.0,360,0,0,1,0,1,0,0,1,1,2,1,2,2,1,,180000.0,Site-built,Owner occupied,Not Applicable,Not Applicable,1,0,130000.0,39.0,Credit Score: VantageScore,Not Applicable,Not Hispanic or Latino,Not Applicable,1,0,Hawaiian,Not Applicable,1,0,Male,Not Applicable,1,0,45,9999,Yes,,1,1  
2024,99999,MO,5000.0,5000000000.0,FHA:First Lien,Single Family (1-4 Units):Site-Built,Not Hispanic or Latino,Native American,Female,Loan originated,1,250000.0,88.0,6.00,1.8,1,3600.0,2800.0,1000.0,1.8,1200.0,360,0,0,1,2,1,0,0,1,1,2,1,2,2,1,,100000.0,Site-built,Owner occupied,Not Applicable,Not Applicable,1,0,80000.0,35.0,Credit Score: FICO,Not Applicable,Not Hispanic or Latino,Not Applicable,1,0,Native American,Not Applicable,1,0,Female,Not Applicable,1,0,42,9999,No,,1,1  
2024,99999,VT,6000.0,6000000000.0,Conventional:First Lien,Single Family (1-4 Units):Site-Built,Not Hispanic or Latino,White,Male,Loan originated,1,320000.0,90.0,6.50,2.3,1,3900.0,3200.0,800.0,1.8,1200.0,360,0,0,0,1,1,0,1,0,1,1,1,2,1,2,,170000.0,Site-built,Investment property,Not Applicable,Not Applicable,1,0,140000.0,35.0,Credit Score: VantageScore,Not Applicable,Not Hispanic or Latino,Not Applicable,1,0,White,Not Applicable,1,0,Male,Not Applicable,1,0,29,9999,No,,1,1  
2024,99999,AZ,7000.0,7000000000.0,FHA:First Lien,Single Family (1-4 Units):Site-Built,Hispanic or Latino,Hispanic,Male,Loan originated,1,220000.0,85.0,6.20,1.9,1,3100.0,2200.0,1000.0,1.9,1000.0,360,0,0,1,1,1,0,0,1,1,2,1,2,1,1,,120000.0,Site-built,Investment property,Not Applicable,Not Applicable,1,0,90000.0,38.0,Credit Score: FICO,Not Applicable,Hispanic or Latino,Not Applicable,1,0,Hispanic,Not Applicable,1,0,Male,Not Applicable,1,0,40,9999,No,,1,1  
2024,99999,IN,8000.0,8000000000.0,Conventional:First Lien,Single Family (1-4 Units):Site-Built,Not Hispanic or Latino,White,Male,Loan originated,1,360000.0,92.0,5.50,2.0,1,4200.0,3100.0,1100.0,1.5,1200.0,360,0,0,1,0,1,0,1,1,1,2,1,2,1,2,,180000.0,Site-built,Owner occupied,Not Applicable,Not Applicable,1,0,150000.0,40.0,Credit Score: VantageScore,Not Applicable,Not Hispanic or Latino,Not Applicable,1,0,White,Not Applicable,1,0,Male,Not Applicable,1,0,32,9999,No,,1,1  
2024,99999,MA,9000.0,9000000000.0,VA:First Lien,Single Family (1-4 Units):Site-Built,Not Hispanic or Latino,White,Female,Loan originated,1,420000.0,95.0,5.75,1.5,1,5000.0,4100.0,1000.0,1.0,1600.0,480,0,0,1,1,1,0,1,1,1,2,1,2,2,2,,220000.0,Site-built,Owner occupied,Not Applicable,Not Applicable,1,0,180000.0,38.0,Credit Score: FICO,Not Applicable,Not Hispanic or Latino,Not Applicable,1,0,White,Not Applicable,1,0,Female,Not Applicable,1,0,31,9999,No,,1,1  
2024,99999,ND,0101.0,0101010101.0,FHA:First Lien,Multifamily:Site-Built,Hispanic or Latino,Hispanic,Male,Loan denied,2,200000.0,87.0,6.25,1.8,1,3500.0,2600.0,1000.0,2.0,1200.0,360,0,0,2,2,0,0,0,1,1,3,1,1,1,2,,90000.0,Site-built,Investment property,Not Applicable,Not Applicable,1,0,80000.0,44.0,Credit Score: VantageScore,Not Applicable,Hispanic or Latino,Not Applicable,1,0,Hispanic,Not Applicable,1,0,Male,Not Applicable,1,0,29,9999,No,,1,1  
2024,99999,UT,1212.0,1212121212.0,Conventional:First Lien,Single Family (1-4 Units):Site-Built,Not Hispanic or Latino,White,Male,Loan originated,1,300000.0,85.0,5.80,2.1,1,3400.0,2300.0,1000.0,1.5,900.0,360,0,0,2,0,1,0,1,1,1,2,1,2,1,2,,160000.0,Site-built,Owner occupied,Not Applicable,Not Applicable,1,0,120000.0,40.0,Credit Score: FICO,Not Applicable,Not Hispanic or Latino,Not Applicable,1,0,White,Not Applicable,1,0,Male,Not Applicable,1,0,34,9999,Yes,,1,1  
2024,99999,SD,3434.0,3434343434.0,FHA:First Lien,Single Family (1-4 Units):Site-Built,Hispanic or Latino,Hispanic,Male,Loan originated,1,280000.0,90.0,6.10,2.0,1,3600.0,2800.0,1000.0,1.6,1200.0,360,0,0,1,1,1,0,0,1,1,2,1,2,1,1,,130000.0,Site-built,Owner occupied,Not Applicable,Not Applicable,1,0,100000.0,42.0,Credit Score: VantageScore,Not Applicable,Hispanic or Latino,Not Applicable,1,0,Hispanic,Not Applicable,1,0,Male,Not Applicable,1,0,31,9999,Yes,,1,1  
2024,99999,HI,5656.0,5656565656.0,Conventional:First Lien,Multifamily:Site-Built,Not Hispanic or Latino,White,Female,Application withdrawn,4,380000.0,90.0,5.90,1.8,1,4500.0,3800.0,1000.0,1.8,1100.0,360,0,0,2,2,1,0,1,1,1,3,1,2,2,1,,240000.0,Site-built,Investment property,Not Applicable,Not Applicable,1,0,200000.0,36.0,Credit Score: FICO,Not Applicable,Not Hispanic or Latino,Not Applicable,1,0,White,Not Applicable,1,0,Female,Not Applicable,1,0,42,9999,Yes,,1,1  
2024,99999,KS,7878.0,7878787878.0,FHA:First Lien,Single Family (1-4 Units):Site-Built,Not Hispanic or Latino,White,Male,Loan originated,1,350000.0,95.0,6.10,2.0,1,4100.0,3100.0,1200.0,2.0,1100.0,360,0,0,1,1,1,0,1,1,0,2,1,1,1,1,,180000.0,Site-built,Investment property,Not Applicable,Not Applicable,1,0,120000.0,38.0,Credit Score: VantageScore,Not Applicable,Not Hispanic or Latino,Not Applicable,1,0,White,Not Applicable,1,0,Male,Not Applicable,1,0,33,9999,Yes,,1,1  
2024,99999,NH,9090.0,9090909090.0,Conventional:First Lien,Single Family (1-4 Units):Site-Built,Not Hispanic or Latino,White,Female,Loan originated,1,310000.0,90.0,5.60,1.5,1,4300.0,3200.0,1000.0,1.0,1100.0,360,0,0,2,0,1,0,1,1,1,2,1,2,1,2,,170000.0,Site-built,Owner occupied,Not Applicable,Not Applicable,1,0,120000.0,40.0,Credit Score: FICO,Not Applicable,Not Hispanic or Latino,Not Applicable,1,0,White,Not Applicable,1,0,Female,Not Applicable,1,0,28,9999,Yes,,1,1  
2024,99999,ME,1122.0,1122334455.0,FHA:First Lien,Multifamily:Site-Built,Not Hispanic or Latino,White,Male,Loan originated,1,320000.0,92.0,5.70,1.8,1,3900.0,2900.0,1000.0,1.7,1000.0,360,0,0,1,1,1,0,0,1,1,2,1,2,1,2,,160000.0,Site-built,Investment property,Not Applicable,Not Applicable,1,0,110000.0,39.0,Credit Score: VantageScore,Not Applicable,Not Hispanic or Latino,Not Applicable,1,0,White,Not Applicable,1,0,Male,Not Applicable,1,0,40,9999,No,,1,1  
2024,99999,OR,3344.0,3344556677.0,Conventional:First Lien,Single Family (1-4 Units):Site-Built,Not Hispanic or Latino,Black,Male,Loan originated,1,400000.0,90.0,6.15,2.0,1,4000.0,3300.0,1000.0,1.9,1300.0,360,0,0,2,2,1,0,0,1,1,2,1,2,1,2,,190000.0,Site-built,Owner occupied,Not Applicable,Not Applicable,1,0,150000.0,36.0,Credit Score: FICO,Not Applicable,Not Hispanic or Latino,Not Applicable,1,0,Black,Not Applicable,1,0,Male,Not Applicable,1,0,34,9999,Yes,,1,1  
2024,99999,OK,5566.0,5566778899.0,VA:First Lien,Single Family (1-4 Units):Site-Built,Hispanic or Latino,Hispanic,Female,Loan originated,1,320000.0,88.0,5.50,1.8,1,3100.0,2300.0,1000.0,1.7,1100.0,360,0,0,2,2,1,
2024,99999,CA,3070.0,3070308120.0,Conventional:First Lien,Single Family (1-4 Units):Site-Built,Hispanic or Latino,White,Male,Loan originated,1,350000.0,85.0,6.25,0.5,1,2800.0,1200.0,1600.0,0.5,700.0,360,0,0,0,0,0,0,0,0,0,0,1,0,1,3,1,,1110,1110,1.0,5.0,2,3,5.0,7.0,2,2,2,5,4,5,45-54,9999,Yes,,1,1
2024,99999,FL,8060.0,8060304000.0,FHA:First Lien,Single Family (1-4 Units):Site-Built,Not Hispanic or Latino,Black,Female,Loan originated,1,280000.0,90.0,6.75,1.2,Non-Hoepa,2500.0,1000.0,1200.0,1.0,800.0,360,0,0,0,0,0,0,0,0,0,0,2,1,1,3,2,,96.0,,1111,1111,3.0,6.0,2,4,6.0,8.0,2,4,1,4,2,3,35-44,9999,Yes,,1,1
2024,99999,NY,1000.0,1000030900.0,Conventional:First Lien,Single Family (1-4 Units):Site-Built,Not Hispanic or Latino,White,Male,Loan originated,1,450000.0,75.0,5.75,0.2,1,3000.0,1500.0,1800.0,0.0,900.0,360,0,0,0,0,0,0,0,0,0,0,1,0,2,3,1,,1110,1110,1.0,7.0,2,4,5.0,8.0,1,3,1,4,2,2,25-34,9999,Yes,,1,1
2024,99999,IL,830.0,830209300.0,FHA:First Lien,Single Family (1-4 Units):Site-Built,Not Hispanic or Latino,"Asian",Female,Loan originated,3,300000.0,100.0,7.25,1.5,Hoepa,2800.0,1200.0,1400.0,0.0,800.0,360,0,0,0,0,0,0,0,0,0,0,2,1,1,1,2,,1109,1109,1.0,5.0,2,3,5.0,7.0,2,3,2,3,2,3,45-54,9999,Yes,,1,1
2024,99999,TX,890.0,8908069550.0,VA:First Lien,Single Family (1-4 Units):Site-Built,Not Hispanic or Latino,White,Female,Filed for pre-closing cancellation,1,250000.0,95.0,8.0,2.0,Hoepa,2900.0,1100.0,1600.0,0.0,800.0,360,0,0,0,0,0,0,0,0,0,0,1,0,1,3,1,,1111,1111,2.0,4.0,2,4,6.0,8.0,2,4,1,5,2,4,35-44,9999,No,,1,1
2024,99999,GA,5480.0,5480103900.0,Conventional:First Lien,Single Family (1-4 Units):Site-Built,Not Hispanic or Latino,"Asian",Male,Loan originated,1,380000.0,70.0,5.25,0.1,1,3000.0,1300.0,1800.0,0.0,900.0,360,0,0,0,0,0,0,0,0,0,0,2,0,2,3,2,,1110,1110,1.0,5.0,2,4,5.0,8.0,2,4,1,4,2,2,35-44,9999,Yes,,1,1
2024,99999,WA,2070.0,2070307250.0,FHA:Conventional:First Lien,Single Family (1-4 Units):Site-Built,Hispanic or Latino,"Other",Female,Loan originated,1,240000.0,100.0,7.5,2.0,Hoepa,2600.0,1400.0,1500.0,0.0,800.0,360,0,0,0,0,0,0,0,0,0,0,1,0,1,2,1,,1109,1109,1.0,4.0,2,4,6.0,7.0,2,3,2,5,1,1,35-44,9999,Yes,,1,1
2024,99999,NC,6070.0,6070308000.0,FHA:First Lien,Single Family (1-4 Units):Site-Built,Not Hispanic or Latino,"Black",Male,Loan originated,1,190000.0,85.0,6.4,1.0,Hoepa,2500.0,1100.0,1500.0,0.0,700.0,360,0,0,0,0,0,0,0,0,0,0,2,1,2,3,2,,1110,1110,1.0,5.0,2,4,5.0,7.0,2,4,2,4,2,4,45-54,9999,Yes,,1,1
2024,99999,SC,1000.0,1000030880.0,Conventional:First Lien,Single Family (1-4 Units):Site-Built,Not Hispanic or Latino,White,Male,Loan originated,1,420000.0,80.0,5.5,0.0,1,3100.0,1200.0,1700.0,0.0,900.0,360,0,0,0,0,0,0,0,0,0,0,1,0,1,3,1,,1111,1111,1.0,6.0,2,3,6.0,8.0,2,4,1,5,2,4,25-34,9999,Yes,,1,1
2024,99999,CO,1000.0,1000030800.0,FHA:First Lien,Single Family (1-4 Units):Site-Built,Hispanic or Latino,"Asian",Male,Loan originated,1,260000.0,100.0,8.0,2.0,Hoepa,2700.0,1300.0,1500.0,0.0,700.0,360,0,0,0,0,0,0,0,0,0,0,2,1,1,1,2,,1111,1111,2.0,5.0,2,4,5.0,7.0,2,4,1,4,2,4,35-44,9999,Yes,,1,1
2024,99999,MA,500.0,5000409650.0,Va:First Lien,Single Family (1-4 Units):Site-Built,Not Hispanic or Latino,White,Female,Loan originated,1,550000.0,70.0,5.0,0.0,1,3200.0,1500.0,1700.0,0.0,800.0,360,0,0,0,0,0,0,0,0,0,0,1,0,2,3,2,,1110,1110,1.0,6.0,2,4,5.0,7.0,2,4,2,3,2,4,45-54,9999,Yes,,1,1
2024,99999,IN,500.0,5000409650.0,Conventional:First Lien,Single Family (1-4 Units):Site-Built,Not Hispanic or Latino,White,Male,Loan originated,1,320000.0,85.0,6.25,0.75,1,2800.0,1200.0,1550.0,0.0,700.0,360,0,0,0,0,0,0,0,0,0,0,1,0,1,3,1,,1110,1110,1.0,5.0,2,3,5.0,7.0,2,3,2,4,2,4,25-34,9999,Yes,,1,1
2024,99999,MN,330.0,3302047600.0,VA:First Lien,Single Family (1-4 Units):Site-Built,Not Hispanic or Latino,White,Female,Loan originated,1,280000.0,90.0,7.25,1.25,1,2700.0,1300.0,1500.0,0.0,700.0,360,0,0,0,0,0,0,0,0,0,0,1,1,2,3,1,,1111,1111,1.0,6.0,2,4,5.0,7.0,2,4,1,4,2,3,35-44,9999,Yes,,1,1
2024,99999,MI,2070.0,2070307200.0,FHA:First Lien,Single Family (1-4 Units):Site-Built,Not Hispanic or Latino,Black,Male,Loan originated,1,180000.0,100.0,9.0,2.25,Hoepa,2350.0,1000.0,1400.0,1.0,700.0,360,0,0,0,0,0,0,0,0,0,0,1,0,2,3,2,,1109,1109,1.0,5.0,2,3,5.0,7.0,2,4,2,4,2,4,45-54,9999,Yes,,1,1
2024,99999,OR,2000.0,2000030800.0,Conventional:First Lien,Single Family (1-4 Units):Site-Built,Not Hispanic or Latino,White,Female,Loan originated,1,500000.0,75.0,5.25,0.0,1,3100.0,1300.0,1800.0,0.0,800.0,360,0,0,0,0,0,0,0,0,0,0,1,0,1,3,1,,1110,1110,1.0,6.0,2,4,5.0,7.0,2,4,1,4,2,4,35-44,9999,Yes,,1,1
2024,99999,MD,1000.0,1000030860.0,FHA:First Lien,Single Family (1-4 Units):Site-Built,Not Hispanic or Latino,White,Female,Loan originated,1,220000.0,95.0,7.0,1.2,1,2700.0,1100.0,1400.0,0.0,800.0,360,0,0,0,0,0,0,0,0,0,0,1,1,2,3,2,,1111,1111,1.0,5.0,2,4,5.0,7.0,2,4,1,5,2,4,25-34,9999,Yes,,1,1
2024,99999,WI,1000.0,1000030800.0,Conventional:First Lien,Single Family (1-4 Units):Site-Built,Not Hispanic or Latino,White,Male,Loan originated,1,420000.0,80.0,6.0,0.5,1,3000.0,1300.0,1700.0,0.0,750.0,360,0,0,0,0,0,0,0,0,0,0,1,1,1,3,1,,1111,1111,1.0,6.0,2,4,6.0,8.0,2,4,1,4,2,4,35-44,9999,Yes,,1,1
2024,99999,VT,7150.0,7150102900.0,FHA:First Lien,Single Family (1-4 Units):Site-Built,Not Hispanic or Latino,"Other",Female,Loan originated,1,210000.0,90.0,6.75,1.0,1,2800.0,1400.0,1500.0,0.0,800.0,360,0,0,0,0,0,0,0,0,0,0,1,0,1,2,1,,1111,1111,1.0,5.0,2,4,5.0,7.0,2,4,1,4,2,2,45-54,9999,Yes,,1,1
2024,99999,OK,300.0,3002094000.0,Conventional:First Lien,Single Family (1-4 Units):Site-Built,Not Hispanic or Latino,"Asian",Male,Loan originated,1,350000.0,85.0,6.0,0.25,1,3100.0,1400.0,1800.0,0.0,800.0,360,0,0,0,0,0,0,0,0,0,0,1,0,2,3,1,,1110,1110,1.0,5.0,2,4,5.0,7.0,2,4,1,5,2,4,35-44,9999,Yes,,1,1
2024,99999,PA,1000.0,1000030800.0,FHA:First Lien,Single Family (1-4 Units):Site-Built,Not Hispanic or Latino,White,Female,Loan originated,1,270000.0,100.0,7.25,1.5,Non-Hoepa,2700.0,1300.0,1500.0,0.0,750.0,360,0,0,0,0,0,0,0,0,0,0,1,1,1,3,2,,1111,1111,1.0,5.0,2,4,5.0,7.0,2,4,2,3,1,3,55-64,9999,Yes,,1,1
2024,99999,HI,100.0,1002030450.0,VA:First Lien,Single Family (1-4 Units):Site-Built,Not Hispanic or Latino,White,Male,Loan originated,1,520000.0,70.0,5.25,0.0,1,3200.0,1200.0,1900.0,0.0,900.0,360,0,0,0,0,0,0,0,0,0,0,1,0,1,3,2,,1111,1111,1.0,5.0,2,4,5.0,8.0,2,4,1,3,2,3,35-44,9999,Yes,,1,1
2024,99999,DE,100.0,1002030450.0,Conventional:First Lien,Single Family (1-4 Units):Site-Built,Not Hispanic or Latino,White,Female,Loan originated,1,190000.0,100.0,8.0,2.0,Hoepa,2600.0,1100.0,1300.0,0.0,700.0,360,0,0,0,0,0,0,0,0,0,0,1,0,1,3,1,,1111,1111,1.0,5.0,2,4,6.0,7.0,2,4,1,4,1,2,45-54,9999,No,,1,1
2024,99999,AR,300.0,3002093000.0,FHA:First Lien,Single Family (1-4 Units):Site-Built,Not Hispanic or Latino,Black,Male,Loan originated,1,240000.0,90.0,7.0,1.0,1,2700.0,1300.0,1400.0,0.0,700.0,360,0,0,0,0,0,0,0,0,0,0,1,0,1,3,2,,1110,1110,1.0,6.0,2,4,5.0,7.0,2,4,1,4,2,4,35-44,9999,Yes,,1,1
2024,99999,KY,1000.0,1000030860.0,Conventional:First Lien,Single Family (1-4 Units):Site-Built,Not Hispanic or Latino,"Other",Male,Loan originated,1,31000.0,85.0,6.25,0.75,1,3000.0,1200.0,1700.0,0.0,750.0,360,0,0,0,0,0,0,0,0,0,0,1,1,2,3,1,,1111,1111,1.0,5.0,2,4,5.0,7.0,2,4,1,4,2,2,35-44,9999,Yes,,1,1
2024,99999,RI,300.0,3002093550.0,VA:First Lien,Single Family (1-4 Units):Site-Built,Not Hispanic or Latino,White,Male,Loan originated,1,410000.0,85.0,5.5,0.5,1,3000.0,1300.0,1900.0,0.0,800.0,360,0,0,0,0,0,0,0,0,0,0,1,0,1,3,1,,1111,1111,1.0,6.0,2,4,5.0,8.0,2,4,1,3,2,4,35-44,9999,Yes,,1,1
2024,99999,NJ,500.0,5000409600.0,FHA:First Lien,Single Family (1-4 Units):Site-Built,Not Hispanic or Latino,Black,Female,Loan originated,1,280000.0,90.0,7.0,1.25,1,2600.0,1200.0,1500.0,0.0,700.0,360,0,0,0,0,0,0,0,0,0,0,1,1,1,3,2,,1111,1111,1.0,5.0,2,4,5.0,7.0,2,4,1,3,2,5,45-54,9999,Yes,,1,1
2024,99999,SD,300.0,3002093550.0,Conventional:First Lien,Single Family (1-4 Units):Site-Built,Hispanic or Latino,Black,Male,"Loan application denied by financial institution",1,320000.0,100.0,8.0,2.0,Hoepa,2800.0,1200.0,1600.0,0.0,900.0,360,0,0,0,0,0,0,0,0,0,0,1,1,2,2,2,,1110,1110,1.0,4.0,2,3,6.0,8.0,2,4,1,5,1,3,25-34,9999,Yes,,1,1
2024,99999,AL,1000.0,1000030800.0,FHA:First Lien,Single Family (1-4 Units):Site-Built,Not Hispanic or Latino,White,Female,Loan originated,1,300000.0,95.0,7.25,1.25,Hoepa,2700.0,1200.0,1500.0,0.0,800.0,360,0,0,0,0,0,0,0,0,0,0,1,0,2,2,1,,1110,1110,1.0,5.0,2,4,5.0,6.0,2,4,1,4,2,4,35-44,9999,Yes,,1,1
2024,99999,ME,1000.0,1000030800.0,VA:First Lien,Single Family (1-4 Units):Site-Built,Not Hispanic or Latino,White,Male,Loan originated,1,330000.0,80.0,5.25,0.25,1,3100.0,1500.0,1700.0,0.0,800.0,360,0,0,0,0,0,0,0,0,0,0,1,0,1,3,1,,1110,1110,1.0,4.0,2,4,5.0,7.0,2,4,2,5,2,4,45-54,9999,Yes,,1,1
2024,99999,KS,1000.0,1000030800.0,Conventional:First Lien,Single Family (1-4 Units):Site-Built,Not Hispanic or Latino,White,Female,Loan originated,1,270000.0,100.0,7.0,1.5,1,3100.0,1400.0,1600.0,0.0,800.0,360,0,0,0,0,0,0,0,0,0,0,1,1,2,3,2,,1110,1110,1.0,5.0,2,3,6.0,7.0,2,4,1,2,1,3,45-54,9999,Yes,,1,1
2024,99999,NE,1000.0,1000030800.0,FHA:First Lien,Single Family (1-4 Units):Site-Built,Not Hispanic or Latino,"Asian",Male,Loan originated,1,190000.0,95.0,6.5,1.25,Hoepa,2700.0,1300.0,1500.0,0.0,700.0,360,0,0,0,0,0,0,0,0,0,0,1,1,1,3,2,,1109,1109,1.0,5.0,2,4,5.0,7.0,2,3,2,4,2,4,35-44,9999,Yes,,1,1
2024,99999,VA,1000.0,1000030800.0,VA:First Lien,Single Family (1-4 Units):Site-Built,Not Hispanic or Latino,"Other",Female,"Withdrawn by applicant before processing",1,280000.0,100.0,8.0,2.5,Non-Hoepa,2500.0,1100.0,1400.0,1.0,750.0,360,0,0,0,0,0,0,0,0,0,0,1,0,2,3,2,,1111,1111,1.0,5.0,2,3,6.0,8.0,2,4,1,5,2,4,45-54,9999,Yes,,1,1
2024,99999,NH,1000.0,1000030800.0,Conventional:First Lien,Single Family (1-4 Units):Site-Built,Hispanic or Latino,White,Male,Loan originated,1,370000.0,85.0,6.25,0,1,3000.0,1400.0,1800.0,0.0,800.0,360,0,0,0,0,0,0,0,0,0,0,1,0,1,3,1,,1110,1110,1.0,6.0,2,4,5.0,7.0,2,4,1,4,2,4,35-44,9999,Yes,,1,1
2024,99999,ID,1000.0,1000030800.0,FHA:First Lien,Single Family (1-4 Units):Site-Built,Not Hispanic or Latino,White,Female,Loan originated,1,290000.0,95.0,7.25,1.25,1,2800.0,1200.0,1600.0,0.0,800.0,360,0,0,0,0,0,0,0,0,0,0,1,1,2,3,2,,1111,1111,1.0,5.0,2,4,5.0,7.0,2,4,2,4,2,3,45-54,9999,Yes,,1,1
2024,99999,VT,1000.0,1000030800.0,Va:First Lien,Single Family (1-4 Units):Site-Built,Not Hispanic or Latino,"Asian",Female,Loan originated,1,430000.0,80.0,5.5,0.25,1,3000.0,1400.0,1700.0,0.0,900.0,360,0,0,0,0,0,0,0,0,0,0,1,0,1,3,1,,1111,1111,1.0,5.0,2,4,5.0,8.0,2,4,1,3,2,4,45-54,9999,Yes,,1,1
2024,99999,MS,1000.0,1000030800.0,FHA:First Lien,Single Family (1-4 Units):Site-Built,Not Hispanic or Latino,"Black",Male,Loan originated,1,310000.0,90.0,7.0,1.0,1,2700.0,1300.0,1400.0,0.0,750.0,360,0,0,0,0,0,0,0,0,0,0,1,1,1,3,2,,1110,1110,1.0,5.0,2,4,5.0,7.0,2,4,2,3,2,2,25-34,9999,Yes,,1,1
2024,99999,MT,1000.0,1000030800.0,Conventional:First Lien,Single Family (1-4 Units):Site-Built,Hispanic or Latino,"Other",Female,Loan originated,1,330000.0,85.0,6.0,0.5,1,3200.0,1200.0,1700.0,0.0,850.0,360,0,0,0,0,0,0,0,0,0,0,1,1,2,3,1,,1111,1111,1.0,5.0,2,3,5.0,7.0,2,4,1,4,1,3,35-44,9999,Yes,,1,1
2024,99999,DE,1000.0,1000030800.0,FHA:First Lien,Single Family (1-4 Units):Site-Built,Not Hispanic or Latino,White,Male,Loan originated,1,150000.0,90.0,7.25,1.25,Non-Hoepa,2100.0,1100.0,1300.0,0.0,800.0,360,0,0,0,0,0,0,0,0,0,0,1,0,1,3,1,,1111,1111,1.0,5.0,2,4,5.0,7.0,2,4,1,4,2,4,45-54,9999,Yes,,1,1
2024,99999,IL,1000.0,1000030800.0,VA:First Lien,Single Family (1-4
2024,99999,NY,0610.0,0610101100.0,Conventional:First Lien,Single Family (1-4 Units):Site-Built,Hispanic or Latino,White,Female,Approved for loan originations,1,325000.0,93.2,5.2,1.5,Yes,2400.0,3.0,450.0,2.0,1800.0,300,10,0,0,0,0,0,0,0,450000.0,Site-Built,Primary,2.0,2.0,3,5.0,Single Family (1-4 Units):Site-Built,2.0,1.0,40000.0,37.0,1,3,1,5,3,0,3,1,3,6,2.0,1.0,1,1,3,5,71,80,"No",1,2,2,1,1,2,4,1,3,3,1,3,65-74,65-74,0,0,Yes,1
2024,99999,FL,0110.0,0110201000.0,Conventional:First Lien,Single Family (1-4 Units):Site-Built,Not Hispanic or Latino,Black,Male,Approved for loan originations,1,420000.0,91.5,7.3,2.7,Yes,3100.0,2.4,500.0,1.5,2200.0,360,0,0,0,0,0,0,0,0,380000.0,Site-Built,Primary,1.0,4.0,3,3.0,Single Family (1-4 Units):Site-Built,1.0,1.0,95000.0,32.5,2,2,2,2,2,1,2,2,1,1,2,1,2,2,55,58,"Yes",1,3,1,2,2,5,4,2,4,3,2,4,35-44,40-49,0,0,Yes,1
2024,99999,TX,2040.0,2040001300.0,Conventional:First Lien,Single Family (1-4 Units):Site-Built,Not Hispanic or Latino,White,Male,Approved for loan originations,1,287500.0,86.7,7.7,1.0,Yes,1500.0,4.0,300.0,3.0,1800.0,180,5,0,0,0,0,0,0,0,330000.0,Site-Built,Primary,2.0,1.0,1,3.0,Single Family (1-4 Units):Site-Built,1.0,0.0,82000.0,33.0,4,4,4,4,4,2,4,2,4,2,4,2,4,4,62,67,"No",1,1,1,1,1,1,3,1,1,1,4,1,55-64,50-59,0,0,No,1
2024,99999,CA,0750.0,0750400105.0,Conventional:First Lien,Single Family (1-4 Units):Site-Built,Hispanic or Latino,Asian,Female,"Application approved but not accepted",1,425000.0,91.5,5.9,0.8,No,2100.0,2.5,380.0,2.2,1500.0,240,0,0,0,0,0,0,0,0,465000.0,Site-Built,Primary,3.0,2.0,2,5.0,Single Family (1-4 Units):Site-Built,3.0,1.0,85000.0,35.2,5,4,3,3,1,3,4,5,5,3,5,5,5,5,50,55,"Yes",1,1,1,1,1,5,2,5,4,5,5,5,50-59,50-59,0,0,Yes,1
2024,99999,CO,0310.0,0310022000.0,Conventional:First Lien,Single Family (1-4 Units):Mobile Home,Not Hispanic or Latino,White,Male,Approved for loan originations,1,310000.0,93.0,6.2,1.8,Yes,2300.0,3.5,420.0,2.5,1600.0,300,0,0,0,0,0,0,0,0,335000.0,Mobile Home,Primary,2.0,1.0,2,2.0,Single Family (1-4 Units):Mobile Home,1.0,1.0,95000.0,36.0,3,3,3,3,3,3,3,3,2,2,3,1,3,3,58,60,"Yes",1,2,2,1,1,3,5,1,1,2,1,3,55-64,58-64,0,0,Yes,1
2024,99999,WA,0470.0,0470111000.0,FHA:First Lien,Single Family (1-4 Units):Site-Built,Hispanic or Latino,White,Male,Approved for loan originations,2,310000.0,94.5,6.4,1.4,Yes,1800.0,2.8,300.0,2.0,1100.0,180,0,0,1,1,0,0,0,0,320000.0,Site-Built,Primary,1.0,1.0,2,2.0,Single Family (1-4 Units):Site-Built,1.0,0.0,94000.0,39.0,4,3,4,3,4,1,3,4,3,2,3,4,2,3,60,61,"Yes",1,2,2,2,2,2,4,1,2,2,1,3,65-74,62-74,0,0,Partial,Yes,1
2024,99999,GA,0090.0,0090000000.0,Conventional:First Lien,Single Family (1-4 Units):Site-Built,Not Hispanic or Latino,White,Male,Denied by financial institution,5,395000.0,85.5,6.8,3.7,Yes,1500.0,2.5,400.0,1.2,1400.0,360,0,0,0,0,0,0,0,0,460000.0,Site-Built,Primary,1.0,1.0,3,3.0,Single Family (1-4 Units):Site-Built,3.0,0.0,100000.0,37.2,2,2,2,2,2,1,2,2,2,1,1,1,2,2,50,55,"Yes",1,1,1,1,1,2,3,3,2,1,2,2,70-79,75-79,0,0,No,1
2024,99999,IL,0170.0,0172400100.0,Conventional:First Lien,Single Family (1-4 Units):Site-Built,Not Hispanic or Latino,White,Male,Approved for loan originations,1,360000.0,81.5,5.8,0.8,Yes,1400.0,3.1,320.0,2.2,1900.0,300,0,0,0,0,0,0,0,0,430000.0,Site-Built,Primary,2.0,2.0,2,2.0,Single Family (1-4 Units):Site-Built,1.0,1.0,90000.0,37.9,4,4,4,3,4,0,4,3,3,1,3,1,3,4,65,63,"No",1,2,2,2,2,3,4,3,2,1,3,4,65-74,65-74,0,0,No,1
2024,99999,VA,0510.0,0510103000.0,FHA:First Lien,Single Family (1-4 Units):Mobile Home,Not Hispanic or Latino,White,Male,Approved for loan originations,1,410000.0,85.8,6.3,1.2,Yes,2200.0,3.2,460.0,2.5,1700.0,360,0,0,0,0,0,0,0,0,480000.0,Mobile Home,Primary,2.0,1.0,3,3.0,Single Family (1-4 Units):Mobile Home,1.0,1.0,95000.0,36.0,4,3,3,2,4,1,4,3,2,1,3,2,3,4,63,61,"Yes",1,1,1,1,1,5,5,2,4,3,4,3,70-79,63-70,0,0,No,1
2024,99999,NY,0610.0,0610004000.0,Conventional:First Lien,Single Family (1-4 Units):Site-Built,Not Hispanic or Latino,White,Male,Application withdrawn by applicant,5,280000.0,83.0,5.4,1.0,Yes,1800.0,3.5,400.0,3.0,2200.0,300,10,0,1,1,0,0,0,0,320000.0,Site-Built,Primary,1.0,3.0,4,3.0,Single Family (1-4 Units):Site-Built,2.0,1.0,80000.0,33.5,2,2,2,2,1,2,2,2,1,3,1,2,2,2,65,70,"No",1,1,1,1,1,4,1,3,1,1,2,2,65-74,50-59,0,0,No,1
2024,99999,WI,0310.0,0310000000.0,FHA:First Lien,Single Family (1-4 Units):Site-Built,Not Hispanic or Latino,Black,Male,Denied by financial institution,1,320000.0,82.3,5.9,1.2,Yes,1400.0,2.2,330.0,1.5,1300.0,180,3,0,0,0,0,0,0,0,390000.0,Site-Built,Primary,3.0,1.0,1,3.0,Single Family (1-4 Units):Site-Built,1.0,-1.0,98000.0,40.2,1,2,2,2,1,2,2,2,1,2,3,4,2,1,70,65,"Yes",1,1,1,1,1,1,1,3,1,2,1,1,65-74,70-79,0,0,No,1
2024,99999,CA,1090.0,1090104300.0,Conventional:First Lien,Single Family (1-4 Units):Site-Built,Not Hispanic or Latino,White,Female,Approved for loan originations,3,245000.0,82.5,6.5,1.0,Yes,1000.0,4.0,400.0,2.5,2200.0,300,5,0,0,0,0,0,0,0,275000.0,Site-Built,Primary,2.0,1.0,1,4.0,Single Family (1-4 Units):Site-Built,1.0,1.0,65000.0,32.0,3,2,3,3,2,1,1,1,1,2,3,1,2,1,57,60,"Yes",1,3,3,3,3,3,3,1,1,2,3,5,65-74,55-64,0,0,Yes,1
2024,99999,KY,0530.0,0530100000.0,FHA:First Lien,Single Family (1-4 Units):Site-Built,Hispanic or Latino,White,Male,Approved for loan originations,1,310000.0,91.5,5.7,0.9,Yes,2000.0,3.2,550.0,3.0,1400.0,300,2,0,0,0,0,0,0,0,340000.0,Site-Built,Primary,2.0,2.0,4,4.0,Single Family (1-4 Units):Site-Built,3.0,1.0,120000.0,35.0,4,2,4,4,2,2,2,3,1,1,2,3,4,4,70,65,"Yes",1,1,1,1,1,3,4,4,3,2,1,4,65-74,65-74,0,0,Yes,1
2024,99999,WA,0470.0,0470112000.0,Conventional:First Lien,Single Family (1-4 Units):Site-Built,Hispanic or Latino,White,Male,"Application approved but not accepted",1,350000.0,87.0,7.1,2.2,No,2400.0,3.0,300.0,2.0,1900.0,240,0,0,0,0,0,0,0,0,400000.0,Site-Built,Primary,1.0,2.0,3,1.0,Single Family (1-4 Units):Site-Built,1.0,0.0,115000.0,38.0,5,4,4,4,4,2,3,2,4,3,3,3,2,3,70,63,"Yes",1,1,1,1,1,1,3,5,4,5,3,4,65-74,50-59,0,0,Yes,1
2024,99999,FL,0110.0,0110103000.0,FHA:First Lien,Single Family (1-4 Units):Site-Built,Not Hispanic or Latino,White,Female,Approved for loan originations,1,270000.0,90.5,7.5,3.6,Yes,1600.0,3.5,450.0,2.5,1200.0,200,0,0,0,0,0,0,0,0,290000.0,Site-Built,Primary,2.0,2.0,2,2.0,Single Family (1-4 Units):Site-Built,1.0,1.0,75000.0,36.2,4,4,4,4,1,1,1,3,2,4,2,4,5,3,58,58,"Yes",1,2,2,1,1,2,3,1,4,2,4,1,50-59,65-74,0,0,No,1
2024,99999,FL,0110.0,0110600000.0,Conventional:First Lien,Single Family (1-4 Units):Mobile Home,Hispanic or Latino,White,Female,Approved for loan originations,1,225000.0,80.5,5.6,1.3,Yes,1900.0,3.5,450.0,3.0,1400.0,360,0,0,0,0,0,0,0,0,250000.0,Mobile Home,Primary,1.0,1.0,3,4.0,Single Family (1-4 Units):Mobile Home,2.0,1.0,70000.0,35.0,1,2,2,2,3,2,3,3,3,1,3,3,2,2,54,52,"No",1,1,1,1,1,3,4,1,2,3,3,2,70-79,65-74,0,0,Yes,1
2024,99999,MD,0470.0,0470102000.0,Conventional:First Lien,Single Family (1-4 Units):Site-Built,Not Hispanic or Latino,Black,Female,Approved for loan originations,1,355000.0,89.0,6.3,0.8,Yes,1400.0,3.0,320.0,2.3,1600.0,240,10,0,0,0,0,0,0,0,385000.0,Site-Built,Primary,1.0,1.0,2,2.0,Single Family (1-4 Units):Site-Built,1.0,1.0,92000.0,30.5,3,3,3,3,1,1,1,2,1,1,2,1,1,2,72,65,"Yes",1,1,1,1,1,2,3,3,4,3,1,3,65-74,70-79,0,0,Yes,1
2024,99999,TX,2040.0,2040000100.0,Conventional:First Lien,Single Family (1-4 Units):Site-Built,Not Hispanic or Latino,Hispanic or Latino,Female,Approved for loan originations,1,190000.0,85.5,6.2,1.2,Yes,1300.0,4.2,370.0,3.0,1000.0,300,0,0,0,0,0,0,0,0,215000.0,Site-Built,Primary,2.0,1.0,1,1.0,Single Family (1-4 Units):Site-Built,2.0,1.0,75000.0,36.0,4,3,4,2,5,1,2,2,4,5,5,3,2,4,65,71,"No",1,2,1,1,1,2,4,1,1,3,1,2,65-74,60-69,0,0,Yes,1
2024,99999,NJ,0090.0,0090300100.0,FHA:First Lien,Single Family (1-4 Units):Site-Built,Not Hispanic or Latino,White,Male,Approved for loan originations,1,260000.0,80.5,6.0,0.9,Yes,1400.0,2.4,310.0,2.0,1100.0,240,0,0,0,0,0,0,0,0,320000.0,Site-Built,Primary,1.0,1.0,3,3.0,Single Family (1-4 Units):Site-Built,1.0,1.0,99000.0,35.5,3,4,3,4,1,1,1,2,3,1,3,2,3,3,63,62,"Yes",1,1,1,1,1,1,1,3,1,2,3,2,70-79,65-74,0,0,Yes,1
2024,99999,NC,0090.0,0090020000.0,FHA:First Lien,Single Family (1-4 Units):Site-Built,Not Hispanic or Latino,White,Male,Approved for loan originations,1,210000.0,85.5,7.3,0.8,Ye,1500.0,2.9,480.0,3.0,1800.0,300,0,0,0,0,0,0,0,0,235000.0,Site-Built,Primary,1.0,1.0,2,3.0,Single Family (1-4 Units):Site-Built,2.0,0.0,100000.0,38.2,4,3,4,3,4,2,3,2,1,2,2,1,2,2,66,70,"Yes",1,1,1,1,1,3,5,3,1,2,3,4,65-74,65-74,0,0,Yes,1
2024,99999,NJ,0090.0,0090000000.0,Conventional:First Lien,Single Family (1-4 Units):Mobile Home,Not Hispanic or Latino,White,Female,Approved for loan originations,1,235000.0,85.8,6.6,1.0,Yes,1200.0,3.0,380.0,2.0,1200.0,180,0,0,0,0,0,0,0,0,250000.0,Mobile Home,Primary,1.0,1.0,4,4.0,Single Family (1-4 Units):Mobile Home,1.0,1.0,90000.0,39.0,2,2,3,1,4,2,2,2,2,1,1,4,3,3,55,55,"Yes",1,1,1,1,1,2,2,1,1,1,2,1,65-74,50-59,0,0,Yes,1
2024,99999,MD,0470.0,0470204000.0,FHA:First Lien,Single Family (1-4 Units):Site-Built,Hispanic or Latino,White,Female,Approved for loan originations,1,315000.0,82.5,7.2,1.2,No,2200.0,3.5,490.0,3.0,1700.0,360,0,0,0,0,0,0,0,0,380000.0,Site-Built,Primary,1.0,1.0,2,3.0,Single Family (1-4 Units):Site-Built,2.0,1.0,82000.0,33.5,5,4,3,4,4,3,5,4,1,3,5,1,1,3,58,55,"Yes",1,2,2,1,1,2,3,1,2,1,1,2,65-74,65-74,0,0,No,1
2024,99999,VA,0510.0,0510200000.0,FHA:First Lien,Single Family (1-4 Units):Site-Built,Not Hispanic or Latino,Hispanic or Latino,Female,Approved for loan originations,1,340000.0,86.5,6.2,0.8,Ye,1800.0,3.0,400.0,2.0,1600.0,300,0,0,0,0,0,0,0,0,345000.0,Site-Built,Primary,1.0,1.0,1,1.0,Single Family (1-4 Units):Site-Built,1.0,0.0,93000.0,32.8,2,3,3,4,1,1,1,2,1,1,2,2,3,4,69,62,"Yes",1,3,3,2,2,4,4,4,3,2,3,3,65-74,65-74,0,0,Yes,1
2024,99999,VG,0750.0,0750300000.0,FHA:First Lien,Single Family (1-4 Units):Site-Built,Not Hispanic or Latino,White,Male,Approved for loan originations,1,305000.0,89.5,5.2,1.1,Yes,2300.0,3.3,420.0,3.0,1400.0,360,0,0,0,0,0,0,0,0,360000.0,Site-Built,Primary,2.0,2.0,4,3.0,Single Family (1-4 Units):Site-Built,1.0,0.0,50000.0,28.2,3,3,1,1,4,1,1,2,1,1,3,4,3,2,70,65,"Yes",1,1,1,1,1,5,5,4,1,1,1,1,70-79,65-74,0,0,No,1
2024,99999,NY,0610.0,0610132000.0,FHA:First Lien,Single Family (1-4 Units):Site-Built,Hispanic or Latino,White,Male,Approved for loan originations,1,235000.0,86.0,6.0,1.0,Yes,2000.0,3.2,390.0,3.0,1200.0,300,10,0,0,0,0,0,0,0,290000.0,Site-Built,Primary,1.0,1.0,4,3.0,Single Family (1-4 Units):Site-Built,1.0,1.0,92000.0,32.3,2,2,4,2,4,3,4,2,1,1,5,3,2,3,62,69,"Yes",1,2,2,2,2,5,5,5,4,1,4,5,65-74,60-69,0,0,Yes,1
2024,99999,FL,0110.0,0110304000.0,Conventional:First Lien,Single Family (1-4 Units):Site-Built,Not Hispanic or Latino,White,Female,Approved for loan originations,1,460000.0,82.5,5.4,0.6,Yes,1600.0,2.5,270.0,2.0,1300.0,300,0,0,0,0,0,0,0,0,465000.0,Site-Built,Primary,2.0,1.0,4,2.0,Single Family (1-4 Units):Site-Built,1.0,1.0,100000.0,35.0,3,1,3,3,2,1,3,1,1,1,2,1,2,2,67,55,"No",1,1,1,1,1,2,3,3,2,2,2,1,70-79,70-79,0,0,No,1
2024,99999,MD,0470.0,0470301200.0,FHA:First Lien,Single Family (1-4 Units):Site-Built,Not Hispanic or Latino,White,Female,"Application approved but not accepted",1,225000.0,85.5,6.8,1.4,Yes,1700.0,4.2,360.0,3.5,1400.0,360,5,0,0,0,0,1,0,0,270000.0,Site-Built,Primary,1.0,1.0,2,3.0,Single Family (1-4 Units):Site-Built,2.0,1.0,75000.0,34.0,4,1,1,2,1,1,1,3,3,2,2,2,2,1,70,72,"Yes",1,1,1,1,1,2,2,1,3,2,1,1,65-74,70-79,0,0,Yes,1
2024,99999,NJ,0090.0,0090030000.0,FHA:First Lien,Single Family (1-4 Units):Mobile Home,Not Hispanic or Latino,White,Male,Denied by financial institution,1,325000.0,85.8,10.5,4.5,Yes,2000.0,4.0,480.0,3.0,1200.0,300,0,0,0,0,0,0,0,0,360000.0,Mobile Home,Primary,1.0,1.0,3,4.0,Single Family (1-4 Units):Mobile Home,1.0,0.0,65000.0,36.0,5,3,2,3,1,1,2,1,1,1,2,2,1,2,55,55,"Yes",1,1,1,1,1,3,4,3,1,2,3,1,65-74,65-74,0,0,Yes,1
2024,99999,IL,0170.0,0172101000.0,FHA:First Lien,Single Family (1-4 Units):Site-Built,Not Hispanic or Latino,White,Female,Approved for loan originations,1,290000.0,83.0,4.2,0.9,Yes,2100.0,2.6,280.0,2.0,1200.0,300,0,0,0,0,0,0,0,0,340000.0,Site-Built,Primary,2.0,3.0,1,3.0,Single Family (1-4 Units):Site-Built,1.0,1.0,110000.0,35.0,2,1,1,2,2,2,2,1,2,1,3,1,1,3,63,65,"Yes",1,1,1,1,1,3,4,1,2,1,1,2,65-74,50-59,0,0,Yes,1
2024,99999,WI,0310.0,0310120000.0,FHA:First Lien,Single Family (1-4 Units):
2024,99999,CT,9150.0,9150708100.0,Conventional:Subordinate Lien,Single Family (1-4 Units):Site-Built,Not Hispanic or Latino,White,Male,File closed for incompleteness,32,25000.0,,,,3,,,,,,240,,,2,2,2,2,,1,1,3,5,1,,96.0,,1111,1111,2.0,5.0,2,4,5.0,8.0,2,4,1,5,2,4,65-74,9999,Yes,,1,1
2024,12345,FL,0010.0,0010101000.0,FHA:First Lien,Single Family (1-4 Units):Site-Built,Hispanic or Latino,Black or African American,Male,Loan originated,11,300000.0,75.0,4.25,1.25," ",50000.0,5000.0,1000.0,10.0,2000.0,360,0,0,0,0,1,1,1,4,0,,80.0,,1111,1111,2.6,6.6,2,4,6.0,8.8,2,4,1,5,2,4,30-39,45-54,No,1,1
2024,23456,NY,0550.0,0550100000.0,Conventional:First Lien,Single Family (1-4 Units):Site-Built,Not Hispanic or Latino,Asian,Female,Loan approved but not accepted,11,600000.0,85.0,5.5,1.5," ",55000.0,5500.0,1100.0,12.0,2500.0,360,0,0,0,0,1,2,2,4,1,,90.0,,1111,1111,3.0,7.0,2,4,6.5,9.0,1,4,1,5,2,4,55-64,55-64,Yes,,1,1
2024,34567,CA,0120.0,0120101000.0,VA:First Lien,Single Family (1-4 Units):Site-Built,Not Hispanic or Latino,White,Female,Application approved for funding,11,400000.0,70.0,3.75,0.75," ",60000.0,6000.0,1200.0,15.0,3000.0,360,0,0,1,0,1,1,1,3,0,,85.0,,1111,1111,3.2,7.2,1,4,7.0,10.0,1,4,1,5,2,4,45-54,30-39,Yes,,1,1
2024,45678,TX,0570.0,0570101000.0,USDA:First Lien,Single Family (1-4 Units):Site-Built,Hispanic or Latino,Hispanic/Latino,Male,Loan denied,30,200000.0,95.0,6.5,2.0," ",45000.0,4500.0,900.0,9.0,1000.0,300,0,0,0,0,1,1,1,4,1,,100.0,,1111,1111,4.1,7.0,2,4,8.0,10.0,1,4,1,5,2,4,30-39,25-34,No,,2,1
2024,56789,WA,0210.0,0210101000.0,FHA:Subordinate Lien,Single Family (1-4 Units):Site-Built,Not Hispanic or Latino,White,Male,Denial of loan application,30,275000.0,90.0,5.25,1.25," ",38000.0,3800.0,760.0,8.0,2000.0,360,0,0,0,0,1,1,1,5,1,,82.5,,1111,1111,3.8,7.0,2,4,7.5,9.5,2,4,1,5,2,4,50-59,45-54,Yes,,1,1
2024,67890,GA,0310.0,0310101000.0,Conventional:First Lien,Single Family (1-4 Units):Site-Built,Not Hispanic or Latino,White,Female,File closed for incompleteness,30,325000.0,90.0,4.75,1.0," ",50000.0,5000.0,1000.0,10.0,2000.0,360,0,0,0,0,1,1,1,2,1,,93.0,,1111,1111,4.0,7.2,3,4,7.0,9.0,2,4,1,5,2,4,30-39,25-34,No,,1,1
2024,78901,IL,0310.0,0310100100.0,Va:First Lien,Single Family (1-4 Units):Site-Built,Hispanic or Latino,White,Female,Loan originated,11,650000.0,75.0,3.0,0.5," ",59000.0,5900.0,1180.0,11.0,3000.0,360,0,0,0,0,1,1,1,3,1,,86.0,,1111,1111,3.5,7.5,2,4,7.0,10.0,2,4,1,5,2,4,55-64,50-59,Yes,,1,1
2024,89012,OH,0350.0,0350101000.0,FHA:First Lien,Single Family (1-4 Units):Site-Built,Not Hispanic or Latino,Black or African American,Male,Application approved for funding,11,225000.0,95.0,5.5,1.5," ",43000.0,4300.0,860.0,9.0,2000.0,480,0,0,0,0,1,2,1,3,0,,79.5,,1111,1111,2.9,6.5,2,4,6.0,9.0,2,4,1,5,2,4,35-44,30-39,Yes,,1,1
2024,90123,TX,0500.0,0500105000.0,FHA:Second Lien,Single Family (1-4 Units):Site-Built,Hispanic or Latino,Hispanic/Latino,Female,Loan denied,30,250000.0,100.0,7.0,2.5," ",40000.0,4000.0,800.0,8.0,1000.0,360,0,0,0,0,1,1,1,4,1,,100.0,,1111,1111,4.2,7.4,2,4,8.0,10.0,2,4,1,5,2,4,40-49,35-44,No,,1,1
2024,10123,MI,0550.0,0550504000.0,Conventional:First Lien,Single Family (1-4 Units):Site-Built,Not Hispanic or Latino,White,Female,Denial of loan application,30,215000.0,90.0,5.75,1.75," ",45000.0,4500.0,900.0,10.0,2000.0,480,0,0,0,0,1,1,1,4,1,,90.0,,1111,1111,3.9,7.0,2,4,7.0,10.0,1,4,1,5,2,4,25-34,30-39,Yes,,1,1
2024,11123,NC,0550.0,0550101000.0,FHA:First Lien,Single Family (1-4 Units):Site-Built,Hispanic or Latino,White,Female,Loan originated,11,290000.0,85.0,5.25,1.25," ",60000.0,6000.0,1200.0,13.0,2500.0,480,0,0,0,0,1,2,1,4,1,,85.0,,1111,1111,3.1,6.7,2,4,7.0,9.2,2,4,1,5,2,4,50-59,40-49,Yes,,1,1
2024,12123,MN,0550.0,0550101000.0,VA:First Lien,Single Family (1-4 Units):Site-Built,Not Hispanic or Latino,Asian,Female,File closed for incompleteness,32,225000.0,85.0,5.25,1.25," ",42000.0,4200.0,840.0,8.5,2000.0,360,0,0,1,0,1,2,1,4,1,,85.0,,1111,1111,3.3,7.0,1,4,6.5,9.0,2,4,1,5,2,4,30-39,25-34,Yes,,1,1
2024,13123,MD,0480.0,0480102000.0,Conventional:Subordinate Lien,Single Family (1-4 Units):Site-Built,Not Hispanic or Latino,Black or African American,Male,Loan approved but not accepted,11,350000.0,87.5,4.25,0.75," ",65000.0,6500.0,1300.0,14.0,3000.0,360,0,0,0,0,1,1,1,4,1,,90.0,,1111,1111,3.4,7.2,2,4,6.5,9.0,2,4,1,5,2,4,45-54,30-39,Yes,,1,1
2024,14123,PA,0210.0,0210101000.0,FHA:First Lien,Single Family (1-4 Units):Site-Built,Hispanic or Latino,White,Female,Denial of loan application,30,200000.0,90.0,6.75,2.25," ",40000.0,4000.0,800.0,8.0,1000.0,360,0,1,0,1,1,1,1,3,0,,78.0,,1111,1111,4.4,7.2,2,4,7.5,10.0,2,4,1,5,2,4,40-49,30-39,No,,1,1
2024,15123,WI,0550.0,0550102000.0,FHA:Second Lien,Single Family (1-4 Units):Site-Built,Not Hispanic or Latino,Asian,Female,Loan originated,11,300000.0,80.0,3.25,0.25," ",60000.0,6000.0,1200.0,14.0,3000.0,360,0,1,0,0,1,2,1,4,1,,90.0,,1111,1111,3.1,6.9,1,4,6.5,9.0,2,4,1,5,2,4,30-39,25-34,Yes,,1,1
2024,16123,CO,0550.0,0550104000.0,VA:First Lien,Single Family (1-4 Units):Site-Built,Not Hispanic or Latino,White,Female,Application approved for funding,11,425000.0,82.5,4.5,0.75," ",65000.0,6500.0,1300.0,15.0,3000.0,480,0,0,0,0,1,1,1,2,0,,88.0,,1111,1111,3.7,7.0,1,4,7.0,10.0,2,4,1,5,2,4,35-44,30-39,Yes,,1,1
2024,17123,NE,0550.0,0550101000.0,FHA:First Lien,Single Family (1-4 Units):Site-Built,Not Hispanic or Latino,Black or African American,Male,File closed for incompleteness,32,175000.0,92.5,5.75,1.75," ",38000.0,3800.0,760.0,8.0,2000.0,360,0,0,0,0,1,2,1,4,0,,80.0,,1111,1111,3.0,6.2,2,4,6.0,9.0,2,4,1,5,2,4,45-54,35-44,Yes,,1,1
2024,18123,VA,0550.0,0550101000.0,VA:First Lien,Single Family (1-4 Units):Site-Built,Hispanic or Latino,Hispanic/Latino,Male,Loan originated,11,225000.0,85.0,5.25,1.25," ",45000.0,4500.0,900.0,9.0,2250.0,360,0,0,0,0,1,1,1,2,0,,85.0,,1111,1111,2.9,6.9,2,4,6.5,9.5,1,4,1,5,2,4,30-39,25-34,No,,1,1
2024,19123,SC,0550.0,0550101000.0,FHA:First Lien,Single Family (1-4 Units):Site-Built,Not Hispanic or Latino,White,Female,Denial of loan application,30,215000.0,87.5,6.5,2.25," ",45000.0,4500.0,900.0,10.0,2000.0,360,0,0,0,0,1,1,1,4,1,,82.0,,1111,1111,3.3,7.0,2,4,7.0,9.5,1,4,1,5,2,4,35-44,40-49,Yes,,1,1
2024,20123,OR,0550.0,0550106000.0,FHA:First Lien,Single Family (1-4 Units):Site-Built,Not Hispanic or Latino,White,Female,Loan approved but not accepted,11,225000.0,85.0,5.25,1.25," ",40000.0,4000.0,800.0,8.0,2000.0,480,0,0,0,0,1,2,1,4,0,,82.0,,1111,1111,4.0,7.0,1,4,7.0,9.0,2,4,1,5,2,4,30-39,25-34,Yes,,1,1
2024,21123,IN,0550.0,0550101000.0,FHA:First Lien,Single Family (1-4 Units):Site-Built,Hispanic or Latino,Hispanic/Latino,Prefers not to identify,Loan originated,11,320000.0,80.0,4.5,0.75," ",60000.0,6000.0,1200.0,12.0,2500.0,360,0,0,0,0,1,2,1,2,0,,80.0,,1111,1111,3.0,7.0,1,4,7.0,9.0,2,4,1,5,2,4,30-39,30-39,No,,1,1
2024,22123,HI,0550.0,0550101000.0,FHA:First Lien,Single Family (1-4 Units):Site-Built,Not Hispanic or Latino,White,Male,Loan denied,30,500000.0,90.0,7.25,2.75," ",45000.0,4500.0,900.0,9.0,1200.0,360,0,0,0,0,1,1,1,4,1,,100.0,,1111,1111,4.0,7.5,2,4,8.0,10.5,2,4,1,5,2,4,50-59,60-69,No,,1,1
2024,23123,NJ,0550.0,0550101000.0,FHA:First Lien,Single Family (1-4 Units):Site-Built,Not Hispanic or Latino,Hispanic/Latino,Female,Application approved for funding,11,400000.0,82.5,7.25,2.25," ",60000.0,6000.0,1200.0,13.0,3000.0,360,0,0,0,0,1,2,2,4,1,,85.0,,1111,1111,3.9,7.3,2,4,7.5,10.0,2,4,1,5,2,4,45-54,50-59,Yes,,1,1
2024,24123,FL,0010.0,0010102000.0,Conventional:Second Lien,Single Family (1-4 Units):Site-Built,Hispanic or Latino,White,Male,Denial of loan application,30,350000.0,92.5,5.25,1.25," ",60000.0,6000.0,1200.0,14.0,3000.0,360,0,0,0,0,1,2,1,4,1,,90.0,,1111,1111,3.4,7.2,2,4,7.5,9.5,2,4,1,5,2,4,25-34,35-44,Yes,,2,1
2024,25123,AZ,0310.0,0310107000.0,FHA:First Lien,Single Family (1-4 Units):Site-Built,Not Hispanic or Latino,White,Female,Loan originated,11,345000.0,65.0,4.75,0.75," ",60000.0,6000.0,1200.0,13.0,3000.0,360,0,0,0,0,1,2,1,3,1,,88.0,,1111,1111,3.2,7.0,2,4,7.0,9.0,2,4,1,5,2,4,55-64,50-59,Yes,,1,1
2024,26123,TX,0500.0,0500104000.0,VA:First Lien,Single Family (1-4 Units):Site-Built,Not Hispanic or Latino,Hispanic/Latino,Male,Loan denied,30,225000.0,90.0,5.75,1.25," ",42000.0,4200.0,840.0,8.0,2000.0,360,0,0,0,0,1,1,1,4,1,,82.0,,1111,1111,3.2,7.0,2,4,6.0,9.0,2,4,1,5,2,4,40-49,30-39,Yes,,2,1
2024,27123,MIA,0490.0,0490103000.0,Conventional:First Lien,Single Family (1-4 Units):Site-Built,Not Hispanic or Latino,White,Female,Loan originated,11,385000.0,92.5,6.25,1.25," ",65000.0,6500.0,1300.0,15.0,3000.0,360,0,0,0,0,1,1,1,3,1,,90.0,,1111,1111,3.7,7.2,2,4,6.5,9.5,2,4,1,5,2,4,30-39,35-44,Yes,,1,1
2024,28123,UT,0550.0,0550101000.0,FHA:First Lien,Single Family (1-4 Units):Site-Built,Not Hispanic or Latino,White,Male,Loan denied,30,250000.0,87.5,5.25,1.25," ",45000.0,4500.0,900.0,10.0,2250.0,360,0,0,0,0,1,1,1,3,0,,85.0,,1111,1111,3.1,7.0,2,4,6.5,9.0,2,4,1,5,2,4,55-64,35-44,Yes,,1,1
2024,29123,VT,0550.0,0550101000.0,Conventional:First Lien,Single Family (1-4 Units):Site-Built,Not Hispanic or Latino,White,Female,File closed for incompleteness,32,225000.0,80.0,4.25,0.75," ",40000.0,4000.0,800.0,10.0,2000.0,480,0,0,0,0,1,1,1,3,1,,85.0,,1111,1111,3.0,7.0,2,4,7.0,9.0,2,4,1,5,2,4,30-39,25-34,Yes,,1,1
2024,30123,AK,0550.0,0550102000.0,FHA:First Lien,Single Family (1-4 Units):Site-Built,Not Hispanic or Latino,Asians,Female,Loan approved but not accepted,11,500000.0,90.0,4.5,0.5," ",55000.0,5500.0,1100.0,12.0,2500.0,360,0,0,0,0,1,1,1,4,1,,90.0,,1111,1111,3.6,7.0,1,4,6.5,9.0,2,4,1,5,2,4,35-44,30-39,No,,1,1
2024,31123,ME,0550.0,0550101000.0,Conventional:First Lien,Single Family (1-4 Units):Site-Built,Not Hispanic or Latino,White,Female,Loan originated,11,600000.0,75.0,4.25,0.75," ",70000.0,7000.0,1400.0,16.0,3000.0,360,0,0,0,0,1,1,1,2,1,,90.0,,1111,1111,3.5,7.0,2,4,7.0,10.0,2,4,1,5,2,4,25-34,25-34,Yes,,1,1
2024,32123,MS,0550.0,0550201000.0,VA:Second Lien,Single Family (1-4 Units):Site-Built,Hispanic or Latino,Hispanic/Latino,Male,Application approved for funding,11,250000.0,92.5,6.5,2.0," ",30000.0,3000.0,600.0,7.0,1000.0,360,0,0,0,0,1,2,2,3,0,,82.5,,1111,1111,3.4,7.0,2,4,7.0,9.0,2,4,1,5,2,4,30-39,30-39,No,,2,1
2024,33123,DE,0550.0,0550107000.0,FHA:First Lien,Single Family (1-4 Units):Site-Built,Hispanic or Latino,White,Male,Loan originated,11,300000.0,82.5,5.75,1.25," ",45000.0,4500.0,900.0,11.0,2250.0,360,0,0,0,0,1,2,1,4,0,,82.5,,1111,1111,3.3,7.0,1,4,6.0,9.0,1,4,1,5,2,4,45-54,30-39,Yes,,1,2
2024,34123,NH,0550.0,0550101000.0,Conventional:First Lien,Single Family (1-4 Units):Site-Built,Not Hispanic or Latino,White,Female,Loan denied,30,300000.0,90.0,5.75,1.75," ",65000.0,6500.0,1300.0,11.0,2250.0,360,0,0,0,0,1,2,1,4,1,,87.0,,1111,1111,3.0,6.5,1,4,7.0,9.0,2,4,1,5,2,4,55-64,55-64,Yes,,1,1
2024,35123,MN,0550.0,0550101000.0,FHA:First Lien,Single Family (1-4 Units):Site-Built,Hispanic or Latino,White,Female,File closed for incompleteness,32,225000.0,92.5,6.25,2.25," ",42000.0,4200.0,840.0,8.0,2000.0,360,0,0,0,0,1,2,1,4,1,,90.0,,1111,1111,3.5,7.0,1,4,6.5,9.0,2,4,1,5,2,4,30-39,40-49,No,,1,1
2024,36123,NV,0550.0,0550102000.0,FHA:First Lien,Single Family (1-4 Units):Site-Built,Not Hispanic or Latino,White,Male,Loan originated,11,250000.0,85.0,4.5,0.75," ",40000.0,4000.0,800.0,9.0,2000.0,360,0,0,0,0,1,2,1,4,1,,82.0,,1111,1111,3.2,7.0,2,4,7.0,9.5,2,4,1,5,2,4,30-39,35-44,Yes,,1,1
2024,37123,RD,0550.0,0550101000.0,Conventional:First Lien,Single Family (1-4 Units):Site-Built,Hispanic or Latino,Hispanic/Latino,Male,Denial of loan application,30,210000.0,90.0,6.75,1.75," ",35000.0,3500.0,700.0,9.0,1000.0,360,0,0,0,0,1,1,1,2,0,,80.0,,1111,1111,3.7,7.0,2,4,8.0,10.0,2,4,1,5,2,4,25-34,30-39,No,,2,1
2024,38123,ND,0550.0,0550102000.0,FHA:First Lien,Single Family (1-4 Units):Site-Built,Not Hispanic or Latino,White,Female,Loan originated,11,380000.0,80.0,3.25,0.25," ",60000.0,6000.0,1200.0,13.0,3000.0,360,0,0,0
