activity_year,derived_msa-md,state_code,county_code,census_tract,derived_loan_product_type,derived_dwelling_category,derived_ethnicity,derived_race,derived_sex,action_taken,loan_purpose,loan_amount,loan_to_value_ratio,interest_rate,rate_spread,hoepa_status,total_loan_costs,total_points_and_fees,origination_charges,discount_points,lender_credits,loan_term,prepayment_penalty_term,intro_rate_period,negative_amortization,interest_only_payment,balloon_payment,other_nonamortizing_features,property_value,construction_method,occupancy_type,manufactured_home_secured_property_type,manufactured_home_land_property_interest,total_units,multifamily_affordable_units,income,debt_to_income_ratio,applicant_credit_score_type,co-applicant_credit_score_type,applicant_ethnicity-1,co-applicant_ethnicity-1,applicant_ethnicity_observed,co-applicant_ethnicity_observed,applicant_race-1,co-applicant_race-1,applicant_race_observed,co-applicant_race_observed,applicant_sex,co-applicant_sex,applicant_sex_observed,co-applicant_sex_observed,applicant_age,co-applicant_age,applicant_age_above_62,co-applicant_age_above_62,submission_of_application,initially_payable_to_institution
35620,CA,6075.0,6075029301.0,Conventional:First Lien,Single Family (1-4 Units):Site-Built,Not Hispanic or Latino,White,Female,Originated,1,425000.0,80.0,6.75,1.5,0.0,8500.0,2500.0,3500.0,1500.0,500.0,360.0,0.0,0.0,2.0,2.0,2.0,2.0,,530000.0,1.0,1.0,3.0,5.0,1.0,,120000.0,35.0,1.0,1.0,2.0,5.0,2.0,4.0,5.0,8.0,2.0,4.0,2.0,5,2,4,45-54,35-44,No,No,1.0,1.0
16980,TX,48113.0,4811303142.0,Conventional:First Lien,Single Family (1-4 Units):Site-Built,Hispanic or Latino,Black or African American,Male,Originated,1,315000.0,85.0,7.0,2.0,0.0,7200.0,2200.0,2800.0,1200.0,600.0,360.0,0.0,0.0,2.0,2.0,2.0,2.0,,370000.0,1.0,1.0,3.0,5.0,1.0,,95000.0,42.0,1.0,3.0,1.0,5.0,1.0,4.0,3.0,8.0,1.0,4.0,1.0,5,1,4,35-44,25-34,No,No,1.0,1.0
31080,FL,12011.0,1201102045.0,Conventional:Subordinate Lien,Single Family (1-4 Units):Site-Built,Not Hispanic or Latino,Asian,Female,Approved not accepted,3,65000.0,,8.5,,0.0,3200.0,1800.0,1800.0,1000.0,200.0,180.0,0.0,0.0,2.0,2.0,2.0,2.0,,280000.0,1.0,1.0,3.0,5.0,1.0,,78000.0,28.0,2.0,5.0,2.0,5.0,2.0,4.0,2.0,8.0,2.0,4.0,2.0,5,2,4,55-64,45-54,Yes,No,1.0,1.0
26420,OH,39061.0,3906102145.0,FHA:First Lien,Single Family (1-4 Units):Site-Built,Not Hispanic or Latino,White,Male,Originated,1,195000.0,92.0,6.5,0.0,0.0,6500.0,1500.0,2500.0,500.0,800.0,360.0,0.0,0.0,2.0,2.0,2.0,2.0,,212000.0,1.0,1.0,3.0,5.0,1.0,,65000.0,38.0,1.0,1.0,2.0,5.0,2.0,4.0,5.0,8.0,2.0,4.0,1.0,5,1,4,25-34,24,No,No,1.0,1.0
19100,IL,17197.0,1719708012.0,VA:First Lien,Single Family (1-4 Units):Site-Built,Hispanic or Latino,White,Male,Originated,1,285000.0,100.0,6.25,0.0,0.0,5800.0,1200.0,2200.0,0.0,1000.0,360.0,0.0,0.0,2.0,2.0,2.0,2.0,,285000.0,1.0,1.0,1.0,5.0,1.0,,88000.0,31.0,1.0,1.0,1.0,5.0,1.0,4.0,5.0,8.0,1.0,4.0,1.0,5,1,4,30,28,No,No,1.0,1.0
41860,WA,53033.0,5303303031.0,Conventional:First Lien,Single Family (1-4 Units):Site-Built,Not Hispanic or Latino,Asian,Female,Originated,1,580000.0,75.0,6.9,1.8,0.0,9800.0,3200.0,4200.0,1800.0,0.0,360.0,0.0,0.0,2.0,2.0,2.0,2.0,,775000.0,1.0,1.0,3.0,5.0,1.0,,165000.0,25.0,1.0,1.0,2.0,5.0,2.0,4.0,2.0,8.0,2.0,4.0,2.0,5,2,4,35-44,32,No,No,1.0,1.0
38060,CO,8031.0,8031002104.0,Conventional:First Lien,Single Family (1-4 Units):Site-Built,Not Hispanic or Latino,White,Female,Denied,1,420000.0,70.0,,,0.0,4500.0,2200.0,2200.0,1000.0,300.0,360.0,0.0,0.0,2.0,2.0,2.0,2.0,,600000.0,1.0,1.0,3.0,5.0,1.0,,130000.0,29.0,1.0,5.0,2.0,5.0,2.0,4.0,5.0,8.0,2.0,4.0,2.0,5,2,4,40,9999,No,,1.0,1.0
12060,AL,1073.0,1073010203.0,Conventional:First Lien,Manufactured Home,Not Hispanic or Latino,Black or African American,Male,Originated,1,95000.0,80.0,8.0,2.5,0.0,4200.0,1500.0,1500.0,500.0,200.0,240.0,0.0,0.0,2.0,2.0,2.0,2.0,,119000.0,2.0,1.0,1.0,2.0,1.0,,48000.0,45.0,3.0,5.0,2.0,5.0,2.0,4.0,3.0,8.0,2.0,4.0,1.0,5,1,4,45-54,9999,Yes,,1.0,1.0
14460,AZ,4013.0,4013028012.0,Conventional:Subordinate Lien,Single Family (1-4 Units):Site-Built,Hispanic or Latino,American Indian or Alaska Native,Female,Originated,32,75000.0,,7.75,,0.0,2800.0,1200.0,1200.0,600.0,100.0,180.0,0.0,0.0,2.0,2.0,2.0,2.0,,320000.0,1.0,1.0,3.0,5.0,1.0,,62000.0,33.0,2.0,5.0,1.0,5.0,1.0,4.0,1.0,8.0,2.0,4.0,1.0,5,1,4,35-44,9999,No,,1.0,1.0
19740,GA,13121.0,1312103045.0,Conventional:First Lien,Single Family (1-4 Units):Site-Built,Not Hispanic or Latino,Native Hawaiian or Other Pacific Islander,Male,Withdrawn,1,375000.0,,,,0.0,0.0,0.0,0.0,0.0,0.0,360.0,0.0,0.0,2.0,2.0,2.0,2.0,,450000.0,1.0,1.0,3.0,5.0,1.0,,110000.0,36.0,5.0,5.0,2.0,5.0,2.0,4.0,7.0,8.0,2.0,4.0,2.0,5,2,4,30,27,No,No,1.0,1.0
38900,MI,26163.0,2616302012.0,Conventional:First Lien,Single Family (1-4 Units):Site-Built,Not Hispanic or Latino,White,Male,Originated,1,275000.0,88.0,7.1,1.2,0.0,7100.0,2000.0,2800.0,1200.0,400.0,360.0,0.0,0.0,2.0,2.0,2.0,2.0,,312500.0,1.0,1.0,3.0,5.0,1.0,,85000.0,40.0,1.0,1.0,2.0,5.0,2.0,4.0,5.0,8.0,2.0,4.0,1.0,5,1,4,55-64,52,Yes,No,1.0,1.0
47900,WI,55109.0,5510901023.0,FSA/RHS:First Lien,Single Family (1-4 Units):Site-Built,Hispanic or Latino,Black or African American,Female,Originated,1,185000.0,100.0,5.75,0.0,0.0,5200.0,1000.0,2000.0,0.0,1200.0,360.0,0.0,0.0,2.0,2.0,2.0,2.0,,185000.0,1.0,1.0,1.0,5.0,1.0,,58000.0,43.0,1.0,5.0,1.0,5.0,1.0,4.0,3.0,8.0,1.0,4.0,1.0,5,1,4,28,26,No,No,1.0,1.0
33124,CA,6073.0,6073010204.0,Conventional:First Lien,Single Family (1-4 Units):Site-Built,Not Hispanic or Latino,Asian,Male,Originated,1,755000.0,68.0,6.5,1.0,0.0,11200.0,3800.0,4800.0,2000.0,0.0,360.0,0.0,0.0,2.0,2.0,2.0,2.0,,1110000.0,1.0,1.0,3.0,5.0,1.0,,225000.0,22.0,1.0,1.0,2.0,5.0,2.0,4.0,2.0,8.0,2.0,4.0,1.0,5,1,4,41,38,No,No,1.0,1.0
42660,OR,41051.0,4105103070.0,Conventional:First Lien,Single Family (1-4 Units):Site-Built,Not Hispanic or Latino,White,Female,File closed for incompleteness,1,485000.0,,,,0.0,0.0,0.0,0.0,0.0,0.0,360.0,0.0,0.0,2.0,2.0,2.0,2.0,,700000.0,1.0,1.0,3.0,5.0,1.0,,155000.0,29.0,5.0,5.0,2.0,5.0,2.0,4.0,5.0,8.0,2.0,4.0,2.0,5,2,4,38,9999,No,,1.0,1.0
19820,MD,24003.0,2400304012.0,Conventional:First Lien,Single Family (1-4 Units):Site-Built,Not Hispanic or Latino,Black or African American,Male,Originated,1,415000.0,82.0,6.8,1.4,0.0,8300.0,2600.0,3400.0,1600.0,300.0,360.0,0.0,0.0,2.0,2.0,2.0,2.0,,506000.0,1.0,1.0,3.0,5.0,1.0,,125000.0,34.0,1.0,1.0,2.0,5.0,2.0,4.0,3.0,8.0,2.0,4.0,1.0,5,1,4,33,31,No,No,1.0,1.0
12020,AK,2063.0,2063020101.0,Conventional:First Lien,Single Family (1-4 Units):Site-Built,Not Hispanic or Latino,American Indian or Alaska Native,Female,Originated,1,320000.0,78.0,7.2,1.7,0.0,7600.0,2300.0,2900.0,1300.0,500.0,360.0,0.0,0.0,2.0,2.0,2.0,2.0,,410000.0,1.0,1.0,3.0,5.0,1.0,,95000.0,37.0,1.0,5.0,2.0,5.0,2.0,4.0,1.0,8.0,2.0,4.0,2.0,5,2,4,42,40,No,No,1.0,1.0
24500,HI,15003.0,1500301052.0,Conventional:First Lien,Single Family (1-4 Units):Site-Built,Not Hispanic or Latino,Native Hawaiian or Other Pacific Islander,Female,Approved not accepted,1,685000.0,70.0,7.5,2.1,0.0,10500.0,3400.0,4200.0,1800.0,0.0,360.0,0.0,0.0,2.0,2.0,2.0,2.0,,980000.0,1.0,1.0,3.0,5.0,1.0,,180000.0,26.0,2.0,5.0,2.0,5.0,2.0,4.0,7.0,8.0,2.0,4.0,2.0,5,2,4,48,45,No,No,1.0,1.0
41180,UT,49035.0,4903502012.0,Conventional:First Lien,Single Family (1-4 Units):Site-Built,Hispanic or Latino,White,Male,Originated,1,465000.0,90.0,7.0,1.5,0.0,8900.0,2800.0,3600.0,1600.0,400.0,360.0,0.0,0.0,2.0,2.0,2.0,2.0,,516000.0,1.0,1.0,3.0,5.0,1.0,,115000.0,32.0,1.0,1.0,1.0,5.0,1.0,4.0,5.0,8.0,1.0,4.0,1.0,5,1,4,29,27,No,No,1.0,1.0
22020,DE,10003.0,1000302010.0,Conventional:Subordinate Lien,Single Family (1-4 Units):Site-Built,Not Hispanic or Latino,White,Female,Originated,32,85000.0,,8.25,,0.0,3600.0,1600.0,1600.0,800.0,200.0,180.0,0.0,0.0,2.0,2.0,2.0,2.0,,380000.0,1.0,1.0,3.0,5.0,1.0,,92000.0,30.0,2.0,5.0,2.0,5.0,2.0,4.0,5.0,8.0,2.0,4.0,2.0,5,2,4,52,9999,No,,1.0,1.0
45300,VA,51153.0,5115304080.0,Conventional:First Lien,Single Family (1-4 Units):Site-Built,Not Hispanic or Latino,Asian,Male,Denied,1,525000.0,72.0,,,0.0,4800.0,2400.0,2400.0,1200.0,0.0,360.0,0.0,0.0,2.0,2.0,2.0,2.0,,730000.0,1.0,1.0,3.0,5.0,1.0,,145000.0,28.0,1.0,5.0,2.0,5.0,2.0,4.0,2.0,8.0,2.0,4.0,1.0,5,1,4,36,34,No,No,1.0,1.0
36540,NC,37129.0,3712906012.0,Conventional:First Lien,Single Family (1-4 Units):Site-Built,Hispanic or Latino,White,Female,Originated,1,335000.0,87.0,6.9,1.6,0.0,7500.0,2100.0,2900.0,1300.0,600.0,360.0,0.0,0.0,2.0,2.0,2.0,2.0,,385000.0,1.0,1.0,3.0,5.0,1.0,,88000.0,38.0,1.0,1.0,1.0,5.0,1.0,4.0,5.0,8.0,1.0,4.0,2.0,5,2,4,31,29,No,No,1.0,1.0
17660,ID,16001.0,1600103025.0,Conventional:First Lien,Manufactured Home,Not Hispanic or Latino,White,Male,Originated,1,125000.0,85.0,8.5,3.0,0.0,4800.0,1700.0,1700.0,700.0,300.0,240.0,0.0,0.0,2.0,2.0,2.0,2.0,,147000.0,2.0,1.0,1.0,2.0,1.0,,52000.0,48.0,3.0,5.0,2.0,5.0,2.0,4.0,5.0,8.0,2.0,4.0,1.0,5,1,4,50,48,No,No,1.0,1.0
22140,DC,11001.0,1100100620.0,Conventional:First Lien,Single Family (1-4 Units):Site-Built,Not Hispanic or Latino,Black or African American,Female,Originated,1,625000.0,75.0,6.6,1.3,0.0,10200.0,3200.0,4200.0,1800.0,0.0,360.0,0.0,0.0,2.0,2.0,2.0,2.0,,835000.0,1.0,1.0,3.0,5.0,1.0,,185000.0,24.0,1.0,1.0,2.0,5.0,2.0,4.0,3.0,8.0,2.0,4.0,2.0,5,2,4,40,38,No,No,1.0,1.0
34980,NV,32003.0,3200305102.0,Conventional:First Lien,Single Family (1-4 Units):Site-Built,Hispanic or Latino,White,Male,Withdrawn,1,485000.0,,,,0.0,0.0,0.0,0.0,0.0,0.0,360.0,0.0,0.0,2.0,2.0,2.0,2.0,,620000.0,1.0,1.0,3.0,5.0,1.0,,135000.0,33.0,5.0,5.0,1.0,5.0,1.0,4.0,5.0,8.0,1.0,4.0,1.0,5,1,4,44,41,No,No,1.0,1.0
27180,KS,20173.0,2017309152.0,Conventional:First Lien,Single Family (1-4 Units):Site-Built,Not Hispanic or Latino,White,Female,Originated,1,285000.0,92.0,7.3,1.8,0.0,6800.0,1900.0,2600.0,1100.0,700.0,360.0,0.0,0.0,2.0,2.0,2.0,2.0,,310000.0,1.0,1.0,3.0,5.0,1.0,,78000.0,41.0,1.0,1.0,2.0,5.0,2.0,4.0,5.0,8.0,2.0,4.0,2.0,5,2,4,47,45,No,No,1.0,1.0
38340,ME,23005.0,2300502012.0,Conventional:First Lien,Single Family (1-4 Units):Site-Built,Not Hispanic or Latino,White,Male,Originated,1,265000.0,83.0,6.8,1.1,0.0,6400.0,1800.0,2400.0,1000.0,600.0,360.0,0.0,0.0,2.0,2.0,2.0,2.0,,320000.0,1.0,1.0,3.0,5.0,1.0,,75000.0,39.0,1.0,1.0,2.0,5.0,2.0,4.0,5.0,8.0,2.0,4.0,1.0,5,1,4,53,51,No,No,1.0,1.0
30700,SC,45019.0,4501903012.0,Conventional:Subordinate Lien,Single Family (1-4 Units):Site-Built,Hispanic or Latino,Black or African American,Female,Originated,32,55000.0,,8.75,,0.0,2600.0,1100.0,1100.0,500.0,100.0,180.0,0.0,0.0,2.0,2.0,2.0,2.0,,260000.0,1.0,1.0,3.0,5.0,1.0,,58000.0,35.0,2.0,5.0,1.0,5.0,1.0,4.0,3.0,8.0,1.0,4.0,2.0,5,2,4,37,9999,No,,1.0,1.0
33460,ND,38079.0,3807901051.0,Conventional:First Lien,Single Family (1-4 Units):Site-Built,Not Hispanic or Latino,American Indian or Alaska Native,Male,Originated,1,195000.0,89.0,6.9,1.4,0.0,5900.0,1500.0,2100.0,800.0,800.0,360.0,0.0,0.0,2.0,2.0,2.0,2.0,,219000.0,1.0,1.0,3.0,5.0,1.0,,62000.0,44.0,1.0,5.0,2.0,5.0,2.0,4.0,1.0,8.0,2.0,4.0,1.0,5,1,4,49,47,No,No,1.0,1.0
12620,AR,5145.0,5145030201.0,Conventional:First Lien,Single Family (1-4 Units):Site-Built,Not Hispanic or Latino,White,Female,Denied,1,185000.0,78.0,,,0.0,4100.0,1900.0,1900.0,900.0,200.0,360.0,0.0,0.0,2.0,2.0,2.0,2.0,,237000.0,1.0,1.0,3.0,5.0,1.0,,58000.0,46.0,1.0,5.0,2.0,5.0,2.0,4.0,5.0,8.0,2.0,4.0,2.0,5,2,4,42,40,No,No,1.0,1.0
29820,RI,44003.0,4400304012.0,Conventional:First Lien,Single Family (1-4 Units):Site-Built,Not Hispanic or Latino,White,Male,Originated,1,385000.0,81.0,6.7,1.0,0.0,7700.0,2300.0,3000.0,1200.0,500.0,360.0,0.0,0.0,2.0,2.0,2.0,2.0,,475000.0,1.0,1.0,3.0,5.0,1.0,,105000.0,31.0,1.0,1.0,2.0,5.0,2.0,4.0,5.0,8.0,2.0,4.0,1.0,5,1,4,39,36,No,No,1.0,1.0
24260,GU,66010.0,6601001020.0,Conventional:First Lien,Single Family (1-4 Units):Site-Built,Hispanic or Latino,Native Hawaiian or Other Pacific Islander,Female,Approved not accepted,1,425000.0,73.0,7.8,2.2,0.0,8800.0,2900.0,3600.0,1500.0,0.0,360.0,0.0,0.0,2.0,2.0,2.0,2.0,,582000.0,1.0,1.0,3.0,5.0,1.0,,135000.0,27.0,2.0,5.0,1.0,5.0,1.0,4.0,7.0,8.0,1.0,4.0,2.0,5,2,4,43,40,No,No,1.0,1.0
49180,WY,56021.0,5602101032.0,Conventional:First Lien,Single Family (1-4 Units):Site-Built,Not Hispanic or Latino,White,Male,Originated,1,235000.0,84.0,7.4,1.9,0.0,6200.0,1600.0,2200.0,900.0,700.0,360.0,0.0,0.0,2.0,2.0,2.0,2.0,,280000.0,1.0,1.0,3.0,5.0,1.0,,68000.0,42.0,1.0,1.0,2.0,5.0,2.0,4.0,5.0,8.0,2.0,4.0,1.0,5,1,4,51,49,No,No,1.0,1.0
15540,CT,9001.0,9001012034.0,Conventional:First Lien,Single Family (1-4 Units):Site-Built,Not Hispanic or Latino,Black or African American,Female,Originated,1,315000.0,77.0,6.6,0.8,0.0,6900.0,2000.0,2700.0,1100.0,600.0,360.0,0.0,0.0,2.0,2.0,2.0,2.0,,410000.0,1.0,1.0,3.0,5.0,1.0,,95000.0,33.0,1.0,1.0,2.0,5.0,2.0,4.0,3.0,8.0,2.0,4.0,2.0,5,2,4,34,32,No,No,1.0,1.0
35620,CA,6075.0,6075021102.0,Conventional:Subordinate Lien,Single Family (1-4 Units):Site-Built,Hispanic or Latino,Asian,Male,Originated,32,95000.0,,8.1,,0.0,3800.0,1500.0,1500.0,700.0,200.0,180.0,0.0,0.0,2.0,2.0,2.0,2.0,,485000.0,1.0,1.0,3.0,5.0,1.0,,125000.0,29.0,2.0,5.0,1.0,5.0,1.0,4.0,2.0,8.0,1.0,4.0,1.0,5,1,4,48,9999,No,,1.0,1.0
16980,TX,48113.0,4811305120.0,Conventional:First Lien,Single Family (1-4 Units):Site-Built,Hispanic or Latino,White,Female,Originated,1,295000.0,91.0,7.1,1.7,0.0,7100.0,2100.0,2800.0,1300.0,500.0,360.0,0.0,0.0,2.0,2.0,2.0,2.0,,325000.0,1.0,1.0,3.0,5.0,1.0,,82000.0,39.0,1.0,1.0,1.0,5.0,1.0,4.0,5.0,8.0,1.0,4.0,2.0,5,2,4,30,28,No,No,1.0,1.0
31080,FL,12011.0,1201104080.0,Conventional:First Lien,Single Family (1-4 Units):Site-Built,Not Hispanic or Latino,White,Male,Withdrawn,1,395000.0,,,,0.0,0.0,0.0,0.0,0.0,0.0,360.0,0.0,0.0,2.0,2.0,2.0,2.0,,520000.0,1.0,1.0,3.0,5.0,1.0,,118000.0,35.0,5.0,5.0,2.0,5.0,2.0,4.0,5.0,8.0,2.0,4.0,1.0,5,1,4,46,43,No,No,1.0,1.0
26420,OH,39061.0,3906105201.0,Conventional:First Lien,Single Family (1-4 Units):Site-Built,Not Hispanic or Latino,Asian,Female,Originated,1,225000.0,86.0,6.8,1.2,0.0,6100.0,1700.0,2300.0,900.0,700.0,360.0,0.0,0.0,2.0,2.0,2.0,2.0,,262000.0,1.0,1.0,3.0,5.0,1.0,,72000.0,36.0,1.0,1.0,2.0,5.0,2.0,4.0,2.0,8.0,2.0,4.0,2.0,5,2,4,41,39,No,No,1.0,1.0
19100,IL,17197.0,1719703021.0,VA:First Lien,Single Family (1-4 Units):Site-Built,Not Hispanic or Latino,Black or African American,Male,Originated,1,305000.0,100.0,6.0,0.0,0.0,5600.0,1100.0,2100.0,0.0,1000.0,360.0,0.0,0.0,2.0,2.0,2.0,2.0,,305000.0,1.0,1.0,1.0,5.0,1.0,,92000.0,30.0,1.0,1.0,2.0,5.0,2.0,4.0,3.0,8.0,2.0,4.0,1.0,5,1,4,32,30,No,No,1.0,1.0
41860,WA,53033.0,5303302090.0,Conventional:First Lien,Single Family (1-4 Units):Site-Built,Not Hispanic or Latino,White,Female,File closed for incompleteness,1,675000.0,,,,0.0,0.0,0.0,0.0,0.0,0.0,360.0,0.0,0.0,2.0,2.0,2.0,2.0,,890000.0,1.0,1.0,3.0,5.0,1.0,,195000.0,25.0,5.0,5.0,2.0,5.0,2.0,4.0,5.0,8.0,2.0,4.0,2.0,5,2,4,38,35,No,No,1.0,1.0
38060,CO,8031.0,8031007150.0,Conventional:First Lien,Single Family (1-4 Units):Site-Built,Hispanic or Latino,White,Male,Originated,1,515000.0,78.0,6.9,1.5,0.0,9300.0,2900.0,3800.0,1700.0,0.0,360.0,0.0,0.0,2.0,2.0,2.0,2.0,,660000.0,1.0,1.0,3.0,5.0,1.0,,150000.0,28.0,1.0,1.0,1.0,5.0,1.0,4.0,5.0,8.0,1.0,4.0,1.0,5,1,4,35,33,No,No,1.0,1.0
12060,AL,1073.0,1073015080.0,Conventional:First Lien,Single Family (1-4 Units):Site-Built,Not Hispanic or Latino,Black or African American,Female,Originated,1,165000.0,90.0,7.5,2.0,0.0,5400.0,1400.0,1900.0,800.0,600.0,360.0,0.0,0.0,2.0,2.0,2.0,2.0,,183000.0,1.0,1.0,3.0,5.0,1.0,,55000.0,45.0,1.0,1.0,2.0,5.0,2.0,4.0,3.0,8.0,2.0,4.0,2.0,5,2,4,43,41,No,No,1.0,1.0
14460,AZ,4013.0,4013023060.0,Conventional:Subordinate Lien,Single Family (1-4 Units):Site-Built,Not Hispanic or Latino,White,Male,Approved not accepted,32,72000.0,,8.4,,0.0,3100.0,1300.0,1300.0,600.0,150.0,180.0,0.0,0.0,2.0,2.0,2.0,2.0,,385000.0,1.0,1.0,3.0,5.0,1.0,,88000.0,32.0,2.0,5.0,2.0,5.0,2.0,4.0,5.0,8.0,2.0,4.0,1.0,5,1,4,49,9999,No,,1.0,1.0
19740,GA,13121.0,1312106201.0,Conventional:First Lien,Single Family (1-4 Units):Site-Built,Hispanic or Latino,Asian,Female,Originated,1,425000.0,84.0,7.0,1.6,0.0,8400.0,2600.0,3400.0,1500.0,400.0,360.0,0.0,0.0,2.0,2.0,2.0,2.0,,506000.0,1.0,1.0,3.0,5.0,1.0,,125000.0,31.0,1.0,1.0,1.0,5.0,1.0,4.0,2.0,8.0,1.0,4.0,2.0,5,2,4,37,35,No,No,1.0,1.0
38900,MI,26163.0,2616304150.0,Conventional:First Lien,Single Family (1-4 Units):Site-Built,Not Hispanic or Latino,White,Male,Denied,1,245000.0,72.0,,,0.0,5200.0,2200.0,2200.0,1000.0,300.0,360.0,0.0,0.0,2.0,2.0,2.0,2.0,,340000.0,1.0,1.0,3.0,5.0,1.0,,82000.0,38.0,1.0,5.0,2.0,5.0,2.0,4.0,5.0,8.0,2.0,4.0,1.0,5,1,4,50,48,No,No,1.0,1.0
47900,WI,55109.0,5510902030.0,Conventional:First Lien,Single Family (1-4 Units):Site-Built,Not Hispanic or Latino,White,Female,Originated,1,205000.0,88.0,6.7,0.9,0.0,5900.0,1500.0,2100.0,800.0,700.0,360.0,0.0,0.0,2.0,2.0,2.0,2.0,,233000.0,1.0,1.0,3.0,5.0,1.0,,68000.0,40.0,1.0,1.0,2.0,5.0,2.0,4.0,5.0,8.0,2.0,4.0,2.0,5,2,4,46,44,No,No,1.0,1.0
33124,CA,6073.0,6073016201.0,Conventional:First Lien,Single Family (1-4 Units):Site-Built,Not Hispanic or Latino,Asian,Male,Originated,1,825000.0,69.0,6.4,1.1,0.0,11800.0,4000.0,5000.0,2200.0,0.0,360.0,0.0,0.0,2.0,2.0,2.0,2.0,,1195000.0,1.0,1.0,3.0,5.0,1.0,,245000.0,23.0,1.0,1.0,2.0,5.0,2.0,4.0,2.0,8.0,2.0,4.0,1.0,5,1,4,43,40,No,No,1.0,1.0
42660,OR,41051.0,4105101080.0,Conventional:First Lien,Single Family (1-4 Units):Site-Built,Not Hispanic or Latino,White,Female,Originated,1,395000.0,79.0,6.9,1.4,0.0,7800.0,2300.0,3100.0,1400.0,500.0,360.0,0.0,0.0,2.0,2.0,2.0,2.0,,500000.0,1.0,1.0,3.0,5.0,1.0,,115000.0,34.0,1.0,1.0,2.0,5.0,2.0,4.0,5.0,8.0,2.0,4.0,2.0,5,2,4,39,37,No,No,1.0,1.0
19820,MD,24003.0,2400305120.0,Conventional:First Lien,Single Family (1-4 Units):Site-Built,Not Hispanic or Latino,Black or African American,Male,Withdrawn,1,565000.0,,,,0.0,0.0,0.0,0.0,0.0,0.0,360.0,0.0,0.0,2.0,2.0,2.0,2.0,,720000.0,1.0,1.0,3.0,5.0,1.0,,165000.0,27.0,5.0,5.0,2.0,5.0,2.0,4.0,3.0,8.0,2.0,4.0,1.0,5,1,4,41,38,No,No,1.0,1.0
12020,AK,2063.0,2063020801.0,Conventional:First Lien,Single Family (1-4 Units):Site-Built,Not Hispanic or Latino,American Indian or Alaska Native,Female,Originated,1,355000.0,76.0,7.1,1.5,0.0,7600.0,2200.0,2900.0,1300.0,600.0,360.0,0.0,0.0,2.0,2.0,2.0,2.0,,467000.0,1.0,1.0,3.0,5.0,1.0,,105000.0,33.0,1.0,1.0,2.0,5.0,2.0,4.0,1.0,8.0,2.0,4.0,2.0,5,2,4,44,42,No,No,1.0,1.0
24500,HI,15003.0,1500302102.0,Conventional:Subordinate Lien,Single Family (1-4 Units):Site-Built,Not Hispanic or Latino,Native Hawaiian or Other Pacific Islander,Male,Originated,32,115000.0,,8.6,,0.0,4200.0,1800.0,1800.0,900.0,300.0,180.0,0.0,0.0,2.0,2.0,2.0,2.0,,620000.0,1.0,1.0,3.0,5.0,1.0,,145000.0,30.0,2.0,5.0,2.0,5.0,2.0,4.0,7.0,8.0,2.0,4.0,1.0,5,1,4,52,9999,Yes,,1.0,1.0
49180,WY,56021.0,5602103150.0,FSA/RHS:First Lien,Single Family (1-4 Units):Site-Built,Not Hispanic or Latino,White,Male,Originated,1,175000.0,100.0,5.5,0.0,0.0,4800.0,900.0,1800.0,0.0,1100.0,360.0,0.0,0.0,2.0,2.0,2.0,2.0,,175000.0,1.0,1.0,1.0,5.0,1.0,,52000.0,41.0,1.0,5.0,2.0,5.0,2.0,4.0,5.0,8.0,2.0,4.0,1.0,5,1,4,27,25,No,No,1.0,1.0
35620,NY,36005.0,36005980400.0,Conventional:First Lien,Single Family (1-4 Units):Site-Built,Hispanic or Latino,Asian,Male,Loan originated,1,385000.0,85.0,6.75,2.3,0.0,8500.0,1800.0,3200.0,1500.0,500.0,360.0,0.0,0.0,2.0,2.0,2.0,2.0,,385000.0,1.0,1.0,3.0,3.0,1.0,,125000.0,38.0,1.0,1.0,1.0,2.0,1.0,2.0,2.0,7.0,1.0,2.0,1.0,1,1,2,36,34,2,2,1.0,1.0
41860,TX,48113.0,48113030902.0,FHA-insured:First Lien,Single Family (1-4 Units):Site-Built,Not Hispanic or Latino,Black or African American,Female,Loan originated,1,215000.0,96.5,7.0,2.1,0.0,7200.0,2100.0,2800.0,1200.0,300.0,360.0,0.0,0.0,2.0,2.0,2.0,2.0,,222500.0,1.0,1.0,3.0,3.0,1.0,,78000.0,42.0,1.0,1.0,2.0,2.0,1.0,2.0,3.0,2.0,1.0,2.0,1.0,1,2,2,44,9999,2,3,1.0,1.0
38060,OH,39035.0,39035000100.0,Conventional:First Lien,Single Family (1-4 Units):Site-Built,Not Hispanic or Latino,White,Male,Application denied,1,165000.0,78.0,7.25,2.5,0.0,,2800.0,2800.0,0.0,0.0,360.0,0.0,0.0,2.0,2.0,2.0,2.0,,211500.0,1.0,1.0,3.0,3.0,1.0,,58000.0,48.0,1.0,3.0,2.0,5.0,1.0,5.0,5.0,5.0,1.0,5.0,1.0,5,1,5,52,9999,2,3,1.0,1.0
12060,CA,6073.0,6073026015.0,Conventional:First Lien,Single Family (1-4 Units):Site-Built,Hispanic or Latino,White,Female,Loan originated,1,625000.0,80.0,6.5,1.8,0.0,11500.0,2200.0,4200.0,1800.0,800.0,360.0,0.0,0.0,2.0,2.0,2.0,2.0,,781250.0,1.0,1.0,3.0,3.0,1.0,,185000.0,32.0,1.0,1.0,1.0,2.0,1.0,2.0,5.0,6.0,1.0,2.0,1.0,1,2,2,29,27,2,2,1.0,1.0
14460,MA,25021.0,25021040300.0,VA-guaranteed:First Lien,Single Family (1-4 Units):Site-Built,Not Hispanic or Latino,White,Male,Loan originated,1,445000.0,90.0,6.25,1.5,0.0,9500.0,1900.0,3500.0,1600.0,600.0,360.0,0.0,0.0,2.0,2.0,2.0,2.0,,494500.0,1.0,1.0,3.0,3.0,1.0,,135000.0,28.0,1.0,1.0,2.0,2.0,1.0,2.0,5.0,5.0,1.0,2.0,1.0,1,1,2,41,38,2,2,1.0,1.0
19100,IL,17031.0,17031825200.0,Conventional:Subordinate Lien,Single Family (1-4 Units):Site-Built,Not Hispanic or Latino,Asian,Female,Loan originated,2,75000.0,,7.75,3.1,0.0,3200.0,1200.0,1200.0,800.0,200.0,180.0,0.0,0.0,2.0,2.0,2.0,2.0,,450000.0,1.0,1.0,3.0,3.0,1.0,,165000.0,25.0,1.0,3.0,2.0,5.0,1.0,5.0,2.0,5.0,1.0,5.0,1.0,5,2,5,39,9999,2,3,1.0,1.0
26420,FL,12011.0,12011009204.0,Conventional:First Lien,Single Family (1-4 Units):Site-Built,Hispanic or Latino,Black or African American,Male,Loan originated,1,320000.0,88.0,7.0,2.2,0.0,7800.0,1700.0,2900.0,1300.0,400.0,360.0,0.0,0.0,2.0,2.0,2.0,2.0,,363600.0,1.0,1.0,3.0,3.0,1.0,,88000.0,40.0,1.0,1.0,1.0,1.0,1.0,1.0,3.0,3.0,1.0,1.0,1.0,1,1,1,33,31,2,2,1.0,1.0
33100,WA,53033.0,53033030901.0,Conventional:First Lien,Single Family (1-4 Units):Site-Built,Not Hispanic or Latino,White,Female,Application withdrawn,1,520000.0,,6.9,2.0,0.0,,,,,,360.0,0.0,0.0,2.0,2.0,2.0,2.0,,580000.0,1.0,1.0,3.0,3.0,1.0,,148000.0,35.0,1.0,3.0,2.0,5.0,1.0,5.0,5.0,5.0,1.0,5.0,1.0,5,2,5,45,9999,2,3,1.0,1.0
37980,OK,40109.0,40109010300.0,USDA-guaranteed:First Lien,Single Family (1-4 Units):Site-Built,Not Hispanic or Latino,American Indian or Alaska Native,Female,Loan originated,1,185000.0,98.0,6.8,1.9,0.0,6800.0,1500.0,2500.0,1100.0,200.0,360.0,0.0,0.0,2.0,2.0,2.0,2.0,,188775.0,1.0,1.0,3.0,3.0,1.0,,62000.0,44.0,1.0,3.0,2.0,5.0,1.0,5.0,1.0,5.0,1.0,5.0,1.0,5,2,5,38,9999,2,3,1.0,1.0
12020,AZ,4013.0,4013081405.0,Conventional:First Lien,Single Family (1-4 Units):Site-Built,Hispanic or Latino,White,Male,Loan originated,1,485000.0,75.0,6.6,1.7,0.0,10200.0,2000.0,3800.0,1700.0,700.0,360.0,0.0,0.0,2.0,2.0,2.0,2.0,,646700.0,1.0,1.0,3.0,3.0,1.0,,175000.0,29.0,1.0,1.0,1.0,2.0,1.0,2.0,5.0,6.0,1.0,2.0,1.0,1,1,2,42,40,2,2,1.0,1.0
38900,OR,41051.0,41051061000.0,Conventional:First Lien,Single Family (1-4 Units):Site-Built,Not Hispanic or Latino,Native Hawaiian or Other Pacific Islander,Female,Loan originated,1,395000.0,82.0,6.9,2.1,0.0,8800.0,1800.0,3200.0,1400.0,500.0,360.0,0.0,0.0,2.0,2.0,2.0,2.0,,481700.0,1.0,1.0,3.0,3.0,1.0,,115000.0,34.0,1.0,3.0,2.0,5.0,1.0,5.0,7.0,5.0,1.0,5.0,1.0,5,2,5,35,9999,2,3,1.0,1.0
16980,GA,13135.0,13135001706.0,FHA-insured:First Lien,Single Family (1-4 Units):Site-Built,Hispanic or Latino,Asian,Female,Loan originated,1,285000.0,95.0,7.1,2.3,0.0,7600.0,1900.0,3000.0,1350.0,350.0,360.0,0.0,0.0,2.0,2.0,2.0,2.0,,300000.0,1.0,1.0,3.0,3.0,1.0,,92000.0,37.0,1.0,1.0,1.0,1.0,1.0,1.0,2.0,2.0,1.0,1.0,1.0,1,2,1,30,28,2,2,1.0,1.0
19820,IN,18003.0,18003003002.0,Conventional:First Lien,Single Family (1-4 Units):Site-Built,Not Hispanic or Latino,White,Male,Application denied,1,195000.0,73.0,7.4,2.7,0.0,,2600.0,2600.0,0.0,0.0,360.0,0.0,0.0,2.0,2.0,2.0,2.0,,267100.0,1.0,1.0,3.0,3.0,1.0,,72000.0,50.0,1.0,3.0,2.0,5.0,1.0,5.0,5.0,5.0,1.0,5.0,1.0,5,1,5,48,9999,2,3,1.0,1.0
28140,WI,55059.0,55059001800.0,Conventional:First Lien,Single Family (1-4 Units):Site-Built,Not Hispanic or Latino,Black or African American,Female,Loan originated,1,275000.0,84.0,6.8,2.0,0.0,7300.0,1600.0,2800.0,1200.0,400.0,360.0,0.0,0.0,2.0,2.0,2.0,2.0,,327400.0,1.0,1.0,3.0,3.0,1.0,,85000.0,38.0,1.0,1.0,2.0,2.0,1.0,2.0,3.0,6.0,1.0,2.0,1.0,1,2,2,43,41,2,2,1.0,1.0
38300,PA,42003.0,42003030400.0,Conventional:Subordinate Lien,Single Family (1-4 Units):Site-Built,Hispanic or Latino,White,Male,Loan originated,4,95000.0,,8.0,3.5,0.0,3800.0,1400.0,1400.0,900.0,250.0,240.0,0.0,0.0,2.0,2.0,2.0,2.0,,380000.0,1.0,1.0,3.0,3.0,1.0,,130000.0,26.0,1.0,3.0,1.0,5.0,1.0,5.0,5.0,5.0,1.0,5.0,1.0,5,1,5,37,9999,2,3,1.0,1.0
12060,CA,6075.0,6075010101.0,Conventional:First Lien,Single Family (1-4 Units):Site-Built,Not Hispanic or Latino,Asian,Male,Loan originated,1,725000.0,78.0,6.4,1.6,0.0,12800.0,2400.0,4600.0,2100.0,900.0,360.0,0.0,0.0,2.0,2.0,2.0,2.0,,929500.0,1.0,1.0,3.0,3.0,1.0,,225000.0,27.0,1.0,1.0,2.0,2.0,1.0,2.0,2.0,6.0,1.0,2.0,1.0,1,1,2,31,29,2,2,1.0,1.0
24340,MI,26163.0,26163021200.0,VA-guaranteed:First Lien,Single Family (1-4 Units):Site-Built,Not Hispanic or Latino,White,Female,Loan originated,1,195000.0,92.0,6.3,1.4,0.0,7100.0,1500.0,2600.0,1100.0,300.0,360.0,0.0,0.0,2.0,2.0,2.0,2.0,,212000.0,1.0,1.0,3.0,3.0,1.0,,68000.0,31.0,1.0,1.0,2.0,2.0,1.0,2.0,5.0,5.0,1.0,2.0,1.0,1,2,2,28,26,2,2,1.0,1.0
45300,NC,37183.0,37183010202.0,Conventional:First Lien,Single Family (1-4 Units):Site-Built,Hispanic or Latino,Black or African American,Male,File closed for incompleteness,1,315000.0,,,,3.0,,,,,,360.0,0.0,0.0,2.0,2.0,2.0,2.0,,365000.0,1.0,1.0,3.0,3.0,1.0,,95000.0,41.0,1.0,3.0,1.0,5.0,1.0,5.0,3.0,5.0,1.0,5.0,1.0,5,1,5,39,9999,2,3,1.0,1.0
41100,TN,47037.0,47037006800.0,Conventional:First Lien,Single Family (1-4 Units):Site-Built,Not Hispanic or Latino,White,Male,Loan originated,1,235000.0,86.0,7.0,2.3,0.0,6900.0,1700.0,2700.0,1200.0,350.0,360.0,0.0,0.0,2.0,2.0,2.0,2.0,,273300.0,1.0,1.0,3.0,3.0,1.0,,78000.0,36.0,1.0,1.0,2.0,2.0,1.0,2.0,5.0,6.0,1.0,2.0,1.0,1,1,2,40,38,2,2,1.0,1.0
36540,NV,32003.0,3203150105.0,Conventional:First Lien,Single Family (1-4 Units):Site-Built,Not Hispanic or Latino,White,Female,Loan originated,1,425000.0,85.0,6.7,1.9,0.0,9300.0,1900.0,3500.0,1550.0,600.0,360.0,0.0,0.0,2.0,2.0,2.0,2.0,,500000.0,1.0,1.0,3.0,3.0,1.0,,140000.0,33.0,1.0,1.0,2.0,2.0,1.0,2.0,5.0,5.0,1.0,2.0,1.0,1,2,2,45,43,2,2,1.0,1.0
10420,AL,1073.0,1073035604.0,FHA-insured:First Lien,Single Family (1-4 Units):Site-Built,Hispanic or Latino,White,Male,Loan originated,1,195000.0,96.5,7.2,2.4,0.0,7100.0,1800.0,2700.0,1250.0,300.0,360.0,0.0,0.0,2.0,2.0,2.0,2.0,,202100.0,1.0,1.0,3.0,3.0,1.0,,65000.0,43.0,1.0,1.0,1.0,1.0,1.0,1.0,5.0,5.0,1.0,1.0,1.0,1,1,1,32,30,2,2,1.0,1.0
17820,HI,15003.0,15003008307.0,Conventional:First Lien,Single Family (1-4 Units):Site-Built,Not Hispanic or Latino,Asian,Female,Loan originated,1,685000.0,70.0,6.5,1.5,0.0,13200.0,2300.0,4700.0,2200.0,950.0,360.0,0.0,0.0,2.0,2.0,2.0,2.0,,978600.0,1.0,1.0,3.0,3.0,1.0,,195000.0,30.0,1.0,1.0,2.0,2.0,1.0,2.0,2.0,2.0,1.0,2.0,1.0,1,2,2,35,33,2,2,1.0,1.0
30780,MO,29189.0,29189002203.0,Conventional:First Lien,Single Family (1-4 Units):Site-Built,Not Hispanic or Latino,Black or African American,Male,Application denied,1,185000.0,75.0,7.6,2.8,0.0,,2800.0,2800.0,0.0,0.0,360.0,0.0,0.0,2.0,2.0,2.0,2.0,,246700.0,1.0,1.0,3.0,3.0,1.0,,58000.0,52.0,1.0,3.0,2.0,5.0,1.0,5.0,3.0,5.0,1.0,5.0,1.0,5,1,5,50,9999,2,3,1.0,1.0
42660,SC,45019.0,45019020101.0,Conventional:First Lien,Single Family (1-4 Units):Site-Built,Hispanic or Latino,White,Female,Loan originated,1,295000.0,83.0,6.9,2.1,0.0,7900.0,1700.0,3000.0,1350.0,450.0,360.0,0.0,0.0,2.0,2.0,2.0,2.0,,355400.0,1.0,1.0,3.0,3.0,1.0,,98000.0,35.0,1.0,1.0,1.0,2.0,1.0,2.0,5.0,6.0,1.0,2.0,1.0,1,2,2,38,36,2,2,1.0,1.0
19780,IL,17113.0,17113030102.0,Conventional:Subordinate Lien,Single Family (1-4 Units):Site-Built,Not Hispanic or Latino,White,Male,Loan originated,4,65000.0,,7.9,3.3,0.0,2900.0,1100.0,1100.0,700.0,200.0,180.0,0.0,0.0,2.0,2.0,2.0,2.0,,310000.0,1.0,1.0,3.0,3.0,1.0,,105000.0,24.0,1.0,3.0,2.0,5.0,1.0,5.0,5.0,5.0,1.0,5.0,1.0,5,1,5,42,9999,2,3,1.0,1.0
38080,OH,39169.0,39169010200.0,VA-guaranteed:First Lien,Single Family (1-4 Units):Site-Built,Not Hispanic or Latino,White,Male,Loan originated,1,255000.0,95.0,6.2,1.3,0.0,7800.0,1600.0,2900.0,1250.0,400.0,360.0,0.0,0.0,2.0,2.0,2.0,2.0,,268400.0,1.0,1.0,3.0,3.0,1.0,,82000.0,29.0,1.0,1.0,2.0,2.0,1.0,2.0,5.0,5.0,1.0,2.0,1.0,1,1,2,33,31,2,2,1.0,1.0
12540,CO,8031.0,8031010501.0,Conventional:First Lien,Single Family (1-4 Units):Site-Built,Not Hispanic or Latino,Asian,Female,Loan originated,1,525000.0,80.0,6.6,1.8,0.0,10800.0,2100.0,4000.0,1800.0,750.0,360.0,0.0,0.0,2.0,2.0,2.0,2.0,,656250.0,1.0,1.0,3.0,3.0,1.0,,165000.0,31.0,1.0,1.0,2.0,2.0,1.0,2.0,2.0,2.0,1.0,2.0,1.0,1,2,2,29,27,2,2,1.0,1.0
35380,NV,32031.0,3201040102.0,Conventional:First Lien,Single Family (1-4 Units):Site-Built,Hispanic or Latino,Black or African American,Male,Loan originated,1,375000.0,88.0,7.1,2.4,0.0,8600.0,1800.0,3200.0,1400.0,500.0,360.0,0.0,0.0,2.0,2.0,2.0,2.0,,426100.0,1.0,1.0,3.0,3.0,1.0,,110000.0,39.0,1.0,1.0,1.0,1.0,1.0,1.0,3.0,3.0,1.0,1.0,1.0,1,1,1,41,39,2,2,1.0,1.0
22020,KS,20177.0,20177002801.0,USDA-guaranteed:First Lien,Single Family (1-4 Units):Site-Built,Not Hispanic or Latino,White,Female,Loan originated,1,175000.0,100.0,6.9,2.0,0.0,6500.0,1400.0,2300.0,1000.0,200.0,360.0,0.0,0.0,2.0,2.0,2.0,2.0,,175000.0,1.0,1.0,3.0,3.0,1.0,,55000.0,46.0,1.0,3.0,2.0,5.0,1.0,5.0,5.0,5.0,1.0,5.0,1.0,5,2,5,36,9999,2,3,1.0,1.0
15940,FL,12086.0,12086030105.0,Conventional:First Lien,Single Family (1-4 Units):Site-Built,Not Hispanic or Latino,White,Male,Application withdrawn,1,415000.0,,,,3.0,,,,,,360.0,0.0,0.0,2.0,2.0,2.0,2.0,,465000.0,1.0,1.0,3.0,3.0,1.0,,135000.0,40.0,1.0,3.0,2.0,5.0,1.0,5.0,5.0,5.0,1.0,5.0,1.0,5,1,5,47,9999,2,3,1.0,1.0
31140,MS,28033.0,28033001500.0,FHA-insured:First Lien,Single Family (1-4 Units):Site-Built,Hispanic or Latino,White,Female,Loan originated,1,165000.0,96.5,7.3,2.5,0.0,6400.0,1600.0,2500.0,1100.0,250.0,360.0,0.0,0.0,2.0,2.0,2.0,2.0,,171000.0,1.0,1.0,3.0,3.0,1.0,,52000.0,45.0,1.0,1.0,1.0,1.0,1.0,1.0,5.0,5.0,1.0,1.0,1.0,1,2,1,34,32,2,2,1.0,1.0
17140,IA,19153.0,19153010402.0,Conventional:First Lien,Single Family (1-4 Units):Site-Built,Not Hispanic or Latino,Black or African American,Male,Loan originated,1,205000.0,81.0,6.8,1.9,0.0,7000.0,1500.0,2700.0,1150.0,350.0,360.0,0.0,0.0,2.0,2.0,2.0,2.0,,253100.0,1.0,1.0,3.0,3.0,1.0,,72000.0,37.0,1.0,1.0,2.0,2.0,1.0,2.0,3.0,6.0,1.0,2.0,1.0,1,1,2,40,38,2,2,1.0,1.0
49700,UT,49035.0,49035010603.0,Conventional:First Lien,Single Family (1-4 Units):Site-Built,Not Hispanic or Latino,White,Female,Loan originated,1,485000.0,75.0,6.5,1.6,0.0,10100.0,2000.0,3700.0,1700.0,650.0,360.0,0.0,0.0,2.0,2.0,2.0,2.0,,646700.0,1.0,1.0,3.0,3.0,1.0,,155000.0,28.0,1.0,1.0,2.0,2.0,1.0,2.0,5.0,5.0,1.0,2.0,1.0,1,2,2,32,30,2,2,1.0,1.0
23540,KY,21117.0,21117004300.0,Conventional:First Lien,Single Family (1-4 Units):Site-Built,Hispanic or Latino,Asian,Male,Loan originated,1,225000.0,87.0,7.0,2.2,0.0,7400.0,1700.0,2800.0,1250.0,400.0,360.0,0.0,0.0,2.0,2.0,2.0,2.0,,258600.0,1.0,1.0,3.0,3.0,1.0,,75000.0,36.0,1.0,1.0,1.0,2.0,1.0,2.0,2.0,2.0,1.0,2.0,1.0,1,1,2,43,41,2,2,1.0,1.0
22180,LA,22033.0,22033001800.0,Conventional:Subordinate Lien,Single Family (1-4 Units):Site-Built,Not Hispanic or Latino,White,Male,Loan originated,2,85000.0,,7.8,3.2,0.0,3300.0,1300.0,1300.0,850.0,250.0,240.0,0.0,0.0,2.0,2.0,2.0,2.0,,340000.0,1.0,1.0,3.0,3.0,1.0,,115000.0,27.0,1.0,3.0,2.0,5.0,1.0,5.0,5.0,5.0,1.0,5.0,1.0,5,1,5,38,9999,2,3,1.0,1.0
24260,ME,23005.0,23005010902.0,VA-guaranteed:First Lien,Single Family (1-4 Units):Site-Built,Not Hispanic or Latino,White,Female,Loan originated,1,285000.0,90.0,6.4,1.6,0.0,8100.0,1700.0,3000.0,1300.0,450.0,360.0,0.0,0.0,2.0,2.0,2.0,2.0,,316700.0,1.0,1.0,3.0,3.0,1.0,,88000.0,33.0,1.0,1.0,2.0,2.0,1.0,2.0,5.0,5.0,1.0,2.0,1.0,1,2,2,36,34,2,2,1.0,1.0
36500,NV,32510.0,3251030201.0,Conventional:First Lien,Single Family (1-4 Units):Site-Built,Not Hispanic or Latino,Black or African American,Female,Application denied,1,395000.0,79.0,7.5,2.6,0.0,,3200.0,3200.0,0.0,0.0,360.0,0.0,0.0,2.0,2.0,2.0,2.0,,500000.0,1.0,1.0,3.0,3.0,1.0,,125000.0,48.0,1.0,3.0,2.0,5.0,1.0,5.0,3.0,5.0,1.0,5.0,1.0,5,2,5,45,9999,2,3,1.0,1.0
49340,TX,48453.0,48453030103.0,Conventional:First Lien,Single Family (1-4 Units):Site-Built,Hispanic or Latino,White,Male,Loan originated,1,355000.0,84.0,6.9,2.1,0.0,8200.0,1800.0,3100.0,1350.0,480.0,360.0,0.0,0.0,2.0,2.0,2.0,2.0,,422600.0,1.0,1.0,3.0,3.0,1.0,,115000.0,36.0,1.0,1.0,1.0,2.0,1.0,2.0,5.0,6.0,1.0,2.0,1.0,1,1,2,39,37,2,2,1.0,1.0
38940,OR,41067.0,41067000802.0,Conventional:First Lien,Single Family (1-4 Units):Site-Built,Not Hispanic or Latino,Asian,Female,Loan originated,1,465000.0,77.0,6.3,1.5,0.0,10600.0,2100.0,3900.0,1750.0,700.0,360.0,0.0,0.0,2.0,2.0,2.0,2.0,,604900.0,1.0,1.0,3.0,3.0,1.0,,175000.0,29.0,1.0,1.0,2.0,2.0,1.0,2.0,2.0,2.0,1.0,2.0,1.0,1,2,2,31,29,2,2,1.0,1.0
45340,NC,37129.0,37129010301.0,FHA-insured:First Lien,Single Family (1-4 Units):Site-Built,Hispanic or Latino,Black or African American,Female,Loan originated,1,245000.0,96.5,7.2,2.4,0.0,7300.0,1800.0,2900.0,1300.0,350.0,360.0,0.0,0.0,2.0,2.0,2.0,2.0,,254500.0,1.0,1.0,3.0,3.0,1.0,,78000.0,41.0,1.0,1.0,1.0,1.0,1.0,1.0,3.0,3.0,1.0,1.0,1.0,1,2,1,35,33,2,2,1.0,1.0
18140,ID,16001.0,16001002103.0,USDA-guaranteed:First Lien,Single Family (1-4 Units):Site-Built,Not Hispanic or Latino,White,Male,Loan originated,1,235000.0,100.0,6.8,1.8,0.0,7800.0,1600.0,2900.0,1250.0,400.0,360.0,0.0,0.0,2.0,2.0,2.0,2.0,,235000.0,1.0,1.0,3.0,3.0,1.0,,70000.0,42.0,1.0,3.0,2.0,5.0,1.0,5.0,5.0,5.0,1.0,5.0,1.0,5,1,5,40,9999,2,3,1.0,1.0
12020,CA,6077.0,6077080203.0,Conventional:First Lien,Single Family (1-4 Units):Site-Built,Hispanic or Latino,White,Female,Application withdrawn,1,675000.0,,,,3.0,,,,,,360.0,0.0,0.0,2.0,2.0,2.0,2.0,,775900.0,1.0,1.0,3.0,3.0,1.0,,185000.0,38.0,1.0,3.0,1.0,5.0,1.0,5.0,5.0,5.0,1.0,5.0,1.0,5,2,5,48,9999,2,3,1.0,1.0
35084,CA,6113.0,6113021405.0,Conventional:First Lien,Single Family (1-4 Units):Site-Built,Not Hispanic or Latino,Native Hawaiian or Other Pacific Islander,Male,Loan originated,1,595000.0,82.0,6.7,1.9,0.0,11800.0,2200.0,4400.0,1950.0,850.0,360.0,0.0,0.0,2.0,2.0,2.0,2.0,,725600.0,1.0,1.0,3.0,3.0,1.0,,195000.0,32.0,1.0,1.0,2.0,2.0,1.0,2.0,7.0,7.0,1.0,2.0,1.0,1,1,2,36,34,2,2,1.0,1.0
22140,KS,20177.0,20177001502.0,Conventional:First Lien,Single Family (1-4 Units):Site-Built,Not Hispanic or Latino,White,Female,Loan originated,1,185000.0,83.0,6.9,2.0,0.0,6500.0,1400.0,2400.0,1000.0,300.0,360.0,0.0,0.0,2.0,2.0,2.0,2.0,,222900.0,1.0,1.0,3.0,3.0,1.0,,62000.0,39.0,1.0,1.0,2.0,2.0,1.0,2.0,5.0,5.0,1.0,2.0,1.0,1,2,2,41,39,2,2,1.0,1.0
13820,CT,9003.0,9003040101.0,Conventional:Subordinate Lien,Single Family (1-4 Units):Site-Built,Hispanic or Latino,Asian,Male,Loan originated,2,115000.0,,7.6,3.0,0.0,4200.0,1600.0,1600.0,1000.0,300.0,180.0,0.0,0.0,2.0,2.0,2.0,2.0,,575000.0,1.0,1.0,3.0,3.0,1.0,,185000.0,25.0,1.0,3.0,1.0,5.0,1.0,5.0,2.0,5.0,1.0,5.0,1.0,5,1,5,34,9999,2,3,1.0,1.0
45060,RI,44003.0,44003030202.0,VA-guaranteed:First Lien,Single Family (1-4 Units):Site-Built,Not Hispanic or Latino,White,Female,Loan originated,1,385000.0,92.0,6.3,1.5,0.0,8900.0,1800.0,3300.0,1450.0,550.0,360.0,0.0,0.0,2.0,2.0,2.0,2.0,,418500.0,1.0,1.0,3.0,3.0,1.0,,115000.0,31.0,1.0,1.0,2.0,2.0,1.0,2.0,5.0,5.0,1.0,2.0,1.0,1,2,2,33,31,2,2,1.0,1.0
35620,NY,36103.0,36103030100.0,Conventional:First Lien,Single Family (1-4 Units):Site-Built,Not Hispanic or Latino,Black or African American,Male,Loan originated,1,485000.0,80.0,,,,,,,,,,,,,,,,,,,,,,,,,,,,,,,,,,,,,,,,,,,,,
35620,NY,36001.0,36001021501.0,Conventional:First Lien,Single Family (1-4 Units):Site-Built,Not Hispanic or Latino,White,Female,Loan originated,1,385000.0,80.0,6.75,2.3,0.0,8500.0,2500.0,1800.0,1200.0,500.0,360.0,0.0,0.0,2.0,2.0,2.0,2.0,2.0,481250.0,1.0,1.0,5.0,3.0,1.0,0.0,125000.0,38.0,1.0,1.0,2.0,2.0,1.0,1.0,5.0,5.0,1.0,1.0,2.0,2,1,1,45-54,42-45,No,No,1.0,1.0
31080,CA,6073.0,6073028300.0,FHA:First Lien,Single Family (1-4 Units):Site-Built,Hispanic or Latino,Asian,Male,Loan originated,1,455000.0,85.0,7.25,0.0,0.0,12000.0,3500.0,2500.0,1500.0,0.0,360.0,0.0,0.0,2.0,2.0,2.0,2.0,2.0,535294.0,1.0,1.0,5.0,3.0,1.0,0.0,98000.0,42.0,1.0,1.0,1.0,1.0,1.0,1.0,2.0,2.0,1.0,1.0,1.0,1,1,1,25-34,25-34,No,No,1.0,1.0
16980,TX,48113.0,48113020802.0,VA:First Lien,Single Family (1-4 Units):Site-Built,Not Hispanic or Latino,Black or African American,Male,Application denied,1,275000.0,90.0,8.0,3.1,0.0,0.0,0.0,0.0,0.0,0.0,0.0,0.0,0.0,2.0,2.0,2.0,2.0,2.0,305556.0,1.0,1.0,5.0,3.0,1.0,0.0,75000.0,48.0,1.0,3.0,2.0,5.0,1.0,5.0,3.0,5.0,1.0,5.0,1.0,5,1,5,35-44,9999,No,9999,1.0,1.0
19100,IL,17031.0,17031012200.0,Conventional:First Lien,Single Family (1-4 Units):Site-Built,Not Hispanic or Latino,White,Female,Loan originated,1,525000.0,75.0,6.5,1.8,0.0,9500.0,2800.0,2000.0,1300.0,600.0,360.0,0.0,0.0,2.0,2.0,2.0,2.0,2.0,700000.0,1.0,1.0,5.0,3.0,1.0,0.0,180000.0,32.0,1.0,1.0,2.0,2.0,1.0,1.0,5.0,5.0,1.0,1.0,2.0,2,1,1,35-44,35-44,No,No,1.0,1.0
26420,FL,12011.0,12011008905.0,Conventional:Subordinate Lien,Single Family (1-4 Units):Site-Built,Hispanic or Latino,White,Male,Loan originated,3,75000.0,20.0,8.5,4.2,0.0,3200.0,1200.0,800.0,600.0,200.0,180.0,0.0,0.0,2.0,2.0,2.0,2.0,2.0,375000.0,1.0,1.0,5.0,3.0,1.0,0.0,85000.0,28.0,1.0,3.0,1.0,2.0,1.0,5.0,5.0,5.0,1.0,5.0,1.0,5,1,5,55-64,9999,No,9999,1.0,1.0
41860,WA,53033.0,53033022902.0,Conventional:First Lien,Single Family (1-4 Units):Site-Built,Not Hispanic or Latino,Asian,Female,Loan originated,1,650000.0,70.0,6.375,1.5,0.0,11000.0,3000.0,2200.0,1400.0,700.0,360.0,0.0,0.0,2.0,2.0,2.0,2.0,2.0,928571.0,1.0,1.0,5.0,3.0,1.0,0.0,220000.0,29.0,1.0,1.0,2.0,2.0,1.0,1.0,2.0,2.0,1.0,1.0,2.0,2,1,1,25-34,25-34,No,No,1.0,1.0
38060,OH,39017.0,39017004500.0,FHA:First Lien,Single Family (1-4 Units):Site-Built,Not Hispanic or Latino,White,Male,Application withdrawn,1,185000.0,88.0,7.75,0.0,0.0,0.0,0.0,0.0,0.0,0.0,0.0,0.0,0.0,2.0,2.0,2.0,2.0,2.0,210227.0,1.0,1.0,5.0,3.0,1.0,0.0,58000.0,45.0,1.0,5.0,2.0,5.0,1.0,5.0,5.0,5.0,1.0,5.0,1.0,5,1,5,45-54,9999,No,9999,1.0,1.0
12060,AZ,4013.0,4013001402.0,Conventional:First Lien,Single Family (1-4 Units):Site-Built,Hispanic or Latino,American Indian or Alaska Native,Female,Loan originated,1,420000.0,78.0,7.0,2.0,0.0,8800.0,2600.0,1900.0,1200.0,550.0,360.0,0.0,0.0,2.0,2.0,2.0,2.0,2.0,538462.0,1.0,1.0,5.0,3.0,1.0,0.0,105000.0,35.0,1.0,1.0,1.0,1.0,1.0,1.0,1.0,1.0,1.0,1.0,2.0,2,1,1,35-44,30-35,No,No,1.0,1.0
14460,CO,8031.0,8031007302.0,Conventional:First Lien,Single Family (1-4 Units):Site-Built,Not Hispanic or Latino,Native Hawaiian or Other Pacific Islander,Male,Loan originated,1,580000.0,82.0,6.875,2.1,0.0,10200.0,2900.0,2100.0,1350.0,650.0,360.0,0.0,0.0,2.0,2.0,2.0,2.0,2.0,707317.0,1.0,1.0,5.0,3.0,1.0,0.0,165000.0,33.0,1.0,1.0,2.0,2.0,1.0,1.0,6.0,6.0,1.0,1.0,1.0,1,1,1,30-39,28-32,No,No,1.0,1.0
33100,NC,37183.0,37083010101.0,USDA:First Lien,Single Family (1-4 Units):Site-Built,Not Hispanic or Latino,White,Male,Loan originated,1,245000.0,95.0,6.25,0.0,0.0,7500.0,2200.0,1600.0,1000.0,400.0,360.0,0.0,0.0,2.0,2.0,2.0,2.0,2.0,257895.0,1.0,1.0,5.0,3.0,1.0,0.0,65000.0,40.0,1.0,5.0,2.0,5.0,1.0,5.0,5.0,5.0,1.0,5.0,1.0,5,1,5,25-34,9999,No,9999,1.0,1.0
47900,WI,55059.0,55059002100.0,Conventional:First Lien,Single Family (1-4 Units):Site-Built,Not Hispanic or Latino,White,Female,File closed for incompleteness,1,320000.0,72.0,6.625,1.9,0.0,0.0,0.0,0.0,0.0,0.0,0.0,0.0,0.0,2.0,2.0,2.0,2.0,2.0,444444.0,1.0,1.0,5.0,3.0,1.0,0.0,95000.0,30.0,1.0,5.0,2.0,5.0,1.0,5.0,5.0,5.0,1.0,5.0,2.0,5,1,5,55-64,9999,Yes,9999,1.0,1.0
19820,GA,13089.0,13089003200.0,Conventional:First Lien,Single Family (1-4 Units):Site-Built,Hispanic or Latino,Black or African American,Female,Loan originated,1,395000.0,83.0,7.125,2.4,0.0,9200.0,2700.0,1950.0,1250.0,600.0,360.0,0.0,0.0,2.0,2.0,2.0,2.0,2.0,476190.0,1.0,1.0,5.0,3.0,1.0,0.0,115000.0,37.0,1.0,1.0,1.0,1.0,1.0,1.0,3.0,3.0,1.0,1.0,2.0,2,1,1,35-44,35-44,No,No,1.0,1.0
42660,MI,26125.0,26125003200.0,Conventional:First Lien,Single Family (1-4 Units):Site-Built,Not Hispanic or Latino,White,Male,Application denied,1,275000.0,87.0,8.25,3.5,0.0,0.0,0.0,0.0,0.0,0.0,0.0,0.0,0.0,2.0,2.0,2.0,2.0,2.0,316092.0,1.0,1.0,5.0,3.0,1.0,0.0,70000.0,52.0,1.0,5.0,2.0,5.0,1.0,5.0,5.0,5.0,1.0,5.0,1.0,5,1,5,45-54,9999,No,9999,1.0,1.0
38900,OR,41005.0,41005001800.0,Conventional:Subordinate Lien,Single Family (1-4 Units):Site-Built,Not Hispanic or Latino,White,Female,Loan originated,3,95000.0,15.0,8.75,4.8,0.0,3800.0,1400.0,950.0,750.0,300.0,180.0,0.0,0.0,2.0,2.0,2.0,2.0,2.0,633333.0,1.0,1.0,5.0,3.0,1.0,0.0,88000.0,25.0,1.0,3.0,2.0,2.0,1.0,5.0,5.0,5.0,1.0,5.0,2.0,5,1,5,45-54,9999,No,9999,1.0,1.0
12060,AZ,4013.0,4013001402.0,Conventional:First Lien,Single Family (1-4 Units):Site-Built,Not Hispanic or Latino,Asian,Male,Loan originated,1,750000.0,65.0,6.125,1.2,0.0,13500.0,3800.0,2750.0,1750.0,850.0,360.0,0.0,0.0,2.0,2.0,2.0,2.0,2.0,1153846.0,1.0,1.0,5.0,3.0,1.0,0.0,280000.0,26.0,1.0,1.0,2.0,2.0,1.0,1.0,2.0,2.0,1.0,1.0,1.0,1,1,1,35-44,35-44,No,No,1.0,1.0
35620,NY,36001.0,36001021501.0,Conventional:First Lien,Single Family (1-4 Units):Site-Built,Hispanic or Latino,White,Female,Loan originated,1,625000.0,77.0,6.75,1.7,0.0,10800.0,3100.0,2250.0,1450.0,700.0,360.0,0.0,0.0,2.0,2.0,2.0,2.0,2.0,811688.0,1.0,1.0,5.0,3.0,1.0,0.0,195000.0,31.0,1.0,1.0,1.0,1.0,1.0,1.0,5.0,5.0,1.0,1.0,2.0,2,1,1,30-39,28-32,No,No,1.0,1.0
41860,WA,53033.0,53033022902.0,Conventional:First Lien,Single Family (1-4 Units):Site-Built,Not Hispanic or Latino,White,Male,Application withdrawn,1,485000.0,79.0,7.0,2.2,0.0,0.0,0.0,0.0,0.0,0.0,0.0,0.0,0.0,2.0,2.0,2.0,2.0,2.0,613924.0,1.0,1.0,5.0,3.0,1.0,0.0,150000.0,34.0,1.0,5.0,2.0,5.0,1.0,5.0,5.0,5.0,1.0,5.0,1.0,5,1,5,25-34,25-34,No,No,1.0,1.0
19100,IL,17031.0,17031012200.0,FHA:First Lien,Single Family (1-4 Units):Site-Built,Not Hispanic or Latino,Black or African American,Female,Loan originated,1,305000.0,92.0,7.5,0.0,0.0,9800.0,2800.0,2000.0,1300.0,0.0,360.0,0.0,0.0,2.0,2.0,2.0,2.0,2.0,331522.0,1.0,1.0,5.0,3.0,1.0,0.0,85000.0,43.0,1.0,1.0,2.0,2.0,1.0,1.0,3.0,3.0,1.0,1.0,2.0,2,1,1,25-34,9999,No,9999,1.0,1.0
26420,FL,12011.0,12011008905.0,Conventional:First Lien,Single Family (1-4 Units):Site-Built,Not Hispanic or Latino,White,Male,Loan originated,1,425000.0,81.0,7.375,2.5,0.0,9700.0,2800.0,2000.0,1250.0,650.0,360.0,0.0,0.0,2.0,2.0,2.0,2.0,2.0,524691.0,1.0,1.0,5.0,3.0,1.0,0.0,130000.0,36.0,1.0,1.0,2.0,2.0,1.0,1.0,5.0,5.0,1.0,1.0,1.0,1,1,1,45-54,40-45,No,No,1.0,1.0
33100,NC,37183.0,37083010101.0,Conventional:First Lien,Single Family (1-4 Units):Site-Built,Hispanic or Latino,White,Female,Loan originated,1,350000.0,84.0,7.125,2.3,0.0,8900.0,2600.0,1850.0,1150.0,550.0,360.0,0.0,0.0,2.0,2.0,2.0,2.0,2.0,416667.0,1.0,1.0,5.0,3.0,1.0,0.0,105000.0,39.0,1.0,1.0,1.0,1.0,1.0,1.0,5.0,5.0,1.0,1.0,2.0,2,1,1,35-44,30-35,No,No,1.0,1.0
19820,GA,13089.0,13089003200.0,Conventional:Subordinate Lien,Single Family (1-4 Units):Site-Built,Not Hispanic or Latino,Asian,Male,Loan originated,3,65000.0,12.0,9.0,5.1,0.0,2800.0,1000.0,700.0,550.0,200.0,120.0,0.0,0.0,2.0,2.0,2.0,2.0,2.0,541667.0,1.0,1.0,5.0,3.0,1.0,0.0,75000.0,22.0,1.0,3.0,2.0,2.0,1.0,5.0,2.0,5.0,1.0,5.0,1.0,5,1,5,55-64,9999,Yes,9999,1.0,1.0
42660,MI,26125.0,26125003200.0,Conventional:First Lien,Single Family (1-4 Units):Site-Built,Not Hispanic or Latino,White,Female,Loan originated,1,290000.0,76.0,6.875,1.8,0.0,7800.0,2300.0,1650.0,1050.0,500.0,360.0,0.0,0.0,2.0,2.0,2.0,2.0,2.0,381579.0,1.0,1.0,5.0,3.0,1.0,0.0,95000.0,33.0,1.0,1.0,2.0,2.0,1.0,1.0,5.0,5.0,1.0,1.0,2.0,2,1,1,45-54,40-45,No,No,1.0,1.0
38060,OH,39017.0,39017004500.0,VA:First Lien,Single Family (1-4 Units):Site-Built,Not Hispanic or Latino,White,Male,Loan originated,1,340000.0,88.0,6.5,0.0,0.0,8200.0,2400.0,1700.0,1100.0,450.0,360.0,0.0,0.0,2.0,2.0,2.0,2.0,2.0,386364.0,1.0,1.0,5.0,3.0,1.0,0.0,95000.0,42.0,1.0,5.0,2.0,5.0,1.0,5.0,5.0,5.0,1.0,5.0,1.0,5,1,5,35-44,9999,No,9999,1.0,1.0
12060,AZ,4013.0,4013001402.0,Conventional:First Lien,Single Family (1-4 Units):Site-Built,Hispanic or Latino,Black or African American,Female,Application denied,1,395000.0,89.0,8.5,3.8,0.0,0.0,0.0,0.0,0.0,0.0,0.0,0.0,0.0,2.0,2.0,2.0,2.0,2.0,443820.0,1.0,1.0,5.0,3.0,1.0,0.0,110000.0,48.0,1.0,5.0,1.0,5.0,1.0,5.0,3.0,5.0,1.0,5.0,2.0,5,1,5,25-34,25-34,No,No,1.0,1.0
14460,CO,8031.0,8031007302.0,Conventional:First Lien,Single Family (1-4 Units):Site-Built,Not Hispanic or Latino,White,Male,Loan originated,1,510000.0,73.0,6.75,1.6,0.0,9600.0,2800.0,2000.0,1250.0,600.0,360.0,0.0,0.0,2.0,2.0,2.0,2.0,2.0,698630.0,1.0,1.0,5.0,3.0,1.0,0.0,175000.0,28.0,1.0,1.0,2.0,2.0,1.0,1.0,5.0,5.0,1.0,1.0,1.0,1,1,1,35-44,35-44,No,No,1.0,1.0
31080,CA,6073.0,6073028300.0,Conventional:First Lien,Single Family (1-4 Units):Site-Built,Not Hispanic or Latino,Native Hawaiian or Other Pacific Islander,Female,Loan originated,1,890000.0,68.0,6.25,1.1,0.0,15200.0,4200.0,3000.0,1900.0,950.0,360.0,0.0,0.0,2.0,2.0,2.0,2.0,2.0,1308824.0,1.0,1.0,5.0,3.0,1.0,0.0,320000.0,24.0,1.0,1.0,2.0,2.0,1.0,1.0,6.0,6.0,1.0,1.0,2.0,2,1,1,35-44,30-35,No,No,1.0,1.0
16980,TX,48113.0,48113020802.0,Conventional:First Lien,Single Family (1-4 Units):Site-Built,Hispanic or Latino,White,Male,Loan originated,1,415000.0,85.0,7.5,2.7,0.0,9800.0,2800.0,2000.0,1250.0,600.0,360.0,0.0,0.0,2.0,2.0,2.0,2.0,2.0,488235.0,1.0,1.0,5.0,3.0,1.0,0.0,125000.0,38.0,1.0,1.0,1.0,1.0,1.0,1.0,5.0,5.0,1.0,1.0,1.0,1,1,1,30-39,28-32,No,No,1.0,1.0
47900,WI,55059.0,55059002100.0,Conventional:First Lien,Single Family (1-4 Units):Site-Built,Not Hispanic or Latino,American Indian or Alaska Native,Female,Application withdrawn,1,225000.0,82.0,7.375,2.0,0.0,0.0,0.0,0.0,0.0,0.0,0.0,0.0,0.0,2.0,2.0,2.0,2.0,2.0,274390.0,1.0,1.0,5.0,3.0,1.0,0.0,70000.0,40.0,1.0,5.0,2.0,5.0,1.0,5.0,1.0,5.0,1.0,5.0,2.0,5,1,5,45-54,9999,No,9999,1.0,1.0
35620,NY,36001.0,36001021501.0,Conventional:Subordinate Lien,Single Family (1-4 Units):Site-Built,Not Hispanic or Latino,Asian,Male,Loan originated,3,125000.0,18.0,8.25,4.5,0.0,4200.0,1600.0,1100.0,850.0,350.0,240.0,0.0,0.0,2.0,2.0,2.0,2.0,2.0,694444.0,1.0,1.0,5.0,3.0,1.0,0.0,155000.0,27.0,1.0,3.0,2.0,2.0,1.0,5.0,2.0,5.0,1.0,5.0,1.0,5,1,5,35-44,9999,No,9999,1.0,1.0
41860,WA,53033.0,53033022902.0,Conventional:First Lien,Single Family (1-4 Units):Site-Built,Not Hispanic or Latino,White,Female,Loan originated,1,725000.0,71.0,6.375,1.4,0.0,12800.0,3600.0,2600.0,1650.0,800.0,360.0,0.0,0.0,2.0,2.0,2.0,2.0,2.0,1021127.0,1.0,1.0,5.0,3.0,1.0,0.0,250000.0,26.0,1.0,1.0,2.0,2.0,1.0,1.0,5.0,5.0,1.0,1.0,2.0,2,1,1,45-54,40-45,No,No,1.0,1.0
19100,IL,17031.0,17031012200.0,Conventional:First Lien,Single Family (1-4 Units):Site-Built,Hispanic or Latino,White,Male,File closed for incompleteness,1,375000.0,80.0,7.125,2.1,0.0,0.0,0.0,0.0,0.0,0.0,0.0,0.0,0.0,2.0,2.0,2.0,2.0,2.0,468750.0,1.0,1.0,5.0,3.0,1.0,0.0,115000.0,35.0,1.0,5.0,1.0,5.0,1.0,5.0,5.0,5.0,1.0,5.0,1.0,5,1,5,25-34,9999,No,9999,1.0,1.0
26420,FL,12011.0,12011008905.0,FHA:First Lien,Single Family (1-4 Units):Site-Built,Not Hispanic or Latino,Black or African American,Female,Loan originated,1,315000.0,93.0,7.75,0.0,0.0,10200.0,2900.0,2100.0,1300.0,0.0,360.0,0.0,0.0,2.0,2.0,2.0,2.0,2.0,338710.0,1.0,1.0,5.0,3.0,1.0,0.0,92000.0,45.0,1.0,1.0,2.0,2.0,1.0,1.0,3.0,3.0,1.0,1.0,2.0,2,1,1,35-44,9999,No,9999,1.0,1.0
33100,NC,37183.0,37083010101.0,Conventional:First Lien,Single Family (1-4 Units):Site-Built,Not Hispanic or Latino,White,Male,Loan originated,1,465000.0,76.0,6.875,1.9,0.0,10300.0,3000.0,2150.0,1350.0,650.0,360.0,0.0,0.0,2.0,2.0,2.0,2.0,2.0,611842.0,1.0,1.0,5.0,3.0,1.0,0.0,155000.0,30.0,1.0,1.0,2.0,2.0,1.0,1.0,5.0,5.0,1.0,1.0,1.0,1,1,1,35-44,35-44,No,No,1.0,1.0
19820,GA,13089.0,13089003200.0,Conventional:First Lien,Single Family (1-4 Units):Site-Built,Hispanic or Latino,White,Female,Application denied,1,285000.0,91.0,8.75,4.0,0.0,0.0,0.0,0.0,0.0,0.0,0.0,0.0,0.0,2.0,2.0,2.0,2.0,2.0,313187.0,1.0,1.0,5.0,3.0,1.0,0.0,85000.0,50.0,1.0,5.0,1.0,5.0,1.0,5.0,5.0,5.0,1.0,5.0,2.0,5,1,5,25-34,25-34,No,No,1.0,1.0
42660,MI,26125.0,26125003200.0,VA:First Lien,Single Family (1-4 Units):Site-Built,Not Hispanic or Latino,White,Male,Loan originated,1,265000.0,90.0,6.375,0.0,0.0,7200.0,2100.0,1500.0,950.0,450.0,360.0,0.0,0.0,2.0,2.0,2.0,2.0,2.0,294444.0,1.0,1.0,5.0,3.0,1.0,0.0,80000.0,38.0,1.0,5.0,2.0,5.0,1.0,5.0,5.0,5.0,1.0,5.0,1.0,5,1,5,35-44,9999,No,9999,1.0,1.0
38060,OH,39017.0,39017004500.0,Conventional:First Lien,Single Family (1-4 Units):Site-Built,Not Hispanic or Latino,Asian,Female,Loan originated,1,295000.0,74.0,6.625,1.7,0.0,8100.0,2400.0,1700.0,1100.0,550.0,360.0,0.0,0.0,2.0,2.0,2.0,2.0,2.0,398649.0,1.0,1.0,5.0,3.0,1.0,0.0,105000.0,29.0,1.0,1.0,2.0,2.0,1.0,1.0,2.0,2.0,1.0,1.0,2.0,2,1,1,35-44,30-35,No,No,1.0,1.0
12060,AZ,4013.0,4013001402.0,Conventional:First Lien,Single Family (1-4 Units):Site-Built,Hispanic or Latino,Native Hawaiian or Other Pacific Islander,Male,Loan originated,1,485000.0,79.0,7.25,2.3,0.0,10500.0,3000.0,2150.0,1350.0,650.0,360.0,0.0,0.0,2.0,2.0,2.0,2.0,2.0,613924.0,1.0,1.0,5.0,3.0,1.0,0.0,145000.0,33.0,1.0,1.0,1.0,6.0,1.0,1.0,6.0,6.0,1.0,1.0,1.0,1,1,1,30-39,25-34,No,No,1.0,1.0
14460,CO,8031.0,8031007302.0,Conventional:Subordinate Lien,Single Family (1-4 Units):Site-Built,Not Hispanic or Latino,White,Female,Loan originated,3,85000.0,14.0,8.5,4.7,0.0,3200.0,1200.0,800.0,600.0,250.0,180.0,0.0,0.0,2.0,2.0,2.0,2.0,2.0,607143.0,1.0,1.0,5.0,3.0,1.0,0.0,95000.0,24.0,1.0,3.0,2.0,2.0,1.0,5.0,5.0,5.0,1.0,5.0,2.0,5,1,5,45-54,9999,No,9999,1.0,1.0
31080,CA,6073.0,6073028300.0,Conventional:First Lien,Single Family (1-4 Units):Site-Built,Not Hispanic or Latino,White,Male,Loan originated,1,1125000.0,63.0,5.875,0.8,0.0,18500.0,5200.0,3700.0,2350.0,1150.0,360.0,0.0,0.0,2.0,2.0,2.0,2.0,2.0,1785714.0,1.0,1.0,5.0,3.0,1.0,0.0,425000.0,21.0,1.0,1.0,2.0,2.0,1.0,1.0,5.0,5.0,1.0,1.0,1.0,1,1,1,45-54,40-45,No,No,1.0,1.0
16980,TX,48113.0,48113020802.0,Conventional:First Lien,Single Family (1-4 Units):Site-Built,Hispanic or Latino,American Indian or Alaska Native,Female,Application withdrawn,1,365000.0,88.0,8.0,3.2,0.0,0.0,0.0,0.0,0.0,0.0,0.0,0.0,0.0,2.0,2.0,2.0,2.0,2.0,414773.0,1.0,1.0,5.0,3.0,1.0,0.0,110000.0,42.0,1.0,5.0,1.0,5.0,1.0,5.0,1.0,5.0,1.0,5.0,2.0,5,1,5,35-44,9999,No,9999,1.0,1.0
47900,WI,55059.0,55059002100.0,FHA:First Lien,Single Family (1-4 Units):Site-Built,Not Hispanic or Latino,Black or African American,Male,Loan originated,1,195000.0,94.0,7.25,0.0,0.0,6800.0,1900.0,1400.0,850.0,400.0,360.0,0.0,0.0,2.0,2.0,2.0,2.0,2.0,207447.0,1.0,1.0,5.0,3.0,1.0,0.0,60000.0,46.0,1.0,1.0,2.0,3.0,1.0,1.0,3.0,3.0,1.0,1.0,1.0,1,1,1,25-34,9999,No,9999,1.0,1.0
35620,NY,36001.0,36001021501.0,Conventional:First Lien,Single Family (1-4 Units):Site-Built,Not Hispanic or Latino,Asian,Female,Loan originated,1,825000.0,69.0,6.5,1.3,0.0,14200.0,4000.0,2900.0,1800.0,900.0,360.0,0.0,0.0,2.0,2.0,2.0,2.0,2.0,1195652.0,1.0,1.0,5.0,3.0,1.0,0.0,295000.0,25.0,1.0,1.0,2.0,2.0,1.0,1.0,2.0,2.0,1.0,1.0,2.0,2,1,1,35-44,35-44,No,No,1.0,1.0
35620,NY,36059.0,36059020100.0,Conventional:First Lien,Single Family (1-4 Units):Site-Built,Not Hispanic or Latino,White,Female,Loan originated,2,385000.0,0.85,6.75,2.5,0.0,8500.0,2500.0,1800.0,1.5,500.0,360.0,0.0,0.0,2.0,2.0,2.0,2.0,,455000.0,1.0,1.0,3.0,3.0,1.0,,125000.0,0.38,1.0,1.0,2.0,5.0,2.0,4.0,5.0,8.0,2.0,4.0,2.0,5,2,4,45-54,35-44,No,No,1.0,1.0
31080,CA,6073.0,6073041302.0,FHA-insured:First Lien,Single Family (1-4 Units):Site-Built,Hispanic or Latino,Asian,Male,Loan originated,1,525000.0,0.92,7.125,,0.0,12000.0,3500.0,2800.0,2.0,750.0,360.0,0.0,0.0,2.0,2.0,2.0,2.0,,570000.0,1.0,1.0,3.0,3.0,1.0,,98000.0,0.43,1.0,1.0,1.0,5.0,1.0,4.0,2.0,8.0,1.0,4.0,1.0,5,1,4,25-34,9999,No,,1.0,1.0
16980,IL,17031.0,17031839800.0,VA-guaranteed:First Lien,Single Family (1-4 Units):Site-Built,Not Hispanic or Latino,Black or African American,Male,Application denied by financial institution,1,285000.0,0.78,8.0,3.25,0.0,6500.0,1800.0,1500.0,1.0,400.0,360.0,0.0,0.0,2.0,2.0,2.0,2.0,,365000.0,1.0,1.0,3.0,3.0,1.0,,75000.0,0.52,1.0,5.0,2.0,5.0,2.0,4.0,3.0,5.0,2.0,4.0,1.0,5,1,4,35-44,9999,No,,1.0,1.0
19100,TX,48113.0,48113030501.0,Conventional:First Lien,Single Family (1-4 Units):Site-Built,Not Hispanic or Latino,White,Female,Loan originated,3,412000.0,0.88,6.875,2.75,0.0,9200.0,2800.0,2200.0,1.75,650.0,360.0,0.0,0.0,2.0,2.0,2.0,2.0,,468000.0,1.0,1.0,3.0,3.0,1.0,,110000.0,0.35,1.0,1.0,2.0,5.0,2.0,4.0,5.0,8.0,2.0,4.0,2.0,5,2,4,55-64,45-54,Yes,No,1.0,1.0
26420,FL,12011.0,12011007403.0,Conventional:Subordinate Lien,Single Family (1-4 Units):Site-Built,Hispanic or Latino,White,Male,Loan originated,4,75000.0,,7.5,3.0,0.0,3200.0,1200.0,800.0,0.5,200.0,180.0,0.0,0.0,2.0,2.0,2.0,2.0,,425000.0,1.0,1.0,3.0,3.0,1.0,,95000.0,0.29,1.0,5.0,1.0,5.0,1.0,4.0,5.0,5.0,1.0,4.0,1.0,5,1,4,65-74,9999,Yes,,1.0,1.0
41860,WA,53033.0,53033021901.0,Conventional:First Lien,Single Family (1-4 Units):Site-Built,Not Hispanic or Latino,Asian,Male,Application withdrawn by applicant,1,635000.0,0.8,6.625,2.25,0.0,10500.0,3200.0,2600.0,2.0,800.0,360.0,0.0,0.0,2.0,2.0,2.0,2.0,,795000.0,1.0,1.0,3.0,3.0,1.0,,165000.0,0.31,1.0,1.0,2.0,5.0,2.0,4.0,2.0,8.0,2.0,4.0,1.0,5,1,4,35-44,25-34,No,No,1.0,1.0
38060,TX,48121.0,48121000001.0,FHA-insured:First Lien,Single Family (1-4 Units):Site-Built,Hispanic or Latino,American Indian or Alaska Native,Female,Loan originated,1,298000.0,0.95,7.375,,0.0,9800.0,2900.0,2400.0,1.5,600.0,360.0,0.0,0.0,2.0,2.0,2.0,2.0,,315000.0,1.0,1.0,3.0,3.0,1.0,,68000.0,0.47,1.0,5.0,1.0,5.0,1.0,4.0,1.0,5.0,1.0,4.0,2.0,5,2,4,25-34,9999,No,,1.0,1.0
12060,PA,42003.0,42003002200.0,Conventional:First Lien,Single Family (1-4 Units):Site-Built,Not Hispanic or Latino,Native Hawaiian or Other Pacific Islander,Male,Loan originated,2,225000.0,0.82,6.5,2.0,0.0,5800.0,1600.0,1300.0,1.0,350.0,360.0,0.0,0.0,2.0,2.0,2.0,2.0,,275000.0,1.0,1.0,3.0,3.0,1.0,,58000.0,0.33,1.0,1.0,2.0,5.0,2.0,4.0,7.0,8.0,2.0,4.0,1.0,5,1,4,45-54,35-44,No,No,1.0,1.0
14460,MA,25025.0,25025981100.0,Conventional:First Lien,Single Family (1-4 Units):Site-Built,Not Hispanic or Latino,White,Male,File closed for incompleteness,1,550000.0,0.75,6.125,1.75,0.0,11200.0,3400.0,2800.0,2.25,900.0,360.0,0.0,0.0,2.0,2.0,2.0,2.0,,735000.0,1.0,1.0,3.0,3.0,1.0,,145000.0,0.27,1.0,5.0,2.0,5.0,2.0,4.0,5.0,5.0,2.0,4.0,1.0,5,1,4,35-44,9999,No,,1.0,1.0
33100,CA,6075.0,6075042201.0,Conventional:First Lien,Single Family (1-4 Units):Site-Built,Not Hispanic or Latino,Asian,Female,Loan originated,1,780000.0,0.7,5.875,1.5,0.0,13500.0,4000.0,3200.0,2.5,1100.0,360.0,0.0,0.0,2.0,2.0,2.0,2.0,,1115000.0,1.0,1.0,3.0,3.0,1.0,,220000.0,0.24,1.0,1.0,2.0,5.0,2.0,4.0,2.0,8.0,2.0,4.0,2.0,5,2,4,45-54,45-54,No,No,1.0,1.0
19740,TX,48157.0,48157000002.0,VA-guaranteed:First Lien,Single Family (1-4 Units):Site-Built,Hispanic or Latino,White,Male,Loan originated,1,415000.0,0.89,6.75,2.4,0.0,8800.0,2600.0,2100.0,1.5,700.0,360.0,0.0,0.0,2.0,2.0,2.0,2.0,,465000.0,1.0,1.0,3.0,3.0,1.0,,105000.0,0.36,1.0,1.0,1.0,1.0,1.0,1.0,5.0,5.0,1.0,1.0,1.0,1,1,1,30-34,28-32,No,No,1.0,1.0
38900,MI,26163.0,26163008001.0,Conventional:First Lien,Single Family (1-4 Units):Site-Built,Not Hispanic or Latino,Black or African American,Female,Application denied by financial institution,2,195000.0,0.9,8.25,3.5,0.0,5200.0,1400.0,1200.0,0.75,300.0,360.0,0.0,0.0,2.0,2.0,2.0,2.0,,215000.0,1.0,1.0,3.0,3.0,1.0,,48000.0,0.58,1.0,5.0,2.0,5.0,2.0,4.0,3.0,5.0,2.0,4.0,2.0,5,2,4,55-64,9999,Yes,,1.0,1.0
42660,WI,55133.0,55133001900.0,Conventional:First Lien,Single Family (1-4 Units):Site-Built,Not Hispanic or Latino,White,Male,Loan originated,3,310000.0,0.83,6.625,2.3,0.0,7200.0,2100.0,1700.0,1.25,500.0,360.0,0.0,0.0,2.0,2.0,2.0,2.0,,375000.0,1.0,1.0,3.0,3.0,1.0,,85000.0,0.31,1.0,1.0,2.0,5.0,2.0,4.0,5.0,8.0,2.0,4.0,1.0,5,1,4,35-44,25-34,No,No,1.0,1.0
47900,CO,8031.0,803100102.0,Conventional:First Lien,Single Family (1-4 Units):Site-Built,Not Hispanic or Latino,White,Female,Loan originated,1,525000.0,0.77,6.375,2.1,0.0,9800.0,2900.0,2300.0,1.75,750.0,360.0,0.0,0.0,2.0,2.0,2.0,2.0,,685000.0,1.0,1.0,3.0,3.0,1.0,,135000.0,0.29,1.0,1.0,2.0,5.0,2.0,4.0,5.0,8.0,2.0,4.0,2.0,5,2,4,45-54,35-44,No,No,1.0,1.0
12020,OR,41051.0,41051002802.0,FHA-insured:First Lien,Single Family (1-4 Units):Site-Built,Hispanic or Latino,American Indian or Alaska Native,Female,Loan originated,1,420000.0,0.93,7.25,,0.0,11500.0,3300.0,2700.0,2.0,650.0,360.0,0.0,0.0,2.0,2.0,2.0,2.0,,450000.0,1.0,1.0,3.0,3.0,1.0,,88000.0,0.44,1.0,1.0,1.0,5.0,1.0,4.0,1.0,8.0,1.0,4.0,2.0,5,2,4,25-34,9999,No,,1.0,1.0
33100,CA,6075.0,6075042202.0,Conventional:First Lien,Single Family (1-4 Units):Site-Built,Not Hispanic or Latino,Asian,Male,Application approved but not accepted,1,695000.0,0.72,6.0,1.8,0.0,12800.0,3800.0,3000.0,2.25,1000.0,360.0,0.0,0.0,2.0,2.0,2.0,2.0,,965000.0,1.0,1.0,3.0,3.0,1.0,,185000.0,0.26,1.0,1.0,2.0,2.0,2.0,4.0,2.0,2.0,2.0,4.0,1.0,1,1,1,40-44,38-42,No,No,1.0,1.0
12060,PA,42003.0,42003002300.0,Conventional:Subordinate Lien,Single Family (1-4 Units):Site-Built,Not Hispanic or Latino,White,Male,Loan originated,4,95000.0,,7.75,3.2,0.0,2800.0,1000.0,700.0,0.25,150.0,180.0,0.0,0.0,2.0,2.0,2.0,2.0,,340000.0,1.0,1.0,3.0,3.0,1.0,,78000.0,0.28,1.0,5.0,2.0,5.0,2.0,4.0,5.0,5.0,2.0,4.0,1.0,5,1,4,65-74,9999,Yes,,1.0,1.0
35620,NY,36103.0,36103000100.0,Conventional:First Lien,Single Family (1-4 Units):Site-Built,Not Hispanic or Latino,Black or African American,Female,Loan originated,2,375000.0,0.84,6.75,2.5,0.0,8500.0,2500.0,2000.0,1.5,600.0,360.0,0.0,0.0,2.0,2.0,2.0,2.0,,445000.0,1.0,1.0,3.0,3.0,1.0,,105000.0,0.37,1.0,1.0,2.0,5.0,2.0,4.0,3.0,8.0,2.0,4.0,2.0,5,2,4,35-44,9999,No,,1.0,1.0
41860,WA,53033.0,53033021902.0,Conventional:First Lien,Single Family (1-4 Units):Site-Built,Not Hispanic or Latino,White,Male,Loan originated,1,595000.0,0.73,6.125,1.9,0.0,10800.0,3200.0,2600.0,2.0,850.0,360.0,0.0,0.0,2.0,2.0,2.0,2.0,,815000.0,1.0,1.0,3.0,3.0,1.0,,155000.0,0.25,1.0,1.0,2.0,5.0,2.0,4.0,5.0,8.0,2.0,4.0,1.0,5,1,4,45-54,45-54,No,No,1.0,1.0
14460,MA,25025.0,25025981200.0,Conventional:First Lien,Single Family (1-4 Units):Site-Built,Not Hispanic or Latino,Asian,Female,File closed for incompleteness,1,485000.0,0.79,6.5,2.2,0.0,9200.0,2700.0,2200.0,1.75,700.0,360.0,0.0,0.0,2.0,2.0,2.0,2.0,,615000.0,1.0,1.0,3.0,3.0,1.0,,125000.0,0.32,1.0,5.0,2.0,5.0,2.0,4.0,2.0,8.0,2.0,4.0,2.0,5,2,4,55-64,9999,Yes,,1.0,1.0
19740,TX,48157.0,48157000003.0,Conventional:First Lien,Single Family (1-4 Units):Site-Built,Hispanic or Latino,White,Male,Application denied by financial institution,1,350000.0,0.91,7.875,3.4,0.0,7800.0,2200.0,1800.0,1.25,550.0,360.0,0.0,0.0,2.0,2.0,2.0,2.0,,385000.0,1.0,1.0,3.0,3.0,1.0,,72000.0,0.49,1.0,5.0,1.0,5.0,1.0,4.0,5.0,5.0,1.0,4.0,1.0,5,1,4,25-34,9999,No,,1.0,1.0
26420,FL,12011.0,12011007404.0,Conventional:First Lien,Single Family (1-4 Units):Site-Built,Not Hispanic or Latino,Native Hawaiian or Other Pacific Islander,Female,Loan originated,2,285000.0,0.86,6.875,2.6,0.0,6600.0,1900.0,1500.0,1.0,400.0,360.0,0.0,0.0,2.0,2.0,2.0,2.0,,330000.0,1.0,1.0,3.0,3.0,1.0,,65000.0,0.38,1.0,1.0,2.0,5.0,2.0,4.0,7.0,8.0,2.0,4.0,2.0,5,2,4,45-54,35-44,No,No,1.0,1.0
38060,TX,48121.0,48121000002.0,VA-guaranteed:First Lien,Single Family (1-4 Units):Site-Built,Hispanic or Latino,Black or African American,Male,Loan originated,1,395000.0,0.88,6.625,2.3,0.0,8400.0,2400.0,1900.0,1.5,650.0,360.0,0.0,0.0,2.0,2.0,2.0,2.0,,450000.0,1.0,1.0,3.0,3.0,1.0,,98000.0,0.34,1.0,1.0,1.0,1.0,1.0,1.0,3.0,3.0,1.0,1.0,1.0,1,1,1,32-36,30-34,No,No,1.0,1.0
42660,WI,55133.0,55133002000.0,Conventional:First Lien,Single Family (1-4 Units):Site-Built,Not Hispanic or Latino,White,Female,Application approved but not accepted,1,275000.0,0.85,6.75,2.4,0.0,6200.0,1700.0,1400.0,1.0,350.0,360.0,0.0,0.0,2.0,2.0,2.0,2.0,,325000.0,1.0,1.0,3.0,3.0,1.0,,62000.0,0.41,1.0,1.0,2.0,2.0,2.0,4.0,5.0,2.0,2.0,4.0,2.0,2,2,4,50-54,9999,No,,1.0,1.0
47900,CO,8031.0,803100103.0,Conventional:First Lien,Single Family (1-4 Units):Site-Built,Not Hispanic or Latino,White,Male,Loan originated,3,465000.0,0.81,6.375,2.2,0.0,8800.0,2600.0,2100.0,1.5,650.0,360.0,0.0,0.0,2.0,2.0,2.0,2.0,,575000.0,1.0,1.0,3.0,3.0,1.0,,115000.0,0.3,1.0,1.0,2.0,5.0,2.0,4.0,5.0,8.0,2.0,4.0,1.0,5,1,4,35-44,25-34,No,No,1.0,1.0
12020,OR,41051.0,41051002803.0,Conventional:First Lien,Single Family (1-4 Units):Site-Built,Hispanic or Latino,American Indian or Alaska Native,Male,Loan originated,1,375000.0,0.9,7.0,2.7,0.0,8900.0,2600.0,2100.0,1.75,600.0,360.0,0.0,0.0,2.0,2.0,2.0,2.0,,415000.0,1.0,1.0,3.0,3.0,1.0,,85000.0,0.39,1.0,1.0,1.0,1.0,1.0,1.0,1.0,1.0,1.0,1.0,1.0,1,1,1,28-32,26-30,No,No,1.0,1.0
33100,CA,6075.0,6075042203.0,Conventional:First Lien,Single Family (1-4 Units):Site-Built,Not Hispanic or Latino,Asian,Female,Application denied by financial institution,2,750000.0,0.74,6.25,2.0,0.0,13200.0,3900.0,3100.0,2.5,1150.0,360.0,0.0,0.0,2.0,2.0,2.0,2.0,,1015000.0,1.0,1.0,3.0,3.0,1.0,,195000.0,0.28,1.0,5.0,2.0,5.0,2.0,4.0,2.0,8.0,2.0,4.0,2.0,5,2,4,40-44,9999,No,,1.0,1.0
12060,PA,42003.0,42003002400.0,Conventional:Subordinate Lien,Single Family (1-4 Units):Site-Built,Not Hispanic or Latino,White,Female,Loan originated,4,65000.0,,8.0,3.5,0.0,2200.0,800.0,550.0,0.25,100.0,180.0,0.0,0.0,2.0,2.0,2.0,2.0,,285000.0,1.0,1.0,3.0,3.0,1.0,,55000.0,0.32,1.0,5.0,2.0,5.0,2.0,4.0,5.0,8.0,2.0,4.0,2.0,5,2,4,65-74,55-64,Yes,No,1.0,1.0
35620,NY,36103.0,36103000200.0,Conventional:First Lien,Single Family (1-4 Units):Site-Built,Not Hispanic or Latino,Black or African American,Male,Loan originated,1,425000.0,0.82,6.5,2.3,0.0,9200.0,2700.0,2200.0,1.75,700.0,360.0,0.0,0.0,2.0,2.0,2.0,2.0,,520000.0,1.0,1.0,3.0,3.0,1.0,,115000.0,0.33,1.0,1.0,2.0,5.0,2.0,4.0,3.0,8.0,2.0,4.0,1.0,5,1,4,45-54,35-44,No,No,1.0,1.0
41860,WA,53033.0,53033021903.0,FHA-insured:First Lien,Single Family (1-4 Units):Site-Built,Not Hispanic or Latino,White,Female,Loan originated,1,555000.0,0.91,7.125,,0.0,11800.0,3400.0,2800.0,2.25,850.0,360.0,0.0,0.0,2.0,2.0,2.0,2.0,,610000.0,1.0,1.0,3.0,3.0,1.0,,125000.0,0.41,1.0,1.0,2.0,5.0,2.0,4.0,5.0,8.0,2.0,4.0,2.0,5,2,4,35-44,30-34,No,No,1.0,1.0
14460,MA,25025.0,25025981300.0,Conventional:First Lien,Single Family (1-4 Units):Site-Built,Not Hispanic or Latino,Asian,Male,Application withdrawn by applicant,1,520000.0,0.76,6.0,1.7,0.0,10400.0,3100.0,2500.0,2.0,900.0,360.0,0.0,0.0,2.0,2.0,2.0,2.0,,685000.0,1.0,1.0,3.0,3.0,1.0,,160000.0,0.26,1.0,1.0,2.0,2.0,2.0,4.0,2.0,2.0,2.0,4.0,1.0,1,1,1,38-42,36-40,No,No,1.0,1.0
19740,TX,48157.0,48157000004.0,Conventional:First Lien,Single Family (1-4 Units):Site-Built,Hispanic or Latino,White,Female,Loan originated,2,365000.0,0.87,6.75,2.5,0.0,8100.0,2300.0,1900.0,1.5,600.0,360.0,0.0,0.0,2.0,2.0,2.0,2.0,,420000.0,1.0,1.0,3.0,3.0,1.0,,95000.0,0.36,1.0,1.0,1.0,5.0,1.0,4.0,5.0,8.0,1.0,4.0,2.0,5,2,4,30-34,9999,No,,1.0,1.0
26420,FL,12011.0,12011007405.0,Conventional:First Lien,Single Family (1-4 Units):Site-Built,Not Hispanic or Latino,Native Hawaiian or Other Pacific Islander,Male,File closed for incompleteness,1,315000.0,0.89,7.0,2.8,0.0,7200.0,2000.0,1600.0,1.25,500.0,360.0,0.0,0.0,2.0,2.0,2.0,2.0,,355000.0,1.0,1.0,3.0,3.0,1.0,,72000.0,0.42,1.0,5.0,2.0,5.0,2.0,4.0,7.0,5.0,2.0,4.0,1.0,5,1,4,25-34,9999,No,,1.0,1.0
38060,TX,48121.0,48121000003.0,VA-guaranteed:First Lien,Single Family (1-4 Units):Site-Built,Hispanic or Latino,Black or African American,Female,Loan originated,1,440000.0,0.9,6.75,2.2,0.0,9200.0,2700.0,2200.0,1.75,700.0,360.0,0.0,0.0,2.0,2.0,2.0,2.0,,490000.0,1.0,1.0,3.0,3.0,1.0,,108000.0,0.37,1.0,1.0,1.0,1.0,1.0,1.0,3.0,1.0,1.0,1.0,2.0,1,2,1,35-39,33-37,No,No,1.0,1.0
42660,WI,55133.0,55133002100.0,Conventional:First Lien,Single Family (1-4 Units):Site-Built,Not Hispanic or Latino,White,Male,Application denied by financial institution,2,245000.0,0.88,7.5,3.1,0.0,5800.0,1600.0,1300.0,1.0,350.0,360.0,0.0,0.0,2.0,2.0,2.0,2.0,,280000.0,1.0,1.0,3.0,3.0,1.0,,55000.0,0.48,1.0,5.0,2.0,5.0,2.0,4.0,5.0,5.0,2.0,4.0,1.0,5,1,4,55-64,9999,Yes,,1.0,1.0
47900,CO,8031.0,803100104.0,Conventional:First Lien,Single Family (1-4 Units):Site-Built,Not Hispanic or Latino,White,Female,Loan originated,3,495000.0,0.78,6.375,2.0,0.0,9200.0,2700.0,2200.0,1.75,700.0,360.0,0.0,0.0,2.0,2.0,2.0,2.0,,635000.0,1.0,1.0,3.0,3.0,1.0,,130000.0,0.31,1.0,1.0,2.0,5.0,2.0,4.0,5.0,8.0,2.0,4.0,2.0,5,2,4,45-54,35-44,No,No,1.0,1.0
12020,OR,41051.0,41051002804.0,Conventional:First Lien,Single Family (1-4 Units):Site-Built,Hispanic or Latino,American Indian or Alaska Native,Female,Loan originated,1,395000.0,0.88,6.875,2.6,0.0,8800.0,2500.0,2000.0,1.5,650.0,360.0,0.0,0.0,2.0,2.0,2.0,2.0,,450000.0,1.0,1.0,3.0,3.0,1.0,,92000.0,0.38,1.0,1.0,1.0,1.0,1.0,1.0,1.0,1.0,1.0,1.0,2.0,1,2,1,32-36,9999,No,,1.0,1.0
33100,CA,6075.0,6075042204.0,Conventional:First Lien,Single Family (1-4 Units):Site-Built,Not Hispanic or Latino,Asian,Male,Loan originated,1,820000.0,0.69,5.75,1.6,0.0,14200.0,4200.0,3400.0,2.75,1200.0,360.0,0.0,0.0,2.0,2.0,2.0,2.0,,1190000.0,1.0,1.0,3.0,3.0,1.0,,235000.0,0.23,1.0,1.0,2.0,2.0,2.0,4.0,2.0,2.0,2.0,4.0,1.0,1,1,1,42-46,40-44,No,No,1.0,1.0
12060,PA,42003.0,42003002500.0,Conventional:Subordinate Lien,Single Family (1-4 Units):Site-Built,Not Hispanic or Latino,White,Female,Application approved but not accepted,4,55000.0,,7.5,3.0,0.0,2000.0,700.0,500.0,0.25,100.0,180.0,0.0,0.0,2.0,2.0,2.0,2.0,,250000.0,1.0,1.0,3.0,3.0,1.0,,48000.0,0.3,1.0,5.0,2.0,2.0,2.0,4.0,5.0,2.0,2.0,4.0,2.0,2,2,4,60-64,9999,Yes,,1.0,1.0
35620,NY,36103.0,36103000300.0,Conventional:First Lien,Single Family (1-4 Units):Site-Built,Not Hispanic or Latino,Black or African American,Female,Loan originated,2,455000.0,0.81,6.5,2.4,0.0,9800.0,2900.0,2300.0,1.75,750.0,360.0,0.0,0.0,2.0,2.0,2.0,2.0,,560000.0,1.0,1.0,3.0,3.0,1.0,,125000.0,0.34,1.0,1.0,2.0,5.0,2.0,4.0,3.0,8.0,2.0,4.0,2.0,5,2,4,40-44,35-39,No,No,1.0,1.0
41860,WA,53033.0,53033021904.0,Conventional:First Lien,Single Family (1-4 Units):Site-Built,Not Hispanic or Latino,White,Male,Application withdrawn by applicant,1,625000.0,0.74,6.125,1.9,0.0,11600.0,3400.0,2800.0,2.25,900.0,360.0,0.0,0.0,2.0,2.0,2.0,2.0,,845000.0,1.0,1.0,3.0,3.0,1.0,,175000.0,0.27,1.0,1.0,2.0,5.0,2.0,4.0,5.0,8.0,2.0,4.0,1.0,5,1,4,50-54,45-49,No,No,1.0,1.0
14460,MA,25025.0,25025981400.0,Conventional:First Lien,Single Family (1-4 Units):Site-Built,Not Hispanic or Latino,Asian,Female,Loan originated,1,505000.0,0.78,6.25,2.1,0.0,10200.0,3000.0,2400.0,2.0,800.0,360.0,0.0,0.0,2.0,2.0,2.0,2.0,,645000.0,1.0,1.0,3.0,3.0,1.0,,150000.0,0.3,1.0,1.0,2.0,5.0,2.0,4.0,2.0,8.0,2.0,4.0,2.0,5,2,4,35-44,30-34,No,No,1.0,1.0
19740,TX,48157.0,48157000005.0,Conventional:First Lien,Single Family (1-4 Units):Site-Built,Hispanic or Latino,White,Male,File closed for incompleteness,1,380000.0,0.86,6.875,2.7,0.0,8400.0,2400.0,2000.0,1.5,650.0,360.0,0.0,0.0,2.0,2.0,2.0,2.0,,440000.0,1.0,1.0,3.0,3.0,1.0,,88000.0,0.4,1.0,5.0,1.0,5.0,1.0,4.0,5.0,5.0,1.0,4.0,1.0,5,1,4,28-32,9999,No,,1.0,1.0
26420,FL,12011.0,12011007406.0,Conventional:First Lien,Single Family (1-4 Units):Site-Built,Not Hispanic or Latino,Native Hawaiian or Other Pacific Islander,Female,Loan originated,2,305000.0,0.87,6.75,2.5,0.0,7000.0,2000.0,1600.0,1.25,450.0,360.0,0.0,0.0,2.0,2.0,2.0,2.0,,350000.0,1.0,1.0,3.0,3.0,1.0,,70000.0,0.37,1.0,1.0,2.0,5.0,2.0,4.0,7.0,8.0,2.0,4.0,2.0,5,2,4,45-49,40-44,No,No,1.0,1.0
38060,TX,48121.0,48121000004.0,VA-guaranteed:First Lien,Single Family (1-4 Units):Site-Built,Hispanic or Latino,Black or African American,Male,Application denied by financial institution,1,425000.0,0.91,7.125,2.9,0.0,9000.0,2600.0,2100.0,1.75,700.0,360.0,0.0,0.0,2.0,2.0,2.0,2.0,,465000.0,1.0,1.0,3.0,3.0,1.0,,102000.0,0.41,1.0,5.0,1.0,5.0,1.0,4.0,3.0,5.0,1.0,4.0,1.0,5,1,4,30-34,9999,No,,1.0,1.0
42660,WI,55133.0,55133002200.0,Conventional:First Lien,Single Family (1-4 Units):Site-Built,Not Hispanic or Latino,White,Female,Loan originated,3,290000.0,0.84,6.625,2.3,0.0,6800.0,1900.0,1500.0,1.25,500.0,360.0,0.0,0.0,2.0,2.0,2.0,2.0,,345000.0,1.0,1.0,3.0,3.0,1.0,,75000.0,0.33,1.0,1.0,2.0,5.0,2.0,4.0,5.0,8.0,2.0,4.0,2.0,5,2,4,35-44,25-34,No,No,1.0,1.0
46060,IA,150.0,1500180100.0,Conventional:First Lien,Single Family (1-4 Units):Site-Built,Not Hispanic or Latino,Black/African American,Male,Application approved,42,325000.0,85.0,7.5,,1.0,4500.0,1200.0,3500.0,0.0,0.0,360.0,0.0,,1.0,2.0,2.0,2.0,,1.0,1.0,1.0,3.0,1.0,,120.0,25.0,1111.0,1111.0,2.0,2.0,2.0,2.0,5.0,5.0,2.0,2.0,1.0,1.0,2,2,35-44,35-44,No,No,1,1.0,
31110,CA,30.0,30900100.0,FHA:First Lien,Single Family (1-4 Units):Site-Built,Hispanic or Latino,White,Female,Application approved,42,485000.0,96.5,6.8,,1.0,8500.0,2500.0,7500.0,750.0,500.0,360.0,0.0,,1.0,2.0,2.0,2.0,,1.0,1.0,1.0,4.0,1.0,,150.0,45.0,1111.0,1111.0,1.0,1.0,2.0,2.0,5.0,5.0,2.0,2.0,1.0,1.0,2,2,25-34,25-34,No,No,1,1.0,
16900,TX,9140.0,9140712000.0,Conventional:Subordinate Lien,Single Family (1-4 Units):Site-Built,Not Hispanic or Latino,Asian,Male,Application approved,42,75000.0,15.0,8.2,,1.0,1200.0,400.0,1000.0,0.0,0.0,180.0,0.0,,1.0,2.0,2.0,2.0,,1.0,1.0,1.0,2.0,1.0,,85.0,15.0,1111.0,1111.0,2.0,5.0,2.0,4.0,5.0,5.0,2.0,4.0,1.0,1.0,2,4,45-54,9999,No,,1,1.0,
22000,NY,36070.0,3607010100.0,Conventional:First Lien,Single Family (1-4 Units):Site-Built,Not Hispanic or Latino,White,Female,Application denied,42,650000.0,80.0,7.9,,1.0,8500.0,3000.0,7500.0,1500.0,0.0,360.0,0.0,,1.0,2.0,2.0,2.0,,1.0,1.0,1.0,5.0,1.0,,200.0,65.0,1111.0,1111.0,2.0,5.0,2.0,4.0,5.0,5.0,2.0,4.0,1.0,1.0,2,4,55-64,9999,Yes,,1,1.0,
14400,IL,77000.0,770000100.0,VA:First Lien,Single Family (1-4 Units):Site-Built,Not Hispanic or Latino,American Indian or Alaska Native,Male,Application approved,42,425000.0,100.0,6.5,,1.0,0.0,0.0,0.0,0.0,0.0,360.0,0.0,,1.0,2.0,2.0,2.0,,1.0,1.0,1.0,3.0,1.0,,95.0,35.0,1111.0,1111.0,2.0,5.0,2.0,4.0,5.0,5.0,2.0,4.0,1.0,1.0,2,4,25-34,9999,No,,1,1.0,
38900,FL,9124.0,9124010800.0,Conventional:First Lien,Single Family (1-4 Units):Site-Built,Hispanic or Latino,Black,White,Male,File closed for incompleteness,42.0,180000.0,75.0,8.5,,1.0,3200.0,800.0,2800.0,0.0,0.0,360.0,0.0,,1.0,2.0,2.0,2.0,,1.0,1.0,1.0,2.0,1.0,,65.0,25.0,1111.0,1111.0,1.0,5.0,2.0,4.0,5.0,5.0,2.0,4.0,1.0,1,2,4,35-44,9999,No,,1.0,1.0
35600,CA,9675.0,9675013500.0,Conventional:Subordinate Lien,Single Family (1-4 Units):Site-Built,Not Hispanic or Latino,Native Hawaiian or Other Pacific,Male,Application approved,42,120000.0,25.0,9.5,,1.0,1800.0,500.0,1500.0,0.0,0.0,240.0,0.0,,1.0,2.0,2.0,2.0,,1.0,1.0,1.0,3.0,1.0,,45.0,10.0,1111.0,1111.0,2.0,5.0,2.0,4.0,5.0,5.0,2.0,4.0,1.0,1.0,2,4,45-54,9999,No,,1,1.0,
10420,TX,48250.0,4825010100.0,Conventional:First Lien,Single Family (1-4 Units):Site-Built,Not Hispanic or Latino,Asian,Female,Application approved,42,890000.0,70.0,6.0,,1.0,15000.0,5000.0,12000.0,2500.0,1000.0,360.0,0.0,,1.0,2.0,2.0,2.0,,1.0,1.0,1.0,5.0,1.0,,300.0,25.0,1111.0,1111.0,2.0,5.0,2.0,4.0,5.0,5.0,2.0,4.0,1.0,1.0,2,4,35-54,9999,No,,1,1.0,
48200,CA,51250.0,5125075040.0,FHA:Subordinate Lien,Single Family (1-4 Units):Site-Built,Hispanic or Latino,White,Female,Application approved,42,45000.0,10.0,7.2,,1.0,750.0,200.0,600.0,0.0,0.0,180.0,0.0,,1.0,2.0,2.0,2.0,,1.0,1.0,1.0,1.0,1.0,,30.0,5.0,1111.0,1111.0,1.0,2.0,2.0,2.0,5.0,5.0,2.0,2.0,1.0,1.0,2,2,25-34,25-34,No,No,1,1.0,
12000,AZ,13000.0,130000100.0,USDA:First Lien,Single Family (1-4 Units):Site-Built,Not Hispanic or Latino,White,Male,Application approved,42,275000.0,100.0,5.5,,1.0,0.0,0.0,0.0,0.0,0.0,360.0,0.0,,1.0,2.0,2.0,2.0,,1.0,1.0,1.0,2.0,1.0,,65.0,28.0,1111.0,1111.0,2.0,5.0,2.0,4.0,5.0,5.0,2.0,4.0,1.0,1.0,2,4,35-44,9999,No,,1,1.0,
19100,CA,6075.0,6075010800.0,Conventional:First Lien,Single Family (1-4 Units):Site-Built,Not Hispanic or Latino,Black or African American,White,Female,Application denied,42.0,985000.0,85.0,8.0,,1.0,20000.0,7500.0,17000.0,3000.0,0.0,360.0,0.0,,1.0,2.0,2.0,2.0,,1.0,1.0,1.0,5.0,1.0,,450.0,55.0,1111.0,1111.0,2.0,1.0,2.0,2.0,5.0,5.0,2.0,2.0,1.0,1,2,2,45-54,35-44,Yes,No,1.0,1.0
38000,TX,48201.0,482010102.0,Conventional:First Lien,Single Family (1-4 Units):Site-Built,Not Hispanic or Latino,White,Male,Application approved,42,315000.0,75.0,7.3,,1.0,5500.0,1500.0,4800.0,500.0,0.0,360.0,0.0,,1.0,2.0,2.0,2.0,,1.0,1.0,1.0,3.0,1.0,,110.0,30.0,1111.0,1111.0,2.0,5.0,2.0,4.0,5.0,5.0,2.0,4.0,1.0,1.0,2,4,35-44,9999,No,,1,1.0,
12060,CO,8059.0,805900100.0,Conventional:Subordinate Lien,Single Family (1-4 Units):Site-Built,Hispanic or Latino,American Indian or Alaska Native,Female,Application approved,42,95000.0,20.0,8.8,,1.0,1400.0,350.0,1200.0,0.0,0.0,240.0,0.0,,1.0,2.0,2.0,2.0,,1.0,1.0,1.0,2.0,1.0,,40.0,12.0,1111.0,1111.0,1.0,2.0,2.0,2.0,5.0,5.0,2.0,2.0,1.0,1.0,2,2,25-34,25-34,No,No,1,1.0,
33400,FL,9125.0,9125010800.0,Conventional:First Lien,Single Family (1-4 Units):Site-Built,Not Hispanic or Latino,Asian,Male,Application withdrawn,42,425000.0,80.0,7.1,,1.0,7200.0,2000.0,6500.0,1000.0,0.0,360.0,0.0,,1.0,2.0,2.0,2.0,,1.0,1.0,1.0,4.0,1.0,,140.0,22.0,1111.0,1111.0,2.0,5.0,2.0,4.0,5.0,5.0,2.0,4.0,1.0,1.0,2,4,35-44,9999,No,,1,1.0,
12000,TX,48113.0,48113010800.0,Conventional:First Lien,Single Family (1-4 Units):Site-Built,Not Hispanic or Latino,White,Female,Application approved,42,550000.0,70.0,6.4,,1.0,8800.0,2200.0,7800.0,1200.0,200.0,360.0,0.0,,1.0,2.0,2.0,2.0,,1.0,1.0,1.0,4.0,1.0,,180.0,28.0,1111.0,1111.0,2.0,5.0,2.0,4.0,5.0,5.0,2.0,4.0,1.0,1.0,2,4,45-54,9999,No,,1,1.0,
45000,WA,53033.0,53033010900.0,VA:Subordinate Lien,Single Family (1-4 Units):Site-Built,Not Hispanic or Latino,Native Hawaiian or Other Pacific,Female,Application approved,42,65000.0,15.0,6.8,,1.0,950.0,250.0,800.0,0.0,0.0,180.0,0.0,,1.0,2.0,2.0,2.0,,1.0,1.0,1.0,1.0,1.0,,25.0,8.0,1111.0,1111.0,2.0,5.0,2.0,4.0,5.0,5.0,2.0,4.0,1.0,1.0,2,4,25-34,9999,No,,1,1.0,
38000,CA,6075.0,6075010800.0,Conventional:First Lien,Single Family (1-4 Units):Site-Built,Hispanic or Latino,Black or African American,Male,Application denied,42,750000.0,90.0,8.7,,1.0,16500.0,6000.0,14000.0,2000.0,0.0,360.0,0.0,,1.0,2.0,2.0,2.0,,1.0,1.0,1.0,5.0,1.0,,250.0,60.0,1111.0,1111.0,1.0,2.0,2.0,2.0,5.0,5.0,2.0,2.0,1.0,1.0,2,2,35-44,35-44,No,No,1,1.0,
10420,TX,48113.0,48113010800.0,Conventional:Subordinate Lien,Single Family (1-4 Units):Site-Built,Not Hispanic or Latino,White,Male,Application approved,42,85000.0,18.0,9.2,,1.0,1300.0,300.0,1100.0,0.0,0.0,240.0,0.0,,1.0,2.0,2.0,2.0,,1.0,1.0,1.0,2.0,1.0,,35.0,15.0,1111.0,1111.0,2.0,5.0,2.0,4.0,5.0,5.0,2.0,4.0,1.0,1.0,2,4,45-54,9999,No,,1,1.0,
19100,CA,6075.0,6075010800.0,Conventional:First Lien,Single Family (1-4 Units):Site-Built,Not Hispanic or Latino,Asian,Female,Application approved,42,1200000.0,65.0,5.8,,1.0,22000.0,8000.0,18000.0,3500.0,1500.0,360.0,0.0,,1.0,2.0,2.0,2.0,,1.0,1.0,1.0,5.0,1.0,,550.0,20.0,1111.0,1111.0,2.0,5.0,2.0,4.0,5.0,5.0,2.0,4.0,1.0,1.0,2,4,35-44,9999,No,,1,1.0,
12060,CO,8059.0,805900100.0,FHA:First Lien,Single Family (1-4 Units):Site-Built,Not Hispanic or Latino,White,Male,Application approved,42,425000.0,96.5,6.9,,1.0,7500.0,2000.0,6500.0,800.0,300.0,360.0,0.0,,1.0,2.0,2.0,2.0,,1.0,1.0,1.0,3.0,1.0,,125.0,42.0,1111.0,1111.0,2.0,5.0,2.0,4.0,5.0,5.0,2.0,4.0,1.0,1.0,2,4,25-34,9999,No,,1,1.0,
33400,FL,9125.0,9125010800.0,Conventional:First Lien,Single Family (1-4 Units):Site-Built,Hispanic or Latino,Black or African American,Female,Application withdrawn,42,385000.0,85.0,7.8,,1.0,6800.0,1800.0,5900.0,800.0,0.0,360.0,0.0,,1.0,2.0,2.0,2.0,,1.0,1.0,1.0,3.0,1.0,,115.0,35.0,1111.0,1111.0,1.0,5.0,2.0,4.0,5.0,5.0,2.0,4.0,1.0,1.0,2,4,35-44,9999,No,,1,1.0,
45000,WA,53033.0,53033010900.0,Conventional:First Lien,Single Family (1-4 Units):Site-Built,Not Hispanic or Latino,White,Male,Application approved,42,685000.0,75.0,6.2,,1.0,11500.0,3500.0,9800.0,1500.0,500.0,360.0,0.0,,1.0,2.0,2.0,2.0,,1.0,1.0,1.0,4.0,1.0,,220.0,25.0,1111.0,1111.0,2.0,5.0,2.0,4.0,5.0,5.0,2.0,4.0,1.0,1.0,2,4,45-54,9999,No,,1,1.0,
22000,NY,36070.0,3607010100.0,Conventional:Subordinate Lien,Single Family (1-4 Units):Site-Built,Not Hispanic or Latino,Asian,Female,Application approved,42,150000.0,30.0,8.5,,1.0,2200.0,600.0,1900.0,0.0,0.0,240.0,0.0,,1.0,2.0,2.0,2.0,,1.0,1.0,1.0,3.0,1.0,,60.0,18.0,1111.0,1111.0,2.0,5.0,2.0,4.0,5.0,5.0,2.0,4.0,1.0,1.0,2,4,35-44,9999,No,,1,1.0,
48200,CA,51250.0,5125075040.0,Conventional:First Lien,Single Family (1-4 Units):Site-Built,Not Hispanic or Latino,Black or African American,Male,Application denied,42,525000.0,88.0,8.3,,1.0,9800.0,3200.0,8500.0,1200.0,0.0,360.0,0.0,,1.0,2.0,2.0,2.0,,1.0,1.0,1.0,4.0,1.0,,155.0,48.0,1111.0,1111.0,2.0,2.0,2.0,2.0,5.0,5.0,2.0,2.0,1.0,1.0,2,2,35-44,35-44,No,No,1,1.0,
16900,TX,9140.0,9140712000.0,Conventional:First Lien,Single Family (1-4 Units):Site-Built,Hispanic or Latino,White,Female,Application approved,42,395000.0,80.0,7.5,,1.0,6700.0,1800.0,5800.0,800.0,0.0,360.0,0.0,,1.0,2.0,2.0,2.0,,1.0,1.0,1.0,3.0,1.0,,118.0,32.0,1111.0,1111.0,1.0,2.0,2.0,2.0,5.0,5.0,2.0,2.0,1.0,1.0,2,2,25-34,25-34,No,No,1,1.0,
46060,IA,150.0,1500180100.0,USDA:First Lien,Single Family (1-4 Units):Site-Built,Not Hispanic or Latino,American Indian or Alaska Native,Female,Application approved,42,235000.0,100.0,5.2,,1.0,0.0,0.0,0.0,0.0,0.0,360.0,0.0,,1.0,2.0,2.0,2.0,,1.0,1.0,1.0,2.0,1.0,,58.0,24.0,1111.0,1111.0,2.0,5.0,2.0,4.0,5.0,5.0,2.0,4.0,1.0,1.0,2,4,35-44,9999,No,,1,1.0,
31110,CA,30.0,30900100.0,Conventional:Subordinate Lien,Single Family (1-4 Units):Site-Built,Not Hispanic or Latino,Native Hawaiian or Other Pacific,Male,Application approved,42,175000.0,35.0,9.0,,1.0,2600.0,700.0,2200.0,0.0,0.0,240.0,0.0,,1.0,2.0,2.0,2.0,,1.0,1.0,1.0,3.0,1.0,,70.0,20.0,1111.0,1111.0,2.0,5.0,2.0,4.0,5.0,5.0,2.0,4.0,1.0,1.0,2,4,45-54,9999,No,,1,1.0,
14400,IL,77000.0,770000100.0,Conventional:First Lien,Single Family (1-4 Units):Site-Built,Not Hispanic or Latino,Asian,Female,Application approved,42,775000.0,72.0,6.1,,1.0,13500.0,4000.0,11500.0,1800.0,800.0,360.0,0.0,,1.0,2.0,2.0,2.0,,1.0,1.0,1.0,4.0,1.0,,280.0,22.0,1111.0,1111.0,2.0,5.0,2.0,4.0,5.0,5.0,2.0,4.0,1.0,1.0,2,4,35-44,9999,No,,1,1.0,
38900,FL,9124.0,9124010800.0,FHA:Subordinate Lien,Single Family (1-4 Units):Site-Built,Hispanic or Latino,Black or African American,Male,Application approved,42,55000.0,12.0,7.5,,1.0,850.0,200.0,700.0,0.0,0.0,180.0,0.0,,1.0,2.0,2.0,2.0,,1.0,1.0,1.0,1.0,1.0,,20.0,6.0,1111.0,1111.0,1.0,2.0,2.0,2.0,5.0,5.0,2.0,2.0,1.0,1.0,2,2,25-34,25-34,No,No,1,1.0,
35600,CA,9675.0,9675013500.0,Conventional:First Lien,Single Family (1-4 Units):Site-Built,Not Hispanic or Latino,White,Male,Application withdrawn,42,925000.0,78.0,7.0,,1.0,16500.0,5000.0,14000.0,2200.0,800.0,360.0,0.0,,1.0,2.0,2.0,2.0,,1.0,1.0,1.0,5.0,1.0,,420.0,28.0,1111.0,1111.0,2.0,5.0,2.0,4.0,5.0,5.0,2.0,4.0,1.0,1.0,2,4,45-54,9999,No,,1,1.0,
10420,TX,48250.0,4825010100.0,Conventional:Subordinate Lien,Single Family (1-4 Units):Site-Built,Not Hispanic or Latino,Black or African American,Female,Application approved,42,220000.0,40.0,8.8,,1.0,3200.0,900.0,2700.0,0.0,0.0,240.0,0.0,,1.0,2.0,2.0,2.0,,1.0,1.0,1.0,4.0,1.0,,85.0,25.0,1111.0,1111.0,2.0,5.0,2.0,4.0,5.0,5.0,2.0,4.0,1.0,1.0,2,4,35-44,9999,No,,1,1.0,
19100,IL,77000.0,770000100.0,VA:First Lien,Single Family (1-4 Units):Site-Built,Not Hispanic or Latino,White,Female,Application approved,42,565000.0,100.0,6.0,,1.0,0.0,0.0,0.0,0.0,0.0,360.0,0.0,,1.0,2.0,2.0,2.0,,1.0,1.0,1.0,4.0,1.0,,135.0,30.0,1111.0,1111.0,2.0,5.0,2.0,4.0,5.0,5.0,2.0,4.0,1.0,1.0,2,4,25-34,9999,No,,1,1.0,
12060,CO,8059.0,805900100.0,Conventional:First Lien,Single Family (1-4 Units):Site-Built,Not Hispanic or Latino,Asian,Male,Application denied,42,485000.0,82.0,8.1,,1.0,8900.0,2600.0,7600.0,1100.0,0.0,360.0,0.0,,1.0,2.0,2.0,2.0,,1.0,1.0,1.0,4.0,1.0,,145.0,40.0,1111.0,1111.0,2.0,2.0,2.0,2.0,5.0,5.0,2.0,2.0,1.0,1.0,2,2,35-44,35-44,No,No,1,1.0,
33400,FL,9125.0,9125010800.0,Conventional:Subordinate Lien,Single Family (1-4 Units):Site-Built,Hispanic or Latino,White,Male,Application approved,42,125000.0,22.0,9.1,,1.0,1850.0,450.0,1550.0,0.0,0.0,240.0,0.0,,1.0,2.0,2.0,2.0,,1.0,1.0,1.0,2.0,1.0,,45.0,14.0,1111.0,1111.0,1.0,2.0,2.0,2.0,5.0,5.0,2.0,2.0,1.0,1.0,2,2,25-34,25-34,No,No,1,1.0,
45000,WA,53033.0,53033010900.0,Conventional:First Lien,Single Family (1-4 Units):Site-Built,Not Hispanic or Latino,Black or African American,Female,Application approved,42,735000.0,68.0,6.3,,1.0,12800.0,3800.0,10800.0,1600.0,600.0,360.0,0.0,,1.0,2.0,2.0,2.0,,1.0,1.0,1.0,4.0,1.0,,250.0,24.0,1111.0,1111.0,2.0,5.0,2.0,4.0,5.0,5.0,2.0,4.0,1.0,1.0,2,4,35-44,9999,No,,1,1.0,
22000,NY,36070.0,3607010100.0,FHA:First Lien,Single Family (1-4 Units):Site-Built,Not Hispanic or Latino,Native Hawaiian or Other Pacific,Female,Application approved,42,375000.0,96.5,7.0,,1.0,6800.0,1800.0,5800.0,700.0,200.0,360.0,0.0,,1.0,2.0,2.0,2.0,,1.0,1.0,1.0,3.0,1.0,,105.0,38.0,1111.0,1111.0,2.0,5.0,2.0,4.0,5.0,5.0,2.0,4.0,1.0,1.0,2,4,25-34,9999,No,,1,1.0,
48200,CA,51250.0,5125075040.0,Conventional:Subordinate Lien,Single Family (1-4 Units):Site-Built,Not Hispanic or Latino,White,Male,Application approved,42,195000.0,32.0,8.6,,1.0,2800.0,750.0,2300.0,0.0,0.0,240.0,0.0,,1.0,2.0,2.0,2.0,,1.0,1.0,1.0,3.0,1.0,,75.0,18.0,1111.0,1111.0,2.0,5.0,2.0,4.0,5.0,5.0,2.0,4.0,1.0,1.0,2,4,45-54,9999,No,,1,1.0,
16900,TX,9140.0,9140712000.0,Conventional:First Lien,Single Family (1-4 Units):Site-Built,Hispanic or Latino,Asian,Female,Application withdrawn,42,625000.0,83.0,7.7,,1.0,11200.0,3400.0,9600.0,1400.0,0.0,360.0,0.0,,1.0,2.0,2.0,2.0,,1.0,1.0,1.0,4.0,1.0,,185.0,42.0,1111.0,1111.0,1.0,5.0,2.0,4.0,5.0,5.0,2.0,4.0,1.0,1.0,2,4,35-44,9999,No,,1,1.0,
46060,IA,150.0,1500180100.0,Conventional:First Lien,Single Family (1-4 Units):Site-Built,Not Hispanic or Latino,Black or African American,Male,Application approved,42,415000.0,77.0,6.8,,1.0,7200.0,2000.0,6200.0,900.0,100.0,360.0,0.0,,1.0,2.0,2.0,2.0,,1.0,1.0,1.0,3.0,1.0,,125.0,29.0,1111.0,1111.0,2.0,5.0,2.0,4.0,5.0,5.0,2.0,4.0,1.0,1.0,2,4,35-44,9999,No,,1,1.0,
31110,CA,30.0,30900100.0,Conventional:Subordinate Lien,Single Family (1-4 Units):Site-Built,Not Hispanic or Latino,White,Female,Application approved,42,165000.0,28.0,8.9,,1.0,2400.0,650.0,2000.0,0.0,0.0,240.0,0.0,,1.0,2.0,2.0,2.0,,1.0,1.0,1.0,3.0,1.0,,55.0,16.0,1111.0,1111.0,2.0,5.0,2.0,4.0,5.0,5.0,2.0,4.0,1.0,1.0,2,4,45-54,9999,No,,1,1.0,
35620,NY,36059.0,36059020802.0,Conventional:First Lien,Single Family (1-4 Units):Site-Built,Not Hispanic or Latino,White,Female,Loan originated,1,385000.0,0.85,6.75,2.1,0.0,8500.0,2500.0,1800.0,1200.0,500.0,360.0,0.0,0.0,2.0,2.0,2.0,2.0,,450000.0,1.0,1.0,,,1.0,,98000.0,0.38,1.0,1.0,2.0,5.0,1.0,4.0,5.0,8.0,1.0,4.0,1.0,5,1,4,45-54,35-44,No,No,1.0,1.0
41860,TX,48113.0,48113030605.0,FHA:First Lien,Single Family (1-4 Units):Site-Built,Hispanic or Latino,Black or African American,Male,Loan originated,1,298000.0,0.92,7.25,1.8,0.0,9500.0,3200.0,2200.0,1500.0,300.0,360.0,0.0,0.0,2.0,2.0,2.0,2.0,,325000.0,1.0,1.0,,,1.0,,72000.0,0.43,1.0,1.0,1.0,1.0,1.0,1.0,3.0,2.0,1.0,2.0,1.0,5,1,4,25-34,25-34,No,No,1.0,1.0
38060,OH,39035.0,39035020203.0,Conventional:First Lien,Single Family (1-4 Units):Site-Built,Not Hispanic or Latino,Asian,Female,Application denied,1,195000.0,0.78,7.45,2.3,0.0,,,,,750.0,0.0,0.0,2.0,2.0,2.0,2.0,,250000.0,1.0,1.0,,,1.0,,85000.0,0.29,1.0,5.0,2.0,5.0,1.0,4.0,2.0,8.0,1.0,4.0,1.0,5.0,1,4,35-44,9999,No,,1,1.0,
12060,CA,6073.0,6073040201.0,VA:First Lien,Single Family (1-4 Units):Site-Built,Not Hispanic or Latino,White,Male,Loan originated,1,525000.0,0.89,6.25,1.5,0.0,7800.0,1800.0,1500.0,800.0,1200.0,360.0,0.0,0.0,2.0,2.0,2.0,2.0,,590000.0,1.0,1.0,,,1.0,,125000.0,0.34,1.0,1.0,2.0,5.0,1.0,4.0,5.0,8.0,1.0,4.0,1.0,5,1,4,55-64,45-54,Yes,No,1.0,1.0
14460,CO,8031.0,80310010405.0,Conventional:Subordinate Lien,Single Family (1-4 Units):Site-Built,Hispanic or Latino,White,Female,File closed for incompleteness,3,75000.0,,8.5,3.2,0.0,,,,,,180.0,,,2.0,2.0,2.0,2.0,,,1.0,1.0,,,1.0,,62000.0,,1.0,5.0,1.0,5.0,1.0,4.0,5.0,8.0,1.0,4.0,1.0,5,1,4,35-44,9999,No,,1.0,1.0
19100,FL,12011.0,12011021304.0,Conventional:First Lien,Single Family (1-4 Units):Site-Built,Not Hispanic or Latino,Black or African American,Female,Loan originated,1,420000.0,0.82,7.1,2.0,0.0,11200.0,3800.0,2600.0,1800.0,400.0,360.0,0.0,0.0,2.0,2.0,2.0,2.0,,510000.0,1.0,1.0,,,1.0,,105000.0,0.36,1.0,1.0,2.0,5.0,1.0,4.0,3.0,8.0,1.0,4.0,1.0,5,1,4,45-54,35-44,No,No,1.0,1.0
37980,NC,37119.0,37119040102.0,USDA:First Lien,Single Family (1-4 Units):Site-Built,Not Hispanic or Latino,White,Male,Loan originated,1,275000.0,0.95,6.5,1.2,0.0,6500.0,1200.0,1000.0,500.0,800.0,360.0,0.0,0.0,2.0,2.0,2.0,2.0,,290000.0,1.0,1.0,,,1.0,,68000.0,0.31,1.0,1.0,2.0,5.0,1.0,4.0,5.0,8.0,1.0,4.0,1.0,5,1,4,25-34,25-34,No,No,1.0,1.0
16980,WA,53033.0,53033032405.0,Conventional:First Lien,Single Family (1-4 Units):Site-Built,Not Hispanic or Latino,Asian,Female,Application withdrawn,1,650000.0,0.75,6.9,1.7,0.0,,,,,,360.0,0.0,0.0,2.0,2.0,2.0,2.0,,865000.0,1.0,1.0,,,1.0,,155000.0,0.27,1.0,5.0,2.0,5.0,1.0,4.0,2.0,8.0,1.0,4.0,1.0,5,1,4,35-44,35-44,No,No,1.0,1.0
26420,IL,17031.0,17031020100.0,Conventional:First Lien,Single Family (1-4 Units):Site-Built,Hispanic or Latino,White,Male,Loan originated,1,365000.0,0.88,7.35,2.4,0.0,9800.0,2900.0,2100.0,1400.0,600.0,360.0,0.0,0.0,2.0,2.0,2.0,2.0,,415000.0,1.0,1.0,,,1.0,,95000.0,0.4,1.0,1.0,1.0,1.0,1.0,1.0,5.0,8.0,1.0,4.0,1.0,5,1,4,45-54,35-44,No,No,1.0,1.0
38060,OH,39017.0,39017011502.0,FHA:First Lien,Single Family (1-4 Units):Site-Built,Not Hispanic or Latino,White,Female,Loan originated,1,185000.0,0.9,7.5,2.1,0.0,7200.0,2100.0,1600.0,1000.0,200.0,360.0,0.0,0.0,2.0,2.0,2.0,2.0,,205000.0,1.0,1.0,,,1.0,,58000.0,0.41,1.0,1.0,2.0,5.0,1.0,4.0,5.0,8.0,1.0,4.0,1.0,5,1,4,25-34,25-34,No,No,1.0,1.0
12060,CA,6071.0,6071040302.0,Conventional:First Lien,Single Family (1-4 Units):Site-Built,Not Hispanic or Latino,Native Hawaiian or Other Pacific Islander,Male,Loan originated,1,780000.0,0.7,5.95,1.3,0.0,13500.0,4200.0,3200.0,2200.0,1500.0,360.0,0.0,0.0,2.0,2.0,2.0,2.0,,1115000.0,1.0,1.0,,,1.0,,225000.0,0.22,1.0,1.0,2.0,5.0,1.0,4.0,4.0,8.0,1.0,4.0,1.0,5,1,4,55-64,45-54,Yes,No,1.0,1.0
38900,OR,41051.0,41051021300.0,Conventional:First Lien,Single Family (1-4 Units):Site-Built,Not Hispanic or Latino,White,Female,Application denied,1,445000.0,0.83,7.8,2.8,0.0,,,,,,360.0,0.0,0.0,2.0,2.0,2.0,2.0,,535000.0,1.0,1.0,,,1.0,,115000.0,0.45,1.0,5.0,2.0,5.0,1.0,4.0,5.0,8.0,1.0,4.0,1.0,5,1,4,45-54,9999,No,,1.0,1.0
29820,MI,26163.0,26163015503.0,Conventional:Subordinate Lien,Single Family (1-4 Units):Site-Built,Hispanic or Latino,Black or African American,Male,Loan originated,32,95000.0,,8.25,3.5,0.0,5500.0,1800.0,1300.0,900.0,,180.0,,,2.0,2.0,2.0,2.0,,,1.0,1.0,,,1.0,,48000.0,0.52,1.0,1.0,1.0,1.0,1.0,1.0,3.0,2.0,1.0,2.0,1.0,5,1,4,35-44,9999,No,,1.0,1.0
19740,GA,13089.0,13089020102.0,Conventional:First Lien,Single Family (1-4 Units):Site-Built,Not Hispanic or Latino,White,Male,Loan originated,1,350000.0,0.85,6.8,1.9,0.0,8900.0,2600.0,1900.0,1200.0,700.0,360.0,0.0,0.0,2.0,2.0,2.0,2.0,,410000.0,1.0,1.0,,,1.0,,92000.0,0.33,1.0,1.0,2.0,5.0,1.0,4.0,5.0,8.0,1.0,4.0,1.0,5,1,4,35-44,35-44,No,No,1.0,1.0
38300,PA,42003.0,42003030401.0,VA:First Lien,Single Family (1-4 Units):Site-Built,Not Hispanic or Latino,American Indian or Alaska Native,Female,Loan originated,1,285000.0,0.91,6.4,1.4,0.0,6800.0,1500.0,1200.0,600.0,900.0,360.0,0.0,0.0,2.0,2.0,2.0,2.0,,315000.0,1.0,1.0,,,1.0,,70000.0,0.29,1.0,1.0,2.0,5.0,1.0,4.0,1.0,8.0,1.0,4.0,1.0,5,1,4,25-34,25-34,No,No,1.0,1.0
12060,CA,6073.0,6073020101.0,Conventional:First Lien,Single Family (1-4 Units):Site-Built,Hispanic or Latino,Asian,Male,Application approved but not accepted,1,685000.0,0.72,6.15,1.6,0.0,14200.0,4500.0,3400.0,2300.0,1600.0,360.0,0.0,0.0,2.0,2.0,2.0,2.0,,950000.0,1.0,1.0,,,1.0,,185000.0,0.25,1.0,1.0,1.0,1.0,1.0,1.0,2.0,2.0,1.0,2.0,1.0,5,1,4,45-54,35-44,No,No,1.0,1.0
49180,WI,55059.0,55059010600.0,Conventional:First Lien,Single Family (1-4 Units):Site-Built,Not Hispanic or Latino,White,Female,Loan originated,1,275000.0,0.8,7.0,2.2,0.0,7600.0,2200.0,1600.0,1000.0,500.0,360.0,0.0,0.0,2.0,2.0,2.0,2.0,,345000.0,1.0,1.0,,,1.0,,78000.0,0.35,1.0,1.0,2.0,5.0,1.0,4.0,5.0,8.0,1.0,4.0,1.0,5,1,4,35-44,35-44,No,No,1.0,1.0
38060,OH,39035.0,39035010904.0,FHA:First Lien,Single Family (1-4 Units):Site-Built,Not Hispanic or Latino,Black or African American,Male,Loan originated,1,165000.0,0.93,7.6,2.5,0.0,6800.0,1900.0,1400.0,900.0,100.0,360.0,0.0,0.0,2.0,2.0,2.0,2.0,,178000.0,1.0,1.0,,,1.0,,52000.0,0.44,1.0,1.0,2.0,5.0,1.0,4.0,3.0,8.0,1.0,4.0,1.0,5,1,4,25-34,25-34,No,No,1.0,1.0
35620,NY,36103.0,36103001900.0,Conventional:First Lien,Single Family (1-4 Units):Site-Built,Not Hispanic or Latino,White,Female,Loan originated,1,495000.0,0.76,6.4,1.8,0.0,11800.0,3600.0,2700.0,1800.0,1100.0,360.0,0.0,0.0,2.0,2.0,2.0,2.0,,650000.0,1.0,1.0,,,1.0,,145000.0,0.28,1.0,1.0,2.0,5.0,1.0,4.0,5.0,8.0,1.0,4.0,1.0,5,1,4,45-54,35-44,No,No,1.0,1.0
41860,TX,48121.0,48121021403.0,Conventional:First Lien,Single Family (1-4 Units):Site-Built,Hispanic or Latino,White,Male,Application denied,1,425000.0,0.87,7.9,2.7,0.0,,,,,,360.0,0.0,0.0,2.0,2.0,2.0,2.0,,490000.0,1.0,1.0,,,1.0,,110000.0,0.48,1.0,5.0,1.0,1.0,1.0,1.0,5.0,8.0,1.0,4.0,1.0,5,1,4,35-44,9999,No,,1.0,1.0
38060,OH,39061.0,39061002800.0,Conventional:First Lien,Single Family (1-4 Units):Site-Built,Not Hispanic or Latino,White,Male,Loan originated,1,225000.0,0.82,6.95,2.0,0.0,8200.0,2400.0,1800.0,1100.0,400.0,360.0,0.0,0.0,2.0,2.0,2.0,2.0,,275000.0,1.0,1.0,,,1.0,,68000.0,0.32,1.0,1.0,2.0,5.0,1.0,4.0,5.0,8.0,1.0,4.0,1.0,5,1,4,35-44,25-34,No,No,1.0,1.0
12060,CA,6073.0,6073060501.0,Conventional:First Lien,Single Family (1-4 Units):Site-Built,Not Hispanic or Latino,Asian,Female,Loan originated,1,920000.0,0.68,5.75,1.1,0.0,15800.0,4800.0,3600.0,2500.0,1800.0,360.0,0.0,0.0,2.0,2.0,2.0,2.0,,1350000.0,1.0,1.0,,,1.0,,245000.0,0.2,1.0,1.0,2.0,5.0,1.0,4.0,2.0,8.0,1.0,4.0,1.0,5,1,4,45-54,45-54,No,No,1.0,1.0
14460,CO,8031.0,80310020702.0,Conventional:First Lien,Single Family (1-4 Units):Site-Built,Hispanic or Latino,Black or African American,Female,Loan originated,1,395000.0,0.79,6.9,1.95,0.0,10200.0,3100.0,2300.0,1500.0,800.0,360.0,0.0,0.0,2.0,2.0,2.0,2.0,,500000.0,1.0,1.0,,,1.0,,115000.0,0.31,1.0,1.0,1.0,1.0,1.0,1.0,3.0,2.0,1.0,2.0,1.0,5,1,4,35-44,35-44,No,No,1.0,1.0
29820,MI,26125.0,26125040101.0,Conventional:First Lien,Single Family (1-4 Units):Site-Built,Not Hispanic or Latino,White,Male,Application withdrawn,1,155000.0,0.88,7.55,2.3,0.0,,,,,,360.0,0.0,0.0,2.0,2.0,2.0,2.0,,176000.0,1.0,1.0,,,1.0,,55000.0,0.39,1.0,5.0,2.0,5.0,1.0,4.0,5.0,8.0,1.0,4.0,1.0,5,1,4,25-34,9999,No,,1.0,1.0
26420,IL,17043.0,17043010905.0,Conventional:Subordinate Lien,Single Family (1-4 Units):Site-Built,Not Hispanic or Latino,White,Female,Loan originated,32,125000.0,,8.75,3.8,0.0,6200.0,2000.0,1450.0,1000.0,,180.0,,,2.0,2.0,2.0,2.0,,,1.0,1.0,,,1.0,,65000.0,0.55,1.0,1.0,2.0,5.0,1.0,4.0,5.0,8.0,1.0,4.0,1.0,5,1,4,45-54,9999,No,,1.0,1.0
19740,GA,13057.0,13057020803.0,Conventional:First Lien,Single Family (1-4 Units):Site-Built,Not Hispanic or Latino,White,Male,Loan originated,1,385000.0,0.84,6.7,1.85,0.0,9600.0,2800.0,2100.0,1300.0,700.0,360.0,0.0,0.0,2.0,2.0,2.0,2.0,,460000.0,1.0,1.0,,,1.0,,102000.0,0.3,1.0,1.0,2.0,5.0,1.0,4.0,5.0,8.0,1.0,4.0,1.0,5,1,4,35-44,35-44,No,No,1.0,1.0
38300,PA,42091.0,42091030102.0,VA:First Lien,Single Family (1-4 Units):Site-Built,Not Hispanic or Latino,Black or African American,Female,Loan originated,1,315000.0,0.9,6.3,1.3,0.0,7200.0,1600.0,1300.0,700.0,1000.0,360.0,0.0,0.0,2.0,2.0,2.0,2.0,,350000.0,1.0,1.0,,,1.0,,75000.0,0.26,1.0,1.0,2.0,5.0,1.0,4.0,3.0,8.0,1.0,4.0,1.0,5,1,4,25-34,25-34,No,No,1.0,1.0
41860,TX,48453.0,48453010502.0,Conventional:First Lien,Single Family (1-4 Units):Site-Built,Hispanic or Latino,White,Male,Loan originated,1,475000.0,0.81,7.05,2.1,0.0,11900.0,3500.0,2600.0,1700.0,900.0,360.0,0.0,0.0,2.0,2.0,2.0,2.0,,585000.0,1.0,1.0,,,1.0,,130000.0,0.34,1.0,1.0,1.0,1.0,1.0,1.0,5.0,8.0,1.0,4.0,1.0,5,1,4,45-54,35-44,No,No,1.0,1.0
12060,CA,6065.0,6065030402.0,Conventional:First Lien,Single Family (1-4 Units):Site-Built,Not Hispanic or Latino,Native Hawaiian or Other Pacific Islander,Female,Application approved but not accepted,1,825000.0,0.73,6.0,1.4,0.0,14800.0,4400.0,3300.0,2200.0,1400.0,360.0,0.0,0.0,2.0,2.0,2.0,2.0,,1130000.0,1.0,1.0,,,1.0,,195000.0,0.23,1.0,1.0,2.0,5.0,1.0,4.0,4.0,8.0,1.0,4.0,1.0,5,1,4,45-54,35-44,No,No,1.0,1.0
38900,OR,41067.0,41067010801.0,Conventional:First Lien,Single Family (1-4 Units):Site-Built,Not Hispanic or Latino,Asian,Male,Loan originated,1,520000.0,0.77,6.5,1.7,0.0,11200.0,3300.0,2500.0,1600.0,1000.0,360.0,0.0,0.0,2.0,2.0,2.0,2.0,,675000.0,1.0,1.0,,,1.0,,150000.0,0.27,1.0,1.0,2.0,5.0,1.0,4.0,2.0,8.0,1.0,4.0,1.0,5,1,4,35-44,35-44,No,No,1.0,1.0
49180,WI,55025.0,55025020400.0,USDA:First Lien,Single Family (1-4 Units):Site-Built,Not Hispanic or Latino,White,Female,Loan originated,1,235000.0,0.96,6.35,1.25,0.0,5800.0,1000.0,800.0,400.0,600.0,360.0,0.0,0.0,2.0,2.0,2.0,2.0,,245000.0,1.0,1.0,,,1.0,,58000.0,0.3,1.0,1.0,2.0,5.0,1.0,4.0,5.0,8.0,1.0,4.0,1.0,5,1,4,25-34,25-34,No,No,1.0,1.0
38060,OH,39093.0,39093011203.0,Conventional:First Lien,Single Family (1-4 Units):Site-Built,Not Hispanic or Latino,White,Male,Loan originated,1,295000.0,0.86,7.15,2.15,0.0,8800.0,2600.0,1900.0,1200.0,600.0,360.0,0.0,0.0,2.0,2.0,2.0,2.0,,345000.0,1.0,1.0,,,1.0,,82000.0,0.37,1.0,1.0,2.0,5.0,1.0,4.0,5.0,8.0,1.0,4.0,1.0,5,1,4,35-44,35-44,No,No,1.0,1.0
35620,NY,36005.0,36005040102.0,Conventional:First Lien,Single Family (1-4 Units):Site-Built,Hispanic or Latino,Black or African American,Female,Application denied,1,565000.0,0.79,7.65,2.6,0.0,,,,,,360.0,0.0,0.0,2.0,2.0,2.0,2.0,,715000.0,1.0,1.0,,,1.0,,165000.0,0.42,1.0,5.0,1.0,1.0,1.0,1.0,3.0,2.0,1.0,2.0,1.0,5,1,4,45-54,9999,No,,1.0,1.0
41860,TX,48085.0,48085020701.0,Conventional:First Lien,Single Family (1-4 Units):Site-Built,Hispanic or Latino,White,Male,Loan originated,1,525000.0,0.83,6.85,1.8,0.0,12800.0,3900.0,2900.0,1900.0,1000.0,360.0,0.0,0.0,2.0,2.0,2.0,2.0,,635000.0,1.0,1.0,,,1.0,,140000.0,0.32,1.0,1.0,1.0,1.0,1.0,1.0,5.0,8.0,1.0,4.0,1.0,5,1,4,35-44,35-44,No,No,1.0,1.0
38060,OH,39169.0,39169010300.0,FHA:First Lien,Single Family (1-4 Units):Site-Built,Not Hispanic or Latino,White,Female,Loan originated,1,195000.0,0.89,7.4,2.2,0.0,7500.0,2000.0,1500.0,900.0,200.0,360.0,0.0,0.0,2.0,2.0,2.0,2.0,,220000.0,1.0,1.0,,,1.0,,62000.0,0.4,1.0,1.0,2.0,5.0,1.0,4.0,5.0,8.0,1.0,4.0,1.0,5,1,4,25-34,25-34,No,No,1.0,1.0
12060,CA,6077.0,6077040201.0,Conventional:First Lien,Single Family (1-4 Units):Site-Built,Not Hispanic or Latino,Asian,Male,Loan originated,1,1050000.0,0.65,5.6,0.9,0.0,17200.0,5200.0,3900.0,2700.0,2000.0,360.0,0.0,0.0,2.0,2.0,2.0,2.0,,1615000.0,1.0,1.0,,,1.0,,285000.0,0.18,1.0,1.0,2.0,5.0,1.0,4.0,2.0,8.0,1.0,4.0,1.0,5,1,4,55-64,45-54,Yes,No,1.0,1.0
14460,CO,8059.0,80590020101.0,Conventional:First Lien,Single Family (1-4 Units):Site-Built,Not Hispanic or Latino,White,Female,Loan originated,1,465000.0,0.78,6.6,1.6,0.0,10600.0,3200.0,2400.0,1500.0,800.0,360.0,0.0,0.0,2.0,2.0,2.0,2.0,,595000.0,1.0,1.0,,,1.0,,125000.0,0.29,1.0,1.0,2.0,5.0,1.0,4.0,5.0,8.0,1.0,4.0,1.0,5,1,4,45-54,35-44,No,No,1.0,1.0
29820,MI,26161.0,26161030402.0,Conventional:Subordinate Lien,Single Family (1-4 Units):Site-Built,Not Hispanic or Latino,Black or African American,Male,Loan originated,32,85000.0,,8.9,3.9,0.0,4800.0,1500.0,1100.0,750.0,,180.0,,,2.0,2.0,2.0,2.0,,,1.0,1.0,,,1.0,,52000.0,0.58,1.0,1.0,2.0,5.0,1.0,4.0,3.0,8.0,1.0,4.0,1.0,5,1,4,35-44,9999,No,,1.0,1.0
19740,GA,13035.0,13035010803.0,Conventional:First Lien,Single Family (1-4 Units):Site-Built,Not Hispanic or Latino,White,Male,Loan originated,1,415000.0,0.85,6.9,1.9,0.0,10200.0,3000.0,2200.0,1400.0,700.0,360.0,0.0,0.0,2.0,2.0,2.0,2.0,,490000.0,1.0,1.0,,,1.0,,110000.0,0.31,1.0,1.0,2.0,5.0,1.0,4.0,5.0,8.0,1.0,4.0,1.0,5,1,4,35-44,35-44,No,No,1.0,1.0
38300,PA,42003.0,42003020904.0,Conventional:First Lien,Single Family (1-4 Units):Site-Built,Hispanic or Latino,White,Female,Application withdrawn,1,285000.0,0.81,7.35,2.4,0.0,,,,,,360.0,0.0,0.0,2.0,2.0,2.0,2.0,,350000.0,1.0,1.0,,,1.0,,85000.0,0.38,1.0,5.0,1.0,1.0,1.0,1.0,5.0,8.0,1.0,4.0,1.0,5,1,4,35-44,9999,No,,1.0,1.0
41860,TX,48201.0,48201031502.0,Conventional:First Lien,Single Family (1-4 Units):Site-Built,Hispanic or Latino,Asian,Male,Loan originated,1,625000.0,0.8,6.75,1.75,0.0,13800.0,4100.0,3100.0,2000.0,1100.0,360.0,0.0,0.0,2.0,2.0,2.0,2.0,,780000.0,1.0,1.0,,,1.0,,165000.0,0.26,1.0,1.0,1.0,1.0,1.0,1.0,2.0,2.0,1.0,2.0,1.0,5,1,4,45-54,35-44,No,No,1.0,1.0
12060,CA,6067.0,6067030502.0,Conventional:First Lien,Single Family (1-4 Units):Site-Built,Not Hispanic or Latino,White,Female,Loan originated,1,725000.0,0.74,6.1,1.5,0.0,15200.0,4600.0,3400.0,2300.0,1400.0,360.0,0.0,0.0,2.0,2.0,2.0,2.0,,980000.0,1.0,1.0,,,1.0,,195000.0,0.24,1.0,1.0,2.0,5.0,1.0,4.0,5.0,8.0,1.0,4.0,1.0,5,1,4,45-54,45-54,No,No,1.0,1.0
38900,OR,41005.0,41005020801.0,Conventional:First Lien,Single Family (1-4 Units):Site-Built,Not Hispanic or Latino,White,Male,Application denied,1,485000.0,0.84,7.7,2.5,0.0,,,,,,360.0,0.0,0.0,2.0,2.0,2.0,2.0,,575000.0,1.0,1.0,,,1.0,,125000.0,0.43,1.0,5.0,2.0,5.0,1.0,4.0,5.0,8.0,1.0,4.0,1.0,5,1,4,35-44,9999,No,,1.0,1.0
49180,WI,55133.0,55133010300.0,USDA:First Lien,Single Family (1-4 Units):Site-Built,Not Hispanic or Latino,White,Female,Loan originated,1,205000.0,0.97,6.45,1.3,0.0,5400.0,900.0,700.0,300.0,500.0,360.0,0.0,0.0,2.0,2.0,2.0,2.0,,210000.0,1.0,1.0,,,1.0,,52000.0,0.32,1.0,1.0,2.0,5.0,1.0,4.0,5.0,8.0,1.0,4.0,1.0,5,1,4,25-34,25-34,No,No,1.0,1.0
38060,OH,39049.0,39049021102.0,Conventional:First Lien,Single Family (1-4 Units):Site-Built,Not Hispanic or Latino,White,Male,Loan originated,1,315000.0,0.87,7.05,2.1,0.0,9200.0,2700.0,2000.0,1300.0,600.0,360.0,0.0,0.0,2.0,2.0,2.0,2.0,,360000.0,1.0,1.0,,,1.0,,88000.0,0.35,1.0,1.0,2.0,5.0,1.0,4.0,5.0,8.0,1.0,4.0,1.0,5,1,4,35-44,35-44,No,No,1.0,1.0
35620,NY,36119.0,36119040101.0,Conventional:Subordinate Lien,Single Family (1-4 Units):Site-Built,Hispanic or Latino,Black or African American,Female,File closed for incompleteness,3,95000.0,,8.4,3.4,0.0,,,,,,,,,2.0,2.0,2.0,2.0,,,1.0,1.0,,,1.0,,68000.0,,1.0,5.0,1.0,5.0,1.0,4.0,3.0,2.0,1.0,2.0,1.0,5,1,4,35-44,9999,No,,1.0,1.0
41860,TX,48039.0,48039010804.0,Conventional:First Lien,Single Family (1-4 Units):Site-Built,Hispanic or Latino,White,Male,Loan originated,1,585000.0,0.82,6.8,1.8,0.0,13200.0,3900.0,2900.0,1900.0,1000.0,360.0,0.0,0.0,2.0,2.0,2.0,2.0,,715000.0,1.0,1.0,,,1.0,,150000.0,0.29,1.0,1.0,1.0,1.0,1.0,1.0,5.0,8.0,1.0,4.0,1.0,5,1,4,45-54,35-44,No,No,1.0,1.0
38060,OH,39017.0,39017020401.0,FHA:First Lien,Single Family (1-4 Units):Site-Built,Not Hispanic or Latino,White,Female,Loan originated,1,175000.0,0.92,7.55,2.3,0.0,7100.0,1800.0,1300.0,800.0,150.0,360.0,0.0,0.0,2.0,2.0,2.0,2.0,,190000.0,1.0,1.0,,,1.0,,55000.0,0.42,1.0,1.0,2.0,5.0,1.0,4.0,5.0,8.0,1.0,4.0,1.0,5,1,4,25-34,25-34,No,No,1.0,1.0
12060,CA,6065.0,6065020701.0,Conventional:First Lien,Single Family (1-4 Units):Site-Built,Not Hispanic or Latino,Asian,Male,Loan originated,1,1180000.0,0.62,5.4,0.8,0.0,18500.0,5600.0,4200.0,2900.0,2200.0,360.0,0.0,0.0,2.0,2.0,2.0,2.0,,1900000.0,1.0,1.0,,,1.0,,320000.0,0.16,1.0,1.0,2.0,5.0,1.0,4.0,2.0,8.0,1.0,4.0,1.0,5,1,4,55-64,45-54,Yes,No,1.0,1.0
14460,CO,8031.0,80310030502.0,Conventional:First Lien,Single Family (1-4 Units):Site-Built,Not Hispanic or Latino,White,Female,Loan originated,1,515000.0,0.76,6.5,1.5,0.0,11800.0,3500.0,2600.0,1700.0,900.0,360.0,0.0,0.0,2.0,2.0,2.0,2.0,,675000.0,1.0,1.0,,,1.0,,140000.0,0.27,1.0,1.0,2.0,5.0,1.0,4.0,5.0,8.0,1.0,4.0,1.0,5,1,4,45-54,35-44,No,No,1.0,1.0
29820,MI,26163.0,26163022104.0,Conventional:Subordinate Lien,Single Family (1-4 Units):Site-Built,Not Hispanic or Latino,Black or African American,Male,Loan originated,32,105000.0,,8.6,3.7,0.0,5200.0,1600.0,1200.0,800.0,,180.0,,,2.0,2.0,2.0,2.0,,,1.0,1.0,,,1.0,,58000.0,0.54,1.0,1.0,2.0,5.0,1.0,4.0,3.0,8.0,1.0,4.0,1.0,5,1,4,35-44,9999,No,,1.0,1.0
19740,GA,13121.0,13121030501.0,Conventional:First Lien,Single Family (1-4 Units):Site-Built,,,,,,,,,,,,,,,,,,,,,,,,,,,,,,,,,,,,,,,,,,,,,,,,,,,,
16980,CA,6075.0,6075032001.0,Conventional:First Lien,Single Family (1-4 Units):Site-Built,Not Hispanic or Latino,Asian,Male,Loan originated,2,425000.0,80.0,6.75,1.5,0.0,8500.0,2500.0,3500.0,1500.0,750.0,360.0,0.0,0.0,2.0,2.0,2.0,2.0,,550000.0,1.0,1.0,,,1.0,,125000.0,38.0,1.0,1.0,2.0,5.0,2.0,4.0,2.0,8.0,2.0,4.0,1.0,5,2,4,35-44,25-34,No,No,1.0,1.0
35620,NJ,34017.0,34017001100.0,Conventional:Subordinate Lien,Single Family (1-4 Units):Site-Built,Hispanic or Latino,Black or African American,Female,Application approved but not accepted,1,75000.0,95.0,7.25,2.0,0.0,3200.0,1200.0,1800.0,800.0,400.0,180.0,0.0,0.0,2.0,2.0,2.0,2.0,,80000.0,1.0,1.0,,,2.0,,65000.0,42.0,1.0,6.0,1.0,5.0,1.0,4.0,1.0,8.0,1.0,4.0,2.0,5,1,4,25-34,9999,No,,1.0,1.0
31080,TX,48113.0,48113020801.0,FHA:First Lien,Single Family (1-4 Units):Site-Built,Not Hispanic or Latino,White,Male,Loan originated,2,195000.0,85.0,6.25,0.75,0.0,6200.0,1800.0,2200.0,1000.0,500.0,360.0,0.0,0.0,2.0,2.0,2.0,2.0,,235000.0,1.0,1.0,,,1.0,,78000.0,31.0,1.0,1.0,2.0,5.0,2.0,4.0,5.0,8.0,2.0,4.0,1.0,5,2,4,45-54,45-54,No,No,1.0,1.0
19100,IL,17031.0,17031010100.0,VA:First Lien,Single Family (1-4 Units):Site-Built,Not Hispanic or Latino,White,Male,Loan originated,2,285000.0,90.0,5.75,0.5,0.0,5800.0,1500.0,2000.0,800.0,600.0,360.0,0.0,0.0,2.0,2.0,2.0,2.0,,320000.0,1.0,1.0,,,1.0,,95000.0,28.0,1.0,1.0,2.0,5.0,2.0,4.0,5.0,8.0,2.0,4.0,1.0,5,2,4,55-64,9999,Yes,,1.0,1.0
26420,OH,39061.0,39061011200.0,Conventional:First Lien,Single Family (1-4 Units):Site-Built,Hispanic or Latino,White,Female,Application withdrawn,3,155000.0,75.0,7.0,1.75,0.0,4500.0,1300.0,1700.0,900.0,400.0,360.0,0.0,0.0,2.0,2.0,2.0,2.0,,210000.0,1.0,1.0,,,1.0,,58000.0,35.0,1.0,6.0,1.0,5.0,1.0,4.0,5.0,8.0,1.0,4.0,2.0,5,1,4,35-44,9999,No,,1.0,1.0
41860,PA,42003.0,42003010600.0,Conventional:Subordinate Lien,Single Family (1-4 Units):Site-Built,Not Hispanic or Latino,Black or African American,Male,Loan originated,1,45000.0,85.0,8.5,3.0,0.0,2800.0,900.0,1200.0,600.0,200.0,180.0,0.0,0.0,2.0,2.0,2.0,2.0,,55000.0,1.0,1.0,,,1.0,,48000.0,40.0,1.0,6.0,2.0,5.0,2.0,4.0,3.0,8.0,2.0,4.0,1.0,5,2,4,65-74,9999,Yes,,1.0,1.0
38060,FL,12011.0,12011007401.0,Conventional:First Lien,Single Family (1-4 Units):Site-Built,Not Hispanic or Latino,White,Female,File closed for incompleteness,2,375000.0,78.0,6.9,1.25,0.0,9200.0,2800.0,3800.0,1800.0,900.0,360.0,0.0,0.0,2.0,2.0,2.0,2.0,,485000.0,1.0,1.0,,,1.0,,135000.0,32.0,1.0,6.0,2.0,5.0,2.0,4.0,5.0,8.0,2.0,4.0,2.0,5,2,4,45-54,9999,No,,1.0,1.0
12060,AZ,4013.0,4013000100.0,FHA:First Lien,Single Family (1-4 Units):Site-Built,Hispanic or Latino,American Indian or Alaska Native,Male,Application denied by financial institution,2,225000.0,88.0,6.5,1.0,0.0,6800.0,2000.0,2600.0,1200.0,600.0,360.0,0.0,0.0,2.0,2.0,2.0,2.0,,260000.0,1.0,1.0,,,1.0,,72000.0,36.0,1.0,1.0,1.0,5.0,1.0,4.0,1.0,8.0,1.0,4.0,1.0,5,1,4,25-34,25-34,No,No,1.0,1.0
14460,MA,25017.0,25017040101.0,Conventional:First Lien,Single Family (1-4 Units):Site-Built,Not Hispanic or Latino,Asian,Female,Loan originated,2,520000.0,82.0,6.1,1.1,0.0,10500.0,3200.0,4200.0,2000.0,1000.0,360.0,0.0,0.0,2.0,2.0,2.0,2.0,,640000.0,1.0,1.0,,,1.0,,165000.0,29.0,1.0,1.0,2.0,5.0,2.0,4.0,2.0,8.0,2.0,4.0,2.0,5,2,4,35-44,35-44,No,No,1.0,1.0
33100,MI,26163.0,26163008000.0,Conventional:Subordinate Lien,Single Family (1-4 Units):Site-Built,Not Hispanic or Latino,White,Male,Loan originated,1,65000.0,92.0,7.75,2.25,0.0,2900.0,950.0,1300.0,650.0,250.0,180.0,0.0,0.0,2.0,2.0,2.0,2.0,,72000.0,1.0,1.0,,,2.0,,55000.0,45.0,1.0,6.0,2.0,5.0,2.0,4.0,5.0,8.0,2.0,4.0,1.0,5,2,4,55-64,9999,Yes,,1.0,1.0
19740,WI,55059.0,55059002201.0,VA:First Lien,Single Family (1-4 Units):Site-Built,Not Hispanic or Latino,White,Male,Application approved but not accepted,2,175000.0,85.0,5.5,0.25,0.0,4800.0,1200.0,1600.0,700.0,500.0,360.0,0.0,0.0,2.0,2.0,2.0,2.0,,210000.0,1.0,1.0,,,1.0,,68000.0,30.0,1.0,1.0,2.0,5.0,2.0,4.0,5.0,8.0,2.0,4.0,1.0,5,2,4,65-74,9999,Yes,,1.0,1.0
42660,NC,37183.0,37183020100.0,Conventional:First Lien,Single Family (1-4 Units):Site-Built,Hispanic or Latino,Black or African American,Female,Loan originated,2,245000.0,80.0,6.8,1.4,0.0,7200.0,2100.0,2800.0,1300.0,700.0,360.0,0.0,0.0,2.0,2.0,2.0,2.0,,310000.0,1.0,1.0,,,1.0,,82000.0,33.0,1.0,6.0,1.0,5.0,1.0,4.0,3.0,8.0,1.0,4.0,2.0,5,1,4,35-44,9999,No,,1.0,1.0
38900,WA,53033.0,53033041500.0,Conventional:First Lien,Single Family (1-4 Units):Site-Built,Not Hispanic or Latino,Native Hawaiian or Other Pacific Islander,Male,Application withdrawn,3,485000.0,75.0,6.3,1.0,0.0,9800.0,2900.0,3800.0,1800.0,900.0,360.0,0.0,0.0,2.0,2.0,2.0,2.0,,650000.0,1.0,1.0,,,1.0,,155000.0,26.0,1.0,6.0,2.0,5.0,2.0,4.0,7.0,8.0,2.0,4.0,1.0,5,2,4,45-54,45-54,No,No,1.0,1.0
45300,CO,8031.0,8031008302.0,FHA:First Lien,Single Family (1-4 Units):Site-Built,Not Hispanic or Latino,White,Female,Loan originated,2,315000.0,85.0,6.4,0.9,0.0,7800.0,2200.0,2900.0,1400.0,700.0,360.0,0.0,0.0,2.0,2.0,2.0,2.0,,375000.0,1.0,1.0,,,1.0,,105000.0,30.0,1.0,1.0,2.0,5.0,2.0,4.0,5.0,8.0,2.0,4.0,2.0,5,2,4,25-34,25-34,No,No,1.0,1.0
29540,NV,32003.0,32003010704.0,Conventional:Subordinate Lien,Single Family (1-4 Units):Site-Built,Not Hispanic or Latino,Asian,Female,File closed for incompleteness,1,85000.0,90.0,8.0,2.5,0.0,3500.0,1100.0,1500.0,750.0,300.0,180.0,0.0,0.0,2.0,2.0,2.0,2.0,,95000.0,1.0,1.0,,,2.0,,62000.0,48.0,1.0,6.0,2.0,5.0,2.0,4.0,2.0,8.0,2.0,4.0,2.0,5,2,4,35-44,9999,No,,1.0,1.0
36540,TN,47037.0,47037001800.0,Conventional:First Lien,Single Family (1-4 Units):Site-Built,Hispanic or Latino,White,Male,Application denied by financial institution,2,195000.0,82.0,7.1,1.6,0.0,6200.0,1800.0,2400.0,1100.0,600.0,360.0,0.0,0.0,2.0,2.0,2.0,2.0,,240000.0,1.0,1.0,,,1.0,,71000.0,38.0,1.0,1.0,1.0,5.0,1.0,4.0,5.0,8.0,1.0,4.0,1.0,5,1,4,45-54,9999,No,,1.0,1.0
41180,OR,41051.0,41051002401.0,Conventional:First Lien,Single Family (1-4 Units):Site-Built,Not Hispanic or Latino,White,Female,Loan originated,2,410000.0,78.0,6.2,1.2,0.0,8800.0,2600.0,3400.0,1600.0,800.0,360.0,0.0,0.0,2.0,2.0,2.0,2.0,,530000.0,1.0,1.0,,,1.0,,140000.0,28.0,1.0,1.0,2.0,5.0,2.0,4.0,5.0,8.0,2.0,4.0,2.0,5,2,4,35-44,9999,No,,1.0,1.0
17900,GA,13135.0,13135001100.0,VA:First Lien,Single Family (1-4 Units):Site-Built,Not Hispanic or Latino,Black or African American,Male,Application approved but not accepted,2,235000.0,88.0,5.8,0.4,0.0,6500.0,1700.0,2200.0,1000.0,700.0,360.0,0.0,0.0,2.0,2.0,2.0,2.0,,270000.0,1.0,1.0,,,1.0,,85000.0,31.0,1.0,1.0,2.0,5.0,2.0,4.0,3.0,8.0,2.0,4.0,1.0,5,2,4,55-64,9999,Yes,,1.0,1.0
38060,FL,12086.0,12086009001.0,Conventional:First Lien,Single Family (1-4 Units):Site-Built,Not Hispanic or Latino,White,Male,Loan originated,2,365000.0,85.0,6.7,1.3,0.0,8200.0,2400.0,3200.0,1500.0,800.0,360.0,0.0,0.0,2.0,2.0,2.0,2.0,,430000.0,1.0,1.0,,,1.0,,125000.0,32.0,1.0,6.0,2.0,5.0,2.0,4.0,5.0,8.0,2.0,4.0,1.0,5,2,4,45-54,35-44,No,No,1.0,1.0
12060,AZ,4013.0,4013020500.0,Conventional:Subordinate Lien,Single Family (1-4 Units):Site-Built,Hispanic or Latino,White,Female,Application withdrawn,1,95000.0,88.0,7.8,2.2,0.0,3800.0,1200.0,1600.0,800.0,350.0,180.0,0.0,0.0,2.0,2.0,2.0,2.0,,110000.0,1.0,1.0,,,1.0,,58000.0,44.0,1.0,6.0,1.0,5.0,1.0,4.0,5.0,8.0,1.0,4.0,2.0,5,1,4,25-34,9999,No,,1.0,1.0
14460,MA,25021.0,25021000800.0,Conventional:First Lien,Single Family (1-4 Units):Site-Built,Not Hispanic or Latino,Asian,Female,File closed for incompleteness,2,585000.0,80.0,6.0,1.0,0.0,11200.0,3400.0,4400.0,2100.0,1100.0,360.0,0.0,0.0,2.0,2.0,2.0,2.0,,735000.0,1.0,1.0,,,1.0,,175000.0,27.0,1.0,6.0,2.0,5.0,2.0,4.0,2.0,8.0,2.0,4.0,2.0,5,2,4,35-44,35-44,No,No,1.0,1.0
33100,MI,26125.0,26125007800.0,FHA:First Lien,Single Family (1-4 Units):Site-Built,Not Hispanic or Latino,White,Male,Loan originated,2,165000.0,90.0,6.3,0.8,0.0,5400.0,1500.0,1900.0,900.0,500.0,360.0,0.0,0.0,2.0,2.0,2.0,2.0,,185000.0,1.0,1.0,,,1.0,,62000.0,34.0,1.0,1.0,2.0,5.0,2.0,4.0,5.0,8.0,2.0,4.0,1.0,5,2,4,25-34,9999,No,,1.0,1.0
19740,WI,55059.0,55059010100.0,Conventional:First Lien,Single Family (1-4 Units):Site-Built,Not Hispanic or Latino,White,Male,Application denied by financial institution,2,145000.0,75.0,7.2,1.8,0.0,4900.0,1300.0,1700.0,800.0,450.0,360.0,0.0,0.0,2.0,2.0,2.0,2.0,,195000.0,1.0,1.0,,,1.0,,55000.0,40.0,1.0,1.0,2.0,5.0,2.0,4.0,5.0,8.0,2.0,4.0,1.0,5,2,4,35-44,9999,No,,1.0,1.0
42660,NC,37183.0,37183015000.0,Conventional:Subordinate Lien,Single Family (1-4 Units):Site-Built,Hispanic or Latino,Black or African American,Female,Loan originated,1,55000.0,85.0,8.25,2.75,0.0,2200.0,700.0,950.0,450.0,200.0,180.0,0.0,0.0,2.0,2.0,2.0,2.0,,65000.0,1.0,1.0,,,2.0,,42000.0,52.0,1.0,6.0,1.0,5.0,1.0,4.0,3.0,8.0,1.0,4.0,2.0,5,1,4,45-54,9999,No,,1.0,1.0
38900,WA,53033.0,53033020100.0,Conventional:First Lien,Single Family (1-4 Units):Site-Built,Not Hispanic or Latino,White,Male,Application approved but not accepted,2,465000.0,82.0,6.4,1.15,0.0,10200.0,3000.0,3900.0,1900.0,1000.0,360.0,0.0,0.0,2.0,2.0,2.0,2.0,,570000.0,1.0,1.0,,,1.0,,150000.0,29.0,1.0,6.0,2.0,5.0,2.0,4.0,5.0,8.0,2.0,4.0,1.0,5,2,4,35-44,35-44,No,No,1.0,1.0
45300,CO,8031.0,8031011501.0,VA:First Lien,Single Family (1-4 Units):Site-Built,Not Hispanic or Latino,Native Hawaiian or Other Pacific Islander,Male,Loan originated,2,295000.0,90.0,5.6,0.3,0.0,6800.0,1800.0,2300.0,1100.0,700.0,360.0,0.0,0.0,2.0,2.0,2.0,2.0,,330000.0,1.0,1.0,,,1.0,,98000.0,26.0,1.0,1.0,2.0,5.0,2.0,4.0,7.0,8.0,2.0,4.0,1.0,5,2,4,45-54,9999,No,,1.0,1.0
29540,NV,32003.0,32003020801.0,Conventional:First Lien,Single Family (1-4 Units):Site-Built,Not Hispanic or Latino,Asian,Female,Application withdrawn,3,355000.0,80.0,6.9,1.45,0.0,8400.0,2500.0,3300.0,1600.0,850.0,360.0,0.0,0.0,2.0,2.0,2.0,2.0,,445000.0,1.0,1.0,,,1.0,,130000.0,31.0,1.0,6.0,2.0,5.0,2.0,4.0,2.0,8.0,2.0,4.0,2.0,5,2,4,25-34,9999,No,,1.0,1.0
36540,TN,47037.0,47037009500.0,Conventional:Subordinate Lien,Single Family (1-4 Units):Site-Built,Hispanic or Latino,White,Male,File closed for incompleteness,1,75000.0,92.0,8.1,2.4,0.0,2900.0,900.0,1250.0,600.0,250.0,180.0,0.0,0.0,2.0,2.0,2.0,2.0,,82000.0,1.0,1.0,,,1.0,,48000.0,46.0,1.0,6.0,1.0,5.0,1.0,4.0,5.0,8.0,1.0,4.0,1.0,5,1,4,35-44,9999,No,,1.0,1.0
41180,OR,41051.0,41051008900.0,FHA:First Lien,Single Family (1-4 Units):Site-Built,Not Hispanic or Latino,American Indian or Alaska Native,Female,Loan originated,2,275000.0,88.0,6.1,0.7,0.0,7100.0,1900.0,2500.0,1200.0,650.0,360.0,0.0,0.0,2.0,2.0,2.0,2.0,,315000.0,1.0,1.0,,,1.0,,88000.0,33.0,1.0,1.0,2.0,5.0,2.0,4.0,1.0,8.0,2.0,4.0,2.0,5,2,4,45-54,9999,No,,1.0,1.0
17900,GA,13135.0,13135020400.0,Conventional:First Lien,Single Family (1-4 Units):Site-Built,Not Hispanic or Latino,Black or African American,Female,Application denied by financial institution,2,215000.0,85.0,7.0,1.5,0.0,6600.0,1900.0,2500.0,1200.0,650.0,360.0,0.0,0.0,2.0,2.0,2.0,2.0,,255000.0,1.0,1.0,,,1.0,,75000.0,37.0,1.0,1.0,3.0,5.0,2.0,4.0,3.0,8.0,2.0,4.0,2.0,5,2,4,25-34,9999,No,,1.0,1.0
38060,FL,12086.0,12086004500.0,Conventional:Subordinate Lien,Single Family (1-4 Units):Site-Built,Not Hispanic or Latino,White,Male,Loan originated,1,65000.0,90.0,7.9,2.3,0.0,2700.0,850.0,1150.0,550.0,250.0,180.0,0.0,0.0,2.0,2.0,2.0,2.0,,72000.0,1.0,1.0,,,2.0,,52000.0,49.0,1.0,6.0,2.0,5.0,2.0,4.0,5.0,8.0,2.0,4.0,1.0,5,2,4,55-64,9999,Yes,,1.0,1.0
12060,AZ,4013.0,4013041200.0,Conventional:First Lien,Single Family (1-4 Units):Site-Built,Hispanic or Latino,White,Female,Application approved but not accepted,2,395000.0,83.0,6.6,1.3,0.0,9100.0,2700.0,3500.0,1700.0,900.0,360.0,0.0,0.0,2.0,2.0,2.0,2.0,,475000.0,1.0,1.0,,,1.0,,140000.0,30.0,1.0,6.0,1.0,5.0,1.0,4.0,5.0,8.0,1.0,4.0,2.0,5,1,4,35-44,35-44,No,No,1.0,1.0
14460,MA,25021.0,25021015600.0,VA:First Lien,Single Family (1-4 Units):Site-Built,Not Hispanic or Latino,Asian,Male,Loan originated,2,625000.0,80.0,5.9,0.6,0.0,11800.0,3600.0,4700.0,2300.0,1200.0,360.0,0.0,0.0,2.0,2.0,2.0,2.0,,785000.0,1.0,1.0,,,1.0,,195000.0,25.0,1.0,1.0,2.0,5.0,2.0,4.0,2.0,8.0,2.0,4.0,1.0,5,2,4,45-54,45-54,No,No,1.0,1.0
33100,MI,26163.0,26163002200.0,Conventional:First Lien,Single Family (1-4 Units):Site-Built,Not Hispanic or Latino,White,Female,Application withdrawn,3,185000.0,78.0,6.8,1.4,0.0,5800.0,1600.0,2100.0,1000.0,550.0,360.0,0.0,0.0,2.0,2.0,2.0,2.0,,240000.0,1.0,1.0,,,1.0,,68000.0,35.0,1.0,6.0,2.0,5.0,2.0,4.0,5.0,8.0,2.0,4.0,2.0,5,2,4,55-64,9999,Yes,,1.0,1.0
19740,WI,55059.0,55059007800.0,Conventional:Subordinate Lien,Single Family (1-4 Units):Site-Built,Not Hispanic or Latino,White,Male,File closed for incompleteness,1,85000.0,88.0,8.0,2.5,0.0,3200.0,1000.0,1400.0,700.0,300.0,180.0,0.0,0.0,2.0,2.0,2.0,2.0,,97000.0,1.0,1.0,,,1.0,,55000.0,43.0,1.0,6.0,2.0,5.0,2.0,4.0,5.0,8.0,2.0,4.0,1.0,5,2,4,35-44,9999,No,,1.0,1.0
42660,NC,37183.0,37183008900.0,FHA:First Lien,Single Family (1-4 Units):Site-Built,Hispanic or Latino,Black or African American,Male,Loan originated,2,205000.0,92.0,6.2,0.6,0.0,6500.0,1800.0,2300.0,1100.0,600.0,360.0,0.0,0.0,2.0,2.0,2.0,2.0,,225000.0,1.0,1.0,,,1.0,,75000.0,34.0,1.0,1.0,1.0,5.0,1.0,4.0,3.0,8.0,1.0,4.0,1.0,5,1,4,25-34,9999,No,,1.0,1.0
38900,WA,53033.0,53033032800.0,Conventional:First Lien,Single Family (1-4 Units):Site-Built,Not Hispanic or Latino,Native Hawaiian or Other Pacific Islander,Female,Application denied by financial institution,2,545000.0,85.0,6.5,1.1,0.0,10800.0,3200.0,4200.0,2000.0,1050.0,360.0,0.0,0.0,2.0,2.0,2.0,2.0,,645000.0,1.0,1.0,,,1.0,,170000.0,27.0,1.0,6.0,2.0,5.0,2.0,4.0,7.0,8.0,2.0,4.0,2.0,5,2,4,45-54,9999,No,,1.0,1.0
45300,CO,8031.0,8031020102.0,Conventional:Subordinate Lien,Single Family (1-4 Units):Site-Built,Not Hispanic or Latino,Asian,Male,Loan originated,1,48000.0,82.0,7.6,2.1,0.0,2100.0,650.0,900.0,450.0,200.0,180.0,0.0,0.0,2.0,2.0,2.0,2.0,,58000.0,1.0,1.0,,,2.0,,38000.0,55.0,1.0,6.0,2.0,5.0,2.0,4.0,2.0,8.0,2.0,4.0,1.0,5,2,4,65-74,9999,Yes,,1.0,1.0
29540,NV,32003.0,32003030101.0,Conventional:First Lien,Single Family (1-4 Units):Site-Built,Not Hispanic or Latino,White,Female,Application approved but not accepted,2,325000.0,80.0,6.7,1.35,0.0,8100.0,2400.0,3200.0,1500.0,800.0,360.0,0.0,0.0,2.0,2.0,2.0,2.0,,405000.0,1.0,1.0,,,1.0,,115000.0,29.0,1.0,6.0,2.0,5.0,2.0,4.0,5.0,8.0,2.0,4.0,2.0,5,2,4,35-44,25-34,No,No,1.0,1.0
36540,TN,47037.0,47037014200.0,VA:First Lien,Single Family (1-4 Units):Site-Built,Hispanic or Latino,White,Male,Loan originated,2,265000.0,88.0,5.7,0.4,0.0,6900.0,1900.0,2400.0,1150.0,700.0,360.0,0.0,0.0,2.0,2.0,2.0,2.0,,300000.0,1.0,1.0,,,1.0,,92000.0,28.0,1.0,1.0,1.0,5.0,1.0,4.0,5.0,8.0,1.0,4.0,1.0,5,1,4,25-34,9999,No,,1.0,1.0
41180,OR,41051.0,41051015600.0,Conventional:First Lien,Single Family (1-4 Units):Site-Built,Not Hispanic or Latino,American Indian or Alaska Native,Female,Application withdrawn,3,385000.0,82.0,6.3,1.2,0.0,8900.0,2600.0,3400.0,1650.0,850.0,360.0,0.0,0.0,2.0,2.0,2.0,2.0,,470000.0,1.0,1.0,,,1.0,,135000.0,31.0,1.0,6.0,2.0,5.0,2.0,4.0,1.0,8.0,2.0,4.0,2.0,5,2,4,35-44,9999,No,,1.0,1.0
17900,GA,13135.0,13135007800.0,Conventional:Subordinate Lien,Single Family (1-4 Units):Site-Built,Not Hispanic or Latino,Black or African American,Female,File closed for incompleteness,1,68000.0,90.0,8.2,2.6,0.0,2600.0,800.0,1100.0,550.0,250.0,180.0,0.0,0.0,2.0,2.0,2.0,2.0,,75000.0,1.0,1.0,,,1.0,,45000.0,50.0,1.0,6.0,3.0,5.0,2.0,4.0,3.0,8.0,2.0,4.0,2.0,5,2,4,45-54,9999,No,,1.0,1.0
38060,FL,12086.0,12086012300.0,FHA:First Lien,Single Family (1-4 Units):Site-Built,Not Hispanic or Latino,White,Male,Loan originated,2,295000.0,90.0,6.0,0.5,0.0,7400.0,2100.0,2700.0,1300.0,700.0,360.0,0.0,0.0,2.0,2.0,2.0,2.0,,330000.0,1.0,1.0,,,1.0,,98000.0,32.0,1.0,1.0,2.0,5.0,2.0,4.0,5.0,8.0,2.0,4.0,1.0,5,2,4,35-44,35-44,No,No,1.0,1.0
12060,AZ,4013.0,4013050800.0,Conventional:First Lien,Single Family (1-4 Units):Site-Built,Hispanic or Latino,White,Female,Application denied by financial institution,2,425000.0,85.0,6.8,1.4,0.0,9600.0,2800.0,3700.0,1800.0,950.0,360.0,0.0,0.0,2.0,2.0,2.0,2.0,,500000.0,1.0,1.0,,,1.0,,145000.0,30.0,1.0,6.0,1.0,5.0,1.0,4.0,5.0,8.0,1.0,4.0,2.0,5,1,4,25-34,9999,No,,1.0,1.0
14460,MA,25021.0,25021008900.0,Conventional:Subordinate Lien,Single Family (1-4 Units):Site-Built,Not Hispanic or Latino,Asian,Male,Loan originated,1,72000.0,85.0,7.4,1.9,0.0,2800.0,900.0,1250.0,600.0,280.0,180.0,0.0,0.0,2.0,2.0,2.0,2.0,,85000.0,1.0,1.0,,,2.0,,48000.0,47.0,1.0,6.0,2.0,5.0,2.0,4.0,2.0,8.0,2.0,4.0,1.0,5,2,4,55-64,9999,Yes,,1.0,1.0
16980,CA,6075.0,6075043012.0,Conventional:First Lien,Single Family (1-4 Units):Site-Built,Not Hispanic or Latino,Asian,Female,Loan originated,1,425000.0,85.0,6.75,2.5,2.0,8500.0,2500.0,3500.0,1500.0,500.0,360.0,0.0,0.0,2.0,2.0,2.0,2.0,425000.0,1.0,1.0,3.0,5.0,1.0,105000.0,42.0,1.0,1.0,2.0,5.0,1.0,2.0,6.0,1.0,1.0,1.0,1.0,1.0,1.0,35-44,25-34,No,No,1,1,,,
19100,TX,9103.0,9103501302.0,FHA:First Lien,Single Family (1-4 Units):Site-Built,Hispanic or Latino,White,Male,Loan originated,1,315000.0,96.5,7.25,1.8,1.0,7200.0,1800.0,2800.0,1000.0,0.0,360.0,0.0,0.0,2.0,2.0,2.0,2.0,326400.0,1.0,1.0,3.0,5.0,1.0,75000.0,38.0,1.0,1.0,1.0,1.0,1.0,1.0,5.0,1.0,1.0,1.0,1.0,1.0,1.0,45-54,35-44,No,No,1,1,,,
35620,NY,36005.0,3600552040.0,VA:First Lien,Single Family (1-4 Units):Site-Built,Not Hispanic or Latino,Black or African American,Male,Application denied by financial institution,1,485000.0,78.0,6.95,2.1,2.0,0.0,0.0,0.0,0.0,0.0,0.0,0.0,0.0,2.0,2.0,2.0,2.0,621800.0,1.0,1.0,3.0,5.0,1.0,125000.0,48.0,1.0,2.0,2.0,5.0,1.0,2.0,3.0,1.0,1.0,1.0,1.0,1.0,1.0,25-34,9999,No,,1,1,,,
41860,OH,39017.0,3901756021.0,Conventional:Subordinate Lien,Single Family (1-4 Units):Site-Built,Not Hispanic or Latino,White,Female,Loan originated,3,75000.0,15.0,8.5,4.2,2.0,3500.0,1200.0,1800.0,600.0,0.0,180.0,0.0,0.0,2.0,2.0,2.0,2.0,500000.0,1.0,1.0,3.0,5.0,1.0,85000.0,28.0,1.0,5.0,2.0,5.0,1.0,2.0,5.0,1.0,1.0,1.0,1.0,1.0,1.0,55-64,45-54,Yes,No,1,1,,,
38060,IL,17031.0,1703178034.0,Conventional:First Lien,Single Family (1-4 Units):Site-Built,Hispanic or Latino,White,Male,Loan originated,1,625000.0,80.0,6.25,1.5,2.0,12000.0,3500.0,4800.0,2000.0,750.0,360.0,0.0,0.0,2.0,2.0,2.0,2.0,781250.0,1.0,1.0,3.0,5.0,1.0,185000.0,32.0,1.0,1.0,1.0,1.0,1.0,1.0,5.0,1.0,1.0,1.0,1.0,1.0,1.0,45-54,35-44,No,No,1,1,,,
12060,AL,1073.0,1073060502.0,USDA:First Lien,Single Family (1-4 Units):Site-Built,Not Hispanic or Latino,American Indian or Alaska Native,Female,Loan originated,1,195000.0,100.0,5.75,0.0,1.0,4500.0,1000.0,1500.0,500.0,0.0,360.0,0.0,0.0,2.0,2.0,2.0,2.0,195000.0,1.0,1.0,3.0,5.0,1.0,52000.0,31.0,1.0,1.0,2.0,5.0,1.0,2.0,2.0,1.0,1.0,1.0,1.0,1.0,1.0,25-34,25-34,No,No,1,1,,,
14460,AZ,4013.0,4013012305.0,Conventional:First Lien,Single Family (1-4 Units):Site-Built,Not Hispanic or Latino,Native Hawaiian or Other Pacific Islander,Male,Application withdrawn by applicant,1,385000.0,75.0,7.0,2.3,2.0,0.0,0.0,0.0,0.0,0.0,0.0,0.0,0.0,2.0,2.0,2.0,2.0,513333.0,1.0,1.0,3.0,5.0,1.0,98000.0,40.0,1.0,5.0,2.0,5.0,1.0,2.0,9.0,1.0,1.0,1.0,1.0,1.0,1.0,35-44,9999,No,,1,1,,,
33124,NC,37183.0,3718356041.0,Conventional:First Lien,Single Family (1-4 Units):Site-Built,Not Hispanic or Latino,Asian,Female,Loan originated,1,415000.0,83.0,6.5,2.0,2.0,7800.0,2200.0,3200.0,1200.0,300.0,360.0,0.0,0.0,2.0,2.0,2.0,2.0,500000.0,1.0,1.0,3.0,5.0,1.0,115000.0,36.0,1.0,1.0,2.0,5.0,1.0,2.0,6.0,1.0,1.0,1.0,1.0,1.0,1.0,35-44,35-44,No,No,1,1,,,
42680,OK,40109.0,4010901304.0,FHA:First Lien,Manufactured Home,Not Hispanic or Latino,White,Male,Loan originated,1,125000.0,95.0,7.75,2.5,1.0,4200.0,1500.0,2000.0,800.0,0.0,360.0,0.0,0.0,2.0,2.0,2.0,2.0,131579.0,2.0,1.0,1.0,1.0,1.0,45000.0,43.0,1.0,1.0,2.0,5.0,1.0,2.0,5.0,1.0,1.0,1.0,1.0,1.0,1.0,45-54,9999,No,,1,1,,,
19740,CO,8031.0,8031001502.0,Conventional:First Lien,Single Family (1-4 Units):Site-Built,Not Hispanic or Latino,White,Male,Loan originated,1,715000.0,70.0,5.95,1.2,2.0,14500.0,4000.0,5500.0,2500.0,1000.0,360.0,0.0,0.0,2.0,2.0,2.0,2.0,1021429.0,1.0,1.0,3.0,5.0,1.0,225000.0,29.0,1.0,1.0,2.0,5.0,1.0,2.0,5.0,1.0,1.0,1.0,1.0,1.0,1.0,55-64,45-54,Yes,No,1,1,,,
38940,IN,18003.0,1800357023.0,Conventional:Subordinate Lien,Single Family (1-4 Units):Site-Built,Hispanic or Latino,Black or African American,Female,File closed for incompleteness,2,95000.0,25.0,8.25,3.8,2.0,0.0,0.0,0.0,0.0,0.0,0.0,0.0,0.0,2.0,2.0,2.0,2.0,380000.0,1.0,1.0,3.0,5.0,1.0,65000.0,35.0,1.0,5.0,1.0,1.0,1.0,1.0,3.0,1.0,1.0,1.0,1.0,1.0,1.0,25-34,9999,No,,1,1,,,
38080,IL,17113.0,1711352011.0,Conventional:First Lien,Single Family (1-4 Units):Site-Built,Not Hispanic or Latino,White,Female,Loan originated,1,525000.0,87.0,6.85,2.4,2.0,9500.0,2800.0,3800.0,1500.0,400.0,360.0,0.0,0.0,2.0,2.0,2.0,2.0,603448.0,1.0,1.0,3.0,5.0,1.0,135000.0,38.0,1.0,1.0,2.0,5.0,1.0,2.0,5.0,1.0,1.0,1.0,1.0,1.0,1.0,35-44,25-34,No,No,1,1,,,
12020,AK,2068.0,2068001203.0,VA:First Lien,Single Family (1-4 Units):Site-Built,Not Hispanic or Latino,White,Male,Loan originated,1,485000.0,92.0,6.15,1.0,1.0,8800.0,2500.0,3500.0,1500.0,500.0,360.0,0.0,0.0,2.0,2.0,2.0,2.0,527174.0,1.0,1.0,3.0,5.0,1.0,110000.0,33.0,1.0,1.0,2.0,5.0,1.0,2.0,5.0,1.0,1.0,1.0,1.0,1.0,1.0,45-54,35-44,No,No,1,1,,,
25540,FL,12011.0,1201156025.0,Conventional:First Lien,Single Family (1-4 Units):Site-Built,Hispanic or Latino,White,Male,Application denied by financial institution,1,365000.0,82.0,7.5,2.7,2.0,0.0,0.0,0.0,0.0,0.0,0.0,0.0,0.0,2.0,2.0,2.0,2.0,445122.0,1.0,1.0,3.0,5.0,1.0,85000.0,52.0,1.0,2.0,1.0,1.0,1.0,1.0,5.0,1.0,1.0,1.0,1.0,1.0,1.0,35-44,9999,No,,1,1,,,
38060,IL,17097.0,1709763012.0,Conventional:First Lien,Single Family (1-4 Units):Site-Built,Not Hispanic or Latino,Asian,Female,Loan originated,1,775000.0,78.0,6.1,1.8,2.0,15000.0,4200.0,5800.0,2800.0,1200.0,360.0,0.0,0.0,2.0,2.0,2.0,2.0,993590.0,1.0,1.0,3.0,5.0,1.0,245000.0,30.0,1.0,1.0,2.0,5.0,1.0,2.0,6.0,1.0,1.0,1.0,1.0,1.0,1.0,45-54,35-44,No,No,1,1,,,
12060,AL,1073.0,1073060801.0,USDA:First Lien,Single Family (1-4 Units):Site-Built,Not Hispanic or Latino,Black or African American,Female,Loan originated,1,185000.0,100.0,5.9,0.0,1.0,4200.0,950.0,1400.0,450.0,0.0,360.0,0.0,0.0,2.0,2.0,2.0,2.0,185000.0,1.0,1.0,3.0,5.0,1.0,48000.0,30.0,1.0,1.0,2.0,5.0,1.0,2.0,3.0,1.0,1.0,1.0,1.0,1.0,1.0,25-34,25-34,No,No,1,1,,,
14460,AZ,4013.0,4013018050.0,Conventional:First Lien,Single Family (1-4 Units):Site-Built,Not Hispanic or Latino,White,Male,Application withdrawn by applicant,1,425000.0,76.0,7.1,2.5,2.0,0.0,0.0,0.0,0.0,0.0,0.0,0.0,0.0,2.0,2.0,2.0,2.0,559211.0,1.0,1.0,3.0,5.0,1.0,105000.0,41.0,1.0,5.0,2.0,5.0,1.0,2.0,5.0,1.0,1.0,1.0,1.0,1.0,1.0,35-44,9999,No,,1,1,,,
33124,NC,37183.0,3718360102.0,Conventional:Subordinate Lien,Single Family (1-4 Units):Site-Built,Not Hispanic or Latino,White,Female,Loan originated,3,125000.0,20.0,8.75,4.5,2.0,5200.0,1800.0,2400.0,1000.0,0.0,240.0,0.0,0.0,2.0,2.0,2.0,2.0,625000.0,1.0,1.0,3.0,5.0,1.0,95000.0,26.0,1.0,5.0,2.0,5.0,1.0,2.0,5.0,1.0,1.0,1.0,1.0,1.0,1.0,45-54,35-44,No,No,1,1,,,
42680,OK,40109.0,4010902305.0,FHA:First Lien,Single Family (1-4 Units):Site-Built,Hispanic or Latino,White,Male,Loan originated,1,195000.0,96.5,7.35,2.2,1.0,5800.0,1700.0,2400.0,1000.0,0.0,360.0,0.0,0.0,2.0,2.0,2.0,2.0,202073.0,1.0,1.0,3.0,5.0,1.0,58000.0,40.0,1.0,1.0,1.0,1.0,1.0,1.0,5.0,1.0,1.0,1.0,1.0,1.0,1.0,35-44,25-34,No,No,1,1,,,
19740,CO,8031.0,8031001803.0,Conventional:First Lien,Single Family (1-4 Units):Site-Built,Not Hispanic or Latino,White,Female,Loan originated,1,825000.0,72.0,6.0,1.0,2.0,16500.0,4500.0,6200.0,3200.0,1500.0,360.0,0.0,0.0,2.0,2.0,2.0,2.0,1145833.0,1.0,1.0,3.0,5.0,1.0,275000.0,28.0,1.0,1.0,2.0,5.0,1.0,2.0,5.0,1.0,1.0,1.0,1.0,1.0,1.0,55-64,45-54,Yes,No,1,1,,,
38940,IN,18003.0,1800361022.0,Conventional:First Lien,Single Family (1-4 Units):Site-Built,Not Hispanic or Latino,Black or African American,Male,Application denied by financial institution,1,285000.0,88.0,7.8,3.1,2.0,0.0,0.0,0.0,0.0,0.0,0.0,0.0,0.0,2.0,2.0,2.0,2.0,323864.0,1.0,1.0,3.0,5.0,1.0,68000.0,49.0,1.0,2.0,2.0,5.0,1.0,2.0,3.0,1.0,1.0,1.0,1.0,1.0,1.0,25-34,9999,No,,1,1,,,
38080,IL,17113.0,1711353015.0,Conventional:First Lien,Single Family (1-4 Units):Site-Built,Hispanic or Latino,Asian,Female,Loan originated,1,585000.0,85.0,6.65,2.1,2.0,10500.0,3000.0,4200.0,1800.0,600.0,360.0,0.0,0.0,2.0,2.0,2.0,2.0,688235.0,1.0,1.0,3.0,5.0,1.0,145000.0,35.0,1.0,1.0,1.0,6.0,1.0,1.0,6.0,1.0,1.0,1.0,1.0,1.0,1.0,35-44,25-34,No,No,1,1,,,
12020,AK,2068.0,2068001405.0,VA:First Lien,Single Family (1-4 Units):Site-Built,Not Hispanic or Latino,White,Female,Loan originated,1,525000.0,90.0,6.05,0.8,1.0,9800.0,2700.0,3800.0,1700.0,600.0,360.0,0.0,0.0,2.0,2.0,2.0,2.0,583333.0,1.0,1.0,3.0,5.0,1.0,125000.0,32.0,1.0,1.0,2.0,5.0,1.0,2.0,5.0,1.0,1.0,1.0,1.0,1.0,1.0,45-54,35-44,No,No,1,1,,,
25540,FL,12011.0,1201157030.0,Conventional:First Lien,Single Family (1-4 Units):Site-Built,Not Hispanic or Latino,White,Male,Loan originated,1,395000.0,79.0,6.9,2.3,2.0,8200.0,2300.0,3300.0,1400.0,400.0,360.0,0.0,0.0,2.0,2.0,2.0,2.0,500000.0,1.0,1.0,3.0,5.0,1.0,105000.0,37.0,1.0,1.0,2.0,5.0,1.0,2.0,5.0,1.0,1.0,1.0,1.0,1.0,1.0,35-44,35-44,No,No,1,1,,,
38060,IL,17097.0,1709764010.0,Conventional:Subordinate Lien,Single Family (1-4 Units):Site-Built,Not Hispanic or Latino,White,Male,Loan originated,3,85000.0,18.0,8.9,4.8,2.0,3800.0,1300.0,1700.0,600.0,0.0,180.0,0.0,0.0,2.0,2.0,2.0,2.0,472222.0,1.0,1.0,3.0,5.0,1.0,78000.0,24.0,1.0,5.0,2.0,5.0,1.0,2.0,5.0,1.0,1.0,1.0,1.0,1.0,1.0,45-54,25-34,No,No,1,1,,,
12060,AL,1073.0,1073060902.0,USDA:First Lien,Single Family (1-4 Units):Site-Built,Not Hispanic or Latino,Black or African American,Male,Loan originated,1,205000.0,100.0,5.85,0.0,1.0,4600.0,1050.0,1550.0,500.0,0.0,360.0,0.0,0.0,2.0,2.0,2.0,2.0,205000.0,1.0,1.0,3.0,5.0,1.0,52000.0,29.0,1.0,1.0,2.0,5.0,1.0,2.0,3.0,1.0,1.0,1.0,1.0,1.0,1.0,25-34,25-34,No,No,1,1,,,
14460,AZ,4013.0,4013019502.0,Conventional:First Lien,Single Family (1-4 Units):Site-Built,Hispanic or Latino,Native Hawaiian or Other Pacific Islander,Female,File closed for incompleteness,1,445000.0,81.0,7.3,2.8,2.0,0.0,0.0,0.0,0.0,0.0,0.0,0.0,0.0,2.0,2.0,2.0,2.0,549383.0,1.0,1.0,3.0,5.0,1.0,115000.0,44.0,1.0,5.0,1.0,9.0,1.0,2.0,9.0,1.0,1.0,1.0,1.0,1.0,1.0,35-44,9999,No,,1,1,,,
33124,NC,37183.0,3718360503.0,Conventional:First Lien,Single Family (1-4 Units):Site-Built,Not Hispanic or Latino,Asian,Male,Application withdrawn by applicant,1,465000.0,77.0,6.8,2.4,2.0,0.0,0.0,0.0,0.0,0.0,0.0,0.0,0.0,2.0,2.0,2.0,2.0,604396.0,1.0,1.0,3.0,5.0,1.0,125000.0,39.0,1.0,5.0,2.0,6.0,1.0,2.0,6.0,1.0,1.0,1.0,1.0,1.0,1.0,35-44,9999,No,,1,1,,,
42680,OK,40109.0,4010902806.0,FHA:First Lien,Single Family (1-4 Units):Site-Built,Not Hispanic or Latino,White,Female,Loan originated,1,215000.0,96.5,7.45,2.3,1.0,6200.0,1800.0,2600.0,1100.0,0.0,360.0,0.0,0.0,2.0,2.0,2.0,2.0,222798.0,1.0,1.0,3.0,5.0,1.0,62000.0,38.0,1.0,1.0,2.0,5.0,1.0,2.0,5.0,1.0,1.0,1.0,1.0,1.0,1.0,35-44,25-34,No,No,1,1,,,
19740,CO,8031.0,8031002004.0,Conventional:First Lien,Single Family (1-4 Units):Site-Built,Not Hispanic or Latino,White,Male,Loan originated,1,875000.0,68.0,5.85,0.9,2.0,17500.0,4800.0,6800.0,3600.0,1800.0,360.0,0.0,0.0,2.0,2.0,2.0,2.0,1286765.0,1.0,1.0,3.0,5.0,1.0,295000.0,27.0,1.0,1.0,2.0,5.0,1.0,2.0,5.0,1.0,1.0,1.0,1.0,1.0,1.0,55-64,45-54,Yes,No,1,1,,,
38940,IN,18003.0,1800362015.0,Conventional:First Lien,Single Family (1-4 Units):Site-Built,Hispanic or Latino,White,Female,Application denied by financial institution,1,325000.0,86.0,7.65,3.0,2.0,0.0,0.0,0.0,0.0,0.0,0.0,0.0,0.0,2.0,2.0,2.0,2.0,377907.0,1.0,1.0,3.0,5.0,1.0,75000.0,46.0,1.0,2.0,1.0,1.0,1.0,1.0,5.0,1.0,1.0,1.0,1.0,1.0,1.0,25-34,9999,No,,1,1,,,
38080,IL,17113.0,1711354012.0,Conventional:Subordinate Lien,Single Family (1-4 Units):Site-Built,Not Hispanic or Latino,Black or African American,Male,Loan originated,3,95000.0,22.0,8.6,4.2,2.0,4200.0,1500.0,1900.0,700.0,0.0,200.0,0.0,0.0,2.0,2.0,2.0,2.0,431818.0,1.0,1.0,3.0,5.0,1.0,82000.0,27.0,1.0,5.0,2.0,5.0,1.0,2.0,3.0,1.0,1.0,1.0,1.0,1.0,1.0,45-54,35-44,No,No,1,1,,,
12020,AK,2068.0,2068001602.0,VA:First Lien,Single Family (1-4 Units):Site-Built,Not Hispanic or Latino,White,Male,Loan originated,1,565000.0,88.0,6.25,1.2,1.0,10500.0,2900.0,4100.0,1900.0,700.0,360.0,0.0,0.0,2.0,2.0,2.0,2.0,642045.0,1.0,1.0,3.0,5.0,1.0,135000.0,34.0,1.0,1.0,2.0,5.0,1.0,2.0,5.0,1.0,1.0,1.0,1.0,1.0,1.0,45-54,35-44,No,No,1,1,,,
25540,FL,12011.0,1201158002.0,Conventional:First Lien,Single Family (1-4 Units):Site-Built,Not Hispanic or Latino,White,Female,Loan originated,1,435000.0,82.0,7.0,2.5,2.0,8800.0,2500.0,3500.0,1500.0,500.0,360.0,0.0,0.0,2.0,2.0,2.0,2.0,530488.0,1.0,1.0,3.0,5.0,1.0,115000.0,36.0,1.0,1.0,2.0,5.0,1.0,2.0,5.0,1.0,1.0,1.0,1.0,1.0,1.0,35-44,35-44,No,No,1,1,,,
38060,IL,17097.0,1709765010.0,Conventional:First Lien,Single Family (1-4 Units):Site-Built,Hispanic or Latino,Asian,Male,Application withdrawn by applicant,1,685000.0,74.0,6.4,1.9,2.0,0.0,0.0,0.0,0.0,0.0,0.0,0.0,0.0,2.0,2.0,2.0,2.0,925676.0,1.0,1.0,3.0,5.0,1.0,165000.0,42.0,1.0,5.0,1.0,6.0,1.0,1.0,6.0,1.0,1.0,1.0,1.0,1.0,1.0,45-54,9999,No,,1,1,,,
12060,AL,1073.0,1073061001.0,USDA:First Lien,Single Family (1-4 Units):Site-Built,Not Hispanic or Latino,White,Female,Loan originated,1,195000.0,100.0,5.8,0.0,1.0,4400.0,1000.0,1480.0,480.0,0.0,360.0,0.0,0.0,2.0,2.0,2.0,2.0,195000.0,1.0,1.0,3.0,5.0,1.0,50000.0,28.0,1.0,1.0,2.0,5.0,1.0,2.0,5.0,1.0,1.0,1.0,1.0,1.0,1.0,25-34,25-34,No,No,1,1,,,
14460,AZ,4013.0,4013020501.0,Conventional:First Lien,Single Family (1-4 Units):Site-Built,Not Hispanic or Latino,White,Male,Loan originated,1,495000.0,78.0,6.75,2.0,2.0,10200.0,2900.0,4100.0,1800.0,600.0,360.0,0.0,0.0,2.0,2.0,2.0,2.0,634615.0,1.0,1.0,3.0,5.0,1.0,125000.0,33.0,1.0,1.0,2.0,5.0,1.0,2.0,5.0,1.0,1.0,1.0,1.0,1.0,1.0,35-44,35-44,No,No,1,1,,,
35620,NY,36005.0,36005002100.0,Conventional:First Lien,Single Family (1-4 Units):Site-Built,Not Hispanic or Latino,Asian,Male,Loan originated,1,385000.0,0.85,6.75,2.5,2.0,8500.0,2500.0,1800.0,500.0,0.0,360.0,0.0,0.0,2.0,2.0,2.0,2.0,,450000.0,1.0,1.0,5.0,5.0,1.0,,125000.0,0.38,1.0,1.0,2.0,2.0,1.0,1.0,6.0,6.0,1.0,1.0,1.0,1,1,1,35-44,30-34,No,No,1.0,1.0
31080,CA,6073.0,6073024201.0,FHA:First Lien,Single Family (1-4 Units):Site-Built,Hispanic or Latino,White,Female,Loan originated,1,425000.0,0.92,7.25,3.0,1.0,12000.0,3500.0,2500.0,1000.0,0.0,360.0,0.0,0.0,2.0,2.0,2.0,2.0,,460000.0,1.0,1.0,5.0,5.0,1.0,,98000.0,0.42,1.0,1.0,1.0,1.0,1.0,1.0,5.0,5.0,1.0,1.0,2.0,2,1,1,25-34,25-34,No,No,1.0,1.0
16980,TX,48113.0,48113030505.0,VA:First Lien,Single Family (1-4 Units):Site-Built,Not Hispanic or Latino,Black or African American,Male,Application denied,1,315000.0,0.88,7.5,3.25,1.0,0.0,0.0,0.0,0.0,0.0,360.0,0.0,0.0,2.0,2.0,2.0,2.0,,360000.0,1.0,1.0,5.0,5.0,1.0,,75000.0,0.49,1.0,6.0,2.0,5.0,1.0,4.0,3.0,5.0,1.0,4.0,1.0,5,1,5,45-54,9999,No,,1.0,1.0
19100,FL,12011.0,12011008702.0,Conventional:First Lien,Single Family (1-4 Units):Site-Built,Not Hispanic or Latino,White,Female,Loan originated,1,525000.0,0.78,6.5,2.0,2.0,9500.0,2800.0,2000.0,800.0,0.0,360.0,0.0,0.0,2.0,2.0,2.0,2.0,,675000.0,1.0,1.0,5.0,5.0,1.0,,155000.0,0.29,1.0,1.0,2.0,2.0,1.0,1.0,5.0,5.0,1.0,1.0,2.0,2,1,1,55-64,50-54,Yes,No,1.0,1.0
26420,IL,17031.0,17031060600.0,Conventional:Subordinate Lien,Single Family (1-4 Units):Site-Built,Hispanic or Latino,White,Male,Loan originated,3,75000.0,0.65,8.0,4.0,1.0,3500.0,1200.0,900.0,300.0,0.0,180.0,0.0,0.0,2.0,2.0,2.0,2.0,,115000.0,1.0,1.0,5.0,5.0,1.0,,65000.0,0.51,1.0,6.0,1.0,5.0,1.0,4.0,5.0,5.0,1.0,4.0,1.0,5,1,5,35-44,9999,No,,1.0,1.0
41860,OH,39035.0,39035010204.0,Conventional:First Lien,Single Family (1-4 Units):Site-Built,Not Hispanic or Latino,White,Male,Application withdrawn,1,275000.0,0.82,7.0,2.75,2.0,0.0,0.0,0.0,0.0,0.0,360.0,0.0,0.0,2.0,2.0,2.0,2.0,,335000.0,1.0,1.0,5.0,5.0,1.0,,85000.0,0.44,1.0,6.0,2.0,5.0,1.0,4.0,5.0,5.0,1.0,4.0,1.0,5,1,5,30-34,9999,No,,1.0,1.0
38060,PA,42003.0,42003002200.0,FHA:First Lien,Single Family (1-4 Units):Site-Built,Not Hispanic or Latino,Asian,Female,Loan originated,1,195000.0,0.95,7.75,3.5,1.0,8500.0,2200.0,1600.0,600.0,0.0,360.0,0.0,0.0,2.0,2.0,2.0,2.0,,205000.0,1.0,1.0,5.0,5.0,1.0,,58000.0,0.47,1.0,1.0,2.0,2.0,1.0,1.0,6.0,6.0,1.0,1.0,2.0,2,1,1,25-34,25-34,No,No,1.0,1.0
12060,AZ,4013.0,4013021506.0,Conventional:First Lien,Single Family (1-4 Units):Site-Built,Not Hispanic or Latino,White,Male,Loan originated,1,485000.0,0.8,6.875,2.25,2.0,7800.0,2100.0,1500.0,600.0,0.0,360.0,0.0,0.0,2.0,2.0,2.0,2.0,,605000.0,1.0,1.0,5.0,5.0,1.0,,135000.0,0.33,1.0,1.0,2.0,2.0,1.0,1.0,5.0,5.0,1.0,1.0,1.0,1,1,1,45-54,40-44,No,No,1.0,1.0
14460,WA,53033.0,53033030302.0,Conventional:First Lien,Single Family (1-4 Units):Site-Built,Hispanic or Latino,Black or African American,Female,Application denied,1,395000.0,0.9,7.625,3.75,1.0,0.0,0.0,0.0,0.0,0.0,360.0,0.0,0.0,2.0,2.0,2.0,2.0,,440000.0,1.0,1.0,5.0,5.0,1.0,,88000.0,0.52,1.0,6.0,1.0,5.0,1.0,4.0,3.0,5.0,1.0,4.0,2.0,5,1,5,35-44,9999,No,,1.0,1.0
19740,GA,13089.0,13089030101.0,VA:First Lien,Single Family (1-4 Units):Site-Built,Not Hispanic or Latino,White,Male,Loan originated,1,365000.0,0.87,6.375,1.5,2.0,6800.0,1900.0,1300.0,500.0,0.0,360.0,0.0,0.0,2.0,2.0,2.0,2.0,,420000.0,1.0,1.0,5.0,5.0,1.0,,105000.0,0.36,1.0,1.0,2.0,2.0,1.0,1.0,5.0,5.0,1.0,1.0,1.0,1,1,1,35-44,35-44,No,No,1.0,1.0
38900,NC,37183.0,37183020802.0,Conventional:First Lien,Single Family (1-4 Units):Site-Built,Not Hispanic or Latino,White,Female,File closed for incompleteness,1,445000.0,0.83,7.125,2.875,2.0,0.0,0.0,0.0,0.0,0.0,360.0,0.0,0.0,2.0,2.0,2.0,2.0,,535000.0,1.0,1.0,5.0,5.0,1.0,,115000.0,0.41,1.0,6.0,2.0,5.0,1.0,4.0,5.0,5.0,1.0,4.0,2.0,5,1,5,30-34,9999,No,,1.0,1.0
17140,MI,26125.0,26125030300.0,Conventional:First Lien,Single Family (1-4 Units):Site-Built,Not Hispanic or Latino,White,Male,Loan originated,1,235000.0,0.75,6.25,1.75,2.0,5200.0,1400.0,1000.0,400.0,0.0,360.0,0.0,0.0,2.0,2.0,2.0,2.0,,315000.0,1.0,1.0,5.0,5.0,1.0,,75000.0,0.28,1.0,1.0,2.0,2.0,1.0,1.0,5.0,5.0,1.0,1.0,1.0,1,1,1,40-44,35-39,No,No,1.0,1.0
41180,NY,36001.0,36001001001.0,Conventional:Subordinate Lien,Single Family (1-4 Units):Site-Built,Not Hispanic or Latino,Asian,Female,Loan originated,3,125000.0,0.55,8.5,4.5,1.0,4200.0,1500.0,1100.0,400.0,0.0,240.0,0.0,0.0,2.0,2.0,2.0,2.0,,225000.0,1.0,1.0,5.0,5.0,1.0,,95000.0,0.58,1.0,6.0,2.0,2.0,1.0,1.0,6.0,6.0,1.0,1.0,2.0,2,1,1,40-44,35-39,No,No,1.0,1.0
22020,CO,8031.0,8031010800.0,FHA:First Lien,Single Family (1-4 Units):Site-Built,Hispanic or Latino,White,Male,Loan originated,1,415000.0,0.93,7.875,3.25,1.0,11500.0,3200.0,2300.0,900.0,0.0,360.0,0.0,0.0,2.0,2.0,2.0,2.0,,445000.0,1.0,1.0,5.0,5.0,1.0,,92000.0,0.48,1.0,1.0,1.0,1.0,1.0,1.0,5.0,5.0,1.0,1.0,1.0,1,1,1,30-34,25-29,No,No,1.0,1.0
36540,NJ,34023.0,34023000500.0,Conventional:First Lien,Single Family (1-4 Units):Site-Built,Not Hispanic or Latino,White,Male,Application denied,1,625000.0,0.85,7.375,3.0,2.0,0.0,0.0,0.0,0.0,0.0,360.0,0.0,0.0,2.0,2.0,2.0,2.0,,735000.0,1.0,1.0,5.0,5.0,1.0,,165000.0,0.39,1.0,6.0,2.0,5.0,1.0,4.0,5.0,5.0,1.0,4.0,1.0,5,1,5,50-54,9999,No,,1.0,1.0
45300,TN,47165.0,47165030200.0,Conventional:First Lien,Single Family (1-4 Units):Site-Built,Not Hispanic or Latino,Black or African American,Female,Loan originated,1,285000.0,0.79,6.625,2.125,2.0,6100.0,1700.0,1200.0,500.0,0.0,360.0,0.0,0.0,2.0,2.0,2.0,2.0,,360000.0,1.0,1.0,5.0,5.0,1.0,,78000.0,0.31,1.0,1.0,2.0,2.0,1.0,1.0,3.0,3.0,1.0,1.0,2.0,2,1,1,35-44,30-34,No,No,1.0,1.0
29540,ID,16001.0,16001000600.0,VA:First Lien,Manufactured Home,Hispanic or Latino,White,Male,Loan originated,1,185000.0,0.96,7.125,2.75,2.0,7200.0,2000.0,1400.0,600.0,0.0,360.0,0.0,0.0,2.0,2.0,2.0,2.0,,193000.0,2.0,1.0,1.0,1.0,1.0,,65000.0,0.45,1.0,1.0,1.0,1.0,1.0,1.0,5.0,5.0,1.0,1.0,1.0,1,1,1,45-54,40-44,No,No,1.0,1.0
38300,OR,41051.0,41051002600.0,Conventional:First Lien,Single Family (1-4 Units):Site-Built,Not Hispanic or Latino,White,Female,Application withdrawn,1,495000.0,0.81,6.75,2.5,2.0,0.0,0.0,0.0,0.0,0.0,360.0,0.0,0.0,2.0,2.0,2.0,2.0,,610000.0,1.0,1.0,5.0,5.0,1.0,,125000.0,0.35,1.0,6.0,2.0,5.0,1.0,4.0,5.0,5.0,1.0,4.0,2.0,5,1,5,40-44,9999,No,,1.0,1.0
45060,SC,45019.0,45019040100.0,FHA:First Lien,Single Family (1-4 Units):Site-Built,Not Hispanic or Latino,White,Male,Loan originated,1,275000.0,0.89,7.5,3.125,1.0,9800.0,2800.0,2000.0,800.0,0.0,360.0,0.0,0.0,2.0,2.0,2.0,2.0,,310000.0,1.0,1.0,5.0,5.0,1.0,,72000.0,0.46,1.0,1.0,2.0,2.0,1.0,1.0,5.0,5.0,1.0,1.0,1.0,1,1,1,30-34,25-29,No,No,1.0,1.0
19820,MA,25009.0,25009070201.0,Conventional:First Lien,Single Family (1-4 Units):Site-Built,Not Hispanic or Latino,Asian,Male,Loan originated,1,685000.0,0.77,6.125,1.875,2.0,11200.0,3100.0,2200.0,900.0,0.0,360.0,0.0,0.0,2.0,2.0,2.0,2.0,,890000.0,1.0,1.0,5.0,5.0,1.0,,185000.0,0.26,1.0,1.0,2.0,2.0,1.0,1.0,6.0,6.0,1.0,1.0,1.0,1,1,1,40-44,35-39,No,No,1.0,1.0
24330,WI,55079.0,55079003200.0,Conventional:Subordinate Lien,Single Family (1-4 Units):Site-Built,Hispanic or Latino,White,Female,Loan originated,3,95000.0,0.6,8.25,4.25,1.0,3800.0,1300.0,950.0,350.0,0.0,180.0,0.0,0.0,2.0,2.0,2.0,2.0,,160000.0,1.0,1.0,5.0,5.0,1.0,,68000.0,0.54,1.0,6.0,1.0,2.0,1.0,1.0,5.0,5.0,1.0,1.0,2.0,2,1,1,35-44,30-34,No,No,1.0,1.0
40900,NV,32003.0,32003050304.0,Conventional:First Lien,Single Family (1-4 Units):Site-Built,Not Hispanic or Latino,White,Male,Application denied,1,415000.0,0.91,7.875,3.375,1.0,0.0,0.0,0.0,0.0,0.0,360.0,0.0,0.0,2.0,2.0,2.0,2.0,,455000.0,1.0,1.0,5.0,5.0,1.0,,98000.0,0.53,1.0,6.0,2.0,5.0,1.0,4.0,5.0,5.0,1.0,4.0,1.0,5,1,5,35-39,9999,No,,1.0,1.0
12580,AL,1073.0,1073020500.0,Conventional:First Lien,Single Family (1-4 Units):Site-Built,Not Hispanic or Latino,Black or African American,Female,Loan originated,1,195000.0,0.84,7.0,2.625,2.0,5400.0,1500.0,1100.0,400.0,0.0,360.0,0.0,0.0,2.0,2.0,2.0,2.0,,232000.0,1.0,1.0,5.0,5.0,1.0,,58000.0,0.37,1.0,1.0,2.0,3.0,1.0,1.0,3.0,3.0,1.0,1.0,2.0,2,1,1,35-44,30-34,No,No,1.0,1.0
29820,KY,21113.0,21113020100.0,VA:First Lien,Single Family (1-4 Units):Site-Built,Not Hispanic or Latino,White,Male,Loan originated,1,255000.0,0.88,6.5,1.75,2.0,5900.0,1600.0,1200.0,400.0,0.0,360.0,0.0,0.0,2.0,2.0,2.0,2.0,,290000.0,1.0,1.0,5.0,5.0,1.0,,72000.0,0.34,1.0,1.0,2.0,2.0,1.0,1.0,5.0,5.0,1.0,1.0,1.0,1,1,1,30-34,30-34,No,No,1.0,1.0
24260,LA,22051.0,22051002601.0,FHA:First Lien,Single Family (1-4 Units):Site-Built,Hispanic or Latino,Black or African American,Male,File closed for incompleteness,1,225000.0,0.94,8.0,3.75,1.0,0.0,0.0,0.0,0.0,0.0,360.0,0.0,0.0,2.0,2.0,2.0,2.0,,240000.0,1.0,1.0,5.0,5.0,1.0,,55000.0,0.49,1.0,6.0,1.0,5.0,1.0,4.0,3.0,5.0,1.0,4.0,1.0,5,1,5,25-34,9999,No,,1.0,1.0
30780,OK,40109.0,40109030401.0,Conventional:First Lien,Single Family (1-4 Units):Site-Built,Not Hispanic or Latino,White,Male,Loan originated,1,305000.0,0.76,6.375,2.0,2.0,6700.0,1800.0,1300.0,500.0,0.0,360.0,0.0,0.0,2.0,2.0,2.0,2.0,,400000.0,1.0,1.0,5.0,5.0,1.0,,85000.0,0.29,1.0,1.0,2.0,2.0,1.0,1.0,5.0,5.0,1.0,1.0,1.0,1,1,1,45-54,40-44,No,No,1.0,1.0
22380,CT,9001.0,9001010300.0,Conventional:First Lien,Single Family (1-4 Units):Site-Built,Not Hispanic or Latino,White,Female,Application withdrawn,1,425000.0,0.73,6.25,1.5,2.0,0.0,0.0,0.0,0.0,0.0,360.0,0.0,0.0,2.0,2.0,2.0,2.0,,580000.0,1.0,1.0,5.0,5.0,1.0,,145000.0,0.24,1.0,6.0,2.0,5.0,1.0,4.0,5.0,5.0,1.0,4.0,2.0,5,1,5,50-54,9999,Yes,,1.0,1.0
26140,MD,24003.0,24003300100.0,Conventional:Subordinate Lien,Single Family (1-4 Units):Site-Built,Hispanic or Latino,Asian,Male,Loan originated,3,165000.0,0.7,8.75,4.75,1.0,5200.0,1800.0,1300.0,500.0,0.0,180.0,0.0,0.0,2.0,2.0,2.0,2.0,,235000.0,1.0,1.0,5.0,5.0,1.0,,105000.0,0.61,1.0,6.0,1.0,6.0,1.0,1.0,6.0,6.0,1.0,1.0,1.0,1,1,1,40-44,35-39,No,No,1.0,1.0
36500,VA,51013.0,51013040102.0,Conventional:First Lien,Single Family (1-4 Units):Site-Built,Not Hispanic or Latino,White,Male,Loan originated,1,555000.0,0.82,6.875,2.375,2.0,8800.0,2400.0,1700.0,700.0,0.0,360.0,0.0,0.0,2.0,2.0,2.0,2.0,,675000.0,1.0,1.0,5.0,5.0,1.0,,160000.0,0.31,1.0,1.0,2.0,2.0,1.0,1.0,5.0,5.0,1.0,1.0,1.0,1,1,1,40-44,35-39,No,No,1.0,1.0
39300,OR,41067.0,41067000900.0,FHA:First Lien,Single Family (1-4 Units):Site-Built,Not Hispanic or Latino,White,Female,Application denied,1,365000.0,0.9,7.75,3.5,1.0,0.0,0.0,0.0,0.0,0.0,360.0,0.0,0.0,2.0,2.0,2.0,2.0,,405000.0,1.0,1.0,5.0,5.0,1.0,,85000.0,0.51,1.0,6.0,2.0,5.0,1.0,4.0,5.0,5.0,1.0,4.0,2.0,5,1,5,35-39,9999,No,,1.0,1.0
41140,TX,48121.0,48121010800.0,Conventional:First Lien,Single Family (1-4 Units):Site-Built,Hispanic or Latino,White,Male,Loan originated,1,315000.0,0.86,7.125,2.75,2.0,7300.0,2000.0,1400.0,600.0,0.0,360.0,0.0,0.0,2.0,2.0,2.0,2.0,,365000.0,1.0,1.0,5.0,5.0,1.0,,82000.0,0.4,1.0,1.0,1.0,1.0,1.0,1.0,5.0,5.0,1.0,1.0,1.0,1,1,1,30-34,25-29,No,No,1.0,1.0
28140,ME,23005.0,23005015600.0,VA:First Lien,Single Family (1-4 Units):Site-Built,Not Hispanic or Latino,White,Female,Loan originated,1,285000.0,0.91,6.75,2.125,2.0,6500.0,1800.0,1300.0,500.0,0.0,360.0,0.0,0.0,2.0,2.0,2.0,2.0,,315000.0,1.0,1.0,5.0,5.0,1.0,,78000.0,0.38,1.0,1.0,2.0,2.0,1.0,1.0,5.0,5.0,1.0,1.0,2.0,2,1,1,35-44,35-44,No,No,1.0,1.0
35380,NM,35001.0,35001000100.0,Conventional:First Lien,Single Family (1-4 Units):Site-Built,Hispanic or Latino,American Indian or Alaska Native,Male,File closed for incompleteness,1,245000.0,0.89,7.625,3.25,1.0,0.0,0.0,0.0,0.0,0.0,360.0,0.0,0.0,2.0,2.0,2.0,2.0,,275000.0,1.0,1.0,5.0,5.0,1.0,,58000.0,0.47,1.0,6.0,1.0,5.0,1.0,4.0,1.0,5.0,1.0,4.0,1.0,5,1,5,35-44,9999,No,,1.0,1.0
17660,MS,28089.0,28089030100.0,Conventional:First Lien,Single Family (1-4 Units):Site-Built,Not Hispanic or Latino,Black or African American,Female,Loan originated,1,175000.0,0.82,7.25,2.875,2.0,4800.0,1300.0,950.0,350.0,0.0,360.0,0.0,0.0,2.0,2.0,2.0,2.0,,215000.0,1.0,1.0,5.0,5.0,1.0,,52000.0,0.41,1.0,1.0,2.0,3.0,1.0,1.0,3.0,3.0,1.0,1.0,2.0,2,1,1,35-44,30-34,No,No,1.0,1.0
30140,MO,29189.0,29189010900.0,FHA:First Lien,Single Family (1-4 Units):Site-Built,Not Hispanic or Latino,White,Male,Loan originated,1,235000.0,0.92,7.5,3.125,1.0,8800.0,2500.0,1800.0,700.0,0.0,360.0,0.0,0.0,2.0,2.0,2.0,2.0,,255000.0,1.0,1.0,5.0,5.0,1.0,,62000.0,0.43,1.0,1.0,2.0,2.0,1.0,1.0,5.0,5.0,1.0,1.0,1.0,1,1,1,25-34,25-34,No,No,1.0,1.0
47580,UT,49035.0,49035010202.0,Conventional:First Lien,Single Family (1-4 Units):Site-Built,Not Hispanic or Latino,White,Male,Application denied,1,485000.0,0.84,6.625,2.125,2.0,0.0,0.0,0.0,0.0,0.0,360.0,0.0,0.0,2.0,2.0,2.0,2.0,,575000.0,1.0,1.0,5.0,5.0,1.0,,135000.0,0.32,1.0,6.0,2.0,5.0,1.0,4.0,5.0,5.0,1.0,4.0,1.0,5,1,5,40-44,9999,No,,1.0,1.0
13980,AR,5043.0,5043030200.0,Conventional:Subordinate Lien,Single Family (1-4 Units):Site-Built,Hispanic or Latino,White,Female,Loan originated,3,85000.0,0.52,8.75,4.5,1.0,3200.0,1100.0,800.0,300.0,0.0,180.0,0.0,0.0,2.0,2.0,2.0,2.0,,165000.0,1.0,1.0,5.0,5.0,1.0,,58000.0,0.59,1.0,6.0,1.0,2.0,1.0,1.0,5.0,5.0,1.0,1.0,2.0,2,1,1,30-34,25-29,No,No,1.0,1.0
38940,NV,32003.0,32003080401.0,Conventional:First Lien,Single Family (1-4 Units):Site-Built,Not Hispanic or Latino,Asian,Female,Loan originated,1,395000.0,0.79,6.5,2.0,2.0,7200.0,1900.0,1400.0,500.0,0.0,360.0,0.0,0.0,2.0,2.0,2.0,2.0,,500000.0,1.0,1.0,5.0,5.0,1.0,,125000.0,0.28,1.0,1.0,2.0,2.0,1.0,1.0,6.0,6.0,1.0,1.0,2.0,2,1,1,45-54,40-44,No,No,1.0,1.0
49180,WA,53061.0,53061041400.0,VA:First Lien,Single Family (1-4 Units):Site-Built,Not Hispanic or Latino,White,Male,Loan originated,1,525000.0,0.88,6.375,1.625,2.0,8200.0,2200.0,1600.0,600.0,0.0,360.0,0.0,0.0,2.0,2.0,2.0,2.0,,595000.0,1.0,1.0,5.0,5.0,1.0,,145000.0,0.34,1.0,1.0,2.0,2.0,1.0,1.0,5.0,5.0,1.0,1.0,1.0,1,1,1,35-44,30-34,No,No,1.0,1.0
12020,AZ,4013.0,40130290800.0,Conventional:First Lien,Single Family (1-4 Units):Site-Built,Hispanic or Latino,White,Male,Application withdrawn,1,355000.0,0.87,7.25,2.875,2.0,0.0,0.0,0.0,0.0,0.0,360.0,0.0,0.0,2.0,2.0,2.0,2.0,,410000.0,1.0,1.0,5.0,5.0,1.0,,88000.0,0.42,1.0,6.0,1.0,5.0,1.0,4.0,5.0,5.0,1.0,4.0,1.0,5,1,5,30-34,9999,No,,1.0,1.0
35620,CA,73.0,6073007301.0,Conventional:First Lien,Single Family (1-4 Units):Site-Built,Not Hispanic or Latino,Asian,Male,Loan originated,1,485000.0,0.85,6.875,2.25,0.0,8500.0,3500.0,2800.0,1200.0,500.0,360.0,0.0,0.0,2.0,2.0,2.0,2.0,,550000.0,1.0,1.0,,,1.0,,125000.0,0.38,1.0,1.0,2.0,5.0,1.0,5.0,2.0,5.0,1.0,5.0,1.0,1,1,5,35-44,9999,No,,1.0,1.0
16980,TX,141.0,48141014100.0,FHA:First Lien,Single Family (1-4 Units):Site-Built,Hispanic or Latino,White,Female,Loan originated,1,312000.0,0.96,7.125,2.5,0.0,9500.0,4200.0,3200.0,1500.0,700.0,360.0,0.0,0.0,2.0,2.0,2.0,2.0,,325000.0,1.0,1.0,,,1.0,,78000.0,0.42,1.0,3.0,1.0,5.0,1.0,5.0,5.0,5.0,1.0,5.0,2.0,5,1,5,25-34,45-54,No,No,1.0,1.0
38060,WA,33.0,53033003302.0,VA:First Lien,Single Family (1-4 Units):Site-Built,Not Hispanic or Latino,White,Male,Application denied,1,425000.0,,7.75,3.0,0.0,0.0,0.0,0.0,0.0,0.0,360.0,,,2.0,2.0,2.0,2.0,,480000.0,1.0,1.0,,,1.0,,95000.0,,1.0,3.0,2.0,5.0,1.0,5.0,5.0,5.0,1.0,5.0,1.0,5,1,5,45-54,9999,No,,1.0,1.0
12060,AZ,13.0,4013001301.0,Conventional:Subordinate Lien,Single Family (1-4 Units):Site-Built,Not Hispanic or Latino,Black or African American,Female,Loan originated,3,65000.0,0.75,8.25,4.0,0.0,4200.0,1800.0,1200.0,600.0,200.0,180.0,0.0,0.0,2.0,2.0,2.0,2.0,,87000.0,1.0,1.0,,,1.0,,62000.0,0.29,1.0,1.0,2.0,5.0,1.0,5.0,3.0,5.0,1.0,5.0,2.0,5,1,5,55-64,9999,Yes,,1.0,1.0
14460,CO,31.0,8031003104.0,Conventional:First Lien,Single Family (1-4 Units):Site-Built,Hispanic or Latino,Asian,Male,Loan originated,1,555000.0,0.8,6.625,1.75,0.0,11200.0,4800.0,3800.0,1800.0,900.0,360.0,0.0,0.0,2.0,2.0,2.0,2.0,,695000.0,1.0,1.0,,,1.0,,142000.0,0.35,1.0,1.0,1.0,5.0,1.0,5.0,2.0,5.0,1.0,5.0,1.0,5,1,5,35-44,25-34,No,No,1.0,1.0
19100,FL,86.0,12086008601.0,FSA:First Lien,Manufactured Home,Hispanic or Latino,White,Female,Loan originated,1,125000.0,0.95,8.5,4.75,0.0,6800.0,2900.0,2100.0,1100.0,500.0,240.0,0.0,0.0,2.0,2.0,2.0,2.0,,132000.0,2.0,1.0,2.0,3.0,1.0,,48000.0,0.48,1.0,1.0,1.0,5.0,1.0,5.0,5.0,5.0,1.0,5.0,2.0,5,1,5,25-34,9999,No,,1.0,1.0
26420,IL,43.0,17043004302.0,Conventional:First Lien,Single Family (1-4 Units):Site-Built,Not Hispanic or Latino,White,Male,File closed for incompleteness,1,375000.0,,7.0,2.0,0.0,0.0,0.0,0.0,0.0,0.0,360.0,,,2.0,2.0,2.0,2.0,,420000.0,1.0,1.0,,,1.0,,88000.0,,1.0,1.0,2.0,5.0,1.0,5.0,5.0,5.0,1.0,5.0,1.0,5,1,5,65-74,9999,Yes,,1.0,1.0
38060,WA,33.0,53033003305.0,Conventional:First Lien,Single Family (1-4 Units):Site-Built,Not Hispanic or Latino,Native Hawaiian or Other Pacific Islander,Female,Loan originated,2,395000.0,0.78,6.75,2.0,0.0,7800.0,3400.0,2600.0,1200.0,600.0,360.0,0.0,0.0,2.0,2.0,2.0,2.0,,510000.0,1.0,2.0,,,1.0,,105000.0,0.31,1.0,1.0,2.0,5.0,1.0,5.0,6.0,5.0,1.0,5.0,2.0,5,1,5,45-54,35-44,No,No,1.0,1.0
41860,WI,79.0,55079007903.0,Conventional:First Lien,Single Family (1-4 Units):Site-Built,Not Hispanic or Latino,American Indian or Alaska Native,Male,Loan originated,1,285000.0,0.82,6.95,2.1,0.0,6200.0,2800.0,2100.0,1000.0,500.0,360.0,0.0,0.0,2.0,2.0,2.0,2.0,,350000.0,1.0,1.0,,,1.0,,72000.0,0.33,1.0,3.0,2.0,5.0,1.0,5.0,1.0,5.0,1.0,5.0,1.0,5,1,5,25-34,9999,No,,1.0,1.0
38060,WA,33.0,53033003307.0,Conventional:Subordinate Lien,Single Family (1-4 Units):Site-Built,Hispanic or Latino,Black or African American,Female,Loan originated,4,95000.0,0.7,9.0,5.0,0.0,5200.0,2300.0,1700.0,800.0,400.0,180.0,0.0,0.0,2.0,2.0,2.0,2.0,,135000.0,1.0,1.0,,,1.0,,58000.0,0.4,1.0,1.0,1.0,5.0,1.0,5.0,3.0,5.0,1.0,5.0,2.0,5,1,5,35-44,9999,No,,1.0,1.0
12060,AZ,13.0,4013001305.0,VA:First Lien,Single Family (1-4 Units):Site-Built,Not Hispanic or Latino,White,Male,Loan originated,1,485000.0,0.9,6.5,1.5,0.0,8800.0,3900.0,3000.0,1400.0,700.0,360.0,0.0,0.0,2.0,2.0,2.0,2.0,,540000.0,1.0,1.0,,,1.0,,115000.0,0.36,1.0,1.0,2.0,5.0,1.0,5.0,5.0,5.0,1.0,5.0,1.0,5,1,5,55-64,45-54,Yes,No,1.0,1.0
19740,GA,135.0,13135013502.0,Conventional:First Lien,Single Family (1-4 Units):Site-Built,Hispanic or Latino,White,Female,Application withdrawn,1,365000.0,,6.875,2.25,0.0,0.0,0.0,0.0,0.0,0.0,360.0,,,2.0,2.0,2.0,2.0,,415000.0,1.0,1.0,,,1.0,,85000.0,,1.0,3.0,1.0,5.0,1.0,5.0,5.0,5.0,1.0,5.0,2.0,5,1,5,35-44,25-34,No,No,1.0,1.0
35620,CA,37.0,6037003701.0,Conventional:First Lien,Single Family (1-4 Units):Site-Built,Not Hispanic or Latino,Asian,Female,Loan originated,1,825000.0,0.75,6.25,1.0,0.0,14800.0,6200.0,4800.0,2300.0,1100.0,360.0,0.0,0.0,2.0,2.0,2.0,2.0,,1100000.0,1.0,1.0,,,1.0,,185000.0,0.28,1.0,1.0,2.0,5.0,1.0,5.0,2.0,5.0,1.0,5.0,2.0,5,1,5,45-54,9999,No,,1.0,1.0
45300,UT,49.0,49049004904.0,FHA:First Lien,Single Family (1-4 Units):Site-Built,Not Hispanic or Latino,White,Male,Loan originated,1,425000.0,0.96,7.25,2.75,0.0,10200.0,4400.0,3400.0,1600.0,800.0,360.0,0.0,0.0,2.0,2.0,2.0,2.0,,445000.0,1.0,1.0,,,1.0,,98000.0,0.41,1.0,1.0,2.0,5.0,1.0,5.0,5.0,5.0,1.0,5.0,1.0,5,1,5,25-34,9999,No,,1.0,1.0
16980,TX,201.0,48201020105.0,Conventional:First Lien,Single Family (1-4 Units):Site-Built,Hispanic or Latino,Black or African American,Male,Application denied,1,350000.0,,7.5,2.5,0.0,0.0,0.0,0.0,0.0,0.0,360.0,,,2.0,2.0,2.0,2.0,,385000.0,1.0,1.0,,,1.0,,75000.0,,1.0,3.0,1.0,5.0,1.0,5.0,3.0,5.0,1.0,5.0,1.0,5,1,5,35-44,9999,No,,1.0,1.0
14460,CO,1.0,8001000102.0,Conventional:First Lien,Single Family (1-4 Units):Site-Built,Not Hispanic or Latino,White,Female,Loan originated,1,625000.0,0.85,6.75,2.0,0.0,11800.0,5100.0,4000.0,1900.0,900.0,360.0,0.0,0.0,2.0,2.0,2.0,2.0,,735000.0,1.0,1.0,,,1.0,,155000.0,0.32,1.0,1.0,2.0,5.0,1.0,5.0,5.0,5.0,1.0,5.0,2.0,5,1,5,45-54,35-44,No,No,1.0,1.0
38060,WA,33.0,53033003309.0,Conventional:Subordinate Lien,Single Family (1-4 Units):Site-Built,Not Hispanic or Latino,Asian,Male,Loan originated,3,75000.0,0.65,8.75,4.5,0.0,4100.0,1800.0,1300.0,600.0,300.0,180.0,0.0,0.0,2.0,2.0,2.0,2.0,,115000.0,1.0,1.0,,,1.0,,52000.0,0.35,1.0,1.0,2.0,5.0,1.0,5.0,2.0,5.0,1.0,5.0,1.0,5,1,5,55-64,9999,Yes,,1.0,1.0
19100,FL,86.0,12086008603.0,Conventional:First Lien,Single Family (1-4 Units):Site-Built,Hispanic or Latino,White,Male,Loan originated,1,395000.0,0.8,7.0,2.2,0.0,8200.0,3600.0,2800.0,1300.0,600.0,360.0,0.0,0.0,2.0,2.0,2.0,2.0,,495000.0,1.0,1.0,,,1.0,,92000.0,0.37,1.0,3.0,1.0,5.0,1.0,5.0,5.0,5.0,1.0,5.0,1.0,5,1,5,35-44,9999,No,,1.0,1.0
26420,IL,43.0,17043004304.0,Conventional:First Lien,Single Family (1-4 Units):Site-Built,Not Hispanic or Latino,Black or African American,Female,Loan originated,1,455000.0,0.88,6.9,2.3,0.0,9200.0,4000.0,3100.0,1500.0,700.0,360.0,0.0,0.0,2.0,2.0,2.0,2.0,,515000.0,1.0,1.0,,,1.0,,108000.0,0.34,1.0,1.0,2.0,5.0,1.0,5.0,3.0,5.0,1.0,5.0,2.0,5,1,5,25-34,25-34,No,No,1.0,1.0
35620,CA,71.0,6071007102.0,VA:First Lien,Single Family (1-4 Units):Site-Built,Not Hispanic or Latino,White,Male,Loan originated,1,685000.0,0.92,6.375,1.75,0.0,13200.0,5700.0,4400.0,2100.0,1000.0,360.0,0.0,0.0,2.0,2.0,2.0,2.0,,745000.0,1.0,1.0,,,1.0,,145000.0,0.3,1.0,1.0,2.0,5.0,1.0,5.0,5.0,5.0,1.0,5.0,1.0,5,1,5,35-44,35-44,No,No,1.0,1.0
41860,WI,79.0,55079007905.0,Conventional:First Lien,Single Family (1-4 Units):Site-Built,Not Hispanic or Latino,American Indian or Alaska Native,Female,Application denied,1,275000.0,,7.125,2.4,0.0,0.0,0.0,0.0,0.0,0.0,360.0,,,2.0,2.0,2.0,2.0,,315000.0,1.0,1.0,,,1.0,,68000.0,,1.0,3.0,2.0,5.0,1.0,5.0,1.0,5.0,1.0,5.0,2.0,5,1,5,45-54,9999,No,,1.0,1.0
38060,WA,53.0,53053005301.0,Conventional:First Lien,Single Family (1-4 Units):Site-Built,Hispanic or Latino,Asian,Female,Loan originated,1,525000.0,0.82,6.5,1.8,0.0,9800.0,4200.0,3300.0,1600.0,800.0,360.0,0.0,0.0,2.0,2.0,2.0,2.0,,640000.0,1.0,1.0,,,1.0,,125000.0,0.33,1.0,1.0,1.0,5.0,1.0,5.0,2.0,5.0,1.0,5.0,2.0,5,1,5,35-44,45-54,No,No,1.0,1.0
12060,AZ,13.0,4013001307.0,FHA:First Lien,Single Family (1-4 Units):Site-Built,Not Hispanic or Latino,White,Male,Loan originated,1,385000.0,0.97,7.375,3.0,0.0,9600.0,4100.0,3200.0,1500.0,700.0,360.0,0.0,0.0,2.0,2.0,2.0,2.0,,395000.0,1.0,1.0,,,1.0,,88000.0,0.43,1.0,1.0,2.0,5.0,1.0,5.0,5.0,5.0,1.0,5.0,1.0,5,1,5,25-34,9999,No,,1.0,1.0
19740,GA,135.0,13135013504.0,Conventional:First Lien,Single Family (1-4 Units):Site-Built,Hispanic or Latino,Black or African American,Female,Loan originated,1,415000.0,0.83,7.1,2.4,0.0,8800.0,3800.0,3000.0,1400.0,700.0,360.0,0.0,0.0,2.0,2.0,2.0,2.0,,500000.0,1.0,1.0,,,1.0,,95000.0,0.36,1.0,1.0,1.0,5.0,1.0,5.0,3.0,5.0,1.0,5.0,2.0,5,1,5,45-54,9999,No,,1.0,1.0
35620,CA,37.0,6037003703.0,Conventional:First Lien,Single Family (1-4 Units):Site-Built,Not Hispanic or Latino,Asian,Male,Application withdrawn,1,925000.0,,6.5,1.5,0.0,0.0,0.0,0.0,0.0,0.0,360.0,,,2.0,2.0,2.0,2.0,,1180000.0,1.0,1.0,,,1.0,,195000.0,,1.0,3.0,2.0,5.0,1.0,5.0,2.0,5.0,1.0,5.0,1.0,5,1,5,35-44,25-34,No,No,1.0,1.0
45300,UT,49.0,49049004906.0,Conventional:First Lien,Single Family (1-4 Units):Site-Built,Not Hispanic or Latino,White,Female,Loan originated,1,495000.0,0.86,6.8,2.1,0.0,10400.0,4500.0,3500.0,1700.0,800.0,360.0,0.0,0.0,2.0,2.0,2.0,2.0,,575000.0,1.0,1.0,,,1.0,,118000.0,0.34,1.0,1.0,2.0,5.0,1.0,5.0,5.0,5.0,1.0,5.0,2.0,5,1,5,25-34,9999,No,,1.0,1.0
16980,TX,201.0,48201020107.0,Conventional:Subordinate Lien,Single Family (1-4 Units):Site-Built,Hispanic or Latino,White,Male,Loan originated,3,55000.0,0.6,8.5,4.25,0.0,3200.0,1400.0,1000.0,500.0,200.0,180.0,0.0,0.0,2.0,2.0,2.0,2.0,,90000.0,1.0,1.0,,,1.0,,42000.0,0.38,1.0,1.0,1.0,5.0,1.0,5.0,5.0,5.0,1.0,5.0,1.0,5,1,5,55-64,9999,Yes,,1.0,1.0
14460,CO,1.0,8001000104.0,VA:First Lien,Single Family (1-4 Units):Site-Built,Not Hispanic or Latino,Black or African American,Male,Loan originated,1,525000.0,0.91,6.375,1.5,0.0,11200.0,4800.0,3700.0,1800.0,900.0,360.0,0.0,0.0,2.0,2.0,2.0,2.0,,575000.0,1.0,1.0,,,1.0,,122000.0,0.31,1.0,3.0,2.0,5.0,1.0,5.0,3.0,5.0,1.0,5.0,1.0,5,1,5,35-44,35-44,No,No,1.0,1.0
38060,WA,53.0,53053005303.0,Conventional:First Lien,Single Family (1-4 Units):Site-Built,Not Hispanic or Latino,White,Female,Loan originated,1,625000.0,0.79,6.625,1.9,0.0,11800.0,5100.0,4000.0,1900.0,900.0,360.0,0.0,0.0,2.0,2.0,2.0,2.0,,790000.0,1.0,1.0,,,1.0,,148000.0,0.29,1.0,1.0,2.0,5.0,1.0,5.0,5.0,5.0,1.0,5.0,2.0,5,1,5,45-54,45-54,No,No,1.0,1.0
19100,FL,86.0,12086008605.0,Conventional:First Lien,Single Family (1-4 Units):Site-Built,Hispanic or Latino,Asian,Male,Application denied,1,425000.0,,7.25,2.6,0.0,0.0,0.0,0.0,0.0,0.0,360.0,,,2.0,2.0,2.0,2.0,,485000.0,1.0,1.0,,,1.0,,98000.0,,1.0,3.0,1.0,5.0,1.0,5.0,2.0,5.0,1.0,5.0,1.0,5,1,5,25-34,9999,No,,1.0,1.0
26420,IL,43.0,17043004306.0,Conventional:First Lien,Single Family (1-4 Units):Site-Built,Not Hispanic or Latino,White,Male,Loan originated,2,350000.0,0.75,6.75,2.0,0.0,7200.0,3100.0,2400.0,1100.0,500.0,360.0,0.0,0.0,2.0,2.0,2.0,2.0,,465000.0,1.0,2.0,,,1.0,,82000.0,0.32,1.0,1.0,2.0,5.0,1.0,5.0,5.0,5.0,1.0,5.0,1.0,5,1,5,35-44,9999,No,,1.0,1.0
35620,CA,71.0,6071007104.0,FHA:First Lien,Single Family (1-4 Units):Site-Built,Not Hispanic or Latino,Black or African American,Female,Loan originated,1,625000.0,0.96,7.0,2.5,0.0,13800.0,5900.0,4600.0,2200.0,1000.0,360.0,0.0,0.0,2.0,2.0,2.0,2.0,,650000.0,1.0,1.0,,,1.0,,135000.0,0.4,1.0,1.0,2.0,5.0,1.0,5.0,3.0,5.0,1.0,5.0,2.0,5,1,5,35-44,9999,No,,1.0,1.0
41860,WI,79.0,55079007907.0,Conventional:First Lien,Single Family (1-4 Units):Site-Built,Not Hispanic or Latino,American Indian or Alaska Native,Male,Loan originated,1,315000.0,0.84,6.9,2.2,0.0,6800.0,2900.0,2200.0,1000.0,500.0,360.0,0.0,0.0,2.0,2.0,2.0,2.0,,375000.0,1.0,1.0,,,1.0,,75000.0,0.35,1.0,3.0,2.0,5.0,1.0,5.0,1.0,5.0,1.0,5.0,1.0,5,1,5,45-54,9999,No,,1.0,1.0
38060,WA,33.0,53033003311.0,Conventional:Subordinate Lien,Single Family (1-4 Units):Site-Built,Hispanic or Latino,White,Female,Loan originated,4,85000.0,0.68,8.75,4.75,0.0,4600.0,2000.0,1500.0,700.0,400.0,180.0,0.0,0.0,2.0,2.0,2.0,2.0,,125000.0,1.0,1.0,,,1.0,,58000.0,0.42,1.0,1.0,1.0,5.0,1.0,5.0,5.0,5.0,1.0,5.0,2.0,5,1,5,55-64,9999,Yes,,1.0,1.0
12060,AZ,13.0,4013001309.0,Conventional:First Lien,Single Family (1-4 Units):Site-Built,Not Hispanic or Latino,Asian,Male,Loan originated,1,585000.0,0.77,6.375,1.6,0.0,10800.0,4600.0,3600.0,1700.0,800.0,360.0,0.0,0.0,2.0,2.0,2.0,2.0,,760000.0,1.0,1.0,,,1.0,,145000.0,0.28,1.0,1.0,2.0,5.0,1.0,5.0,2.0,5.0,1.0,5.0,1.0,5,1,5,35-44,35-44,No,No,1.0,1.0
19740,GA,135.0,13135013506.0,Conventional:First Lien,Single Family (1-4 Units):Site-Built,Hispanic or Latino,Native Hawaiian or Other Pacific Islander,Female,Application withdrawn,1,395000.0,,7.0,2.3,0.0,0.0,0.0,0.0,0.0,0.0,360.0,,,2.0,2.0,2.0,2.0,,465000.0,1.0,1.0,,,1.0,,88000.0,,1.0,3.0,1.0,5.0,1.0,5.0,6.0,5.0,1.0,5.0,2.0,5,1,5,25-34,25-34,No,No,1.0,1.0
45300,UT,49.0,49049004908.0,VA:First Lien,Single Family (1-4 Units):Site-Built,Not Hispanic or Latino,White,Male,Loan originated,1,465000.0,0.89,6.25,1.25,0.0,9800.0,4200.0,3300.0,1600.0,800.0,360.0,0.0,0.0,2.0,2.0,2.0,2.0,,520000.0,1.0,1.0,,,1.0,,108000.0,0.3,1.0,1.0,2.0,5.0,1.0,5.0,5.0,5.0,1.0,5.0,1.0,5,1,5,35-44,9999,No,,1.0,1.0
16980,TX,301.0,48301030101.0,Conventional:First Lien,Single Family (1-4 Units):Site-Built,Hispanic or Latino,Asian,Female,Loan originated,1,475000.0,0.81,6.8,2.0,0.0,10200.0,4400.0,3400.0,1600.0,800.0,360.0,0.0,0.0,2.0,2.0,2.0,2.0,,585000.0,1.0,1.0,,,1.0,,115000.0,0.33,1.0,1.0,1.0,5.0,1.0,5.0,2.0,5.0,1.0,5.0,2.0,5,1,5,45-54,9999,No,,1.0,1.0
14460,CO,101.0,8101010102.0,FHA:First Lien,Single Family (1-4 Units):Site-Built,Not Hispanic or Latino,Black or African American,Male,Loan originated,1,395000.0,0.97,7.375,2.8,0.0,9800.0,4200.0,3300.0,1500.0,700.0,360.0,0.0,0.0,2.0,2.0,2.0,2.0,,405000.0,1.0,1.0,,,1.0,,92000.0,0.41,1.0,1.0,2.0,5.0,1.0,5.0,3.0,5.0,1.0,5.0,1.0,5,1,5,25-34,9999,No,,1.0,1.0
38060,WA,53.0,53053005305.0,Conventional:First Lien,Single Family (1-4 Units):Site-Built,Not Hispanic or Latino,White,Male,Loan originated,1,725000.0,0.87,6.5,1.7,0.0,13800.0,5900.0,4600.0,2200.0,1000.0,360.0,0.0,0.0,2.0,2.0,2.0,2.0,,835000.0,1.0,1.0,,,1.0,,165000.0,0.3,1.0,1.0,2.0,5.0,1.0,5.0,5.0,5.0,1.0,5.0,1.0,5,1,5,45-54,45-54,No,No,1.0,1.0
19100,FL,86.0,12086008607.0,Conventional:Subordinate Lien,Single Family (1-4 Units):Site-Built,Hispanic or Latino,White,Female,Loan originated,3,65000.0,0.72,8.25,4.0,0.0,3600.0,1600.0,1200.0,600.0,300.0,180.0,0.0,0.0,2.0,2.0,2.0,2.0,,90000.0,1.0,1.0,,,1.0,,48000.0,0.36,1.0,1.0,1.0,5.0,1.0,5.0,5.0,5.0,1.0,5.0,2.0,5,1,5,55-64,9999,Yes,,1.0,1.0
26420,IL,43.0,17043004308.0,Conventional:First Lien,Single Family (1-4 Units):Site-Built,Not Hispanic or Latino,Asian,Male,Application denied,1,485000.0,,7.125,2.4,0.0,0.0,0.0,0.0,0.0,0.0,360.0,,,2.0,2.0,2.0,2.0,,550000.0,1.0,1.0,,,1.0,,105000.0,,1.0,3.0,2.0,5.0,1.0,5.0,2.0,5.0,1.0,5.0,1.0,5,1,5,35-44,9999,No,,1.0,1.0
35620,CA,71.0,6071007106.0,Conventional:First Lien,Single Family (1-4 Units):Site-Built,Not Hispanic or Latino,White,Female,Loan originated,1,885000.0,0.8,6.375,1.8,0.0,15800.0,6800.0,5300.0,2500.0,1200.0,360.0,0.0,0.0,2.0,2.0,2.0,2.0,,1105000.0,1.0,1.0,,,1.0,,195000.0,0.27,1.0,1.0,2.0,5.0,1.0,5.0,5.0,5.0,1.0,5.0,2.0,5,1,5,45-54,9999,No,,1.0,1.0
41860,WI,79.0,55079007909.0,Conventional:First Lien,Single Family (1-4 Units):Site-Built,Not Hispanic or Latino,American Indian or Alaska Native,Female,Loan originated,1,345000.0,0.83,6.95,2.3,0.0,7400.0,3200.0,2500.0,1200.0,600.0,360.0,0.0,0.0,2.0,2.0,2.0,2.0,,415000.0,1.0,1.0,,,1.0,,85000.0,0.34,1.0,3.0,2.0,5.0,1.0,5.0,1.0,5.0,1.0,5.0,2.0,5,1,5,25-34,9999,No,,1.0,1.0
38060,WA,33.0,53033003313.0,VA:First Lien,Single Family (1-4 Units):Site-Built,Hispanic or Latino,Black or African American,Male,Loan originated,1,575000.0,0.9,6.25,1.4,0.0,12200.0,5200.0,4000.0,1900.0,900.0,360.0,0.0,0.0,2.0,2.0,2.0,2.0,,640000.0,1.0,1.0,,,1.0,,135000.0,0.29,1.0,1.0,1.0,5.0,1.0,5.0,3.0,5.0,1.0,5.0,1.0,5,1,5,35-44,35-44,No,No,1.0,1.0
12060,AZ,13.0,4013001311.0,Conventional:First Lien,Single Family (1-4 Units):Site-Built,Not Hispanic or Latino,Asian,Female,Loan originated,2,495000.0,0.78,6.625,1.9,0.0,9200.0,4000.0,3100.0,1500.0,700.0,360.0,0.0,0.0,2.0,2.0,2.0,2.0,,635000.0,1.0,2.0,,,1.0,,125000.0,0.31,1.0,1.0,2.0,5.0,1.0,5.0,2.0,5.0,1.0,5.0,2.0,5,1,5,45-54,9999,No,,1.0,1.0
19740,GA,135.0,13135013508.0,FHA:First Lien,Single Family (1-4 Units):Site-Built,Hispanic or Latino,White,Male,Loan originated,1,365000.0,0.96,7.25,2.6,0.0,8800.0,3800.0,2900.0,1400.0,600.0,360.0,0.0,0.0,2.0,2.0,2.0,2.0,,380000.0,1.0,1.0,,,1.0,,82000.0,0.42,1.0,1.0,1.0,5.0,1.0,5.0,5.0,5.0,1.0,5.0,1.0,5,1,5,25-34,9999,No,,1.0,1.0
45300,UT,49.0,49049004910.0,Conventional:First Lien,Single Family (1-4 Units):Site-Built,Not Hispanic or Latino,Native Hawaiian or Other Pacific Islander,Male,Loan originated,1,545000.0,0.84,6.75,2.0,0.0,11200.0,4800.0,3700.0,1800.0,900.0,360.0,0.0,0.0,2.0,2.0,2.0,2.0,,650000.0,1.0,1.0,,,1.0,,132000.0,0.32,1.0,3.0,2.0,5.0,1.0,5.0,6.0,5.0,1.0,5.0,1.0,5,1,5,35-44,45-54,No,No,1.0,1.0
16980,TX,301.0,48301030103.0,Conventional:Subordinate Lien,Single Family (1-4 Units):Site-Built,Hispanic or Latino,Asian,Female,Loan originated,3,75000.0,0.65,8.5,4.5,0.0,4200.0,1900.0,1400.0,700.0,300.0,180.0,0.0,0.0,2.0,2.0,2.0,2.0,,115000.0,1.0,1.0,,,1.0,,55000.0,0.39,1.0,1.0,1.0,5.0,1.0,5.0,2.0,5.0,1.0,5.0,2.0,5,1,5,55-64,9999,Yes,,1.0,1.0
14460,CO,101.0,8101010104.0,Conventional:First Lien,Single Family (1-4 Units):Site-Built,Not Hispanic or Latino,White,Male,Loan originated,1,685000.0,0.88,6.625,1.9,0.0,13200.0,5700.0,4400.0,2100.0,1000.0,360.0,0.0,0.0,2.0,2.0,2.0,2.0,,780000.0,1.0,1.0,,,1.0,,165000.0,0.29,1.0,1.0,2.0,5.0,1.0,5.0,5.0,5.0,1.0,5.0,1.0,5,1,5,45-54,9999,No,,1.0,1.0
38060,WA,53.0,53053005307.0,Conventional:First Lien,Single Family (1-4 Units):Site-Built,Not Hispanic or Latino,Black or African American,Female,Application withdrawn,1,595000.0,,6.875,2.1,0.0,0.0,0.0,0.0,0.0,0.0,360.0,,,2.0,2.0,2.0,2.0,,690000.0,1.0,1.0,,,1.0,,142000.0,,1.0,3.0,2.0,5.0,1.0,5.0,3.0,5.0,1.0,5.0,2.0,5,1,5,35-44,25-34,No,No,1.0,1.0
19100,FL,86.0,,,,,,,,,,,,,,,,,,,,,,,,,,,,,,,,,,,,,,,,,,,,,,,,,,,,,,,
35620,NY,36081.0,36081021601.0,Conventional:First Lien,Single Family (1-4 Units):Site-Built,Not Hispanic or Latino,Asian,Male,1,1,385000.0,80.0,6.75,2.25,0.0,8500.0,2500.0,3200.0,1200.0,500.0,360.0,0.0,0.0,2.0,2.0,2.0,2.0,425000.0,1.0,1.0,3.0,5.0,1.0,,108000.0,38.0,1.0,1.0,2.0,2.0,1.0,1.0,6.0,6.0,1.0,1.0,1.0,1.0,1,1,45-54,35-44,No,No,1,1.0,
16980,CA,6073.0,6073007202.0,Conventional:Subordinate Lien,Single Family (1-4 Units):Site-Built,Hispanic or Latino,White,Female,1,3,125000.0,65.0,8.25,3.5,0.0,4200.0,1800.0,2100.0,800.0,300.0,180.0,0.0,0.0,2.0,2.0,2.0,2.0,195000.0,1.0,1.0,3.0,5.0,1.0,,76500.0,29.0,1.0,1.0,1.0,1.0,1.0,1.0,5.0,5.0,1.0,1.0,2.0,2.0,1,1,25-34,25-34,No,No,1,1.0,
19100,TX,48113.0,48113030502.0,FHA:First Lien,Single Family (1-4 Units):Site-Built,Not Hispanic or Latino,Black or African American,Male,1,1,245000.0,92.0,7.125,1.75,0.0,7800.0,3200.0,4100.0,1500.0,700.0,360.0,0.0,0.0,2.0,2.0,2.0,2.0,268000.0,1.0,1.0,3.0,5.0,1.0,,87500.0,42.0,1.0,1.0,2.0,2.0,1.0,1.0,3.0,3.0,1.0,1.0,1.0,1.0,1,1,35-44,35-44,No,No,1,1.0,
26420,IL,17031.0,17031002800.0,VA:First Lien,Single Family (1-4 Units):Site-Built,Not Hispanic or Latino,White,Male,1,1,315000.0,85.0,6.375,1.25,0.0,6200.0,2800.0,3500.0,1100.0,400.0,360.0,0.0,0.0,2.0,2.0,2.0,2.0,375000.0,1.0,1.0,3.0,5.0,1.0,,95000.0,31.0,1.0,1.0,2.0,2.0,1.0,1.0,5.0,5.0,1.0,1.0,1.0,1.0,1,1,45-54,42,No,No,1,1.0,
38060,FL,12011.0,12011008304.0,Conventional:First Lien,Single Family (1-4 Units):Site-Built,Hispanic or Latino,White,Female,1,1,425000.0,75.0,7.5,2.75,0.0,9800.0,3800.0,4800.0,1700.0,800.0,360.0,0.0,0.0,2.0,2.0,2.0,2.0,575000.0,1.0,1.0,3.0,5.0,1.0,,142000.0,28.0,1.0,1.0,1.0,1.0,1.0,1.0,5.0,5.0,1.0,1.0,2.0,2.0,1,1,35-44,35-44,No,No,1,1.0,
12060,WA,53033.0,53033001902.0,Conventional:Subordinate Lien,Single Family (1-4 Units):Site-Built,Not Hispanic or Latino,Asian,Female,1,3,95000.0,70.0,8.125,3.25,0.0,3600.0,1500.0,1900.0,700.0,250.0,180.0,0.0,0.0,2.0,2.0,2.0,2.0,138000.0,1.0,1.0,3.0,5.0,1.0,,88000.0,33.0,1.0,1.0,2.0,2.0,1.0,1.0,6.0,6.0,1.0,1.0,2.0,2.0,1,1,25-34,25-34,No,No,1,1.0,
14460,CO,8031.0,8031006402.0,Conventional:First Lien,Single Family (1-4 Units):Site-Built,Not Hispanic or Latino,White,Male,1,1,525000.0,78.0,6.875,2.0,0.0,11200.0,4200.0,5400.0,2000.0,900.0,360.0,0.0,0.0,2.0,2.0,2.0,2.0,685000.0,1.0,1.0,3.0,5.0,1.0,,165000.0,26.0,1.0,1.0,2.0,2.0,1.0,1.0,5.0,5.0,1.0,1.0,1.0,1.0,1,1,45-54,42,No,No,1,1.0,
19740,OH,39061.0,39061010400.0,Conventional:First Lien,Single Family (1-4 Units):Site-Built,Not Hispanic or Latino,Black or African American,Female,1,1,185000.0,88.0,7.625,2.125,0.0,6500.0,2800.0,3400.0,1200.0,500.0,360.0,0.0,0.0,2.0,2.0,2.0,2.0,215000.0,1.0,1.0,3.0,5.0,1.0,,68500.0,44.0,1.0,1.0,2.0,2.0,1.0,1.0,3.0,3.0,1.0,1.0,2.0,2.0,1,1,35-44,35-44,No,No,1,1.0,
33100,NJ,34023.0,34023001701.0,Conventional:First Lien,Single Family (1-4 Units):Site-Built,Hispanic or Latino,Asian,Male,1,1,635000.0,72.0,7.125,2.5,0.0,14800.0,5200.0,6500.0,2400.0,1100.0,360.0,0.0,0.0,2.0,2.0,2.0,2.0,895000.0,1.0,1.0,3.0,5.0,1.0,,225000.0,24.0,1.0,1.0,1.0,1.0,1.0,1.0,6.0,6.0,1.0,1.0,1.0,1.0,1,1,35-44,35-44,No,No,1,1.0,
38060,FL,12086.0,12086002304.0,Conventional:Subordinate Lien,Single Family (1-4 Units):Site-Built,Not Hispanic or Latino,White,Female,1,3,75000.0,55.0,9.25,4.0,0.0,2800.0,1200.0,1500.0,500.0,200.0,180.0,0.0,0.0,2.0,2.0,2.0,2.0,138000.0,1.0,1.0,3.0,5.0,1.0,,52000.0,31.0,1.0,1.0,2.0,2.0,1.0,1.0,5.0,5.0,1.0,1.0,2.0,2.0,1,1,55-64,55-64,Yes,Yes,1,1.0,
41860,GA,13089.0,13089003205.0,Conventional:First Lien,Single Family (1-4 Units):Site-Built,Not Hispanic or Latino,White,Male,1,1,385000.0,82.0,6.625,1.75,0.0,8900.0,3400.0,4200.0,1600.0,700.0,360.0,0.0,0.0,2.0,2.0,2.0,2.0,475000.0,1.0,1.0,3.0,5.0,1.0,,125000.0,32.0,1.0,1.0,2.0,2.0,1.0,1.0,5.0,5.0,1.0,1.0,1.0,1.0,1,1,35-44,32,No,No,1,1.0,
12580,AZ,4013.0,4013002802.0,FHA:First Lien,Single Family (1-4 Units):Site-Built,Hispanic or Latino,American Indian or Alaska Native,Female,1,1,295000.0,90.0,7.375,1.875,0.0,7200.0,3100.0,3900.0,1400.0,600.0,360.0,0.0,0.0,2.0,2.0,2.0,2.0,330000.0,1.0,1.0,3.0,5.0,1.0,,78000.0,39.0,1.0,1.0,1.0,1.0,1.0,1.0,1.0,1.0,1.0,1.0,2.0,2.0,1,1,25-34,22,No,No,1,1.0,
14460,CO,8031.0,8031008901.0,Conventional:First Lien,Single Family (1-4 Units):Site-Built,Not Hispanic or Latino,Asian,Female,1,1,485000.0,76.0,6.75,2.125,0.0,10500.0,4000.0,5000.0,1800.0,800.0,360.0,0.0,0.0,2.0,2.0,2.0,2.0,645000.0,1.0,1.0,3.0,5.0,1.0,,155000.0,27.0,1.0,1.0,2.0,2.0,1.0,1.0,6.0,6.0,1.0,1.0,2.0,2.0,1,1,35-44,35-44,No,No,1,1.0,
16980,CA,6073.0,6073011503.0,Conventional:First Lien,Single Family (1-4 Units):Site-Built,Not Hispanic or Latino,Native Hawaiian or Other Pacific Islander,Male,1,1,755000.0,68.0,7.0,2.875,0.0,16800.0,6200.0,7800.0,2800.0,1200.0,360.0,0.0,0.0,2.0,2.0,2.0,2.0,1125000.0,1.0,1.0,3.0,5.0,1.0,,285000.0,22.0,1.0,1.0,2.0,2.0,1.0,1.0,7.0,7.0,1.0,1.0,1.0,1.0,1,1,45-54,45-54,No,No,1,1.0,
19100,TX,48113.0,48113020804.0,Conventional:Subordinate Lien,Single Family (1-4 Units):Site-Built,Hispanic or Latino,Black or African American,Male,1,3,165000.0,62.0,8.75,3.75,0.0,5800.0,2400.0,3000.0,1100.0,450.0,180.0,0.0,0.0,2.0,2.0,2.0,2.0,268000.0,1.0,1.0,3.0,5.0,1.0,,95000.0,35.0,1.0,1.0,1.0,1.0,1.0,1.0,3.0,3.0,1.0,1.0,1.0,1.0,1,1,35-44,35-44,No,No,1,1.0,
26420,IL,17031.0,17031004502.0,VA:Subordinate Lien,Single Family (1-4 Units):Site-Built,Not Hispanic or Latino,White,Female,1,3,85000.0,58.0,7.875,3.125,0.0,3200.0,1300.0,1700.0,600.0,250.0,180.0,0.0,0.0,2.0,2.0,2.0,2.0,148000.0,1.0,1.0,3.0,5.0,1.0,,68000.0,29.0,1.0,1.0,2.0,2.0,1.0,1.0,5.0,5.0,1.0,1.0,2.0,2.0,1,1,45-54,45-54,No,No,1,1.0,
35620,NY,36081.0,36081010803.0,Conventional:First Lien,Single Family (1-4 Units):Site-Built,Hispanic or Latino,White,Male,1,1,585000.0,74.0,7.25,2.625,0.0,13200.0,4900.0,6100.0,2200.0,1000.0,360.0,0.0,0.0,2.0,2.0,2.0,2.0,795000.0,1.0,1.0,3.0,5.0,1.0,,195000.0,25.0,1.0,1.0,1.0,1.0,1.0,1.0,5.0,5.0,1.0,1.0,1.0,1.0,1,1,35-44,32,No,No,1,1.0,
38060,FL,12011.0,12011015602.0,Conventional:First Lien,Single Family (1-4 Units):Site-Built,Not Hispanic or Latino,White,Female,1,1,395000.0,79.0,6.875,2.0,0.0,9200.0,3600.0,4500.0,1700.0,750.0,360.0,0.0,0.0,2.0,2.0,2.0,2.0,505000.0,1.0,1.0,3.0,5.0,1.0,,135000.0,29.0,1.0,1.0,2.0,2.0,1.0,1.0,5.0,5.0,1.0,1.0,2.0,2.0,1,1,45-54,45-54,No,No,1,1.0,
41860,GA,13089.0,13089006701.0,Conventional:Subordinate Lien,Single Family (1-4 Units):Site-Built,Not Hispanic or Latino,Asian,Male,1,3,115000.0,67.0,8.5,3.625,0.0,4100.0,1700.0,2200.0,800.0,350.0,180.0,0.0,0.0,2.0,2.0,2.0,2.0,172000.0,1.0,1.0,3.0,5.0,1.0,,82000.0,32.0,1.0,1.0,2.0,2.0,1.0,1.0,6.0,6.0,1.0,1.0,1.0,1.0,1,1,25-34,25-34,No,No,1,1.0,
12060,WA,53033.0,53033004503.0,Conventional:First Lien,Single Family (1-4 Units):Site-Built,Not Hispanic or Latino,White,Male,1,1,625000.0,73.0,6.5,1.5,0.0,13800.0,5200.0,6500.0,2400.0,1100.0,360.0,0.0,0.0,2.0,2.0,2.0,2.0,865000.0,1.0,1.0,3.0,5.0,1.0,,215000.0,23.0,1.0,1.0,2.0,2.0,1.0,1.0,5.0,5.0,1.0,1.0,1.0,1.0,1,1,45-54,42,No,No,1,1.0,
14460,CO,8031.0,8031011202.0,FHA:Subordinate Lien,Single Family (1-4 Units):Site-Built,Hispanic or Latino,Black or African American,Female,1,3,135000.0,71.0,8.125,3.375,0.0,4800.0,2000.0,2500.0,900.0,400.0,180.0,0.0,0.0,2.0,2.0,2.0,2.0,192000.0,1.0,1.0,3.0,5.0,1.0,,71000.0,37.0,1.0,1.0,1.0,1.0,1.0,1.0,3.0,3.0,1.0,1.0,2.0,2.0,1,1,25-34,22,No,No,1,1.0,
16980,CA,6073.0,6073008901.0,Conventional:First Lien,Single Family (1-4 Units):Site-Built,Not Hispanic or Latino,White,Female,1,1,885000.0,69.0,7.375,3.0,0.0,19200.0,7200.0,9000.0,3300.0,1500.0,360.0,0.0,0.0,2.0,2.0,2.0,2.0,1295000.0,1.0,1.0,3.0,5.0,1.0,,315000.0,21.0,1.0,1.0,2.0,2.0,1.0,1.0,5.0,5.0,1.0,1.0,2.0,2.0,1,1,35-44,35-44,No,No,1,1.0,
19100,TX,48113.0,48113004105.0,Conventional:First Lien,Single Family (1-4 Units):Site-Built,Hispanic or Latino,White,Male,1,1,345000.0,85.0,7.5,2.25,0.0,8200.0,3200.0,4000.0,1500.0,650.0,360.0,0.0,0.0,2.0,2.0,2.0,2.0,408000.0,1.0,1.0,3.0,5.0,1.0,,105000.0,34.0,1.0,1.0,1.0,1.0,1.0,1.0,5.0,5.0,1.0,1.0,1.0,1.0,1,1,35-44,35-44,No,No,1,1.0,
26420,IL,17031.0,17031006703.0,Conventional:Subordinate Lien,Single Family (1-4 Units):Site-Built,Not Hispanic or Latino,Asian,Female,1,3,95000.0,64.0,8.375,3.5,0.0,3500.0,1400.0,1800.0,650.0,280.0,180.0,0.0,0.0,2.0,2.0,2.0,2.0,149000.0,1.0,1.0,3.0,5.0,1.0,,78000.0,30.0,1.0,1.0,2.0,2.0,1.0,1.0,6.0,6.0,1.0,1.0,2.0,2.0,1,1,25-34,25-34,No,No,1,1.0,
33100,NJ,34023.0,34023002302.0,Conventional:First Lien,Single Family (1-4 Units):Site-Built,Not Hispanic or Latino,Black or African American,Male,1,1,485000.0,77.0,6.875,2.125,0.0,11000.0,4200.0,5300.0,1900.0,850.0,360.0,0.0,0.0,2.0,2.0,2.0,2.0,635000.0,1.0,1.0,3.0,5.0,1.0,,155000.0,28.0,1.0,1.0,2.0,2.0,1.0,1.0,3.0,3.0,1.0,1.0,1.0,1.0,1,1,45-54,45-54,No,No,1,1.0,
35620,NY,36081.0,36081004501.0,Conventional:Subordinate Lien,Single Family (1-4 Units):Site-Built,Hispanic or Latino,White,Female,1,3,185000.0,59.0,9.0,4.125,0.0,6500.0,2700.0,3400.0,1200.0,550.0,180.0,0.0,0.0,2.0,2.0,2.0,2.0,315000.0,1.0,1.0,3.0,5.0,1.0,,115000.0,36.0,1.0,1.0,1.0,1.0,1.0,1.0,5.0,5.0,1.0,1.0,2.0,2.0,1,1,35-44,35-44,No,No,1,1.0,
38060,FL,12086.0,12086008903.0,VA:First Lien,Single Family (1-4 Units):Site-Built,Not Hispanic or Latino,White,Male,1,1,275000.0,88.0,6.25,1.0,0.0,5800.0,2600.0,3200.0,1100.0,450.0,360.0,0.0,0.0,2.0,2.0,2.0,2.0,315000.0,1.0,1.0,3.0,5.0,1.0,,85000.0,32.0,1.0,1.0,2.0,2.0,1.0,1.0,5.0,5.0,1.0,1.0,1.0,1.0,1,1,25-34,28,No,No,1,1.0,
41860,GA,13089.0,13089004502.0,Conventional:First Lien,Single Family (1-4 Units):Site-Built,Not Hispanic or Latino,White,Female,1,1,425000.0,81.0,7.0,2.375,0.0,9800.0,3800.0,4700.0,1800.0,800.0,360.0,0.0,0.0,2.0,2.0,2.0,2.0,528000.0,1.0,1.0,3.0,5.0,1.0,,145000.0,30.0,1.0,1.0,2.0,2.0,1.0,1.0,5.0,5.0,1.0,1.0,2.0,2.0,1,1,35-44,35-44,No,No,1,1.0,
12060,WA,53033.0,53033007201.0,Conventional:First Lien,Single Family (1-4 Units):Site-Built,Not Hispanic or Latino,Asian,Male,1,1,725000.0,71.0,6.625,2.25,0.0,15800.0,5900.0,7400.0,2700.0,1200.0,360.0,0.0,0.0,2.0,2.0,2.0,2.0,1025000.0,1.0,1.0,3.0,5.0,1.0,,255000.0,24.0,1.0,1.0,2.0,2.0,1.0,1.0,6.0,6.0,1.0,1.0,1.0,1.0,1,1,45-54,45-54,No,No,1,1.0,
14460,CO,8031.0,8031014504.0,Conventional:Subordinate Lien,Single Family (1-4 Units):Site-Built,Hispanic or Latino,American Indian or Alaska Native,Female,1,3,145000.0,63.0,8.625,3.75,0.0,5200.0,2200.0,2800.0,1000.0,450.0,180.0,0.0,0.0,2.0,2.0,2.0,2.0,232000.0,1.0,1.0,3.0,5.0,1.0,,88000.0,33.0,1.0,1.0,1.0,1.0,1.0,1.0,1.0,1.0,1.0,1.0,2.0,2.0,1,1,25-34,25-34,No,No,1,1.0,
16980,CA,6073.0,6073014502.0,Conventional:First Lien,Single Family (1-4 Units):Site-Built,Not Hispanic or Latino,Native Hawaiian or Other Pacific Islander,Female,1,1,825000.0,66.0,7.125,2.75,0.0,17800.0,6700.0,8400.0,3000.0,1400.0,360.0,0.0,0.0,2.0,2.0,2.0,2.0,1265000.0,1.0,1.0,3.0,5.0,1.0,,295000.0,20.0,1.0,1.0,2.0,2.0,1.0,1.0,7.0,7.0,1.0,1.0,2.0,2.0,1,1,35-44,35-44,No,No,1,1.0,
19100,TX,48113.0,48113007203.0,Conventional:First Lien,Single Family (1-4 Units):Site-Built,Hispanic or Latino,Black or African American,Male,1,1,365000.0,83.0,7.75,2.5,0.0,8800.0,3400.0,4200.0,1600.0,700.0,360.0,0.0,0.0,2.0,2.0,2.0,2.0,442000.0,1.0,1.0,3.0,5.0,1.0,,118000.0,31.0,1.0,1.0,1.0,1.0,1.0,1.0,3.0,3.0,1.0,1.0,1.0,1.0,1,1,35-44,35-44,No,No,1,1.0,
26420,IL,17031.0,17031008901.0,Conventional:Subordinate Lien,Single Family (1-4 Units):Site-Built,Not Hispanic or Latino,White,Female,1,3,125000.0,61.0,8.875,3.875,0.0,4400.0,1800.0,2300.0,850.0,350.0,180.0,0.0,0.0,2.0,2.0,2.0,2.0,206000.0,1.0,1.0,3.0,5.0,1.0,,76000.0,29.0,1.0,1.0,2.0,2.0,1.0,1.0,5.0,5.0,1.0,1.0,2.0,2.0,1,1,45-54,45-54,No,No,1,1.0,
33100,NJ,34023.0,34023004503.0,Conventional:First Lien,Single Family (1-4 Units):Site-Built,Not Hispanic or Latino,Asian,Male,1,1,685000.0,74.0,6.75,2.375,0.0,15200.0,5700.0,7100.0,2600.0,1150.0,360.0,0.0,0.0,2.0,2.0,2.0,2.0,928000.0,1.0,1.0,3.0,5.0,1.0,,235000.0,25.0,1.0,1.0,2.0,2.0,1.0,1.0,6.0,6.0,1.0,1.0,1.0,1.0,1,1,45-54,45-54,No,No,1,1.0,
35620,NY,36081.0,36081016702.0,Conventional:Subordinate Lien,Single Family (1-4 Units):Site-Built,Hispanic or Latino,Black or African American,Female,1,3,165000.0,58.0,9.25,4.25,0.0,5800.0,2400.0,3000.0,1100.0,480.0,180.0,0.0,0.0,2.0,2.0,2.0,2.0,285000.0,1.0,1.0,3.0,5.0,1.0,,102000.0,38.0,1.0,1.0,1.0,1.0,1.0,1.0,3.0,3.0,1.0,1.0,2.0,2.0,1,1,25-34,25-34,No,No,1,1.0,
38060,FL,12011.0,12011020804.0,Conventional:First Lien,Single Family (1-4 Units):Site-Built,Not Hispanic or Latino,White,Male,1,1,495000.0,76.0,7.375,2.375,0.0,11600.0,4400.0,5500.0,2000.0,900.0,360.0,0.0,0.0,2.0,2.0,2.0,2.0,655000.0,1.0,1.0,3.0,5.0,1.0,,175000.0,27.0,1.0,1.0,2.0,2.0,1.0,1.0,5.0,5.0,1.0,1.0,1.0,1.0,1,1,35-44,35-44,No,No,1,1.0,
41860,GA,13089.0,13089008301.0,Conventional:Subordinate Lien,Single Family (1-4 Units):Site-Built,Not Hispanic or Latino,White,Female,1,3,105000.0,66.0,8.375,3.375,0.0,3800.0,1500.0,2000.0,750.0,320.0,180.0,0.0,0.0,2.0,2.0,2.0,2.0,160000.0,1.0,1.0,3.0,5.0,1.0,,85000.0,31.0,1.0,1.0,2.0,2.0,1.0,1.0,5.0,5.0,1.0,1.0,2.0,2.0,1,1,35-44,35-44,No,No,1,1.0,
12060,WA,53033.0,53033011502.0,Conventional:First Lien,Single Family (1-4 Units):Site-Built,Not Hispanic or Latino,Asian,Female,1,1,825000.0,69.0,6.875,2.5,0.0,17200.0,6400.0,8000.0,2900.0,1300.0,360.0,0.0,0.0,2.0,2.0,2.0,2.0,1205000.0,1.0,1.0,3.0,5.0,1.0,,305000.0,22.0,1.0,1.0,2.0,2.0,1.0,1.0,6.0,6.0,1.0,1.0,2.0,2.0,1,1,35-44,35-44,No,No,1,1.0,
14460,CO,8031.0,8031018903.0,Conventional:First Lien,Single Family (1-4 Units):Site-Built,Hispanic or Latino,White,Male,1,1,445000.0,78.0,7.125,2.25,0.0,10200.0,3900.0,4900.0,1800.0,800.0,360.0,0.0,0.0,2.0,2.0,2.0,2.0,575000.0,1.0,1.0,3.0,5.0,1.0,,145000.0,29.0,1.0,1.0,1.0,1.0,1.0,1.0,5.0,5.0,1.0,1.0,1.0,1.0,1,1,45-54,42,No,No,1,1.0,
35620,NY,36061.0,36061010600.0,Conventional:First Lien,Single Family (1-4 Units):Site-Built,Not Hispanic or Latino,Asian,Male,Loan originated,Home purchase,450000.0,85.0,6.75,1.5,0.0,8500.0,3500.0,2800.0,1200.0,500.0,360.0,0.0,0.0,2.0,2.0,2.0,2.0,,485000.0,1.0,1.0,3.0,5.0,1.0,,120000.0,38.0,1.0,1.0,2.0,2.0,1.0,1.0,2.0,2.0,1.0,1.0,1.0,2,1,1,35-44,30-34,No,No,1.0,1.0
31080,CA,6037.0,60370300100.0,FHA:First Lien,Single Family (1-4 Units):Site-Built,Hispanic or Latino,Black or African American,Female,Application denied,Home purchase,385000.0,92.0,7.25,2.0,0.0,9500.0,4200.0,3200.0,1800.0,0.0,360.0,0.0,0.0,2.0,2.0,2.0,2.0,,420000.0,1.0,1.0,3.0,5.0,1.0,,95000.0,45.0,1.0,6.0,1.0,6.0,1.0,1.0,3.0,6.0,1.0,1.0,2.0,6,1,1,25-34,25-34,No,No,1.0,1.0
16980,TX,48113.0,48113010500.0,Conventional:First Lien,Single Family (1-4 Units):Site-Built,Not Hispanic or Latino,White,Male,Loan originated,Refinance,285000.0,75.0,6.25,1.2,0.0,7200.0,2800.0,2200.0,800.0,1200.0,360.0,0.0,0.0,2.0,2.0,2.0,2.0,,380000.0,1.0,1.0,3.0,5.0,1.0,,85000.0,32.0,1.0,1.0,2.0,2.0,1.0,1.0,5.0,5.0,1.0,1.0,1.0,2,1,1,45-54,45-54,No,No,1.0,1.0
19100,IL,17113.0,17113080100.0,VA:First Lien,Single Family (1-4 Units):Site-Built,Not Hispanic or Latino,White,Female,Loan originated,Home purchase,315000.0,90.0,6.5,1.8,0.0,6800.0,2500.0,2000.0,600.0,900.0,360.0,0.0,0.0,2.0,2.0,2.0,2.0,,350000.0,1.0,1.0,3.0,5.0,1.0,,78000.0,41.0,1.0,1.0,2.0,2.0,1.0,1.0,5.0,5.0,1.0,1.0,2.0,2,1,1,35-44,35-44,No,No,1.0,1.0
26420,FL,12011.0,12011006400.0,Conventional:Subordinate Lien,Single Family (1-4 Units):Site-Built,Hispanic or Latino,White,Male,File closed for incompleteness,Home improvement,75000.0,,7.9,2.5,0.0,3200.0,1500.0,1200.0,300.0,0.0,180.0,0.0,0.0,2.0,2.0,2.0,2.0,,280000.0,1.0,1.0,3.0,5.0,1.0,,65000.0,28.0,1.0,6.0,1.0,1.0,1.0,1.0,5.0,5.0,1.0,1.0,1.0,2,1,1,55-64,9999,No,,1.0,1.0
41860,WA,53033.0,53033030300.0,Conventional:First Lien,Single Family (1-4 Units):Site-Built,Not Hispanic or Latino,Asian,Female,Loan originated,Home purchase,625000.0,80.0,6.9,1.6,0.0,11200.0,4800.0,3800.0,1400.0,700.0,360.0,0.0,0.0,2.0,2.0,2.0,2.0,,780000.0,1.0,1.0,3.0,5.0,1.0,,145000.0,29.0,1.0,1.0,2.0,2.0,1.0,1.0,2.0,2.0,1.0,1.0,2.0,2,1,1,25-34,25-34,No,No,1.0,1.0
38060,CO,8031.0,80310010400.0,Conventional:First Lien,Single Family (1-4 Units):Site-Built,Not Hispanic or Latino,White,Male,Application withdrawn,Home purchase,495000.0,88.0,7.1,2.2,0.0,8900.0,3900.0,3100.0,1100.0,500.0,360.0,0.0,0.0,2.0,2.0,2.0,2.0,,565000.0,1.0,1.0,3.0,5.0,1.0,,110000.0,36.0,1.0,6.0,2.0,6.0,1.0,6.0,5.0,6.0,1.0,6.0,1.0,6,1,6,35-44,9999,No,,1.0,1.0
12060,AZ,4013.0,40130005400.0,FHA:First Lien,Single Family (1-4 Units):Site-Built,Hispanic or Latino,American Indian or Alaska Native,Female,Loan originated,Home purchase,335000.0,95.0,7.4,2.4,0.0,10200.0,4400.0,3400.0,1600.0,0.0,360.0,0.0,0.0,2.0,2.0,2.0,2.0,,355000.0,1.0,1.0,3.0,5.0,1.0,,72000.0,48.0,1.0,1.0,1.0,1.0,1.0,1.0,1.0,1.0,1.0,1.0,2.0,2,1,1,25-34,25-34,No,No,1.0,1.0
14460,MA,25017.0,25017040100.0,Conventional:First Lien,Single Family (1-4 Units):Site-Built,Not Hispanic or Latino,Black or African American,Male,Loan originated,Refinance,415000.0,72.0,6.1,1.0,0.0,7600.0,3100.0,2400.0,900.0,1100.0,360.0,0.0,0.0,2.0,2.0,2.0,2.0,,575000.0,1.0,1.0,3.0,5.0,1.0,,125000.0,26.0,1.0,1.0,2.0,2.0,1.0,1.0,3.0,3.0,1.0,1.0,1.0,2,1,1,45-54,45-54,No,No,1.0,1.0
33100,CA,6075.0,60750010300.0,Conventional:First Lien,Single Family (1-4 Units):Site-Built,Not Hispanic or Latino,Native Hawaiian or Other Pacific Islander,Female,Loan originated,Home purchase,550000.0,82.0,6.8,1.4,0.0,9800.0,4200.0,3300.0,1300.0,600.0,360.0,0.0,0.0,2.0,2.0,2.0,2.0,,670000.0,1.0,1.0,3.0,5.0,1.0,,135000.0,31.0,1.0,1.0,2.0,2.0,1.0,1.0,4.0,4.0,1.0,1.0,2.0,2,1,1,35-44,35-44,No,No,1.0,1.0
19740,IN,18089.0,18089030100.0,USDA:First Lien,Single Family (1-4 Units):Site-Built,Not Hispanic or Latino,White,Male,Loan originated,Home purchase,225000.0,88.0,6.0,0.8,0.0,5800.0,2200.0,1700.0,500.0,800.0,360.0,0.0,0.0,2.0,2.0,2.0,2.0,,255000.0,1.0,1.0,3.0,5.0,1.0,,58000.0,33.0,1.0,1.0,2.0,2.0,1.0,1.0,5.0,5.0,1.0,1.0,1.0,2,1,1,25-34,25-34,No,No,1.0,1.0
38900,NC,37183.0,37183010200.0,Conventional:First Lien,Single Family (1-4 Units):Site-Built,Hispanic or Latino,White,Female,Application denied,Home purchase,365000.0,90.0,7.5,2.6,0.0,8800.0,3600.0,2800.0,1200.0,0.0,360.0,0.0,0.0,2.0,2.0,2.0,2.0,,405000.0,1.0,1.0,3.0,5.0,1.0,,82000.0,52.0,1.0,6.0,1.0,2.0,1.0,1.0,5.0,6.0,1.0,1.0,2.0,6,1,1,35-44,35-44,No,No,1.0,1.0
23844,MI,26163.0,26163002200.0,Conventional:Subordinate Lien,Single Family (1-4 Units):Site-Built,Not Hispanic or Latino,White,Male,Loan originated,Home improvement,65000.0,,8.2,3.0,0.0,2900.0,1300.0,1000.0,250.0,0.0,120.0,0.0,0.0,2.0,2.0,2.0,2.0,,220000.0,1.0,1.0,3.0,5.0,1.0,,58000.0,42.0,1.0,6.0,2.0,2.0,1.0,1.0,5.0,5.0,1.0,1.0,1.0,2,1,1,55-64,9999,No,,1.0,1.0
42660,WI,55079.0,55079030200.0,Conventional:First Lien,Single Family (1-4 Units):Site-Built,Not Hispanic or Latino,Asian,Female,Loan originated,Home purchase,375000.0,78.0,6.4,1.3,0.0,7100.0,2900.0,2300.0,800.0,1000.0,360.0,0.0,0.0,2.0,2.0,2.0,2.0,,480000.0,1.0,1.0,3.0,5.0,1.0,,95000.0,30.0,1.0,1.0,2.0,2.0,1.0,1.0,2.0,2.0,1.0,1.0,2.0,2,1,1,30-39,30-39,No,No,1.0,1.0
45060,SC,45019.0,45019020100.0,Conventional:First Lien,Single Family (1-4 Units):Site-Built,Not Hispanic or Latino,Black or African American,Male,Loan purchased by financial institution,Refinance,285000.0,68.0,6.2,1.1,0.0,6400.0,2600.0,2000.0,700.0,1200.0,360.0,0.0,0.0,2.0,2.0,2.0,2.0,,420000.0,1.0,1.0,3.0,5.0,1.0,,88000.0,29.0,1.0,1.0,2.0,3.0,1.0,1.0,3.0,3.0,1.0,1.0,1.0,2,1,1,45-54,45-54,No,No,1.0,1.0
27260,GA,13089.0,13089040200.0,Conventional:First Lien,Single Family (1-4 Units):Site-Built,Hispanic or Latino,White,Female,Loan originated,Home purchase,425000.0,85.0,7.0,1.9,0.0,8200.0,3400.0,2700.0,1100.0,400.0,360.0,0.0,0.0,2.0,2.0,2.0,2.0,,500000.0,1.0,1.0,3.0,5.0,1.0,,105000.0,35.0,1.0,1.0,1.0,2.0,1.0,1.0,5.0,5.0,1.0,1.0,2.0,2,1,1,35-44,35-44,No,No,1.0,1.0
35004,OR,41051.0,41051020500.0,Conventional:First Lien,Single Family (1-4 Units):Site-Built,Not Hispanic or Latino,White,Male,Application withdrawn,Home purchase,525000.0,83.0,6.7,1.5,0.0,9300.0,4000.0,3100.0,1300.0,600.0,360.0,0.0,0.0,2.0,2.0,2.0,2.0,,635000.0,1.0,1.0,3.0,5.0,1.0,,118000.0,33.0,1.0,6.0,2.0,2.0,1.0,6.0,5.0,6.0,1.0,6.0,1.0,6,1,6,40-49,9999,No,,1.0,1.0
38300,NV,32003.0,32003040100.0,FHA:First Lien,Single Family (1-4 Units):Site-Built,Not Hispanic or Latino,White,Female,Loan originated,Home purchase,355000.0,93.0,7.6,2.7,0.0,10800.0,4800.0,3700.0,1800.0,0.0,360.0,0.0,0.0,2.0,2.0,2.0,2.0,,380000.0,1.0,1.0,3.0,5.0,1.0,,75000.0,49.0,1.0,1.0,2.0,2.0,1.0,1.0,5.0,5.0,1.0,1.0,2.0,2,1,1,30-39,30-39,No,No,1.0,1.0
12060,AZ,4013.0,40130008900.0,Conventional:First Lien,Single Family (1-4 Units):Site-Built,Not Hispanic or Latino,Native Hawaiian or Other Pacific Islander,Male,Loan originated,Refinance,395000.0,70.0,6.3,1.2,0.0,7700.0,3200.0,2500.0,900.0,1100.0,360.0,0.0,0.0,2.0,2.0,2.0,2.0,,565000.0,1.0,1.0,3.0,5.0,1.0,,102000.0,27.0,1.0,1.0,2.0,4.0,1.0,1.0,4.0,4.0,1.0,1.0,1.0,2,1,1,40-49,40-49,No,No,1.0,1.0
18140,OH,39017.0,39017011200.0,Conventional:First Lien,Single Family (1-4 Units):Site-Built,Not Hispanic or Latino,White,Female,Loan originated,Home purchase,315000.0,87.0,6.9,1.7,0.0,7300.0,3000.0,2400.0,900.0,700.0,360.0,0.0,0.0,2.0,2.0,2.0,2.0,,362000.0,1.0,1.0,3.0,5.0,1.0,,85000.0,38.0,1.0,1.0,2.0,2.0,1.0,1.0,5.0,5.0,1.0,1.0,2.0,2,1,1,35-44,35-44,No,No,1.0,1.0
22020,MI,26125.0,26125040100.0,Conventional:Subordinate Lien,Single Family (1-4 Units):Site-Built,Not Hispanic or Latino,Black or African American,Male,Loan originated,Home improvement,45000.0,,8.5,3.2,0.0,2100.0,1000.0,800.0,200.0,0.0,150.0,0.0,0.0,2.0,2.0,2.0,2.0,,180000.0,1.0,1.0,3.0,5.0,1.0,,48000.0,55.0,1.0,6.0,2.0,3.0,1.0,1.0,3.0,3.0,1.0,1.0,1.0,2,1,1,65-74,9999,Yes,,1.0,1.0
41180,TX,48121.0,48121030200.0,Conventional:First Lien,Single Family (1-4 Units):Site-Built,Hispanic or Latino,Asian,Female,Loan originated,Home purchase,485000.0,81.0,6.6,1.4,0.0,8900.0,3800.0,3000.0,1200.0,500.0,360.0,0.0,0.0,2.0,2.0,2.0,2.0,,600000.0,1.0,1.0,3.0,5.0,1.0,,125000.0,32.0,1.0,1.0,1.0,2.0,1.0,1.0,2.0,2.0,1.0,1.0,2.0,2,1,1,30-39,30-39,No,No,1.0,1.0
33460,FL,12057.0,12057030800.0,Conventional:First Lien,Single Family (1-4 Units):Site-Built,Not Hispanic or Latino,White,Male,File closed for incompleteness,Home purchase,410000.0,89.0,7.2,2.1,0.0,8400.0,3500.0,2800.0,1200.0,300.0,360.0,0.0,0.0,2.0,2.0,2.0,2.0,,460000.0,1.0,1.0,3.0,5.0,1.0,,98000.0,40.0,1.0,6.0,2.0,2.0,1.0,1.0,5.0,6.0,1.0,6.0,1.0,6,1,6,35-44,9999,No,,1.0,1.0
19740,IN,18001.0,18001020100.0,USDA:First Lien,Single Family (1-4 Units):Site-Built,Not Hispanic or Latino,White,Female,Loan originated,Home purchase,195000.0,85.0,5.9,0.7,0.0,5200.0,1900.0,1500.0,400.0,700.0,360.0,0.0,0.0,2.0,2.0,2.0,2.0,,230000.0,1.0,1.0,3.0,5.0,1.0,,52000.0,35.0,1.0,1.0,2.0,2.0,1.0,1.0,5.0,5.0,1.0,1.0,2.0,2,1,1,25-34,25-34,No,No,1.0,1.0
38060,CO,8031.0,80310020500.0,Conventional:First Lien,Single Family (1-4 Units):Site-Built,Not Hispanic or Latino,American Indian or Alaska Native,Male,Application denied,Refinance,425000.0,77.0,6.8,1.6,0.0,8100.0,3300.0,2600.0,1000.0,800.0,360.0,0.0,0.0,2.0,2.0,2.0,2.0,,550000.0,1.0,1.0,3.0,5.0,1.0,,105000.0,37.0,1.0,6.0,2.0,1.0,1.0,1.0,1.0,6.0,1.0,1.0,1.0,6,1,1,45-54,45-54,No,No,1.0,1.0
12060,AZ,4013.0,40130012500.0,Conventional:First Lien,Single Family (1-4 Units):Site-Built,Not Hispanic or Latino,Asian,Female,Loan originated,Home purchase,585000.0,76.0,6.5,1.3,0.0,10100.0,4300.0,3400.0,1300.0,700.0,360.0,0.0,0.0,2.0,2.0,2.0,2.0,,770000.0,1.0,1.0,3.0,5.0,1.0,,155000.0,28.0,1.0,1.0,2.0,2.0,1.0,1.0,2.0,2.0,1.0,1.0,2.0,2,1,1,35-44,35-44,No,No,1.0,1.0
14460,MA,25021.0,25021070100.0,Conventional:First Lien,Single Family (1-4 Units):Site-Built,Not Hispanic or Latino,White,Male,Loan purchased by financial institution,Home purchase,675000.0,73.0,6.0,1.0,0.0,11400.0,4900.0,3900.0,1500.0,800.0,360.0,0.0,0.0,2.0,2.0,2.0,2.0,,925000.0,1.0,1.0,3.0,5.0,1.0,,185000.0,25.0,1.0,1.0,2.0,2.0,1.0,1.0,5.0,5.0,1.0,1.0,1.0,2,1,1,40-49,40-49,No,No,1.0,1.0
19100,IL,17031.0,17031040100.0,Conventional:First Lien,Single Family (1-4 Units):Site-Built,Hispanic or Latino,Black or African American,Female,Loan originated,Refinance,295000.0,74.0,6.4,1.4,0.0,6800.0,2700.0,2100.0,800.0,1000.0,360.0,0.0,0.0,2.0,2.0,2.0,2.0,,400000.0,1.0,1.0,3.0,5.0,1.0,,82000.0,31.0,1.0,1.0,1.0,3.0,1.0,1.0,3.0,3.0,1.0,1.0,2.0,2,1,1,35-44,35-44,No,No,1.0,1.0
35620,NY,36005.0,36005040100.0,Conventional:Subordinate Lien,Single Family (1-4 Units):Site-Built,Not Hispanic or Latino,White,Female,Loan originated,Home improvement,85000.0,,8.0,2.8,0.0,3500.0,1600.0,1300.0,300.0,0.0,180.0,0.0,0.0,2.0,2.0,2.0,2.0,,280000.0,1.0,1.0,3.0,5.0,1.0,,68000.0,44.0,1.0,6.0,2.0,2.0,1.0,1.0,5.0,5.0,1.0,1.0,2.0,2,1,1,55-64,9999,No,,1.0,1.0
41860,WA,53033.0,53033040800.0,Conventional:First Lien,Single Family (1-4 Units):Site-Built,Not Hispanic or Latino,Native Hawaiian or Other Pacific Islander,Male,Application withdrawn,Home purchase,725000.0,84.0,6.9,1.8,0.0,12800.0,5500.0,4300.0,1700.0,800.0,360.0,0.0,0.0,2.0,2.0,2.0,2.0,,865000.0,1.0,1.0,3.0,5.0,1.0,,165000.0,34.0,1.0,6.0,2.0,4.0,1.0,6.0,4.0,6.0,1.0,6.0,1.0,6,1,6,30-39,9999,No,,1.0,1.0
45060,SC,45019.0,45019010500.0,Conventional:First Lien,Single Family (1-4 Units):Site-Built,Not Hispanic or Latino,White,Female,Loan originated,Home purchase,345000.0,86.0,7.1,1.9,0.0,7500.0,3100.0,2400.0,950.0,600.0,360.0,0.0,0.0,2.0,2.0,2.0,2.0,,400000.0,1.0,1.0,3.0,5.0,1.0,,88000.0,39.0,1.0,1.0,2.0,2.0,1.0,1.0,5.0,5.0,1.0,1.0,2.0,2,1,1,30-39,30-39,No,No,1.0,1.0
22020,MI,26163.0,26163001800.0,Conventional:First Lien,Single Family (1-4 Units):Site-Built,Not Hispanic or Latino,Black or African American,Male,Loan originated,Refinance,265000.0,69.0,6.2,1.1,0.0,6200.0,2500.0,1900.0,700.0,900.0,360.0,0.0,0.0,2.0,2.0,2.0,2.0,,385000.0,1.0,1.0,3.0,5.0,1.0,,78000.0,29.0,1.0,1.0,2.0,3.0,1.0,1.0,3.0,3.0,1.0,1.0,1.0,2,1,1,45-54,45-54,No,No,1.0,1.0
41180,TX,48121.0,48121050700.0,Conventional:First Lien,Single Family (1-4 Units):Site-Built,Hispanic or Latino,White,Female,File closed for incompleteness,Home purchase,395000.0,91.0,7.4,2.3,0.0,8600.0,3600.0,2800.0,1200.0,200.0,360.0,0.0,0.0,2.0,2.0,2.0,2.0,,435000.0,1.0,1.0,3.0,5.0,1.0,,92000.0,42.0,1.0,6.0,1.0,2.0,1.0,1.0,5.0,6.0,1.0,6.0,2.0,6,1,6,35-44,9999,No,,1.0,1.0
16980,TX,48113.0,48113020400.0,VA:First Lien,Single Family (1-4 Units):Site-Built,Not Hispanic or Latino,White,Male,Loan originated,Home purchase,375000.0,89.0,6.7,1.6,0.0,7900.0,3200.0,2500.0,1000.0,500.0,360.0,0.0,0.0,2.0,2.0,2.0,2.0,,420000.0,1.0,1.0,3.0,5.0,1.0,,95000.0,36.0,1.0,1.0,2.0,2.0,1.0,1.0,5.0,5.0,1.0,1.0,1.0,2,1,1,30-39,30-39,No,No,1.0,1.0
33460,FL,12095.0,12095030600.0,Conventional:First Lien,Single Family (1-4 Units):Site-Built,Not Hispanic or Latino,Asian,Female,Application denied,Refinance,465000.0,78.0,6.6,1.5,0.0,8400.0,3500.0,2800.0,1100.0,900.0,360.0,0.0,0.0,2.0,2.0,2.0,2.0,,595000.0,1.0,1.0,3.0,5.0,1.0,,115000.0,32.0,1.0,6.0,2.0,2.0,1.0,1.0,2.0,6.0,1.0,6.0,2.0,6,1,6,40-49,40-49,No,No,1.0,1.0
19740,IN,18001.0,18001040500.0,Conventional:First Lien,Single Family (1-4 Units):Site-Built,Not Hispanic or Latino,White,Male,Loan purchased by financial institution,Home purchase,295000.0,83.0,6.8,1.5,0.0,6900.0,2800.0,2200.0,850.0,700.0,360.0,0.0,0.0,2.0,2.0,2.0,2.0,,355000.0,1.0,1.0,3.0,5.0,1.0,,78000.0,34.0,1.0,1.0,2.0,2.0,1.0,1.0,5.0,5.0,1.0,1.0,1.0,2,1,1,35-44,35-44,No,No,1.0,1.0
26420,FL,12011.0,12011011200.0,Conventional:Subordinate Lien,Single Family (1-4 Units):Site-Built,Hispanic or Latino,White,Female,Loan originated,Home improvement,55000.0,,8.3,3.1,0.0,2400.0,1100.0,900.0,200.0,0.0,120.0,0.0,0.0,2.0,2.0,2.0,2.0,,195000.0,1.0,1.0,3.0,5.0,1.0,,52000.0,47.0,1.0,6.0,1.0,2.0,1.0,1.0,5.0,5.0,1.0,1.0,2.0,2,1,1,65-74,9999,Yes,,1.0,1.0
35620,NY,36061.0,36061020500.0,Conventional:First Lien,Single Family (1-4 Units):Site-Built,Not Hispanic or Latino,Black or African American,Male,Loan originated,Home purchase,525000.0,75.0,6.3,1.2,0.0,9200.0,3900.0,3100.0,1200.0,700.0,360.0,0.0,0.0,2.0,2.0,2.0,2.0,,700000.0,1.0,1.0,3.0,5.0,1.0,,140000.0,30.0,1.0,1.0,2.0,3.0,1.0,1.0,3.0,3.0,1.0,1.0,1.0,2,1,1,30-39,30-39,No,No,1.0,1.0
42660,WI,55079.0,55079010500.0,Conventional:First Lien,Single Family (1-4 Units):Site-Built,Not Hispanic or Latino,White,Female,Application withdrawn,Home purchase,325000.0,88.0,7.0,2.0,0.0,7300.0,3000.0,2300.0,950.0,500.0,360.0,0.0,0.0,2.0,2.0,2.0,2.0,,370000.0,1.0,1.0,3.0,5.0,1.0,,85000.0,41.0,1.0,6.0,2.0,2.0,1.0,6.0,5.0,6.0,1.0,6.0,2.0,6,1,6,35-44,9999,No,,1.0,1.0
12060,AZ,4013.0,40130006700.0,FHA:First Lien,Single Family (1-4 Units):Site-Built,Hispanic or Latino,American Indian or Alaska Native,Male,Loan originated,Home purchase,315000.0,94.0,7.7,2.5,0.0,9800.0,4200.0,3200.0,1600.0,0.0,360.0,0.0,0.0,2.0,2.0,2.0,2.0,,335000.0,1.0,1.0,3.0,5.0,1.0,,70000.0,50.0,1.0,1.0,1.0,1.0,1.0,1.0,1.0,1.0,1.0,1.0,1.0,2,1,1,25-34,25-34,No,No,1.0,1.0
14460,MA,25025.0,25025010200.0,Conventional:First Lien,Single Family (1-4 Units):Site-Built,Not Hispanic or Latino,Asian,Female,Loan originated,Refinance,485000.0,71.0,6.1,1.0,0.0,8600.0,3600.0,2900.0,1100.0,1000.0,360.0,0.0,0.0,2.0,2.0,2.0,2.0,,685000.0,1.0,1.0,3.0,5.0,1.0,,150000.0,27.0,1.0,1.0,2.0,2.0,1.0,1.0,2.0,2.0,1.0,1.0,2.0,2,1,1,40-49,40-49,No,No,1.0,1.0
19100,IL,17043.0,17043020100.0,Conventional:First Lien,Single Family (1-4 Units):Site-Built,Hispanic or Latino,White,Male,Loan originated,Home purchase,385000.0,84.0,6.9,1.7,0.0,7800.0,3200.0,2500.0,1000.0,600.0,360.0,0.0,0.0,2.0,2.0,2.0,2.0,,460000.0,1.0,1.0,3.0,5.0,1.0,,98000.0,37.0,1.0,1.0,1.0,2.0,1.0,1.0,5.0,5.0,1.0,1.0,1.0,2,1,1,35-44,35-44,No,No,1.0,1.0
22020,MI,26125.0,26125010500.0,Conventional:Subordinate Lien,Single Family (1-4 Units):Site-Built,Not Hispanic or Latino,White,Female,Loan originated,Home improvement,75000.0,,8.1,2.9,0.0,3200.0,1500.0,1200.0,300.0,0.0,150.0,0.0,0.0,2.0,2.0,2.0,2.0,,250000.0,1.0,1.0,3.0,5.0,1.0,,62000.0,49.0,1.0,6.0,2.0,2.0,1.0,1.0,5.0,5.0,1.0,1.0,2.0,2,1,1,55-64,9999,No,,1.0,1.0
31080,CA,6037.0,60370300200.0,Conventional:First Lien,Single Family (1-4 Units):Site-Built,Not Hispanic or Latino,Native Hawaiian or Other Pacific Islander,Male,Application denied,Home purchase,625000.0,80.0,6.8,1.6,0.0,11000.0,4700.0,3700.0,1500.0,600.0,360.0,0.0,0.0,2.0,2.0,2.0,2.0,,780000.0,1.0,1.0,3.0,5.0,1.0,,160000.0,33.0,1.0,6.0,2.0,4.0,1.0,1.0,4.0,6.0,1.0,6.0,1.0,6,1,6,30-39,30-39,No,No,1.0,1.0
19740,IN,18089.0,18089010200.0,Conventional:First Lien,Single Family (1-4 Units):Site-Built,Not Hispanic or Latino,Black or African American,Female,Loan purchased by financial institution,Home purchase,275000.0,82.0,6.7,1.4,0.0,6400.0,2600.0,2000.0,800.0,700.0,360.0,0.0,0.0,2.0,2.0,2.0,2.0,,335000.0,1.0,1.0,3.0,5.0,1.0,,72000.0,36.0,1.0,1.0,2.0,3.0,1.0,1.0,3.0,3.0,1.0,1.0,2.0,2,1,1,35-44,35-44,No,No,1.0,1.0
26420,FL,12057.0,12057020500.0,Conventional:First Lien,Single Family (1-4 Units):Site-Built,Hispanic or Latino,White,Male,File closed for incompleteness,Refinance,445000.0,76.0,6.5,1.3,0.0,8400.0,3500.0,2800.0,1100.0,800.0,360.0,0.0,0.0,2.0,2.0,2.0,2.0,,585000.0,1.0,1.0,3.0,5.0,1.0,,125000.0,29.0,1.0,6.0,1.0,2.0,1.0,1.0,5.0,6.0,1.0,6.0,1.0,6,1,6,45-54,9999,No,,1.0,1.0
35620,NY,36005.0,36005030200.0,Conventional:First Lien,Single Family (1-4 Units):Site-Built,Not Hispanic or Latino,Asian,Male,Loan originated,Home purchase,485000.0,77.0,6.4,1.3,0.0,8800.0,3700.0,2900.0,1200.0,600.0,360.0,0.0,0.0,2.0,2.0,2.0,2.0,,630000.0,1.0,1.0,3.0,5.0,1.0,,145000.0,31.0,1.0,1.0,2.0,2.0,1.0,1.0,2.0,2.0,1.0,1.0,1.0,2,1,1,35-44,35-44,No,No,1.0,1.0
38300,NV,32003.0,32003050200.0,Conventional:First Lien,Single Family (1-4 Units):Site-Built,Not Hispanic or Latino,White,Female,Loan originated,Home purchase,405000.0,85.0,7.0,1.8,0.0,8500.0,3500.0,2800.0,1100.0,500.0,360.0,0.0,0.0,2.0,2.0,2.0,2.0,,475000.0,1.0,1.0,3.0,5.0,1.0,,105000.0,34.0,1.0,1.0,2.0,2.0,1.0,1.0,5.0,5.0,1.0,1.0,2.0,2,1,1,30-39,30-39,No,No,1.0,1.0
45060,SC,45019.0,45019030100.0,Conventional:First Lien,Single Family (1-4 Units):Site-Built,Not Hispanic or Latino,White,Male,Application withdrawn,Home purchase,365000.0,87.0,7.1,1.9,0.0,7900.0,3200.0,2500.0,1000.0,450.0,360.0,0.0,0.0,2.0,2.0,2.0,2.0,,420000.0,1.0,1.0,3.0,5.0,1.0,,92000.0,38.0,1.0,6.0,2.0,2.0,1.0,6.0,5.0,6.0,1.0,6.0,1.0,6,1,6,35-44,9999,No,,1.0,1.0
35620,NY,36081.0,36081100100.0,Conventional:First Lien,Single Family (1-4 Units):Site-Built,Not Hispanic or Latino,White,Male,Loan originated,1,385000.0,0.85,6.75,2.25,0.0,8500.0,2850.0,1800.0,1050.0,500.0,360.0,0.0,0.0,2.0,2.0,2.0,2.0,0.0,453000.0,1.0,1.0,3.0,5.0,1.0,,128000.0,0.38,1.0,1.0,2.0,2.0,1.0,1.0,5.0,5.0,1.0,1.0,1.0,1,1,1,45-54,35-44,No,No,1.0,1.0
41860,TX,48113.0,48113010501.0,FHA:First Lien,Single Family (1-4 Units):Site-Built,Hispanic or Latino,Black or African American,Female,Loan originated,1,215000.0,0.92,7.0,1.75,0.0,7200.0,2200.0,1500.0,700.0,800.0,360.0,0.0,0.0,2.0,2.0,2.0,2.0,0.0,235000.0,1.0,1.0,3.0,5.0,1.0,,65000.0,0.42,1.0,1.0,1.0,1.0,1.0,1.0,3.0,3.0,1.0,1.0,2.0,2,1,1,35-44,25-34,No,No,1.0,1.0
38060,OH,39035.0,39035001400.0,Conventional:First Lien,Single Family (1-4 Units):Site-Built,Not Hispanic or Latino,Asian,Male,Application denied,1,175000.0,0.75,7.25,2.5,0.0,0.0,0.0,0.0,0.0,0.0,0.0,0.0,0.0,2.0,2.0,2.0,2.0,0.0,233000.0,1.0,1.0,3.0,5.0,1.0,,88000.0,0.29,1.0,1.0,2.0,2.0,1.0,1.0,2.0,2.0,1.0,1.0,1.0,1,1,1,25-34,9999,No,,1.0,1.0
31080,CA,6073.0,6073010100.0,Conventional:Subordinate Lien,Single Family (1-4 Units):Site-Built,Not Hispanic or Latino,White,Female,Loan originated,3,95000.0,0.45,8.0,3.0,0.0,4500.0,1800.0,1200.0,600.0,200.0,180.0,0.0,0.0,2.0,2.0,2.0,2.0,0.0,211000.0,1.0,1.0,3.0,5.0,1.0,,152000.0,0.51,1.0,1.0,2.0,2.0,1.0,1.0,5.0,5.0,1.0,1.0,2.0,2,1,1,55-64,45-54,Yes,No,1.0,1.0
16980,NC,37119.0,37119000100.0,VA:First Lien,Single Family (1-4 Units):Site-Built,Not Hispanic or Latino,American Indian or Alaska Native,Male,Loan originated,1,298000.0,0.88,6.5,1.5,0.0,6800.0,2100.0,1400.0,700.0,900.0,360.0,0.0,0.0,2.0,2.0,2.0,2.0,0.0,339000.0,1.0,1.0,3.0,5.0,1.0,,78000.0,0.35,1.0,1.0,2.0,2.0,1.0,1.0,1.0,1.0,1.0,1.0,1.0,1,1,1,35-44,35-44,No,No,1.0,1.0
19100,MI,26163.0,26163002100.0,Conventional:First Lien,Single Family (1-4 Units):Site-Built,Not Hispanic or Latino,White,Female,Application withdrawn,1,165000.0,0.78,7.125,2.375,0.0,0.0,0.0,0.0,0.0,0.0,0.0,0.0,0.0,2.0,2.0,2.0,2.0,0.0,212000.0,1.0,1.0,3.0,5.0,1.0,,71000.0,0.33,1.0,1.0,2.0,2.0,1.0,1.0,5.0,5.0,1.0,1.0,2.0,2,1,1,45-54,9999,No,,1.0,1.0
26420,FL,12011.0,12011000302.0,FHA:First Lien,Single Family (1-4 Units):Site-Built,Hispanic or Latino,White,Male,Loan originated,1,425000.0,0.9,7.125,2.125,0.0,9800.0,3100.0,2100.0,1000.0,1200.0,360.0,0.0,0.0,2.0,2.0,2.0,2.0,0.0,472000.0,1.0,1.0,3.0,5.0,1.0,,115000.0,0.44,1.0,1.0,1.0,2.0,1.0,1.0,5.0,5.0,1.0,1.0,1.0,2,1,1,25-34,25-34,No,No,1.0,1.0
37980,OK,40143.0,40143001800.0,Conventional:First Lien,Single Family (1-4 Units):Site-Built,Not Hispanic or Latino,Black or African American,Female,Loan originated,1,195000.0,0.82,6.875,2.125,0.0,6100.0,1900.0,1300.0,600.0,750.0,360.0,0.0,0.0,2.0,2.0,2.0,2.0,0.0,238000.0,1.0,1.0,3.0,5.0,1.0,,82000.0,0.4,1.0,1.0,2.0,2.0,1.0,1.0,3.0,3.0,1.0,1.0,2.0,2,1,1,35-44,9999,No,,1.0,1.0
12060,MA,25021.0,25021000700.0,Conventional:First Lien,Single Family (1-4 Units):Site-Built,Not Hispanic or Latino,Asian,Female,Application denied,1,650000.0,0.7,5.875,1.375,0.0,0.0,0.0,0.0,0.0,0.0,0.0,0.0,0.0,2.0,2.0,2.0,2.0,0.0,929000.0,1.0,1.0,3.0,5.0,1.0,,195000.0,0.27,1.0,1.0,2.0,2.0,1.0,1.0,2.0,2.0,1.0,1.0,2.0,2,1,1,45-54,45-54,No,No,1.0,1.0
14460,WA,53033.0,53033001904.0,Conventional:First Lien,Single Family (1-4 Units):Site-Built,Not Hispanic or Latino,White,Male,File closed for incompleteness,1,520000.0,0.8,6.375,1.875,0.0,0.0,0.0,0.0,0.0,0.0,0.0,0.0,0.0,2.0,2.0,2.0,2.0,0.0,650000.0,1.0,1.0,3.0,5.0,1.0,,165000.0,0.31,1.0,1.0,2.0,2.0,1.0,1.0,5.0,5.0,1.0,1.0,1.0,1,1,1,35-44,9999,No,,1.0,1.0
33100,GA,13135.0,13135001900.0,USDA:First Lien,Single Family (1-4 Units):Site-Built,Not Hispanic or Latino,White,Female,Loan originated,1,185000.0,0.95,6.25,1.25,0.0,5800.0,1800.0,1200.0,600.0,850.0,360.0,0.0,0.0,2.0,2.0,2.0,2.0,0.0,195000.0,1.0,1.0,3.0,5.0,1.0,,59000.0,0.48,1.0,1.0,2.0,2.0,1.0,1.0,5.0,5.0,1.0,1.0,2.0,2,1,1,25-34,25-34,No,No,1.0,1.0
38900,OR,41051.0,41051001400.0,Conventional:First Lien,Single Family (1-4 Units):Site-Built,Not Hispanic or Latino,Native Hawaiian or Other Pacific Islander,Male,Loan originated,1,375000.0,0.75,6.625,2.0,0.0,8200.0,2500.0,1700.0,800.0,950.0,360.0,0.0,0.0,2.0,2.0,2.0,2.0,0.0,500000.0,1.0,1.0,3.0,5.0,1.0,,108000.0,0.34,1.0,1.0,2.0,2.0,1.0,1.0,7.0,7.0,1.0,1.0,1.0,1,1,1,35-44,35-44,No,No,1.0,1.0
45300,CO,8031.0,803100083.0,Conventional:Subordinate Lien,Single Family (1-4 Units):Site-Built,Not Hispanic or Latino,White,Male,Loan originated,2,75000.0,0.35,8.25,3.5,0.0,3800.0,1500.0,1000.0,500.0,200.0,240.0,0.0,0.0,2.0,2.0,2.0,2.0,0.0,214000.0,1.0,1.0,3.0,5.0,1.0,,142000.0,0.52,1.0,1.0,2.0,2.0,1.0,1.0,5.0,5.0,1.0,1.0,1.0,1,1,1,45-54,45-54,No,No,1.0,1.0
23820,IL,17031.0,17031000400.0,Conventional:First Lien,Single Family (1-4 Units):Site-Built,Hispanic or Latino,Black or African American,Female,Application denied,1,285000.0,0.72,7.5,2.75,0.0,0.0,0.0,0.0,0.0,0.0,0.0,0.0,0.0,2.0,2.0,2.0,2.0,0.0,396000.0,1.0,1.0,3.0,5.0,1.0,,95000.0,0.37,1.0,1.0,1.0,1.0,1.0,1.0,3.0,3.0,1.0,1.0,2.0,2,1,1,25-34,25-34,No,No,1.0,1.0
29540,HI,15003.0,15003001900.0,Conventional:First Lien,Single Family (1-4 Units):Site-Built,Not Hispanic or Latino,Asian,Male,Loan originated,1,685000.0,0.85,5.5,1.0,0.0,12500.0,3800.0,2600.0,1200.0,1800.0,360.0,0.0,0.0,2.0,2.0,2.0,2.0,0.0,806000.0,1.0,1.0,3.0,5.0,1.0,,185000.0,0.29,1.0,1.0,2.0,2.0,1.0,1.0,2.0,2.0,1.0,1.0,1.0,1,1,1,45-54,35-44,No,No,1.0,1.0
38300,PA,42091.0,42091000200.0,FHA:First Lien,Single Family (1-4 Units):Site-Built,Not Hispanic or Latino,White,Female,Loan originated,1,195000.0,0.92,7.0,1.75,0.0,7100.0,2200.0,1500.0,700.0,850.0,360.0,0.0,0.0,2.0,2.0,2.0,2.0,0.0,212000.0,1.0,1.0,3.0,5.0,1.0,,68000.0,0.45,1.0,1.0,2.0,2.0,1.0,1.0,5.0,5.0,1.0,1.0,2.0,2,1,1,35-44,9999,No,,1.0,1.0
36540,NJ,34023.0,34023000302.0,Conventional:First Lien,Single Family (1-4 Units):Site-Built,Not Hispanic or Latino,White,Male,Application approved but not accepted,1,485000.0,0.65,5.75,1.25,0.0,0.0,0.0,0.0,0.0,0.0,0.0,0.0,0.0,2.0,2.0,2.0,2.0,0.0,746000.0,1.0,1.0,3.0,5.0,1.0,,175000.0,0.24,1.0,1.0,2.0,2.0,1.0,1.0,5.0,5.0,1.0,1.0,1.0,1,1,1,45-54,45-54,No,No,1.0,1.0
17460,AZ,4013.0,4013021300.0,Conventional:First Lien,Single Family (1-4 Units):Site-Built,Hispanic or Latino,American Indian or Alaska Native,Female,Loan originated,1,320000.0,0.88,7.125,2.25,0.0,8900.0,2800.0,1900.0,900.0,1100.0,360.0,0.0,0.0,2.0,2.0,2.0,2.0,0.0,364000.0,1.0,1.0,3.0,5.0,1.0,,88000.0,0.41,1.0,1.0,1.0,2.0,1.0,1.0,1.0,5.0,1.0,1.0,2.0,2,1,1,35-44,35-44,No,No,1.0,1.0
22020,WI,55079.0,55079000100.0,Conventional:First Lien,Single Family (1-4 Units):Site-Built,Not Hispanic or Latino,White,Male,Loan originated,1,235000.0,0.78,6.875,2.0,0.0,6700.0,2100.0,1400.0,700.0,850.0,360.0,0.0,0.0,2.0,2.0,2.0,2.0,0.0,301000.0,1.0,1.0,3.0,5.0,1.0,,78000.0,0.36,1.0,1.0,2.0,2.0,1.0,1.0,5.0,5.0,1.0,1.0,1.0,1,1,1,35-44,9999,No,,1.0,1.0
41180,TN,47037.0,47037001900.0,VA:First Lien,Single Family (1-4 Units):Site-Built,Not Hispanic or Latino,Black or African American,Male,Loan originated,1,275000.0,0.9,6.25,1.5,0.0,7200.0,2300.0,1600.0,700.0,950.0,360.0,0.0,0.0,2.0,2.0,2.0,2.0,0.0,306000.0,1.0,1.0,3.0,5.0,1.0,,85000.0,0.39,1.0,1.0,2.0,2.0,1.0,1.0,3.0,3.0,1.0,1.0,1.0,1,1,1,25-34,25-34,No,No,1.0,1.0
26140,FL,12086.0,12086000100.0,Conventional:First Lien,Single Family (1-4 Units):Site-Built,Not Hispanic or Latino,White,Female,Application denied,1,425000.0,0.7,7.75,3.0,0.0,0.0,0.0,0.0,0.0,0.0,0.0,0.0,0.0,2.0,2.0,2.0,2.0,0.0,607000.0,1.0,1.0,3.0,5.0,1.0,,145000.0,0.28,1.0,1.0,2.0,2.0,1.0,1.0,5.0,5.0,1.0,1.0,2.0,2,1,1,45-54,45-54,No,No,1.0,1.0
19740,MD,24003.0,24003000100.0,Conventional:First Lien,Single Family (1-4 Units):Site-Built,Not Hispanic or Latino,Asian,Female,Loan originated,1,565000.0,0.8,6.0,1.5,0.0,10200.0,3200.0,2200.0,1000.0,1400.0,360.0,0.0,0.0,2.0,2.0,2.0,2.0,0.0,706000.0,1.0,1.0,3.0,5.0,1.0,,165000.0,0.3,1.0,1.0,2.0,2.0,1.0,1.0,2.0,2.0,1.0,1.0,2.0,2,1,1,35-44,35-44,No,No,1.0,1.0
42660,UT,49035.0,49035000400.0,Conventional:First Lien,Single Family (1-4 Units):Site-Built,Not Hispanic or Latino,White,Male,Loan originated,1,445000.0,0.85,6.375,1.875,0.0,9300.0,2900.0,2000.0,900.0,1200.0,360.0,0.0,0.0,2.0,2.0,2.0,2.0,0.0,524000.0,1.0,1.0,3.0,5.0,1.0,,125000.0,0.33,1.0,1.0,2.0,2.0,1.0,1.0,5.0,5.0,1.0,1.0,1.0,1,1,1,25-34,25-34,No,No,1.0,1.0
49180,WA,53061.0,53061001501.0,Conventional:Subordinate Lien,Single Family (1-4 Units):Site-Built,Not Hispanic or Latino,Native Hawaiian or Other Pacific Islander,Female,Loan originated,4,125000.0,0.4,8.5,4.0,0.0,5200.0,2000.0,1300.0,700.0,300.0,180.0,0.0,0.0,2.0,2.0,2.0,2.0,0.0,313000.0,1.0,1.0,3.0,5.0,1.0,,135000.0,0.55,1.0,1.0,2.0,2.0,1.0,1.0,7.0,7.0,1.0,1.0,2.0,2,1,1,35-44,35-44,No,No,1.0,1.0
35620,NY,36103.0,36103000100.0,Conventional:First Lien,Single Family (1-4 Units):Site-Built,Hispanic or Latino,White,Male,Loan originated,1,785000.0,0.75,5.875,1.375,0.0,14200.0,4300.0,3000.0,1300.0,2000.0,360.0,0.0,0.0,2.0,2.0,2.0,2.0,0.0,1047000.0,1.0,1.0,3.0,5.0,1.0,,235000.0,0.26,1.0,1.0,1.0,2.0,1.0,1.0,5.0,5.0,1.0,1.0,1.0,2,1,1,35-44,35-44,No,No,1.0,1.0
18140,CA,6037.0,6037301300.0,Conventional:First Lien,Single Family (1-4 Units):Site-Built,Not Hispanic or Latino,Black or African American,Female,Application withdrawn,1,625000.0,0.68,6.125,1.625,0.0,0.0,0.0,0.0,0.0,0.0,0.0,0.0,0.0,2.0,2.0,2.0,2.0,0.0,919000.0,1.0,1.0,3.0,5.0,1.0,,195000.0,0.25,1.0,1.0,2.0,2.0,1.0,1.0,3.0,3.0,1.0,1.0,2.0,2,1,1,35-44,35-44,No,No,1.0,1.0
12060,MA,25025.0,25025000300.0,Conventional:First Lien,Single Family (1-4 Units):Site-Built,Not Hispanic or Latino,White,Male,Application denied,1,695000.0,0.72,5.625,1.125,0.0,0.0,0.0,0.0,0.0,0.0,0.0,0.0,0.0,2.0,2.0,2.0,2.0,0.0,965000.0,1.0,1.0,3.0,5.0,1.0,,225000.0,0.23,1.0,1.0,2.0,2.0,1.0,1.0,5.0,5.0,1.0,1.0,1.0,1,1,1,45-54,45-54,No,No,1.0,1.0
38060,OH,39017.0,39017000200.0,FHA:First Lien,Single Family (1-4 Units):Site-Built,Not Hispanic or Latino,White,Female,Loan originated,1,165000.0,0.94,7.25,2.0,0.0,5800.0,1800.0,1200.0,600.0,750.0,360.0,0.0,0.0,2.0,2.0,2.0,2.0,0.0,175000.0,1.0,1.0,3.0,5.0,1.0,,58000.0,0.46,1.0,1.0,2.0,2.0,1.0,1.0,5.0,5.0,1.0,1.0,2.0,2,1,1,25-34,9999,No,,1.0,1.0
33460,NC,37129.0,37129000200.0,Conventional:First Lien,Single Family (1-4 Units):Site-Built,Not Hispanic or Latino,American Indian or Alaska Native,Male,Loan originated,1,285000.0,0.83,6.75,2.125,0.0,7800.0,2400.0,1600.0,800.0,1050.0,360.0,0.0,0.0,2.0,2.0,2.0,2.0,0.0,343000.0,1.0,1.0,3.0,5.0,1.0,,92000.0,0.37,1.0,1.0,2.0,2.0,1.0,1.0,1.0,1.0,1.0,1.0,1.0,1,1,1,35-44,35-44,No,No,1.0,1.0
45300,CO,8031.0,803100142.0,Conventional:First Lien,Single Family (1-4 Units):Site-Built,Not Hispanic or Latino,Asian,Female,Loan originated,1,525000.0,0.78,6.125,1.625,0.0,10800.0,3300.0,2300.0,1000.0,1500.0,360.0,0.0,0.0,2.0,2.0,2.0,2.0,0.0,673000.0,1.0,1.0,3.0,5.0,1.0,,155000.0,0.28,1.0,1.0,2.0,2.0,1.0,1.0,2.0,2.0,1.0,1.0,2.0,2,1,1,35-44,35-44,No,No,1.0,1.0
10420,AL,1073.0,10730100200.0,VA:First Lien,Single Family (1-4 Units):Site-Built,Not Hispanic or Latino,Black or African American,Male,Loan originated,1,195000.0,0.91,6.375,1.625,0.0,6200.0,1900.0,1300.0,600.0,850.0,360.0,0.0,0.0,2.0,2.0,2.0,2.0,0.0,214000.0,1.0,1.0,3.0,5.0,1.0,,68000.0,0.43,1.0,1.0,2.0,2.0,1.0,1.0,3.0,3.0,1.0,1.0,1.0,1,1,1,25-34,25-34,No,No,1.0,1.0
38060,OH,39153.0,39153000100.0,Conventional:First Lien,Single Family (1-4 Units):Site-Built,Not Hispanic or Latino,White,Male,Application approved but not accepted,1,225000.0,0.76,7.0,2.25,0.0,0.0,0.0,0.0,0.0,0.0,0.0,0.0,0.0,2.0,2.0,2.0,2.0,0.0,296000.0,1.0,1.0,3.0,5.0,1.0,,85000.0,0.32,1.0,1.0,2.0,2.0,1.0,1.0,5.0,5.0,1.0,1.0,1.0,1,1,1,35-44,35-44,No,No,1.0,1.0
41860,TX,48121.0,48121000300.0,Conventional:First Lien,Single Family (1-4 Units):Site-Built,Hispanic or Latino,White,Female,Loan originated,1,315000.0,0.87,7.375,2.375,0.0,8600.0,2700.0,1800.0,900.0,1100.0,360.0,0.0,0.0,2.0,2.0,2.0,2.0,0.0,362000.0,1.0,1.0,3.0,5.0,1.0,,95000.0,0.4,1.0,1.0,1.0,2.0,1.0,1.0,5.0,5.0,1.0,1.0,2.0,2,1,1,35-44,35-44,No,No,1.0,1.0
38900,OR,41067.0,41067000400.0,Conventional:First Lien,Single Family (1-4 Units):Site-Built,Not Hispanic or Latino,White,Male,File closed for incompleteness,1,395000.0,0.73,6.5,2.0,0.0,0.0,0.0,0.0,0.0,0.0,0.0,0.0,0.0,2.0,2.0,2.0,2.0,0.0,541000.0,1.0,1.0,3.0,5.0,1.0,,135000.0,0.3,1.0,1.0,2.0,2.0,1.0,1.0,5.0,5.0,1.0,1.0,1.0,1,1,1,45-54,9999,No,,1.0,1.0
35620,NY,36005.0,36005000100.0,Conventional:Subordinate Lien,Single Family (1-4 Units):Site-Built,Not Hispanic or Latino,Black or African American,Female,Loan originated,2,95000.0,0.3,8.75,4.25,0.0,4100.0,1600.0,1100.0,500.0,250.0,180.0,0.0,0.0,2.0,2.0,2.0,2.0,0.0,317000.0,1.0,1.0,3.0,5.0,1.0,,148000.0,0.58,1.0,1.0,2.0,2.0,1.0,1.0,3.0,3.0,1.0,1.0,2.0,2,1,1,45-54,45-54,No,No,1.0,1.0
19100,MI,26125.0,26125000300.0,FHA:First Lien,Single Family (1-4 Units):Site-Built,Not Hispanic or Latino,White,Male,Loan originated,1,175000.0,0.93,7.125,1.875,0.0,6300.0,2000.0,1300.0,700.0,850.0,360.0,0.0,0.0,2.0,2.0,2.0,2.0,0.0,188000.0,1.0,1.0,3.0,5.0,1.0,,62000.0,0.47,1.0,1.0,2.0,2.0,1.0,1.0,5.0,5.0,1.0,1.0,1.0,1,1,1,25-34,25-34,No,No,1.0,1.0
26420,FL,12057.0,12057000200.0,Conventional:First Lien,Single Family (1-4 Units):Site-Built,Not Hispanic or Latino,White,Female,Application denied,1,385000.0,0.69,7.875,3.125,0.0,0.0,0.0,0.0,0.0,0.0,0.0,0.0,0.0,2.0,2.0,2.0,2.0,0.0,558000.0,1.0,1.0,3.0,5.0,1.0,,165000.0,0.27,1.0,1.0,2.0,2.0,1.0,1.0,5.0,5.0,1.0,1.0,2.0,2,1,1,45-54,45-54,No,No,1.0,1.0
12060,MA,25009.0,25009000400.0,Conventional:First Lien,Single Family (1-4 Units):Site-Built,Not Hispanic or Latino,Asian,Male,Loan originated,1,625000.0,0.7,5.75,1.25,0.0,11800.0,3600.0,2500.0,1100.0,1700.0,360.0,0.0,0.0,2.0,2.0,2.0,2.0,0.0,893000.0,1.0,1.0,3.0,5.0,1.0,,185000.0,0.25,1.0,1.0,2.0,2.0,1.0,1.0,2.0,2.0,1.0,1.0,1.0,1,1,1,35-44,35-44,No,No,1.0,1.0
17460,AZ,4013.0,4013021500.0,Conventional:First Lien,Single Family (1-4 Units):Site-Built,Hispanic or Latino,White,Female,Loan originated,1,365000.0,0.85,7.0,2.125,0.0,9200.0,2900.0,2000.0,900.0,1200.0,360.0,0.0,0.0,2.0,2.0,2.0,2.0,0.0,429000.0,1.0,1.0,3.0,5.0,1.0,,105000.0,0.36,1.0,1.0,1.0,2.0,1.0,1.0,5.0,5.0,1.0,1.0,2.0,2,1,1,35-44,35-44,No,No,1.0,1.0
23820,IL,17043.0,17043000200.0,Conventional:First Lien,Single Family (1-4 Units):Site-Built,Not Hispanic or Latino,White,Male,Application withdrawn,1,245000.0,0.74,7.25,2.5,0.0,0.0,0.0,0.0,0.0,0.0,0.0,0.0,0.0,2.0,2.0,2.0,2.0,0.0,331000.0,1.0,1.0,3.0,5.0,1.0,,88000.0,0.34,1.0,1.0,2.0,2.0,1.0,1.0,5.0,5.0,1.0,1.0,1.0,1,1,1,35-44,35-44,No,No,1.0,1.0
33460,NC,37183.0,37183000100.0,VA:First Lien,Single Family (1-4 Units):Site-Built,Not Hispanic or Latino,Black or African American,Female,Loan originated,1,265000.0,0.89,6.375,1.625,0.0,7100.0,2200.0,1500.0,700.0,950.0,360.0,0.0,0.0,2.0,2.0,2.0,2.0,0.0,298000.0,1.0,1.0,3.0,5.0,1.0,,82000.0,0.41,1.0,1.0,2.0,2.0,1.0,1.0,3.0,3.0,1.0,1.0,2.0,2,1,1,25-34,25-34,No,No,1.0,1.0
45300,CO,8059.0,805900012.0,Conventional:First Lien,Single Family (1-4 Units):Site-Built,Not Hispanic or Latino,White,Male,Loan originated,1,485000.0,0.82,6.5,1.875,0.0,10500.0,3200.0,2200.0,1000.0,1400.0,360.0,0.0,0.0,2.0,2.0,2.0,2.0,0.0,591000.0,1.0,1.0,3.0,5.0,1.0,,145000.0,0.31,1.0,1.0,2.0,2.0,1.0,1.0,5.0,5.0,1.0,1.0,1.0,1,1,1,35-44,35-44,No,No,1.0,1.0
29540,HI,15003.0,15003002500.0,Conventional:First Lien,Single Family (1-4 Units):Site-Built,Not Hispanic or Latino,Native Hawaiian or Other Pacific Islander,Female,Loan originated,1,725000.0,0.82,5.625,1.125,0.0,13200.0,4000.0,2800.0,1200.0,1900.0,360.0,0.0,0.0,2.0,2.0,2.0,2.0,0.0,885000.0,1.0,1.0,3.0,5.0,1.0,,195000.0,0.28,1.0,1.0,2.0,2.0,1.0,1.0,7.0,7.0,1.0,1.0,2.0,2,1,1,35-44,35-44,No,No,1.0,1.0
10420,AL,1073.0,10730100500.0,FHA:First Lien,Single Family (1-4 Units):Site-Built,Not Hispanic or Latino,Black or African American,Male,Loan originated,1,185000.0,0.95,7.375,2.125,0.0,5800.0,1800.0,1200.0,600.0,800.0,360.0,0.0,0.0,2.0,2.0,2.0,2.0,0.0,195000.0,1.0,1.0,3.0,5.0,1.0,,58000.0,0.48,1.0,1.0,2.0,2.0,1.0,1.0,3.0,3.0,1.0,1.0,1.0,1,1,1,25-34,25-34,No,No,1.0,1.0
42660,UT,49049.0,49049000200.0,Conventional:First Lien,Single Family (1-4 Units):Site-Built,Not Hispanic or Latino,White,Female,Application approved but not accepted,1,425000.0,0.79,6.25,1.75,0.0,0.0,0.0,0.0,0.0,0.0,0.0,0.0,0.0,2.0,2.0,2.0,2.0,0.0,538000.0,1.0,1.0,3.0,5.0,1.0,,135000.0,0.29,1.0,1.0,2.0,2.0,1.0,1.0,5.0,5.0,1.0,1.0,2.0,2,1,1,35-44,35-44,No,No,1.0,1.0
19740,MD,24510.0,24510000100.0,Conventional:Subordinate Lien,Single Family (1-4 Units):Site-Built,Not Hispanic or Latino,Asian,Male,Loan originated,5,135000.0,0.38,8.25,3.75,0.0,5600.0,2200.0,1500.0,700.0,350.0,180.0,0.0,0.0,2.0,2.0,2.0,2.0,0.0,355000.0,1.0,1.0,3.0,5.0,1.0,,165000.0,0.53,1.0,1.0,2.0,2.0,1.0,1.0,2.0,2.0,1.0,1.0,1.0,1,1,1,45-54,45-54,No,No,1.0,1.0
35620,CA,37.0,6037203001.0,Conventional:First Lien,Single Family (1-4 Units):Site-Built,Hispanic or Latino,Asian,Male,Loan originated,1,425000.0,85.0,6.75,2.25,0.0,8500.0,2500.0,3500.0,1500.0,0.0,360.0,0.0,0.0,2.0,2.0,2.0,2.0,,500000.0,1.0,1.0,3.0,3.0,1.0,,125000.0,38.0,1.0,1.0,1.0,1.0,1.0,1.0,2.0,2.0,1.0,1.0,1.0,1,1,1,35-44,25-34,No,No,1.0,1.0
41860,TX,113.0,48113030802.0,Conventional:Subordinate Lien,Single Family (1-4 Units):Site-Built,Not Hispanic or Latino,Black or African American,Female,Application approved but not accepted,3,75000.0,,7.5,3.0,1.0,,1200.0,800.0,400.0,200.0,180.0,,,2.0,2.0,2.0,2.0,,300000.0,1.0,1.0,3.0,3.0,1.0,,85000.0,42.0,1.0,6.0,2.0,5.0,1.0,1.0,3.0,5.0,1.0,1.0,2.0,5,1,5,45-54,9999,No,,1.0,1.0
38060,OH,35.0,39035000100.0,FHA:First Lien,Single Family (1-4 Units):Site-Built,Not Hispanic or Latino,White,Male,Loan originated,1,185000.0,96.5,6.25,1.75,0.0,6500.0,1800.0,2800.0,1000.0,500.0,360.0,0.0,0.0,2.0,2.0,2.0,2.0,,195000.0,1.0,1.0,3.0,3.0,1.0,,68000.0,45.0,1.0,6.0,2.0,5.0,1.0,1.0,5.0,5.0,1.0,5.0,1.0,5,1,5,25-34,9999,No,,1.0,1.0
12060,WA,33.0,53033008401.0,VA:First Lien,Single Family (1-4 Units):Site-Built,Hispanic or Latino,American Indian or Alaska Native,Female,Loan originated,1,315000.0,100.0,5.875,1.5,0.0,7200.0,0.0,3200.0,0.0,1200.0,360.0,0.0,0.0,2.0,2.0,2.0,2.0,,315000.0,1.0,1.0,1.0,3.0,1.0,,78000.0,29.0,1.0,6.0,1.0,5.0,1.0,1.0,1.0,5.0,1.0,5.0,1.0,5,1,5,55-64,9999,No,,1.0,1.0
14460,MA,9.0,25009070201.0,Conventional:First Lien,Single Family (1-4 Units):Site-Built,Not Hispanic or Latino,Native Hawaiian or Other Pacific Islander,Male,Application denied,1,550000.0,75.0,7.0,2.75,0.0,11000.0,3200.0,4200.0,1800.0,0.0,360.0,0.0,0.0,2.0,2.0,2.0,2.0,,733333.0,1.0,1.0,3.0,3.0,1.0,,175000.0,33.0,1.0,1.0,2.0,5.0,1.0,1.0,6.0,5.0,1.0,5.0,1.0,5,1,5,65-74,45-54,Yes,No,1.0,1.0
19100,CA,65.0,6065800102.0,Conventional:First Lien,Single Family (1-4 Units):Site-Built,Not Hispanic or Latino,Asian,Female,Loan originated,1,675000.0,80.0,6.375,2.0,0.0,12500.0,2800.0,4800.0,2000.0,0.0,360.0,0.0,0.0,2.0,2.0,2.0,2.0,,843750.0,1.0,1.0,1.0,3.0,1.0,,225000.0,28.0,1.0,1.0,2.0,2.0,1.0,1.0,2.0,2.0,1.0,1.0,1.0,1,1,1,35-44,35-44,No,No,1.0,1.0
26420,FL,57.0,12057001203.0,Conventional:Subordinate Lien,Single Family (1-4 Units):Site-Built,Hispanic or Latino,White,Male,File closed for incompleteness,2,125000.0,,8.0,4.0,1.0,,2200.0,1500.0,700.0,500.0,120.0,,,2.0,2.0,2.0,2.0,,450000.0,1.0,1.0,3.0,3.0,1.0,,95000.0,51.0,1.0,6.0,1.0,5.0,1.0,1.0,5.0,5.0,1.0,5.0,1.0,5,1,5,55-64,9999,No,,1.0,1.0
33100,NC,63.0,37063030201.0,USDA:First Lien,Single Family (1-4 Units):Site-Built,Not Hispanic or Latino,Black or African American,Female,Loan originated,1,245000.0,102.0,5.5,1.25,0.0,5800.0,0.0,2600.0,0.0,900.0,360.0,0.0,0.0,2.0,2.0,2.0,2.0,,240196.0,1.0,1.0,1.0,3.0,1.0,,72000.0,31.0,1.0,6.0,2.0,5.0,1.0,1.0,3.0,5.0,1.0,5.0,1.0,5,1,5,25-34,9999,No,,1.0,1.0
38900,OR,51.0,41051001100.0,Conventional:First Lien,Single Family (1-4 Units):Site-Built,Not Hispanic or Latino,White,Male,Application withdrawn,1,485000.0,82.0,6.875,2.5,0.0,10200.0,3100.0,4100.0,1900.0,0.0,360.0,0.0,0.0,2.0,2.0,2.0,2.0,,591463.0,1.0,1.0,3.0,3.0,1.0,,135000.0,36.0,1.0,6.0,2.0,5.0,1.0,1.0,5.0,5.0,1.0,5.0,1.0,5,1,5,45-54,9999,No,,1.0,1.0
45300,TX,85.0,48113010805.0,Conventional:First Lien,Single Family (1-4 Units):Site-Built,Hispanic or Latino,American Indian or Alaska Native,Female,Loan originated,1,395000.0,90.0,7.125,3.0,0.0,8800.0,2400.0,3600.0,1600.0,0.0,360.0,0.0,0.0,2.0,2.0,2.0,2.0,,438889.0,1.0,1.0,1.0,3.0,1.0,,105000.0,41.0,1.0,6.0,1.0,5.0,1.0,1.0,1.0,5.0,1.0,5.0,1.0,5,1,5,35-44,9999,No,,1.0,1.0
16980,AZ,13.0,4013001402.0,Conventional:First Lien,Single Family (1-4 Units):Site-Built,Not Hispanic or Latino,Asian,Male,Application denied,1,320000.0,88.0,7.25,3.25,0.0,7500.0,2800.0,3200.0,1800.0,0.0,360.0,0.0,0.0,2.0,2.0,2.0,2.0,,363636.0,1.0,1.0,3.0,3.0,1.0,,98000.0,48.0,1.0,1.0,2.0,2.0,1.0,1.0,2.0,2.0,1.0,1.0,1.0,1,1,1,65-74,55-64,Yes,No,1.0,1.0
22020,CO,31.0,8031000201.0,VA:First Lien,Single Family (1-4 Units):Site-Built,Not Hispanic or Latino,White,Female,Loan originated,1,415000.0,100.0,5.625,1.0,0.0,7800.0,0.0,3400.0,0.0,1000.0,360.0,0.0,0.0,2.0,2.0,2.0,2.0,,415000.0,1.0,1.0,1.0,3.0,1.0,,88000.0,26.0,1.0,6.0,2.0,5.0,1.0,1.0,5.0,5.0,1.0,5.0,1.0,5,1,5,25-34,9999,No,,1.0,1.0
29540,IL,43.0,17031030200.0,Conventional:Subordinate Lien,Single Family (1-4 Units):Site-Built,Hispanic or Latino,Black or African American,Male,Application approved but not accepted,3,95000.0,,8.5,4.5,1.0,,1800.0,1100.0,700.0,400.0,150.0,,,2.0,2.0,2.0,2.0,,275000.0,1.0,1.0,3.0,3.0,1.0,,75000.0,54.0,1.0,6.0,1.0,5.0,1.0,1.0,3.0,5.0,1.0,5.0,1.0,5,1,5,45-54,9999,No,,1.0,1.0
38300,OH,35.0,39035001504.0,FHA:First Lien,Manufactured Home,Not Hispanic or Latino,Native Hawaiian or Other Pacific Islander,Female,Loan originated,1,125000.0,95.0,6.75,2.0,0.0,4800.0,1200.0,2000.0,800.0,600.0,360.0,0.0,0.0,2.0,2.0,2.0,2.0,,131579.0,2.0,1.0,1.0,1.0,1.0,,52000.0,44.0,1.0,6.0,2.0,5.0,1.0,1.0,6.0,5.0,1.0,5.0,1.0,5,1,5,35-44,9999,No,,1.0,1.0
42660,TX,121.0,48121010800.0,Conventional:First Lien,Single Family (1-4 Units):Site-Built,Not Hispanic or Latino,White,Male,Loan originated,1,285000.0,78.0,6.125,1.75,0.0,6200.0,1600.0,2600.0,1200.0,300.0,360.0,0.0,0.0,2.0,2.0,2.0,2.0,,365385.0,1.0,1.0,1.0,3.0,1.0,,85000.0,32.0,1.0,6.0,2.0,5.0,1.0,1.0,5.0,5.0,1.0,5.0,1.0,5,1,5,25-34,25-34,No,No,1.0,1.0
14484,MA,25.0,25025030101.0,Conventional:First Lien,Single Family (1-4 Units):Site-Built,Not Hispanic or Latino,Asian,Female,Application withdrawn,1,625000.0,73.0,6.5,2.25,0.0,11800.0,3200.0,4600.0,2000.0,0.0,360.0,0.0,0.0,2.0,2.0,2.0,2.0,,856164.0,1.0,1.0,3.0,3.0,1.0,,195000.0,30.0,1.0,1.0,2.0,2.0,1.0,1.0,2.0,2.0,1.0,1.0,1.0,1,1,1,35-44,35-44,No,No,1.0,1.0
19740,CA,37.0,6037013205.0,Conventional:Subordinate Lien,Single Family (1-4 Units):Site-Built,Hispanic or Latino,American Indian or Alaska Native,Male,File closed for incompleteness,2,65000.0,,7.75,3.5,1.0,,1400.0,900.0,500.0,300.0,144.0,,,2.0,2.0,2.0,2.0,,225000.0,1.0,1.0,3.0,3.0,1.0,,65000.0,49.0,1.0,6.0,1.0,5.0,1.0,1.0,1.0,5.0,1.0,5.0,1.0,5,1,5,55-64,9999,No,,1.0,1.0
24330,FL,99.0,12099000102.0,Conventional:First Lien,Single Family (1-4 Units):Site-Built,Not Hispanic or Latino,Black or African American,Male,Loan originated,1,365000.0,83.0,6.875,2.5,0.0,8200.0,2200.0,3400.0,1500.0,200.0,360.0,0.0,0.0,2.0,2.0,2.0,2.0,,439759.0,1.0,1.0,1.0,3.0,1.0,,115000.0,37.0,1.0,6.0,2.0,5.0,1.0,1.0,3.0,5.0,1.0,5.0,1.0,5,1,5,35-44,9999,No,,1.0,1.0
33124,NC,63.0,37063011500.0,USDA:First Lien,Single Family (1-4 Units):Site-Built,Not Hispanic or Latino,White,Female,Application denied,1,195000.0,105.0,5.75,1.5,0.0,5200.0,0.0,2300.0,0.0,800.0,360.0,0.0,0.0,2.0,2.0,2.0,2.0,,185714.0,1.0,1.0,1.0,3.0,1.0,,58000.0,39.0,1.0,6.0,2.0,5.0,1.0,1.0,5.0,5.0,1.0,5.0,1.0,5,1,5,25-34,9999,No,,1.0,1.0
38940,OR,67.0,41067000801.0,Conventional:First Lien,Single Family (1-4 Units):Site-Built,Hispanic or Latino,Asian,Male,Loan originated,1,525000.0,75.0,6.25,2.0,0.0,10500.0,2900.0,4200.0,1800.0,0.0,360.0,0.0,0.0,2.0,2.0,2.0,2.0,,700000.0,1.0,1.0,1.0,3.0,1.0,,165000.0,29.0,1.0,6.0,1.0,5.0,1.0,1.0,2.0,5.0,1.0,5.0,1.0,5,1,5,35-44,9999,No,,1.0,1.0
45340,TX,85.0,48113021403.0,Conventional:First Lien,Single Family (1-4 Units):Site-Built,Not Hispanic or Latino,White,Male,Application approved but not accepted,1,445000.0,89.0,7.0,2.75,0.0,9600.0,2600.0,3800.0,1700.0,0.0,360.0,0.0,0.0,2.0,2.0,2.0,2.0,,500000.0,1.0,1.0,3.0,3.0,1.0,,130000.0,43.0,1.0,6.0,2.0,5.0,1.0,1.0,5.0,5.0,1.0,5.0,1.0,5,1,5,45-54,45-54,No,No,1.0,1.0
12020,WA,33.0,53033020102.0,VA:First Lien,Single Family (1-4 Units):Site-Built,Not Hispanic or Latino,Native Hawaiian or Other Pacific Islander,Female,Loan originated,1,375000.0,100.0,5.75,1.25,0.0,7200.0,0.0,3100.0,0.0,1100.0,360.0,0.0,0.0,2.0,2.0,2.0,2.0,,375000.0,1.0,1.0,1.0,3.0,1.0,,92000.0,27.0,1.0,6.0,2.0,5.0,1.0,1.0,6.0,5.0,1.0,5.0,1.0,5,1,5,25-34,9999,No,,1.0,1.0
14420,MA,9.0,25009040100.0,Conventional:Subordinate Lien,Single Family (1-4 Units):Site-Built,Hispanic or Latino,Black or African American,Female,File closed for incompleteness,32,85000.0,,8.25,4.25,1.0,,1600.0,1000.0,600.0,350.0,132.0,,,2.0,2.0,2.0,2.0,,275000.0,1.0,1.0,3.0,3.0,1.0,,70000.0,52.0,1.0,6.0,1.0,5.0,1.0,1.0,3.0,5.0,1.0,5.0,1.0,5,1,5,45-54,9999,No,,1.0,1.0
16920,AZ,13.0,4013020500.0,Conventional:First Lien,Single Family (1-4 Units):Site-Built,Not Hispanic or Latino,Asian,Male,Application withdrawn,1,290000.0,87.0,7.125,3.0,0.0,6800.0,2400.0,3000.0,1400.0,0.0,360.0,0.0,0.0,2.0,2.0,2.0,2.0,,333333.0,1.0,1.0,3.0,3.0,1.0,,88000.0,46.0,1.0,1.0,2.0,2.0,1.0,1.0,2.0,2.0,1.0,1.0,1.0,1,1,1,35-44,35-44,No,No,1.0,1.0
19760,CA,59.0,6059001401.0,FHA:First Lien,Single Family (1-4 Units):Site-Built,Not Hispanic or Latino,White,Female,Loan originated,1,195000.0,97.5,6.375,1.75,0.0,5600.0,1400.0,2400.0,1000.0,600.0,360.0,0.0,0.0,2.0,2.0,2.0,2.0,,200000.0,1.0,1.0,1.0,3.0,1.0,,62000.0,34.0,1.0,6.0,2.0,5.0,1.0,1.0,5.0,5.0,1.0,5.0,1.0,5,1,5,25-34,9999,No,,1.0,1.0
22080,CO,31.0,8031001502.0,Conventional:First Lien,Single Family (1-4 Units):Site-Built,Hispanic or Latino,American Indian or Alaska Native,Male,Loan originated,1,485000.0,79.0,6.5,2.25,0.0,10200.0,2800.0,4000.0,1800.0,0.0,360.0,0.0,0.0,2.0,2.0,2.0,2.0,,613924.0,1.0,1.0,1.0,3.0,1.0,,145000.0,31.0,1.0,6.0,1.0,5.0,1.0,1.0,1.0,5.0,1.0,5.0,1.0,5,1,5,35-44,9999,No,,1.0,1.0
29620,IL,43.0,17031010802.0,Conventional:First Lien,Single Family (1-4 Units):Site-Built,Not Hispanic or Latino,Black or African American,Female,Application denied,1,415000.0,92.0,7.375,3.25,0.0,8900.0,2600.0,3600.0,1700.0,0.0,360.0,0.0,0.0,2.0,2.0,2.0,2.0,,451087.0,1.0,1.0,3.0,3.0,1.0,,125000.0,47.0,1.0,6.0,2.0,5.0,1.0,1.0,3.0,5.0,1.0,5.0,1.0,5,1,5,35-44,9999,No,,1.0,1.0
38340,OH,35.0,39035020401.0,Conventional:Subordinate Lien,Manufactured Home,Not Hispanic or Latino,White,Male,Application approved but not accepted,3,55000.0,,8.75,5.0,1.0,,1000.0,650.0,350.0,200.0,84.0,,,2.0,2.0,2.0,2.0,,150000.0,2.0,1.0,1.0,1.0,1.0,,48000.0,58.0,1.0,6.0,2.0,5.0,1.0,1.0,5.0,5.0,1.0,5.0,1.0,5,1,5,55-64,9999,No,,1.0,1.0
42680,TX,121.0,48121031504.0,Conventional:First Lien,Single Family (1-4 Units):Site-Built,Hispanic or Latino,Asian,Female,Loan originated,1,355000.0,81.0,6.75,2.5,0.0,7800.0,2100.0,3300.0,1500.0,100.0,360.0,0.0,0.0,2.0,2.0,2.0,2.0,,438272.0,1.0,1.0,1.0,3.0,1.0,,110000.0,33.0,1.0,6.0,1.0,5.0,1.0,1.0,2.0,5.0,1.0,5.0,1.0,5,1,5,25-34,9999,No,,1.0,1.0
14500,MA,25.0,25025010802.0,Conventional:First Lien,Single Family (1-4 Units):Site-Built,Not Hispanic or Latino,Native Hawaiian or Other Pacific Islander,Male,File closed for incompleteness,1,695000.0,71.0,6.125,1.75,0.0,13200.0,3600.0,5200.0,2200.0,0.0,360.0,0.0,0.0,2.0,2.0,2.0,2.0,,978873.0,1.0,1.0,3.0,3.0,1.0,,235000.0,26.0,1.0,6.0,2.0,5.0,1.0,1.0,6.0,5.0,1.0,5.0,1.0,5,1,5,45-54,9999,No,,1.0,1.0
16940,AZ,19.0,4019001403.0,VA:First Lien,Single Family (1-4 Units):Site-Built,Not Hispanic or Latino,Black or African American,Female,Loan originated,1,295000.0,100.0,5.875,1.25,0.0,6600.0,0.0,2800.0,0.0,950.0,360.0,0.0,0.0,2.0,2.0,2.0,2.0,,295000.0,1.0,1.0,1.0,3.0,1.0,,78000.0,28.0,1.0,6.0,2.0,5.0,1.0,1.0,3.0,5.0,1.0,5.0,1.0,5,1,5,25-34,9999,No,,1.0,1.0
19800,CA,37.0,6037042101.0,Conventional:Subordinate Lien,Single Family (1-4 Units):Site-Built,Hispanic or Latino,White,Male,Application withdrawn,2,75000.0,,7.875,3.75,1.0,,1300.0,850.0,450.0,300.0,108.0,,,2.0,2.0,2.0,2.0,,225000.0,1.0,1.0,3.0,3.0,1.0,,68000.0,50.0,1.0,6.0,1.0,5.0,1.0,1.0,5.0,5.0,1.0,5.0,1.0,5,1,5,45-54,9999,No,,1.0,1.0
22140,CO,31.0,8031030800.0,Conventional:First Lien,Single Family (1-4 Units):Site-Built,Not Hispanic or Latino,Asian,Female,Loan originated,1,525000.0,77.0,6.375,2.0,0.0,10800.0,3000.0,4400.0,1900.0,0.0,360.0,0.0,0.0,2.0,2.0,2.0,2.0,,681818.0,1.0,1.0,1.0,3.0,1.0,,175000.0,30.0,1.0,6.0,2.0,2.0,1.0,1.0,2.0,2.0,1.0,1.0,1.0,1,1,1,35-44,25-34,No,No,1.0,1.0
29700,IL,89.0,17089000101.0,FHA:First Lien,Single Family (1-4 Units):Site-Built,Not Hispanic or Latino,American Indian or Alaska Native,Male,Application denied,1,175000.0,98.0,6.5,2.0,0.0,5200.0,1200.0,2100.0,900.0,700.0,360.0,0.0,0.0,2.0,2.0,2.0,2.0,,178571.0,1.0,1.0,1.0,3.0,1.0,,58000.0,42.0,1.0,6.0,2.0,5.0,1.0,1.0,1.0,5.0,1.0,5.0,1.0,5,1,5,35-44,9999,No,,1.0,1.0
38380,OH,35.0,39035010800.0,Conventional:First Lien,Single Family (1-4 Units):Site-Built,Hispanic or Latino,Black or African American,Female,Application approved but not accepted,1,385000.0,86.0,6.875,2.5,0.0,8400.0,2300.0,3400.0,1600.0,0.0,360.0,0.0,0.0,2.0,2.0,2.0,2.0,,447674.0,1.0,1.0,3.0,3.0,1.0,,115000.0,44.0,1.0,6.0,1.0,5.0,1.0,1.0,3.0,5.0,1.0,5.0,1.0,5,1,5,35-44,9999,No,,1.0,1.0
42700,TX,141.0,48141000203.0,Conventional:First Lien,Single Family (1-4 Units):Site-Built,Not Hispanic or Latino,White,Male,Loan originated,1,475000.0,74.0,6.0,1.5,0.0,9800.0,2600.0,4200.0,1800.0,0.0,360.0,0.0,0.0,2.0,2.0,2.0,2.0,,641892.0,1.0,1.0,1.0,3.0,1.0,,165000.0,27.0,1.0,6.0,2.0,5.0,1.0,1.0,5.0,5.0,1.0,5.0,1.0,5,1,5,45-54,9999,No,,1.0,1.0
14520,MA,27.0,25027040100.0,Conventional:Subordinate Lien,Single Family (1-4 Units):Site-Built,Not Hispanic or Latino,Asian,Female,File closed for incompleteness,32,95000.0,,8.0,3.75,1.0,,1700.0,1100.0,600.0,400.0,126.0,,,2.0,2.0,2.0,2.0,,275000.0,1.0,1.0,3.0,3.0,1.0,,75000.0,55.0,1.0,6.0,2.0,2.0,1.0,1.0,2.0,2.0,1.0,1.0,1.0,1,1,1,55-64,9999,Yes,,1.0,1.0
16960,AZ,21.0,4021000801.0,Conventional:First Lien,Single Family (1-4 Units):Site-Built,Hispanic or Latino,American Indian or Alaska Native,Male,Loan originated,1,340000.0,84.0,6.625,2.25,0.0,7400.0,2000.0,3100.0,1400.0,200.0,360.0,0.0,0.0,2.0,2.0,2.0,2.0,,404762.0,1.0,1.0,1.0,3.0,1.0,,105000.0,32.0,1.0,6.0,1.0,5.0,1.0,1.0,1.0,5.0,1.0,5.0,1.0,5,1,5,25-34,9999,No,,1.0,1.0
19820,CA,59.0,6059020302.0,Conventional:First Lien,Single Family (1-4 Units):Site-Built,Not Hispanic or Latino,Native Hawaiian or Other Pacific Islander,Female,Application withdrawn,1,595000.0,68.0,5.875,1.25,0.0,12200.0,3400.0,4800.0,2200.0,0.0,360.0,0.0,0.0,2.0,2.0,2.0,2.0,,875000.0,1.0,1.0,3.0,3.0,1.0,,250000.0,24.0,1.0,1.0,2.0,5.0,1.0,1.0,6.0,5.0,1.0,5.0,1.0,5,1,5,35-44,9999,No,,1.0,1.0
22180,CO,59.0,8059001401.0,USDA:First Lien,Single Family (1-4 Units):Site-Built,Not Hispanic or Latino,White,Male,Loan originated,1,225000.0,101.0,5.375,0.75,0.0,5400.0,0.0,2300.0,0.0,850.0,360.0,0.0,0.0,2.0,2.0,2.0,2.0,,222772.0,1.0,1.0,1.0,3.0,1.0,,68000.0,30.0,1.0,6.0,2.0,5.0,1.0,1.0,5.0,5.0,1.0,5.0,1.0,5,1,5,25-34,9999,No,,1.0,1.0
29740,IL,43.0,17031050100.0,Conventional:First Lien,Single Family (1-4 Units):Site-Built,Hispanic or Latino,Black or African American,Female,Application denied,1,405000.0,91.0,7.25,3.0,0.0,8800.0,2500.0,3500.0,1700.0,0.0,360.0,0.0,0.0,2.0,2.0,2.0,2.0,,445055.0,1.0,1.0,3.0,3.0,1.0,,120000.0,49.0,1.0,6.0,1.0,5.0,1.0,1.0,3.0,5.0,1.0,5.0,1.0,5,1,5,35-44,9999,No,,1.0,1.0
38420,OH,35.0,39035030202.0,Conventional:Subordinate Lien,Single Family (1-4 Units):Site-Built,Not Hispanic or Latino,Asian,Male,Application approved but not accepted,3,70000.0,,8.125,4.0,1.0,,1200.0,750.0,450.0,250.0,96.0,,,2.0,2.0,2.0,2.0,,200000.0,1.0,1.0,3.0,3.0,1.0,,65000.0,56.0,1.0,6.0,2.0,2.0,1.0,1.0,2.0,2.0,1.0,1.0,1.0,1,1,1,55-64,9999,Yes,,1.0,1.0
42720,TX,141.0,48141010801.0,VA:First Lien,Single Family (1-4 Units):Site-Built,Not Hispanic or Latino,White,Female,Loan originated,1,385000.0,100.0,5.625,0.75,0.0,7800.0,0.0,3200.0,0.0,1100.0,360.0,0.0,0.0,2.0,2.0,2.0,2.0,,385000.0,1.0,1.0,1.0,3.0,1.0,,95000.0,29.0,1.0,6.0,2.0,5.0,1.0,1.0,5.0,5.0,1.0,5.0,1.0,5,1,5,35-44,9999,No,,1.0,1.0
14540,MA,27.0,25027010802.0,Conventional:First Lien,Single Family (1-4 Units):Site-Built,Hispanic or Latino,Black or African American,Male,Loan originated,1,715000.0,72.0,6.0,1.75,0.0,13800.0,3700.0,5400.0,2300.0,0.0,360.0,0.0,0.0,2.0,2.0,2.0,2.0,,993056.0,1.0,1.0,1.0,3.0,1.0,,275000.0,25.0,1.0,6.0,1.0,5.0,1.0,1.0,3.0,5.0,1.0,5.0,1.0,5,1,5,45-54,9999,No,,1.0,1.0
16980,AZ,25.0,4025001400.0,Conventional:First Lien,Single Family (1-4 Units):Site-Built,Not Hispanic or Latino,Asian,Female,Application withdrawn,1,310000.0,89.0,7.0,2.75,0.0,7000.0,2400.0,3000.0,1400.0,0.0,360.0,0.0,0.0,2.0,2.0,2.0,2.0,,348315.0,1.0,1.0,3.0,3.0,1.0,,92000.0,45.0,1.0,1.0,2.0,2.0,1.0,1.0,2.0,2.0,1.0,1.0,1.0,1,1,1,35-44,35-44,No,No,1.0,1.0
19840,CA,67.0,6067001401.0,FHA:First Lien,Single Family (1-4 Units):Site-Built,Not Hispanic or Latino,American Indian or Alaska Native,Male,Loan originated,1,205000.0,96.0,6.125,1.5,0.0,5800.0,1300.0,2400.0,1000.0,650.0,360.0,0.0,0.0,2.0,2.0,2.0,2.0,,213542.0,1.0,1.0,1.0,3.0,1.0,,65000.0,36.0,1.0,6.0,2.0,5.0,1.0,1.0,1.0,5.0,1.0,5.0,1.0,5,1,5,25-34,9999,No,,1.0,1.0
22220,CO,59.0,8059020500.0,Conventional:Subordinate Lien,Single Family (1-4 Units):Site-Built,Hispanic or Latino,White,Female,File closed for incompleteness,2,80000.0,,7.625,3.25,1.0,,1400.0,900.0,500.0,300.0,114.0,,,2.0,2.0,2.0,2.0,,225000.0,1.0,1.0,3.0,3.0,1.0,,70000.0,53.0,1.0,6.0,1.0,5.0,1.0,1.0,5.0,5.0,1.0,5.0,1.0,5,1,5,45-54,9999,No,,1.0,1.0
29780,IL,89.0,17089030201.0,Conventional:First Lien,Single Family (1-4 Units):Site-Built,Not Hispanic or Latino,Black or African American,Male,Application denied,1,495000.0,88.0,7.125,2.75,0.0,10400.0,2800.0,4000.0,1900.0,0.0,360.0,0.0,0.0,2.0,2.0,2.0,2.0,,562500.0,1.0,1.0,3.0,3.0,1.0,,155000.0,42.0,1.0,6.0,2.0,5.0,1.0,1.0,3.0,5.0,1.0,5.0,1.0,5,1,5,35-,,,,,
35620,CA,37.0,370100101.0,Conventional:First Lien,Single Family (1-4 Units):Site-Built,Not Hispanic or Latino,Asian,Male,Loan originated,1,425000.0,80.0,6.75,,1.0,8500.0,2500.0,3500.0,0.0,1500.0,360.0,0.0,0.0,2.0,2.0,2.0,2.0,,450000.0,1.0,1.0,,,1.0,,120000.0,38.0,1.0,1.0,2.0,2.0,1.0,1.0,2.0,2.0,1.0,1.0,1.0,1,1,1,45-54,45-54,No,No,1.0,1.0
31080,CA,73.0,7302010200.0,FHA:First Lien,Single Family (1-4 Units):Site-Built,Hispanic or Latino,Black or African American,Female,Loan originated,1,315000.0,96.5,7.0,,2.0,12000.0,4500.0,5000.0,1000.0,2000.0,360.0,0.0,0.0,2.0,2.0,2.0,2.0,,330000.0,1.0,1.0,,,1.0,,85000.0,42.0,1.0,2.0,1.0,1.0,1.0,1.0,1.0,1.0,1.0,1.0,2.0,2,1,1,35-44,25-34,No,No,1.0,1.0
16980,TX,141.0,14101020100.0,Conventional:First Lien,Single Family (1-4 Units):Site-Built,Not Hispanic or Latino,White,Male,Application denied,1,285000.0,85.0,7.25,,1.0,9500.0,3000.0,4000.0,500.0,1500.0,360.0,0.0,0.0,2.0,2.0,2.0,2.0,,340000.0,1.0,1.0,,,1.0,,95000.0,45.0,1.0,1.0,2.0,2.0,1.0,1.0,2.0,2.0,1.0,1.0,1.0,1,1,1,55-64,9999,Yes,,1.0,1.0
19100,FL,5.0,5003010200.0,VA:First Lien,Single Family (1-4 Units):Site-Built,Not Hispanic or Latino,White,Male,Loan originated,1,375000.0,90.0,6.5,,1.0,7500.0,2000.0,3000.0,0.0,1000.0,360.0,0.0,0.0,2.0,2.0,2.0,2.0,,420000.0,1.0,1.0,,,1.0,,110000.0,35.0,1.0,1.0,2.0,2.0,1.0,1.0,2.0,2.0,1.0,1.0,1.0,1,1,1,25-34,25-34,No,No,1.0,1.0
26420,IL,31.0,3170100100.0,Conventional:Subordinate Lien,Single Family (1-4 Units):Site-Built,Hispanic or Latino,White,Female,Loan originated,3,50000.0,,7.5,2.5,1.0,3000.0,1500.0,1500.0,0.0,500.0,180.0,0.0,0.0,2.0,2.0,2.0,2.0,,280000.0,1.0,1.0,,,1.0,,75000.0,28.0,1.0,1.0,1.0,1.0,1.0,1.0,2.0,2.0,1.0,1.0,2.0,2,1,1,35-44,9999,No,,1.0,1.0
41860,WA,33.0,33010980100.0,Conventional:First Lien,Single Family (1-4 Units):Site-Built,Not Hispanic or Latino,Asian,Female,Loan originated,1,650000.0,75.0,6.375,,1.0,13000.0,3500.0,5000.0,1000.0,2000.0,360.0,0.0,0.0,2.0,2.0,2.0,2.0,,870000.0,1.0,1.0,,,1.0,,180000.0,32.0,1.0,1.0,2.0,2.0,1.0,1.0,2.0,2.0,1.0,1.0,2.0,2,1,1,35-44,35-44,No,No,1.0,1.0
38060,TX,85.0,8504010200.0,Conventional:First Lien,Single Family (1-4 Units):Site-Built,Hispanic or Latino,White,Male,Application withdrawn,1,225000.0,90.0,7.125,,1.0,,,,,,360.0,0.0,0.0,2.0,2.0,2.0,2.0,,250000.0,1.0,1.0,,,1.0,,65000.0,40.0,2.0,5.0,1.0,5.0,3.0,5.0,2.0,5.0,3.0,5.0,1.0,5,3,5,45-54,9999,No,,1.0,1.0
12060,AZ,13.0,13010100100.0,Conventional:First Lien,Single Family (1-4 Units):Site-Built,Not Hispanic or Latino,White,Male,Loan originated,1,485000.0,80.0,6.875,,1.0,9700.0,2800.0,4000.0,500.0,1500.0,360.0,0.0,0.0,2.0,2.0,2.0,2.0,,610000.0,1.0,1.0,,,1.0,,135000.0,36.0,1.0,1.0,2.0,2.0,1.0,1.0,2.0,2.0,1.0,1.0,1.0,1,1,1,45-54,35-44,No,No,1.0,1.0
14460,CO,1.0,12300430100.0,USDA:First Lien,Single Family (1-4 Units):Site-Built,Not Hispanic or Latino,American Indian or Alaska Native,Female,Loan originated,1,195000.0,100.0,6.25,,1.0,5850.0,1500.0,2000.0,0.0,850.0,360.0,0.0,0.0,2.0,2.0,2.0,2.0,,195000.0,1.0,1.0,,,1.0,,55000.0,33.0,1.0,1.0,2.0,2.0,1.0,1.0,3.0,2.0,1.0,1.0,2.0,2,1,1,25-34,25-34,No,No,1.0,1.0
38900,MI,21.0,21043030200.0,Conventional:First Lien,Single Family (1-4 Units):Site-Built,Not Hispanic or Latino,Black or African American,Male,Loan originated,1,175000.0,85.0,7.75,,1.0,5250.0,1800.0,2000.0,250.0,800.0,360.0,0.0,0.0,2.0,2.0,2.0,2.0,,206000.0,1.0,1.0,,,1.0,,48000.0,41.0,1.0,1.0,2.0,2.0,1.0,1.0,1.0,2.0,1.0,1.0,1.0,1,1,1,35-44,9999,No,,1.0,1.0
33460,NC,63.0,6305010100.0,Conventional:First Lien,Single Family (1-4 Units):Site-Built,Hispanic or Latino,Asian,Male,Application denied,1,365000.0,88.0,7.5,,1.0,10950.0,3200.0,3800.0,600.0,1200.0,360.0,0.0,0.0,2.0,2.0,2.0,2.0,,415000.0,1.0,1.0,,,1.0,,98000.0,43.0,1.0,1.0,1.0,2.0,1.0,1.0,2.0,2.0,1.0,1.0,1.0,1,1,1,35-44,35-44,No,No,1.0,1.0
45300,OR,51.0,51005950100.0,Conventional:First Lien,Single Family (1-4 Units):Site-Built,Not Hispanic or Latino,White,Female,Loan originated,1,525000.0,78.0,6.625,,1.0,10500.0,3000.0,4500.0,750.0,1500.0,360.0,0.0,0.0,2.0,2.0,2.0,2.0,,675000.0,1.0,1.0,,,1.0,,150000.0,30.0,1.0,1.0,2.0,2.0,1.0,1.0,2.0,2.0,1.0,1.0,2.0,2,1,1,45-54,45-54,No,No,1.0,1.0
37980,TX,113.0,11301090200.0,Conventional:Subordinate Lien,Single Family (1-4 Units):Site-Built,Hispanic or Latino,White,Female,Loan originated,3,75000.0,,8.0,3.0,1.0,4500.0,2000.0,2000.0,500.0,1000.0,180.0,0.0,0.0,2.0,2.0,2.0,2.0,,320000.0,1.0,1.0,,,1.0,,72000.0,38.0,1.0,1.0,1.0,1.0,1.0,1.0,2.0,2.0,1.0,1.0,2.0,2,1,1,55-64,9999,Yes,,1.0,1.0
12020,AR,45.0,45011010100.0,Conventional:First Lien,Single Family (1-4 Units):Site-Built,Not Hispanic or Latino,White,Male,File closed for incompleteness,1,155000.0,82.0,7.875,,1.0,,,,,,360.0,0.0,0.0,2.0,2.0,2.0,2.0,,190000.0,1.0,1.0,,,1.0,,52000.0,46.0,2.0,5.0,2.0,5.0,3.0,5.0,2.0,5.0,3.0,5.0,1.0,5,3,5,65-74,9999,Yes,,1.0,1.0
19740,GA,135.0,13501030200.0,Conventional:First Lien,Single Family (1-4 Units):Site-Built,Not Hispanic or Latino,Black or African American,Female,Loan originated,1,285000.0,92.0,7.25,,1.0,8550.0,2500.0,3000.0,500.0,1000.0,360.0,0.0,0.0,2.0,2.0,2.0,2.0,,310000.0,1.0,1.0,,,1.0,,78000.0,39.0,1.0,1.0,2.0,2.0,1.0,1.0,1.0,2.0,1.0,1.0,2.0,2,1,1,35-44,25-34,No,No,1.0,1.0
38300,TX,61.0,6101010200.0,Conventional:First Lien,Single Family (1-4 Units):Site-Built,Hispanic or Latino,White,Male,Loan originated,1,415000.0,83.0,6.75,,1.0,8300.0,2200.0,3500.0,500.0,1300.0,360.0,0.0,0.0,2.0,2.0,2.0,2.0,,500000.0,1.0,1.0,,,1.0,,115000.0,34.0,1.0,1.0,1.0,1.0,1.0,1.0,2.0,2.0,1.0,1.0,1.0,1,1,1,35-44,35-44,No,No,1.0,1.0
28140,KS,173.0,17301010100.0,VA:First Lien,Single Family (1-4 Units):Site-Built,Not Hispanic or Latino,White,Male,Loan originated,1,235000.0,95.0,6.375,,1.0,4700.0,1200.0,2000.0,0.0,700.0,360.0,0.0,0.0,2.0,2.0,2.0,2.0,,248000.0,1.0,1.0,,,1.0,,68000.0,32.0,1.0,1.0,2.0,2.0,1.0,1.0,2.0,2.0,1.0,1.0,1.0,1,1,1,25-34,25-34,No,No,1.0,1.0
38060,TX,85.0,8504020300.0,Conventional:First Lien,Single Family (1-4 Units):Site-Built,Hispanic or Latino,White,Female,Preapproval request denied,1,195000.0,87.0,7.625,,1.0,,,,,,360.0,0.0,0.0,2.0,2.0,2.0,2.0,,225000.0,1.0,1.0,,,1.0,,58000.0,44.0,2.0,5.0,1.0,5.0,3.0,5.0,2.0,5.0,3.0,5.0,2.0,5,3,5,35-44,9999,No,,1.0,1.0
42660,WA,35.0,35010990100.0,Conventional:First Lien,Single Family (1-4 Units):Site-Built,Not Hispanic or Latino,Asian,Male,Loan originated,1,775000.0,70.0,6.125,,1.0,15500.0,4000.0,6000.0,1500.0,2500.0,360.0,0.0,0.0,2.0,2.0,2.0,2.0,,1100000.0,1.0,1.0,,,1.0,,220000.0,28.0,1.0,1.0,2.0,2.0,1.0,1.0,2.0,2.0,1.0,1.0,1.0,1,1,1,35-44,35-44,No,No,1.0,1.0
41700,VA,51.0,51013990100.0,Conventional:First Lien,Single Family (1-4 Units):Site-Built,Not Hispanic or Latino,White,Male,Loan originated,1,485000.0,81.0,6.75,,1.0,9700.0,2700.0,4000.0,600.0,1400.0,360.0,0.0,0.0,2.0,2.0,2.0,2.0,,600000.0,1.0,1.0,,,1.0,,140000.0,33.0,1.0,1.0,2.0,2.0,1.0,1.0,2.0,2.0,1.0,1.0,1.0,1,1,1,45-54,35-44,No,No,1.0,1.0
17140,OH,35.0,3501310100.0,Conventional:First Lien,Single Family (1-4 Units):Site-Built,Not Hispanic or Latino,White,Female,Application denied,1,165000.0,88.0,8.0,,1.0,4950.0,1600.0,2000.0,350.0,750.0,360.0,0.0,0.0,2.0,2.0,2.0,2.0,,188000.0,1.0,1.0,,,1.0,,48000.0,48.0,1.0,1.0,2.0,2.0,1.0,1.0,2.0,2.0,1.0,1.0,2.0,2,1,1,25-34,9999,No,,1.0,1.0
24340,IA,153.0,15301010100.0,USDA:First Lien,Single Family (1-4 Units):Site-Built,Not Hispanic or Latino,White,Male,Loan originated,1,145000.0,100.0,6.375,,1.0,4350.0,1200.0,1500.0,0.0,650.0,360.0,0.0,0.0,2.0,2.0,2.0,2.0,,145000.0,1.0,1.0,,,1.0,,42000.0,31.0,1.0,1.0,2.0,2.0,1.0,1.0,2.0,2.0,1.0,1.0,1.0,1,1,1,25-34,9999,No,,1.0,1.0
33100,NY,57.0,5701050100.0,Conventional:Subordinate Lien,Single Family (1-4 Units):Site-Built,Hispanic or Latino,Black or African American,Female,Loan originated,3,95000.0,,7.75,2.75,1.0,5700.0,2500.0,2500.0,750.0,1200.0,180.0,0.0,0.0,2.0,2.0,2.0,2.0,,425000.0,1.0,1.0,,,1.0,,88000.0,40.0,1.0,1.0,1.0,1.0,1.0,1.0,1.0,2.0,1.0,1.0,2.0,2,1,1,35-44,9999,No,,1.0,1.0
35620,CA,37.0,37010020100.0,Conventional:First Lien,Single Family (1-4 Units):Site-Built,Not Hispanic or Latino,Asian,Female,Loan originated,1,950000.0,65.0,5.875,,1.0,19000.0,5000.0,8000.0,2000.0,3000.0,360.0,0.0,0.0,2.0,2.0,2.0,2.0,,1460000.0,1.0,1.0,,,1.0,,320000.0,25.0,1.0,1.0,2.0,2.0,1.0,1.0,2.0,2.0,1.0,1.0,2.0,2,1,1,45-54,45-54,No,No,1.0,1.0
12540,AZ,21.0,2101010100.0,Conventional:First Lien,Single Family (1-4 Units):Site-Built,Not Hispanic or Latino,White,Male,Application withdrawn,1,325000.0,86.0,7.375,,1.0,,,,,,360.0,0.0,0.0,2.0,2.0,2.0,2.0,,380000.0,1.0,1.0,,,1.0,,95000.0,42.0,2.0,5.0,2.0,5.0,3.0,5.0,2.0,5.0,3.0,5.0,1.0,5,3,5,55-64,45-54,Yes,No,1.0,1.0
38940,MI,25.0,25029010100.0,Conventional:First Lien,Single Family (1-4 Units):Site-Built,Not Hispanic or Latino,White,Female,Loan originated,1,125000.0,80.0,7.5,,1.0,3750.0,1200.0,1500.0,200.0,600.0,360.0,0.0,0.0,2.0,2.0,2.0,2.0,,156000.0,1.0,1.0,,,1.0,,38000.0,43.0,1.0,1.0,2.0,2.0,1.0,1.0,2.0,2.0,1.0,1.0,2.0,2,1,1,35-44,9999,No,,1.0,1.0
12000,AR,60.0,6007010200.0,Conventional:First Lien,Single Family (1-4 Units):Site-Built,Hispanic or Latino,White,Male,Loan originated,1,175000.0,90.0,7.125,,1.0,5250.0,1500.0,2000.0,250.0,900.0,360.0,0.0,0.0,2.0,2.0,2.0,2.0,,195000.0,1.0,1.0,,,1.0,,52000.0,39.0,1.0,1.0,1.0,1.0,1.0,1.0,2.0,2.0,1.0,1.0,1.0,1,1,1,35-44,25-34,No,No,1.0,1.0
45300,OR,67.0,6701070100.0,Conventional:First Lien,Single Family (1-4 Units):Site-Built,Not Hispanic or Latino,Native Hawaiian or Other Pacific Islander,Male,Loan originated,1,425000.0,78.0,6.625,,1.0,8500.0,2300.0,3500.0,500.0,1200.0,360.0,0.0,0.0,2.0,2.0,2.0,2.0,,545000.0,1.0,1.0,,,1.0,,125000.0,31.0,1.0,1.0,2.0,2.0,1.0,1.0,4.0,2.0,1.0,1.0,1.0,1,1,1,35-44,35-44,No,No,1.0,1.0
22020,FL,5.0,5005010200.0,Conventional:Subordinate Lien,Single Family (1-4 Units):Site-Built,Hispanic or Latino,White,Female,Loan originated,3,65000.0,,8.25,3.5,1.0,3900.0,1800.0,1800.0,600.0,900.0,180.0,0.0,0.0,2.0,2.0,2.0,2.0,,275000.0,1.0,1.0,,,1.0,,65000.0,36.0,1.0,1.0,1.0,1.0,1.0,1.0,2.0,2.0,1.0,1.0,2.0,2,1,1,45-54,9999,No,,1.0,1.0
41860,WA,33.0,33010980200.0,Conventional:First Lien,Single Family (1-4 Units):Site-Built,Not Hispanic or Latino,Asian,Female,Loan originated,1,685000.0,72.0,6.25,,1.0,13700.0,3600.0,5500.0,1200.0,2100.0,360.0,0.0,0.0,2.0,2.0,2.0,2.0,,950000.0,1.0,1.0,,,1.0,,185000.0,27.0,1.0,1.0,2.0,2.0,1.0,1.0,2.0,2.0,1.0,1.0,2.0,2,1,1,35-44,35-44,No,No,1.0,1.0
19740,GA,135.0,13501030300.0,Conventional:First Lien,Single Family (1-4 Units):Site-Built,Not Hispanic or Latino,Black or African American,Female,Loan originated,1,245000.0,89.0,7.0,,1.0,7350.0,2100.0,2500.0,400.0,900.0,360.0,0.0,0.0,2.0,2.0,2.0,2.0,,275000.0,1.0,1.0,,,1.0,,68000.0,38.0,1.0,1.0,2.0,2.0,1.0,1.0,1.0,2.0,1.0,1.0,2.0,2,1,1,25-34,25-34,No,No,1.0,1.0
38060,TX,85.0,8504030400.0,Conventional:First Lien,Single Family (1-4 Units):Site-Built,Hispanic or Latino,White,Male,Application denied,1,275000.0,84.0,7.75,,1.0,8250.0,2400.0,2900.0,500.0,1000.0,360.0,0.0,0.0,2.0,2.0,2.0,2.0,,328000.0,1.0,1.0,,,1.0,,78000.0,44.0,1.0,1.0,1.0,1.0,1.0,1.0,2.0,2.0,1.0,1.0,1.0,1,1,1,45-54,35-44,No,No,1.0,1.0
14460,CO,123.0,12300450100.0,Conventional:First Lien,Single Family (1-4 Units):Site-Built,Not Hispanic or Latino,White,Male,Loan originated,1,395000.0,82.0,6.875,,1.0,7900.0,2100.0,3300.0,600.0,1200.0,360.0,0.0,0.0,2.0,2.0,2.0,2.0,,482000.0,1.0,1.0,,,1.0,,125000.0,33.0,1.0,1.0,2.0,2.0,1.0,1.0,2.0,2.0,1.0,1.0,1.0,1,1,1,35-44,25-34,No,No,1.0,1.0
33100,NY,103.0,10301010100.0,Conventional:Subordinate Lien,Single Family (1-4 Units):Site-Built,Hispanic or Latino,Asian,Male,Loan originated,3,125000.0,,7.875,3.25,1.0,7500.0,3200.0,3200.0,900.0,1500.0,180.0,0.0,0.0,2.0,2.0,2.0,2.0,,650000.0,1.0,1.0,,,1.0,,105000.0,35.0,1.0,1.0,1.0,2.0,1.0,1.0,2.0,2.0,1.0,1.0,1.0,1,1,1,45-54,45-54,No,No,1.0,1.0
35620,CA,37.0,37010030100.0,Conventional:First Lien,Single Family (1-4 Units):Site-Built,Not Hispanic or Latino,White,Female,Preapproval request denied,1,525000.0,79.0,6.5,,1.0,,,,,,360.0,0.0,0.0,2.0,2.0,2.0,2.0,,665000.0,1.0,1.0,,,1.0,,155000.0,38.0,2.0,5.0,2.0,5.0,3.0,5.0,2.0,5.0,3.0,5.0,2.0,5,3,5,35-44,9999,No,,1.0,1.0
16980,TX,141.0,14101020200.0,Conventional:First Lien,Single Family (1-4 Units):Site-Built,Hispanic or Latino,White,Male,Loan originated,1,305000.0,86.0,7.0,,1.0,9150.0,2600.0,3000.0,450.0,950.0,360.0,0.0,0.0,2.0,2.0,2.0,2.0,,355000.0,1.0,1.0,,,1.0,,82000.0,40.0,1.0,1.0,1.0,1.0,1.0,1.0,2.0,2.0,1.0,1.0,1.0,1,1,1,35-44,35-44,No,No,1.0,1.0
42660,WA,35.0,35011000100.0,Conventional:First Lien,Single Family (1-4 Units):Site-Built,Not Hispanic or Latino,Asian,Female,Loan originated,1,725000.0,68.0,6.0,,1.0,14500.0,3800.0,6000.0,1500.0,2500.0,360.0,0.0,0.0,2.0,2.0,2.0,2.0,,1070000.0,1.0,1.0,,,1.0,,215000.0,26.0,1.0,1.0,2.0,2.0,1.0,1.0,2.0,2.0,1.0,1.0,2.0,2,1,1,35-44,35-44,No,No,1.0,1.0
19100,FL,5.0,5003010300.0,VA:First Lien,Single Family (1-4 Units):Site-Built,Not Hispanic or Latino,White,Male,Loan originated,1,295000.0,92.0,6.625,,1.0,5900.0,1500.0,2200.0,0.0,800.0,360.0,0.0,0.0,2.0,2.0,2.0,2.0,,320000.0,1.0,1.0,,,1.0,,88000.0,34.0,1.0,1.0,2.0,2.0,1.0,1.0,2.0,2.0,1.0,1.0,1.0,1,1,1,25-34,25-34,No,No,1.0,1.0
17140,OH,35.0,3501320200.0,Conventional:First Lien,Single Family (1-4 Units):Site-Built,Not Hispanic or Latino,White,Female,Application denied,1,145000.0,91.0,8.125,,1.0,4350.0,1400.0,1700.0,250.0,650.0,360.0,0.0,0.0,2.0,2.0,2.0,2.0,,160000.0,1.0,1.0,,,1.0,,42000.0,47.0,1.0,1.0,2.0,2.0,1.0,1.0,2.0,2.0,1.0,1.0,2.0,2,1,1,35-44,9999,No,,1.0,1.0
26420,IL,31.0,3170100200.0,Conventional:Subordinate Lien,Single Family (1-4 Units):Site-Built,Hispanic or Latino,Black or African American,Male,Loan originated,3,85000.0,,8.0,3.0,1.0,5100.0,2300.0,2300.0,700.0,1100.0,180.0,0.0,0.0,2.0,2.0,2.0,2.0,,365000.0,1.0,1.0,,,1.0,,70000.0,37.0,1.0,1.0,1.0,2.0,1.0,1.0,1.0,2.0,1.0,1.0,1.0,1,1,1,25-34,9999,No,,1.0,1.0
41860,WA,33.0,33010980300.0,Conventional:First Lien,Single Family (1-4 Units):Site-Built,Not Hispanic or Latino,Asian,Male,Loan originated,1,825000.0,66.0,5.875,,1.0,16500.0,4200.0,7000.0,1800.0,3000.0,360.0,0.0,0.0,2.0,2.0,2.0,2.0,,1250000.0,1.0,1.0,,,1.0,,275000.0,24.0,1.0,1.0,2.0,2.0,1.0,1.0,2.0,2.0,1.0,1.0,1.0,1,1,1,45-54,45-54,No,No,1.0,1.0
22020,FL,5.0,5005020300.0,Conventional:Subordinate Lien,Single Family (1-4 Units):Site-Built,Hispanic or Latino,White,Female,Loan originated,3,55000.0,,8.125,3.75,1.0,3300.0,1600.0,1600.0,550.0,850.0,180.0,0.0,0.0,2.0,2.0,2.0,2.0,,295000.0,1.0,1.0,,,1.0,,58000.0,33.0,1.0,1.0,1.0,1.0,1.0,1.0,2.0,2.0,1.0,1.0,2.0,2,1,1,45-54,9999,No,,1.0,1.0
35620,CA,37.0,37010040100.0,Conventional:First Lien,Single Family (1-4 Units):Site-Built,Not Hispanic or Latino,White,Male,Loan originated,1,1125000.0,60.0,5.75,,1.0,22500.0,5500.0,9000.0,2500.0,4000.0,360.0,0.0,0.0,2.0,2.0,2.0,2.0,,1875000.0,1.0,1.0,,,1.0,,425000.0,22.0,1.0,1.0,2.0,2.0,1.0,1.0,2.0,2.0,1.0,1.0,1.0,1,1,1,45-54,35-44,No,No,1.0,1.0
16980,CA,9073.0,9073300201.0,Conventional:First Lien,Single Family (1-4 Units):Site-Built,Not Hispanic or Latino,Asian,Male,Loan originated,1,425000.0,80.0,6.75,2.1,0.0,8500.0,3000.0,2500.0,1500.0,500.0,360.0,0.0,0.0,2.0,2.0,2.0,2.0,,535000.0,1.0,1.0,3.0,5.0,1.0,,120000.0,38.0,1.0,1.0,2.0,2.0,1.0,1.0,2.0,2.0,1.0,1.0,1.0,1,1,1,45-54,40-49,No,No,1.0,1.0
35620,NJ,34023.0,34023001102.0,Conventional:Subordinate Lien,Single Family (1-4 Units):Site-Built,Hispanic or Latino,Black or African American,Female,Application denied,2,75000.0,85.0,7.25,2.8,0.0,,2500.0,1800.0,1200.0,0.0,180.0,0.0,0.0,2.0,2.0,2.0,2.0,,95000.0,1.0,1.0,3.0,5.0,1.0,,65000.0,45.0,1.0,6.0,1.0,1.0,1.0,1.0,3.0,3.0,1.0,1.0,2.0,2,1,1,35-44,30-39,No,No,1.0,1.0
41860,PA,42003.0,42003040300.0,Conventional:First Lien,Single Family (1-4 Units):Site-Built,Not Hispanic or Latino,White,Male,Loan originated,1,315000.0,75.0,6.5,1.9,0.0,7200.0,2800.0,2200.0,1400.0,600.0,300.0,0.0,0.0,2.0,2.0,2.0,2.0,,420000.0,1.0,1.0,3.0,5.0,1.0,,95000.0,32.0,1.0,1.0,2.0,2.0,1.0,1.0,5.0,5.0,1.0,1.0,1.0,1,1,1,55-64,50-59,Yes,No,1.0,1.0
19100,IL,17031.0,17031021800.0,FHA:First Lien,Single Family (1-4 Units):Site-Built,Not Hispanic or Latino,White,Female,Loan originated,1,185000.0,90.0,6.25,1.5,0.0,6500.0,3500.0,2800.0,1800.0,0.0,300.0,0.0,0.0,2.0,2.0,2.0,2.0,,210000.0,1.0,1.0,3.0,5.0,1.0,,58000.0,42.0,1.0,1.0,2.0,2.0,1.0,1.0,5.0,5.0,1.0,1.0,2.0,2,1,1,25-34,30-39,No,No,1.0,1.0
26420,GA,13089.0,13089015602.0,VA:First Lien,Single Family (1-4 Units):Site-Built,Hispanic or Latino,White,Male,Loan originated,1,275000.0,95.0,5.75,0.8,0.0,5500.0,2000.0,1600.0,1000.0,800.0,300.0,0.0,0.0,2.0,2.0,2.0,2.0,,290000.0,1.0,1.0,3.0,5.0,1.0,,78000.0,28.0,1.0,1.0,1.0,2.0,1.0,1.0,5.0,5.0,1.0,1.0,1.0,1,1,1,35-44,35-44,No,No,1.0,1.0
38060,TX,48113.0,48113001705.0,Conventional:First Lien,Single Family (1-4 Units):Site-Built,Not Hispanic or Latino,Black or African American,Female,Application withdrawn,1,195000.0,,6.9,2.3,0.0,,3200.0,2500.0,1500.0,0.0,340.0,0.0,0.0,2.0,2.0,2.0,2.0,,260000.0,1.0,1.0,3.0,5.0,1.0,,72000.0,,1.0,6.0,2.0,5.0,1.0,4.0,3.0,8.0,2.0,4.0,2.0,5,1,4,40-49,45-54,No,Yes,1.0,1.0
12060,AZ,4013.0,4013020102.0,Conventional:Subordinate Lien,Single Family (1-4 Units):Site-Built,Not Hispanic or Latino,Asian,Female,Loan originated,3,45000.0,70.0,7.5,3.1,0.0,2200.0,1800.0,1200.0,800.0,0.0,180.0,0.0,0.0,2.0,2.0,2.0,2.0,,65000.0,1.0,1.0,3.0,5.0,1.0,,88000.0,25.0,1.0,1.0,2.0,2.0,1.0,1.0,2.0,2.0,1.0,1.0,2.0,2,1,1,30-39,35-44,No,No,1.0,1.0
14460,WA,53033.0,53033030301.0,Conventional:First Lien,Single Family (1-4 Units):Site-Built,Not Hispanic or Latino,White,Male,Loan originated,1,485000.0,78.0,6.8,2.0,0.0,9200.0,3200.0,2600.0,1600.0,700.0,360.0,0.0,0.0,2.0,2.0,2.0,2.0,,620000.0,1.0,1.0,3.0,5.0,1.0,,135000.0,30.0,1.0,1.0,2.0,2.0,1.0,1.0,5.0,5.0,1.0,1.0,1.0,1,1,1,45-54,40-49,No,No,1.0,1.0
33100,NC,37183.0,37183050102.0,Conventional:First Lien,Single Family (1-4 Units):Site-Built,Hispanic or Latino,White,Female,Application denied,1,165000.0,88.0,7.1,2.6,0.0,,3800.0,2800.0,1800.0,0.0,300.0,0.0,0.0,2.0,2.0,2.0,2.0,,195000.0,1.0,1.0,3.0,5.0,1.0,,52000.0,48.0,1.0,6.0,1.0,2.0,1.0,4.0,5.0,8.0,2.0,4.0,2.0,5,1,4,25-34,9999,No,,1.0,1.0
19740,IN,18057.0,18057010800.0,USDA:First Lien,Single Family (1-4 Units):Site-Built,Not Hispanic or Latino,White,Male,Loan originated,1,145000.0,98.0,5.5,0.2,0.0,4800.0,2200.0,1800.0,1000.0,500.0,300.0,0.0,0.0,2.0,2.0,2.0,2.0,,150000.0,1.0,1.0,3.0,5.0,1.0,,48000.0,35.0,1.0,1.0,2.0,2.0,1.0,1.0,5.0,5.0,1.0,1.0,1.0,1,1,1,30-39,25-34,No,No,1.0,1.0
42660,TN,47165.0,47165020401.0,Conventional:First Lien,Single Family (1-4 Units):Site-Built,Not Hispanic or Latino,Black or African American,Female,Loan originated,1,235000.0,82.0,6.6,2.2,0.0,7800.0,2900.0,2300.0,1500.0,600.0,340.0,0.0,0.0,2.0,2.0,2.0,2.0,,290000.0,1.0,1.0,3.0,5.0,1.0,,75000.0,36.0,1.0,1.0,2.0,2.0,1.0,1.0,3.0,3.0,1.0,1.0,2.0,2,1,1,40-49,35-44,No,No,1.0,1.0
38900,OH,39035.0,39035000700.0,Conventional:Subordinate Lien,Single Family (1-4 Units):Site-Built,Not Hispanic or Latino,White,Male,File closed for incompleteness,4,95000.0,,7.8,3.2,0.0,,4200.0,3000.0,2000.0,0.0,180.0,0.0,0.0,2.0,2.0,2.0,2.0,,125000.0,1.0,1.0,3.0,5.0,1.0,,82000.0,,1.0,6.0,2.0,2.0,1.0,4.0,5.0,8.0,2.0,4.0,1.0,5,1,4,50-59,55-64,Yes,Yes,1.0,1.0
45300,UT,49035.0,49035010302.0,Conventional:First Lien,Single Family (1-4 Units):Site-Built,Not Hispanic or Latino,Asian,Male,Loan originated,1,365000.0,85.0,6.4,1.8,0.0,8200.0,3100.0,2500.0,1500.0,500.0,300.0,0.0,0.0,2.0,2.0,2.0,2.0,,435000.0,1.0,1.0,3.0,5.0,1.0,,105000.0,29.0,1.0,1.0,2.0,2.0,1.0,1.0,2.0,2.0,1.0,1.0,1.0,1,1,1,35-44,30-39,No,No,1.0,1.0
38060,TX,48157.0,48157001904.0,Conventional:First Lien,Single Family (1-4 Units):Site-Built,Hispanic or Latino,White,Female,Preapproval request denied,1,285000.0,92.0,7.0,2.5,0.0,,3500.0,2700.0,1700.0,0.0,300.0,0.0,0.0,2.0,2.0,2.0,2.0,,315000.0,1.0,1.0,3.0,5.0,1.0,,68000.0,44.0,1.0,6.0,1.0,1.0,1.0,1.0,5.0,5.0,1.0,1.0,2.0,2,1,1,30-39,35-44,No,No,1.0,1.0
12060,AZ,4013.0,4013030201.0,Conventional:First Lien,Single Family (1-4 Units):Site-Built,Not Hispanic or Latino,White,Male,Loan originated,1,395000.0,80.0,6.7,2.1,0.0,8800.0,3000.0,2400.0,1500.0,700.0,360.0,0.0,0.0,2.0,2.0,2.0,2.0,,495000.0,1.0,1.0,3.0,5.0,1.0,,115000.0,33.0,1.0,1.0,2.0,2.0,1.0,1.0,5.0,5.0,1.0,1.0,1.0,1,1,1,40-49,45-54,No,No,1.0,1.0
14460,WA,53061.0,53061041500.0,FHA:First Lien,Single Family (1-4 Units):Site-Built,Not Hispanic or Latino,Black or African American,Female,Loan originated,1,265000.0,88.0,6.3,1.6,0.0,7200.0,3400.0,2700.0,1700.0,0.0,300.0,0.0,0.0,2.0,2.0,2.0,2.0,,305000.0,1.0,1.0,3.0,5.0,1.0,,72000.0,40.0,1.0,1.0,2.0,2.0,1.0,1.0,3.0,3.0,1.0,1.0,2.0,2,1,1,35-44,30-39,No,No,1.0,1.0
16980,CA,9067.0,9067001200.0,Conventional:Subordinate Lien,Single Family (1-4 Units):Site-Built,Not Hispanic or Latino,Asian,Female,Loan originated,2,125000.0,75.0,7.3,2.9,0.0,3500.0,2200.0,1600.0,1000.0,0.0,240.0,0.0,0.0,2.0,2.0,2.0,2.0,,170000.0,1.0,1.0,3.0,5.0,1.0,,95000.0,27.0,1.0,1.0,2.0,2.0,1.0,1.0,2.0,2.0,1.0,1.0,2.0,2,1,1,45-54,40-49,No,No,1.0,1.0
35620,NJ,34017.0,34017010201.0,Conventional:First Lien,Single Family (1-4 Units):Site-Built,Not Hispanic or Latino,White,Male,Application approved but not accepted,1,525000.0,70.0,6.5,1.7,0.0,9800.0,3500.0,2800.0,1800.0,800.0,340.0,0.0,0.0,2.0,2.0,2.0,2.0,,750000.0,1.0,1.0,3.0,5.0,1.0,,185000.0,25.0,1.0,6.0,2.0,2.0,1.0,4.0,5.0,8.0,2.0,4.0,1.0,5,1,4,50-59,45-54,Yes,No,1.0,1.0
41860,PA,42007.0,42007002100.0,Conventional:First Lien,Single Family (1-4 Units):Site-Built,Hispanic or Latino,Black or African American,Female,Loan originated,1,155000.0,90.0,6.8,2.4,0.0,6800.0,3200.0,2500.0,1600.0,300.0,300.0,0.0,0.0,2.0,2.0,2.0,2.0,,175000.0,1.0,1.0,3.0,5.0,1.0,,48000.0,43.0,1.0,1.0,1.0,3.0,1.0,1.0,3.0,3.0,1.0,1.0,2.0,2,1,1,25-34,30-39,No,No,1.0,1.0
19100,IL,17043.0,17043010901.0,Conventional:First Lien,Single Family (1-4 Units):Site-Built,Not Hispanic or Latino,White,Female,Loan originated,1,285000.0,78.0,6.6,2.0,0.0,7900.0,2900.0,2300.0,1400.0,600.0,360.0,0.0,0.0,2.0,2.0,2.0,2.0,,365000.0,1.0,1.0,3.0,5.0,1.0,,88000.0,31.0,1.0,1.0,2.0,2.0,1.0,1.0,5.0,5.0,1.0,1.0,2.0,2,1,1,40-49,35-44,No,No,1.0,1.0
26420,GA,13121.0,13121020302.0,VA:First Lien,Single Family (1-4 Units):Site-Built,Not Hispanic or Latino,White,Male,Loan originated,1,315000.0,95.0,5.9,1.0,0.0,6200.0,2300.0,1800.0,1100.0,900.0,300.0,0.0,0.0,2.0,2.0,2.0,2.0,,335000.0,1.0,1.0,3.0,5.0,1.0,,92000.0,26.0,1.0,1.0,2.0,2.0,1.0,1.0,5.0,5.0,1.0,1.0,1.0,1,1,1,35-44,30-39,No,No,1.0,1.0
38060,TX,48201.0,48201010501.0,Conventional:First Lien,Single Family (1-4 Units):Site-Built,Not Hispanic or Latino,Asian,Female,Application denied,1,425000.0,85.0,7.2,2.7,0.0,,4000.0,3000.0,1900.0,0.0,340.0,0.0,0.0,2.0,2.0,2.0,2.0,,505000.0,1.0,1.0,3.0,5.0,1.0,,125000.0,38.0,1.0,6.0,2.0,2.0,1.0,4.0,2.0,8.0,2.0,4.0,2.0,5,1,4,45-54,40-49,No,No,1.0,1.0
12060,AZ,4019.0,4019020801.0,Conventional:Subordinate Lien,Single Family (1-4 Units):Site-Built,Hispanic or Latino,White,Male,Loan originated,5,85000.0,65.0,7.6,3.0,0.0,2800.0,1900.0,1300.0,800.0,0.0,180.0,0.0,0.0,2.0,2.0,2.0,2.0,,130000.0,1.0,1.0,3.0,5.0,1.0,,76000.0,30.0,1.0,1.0,1.0,2.0,1.0,1.0,5.0,5.0,1.0,1.0,1.0,1,1,1,30-39,35-44,No,No,1.0,1.0
14460,WA,53053.0,53053041200.0,Conventional:First Lien,Single Family (1-4 Units):Site-Built,Not Hispanic or Latino,White,Male,Loan originated,1,555000.0,72.0,6.9,2.3,0.0,10200.0,3600.0,2900.0,1800.0,800.0,360.0,0.0,0.0,2.0,2.0,2.0,2.0,,770000.0,1.0,1.0,3.0,5.0,1.0,,165000.0,28.0,1.0,1.0,2.0,2.0,1.0,1.0,5.0,5.0,1.0,1.0,1.0,1,1,1,45-54,40-49,No,No,1.0,1.0
33100,NC,37129.0,37129030101.0,FHA:First Lien,Single Family (1-4 Units):Site-Built,Not Hispanic or Latino,Black or African American,Female,Loan originated,1,195000.0,92.0,6.4,1.8,0.0,6800.0,3300.0,2600.0,1600.0,0.0,300.0,0.0,0.0,2.0,2.0,2.0,2.0,,215000.0,1.0,1.0,3.0,5.0,1.0,,58000.0,41.0,1.0,1.0,2.0,3.0,1.0,1.0,3.0,3.0,1.0,1.0,2.0,2,1,1,35-44,25-34,No,No,1.0,1.0
19740,IN,18081.0,18081020402.0,Conventional:First Lien,Single Family (1-4 Units):Site-Built,Not Hispanic or Latino,White,Female,Loan originated,1,175000.0,85.0,6.7,2.1,0.0,6200.0,2800.0,2200.0,1400.0,500.0,300.0,0.0,0.0,2.0,2.0,2.0,2.0,,205000.0,1.0,1.0,3.0,5.0,1.0,,55000.0,37.0,1.0,1.0,2.0,2.0,1.0,1.0,5.0,5.0,1.0,1.0,2.0,2,1,1,30-39,35-44,No,No,1.0,1.0
42660,TN,47037.0,47037010800.0,Conventional:First Lien,Single Family (1-4 Units):Site-Built,Hispanic or Latino,White,Male,Application withdrawn,1,245000.0,82.0,6.8,2.2,0.0,,3300.0,2500.0,1600.0,0.0,340.0,0.0,0.0,2.0,2.0,2.0,2.0,,300000.0,1.0,1.0,3.0,5.0,1.0,,68000.0,39.0,1.0,6.0,1.0,2.0,1.0,4.0,5.0,8.0,2.0,4.0,1.0,5,1,4,40-49,45-54,No,Yes,1.0,1.0
38900,OH,39045.0,39045002301.0,Conventional:Subordinate Lien,Single Family (1-4 Units):Site-Built,Not Hispanic or Latino,Asian,Female,Loan originated,3,65000.0,60.0,7.4,2.8,0.0,2400.0,1600.0,1100.0,700.0,0.0,180.0,0.0,0.0,2.0,2.0,2.0,2.0,,105000.0,1.0,1.0,3.0,5.0,1.0,,72000.0,24.0,1.0,1.0,2.0,2.0,1.0,1.0,2.0,2.0,1.0,1.0,2.0,2,1,1,35-44,30-39,No,No,1.0,1.0
45300,UT,49011.0,49011020502.0,Conventional:First Lien,Single Family (1-4 Units):Site-Built,Not Hispanic or Latino,White,Male,Loan originated,1,395000.0,88.0,6.5,1.9,0.0,8600.0,3200.0,2500.0,1600.0,600.0,300.0,0.0,0.0,2.0,2.0,2.0,2.0,,450000.0,1.0,1.0,3.0,5.0,1.0,,98000.0,34.0,1.0,1.0,2.0,2.0,1.0,1.0,5.0,5.0,1.0,1.0,1.0,1,1,1,40-49,35-44,No,No,1.0,1.0
38060,TX,48085.0,48085010703.0,VA:First Lien,Single Family (1-4 Units):Site-Built,Not Hispanic or Latino,Black or African American,Female,Loan originated,1,295000.0,96.0,5.8,0.9,0.0,5800.0,2100.0,1600.0,1000.0,800.0,300.0,0.0,0.0,2.0,2.0,2.0,2.0,,310000.0,1.0,1.0,3.0,5.0,1.0,,85000.0,27.0,1.0,1.0,2.0,3.0,1.0,1.0,3.0,3.0,1.0,1.0,2.0,2,1,1,30-39,35-44,No,No,1.0,1.0
12060,AZ,4025.0,4025060801.0,Conventional:First Lien,Single Family (1-4 Units):Site-Built,Not Hispanic or Latino,White,Female,Preapproval request denied,1,345000.0,78.0,6.9,2.4,0.0,,3600.0,2700.0,1700.0,0.0,300.0,0.0,0.0,2.0,2.0,2.0,2.0,,440000.0,1.0,1.0,3.0,5.0,1.0,,95000.0,42.0,1.0,6.0,2.0,2.0,1.0,4.0,5.0,8.0,2.0,4.0,2.0,5,1,4,35-44,40-49,No,No,1.0,1.0
14460,WA,53033.0,53033020804.0,Conventional:Subordinate Lien,Single Family (1-4 Units):Site-Built,Not Hispanic or Latino,Asian,Male,Loan originated,2,95000.0,68.0,7.2,2.6,0.0,3200.0,2100.0,1500.0,900.0,0.0,240.0,0.0,0.0,2.0,2.0,2.0,2.0,,140000.0,1.0,1.0,3.0,5.0,1.0,,82000.0,29.0,1.0,1.0,2.0,2.0,1.0,1.0,2.0,2.0,1.0,1.0,1.0,1,1,1,45-54,40-49,No,No,1.0,1.0
33100,NC,37033.0,37033040101.0,Conventional:First Lien,Single Family (1-4 Units):Site-Built,Hispanic or Latino,White,Male,Loan originated,1,225000.0,80.0,6.6,2.0,0.0,7200.0,2800.0,2200.0,1400.0,600.0,340.0,0.0,0.0,2.0,2.0,2.0,2.0,,280000.0,1.0,1.0,3.0,5.0,1.0,,68000.0,35.0,1.0,1.0,1.0,2.0,1.0,1.0,5.0,5.0,1.0,1.0,1.0,1,1,1,30-39,35-44,No,No,1.0,1.0
19740,IN,18003.0,18003010200.0,USDA:First Lien,Single Family (1-4 Units):Site-Built,Not Hispanic or Latino,White,Female,Loan originated,1,135000.0,97.0,5.4,0.1,0.0,4200.0,2000.0,1600.0,900.0,400.0,300.0,0.0,0.0,2.0,2.0,2.0,2.0,,140000.0,1.0,1.0,3.0,5.0,1.0,,45000.0,33.0,1.0,1.0,2.0,2.0,1.0,1.0,5.0,5.0,1.0,1.0,2.0,2,1,1,25-34,30-39,No,No,1.0,1.0
42660,TN,47149.0,47149030103.0,Conventional:First Lien,Single Family (1-4 Units):Site-Built,Not Hispanic or Latino,Black or African American,Female,Loan originated,1,275000.0,85.0,6.7,2.1,0.0,8000.0,3000.0,2400.0,1500.0,700.0,340.0,0.0,0.0,2.0,2.0,2.0,2.0,,325000.0,1.0,1.0,3.0,5.0,1.0,,78000.0,32.0,1.0,1.0,2.0,3.0,1.0,1.0,3.0,3.0,1.0,1.0,2.0,2,1,1,40-49,35-44,No,No,1.0,1.0
38900,OH,39169.0,39169010204.0,Conventional:Subordinate Lien,Single Family (1-4 Units):Site-Built,Not Hispanic or Latino,White,Male,File closed for incompleteness,4,115000.0,,7.5,2.9,0.0,,2800.0,2000.0,1300.0,0.0,180.0,0.0,0.0,2.0,2.0,2.0,2.0,,155000.0,1.0,1.0,3.0,5.0,1.0,,68000.0,,1.0,6.0,2.0,2.0,1.0,4.0,5.0,8.0,2.0,4.0,1.0,5,1,4,50-59,55-64,Yes,Yes,1.0,1.0
45300,UT,49043.0,49043020101.0,Conventional:First Lien,Single Family (1-4 Units):Site-Built,Not Hispanic or Latino,Asian,Female,Loan originated,1,425000.0,82.0,6.3,1.7,0.0,9000.0,3300.0,2600.0,1600.0,700.0,300.0,0.0,0.0,2.0,2.0,2.0,2.0,,520000.0,1.0,1.0,3.0,5.0,1.0,,115000.0,30.0,1.0,1.0,2.0,2.0,1.0,1.0,2.0,2.0,1.0,1.0,2.0,2,1,1,35-44,30-39,No,No,1.0,1.0
35620,CA,6075.0,6075043010.0,Conventional:First Lien,Single Family (1-4 Units):Site-Built,Not Hispanic or Latino,Asian,Male,Loan originated,1,425000.0,85.0,6.875,2.25,0.0,8500.0,3500.0,2800.0,1500.0,500.0,360.0,0.0,0.0,2.0,2.0,2.0,2.0,425000.0,1.0,1.0,3.0,5.0,1.0,,120000.0,42.0,1.0,1.0,2.0,2.0,1.0,1.0,2.0,2.0,1.0,1.0,1.0,1.0,1,1,45-54,35-44,No,No,1,1.0,
41860,TX,9143.0,9143720200.0,FHA-insured:First Lien,Single Family (1-4 Units):Site-Built,Hispanic or Latino,White,Female,Loan originated,1,310000.0,96.5,7.125,,0.0,9500.0,4200.0,3200.0,1800.0,700.0,360.0,0.0,0.0,2.0,2.0,2.0,2.0,321243.0,1.0,1.0,3.0,5.0,1.0,,78000.0,48.0,1.0,1.0,1.0,1.0,1.0,1.0,5.0,5.0,1.0,1.0,2.0,2.0,1,1,25-34,25-34,No,No,1,1.0,
38060,OH,3903.0,3903510010.0,VA-guaranteed:First Lien,Single Family (1-4 Units):Site-Built,Not Hispanic or Latino,Black or African American,Male,Loan originated,1,275000.0,100.0,6.625,,0.0,7200.0,2800.0,2200.0,1200.0,600.0,360.0,0.0,0.0,2.0,2.0,2.0,2.0,275000.0,1.0,1.0,3.0,5.0,1.0,,88000.0,38.0,1.0,1.0,2.0,2.0,1.0,1.0,3.0,3.0,1.0,1.0,1.0,1.0,1,1,35-44,9999,No,,1,1.0,
12060,AZ,4013.0,4013590120.0,Conventional:Subordinate Lien,Single Family (1-4 Units):Site-Built,Not Hispanic or Latino,White,Male,Application denied by financial institution,3,50000.0,,8.125,3.75,0.0,,,,,180.0,240.0,,2.0,2.0,2.0,2.0,2.0,285000.0,1.0,1.0,3.0,5.0,1.0,,95000.0,55.0,1.0,1111.0,2.0,5.0,1.0,4.0,5.0,8.0,1.0,4.0,1.0,5.0,1,4,45-54,9999,No,,1,1.0,
16980,NC,3710.0,3710355040.0,Conventional:First Lien,Single Family (1-4 Units):Site-Built,Not Hispanic or Latino,White,Female,Loan originated,1,365000.0,80.0,7.0,2.0,0.0,7800.0,3100.0,2500.0,1300.0,400.0,360.0,0.0,0.0,2.0,2.0,2.0,2.0,456250.0,1.0,1.0,1.0,5.0,1.0,,105000.0,36.0,1.0,1.0,2.0,2.0,1.0,1.0,5.0,5.0,1.0,1.0,2.0,2.0,1,1,55-64,55-64,Yes,Yes,1,1.0,
19100,MI,2616.0,2616002340.0,Conventional:First Lien,Single Family (1-4 Units):Site-Built,Hispanic or Latino,White,Male,Loan originated,1,195000.0,90.0,7.375,2.5,0.0,6800.0,2900.0,2300.0,1100.0,300.0,360.0,0.0,0.0,2.0,2.0,2.0,2.0,216667.0,1.0,1.0,1.0,5.0,1.0,,62000.0,44.0,1.0,1.0,1.0,1.0,1.0,1.0,5.0,5.0,1.0,1.0,1.0,1.0,1,1,35-44,35-44,No,No,1,1.0,
26420,IL,1703.0,1703380020.0,Conventional:First Lien,Single Family (1-4 Units):Site-Built,Not Hispanic or Latino,Asian,Female,Loan originated,1,525000.0,75.0,6.75,1.75,0.0,11200.0,4800.0,3800.0,2000.0,800.0,360.0,0.0,0.0,2.0,2.0,2.0,2.0,700000.0,1.0,1.0,1.0,5.0,1.0,,185000.0,32.0,1.0,1.0,2.0,2.0,1.0,1.0,2.0,2.0,1.0,1.0,2.0,2.0,1,1,35-44,35-44,No,No,1,1.0,
33100,FL,1209.0,1209031500.0,Conventional:First Lien,Single Family (1-4 Units):Site-Built,Not Hispanic or Latino,White,Male,Application withdrawn,1,290000.0,,7.25,2.25,0.0,,,,,500.0,,,2.0,2.0,2.0,2.0,2.0,386667.0,1.0,1.0,3.0,5.0,1.0,,115000.0,40.0,1.0,1111.0,2.0,5.0,1.0,4.0,5.0,8.0,1.0,4.0,1.0,5.0,1,4,45-54,25-34,No,No,2,1.0,
42660,WA,5303.0,5303670050.0,Conventional:First Lien,Single Family (1-4 Units):Site-Built,Not Hispanic or Latino,White,Female,Loan originated,1,675000.0,70.0,6.5,1.5,0.0,13500.0,5500.0,4300.0,2200.0,900.0,360.0,0.0,0.0,2.0,2.0,2.0,2.0,964286.0,1.0,1.0,1.0,5.0,1.0,,220000.0,28.0,1.0,1.0,2.0,2.0,1.0,1.0,5.0,5.0,1.0,1.0,2.0,2.0,1,1,25-34,25-34,No,No,1,1.0,
19740,MO,2907.0,2907710010.0,FHA-insured:First Lien,Single Family (1-4 Units):Site-Built,Not Hispanic or Latino,Black or African American,Male,Loan originated,1,185000.0,96.5,7.0,,0.0,8200.0,3600.0,2800.0,1500.0,800.0,360.0,0.0,0.0,2.0,2.0,2.0,2.0,191709.0,1.0,1.0,1.0,5.0,1.0,,58000.0,50.0,1.0,1.0,2.0,2.0,1.0,1.0,3.0,3.0,1.0,1.0,1.0,1.0,1,1,25-34,9999,No,,1,1.0,
38900,OR,4105.0,4105390070.0,Conventional:First Lien,Single Family (1-4 Units):Site-Built,Not Hispanic or Latino,White,Male,Loan originated,1,485000.0,82.0,6.875,2.0,0.0,9800.0,4100.0,3200.0,1700.0,600.0,360.0,0.0,0.0,2.0,2.0,2.0,2.0,591463.0,1.0,1.0,1.0,5.0,1.0,,135000.0,34.0,1.0,1.0,2.0,2.0,1.0,1.0,5.0,5.0,1.0,1.0,1.0,1.0,1,1,45-54,35-44,No,No,1,1.0,
45300,WI,5503.0,5503790010.0,Conventional:First Lien,Single Family (1-4 Units):Site-Built,Not Hispanic or Latino,White,Female,Loan originated,1,285000.0,85.0,7.125,2.25,0.0,7100.0,3000.0,2400.0,1200.0,400.0,360.0,0.0,0.0,2.0,2.0,2.0,2.0,335294.0,1.0,1.0,1.0,5.0,1.0,,85000.0,38.0,1.0,1.0,2.0,2.0,1.0,1.0,5.0,5.0,1.0,1.0,2.0,2.0,1,1,35-44,35-44,No,No,1,1.0,
14460,CO,8031.0,8031410020.0,Conventional:First Lien,Single Family (1-4 Units):Site-Built,Not Hispanic or Latino,White,Male,Loan originated,1,555000.0,78.0,6.625,1.5,0.0,11800.0,4900.0,3800.0,2000.0,800.0,360.0,0.0,0.0,2.0,2.0,2.0,2.0,711538.0,1.0,1.0,1.0,5.0,1.0,,175000.0,30.0,1.0,1.0,2.0,2.0,1.0,1.0,5.0,5.0,1.0,1.0,1.0,1.0,1,1,35-44,35-44,No,No,1,1.0,
22020,GA,1309.0,1309010700.0,Conventional:First Lien,Single Family (1-4 Units):Site-Built,Hispanic or Latino,Black or African American,Male,Loan originated,1,315000.0,92.0,7.25,2.5,0.0,8900.0,3800.0,2900.0,1600.0,700.0,360.0,0.0,0.0,2.0,2.0,2.0,2.0,342391.0,1.0,1.0,1.0,5.0,1.0,,95000.0,45.0,1.0,1.0,1.0,1.0,1.0,1.0,3.0,3.0,1.0,1.0,1.0,1.0,1,1,35-44,25-34,No,No,1,1.0,
24500,HI,15003.0,15003021004.0,Conventional:First Lien,Single Family (1-4 Units):Site-Built,Not Hispanic or Latino,Asian,Female,Loan originated,1,725000.0,68.0,6.375,1.25,0.0,14200.0,5800.0,4500.0,2300.0,1000.0,360.0,0.0,0.0,2.0,2.0,2.0,2.0,1066176.0,1.0,1.0,1.0,5.0,1.0,,225000.0,26.0,1.0,1.0,2.0,2.0,1.0,1.0,2.0,2.0,1.0,1.0,2.0,2.0,1,1,35-44,35-44,No,No,1,1.0,
10580,AL,1073.0,1073011500.0,Conventional:First Lien,Single Family (1-4 Units):Site-Built,Not Hispanic or Latino,White,Male,Application denied by financial institution,1,195000.0,,8.375,3.5,0.0,,,,,400.0,,,2.0,2.0,2.0,2.0,2.0,232143.0,1.0,1.0,3.0,5.0,1.0,,65000.0,52.0,1.0,1111.0,2.0,5.0,1.0,4.0,5.0,8.0,1.0,4.0,1.0,5.0,1,4,45-54,9999,No,,1,1.0,
38300,OK,4013.0,4013390200.0,Conventional:First Lien,Single Family (1-4 Units):Site-Built,Not Hispanic or Latino,White,Female,Loan originated,1,235000.0,88.0,7.375,2.75,0.0,7600.0,3200.0,2500.0,1300.0,500.0,360.0,0.0,0.0,2.0,2.0,2.0,2.0,267045.0,1.0,1.0,1.0,5.0,1.0,,72000.0,42.0,1.0,1.0,2.0,2.0,1.0,1.0,5.0,5.0,1.0,1.0,2.0,2.0,1,1,45-54,45-54,No,No,1,1.0,
29820,KS,20045.0,2004515030.0,Conventional:First Lien,Single Family (1-4 Units):Site-Built,Not Hispanic or Latino,White,Male,Loan originated,1,275000.0,90.0,7.125,2.25,0.0,8200.0,3500.0,2700.0,1500.0,600.0,360.0,0.0,0.0,2.0,2.0,2.0,2.0,305556.0,1.0,1.0,1.0,5.0,1.0,,85000.0,40.0,1.0,1.0,2.0,2.0,1.0,1.0,5.0,5.0,1.0,1.0,1.0,1.0,1,1,35-44,35-44,No,No,1,1.0,
36540,NV,3203.0,3203031500.0,Conventional:First Lien,Single Family (1-4 Units):Site-Built,Not Hispanic or Latino,White,Male,Loan originated,1,465000.0,83.0,6.875,2.0,0.0,10200.0,4300.0,3400.0,1800.0,700.0,360.0,0.0,0.0,2.0,2.0,2.0,2.0,560241.0,1.0,1.0,1.0,5.0,1.0,,150000.0,33.0,1.0,1.0,2.0,2.0,1.0,1.0,5.0,5.0,1.0,1.0,1.0,1.0,1,1,45-54,35-44,No,No,1,1.0,
45060,UT,49035.0,4903515030.0,Conventional:First Lien,Single Family (1-4 Units):Site-Built,Not Hispanic or Latino,White,Female,Loan originated,1,485000.0,75.0,6.75,1.75,0.0,10800.0,4600.0,3600.0,1900.0,800.0,360.0,0.0,0.0,2.0,2.0,2.0,2.0,646667.0,1.0,1.0,1.0,5.0,1.0,,165000.0,29.0,1.0,1.0,2.0,2.0,1.0,1.0,5.0,5.0,1.0,1.0,2.0,2.0,1,1,25-34,25-34,No,No,1,1.0,
30780,KY,21067.0,2106704010.0,Conventional:First Lien,Single Family (1-4 Units):Site-Built,Not Hispanic or Latino,White,Male,Loan originated,1,245000.0,87.0,7.25,2.5,0.0,7700.0,3300.0,2600.0,1400.0,600.0,360.0,0.0,0.0,2.0,2.0,2.0,2.0,281609.0,1.0,1.0,1.0,5.0,1.0,,75000.0,43.0,1.0,1.0,2.0,2.0,1.0,1.0,5.0,5.0,1.0,1.0,1.0,1.0,1,1,35-44,35-44,No,No,1,1.0,
36580,NY,36001.0,3600195030.0,Conventional:First Lien,Single Family (1-4 Units):Site-Built,Not Hispanic or Latino,Black or African American,Female,Loan originated,1,385000.0,82.0,6.875,1.75,0.0,9200.0,3900.0,3100.0,1600.0,600.0,360.0,0.0,0.0,2.0,2.0,2.0,2.0,469512.0,1.0,1.0,2.0,5.0,1.0,,125000.0,35.0,1.0,1.0,2.0,2.0,1.0,1.0,3.0,3.0,1.0,1.0,2.0,2.0,1,1,35-44,35-44,No,No,1,1.0,
12020,AR,5045.0,5045020300.0,Conventional:First Lien,Single Family (1-4 Units):Site-Built,Not Hispanic or Latino,White,Male,Loan originated,1,185000.0,92.0,7.5,3.0,0.0,6800.0,2900.0,2300.0,1200.0,500.0,360.0,0.0,0.0,2.0,2.0,2.0,2.0,201087.0,1.0,1.0,1.0,5.0,1.0,,58000.0,46.0,1.0,1.0,2.0,2.0,1.0,1.0,5.0,5.0,1.0,1.0,1.0,1.0,1,1,45-54,45-54,No,No,1,1.0,
39300,PA,4203.0,4203305030.0,Conventional:First Lien,Single Family (1-4 Units):Site-Built,Not Hispanic or Latino,White,Female,Loan originated,1,315000.0,85.0,7.0,2.0,0.0,8400.0,3600.0,2800.0,1500.0,600.0,360.0,0.0,0.0,2.0,2.0,2.0,2.0,370588.0,1.0,1.0,1.0,5.0,1.0,,95000.0,37.0,1.0,1.0,2.0,2.0,1.0,1.0,5.0,5.0,1.0,1.0,2.0,2.0,1,1,35-44,35-44,No,No,1,1.0,
47580,SC,45019.0,4501901030.0,Conventional:First Lien,Single Family (1-4 Units):Site-Built,Not Hispanic or Latino,White,Male,Loan originated,1,295000.0,88.0,7.125,2.25,0.0,8100.0,3400.0,2700.0,1400.0,600.0,360.0,0.0,0.0,2.0,2.0,2.0,2.0,335227.0,1.0,1.0,1.0,5.0,1.0,,88000.0,41.0,1.0,1.0,2.0,2.0,1.0,1.0,5.0,5.0,1.0,1.0,1.0,1.0,1,1,35-44,35-44,No,No,1,1.0,
22060,LA,22055.0,2205500140.0,Conventional:First Lien,Single Family (1-4 Units):Site-Built,Hispanic or Latino,Black or African American,Female,Loan originated,1,225000.0,93.0,7.375,2.75,0.0,7500.0,3200.0,2500.0,1400.0,600.0,360.0,0.0,0.0,2.0,2.0,2.0,2.0,241936.0,1.0,1.0,1.0,5.0,1.0,,68000.0,47.0,1.0,1.0,1.0,1.0,1.0,1.0,3.0,3.0,1.0,1.0,2.0,2.0,1,1,25-34,25-34,No,No,1,1.0,
30700,ME,23005.0,2300505030.0,Conventional:First Lien,Single Family (1-4 Units):Site-Built,Not Hispanic or Latino,White,Male,Loan originated,1,285000.0,80.0,6.875,2.0,0.0,7800.0,3300.0,2600.0,1400.0,500.0,360.0,0.0,0.0,2.0,2.0,2.0,2.0,356250.0,1.0,1.0,2.0,5.0,1.0,,85000.0,36.0,1.0,1.0,2.0,2.0,1.0,1.0,5.0,5.0,1.0,1.0,1.0,1.0,1,1,45-54,35-44,No,No,1,1.0,
34940,NJ,34003.0,3400315030.0,Conventional:First Lien,Single Family (1-4 Units):Site-Built,Not Hispanic or Latino,Asian,Male,Loan originated,1,625000.0,72.0,6.5,1.5,0.0,12800.0,5200.0,4100.0,2100.0,900.0,360.0,0.0,0.0,2.0,2.0,2.0,2.0,868056.0,1.0,1.0,1.0,5.0,1.0,,250000.0,27.0,1.0,1.0,2.0,2.0,1.0,1.0,2.0,2.0,1.0,1.0,1.0,1.0,1,1,35-44,35-44,No,No,1,1.0,
31080,MD,24003.0,2400350700.0,Conventional:First Lien,Single Family (1-4 Units):Site-Built,Not Hispanic or Latino,Black or African American,Female,Loan originated,1,425000.0,78.0,6.75,1.75,0.0,10200.0,4300.0,3400.0,1800.0,700.0,360.0,0.0,0.0,2.0,2.0,2.0,2.0,544872.0,1.0,1.0,1.0,5.0,1.0,,155000.0,31.0,1.0,1.0,2.0,2.0,1.0,1.0,3.0,3.0,1.0,1.0,2.0,2.0,1,1,35-44,35-44,No,No,1,1.0,
13820,CA,6059.0,6059701100.0,Conventional:Subordinate Lien,Single Family (1-4 Units):Site-Built,Not Hispanic or Latino,White,Male,File closed for incompleteness,32,75000.0,,,,0.0,,,,,,180.0,,2.0,2.0,2.0,2.0,2.0,425000.0,1.0,1.0,3.0,5.0,1.0,,125000.0,40.0,1111.0,1111.0,2.0,5.0,4.0,4.0,5.0,8.0,4.0,4.0,1.0,5.0,1,4,45-54,9999,No,,1,1.0,
41180,TX,9148.0,9148720500.0,Conventional:First Lien,Single Family (1-4 Units):Site-Built,Hispanic or Latino,White,Male,Loan originated,1,345000.0,89.0,7.125,2.25,0.0,9100.0,3900.0,3000.0,1600.0,700.0,360.0,0.0,0.0,2.0,2.0,2.0,2.0,387640.0,1.0,1.0,1.0,5.0,1.0,,105000.0,39.0,1.0,1.0,1.0,1.0,1.0,1.0,5.0,5.0,1.0,1.0,1.0,1.0,1,1,35-44,25-34,No,No,1,1.0,
17140,OH,3911.0,3911330050.0,Conventional:First Lien,Single Family (1-4 Units):Site-Built,Not Hispanic or Latino,White,Female,Loan originated,1,235000.0,86.0,7.0,2.0,0.0,7200.0,3100.0,2400.0,1300.0,500.0,360.0,0.0,0.0,2.0,2.0,2.0,2.0,273256.0,1.0,1.0,1.0,5.0,1.0,,75000.0,39.0,1.0,1.0,2.0,2.0,1.0,1.0,5.0,5.0,1.0,1.0,2.0,2.0,1,1,45-54,45-54,No,No,1,1.0,
12540,AZ,4013.0,4013701200.0,Conventional:First Lien,Single Family (1-4 Units):Site-Built,Not Hispanic or Latino,White,Male,Loan originated,1,395000.0,84.0,6.875,2.0,0.0,9600.0,4000.0,3200.0,1700.0,700.0,360.0,0.0,0.0,2.0,2.0,2.0,2.0,470238.0,1.0,1.0,1.0,5.0,1.0,,135000.0,33.0,1.0,1.0,2.0,2.0,1.0,1.0,5.0,5.0,1.0,1.0,1.0,1.0,1,1,45-54,35-44,No,No,1,1.0,
17460,OK,4014.0,4014270200.0,Conventional:First Lien,Single Family (1-4 Units):Site-Built,Not Hispanic or Latino,American Indian or Alaska Native,Male,Loan originated,1,205000.0,91.0,7.375,2.75,0.0,7100.0,3000.0,2400.0,1300.0,500.0,360.0,0.0,0.0,2.0,2.0,2.0,2.0,225275.0,1.0,1.0,1.0,5.0,1.0,,65000.0,45.0,1.0,1.0,2.0,2.0,1.0,1.0,1.0,1.0,1.0,1.0,1.0,1.0,1,1,35-44,9999,No,,1,1.0,
35380,NM,35001.0,3500101030.0,FHA-insured:First Lien,Single Family (1-4 Units):Site-Built,Hispanic or Latino,White,Female,Loan originated,1,265000.0,96.5,7.0,,0.0,8800.0,3900.0,3000.0,1700.0,800.0,360.0,0.0,0.0,2.0,2.0,2.0,2.0,274611.0,1.0,1.0,1.0,5.0,1.0,,75000.0,48.0,1.0,1.0,1.0,1.0,1.0,1.0,5.0,5.0,1.0,1.0,2.0,2.0,1,1,25-34,25-34,No,No,1,1.0,
18140,OR,4105.0,4105390900.0,Conventional:First Lien,Single Family (1-4 Units):Site-Built,Not Hispanic or Latino,White,Male,Loan originated,1,515000.0,76.0,6.625,1.5,0.0,11200.0,4700.0,3700.0,1900.0,800.0,360.0,0.0,0.0,2.0,2.0,2.0,2.0,677632.0,1.0,1.0,1.0,5.0,1.0,,185000.0,30.0,1.0,1.0,2.0,2.0,1.0,1.0,5.0,5.0,1.0,1.0,1.0,1.0,1,1,35-44,35-44,No,No,1,1.0,
18580,PA,4205.0,4205500300.0,Conventional:First Lien,Single Family (1-4 Units):Site-Built,Not Hispanic or Latino,White,Female,Loan originated,1,295000.0,83.0,6.875,1.75,0.0,8200.0,3500.0,2800.0,1500.0,600.0,360.0,0.0,0.0,2.0,2.0,2.0,2.0,355491.0,1.0,1.0,1.0,5.0,1.0,,98000.0,35.0,1.0,1.0,2.0,2.0,1.0,1.0,5.0,5.0,1.0,1.0,2.0,2.0,1,1,45-54,45-54,No,No,1,1.0,
47940,SC,45021.0,4502103080.0,Conventional:First Lien,Single Family (1-4 Units):Site-Built,Not Hispanic or Latino,Black or African American,Male,Loan originated,1,275000.0,90.0,7.25,2.5,0.0,8100.0,3400.0,2700.0,1500.0,600.0,360.0,0.0,0.0,2.0,2.0,2.0,2.0,305556.0,1.0,1.0,1.0,5.0,1.0,,82000.0,42.0,1.0,1.0,2.0,2.0,1.0,1.0,3.0,3.0,1.0,1.0,1.0,1.0,1,1,35-44,25-34,No,No,1,1.0,
18980,RI,44003.0,4400303020.0,Conventional:First Lien,Single Family (1-4 Units):Site-Built,Not Hispanic or Latino,White,Male,Loan originated,1,465000.0,73.0,6.5,1.5,0.0,10600.0,4400.0,3500.0,1800.0,800.0,360.0,0.0,0.0,2.0,2.0,2.0,2.0,636986.0,1.0,1.0,1.0,5.0,1.0,,185000.0,28.0,1.0,1.0,2.0,2.0,1.0,1.0,5.0,5.0,1.0,1.0,1.0,1.0,1,1,45-54,35-44,No,No,1,1.0,
49340,TN,47013.0,4701302030.0,Conventional:First Lien,Single Family (1-4 Units):Site-Built,Not Hispanic or Latino,White,Female,Loan originated,1,325000.0,87.0,7.0,2.0,0.0,8800.0,3700.0,2900.0,1600.0,700.0,360.0,0.0,0.0,2.0,2.0,2.0,2.0,373563.0,1.0,1.0,1.0,5.0,1.0,,105000.0,37.0,1.0,1.0,2.0,2.0,1.0,1.0,5.0,5.0,1.0,1.0,2.0,2.0,1,1,35-44,35-44,No,No,1,1.0,
19380,SC,45001.0,4500101070.0,Conventional:First Lien,Single Family (1-4 Units):Site-Built,Not Hispanic or Latino,White,Male,Loan originated,1,305000.0,89.0,7.125,2.25,0.0,8500.0,3600.0,2800.0,1500.0,600.0,360.0,0.0,0.0,2.0,2.0,2.0,2.0,342697.0,1.0,1.0,1.0,5.0,1.0,,95000.0,40.0,1.0,1.0,2.0,2.0,1.0,1.0,5.0,5.0,1.0,1.0,1.0,1.0,1,1,45-54,35-44,No,No,1,1.0,
49700,TX,9149.0,9149720100.0,Conventional:First Lien,Single Family (1-4 Units):Site-Built,Hispanic or Latino,White,Male,Loan originated,1,375000.0,91.0,7.25,2.5,0.0,9800.0,4200.0,3200.0,1800.0,800.0,360.0,0.0,0.0,2.0,2.0,2.0,2.0,412088.0,1.0,1.0,1.0,5.0,1.0,,115000.0,43.0,1.0,1.0,1.0,1.0,1.0,1.0,5.0,5.0,1.0,1.0,1.0,1.0,1,1,35-44,25-34,No,No,1,1.0,
20100,UT,49035.0,4903515090.0,Conventional:First Lien,Single Family (1-4 Units):Site-Built,Not Hispanic or Latino,White,Female,Loan originated,1,485000.0,74.0,6.625,1.5,0.0,10800.0,4500.0,3600.0,1800.0,800.0,360.0,0.0,0.0,2.0,2.0,2.0,2.0,655405.0,1.0,1.0,1.0,5.0,1.0,,175000.0,29.0,1.0,1.0,2.0,2.0,1.0,1.0,5.0,5.0,1.0,1.0,2.0,2.0,1,1,25-34,25-34,No,No,1,1.0,
20580,VA,51059.0,5105903050.0,Conventional:First Lien,Single Family (1-4 Units):Site-Built,Not Hispanic or Latino,Asian,Male,Loan originated,1,585000.0,71.0,6.375,1.25,0.0,12200.0,5000.0,3900.0,2000.0,900.0,360.0,0.0,0.0,2.0,2.0,2.0,2.0,823944.0,1.0,1.0,1.0,5.0,1.0,,235000.0,26.0,1.0,1.0,2.0,2.0,1.0,1.0,2.0,2.0,1.0,1.0,1.0,1.0,1,1,35-44,35-44,No,No,1,1.0,
20740,VT,50001.0,5000101090.0,Conventional:First Lien,Single Family (1-4 Units):Site-Built,Not Hispanic or Latino,White,Female,Loan originated,1,315000.0,78.0,6.75,1.75,0.0,8600.0,3700.0,2900.0,1600.0,600.0,360.0,0.0,0.0,2.0,2.0,2.0,2.0,403846.0,1.0,1.0,2.0,5.0,1.0,,105000.0,32.0,1.0,1.0,2.0,2.0,1.0,1.0,5.0,5.0,1.0,1.0,2.0,2.0,1,1,45-54,45-54,No,No,1,1.0,
35614,CA,6059.0,6059780000.0,Conventional:First Lien,Single Family (1-4 Units):Site-Built,Not Hispanic or Latino,Asian,Male,Loan originated,31,485000.0,85.0,7.25,2.5,2.0,8500.0,2500.0,3500.0,1500.0,500.0,360.0,0.0,5.0,2.0,2.0,2.0,2.0,360.0,1.0,1.0,3.0,5.0,1.0,,120.0,45.0,1111.0,1111.0,2.0,5.0,2.0,4.0,5.0,8.0,2.0,4.0,1.0,5.0,2,4,45-54,35-44,No,No,1,1.0,
16980,TX,48113.0,48113031401.0,FHA-insured:First Lien,Single Family (1-4 Units):Site-Built,Hispanic or Latino,White,Female,Loan originated,1,275000.0,96.5,6.75,1.8,1.0,7200.0,1800.0,2800.0,1200.0,800.0,360.0,0.0,3.0,2.0,2.0,2.0,2.0,275.0,1.0,1.0,1.0,5.0,1.0,,75.0,38.0,1111.0,1111.0,1.0,5.0,1.0,4.0,1.0,8.0,1.0,4.0,1.0,5.0,1,4,25-34,25-34,No,No,1,1.0,
31080,FL,12011.0,12011010500.0,VA-guaranteed:First Lien,Single Family (1-4 Units):Site-Built,Not Hispanic or Latino,Black or African American,Male,Application denied,1,320000.0,100.0,7.5,3.1,2.0,9500.0,3000.0,4000.0,2000.0,0.0,360.0,0.0,0.0,2.0,2.0,2.0,2.0,320.0,1.0,1.0,1.0,5.0,1.0,,65.0,52.0,1111.0,1111.0,2.0,5.0,2.0,4.0,3.0,8.0,2.0,4.0,1.0,5.0,2,4,35-44,35-44,No,No,1,1.0,
19100,IL,17031.0,17031000100.0,Conventional:First Lien,Single Family (1-4 Units):Site-Built,Not Hispanic or Latino,White,Female,Loan originated,31,425000.0,80.0,6.95,2.2,2.0,7800.0,2200.0,3200.0,1800.0,400.0,360.0,0.0,7.0,2.0,2.0,2.0,2.0,425.0,1.0,1.0,1.0,5.0,1.0,,98.0,42.0,1111.0,1111.0,2.0,5.0,2.0,4.0,5.0,8.0,2.0,4.0,1.0,5.0,2,4,55-64,55-64,Yes,Yes,1,1.0,
26420,NY,36001.0,36001000100.0,Conventional:Subordinate Lien,Single Family (1-4 Units):Site-Built,Hispanic or Latino,Asian,Male,Loan originated,31,75000.0,,7.75,,2.0,3500.0,1500.0,2000.0,1000.0,0.0,180.0,,0.0,2.0,2.0,2.0,2.0,75.0,1.0,1.0,1.0,5.0,1.0,,85.0,39.0,1111.0,1111.0,1.0,5.0,1.0,4.0,5.0,8.0,1.0,4.0,1.0,5.0,1,4,35-44,35-44,No,No,1,1.0,
38060,WA,53033.0,53033001901.0,Conventional:First Lien,Single Family (1-4 Units):Site-Built,Not Hispanic or Latino,White,Male,Application withdrawn,31,650000.0,75.0,6.5,1.9,2.0,12000.0,4000.0,5000.0,2500.0,1000.0,360.0,0.0,10.0,2.0,2.0,2.0,2.0,650.0,1.0,1.0,1.0,5.0,1.0,,180.0,36.0,1111.0,1111.0,2.0,5.0,2.0,4.0,5.0,8.0,2.0,4.0,1.0,5.0,2,4,45-54,45-54,No,No,1,1.0,
12060,AZ,4013.0,40130100100.0,FHA-insured:First Lien,Single Family (1-4 Units):Site-Built,Hispanic or Latino,American Indian or Alaska Native,Female,Loan originated,1,315000.0,93.5,6.85,2.0,1.0,6800.0,2000.0,2800.0,1500.0,600.0,360.0,0.0,2.0,2.0,2.0,2.0,2.0,315.0,1.0,1.0,1.0,5.0,1.0,,68.0,41.0,1111.0,1111.0,1.0,5.0,1.0,4.0,1.0,8.0,1.0,4.0,1.0,5.0,1,4,25-34,25-34,No,No,1,1.0,
14460,CO,8031.0,80310012100.0,Conventional:First Lien,Single Family (1-4 Units):Site-Built,Not Hispanic or Latino,White,Male,Loan originated,31,525000.0,82.0,7.1,2.4,2.0,8800.0,2800.0,3800.0,2000.0,700.0,360.0,0.0,5.0,2.0,2.0,2.0,2.0,525.0,1.0,1.0,1.0,5.0,1.0,,135.0,43.0,1111.0,1111.0,2.0,5.0,2.0,4.0,5.0,8.0,2.0,4.0,1.0,5.0,2,4,35-44,35-44,No,No,1,1.0,
38900,WI,55025.0,55025000100.0,Conventional:First Lien,Single Family (1-4 Units):Site-Built,Not Hispanic or Latino,Black or African American,Female,File closed for incompleteness,31,285000.0,88.0,7.35,2.7,2.0,6200.0,1800.0,2400.0,1200.0,0.0,360.0,0.0,0.0,2.0,2.0,2.0,2.0,285.0,1.0,1.0,1.0,5.0,1.0,,72.0,46.0,1111.0,1111.0,2.0,5.0,2.0,4.0,3.0,8.0,2.0,4.0,1.0,5.0,2,4,45-54,45-54,No,No,1,1.0,
22020,GA,13089.0,13089000200.0,VA-guaranteed:First Lien,Single Family (1-4 Units):Site-Built,Not Hispanic or Latino,White,Male,Loan originated,1,375000.0,100.0,6.25,1.5,1.0,5500.0,1200.0,1800.0,800.0,1200.0,360.0,0.0,0.0,2.0,2.0,2.0,2.0,375.0,1.0,1.0,1.0,5.0,1.0,,88.0,34.0,1111.0,1111.0,2.0,5.0,2.0,4.0,5.0,8.0,2.0,4.0,1.0,5.0,2,4,25-34,25-34,No,No,1,1.0,
42660,OR,41051.0,41051002300.0,Conventional:First Lien,Single Family (1-4 Units):Site-Built,Not Hispanic or Latino,Asian,Female,Application denied,31,485000.0,78.0,7.4,2.8,2.0,9200.0,3200.0,4200.0,2200.0,300.0,360.0,0.0,8.0,2.0,2.0,2.0,2.0,485.0,1.0,1.0,1.0,5.0,1.0,,110.0,48.0,1111.0,1111.0,2.0,5.0,2.0,4.0,5.0,8.0,2.0,4.0,1.0,5.0,2,4,35-44,35-44,No,No,1,1.0,
33100,MI,26163.0,26163000100.0,Conventional:First Lien,Single Family (1-4 Units):Site-Built,Not Hispanic or Latino,White,Male,Loan originated,31,395000.0,84.0,6.8,2.1,2.0,7600.0,2400.0,3200.0,1600.0,500.0,360.0,0.0,4.0,2.0,2.0,2.0,2.0,395.0,1.0,1.0,1.0,5.0,1.0,,105.0,40.0,1111.0,1111.0,2.0,5.0,2.0,4.0,5.0,8.0,2.0,4.0,1.0,5.0,2,4,45-54,45-54,No,No,1,1.0,
12060,AZ,4013.0,40130200200.0,FHA-insured:First Lien,Single Family (1-4 Units):Site-Built,Hispanic or Latino,White,Female,Loan originated,1,295000.0,95.0,6.9,1.9,1.0,6500.0,1900.0,2500.0,1300.0,700.0,360.0,0.0,1.0,2.0,2.0,2.0,2.0,295.0,1.0,1.0,1.0,5.0,1.0,,78.0,42.0,1111.0,1111.0,1.0,5.0,1.0,4.0,1.0,8.0,1.0,4.0,1.0,5.0,1,4,35-44,35-44,No,No,1,1.0,
19100,IL,17031.0,17031000200.0,Conventional:Subordinate Lien,Single Family (1-4 Units):Site-Built,Not Hispanic or Latino,Black or African American,Male,Loan originated,31,95000.0,,7.85,,2.0,4200.0,1800.0,2200.0,1200.0,0.0,180.0,,0.0,2.0,2.0,2.0,2.0,95.0,1.0,1.0,1.0,5.0,1.0,,92.0,44.0,1111.0,1111.0,2.0,5.0,2.0,4.0,3.0,8.0,2.0,4.0,1.0,5.0,2,4,45-54,45-54,No,No,1,1.0,
35614,CA,6073.0,6073001100.0,Conventional:First Lien,Single Family (1-4 Units):Site-Built,Not Hispanic or Latino,White,Female,Loan originated,31,750000.0,70.0,6.15,1.2,2.0,10500.0,3500.0,4500.0,2500.0,1500.0,360.0,0.0,12.0,2.0,2.0,2.0,2.0,750.0,1.0,1.0,1.0,5.0,1.0,,225.0,32.0,1111.0,1111.0,2.0,5.0,2.0,4.0,5.0,8.0,2.0,4.0,1.0,5.0,2,4,35-44,35-44,No,No,1,1.0,
16980,TX,48113.0,48113031500.0,Conventional:First Lien,Single Family (1-4 Units):Site-Built,Hispanic or Latino,Asian,Male,Application withdrawn,31,340000.0,90.0,7.15,2.5,2.0,8100.0,2600.0,3400.0,1800.0,200.0,360.0,0.0,6.0,2.0,2.0,2.0,2.0,340.0,1.0,1.0,1.0,5.0,1.0,,95.0,45.0,1111.0,1111.0,1.0,5.0,1.0,4.0,5.0,8.0,1.0,4.0,1.0,5.0,1,4,25-34,25-34,No,No,1,1.0,
26420,NY,36001.0,36001000200.0,Conventional:First Lien,Single Family (1-4 Units):Site-Built,Not Hispanic or Latino,White,Male,Loan originated,31,580000.0,75.0,6.5,1.7,2.0,9800.0,3200.0,4200.0,2200.0,800.0,360.0,0.0,9.0,2.0,2.0,2.0,2.0,580.0,1.0,1.0,1.0,5.0,1.0,,165.0,37.0,1111.0,1111.0,2.0,5.0,2.0,4.0,5.0,8.0,2.0,4.0,1.0,5.0,2,4,45-54,45-54,No,No,1,1.0,
31080,FL,12011.0,12011010600.0,FHA-insured:First Lien,Single Family (1-4 Units):Site-Built,Hispanic or Latino,Black or African American,Female,Loan originated,1,285000.0,97.0,6.95,2.2,1.0,6300.0,1700.0,2300.0,1100.0,900.0,360.0,0.0,0.0,2.0,2.0,2.0,2.0,285.0,1.0,1.0,1.0,5.0,1.0,,62.0,40.0,1111.0,1111.0,1.0,5.0,1.0,4.0,1.0,8.0,1.0,4.0,1.0,5.0,1,4,25-34,25-34,No,No,1,1.0,
14460,CO,8031.0,80310012200.0,Conventional:First Lien,Single Family (1-4 Units):Site-Built,Not Hispanic or Latino,White,Female,Application denied,31,465000.0,83.0,7.2,2.6,2.0,8600.0,2800.0,3600.0,1900.0,400.0,360.0,0.0,3.0,2.0,2.0,2.0,2.0,465.0,1.0,1.0,1.0,5.0,1.0,,125.0,46.0,1111.0,1111.0,2.0,5.0,2.0,4.0,5.0,8.0,2.0,4.0,1.0,5.0,2,4,35-44,35-44,No,No,1,1.0,
38900,WI,55025.0,55025000200.0,VA-guaranteed:First Lien,Single Family (1-4 Units):Site-Built,Not Hispanic or Latino,White,Male,Loan originated,1,325000.0,100.0,6.0,1.3,1.0,4800.0,1000.0,1400.0,600.0,1000.0,360.0,0.0,0.0,2.0,2.0,2.0,2.0,325.0,1.0,1.0,1.0,5.0,1.0,,78.0,33.0,1111.0,1111.0,2.0,5.0,2.0,4.0,5.0,8.0,2.0,4.0,1.0,5.0,2,4,25-34,25-34,No,No,1,1.0,
22020,GA,13089.0,13089000300.0,Conventional:First Lien,Single Family (1-4 Units):Site-Built,Not Hispanic or Latino,Black or African American,Female,Loan originated,31,350000.0,86.0,7.0,2.3,2.0,7200.0,2200.0,2800.0,1500.0,600.0,360.0,0.0,5.0,2.0,2.0,2.0,2.0,350.0,1.0,1.0,1.0,5.0,1.0,,88.0,42.0,1111.0,1111.0,2.0,5.0,2.0,4.0,3.0,8.0,2.0,4.0,1.0,5.0,2,4,45-54,45-54,No,No,1,1.0,
42660,OR,41051.0,41051002400.0,Conventional:First Lien,Single Family (1-4 Units):Site-Built,Not Hispanic or Latino,Asian,Male,File closed for incompleteness,31,520000.0,79.0,6.75,2.0,2.0,8900.0,2900.0,3800.0,2000.0,500.0,360.0,0.0,7.0,2.0,2.0,2.0,2.0,520.0,1.0,1.0,1.0,5.0,1.0,,145.0,39.0,1111.0,1111.0,2.0,5.0,2.0,4.0,5.0,8.0,2.0,4.0,1.0,5.0,2,4,35-44,35-44,No,No,1,1.0,
33100,MI,26163.0,26163000200.0,Conventional:Subordinate Lien,Single Family (1-4 Units):Site-Built,Not Hispanic or Latino,White,Male,Loan originated,31,125000.0,,7.9,,2.0,3800.0,1600.0,2000.0,1000.0,0.0,180.0,,0.0,2.0,2.0,2.0,2.0,125.0,1.0,1.0,1.0,5.0,1.0,,98.0,43.0,1111.0,1111.0,2.0,5.0,2.0,4.0,5.0,8.0,2.0,4.0,1.0,5.0,2,4,55-64,55-64,Yes,No,1,1.0,
12060,AZ,4013.0,40130300300.0,FHA-insured:First Lien,Single Family (1-4 Units):Site-Built,Hispanic or Latino,White,Female,Loan originated,1,305000.0,94.0,6.8,1.8,1.0,6100.0,1600.0,2100.0,1000.0,800.0,360.0,0.0,1.0,2.0,2.0,2.0,2.0,305.0,1.0,1.0,1.0,5.0,1.0,,72.0,39.0,1111.0,1111.0,1.0,5.0,1.0,4.0,1.0,8.0,1.0,4.0,1.0,5.0,1,4,35-44,35-44,No,No,1,1.0,
19100,IL,17031.0,17031000300.0,Conventional:First Lien,Single Family (1-4 Units):Site-Built,Not Hispanic or Latino,Asian,Female,Application withdrawn,31,415000.0,81.0,7.1,2.4,2.0,8200.0,2600.0,3400.0,1800.0,300.0,360.0,0.0,4.0,2.0,2.0,2.0,2.0,415.0,1.0,1.0,1.0,5.0,1.0,,115.0,44.0,1111.0,1111.0,2.0,5.0,2.0,4.0,5.0,8.0,2.0,4.0,1.0,5.0,2,4,35-44,35-44,No,No,1,1.0,
35614,CA,6073.0,6073001110.0,Conventional:First Lien,Single Family (1-4 Units):Site-Built,Not Hispanic or Latino,White,Male,Loan originated,31,825000.0,68.0,5.95,1.0,2.0,11200.0,3800.0,4800.0,2600.0,1800.0,360.0,0.0,15.0,2.0,2.0,2.0,2.0,825.0,1.0,1.0,1.0,5.0,1.0,,250.0,30.0,1111.0,1111.0,2.0,5.0,2.0,4.0,5.0,8.0,2.0,4.0,1.0,5.0,2,4,35-44,35-44,No,No,1,1.0,
16980,TX,48113.0,48113031600.0,Conventional:First Lien,Single Family (1-4 Units):Site-Built,Hispanic or Latino,Black or African American,Male,Loan originated,31,365000.0,88.0,7.25,2.6,2.0,7800.0,2400.0,3100.0,1600.0,400.0,360.0,0.0,2.0,2.0,2.0,2.0,2.0,365.0,1.0,1.0,1.0,5.0,1.0,,95.0,43.0,1111.0,1111.0,1.0,5.0,1.0,4.0,3.0,8.0,1.0,4.0,1.0,5.0,1,4,25-34,25-34,No,No,1,1.0,
26420,NY,36001.0,36001000300.0,Conventional:First Lien,Single Family (1-4 Units):Site-Built,Not Hispanic or Latino,White,Female,Application denied,31,625000.0,72.0,6.3,1.5,2.0,10200.0,3400.0,4400.0,2400.0,1200.0,360.0,0.0,11.0,2.0,2.0,2.0,2.0,625.0,1.0,1.0,1.0,5.0,1.0,,185.0,35.0,1111.0,1111.0,2.0,5.0,2.0,4.0,5.0,8.0,2.0,4.0,1.0,5.0,2,4,45-54,45-54,No,No,1,1.0,
31080,FL,12011.0,12011010700.0,FHA-insured:First Lien,Single Family (1-4 Units):Site-Built,Hispanic or Latino,White,Male,Loan originated,1,275000.0,96.5,6.9,2.1,1.0,6400.0,1700.0,2200.0,1100.0,850.0,360.0,0.0,0.0,2.0,2.0,2.0,2.0,275.0,1.0,1.0,1.0,5.0,1.0,,65.0,40.0,1111.0,1111.0,1.0,5.0,1.0,4.0,1.0,8.0,1.0,4.0,1.0,5.0,1,4,25-34,25-34,No,No,1,1.0,
14460,CO,8031.0,80310012300.0,Conventional:First Lien,Single Family (1-4 Units):Site-Built,Not Hispanic or Latino,Asian,Male,Loan originated,31,495000.0,77.0,6.45,1.6,2.0,8800.0,2800.0,3600.0,1900.0,700.0,360.0,0.0,8.0,2.0,2.0,2.0,2.0,495.0,1.0,1.0,1.0,5.0,1.0,,140.0,36.0,1111.0,1111.0,2.0,5.0,2.0,4.0,5.0,8.0,2.0,4.0,1.0,5.0,2,4,35-44,35-44,No,No,1,1.0,
38900,WI,55025.0,55025000300.0,VA-guaranteed:First Lien,Single Family (1-4 Units):Site-Built,Not Hispanic or Latino,White,Female,Loan originated,1,350000.0,100.0,5.75,1.1,1.0,5200.0,1100.0,1500.0,700.0,1100.0,360.0,0.0,0.0,2.0,2.0,2.0,2.0,350.0,1.0,1.0,1.0,5.0,1.0,,82.0,32.0,1111.0,1111.0,2.0,5.0,2.0,4.0,5.0,8.0,2.0,4.0,1.0,5.0,2,4,25-34,25-34,No,No,1,1.0,
22020,GA,13089.0,13089000400.0,Conventional:Subordinate Lien,Single Family (1-4 Units):Site-Built,Not Hispanic or Latino,Black or African American,Male,Loan originated,31,85000.0,,8.1,,2.0,3600.0,1400.0,1800.0,900.0,0.0,180.0,,0.0,2.0,2.0,2.0,2.0,85.0,1.0,1.0,1.0,5.0,1.0,,75.0,47.0,1111.0,1111.0,2.0,5.0,2.0,4.0,3.0,8.0,2.0,4.0,1.0,5.0,2,4,45-54,45-54,No,No,1,1.0,
42660,OR,41051.0,41051002500.0,Conventional:First Lien,Single Family (1-4 Units):Site-Built,Not Hispanic or Latino,White,Female,Loan originated,31,565000.0,76.0,6.6,1.8,2.0,9400.0,3000.0,3900.0,2100.0,600.0,360.0,0.0,6.0,2.0,2.0,2.0,2.0,565.0,1.0,1.0,1.0,5.0,1.0,,155.0,37.0,1111.0,1111.0,2.0,5.0,2.0,4.0,5.0,8.0,2.0,4.0,1.0,5.0,2,4,35-44,35-44,No,No,1,1.0,
33100,MI,26163.0,26163000300.0,Conventional:First Lien,Single Family (1-4 Units):Site-Built,Not Hispanic or Latino,White,Male,Application withdrawn,31,425000.0,85.0,7.05,2.3,2.0,8100.0,2600.0,3300.0,1700.0,400.0,360.0,0.0,3.0,2.0,2.0,2.0,2.0,425.0,1.0,1.0,1.0,5.0,1.0,,115.0,41.0,1111.0,1111.0,2.0,5.0,2.0,4.0,5.0,8.0,2.0,4.0,1.0,5.0,2,4,45-54,45-54,No,No,1,1.0,
12060,AZ,4013.0,40130400400.0,FHA-insured:First Lien,Single Family (1-4 Units):Site-Built,Hispanic or Latino,Asian,Female,Loan originated,1,325000.0,92.0,6.75,1.7,1.0,6700.0,1800.0,2300.0,1100.0,750.0,360.0,0.0,2.0,2.0,2.0,2.0,2.0,325.0,1.0,1.0,1.0,5.0,1.0,,78.0,38.0,1111.0,1111.0,1.0,5.0,1.0,4.0,5.0,8.0,1.0,4.0,1.0,5.0,1,4,35-44,35-44,No,No,1,1.0,
19100,IL,17031.0,17031000400.0,Conventional:First Lien,Single Family (1-4 Units):Site-Built,Not Hispanic or Latino,White,Male,File closed for incompleteness,31,385000.0,89.0,7.3,2.7,2.0,7500.0,2300.0,2900.0,1500.0,200.0,360.0,0.0,1.0,2.0,2.0,2.0,2.0,385.0,1.0,1.0,1.0,5.0,1.0,,105.0,44.0,1111.0,1111.0,2.0,5.0,2.0,4.0,5.0,8.0,2.0,4.0,1.0,5.0,2,4,35-44,35-44,No,No,1,1.0,
35614,CA,6073.0,6073001120.0,Conventional:First Lien,Single Family (1-4 Units):Site-Built,Not Hispanic or Latino,Asian,Female,Loan originated,31,885000.0,65.0,5.85,0.9,2.0,11800.0,4000.0,5000.0,2800.0,2000.0,360.0,0.0,18.0,2.0,2.0,2.0,2.0,885.0,1.0,1.0,1.0,5.0,1.0,,275.0,28.0,1111.0,1111.0,2.0,5.0,2.0,4.0,5.0,8.0,2.0,4.0,1.0,5.0,2,4,35-44,35-44,No,No,1,1.0,
16980,TX,48113.0,48113031700.0,Conventional:First Lien,Single Family (1-4 Units):Site-Built,Hispanic or Latino,White,Male,Application denied,31,395000.0,91.0,7.4,2.8,2.0,8200.0,2600.0,3300.0,1700.0,100.0,360.0,0.0,1.0,2.0,2.0,2.0,2.0,395.0,1.0,1.0,1.0,5.0,1.0,,102.0,46.0,1111.0,1111.0,1.0,5.0,1.0,4.0,1.0,8.0,1.0,4.0,1.0,5.0,1,4,25-34,25-34,No,No,1,1.0,
26420,NY,36001.0,36001000400.0,Conventional:First Lien,Single Family (1-4 Units):Site-Built,Not Hispanic or Latino,Black or African American,Female,Loan originated,31,675000.0,69.0,6.15,1.3,2.0,10600.0,3600.0,4600.0,2500.0,1400.0,360.0,0.0,14.0,2.0,2.0,2.0,2.0,675.0,1.0,1.0,1.0,5.0,1.0,,195.0,33.0,1111.0,1111.0,2.0,5.0,2.0,4.0,3.0,8.0,2.0,4.0,1.0,5.0,2,4,45-54,45-54,No,No,1,1.0,
31080,FL,12011.0,12011010800.0,FHA-insured:First Lien,Single Family (1-4 Units):Site-Built,Hispanic or Latino,White,Male,Loan originated,1,265000.0,97.5,7.0,2.0,1.0,6200.0,1600.0,2000.0,1000.0,900.0,360.0,0.0,0.0,2.0,2.0,2.0,2.0,265.0,1.0,1.0,1.0,5.0,1.0,,62.0,39.0,1111.0,1111.0,1.0,5.0,1.0,4.0,1.0,8.0,1.0,4.0,1.0,5.0,1,4,25-34,25-34,No,No,1,1.0,
14460,CO,8031.0,80310012400.0,Conventional:First Lien,Single Family (1-4 Units):Site-Built,Not Hispanic or Latino,White,Female,Loan originated,31,535000.0,79.0,6.35,1.4,2.0,9000.0,2900.0,3700.0,2000.0,600.0,360.0,0.0,7.0,2.0,2.0,2.0,2.0,535.0,1.0,1.0,1.0,5.0,1.0,,150.0,34.0,1111.0,1111.0,2.0,5.0,2.0,4.0,5.0,8.0,2.0,4.0,1.0,5.0,2,4,35-44,35-44,No,No,1,1.0,
38900,WI,55025.0,55025000400.0,Conventional:Subordinate Lien,Single Family (1-4 Units):Site-Built,Not Hispanic or Latino,Asian,Male,Loan originated,31,115000.0,,7.65,,2.0,4000.0,1700.0,2100.0,1100.0,0.0,180.0,,0.0,2.0,2.0,2.0,2.0,115.0,1.0,1.0,1.0,5.0,1.0,,88.0,41.0,1111.0,1111.0,2.0,5.0,2.0,4.0,5.0,8.0,2.0,4.0,1.0,5.0,2,4,45-54,45-54,No,No,1,1.0,
22020,GA,13089.0,13089000500.0,Conventional:First Lien,Single Family (1-4 Units):Site-Built,Not Hispanic or Latino,White,Male,Loan originated,31,385000.0,87.0,6.85,2.0,2.0,7700.0,2400.0,3000.0,1600.0,500.0,360.0,0.0,4.0,2.0,2.0,2.0,2.0,385.0,1.0,1.0,1.0,5.0,1.0,,108.0,39.0,1111.0,111.0,,,,,,,,,,,,,,,,,,,
35620,CA,370.0,6037203001.0,Conventional:First Lien,Single Family (1-4 Units):Site-Built,Hispanic or Latino,Asian,Male,Loan originated,1,425000.0,0.85,7.125,2.75,0.0,8500.0,2500.0,3500.0,1.5,1500.0,360.0,0.0,0.0,2.0,2.0,2.0,2.0,500000.0,1.0,1.0,3.0,3.0,1.0,,120000.0,0.38,1.0,1.0,1.0,2.0,1.0,2.0,2.0,7.0,1.0,2.0,1.0,1.0,1,1,45-54,35-44,No,No,1,1.0,
16980,TX,2010.0,48201220500.0,FHA-insured:First Lien,Single Family (1-4 Units):Site-Built,Not Hispanic or Latino,Black or African American,Female,Loan originated,1,285000.0,0.96,6.875,0.0,0.0,6500.0,1800.0,2800.0,0.0,800.0,360.0,0.0,0.0,2.0,2.0,2.0,2.0,297000.0,1.0,1.0,3.0,3.0,1.0,,65000.0,0.42,1.0,3.0,2.0,5.0,1.0,5.0,3.0,3.0,1.0,5.0,2.0,2.0,2,2,25-34,9999,No,,1,1.0,
19100,FL,50.0,12005001901.0,VA-guaranteed:First Lien,Single Family (1-4 Units):Site-Built,Not Hispanic or Latino,White,Male,Application denied,1,375000.0,0.9,7.5,3.25,0.0,0.0,0.0,0.0,0.0,0.0,0.0,0.0,0.0,2.0,2.0,2.0,2.0,416000.0,1.0,1.0,3.0,3.0,1.0,,88000.0,0.45,1.0,5.0,2.0,5.0,1.0,5.0,5.0,5.0,1.0,5.0,1.0,5.0,1,5,35-44,9999,No,,1,1.0,
26420,OH,350.0,39035000100.0,Conventional:Subordinate Lien,Single Family (1-4 Units):Site-Built,Hispanic or Latino,White,Female,Loan originated,3,65000.0,0.75,8.25,4.5,0.0,2200.0,1200.0,1500.0,1.0,0.0,180.0,0.0,0.0,2.0,2.0,2.0,2.0,87000.0,1.0,1.0,3.0,3.0,1.0,,72000.0,0.29,1.0,5.0,1.0,5.0,1.0,5.0,5.0,5.0,1.0,5.0,2.0,5.0,2,5,55-64,9999,No,,1,1.0,
31080,WA,330.0,53033001502.0,Conventional:First Lien,Single Family (1-4 Units):Site-Built,Not Hispanic or Latino,Asian,Male,Application withdrawn,1,550000.0,0.8,6.625,1.875,0.0,0.0,0.0,0.0,0.0,0.0,0.0,0.0,0.0,2.0,2.0,2.0,2.0,687500.0,1.0,1.0,3.0,3.0,1.0,,145000.0,0.34,1.0,1.0,2.0,1.0,1.0,1.0,2.0,2.0,1.0,1.0,1.0,1.0,1,1,65-74,60-64,Yes,Yes,1,1.0,
41860,CO,310.0,8031000201.0,Conventional:First Lien,Single Family (1-4 Units):Site-Built,Not Hispanic or Latino,White,Female,Loan originated,1,485000.0,0.82,7.0,2.5,0.0,7800.0,2100.0,3200.0,1.25,1200.0,360.0,0.0,0.0,2.0,2.0,2.0,2.0,591500.0,1.0,1.0,3.0,3.0,1.0,,115000.0,0.36,1.0,1.0,2.0,2.0,1.0,2.0,5.0,5.0,1.0,2.0,2.0,2.0,2,2,45-54,40-49,No,No,1,1.0,
38060,MI,990.0,26199800000.0,Conventional:First Lien,Manufactured Home,Hispanic or Latino,American Indian or Alaska Native,Female,Loan originated,1,125000.0,0.95,9.25,5.75,1.0,4500.0,2500.0,2800.0,2.0,0.0,240.0,0.0,0.0,1.0,1.0,1.0,2.0,131500.0,2.0,1.0,1.0,1.0,1.0,,48000.0,0.52,2.0,5.0,1.0,5.0,1.0,5.0,1.0,5.0,1.0,5.0,2.0,5.0,2,5,35-44,9999,No,,1,1.0,
12060,AZ,130.0,4013080200.0,Conventional:Subordinate Lien,Single Family (1-4 Units):Site-Built,Not Hispanic or Latino,Native Hawaiian or Other Pacific Islander,Male,Loan originated,3,95000.0,0.65,8.75,5.25,0.0,3100.0,1500.0,1800.0,1.5,0.0,180.0,0.0,0.0,2.0,2.0,2.0,2.0,146000.0,1.0,1.0,3.0,3.0,1.0,,62000.0,0.31,1.0,5.0,2.0,5.0,1.0,5.0,4.0,5.0,1.0,5.0,1.0,5.0,1,5,25-34,9999,No,,1,1.0,
47220,OR,510.0,41051021300.0,Conventional:First Lien,Single Family (1-4 Units):Site-Built,Not Hispanic or Latino,White,Male,File closed for incompleteness,1,320000.0,0.88,7.375,3.125,0.0,0.0,0.0,0.0,0.0,0.0,0.0,0.0,0.0,2.0,2.0,2.0,2.0,363000.0,1.0,1.0,3.0,3.0,1.0,,78000.0,0.41,3.0,5.0,2.0,5.0,1.0,5.0,5.0,5.0,1.0,5.0,1.0,5.0,1,5,55-64,9999,Yes,,1,1.0,
19820,GA,630.0,13063000701.0,FHA-insured:First Lien,Single Family (1-4 Units):Site-Built,Hispanic or Latino,Black or African American,Female,Loan originated,1,265000.0,0.96,6.75,0.0,0.0,6200.0,1600.0,2600.0,0.0,700.0,360.0,0.0,0.0,2.0,2.0,2.0,2.0,276000.0,1.0,1.0,3.0,3.0,1.0,,58000.0,0.44,1.0,3.0,1.0,5.0,1.0,5.0,3.0,5.0,1.0,5.0,2.0,5.0,2,5,30-39,25-34,No,No,1,1.0,
45300,NC,1190.0,37119000100.0,Conventional:First Lien,Single Family (1-4 Units):Site-Built,Not Hispanic or Latino,White,Male,Preapproval request denied,1,410000.0,0.83,7.25,2.875,0.0,0.0,0.0,0.0,0.0,0.0,0.0,0.0,0.0,2.0,2.0,2.0,2.0,494000.0,1.0,1.0,3.0,3.0,1.0,,108000.0,0.37,1.0,5.0,2.0,5.0,1.0,5.0,5.0,5.0,1.0,5.0,1.0,5.0,1,5,40-49,35-44,No,No,1,1.0,
41700,SC,190.0,45019020100.0,Conventional:First Lien,Single Family (1-4 Units):Site-Built,Hispanic or Latino,White,Female,Loan originated,1,295000.0,0.78,6.875,1.75,0.0,6800.0,1900.0,2900.0,1.0,1000.0,360.0,0.0,0.0,2.0,2.0,2.0,2.0,378000.0,1.0,1.0,3.0,3.0,1.0,,85000.0,0.33,1.0,1.0,1.0,2.0,1.0,2.0,5.0,2.0,1.0,2.0,2.0,2.0,2,2,35-44,30-39,No,No,1,1.0,
36740,NV,30.0,32003030201.0,Conventional:First Lien,Single Family (1-4 Units):Site-Built,Not Hispanic or Latino,Asian,Female,Loan originated,1,525000.0,0.85,7.5,3.0,0.0,9500.0,2800.0,3800.0,1.5,1600.0,360.0,0.0,0.0,2.0,2.0,2.0,2.0,617000.0,1.0,1.0,3.0,3.0,1.0,,135000.0,0.4,1.0,1.0,2.0,1.0,1.0,1.0,2.0,2.0,1.0,1.0,2.0,1.0,2,1,45-54,40-49,No,No,1,1.0,
41180,TN,370.0,47037080200.0,VA-guaranteed:First Lien,Single Family (1-4 Units):Site-Built,Not Hispanic or Latino,White,Male,Loan originated,1,340000.0,0.92,6.5,0.0,0.0,5800.0,1200.0,2200.0,0.0,500.0,360.0,0.0,0.0,2.0,2.0,2.0,2.0,369000.0,1.0,1.0,3.0,3.0,1.0,,75000.0,0.39,1.0,1.0,2.0,2.0,1.0,2.0,5.0,5.0,1.0,2.0,1.0,2.0,1,2,30-39,25-34,No,No,1,1.0,
22020,IL,430.0,17031815200.0,Conventional:Subordinate Lien,Single Family (1-4 Units):Site-Built,Not Hispanic or Latino,Black or African American,Male,Loan originated,3,75000.0,0.55,9.0,6.0,0.0,2800.0,1300.0,1600.0,1.75,0.0,180.0,0.0,0.0,2.0,2.0,2.0,2.0,136000.0,1.0,1.0,3.0,3.0,1.0,,55000.0,0.28,2.0,5.0,2.0,5.0,1.0,5.0,3.0,5.0,1.0,5.0,1.0,5.0,1,5,50-59,9999,No,,1,1.0,
33460,WI,90.0,55009020100.0,Conventional:First Lien,Single Family (1-4 Units):Site-Built,Hispanic or Latino,White,Female,Application denied,1,275000.0,0.9,7.75,3.5,0.0,0.0,0.0,0.0,0.0,0.0,0.0,0.0,0.0,2.0,2.0,2.0,2.0,305000.0,1.0,1.0,3.0,3.0,1.0,,68000.0,0.46,3.0,5.0,1.0,5.0,1.0,5.0,5.0,5.0,1.0,5.0,2.0,5.0,2,5,25-34,9999,No,,1,1.0,
42660,UT,350.0,49035010200.0,Conventional:First Lien,Single Family (1-4 Units):Site-Built,Not Hispanic or Latino,White,Male,Loan originated,1,455000.0,0.8,6.75,2.25,0.0,8200.0,2400.0,3400.0,1.25,1400.0,360.0,0.0,0.0,2.0,2.0,2.0,2.0,568000.0,1.0,1.0,3.0,3.0,1.0,,125000.0,0.32,1.0,1.0,2.0,2.0,1.0,2.0,5.0,5.0,1.0,2.0,1.0,2.0,1,2,35-44,30-39,No,No,1,1.0,
29540,MO,1890.0,29189012700.0,FHA-insured:First Lien,Single Family (1-4 Units):Site-Built,Not Hispanic or Latino,White,Female,Loan originated,1,235000.0,0.95,6.625,0.0,0.0,5800.0,1400.0,2400.0,0.0,600.0,360.0,0.0,0.0,2.0,2.0,2.0,2.0,247000.0,1.0,1.0,3.0,3.0,1.0,,52000.0,0.43,1.0,3.0,2.0,2.0,1.0,2.0,5.0,2.0,1.0,2.0,2.0,2.0,2,2,40-49,35-44,No,No,1,1.0,
19780,AL,730.0,1073010400.0,Conventional:First Lien,Single Family (1-4 Units):Site-Built,Hispanic or Latino,American Indian or Alaska Native,Male,Application withdrawn,1,195000.0,0.87,7.625,3.375,0.0,0.0,0.0,0.0,0.0,0.0,0.0,0.0,0.0,2.0,2.0,2.0,2.0,224000.0,1.0,1.0,3.0,3.0,1.0,,48000.0,0.47,3.0,5.0,1.0,5.0,1.0,5.0,1.0,5.0,1.0,5.0,1.0,5.0,1,5,30-39,9999,No,,1,1.0,
14460,CT,30.0,9003050100.0,Conventional:First Lien,Single Family (1-4 Units):Site-Built,Not Hispanic or Latino,White,Female,Loan originated,1,385000.0,0.75,6.375,1.5,0.0,7200.0,2000.0,3000.0,0.75,1100.0,360.0,0.0,0.0,2.0,2.0,2.0,2.0,513000.0,1.0,1.0,3.0,3.0,1.0,,105000.0,0.3,1.0,1.0,2.0,2.0,1.0,2.0,5.0,2.0,1.0,2.0,2.0,2.0,2,2,50-59,45-54,No,No,1,1.0,
38900,ME,50.0,23005020100.0,Conventional:Subordinate Lien,Single Family (1-4 Units):Site-Built,Not Hispanic or Latino,Asian,Female,Loan originated,3,55000.0,0.45,8.5,5.75,0.0,2500.0,1100.0,1400.0,1.5,0.0,120.0,0.0,0.0,2.0,2.0,2.0,2.0,122000.0,1.0,1.0,3.0,3.0,1.0,,45000.0,0.25,1.0,5.0,2.0,1.0,1.0,1.0,2.0,1.0,1.0,1.0,2.0,1.0,2,1,60-69,9999,Yes,,1,1.0,
38300,MI,250.0,26125230000.0,Conventional:First Lien,Manufactured Home,Hispanic or Latino,Black or African American,Female,Loan originated,1,95000.0,0.98,10.25,6.5,1.0,3800.0,2000.0,2300.0,2.25,0.0,240.0,0.0,0.0,1.0,1.0,1.0,2.0,97000.0,2.0,1.0,1.0,2.0,1.0,,38000.0,0.55,2.0,5.0,1.0,5.0,1.0,5.0,3.0,5.0,1.0,5.0,2.0,5.0,2,5,40-49,9999,No,,1,1.0,
29820,MS,1130.0,28113030600.0,Conventional:First Lien,Single Family (1-4 Units):Site-Built,Not Hispanic or Latino,White,Male,Loan originated,1,185000.0,0.82,7.125,2.875,0.0,5200.0,1300.0,2100.0,1.0,800.0,360.0,0.0,0.0,2.0,2.0,2.0,2.0,225000.0,1.0,1.0,3.0,3.0,1.0,,46000.0,0.4,1.0,3.0,2.0,2.0,1.0,2.0,5.0,2.0,1.0,2.0,1.0,2.0,1,2,35-44,30-39,No,No,1,1.0,
24260,IN,570.0,18057961100.0,Conventional:First Lien,Single Family (1-4 Units):Site-Built,Hispanic or Latino,White,Male,Preapproval request approved but not accepted,1,315000.0,0.88,7.0,3.0,0.0,0.0,0.0,0.0,0.0,0.0,0.0,0.0,0.0,2.0,2.0,2.0,2.0,358000.0,1.0,1.0,3.0,3.0,1.0,,82000.0,0.42,1.0,5.0,1.0,2.0,1.0,2.0,5.0,2.0,1.0,2.0,1.0,2.0,1,2,45-54,40-49,No,No,1,1.0,
47580,OR,670.0,41067012500.0,Conventional:First Lien,Single Family (1-4 Units):Site-Built,Not Hispanic or Latino,Native Hawaiian or Other Pacific Islander,Female,Loan originated,1,395000.0,0.78,6.75,2.125,0.0,7600.0,2200.0,3200.0,1.0,1200.0,360.0,0.0,0.0,2.0,2.0,2.0,2.0,506000.0,1.0,1.0,3.0,3.0,1.0,,98000.0,0.34,1.0,1.0,2.0,5.0,1.0,5.0,4.0,5.0,1.0,5.0,2.0,5.0,2,5,35-44,30-39,No,No,1,1.0,
10420,AZ,210.0,4021000800.0,VA-guaranteed:First Lien,Single Family (1-4 Units):Site-Built,Not Hispanic or Latino,White,Male,Loan originated,1,420000.0,0.93,6.375,0.0,0.0,6800.0,1400.0,2400.0,0.0,600.0,360.0,0.0,0.0,2.0,2.0,2.0,2.0,451000.0,1.0,1.0,3.0,3.0,1.0,,92000.0,0.37,1.0,1.0,2.0,2.0,1.0,2.0,5.0,2.0,1.0,2.0,1.0,2.0,1,2,30-39,25-34,No,No,1,1.0,
23420,ID,10.0,16001020500.0,Conventional:Subordinate Lien,Single Family (1-4 Units):Site-Built,Not Hispanic or Latino,American Indian or Alaska Native,Male,Loan originated,3,68000.0,0.6,9.25,6.25,0.0,2900.0,1400.0,1700.0,1.75,0.0,180.0,0.0,0.0,2.0,2.0,2.0,2.0,113000.0,1.0,1.0,3.0,3.0,1.0,,51000.0,0.3,2.0,5.0,2.0,1.0,1.0,1.0,1.0,1.0,1.0,1.0,1.0,1.0,1,1,50-59,9999,No,,1,1.0,
24500,IL,310.0,17031800100.0,Conventional:First Lien,Single Family (1-4 Units):Site-Built,Hispanic or Latino,Black or African American,Female,Application denied,1,365000.0,0.91,7.875,3.625,0.0,0.0,0.0,0.0,0.0,0.0,0.0,0.0,0.0,2.0,2.0,2.0,2.0,401000.0,1.0,1.0,3.0,3.0,1.0,,88000.0,0.48,3.0,5.0,1.0,5.0,1.0,5.0,3.0,5.0,1.0,5.0,2.0,5.0,2,5,25-34,9999,No,,1,1.0,
35620,CA,710.0,6071010100.0,Conventional:First Lien,Single Family (1-4 Units):Site-Built,Not Hispanic or Latino,Asian,Male,Loan originated,1,625000.0,0.72,6.5,1.75,0.0,10500.0,3200.0,4200.0,1.5,1800.0,360.0,0.0,0.0,2.0,2.0,2.0,2.0,868000.0,1.0,1.0,3.0,3.0,1.0,,165000.0,0.28,1.0,1.0,2.0,1.0,1.0,1.0,2.0,1.0,1.0,1.0,1.0,1.0,1,1,40-49,35-44,No,No,1,1.0,
13820,CA,290.0,6029020600.0,FHA-insured:First Lien,Single Family (1-4 Units):Site-Built,Hispanic or Latino,White,Male,Loan originated,1,315000.0,0.97,6.875,0.0,0.0,6400.0,1500.0,2500.0,0.0,700.0,360.0,0.0,0.0,2.0,2.0,2.0,2.0,325000.0,1.0,1.0,3.0,3.0,1.0,,68000.0,0.44,1.0,3.0,1.0,2.0,1.0,2.0,5.0,2.0,1.0,2.0,1.0,2.0,1,2,30-39,25-34,No,No,1,1.0,
33100,TX,850.0,48085970500.0,Conventional:First Lien,Single Family (1-4 Units):Site-Built,Not Hispanic or Latino,White,Female,File closed for incompleteness,1,275000.0,0.89,7.625,3.25,0.0,0.0,0.0,0.0,0.0,0.0,0.0,0.0,0.0,2.0,2.0,2.0,2.0,309000.0,1.0,1.0,3.0,3.0,1.0,,65000.0,0.43,3.0,5.0,2.0,2.0,1.0,2.0,5.0,2.0,1.0,2.0,2.0,2.0,2,2,35-44,9999,No,,1,1.0,
12060,AZ,130.0,4013001500.0,Conventional:Subordinate Lien,Single Family (1-4 Units):Site-Built,Hispanic or Latino,Asian,Male,Loan originated,3,85000.0,0.7,8.875,5.5,0.0,3200.0,1600.0,1900.0,1.5,0.0,180.0,0.0,0.0,2.0,2.0,2.0,2.0,121000.0,1.0,1.0,3.0,3.0,1.0,,58000.0,0.33,1.0,5.0,1.0,1.0,1.0,1.0,2.0,1.0,1.0,1.0,1.0,1.0,1,1,40-49,9999,No,,1,1.0,
14460,CT,30.0,9003040200.0,Conventional:First Lien,Single Family (1-4 Units):Site-Built,Not Hispanic or Latino,White,Male,Loan originated,1,425000.0,0.77,6.375,1.625,0.0,8100.0,2300.0,3300.0,1.0,1300.0,360.0,0.0,0.0,2.0,2.0,2.0,2.0,552000.0,1.0,1.0,3.0,3.0,1.0,,118000.0,0.31,1.0,1.0,2.0,2.0,1.0,2.0,5.0,2.0,1.0,2.0,1.0,2.0,1,2,50-59,45-54,No,No,1,1.0,
19740,FL,50.0,12005010300.0,VA-guaranteed:First Lien,Single Family (1-4 Units):Site-Built,Not Hispanic or Latino,Black or African American,Female,Loan originated,1,295000.0,0.94,6.25,0.0,0.0,5900.0,1100.0,2100.0,0.0,400.0,360.0,0.0,0.0,2.0,2.0,2.0,2.0,314000.0,1.0,1.0,3.0,3.0,1.0,,62000.0,0.4,1.0,1.0,2.0,3.0,1.0,3.0,3.0,3.0,1.0,3.0,2.0,3.0,2,3,35-44,30-39,No,No,1,1.0,
24330,IN,1410.0,18141000100.0,Conventional:First Lien,Single Family (1-4 Units):Site-Built,Hispanic or Latino,White,Male,Application withdrawn,1,245000.0,0.86,7.5,3.125,0.0,0.0,0.0,0.0,0.0,0.0,0.0,0.0,0.0,2.0,2.0,2.0,2.0,285000.0,1.0,1.0,3.0,3.0,1.0,,58000.0,0.45,1.0,5.0,1.0,2.0,1.0,2.0,5.0,2.0,1.0,2.0,1.0,2.0,1,2,45-54,40-49,No,No,1,1.0,
38940,ME,110.0,23011020100.0,Conventional:First Lien,Single Family (1-4 Units):Site-Built,Not Hispanic or Latino,Asian,Female,Loan originated,1,285000.0,0.73,6.625,2.0,0.0,6700.0,1800.0,2700.0,1.0,900.0,360.0,0.0,0.0,2.0,2.0,2.0,2.0,390000.0,1.0,1.0,3.0,3.0,1.0,,75000.0,0.29,1.0,1.0,2.0,1.0,1.0,1.0,2.0,1.0,1.0,1.0,2.0,1.0,2,1,55-64,50-59,Yes,No,1,1.0,
27180,OH,930.0,39093010800.0,Conventional:Subordinate Lien,Single Family (1-4 Units):Site-Built,Not Hispanic or Latino,White,Male,Loan originated,3,72000.0,0.5,9.5,6.75,0.0,2600.0,1200.0,1500.0,1.5,0.0,150.0,0.0,0.0,2.0,2.0,2.0,2.0,144000.0,1.0,1.0,3.0,3.0,1.0,,49000.0,0.27,2.0,5.0,2.0,2.0,1.0,2.0,5.0,2.0,1.0,2.0,1.0,2.0,1,2,60-69,9999,Yes,,1,1.0,
41180,TN,1650.0,47165010300.0,FHA-insured:First Lien,Single Family (1-4 Units):Site-Built,Hispanic or Latino,Black or African American,Female,Loan originated,1,225000.0,0.98,6.875,0.0,0.0,5400.0,1300.0,2300.0,0.0,600.0,360.0,0.0,0.0,2.0,2.0,2.0,2.0,230000.0,1.0,1.0,3.0,3.0,1.0,,48000.0,0.46,1.0,3.0,1.0,5.0,1.0,5.0,3.0,5.0,1.0,5.0,2.0,5.0,2,5,30-39,25-34,No,No,1,1.0,
35620,CA,370.0,6037203005.0,Conventional:First Lien,Single Family (1-4 Units):Site-Built,Not Hispanic or Latino,Native Hawaiian or Other Pacific Islander,Male,Loan originated,1,585000.0,0.68,6.375,1.5,0.0,9800.0,2900.0,3900.0,1.25,1700.0,360.0,0.0,0.0,2.0,2.0,2.0,2.0,860000.0,1.0,1.0,3.0,3.0,1.0,,155000.0,0.26,1.0,1.0,2.0,4.0,1.0,4.0,4.0,4.0,1.0,4.0,1.0,4.0,1,4,40-49,35-44,No,No,1,1.0,
41860,CO,590.0,8059090500.0,Conventional:First Lien,Single Family (1-4 Units):Site-Built,Not Hispanic or Latino,White,Female,Application denied,1,395000.0,0.84,7.125,2.75,0.0,0.0,0.0,0.0,0.0,0.0,0.0,0.0,0.0,2.0,2.0,2.0,2.0,470000.0,1.0,1.0,3.0,3.0,1.0,,95000.0,0.38,3.0,5.0,2.0,2.0,1.0,2.0,5.0,2.0,1.0,2.0,2.0,2.0,2,2,35-44,9999,No,,1,1.0,
47260,PA,450.0,42045030100.0,Conventional:First Lien,Single Family (1-4 Units):Site-Built,Hispanic or Latino,White,Male,Loan originated,1,335000.0,0.79,6.75,2.125,0.0,7300.0,2000.0,3000.0,1.0,1100.0,360.0,0.0,0.0,2.0,2.0,2.0,2.0,424000.0,1.0,1.0,3.0,3.0,1.0,,88000.0,0.34,1.0,1.0,1.0,2.0,1.0,2.0,5.0,2.0,1.0,2.0,1.0,2.0,1,2,45-54,40-49,No,No,1,1.0,
38060,MI,1630.0,26163424000.0,Conventional:First Lien,Manufactured Home,Not Hispanic or Latino,Asian,Female,Loan originated,1,110000.0,0.92,9.75,6.0,1.0,4100.0,2200.0,2500.0,2.0,0.0,240.0,0.0,0.0,1.0,1.0,1.0,2.0,120000.0,2.0,1.0,1.0,1.0,1.0,,42000.0,0.54,2.0,5.0,2.0,1.0,1.0,1.0,2.0,1.0,1.0,1.0,2.0,1.0,2,1,50-59,9999,No,,1,1.0,
36740,NV,310.0,32031060300.0,Conventional:Subordinate Lien,Single Family (1-4 Units):Site-Built,Hispanic or Latino,Black or African American,Male,Loan originated,3,58000.0,0.52,9.75,6.5,0.0,2400.0,1100.0,1400.0,1.5,0.0,120.0,0.0,0.0,2.0,2.0,2.0,2.0,112000.0,1.0,1.0,3.0,3.0,1.0,,44000.0,0.29,2.0,5.0,1.0,5.0,1.0,5.0,3.0,5.0,1.0,5.0,1.0,5.0,1,5,55-64,9999,Yes,,1,1.0,
12060,AZ,210.0,4021020500.0,Conventional:First Lien,Single Family (1-4 Units):Site-Built,Not Hispanic or Latino,White,Male,Preapproval request denied,1,355000.0,0.81,7.0,2.625,0.0,0.0,0.0,0.0,0.0,0.0,0.0,0.0,0.0,2.0,2.0,2.0,2.0,438000.0,1.0,1.0,3.0,3.0,1.0,,92000.0,0.36,1.0,5.0,2.0,2.0,1.0,2.0,5.0,2.0,1.0,2.0,1.0,2.0,1,2,40-49,35-44,No,No,1,1.0,
14460,CT,90.0,9009040100.0,Conventional:First Lien,Single Family (1-4 Units):Site-Built,Not Hispanic or Latino,White,Female,Loan originated,1,475000.0,0.74,6.25,1.375,0.0,8600.0,2500.0,3500.0,1.0,1400.0,360.0,0.0,0.0,2.0,2.0,2.0,2.0,642000.0,1.0,1.0,3.0,3.0,1.0,,128000.0,0.29,1.0,1.0,2.0,2.0,1.0,2.0,5.0,2.0,1.0,2.0,2.0,2.0,2,2,50-59,45-54,No,No,1,1.0,
19100,FL,530.0,12053001200.0,VA-guaranteed:First Lien,Single Family (1-4 Units):Site-Built,Hispanic or Latino,White,Male,Loan originated,1,315000.0,0.91,6.125,0.0,0.0,6100.0,1200.0,2200.0,0.0,500.0,360.0,0.0,0.0,2.0,2.0,2.0,2.0,346000.0,1.0,1.0,3.0,3.0,1.0,,72000.0,0.38,1.0,1.0,1.0,2.0,1.0,2.0,5.0,2.0,1.0,2.0,1.0,2.0,1,2,35-44,30-39,No,No,1,1.0,
24330,IN,570.0,18057012200.0,Conventional:First Lien,Single Family (1-4 Units):Site-Built,Not Hispanic or Latino,Black or African American,Female,Application withdrawn,1,265000.0,0.89,7.75,3.375,0.0,0.0,0.0,0.0,0.0,0.0,0.0,0.0,0.0,2.0,2.0,2.0,2.0,298000.0,1.0,1.0,3.0,3.0,1.0,,65000.0,0.44,1.0,5.0,2.0,5.0,1.0,5.0,3.0,5.0,1.0,5.0,2.0,5.0,2,5,30-39,25-34,No,No,1,1.0,
38940,ME,50.0,23005030200.0,Conventional:First Lien,Single Family (1-4 Units):Site-Built,Not Hispanic or Latino,Asian,Male,Loan originated,1,315000.0,0.71,6.5,1.875,0.0,7100.0,1900.0,2900.0,1.0,1000.0,360.0,0.0,0.0,2.0,2.0,2.0,2.0,443000.0,1.0,1.0,3.0,3.0,1.0,,82000.0,0.31,1.0,1.0,2.0,1.0,1.0,1.0,2.0,1.0,1.0,1.0,1.0,1.0,1,1,55-64,50-59,Yes,No,1,1.0,
27180,OH,350.0,39035020400.0,Conventional:Subordinate Lien,Single Family (1-4 Units):Site-Built,Hispanic or Latino,White,Male,Loan originated,3,65000.0,0.58,8.875,5.625,0.0,2700.0,1300.0,1600.0,1.25,0.0,180.0,0.0,0.0,2.0,2.0,2.0,2.0,112000.0,1.0,1.0,3.0,3.0,1.0,,51000.0,0.31,2.0,5.0,1.0,2.0,1.0,2.0,5.0,2.0,1.0,2.0,1.0,2.0,1,2,65,,,,,,
35620,NY,36001.0,36001980400.0,Conventional:First Lien,Single Family (1-4 Units):Site-Built,Not Hispanic or Latino,White,Female,Loan originated,1,485000.0,85.0,6.75,2.5,0.0,8500.0,3500.0,2800.0,1.5,1200.0,360.0,0.0,0.0,2.0,2.0,2.0,2.0,485000.0,1.0,1.0,3.0,5.0,1.0,,120000.0,38.0,1.0,1.0,2.0,5.0,2.0,4.0,5.0,8.0,2.0,4.0,2.0,5.0,2,4,45-54,35-44,No,No,1,1.0,
31080,CA,6073.0,6073019502.0,FHA:First Lien,Single Family (1-4 Units):Site-Built,Hispanic or Latino,Asian,Male,Loan originated,1,625000.0,96.5,7.25,3.0,0.0,12000.0,5000.0,4200.0,2.0,1800.0,360.0,0.0,0.0,2.0,2.0,2.0,2.0,650000.0,1.0,1.0,3.0,5.0,1.0,,98000.0,42.0,1.0,1.0,1.0,1.0,1.0,1.0,2.0,2.0,1.0,1.0,1.0,1.0,1,1,35-44,25-34,No,No,1,1.0,
16980,TX,48113.0,48113010504.0,VA:First Lien,Single Family (1-4 Units):Site-Built,Not Hispanic or Latino,Black or African American,Female,Loan originated,1,320000.0,100.0,6.25,2.0,0.0,7500.0,2800.0,2200.0,1.0,800.0,360.0,0.0,0.0,2.0,2.0,2.0,2.0,320000.0,1.0,1.0,3.0,5.0,1.0,,75000.0,32.0,1.0,1.0,2.0,2.0,2.0,4.0,3.0,3.0,2.0,4.0,2.0,4.0,2,4,25-34,25-34,No,No,1,1.0,
19100,IL,17031.0,17031800100.0,Conventional:First Lien,Single Family (1-4 Units):Site-Built,Not Hispanic or Latino,White,Male,Application denied,1,275000.0,75.0,7.5,4.0,0.0,6500.0,3000.0,2500.0,1.5,1000.0,360.0,0.0,0.0,2.0,2.0,2.0,2.0,275000.0,1.0,1.0,3.0,5.0,1.0,,85000.0,45.0,1.0,1.0,2.0,2.0,2.0,4.0,5.0,8.0,2.0,4.0,2.0,4.0,2,4,35-44,45-54,No,No,1,1.0,
26420,FL,12011.0,12011070302.0,Conventional:Subordinate Lien,Single Family (1-4 Units):Site-Built,Hispanic or Latino,White,Female,Loan originated,3,75000.0,,8.5,5.0,1.0,4500.0,2000.0,1500.0,1.0,500.0,180.0,0.0,0.0,2.0,2.0,2.0,2.0,300000.0,1.0,1.0,3.0,5.0,1.0,,65000.0,28.0,1.0,1.0,1.0,2.0,1.0,4.0,5.0,8.0,1.0,4.0,1.0,4.0,1,4,45-54,35-44,No,No,1,1.0,
41860,WA,53033.0,53033021901.0,Conventional:First Lien,Single Family (1-4 Units):Site-Built,Not Hispanic or Latino,Asian,Male,Loan originated,1,750000.0,80.0,6.5,2.25,0.0,9500.0,4000.0,3500.0,1.75,1500.0,360.0,0.0,0.0,2.0,2.0,2.0,2.0,750000.0,1.0,1.0,3.0,5.0,1.0,,150000.0,36.0,1.0,1.0,2.0,2.0,2.0,4.0,2.0,2.0,2.0,4.0,2.0,4.0,2,4,35-44,35-44,No,No,1,1.0,
38060,CO,8031.0,80310010100.0,Conventional:First Lien,Single Family (1-4 Units):Site-Built,Not Hispanic or Latino,White,Female,Application withdrawn,1,550000.0,85.0,7.0,3.0,0.0,8000.0,3500.0,3000.0,1.5,1200.0,360.0,0.0,0.0,2.0,2.0,2.0,2.0,550000.0,1.0,1.0,3.0,5.0,1.0,,115000.0,40.0,1.0,1.0,2.0,2.0,2.0,4.0,5.0,8.0,2.0,4.0,2.0,4.0,2,4,45-54,45-54,No,No,1,1.0,
12060,AZ,4013.0,40130100100.0,FHA:First Lien,Single Family (1-4 Units):Site-Built,Hispanic or Latino,American Indian or Alaska Native,Male,Loan originated,1,425000.0,96.5,7.0,3.25,0.0,11000.0,4800.0,4000.0,2.25,2000.0,360.0,0.0,0.0,2.0,2.0,2.0,2.0,425000.0,1.0,1.0,3.0,5.0,1.0,,88000.0,44.0,1.0,1.0,1.0,1.0,1.0,1.0,1.0,1.0,1.0,1.0,1.0,1.0,1,1,25-34,25-34,No,No,1,1.0,
14460,MA,25021.0,25021030202.0,Conventional:First Lien,Single Family (1-4 Units):Site-Built,Not Hispanic or Latino,Black or African American,Female,Loan originated,1,615000.0,75.0,6.25,1.75,0.0,8800.0,3800.0,3200.0,1.25,1400.0,360.0,0.0,0.0,2.0,2.0,2.0,2.0,615000.0,1.0,1.0,3.0,5.0,1.0,,135000.0,34.0,1.0,1.0,2.0,2.0,2.0,4.0,3.0,3.0,2.0,4.0,2.0,4.0,2,4,35-44,35-44,No,No,1,1.0,
33100,NC,37119.0,37119010100.0,VA:First Lien,Single Family (1-4 Units):Site-Built,Not Hispanic or Latino,White,Male,File closed for incompleteness,1,295000.0,100.0,6.0,1.5,0.0,6800.0,2500.0,2000.0,1.0,600.0,360.0,0.0,0.0,2.0,2.0,2.0,2.0,295000.0,1.0,1.0,3.0,5.0,1.0,,72000.0,30.0,1.0,1.0,2.0,2.0,2.0,4.0,5.0,8.0,2.0,4.0,2.0,4.0,2,4,25-34,25-34,No,No,1,1.0,
38900,MI,26163.0,26163010100.0,Conventional:First Lien,Single Family (1-4 Units):Site-Built,Not Hispanic or Latino,White,Female,Loan originated,1,385000.0,82.0,6.75,2.5,0.0,7800.0,3200.0,2700.0,1.5,1100.0,360.0,0.0,0.0,2.0,2.0,2.0,2.0,385000.0,1.0,1.0,3.0,5.0,1.0,,95000.0,38.0,1.0,1.0,2.0,2.0,2.0,4.0,5.0,8.0,2.0,4.0,2.0,4.0,2,4,45-54,35-44,No,No,1,1.0,
37980,OH,39017.0,39017010100.0,Conventional:Subordinate Lien,Single Family (1-4 Units):Site-Built,Hispanic or Latino,Asian,Female,Loan originated,3,95000.0,,9.0,6.0,1.0,5200.0,2200.0,1800.0,1.25,700.0,180.0,0.0,0.0,2.0,2.0,2.0,2.0,380000.0,1.0,1.0,3.0,5.0,1.0,,78000.0,35.0,1.0,1.0,1.0,2.0,1.0,4.0,2.0,2.0,1.0,4.0,1.0,4.0,1,4,35-44,45-54,No,No,1,1.0,
38300,OK,40109.0,40109010100.0,Conventional:First Lien,Single Family (1-4 Units):Site-Built,Not Hispanic or Latino,White,Male,Application denied,1,245000.0,70.0,8.25,5.0,0.0,5800.0,2800.0,2300.0,1.5,900.0,360.0,0.0,0.0,2.0,2.0,2.0,2.0,245000.0,1.0,1.0,3.0,5.0,1.0,,62000.0,48.0,1.0,1.0,2.0,2.0,2.0,4.0,5.0,8.0,2.0,4.0,2.0,4.0,2,4,55-64,45-54,Yes,No,1,1.0,
40900,TN,47037.0,47037010100.0,USDA:First Lien,Single Family (1-4 Units):Site-Built,Not Hispanic or Latino,White,Female,Loan originated,1,225000.0,100.0,5.75,1.0,0.0,6500.0,2800.0,2200.0,1.0,500.0,360.0,0.0,0.0,2.0,2.0,2.0,2.0,225000.0,1.0,1.0,3.0,5.0,1.0,,58000.0,28.0,1.0,1.0,2.0,2.0,2.0,4.0,5.0,8.0,2.0,4.0,2.0,4.0,2,4,25-34,25-34,No,No,1,1.0,
42660,WI,55131.0,55131010100.0,Conventional:First Lien,Single Family (1-4 Units):Site-Built,Not Hispanic or Latino,Black or African American,Male,Loan originated,1,315000.0,88.0,6.5,2.25,0.0,7200.0,3000.0,2500.0,1.25,1000.0,360.0,0.0,0.0,2.0,2.0,2.0,2.0,315000.0,1.0,1.0,3.0,5.0,1.0,,82000.0,32.0,1.0,1.0,2.0,2.0,2.0,4.0,3.0,3.0,2.0,4.0,2.0,4.0,2,4,35-44,35-44,No,No,1,1.0,
19740,OR,41051.0,41051010100.0,Conventional:First Lien,Single Family (1-4 Units):Site-Built,Not Hispanic or Latino,White,Female,Application approved but not accepted,1,485000.0,78.0,6.25,2.0,0.0,8500.0,3600.0,3000.0,1.5,1300.0,360.0,0.0,0.0,2.0,2.0,2.0,2.0,485000.0,1.0,1.0,3.0,5.0,1.0,,108000.0,36.0,1.0,1.0,2.0,2.0,2.0,4.0,5.0,8.0,2.0,4.0,2.0,4.0,2,4,45-54,35-44,No,No,1,1.0,
22220,SC,45019.0,45019010100.0,Conventional:First Lien,Single Family (1-4 Units):Site-Built,Hispanic or Latino,White,Male,Loan originated,1,365000.0,85.0,7.0,3.0,0.0,7800.0,3400.0,2800.0,1.75,1200.0,360.0,0.0,0.0,2.0,2.0,2.0,2.0,365000.0,1.0,1.0,3.0,5.0,1.0,,92000.0,40.0,1.0,1.0,1.0,2.0,1.0,4.0,5.0,8.0,1.0,4.0,1.0,4.0,1,4,35-44,25-34,No,No,1,1.0,
30100,NJ,34023.0,34023010100.0,Conventional:First Lien,Single Family (1-4 Units):Site-Built,Not Hispanic or Latino,Asian,Female,Loan originated,1,685000.0,75.0,5.75,1.5,0.0,10200.0,4200.0,3600.0,1.5,1600.0,360.0,0.0,0.0,2.0,2.0,2.0,2.0,685000.0,1.0,1.0,3.0,5.0,1.0,,165000.0,32.0,1.0,1.0,2.0,2.0,2.0,4.0,2.0,2.0,2.0,4.0,2.0,4.0,2,4,35-44,35-44,No,No,1,1.0,
45300,UT,49035.0,49035010100.0,Conventional:First Lien,Single Family (1-4 Units):Site-Built,Not Hispanic or Latino,White,Male,Loan originated,1,525000.0,90.0,6.75,2.75,0.0,8900.0,3800.0,3200.0,1.5,1400.0,360.0,0.0,0.0,2.0,2.0,2.0,2.0,525000.0,1.0,1.0,3.0,5.0,1.0,,125000.0,42.0,1.0,1.0,2.0,2.0,2.0,4.0,5.0,8.0,2.0,4.0,2.0,4.0,2,4,25-34,25-34,No,No,1,1.0,
47580,VA,51700.0,51700010100.0,VA:First Lien,Single Family (1-4 Units):Site-Built,Not Hispanic or Latino,Black or African American,Female,Loan originated,1,425000.0,100.0,5.875,1.75,0.0,8200.0,3500.0,2900.0,1.25,1100.0,360.0,0.0,0.0,2.0,2.0,2.0,2.0,425000.0,1.0,1.0,3.0,5.0,1.0,,95000.0,34.0,1.0,1.0,2.0,2.0,2.0,4.0,3.0,3.0,2.0,4.0,2.0,4.0,2,4,35-44,35-44,No,No,1,1.0,
49020,WA,53063.0,53063010100.0,Conventional:First Lien,Single Family (1-4 Units):Site-Built,Not Hispanic or Latino,White,Male,Application denied,1,795000.0,85.0,7.25,3.5,0.0,11500.0,4800.0,4000.0,2.0,1800.0,360.0,0.0,0.0,2.0,2.0,2.0,2.0,795000.0,1.0,1.0,3.0,5.0,1.0,,180000.0,48.0,1.0,1.0,2.0,2.0,2.0,4.0,5.0,8.0,2.0,4.0,2.0,4.0,2,4,45-54,45-54,No,No,1,1.0,
51700,NV,32003.0,32003010100.0,Conventional:First Lien,Single Family (1-4 Units):Site-Built,Hispanic or Latino,Asian,Male,Loan originated,1,485000.0,82.0,6.875,2.75,0.0,9200.0,3900.0,3300.0,1.75,1500.0,360.0,0.0,0.0,2.0,2.0,2.0,2.0,485000.0,1.0,1.0,3.0,5.0,1.0,,115000.0,38.0,1.0,1.0,1.0,2.0,1.0,4.0,2.0,2.0,1.0,4.0,1.0,4.0,1,4,35-44,35-44,No,No,1,1.0,
54860,CA,6075.0,6075010100.0,FHA:First Lien,Single Family (1-4 Units):Site-Built,Not Hispanic or Latino,White,Female,Loan originated,1,725000.0,96.5,7.125,3.25,0.0,13500.0,5500.0,4600.0,2.5,2200.0,360.0,0.0,0.0,2.0,2.0,2.0,2.0,725000.0,1.0,1.0,3.0,5.0,1.0,,145000.0,44.0,1.0,1.0,2.0,2.0,2.0,4.0,5.0,8.0,2.0,4.0,2.0,4.0,2,4,35-44,25-34,No,No,1,1.0,
57980,TX,48113.0,48113010505.0,Conventional:Subordinate Lien,Single Family (1-4 Units):Site-Built,Not Hispanic or Latino,White,Male,Loan originated,3,125000.0,,8.75,5.5,1.0,5800.0,2500.0,2000.0,1.5,800.0,180.0,0.0,0.0,2.0,2.0,2.0,2.0,500000.0,1.0,1.0,3.0,5.0,1.0,,95000.0,30.0,1.0,1.0,2.0,2.0,2.0,4.0,5.0,8.0,2.0,4.0,2.0,4.0,2,4,45-54,35-44,No,No,1,1.0,
60100,FL,12011.0,12011070303.0,Conventional:First Lien,Single Family (1-4 Units):Site-Built,Hispanic or Latino,Black or African American,Female,Loan originated,1,385000.0,88.0,7.125,3.25,0.0,8200.0,3600.0,3000.0,1.75,1300.0,360.0,0.0,0.0,2.0,2.0,2.0,2.0,385000.0,1.0,1.0,3.0,5.0,1.0,,88000.0,42.0,1.0,1.0,1.0,2.0,1.0,4.0,3.0,3.0,1.0,4.0,1.0,4.0,1,4,25-34,25-34,No,No,1,1.0,
62380,CO,8031.0,80310010200.0,Conventional:First Lien,Single Family (1-4 Units):Site-Built,Not Hispanic or Latino,White,Male,Application approved but not accepted,1,625000.0,80.0,6.375,2.0,0.0,9500.0,4000.0,3400.0,1.5,1500.0,360.0,0.0,0.0,2.0,2.0,2.0,2.0,625000.0,1.0,1.0,3.0,5.0,1.0,,140000.0,36.0,1.0,1.0,2.0,2.0,2.0,4.0,5.0,8.0,2.0,4.0,2.0,4.0,2,4,35-44,35-44,No,No,1,1.0,
64620,AZ,4013.0,40130100200.0,VA:First Lien,Single Family (1-4 Units):Site-Built,Not Hispanic or Latino,White,Female,Loan originated,1,395000.0,100.0,5.75,1.25,0.0,7800.0,3200.0,2600.0,1.25,1000.0,360.0,0.0,0.0,2.0,2.0,2.0,2.0,395000.0,1.0,1.0,3.0,5.0,1.0,,88000.0,30.0,1.0,1.0,2.0,2.0,2.0,4.0,5.0,8.0,2.0,4.0,2.0,4.0,2,4,35-44,25-34,No,No,1,1.0,
66880,MA,25021.0,25021030203.0,Conventional:First Lien,Single Family (1-4 Units):Site-Built,Not Hispanic or Latino,Asian,Male,Loan originated,1,725000.0,78.0,5.875,1.75,0.0,10800.0,4500.0,3800.0,1.75,1700.0,360.0,0.0,0.0,2.0,2.0,2.0,2.0,725000.0,1.0,1.0,3.0,5.0,1.0,,165000.0,34.0,1.0,1.0,2.0,2.0,2.0,4.0,2.0,2.0,2.0,4.0,2.0,4.0,2,4,35-44,35-44,No,No,1,1.0,
69140,NC,37119.0,37119010200.0,Conventional:First Lien,Single Family (1-4 Units):Site-Built,Not Hispanic or Latino,White,Female,Application denied,1,345000.0,75.0,7.75,4.25,0.0,7200.0,3200.0,2600.0,1.5,1100.0,360.0,0.0,0.0,2.0,2.0,2.0,2.0,345000.0,1.0,1.0,3.0,5.0,1.0,,82000.0,46.0,1.0,1.0,2.0,2.0,2.0,4.0,5.0,8.0,2.0,4.0,2.0,4.0,2,4,45-54,35-44,No,No,1,1.0,
71400,WA,53033.0,53033022000.0,Conventional:Subordinate Lien,Single Family (1-4 Units):Site-Built,Hispanic or Latino,White,Female,Loan originated,3,85000.0,,9.25,6.25,1.0,4800.0,2000.0,1600.0,1.0,600.0,180.0,0.0,0.0,2.0,2.0,2.0,2.0,340000.0,1.0,1.0,3.0,5.0,1.0,,72000.0,32.0,1.0,1.0,1.0,2.0,1.0,4.0,5.0,8.0,1.0,4.0,1.0,4.0,1,4,35-44,45-54,No,No,1,1.0,
73660,MI,26163.0,26163010200.0,Conventional:First Lien,Single Family (1-4 Units):Site-Built,Not Hispanic or Latino,Black or African American,Male,Loan originated,1,295000.0,82.0,6.625,2.25,0.0,6800.0,2900.0,2400.0,1.25,950.0,360.0,0.0,0.0,2.0,2.0,2.0,2.0,295000.0,1.0,1.0,3.0,5.0,1.0,,75000.0,36.0,1.0,1.0,2.0,2.0,2.0,4.0,3.0,3.0,2.0,4.0,2.0,4.0,2,4,25-34,25-34,No,No,1,1.0,
75920,OR,41051.0,41051010200.0,FHA:First Lien,Single Family (1-4 Units):Site-Built,Not Hispanic or Latino,White,Female,Loan originated,1,525000.0,96.5,6.875,3.0,0.0,11800.0,4800.0,4000.0,2.0,1800.0,360.0,0.0,0.0,2.0,2.0,2.0,2.0,525000.0,1.0,1.0,3.0,5.0,1.0,,105000.0,42.0,1.0,1.0,2.0,2.0,2.0,4.0,5.0,8.0,2.0,4.0,2.0,4.0,2,4,35-44,25-34,No,No,1,1.0,
78180,SC,45019.0,45019010200.0,Conventional:First Lien,Single Family (1-4 Units):Site-Built,Hispanic or Latino,Asian,Male,Application withdrawn,1,415000.0,85.0,7.125,3.25,0.0,8200.0,3500.0,2900.0,1.75,1250.0,360.0,0.0,0.0,2.0,2.0,2.0,2.0,415000.0,1.0,1.0,3.0,5.0,1.0,,98000.0,40.0,1.0,1.0,1.0,2.0,1.0,4.0,2.0,2.0,1.0,4.0,1.0,4.0,1,4,35-44,35-44,No,No,1,1.0,
80440,NJ,34023.0,34023010200.0,Conventional:First Lien,Single Family (1-4 Units):Site-Built,Not Hispanic or Latino,White,Female,Loan originated,1,785000.0,72.0,5.75,1.5,0.0,11200.0,4600.0,3900.0,1.5,1700.0,360.0,0.0,0.0,2.0,2.0,2.0,2.0,785000.0,1.0,1.0,3.0,5.0,1.0,,185000.0,30.0,1.0,1.0,2.0,2.0,2.0,4.0,5.0,8.0,2.0,4.0,2.0,4.0,2,4,45-54,35-44,No,No,1,1.0,
82700,UT,49035.0,49035010200.0,VA:First Lien,Single Family (1-4 Units):Site-Built,Not Hispanic or Latino,White,Male,Loan originated,1,475000.0,100.0,5.625,1.0,0.0,8500.0,3500.0,2900.0,1.25,1100.0,360.0,0.0,0.0,2.0,2.0,2.0,2.0,475000.0,1.0,1.0,3.0,5.0,1.0,,105000.0,32.0,1.0,1.0,2.0,2.0,2.0,4.0,5.0,8.0,2.0,4.0,2.0,4.0,2,4,25-34,25-34,No,No,1,1.0,
84960,VA,51700.0,51700010200.0,Conventional:First Lien,Single Family (1-4 Units):Site-Built,Not Hispanic or Latino,Asian,Female,Loan originated,1,685000.0,78.0,6.0,2.0,0.0,10200.0,4200.0,3500.0,1.75,1600.0,360.0,0.0,0.0,2.0,2.0,2.0,2.0,685000.0,1.0,1.0,3.0,5.0,1.0,,155000.0,34.0,1.0,1.0,2.0,2.0,2.0,4.0,2.0,2.0,2.0,4.0,2.0,4.0,2,4,35-44,35-44,No,No,1,1.0,
87220,NV,32003.0,32003010200.0,Conventional:First Lien,Single Family (1-4 Units):Site-Built,Hispanic or Latino,Black or African American,Male,Application denied,1,565000.0,88.0,7.5,4.0,0.0,9800.0,4100.0,3400.0,2.0,1500.0,360.0,0.0,0.0,2.0,2.0,2.0,2.0,565000.0,1.0,1.0,3.0,5.0,1.0,,125000.0,46.0,1.0,1.0,1.0,2.0,1.0,4.0,3.0,3.0,1.0,4.0,1.0,4.0,1,4,35-44,35-44,No,No,1,1.0,
89480,CA,6075.0,6075010200.0,Conventional:Subordinate Lien,Single Family (1-4 Units):Site-Built,Not Hispanic or Latino,White,Female,Loan originated,3,165000.0,,8.5,5.25,1.0,6500.0,2800.0,2200.0,1.5,1000.0,180.0,0.0,0.0,2.0,2.0,2.0,2.0,550000.0,1.0,1.0,3.0,5.0,1.0,,135000.0,28.0,1.0,1.0,2.0,2.0,2.0,4.0,5.0,8.0,2.0,4.0,2.0,4.0,2,4,45-54,35-44,No,No,1,1.0,
91740,TX,48113.0,48113010506.0,FHA:First Lien,Single Family (1-4 Units):Site-Built,Not Hispanic or Latino,White,Male,Loan originated,1,395000.0,96.5,6.75,2.75,0.0,10500.0,4200.0,3500.0,1.75,1600.0,360.0,0.0,0.0,2.0,2.0,2.0,2.0,395000.0,1.0,1.0,3.0,5.0,1.0,,85000.0,40.0,1.0,1.0,2.0,2.0,2.0,4.0,5.0,8.0,2.0,4.0,2.0,4.0,2,4,25-34,25-34,No,No,1,1.0,
94000,FL,12011.0,12011070304.0,Conventional:First Lien,Single Family (1-4 Units):Site-Built,Hispanic or Latino,Asian,Female,Loan originated,1,445000.0,85.0,6.875,2.75,0.0,8800.0,3700.0,3100.0,1.5,1350.0,360.0,0.0,0.0,2.0,2.0,2.0,2.0,445000.0,1.0,1.0,3.0,5.0,1.0,,102000.0,38.0,1.0,1.0,1.0,2.0,1.0,4.0,2.0,2.0,1.0,4.0,1.0,4.0,1,4,35-44,35-44,No,No,1,1.0,
96260,CO,8031.0,80310010300.0,Conventional:First Lien,Single Family (1-4 Units):Site-Built,Not Hispanic or Latino,White,Male,Application approved but not accepted,1,685000.0,82.0,6.125,2.25,0.0,9800.0,4000.0,3400.0,1.75,1500.0,360.0,0.0,0.0,2.0,2.0,2.0,2.0,685000.0,1.0,1.0,3.0,5.0,1.0,,150000.0,36.0,1.0,1.0,2.0,2.0,2.0,4.0,5.0,8.0,2.0,4.0,2.0,4.0,2,4,35-44,35-44,No,No,1,1.0,
98520,AZ,4013.0,40130100300.0,VA:First Lien,Single Family (1-4 Units):Site-Built,Not Hispanic or Latino,American Indian or Alaska Native,Female,Loan originated,1,355000.0,100.0,5.875,1.5,0.0,7800.0,3200.0,2600.0,1.25,1000.0,360.0,0.0,0.0,2.0,2.0,2.0,2.0,355000.0,1.0,1.0,3.0,5.0,1.0,,82000.0,32.0,1.0,1.0,2.0,2.0,2.0,4.0,1.0,1.0,2.0,4.0,2.0,4.0,2,4,35-44,25-34,No,No,1,1.0,
99999,CT,9150.0,9150708100.0,Conventional:Subordinate Lien,Single Family (1-4 Units):Site-Built,Not Hispanic or Latino,White,Male,File closed for incompleteness,32,35000.0,,,,3.0,,,,,,240.0,,,2.0,2.0,2.0,2.0,,1.0,1.0,3.0,5.0,1.0,,96.0,,1111.0,1111.0,2.0,5.0,2.0,4.0,5.0,8.0,2.0,4.0,2.0,4.0,2,4,65-74,9999,Yes,,1,1.0,
35620,NY,36005.0,36005000100.0,Conventional:First Lien,Single Family (1-4 Units):Site-Built,Not Hispanic or Latino,Asian,Male,Loan originated,Home purchase,450000.0,80.0,6.75,2.5,0.0,15000.0,8000.0,5000.0,2000.0,1000.0,360.0,0.0,0.0,2.0,2.0,2.0,2.0,,550000.0,1.0,1.0,3.0,5.0,1.0,120000.0,36.0,1.0,1.0,2.0,5.0,2.0,4.0,2.0,4.0,2.0,4.0,1.0,5.0,2,4,35-44,25-34,No,No,1,1.0,
16980,CA,6075.0,6075040201.0,Conventional:Subordinate Lien,Single Family (1-4 Units):Site-Built,Hispanic or Latino,White,Female,Application denied,Refinancing,125000.0,65.0,7.25,,0.0,8500.0,4500.0,3500.0,1000.0,0.0,180.0,,,2.0,2.0,2.0,2.0,,200000.0,1.0,1.0,3.0,5.0,1.0,65000.0,42.0,1.0,1.0,1.0,1.0,1.0,1.0,1.0,1.0,1.0,1.0,2.0,5.0,1,5,45-54,9999,No,9999,1,1.0,
19100,TX,48113.0,48113020202.0,FHA:First Lien,Single Family (1-4 Units):Site-Built,Not Hispanic or Latino,Black or African American,Male,Loan originated,Home purchase,285000.0,95.0,6.5,1.75,0.0,12000.0,6000.0,4000.0,2000.0,1500.0,360.0,0.0,0.0,2.0,2.0,2.0,2.0,,300000.0,1.0,1.0,3.0,5.0,1.0,78000.0,28.0,1.0,1.0,2.0,2.0,2.0,4.0,2.0,4.0,2.0,4.0,1.0,5.0,2,4,25-34,25-34,No,No,1,1.0,
26420,FL,12011.0,12011008302.0,VA:First Lien,Single Family (1-4 Units):Site-Built,Not Hispanic or Latino,White,Male,File closed for incompleteness,Home improvement,75000.0,70.0,6.0,,0.0,5500.0,3000.0,2500.0,500.0,0.0,240.0,,,2.0,2.0,2.0,2.0,,110000.0,1.0,1.0,3.0,5.0,1.0,52000.0,38.0,1.0,1.0,2.0,5.0,2.0,4.0,2.0,4.0,2.0,4.0,1.0,5.0,2,4,55-64,9999,No,9999,1,1.0,
38060,PA,42003.0,42003030100.0,Conventional:First Lien,Single Family (1-4 Units):Site-Built,Not Hispanic or Latino,White,Female,Loan originated,Refinancing,320000.0,75.0,7.0,2.0,0.0,10000.0,5000.0,3500.0,1500.0,1000.0,360.0,0.0,0.0,2.0,2.0,2.0,2.0,,425000.0,1.0,1.0,3.0,5.0,1.0,95000.0,32.0,1.0,1.0,2.0,5.0,2.0,4.0,2.0,4.0,2.0,4.0,2.0,5.0,2,4,45-54,45-54,No,No,1,1.0,
41860,OH,39035.0,39035000100.0,Conventional:Subordinate Lien,Single Family (1-4 Units):Site-Built,Hispanic or Latino,Asian,Female,Application withdrawn,Home purchase,95000.0,55.0,7.5,,0.0,7200.0,3800.0,2800.0,1000.0,500.0,180.0,,,2.0,2.0,2.0,2.0,,175000.0,1.0,1.0,3.0,5.0,1.0,68000.0,45.0,1.0,1.0,1.0,1.0,1.0,1.0,1.0,1.0,1.0,1.0,2.0,5.0,1,5,35-44,25-34,No,No,1,1.0,
12060,WA,53033.0,53033022402.0,USDA:First Lien,Single Family (1-4 Units):Site-Built,Not Hispanic or Latino,American Indian or Alaska Native,Male,Loan originated,Home purchase,195000.0,90.0,5.75,1.25,0.0,8500.0,4200.0,3000.0,1200.0,800.0,360.0,0.0,0.0,2.0,2.0,2.0,2.0,,220000.0,1.0,1.0,3.0,5.0,1.0,58000.0,26.0,1.0,1.0,2.0,5.0,2.0,4.0,2.0,4.0,2.0,4.0,1.0,5.0,2,4,25-34,20-24,No,No,1,1.0,
14460,IL,17113.0,17113030201.0,Conventional:First Lien,Single Family (1-4 Units):Site-Built,Not Hispanic or Latino,Native Hawaiian or Other Pacific Islander,Female,Application denied,Cash-out refinancing,275000.0,85.0,7.75,,0.0,11000.0,5500.0,4000.0,1500.0,0.0,360.0,,,2.0,2.0,2.0,2.0,,325000.0,1.0,1.0,3.0,5.0,1.0,82000.0,40.0,1.0,1.0,2.0,5.0,2.0,4.0,2.0,4.0,2.0,4.0,2.0,5.0,2,4,35-44,9999,No,9999,1,1.0,
33100,NC,37183.0,37183010302.0,Conventional:First Lien,Single Family (1-4 Units):Site-Built,Not Hispanic or Latino,White,Male,Loan originated,Home purchase,410000.0,78.0,6.9,2.1,0.0,14000.0,7000.0,4500.0,2500.0,1200.0,360.0,0.0,0.0,2.0,2.0,2.0,2.0,,525000.0,1.0,1.0,3.0,5.0,1.0,115000.0,30.0,1.0,1.0,2.0,5.0,2.0,4.0,2.0,4.0,2.0,4.0,1.0,5.0,2,4,35-44,35-44,No,No,1,1.0,
29540,MI,26163.0,26163020304.0,Conventional:Subordinate Lien,Single Family (1-4 Units):Site-Built,Hispanic or Latino,Black or African American,Female,File closed for incompleteness,Other,65000.0,45.0,8.0,,0.0,6000.0,3200.0,2200.0,1000.0,0.0,180.0,,,2.0,2.0,2.0,2.0,,150000.0,1.0,1.0,3.0,5.0,1.0,48000.0,48.0,1.0,1.0,1.0,1.0,1.0,1.0,1.0,1.0,1.0,1.0,2.0,5.0,1,5,25-34,9999,No,9999,1,1.0,
19780,GA,13089.0,13089030100.0,FHA:First Lien,Single Family (1-4 Units):Site-Built,Not Hispanic or Latino,White,Male,Loan originated,Home purchase,265000.0,92.0,6.6,1.9,0.0,11500.0,5800.0,3800.0,2000.0,1400.0,360.0,0.0,0.0,2.0,2.0,2.0,2.0,,290000.0,1.0,1.0,3.0,5.0,1.0,75000.0,29.0,1.0,1.0,2.0,5.0,2.0,4.0,2.0,4.0,2.0,4.0,1.0,5.0,2,4,30-39,30-39,No,No,1,1.0,
42660,AZ,4013.0,4013708100.0,Conventional:First Lien,Single Family (1-4 Units):Site-Built,Not Hispanic or Latino,Asian,Female,Loan originated,Refinancing,385000.0,72.0,7.1,2.3,0.0,12500.0,6200.0,4200.0,2000.0,1100.0,360.0,0.0,0.0,2.0,2.0,2.0,2.0,,535000.0,1.0,1.0,3.0,5.0,1.0,105000.0,33.0,1.0,1.0,2.0,2.0,2.0,4.0,2.0,4.0,2.0,4.0,2.0,5.0,2,4,40-49,40-49,No,No,1,1.0,
23420,MA,25017.0,25017040101.0,VA:First Lien,Single Family (1-4 Units):Site-Built,Not Hispanic or Latino,White,Male,Application denied,Home purchase,525000.0,88.0,6.8,,0.0,16000.0,8000.0,5000.0,3000.0,0.0,360.0,,,2.0,2.0,2.0,2.0,,600000.0,1.0,1.0,3.0,5.0,1.0,135000.0,38.0,1.0,1.0,2.0,5.0,2.0,4.0,2.0,4.0,2.0,4.0,1.0,5.0,2,4,30-39,25-34,No,No,1,1.0,
49020,CO,8031.0,80317000100.0,Conventional:First Lien,Single Family (1-4 Units):Site-Built,Hispanic or Latino,White,Male,Loan originated,Home purchase,475000.0,82.0,6.95,2.15,0.0,14500.0,7200.0,4800.0,2400.0,1300.0,360.0,0.0,0.0,2.0,2.0,2.0,2.0,,580000.0,1.0,1.0,3.0,5.0,1.0,125000.0,31.0,1.0,1.0,1.0,5.0,1.0,4.0,1.0,4.0,1.0,4.0,1.0,5.0,1,4,35-44,30-39,No,No,1,1.0,
21340,TX,48121.0,48121030503.0,Conventional:Subordinate Lien,Single Family (1-4 Units):Site-Built,Not Hispanic or Latino,Black or African American,Female,Application withdrawn,Refinancing,110000.0,60.0,7.8,,0.0,7500.0,4000.0,3000.0,1000.0,500.0,180.0,,,2.0,2.0,2.0,2.0,,185000.0,1.0,1.0,3.0,5.0,1.0,62000.0,44.0,1.0,1.0,2.0,2.0,2.0,4.0,2.0,4.0,2.0,4.0,2.0,5.0,2,4,45-54,9999,No,9999,1,1.0,
45060,TN,47165.0,47165020302.0,FHA:First Lien,Single Family (1-4 Units):Site-Built,Not Hispanic or Latino,White,Female,Loan originated,Home purchase,245000.0,89.0,6.4,1.6,0.0,10500.0,5200.0,3400.0,1800.0,1200.0,360.0,0.0,0.0,2.0,2.0,2.0,2.0,,275000.0,1.0,1.0,3.0,5.0,1.0,68000.0,27.0,1.0,1.0,2.0,5.0,2.0,4.0,2.0,4.0,2.0,4.0,2.0,5.0,2,4,25-34,25-34,No,No,1,1.0,
38300,OR,41051.0,41051002201.0,USDA:First Lien,Single Family (1-4 Units):Site-Built,Not Hispanic or Latino,American Indian or Alaska Native,Female,File closed for incompleteness,Home improvement,85000.0,75.0,5.9,,0.0,6200.0,3300.0,2500.0,800.0,0.0,240.0,,,2.0,2.0,2.0,2.0,,115000.0,1.0,1.0,3.0,5.0,1.0,48000.0,35.0,1.0,1.0,2.0,5.0,2.0,4.0,2.0,4.0,2.0,4.0,2.0,5.0,2,4,55-64,9999,No,9999,1,1.0,
30100,NJ,34003.0,34003010200.0,Conventional:First Lien,Single Family (1-4 Units):Site-Built,Not Hispanic or Latino,Asian,Male,Loan originated,Cash-out refinancing,365000.0,68.0,7.2,2.4,0.0,11800.0,5900.0,3900.0,2000.0,900.0,360.0,0.0,0.0,2.0,2.0,2.0,2.0,,535000.0,1.0,1.0,3.0,5.0,1.0,110000.0,34.0,1.0,1.0,2.0,2.0,2.0,4.0,2.0,4.0,2.0,4.0,1.0,5.0,2,4,40-49,35-44,No,No,1,1.0,
17820,WI,55079.0,55079030101.0,Conventional:First Lien,Single Family (1-4 Units):Site-Built,Hispanic or Latino,White,Male,Application denied,Home purchase,235000.0,83.0,7.6,,0.0,9800.0,4900.0,3200.0,1700.0,0.0,360.0,,,2.0,2.0,2.0,2.0,,285000.0,1.0,1.0,3.0,5.0,1.0,70000.0,41.0,1.0,1.0,1.0,1.0,1.0,4.0,1.0,4.0,1.0,4.0,1.0,5.0,1,4,30-39,9999,No,9999,1,1.0,
46220,UT,49035.0,49035080102.0,Conventional:First Lien,Single Family (1-4 Units):Site-Built,Not Hispanic or Latino,Native Hawaiian or Other Pacific Islander,Male,Loan originated,Home purchase,520000.0,85.0,6.85,2.0,0.0,15500.0,7700.0,5100.0,2600.0,1400.0,360.0,0.0,0.0,2.0,2.0,2.0,2.0,,610000.0,1.0,1.0,3.0,5.0,1.0,140000.0,29.0,1.0,1.0,2.0,5.0,2.0,4.0,2.0,4.0,2.0,4.0,1.0,5.0,2,4,35-44,30-39,No,No,1,1.0,
34980,SC,45019.0,45019010203.0,Conventional:Subordinate Lien,Single Family (1-4 Units):Site-Built,Not Hispanic or Latino,Black or African American,Female,Loan originated,Refinancing,135000.0,58.0,7.4,,0.0,8200.0,4300.0,3100.0,1200.0,600.0,180.0,0.0,0.0,2.0,2.0,2.0,2.0,,235000.0,1.0,1.0,3.0,5.0,1.0,72000.0,39.0,1.0,1.0,2.0,2.0,2.0,4.0,2.0,4.0,2.0,4.0,2.0,5.0,2,4,35-44,35-44,No,No,1,1.0,
15260,CA,6077.0,6077040100.0,FHA:First Lien,Single Family (1-4 Units):Site-Built,Not Hispanic or Latino,White,Female,Application withdrawn,Home purchase,315000.0,91.0,6.5,1.7,0.0,13000.0,6500.0,4200.0,2300.0,1500.0,360.0,0.0,0.0,2.0,2.0,2.0,2.0,,345000.0,1.0,1.0,3.0,5.0,1.0,85000.0,31.0,1.0,1.0,2.0,5.0,2.0,4.0,2.0,4.0,2.0,4.0,2.0,5.0,2,4,30-39,25-34,No,No,1,1.0,
38900,PA,42045.0,42045020101.0,VA:First Lien,Single Family (1-4 Units):Site-Built,Not Hispanic or Latino,Asian,Male,Loan originated,Home purchase,395000.0,86.0,6.7,1.8,0.0,13800.0,6800.0,4500.0,2300.0,1200.0,360.0,0.0,0.0,2.0,2.0,2.0,2.0,,460000.0,1.0,1.0,3.0,5.0,1.0,108000.0,33.0,1.0,1.0,2.0,2.0,2.0,4.0,2.0,4.0,2.0,4.0,1.0,5.0,2,4,35-44,30-39,No,No,1,1.0,
22420,OH,39153.0,39153010202.0,Conventional:First Lien,Single Family (1-4 Units):Site-Built,Not Hispanic or Latino,White,Male,File closed for incompleteness,Other,180000.0,78.0,7.3,,0.0,9200.0,4600.0,3000.0,1600.0,0.0,360.0,,,2.0,2.0,2.0,2.0,,230000.0,1.0,1.0,3.0,5.0,1.0,65000.0,37.0,1.0,1.0,2.0,5.0,2.0,4.0,2.0,4.0,2.0,4.0,1.0,5.0,2,4,45-54,9999,No,9999,1,1.0,
31080,MI,26099.0,26099030304.0,Conventional:First Lien,Single Family (1-4 Units):Site-Built,Hispanic or Latino,Black or African American,Male,Loan originated,Home purchase,225000.0,80.0,6.8,2.1,0.0,10800.0,5400.0,3500.0,1900.0,1100.0,360.0,0.0,0.0,2.0,2.0,2.0,2.0,,280000.0,1.0,1.0,3.0,5.0,1.0,72000.0,32.0,1.0,1.0,1.0,1.0,1.0,4.0,1.0,4.0,1.0,4.0,1.0,5.0,1,4,30-39,25-34,No,No,1,1.0,
12540,WA,53061.0,53061040101.0,Conventional:Subordinate Lien,Single Family (1-4 Units):Site-Built,Not Hispanic or Latino,American Indian or Alaska Native,Female,Application denied,Refinancing,95000.0,52.0,7.9,,0.0,6800.0,3600.0,2600.0,1000.0,0.0,180.0,,,2.0,2.0,2.0,2.0,,185000.0,1.0,1.0,3.0,5.0,1.0,55000.0,46.0,1.0,1.0,2.0,5.0,2.0,4.0,2.0,4.0,2.0,4.0,2.0,5.0,2,4,40-49,9999,No,9999,1,1.0,
46140,TN,47157.0,47157020203.0,USDA:First Lien,Single Family (1-4 Units):Site-Built,Not Hispanic or Latino,White,Male,Loan originated,Home improvement,125000.0,88.0,5.5,0.75,0.0,7200.0,3800.0,2800.0,1000.0,600.0,360.0,0.0,0.0,2.0,2.0,2.0,2.0,,142000.0,1.0,1.0,3.0,5.0,1.0,58000.0,24.0,1.0,1.0,2.0,5.0,2.0,4.0,2.0,4.0,2.0,4.0,1.0,5.0,2,4,25-34,9999,No,9999,1,1.0,
22020,TX,48201.0,48201030201.0,Conventional:First Lien,Single Family (1-4 Units):Site-Built,Not Hispanic or Latino,Asian,Female,Application withdrawn,Cash-out refinancing,340000.0,74.0,7.15,2.25,0.0,12200.0,6100.0,4000.0,2100.0,1000.0,360.0,0.0,0.0,2.0,2.0,2.0,2.0,,460000.0,1.0,1.0,3.0,5.0,1.0,102000.0,35.0,1.0,1.0,2.0,2.0,2.0,4.0,2.0,4.0,2.0,4.0,2.0,5.0,2,4,40-49,35-44,No,No,1,1.0,
24500,FL,12021.0,12021040500.0,FHA:First Lien,Single Family (1-4 Units):Site-Built,Hispanic or Latino,White,Male,Loan originated,Home purchase,295000.0,90.0,6.6,1.85,0.0,11800.0,5900.0,3800.0,2100.0,1300.0,360.0,0.0,0.0,2.0,2.0,2.0,2.0,,325000.0,1.0,1.0,3.0,5.0,1.0,82000.0,30.0,1.0,1.0,1.0,1.0,1.0,4.0,1.0,4.0,1.0,4.0,1.0,5.0,1,4,35-44,30-39,No,No,1,1.0,
35380,NC,37129.0,37129010301.0,Conventional:First Lien,Single Family (1-4 Units):Site-Built,Not Hispanic or Latino,Black or African American,Female,File closed for incompleteness,Refinancing,195000.0,69.0,7.45,,0.0,10200.0,5100.0,3300.0,1800.0,0.0,360.0,,,2.0,2.0,2.0,2.0,,285000.0,1.0,1.0,3.0,5.0,1.0,75000.0,40.0,1.0,1.0,2.0,2.0,2.0,4.0,2.0,4.0,2.0,4.0,2.0,5.0,2,4,35-44,9999,No,9999,1,1.0,
16580,CA,6071.0,6071020300.0,Conventional:First Lien,Single Family (1-4 Units):Site-Built,Not Hispanic or Latino,Native Hawaiian or Other Pacific Islander,Male,Loan originated,Home purchase,615000.0,81.0,6.9,2.2,0.0,16800.0,8400.0,5500.0,2900.0,1600.0,360.0,0.0,0.0,2.0,2.0,2.0,2.0,,760000.0,1.0,1.0,3.0,5.0,1.0,155000.0,28.0,1.0,1.0,2.0,5.0,2.0,4.0,2.0,4.0,2.0,4.0,1.0,5.0,2,4,40-49,35-44,No,No,1,1.0,
37900,PA,42007.0,42007020102.0,Conventional:Subordinate Lien,Single Family (1-4 Units):Site-Built,Not Hispanic or Latino,White,Female,Application denied,Home purchase,155000.0,63.0,7.7,,0.0,8800.0,4600.0,3300.0,1300.0,0.0,180.0,,,2.0,2.0,2.0,2.0,,245000.0,1.0,1.0,3.0,5.0,1.0,68000.0,43.0,1.0,1.0,2.0,5.0,2.0,4.0,2.0,4.0,2.0,4.0,2.0,5.0,2,4,45-54,9999,No,9999,1,1.0,
22340,OH,39017.0,39017030401.0,VA:First Lien,Single Family (1-4 Units):Site-Built,Not Hispanic or Latino,Asian,Female,Loan originated,Home purchase,425000.0,89.0,6.55,1.9,0.0,14800.0,7300.0,4800.0,2500.0,1300.0,360.0,0.0,0.0,2.0,2.0,2.0,2.0,,475000.0,1.0,1.0,3.0,5.0,1.0,118000.0,31.0,1.0,1.0,2.0,2.0,2.0,4.0,2.0,4.0,2.0,4.0,2.0,5.0,2,4,30-39,30-39,No,No,1,1.0,
38020,MI,26125.0,26125010203.0,Conventional:First Lien,Single Family (1-4 Units):Site-Built,Hispanic or Latino,Black or African American,Male,Loan originated,Home improvement,165000.0,77.0,7.1,2.0,0.0,9800.0,4900.0,3200.0,1700.0,900.0,360.0,0.0,0.0,2.0,2.0,2.0,2.0,,215000.0,1.0,1.0,3.0,5.0,1.0,72000.0,36.0,1.0,1.0,1.0,1.0,1.0,4.0,1.0,4.0,1.0,4.0,1.0,5.0,1,4,40-49,9999,No,9999,1,1.0,
17140,WI,55025.0,55025020100.0,USDA:First Lien,Single Family (1-4 Units):Site-Built,Not Hispanic or Latino,White,Male,Application withdrawn,Home purchase,205000.0,92.0,5.8,1.0,0.0,9200.0,4800.0,3200.0,1600.0,1000.0,360.0,0.0,0.0,2.0,2.0,2.0,2.0,,225000.0,1.0,1.0,3.0,5.0,1.0,62000.0,26.0,1.0,1.0,2.0,5.0,2.0,4.0,2.0,4.0,2.0,4.0,1.0,5.0,2,4,25-34,25-34,No,No,1,1.0,
38940,SC,45035.0,45035080101.0,Conventional:First Lien,Single Family (1-4 Units):Site-Built,Not Hispanic or Latino,Asian,Female,File closed for incompleteness,Cash-out refinancing,295000.0,71.0,7.35,,0.0,11600.0,5800.0,3800.0,2000.0,0.0,360.0,,,2.0,2.0,2.0,2.0,,415000.0,1.0,1.0,3.0,5.0,1.0,98000.0,38.0,1.0,1.0,2.0,2.0,2.0,4.0,2.0,4.0,2.0,4.0,2.0,5.0,2,4,35-44,9999,No,9999,1,1.0,
12580,WA,53053.0,53053041002.0,FHA:First Lien,Single Family (1-4 Units):Site-Built,Not Hispanic or Latino,American Indian or Alaska Native,Female,Loan originated,Refinancing,275000.0,88.0,6.7,1.8,0.0,11200.0,5600.0,3600.0,2000.0,1200.0,360.0,0.0,0.0,2.0,2.0,2.0,2.0,,310000.0,1.0,1.0,3.0,5.0,1.0,78000.0,32.0,1.0,1.0,2.0,5.0,2.0,4.0,2.0,4.0,2.0,4.0,2.0,5.0,2,4,30-39,25-34,No,No,1,1.0,
22180,TX,48085.0,48085030204.0,Conventional:First Lien,Single Family (1-4 Units):Site-Built,Not Hispanic or Latino,White,Male,Application denied,Home purchase,385000.0,79.0,7.5,,0.0,13200.0,6600.0,4300.0,2300.0,0.0,360.0,,,2.0,2.0,2.0,2.0,,485000.0,1.0,1.0,3.0,5.0,1.0,112000.0,37.0,1.0,1.0,2.0,5.0,2.0,4.0,2.0,4.0,2.0,4.0,1.0,5.0,2,4,40-49,9999,No,9999,1,1.0,
24300,FL,12031.0,12031020301.0,Conventional:Subordinate Lien,Single Family (1-4 Units):Site-Built,Hispanic or Latino,Native Hawaiian or Other Pacific Islander,Male,Loan originated,Home purchase,175000.0,67.0,7.6,2.3,0.0,9600.0,5000.0,3400.0,1600.0,800.0,180.0,0.0,0.0,2.0,2.0,2.0,2.0,,260000.0,1.0,1.0,3.0,5.0,1.0,78000.0,42.0,1.0,1.0,1.0,1.0,1.0,4.0,1.0,4.0,1.0,4.0,1.0,5.0,1,4,35-44,30-39,No,No,1,1.0,
35620,NY,36005.0,36005000800.0,Conventional:First Lien,Single Family (1-4 Units):Site-Built,Not Hispanic or Latino,White,Female,Loan originated,1,325000.0,80.0,6.75,2.5,0.0,8500.0,2500.0,3500.0,1500.0,500.0,360.0,0.0,0.0,2.0,2.0,2.0,2.0,,410000.0,1.0,1.0,3.0,3.0,1.0,,95000.0,38.0,1.0,1.0,2.0,2.0,1.0,1.0,5.0,5.0,1.0,1.0,2.0,2,1,1,45-54,40-44,No,No,1.0,1.0
16980,CA,6075.0,6075048302.0,FHA:First Lien,Single Family (1-4 Units):Site-Built,Hispanic or Latino,Asian,Male,Application denied,1,485000.0,95.0,7.25,,0.0,12000.0,4500.0,5000.0,2000.0,0.0,360.0,0.0,0.0,2.0,2.0,2.0,2.0,,510000.0,1.0,1.0,3.0,3.0,1.0,,78000.0,42.0,1.0,6.0,1.0,1.0,1.0,1.0,2.0,8.0,1.0,1.0,1.0,1,1,1,35-44,25-34,No,No,1.0,1.0
19100,TX,48113.0,48113031402.0,Conventional:First Lien,Single Family (1-4 Units):Site-Built,Not Hispanic or Latino,Black or African American,Female,Loan originated,1,275000.0,85.0,7.0,2.0,0.0,7500.0,2000.0,3000.0,1200.0,800.0,360.0,0.0,0.0,2.0,2.0,2.0,2.0,,325000.0,1.0,1.0,3.0,3.0,1.0,,85000.0,35.0,1.0,1.0,2.0,2.0,1.0,1.0,3.0,3.0,1.0,1.0,2.0,2,1,1,30-44,30-44,No,No,1.0,1.0
26420,IL,17031.0,17031000100.0,VA:First Lien,Single Family (1-4 Units):Site-Built,Not Hispanic or Latino,White,Male,Loan originated,1,415000.0,90.0,6.5,1.5,0.0,9500.0,3000.0,4000.0,1800.0,0.0,360.0,0.0,0.0,2.0,2.0,2.0,2.0,,460000.0,1.0,1.0,3.0,3.0,1.0,,105000.0,32.0,1.0,1.0,2.0,2.0,1.0,1.0,5.0,5.0,1.0,1.0,1.0,1,1,1,55-64,45-54,Yes,No,1.0,1.0
12060,AZ,4013.0,4013060000.0,Conventional:Subordinate Lien,Single Family (1-4 Units):Site-Built,Hispanic or Latino,American Indian or Alaska Native,Male,File closed for incompleteness,3,45000.0,,8.0,,0.0,,,,,180.0,,,2.0,2.0,2.0,2.0,2.0,,220000.0,1.0,1.0,3.0,3.0,1.0,,62000.0,45.0,3.0,6.0,1.0,1.0,1.0,1.0,1.0,1.0,1.0,1.0,1.0,1,1,1,25-34,9999,No,,1.0,1.0
14460,WA,53033.0,53033000901.0,Conventional:First Lien,Single Family (1-4 Units):Site-Built,Not Hispanic or Latino,Asian,Female,Loan originated,1,650000.0,75.0,6.25,1.0,0.0,14000.0,4000.0,6000.0,2500.0,1000.0,360.0,0.0,0.0,2.0,2.0,2.0,2.0,,865000.0,1.0,1.0,3.0,3.0,1.0,,185000.0,28.0,1.0,1.0,2.0,2.0,1.0,1.0,2.0,2.0,1.0,1.0,2.0,2,1,1,35-44,35-44,No,No,1.0,1.0
33100,NJ,34003.0,34003100100.0,Conventional:First Lien,Single Family (1-4 Units):Site-Built,Not Hispanic or Latino,White,Male,Application approved but not accepted,1,520000.0,70.0,6.9,2.2,0.0,11500.0,3500.0,4800.0,2000.0,1500.0,360.0,0.0,0.0,2.0,2.0,2.0,2.0,,745000.0,1.0,1.0,3.0,3.0,1.0,,175000.0,25.0,1.0,1.0,2.0,2.0,1.0,1.0,5.0,5.0,1.0,1.0,1.0,1,1,1,45-54,35-44,No,No,1.0,1.0
19740,FL,12011.0,12011000300.0,FHA:First Lien,Single Family (1-4 Units):Site-Built,Hispanic or Latino,Black or African American,Female,Loan originated,1,310000.0,96.5,7.5,,0.0,10500.0,3800.0,4200.0,1800.0,0.0,360.0,0.0,0.0,2.0,2.0,2.0,2.0,,320000.0,1.0,1.0,3.0,3.0,1.0,,65000.0,48.0,1.0,6.0,1.0,1.0,1.0,1.0,3.0,3.0,1.0,1.0,2.0,2,1,1,25-34,25-34,No,No,1.0,1.0
38060,PA,42101.0,42101000600.0,Conventional:First Lien,Single Family (1-4 Units):Site-Built,Not Hispanic or Latino,White,Female,Loan originated,1,385000.0,82.0,6.8,2.1,0.0,8800.0,2600.0,3600.0,1400.0,700.0,360.0,0.0,0.0,2.0,2.0,2.0,2.0,,470000.0,1.0,1.0,3.0,3.0,1.0,,98000.0,33.0,1.0,1.0,2.0,2.0,1.0,1.0,5.0,5.0,1.0,1.0,2.0,2,1,1,40-44,35-39,No,No,1.0,1.0
41860,MA,25009.0,25009000200.0,Conventional:First Lien,Single Family (1-4 Units):Site-Built,Not Hispanic or Latino,Asian,Male,Application denied,1,590000.0,78.0,7.1,2.4,0.0,13000.0,4200.0,5500.0,2200.0,0.0,360.0,0.0,0.0,2.0,2.0,2.0,2.0,,755000.0,1.0,1.0,3.0,3.0,1.0,,165000.0,29.0,1.0,1.0,2.0,2.0,1.0,1.0,2.0,2.0,1.0,1.0,1.0,1,1,1,30-34,30-34,No,No,1.0,1.0
12580,GA,13067.0,13067000200.0,Conventional:First Lien,Single Family (1-4 Units):Site-Built,Not Hispanic or Latino,Black or African American,Female,Loan originated,1,295000.0,88.0,7.2,2.3,0.0,7800.0,2200.0,3200.0,1200.0,900.0,360.0,0.0,0.0,2.0,2.0,2.0,2.0,,335000.0,1.0,1.0,3.0,3.0,1.0,,88000.0,36.0,1.0,1.0,2.0,2.0,1.0,1.0,3.0,3.0,1.0,1.0,2.0,2,1,1,35-39,30-34,No,No,1.0,1.0
45300,NC,37183.0,37183000100.0,VA:First Lien,Single Family (1-4 Units):Site-Built,Not Hispanic or Latino,White,Male,Loan originated,1,365000.0,92.0,6.4,1.2,0.0,9200.0,2800.0,3800.0,1600.0,0.0,360.0,0.0,0.0,2.0,2.0,2.0,2.0,,395000.0,1.0,1.0,3.0,3.0,1.0,,95000.0,30.0,1.0,1.0,2.0,2.0,1.0,1.0,5.0,5.0,1.0,1.0,1.0,1,1,1,50-54,45-49,Yes,No,1.0,1.0
29540,MI,26163.0,26163000100.0,Conventional:First Lien,Single Family (1-4 Units):Site-Built,Not Hispanic or Latino,White,Female,Loan originated,1,235000.0,80.0,6.9,2.0,0.0,6500.0,1800.0,2600.0,1000.0,600.0,360.0,0.0,0.0,2.0,2.0,2.0,2.0,,295000.0,1.0,1.0,3.0,3.0,1.0,,72000.0,38.0,1.0,1.0,2.0,2.0,1.0,1.0,5.0,5.0,1.0,1.0,2.0,2,1,1,55-64,50-54,Yes,No,1.0,1.0
41180,OH,39035.0,39035000100.0,FHA:First Lien,Single Family (1-4 Units):Site-Built,Hispanic or Latino,White,Male,Application denied,1,195000.0,94.0,7.8,,0.0,8500.0,3200.0,3600.0,1400.0,0.0,360.0,0.0,0.0,2.0,2.0,2.0,2.0,,205000.0,1.0,1.0,3.0,3.0,1.0,,58000.0,44.0,1.0,6.0,1.0,2.0,1.0,1.0,5.0,5.0,1.0,1.0,1.0,1,1,1,25-34,25-34,No,No,1.0,1.0
49020,TN,47037.0,47037000100.0,Conventional:First Lien,Single Family (1-4 Units):Site-Built,Not Hispanic or Latino,Black or African American,Female,Loan originated,1,285000.0,83.0,7.1,2.2,0.0,7600.0,2100.0,3100.0,1200.0,800.0,360.0,0.0,0.0,2.0,2.0,2.0,2.0,,345000.0,1.0,1.0,3.0,3.0,1.0,,82000.0,34.0,1.0,1.0,2.0,2.0,1.0,1.0,3.0,3.0,1.0,1.0,2.0,2,1,1,30-34,25-29,No,No,1.0,1.0
42660,MD,24003.0,24003000100.0,Conventional:First Lien,Single Family (1-4 Units):Site-Built,Not Hispanic or Latino,White,Male,Application withdrawn,1,485000.0,76.0,6.6,1.8,0.0,10500.0,3200.0,4200.0,1800.0,1200.0,360.0,0.0,0.0,2.0,2.0,2.0,2.0,,635000.0,1.0,1.0,3.0,3.0,1.0,,155000.0,26.0,1.0,6.0,2.0,2.0,1.0,1.0,5.0,5.0,1.0,1.0,1.0,1,1,1,35-44,30-34,No,No,1.0,1.0
22380,CO,8031.0,80310000100.0,Conventional:First Lien,Single Family (1-4 Units):Site-Built,Not Hispanic or Latino,Asian,Female,Loan originated,1,525000.0,85.0,6.7,1.9,0.0,11200.0,3400.0,4500.0,1900.0,1000.0,360.0,0.0,0.0,2.0,2.0,2.0,2.0,,615000.0,1.0,1.0,3.0,3.0,1.0,,135000.0,31.0,1.0,1.0,2.0,2.0,1.0,1.0,2.0,2.0,1.0,1.0,2.0,2,1,1,40-44,35-39,No,No,1.0,1.0
38900,OR,41051.0,41051000100.0,Conventional:First Lien,Single Family (1-4 Units):Site-Built,Not Hispanic or Latino,White,Male,Loan originated,1,445000.0,78.0,6.5,1.6,0.0,9800.0,2900.0,3800.0,1600.0,1100.0,360.0,0.0,0.0,2.0,2.0,2.0,2.0,,570000.0,1.0,1.0,3.0,3.0,1.0,,125000.0,27.0,1.0,1.0,2.0,2.0,1.0,1.0,5.0,5.0,1.0,1.0,1.0,1,1,1,45-49,40-44,No,No,1.0,1.0
29820,MN,27163.0,27163000100.0,Conventional:First Lien,Single Family (1-4 Units):Site-Built,Not Hispanic or Latino,White,Female,Loan originated,1,315000.0,81.0,6.8,1.8,0.0,8200.0,2400.0,3300.0,1300.0,700.0,360.0,0.0,0.0,2.0,2.0,2.0,2.0,,390000.0,1.0,1.0,3.0,3.0,1.0,,95000.0,32.0,1.0,1.0,2.0,2.0,1.0,1.0,5.0,5.0,1.0,1.0,2.0,2,1,1,35-39,30-34,No,No,1.0,1.0
17980,CT,9001.0,90010000100.0,Conventional:First Lien,Single Family (1-4 Units):Site-Built,Not Hispanic or Latino,White,Male,Application denied,1,425000.0,72.0,7.3,2.5,0.0,10800.0,3600.0,4400.0,2000.0,0.0,360.0,0.0,0.0,2.0,2.0,2.0,2.0,,590000.0,1.0,1.0,3.0,3.0,1.0,,165000.0,24.0,1.0,1.0,2.0,2.0,1.0,1.0,5.0,5.0,1.0,1.0,1.0,1,1,1,30-34,28-32,No,No,1.0,1.0
36540,NM,35001.0,35001000100.0,VA:First Lien,Single Family (1-4 Units):Site-Built,Hispanic or Latino,American Indian or Alaska Native,Female,Loan originated,1,245000.0,90.0,6.3,1.0,0.0,7200.0,2000.0,2800.0,1000.0,0.0,360.0,0.0,0.0,2.0,2.0,2.0,2.0,,270000.0,1.0,1.0,3.0,3.0,1.0,,68000.0,29.0,1.0,6.0,1.0,1.0,1.0,1.0,1.0,1.0,1.0,1.0,2.0,2,1,1,40-49,35-44,No,No,1.0,1.0
23420,DC,11001.0,11001000100.0,Conventional:First Lien,Single Family (1-4 Units):Site-Built,Not Hispanic or Latino,Black or African American,Male,Loan originated,1,625000.0,82.0,6.9,2.1,0.0,14500.0,4500.0,5800.0,2400.0,1500.0,360.0,0.0,0.0,2.0,2.0,2.0,2.0,,760000.0,1.0,1.0,3.0,3.0,1.0,,195000.0,28.0,1.0,1.0,2.0,2.0,1.0,1.0,3.0,3.0,1.0,1.0,1.0,1,1,1,35-44,30-34,No,No,1.0,1.0
24300,WI,55079.0,55079000100.0,Conventional:First Lien,Single Family (1-4 Units):Site-Built,Not Hispanic or Latino,White,Female,Loan originated,1,265000.0,77.0,6.6,1.5,0.0,7100.0,2000.0,2800.0,1100.0,700.0,360.0,0.0,0.0,2.0,2.0,2.0,2.0,,345000.0,1.0,1.0,3.0,3.0,1.0,,85000.0,30.0,1.0,1.0,2.0,2.0,1.0,1.0,5.0,5.0,1.0,1.0,2.0,2,1,1,50-54,45-49,Yes,No,1.0,1.0
10420,AL,1073.0,10730000100.0,FHA:First Lien,Single Family (1-4 Units):Site-Built,Not Hispanic or Latino,Black or African American,Female,Loan originated,1,185000.0,95.0,7.6,,0.0,7800.0,2800.0,3200.0,1300.0,0.0,360.0,0.0,0.0,2.0,2.0,2.0,2.0,,195000.0,1.0,1.0,3.0,3.0,1.0,,58000.0,46.0,1.0,6.0,2.0,2.0,1.0,1.0,3.0,3.0,1.0,1.0,2.0,2,1,1,25-34,25-34,No,No,1.0,1.0
45060,NV,32003.0,32003000100.0,Conventional:First Lien,Single Family (1-4 Units):Site-Built,Not Hispanic or Latino,White,Male,Application approved but not accepted,1,485000.0,86.0,7.0,2.0,0.0,11200.0,3400.0,4400.0,1800.0,1000.0,360.0,0.0,0.0,2.0,2.0,2.0,2.0,,565000.0,1.0,1.0,3.0,3.0,1.0,,135000.0,33.0,1.0,1.0,2.0,2.0,1.0,1.0,5.0,5.0,1.0,1.0,1.0,1,1,1,40-44,35-39,No,No,1.0,1.0
39300,OK,40109.0,40109000100.0,Conventional:First Lien,Single Family (1-4 Units):Site-Built,Hispanic or Latino,White,Female,Loan originated,1,235000.0,85.0,7.2,2.3,0.0,6800.0,1900.0,2600.0,900.0,500.0,360.0,0.0,0.0,2.0,2.0,2.0,2.0,,275000.0,1.0,1.0,3.0,3.0,1.0,,72000.0,35.0,1.0,1.0,1.0,2.0,1.0,1.0,5.0,5.0,1.0,1.0,2.0,2,1,1,30-34,25-29,No,No,1.0,1.0
36500,NJ,34023.0,34023000100.0,Conventional:Subordinate Lien,Single Family (1-4 Units):Site-Built,Not Hispanic or Latino,Asian,Male,File closed for incompleteness,4,75000.0,,8.5,,0.0,,,,,180.0,,,2.0,2.0,2.0,2.0,2.0,,450000.0,1.0,1.0,3.0,3.0,1.0,,185000.0,40.0,3.0,6.0,2.0,2.0,1.0,1.0,2.0,2.0,1.0,1.0,1.0,1,1,1,35-44,9999,No,,1.0,1.0
49340,SC,45019.0,45019000100.0,Conventional:First Lien,Single Family (1-4 Units):Site-Built,Not Hispanic or Latino,Black or African American,Male,Loan originated,1,315000.0,84.0,6.8,1.8,0.0,8200.0,2300.0,3200.0,1300.0,800.0,360.0,0.0,0.0,2.0,2.0,2.0,2.0,,375000.0,1.0,1.0,3.0,3.0,1.0,,95000.0,32.0,1.0,1.0,2.0,2.0,1.0,1.0,3.0,3.0,1.0,1.0,1.0,1,1,1,35-39,30-34,No,No,1.0,1.0
15540,UT,49035.0,49035000100.0,VA:First Lien,Single Family (1-4 Units):Site-Built,Not Hispanic or Latino,White,Female,Loan originated,1,425000.0,93.0,6.2,1.1,0.0,9800.0,2900.0,3800.0,1600.0,0.0,360.0,0.0,0.0,2.0,2.0,2.0,2.0,,455000.0,1.0,1.0,3.0,3.0,1.0,,115000.0,29.0,1.0,1.0,2.0,2.0,1.0,1.0,5.0,5.0,1.0,1.0,2.0,2,1,1,45-54,40-44,Yes,No,1.0,1.0
37740,NV,32031.0,32031000100.0,Conventional:First Lien,Single Family (1-4 Units):Site-Built,Hispanic or Latino,White,Male,Loan originated,1,395000.0,89.0,7.1,2.2,0.0,9200.0,2700.0,3600.0,1500.0,1000.0,360.0,0.0,0.0,2.0,2.0,2.0,2.0,,445000.0,1.0,1.0,3.0,3.0,1.0,,110000.0,34.0,1.0,1.0,1.0,1.0,1.0,1.0,5.0,5.0,1.0,1.0,1.0,1,1,1,30-34,25-29,No,No,1.0,1.0
22420,MI,26099.0,26099000100.0,Conventional:First Lien,Single Family (1-4 Units):Site-Built,Not Hispanic or Latino,White,Female,Application denied,1,285000.0,74.0,7.5,2.6,0.0,8200.0,2600.0,3400.0,1400.0,0.0,360.0,0.0,0.0,2.0,2.0,2.0,2.0,,385000.0,1.0,1.0,3.0,3.0,1.0,,125000.0,23.0,1.0,1.0,2.0,2.0,1.0,1.0,5.0,5.0,1.0,1.0,2.0,2,1,1,25-34,22-26,No,No,1.0,1.0
47940,TN,47165.0,47165000100.0,Conventional:First Lien,Single Family (1-4 Units):Site-Built,Not Hispanic or Latino,Black or African American,Male,Loan originated,1,275000.0,80.0,6.9,2.0,0.0,7400.0,2100.0,2900.0,1100.0,700.0,360.0,0.0,0.0,2.0,2.0,2.0,2.0,,345000.0,1.0,1.0,3.0,3.0,1.0,,88000.0,31.0,1.0,1.0,2.0,2.0,1.0,1.0,3.0,3.0,1.0,1.0,1.0,1,1,1,40-44,35-39,No,No,1.0,1.0
13820,CA,6073.0,60730000100.0,Conventional:First Lien,Single Family (1-4 Units):Site-Built,Not Hispanic or Latino,Asian,Female,Loan originated,1,885000.0,68.0,6.4,1.3,0.0,18500.0,5500.0,7200.0,3000.0,2000.0,360.0,0.0,0.0,2.0,2.0,2.0,2.0,,1300000.0,1.0,1.0,3.0,3.0,1.0,,285000.0,24.0,1.0,1.0,2.0,2.0,1.0,1.0,2.0,2.0,1.0,1.0,2.0,2,1,1,35-44,30-34,No,No,1.0,1.0
34580,LA,22051.0,22051000100.0,FHA:First Lien,Single Family (1-4 Units):Site-Built,Hispanic or Latino,Black or African American,Female,Loan originated,1,215000.0,96.0,7.7,,0.0,8800.0,3200.0,3600.0,1500.0,0.0,360.0,0.0,0.0,2.0,2.0,2.0,2.0,,225000.0,1.0,1.0,3.0,3.0,1.0,,62000.0,47.0,1.0,6.0,1.0,1.0,1.0,1.0,3.0,3.0,1.0,1.0,2.0,2,1,1,30-34,25-29,No,No,1.0,1.0
36740,MO,29189.0,29189000100.0,Conventional:First Lien,Single Family (1-4 Units):Site-Built,Not Hispanic or Latino,White,Male,Application withdrawn,1,335000.0,79.0,6.7,1.7,0.0,8600.0,2500.0,3300.0,1300.0,800.0,360.0,0.0,0.0,2.0,2.0,2.0,2.0,,425000.0,1.0,1.0,3.0,3.0,1.0,,105000.0,30.0,1.0,6.0,2.0,2.0,1.0,1.0,5.0,5.0,1.0,1.0,1.0,1,1,1,35-39,30-34,No,No,1.0,1.0
38940,OR,41067.0,41067000100.0,Conventional:First Lien,Single Family (1-4 Units):Site-Built,Not Hispanic or Latino,White,Female,Loan originated,1,495000.0,73.0,6.5,1.4,0.0,10800.0,3200.0,4200.0,1800.0,1200.0,360.0,0.0,0.0,2.0,2.0,2.0,2.0,,675000.0,1.0,1.0,3.0,3.0,1.0,,155000.0,26.0,1.0,1.0,2.0,2.0,1.0,1.0,5.0,5.0,1.0,1.0,2.0,2,1,1,50-54,45-49,Yes,No,1.0,1.0
38300,OH,39169.0,39169000100.0,Conventional:First Lien,Single Family (1-4 Units):Site-Built,Not Hispanic or Latino,Black or African American,Male,Loan originated,1,255000.0,82.0,7.0,2.1,0.0,7000.0,1900.0,2700.0,1000.0,600.0,360.0,0.0,0.0,2.0,2.0,2.0,2.0,,310000.0,1.0,1.0,3.0,3.0,1.0,,78000.0,34.0,1.0,1.0,2.0,2.0,1.0,1.0,3.0,3.0,1.0,1.0,1.0,1,1,1,30-34,25-29,No,No,1.0,1.0
33700,WI,55025.0,55025000100.0,Conventional:First Lien,Single Family (1-4 Units):Site-Built,Not Hispanic or Latino,White,Female,Loan originated,1,285000.0,75.0,6.6,1.4,0.0,7600.0,2100.0,2900.0,1100.0,700.0,360.0,0.0,0.0,2.0,2.0,2.0,2.0,,380000.0,1.0,1.0,3.0,3.0,1.0,,92000.0,32.0,1.0,1.0,2.0,2.0,1.0,1.0,5.0,5.0,1.0,1.0,2.0,2,1,1,55-64,50-54,Yes,No,1.0,1.0
26140,AZ,4013.0,40130000100.0,Conventional:First Lien,Single Family (1-4 Units):Site-Built,Hispanic or Latino,White,Male,Loan originated,1,425000.0,88.0,7.3,2.4,0.0,10200.0,3000.0,4000.0,1700.0,1100.0,360.0,0.0,0.0,2.0,2.0,2.0,2.0,,485000.0,1.0,1.0,3.0,3.0,1.0,,125000.0,33.0,1.0,1.0,1.0,1.0,1.0,1.0,5.0,5.0,1.0,1.0,1.0,1,1,1,40-44,35-39,No,No,1.0,1.0
44060,MA,25021.0,25021000100.0,Conventional:First Lien,Single Family (1-4 Units):Site-Built,Not Hispanic or Latino,Asian,Female,Application approved but not accepted,1,685000.0,71.0,6.8,1.9,0.0,15200.0,4800.0,6200.0,2600.0,1600.0,360.0,0.0,0.0,2.0,2.0,2.0,2.0,,965000.0,1.0,1.0,3.0,3.0,1.0,,225000.0,25.0,1.0,1.0,2.0,2.0,1.0,1.0,2.0,2.0,1.0,1.0,2.0,2,1,1,35-44,30-34,No,No,1.0,1.0
22020,CA,6081.0,60810000100.0,Conventional:Subordinate Lien,Single Family (1-4 Units):Site-Built,Not Hispanic or Latino,White,Male,File closed for incompleteness,2,95000.0,,7.8,,0.0,,,,,240.0,,,2.0,2.0,2.0,2.0,2.0,,750000.0,1.0,1.0,3.0,3.0,1.0,,275000.0,35.0,3.0,6.0,2.0,2.0,1.0,1.0,5.0,5.0,1.0,1.0,1.0,1,1,1,45-54,9999,No,,1.0,1.0
47580,TX,48121.0,48121000100.0,Conventional:First Lien,Single Family (1-4 Units):Site-Built,Not Hispanic or Latino,Black or African American,Female,Loan originated,1,365000.0,86.0,7.2,2.3,0.0,9200.0,2600.0,3500.0,1400.0,900.0,360.0,0.0,0.0,2.0,2.0,2.0,2.0,,425000.0,1.0,1.0,3.0,3.0,1.0,,105000.0,35.0,1.0,1.0,2.0,2.0,1.0,1.0,3.0,3.0,1.0,1.0,2.0,2,1,1,30-34,25-29,No,No,1.0,1.0
36780,MO,29189.0,29189000200.0,VA:First Lien,Single Family (1-4 Units):Site-Built,Not Hispanic or Latino,White,Male,Loan originated,1,295000.0,91.0,6.3,1.0,0.0,7800.0,2200.0,3000.0,1200.0,0.0,360.0,0.0,0.0,2.0,2.0,2.0,2.0,,325000.0,1.0,1.0,3.0,3.0,1.0,,85000.0,31.0,1.0,1.0,2.0,2.0,1.0,1.0,5.0,5.0,1.0,1.0,1.0,1,1,1,55-64,50-54,Yes,No,1.0,1.0
35380,NV,32003.0,32003000200.0,Conventional:First Lien,Single Family (1-4 Units):Site-Built,Hispanic or Latino,White,Female,Loan originated,1,415000.0,84.0,7.0,2.0,0.0,9800.0,2800.0,3700.0,1500.0,1000.0,360.0,0.0,0.0,2.0,2.0,2.0,2.0,,495000.0,1.0,1.0,3.0,3.0,1.0,,120000.0,32.0,1.0,1.0,1.0,1.0,1.0,1.0,5.0,5.0,1.0,1.0,2.0,2,1,1,35-39,30-34,No,No,1.0,1.0
34940,NJ,34039.0,34039000100.0,Conventional:First Lien,Single Family (1-4 Units):Site-Built,Not Hispanic or Latino,Asian,Male,Application denied,1,575000.0,77.0,7.4,2.5,0.0,12800.0,4000.0,5200.0,2200.0,0.0,360.0,0.0,0.0,2.0,2.0,2.0,2.0,,745000.0,1.0,1.0,3.0,3.0,1.0,,185000.0,26.0,1.0,1.0,2.0,2.0,1.0,1.0,2.0,2.0,1.0,1.0,1.0,1,1,1,30-34,28-32,No,No,1.0,1.0
38920,OR,41051.0,41051000200.0,Conventional:First Lien,Single Family (1-4 Units):Site-Built,Not Hispanic or Latino,White,Female,Loan originated,1,525000.0,76.0,6.4,1.3,0.0,11400.0,3400.0,4400.0,1900.0,1300.0,360.0,0.0,0.0,2.0,2.0,2.0,2.0,,690000.0,1.0,1.0,3.0,3.0,1.0,,165000.0,25.0,1.0,1.0,2.0,2.0,1.0,1.0,5.0,5.0,1.0,1.0,2.0,2,1,1,40-44,35-39,No,No,1.0,1.0
49180,TN,47037.0,47037000200.0,FHA:First Lien,Single Family (1-4 Units):Site-Built,Hispanic or Latino,Black or African American,Male,Loan originated,1,235000.0,95.0,7.6,,0.0,8200.0,2900.0,3300.0,1400.0,0.0,360.0,0.0,0.0,2.0,2.0,2.0,2.0,,245000.0,1.0,1.0,3.0,3.0,1.0,,65000.0,45.0,1.0,6.0,1.0,1.0,1.0,1.0,3.0,3.0,1.0,1.0,1.0,1,1,1,25-34,22-26,No,No,1.0,1.0
36700,MO,29019.0,29019000100.0,Conventional:First Lien,Single Family (1-4 Units):Site-Built,Not Hispanic or Latino,White,Male,Application withdrawn,1,355000.0,81.0,6.9,2.0,0.0,8800.0,2500.0,3300.0,1300.0,800.0,360.0,0.0,0.0,2.0,2.0,2.0,2.0,,440000.0,1.0,1.0,3.0,3.0,1.0,,115000.0,29.0,1.0,6.0,2.0,2.0,1.0,1.0,5.0,5.0,1.0,1.0,1.0,1,1,1,35-44,30-34,No,No,1.0,1.0
16980,CA,6075.0,6075043202.0,Conventional:First Lien,Single Family (1-4 Units):Site-Built,Not Hispanic or Latino,Asian,Male,Loan originated,1,385000.0,85.0,6.75,2.1,0.0,8500.0,2500.0,2800.0,1000.0,500.0,360.0,,,1.0,2.0,2.0,2.0,385000.0,1.0,1.0,3.0,,1.0,135000.0,38.0,1.0,1.0,2.0,2.0,1.0,1.0,2.0,2.0,1.0,1.0,1.0,1.0,1.0,1,35-44,25-34,No,No,1,1,,
31080,TX,141.0,4805142301.0,FHA:First Lien,Single Family (1-4 Units):Site-Built,Hispanic or Latino,White,Female,Loan originated,1,215000.0,96.0,7.25,2.5,0.0,7200.0,1800.0,2200.0,800.0,400.0,360.0,,,1.0,2.0,2.0,2.0,224000.0,1.0,1.0,1.0,,1.0,75000.0,42.0,1.0,1.0,1.0,1.0,1.0,1.0,1.0,1.0,1.0,1.0,2.0,2.0,1.0,1,25-34,35-44,No,No,1,1,,
26420,OH,35.0,3903512345.0,VA:First Lien,Single Family (1-4 Units):Site-Built,Not Hispanic or Latino,Black or African American,Male,Application denied,1,195000.0,78.0,7.5,2.8,0.0,,,,,,,,,,,,195000.0,1.0,1.0,1.0,,1.0,88000.0,45.0,1.0,1.0,2.0,2.0,1.0,1.0,2.0,2.0,2.0,2.0,1.0,1.0,1.0,1.0,45-54,9999,No,,1,1,,,
19100,FL,5.0,1200509876.0,Conventional:Subordinate Lien,Single Family (1-4 Units):Site-Built,Not Hispanic or Latino,White,Female,Loan originated,3,75000.0,65.0,8.25,3.2,0.0,3200.0,800.0,900.0,300.0,150.0,180.0,,,1.0,2.0,2.0,2.0,115000.0,1.0,2.0,3.0,,1.0,65000.0,28.0,1.0,1.0,2.0,2.0,1.0,1.0,2.0,2.0,1.0,1.0,1.0,1.0,1.0,1,55-64,9999,Yes,,1,1,,
35620,NY,27.0,3602704567.0,Conventional:First Lien,Single Family (1-4 Units):Site-Built,Hispanic or Latino,Asian,Male,Application withdrawn,1,425000.0,80.0,6.9,2.3,0.0,,,,,,,,,,,,425000.0,1.0,1.0,1.0,,1.0,155000.0,33.0,1.0,1.0,1.0,1.0,1.0,1.0,1.0,1.0,1.0,1.0,1.0,1.0,1.0,1.0,35-44,25-34,No,No,1,1,,,
41860,WA,33.0,5303307890.0,USDA:First Lien,Single Family (1-4 Units):Site-Built,Not Hispanic or Latino,White,Female,Loan originated,1,185000.0,92.0,6.5,1.8,0.0,6800.0,1500.0,1800.0,700.0,350.0,360.0,,,1.0,2.0,2.0,2.0,201000.0,1.0,1.0,1.0,,1.0,58000.0,40.0,1.0,1.0,2.0,2.0,1.0,1.0,2.0,2.0,1.0,1.0,1.0,1.0,1.0,1,25-34,25-34,No,No,1,1,,
38060,CO,31.0,803102345.0,Conventional:First Lien,Single Family (1-4 Units):Site-Built,Not Hispanic or Latino,White,Male,Loan originated,1,315000.0,75.0,7.1,2.4,0.0,7800.0,2000.0,2300.0,900.0,450.0,360.0,,,1.0,2.0,2.0,2.0,315000.0,1.0,1.0,1.0,,1.0,105000.0,35.0,1.0,1.0,2.0,2.0,1.0,1.0,2.0,2.0,1.0,1.0,1.0,1.0,1.0,1,45-54,35-44,No,No,1,1,,
12060,AZ,13.0,401305678.0,FHA:First Lien,Single Family (1-4 Units):Site-Built,Hispanic or Latino,American Indian or Alaska Native,Female,Loan originated,1,245000.0,90.0,7.4,2.6,0.0,7500.0,1700.0,2000.0,750.0,400.0,360.0,,,1.0,2.0,2.0,2.0,272000.0,1.0,1.0,1.0,,1.0,68000.0,44.0,1.0,1.0,1.0,1.0,1.0,1.0,1.0,1.0,1.0,1.0,2.0,2.0,1.0,1,35-44,25-34,No,No,1,1,,
14460,MA,9.0,2500903456.0,Conventional:First Lien,Single Family (1-4 Units):Site-Built,Not Hispanic or Latino,Native Hawaiian or Other Pacific Islander,Male,File closed for incompleteness,1,395000.0,82.0,6.8,2.0,0.0,,,,,,,,,,,,395000.0,1.0,1.0,1.0,,1.0,125000.0,30.0,1.0,1.0,2.0,2.0,1.0,1.0,2.0,2.0,1.0,1.0,1.0,1.0,1.0,1.0,55-64,9999,Yes,,1,1,,,
33100,NC,119.0,3711909876.0,Conventional:First Lien,Single Family (1-4 Units):Site-Built,Not Hispanic or Latino,White,Female,Loan originated,1,275000.0,88.0,7.0,2.2,0.0,8200.0,2100.0,2400.0,950.0,500.0,360.0,,,1.0,2.0,2.0,2.0,312000.0,1.0,1.0,1.0,,1.0,85000.0,37.0,1.0,1.0,2.0,2.0,1.0,1.0,2.0,2.0,1.0,1.0,1.0,1.0,1.0,1,35-44,35-44,No,No,1,1,,
38900,OR,29.0,4102901234.0,VA:First Lien,Single Family (1-4 Units):Site-Built,Not Hispanic or Latino,Black or African American,Male,Loan originated,1,295000.0,85.0,6.6,1.9,0.0,7600.0,1900.0,2100.0,850.0,450.0,360.0,,,1.0,2.0,2.0,2.0,295000.0,1.0,1.0,1.0,,1.0,92000.0,32.0,1.0,1.0,2.0,2.0,1.0,1.0,2.0,2.0,1.0,1.0,1.0,1.0,1.0,1,25-34,25-34,No,No,1,1,,
23820,MI,21.0,2602106789.0,Conventional:First Lien,Single Family (1-4 Units):Site-Built,Hispanic or Latino,White,Male,Application denied,1,165000.0,95.0,8.0,3.0,0.0,,,,,,,,,,,,165000.0,1.0,1.0,1.0,,1.0,52000.0,48.0,1.0,1.0,1.0,1.0,1.0,1.0,1.0,1.0,1.0,1.0,1.0,1.0,1.0,1.0,45-54,9999,No,,1,1,,,
19740,GA,63.0,1306303456.0,Conventional:Subordinate Lien,Single Family (1-4 Units):Site-Built,Not Hispanic or Latino,Asian,Female,Loan originated,3,95000.0,70.0,8.5,3.5,0.0,3800.0,950.0,1100.0,400.0,200.0,240.0,,,1.0,2.0,2.0,2.0,136000.0,1.0,2.0,3.0,,1.0,72000.0,31.0,1.0,1.0,2.0,2.0,1.0,1.0,2.0,2.0,1.0,1.0,1.0,1.0,1.0,1,35-44,25-34,No,No,1,1,,
42660,WI,25.0,5502509876.0,USDA:First Lien,Single Family (1-4 Units):Site-Built,Not Hispanic or Latino,White,Female,Loan originated,1,155000.0,89.0,6.8,2.1,0.0,6200.0,1300.0,1500.0,600.0,300.0,360.0,,,1.0,2.0,2.0,2.0,174000.0,1.0,1.0,1.0,,1.0,48000.0,38.0,1.0,1.0,2.0,2.0,1.0,1.0,2.0,2.0,1.0,1.0,1.0,1.0,1.0,1,25-34,25-34,No,No,1,1,,
22220,IL,43.0,1704302345.0,Conventional:First Lien,Single Family (1-4 Units):Site-Built,Not Hispanic or Latino,White,Male,Loan originated,1,285000.0,77.0,7.3,2.5,0.0,8100.0,2050.0,2300.0,920.0,480.0,360.0,,,1.0,2.0,2.0,2.0,285000.0,1.0,1.0,1.0,,1.0,98000.0,34.0,1.0,1.0,2.0,2.0,1.0,1.0,2.0,2.0,1.0,1.0,1.0,1.0,1.0,1,45-54,35-44,No,No,1,1,,
47900,NV,3.0,3200304567.0,FHA:First Lien,Single Family (1-4 Units):Site-Built,Hispanic or Latino,Black or African American,Female,Loan originated,1,235000.0,93.0,7.6,2.7,0.0,7300.0,1600.0,1900.0,750.0,400.0,360.0,,,1.0,2.0,2.0,2.0,253000.0,1.0,1.0,1.0,,1.0,65000.0,46.0,1.0,1.0,1.0,1.0,1.0,1.0,1.0,1.0,1.0,1.0,2.0,2.0,1.0,1,25-34,35-44,No,No,1,1,,
12540,WA,53.0,5305307890.0,Conventional:First Lien,Single Family (1-4 Units):Site-Built,Not Hispanic or Latino,White,Male,Application withdrawn,1,375000.0,83.0,6.9,2.1,0.0,,,,,,,,,,,,375000.0,1.0,1.0,1.0,,1.0,140000.0,29.0,1.0,1.0,2.0,2.0,1.0,1.0,2.0,2.0,1.0,1.0,1.0,1.0,1.0,1.0,35-44,9999,No,,1,1,,,
45300,SC,63.0,4506301234.0,Conventional:First Lien,Single Family (1-4 Units):Site-Built,Not Hispanic or Latino,White,Female,Loan originated,1,205000.0,84.0,7.2,2.3,0.0,7100.0,1750.0,2000.0,780.0,420.0,360.0,,,1.0,2.0,2.0,2.0,205000.0,1.0,1.0,1.0,,1.0,75000.0,36.0,1.0,1.0,2.0,2.0,1.0,1.0,2.0,2.0,1.0,1.0,1.0,1.0,1.0,1,35-44,25-34,No,No,1,1,,
41180,TX,85.0,4808506789.0,VA:First Lien,Single Family (1-4 Units):Site-Built,Not Hispanic or Latino,Asian,Male,Loan originated,1,275000.0,86.0,6.7,1.8,0.0,7400.0,1850.0,2100.0,820.0,430.0,360.0,,,1.0,2.0,2.0,2.0,275000.0,1.0,1.0,1.0,,1.0,88000.0,33.0,1.0,1.0,2.0,2.0,1.0,1.0,2.0,2.0,1.0,1.0,1.0,1.0,1.0,1,25-34,25-34,No,No,1,1,,
33460,OH,35.0,3903509876.0,Conventional:First Lien,Single Family (1-4 Units):Site-Built,Hispanic or Latino,White,Male,Loan originated,1,175000.0,91.0,7.8,2.9,0.0,6900.0,1500.0,1700.0,650.0,350.0,360.0,,,1.0,2.0,2.0,2.0,192000.0,1.0,1.0,1.0,,1.0,55000.0,43.0,1.0,1.0,1.0,1.0,1.0,1.0,1.0,1.0,1.0,1.0,1.0,1.0,1.0,1,45-54,35-44,No,No,1,1,,
12020,CA,37.0,603702345.0,Conventional:Subordinate Lien,Single Family (1-4 Units):Site-Built,Not Hispanic or Latino,Black or African American,Female,Loan originated,3,125000.0,68.0,8.75,3.8,0.0,4200.0,1000.0,1200.0,450.0,250.0,180.0,,,1.0,2.0,2.0,2.0,184000.0,1.0,2.0,3.0,,1.0,82000.0,32.0,1.0,1.0,2.0,2.0,1.0,1.0,2.0,2.0,1.0,1.0,1.0,1.0,1.0,1,35-44,25-34,No,No,1,1,,
24500,MI,21.0,2602104567.0,FHA:First Lien,Single Family (1-4 Units):Site-Built,Not Hispanic or Latino,White,Male,Application denied,1,145000.0,97.0,8.2,3.3,0.0,,,,,,,,,,,,145000.0,1.0,1.0,1.0,,1.0,48000.0,49.0,1.0,1.0,2.0,2.0,1.0,1.0,2.0,2.0,1.0,1.0,1.0,1.0,1.0,1.0,25-34,9999,No,,1,1,,,
18140,FL,5.0,1200507890.0,Conventional:First Lien,Single Family (1-4 Units):Site-Built,Hispanic or Latino,White,Female,Loan originated,1,315000.0,79.0,7.0,2.4,0.0,8300.0,2100.0,2400.0,950.0,500.0,360.0,,,1.0,2.0,2.0,2.0,315000.0,1.0,1.0,1.0,,1.0,95000.0,35.0,1.0,1.0,1.0,1.0,1.0,1.0,1.0,1.0,1.0,1.0,2.0,2.0,1.0,1,35-44,35-44,No,No,1,1,,
38300,PA,45.0,4204501234.0,Conventional:First Lien,Single Family (1-4 Units):Site-Built,Not Hispanic or Latino,Asian,Male,Loan originated,1,265000.0,81.0,6.8,2.0,0.0,7700.0,1950.0,2200.0,880.0,460.0,360.0,,,1.0,2.0,2.0,2.0,265000.0,1.0,1.0,1.0,,1.0,102000.0,31.0,1.0,1.0,2.0,2.0,1.0,1.0,2.0,2.0,1.0,1.0,1.0,1.0,1.0,1,35-44,25-34,No,No,1,1,,
22420,IN,57.0,1805706789.0,USDA:First Lien,Single Family (1-4 Units):Site-Built,Not Hispanic or Latino,White,Female,Loan originated,1,145000.0,88.0,6.9,2.2,0.0,5800.0,1200.0,1400.0,550.0,300.0,360.0,,,1.0,2.0,2.0,2.0,165000.0,1.0,1.0,1.0,,1.0,45000.0,39.0,1.0,1.0,2.0,2.0,1.0,1.0,2.0,2.0,1.0,1.0,1.0,1.0,1.0,1,25-34,25-34,No,No,1,1,,
38940,NC,119.0,3711909876.0,Conventional:First Lien,Single Family (1-4 Units):Site-Built,Not Hispanic or Latino,White,Male,File closed for incompleteness,1,295000.0,87.0,7.1,2.3,0.0,,,,,,,,,,,,295000.0,1.0,1.0,1.0,,1.0,115000.0,28.0,1.0,1.0,2.0,2.0,1.0,1.0,2.0,2.0,1.0,1.0,1.0,1.0,1.0,1.0,45-54,9999,No,,1,1,,,
42680,WI,25.0,5502503456.0,Conventional:First Lien,Single Family (1-4 Units):Site-Built,Hispanic or Latino,White,Male,Loan originated,1,175000.0,90.0,7.5,2.6,0.0,6800.0,1450.0,1650.0,680.0,380.0,360.0,,,1.0,2.0,2.0,2.0,194000.0,1.0,1.0,1.0,,1.0,58000.0,42.0,1.0,1.0,1.0,1.0,1.0,1.0,1.0,1.0,1.0,1.0,1.0,1.0,1.0,1,35-44,25-34,No,No,1,1,,
17660,TX,85.0,4808502345.0,VA:First Lien,Single Family (1-4 Units):Site-Built,Not Hispanic or Latino,Black or African American,Female,Loan originated,1,255000.0,83.0,6.9,2.0,0.0,7500.0,1850.0,2100.0,820.0,430.0,360.0,,,1.0,2.0,2.0,2.0,255000.0,1.0,1.0,1.0,,1.0,82000.0,34.0,1.0,1.0,2.0,2.0,1.0,1.0,2.0,2.0,1.0,1.0,1.0,1.0,1.0,1,25-34,35-44,No,No,1,1,,
36500,OH,35.0,3903506789.0,Conventional:Subordinate Lien,Single Family (1-4 Units):Site-Built,Not Hispanic or Latino,White,Female,Application withdrawn,3,85000.0,72.0,8.9,4.0,0.0,,,,,,,,,,,,118000.0,1.0,2.0,3.0,,1.0,68000.0,30.0,1.0,1.0,2.0,2.0,1.0,1.0,2.0,2.0,1.0,1.0,1.0,1.0,1.0,1.0,35-44,9999,No,,1,1,,,
49340,CA,37.0,603707890.0,FHA:First Lien,Single Family (1-4 Units):Site-Built,Hispanic or Latino,Asian,Male,Loan originated,1,365000.0,92.0,7.3,2.4,0.0,8800.0,2200.0,2500.0,1000.0,520.0,360.0,,,1.0,2.0,2.0,2.0,397000.0,1.0,1.0,1.0,,1.0,115000.0,36.0,1.0,1.0,1.0,1.0,1.0,1.0,1.0,1.0,1.0,1.0,1.0,1.0,1.0,1,35-44,35-44,No,No,1,1,,
12060,AZ,13.0,401301234.0,Conventional:First Lien,Single Family (1-4 Units):Site-Built,Not Hispanic or Latino,White,Male,Loan originated,1,225000.0,85.0,7.2,2.3,0.0,7600.0,1850.0,2100.0,850.0,440.0,360.0,,,1.0,2.0,2.0,2.0,225000.0,1.0,1.0,1.0,,1.0,78000.0,33.0,1.0,1.0,2.0,2.0,1.0,1.0,2.0,2.0,1.0,1.0,1.0,1.0,1.0,1,45-54,35-44,No,No,1,1,,
33100,NC,119.0,3711904567.0,Conventional:First Lien,Single Family (1-4 Units):Site-Built,Not Hispanic or Latino,Native Hawaiian or Other Pacific Islander,Female,Application denied,1,195000.0,94.0,8.1,3.1,0.0,,,,,,,,,,,,195000.0,1.0,1.0,1.0,,1.0,58000.0,47.0,1.0,1.0,2.0,2.0,1.0,1.0,2.0,2.0,1.0,1.0,1.0,1.0,1.0,1.0,25-34,9999,No,,1,1,,,
18140,FL,5.0,1200502345.0,Conventional:First Lien,Single Family (1-4 Units):Site-Built,Hispanic or Latino,White,Female,Loan originated,1,285000.0,76.0,6.95,2.2,0.0,8000.0,2000.0,2300.0,920.0,480.0,360.0,,,1.0,2.0,2.0,2.0,285000.0,1.0,1.0,1.0,,1.0,88000.0,34.0,1.0,1.0,1.0,1.0,1.0,1.0,1.0,1.0,1.0,1.0,2.0,2.0,1.0,1,35-44,25-34,No,No,1,1,,
38300,PA,45.0,4204506789.0,USDA:First Lien,Single Family (1-4 Units):Site-Built,Not Hispanic or Latino,Asian,Female,Loan originated,1,165000.0,87.0,6.7,1.9,0.0,6400.0,1350.0,1550.0,620.0,330.0,360.0,,,1.0,2.0,2.0,2.0,190000.0,1.0,1.0,1.0,,1.0,52000.0,37.0,1.0,1.0,2.0,2.0,1.0,1.0,2.0,2.0,1.0,1.0,1.0,1.0,1.0,1,25-34,25-34,No,No,1,1,,
22420,IN,57.0,1805701234.0,Conventional:First Lien,Single Family (1-4 Units):Site-Built,Not Hispanic or Latino,Black or African American,Male,Loan originated,1,185000.0,82.0,7.4,2.5,0.0,7000.0,1650.0,1850.0,720.0,380.0,360.0,,,1.0,2.0,2.0,2.0,185000.0,1.0,1.0,1.0,,1.0,62000.0,38.0,1.0,1.0,2.0,2.0,1.0,1.0,2.0,2.0,1.0,1.0,1.0,1.0,1.0,1,35-44,35-44,No,No,1,1,,
38940,NC,119.0,3711904567.0,Conventional:Subordinate Lien,Single Family (1-4 Units):Site-Built,Not Hispanic or Latino,White,Male,Loan originated,3,115000.0,73.0,8.6,3.6,0.0,4500.0,1100.0,1300.0,500.0,280.0,180.0,,,1.0,2.0,2.0,2.0,158000.0,1.0,2.0,3.0,,1.0,78000.0,31.0,1.0,1.0,2.0,2.0,1.0,1.0,2.0,2.0,1.0,1.0,1.0,1.0,1.0,1,45-54,25-34,No,No,1,1,,
42680,WI,25.0,5502507890.0,FHA:First Lien,Single Family (1-4 Units):Site-Built,Hispanic or Latino,White,Female,Application withdrawn,1,155000.0,96.0,8.0,3.2,0.0,,,,,,,,,,,,162000.0,1.0,1.0,1.0,,1.0,52000.0,50.0,1.0,1.0,1.0,1.0,1.0,1.0,1.0,1.0,1.0,1.0,2.0,2.0,1.0,1.0,25-34,9999,No,,1,1,,,
17660,TX,85.0,4808505678.0,Conventional:First Lien,Single Family (1-4 Units):Site-Built,Not Hispanic or Latino,Asian,Male,Loan originated,1,305000.0,78.0,6.8,1.9,0.0,8100.0,2050.0,2300.0,920.0,480.0,360.0,,,1.0,2.0,2.0,2.0,305000.0,1.0,1.0,1.0,,1.0,108000.0,32.0,1.0,1.0,2.0,2.0,1.0,1.0,2.0,2.0,1.0,1.0,1.0,1.0,1.0,1,35-44,35-44,No,No,1,1,,
36500,OH,35.0,3903501234.0,VA:First Lien,Single Family (1-4 Units):Site-Built,Not Hispanic or Latino,White,Male,Loan originated,1,215000.0,88.0,6.5,1.7,0.0,7000.0,1650.0,1850.0,730.0,380.0,360.0,,,1.0,2.0,2.0,2.0,215000.0,1.0,1.0,1.0,,1.0,72000.0,30.0,1.0,1.0,2.0,2.0,1.0,1.0,2.0,2.0,1.0,1.0,1.0,1.0,1.0,1,25-34,25-34,No,No,1,1,,
49340,CA,37.0,603704567.0,Conventional:First Lien,Single Family (1-4 Units):Site-Built,Hispanic or Latino,White,Female,File closed for incompleteness,1,395000.0,84.0,7.0,2.3,0.0,,,,,,,,,,,,395000.0,1.0,1.0,1.0,,1.0,135000.0,29.0,1.0,1.0,1.0,1.0,1.0,1.0,1.0,1.0,1.0,1.0,2.0,2.0,1.0,1.0,45-54,9999,No,,1,1,,,
12060,AZ,13.0,401304567.0,Conventional:First Lien,Single Family (1-4 Units):Site-Built,Not Hispanic or Latino,American Indian or Alaska Native,Male,Application denied,1,205000.0,98.0,8.5,3.5,0.0,,,,,,,,,,,,209000.0,1.0,1.0,1.0,,1.0,65000.0,52.0,1.0,1.0,2.0,2.0,1.0,1.0,2.0,2.0,1.0,1.0,1.0,1.0,1.0,1.0,35-44,9999,No,,1,1,,,
33100,NC,119.0,3711907890.0,Conventional:First Lien,Single Family (1-4 Units):Site-Built,Not Hispanic or Latino,White,Female,Loan originated,1,245000.0,89.0,7.3,2.4,0.0,7700.0,1900.0,2150.0,850.0,450.0,360.0,,,1.0,2.0,2.0,2.0,245000.0,1.0,1.0,1.0,,1.0,82000.0,35.0,1.0,1.0,2.0,2.0,1.0,1.0,2.0,2.0,1.0,1.0,1.0,1.0,1.0,1,35-44,25-34,No,No,1,1,,
18140,FL,5.0,1200505678.0,USDA:First Lien,Single Family (1-4 Units):Site-Built,Hispanic or Latino,Asian,Male,Loan originated,1,175000.0,91.0,6.9,2.1,0.0,6500.0,1400.0,1600.0,640.0,340.0,360.0,,,1.0,2.0,2.0,2.0,193000.0,1.0,1.0,1.0,,1.0,55000.0,39.0,1.0,1.0,1.0,1.0,1.0,1.0,1.0,1.0,1.0,1.0,1.0,1.0,1.0,1,25-34,25-34,No,No,1,1,,
38300,PA,45.0,4204507890.0,Conventional:First Lien,Single Family (1-4 Units):Site-Built,Not Hispanic or Latino,Black or African American,Female,Loan originated,1,235000.0,86.0,7.1,2.2,0.0,7400.0,1800.0,2050.0,800.0,420.0,360.0,,,1.0,2.0,2.0,2.0,235000.0,1.0,1.0,1.0,,1.0,78000.0,33.0,1.0,1.0,2.0,2.0,1.0,1.0,2.0,2.0,1.0,1.0,1.0,1.0,1.0,1,35-44,35-44,No,No,1,1,,
22420,IN,57.0,1805703456.0,Conventional:Subordinate Lien,Single Family (1-4 Units):Site-Built,Not Hispanic or Latino,White,Male,Application denied,3,75000.0,69.0,9.0,4.2,0.0,,,,,,,,,,,,109000.0,1.0,2.0,3.0,,1.0,58000.0,45.0,1.0,1.0,2.0,2.0,1.0,1.0,2.0,2.0,1.0,1.0,1.0,1.0,1.0,1.0,45-54,9999,No,,1,1,,,
38940,NC,119.0,3711901234.0,Conventional:First Lien,Single Family (1-4 Units):Site-Built,Not Hispanic or Latino,Native Hawaiian or Other Pacific Islander,Female,Loan originated,1,275000.0,85.0,6.9,2.0,0.0,7900.0,1950.0,2200.0,880.0,460.0,360.0,,,1.0,2.0,2.0,2.0,275000.0,1.0,1.0,1.0,,1.0,92000.0,32.0,1.0,1.0,2.0,2.0,1.0,1.0,2.0,2.0,1.0,1.0,1.0,1.0,1.0,1,25-34,25-34,No,No,1,1,,
42680,WI,25.0,5502504567.0,FHA:First Lien,Single Family (1-4 Units):Site-Built,Hispanic or Latino,White,Male,Loan originated,1,165000.0,93.0,7.7,2.8,0.0,6800.0,1450.0,1650.0,680.0,360.0,360.0,,,1.0,2.0,2.0,2.0,178000.0,1.0,1.0,1.0,,1.0,55000.0,44.0,1.0,1.0,1.0,1.0,1.0,1.0,1.0,1.0,1.0,1.0,1.0,1.0,1.0,1,35-44,25-34,No,No,1,1,,
17660,TX,85.0,4808501234.0,Conventional:First Lien,Single Family (1-4 Units):Site-Built,Not Hispanic or Latino,Asian,Female,Application withdrawn,1,325000.0,81.0,7.0,2.1,0.0,,,,,,,,,,,,325000.0,1.0,1.0,1.0,,1.0,115000.0,30.0,1.0,1.0,2.0,2.0,1.0,1.0,2.0,2.0,1.0,1.0,1.0,1.0,1.0,1.0,35-44,9999,No,,1,1,,,
36500,OH,35.0,3903505678.0,Conventional:First Lien,Single Family (1-4 Units):Site-Built,Not Hispanic or Latino,White,Male,Loan originated,1,195000.0,88.0,7.4,2.5,0.0,7200.0,1700.0,1900.0,750.0,400.0,360.0,,,1.0,2.0,2.0,2.0,195000.0,1.0,1.0,1.0,,1.0,68000.0,37.0,1.0,1.0,2.0,2.0,1.0,1.0,2.0,2.0,1.0,1.0,1.0,1.0,1.0,1,45-54,35-44,No,No,1,1,,
