activity_year,derived_msa-md,state_code,county_code,census_tract,derived_loan_product_type,derived_dwelling_category,derived_ethnicity,derived_race,derived_sex,action_taken,loan_purpose,loan_amount,loan_to_value_ratio,interest_rate,rate_spread,hoepa_status,total_loan_costs,total_points_and_fees,origination_charges,discount_points,lender_credits,loan_term,prepayment_penalty_term,intro_rate_period,negative_amortization,interest_only_payment,balloon_payment,other_nonamortizing_features,property_value,construction_method,occupancy_type,manufactured_home_secured_property_type,manufactured_home_land_property_interest,total_units,multifamily_affordable_units,income,debt_to_income_ratio,applicant_credit_score_type,co-applicant_credit_score_type,applicant_ethnicity-1,co-applicant_ethnicity-1,applicant_ethnicity_observed,co-applicant_ethnicity_observed,applicant_race-1,co-applicant_race-1,applicant_race_observed,co-applicant_race_observed,applicant_sex,co-applicant_sex,applicant_sex_observed,co-applicant_sex_observed,applicant_age,co-applicant_age,applicant_age_above_62,co-applicant_age_above_62,submission_of_application,initially_payable_to_institution
2024,99999,CT,9150.0,9150708100.0,Conventional:Subordinate Lien,Single Family (1-4 Units):Site-Built,Not Hispanic or Latino,White,Male,File closed for incompleteness,32,25000.0,,,,3,,,,,,240,,,2,2,2,2,,1,1,3,5,1,,96.0,,1111,1111,2.0,5.0,2,4,5.0,8.0,2,4,1,5,2,4,65-74,9999,Yes,,1,1
2024,12345,NY,1234.0,1234123456.0,FHA:First Lien,Single Family (1-4 Units):Site-Built,Hispanic or Latino,Black,Female,Loan originated,10,350000.0,85.0,4.5,1.5,1,3500.0,500.0,2000.0,1.5,1500.0,360,360,24,1,0,0,0,1,1,1,1,1,,300.0,,5555,5555,3.0,6.0,3,5,6.0,9.0,3,5,2,6,3,5,30-39,40-49,No,,1,1
2024,23456,TX,2345.0,2345234567.0,VA:First Lien,Single Family (1-4 Units):Mobile Home,Not Hispanic or Latino,Asian,Female,Application denied by financial institution,20,420000.0,90.0,4.8,2.0,0,4700.0,600.0,2500.0,2.0,1800.0,360,360,36,0,0,0,1,1,1,0,0,1,,250.0,,7777,7777,4.0,7.0,4,4,7.0,10.0,4,4,4,7,4,4,40-49,50-59,No,,0,1
2024,34567,FL,3456.0,3456345678.0,Conventional:First Lien,Two-Family:Site-Built,Not Hispanic or Latino,White,Male,Application withdrawn by applicant,10,280000.0,75.0,4.0,1.0,1,3000.0,450.0,1750.0,1.0,1300.0,360,360,36,1,1,0,0,0,1,0,1,0,,190.0,,2222,2222,5.0,8.0,5,3,8.0,11.0,5,3,5,8,5,3,50-59,60-69,Yes,,1,0
2024,45678,CA,4567.0,4567456789.0,FHA:Subordinate Lien,Single Family (1-4 Units):Site-Built,Hispanic or Latino,Hispanic,Female,Loan approved but not accepted,20,325000.0,80.0,4.3,1.2,0,3400.0,520.0,2200.0,1.7,1500.0,360,360,24,0,0,1,1,1,0,1,1,1,,280.0,,3333,3333,6.0,9.0,6,6,9.0,12.0,6,6,6,9,6,6,60-69,40-49,Yes,,0,1
2024,56789,IL,5678.0,5678567890.0,VA:First Lien,Three-Family:Mobile Home,Not Hispanic or Latino,White,Female,Loan originated,10,380000.0,88.0,4.9,2.2,1,4200.0,620.0,3000.0,2.2,1900.0,300,300,36,1,0,0,0,1,0,0,1,1,,330.0,,4444,4444,7.0,10.0,7,5,10.0,13.0,7,5,7,10,7,5,70-79,30-39,No,,1,1
2024,67890,GA,6789.0,6789678901.0,Conventional:First Lien,Multi-Family:Site-Built,Not Hispanic or Latino,Black,Male,Loan denied,20,210000.0,70.0,5.2,1.8,0,2500.0,400.0,1300.0,1.2,900.0,360,360,30,0,1,1,1,0,1,1,0,0,,220.0,,6666,6666,8.0,11.0,8,4,11.0,14.0,8,4,8,11,8,4,20-29,20-29,Yes,,0,1
2024,78901,PA,7890.0,7890789012.0,FHA:Subordinate Lien,Single Family (1-4 Units):Mobile Home,Not Hispanic or Latino,White,Female,Application denied by financial institution,10,450000.0,92.0,5.1,2.5,1,4500.0,650.0,2750.0,2.5,2000.0,360,360,48,1,0,0,0,1,0,1,1,1,,290.0,,8888,8888,9.0,12.0,9,7,12.0,15.0,9,7,9,12,9,7,50-59,60-69,Yes,,1,1
2024,89012,OH,8901.0,8901890123.0,VA:First Lien,Single Family (1-4 Units):Site-Built,Hispanic or Latino,Hispanic,Male,Loan originated,10,350000.0,85.0,4.6,1.8,0,3800.0,550.0,2300.0,1.8,1500.0,360,360,24,0,0,0,1,1,0,1,0,1,,210.0,,9999,9999,10.0,13.0,10,8,13.0,16.0,10,8,10,13,10,8,60-69,80-89,No,,0,1
2024,90123,MI,9012.0,9012901213.0,Conventional:Subordinate Lien,Single Family (1-4 Units):Site-Built,Not Hispanic or Latino,Asian,Male,Loan approved but not accepted,20,600000.0,95.0,5.8,2.8,1,6200.0,750.0,3500.0,3.0,2500.0,360,360,36,0,1,0,0,0,0,1,1,0,,180.0,,1122,1122,11.0,14.0,11,6,14.0,17.0,11,6,11,14,11,6,30-39,50-59,Yes,,1,1
2024,01234,MA,0123.0,0123012345.0,FHA:First Lien,Single Family (1-4 Units):Site-Built,Not Hispanic or Latino,White,Female,Loan denied,10,290000.0,72.0,4.4,1.3,0,2800.0,460.0,1800.0,1.3,1200.0,360,360,24,0,1,0,0,1,1,0,1,0,,150.0,,3344,3344,12.0,15.0,12,5,15.0,18.0,12,5,12,15,12,5,40-49,30-39,Yes,,1,0
2024,12345,WA,1234.0,1234123456.0,VA:Subordinate Lien,Single Family (1-4 Units):Mobile Home,Hispanic or Latino,Hispanic,Female,Loan originated,20,420000.0,83.0,4.7,1.6,1,4200.0,600.0,2500.0,1.9,1700.0,300,300,36,1,0,1,1,0,1,1,1,1,,300.0,,5566,5566,13.0,16.0,13,4,16.0,19.0,13,4,13,16,13,4,20-29,60-69,No,,1,1
2024,23456,CO,2345.0,2345234567.0,Conventional:First Lien,Two-Family:Site-Built,Not Hispanic or Latino,Black,Male,Application withdrew by applicant,10,260000.0,65.0,4.1,0.9,0,2200.0,350.0,1400.0,0.9,1000.0,360,360,48,0,0,0,1,1,1,0,0,0,,240.0,,7788,7788,14.0,17.0,14,7,17.0,20.0,14,7,14,17,14,7,40-49,50-59,Yes,,0,1
2024,34567,VA,3456.0,3456345678.0,FHA:Subordinate Lien,Single Family (1-4 Units):Site-Built,Hispanic or Latino,Hispanic,Female,Loan denid,30,300000.0,78.0,5.0,1.7,1,3300.0,490.0,2100.0,1.6,1400.0,360,360,30,1,1,1,0,0,1,0,1,1,,160.0,,4433,4433,15.0,18.0,15,8,18.0,21.0,15,8,15,18,15,8,50-59,70-79,Yes,,1,1
2024,45678,NJ,4567.0,4567456789.0,VA:First Lien,Single Family (1-4 Units):Mobile Home,Not Hispanic or Latino,White,Female,Loans originated,10,450000.0,90.0,4.5,1.2,0,4300.0,580.0,2400.0,1.5,1600.0,360,360,24,0,0,0,1,1,0,1,1,0,,260.0,,9911,9911,16.0,19.0,16,6,19.0,22.0,16,6,16,19,16,6,60-69,30-39,No,,0,1
2024,56789,MD,5678.0,5678567890.0,Conventional:Subordinate Lien,Single Family (1-4 Units):Site-Built,Not Hispanic or Latino,Asian,Male,Application denied by financial institution,20,200000.0,65.0,4.3,1.3,1,1800.0,380.0,1200.0,1.3,900.0,360,360,48,1,0,1,1,0,1,0,1,0,,170.0,,1133,1133,17.0,20.0,17,9,20.0,23.0,17,9,17,20,17,9,70-79,20-29,Yes,,1,0
2024,67890,NC,6789.0,6789678901.0,FHA:First Lien,Triple-Family:Site-Built,Not Hispanic or Latino,White,Female,Application withdrawn by applicant,30,350000.0,80.0,5.2,2.0,0,3800.0,530.0,2300.0,2.0,1400.0,300,300,36,0,1,0,0,1,1,1,0,1,,190.0,,6688,6688,18.0,21.0,18,5,21.0,24.0,18,5,18,21,18,5,80-89,30-39,Yes,,1,1
2024,78901,OR,7890.0,7890789012.0,VA:Subordinate Lien,Six-Family:Mobile Home,Hispanic or Latino,Hispanic,Male,Loan originated,10,500000.0,95.0,6.0,2.5,1,5200.0,730.0,3500.0,3.0,2500.0,360,360,30,1,0,1,1,0,0,1,1,0,,270.0,,2244,2244,19.0,22.0,19,8,22.0,25.0,19,8,19,22,19,8,30-39,60-69,Yes,,0,1
2024,89012,SC,8901.0,8901890123.0,Conventional:First Lien,Single Family (1-4 Units):Site-Built,Not Hispanic or Latino,Black,Female,Application denied by financial institution,30,620000.0,92.0,5.6,2.0,1,5500.0,700.0,3800.0,2.5,2400.0,300,300,36,0,1,1,1,1,1,0,0,1,,280.0,,7799,7799,20.0,23.0,20,7,23.0,26.0,20,7,20,23,20,7,40-49,70-79,No,,1,1
2024,90123,IN,9012.0,9012901213.0,FHA:Subordinate Lien,Single Family (1-4 Units):Mobile Home,Not Hispanic or Latino,Hispanic,Male,Loan originated,30,270000.0,75.0,4.6,1.5,0,3000.0,400.0,1900.0,1.5,1200.0,360,360,24,0,0,1,1,1,1,0,1,1,,310.0,,3388,3388,21.0,24.0,21,6,24.0,27.0,21,6,21,24,21,6,50-59,20-29,Yes,,0,1
2024,01234,TN,0123.0,0123012345.0,VA:First Lien,Single Family (1-4 Units):Site-Built,Not Hispanic or Latino,White,Female,Loan approved but not accepted,20,300000.0,78.0,5.1,1.9,1,3500.0,520.0,2300.0,1.8,1500.0,360,360,48,1,0,0,1,1,1,1,1,1,,290.0,,9922,9922,22.0,25.0,22,9,25.0,28.0,22,9,22,25,22,9,60-69,30-39,Yes,,1,1
2024,12345,MO,1234.0,1234123456.0,Conventional:Subordinate Lien,Single Family (1-4 Units):Site-Built,Not Hispanic or Latino,Black,Female,Loan denid,10,420000.0,85.0,5.4,2.2,0,3800.0,580.0,2600.0,2.2,1600.0,360,360,30,0,0,1,1,0,0,1,1,0,,200.0,,1166,1166,23.0,26.0,23,6,26.0,29.0,23,6,23,26,23,6,70-79,40-49,No,,0,1
2024,23456,AR,2345.0,2345234567.0,FHA:First Lien,Single Family (1-4 Units):Mobile Home,Hispanic or Latino,Hispanic,Male,Loan originated,30,230000.0,68.0,4.3,1.3,1,2200.0,340.0,1400.0,1.2,900.0,360,360,48,0,0,0,1,1,0,0,1,1,,230.0,,4411,4411,24.0,27.0,24,7,27.0,30.0,24,7,24,27,24,7,30-39,50-59,Yes,,1,0
2024,34567,KS,3456.0,3456345678.0,VA:Subordinate Lien,Single Family (1-4 Units):Site-Built,Not Hispanic or Latino,White,Female,Loan originated,30,510000.0,91.0,5.9,2.0,0,5000.0,680.0,3300.0,2.2,2300.0,360,360,24,1,1,0,1,0,1,0,1,0,,240.0,,7755,7755,25.0,28.0,25,5,28.0,31.0,25,5,25,28,25,5,60-69,70-79,No,,1,1
2024,45678,KY,4567.0,4567456789.0,Conventional:First Lien,Multi-Family:Mobile Home,Not Hispanic or Latino,White,Female,Application withdrawn by applicant,30,250000.0,70.0,4.7,1.0,1,2700.0,410.0,1700.0,1.1,1000.0,360,360,48,0,0,1,0,0,0,1,0,1,,160.0,,8900,8900,26.0,29.0,26,8,29.0,32.0,26,8,26,29,26,8,20-29,40-49,Yes,,0,1
2024,56789,WV,5678.0,5678567890.0,FHA:Subordinate Lien,Single Family (1-4 Units):Site-Built,Hispanic or Latino,Hispanic,Male,Loans originated,10,400000.0,85.0,5.3,2.0,0,4000.0,550.0,2500.0,2.0,1600.0,300,300,36,0,0,0,1,0,0,1,1,0,,260.0,,5544,5544,27.0,30.0,27,6,30.0,33.0,27,6,27,30,27,6,30-39,30-39,No,,1,1
2024,67890,ID,6789.0,6789678901.0,VA:First Lien,Single Family (1-4 Units):Site-Built,Not Hispanic or Latino,Asian,Female,Application denied by financial institution,20,280000.0,70.0,4.9,1.4,1,3200.0,480.0,1900.0,1.5,1300.0,360,360,30,0,0,0,1,0,1,1,0,0,,300.0,,9944,9944,28.0,31.0,28,7,31.0,34.0,28,7,28,31,28,7,40-49,70-79,No,,1,1
2024,78901,NH,7890.0,7890789012.0,Conventional:Subordinate Lien,Single Family (1-4 Units):Site-Built,Not Hispanic or Latino,Black,Male,Application withdrawn by applicant,30,830000.0,94.0,5.8,2.5,1,5500.0,700.0,3600.0,2.8,2400.0,360,360,48,1,1,1,1,1,1,0,1,1,,210.0,,1999,1999,29.0,32.0,29,9,32.0,35.0,29,9,29,32,29,9,40-49,60-69,Yes,,0,1
2024,89012,VT,8901.0,8901890123.0,FHA:First Lien,Single Family (1-4 Units):Mobile Home,Hispanic or Latino,Hispanic,Female,Application denied by financial institution,10,350000.0,83.0,5.7,2.1,0,3800.0,600.0,2300.0,2.1,1500.0,360,360,24,0,1,0,0,0,1,1,0,1,,200.0,,6777,6777,30.0,33.0,30,6,33.0,36.0,30,6,30,33,30,6,50-59,30-39,No,,1,1
2024,90123,ME,9012.0,9012901213.0,VA:Subordinate Lien,Single Family (1-4 Units):Site-Built,Hispanic or Latino,Hispanic,Male,Loans originated,20,570000.0,91.0,6.1,2.2,1,6000.0,720.0,3800.0,2.4,2600.0,300,300,36,0,0,0,0,1,1,0,1,1,,290.0,,1199,1199,31.0,34.0,31,8,34.0,37.0,31,8,31,34,31,8,20-29,60-69,No,,0,1
2024,01234,RI,0123.0,0123012345.0,Conventional:First Lien,Single Family (1-4 Units):Site-Built,Not Hispanic or Latino,White,Female,Loan originated,10,410000.0,85.0,5.2,1.9,0,4200.0,580.0,2400.0,1.9,1700.0,360,360,24,1,1,1,1,0,1,1,1,0,,230.0,,9988,9988,32.0,35.0,32,5,35.0,38.0,32,5,32,35,32,5,30-39,40-49,No,,1,1
2024,12345,DE,1234.0,1234123456.0,FHA:Subordinate Lien,Single Family (1-4 Units):Mobile Home,Hispanic or Latino,Hispanic,Male,Application withdrawn by applicant,30,360000.0,86.0,5.1,2.0,1,3900.0,610.0,2400.0,2.0,1800.0,360,360,30,0,0,0,1,1,0,0,1,1,,180.0,,2277,2277,33.0,36.0,33,6,36.0,39.0,33,6,33,36,33,6,50-59,60-69,No,,1,1
2024,23456,AZ,2345.0,2345234567.0,VA:First Lien,Single Family (1-4 Units):Site-Built,Not Hispanic or Latino,White,Female,Loan originated,30,290000.0,75.0,4.7,1.4,0,3300.0,480.0,2100.0,1.4,1200.0,300,300,36,1,0,1,0,0,1,0,1,0,,150.0,,7766,7766,34.0,37.0,34,9,37.0,40.0,34,9,34,37,34,9,50-59,40-49,Yes,,0,1
2024,34567,NM,3456.0,3456345678.0,Conventional:Subordinate Lien,Single Family (1-4 Units):Mobile Home,Not Hispanic or Latino,Hispanic,Male,Application denied by financial institution,10,440000.0,90.0,5.3,1.9,1,4500.0,630.0,2600.0,2.0,1900.0,360,360,24,0,0,1,1,1,0,1,1,1,,280.0,,8999,8999,35.0,38.0,35,8,38.0,41.0,35,8,35,38,35,8,60-69,30-39,Yes,,1,0
2024,45678,UT,4567.0,4567456789.0,FHA:First Lien,Single Family (1-4 Units):Site-Built,Hispanic or Latino,Hispanic,Female,Loan originated,20,370000.0,82.0,5.5,2.1,0,3700.0,590.0,2400.0,2.1,1500.0,360,360,36,1,0,0,0,1,1,0,0,1,,230.0,,1188,1188,36.0,39.0,36,7,39.0,42.0,36,7,36,39,36,7,30-39,50-59,No,,0,1
2024,56789,NV,5678.0,5678567890.0,VA:Subordinate Lien,Single Family (1-4 Units):Site-Built,Not Hispanic or Latino,White,Male,Application denied by financial institution,30,480000.0,94.0,5.9,2.4,1,5000.0,680.0,3200.0,2.5,2300.0,360,360,24,1,0,1,1,0,1,1,1,0,,280.0,,1998,1998,37.0,40.0,37,9,40.0,43.0,37,9,37,40,37,9,40-49,30-39,Yes,,1,1
2024,67890,OK,6789.0,6789678901.0,Conventional:First Lien,Single Family (1-4 Units):Site-Built,Hispanic or Latino,Hispanic,Female,Loan originated,10,310000.0,80.0,4.6,1.5,0,3300.0,490.0,2100.0,1.5,1300.0,360,360,48,1,0,0,1,1,1,1,0,1,,270.0,,1155,1155,38.0,41.0,38,6,41
2024,99999,CA,1100.0,1100101000.0,Conventional:First Lien,Single Family (1-4 Units):Site-Built,Hispanic or Latino,White,Male,Loan originated,1,450000.0,80.0,6.5,2.0,No,3500.0,1200.0,1800.0,1.0,0.0,360,0,,,No,No,No,No,No,500000.0,Site-Built,Owner Occupied,Non-Manufactured,Free and Clear,1,0,150000.0,38.0,1,1,1,1,1,1,1,1,1,1,35,35,No,No,Yes,Yes,35,35,35,35,Yes,1
2024,99999,FL,1130.0,1130030100.0,FHA:First Lien,Single Family (1-4 Units):Site-Built,Not Hispanic or Latino,Black,Male,Loan approved but not accepted,4,275000.0,75.0,8.2,1.5,No,2800.0,900.0,1500.0,1.0,0.0,300,0,,,Yes,No,No,Yes,No,300000.0,Site-Built,Owner Occupied,Non-Manufactured,Free and Clear,1,0,96000.0,40.0,1,1,1,1,1,1,1,1,1,1,45,45,No,No,Yes,No,45,45,45,45,Yes,1
2024,99999,NY,1101.0,1101010100.0,Conventional:First Lien,Single Family (1-4 Units):Site-Built,Not Hispanic or Latino,Asian,Male,Loan originated,2,620000.0,70.0,5.8,1.2,No,3200.0,1100.0,1900.0,2.0,0.0,360,0,,,No,No,No,No,No,700000.0,Site-Built,Owner Occupied,Non-Manufactured,Free and Clear,1,0,200000.0,30.0,3,2,1,1,1,1,1,1,1,1,30,30,No,No,Yes,Yes,30,30,30,30,Yes,1
2024,99999,IL,1050.0,1050230100.0,FHA:First Lien,Single Family (1-4 Units):Site-Built,Not Hispanic or Latino,White,Female,Loan originated,1,350000.0,85.0,9.0,1.8,No,3000.0,1000.0,1700.0,1.0,0.0,300,0,,,Yes,No,No,No,Yes,400000.0,Site-Built,Investment,Non-Manufactured,Shared Ownership,1,0,125000.0,35.0,2,2,1,1,1,1,1,1,1,2,40,40,No,No,Yes,No,40,40,40,40,No,1
2024,99999,TX,1030.0,1030090100.0,FHA:First Lien,Single Family (1-4 Units):Mobile Home,Hispanic or Latino,Hispanic,Male,Loan originated,1,150000.0,90.0,10.0,2.5,No,1400.0,700.0,1100.0,1.0,0.0,180,0,,,No,No,Yes,No,No,160000.0,Manufactured,Owner Occupied,Manufactured,Free and Clear,1,0,70000.0,48.0,1,1,1,1,2,1,1,1,1,1,50,50,No,No,Yes,Yes,50,50,50,50,No,1
2024,99999,GA,1050.0,1050220100.0,Conventional:Subordinate Lien,Single Family (1-4 Units):Site-Built,Not Hispanic or Latino,White,Female,File closed for incompleteness,32,200000.0,80.0,6.8,1.7,No,2000.0,800.0,1400.0,1.0,0.0,360,0,,,Yes,No,No,No,Yes,250000.0,Site-Built,Owner Occupied,Non-Manufactured,Free and Clear,1,0,100000.0,32.0,1,2,1,1,1,1,1,1,1,1,48,48,No,No,Yes,No,48,48,48,48,Yes,1
2024,99999,NC,1080.0,1080707000.0,VA:First Lien,Single Family (1-4 Units):Site-Built,Not Hispanic or Latino,Hispanic,Male,Loan originated,2,320000.0,75.0,5.5,0.5,No,2500.0,900.0,1600.0,1.0,0.0,300,0,,,No,Yes,No,No,No,340000.0,Site-Built,Owner Occupied,Non-Manufactured,Free and Clear,1,0,140000.0,34.0,1,1,1,1,1,1,1,1,1,1,55,55,No,No,Yes,Yes,55,55,55,55,Yes,1
2024,99999,OH,1070.0,1070102000.0,Conventional:First Lien,Single Family (1-4 Units):Site-Built,Not Hispanic or Latino,Asian,Female,Loan originated,1,285000.0,70.0,6.2,1.3,No,2200.0,950.0,1400.0,1.0,0.0,360,0,,,Yes,No,No,No,Yes,300000.0,Site-Built,Investment,Non-Manufactured,Shared Ownership,1,0,99000.0,28.0,1,1,1,1,1,1,1,1,1,1,32,32,No,No,Yes,Yes,32,32,32,32,Yes,1
2024,99999,WA,1090.0,1090050000.0,FHA:First Lien,Single Family (1-4 Units):Site-Built,Not Hispanic or Latino,African American,Male,Loan originated,2,180000.0,85.0,8.5,1.6,No,2000.0,800.0,1200.0,1.0,0.0,180,0,,,No,No,No,No,No,200000.0,Site-Built,Owner Occupied,Non-Manufactured,Free and Clear,1,0,80000.0,36.0,2,2,1,1,1,1,1,1,1,1,45,45,No,No,Yes,No,45,45,45,45,Yes,1
2024,99999,MA,1060.0,1060201000.0,FHA:First Lien,Single Family (1-4 Units):Site-Built,Hispanic or Latino,White,Male,Loan originated,5,175000.0,60.0,7.5,2.0,No,2500.0,1000.0,1500.0,1.0,0.0,360,0,,,Yes,No,Yes,No,Yes,180000.0,Site-Built,Owner Occupied,Non-Manufactured,Free and Clear,1,0,70000.0,30.0,1,2,2,2,1,1,1,2,1,1,55,55,No,No,Yes,Yes,25,25,55,55,No,1
2024,99999,OR,1080.0,1080120750.0,Conventional:First Lien,Single Family (1-4 Units):Site-Built,Not Hispanic or Latino,White,Female,Loan originated,1,380000.0,80.0,6.0,0.8,No,3000.0,1100.0,1900.0,1.0,0.0,300,0,,,Yes,Yes,No,No,No,390000.0,Site-Built,Owner Occupied,Non-Manufactured,Free and Clear,1,0,150000.0,35.0,1,2,1,1,1,1,1,1,1,1,52,52,No,No,Yes,Yes,52,52,52,52,Yes,1
2024,99999,VA,1040.0,1040110000.0,FHA:First Lien,Single Family (1-4 Units):Site-Built,Hispanic or Latino,Hispanic,Male,Loan originated,1,160000.0,70.0,8.0,1.8,No,2000.0,900.0,1400.0,1.0,0.0,300,0,,,Yes,No,No,No,Yes,180000.0,Site-Built,Owner Occupied,Non-Manufactured,Free and Clear,1,0,75000.0,28.0,2,2,2,1,1,1,1,1,2,1,37,37,No,No,No,No,37,37,37,37,Yes,1
2024,99999,MI,1070.0,1070330000.0,Conventional:First Lien,Single Family (1-4 Units):Site-Built,Not Hispanic or Latino,White,Male,Loan originated,1,220000.0,80.0,6.5,2.0,Unknown,2500.0,1000.0,1600.0,1.0,0.0,360,0,,,No,Yes,No,No,No,240000.0,Site-Built,Owner Occupied,Non-Manufactured,Free and Clear,1,0,95000.0,32.0,1,2,1,1,1,1,1,1,1,1,40,40,No,No,Yes,Yes,40,40,40,40,Yes,1
2024,99999,MD,1060.0,1060500100.0,FHA:First Lien,Single Family (1-4 Units):Mobile Home,Hispanic or Latino,Hispanic,Male,Loan originated,1,180000.0,90.0,8.2,1.9,No,1800.0,700.0,1200.0,1.0,0.0,180,0,,,Yes,No,Yes,No,Yes,190000.0,Mobile Home,Owner Occupied,Manufactured,Free and Clear,1,0,77000.0,41.0,1,1,2,2,2,1,1,1,1,1,44,44,No,No,Yes,Yes,44,44,44,44,No,1
2024,99999,SC,1090.0,1090010100.0,Conventional:First Lien,Single Family (1-4 Units):Site-Built,Not Hispanic or Latino,Had Hispanic,White,Male,Loan originated,2,310000.0,75.0,6.3,1.2,No,2600.0,1000.0,1700.0,1.0,0.0,360,0,,,No,No,Yes,No,No,320000.0,Site-Built,Investment,Non-Manufactured,Shared Ownership,1,0,130000.0,32.0,1,1,1,1,1,1,1,1,1,1,28,28,No,No,Yes,No,28,28,28,28,Yes,1
2024,99999,NJ,1030.0,1030060100.0,FHA:First Lien,Single Family (1-4 Units):Site-Built,Not Hispanic or Latino,White,Female,Loan originated,1,420000.0,80.0,7.0,1.5,No,3000.0,1000.0,1800.0,2.0,0.0,240,0,,,Yes,No,No,No,Yes,500000.0,Site-Built,Owner Occupied,Non-Manufactured,Free and Clear,1,0,400000.0,34.0,3,3,1,1,1,1,1,1,1,1,31,31,No,No,Yes,Yes,31,31,31,31,Yes,1
2024,99999,TN,1080.0,1080001100.0,Conventional:Subordinate Lien,Single Family (1-4 Units):Site-Built,Not Hispanic or Latino,African American,Female,Loan originated,1,175000.0,75.0,7.5,1.3,No,2000.0,800.0,1300.0,1.0,0.0,360,0,,,No,No,No,No,No,200000.0,Site-Built,Owner Occupied,Non-Manufactured,Free and Clear,1,0,90000.0,30.0,1,2,1,1,2,1,1,1,1,1,58,58,No,No,Yes,Yes,58,58,58,58,Yes,1
2024,99999,NV,1080.0,1080110000.0,Conventional:First Lien,Single Family (1-4 Units):Site-Built,Not Hispanic or Latino,White,Male,Loan originated,2,375000.0,75.0,6.2,1.1,No,2800.0,1000.0,1700.0,1.0,0.0,360,0,,,No,No,No,No,No,400000.0,Site-Built,Owner Occupied,Non-Manufactured,Free and Clear,1,0,145000.0,31.0,1,1,1,1,1,1,1,1,1,1,46,46,No,No,Yes,Yes,46,46,46,46,Yes,1
2024,99999,IN,1040.0,1040708200.0,FHA:First Lien,Single Family (1-4 Units):Site-Built,Not Hispanic or Latino,White,Male,Loan originated,1,250000.0,85.0,8.7,1.8,No,2500.0,900.0,1500.0,1.0,0.0,300,0,,,Yes,No,No,No,Yes,300000.0,Site-Built,Owner Occupied,Non-Manufactured,Free and Clear,1,0,120000.0,33.0,1,1,1,1,1,1,1,1,1,1,46,46,No,No,Yes,No,46,46,46,46,Yes,1
2024,99999,WI,1090.0,1090202000.0,VA:First Lien,Single Family (1-4 Units):Site-Built,Not Hispanic or Latino,Had Hispanic,African American,Female,Loan originated,2,190000.0,70.0,6.8,1.5,No,2200.0,850.0,1300.0,1.0,0.0,360,0,,,No,No,Yes,No,Yes,200000.0,Site-Built,Investment,Non-Manufactured,Shared Ownership,1,0,85000.0,28.0,2,2,1,1,1,1,1,1,1,1,38,38,No,No,Yes,No,38,38,38,38,No,1
2024,99999,KY,1080.0,1080302000.0,Conventional:First Lien,Single Family (1-4 Units):Site-Built,Not Hispanic or Latino,White,Female,Loan originated,1,280000.0,75.0,6.4,0.9,No,2100.0,900.0,1300.0,1.0,0.0,360,0,,,Yes,No,Yes,No,No,300000.0,Site-Built,Owner Occupied,Non-Manufactured,Free and Clear,1,0,110000.0,30.0,1,2,1,1,1,1,1,1,1,1,53,53,No,No,Yes,No,53,53,53,53,Yes,1
2024,99999,CO,1070.0,1070402000.0,FHA:First Lien,Single Family (1-4 Units):Site-Built,Not Hispanic or Latino,Hispanic,Female,Loan originated,1,160000.0,85.0,9.2,2.0,No,2000.0,1000.0,1400.0,1.0,0.0,180,0,,,Yes,No,No,No,No,180000.0,Site-Built,Owner Occupied,Non-Manufactured,Free and Clear,1,0,83000.0,35.0,2,2,2,1,2,2,1,1,2,1,29,29,No,No,Yes,Yes,29,29,29,29,Yes,1
2024,99999,MI,1080.0,1080602000.0,VA:First Lien,Single Family (1-4 Units):Site-Built,Not Hispanic or Latino,White,Male,Loan originated,1,430000.0,80.0,6.7,1.3,No,3100.0,1200.0,2000.0,2.0,0.0,300,0,,,No,Yes,No,No,No,450000.0,Site-Built,Owner Occupied,Non-Manufactured,Free and Clear,1,0,170000.0,33.0,1,1,1,1,1,1,1,1,1,1,41,41,No,No,Yes,Yes,41,41,41,41,Yes,1
2024,99999,AL,1060.0,1060510000.0,FHA:First Lien,Single Family (1-4 Units):Site-Built,Not Hispanic or Latino,White,Female,Loan originated,2,220000.0,75.0,8.0,1.7,No,2200.0,900.0,1400.0,1.0,0.0,360,0,,,No,No,No,Yes,No,240000.0,Site-Built,Owner Occupied,Non-Manufactured,Free and Clear,1,0,100000.0,35.0,1,2,1,1,1,1,1,1,1,1,33,33,No,No,Yes,True,33,33,33,33,Yes,1
2024,99999,HI,1020.0,1020110100.0,Conventional:First Lien,Single Family (1-4 Units):Site-Built,Not Hispanic or Latino,Asian,Female,Loan originated,1,420000.0,80.0,6.5,2.0,No,3500.0,1100.0,1900.0,2.0,0.0,360,0,,,Yes,No,No,No,Yes,500000.0,Site-Built,Owner Occupied,Non-Manufactured,Free and Clear,1,0,500000.0,29.0,1,1,1,1,1,1,1,1,1,1,39,39,No,No,Yes,Yes,39,39,39,39,Yes,1
2024,99999,DE,1060.0,1060010000.0,Conventional:Subordinate Lien,Single Family (1-4 Units):Site-Built,Not Hispanic or Latino,White,Male,Loan originated,1,130000.0,70.0,7.0,1.5,Unknown,1200.0,600.0,900.0,1.0,0.0,360,0,,,No,No,No,No,No,150000.0,Site-Built,Owner Occupied,Non-Manufactured,Free and Clear,1,0,60000.0,30.0,1,2,1,1,1,1,1,2,1,1,42,42,No,No,Yes,Yes,42,42,42,42,Yes,1
2024,99999,OK,1020.0,1020092000.0,FHA:First Lien,Single Family (1-4 Units):Site-Built,Not Hispanic or Latino,White,Female,Loan originated,2,330000.0,80.0,8.5,2.0,No,2800.0,1000.0,1500.0,1.0,0.0,300,0,,,Yes,No,No,No,Yes,350000.0,Site-Built,Investment,Non-Manufactured,Shared Ownership,1,0,150000.0,32.0,1,1,1,1,1,1,1,1,1,1,35,35,No,No,Yes,No,35,35,35,35,Yes,1
2024,99999,PA,1070.0,1070301000.0,Va:First Lien,Single Family (1-4 Units):Site-Built,Not Hispanic or Latino,Had Hispanic,White,Female,Loan originated,1,340000.0,80.0,6.8,2.0,No,2900.0,1100.0,1900.0,1.0,0.0,300,0,,,No,No,No,No,Yes,380000.0,Site-Built,Owner Occupied,Non-Manufactured,Free and Clear,1,0,180000.0,32.0,1,2,1,1,1,1,1,1,1,1,56,56,No,No,Yes,Yes,56,56,56,56,Yes,1
2024,99999,NC,1070.0,1070010100.0,FHA:First Lien,Single Family (1-4 Units):Site-Built,Not Hispanic or Latino,White,Male,Loan originated,2,210000.0,75.0,8.2,1.6,No,2400.0,900.0,1400.0,1.0,0.0,300,0,,,Yes,No,No,No,No,220000.0,Site-Built,Owner Occupied,Non-Manufactured,Free and Clear,1,0,105000.0,31.0,1,1,1,1,1,1,1,1,1,1,47,47,No,No,Yes,Yes,47,47,47,47,Yes,1
2024,99999,UT,1040.0,1040202000.0,Conventional:First Lien,Single Family (1-4 Units):Site-Built,Hispanic or Latino,Hispanic,Male,Loan originated,1,110000.0,80.0,7.0,1.4,No,1400.0,600.0,1000.0,1.0,0.0,360,0,,,Yes,No,Yes,No,Yes,125000.0,Site-Built,Investment,Non-Manufactured,Shared Ownership,1,0,55000.0,28.0,2,2,2,1,2,1,1,1,1,1,28,28,No,No,Yes,Yes,28,28,28,28,No,1
2024,99999,ME,1070.0,1070020100.0,FHA:First Lien,Single Family (1-4 Units):Site-Built,Hispanic or Latino,African American,Male,Loan originated,1,170000.0,80.0,8.6,1.7,No,1800.0,750.0,1200.0,1.0,0.0,300,0,,,Yes,No,Yes,Yes,No,190000.0,Site-Built,Owner Occupied,Non-Manufactured,Free and Clear,1,0,85000.0,35.0,1,1,1,1,2,1,1,1,2,1,52,52,No,No,Yes,Yes,32,32,52,52,Yes,1
2024,99999,WV,1050.0,1050110100.0,Conventional:First Lien,Single Family (1-4 Units):Site-Built,Not Hispanic or Latino,Had Hispanic,White,Female,Loan originated,1,210000.0,85.0,7.2,1.3,No,2000.0,800.0,1300.0,1.0,0.0,360,0,,,No,Yes,No,No,Yes,250000.0,Site-Built,Investment,Non-Manufactured,Shared Ownership,1,0,95000.0,32.0,1,1,1,1,1,1,1,1,1,1,50,50,No,No,Yes,Yes,50,50,50,50,No,1
2024,99999,MT,1090.0,1090000900.0,VA:First Lien,Single Family (1-4 Units):Site-Built,Hispanic or Latino,Had Hispanic,African American,Female,Loan originated,2,500000.0,80.0,7.0,1.0,No,3400.0,1200.0,2000.0,2.0,0.0,360,0,,,No,Yes,No,Yes,No,520000.0,Site-Built,Owner Occupied,Non-Manufactured,Free and Clear,1,0,200000.0,27.0,1,1,1,1,2,1,1,1,2,1,37,37,No,No,Yes,Yes,37,37,37,37,Yes,1
2024,99999,DC,1060.0,1060081500.0,Conventional:First Lien,Single Family (1-4 Units):Site-Built,Hispanic or Latino,African American,Male,Loan originated,1,230000.0,85.0,8.1,1.5,No,2300.0,1000.0,1400.0,1.0,0.0,300,0,,,No,No,Yes,No,No,250000.0,Site-Built,Investment,Non-Manufactured,Shared Ownership,1,0,110000.0,34.0,2,2,2,2,1,1,2,1,1,1,43,43,No,No,Yes,Yes,43,43,43,43,Yes,1
2024,99999,RI,1070.0,1070050100.0,FHA:First Lien,Single Family (1-4 Units):Site-Built,Hispanic or Latino,Had Hispanic,White,Female,Loan originated,1,330000.0,70.0,7.2,1.6,No,2800.0,1000.0,1700.0,1.0,0.0,300,0,,,Yes,Yes,No,No,No,350000.0,Site-Built,Owner Occupied,Non-Manufactured,Free and Clear,1,0,170000.0,36.0,1,1,2,1,1,1,1,1,1,1,44,44,No,No,Yes,Yes,44,44,44,44,Yes,1
2024,99999,MN,1050.0,1050220000.0,FHA:First Lien,Single Family (1-4 Units):Site-Built,Not Hispanic or Latino,Had Hispanic,White,Male,Loan originated,1,150000.0,85.0,9.1,2.0,No,1700.0,800.0,1100.0,1.0,0.0,300,0,,,No,Yes,No,No,Yes,155000.0,Site-Built,Owner Occupied,Non-Manufactured,Free and Clear,1,0,75000.0,37.0,1,2,1,1,1,1,1,1,1,1,33,33,No,No,No,Yes,33,33,33,33,Yes,1
2024,99999,AR,1090.0,1090102000.0,Conventional:First Lien,Single Family (1-4 Units):Mobile Home,Not Hispanic or Latino,White,Male,Loan originated,2,140000.0,70.0,6.6,1.2,No,1600.0,700.0,1100.0,1.0,0.0,360,0,,,No,No,No,No,Yes,160000.0,Manufactured,Owner Occupied,Manufactured,Free and Clear,1,0,70000.0,30.0,1,2,1,1,1,1,1,1,1,1,40,40,No,No,Yes,Yes,40,40,40,40,Yes,1
2024,99999,NE,1060.0,1060110200.0,FHA:First Lien,Single Family (1-4 Units):Site-Built,Hispanic or Latino,African American,Female,Loan originated,1,280000.0,80.0,8.0,1.8,No,2700.0,1000.0,1600.0,1.0,0.0,300,0,,,Yes,No,Yes,No,No
2024,99999,CT,9150.0,9150708100.0,Conventional:Subordinate Lien,Single Family (1-4 Units):Site-Built,Not Hispanic or Latino,White,Male,File closed for incompleteness,32,25000.0,,,,3,,,,,,240,,,2,2,2,2,,1,1,3,5,1,,96.0,,1111,1111,2.0,5.0,2,4,5.0,8.0,2,4,1,5,2,4,65-74,9999,Yes,,1,1
2024,99999,VA,9150.0,9150708100.0,FHA:First Lien,Single Family (1-4 Units):Site-Built,Hispanic or Latino,White,Male,Denied for other reasons,32,35000.0,,,,3,,,,,,240,,,2,2,2,2,,1,1,3,5,1,,96.0,,1111,1111,2.0,5.0,2,4,5.0,8.0,2,4,1,5,2,4,65-74,9999,Yes,,1,1
2024,99999,GA,9150.0,9150708100.0,VA:First Lien,Single Family (1-4 Units):Site-Built,Hispanic or Latino,White,Male,Approved,11,45000.0,,,,3,,,,,,240,,,2,2,2,2,,1,1,3,5,1,,96.0,,1111,1111,2.0,5.0,2,4,5.0,8.0,2,4,1,5,2,4,65-74,9999,Yes,,1,1
2024,99999,NC,9150.0,9150708100.0,FHA:First Lien,Single Family (1-4 Units):Site-Built,Hispanic or Latino,White,Male,Approved,11,55000.0,,,,3,,,,,,240,,,2,2,2,2,,1,1,3,5,1,,96.0,,1111,1111,2.0,5.0,2,4,5.0,8.0,2,4,1,5,2,4,65-74,9999,Yes,,1,1
2024,99999,MD,9150.0,9150708100.0,Conventional:First Lien,Single Family (1-4 Units):Site-Built,Not Hispanic or Latino,White,Male,Approved,11,65000.0,,,,3,,,,,,240,,,2,2,2,2,,1,1,3,5,1,,96.0,,1111,1111,2.0,5.0,2,4,5.0,8.0,2,4,1,5,2,4,65-74,9999,Yes,,1,1
2024,99999,AL,9150.0,9150708100.0,VA:First Lien,Single Family (1-4 Units):Site-Built,Hispanic or Latino,White,Male,Denied for other reasons,32,75000.0,,,,3,,,,,,240,,,2,2,2,2,,1,1,3,5,1,,96.0,,1111,1111,2.0,5.0,2,4,5.0,8.0,2,4,1,5,2,4,65-74,9999,Yes,,1,1
2024,99999,FL,9150.0,9150708100.0,FHA:First Lien,Single Family (1-4 Units):Site-Built,Not Hispanic or Latino,White,Male,Denied for other reasons,32,85000.0,,,,3,,,,,,240,,,2,2,2,2,,1,1,3,5,1,,96.0,,1111,1111,2.0,5.0,2,4,5.0,8.0,2,4,1,5,2,4,65-74,9999,Yes,,1,1
2024,99999,TX,9150.0,9150708100.0,Conventional:First Lien,Single Family (1-4 Units):Site-Built,Hispanic or Latino,White,Male,Approved,32,95000.0,,,,3,,,,,,240,,,2,2,2,2,,1,1,3,5,1,,96.0,,1111,1111,2.0,5.0,2,4,5.0,8.0,2,4,1,5,2,4,65-74,9999,Yes,,1,1
2024,99999,NY,9150.0,9150708100.0,FHA:First Lien,Single Family (1-4 Units):Site-Built,Not Hispanic or Latino,White,Male,Approved,11,105000.0,,,,3,,,,,,240,,,2,2,2,2,,1,1,3,5,1,,96.0,,1111,1111,2.0,5.0,2,4,5.0,8.0,2,4,1,5,2,4,65-74,9999,Yes,,1,1
2024,99999,OH,9150.0,9150708100.0,VA:First Lien,Single Family (1-4 Units):Site-Built,Hispanic or Latino,White,Male,Approved,11,115000.0,,,,3,,,,,,240,,,2,2,2,2,,1,1,3,5,1,,96.0,,1111,1111,2.0,5.0,2,4,5.0,8.0,2,4,1,5,2,4,65-74,9999,Yes,,1,1
2024,99999,CA,9150.0,9150708100.0,Conventional:First Lien,Single Family (1-4 Units):Site-Built,Hispanic or Latino,White,Male,Approved,11,125000.0,,,,3,,,,,,240,,,2,2,2,2,,1,1,3,5,1,,96.0,,1111,1111,2.0,5.0,2,4,5.0,8.0,2,4,1,5,2,4,65-74,9999,Yes,,1,1
2024,99999,SC,9150.0,9150708100.0,FHA:First Lien,Single Family (1-4 Units):Site-Built,Not Hispanic or Latino,White,Male,Approved,11,135000.0,,,,3,,,,,,240,,,2,2,2,2,,1,1,3,5,1,,96.0,,1111,1111,2.0,5.0,2,4,5.0,8.0,2,4,1,5,2,4,65-74,9999,Yes,,1,1
2024,99999,LA,9150.0,9150708100.0,VA:First Lien,Single Family (1-4 Units):Site-Built,Hispanic or Latino,White,Male,Approved,32,145000.0,,,,3,,,,,,240,,,2,2,2,2,,1,1,3,5,1,,96.0,,1111,1111,2.0,5.0,2,4,5.0,8.0,2,4,1,5,2,4,65-74,9999,Yes,,1,1
2024,99999,WI,9150.0,9150708100.0,Conventional:First Lien,Single Family (1-4 Units):Site-Built,Not Hispanic or Latino,White,Male,Approved,32,155000.0,,,,3,,,,,,240,,,2,2,2,2,,1,1,3,5,1,,96.0,,1111,1111,2.0,5.0,2,4,5.0,8.0,2,4,1,5,2,4,65-74,9999,Yes,,1,1
2024,99999,PA,9150.0,9150708100.0,FHA:First Lien,Single Family (1-4 Units):Site-Built,Not Hispanic or Latino,White,Male,Approved,11,165000.0,,,,3,,,,,,240,,,2,2,2,2,,1,1,3,5,1,,96.0,,1111,1111,2.0,5.0,2,4,5.0,8.0,2,4,1,5,2,4,65-74,9999,Yes,,1,1
2024,99999,IN,9150.0,9150708100.0,VA:First Lien,Single Family (1-4 Units):Site-Built,Hispanic or Latino,White,Male,Approved,32,175000.0,,,,3,,,,,,240,,,2,2,2,2,,1,1,3,5,1,,96.0,,1111,1111,2.0,5.0,2,4,5.0,8.0,2,4,1,5,2,4,65-74,9999,Yes,,1,1
2024,99999,IL,9150.0,9150708100.0,Conventional:First Lien,Single Family (1-4 Units):Site-Built,Hispanic or Latino,White,Male,Approved,32,185000.0,,,,3,,,,,,240,,,2,2,2,2,,1,1,3,5,1,,96.0,,1111,1111,2.0,5.0,2,4,5.0,8.0,2,4,1,5,2,4,65-74,9999,Yes,,1,1
2024,99999,NJ,9150.0,9150708100.0,FHA:First Lien,Single Family (1-4 Units):Site-Built,Not Hispanic or Latino,White,Male,Approved,11,195000.0,,,,3,,,,,,240,,,2,2,2,2,,1,1,3,5,1,,96.0,,1111,1111,2.0,5.0,2,4,5.0,8.0,2,4,1,5,2,4,65-74,9999,Yes,,1,1
2024,99999,MI,9150.0,9150708100.0,VA:First Lien,Single Family (1-4 Units):Site-Built,Hispanic or Latino,White,Male,Approved,11,205000.0,,,,3,,,,,,240,,,2,2,2,2,,1,1,3,5,1,,96.0,,1111,1111,2.0,5.0,2,4,5.0,8.0,2,4,1,5,2,4,65-74,9999,Yes,,1,1
2024,99999,MO,9150.0,9150708100.0,Conventional:First Lien,Single Family (1-4 Units):Site-Built,Not Hispanic or Latino,White,Male,Approved,32,215000.0,,,,3,,,,,,240,,,2,2,2,2,,1,1,3,5,1,,96.0,,1111,1111,2.0,5.0,2,4,5.0,8.0,2,4,1,5,2,4,65-74,9999,Yes,,1,1
2024,99999,AZ,9150.0,9150708100.0,FHA:First Lien,Single Family (1-4 Units):Site-Built,Not Hispanic or Latino,White,Male,Approved,11,225000.0,,,,3,,,,,,240,,,2,2,2,2,,1,1,3,5,1,,96.0,,1111,1111,2.0,5.0,2,4,5.0,8.0,2,4,1,5,2,4,65-74,9999,Yes,,1,1
2024,99999,CO,9150.0,9150708100.0,VA:First Lien,Single Family (1-4 Units):Site-Built,Not Hispanic or Latino,White,Male,Approved,32,235000.0,,,,3,,,,,,240,,,2,2,2,2,,1,1,3,5,1,,96.0,,1111,1111,2.0,5.0,2,4,5.0,8.0,2,4,1,5,2,4,65-74,9999,Yes,,1,1
2024,99999,TN,9150.0,9150708100.0,Conventional:First Lien,Single Family (1-4 Units):Site-Built,Hispanic or Latino,White,Male,Approved,11,245000.0,,,,3,,,,,,240,,,2,2,2,2,,1,1,3,5,1,,96.0,,1111,1111,2.0,5.0,2,4,5.0,8.0,2,4,1,5,2,4,65-74,9999,Yes,,1,1
2024,99999,MA,9150.0,9150708100.0,FHA:First Lien,Single Family (1-4 Units):Site-Built,Not Hispanic or Latino,White,Male,Approved,32,255000.0,,,,3,,,,,,240,,,2,2,2,2,,1,1,3,5,1,,96.0,,1111,1111,2.0,5.0,2,4,5.0,8.0,2,4,1,5,2,4,65-74,9999,Yes,,1,1
2024,99999,WA,9150.0,9150708100.0,VA:First Lien,Single Family (1-4 Units):Site-Built,Hispanic or Latino,White,Male,Approved,32,265000.0,,,,3,,,,,,240,,,2,2,2,2,,1,1,3,5,1,,96.0,,1111,1111,2.0,5.0,2,4,5.0,8.0,2,4,1,5,2,4,65-74,9999,Yes,,1,1
2024,99999,OR,9150.0,9150708100.0,Conventional:First Lien,Single Family (1-4 Units):Site-Built,Hispanic or Latino,White,Male,Approved,11,275000.0,,,,3,,,,,,240,,,2,2,2,2,,1,1,3,5,1,,96.0,,1111,1111,2.0,5.0,2,4,5.0,8.0,2,4,1,5,2,4,65-74,9999,Yes,,1,1
2024,99999,RI,9150.0,9150708100.0,FHA:First Lien,Single Family (1-4 Units):Site-Built,Not Hispanic or Latino,Black,Female,Approved,11,285000.0,,,,3,,,,,,240,,,2,2,2,2,,1,1,3,5,1,,96.0,,1111,1111,2.0,5.0,2,4,5.0,8.0,2,4,1,5,2,4,65-74,9999,Yes,,1,1
2024,99999,KS,9150.0,9150708100.0,VA:First Lien,Single Family (1-4 Units):Site-Built,Hispanic or Latino,White,Male,Approved,32,295000.0,,,,3,,,,,,240,,,2,2,2,2,,1,1,3,5,1,,96.0,,1111,1111,2.0,5.0,2,4,5.0,8.0,2,4,1,5,2,4,65-74,9999,Yes,,1,1
2024,99999,KY,9150.0,9150708100.0,Conventional:First Lien,Single Family (1-4 Units):Site-Built,Hispanic or Latino,White,Male,Approved,11,305000.0,,,,3,,,,,,240,,,2,2,2,2,,1,1,3,5,1,,96.0,,1111,1111,2.0,5.0,2,4,5.0,8.0,2,4,1,5,2,4,65-74,9999,Yes,,1,1
2024,99999,WV,9150.0,9150708100.0,FHA:First Lien,Single Family (1-4 Units):Site-Built,Not Hispanic or Latino,White,Male,Approved,32,315000.0,,,,3,,,,,,240,,,2,2,2,2,,1,1,3,5,1,,96.0,,1111,1111,2.0,5.0,2,4,5.0,8.0,2,4,1,5,2,4,65-74,9999,Yes,,1,1
2024,99999,MD,9150.0,9150708100.0,VA:First Lien,Single Family (1-4 Units):Site-Built,Hispanic or Latino,White,Male,Approved,11,325000.0,,,,3,,,,,,240,,,2,2,2,2,,1,1,3,5,1,,96.0,,1111,1111,2.0,5.0,2,4,5.0,8.0,2,4,1,5,2,4,65-74,9999,Yes,,1,1
2024,99999,NE,9150.0,9150708100.0,Conventional:First Lien,Single Family (1-4 Units):Site-Built,Hispanic or Latino,White,Male,Approved,11,335000.0,,,,3,,,,,,240,,,2,2,2,2,,1,1,3,5,1,,96.0,,1111,1111,2.0,5.0,2,4,5.0,8.0,2,4,1,5,2,4,65-74,9999,Yes,,1,1
2024,99999,DE,9150.0,9150708100.0,FHA:First Lien,Single Family (1-4 Units):Site-Built,Hispanic or Latino,White,Male,Approved,32,345000.0,,,,3,,,,,,240,,,2,2,2,2,,1,1,3,5,1,,96.0,,1111,1111,2.0,5.0,2,4,5.0,8.0,2,4,1,5,2,4,65-74,9999,Yes,,1,1
2024,99999,OK,9150.0,9150708100.0,VA:First Lien,Single Family (1-4 Units):Site-Built,Hispanic or Latino,White,Male,Pending processing,11,355000.0,,,,3,,,,,,240,,,2,2,2,2,,1,1,3,5,1,,96.0,,1111,1111,2.0,5.0,2,4,5.0,8.0,2,4,1,5,2,4,65-74,9999,Yes,,1,1
2024,99999,AK,9150.0,9150708100.0,Conventional:First Lien,Single Family (1-4 Units):Site-Built,Hispanic or Latino,White,Male,Approved,32,365000.0,,,,3,,,,,,240,,,2,2,2,2,,1,1,3,5,1,,96.0,,1111,1111,2.0,5.0,2,4,5.0,8.0,2,4,1,5,2,4,65-74,9999,Yes,,1,1
2024,99999,VT,9150.0,9150708100.0,FHA:First Lien,Single Family (1-4 Units):Site-Built,Hispanic or Latino,White,Male,Pending processing,11,375000.0,,,,3,,,,,,240,,,2,2,2,2,,1,1,3,5,1,,96.0,,1111,1111,2.0,5.0,2,4,5.0,8.0,2,4,1,5,2,4,65-74,9999,Yes,,1,1
2024,99999,ID,9150.0,9150708100.0,VA:First Lien,Single Family (1-4 Units):Site-Built,Hispanic or Latino,White,Male,Approved,32,385000.0,,,,3,,,,,,240,,,2,2,2,2,,1,1,3,5,1,,96.0,,1111,1111,2.0,5.0,2,4,5.0,8.0,2,4,1,5,2,4,65-74,9999,Yes,,1,1
2024,99999,ME,9150.0,9150708100.0,Conventional:First Lien,Single Family (1-4 Units):Site-Built,Hispanic or Latino,White,Male,Approved,11,395000.0,,,,3,,,,,,240,,,2,2,2,2,,1,1,3,5,1,,96.0,,1111,1111,2.0,5.0,2,4,5.0,8.0,2,4,1,5,2,4,65-74,9999,Yes,,1,1
2024,99999,SD,9150.0,9150708100.0,FHA:First Lien,Single Family (1-4 Units):Site-Built,Hispanic or Latino,White,Male,Approved,11,405000.0,,,,3,,,,,,240,,,2,2,2,2,,1,1,3,5,1,,96.0,,1111,1111,2.0,5.0,2,4,5.0,8.0,2,4,1,5,2,4,65-74,9999,Yes,,1,1
2024,99999,IA,9150.0,9150708100.0,VA:First Lien,Single Family (1-4 Units):Site-Built,Hispanic or Latino,White,Male,Approved,32,415000.0,,,,3,,,,,,240,,,2,2,2,2,,1,1,3,5,1,,96.0,,1111,1111,2.0,5.0,2,4,5.0,8.0,2,4,1,5,2,4,65-74,9999,Yes,,1,1
2024,99999,AR,9150.0,9150708100.0,Conventional:First Lien,Single Family (1-4 Units):Site-Built,Hispanic or Latino,White,Male,Approved,11,425000.0,,,,3,,,,,,240,,,2,2,2,2,,1,1,3,5,1,,96.0,,1111,1111,2.0,5.0,2,4,5.0,8.0,2,4,1,5,2,4,65-74,9999,Yes,,1,1
2024,99999,NH,9150.0,9150708100.0,FHA:First Lien,Single Family (1-4 Units):Site-Built,Hispanic or Latino,White,Male,Approved,11,435000.0,,,,3,,,,,,240,,,2,2,2,2,,1,1,3,5,1,,96.0,,1111,1111,2.0,5.0,2,4,5.0,8.0,2,4,1,5,2,4,65-74,9999,Yes,,1,1
2024,99999,HY,9150.0,9150708100.0,VA:First Lien,Single Family (1-4 Units):Site-Built,Hispanic or Latino,White,Male,Approved,32,445000.0,,,,3,,,,,,240,,,2,2,2,2,,1,1,3,5,1,,96.0,,1111,1111,2.0,5.0,2,4,5.0,8.0,2,4,1,5,2,4,65-74,9999,Yes,,1,1
2024,99999,CN,9150.0,9150708100.0,Conventional:First Lien,Single Family (1-4 Units):Site-Built,Hispanic or Latino,White,Male,Approved,11,455000.0,,,,3,,,,,,240,,,2,2,2,2,,1,1,3,5,1,,96.0,,1111,1111,2.0,5.0,2,4,5.0,8.0,2,4,1,5,2,4,65-74,9999,Yes,,1,1
2024,99999,OH,9150.0,9150708100.0,FHA:First Lien,Single Family (1-4 Units):Site-Built,Hispanic or Latino,White,Male,Approved,11,465000.0,,,,3,,,,,,240,,,2,2,2,2,,1,1,3,5,1,,96.0,,1111,1111,2.0,5.0,2,4,5.0,8.0,2,4,1,5,2,4,65-74,9999,Yes,,1,1
2024,99999,CT,9150.0,9150708100.0,VA:First Lien,Single Family (1-4 Units):Site-Built,Hispanic or Latino,White,Male,Approved,32,475000.0,,,,3,,,,,,240,,,2,2,2,2,,1,1,3,5,1,,96.0,,1111,1111,2.0,5.0,2,4,5.0,8.0,2,4,1,5,2,4,65-74,9999,Yes,,1,1
2024,99999,NY,9150.0,9150708100.0,Conventional:First Lien,Single Family (1-4 Units):Site-Built,Hispanic or Latino,White,Male,Approved,11,485000.0,,,,3,,,,,,240,,,2,2,2,2,,1,1,3,5,1,,96.0,,1111,1111,2.0,5.0,2,4,5.0,8.0,2,4,1,5,2,4,65-74,9999,Yes,,1,1
2024,99999,FL,9150.0,9150708100.0,FHA:First Lien,Single Family (1-4 Units):Site-Built,Hispanic or Latino,White,Male,Approved,32,495000.0,,,,3,,,,,,240,,,2,2,2,2,,1,1,3,5,1,,96.0,,1111,1111,2.0,5.0,2,4,5.0,8.0,2,4,1,5,2,4,65-74,9999,Yes,,1,1
2024,99999,TX,9150.0,9150708100.0,VA:First Lien,Single Family (1-4 Units):Site-Built,Hispanic or Latino,White,Male,Approved,11,505000.0,,,,3,,,,,,240,,,2,2,2,2,,1,1,3,5,1,,96.0,,1111,1111,2.0,5.0,2,4,5.0,8.0,2,4,1,5,2,4,65-74,9999,Yes,,1,1
2024,99999,GA,9150.0,9150708100.0,Conventional:First Lien,Single Family (1-4 Units):Site-Built,Hispanic or Latino,White,Male,Approved,32,515000.0,,,,3,,,,,,240,,,2,2,2,2,,1,1,3,5,1,,96.0,,1111,1111,2.0,5.0,2,4,5.0,8.0,2,4,1,5,2,4,65-74,9999,Yes,,1,1
2024,99999,NC,9150.0,9150708100.0,FHA:First Lien,Single Family (1-4 Units):Site-Built,Hispanic or Latino,White,Male,Approved,11,52
2024,99999,CA,1010.0,1010101010.0,Conventional:Purchase,Single Family (1-4 Units):Site-Built,Hispanic or Latino,White,Female,Loan originated,1,300000.0,90.0,6.25,2.5,1,0.0,0.0,0.0,0.0,0.0,0.0,360,0,0,0,0,1,1,0,1,0,0.0,0.0,1,1,1,0,3,5,2,3,4,3,3,4,3,4,65-74,9999,No,1,1,1,1,1,1,1,1,30,9999,No,No
2024,99999,NY,1111.0,1111111100.0,Conventional:Purchase,Single Family (1-4 Units):Site-Built,Not Hispanic or Latino,White,Male,Loan originated,1,452000.0,85.0,5.75,1.8,0,0.0,0.0,0.0,0.0,0.0,0.0,360,0,0,0,0,1,1,0,1,0,0.0,0.0,1,1,1,1,3,5,2,3,4,3,3,4,3,4,56-65,9999,No,1,1,1,1,1,1,1,1,60,9999,No,No
2024,99999,TX,1212.0,1212121200.0,FHA:Purchase,Single Family (1-4 Units):Site-Built,Not Hispanic or Latino,Black,Male,Loan originated,1,245000.0,88.0,6.00,2.0,1,0.0,0.0,0.0,0.0,0.0,0.0,360,1,0,0,0,1,1,0,1,0,0.0,0.0,1,1,1,0,2,5,1,1,3,3,2,4,3,4,65-74,9999,Yes,1,0,1,0,1,1,1,1,45,9999,No,No
2024,99999,FL,1313.0,1313131300.0,VA:Purchase,Single Family (1-4 Units):Site-Built,Not Hispanic or Latino,Asian,Female,Loan originated,1,720000.0,95.0,6.50,3.0,0,0.0,0.0,0.0,0.0,0.0,0.0,360,0,0,0,0,1,1,0,1,0,0.0,0.0,1,1,1,1,4,5,3,2,3,3,2,4,4,4,65-74,9999,No,1,1,1,1,1,1,1,1,30,9999,No,No
2024,99999,GA,1414.0,1414141400.0,Conventional:Purchase,Single Family (1-4 Units):Site-Built,Not Hispanic or Latino,White,Female,Loan originated,1,510000.0,92.0,6.75,2.2,0,0.0,0.0,0.0,0.0,0.0,0.0,360,0,0,0,0,1,1,0,1,0,0.0,0.0,1,1,1,1,1,5,1,2,5,3,5,4,5,4,75+,9999,Yes,1,1,1,1,1,1,1,1,45,9999,No,No
2024,99999,OH,1515.0,1515151500.0,Conventional:Purchase,Single Family (1-4 Units):Site-Built,Not Hispanic or Latino,White,Male,Loan originated,1,320000.0,87.0,6.00,1.9,0,0.0,0.0,0.0,0.0,0.0,0.0,360,0,0,0,0,1,1,0,1,0,0.0,0.0,1,1,1,0,2,5,2,3,3,3,2,4,3,4,65-74,9999,No,1,1,1,1,1,1,1,1,50,9999,Yes,Yes
2024,99999,IL,1616.0,1616161600.0,FHA:Purchase,Single Family (1-4 Units):Site-Built,Hispanic or Latino,White,Male,Loan originated,1,215000.0,88.5,6.25,2.3,1,0.0,0.0,0.0,0.0,0.0,0.0,360,1,0,0,0,1,1,0,1,0,0.0,0.0,1,1,1,1,3,5,2,2,3,3,3,4,4,4,45-55,9999,Yes,1,1,0,1,1,1,1,1,50,9999,Yes,Yes
2024,99999,MA,1717.0,1717171700.0,Conventional:Purchase,Single Family (1-4 Units):Site-Built,Not Hispanic or Latino,White,Female,Loan originated,1,480000.0,90.5,6.50,2.6,0,0.0,0.0,0.0,0.0,0.0,0.0,360,0,0,0,0,1,1,0,1,0,0.0,0.0,1,1,1,1,5,5,4,3,2,3,2,4,5,4,35-45,9999,No,1,1,1,1,1,1,1,1,30,9999,No,No
2024,99999,MN,1818.0,1818181800.0,Conventional:Purchase,Single Family (1-4 Units):Site-Built,Not Hispanic or Latino,White,Female,Loan originated,1,380000.0,88.0,6.30,2.1,0,0.0,0.0,0.0,0.0,0.0,0.0,360,0,0,0,0,1,1,0,1,0,0.0,0.0,1,1,1,1,4,5,3,3,2,3,2,4,4,4,30-45,9999,No,1,1,1,1,1,1,1,1,50,9999,Yes,Yes
2024,99999,WA,1919.0,1919191900.0,FHA:Purchase,Single Family (1-4 Units):Site-Built,Hispanic or Latino,Black,Female,Loan originated,1,260000.0,92.0,6.50,2.8,1,0.0,0.0,0.0,0.0,0.0,0.0,360,1,0,0,0,1,1,0,1,0,0.0,0.0,1,1,1,0,2,5,2,2,3,3,2,4,3,4,55-65,9999,Yes,1,1,1,1,1,0,1,1,60,9999,No,No
2024,99999,WI,2020.0,2020202000.0,Conventional:Purchase,Single Family (1-4 Units):Site-Built,Not Hispanic or Latino,Other,Female,Loan originated,1,352000.0,86.0,6.20,2.0,0,0.0,0.0,0.0,0.0,0.0,0.0,360,0,0,0,0,1,1,0,1,0,0.0,0.0,1,1,1,1,5,5,3,3,2,3,3,4,5,4,45-55,9999,Yes,1,1,1,1,1,1,1,1,50,9999,Yes,Yes
2024,99999,NC,2121.0,2121212100.0,VA:Purchase,Single Family (1-4 Units):Site-Built,Not Hispanic or Latino,White,Male,Loan originated,1,500000.0,90.0,6.60,2.5,1,0.0,0.0,0.0,0.0,0.0,0.0,360,0,0,0,0,1,1,0,1,0,0.0,0.0,1,1,1,1,3,5,3,3,2,3,2,4,3,4,35-45,9999,No,1,1,1,1,1,1,1,1,45,9999,No,No
2024,99999,IN,2222.0,2222222200.0,FHA:Purchase,Single Family (1-4 Units):Site-Built,Not Hispanic or Latino,White,Female,Loan originated,1,280000.0,85.0,6.30,2.2,0,0.0,0.0,0.0,0.0,0.0,0.0,360,1,0,0,0,1,1,0,1,0,0.0,0.0,1,1,1,1,3,5,2,2,3,3,2,4,3,4,35-45,9999,Yes,1,1,1,1,1,1,1,1,45,9999,Yes,Yes
2024,99999,VA,2323.0,2323232300.0,Conventional:Purchase,Single Family (1-4 Units):Site-Built,Hispanic or Latino,White,Female,Loan originated,1,400000.0,88.0,6.65,2.4,0,0.0,0.0,0.0,0.0,0.0,0.0,360,0,0,0,0,1,1,0,1,0,0.0,0.0,1,1,1,0,3,5,3,3,3,3,3,4,3,4,35-45,9999,No,1,1,0,1,1,1,1,1,50,9999,Yes,Yes
2024,99999,MD,2424.0,2424242400.0,Conventional:Purchase,Single Family (1-4 Units):Site-Built,Not Hispanic or Latino,White,Female,Loan originated,1,375000.0,91.0,6.70,2.6,1,0.0,0.0,0.0,0.0,0.0,0.0,360,0,0,0,0,1,1,0,1,0,0.0,0.0,1,1,1,1,2,5,2,3,5,3,4,4,2,4,65-74,9999,No,1,1,1,1,1,1,1,1,40,9999,No,No
2024,99999,MI,2525.0,2525252500.0,FHA:Purchase,Single Family (1-4 Units):Site-Built,Not Hispanic or Latino,Black,Male,Loan originated,1,220000.0,91.0,6.65,2.5,1,0.0,0.0,0.0,0.0,0.0,0.0,360,1,0,0,0,1,1,0,1,0,0.0,0.0,1,1,1,0,2,5,1,2,3,3,2,4,2,4,65-74,9999,Yes,1,0,1,0,1,1,1,1,50,9999,Yes,Yes
2024,99999,CO,2626.0,2626262600.0,Conventional:Purchase,Single Family (1-4 Units):Site-Built,Not Hispanic or Latino,White,Female,Loan originated,1,362000.0,91.5,6.80,2.7,0,0.0,0.0,0.0,0.0,0.0,0.0,360,0,0,0,0,1,1,0,1,0,0.0,0.0,1,1,1,1,4,5,2,3,3,3,2,4,4,4,45-55,9999,No,1,1,1,1,1,1,1,1,50,9999,Yes,Yes
2024,99999,OR,2727.0,2727272700.0,VA:Purchase,Single Family (1-4 Units):Site-Built,Not Hispanic or Latino,White,Male,Loan originated,1,750000.0,92.0,6.90,2.9,1,0.0,0.0,0.0,0.0,0.0,0.0,360,0,0,0,0,1,1,0,1,0,0.0,0.0,1,1,1,0,5,5,3,3,3,3,3,4,4,4,45-55,9999,Yes,1,1,1,1,1,1,1,1,50,9999,Yes,Yes
2024,99999,KY,2828.0,2828282800.0,FHA:Purchase,Single Family (1-4 Units):Site-Built,Not Hispanic or Latino,White,Female,Loan originated,1,240000.0,86.5,6.40,2.3,0,0.0,0.0,0.0,0.0,0.0,0.0,360,1,0,0,0,1,1,0,1,0,0.0,0.0,1,1,1,1,5,5,1,2,3,3,2,4,3,4,30-45,9999,No,1,1,1,1,1,1,1,1,50,9999,Yes,Yes
2024,99999,FL,2929.0,2929292900.0,Conventional:Purchase,Single Family (1-4 Units):Site-Built,Hispanic or Latino,White,Male,Loan originated,1,700000.0,93.5,7.00,3.0,0,0.0,0.0,0.0,0.0,0.0,0.0,360,0,0,0,0,1,1,0,1,0,0.0,0.0,1,1,1,1,2,5,1,3,5,3,2,4,3,4,65+ 9999,No,1,1,1,0,1,0,1,1,55,9999,Yes,Yes
2024,99999,MO,3030.0,3030303000.0,VA:Purchase,Single Family (1-4 Units):Site-Built,Not Hispanic or Latino,White,Female,Loan originated,1,550000.0,92.5,6.60,2.8,0,0.0,0.0,0.0,0.0,0.0,0.0,360,0,0,0,0,1,1,0,1,0,0.0,0.0,1,1,1,1,4,5,2,2,3,3,2,4,4,4,30-45,9999,Yes,1,1,1,1,1,1,1,1,45,9999,Yes,Yes
2024,99999,SC,3131.0,3131313100.0,FHA:Purchase,Single Family (1-4 Units):Site-Built,Not Hispanic or Latino,White,Male,Loan originated,1,260000.0,88.0,6.25,2.1,1,0.0,0.0,0.0,0.0,0.0,0.0,360,1,0,0,0,1,1,0,1,0,0.0,0.0,1,1,1,0,3,5,2,3,3,3,2,4,4,4,45-55,9999,No,1,1,1,1,1,1,1,1,45,9999,Yes,Yes
2024,99999,NJ,3232.0,3232323200.0,Conventional:Purchase,Single Family (1-4 Units):Site-Built,Not Hispanic or Latino,White,Female,Loan originated,1,380000.0,90.5,6.50,2.5,0,0.0,0.0,0.0,0.0,0.0,0.0,360,0,0,0,0,1,1,0,1,0,0.0,0.0,1,1,1,1,3,5,2,3,2,3,2,4,4,4,45-55,9999,No,1,1,1,1,1,1,1,1,40,9999,No,No
2024,99999,AZ,3333.0,3333333300.0,Conventional:Purchase,Single Family (1-4 Units):Site-Built,Hispanic or Latino,White,Female,Loan originated,1,290000.0,89.0,6.40,2.3,0,0.0,0.0,0.0,0.0,0.0,0.0,360,0,0,0,0,1,1,0,1,0,0.0,0.0,1,1,1,0,3,5,3,2,3,3,3,4,3,4,65-74,9999,Yes,1,1,0,1,1,1,1,1,40,9999,No,No
2024,99999,UT,3434.0,3434343400.0,VA:Purchase,Single Family (1-4 Units):Site-Built,Not Hispanic or Latino,White,Male,Loan originated,1,420000.0,92.0,6.80,2.7,1,0.0,0.0,0.0,0.0,0.0,0.0,360,0,0,0,0,1,1,0,1,0,0.0,0.0,1,1,1,1,3,5,1,2,5,3,2,4,3,4,65-74,9999,No,1,1,1,1,1,1,1,1,40,9999,No,No
2024,99999,AL,3535.0,3535353500.0,FHA:Purchase,Single Family (1-4 Units):Site-Built,Not Hispanic or Latino,Black,Female,Loan originated,1,230000.0,85.0,6.25,2.2,1,0.0,0.0,0.0,0.0,0.0,0.0,360,1,0,0,0,1,1,0,1,0,0.0,0.0,1,1,1,0,3,5,1,2,3,3,2,4,3,4,55-65,9999,Yes,1,0,1,0,1,1,1,1,50,9999,Yes,Yes
2024,99999,NE,3636.0,3636363600.0,Conventional:Purchase,Single Family (1-4 Units):Site-Built,Not Hispanic or Latino,White,Male,Loan originated,1,300000.0,87.5,6.50,2.4,1,0.0,0.0,0.0,0.0,0.0,0.0,360,0,0,0,0,1,1,0,1,0,0.0,0.0,1,1,1,0,2,5,3,3,2,3,2,4,4,4,55-65,9999,Yes,1,1,1,1,1,1,1,1,50,9999,Yes,Yes
2024,99999,NV,3737.0,3737373700.0,FHA:Purchase,Single Family (1-4 Units):Site-Built,Not Hispanic or Latino,White,Female,Loan originated,1,260000.0,88.0,6.30,2.2,0,0.0,0.0,0.0,0.0,0.0,0.0,360,1,0,0,0,1,1,0,1,0,0.0,0.0,1,1,1,1,4,5,2,2,3,3,2,4,3,4,40-50,9999,No,1,1,1,1,1,1,1,1,45,9999,Yes,Yes
2024,99999,LA,3838.0,3838383800.0,Conventional:Purchase,Single Family (1-4 Units):Site-Built,Hispanic or Latino,White,Male,Loan originated,1,340000.0,89.0,6.40,2.2,0,0.0,0.0,0.0,0.0,0.0,0.0,360,0,0,0,0,1,1,0,1,0,0.0,0.0,1,1,1,1,3,5,1,3,2,3,4,4,2,4,65-74,9999,No,1,1,0,1,1,0,1,1,45,9999,No,No
2024,99999,VT,3939.0,3939393900.0,VA:Purchase,Single Family (1-4 Units):Site-Built,Hispanic or Latino,White,Female,Loan originated,1,480000.0,90.5,6.60,2.4,1,0.0,0.0,0.0,0.0,0.0,0.0,360,0,0,0,0,1,1,0,1,0,0.0,0.0,1,1,1,0,5,5,3,3,5,3,3,4,5,4,55-65,9999,Yes,1,1,0,1,1,0,1,1,40,9999,Yes,Yes
2024,99999,DE,4040.0,4040404000.0,FHA:Purchase,Single Family (1-4 Units):Site-Built,Not Hispanic or Latino,White,Female,Loan originated,1,275000.0,87.0,6.10,2.0,0,0.0,0.0,0.0,0.0,0.0,0.0,360,1,0,0,0,1,1,0,1,0,0.0,0.0,1,1,1,0,3,5,2,2,3,3,2,4,5,4,50-65,9999,No,1,1,1,1,1,1,1,1,45,9999,Yes,Yes
2024,99999,ME,4141.0,4141414100.0,Conventional:Purchase,Single Family (1-4 Units):Site-Built,Not Hispanic or Latino,White,Male,Loan originated,1,315000.0,90.0,6.25,2.2,0,0.0,0.0,0.0,0.0,0.0,0.0,360,0,0,0,0,1,1,0,1,0,0.0,0.0,1,1,1,1,2,5,2,2,2,3,2,4,3,4,30-45,9999,No,1,1,1,1,1,1,1,1,45,9999,Yes,Yes
2024,99999,ID,4242.0,4242424200.0,Conventional:Purchase,Single Family (1-4 Units):Site-Built,Hispanic or Latino,White,Female,Loan originated,1,460000.0,93.0,6.75,2.5,0,0.0,0.0,0.0,0.0,0.0,0.0,360,0,0,0,0,1,1,0,1,0,0.0,0.0,1,1,1,0,3,5,3,3,3,3,1,4,3,4,75+,9999,Yes,1,1,1,0,1,1,1,1,30,9999,No,No
2024,99999,OK,4343.0,4343434300.0,VA:Purchase,Single Family (1-4 Units):Site-Built,Not Hispanic or Latino,White,Male,Loan originated,1,500000.0,91.5,6.85,2.7,0,0.0,0.0,0.0,0.0,0.0,0.0,360,0,0,0,0,1,1,0,1,0,0.0,0.0,1,1,1,1,5,5,2,3,2,3,2,4,4,4,65-74,9999,No,1,1,1,1,1,1,1,1,60,9999,Yes,Yes
2024,99999,PQ,4444.0,4444444400.0,FHA:Purchase,Single Family (1-4 Units):Site-Built,Hispanic or Latino,White,Male,Loan originated,1,245000.0,88.0,6.25,2.2,1,0.0,0.0,0.0,0.0,0.0,0.0,360,1,0,0,0,1,1,0,1,0,0.0,0.0,1,1,1,1,4,5,3,3,2,3,2,4,5,4,40-50,9999,No,1,1,1,1,1,0,1,1,60,9999,Yes,Yes
2024,99999,TN,4545.0,4545454500.0,Conventional:Purchase,Single Family (1-4 Units):Site-Built,Not Hispanic or Latino,White,Female,Loan originated,1,410000.0,91.0,6.70,2.4,0,0.0,0.0,0.0,0.0,0.0,0.0,360,0,0,0,0,1,1,0,1,0,0.0,0.0,1,1,1,1,4,5,2,2,5,3,3,4,2,4,65-74,9999,Yes,1,1,1,1,1,1,1,1,40,9999,Yes,Yes
2024,99999,NH,4646.0,4646464600.0,FHA:Purchase,Single Family (1-4 Units):Site-Built,Not Hispanic or Latino,White,Male,Loan originated,1,258000.0,87.5,6.30,2.2,0,0.0,0.0,0.0,0.0,0.0,0.0,360,1,0,0,0,1,1,0,1,0,0.0,0.0,1,1,1,0,4,5,2,3,3,3,2,4,3,4,30-45,9999,No,1,1,1,1,1,1,1,1,45,9999,Yes,Yes
2024,99999,SD,4747.0,4747474700.0,Conventional:Purchase,Single Family (1-4 Units):Site-Built,Not Hispanic or Latino,White,Female,Loan originated,1,375000.0,89.5,6.60,2.4,1,0.0,0.0,0.0,0.0,0.0,0.0,360,0,0,0,0,1,1,0,1,0,0.0,0.0,1,1,1,1,3,5,2,2,2,3,3,4,4,4,50-65,9999,Yes,1,1,1,1,1,1,1,1,45,9999,Yes,Yes
2024,99999,ND,4848.0,4848484800.0,VA:Purchase,Single Family (1-4 Units):Site-Built,Hispanic or Latino,White,Male,Loan originated,1,495000.0,92.5,6.90,2.8,1,0.0,0.0,0.0,0.0,0.0,0.0,360,0,0,0,0,1,1,0,1,0,0.0,0.0,1,1,1,1,4,5,3,3,3,3,3,4,3,4,65-74,9999,No,1,1,0,1,1,1,1,1,35,9999,No,No
2024,99999,KS,4949.0,4949494900.0,Conventional:Purchase,Single Family (1-4 Units):Site-Built,Not Hispanic or Latino,White,Female,Loan originated,1,340000
2024,99999,CA,11001.0,1100100100.0,Conventional:First Lien,Single Family (1-4 Units):Site-Built,Hispanic or Latino,White,Female,Loan originated,1,350000.0,85.0,6.5,2.0,1,2500.0,300.0,150.0,1.0,1000.0,180,,,0,0,1,0,1,1,1,1,1,400000.0,Site-Built,Owner Occupied,Not Applicable,Not Applicable,1,0,65000.0,35.0,2,2,Hispanic or Latino,Not Hispanic or Latino,Observed,Observed,White,White,Observed,Observed,Female,Female,Observed,Observed,35,33,0,0,Yes,Yes,1,1
2024,11111,NY,21601.0,2160108100.0,FHA:First Lien,Single Family (1-4 Units):Site-Built,Not Hispanic or Latino,Black,Female,Loan originated,1,450000.0,90.0,7.0,2.5,1,4000.0,600.0,250.0,2.0,0.0,360,,,1,0,1,0,1,0,1,1,0,400000.0,Site-Built,Owner Occupied,Not Applicable,Not Applicable,1,0,80000.0,40.0,2,2,Hispanic or Latino,Not Hispanic or Latino,Observed,Unobserved,Black,Black,Observed,Observed,Female,Female,Observed,Observed,28,29,0,0,No,No,1,0
2024,99999,TX,41301.0,4130101000.0,FHA:First Lien,Single Family (1-4 Units):Site-Built,Not Hispanic or Latino,Asian,Male,Loan originated,1,300000.0,75.0,6.0,1.5,1,3000.0,500.0,200.0,1.0,800.0,360,,,0,1,1,1,0,1,1,0,1,200000.0,Site-Built,Owner Occupied,Not Applicable,Not Applicable,1,0,100000.0,30.0,1,1,Hispanic or Latino,Not Hispanic or Latino,Observed,Unobserved,Asian,Asian,Observed,Observed,Male,Male,Observed,Observed,32,36,0,0,No,Yes,1,1
2024,99999,FL,22001.0,2200100011.0,Conventional:First Lien,Single Family (1-4 Units):Site-Built,Not Hispanic or Latino,White,Female,Loan originated,1,600000.0,88.0,5.8,3.0,0,2000.0,250.0,100.0,1.5,750.0,180,,,0,0,0,0,0,0,1,1,1,450000.0,Site-Built,Owner Occupied,Not Applicable,Not Applicable,1,0,75000.0,33.0,1,1,Hispanic or Latino,Not Hispanic or Latino,Observed,Observed,White,White,Observed,Observed,Female,Female,Observed,Observed,40,42,0,0,Yes,Yes,1,1
2024,11111,OH,91501.0,9150100020.0,VA:First Lien,Single Family (1-4 Units):Site-Built,Not Hispanic or Latino,White,Female,Loan originated,1,450000.0,92.0,6.7,1.8,1,3200.0,600.0,220.0,2.0,0.0,360,,,1,0,1,1,1,0,0,1,1,500000.0,Site-Built,Owner Occupied,Not Applicable,Not Applicable,1,0,110000.0,42.0,1,1,Not Hispanic or Latino,Not Hispanic or Latino,Observed,Observed,White,White,Observed,Observed,Female,Female,Observed,Observed,55,52,0,0,No,No,1,1
2024,99999,GA,13201.0,1320104000.0,FHA:First Lien,Single Family (1-4 Units):Site-Built,Not Hispanic or Latino,Black,Male,Loan originated,1,200000.0,90.0,6.0,2.4,1,1000.0,130.0,50.0,1.0,500.0,360,,,1,0,1,1,1,0,0,0,0,180000.0,Site-Built,Owner Occupied,Not Applicable,Not Applicable,1,0,50000.0,38.0,1,1,Hispanic or Latino,Not Hispanic or Latino,Observed,Unobserved,Black,Black,Observed,Observed,Male,Male,Observed,Observed,29,31,0,0,No,Yes,1,0
2024,99999,PA,35101.0,3510100010.0,Conventional:First Lien,Single Family (1-4 Units):Site-Built,Not Hispanic or Latino,White,Female,Loan originated,1,400000.0,80.0,7.0,3.0,1,2500.0,200.0,100.0,1.5,200.0,360,,,0,0,0,0,0,1,1,1,0,420000.0,Site-Built,Owner Occupied,Not Applicable,Not Applicable,1,0,70000.0,29.0,2,2,Not Hispanic or Latino,Not Hispanic or Latino,Observed,Observed,White,White,Observed,Observed,Female,Female,Observed,Observed,30,28,0,0,Yes,No,1,1
2024,99999,MI,15101.0,1510120001.0,Conventional:Subordinate Lien,Single Family (1-4 Units):Site-Built,Not Hispanic or Latino,White,Male,File closed for incompleteness,32,120000.0,82.0,7.5,2.8,0,0.0,0.0,0.0,0.0,0.0,120,,,0,1,1,0,1,1,1,0,1,140000.0,Site-Built,Owner Occupied,Not Applicable,Not Applicable,1,0,65000.0,36.0,1,1,Hispanic or Latino,Not Hispanic or Latino,Unobserved,Observed,White,White,Observed,Observed,Male,Male,Observed,Observed,55,57,0,0,No,Yes,1,1
2024,11111,WA,01401.0,0140100200.0,FHA:First Lien,Single Family (1-4 Units):Site-Built,Not Hispanic or Latino,White,Male,Loan originated,1,380000.0,87.0,5.6,1.9,0,3000.0,400.0,120.0,1.0,250.0,360,,,0,0,1,0,0,0,1,0,0,390000.0,Site-Built,Owner Occupied,Not Applicable,Not Applicable,1,0,90000.0,31.0,2,2,Not Hispanic or Latino,Not Hispanic or Latino,Observed,Observed,White,White,Observed,Observed,Male,Male,Observed,Observed,29,33,0,0,No,Yes,1,1
2024,99999,IL,82001.0,8200100011.0,FHA:First Lien,Single Family (1-4 Units):Site-Built,Not Hispanic or Latino,White,Female,Loan originated,1,420000.0,90.0,6.2,2.3,0,2000.0,350.0,200.0,1.5,600.0,360,,,0,0,1,0,1,0,1,1,0,430000.0,Site-Built,Owner Occupied,Not Applicable,Not Applicable,1,0,85000.0,35.0,1,1,Other,Not Hispanic or Latino,Observed,Observed,White,White,Observed,Observed,Female,Female,Observed,Observed,45,44,1,1,No,No,1,1
2024,99999,MN,26101.0,2610105000.0,FHA:First Lien,Single Family (1-4 Units):Site-Built,Not Hispanic or Latino,Asian,Male,Loan originated,1,250000.0,75.0,6.0,1.8,1,1200.0,150.0,0.0,0.0,700.0,360,,,0,1,0,1,0,1,1,1,1,280000.0,Site-Built,Owner Occupied,Not Applicable,Not Applicable,1,0,75000.0,39.0,2,2,Hispanic or Latino,Not Hispanic or Latino,Unobserved,Observed,Asian,Asian,Observed,Observed,Male,Male,Observed,Observed,28,30,0,0,Yes,Yes,1,1
2024,11111,AZ,18001.0,1800100000.0,Conventional:First Lien,Single Family (1-4 Units):Site-Built,Not Hispanic or Latino,White,Male,Loan originated,1,275000.0,79.0,6.3,2.0,1,400.0,100.0,0.0,0.0,0.0,360,,,1,1,1,0,1,1,1,1,1,300000.0,Site-Built,Owner Occupied,Not Applicable,Not Applicable,1,0,80000.0,30.0,2,1,Hispanic or Latino,Not Hispanic or Latino,Observed,Observed,White,White,Observed,Observed,Male,Male,Observed,Observed,43,45,1,1,Yes,Yes,1,1
2024,99999,VA,64001.0,6400120001.0,FHA:First Lien,Single Family (1-4 Units):Site-Built,Not Hispanic or Latino,White,Female,Loan originated,1,650000.0,85.0,5.5,3.5,0,3600.0,300.0,140.0,2.0,1100.0,360,,,0,0,1,0,0,0,1,1,1,700000.0,Site-Built,Owner Occupied,Not Applicable,Not Applicable,1,0,130000.0,37.0,1,1,Hispanic or Latino,Not Hispanic or Latino,Unobserved,Observed,White,White,Observed,Observed,Female,Female,Observed,Observed,50,48,1,1,Yes,Yes,1,1
2024,99999,WI,11001.0,1100101000.0,VA:First Lien,Single Family (1-4 Units):Site-Built,Not Hispanic or Latino,Black,Male,Loan originated,1,120000.0,90.0,7.2,2.0,1,500.0,200.0,150.0,1.0,500.0,360,,,0,1,1,1,1,0,0,1,0,160000.0,Site-Built,Owner Occupied,Not Applicable,Not Applicable,1,0,40000.0,32.0,2,2,Hispanic or Latino,Not Hispanic or Latino,Unobserved,Observed,Black,Black,Observed,Observed,Male,Male,Observed,Observed,60,62,1,1,Yes,Yes,1,1
2024,11111,KY,10001.0,1000100010.0,Conventional:First Lien,Single Family (1-4 Units):Site-Built,Not Hispanic or Latino,Hispanic or Latino,Male,Loan originated,1,340000.0,83.0,5.8,2.0,0,1500.0,300.0,150.0,1.0,0.0,300,,,0,0,0,0,0,0,1,1,1,400000.0,Site-Built,Owner Occupied,Not Applicable,Not Applicable,1,0,90000.0,36.0,2,2,Hispanic or Latino,Not Hispanic or Latino,Observed,Observed,Hispanic or Latino,Hispanic or Latino,Observed,Observed,Male,Male,Observed,Observed,32,35,0,0,Yes,Yes,1,1
2024,11111,CO,21301.0,2130107000.0,FHA:First Lien,Single Family (1-4 Units):Site-Built,Not Hispanic or Latino,White,Male,Loan originated,1,390000.0,85.0,6.0,2.0,0,1900.0,500.0,100.0,2.0,300.0,360,,,1,0,1,0,1,0,1,1,0,410000.0,Site-Built,Owner Occupied,Not Applicable,Not Applicable,1,0,95000.0,40.0,2,2,Hispanic or Latino,Not Hispanic or Latino,Observed,Observed,White,White,Observed,Observed,Male,Male,Observed,Observed,39,44,1,1,Yes,Yes,1,1
2024,99999,OR,32101.0,3210100030.0,FHA:First Lien,Single Family (1-4 Units):Site-Built,Not Hispanic or Latino,White,Female,Loan originated,1,250000.0,78.0,5.5,1.7,0,1500.0,200.0,50.0,0.0,550.0,360,,,0,1,1,0,0,0,1,1,0,280000.0,Site-Built,Owner Occupied,Not Applicable,Not Applicable,1,0,75000.0,34.0,1,1,Hispanic or Latino,Not Hispanic or Latino,Observed,Observed,White,White,Observed,Observed,Female,Female,Observed,Observed,28,30,0,0,Yes,Yes,1,1
2024,99999,NC,40001.0,4000100100.0,FHA:First Lien,Single Family (1-4 Units):Site-Built,Not Hispanic or Latino,White,Male,Loan originated,1,280000.0,92.0,7.0,2.2,1,2000.0,200.0,150.0,1.0,0.0,360,,,0,0,1,0,0,1,1,1,1,300000.0,Site-Built,Owner Occupied,Not Applicable,Not Applicable,1,0,78000.0,39.0,2,2,Hispanic or Latino,Not Hispanic or Latino,Observed,Observed,White,White,Observed,Observed,Male,Male,Observed,Observed,44,42,1,1,Yes,Yes,1,1
2024,11111,MA,07201.0,0720109800.0,Conventional:First Lien,Single Family (1-4 Units):Site-Built,Not Hispanic or Latino,White,Male,Loan originated,1,450000.0,89.0,6.6,2.0,1,3500.0,300.0,150.0,2.0,350.0,360,,,0,0,1,0,1,1,1,0,1,480000.0,Site-Built,Owner Occupied,Not Applicable,Not Applicable,1,0,120000.0,35.0,2,2,Hispanic or Latino,Not Hispanic or Latino,Observed,Observed,White,White,Observed,Observed,Male,Male,Observed,Observed,31,34,0,0,No,Yes,1,1
2024,99999,RH,40001.0,4000100000.0,FHA:First Lien,Single Family (1-4 Units):Site-Built,Hispanic or Latino,Hispanic or Latino,Female,File closed for incompleteness,32,300000.0,85.0,6.5,2.2,0,1000.0,150.0,50.0,0.0,0.0,300,,,0,1,1,1,0,0,0,1,1,320000.0,Site-Built,Owner Occupied,Not Applicable,Not Applicable,1,0,60000.0,30.0,1,1,Hispanic or Latino,Hispanic or Latino,Observed,Observed,Hispanic or Latino,Hispanic or Latino,Observed,Observed,Female,Female,Observed,Observed,41,40,1,1,Yes,No,1,1
2024,99999,SC,31101.0,3110100900.0,FHA:First Lien,Single Family (1-4 Units):Site-Built,Not Hispanic or Latino,White,Male,Loan originated,1,350000.0,90.0,7.0,2.0,1,2000.0,200.0,150.0,1.0,500.0,360,,,0,0,1,0,1,1,1,0,0,400000.0,Site-Built,Owner Occupied,Not Applicable,Not Applicable,1,0,75000.0,29.0,1,1,Not Hispanic or Latino,Not Hispanic or Latino,Observed,Observed,White,White,Observed,Observed,Male,Male,Observed,Observed,37,40,0,0,No,Yes,1,1
2024,11111,NE,03301.0,0330100800.0,Conventional:First Lien,Single Family (1-4 Units):Site-Built,Not Hispanic or Latino,White,Female,Loan originated,1,320000.0,75.0,6.5,1.5,0,300.0,100.0,0.0,0.0,100.0,360,,,1,1,1,1,0,1,1,1,1,380000.0,Site-Built,Owner Occupied,Not Applicable,Not Applicable,1,0,85000.0,33.0,1,1,Hispanic or Latino,Not Hispanic or Latino,Observed,Observed,White,White,Observed,Observed,Female,Female,Observed,Observed,47,45,1,1,Yes,No,1,1
2024,99999,ID,17001.0,1700101000.0,FHA:First Lien,Single Family (1-4 Units):Site-Built,Not Hispanic or Latino,White,Female,Loan originated,1,210000.0,90.0,6.2,2.4,0,400.0,50.0,0.0,0.0,0.0,360,,,1,0,1,1,0,0,0,0,0,250000.0,Site-Built,Owner Occupied,Not Applicable,Not Applicable,1,0,60000.0,31.0,1,1,Hispanic or Latino,Not Hispanic or Latino,Observed,Observed,White,White,Observed,Observed,Female,Female,Observed,Observed,25,23,0,0,Yes,No,1,1
2024,99999,AZ,16901.0,1690190010.0,FHA:First Lien,Single Family (1-4 Units):Site-Built,Not Hispanic or Latino,White,Female,Loan originated,1,250000.0,80.0,5.8,2.5,0,1400.0,300.0,150.0,1.5,400.0,360,,,1,0,1,0,1,0,1,1,1,300000.0,Site-Built,Owner Occupied,Not Applicable,Not Applicable,1,0,75000.0,32.0,2,2,Hispanic or Latino,Not Hispanic or Latino,Unobserved,Observed,White,White,Observed,Observed,Female,Female,Observed,Observed,33,35,0,0,Yes,Yes,1,1
2024,11111,IN,56001.0,5600100020.0,Conventional:First Lien,Single Family (1-4 Units):Site-Built,Not Hispanic or Latino,White,Male,Loan originated,1,420000.0,88.0,6.7,1.8,0,3000.0,320.0,100.0,2.0,0.0,360,,,0,1,1,0,1,1,1,1,0,430000.0,Site-Built,Owner Occupied,Not Applicable,Not Applicable,1,0,110000.0,39.0,2,2,Not Hispanic or Latino,Not Hispanic or Latino,Observed,Observed,White,White,Observed,Observed,Male,Male,Observed,Observed,65,66,1,1,Yes,Yes,1,1
2024,99999,HI,17001.0,1700100010.0,FHA:First Lien,Single Family (1-4 Units):Site-Built,Hispanic or Latino,White,Male,Loan originated,1,300000.0,78.0,6.5,2.0,0,700.0,150.0,60.0,2.0,700.0,360,,,0,1,0,1,0,0,1,1,0,320000.0,Site-Built,Owner Occupied,Not Applicable,Not Applicable,1,0,90000.0,33.0,2,2,Not Hispanic or Latino,Hispanic or Latino,Unobserved,Unobserved,White,White,Observed,Observed,Male,Male,Observed,Observed,26,24,0,0,Yes,Yes,1,1
2024,11111,VT,23101.0,2310105000.0,FHA:First Lien,Single Family (1-4 Units):Site-Built,Not Hispanic or Latino,White,Female,Loan originated,1,320000.0,85.0,5.8,2.0,1,2000.0,300.0,100.0,1.0,600.0,300,,,0,0,1,1,1,0,1,1,1,360000.0,Site-Built,Owner Occupied,Not Applicable,Not Applicable,1,0,85000.0,36.0,2,2,Hispanic or Latino,Not Hispanic or Latino,Observed,Observed,White,White,Observed,Observed,Female,Female,Observed,Observed,52,54,1,1,Yes,Yes,1,1
2024,99999,MS,17001.0,1700119000.0,FHA:First Lien,Single Family (1-4 Units):Site-Built,Not Hispanic or Latino,White,Male,Loan originated,1,200000.0,90.0,6.4,1.8,0,300.0,50.0,0.0,0.0,600.0,360,,,0,0,1,1,0,0,0,0,0,250000.0,Site-Built,Owner Occupied,Not Applicable,Not Applicable,1,0,50000.0,28.0,1,1,Hispanic or Latino,Not Hispanic or Latino,Unobserved,Observed,White,White,Observed,Observed,Male,Male,Observed,Observed,50,52,1,1,Yes,Yes,1,1
2024,11111,MD,58001.0,5800100100.0,Conventional:First Lien,Single Family (1-4 Units):Site-Built,Not Hispanic or Latino,White,Male,Loan originated,1,300000.0,88.0,6.5,2.0,1,2800.0,300.0,100.0,1.0,800.0,360,,,0,0,1,0,1,1,1,1,1,340000.0,Site-Built,Owner Occupied,Not Applicable,Not Applicable,1,0,80000.0,30.0,1,1,Hispanic or Latino,Not Hispanic or Latino,Unobserved,Observed,White,White,Observed,Observed,Male,Male,Observed,Observed,40,36,1,1,Yes,Yes,1,1
2024,99999,AK,2001.0,2001000010.0,Conventional:First Lien,Single Family (1-4 Units):Site-Built,Not Hispanic or Latino,White,Female,Loan originated,1,350000.0,79.0,6.0,1.8,1,3000.0,300.0,300.0,2.0,900.0,300,,,0,0,1,1,0,1,1,1,1,400000.0,Site-Built,Owner Occupied,Not Applicable,Not Applicable,1,0,90000.0,38.0,1,1,Hispanic or Latino,Not Hispanic or Latino,Observed,Observed,White,White,Observed,Observed,Female,Female,Observed,Observed,33,32,0,0,Yes,Yes,1,1
2024,99999,LA,12001.0,1200100010.0,FHA:First Lien,Single Family (1-4 Units):Site-Built,Hispanic or Latino,Hispanic or Latino,Male,Loan originated,1,200000.0,88.0,6.8,2.0,0,1500.0,0.0,0.0,0.0,200.0,360,,,0,0,1,0,1,0,0,1,1,220000.0,Site-Built,Owner Occupied,Not Applicable,Not Applicable,1,0,85000.0,32.0,1,1,Hispanic or Latino,Hispanic or Latino,Observed,Observed,Hispanic or Latino,Hispanic or Latino,Observed,Observed,Male,Male,Observed,Observed,30,32,0,0,Yes,No,1,1
2024,11111,OR,36401.0,3640100100.0,Conventional:First Lien,Single Family (1-4 Units):Site-Built,Not Hispanic or Latino,White,Male,Loan originated,1,400000.0,82.0,5.5,1.5,1,3800.0,300.0,200.0,2.0,0.0,360,,,0,0,1,0,1,0,1,0,0,450000.0,Site-Built,Owner Occupied,Not Applicable,Not Applicable,1,0,120000.0,34.0,2,2,Hispanic or Latino,Not Hispanic or Latino,Observed,Observed,White,White,Observed,Observed,Male,Male,Observed,Observed,60,58,1,1,Yes,Yes,1,1
2024,99999,FL,29001.0,2900100000.0,FHA:First Lien,Single Family (1-4 Units):Site-Built,Not Hispanic or Latino,White,Female,Loan originated,1,370000.0,82.0,6.2,2.0,0,2000.0,200.0,100.0,2.0,700.0,360,,,0,0,1,0,1,1,1,1,0,400000.0,Site-Built,Owner Occupied,Not Applicable,Not Applicable,1,0,95000.0,37.0,1,2,Hispanic or Latino,Not Hispanic or Latino,Observed,Observed,White,White,Observed,Observed,Female,Female,Observed,Observed,51,49,1,0,Yes,No,1,1
2024,99999,MO,24001.0,2400100010.0,FHA:First Lien,Single Family (1-4 Units):Site-Built,Not Hispanic or Latino,White,Female,Loan originated,1,480000.0,86.0,5.8,1.2,1,3000.0,500.0,250.0,2.0,0.0,360,,,0,0,1,1,1,1,0,1,1,520000.0,Site-Built,Owner Occupied,Not Applicable,Not Applicable,1,0,100000.0,33.0,2,1,Hispanic or Latino,Not Hispanic or Latino,Observed,Observed,White,White,Observed,Observed,Female,Female,Observed,Observed,32,34,0,0,Yes,No,1,1
2024,11111,MI,14001.0,1400100100.0,Conventional:First Lien,Single Family (1-4 Units):Site-Built,Not Hispanic
2024,99999,CA,9150.0,9150708100.0,Conventional:First Lien,Single Family (1-4 Units):Site-Built,Hispanic or Latino,Black,Female,Approved for loan,1,500000.0,0.85,6.75,2.5,1,15000.0,5000.0,2000.0,1.5,12000.0,360,0,0,0,0,0,0,750000.0,Site-Built,Primary,NA,NA,1,0,85000.0,35.0,0,0,Hispanic,Hispanic,Y,1,1,1,1,Hispanic,Hispanic,Y,1,1,1,1,45,40,N,0,1,0,1,1,1,1,1,1
2024,99999,FL,9150.0,9150708100.0,Conventional:Second Lien,Single Family (1-4 Units):Site-Built,Not Hispanic or Latino,White,Female,Approved for loan,1,250000.0,0.75,4.25,1.25,1,7000.0,2500.0,1000.0,1.0,5000.0,180,0,6,0,0,0,0,400000.0,Site-Built,Primary,NA,NA,1,0,70000.0,28.0,0,5,Not Hispanic or Latino,Not Hispanic or Latino,Y,1,1,1,1,Not Hispanic or Latino,Not Hispanic or Latino,Y,1,1,1,1,32,29,N,0,1,0,1,1,1,1,1,1
2024,99999,TX,9150.0,9150708100.0,FHA:First Lien,Single Family (1-4 Units):Site-Built,Not Hispanic or Latino,Asian,Male,Denied,1,300000.0,0.90,5.3,1.75,0,8000.0,3000.0,1500.0,1.75,5500.0,180,0,0,0,0,1,0,650000.0,Site-Built,Primary,NA,NA,1,0,75000.0,40.0,2,5,Not Hispanic or Latino,Not Hispanic or Latino,Y,1,1,1,1,Not Hispanic or Latino,Not Hispanic or Latino,Y,1,1,1,1,28,42,N,0,0,1,1,1,1,1,5,3
2024,99999,NY,9150.0,9150708100.0,Va:Second Lien,Single Family (1-4 Units):Site-Built,Hispanic or Latino,White,Male,Approved for loan,1,600000.0,0.92,4.8,2.0,1,10000.0,4000.0,2000.0,2.0,6000.0,240,0,0,0,0,0,0,800000.0,Site-Built,Primary,NA,NA,1,0,100000.0,32.0,0,5,Hispanic or Latino,Hispanic or Latino,Y,1,1,1,1,Hispanic or Latino,Hispanic or Latino,Y,1,1,1,1,35,38,N,0,1,0,1,1,1,1,1,1
2024,99999,GA,9150.0,9150708100.0,USDA:First Lien,Single Family (1-4 Units):Site-Built,Not Hispanic or Latino,Black,Female,Approved for loan,1,220000.0,0.85,4.75,2.0,1,6500.0,2000.0,800.0,1.25,4500.0,360,0,0,0,0,0,1,300000.0,Site-Built,Primary,NA,NA,1,0,60000.0,30.0,0,0,Not Hispanic or Latino,Not Hispanic or Latino,Y,1,1,1,1,Not Hispanic or Latino,Not Hispanic or Latino,Y,1,1,1,1,40,35,N,0,1,0,1,1,1,1,1,1
2024,99999,IL,9150.0,9150708100.0,Conventional:First Lien,Single Family (1-4 Units):Site-Built,Hispanic or Latino,Mixed Race,Male,Approved for loan,3,435000.0,0.88,5.5,1.5,1,12000.0,3500.0,2000.0,1.75,8500.0,360,0,0,1,0,0,0,750000.0,Site-Built,Primary,NA,NA,1,0,95000.0,41.0,1,0,Hispanic or Latino,Hispanic or Latino,Y,1,1,1,1,Hispanic or Latino,Hispanic or Latino,Y,1,1,1,1,61,65,N,0,1,0,1,1,5,3,1,1
2024,99999,WA,9150.0,9150708100.0,FHA:First Lien,Single Family (1-4 Units):Site-Built,Not Hispanic or Latino,Native Hawaiian or Pacific Islander,Female,Closed without funding,3,375000.0,0.91,5.25,1.75,0,8000.0,2000.0,500.0,1.0,6000.0,180,0,0,0,1,0,0,600000.0,Site-Built,Primary,NA,NA,1,0,85000.0,29.0,0,0,Not Hispanic or Latino,Not Hispanic or Latino,Y,1,1,1,1,Not Hispanic or Latino,Not Hispanic or Latino,Y,1,1,1,1,29,31,N,0,1,0,1,1,3,1,1,1
2024,99999,NC,9150.0,9150708100.0,Conventional:First Lien,Two Family:Site-Built,Not Hispanic or Latino,White,Male,Denied,5,200000.0,0.85,4.5,1.75,1,6000.0,2000.0,0.0,0.0,4000.0,360,0,0,0,0,0,1,400000.0,Site-Built,Primary,NA,NA,2,0,80000.0,33.0,0,0,Not Hispanic or Latino,Not Hispanic or Latino,Y,1,1,1,1,Not Hispanic or Latino,Not Hispanic or Latino,Y,1,1,1,1,72,70,N,1,0,1,0,0,2,4,1,1
2024,99999,MA,9150.0,9150708100.0,FHA:First Lien,Single Family (1-4 Units):Site-Built,Not Hispanic or Latino,Hispanic or Latino,Male,Approved for loan,1,415000.0,0.90,6.0,2.25,1,11000.0,3000.0,800.0,2.0,8000.0,300,0,0,0,0,0,0,550000.0,Site-Built,Primary,NA,NA,1,0,90000.0,38.0,5,5,Not Hispanic or Latino,Not Hispanic or Latino,Y,1,1,1,1,Not Hispanic or Latino,Not Hispanic or Latino,Y,1,1,1,1,33,36,N,0,1,0,1,1,2,5,3,1
2024,99999,OH,9150.0,9150708100.0,Conventional:First Lien,Single Family (1-4 Units):Site-Built,Hispanic or Latino,White,Female,Approved for loan,1,350000.0,0.78,5.8,1.9,1,9000.0,3500.0,2000.0,2.1,6000.0,360,0,0,0,0,1,0,700000.0,Site-Built,Primary,NA,NA,1,0,75000.0,36.0,1,0,Hispanic or Latino,Hispanic or Latino,Y,1,1,1,1,Hispanic or Latino,Hispanic or Latino,Y,1,1,1,1,42,39,N,0,1,0,1,1,1,4,3,1
2024,99999,VA,9150.0,9150708100.0,FHA:Second Lien,Single Family (1-4 Units):Site-Built,Not Hispanic or Latino,Black,Female,Approved for loan,5,320000.0,0.90,4.4,1.5,1,7500.0,2500.0,1500.0,1.75,5000.0,240,0,0,0,0,0,1,450000.0,Site-Built,Primary,NA,NA,1,0,90000.0,39.0,0,5,Not Hispanic or Latino,Not Hispanic or Latino,Y,1,1,1,1,Not Hispanic or Latino,Not Hispanic or Latino,Y,1,1,1,1,35,40,N,0,1,0,1,1,3,2,3,1
2024,99999,SC,9150.0,9150708100.0,Conventional:Second Lien,Single Family (1-4 Units):Site-Built,Not Hispanic or Latino,White,Male,Denied,1,190000.0,0.80,5.0,1.25,0,6500.0,2500.0,1000.0,1.5,5000.0,240,0,0,0,0,0,0,280000.0,Site-Built,Primary,NA,NA,1,0,55000.0,43.0,5,0,Not Hispanic or Latino,Not Hispanic or Latino,Y,1,1,1,1,Not Hispanic or Latino,Not Hispanic or Latino,Y,1,1,1,1,28,30,N,0,0,1,1,1,4,2,1,1
2024,99999,MD,9150.0,9150708100.0,USDA:First Lien,Single Family (1-4 Units):Site-Built,Not Hispanic or Latino,Hispanic or Latino,Female,Approved for loan,1,300000.0,0.85,4.6,1.75,1,8000.0,3000.0,1500.0,1.25,5000.0,360,0,0,0,1,0,0,480000.0,Site-Built,Primary,NA,NA,1,0,90000.0,29.0,1,0,Not Hispanic or Latino,Not Hispanic or Latino,Y,1,1,1,1,Not Hispanic or Latino,Not Hispanic or Latino,Y,1,1,1,1,43,38,N,0,1,0,1,1,4,3,1,1
2024,99999,MI,9150.0,9150708100.0,Va:First Lien,Single Family (1-4 Units):Site-Built,Not Hispanic or Latino,Asian,Male,Closed without funding,1,420000.0,0.85,5.0,1.75,0,9000.0,3500.0,2000.0,2.0,5500.0,360,0,0,0,0,0,1,630000.0,Site-Built,Primary,NA,NA,1,0,80000.0,33.0,0,2,Not Hispanic or Latino,Not Hispanic or Latino,Y,1,1,1,1,Not Hispanic or Latino,Not Hispanic or Latino,Y,1,1,1,1,51,53,N,0,1,0,0,1,1,3,2,1
2024,99999,MN,9150.0,9150708100.0,FHA:First Lien,Single Family (1-4 Units):Site-Built,Not Hispanic or Latino,American Indian or Alaska Native,Male,Denied,"",1,280000.0,0.80,3.75,1.75,1,8500.0,2000.0,0.0,0.0,5000.0,150,0,0,1,0,0,0,400000.0,Site-Built,Primary,NA,NA,1,0,80000.0,32.0,0,0,Not Hispanic or Latino,Not Hispanic or Latino,Y,1,1,1,1,Not Hispanic or Latino,Not Hispanic or Latino,Y,1,1,1,1,36,38,N,0,0,1,0,0,2,4,1,1
2024,99999,CO,9150.0,9150708100.0,Conventional:First Lien,Single Family (1-4 Units):Site-Built,Not Hispanic or Latino,Black,Male,Closed without funding,"",3,270000.0,0.85,5.25,2.25,0,7000.0,3000.0,500.0,1.0,5000.0,240,0,0,0,0,1,0,400000.0,Site-Built,Primary,NA,NA,1,0,70000.0,41.0,0,0,Not Hispanic or Latino,Not Hispanic or Latino,Y,1,1,1,1,Not Hispanic or Latino,Not Hispanic or Latino,Y,1,1,1,1,65,63,N,0,1,0,0,1,1,2,0,1
2024,99999,RI,9150.0,9150708100.0,FHA:First Lien,Single Family (1-4 Units):Site-Built,Not Hispanic or Latino,White,Female,"",5,310000.0,0.92,4.3,1.5,1,9000.0,3500.0,1300.0,1.0,5500.0,270,0,0,0,1,0,0,450000.0,Site-Built,Primary,NA,NA,1,0,85000.0,35.0,5,0,Not Hispanic or Latino,Not Hispanic or Latino,Y,1,1,1,1,Not Hispanic or Latino,Not Hispanic or Latino,Y,1,1,1,1,49,50,N,1,0,0,1,1,5,4,2,3
2024,99999,PA,9150.0,9150708100.0,Conventional:Second Lien,Single Family (1-4 Units):Site-Built,Hispanic or Latino,Mixed Race,Male,Approved for loan,"",1,340000.0,0.80,5.5,2.0,1,11000.0,4000.0,2000.0,2.25,8000.0,360,0,0,1,0,0,0,600000.0,Site-Built,Primary,NA,NA,1,0,95000.0,42.0,5,0,Hispanic or Latino,Hispanic or Latino,Y,1,1,1,1,Hispanic or Latino,Hispanic or Latino,Y,1,1,1,1,38,36,N,0,1,0,1,1,3,5,2,1
2024,99999,NJ,9150.0,9150708100.0,USDA:First Lien,Single Family (1-4 Units):Site-Built,Not Hispanic or Latino,White,Female,"",1,260000.0,0.75,4.75,1.0,0,6000.0,2000.0,800.0,1.25,4500.0,360,0,0,0,1,0,0,380000.0,Site-Built,Primary,NA,NA,1,0,70000.0,27.0,2,0,Not Hispanic or Latino,Not Hispanic or Latino,Y,1,1,1,1,Not Hispanic or Latino,Not Hispanic or Latino,Y,1,1,1,1,44,42,N,0,1,0,1,1,2,3,1,1
2024,99999,FL,9150.0,9150708100.0,FHA:First Lien,Single Family (1-4 Units):Site-Built,Not Hispanic or Latino,Black,Male,Approved for loan,1,220000.0,0.78,5.0,1.25,1,10000.0,3000.0,2000.0,2.0,7500.0,300,0,0,0,0,1,1,550000.0,Site-Built,Primary,NA,NA,1,0,70000.0,36.0,3,5,Not Hispanic or Latino,Not Hispanic or Latino,Y,1,1,1,1,Not Hispanic or Latino,Not Hispanic or Latino,Y,1,1,1,1,55,57,N,0,1,0,1,1,1,3,2,1
2024,99999,AL,9150.0,9150708100.0,Conventional:First Lien,Single Family (1-4 Units):Site-Built,Not Hispanic or Latino,White,Female,Denied,3,280000.0,0.87,4.25,2.5,1,9500.0,3000.0,1500.0,1.5,5500.0,360,0,0,0,1,0,0,500000.0,Site-Built,Primary,NA,NA,1,0,60000.0,30.0,5,0,Not Hispanic or Latino,Not Hispanic or Latino,Y,1,1,1,1,Not Hispanic or Latino,Not Hispanic or Latino,Y,1,1,1,1,39,41,N,0,0,1,0,0,1,4,1,1
2024,99999,MN,9150.0,9150708100.0,Va:Second Lien,Single Family (1-4 Units):Site-Built,Not Hispanic or Latino,Hispanic or Latino,Male,Closed without funding,1,450000.0,0.90,6.5,2.25,0,9000.0,3500.0,2000.0,2.0,5500.0,240,0,0,0,0,1,0,650000.0,Site-Built,Primary,NA,NA,1,0,90000.0,38.0,0,0,Not Hispanic or Latino,Not Hispanic or Latino,Y,1,1,1,1,Not Hispanic or Latino,Not Hispanic or Latino,Y,1,1,1,1,35,37,N,0,1,0,0,1,1,4,3,1
2024,99999,KS,9150.0,9150708100.0,Conventional:First Lien,Single Family (1-4 Units):Site-Built,Not Hispanic or Latino,Asian,Female,Approved for loan,1,390000.0,0.82,5.0,1.75,1,11000.0,4000.0,2000.0,2.0,7000.0,240,0,0,0,0,0,1,550000.0,Site-Built,Primary,NA,NA,1,0,70000.0,31.0,0,5,Not Hispanic or Latino,Not Hispanic or Latino,Y,1,1,1,1,Not Hispanic or Latino,Not Hispanic or Latino,Y,1,1,1,1,29,31,N,0,1,0,1,1,3,2,4,1
2024,99999,WI,9150.0,9150708100.0,USDA:First Lien,Single Family (1-4 Units):Site-Built,Not Hispanic or Latino,White,Male,"",1,280000.0,0.75,4.5,1.75,1,8000.0,2000.0,0.0,0.0,4000.0,360,0,0,0,0,0,0,350000.0,Site-Built,Primary,NA,NA,1,0,80000.0,30.0,0,0,Not Hispanic or Latino,Not Hispanic or Latino,Y,1,1,1,1,Not Hispanic or Latino,Not Hispanic or Latino,Y,1,1,1,1,44,46,N,0,1,0,1,1,2,3,0,1
2024,99999,TX,9150.0,9150708100.0,FHA:First Lien,Two Family:Site-Built,Hispanic or Latino,Mixed Race,Female,Denied,5,230000.0,0.80,5.0,2.0,0,6500.0,2500.0,500.0,1.0,4200.0,180,0,0,0,0,0,1,420000.0,Site-Built,Primary,NA,NA,2,0,60000.0,39.0,0,0,Hispanic or Latino,Hispanic or Latino,Y,1,1,1,1,Hispanic or Latino,Hispanic or Latino,Y,1,1,1,1,51,53,N,0,0,1,0,0,1,4,1,1
2024,99999,MO,9150.0,9150708100.0,Va:First Lien,Single Family (1-4 Units):Site-Built,Not Hispanic or Latino,Black,Male,"",1,210000.0,0.80,5.25,1.75,1,7500.0,2000.0,400.0,1.0,4500.0,300,0,0,0,0,1,0,350000.0,Site-Built,Primary,NA,NA,1,0,70000.0,38.0,0,0,Not Hispanic or Latino,Not Hispanic or Latino,Y,1,1,1,1,Not Hispanic or Latino,Not Hispanic or Latino,Y,1,1,1,1,30,32,N,0,1,0,0,1,2,1,2,1
2024,99999,NH,9150.0,9150708100.0,Conventional:First Lien,Single Family (1-4 Units):Site-Built,Not Hispanic or Latino,Hispanic or Latino,Female,"",1,320000.0,0.80,5.75,2.0,1,9000.0,2000.0,500.0,1.0,6000.0,180,0,0,0,0,1,0,600000.0,Site-Built,Primary,NA,NA,1,0,75000.0,37.0,1,0,Not Hispanic or Latino,Not Hispanic or Latino,Y,1,1,1,1,Not Hispanic or Latino,Not Hispanic or Latino,Y,1,1,1,1,52,55,N,0,1,0,1,1,2,3,6,1
2024,99999,OR,9150.0,9150708100.0,FHA:First Lien,Single Family (1-4 Units):Site-Built,Not Hispanic or Latino,White,Female,Approved for loan,1,240000.0,0.83,4.0,2.0,1,8500.0,2000.0,800.0,1.75,4000.0,240,0,0,0,0,0,0,450000.0,Site-Built,Primary,NA,NA,1,0,70000.0,33.0,0,0,Not Hispanic or Latino,Not Hispanic or Latino,Y,1,1,1,1,Not Hispanic or Latino,Not Hispanic or Latino,Y,1,1,1,1,28,26,N,0,1,0,1,1,1,2,1,1
2024,99999,UT,9150.0,9150708100.0,Conventional:First Lien,Single Family (1-4 Units):Site-Built,Not Hispanic or Latino,Mixed Race,Male,Denied,"",3,200000.0,0.80,5.5,2.25,0,10000.0,3500.0,1000.0,1.75,6000.0,360,0,0,0,0,1,0,400000.0,Site-Built,Primary,NA,NA,1,0,60000.0,32.0,1,0,Not Hispanic or Latino,Not Hispanic or Latino,Y,1,1,1,1,Not Hispanic or Latino,Not Hispanic or Latino,Y,1,1,1,1,22,24,N,0,0,1,0,0,2,4,3,1
2024,99999,TN,9150.0,9150708100.0,Conventional:Second Lien,Single Family (1-4 Units):Site-Built,Not Hispanic or Latino,Black,Female,Approved for loan,1,260000.0,0.70,4.0,1.75,1,6000.0,1500.0,200.0,1.0,5000.0,300,0,0,0,0,0,1,400000.0,Site-Built,Primary,NA,NA,1,0,60000.0,40.0,0,0,Not Hispanic or Latino,Not Hispanic or Latino,Y,1,1,1,1,Not Hispanic or Latino,Not Hispanic or Latino,Y,1,1,1,1,30,28,Y,0,1,0,1,1,2,1,2,1
2024,99999,IN,9150.0,9150708100.0,FHA:First Lien,Single Family (1-4 Units):Site-Built,Hispanic or Latino,Hispanic or Latino,Female,"",1,300000.0,0.85,5.25,2.5,1,7500.0,2500.0,400.0,1.0,5000.0,360,0,0,0,0,1,0,500000.0,Site-Built,Primary,NA,NA,1,0,80000.0,35.0,5,0,Hispanic or Latino,Hispanic or Latino,Y,1,1,1,1,Hispanic or Latino,Hispanic or Latino,Y,1,1,1,1,34,31,N,1,1,0,1,1,3,4,2,1
2024,99999,NV,9150.0,9150708100.0,Conventional:First Lien,Single Family (1-4 Units):Site-Built,Not Hispanic or Latino,White,Male,"",1,320000.0,0.81,4.75,2.5,1,12000.0,4000.0,1800.0,2.25,8500.0,360,0,0,0,0,0,0,550000.0,Site-Built,Primary,NA,NA,1,0,80000.0,38.0,0,0,Not Hispanic or Latino,Not Hispanic or Latino,Y,1,1,1,1,Not Hispanic or Latino,Not Hispanic or Latino,Y,1,1,1,1,56,58,N,0,1,0,1,1,1,5,0,1
2024,99999,AR,9150.0,9150708100.0,USDA:First Lien,Single Family (1-4 Units):Site-Built,Hispanic or Latino,White,Male,Approved for loan,1,290000.0,0.80,5.0,2.0,1,7000.0,2000.0,100.0,1.25,5600.0,300,0,0,0,0,0,0,400000.0,Site-Built,Primary,NA,NA,1,0,70000.0,33.0,1,0,Hispanic or Latino,Hispanic or Latino,Y,1,1,1,1,Hispanic or Latino,Hispanic or Latino,Y,1,1,1,1,32,27,N,0,1,0,1,1,2,4,3,1
2024,99999,ME,9150.0,9150708100.0,Va:First Lien,Single Family (1-4 Units):Site-Built,Not Hispanic or Latino,Black,Female,"",1,270000.0,0.83,5.5,2.0,0,8000.0,3500.0,500.0,1.5,5000.0,240,0,0,0,0,0,1,420000.0,Site-Built,Primary,NA,NA,1,0,65000.0,34.0,0,0,Not Hispanic or Latino,Not Hispanic or Latino,Y,1,1,1,1,Not Hispanic or Latino,Not Hispanic or Latino,Y,1,1,1,1
2024,10010,CA,37020.0,3702034100.0,Conventional:Purchase,Single Family (1-4 Units):Site-Built,Hispanic or Latino,Black,Male,Loan originated,1,425000.0,92.0,6.75,2.5,1,5750.0,650.0,3200.0,1.5,2400.0,360,8,0,0,0,0,0,550000.0,Site-built,Owner Occupied,NA,NA,1,0,120000.0,32.0,2,2,1,1,2,1,1,1,1,2,1,1,45,78,0,0,1,1,Yes,1,2,2,1,5,1,1,1,2,1,1,2,1,30,40,0,0,1,1,Yes,1,1
2024,10030,FL,12077.0,1207747800.0,FHA:Purchase,Single Family (1-4 Units):Site-Built,Not Hispanic or Latino,White,Male,Loan originated,1,380000.0,85.0,5.25,1.8,1,5200.0,600.0,2800.0,1.0,2000.0,180,0,0,0,0,0,0,500000.0,Site-built,Owner Occupied,NA,NA,1,0,98000.0,25.0,3,1,3,1,3,3,3,3,3,3,3,3,40,50,0,0,1,1,Yes,0,2,2,1,3,1,1,1,3,1,1,3,1,45,55,0,0,1,1,Yes,1,1
2024,10040,NY,36047.0,3604738413.0,FHA:Purchase,Single Family (1-4 Units):Site-Built,Not Hispanic or Latino,Asian,Female,Loan originated,1,320000.0,75.0,5.5,1.0,1,3800.0,450.0,2000.0,0.5,1400.0,240,6,0,0,1,1,1,375000.0,Site-built,Owner Occupied,NA,NA,1,0,110000.0,28.0,3,1,2,1,2,2,2,2,2,1,1,1,50,45,0,0,1,1,Yes,1,1,2,1,2,1,1,1,2,1,1,2,1,35,33,0,0,1,1,Yes,0,2
2024,10050,IL,17031.0,1703101220.0,FHA:Purchase,Single Family (1-4 Units):Site-Built,Not Hispanic or Latino,White,Female,Loan originated,1,280000.0,85.0,5.25,2.0,1,4000.0,550.0,2200.0,0.8,1000.0,240,0,0,0,0,0,0,350000.0,Site-built,Owner Occupied,NA,NA,1,0,80000.0,30.0,2,2,1,1,1,1,1,1,1,2,1,1,42,38,0,0,1,1,Yes,1,1,1,2,2,1,1,1,1,1,1,1,1,40,35,0,0,1,1,Yes,0,2
2024,10060,TX,48127.0,4812704050.0,Conventional:Purchase,Single Family (1-4 Units):Site-Built,Hispanic or Latino,Hispanic or Latino,Female,Loan originated,1,510000.0,70.0,6.0,2.5,1,4500.0,700.0,2400.0,1.0,2000.0,360,6,0,0,0,0,0,650000.0,Site-built,Owner Occupied,NA,NA,1,0,140000.0,26.0,3,2,1,2,3,4,3,4,4,1,2,1,65,55,0,0,1,1,Yes,1,2,1,1,2,1,1,1,2,1,1,4,1,60,50,0,0,1,1,Yes,1,2
2024,10070,CA,37050.0,3705006460.0,FHA:Purchase,Single Family (1-4 Units):Site-Built,Not Hispanic or Latino,White,Male,Loan originated,1,440000.0,90.0,5.5,2.0,1,4800.0,600.0,2600.0,1.0,2000.0,240,0,0,0,0,0,0,525000.0,Site-built,Owner Occupied,NA,NA,1,0,100000.0,25.0,2,1,2,1,2,2,2,2,2,2,2,2,52,45,0,0,1,1,Yes,0,1,1,1,2,1,1,1,2,1,1,2,1,45,50,0,0,1,1,Yes,1,1
2024,10080,FL,12021.0,1202137280.0,Conventional:Purchase,Single Family (1-4 Units):Site-Built,Not Hispanic or Latino,White,Female,Loan originated,1,360000.0,90.0,6.25,3.0,1,4200.0,650.0,2400.0,1.0,2000.0,360,0,0,0,0,0,0,400000.0,Site-built,Owner Occupied,NA,NA,1,0,90000.0,30.0,3,1,2,1,3,2,3,1,2,1,1,1,28,40,0,0,1,1,Yes,1,1,1,1,2,1,1,1,2,1,1,3,1,55,45,0,0,1,1,Yes,1,1
2024,10090,NJ,34013.0,3401302210.0,FHA:Purchase,Single Family (1-4 Units):Site-Built,Not Hispanic or Latino,White,Female,Loan originated,1,325000.0,95.0,6.25,2.25,1,4000.0,600.0,2200.0,1.0,1800.0,180,0,0,0,0,0,0,375000.0,Site-built,Owner Occupied,NA,NA,1,0,80000.0,24.0,2,1,1,1,2,2,2,2,2,2,1,1,40,35,0,0,1,1,Yes,1,1,1,1,2,1,1,1,2,1,1,2,1,50,45,0,0,1,1,Yes,1,1
2024,10100,OH,39035.0,3903501600.0,Conventional:Refinance,Single Family (1-4 Units):Site-Built,Not Hispanic or Latino,White,Male,Loan originated,2,250000.0,85.0,6.0,2.75,1,3200.0,450.0,1800.0,0.7,1100.0,180,0,0,0,0,0,0,275000.0,Site-built,Owner Occupied,NA,NA,1,0,75000.0,28.0,2,1,1,1,2,2,2,1,1,1,1,1,50,42,0,0,1,1,Yes,0,1,1,1,2,1,1,1,2,1,1,2,1,45,35,0,0,1,1,Yes,1,1
2024,10110,GA,13187.0,1318703700.0,Conventional:Purchase,Single Family (1-4 Units):Site-Built,Not Hispanic or Latino,White,Female,Loan originated,1,380000.0,90.0,5.5,1.0,1,4000.0,500.0,2000.0,1.0,1500.0,360,0,0,0,0,0,0,450000.0,Site-built,Owner Occupied,NA,NA,1,0,80000.0,30.0,3,2,1,1,2,3,2,2,3,1,1,1,40,45,0,0,1,1,Yes,1,1,2,1,2,1,1,1,2,1,1,3,1,55,50,0,0,1,1,Yes,1,1
2024,10120,VA,51085.0,5108558640.0,FHA:Purchase,Single Family (1-4 Units):Site-Built,Not Hispanic or Latino,White,Male,Loan originated,1,375000.0,92.5,5.25,1.8,1,4300.0,600.0,2400.0,1.5,2000.0,240,0,1,1,0,0,0,375000.0,Site-built,Owner Occupied,NA,NA,1,0,90000.0,24.0,2,1,1,1,1,1,1,1,1,1,1,1,48,45,0,0,1,1,Yes,0,1,1,1,1,1,1,1,1,1,1,1,1,42,35,0,0,1,1,Yes,1,1
2024,10130,NV,32023.0,3202310070.0,FHA:Purchase,Single Family (1-4 Units):Site-Built,Not Hispanic or Latino,White,Female,Loan originated,1,350000.0,85.0,5.75,2.0,1,4100.0,500.0,2000.0,1.0,1800.0,360,0,0,0,0,0,0,375000.0,Site-built,Owner Occupied,NA,NA,1,0,85000.0,25.0,2,2,1,1,1,2,1,1,1,1,1,1,35,38,0,0,1,1,Yes,1,1,1,1,1,1,1,1,1,1,1,1,1,38,40,0,0,1,1,Yes,0,1
2024,10140,NY,36017.0,3601721413.0,Conventional:Purchase,Single Family (1-4 Units):Site-Built,Hispanic or Latino,Hispanic or Latino,Male,Loan originated,1,430000.0,80.0,5.5,2.0,1,4500.0,550.0,2200.0,1.0,1800.0,360,0,0,0,1,0,0,500000.0,Site-built,Owner Occupied,NA,NA,1,0,100000.0,26.0,2,1,2,1,2,3,2,2,1,1,1,1,55,48,0,0,1,1,Yes,1,2,1,1,2,1,1,1,2,1,1,2,1,50,42,0,0,1,1,Yes,1,2
2024,10150,MA,25005.0,2500501320.0,Conventional:Purchase,Single Family (1-4 Units):Site-Built,Not Hispanic or Latino,White,Male,Loan originated,1,310000.0,90.0,5.25,1.25,1,3900.0,500.0,1800.0,1.0,1600.0,180,0,0,0,0,0,0,375000.0,Site-built,Owner Occupied,NA,NA,1,0,70000.0,30.0,2,2,3,1,3,2,3,2,2,2,2,2,38,35,0,0,1,1,Yes,0,1,1,1,2,1,1,1,2,1,1,2,1,40,42,0,0,1,1,Yes,1,1
2024,10160,TX,48119.0,4811934200.0,FHA:Purchase,Single Family (1-4 Units):Site-Built,Hispanic or Latino,Hispanic or Latino,Female,Loan originated,1,470000.0,90.0,6.5,2.0,1,4800.0,700.0,2600.0,1.0,2000.0,240,6,0,0,0,0,1,550000.0,Site-built,Owner Occupied,NA,NA,1,0,120000.0,26.0,2,1,2,1,2,2,2,2,2,2,1,1,56,50,0,0,1,1,Yes,1,2,2,1,2,1,1,1,2,1,1,3,1,48,50,0,0,1,1,Yes,1,2
2024,10170,MI,26065.0,2606518040.0,Conventional:Purchase,Single Family (1-4 Units):Site-Built,Not Hispanic or Latino,White,Male,Loan originated,1,335000.0,80.0,5.75,1.5,1,4000.0,450.0,2000.0,0.8,1600.0,360,0,0,0,0,0,0,375000.0,Site-built,Owner Occupied,NA,NA,1,0,75000.0,28.0,3,1,1,1,2,2,2,2,2,2,1,1,38,45,0,0,1,1,Yes,0,1,2,1,2,1,1,1,2,1,1,3,1,40,47,0,0,1,1,Yes,1,1
2024,10180,MD,24009.0,2400901335.0,Conventional:Purchase,Single Family (1-4 Units):Site-Built,Not Hispanic or Latino,White,Female,Loan originated,1,320000.0,82.0,5.25,1.0,1,3900.0,480.0,1800.0,0.7,1500.0,300,0,0,0,0,0,0,350000.0,Site-built,Owner Occupied,NA,NA,1,0,80000.0,28.0,1,2,1,1,1,2,1,2,1,1,1,1,35,40,0,0,1,1,Yes,0,2,1,1,1,1,1,1,1,1,1,1,1,30,32,0,0,1,1,Yes,1,1
2024,10190,NC,37195.0,3719532100.0,FHA:Purchase,Single Family (1-4 Units):Site-Built,Not Hispanic or Latino,White,Female,Loan originated,1,315000.0,85.0,5.25,1.8,1,3800.0,500.0,1800.0,0.8,1200.0,180,0,0,0,0,0,0,350000.0,Site-built,Owner Occupied,NA,NA,1,0,70000.0,28.0,2,1,1,1,1,1,1,1,1,1,1,1,41,38,0,0,1,1,Yes,1,1,1,1,2,1,1,1,1,1,1,1,1,32,35,0,0,1,1,Yes,1,1
2024,10200,WA,53061.0,5306145250.0,FHA:Purchase,Single Family (1-4 Units):Site-Built,Not Hispanic or Latino,White,Female,Loan originated,1,390000.0,85.0,5.5,1.5,1,4200.0,600.0,2200.0,1.0,1800.0,240,0,0,0,0,0,0,400000.0,Site-built,Owner Occupied,NA,NA,1,0,90000.0,25.0,1,2,1,1,1,1,1,1,1,1,1,1,29,40,0,0,1,1,Yes,1,1,1,1,1,1,1,1,1,1,1,1,1,37,38,0,0,1,1,Yes,0,1
2024,10210,MN,27033.0,2703300535.0,Conventional:Purchase,Single Family (1-4 Units):Site-Built,Hispanic or Latino,Hispanic or Latino,Male,Loan originated,1,360000.0,80.0,5.25,2.0,1,4000.0,450.0,2000.0,1.0,1900.0,360,0,0,0,0,0,0,400000.0,Site-built,Owner Occupied,NA,NA,1,0,75000.0,32.0,2,2,1,1,2,2,2,2,1,1,1,1,45,40,0,0,1,1,Yes,1,2,1,1,2,1,1,1,2,1,1,2,1,42,45,0,0,1,1,Yes,1,2
2024,10220,MO,29095.0,2909539200.0,FHA:Purchase,Single Family (1-4 Units):Site-Built,Not Hispanic or Latino,White,Female,Loan originated,1,440000.0,90.0,5.25,1.5,1,4500.0,500.0,2400.0,1.0,2000.0,240,0,0,0,0,0,0,480000.0,Site-built,Owner Occupied,NA,NA,1,0,110000.0,28.0,2,2,1,1,1,2,1,1,1,1,1,1,30,35,0,0,1,1,Yes,0,1,1,1,1,1,1,1,1,1,1,1,1,38,40,0,0,1,1,Yes,0,1
2024,10230,WI,55059.0,5505912340.0,FHA:Purchase,Single Family (1-4 Units):Site-Built,Not Hispanic or Latino,White,Male,Loan originated,1,275000.0,85.0,5.25,2.0,1,3600.0,500.0,1800.0,0.8,1700.0,240,0,0,0,0,0,0,325000.0,Site-built,Owner Occupied,NA,NA,1,0,55000.0,28.0,1,2,1,1,1,1,1,1,1,1,1,1,40,30,0,0,1,1,Yes,0,2,1,1,1,1,1,1,1,1,1,1,1,45,35,0,0,1,1,Yes,1,1
2024,10240,CO,08013.0,0801334220.0,Conventional:Purchase,Single Family (1-4 Units):Site-Built,Hispanic or Latino,Hispanic or Latino,Female,Loan originated,1,380000.0,90.0,5.5,2.0,1,4200.0,600.0,2400.0,1.0,1500.0,360,0,0,0,0,0,0,400000.0,Site-built,Owner Occupied,NA,NA,1,0,100000.0,25.0,2,2,2,1,2,2,2,2,2,1,1,1,42,45,0,0,1,1,Yes,1,2,2,1,2,1,1,1,2,1,1,2,1,40,42,0,0,1,1,Yes,1,2
2024,10250,NJ,34015.0,3401500322.0,Conventional:Purchase,Single Family (1-4 Units):Site-Built,Hispanic or Latino,Hispanic or Latino,Female,Loan originated,1,350000.0,80.0,6.0,2.3,1,3900.0,600.0,2000.0,1.0,1600.0,360,0,0,0,0,0,0,400000.0,Site-built,Owner Occupied,NA,NA,1,0,90000.0,28.0,2,1,2,1,2,1,2,2,1,1,1,1,40,30,0,0,1,1,Yes,0,2,2,1,1,1,1,1,1,1,1,2,1,38,35,0,0,1,1,Yes,1,1
2024,10260,NC,37097.0,3709715340.0,Conventional:Purchase,Single Family (1-4 Units):Site-Built,Not Hispanic or Latino,White,Male,Loan originated,1,400000.0,85.0,5.25,1.5,1,4500.0,500.0,2200.0,1.0,2200.0,240,0,0,0,0,0,0,475000.0,Site-built,Owner Occupied,NA,NA,1,0,110000.0,27.0,2,1,2,1,1,2,1,1,2,2,1,1,55,50,0,0,1,1,Yes,0,1,1,1,1,1,1,1,1,1,1,2,1,40,55,0,0,1,1,Yes,1,1
2024,10270,CT,09011.0,0901100000.0,FHA:Purchase,Single Family (1-4 Units):Site-Built,Not Hispanic or Latino,White,Female,Loan originated,1,290000.0,85.0,5.5,2.0,1,3600.0,400.0,1600.0,0.8,1500.0,240,0,0,0,0,0,0,350000.0,Site-built,Owner Occupied,NA,NA,1,0,70000.0,26.0,1,1,1,1,2,1,2,1,2,1,1,1,45,42,0,0,1,1,Yes,1,1,1,1,1,1,1,1,1,1,1,1,1,30,38,0,0,1,1,Yes,0,1
2024,10280,PA,42063.0,4206304100.0,Conventional:Purchase,Single Family (1-4 Units):Site-Built,Not Hispanic or Latino,White,Female,Loan originated,1,420000.0,90.0,5.75,2.0,1,4200.0,550.0,2200.0,1.2,2000.0,240,0,0,0,0,0,0,475000.0,Site-built,Owner Occupied,NA,NA,1,0,95000.0,28.0,2,2,1,1,2,2,1,2,1,2,1,2,44,50,0,0,1,1,Yes,1,1,2,1,1,1,1,1,1,1,1,1,1,50,48,0,0,1,1,Yes,1,1
2024,10290,OR,41021.0,4102100200.0,FHA:Purchase,Single Family (1-4 Units):Site-Built,Not Hispanic or Latino,White,Female,Loan originated,1,350000.0,80.0,6.25,1.8,1,3800.0,500.0,2000.0,1.0,1500.0,360,0,0,0,0,0,0,450000.0,Site-built,Owner Occupied,NA,NA,1,0,100000.0,30.0,2,2,2,1,2,2,2,2,1,2,1,1,50,45,0,0,1,1,Yes,1,1,1,1,1,1,1,1,1,1,1,2,1,50,48,0,0,1,1,Yes,1,1
2024,10300,NE,31039.0,3103912320.0,Conventional:Purchase,Single Family (1-4 Units):Site-Built,Hispanic or Latino,Other,Male,Loan originated,1,330000.0,85.0,5.25,2.0,1,4200.0,550.0,2200.0,1.0,1600.0,240,0,0,0,0,0,0,350000.0,Site-built,Owner Occupied,NA,NA,1,0,70000.0,25.0,2,1,1,1,3,2,3,2,2,1,2,1,42,48,0,0,1,1,Yes,1,2,1,1,2,1,1,1,2,1,1,2,1,50,42,0,0,1,1,Yes,1,2
2024,10310,KS,20095.0,2009517300.0,FHA:Purchase,Single Family (1-4 Units):Site-Built,Not Hispanic or Latino,White,Male,Loan originated,1,500000.0,90.0,5.75,1.5,1,4800.0,550.0,2400.0,1.0,2400.0,180,0,0,0,0,0,0,550000.0,Site-built,Owner Occupied,NA,NA,1,0,120000.0,28.0,2,1,1,1,2,2,2,1,1,1,1,1,40,33,0,0,1,1,Yes,0,1,1,1,2,1,1,1,2,1,1,2,1,35,38,0,0,1,1,Yes,1,1
2024,10320,UT,49019.0,4901909020.0,Conventional:Purchase,Single Family (1-4 Units):Site-Built,Not Hispanic or Latino,White,Male,Loan originated,1,320000.0,85.0,6.0,2.0,1,4200.0,510.0,2300.0,1.0,1800.0,240,0,0,0,0,0,0,375000.0,Site-built,Owner Occupied,NA,NA,1,0,75000.0,24.0,2,1,1,1,1,2,1,2,2,1,1,1,55,45,0,0,1,1,Yes,0,1,1,1,1,1,1,1,1,1,1,2,1,40,38,0,0,1,1,Yes,1,1
2024,10330,IN,18077.0,1807705020.0,FHA:Purchase,Single Family (1-4 Units):Site-Built,Not Hispanic or Latino,White,Male,Loan originated,1,390000.0,90.0,5.75,1.8,1,4200.0,600.0,2200.0,1.0,2000.0,360,0,0,0,0,0,0,420000.0,Site-built,Owner Occupied,NA,NA,1,0,90000.0,25.0,2,1,1,1,2,2,2,2
2024,99999,CT,9150.0,9150708100.0,Conventional:Subordinate Lien,Single Family (1-4 Units):Site-Built,Not Hispanic or Latino,White,Male,File closed for incompleteness,32,25000.0,,,,3,,,,,,240,,,2,2,2,2,,1,1,3,5,1,,96.0,,1111,1111,2.0,5.0,2,4,5.0,8.0,2,4,1,5,2,4,65-74,9999,Yes,,1,1
2024,99999,NY,36047.0,3604703200.0,FHA:First Lien,Single Family (1-4 Units):Site-Built,Hispanic or Latino,White,Female,Loan originated,1,300000.0,85.0,6.75,2.25,2,12500.0,1150.0,1500.0,0.0,1000.0,360,0,0,0,0,0,0,0,250000.0,Concrete,Owner occupied,0,0,1,1,120000.0,30,3,4,2,1,60.0,2020,2020,1,3,2,4,3,5,30,30,1,1,0,0,Yes,,0,1,0,30,30,1,1,45,75,No,,1,3
2024,99999,FL,12031.0,1203100200.0,VA:First Lien,Single Family (1-4 Units):Site-Built,Not Hispanic or Latino,Two or More Minority,Male,Loan denied,2,200000.0,90.0,7.5,3.0,0,10000.0,500.0,1000.0,2.0,800.0,180,0,0,0,0,0,0,0,180000.0,Wood,Owner occupied,0,0,1,0,45000.0,40,2,4,3,2,45.0,2021,2021,1,2,3,5,0,0,25,35,1,1,3,3,Yes,,0,0,0,25,25,1,1,30,40,No,,1,2
2024,99999,TX,48059.0,4805905300.0,FHA:First Lien,Single Family (1-4 Units):Site-Built,Not Hispanic or Latino,White,Male,Application approved but not accepted,1,400000.0,70.0,5.5,1.75,1,0.0,0.0,0.0,0.0,0.0,300,,0,0,0,1,1,0,0,300000.0,Brick,Owner occupied,0,0,1,1,75000.0,35,3,2,1,1,40.0,2018,2018,1,3,2,4,1,2,30,30,0,0,2,3,Yes,,0,2,0,15,15,0,1,50,60,No,,1,2
2024,99999,CA,06007.0,0600700500.0,Va:First Lien,Single Family (1-4 Units):Site-Built,Hispanic or Latino,Hispanic,Male,Loan originated,1,500000.0,75.0,6.25,2.0,0,20000.0,2000.0,5000.0,1.0,750.0,360,1,3,0,1,0,0,0,450000.0,Masonry,Owner occupied,0,0,1,1,200000.0,42,4,1,1,1,55.0,2019,2019,1,4,2,1,1,1,20,30,1,0,2,2,Yes,,0,2,0,30,20,1,0,45,50,No,,1,3
2024,99999,MA,25017.0,2501700600.0,Conventional:First Lien,Single Family (1-4 Units):Site-Built,Not Hispanic or Latino,Black,Female,Loan approved but not accepted,1,350000.0,80.0,7.0,1.5,1,15000.0,1200.0,1800.0,0.0,1000.0,240,0,0,0,1,0,1,1,300000.0,Concrete,Investor occupied,0,0,2,1,80000.0,38,4,3,2,3,30.0,2022,2022,1,3,1,2,0,3,40,30,0,0,5,4,Yes,,1,2,0,35,30,0,1,30,35,Yes,,2,1
2024,99999,IL,17031.0,1703101000.0,Conventional:First Lien,Single Family (1-4 Units):Site-Built,Not Hispanic or Latino,White,Female,Loan originated,1,450000.0,70.0,6.0,1.25,0,8000.0,900.0,2000.0,1.0,700.0,300,0,0,0,0,1,0,0,400000.0,Stone,Owner occupied,0,0,2,1,100000.0,45,3,3,1,4,25.0,2023,2023,1,2,1,1,0,2,25,20,1,1,0,0,Yes,,1,1,0,35,30,0,0,60,65,No,,1,3
2024,99999,NJ,34015.0,3401503000.0,FHA:First Lien,Single Family (1-4 Units):Site-Built,Not Hispanic or Latino,White,Female,Loan denied,2,300000.0,95.0,9.0,3.75,0,5000.0,200.0,500.0,0.0,100.0,240,0,0,0,0,0,0,0,250000.0,Brick,Owner occupied,0,0,1,1,120000.0,35,4,3,1,1,45.0,2017,2017,1,2,1,4,0,0,35,40,0,1,3,3,Yes,,1,3,0,40,35,1,1,25,30,No,,1,3
2024,99999,WA,53033.0,5303300500.0,Conventional:First Lien,Single Family (1-4 Units):Site-Built,Not Hispanic or Latino,White,Male,Loan originated,1,600000.0,65.0,5.25,1.25,0,15000.0,1000.0,2500.0,2.0,400.0,360,1,2,1,1,1,0,0,500000.0,Frame,Owner occupied,0,0,1,1,150000.0,40,1,3,1,2,60.0,2020,2020,1,4,3,1,0,2,30,20,1,0,5,4,Yes,,1,2,0,25,20,0,1,55,60,No,,0,2
2024,99999,GA,13001.0,1300100000.0,Va:First Lien,Single Family (1-4 Units):Site-Built,Hispanic or Latino,Hispanic,Male,Application approved but not accepted,1,225000.0,75.0,6.5,2.25,0,20000.0,1800.0,3000.0,3.0,500.0,300,0,0,0,1,1,0,0,200000.0,Masonry,Investor occupied,0,0,1,1,60000.0,25,3,2,1,1,25.0,2022,2022,1,3,1,3,0,2,20,25,1,1,2,3,Yes,,0,2,0,20,15,1,0,40,45,Yes,,1,2
2024,99999,NH,33013.0,3301300800.0,Conventional:First Lien,Single Family (1-4 Units):Site-Built,Not Hispanic or Latino,White,Female,Loan approved but not accepted,1,375000.0,85.0,6.75,2.0,1,0.0,0.0,0.0,0.0,0.0,240,0,0,0,0,0,0,0,300000.0,Concrete,Owner occupied,0,0,1,1,75000.0,50,4,3,1,3,50.0,2021,2021,1,4,2,4,0,0,30,25,0,1,2,4,Yes,,0,1,1,15,20,0,0,30,40,No,,1,3
2024,99999,CO,08021.0,0802100500.0,VA:First Lien,Single Family (1-4 Units):Site-Built,Not Hispanic or Latino,Hispanic,Male,Loan originated,1,425000.0,70.0,7.25,2.25,2,30000.0,2500.0,1000.0,1.0,650.0,300,1,2,0,1,0,1,1,375000.0,Masonry,Owner occupied,0,0,1,1,90000.0,60,1,3,3,3,35.0,2023,2023,1,2,2,1,0,2,20,35,1,0,2,1,Yes,,1,3,0,45,30,1,0,50,55,No,,1,3
2024,99999,OH,39073.0,3907300100.0,Conventional:First Lien,Two Family and Four Family:Site-Built,Not Hispanic or Latino,White,Male,Loan originated,1,400000.0,78.0,6.5,3.0,1,12000.0,1100.0,1500.0,1.0,800.0,360,0,0,0,0,1,0,1,350000.0,Brick,Developer occupied,0,0,2,1,85000.0,75,0,3,4,2,65.0,2024,2024,2,2,2,2,0,2,45,40,1,1,3,4,Yes,,0,1,0,30,25,1,0,30,50,No,,1,2
2024,99999,OR,41003.0,4100300500.0,Conventional:First Lien,Mobile Home:Manufactured,Hispanic or Latino,Other Hispanic,Other,Loan originated,3,250000.0,80.0,8.0,3.25,2,5000.0,350.0,750.0,2.0,300.0,360,0,0,0,0,0,0,0,250000.0,Metal,Owner occupied,5,4,1,1,50000.0,35,3,2,2,2,30.0,2023,2023,1,3,0,1,0,2,35,40,1,1,2,3,Yes,,1,2,0,25,25,1,0,40,50,No,,1,3
2024,99999,NV,32009.0,3200900000.0,FHA:First Lien,Single Family (1-4 Units):Site-Built,Hispanic or Latino,White,Male,Loan originated,1,325000.0,90.0,7.5,3.0,1,12000.0,1000.0,1500.0,1.0,900.0,360,0,0,0,0,1,0,0,300000.0,Stone,Owner occupied,0,0,1,1,65000.0,42,4,4,1,1,40.0,2021,2021,1,2,2,1,1,0,30,30,1,1,3,1,Yes,,1,2,0,20,20,1,0,45,50,No,,1,2
2024,99999,VA,51067.0,5106700300.0,Conventional:Second Lien,Single Family (1-4 Units):Site-Built,Hispanic or Latino,Hispanic,Female,Loan denied,2,500000.0,85.0,8.0,3.25,2,5000.0,300.0,600.0,1.0,500.0,240,0,0,0,0,1,1,0,425000.0,Brick,Investor occupied,0,0,1,1,100000.0,35,2,2,1,2,60.0,2019,2019,1,3,2,2,0,3,30,45,1,1,2,4,Yes,,0,2,0,25,20,1,0,40,50,Yes,,2,4
2024,99999,KY,21077.0,2107700700.0,Conventional:First Lien,Single Family (1-4 Units):Site-Built,Not Hispanic or Latino,Hispanic,Male,Loan approved but not accepted,1,350000.0,80.0,5.25,1.75,1,7500.0,600.0,1200.0,0.0,600.0,200,0,0,0,0,0,0,0,325000.0,Masonry,Owner occupied,0,0,1,1,65000.0,35,3,3,4,1,25.0,2018,2018,1,2,3,4,1,1,25,30,1,1,1,2,Yes,,0,2,0,30,25,1,1,50,55,No,,1,3
2024,99999,ID,16035.0,1603500500.0,FHA:First Lien,Single Family (1-4 Units):Site-Built,Hispanic or Latino,Two or More Minority,Male,Loan originated,1,250000.0,75.0,8.0,2.25,0,25000.0,2000.0,3000.0,2.0,900.0,360,0,0,0,0,1,0,0,200000.0,Brick,Owner occupied,0,0,1,1,45000.0,40,3,3,1,1,45.0,2022,2022,1,3,2,2,0,2,30,35,0,1,3,3,Yes,,2,3,0,25,30,0,0,55,60,No,,1,3
2024,99999,TX,48289.0,4828900000.0,Va:First Lien,Single Family (1-4 Units):Site-Built,Not Hispanic or Latino,White,Male,Loan Denied,3,150000.0,90.0,9.0,3.0,0,4000.0,500.0,1500.0,0.0,300.0,240,1,0,0,0,0,0,1,150000.0,Masonry,Owner occupied,0,0,1,1,70000.0,38,4,3,2,1,40.0,2021,2021,1,3,2,2,0,1,30,25,0,1,2,3,Yes,,1,2,0,20,15,1,0,40,45,No,,1,2
2024,99999,NC,37075.0,3707500000.0,Conventional:First Lien,Single Family (1-4 Units):Site-Built,Not Hispanic or Latino,Black,Male,Loan originated,1,800000.0,90.0,7.25,2.5,0,20000.0,2000.0,2500.0,1.0,600.0,360,0,0,0,0,0,0,0,750000.0,Frame,Owner occupied,0,0,1,1,200000.0,50,3,2,1,2,25.0,2023,2023,1,1,2,1,0,2,20,15,1,0,6,1,Yes,,0,1,1,40,35,1,0,45,50,Yes,,1,3
2024,99999,SC,45077.0,4507700000.0,FHA:First Lien,Single Family (1-4 Units):Site-Built,Not Hispanic or Latino,Hispanic,Male,Loan originated,1,500000.0,80.0,7.0,2.5,1,25000.0,2500.0,2500.0,2.0,750.0,360,0,0,0,1,0,0,0,450000.0,Masonry,Owner occupied,0,0,1,0,120000.0,45,3,3,2,1,35.0,2022,2022,1,2,1,4,1,2,40,30,0,0,4,2,Yes,,1,3,0,25,20,1,0,50,55,No,,1,4
2024,99999,WI,55007.0,5500700000.0,VA:First Lien,Single Family (1-4 Units):Site-Built,Not Hispanic or Latino,White,Female,Loan denied,2,325000.0,85.0,6.25,1.5,0,4000.0,250.0,500.0,1.0,250.0,240,0,0,0,0,0,1,0,300000.0,Stone,Investor occupied,0,0,1,1,90000.0,35,4,4,3,2,50.0,2019,2019,1,3,2,2,1,0,40,50,0,1,4,2,Yes,,1,2,1,30,25,1,0,35,40,No,,1,2
2024,99999,IN,18065.0,1806500000.0,Conventional:Second Lien,Single Family (1-4 Units):Site-Built,Not Hispanic or Latino,White,Female,Loan approved but not accepted,1,275000.0,85.0,6.5,2.5,1,7500.0,800.0,1000.0,2.0,600.0,300,0,0,0,0,0,0,0,250000.0,Concrete,Owner occupied,0,0,1,1,70000.0,45,2,3,2,2,35.0,2021,2021,1,3,2,1,0,1,30,35,0,0,2,3,Yes,,1,2,1,35,30,1,1,30,35,Yes,,1,2
2024,99999,ME,23001.0,2300100000.0,Va:First Lien,Single Family (1-4 Units):Site-Built,Not Hispanic or Latino,Black,Male,Loan denied,2,350000.0,80.0,7.5,1.5,1,8000.0,700.0,900.0,2.0,800.0,300,0,0,0,0,0,1,0,330000.0,Masonry,Owner occupied,0,0,1,0,90000.0,30,4,3,2,1,45.0,2023,2023,1,3,2,3,0,0,30,25,1,0,2,1,Yes,,1,2,0,25,20,1,1,45,50,Yes,,1,3
2024,99999,MS,28071.0,2807100000.0,Conventional:First Lien,Single Family (1-4 Units):Site-Built,Not Hispanic or Latino,White,Male,Loan originated,1,550000.0,75.0,6.75,1.5,1,25000.0,1900.0,2500.0,3.0,700.0,360,0,0,0,0,0,1,0,500000.0,Brick,Owner occupied,0,0,1,1,150000.0,48,2,3,2,3,60.0,2018,2018,1,2,2,3,0,2,20,30,0,1,4,3,Yes,,0,1,0,25,25,1,0,40,45,No,,1,2
2024,99999,MD,24017.0,2401700000.0,FHA:First Lien,Single Family (1-4 Units):Site-Built,Hispanic or Latino,Hispanic,Female,Loan originated,1,275000.0,85.0,7.25,2.25,1,18000.0,1500.0,2000.0,1.0,750.0,360,0,0,0,0,0,0,1,250000.0,Frame,Investor occupied,0,0,1,1,75000.0,38,4,2,1,1,55.0,2022,2022,1,2,2,3,0,1,30,30,1,1,4,2,Yes,,0,2,0,30,20,1,0,35,40,No,,1,2
2024,99999,AL,01013.0,0101300000.0,Conventional:First Lien,Single Family (1-4 Units):Site-Built,Not Hispanic or Latino,White,Female,Loan denied,2,350000.0,80.0,6.5,2.0,1,7000.0,600.0,800.0,0.0,500.0,300,0,0,0,0,1,0,0,300000.0,Masonry,Owner occupied,0,0,1,1,100000.0,32,4,3,2,3,40.0,2021,2021,1,3,3,2,0,2,40,30,1,1,3,2,Yes,,0,1,0,25,20,1,0,45,50,No,,1,2
2024,99999,HI,15003.0,1500300000.0,Conventional:First Lien,Single Family (1-4 Units):Site-Built,Not Hispanic or Latino,White,Male,Loan originated,1,450000.0,85.0,6.5,1.5,1,18000.0,1800.0,2200.0,2.0,650.0,360,0,0,0,0,0,0,0,400000.0,Brick,Owner occupied,0,0,1,1,120000.0,30,4,3,2,1,45.0,2023,2023,1,3,2,2,1,2,30,30,1,1,2,4,Yes,,1,2,0,30,20,1,0,30,40,No,,1,2
2024,99999,NM,35025.0,3502500000.0,Conventional:First Lien,Single Family (1-4 Units):Site-Built,Not Hispanic or Latino,White,Male,Loan approved but not accepted,1,200000.0,70.0,6.25,1.25,0,5000.0,400.0,700.0,1.0,300.0,240,0,0,0,0,1,0,0,180000.0,Masonry,Owner occupied,0,0,1,1,50000.0,45,3,3,2,1,55.0,2024,2024,1,3,3,1,0,0,30,40,0,1,3,2,Yes,,1,3,1,40,30,0,1,30,35,No,,1,2
2024,99999,MI,26085.0,2608500000.0,Va:First Lien,Single Family (1-4 Units):Site-Built,Not Hispanic or Latino,Black,Male,Application approved but not accepted,1,300000.0,85.0,7.25,1.5,1,6000.0,500.0,700.0,0.0,500.0,300,0,0,0,0,0,0,0,275000.0,Concrete,Owner occupied,0,0,2,1,100000.0,28,3,3,1,2,35.0,2022,2022,1,2,2,3,0,3,30,35,0,1,2,3,Yes,,0,1,1,30,25,0,1,40,45,Yes,,1,1
2024,99999,VT,50001.0,5000100000.0,FHA:First Lien,Single Family (1-4 Units):Site-Built,Not Hispanic or Latino,White,Female,Loan approved but not accepted,1,500000.0,75.0,7.5,2.0,1,15000.0,1600.0,2000.0,2.0,800.0,360,0,0,0,0,1,0,0,450000.0,Timber,Owner occupied,0,0,1,1,100000.0,40,4,2,3,3,45.0,2021,2021,1,2,2,2,0,2,30,25,1,1,3,3,Yes,,1,2,1,15,10,1,0,45,50,No,,1,3
2024,99999,KS,20001.0,2000100000.0,Conventional:First Lien,Single Family (1-4 Units):Site-Built,Not Hispanic or Latino,Hispanic,Male,Loan originated,1,425000.0,70.0,6.75,1.5,1,10000.0,900.0,1200.0,2.0,700.0,360,0,0,0,0,1,1,0,380000.0,Brick,Owner occupied,0,0,1,1,80000.0,43,3,3,1,1,35.0,2020,2020,1,3,2,2,0,2,30,35,0,1,3,4,Yes,,0,1,0,30,25,1,0,55,60,Yes,,1,2
2024,99999,FL,12013.0,1201300000.0,Conventional:First Lien,Single Family (1-4 Units):Site-Built,Not Hispanic or Latino,White,Male,Loan originated,1,325000.0,80.0,6.25,2.0,1,12000.0,1100.0,1300.0,1.0,600.0,360,1,0,0,0,1,1,0,300000.0,Masonry,Owner occupied,0,0,1,1,90000.0,35,3,3,2,1,30.0,2023,2023,1,2,2,4,0,2,30,35,1,1,2,3,Yes,,1,2,1
2024,99999,CA,8400.0,8400300500.0,Conventional:First Lien,Single Family (1-4 Units):Site-Built,Hispanic or Latino,Black,Female,Loan originated,2,370000.0,89.0,6.25,1.2,1,10000.0,8000.0,2000.0,2.5,1000.0,360,0,0,0,0,0,0,0,0,0,1,3,1,2,2,2,1,2,1,1,1,1,1,1,1,1,1,1,1,1,1,1,1,1,1,1,1,1,1,1,1,1,1,1,1,1,1,1,1,1,1,1,1,1,1,1,1,1,1
2024,99999,NY,3601.0,3601100300.0,Conventional:First Lien,Single Family (1-4 Units):Site-Built,Not Hispanic or Latino,White,Male,Approved for loan,1,420000.0,85.0,7.12,1.5,0,12000.0,8500.0,2500.0,3.0,1500.0,360,0,0,0,0,0,0,0,0,1,1,3,0,0,0,2,0,0,0,0,0,0,1,1,0,1,1,1,1,1,1,1,1,1,1,1,1,1,1,1,1,1,1,1,1,1,1,1,1,1,1,1,1,1,1,1,1,1,1,1
2024,99999,FL,1200.0,1200107100.0,FHA:First Lien,Single Family (1-4 Units):Site-Built,Hispanic or Latino,White,Male,Approved for loan,1,260000.0,83.0,6.75,1.7,2,7000.0,4800.0,1500.0,2.0,800.0,360,0,0,0,0,0,0,0,0,1,1,3,1,0,2,1,2,2,2,1,1,0,1,1,1,1,1,1,0,1,1,1,1,1,1,1,1,1,1,1,1,1,1,1,1,1,1,1,1,1,1,1,1,1,1,1,1,1,1
2024,99999,TX,4830.0,4830102700.0,FHA:First Lien,Single Family (1-4 Units):Site-Built,Hispanic or Latino,Hispanic or Latino,Female,Loan originated,1,320000.0,82.0,5.75,1.6,2,6500.0,4300.0,1200.0,1.8,600.0,360,0,0,0,0,0,0,0,0,1,1,3,2,0,2,2,1,1,1,1,0,0,0,0,0,0,1,1,1,1,1,1,1,1,1,1,1,1,1,1,1,1,1,1,1,1,1,1,1,1,1,1,1,1,1,1,1,1,1
2024,99999,NJ,3602.0,36021000.0,Conventional:First Lien,Single Family (1-4 Units):Site-Built,Not Hispanic or Latino,White,Male,Denied,1,280000.0,88.0,7.25,1.8,0,8000.0,5500.0,2000.0,2.2,1000.0,360,0,0,0,0,0,0,0,0,2,2,3,3,0,0,1,0,0,0,1,1,0,1,0,0,0,1,1,0,0,0,0,0,0,0,0,1,1,1,1,1,1,0,1,1,1,1,1,1,1,1
2024,99999,NY,3603.0,3603000300.0,FHA:First Lien,Single Family (1-4 Units):Site-Built,Hispanic or Latino,Black,Female,Loan originated,1,230000.0,80.0,5.00,1.4,2,5500.0,3600.0,1000.0,1.7,600.0,360,0,0,0,0,0,0,0,0,1,1,3,1,2,0,0,0,0,0,0,0,0,0,0,1,0,1,1,0,0,1,1,0,0,0,0,1,1,0,0,0,0,1,0,0,0,0,0,0,0,0
2024,99999,GA,1300.0,1300300100.0,FHA:First Lien,Single Family (1-4 Units):Site-Built,Hispanic or Latino,Asian,Female,Approved for loan,1,305000.0,87.0,6.35,1.6,2,6300.0,4200.0,1400.0,1.9,500.0,360,0,0,0,0,0,0,0,0,1,1,3,0,2,2,0,2,0,0,0,0,0,1,0,1,0,1,1,1,1,0,0,1,0,1,0,1,1,1,1,1,0,0,1,0,1,0,0,0,0,0,0,0,0,0,0,1,1
2024,99999,CN,1200.0,1200214400.0,FHA:Subordinate Lien,Single Family (1-4 Units):Site-Built,Not Hispanic or Latino,White,Male,File closed for incompleteness,3,210000.0,85.0,6.00,1.3,2,5000.0,3500.0,1000.0,1.8,600.0,360,0,0,0,0,0,0,0,0,1,1,3,1,1,0,3,2,3,2,2,1,1,1,1,1,1,1,1,1,1,1,1,1,1,1,1,1,1,1,1,1,1,1,1,1,1,1,1,1,1,1,1,1,1,1,1,1
2024,99999,VA,5110.0,5110108300.0,FHA:First Lien,Single Family (1-4 Units):Site-Built,Not Hispanic or Latino,White,Male,Loan originated,1,250000.0,88.0,6.50,1.5,2,6500.0,4700.0,1600.0,2.1,800.0,360,0,0,0,0,0,0,0,0,1,1,3,0,1,2,0,0,0,1,0,1,0,1,0,1,0,0,1,1,0,1,0,0,0,0,0,1,1,1,0,1,0,0,1,0,0,0,0,0
2024,99999,FL,1201.0,1201100600.0,FHA:First Lien,Single Family (1-4 Units):Site-Built,Not Hispanic or Latino,White,Male,Approved for loan,1,290000.0,82.0,6.25,1.5,2,7200.0,5000.0,1800.0,2.3,800.0,360,0,0,0,0,0,0,0,0,1,1,3,1,1,2,1,1,0,0,0,1,0,1,0,0,0,0,1,1,1,1,0,0,0,0,0,0,0,0,0,1,0,0,0,0,0,0,0,0
2024,99999,PA,4200.0,4200106000.0,Conventional:First Lien,Single Family (1-4 Units):Site-Built,Not Hispanic or Latino,White,Male,Approved for loan,1,240000.0,85.0,7.00,1.2,1,8000.0,5500.0,2500.0,2.6,1000.0,360,0,0,0,0,0,0,0,0,1,1,3,2,1,0,0,1,0,0,0,0,1,1,1,1,1,0,1,1,0,1,0,0,0,1,0,1,0,0,1,0,0,0,1,0,0,1,0,0
2024,99999,WI,5500.0,5500301100.0,FHA:First Lien,Single Family (1-4 Units):Site-Built,Not Hispanic or Latino,Black,Female,Denied,2,180000.0,90.0,8.75,2.0,2,5000.0,3600.0,1200.0,2.1,700.0,360,0,0,0,0,0,0,0,0,1,1,3,0,0,1,2,0,0,0,1,1,0,1,0,1,1,1,0,1,0,1,1,1,1,1,0,1,1,1,1,1,1,1,1,1,1,1,0,0,0,0,0,0,0,0,0,0
2024,99999,IL,1700.0,1700100100.0,FHA:First Lien,Single Family (1-4 Units):Site-Built,Hispanic or Latino,White,Female,Approved for loan,1,330000.0,84.0,7.50,1.8,3,6700.0,4500.0,1600.0,2.5,900.0,360,0,0,0,0,0,0,0,0,1,3,3,1,0,0,0,1,1,0,1,0,0,1,0,0,0,1,1,0,1,0,0,1,0,1,0,1,1,1,0,1,0,0,0,1,0,0,1,0,0,0,0,0,0,0,0,1,0
2024,99999,WA,5302.0,5302208100.0,Conventional:First Lien,Single Family (1-4 Units):Site-Built,Not Hispanic or Latino,White,Female,Approved for loan,1,680000.0,85.0,5.75,1.4,1,9500.0,6800.0,2300.0,2.9,900.0,360,0,0,0,0,0,0,0,0,1,1,3,2,0,0,0,0,1,0,0,1,1,1,1,1,0,0,1,1,1,1,0,0,0,0,0,1,0,1,0,0,0,0,1,0,1,0,1,0,0
2024,99999,MA,2500.0,2500200300.0,FHA:First Lien,Single Family (1-4 Units):Site-Built,Not Hispanic or Latino,White,Female,Approved for loan,1,295000.0,86.0,7.12,1.6,0,7200.0,5000.0,2000.0,2.6,1000.0,360,0,0,0,0,0,0,0,0,1,1,3,1,0,2,2,1,1,0,0,1,0,0,0,0,1,1,1,1,1,1,0,1,0,0,1,0,0,0,0,0,1,1,1,1,1,1,1,1
2024,99999,MN,2700.0,2700100300.0,FHA:First Lien,Single Family (1-4 Units):Site-Built,Hispanic or Latino,White,Male,Approved for loan,1,270000.0,84.0,6.88,1.5,2,6000.0,4200.0,1300.0,2.0,600.0,360,0,0,0,0,0,0,0,0,1,2,3,1,0,0,1,1,0,0,0,0,0,1,0,0,0,0,0,0,1,1,0,0,0,0,0,0,0,0,0,0,1,1,1,0,0,0,0,0
2024,99999,MD,2406.0,2406100400.0,FHA:First Lien,Single Family (1-4 Units):Site-Built,Not Hispanic or Latino,White,Male,Approved for loan,1,410000.0,85.0,7.00,1.7,2,7500.0,5000.0,2000.0,2.1,1000.0,360,0,0,0,0,0,0,0,0,1,1,3,2,2,2,1,1,0,0,0,0,0,1,1,1,0,0,1,1,1,1,0,0,0,0,0,0,0,0,0,1,0,0,0,0,0,0,0,0,0,0,0,0,0,0,0,0,1
2024,99999,KY,2100.0,2100100300.0,FHA:First Lien,Single Family (1-4 Units):Site-Built,Hispanic or Latino,Black,Female,Approved for loan,1,370000.0,87.0,6.40,1.6,3,7700.0,5400.0,1800.0,2.3,900.0,360,0,0,0,0,0,0,0,0,1,1,3,0,0,0,1,0,0,0,0,0,0,0,1,1,0,1,1,1,0,0,1,1,1,0,0,0,0,0,0,0,0,0,0,0,1,0,0,0,0,0,0,0,1,1,1,1,1
2024,99999,SC,4503.0,4503103000.0,Conventional:First Lien,Single Family (1-4 Units):Site-Built,Hispanic or Latino,White,Male,Denied,2,390000.0,88.0,7.25,1.7,1,6800.0,4800.0,2200.0,2.7,900.0,360,0,0,0,0,0,0,0,0,1,1,3,1,1,0,0,0,0,0,1,0,0,1,0,1,0,0,1,1,0,1,0,0,0,0,0,0,0,0,0,0,0,0,0,0,0,0,0,0,0,0,0,0,0,0,0,0
2024,99999,TX,4802.0,4802504900.0,Conventional:First Lien,Single Family (1-4 Units):Site-Built,Hispanic or Latino,Hispanic or Latino,Male,Approved for loan,1,320000.0,83.0,6.50,1.2,0,9000.0,6400.0,2800.0,3.1,1200.0,360,0,0,0,0,0,0,0,0,1,1,3,2,1,1,2,1,1,1,1,0,0,0,1,0,0,1,0,0,0,1,0,0,1,0,1,0,1,0,0,0,0,1,1,1,0,0,0,0,0,1,1,1,1,1,1,0
2024,99999,NC,3700.0,3700908200.0,FHA:First Lien,Single Family (1-4 Units):Site-Built,Hispanic or Latino,White,Female,Approved for loan,1,340000.0,85.0,7.38,1.6,2,6900.0,4800.0,1800.0,2.4,800.0,360,0,0,0,0,0,0,0,0,1,1,3,0,1,0,1,0,0,1,0,0,0,0,0,1,0,0,0,1,0,0,0,0,0,1,1,0,1,0,0,0,0,0,0,0,0,0,0,0,0,0,0,0,0,0,0,1
2024,99999,MI,2606.0,2606001100.0,FHA:First Lien,Single Family (1-4 Units):Site-Built,Hispanic or Latino,Asian,Female,Approved for loan,1,310000.0,82.0,6.90,1.5,2,6200.0,4300.0,1500.0,2.1,700.0,360,0,0,0,0,0,0,0,0,1,2,3,2,1,0,0,0,0,1,0,0,0,0,0,1,0,0,0,1,1,0,0,1,0,1,0,1,0,0,1,0,0,0,0,1,0,0,0,0,0,0,1
2024,99999,LA,2203.0,2203000400.0,Conventional:First Lien,Single Family (1-4 Units):Site-Built,Hispanic or Latino,White,Male,Denied,2,290000.0,86.0,8.25,1.8,1,6500.0,4500.0,1800.0,2.4,800.0,360,0,0,0,0,0,0,0,0,1,1,3,0,2,0,1,0,0,0,0,0,0,1,0,0,0,1,1,0,0,1,1,0,0,0,1,0,1,1,0,0,0,0,0,0,0,0,0,0,0,0,0,0,0,0,0,0
2024,99999,OH,3908.0,3908000300.0,FHA:First Lien,Single Family (1-4 Units):Site-Built,Hispanic or Latino,White,Male,Approved for loan,1,550000.0,84.0,7.00,1.6,3,9000.0,6200.0,2600.0,2.8,1000.0,360,0,0,0,0,0,0,0,0,1,1,3,2,0,0,0,0,0,1,0,0,0,1,0,1,0,1,1,1,0,0,0,0,0,0,0,0,0,0,0,0,0,0,0,0,0,0,0,0,0,0,0,0,0,0,0,0
2024,99999,DE,1000.0,1000000200.0,FHA:First Lien,Single Family (1-4 Units):Site-Built,Not Hispanic or Latino,White,Female,Approved for loan,1,330000.0,88.0,6.75,1.5,2,6700.0,4800.0,1900.0,2.2,800.0,360,0,0,0,0,0,0,0,0,1,1,3,0,0,1,1,0,0,0,0,1,0,1,0,1,0,0,1,1,1,1,1,0,0,0,0,0,0,0,0,0,0,0,0,1,1,1,0,0,0,0,0
2024,99999,OK,4003.0,4003000200.0,Conventional:First Lien,Single Family (1-4 Units):Site-Built,Hispanic or Latino,White,Male,Approved for loan,1,285000.0,84.0,6.00,1.3,0,6000.0,4000.0,1500.0,2.0,700.0,360,0,0,0,0,0,0,0,0,1,1,3,1,0,0,1,0,0,0,1,0,0,0,1,1,0,0,1,1,1,1,0,0,0,0,0,0,0,0,0,0,0,0,0,0,0,0,0,0,0,0,0,0,0,0,0,0,0
2024,99999,RI,4400.0,4400104100.0,FHA:First Lien,Single Family (1-4 Units):Site-Built,Hispanic or Latino,White,Female,Denied,2,260000.0,85.0,8.50,2.1,2,6700.0,4500.0,1800.0,2.3,900.0,360,0,0,0,0,0,0,0,0,1,1,3,0,0,0,1,1,0,0,0,0,0,0,0,1,1,0,0,1,1,1,0,0,1,0,0,1,1,0,0,0,1,0,0,0,0,0,0,0,0,0,0,0,0,0,0,0
2024,99999,IN,1800.0,1800202600.0,Conventional:First Lien,Single Family (1-4 Units):Site-Built,Not Hispanic or Latino,White,Female,Approved for loan,1,360000.0,85.0,7.25,1.7,0,7800.0,5000.0,2000.0,2.5,1000.0,360,0,0,0,0,0,0,0,0,1,1,3,2,0,1,0,0,1,0,1,1,1,1,1,1,0,1,1,1,1,1,0,1,0,0,0,0,0,0,0,0,1,1,0,0,0,0,0,0,0,0,0,0,0,0,0,0,0
2024,99999,NE,3100.0,3100200300.0,Conventional:First Lien,Single Family (1-4 Units):Site-Built,Hispanic or Latino,White,Male,Approved for loan,1,440000.0,87.0,6.60,1.5,0,8800.0,6200.0,2300.0,2.7,800.0,360,0,0,0,0,0,0,0,0,1,1,3,1,0,0,0,0,0,0,0,1,0,1,0,1,0,0,1,1,0,1,0,0,0,0,0,0,1,1,0,0,0,0,0,0,0,0,0,0,0,0,0,0,0,0,0,0,0
2024,99999,OR,4101.0,4101401200.0,Conventional:First Lien,Single Family (1-4 Units):Site-Built,Hispanic or Latino,White,Male,Approved for loan,1,300000.0,84.0,6.80,1.4,1,6500.0,4400.0,1600.0,2.1,700.0,360,0,0,0,0,0,0,0,0,1,1,3,1,1,2,0,0,0,1,0,0,0,1,1,1,0,0,0,1,1,0,0,0,0,0,0,1,0,0,0,0,0,0,1,0,0,0,1,0,0,0,0,0,0,0,0,0,0
2024,99999,AZ,0400.0,0400300700.0,FHA:First Lien,Single Family (1-4 Units):Site-Built,Hispanic or Latino,Hispanic or Latino,Female,Approved for loan,1,365000.0,80.0,6.45,1.4,2,7500.0,5000.0,1800.0,2.3,800.0,360,0,0,0,0,0,0,0,0,1,1,3,0,0,0,2,1,0,0,0,1,0,0,1,1,0,1,1,1,1,1,0,1,0,1,0,1,0,0,0,1,0,0,0,1,0,0,0,0,0,0,0,0,0,0,0,0,1,0
2024,99999,KS,2002.0,2002000500.0,FHA:First Lien,Single Family (1-4 Units):Site-Built,Hispanic or Latino,White,Female,Approved for loan,1,305000.0,82.0,6.30,1.3,2,6000.0,4000.0,1400.0,2.0,600.0,360,0,0,0,0,0,0,0,0,1,1,3,0,0,0,0,1,0,0,0,1,0,1,1,0,0,0,1,1,1,1,0,0,1,0,0,0,1,0,0,1,0,0,0,1,0,0,0,0,0,0,0,0,0,0,0,0
2024,99999,NH,3300.0,3300300100.0,FHA:First Lien,Single Family (1-4 Units):Site-Built,Hispanic or Latino,Hispanic or Latino,Male,Approved for loan,1,330000.0,84.0,6.10,1.4,2,6500.0,4400.0,1700.0,2.3,900.0,360,0,0,0,0,0,0,0,0,1,2,3,1,1,0,0,0,0,0,0,0,0,0,0,1,1,0,1,0,0,1,1,0,1,1,0,0,0,0,0,0,0,0,0,0,0,0,0,0,0,0,0,0,0,0,0,0,0
2024,99999,ID,1604.0,1604201200.0,FHA:First Lien,Single Family (1-4 Units):Site-Built,Hispanic or Latino,White,Female,Approved for loan,1,310000.0,86.0,6.25,1.5,2,6200.0,4100.0,1400.0,2.0,700.0,360,0,0,0,0,0,0,0,0,1,1,3,1,1,2,0,0,0,0,1,1,0,0,0,1,0,0,1,1,0,0,0,0,1,1,0,0,0,0,0,0,1,0,1,0,0,0,0,0,0,0,0,0,0,0,0,0,0
2024,99999,UT,4900.0,4900201800.0,FHA:First Lien,Single Family (1-4 Units):Site-Built,Not Hispanic or Latino,White,Female,Approved for loan,1,290000.0,84.0,5.90,1.4,2,5800.0,4000.0,1500.0,1.9,700.0,360,0,0,0,0,0,0,0,0,1,1,3,0,0,1,0,0,1,0,0,0,0,1,0,0,
2024,12345,NY,06100.0,0610100100.0,Conventional:First Lien,Single Family (1-4 Units):Site-Built,Hispanic or Latino,White,Male,Loan originated,1,320000.0,80.0,4.25,0.75,0,0.00,0.00,0.00,0.00,0.00,360,0,0,0,0,0,0,0,400000.0,Site-Built,Owner Occupied,1,1,1,1,1,0,0,0,0,1011,1011,1,1,1,1,1,1,1,1,3,3,1,1,30,30,0,0,Yes,No
2024,54321,CA,07500.0,0750200100.0,FHA:First Lien,Single Family (1-4 Units):Site-Built,Not Hispanic or Latino,Black,Female,Loan originated,1,275000.0,85.0,3.85,0.55,0,0.00,0.00,0.00,0.00,0.00,360,0,0,0,0,0,0,0,320000.0,Site-Built,Owner Occupied,1,1,1,1,1,0,0,0,0,1011,1011,1,1,1,1,1,1,1,1,4,4,1,1,35,35,0,0,Yes,No
2024,67890,TX,05100.0,0510020500.0,VA:First Lien,Single Family (1-4 Units):Site-Built,Not Hispanic or Latino,Asian,Male,Loan originated,1,450000.0,80.0,3.75,0.25,1,5000.50,0.00,2000.00,0.00,0.00,180,0,0,0,0,0,0,0,600000.0,Site-Built,Owner Occupied,1,1,1,1,1,0,0,0,0,1011,1011,1,1,1,1,1,1,1,1,5,5,1,1,32,32,0,0,Yes,No
2024,22556,NJ,08300.0,0830020000.0,Conventional:Second Lien,Single Family (1-4 Units):Site-Built,Not Hispanic or Latino,White,Male,Loan originated,2,380000.0,90.0,5.50,1.20,0,0.00,0.00,0.00,0.00,0.00,360,0,0,0,0,1,0,0,420000.0,Site-Built,Owner Occupied,1,1,1,1,1,1,1,0,0,1012,1011,1,1,1,1,1,1,1,1,6,6,1,1,42,42,0,0,Yes,No
2024,33445,FL,03100.0,0310100100.0,Conventional:First Lien,Single Family (1-4 Units):Site-Built,Not Hispanic or Latino,White,Female,Loan originated,1,350000.0,75.0,3.60,0.30,0,0.00,0.00,0.00,0.00,0.00,360,0,0,0,0,0,0,0,470000.0,Site-Built,Owner Occupied,1,1,1,1,1,0,0,0,0,1011,1011,1,1,1,1,1,1,1,1,7,7,1,1,29,29,0,0,Yes,No
2024,76543,NC,04100.0,0410100200.0,FHA:First Lien,Single Family (1-4 Units):Site-Built,Not Hispanic or Latino,Black,Male,Loan originated,1,320000.0,80.0,4.10,0.60,0,0.00,0.00,0.00,0.00,0.00,360,0,0,0,0,0,0,0,380000.0,Site-Built,Owner Occupied,1,1,1,1,1,0,0,0,0,1011,1011,1,1,1,1,1,1,1,1,8,8,1,1,44,44,0,0,Yes,No
2024,84321,GA,01300.0,0130000100.0,VA:First Lien,Single Family (1-4 Units):Site-Built,Hispanic or Latino,Hispanic,Male,Loan originated,1,400000.0,85.0,3.90,0.40,1,10000.00,5000.00,5000.00,1.00,1000.00,300,0,0,0,0,0,0,0,480000.0,Site-Built,Owner Occupied,1,1,1,1,1,0,0,0,0,1011,1011,1,1,1,1,1,1,1,1,9,9,1,1,30,30,0,0,Yes,No
2024,11223,MI,02100.0,0210040000.0,FHA:First Lien,Single Family (1-4 Units):Site-Built,Not Hispanic or Latino,White,Female,Loan originated,1,290000.0,85.0,4.00,0.45,0,0.00,0.00,0.00,0.00,0.00,300,0,0,0,0,0,0,0,340000.0,Site-Built,Owner Occupied,1,1,1,1,1,0,0,0,0,1011,1011,1,1,1,1,1,1,1,1,10,10,1,1,46,46,0,0,Yes,Yes
2024,55667,OR,09700.0,0970030000.0,Conventional:First Lien,Single Family (1-4 Units):Site-Built,Not Hispanic or Latino,Asian,Male,Loan originated,3,325000.0,72.0,3.30,0.15,0,0.00,0.00,0.00,0.00,0.00,360,0,0,0,0,0,0,0,450000.0,Site-Built,Owner Occupied,1,1,1,1,1,0,0,0,0,1011,1011,1,1,1,1,1,1,1,1,11,11,1,1,37,37,0,0,Yes,No
2024,99001,WA,03900.0,0390000100.0,Conventional:Second Lien,Single Family (1-4 Units):Site-Built,Not Hispanic or Latino,White,Male,Loan originated,2,280000.0,82.0,5.30,1.00,0,0.00,0.00,0.00,0.00,0.00,360,0,0,0,0,1,0,0,320000.0,Site-Built,Owner Occupied,1,1,1,1,1,1,1,0,0,1012,1011,1,1,1,1,1,1,1,1,12,12,1,1,39,39,0,0,Yes,No
2024,35791,OH,06100.0,0610010000.0,FHA:First Lien,Single Family (1-4 Units):Site-Built,Not Hispanic or Latino,Hispanic,Male,Loan originated,1,390000.0,88.0,4.15,0.65,0,0.00,0.00,0.00,0.00,0.00,360,0,0,0,0,0,0,0,450000.0,Site-Built,Owner Occupied,1,1,1,1,1,0,0,0,0,1011,1011,1,1,1,1,1,1,1,1,13,13,1,1,38,38,0,0,Yes,No
2024,65432,TN,07300.0,0730010000.0,Conventional:First Lien,Single Family (1-4 Units):Site-Built,Hispanic or Latino,Hispanic,Female,Loan originated,1,420000.0,78.0,4.05,0.50,0,0.00,0.00,0.00,0.00,0.00,360,0,0,0,0,0,0,0,500000.0,Site-Built,Owner Occupied,1,1,1,1,1,0,0,0,0,1011,1011,1,1,1,1,1,1,1,1,14,14,1,1,50,50,0,0,Yes,No
2024,44556,NH,01500.0,0150020000.0,VA:First Lien,Single Family (1-4 Units):Site-Built,Not Hispanic or Latino,White,Female,Loan originated,1,310000.0,75.0,3.65,0.15,1,7500.00,0.00,2500.00,0.00,0.00,300,0,0,0,0,0,0,0,440000.0,Site-Built,Owner Occupied,1,1,1,1,1,0,0,0,0,1011,1011,1,1,1,1,1,1,1,1,15,15,1,1,41,41,0,0,Yes,No
2024,86420,NV,06500.0,0650020000.0,FHA:First Lien,Single Family (1-4 Units):Site-Built,Not Hispanic or Latino,White,Male,Loan originated,1,360000.0,80.0,3.80,0.40,0,0.00,0.00,0.00,0.00,0.00,360,0,0,0,0,0,0,0,450000.0,Site-Built,Owner Occupied,1,1,1,1,1,0,0,0,0,1011,1011,1,1,1,1,1,1,1,1,16,16,1,1,52,52,0,0,Yes,Yes
2024,21098,MD,06900.0,0690050000.0,Conventional:First Lien,Single Family (1-4 Units):Site-Built,Not Hispanic or Latino,Black,Female,Loan originated,1,300000.0,79.0,4.00,0.30,0,0.00,0.00,0.00,0.00,0.00,240,1,0,0,0,0,0,0,385000.0,Site-Built,Owner Occupied,1,1,1,1,1,0,0,0,0,1011,1011,1,1,1,1,1,1,1,1,17,17,1,1,45,45,0,0,Yes,Yes
2024,51001,IL,05300.0,0530010000.0,FHA:First Lien,Single Family (1-4 Units):Site-Built,Not Hispanic or Latino,White,Male,Loan originated,1,340000.0,77.0,4.10,0.50,0,0.00,0.00,0.00,0.00,0.00,360,0,0,0,0,0,0,0,440000.0,Site-Built,Owner Occupied,1,1,1,1,1,0,0,0,0,1011,1011,1,1,1,1,1,1,1,1,18,18,1,1,49,49,0,0,Yes,Yes
2024,32410,WI,01900.0,0190040000.0,VA:First Lien,Single Family (1-4 Units):Site-Built,Not Hispanic or Latino,White,Female,Loan originated,1,380000.0,83.0,3.90,0.30,1,5000.00,3000.00,2000.00,1.00,500.00,300,0,1,0,0,0,0,0,550000.0,Site-Built,Owner Occupied,1,1,1,1,1,0,0,0,0,1011,1011,1,1,1,1,1,1,1,1,19,19,1,1,37,37,0,0,No,No
2024,63019,MN,05500.0,0550010000.0,Conventional:First Lien,Single Family (1-4 Units):Site-Built,Not Hispanic or Latino,White,Male,Loan originated,1,330000.0,82.0,3.90,0.30,0,0.00,0.00,0.00,0.00,0.00,360,0,0,0,0,0,0,0,420000.0,Site-Built,Owner Occupied,1,1,1,1,1,0,0,0,0,1011,1011,1,1,1,1,1,1,1,1,20,20,1,1,55,55,0,0,Yes,No
2024,79301,CO,03100.0,0310100100.0,FHA:First Lien,Single Family (1-4 Units):Site-Built,Not Hispanic or Latino,White,Female,Loan originated,1,280000.0,80.0,4.00,0.40,0,0.00,0.00,0.00,0.00,0.00,360,0,0,0,0,0,0,0,350000.0,Site-Built,Owner Occupied,1,1,1,1,1,0,0,0,0,1011,1011,1,1,1,1,1,1,1,1,21,21,1,1,54,54,0,0,No,Yes
2024,25504,NE,01700.0,0170050000.0,Conventional:Second Lien,Single Family (1-4 Units):Site-Built,Not Hispanic or Latino,White,Male,Loan originated,2,310000.0,88.0,5.30,1.00,0,0.00,0.00,0.00,0.00,0.00,360,0,0,0,0,1,0,0,350000.0,Site-Built,Owner Occupied,1,1,1,1,1,1,1,0,0,1012,1011,1,1,1,1,1,1,1,1,22,22,1,1,33,33,0,0,Yes,No
2024,10098,KY,07100.0,0710100100.0,FHA:First Lien,Single Family (1-4 Units):Site-Built,Not Hispanic or Latino,Black,Female,Loan originated,1,290000.0,79.0,4.10,0.45,0,0.00,0.00,0.00,0.00,0.00,300,0,0,0,0,0,0,0,380000.0,Site-Built,Owner Occupied,1,1,1,1,1,0,0,0,0,1011,1011,1,1,1,1,1,1,1,1,23,23,1,1,38,38,0,0,Yes,No
2024,43567,VT,01700.0,0170000100.0,Conventional:First Lien,Single Family (1-4 Units):Site-Built,Not Hispanic or Latino,White,Male,Loan originated,1,400000.0,78.0,3.75,0.25,0,0.00,0.00,0.00,0.00,0.00,360,0,0,0,0,0,0,0,520000.0,Site-Built,Owner Occupied,1,1,1,1,1,0,0,0,0,1011,1011,1,1,1,1,1,1,1,1,24,24,1,1,40,40,0,0,Yes,No
2024,92103,WY,01900.0,0190010000.0,FHA:First Lien,Single Family (1-4 Units):Site-Built,Not Hispanic or Latino,White,Female,Loan originated,1,310000.0,81.0,4.05,0.45,0,0.00,0.00,0.00,0.00,0.00,360,0,0,0,0,0,0,0,390000.0,Site-Built,Owner Occupied,1,1,1,1,1,0,0,0,0,1011,1011,1,1,1,1,1,1,1,1,25,25,1,1,51,51,0,0,Yes,No
2024,70321,LA,01900.0,0190100100.0,Conventional:First Lien,Single Family (1-4 Units):Site-Built,Hispanic or Latino,Hispanic,Male,Loan originated,1,360000.0,82.0,3.75,0.40,0,0.00,0.00,0.00,0.00,0.00,240,1,1,1,1,0,0,0,450000.0,Site-Built,Owner Occupied,1,1,1,1,1,0,0,0,0,1011,1011,1,1,1,1,1,1,1,1,26,26,1,1,36,36,0,0,Yes,No
2024,58723,AK,02600.0,0260010000.0,VA:First Lien,Single Family (1-4 Units):Site-Built,Not Hispanic or Latino,White,Female,Loan originated,1,350000.0,83.0,3.80,0.50,1,6000.00,0.00,2000.00,0.00,0.00,300,0,0,0,0,0,0,0,420000.0,Site-Built,Owner Occupied,1,1,1,1,1,0,0,0,0,1011,1011,1,1,1,1,1,1,1,1,27,27,1,1,43,43,0,0,Yes,No
2024,73821,MS,01500.0,0150050000.0,FHA:First Lien,Single Family (1-4 Units):Site-Built,Not Hispanic or Latino,Black,Male,Loan originated,1,310000.0,85.0,4.10,0.35,0,0.00,0.00,0.00,0.00,0.00,360,0,0,0,0,0,0,0,370000.0,Site-Built,Owner Occupied,1,1,1,1,1,0,0,0,0,1011,1011,1,1,1,1,1,1,1,1,28,28,1,1,57,57,0,0,Yes,No
2024,11390,IN,05100.0,0510040000.0,Conventional:First Lien,Single Family (1-4 Units):Site-Built,Hispanic or Latino,Hispanic,Female,Loan originated,1,300000.0,75.0,3.90,0.30,0,0.00,0.00,0.00,0.00,0.00,360,0,0,0,0,0,0,0,380000.0,Site-Built,Owner Occupied,1,1,1,1,1,0,0,0,0,1011,1011,1,1,1,1,1,1,1,1,29,29,1,1,45,45,0,0,No,No
2024,63308,RI,01300.0,0130010000.0,FHA:First Lien,Single Family (1-4 Units):Site-Built,Not Hispanic or Latino,White,Male,Loan originated,1,320000.0,85.0,4.00,0.50,0,0.00,0.00,0.00,0.00,0.00,360,0,0,0,0,0,0,0,370000.0,Site-Built,Owner Occupied,1,1,1,1,1,0,0,0,0,1011,1011,1,1,1,1,1,1,1,1,30,30,1,1,56,56,0,0,Yes,No
2024,48844,SC,04700.0,0470060000.0,VA:First Lien,Single Family (1-4 Units):Site-Built,Not Hispanic or Latino,White,Female,Loan originated,1,350000.0,82.0,4.00,0.40,1,7500.00,4000.00,2000.00,0.50,0.00,300,0,0,0,0,0,0,0,480000.0,Site-Built,Owner Occupied,1,1,1,1,1,0,0,0,0,1011,1011,1,1,1,1,1,1,1,1,31,31,1,1,31,31,0,0,Yes,No
2024,24500,DE,05300.0,0530040000.0,FHA:First Lien,Single Family (1-4 Units):Site-Built,Not Hispanic or Latino,White,Male,Loan originated,1,300000.0,84.0,4.05,0.45,0,0.00,0.00,0.00,0.00,0.00,360,0,0,0,0,0,0,0,360000.0,Site-Built,Owner Occupied,1,1,1,1,1,0,0,0,0,1011,1011,1,1,1,1,1,1,1,1,32,32,1,1,41,41,0,0,Yes,No
2024,77781,HI,05100.0,0510405000.0,Conventional:First Lien,Single Family (1-4 Units):Site-Built,Not Hispanic or Latino,Asian,Female,Loan originated,1,360000.0,75.0,3.70,0.40,0,0.00,0.00,0.00,0.00,0.00,360,0,0,0,0,0,0,0,500000.0,Site-Built,Owner Occupied,1,1,1,1,1,0,0,0,0,1011,1011,1,1,1,1,1,1,1,1,33,33,1,1,57,57,0,0,Yes,No
2024,36007,ME,02100.0,0210203000.0,VA:First Lien,Single Family (1-4 Units):Site-Built,Hispanic or Latino,Hispanic,Male,Loan originated,1,310000.0,83.0,4.10,0.30,1,9000.00,3000.00,3000.00,1.50,0.00,300,0,0,0,0,0,0,0,390000.0,Site-Built,Owner Occupied,1,1,1,1,1,0,0,0,0,1011,1011,1,1,1,1,1,1,1,1,34,34,1,1,38,38,0,0,Yes,No
2024,26099,KS,02100.0,0210100100.0,FHA:First Lien,Single Family (1-4 Units):Site-Built,Not Hispanic or Latino,White,Female,Loan originated,1,320000.0,80.0,4.05,0.45,0,0.00,0.00,0.00,0.00,0.00,360,0,0,0,0,0,0,0,400000.0,Site-Built,Owner Occupied,1,1,1,1,1,0,0,0,0,1011,1011,1,1,1,1,1,1,1,1,35,35,1,1,43,43,0,0,Yes,Yes
2024,25678,UT,02100.0,0210201000.0,FHA:First Lien,Single Family (1-4 Units):Site-Built,Not Hispanic or Latino,White,Male,Loan originated,1,350000.0,82.0,4.20,0.40,0,0.00,0.00,0.00,0.00,0.00,360,0,0,0,0,0,0,0,440000.0,Site-Built,Owner Occupied,1,1,1,1,1,0,0,0,0,1011,1011,1,1,1,1,1,1,1,1,36,36,1,1,55,55,0,0,Yes,No
2024,94132,FL,03300.0,0330020000.0,Conventional:First Lien,Single Family (1-4 Units):Site-Built,Not Hispanic or Latino,White,Female,Loan originated,1,330000.0,82.0,3.80,0.40,0,0.00,0.00,0.00,0.00,0.00,360,0,0,0,0,0,0,0,400000.0,Site-Built,Owner Occupied,1,1,1,1,1,0,0,0,0,1011,1011,1,1,1,1,1,1,1,1,37,37,1,1,53,53,0,0,Yes,No
2024,43001,NH,01100.0,0110120000.0,VA:First Lien,Single Family (1-4 Units):Site-Built,Not Hispanic or Latino,White,Male,Loan originated,1,360000.0,82.0,3.70,0.50,1,8000.00,0.00,5000.00,0.00,0.00,300,0,0,0,0,0,0,0,460000.0,Site-Built,Owner Occupied,1,1,1,1,1,0,0,0,0,1011,1011,1,1,1,1,1,1,1,1,38,38,1,1,44,44,0,0,Yes,No
2024,96900,AL,01300.0,0130010000.0,FHA:First Lien,Single Family (1-4 Units):Site-Built,Not Hispanic or Latino,White,Female,Loan originated,1,340000.0,83.0,4.10,0.40,0,0.00,0.00,0.00,0.00,0.00,300,0,0,0,0,0,0,0,420000.0,Site-Built,Owner Occupied,1,1,1,1,1,0,0,0,0,1011,1011,1,1,1,1,1,1,1,1,39,39,1,1,48,48,0,0,Yes,No
2024,97750,MO,05300.0,0530020000.0,Conventional:First Lien,Single Family (1-4 Units):Site-Built,Not
2024,99999,CT,9150.0,9150708100.0,Conventional:Subordinate Lien,Single Family (1-4 Units):Site-Built,Not Hispanic or Latino,White,Male,File closed for incompleteness,32,25000.0,,,,3,,,,,,240,,,2,2,2,2,,1,1,3,5,1,,96.0,,1111,1111,2.0,5.0,2,4,5.0,8.0,2,4,1,5,2,4,65-74,9999,Yes,,1,1
2024,99999,NY,36061.0,3606103210.0,FHA:First Lien,Single Family (1-4 Units):Site-Built,Hispanic or Latino,Black or African American,Female,Loan originations,1,350000.0,87.0,6.75,2.25,0,13500.0,1100.0,2000.0,3.0,1500.0,360,0,0,0,1,0,1,1,4,6,3,2,3,5,65-74,,3.0,7.0,,1111,1111,3.0,6.0,2,4,3.0,7.0,2,3,1,4,1,3,45-54,9999,No,,3,2
2024,99999,TX,48201.0,4820104400.0,VA:First Lien,Single Family (1-4 Units):Manufactured Home,Not Hispanic or Latino,Asian,Male,Application approved but not accepted,1,180000.0,80.0,4.25,1.50,0,7200.0,600.0,1500.0,1.0,500.0,240,0,0,0,0,0,2,0,2,4,1,,45-54,,1.0,3.0,,1111,1111,1.0,4.0,2,4,4.0,8.0,3,4,1,3,1,4,55-64,9999,Unsure,,1,0
2024,99999,FL,12011.0,1201100260.0,Conventional:First Lien,Single Family (1-4 Units):Site-Built,Not Hispanic or Latino,White,Female,Loan funded,3,500000.0,90.0,7.25,3.00,0,20000.0,1800.0,3000.0,4.0,1000.0,300,0,0,0,0,0,2,0,3,6,1,2,2,4,20-30,,2.0,5.0,,1111,1111,3.0,7.0,2,4,3.0,6.0,2,4,1,5,1,3,45-54,9999,Yes,,1,1
2024,99999,GA,13009.0,1300900190.0,Conventional:First Lien,Single Family (1-4 Units):Site-Built,Hispanic or Latino,Other,Other,Application denied by financial institution,2,120000.0,75.0,4.75,1.75,0,5500.0,500.0,1000.0,2.0,300.0,240,0,0,0,0,0,1,1,1,4,1,,35-44,,3.0,6.0,,1111,1111,2.0,5.0,2,2,4.0,7.0,1,5,2,4,1,3,35-44,9999,No,,1,1
2024,99999,CA,06075.0,0607510240.0,FHA:First Lien,Single Family (1-4 Units):Site-Built,Not Hispanic or Latino,White,Male,Application approved but not accepted,1,230000.0,92.0,5.50,2.00,0,8000.0,600.0,1000.0,2.0,1000.0,240,0,0,0,0,0,1,1,2,5,2,2,2,2,40-50,,3.0,4.0,,1111,1111,2.0,4.0,2,4,2.0,5.0,1,5,1,3,1,4,30-40,9999,Undetermined,,3,3
2024,99999,NJ,34013.0,3401301200.0,Conventional:Subordinate Lien,Single Family (1-4 Units):Site-Built,Not Hispanic or Latino,White,Male,Loan originated,3,900000.0,95.0,8.00,4.25,0,30000.0,2500.0,4000.0,5.0,2000.0,300,0,0,0,1,0,2,1,4,6,2,1,2,2,45-54,,4.0,9.0,,1111,1111,2.0,5.0,1,4,5.0,7.0,1,4,1,5,1,4,35-45,9999,Yes,,1,3
2024,99999,IL,17031.0,1703102100.0,FHA:First Lien,Single Family (1-4 Units):Site-Built,Not Hispanic or Latino,White,Female,File closed for incompleteness,2,400000.0,88.0,6.25,1.75,0,10000.0,900.0,1500.0,3.0,500.0,240,0,0,0,1,0,2,0,3,5,3,1,3,3,35-44,,1.0,5.0,,1111,1111,2.0,4.0,2,4,3.0,7.0,1,3,1,4,2,3,65-74,9999,Yes,,3,1
2024,99999,AZ,04013.0,0401300290.0,VA:First Lien,Single Family (1-4 Units):Site-Built,Not Hispanic or Latino,White,Male,Loan originated,1,290000.0,85.0,4.50,1.25,0,9000.0,700.0,2000.0,3.0,800.0,240,0,0,0,0,0,2,0,3,4,2,1,2,2,25-35,,1.0,4.0,,1111,1111,1.0,4.0,1,4,4.0,8.0,2,4,2,5,2,5,45-54,9999,No,,1,2
2024,99999,FL,12005.0,1200500030.0,Conventional:First Lien,Single Family (1-4 Units):Site-Built,Hispanic or Latino,White,Male,Loan funded,3,170000.0,87.0,5.75,2.25,0,8000.0,600.0,1200.0,2.0,400.0,240,0,0,0,0,0,3,0,3,5,4,1,3,5,55-64,,3.0,4.0,,1111,1111,2.0,5.0,2,5,3.0,7.0,2,5,1,5,1,4,30-40,9999,Yes,,1,2
2024,99999,MN,27053.0,2705300100.0,FHA:First Lien,Single Family (1-4 Units):Site-Built,Hispanic or Latino,White,Female,Loan denied,2,330000.0,85.0,5.25,1.00,0,10000.0,400.0,1000.0,2.0,200.0,240,0,0,0,0,0,2,1,4,6,1,1,2,5,55-64,55-64,,2.0,3.0,,1111,1111,3.0,6.0,3,4,5.0,9.0,1,4,1,4,1,5,65-74,9999,Yes,,1,1
2024,99999,WI,55013.0,5501301000.0,VA:First Lien,Single Family (1-4 Units):Site-Built,Not Hispanic or Latino,Asian,Male,Loan originated,1,450000.0,90.0,7.00,2.25,0,15000.0,1000.0,2500.0,4.0,300.0,240,0,0,0,1,0,1,0,2,5,4,2,2,4,20-30,,1.0,4.0,,1111,1111,1.0,4.0,3,3,2.0,6.0,1,3,1,3,1,4,55-64,9999,Yes,,3,3
2024,99999,CO,08031.0,0803101000.0,Conventional:First Lien,Single Family (1-4 Units):Site-Built,Not Hispanic or Latino,White,Female,Loan originated,3,150000.0,98.0,5.50,1.75,0,6000.0,300.0,1400.0,1.0,0.0,300,0,0,0,0,0,2,0,4,6,3,1,3,5,30-40,,2.0,5.0,,1111,1111,2.0,6.0,2,4,3.0,6.0,2,4,1,4,2,4,75+,9999,Yes,,1,1
2024,99999,NY,36059.0,3605900700.0,FHA:First Lien,Single Family (1-4 Units):Site-Built,Hispanic or Latino,Black or African American,Male,Loan originated,1,380000.0,84.0,6.00,1.75,0,14000.0,1200.0,3000.0,5.0,400.0,240,0,0,0,1,0,1,1,3,4,2,2,1,2,35-44,,1.0,4.0,,1111,1111,3.0,5.0,2,4,3.0,6.0,2,4,1,3,1,3,55-64,9999,No,,3,1
2024,99999,VA,51075.0,5107501000.0,Conventional:First Lien,Single Family (1-4 Units):Site-Built,Not Hispanic or Latino,White,Female,Application approved but not accepted,3,400000.0,90.0,7.25,2.50,0,10000.0,800.0,2000.0,2.0,500.0,240,0,0,0,0,0,1,1,2,4,2,2,2,2,30-40,,2.0,4.0,,1111,1111,2.0,5.0,2,5,4.0,8.0,1,5,1,2,2,4,35-44,9999,Yes,,1,1
2024,99999,OR,41003.0,4100300100.0,Conventional:First Lien,Single Family (1-4 Units):Site-Built,Hispanic or Latino,White,Male,Loan funded,1,130000.0,92.0,6.00,2.75,0,6000.0,550.0,1000.0,3.0,200.0,300,0,0,0,0,0,2,1,2,4,3,1,2,5,65-74,,3.0,6.0,,1111,1111,3.0,7.0,2,4,4.0,8.0,2,5,2,2,1,2,55-64,9999,No,,1,1
2024,99999,WA,53027.0,5302701000.0,VA:First Lien,Single Family (1-4 Units):Site-Built,Hispanic or Latino,Hispanic or Latino,Female,Loan originated,2,250000.0,85.0,5.10,1.50,0,9000.0,500.0,1000.0,2.0,200.0,240,0,0,0,0,0,2,1,3,5,2,1,4,3,65-74,,3.0,7.0,,1111,1111,3.0,5.0,2,4,3.0,8.0,1,3,2,4,2,2,40-50,9999,Yes,,1,1
2024,99999,KY,21061.0,2106114570.0,FHA:First Lien,Single Family (1-4 Units):Site-Built,Not Hispanic or Latino,White,Female,Application denied by financial institution,1,140000.0,75.0,4.75,1.75,0,4500.0,600.0,1000.0,3.0,300.0,300,0,0,0,0,0,2,1,2,4,2,2,2,3,40-50,,3.0,4.0,,1111,1111,4.0,5.0,1,4,5.0,7.0,1,4,1,4,1,3,55-64,9999,No,,1,2
2024,99999,MN,27029.0,2702900100.0,Conventional:First Lien,Single Family (1-4 Units):Site-Built,Not Hispanic or Latino,White,Male,Loan originations,3,400000.0,88.0,6.25,2.25,0,10000.0,900.0,2000.0,4.0,500.0,300,0,0,0,0,0,3,1,2,4,2,,30-40,,1.0,4.0,,1111,1111,2.0,4.0,2,3,6.0,8.0,1,3,1,3,1,3,20-30,9999,Unsure,,1,1
2024,99999,AL,01077.0,0107700200.0,FHA:Second Lien,Single Family (1-4 Units):Site-Built,Hispanic or Latino,White,Male,Loan approved but not accepted,2,250000.0,80.0,5.50,2.00,0,15000.0,1000.0,3000.0,2.0,400.0,360,0,0,0,0,0,1,0,2,4,2,1,3,3,65-74,,4.0,8.0,,1111,1111,3.0,6.0,2,4,4.0,7.0,1,4,2,4,2,5,20-30,9999,Undetermined,,1,2
2024,99999,SC,45029.0,4502900100.0,VA:First Lien,Single Family (1-4 Units):Site-Built,Not Hispanic or Latino,White,Male,Loan originated,1,550000.0,92.0,7.00,3.50,0,30000.0,1800.0,4000.0,5.0,1000.0,240,0,0,0,0,0,2,1,3,5,3,1,3,5,35-44,,2.0,5.0,,1111,1111,2.0,4.0,2,4,2.0,6.0,1,3,1,4,1,3,75+,9999,No,,1,1
2024,99999,OH,39005.0,3900500100.0,Conventional:First Lien,Single Family (1-4 Units):Site-Built,Not Hispanic or Latino,White,Female,Loan originations,3,350000.0,75.0,5.75,3.00,0,14000.0,1100.0,2500.0,3.0,800.0,360,0,0,0,0,0,2,1,4,6,2,1,2,4,30-40,,1.0,6.0,,1111,1111,3.0,7.0,2,4,4.0,7.0,1,4,1,5,2,4,55-64,9999,Yes,,5,1
2024,99999,MD,24049.0,2404909300.0,FHA:First Lien,Single Family (1-4 Units):Site-Built,Not Hispanic or Latino,White,Female,Loan approved but not accepted,2,280000.0,92.0,6.25,2.25,0,12000.0,600.0,1500.0,2.0,500.0,240,0,0,0,0,0,2,1,2,4,3,1,2,4,30-40,,1.0,6.0,,1111,1111,2.0,6.0,2,3,5.0,8.0,2,4,1,3,1,3,65-74,9999,Yes,,1,1
2024,99999,TX,48339.0,4833906100.0,VA:First Lien,Single Family (1-4 Units):Site-Built,Not Hispanic or Latino,White,Male,Loan originated,1,320000.0,87.0,5.50,1.75,0,9500.0,600.0,2000.0,2.0,400.0,300,0,0,0,0,0,2,1,2,5,2,1,2,4,55-64,,2.0,5.0,,1111,1111,4.0,7.0,2,4,3.0,6.0,1,3,1,4,2,4,30-40,9999,Undetermined,,3,2
2024,99999,MO,29037.0,2903707190.0,Conventional:Subordinate Lien,Single Family (1-4 Units):Site-Built,Hispanic or Latino,Black or African American,Male,Loan funded,3,300000.0,85.0,5.75,2.00,0,10000.0,600.0,2000.0,2.0,400.0,300,0,0,0,1,0,2,0,4,5,1,1,1,3,30-40,,2.0,4.0,,1111,1111,2.0,5.0,2,3,4.0,6.0,1,3,1,3,1,3,45-54,9999,No,,1,1
2024,99999,NH,33011.0,3301101510.0,FHA:First Lien,Single Family (1-4 Units):Site-Built,Hispanic or Latino,Hispanic or Latino,Female,Application approved but not accepted,1,160000.0,90.0,6.50,2.25,0,7000.0,500.0,1200.0,2.0,600.0,360,0,0,0,0,0,1,1,2,3,2,1,1,2,40-50,,3.0,4.0,,1111,1111,3.0,4.0,2,5,3.0,7.0,2,4,1,3,1,4,40-50,9999,Unsure,,3,2
2024,99999,NC,37123.0,3712300100.0,FHA:First Lien,Single Family (1-4 Units):Site-Built,Hispanic or Latino,White,Male,Application denied by financial institution,2,170000.0,89.0,5.25,1.50,0,6800.0,400.0,700.0,2.0,0.0,240,0,0,0,0,0,2,0,4,6,1,2,2,3,35-44,,2.0,5.0,,1111,1111,2.0,5.0,2,4,3.0,5.0,1,4,1,5,2,4,55-64,9999,Undetermined,,5,1
2024,99999,CALIFORNIA,06085.0,0608501000.0,Conventional:First Lien,Single Family (1-4 Units):Site-Built,Not Hispanic or Latino,White,Male,Application approved but not accepted,1,420000.0,85.0,6.00,2.50,0,16000.0,1200.0,3000.0,4.0,500.0,360,0,0,0,1,0,2,1,3,5,2,2,1,2,35-44,,1.0,4.0,,1111,1111,2.0,5.0,3,4,4.0,8.0,2,4,1,5,1,4,45-54,9999,Yes,,1,1
2024,99999,IN,18043.0,1804301400.0,FHA:First Lien,Single Family (1-4 Units):Site-Built,Not Hispanic or Latino,White,Male,Loan originated,3,750000.0,93.0,8.00,4.00,0,18000.0,1500.0,3000.0,4.0,600.0,240,0,0,0,1,0,2,1,6,8,4,1,2,3,20-30,,2.0,7.0,,1111,1111,3.0,5.0,2,4,4.0,8.0,2,3,1,5,2,5,55-64,9999,Yes,,1,1
2024,99999,TN,47013.0,4701301000.0,Conventional:First Lien,Single Family (1-4 Units):Site-Built,Not Hispanic or Latino,White,Female,Application approved but not accepted,2,190000.0,90.0,5.50,2.00,0,7000.0,500.0,1000.0,3.0,200.0,240,0,0,0,0,0,3,1,2,4,2,1,2,3,30-40,,2.0,5.0,,1111,1111,3.0,6.0,1,4,5.0,8.0,1,3,1,3,1,5,25-35,9999,Yes,,5,2
2024,99999,MA,25025.0,2502500100.0,FHA:First Lien,Single Family (1-4 Units):Site-Built,Not Hispanic or Latino,White,Male,Loan fund,3,540000.0,90.0,7.50,3.25,0,20000.0,1200.0,3500.0,5.0,1000.0,360,0,0,0,1,0,1,1,4,8,1,2,2,4,25-35,,4.0,6.0,,1111,1111,3.0,5.0,2,4,3.0,7.0,1,4,1,3,1,4,65-74,9999,Unsure,,1,1
2024,99999,NJ,34013.0,3401301510.0,Conventional:First Lien,Single Family (1-4 Units):Site-Built,Not Hispanic or Latino,White,Male,Loan originations,1,200000.0,83.0,6.00,3.00,0,8000.0,600.0,1000.0,2.0,200.0,240,0,0,0,1,0,2,1,3,6,2,1,3,5,30-40,,1.0,6.0,,1111,1111,2.0,5.0,2,4,3.0,5.0,2,4,1,5,1,4,45-54,9999,Yes,,1,1
2024,99999,VA,51075.0,5107500280.0,VA:First Lien,Single Family (1-4 Units):Manufactured Home,Not Hispanic or Latino,White,Female,Loan approved but not accepted,1,210000.0,85.0,5.75,2.25,0,7000.0,500.0,1200.0,2.0,300.0,300,0,0,0,0,0,3,1,1,4,2,1,2,3,20-30,,2.0,4.0,,1111,1111,2.0,5.0,2,3,2.0,4.0,1,5,1,2,1,3,20-30,9999,Yes,,1,2
2024,99999,MI,26141.0,2614100220.0,FHA:First Lien,Single Family (1-4 Units):Site-Built,Not Hispanic or Latino,White,Male,Loan originated,3,900000.0,90.0,7.75,3.25,0,18000.0,1400.0,3000.0,5.0,400.0,240,0,0,0,0,0,1,0,3,6,1,1,2,4,55-64,,2.0,5.0,,1111,1111,3.0,5.0,1,4,4.0,6.0,1,4,2,4,1,3,30-40,9999,Yes,,1,1
2024,99999,FL,12003.0,1200301100.0,Conventional:First Lien,Single Family (1-4 Units):Site-Built,Not Hispanic or Latino,White,Female,Loan funded,3,360000.0,86.0,5.75,2.00,0,12000.0,900.0,2000.0,3.0,600.0,360,0,0,0,1,0,2,0,4,5,3,1,2,3,30-40,,2.0,6.0,,1111,1111,3.0,5.0,2,4,5.0,7.0,1,4,1,3,1,3,30-40,9999,Yes,,1,1
2024,99999,NV,32031.0,3203101560.0,VA:First Lien,Single Family (1-4 Units):Site-Built,Hispanic or Latino,White,Male,Loan originated,1,220000.0,85.0,6.00,1.50,0,10000.0,700.0,2000.0,2.0,200.0,360,0,0,0,0,0,1,1,2,4,2,1,2,3,65-74,,3.0,4.0,,1111,1111,2.0,5.0,2,4,3.0,6.0,2,4,1,5,1,4,55-64,9999,Unsure,,1,2
2024,99999,NC,37083.0,3708300100.0,FHA:First Lien,Single Family (1-4 Units):Site-Built,Not Hispanic or Latino,White,Male,Loan funded,3,420000.
2024,99999,CT,9150.0,9150708100.0,Conventional:Subordinate Lien,Single Family (1-4 Units):Site-Built,Not Hispanic or Latino,White,Male,File closed for incompleteness,32,25000.0,,,,3,,,,,,240,,,2,2,2,2,,1,1,3,5,1,,96.0,,1111,1111,2.0,5.0,2,4,5.0,8.0,2,4,1,5,2,4,65-74,9999,Yes,,1,1
2024,11400,NY,0330.0,0330040100.0,FHA,Single Family (1-4 Units):Site-Built,Hispanic or Latino,White,Male,Approved for loan,1,100000.0,75.0,4.5,2.0,0,1500.0,1000.0,500.0,2.0,1000.0,360,0,0,1,0,0,0,0,150000.0,Site-Built,Owner Occupied,Not Applicable,Not Applicable,1,0,50000.0,35.0,1,2,1,1,1,1,1,1,1,1,25-34,35-44,Yes,No,1,1,1,1
2024,21750,TX,1300.0,1300309032.0,Conventional:First Lien,Single Family (1-4 Units):Site-Built,Not Hispanic or Latino,Black,Male,Denied,1,500000.0,90.0,6.2,3.8,1,3500.0,2500.0,1000.0,4.0,1500.0,360,1,0,0,1,0,0,1,100000.0,Site-Built,Owner Occupied,Not Applicable,Not Applicable,1,0,200000.0,40.0,2,2,2,1,1,1,2,2,2,1,55-64,55-64,No,Yes,0,1,0,1
2024,99999,CA,1440.0,1440304700.0,VA Loan,Single Family (1-4 Units):Site-Built,Not Hispanic or Latino,White,Female,Approved for loan,1,325000.0,80.0,5.0,1.5,0,2500.0,1500.0,1000.0,2.5,1200.0,360,0,0,0,0,0,0,0,250000.0,Site-Built,Owner Occupied,Not Applicable,Not Applicable,1,0,75000.0,30.0,3,3,1,2,1,1,1,2,2,1,45-54,35-44,Yes,Yes,1,0,1,1
2024,99999,FL,0300.0,0300011100.0,FHA,Single Family (1-4 Units):Site-Built,Hispanic or Latino,Hispanic or Latino,Female,Preapproved,1,240000.0,70.0,4.2,2.8,0,1500.0,1000.0,500.0,1.5,750.0,360,0,1,0,1,1,1,0,180000.0,Site-Built,Rental,Not Applicable,Not Applicable,1,0,90000.0,33.0,1,1,3,3,1,1,2,2,2,2,35-44,25-34,No,No,0,0,0,0
2024,10000,IL,0310.0,0310102100.0,FHA,Single Family (1-4 Units):Site-Built,Hispanic or Latino,White,Male,Conditionally approved,1,75000.0,65.0,3.8,2.5,1,1000.0,750.0,250.0,1.0,500.0,360,0,0,0,0,1,1,0,60000.0,Site-Built,Owner Occupied,Not Applicable,Not Applicable,1,0,30000.0,25.0,1,2,1,1,0,0,0,0,2,0,35-44,45-54,Yes,No,0,0,1,1
2024,19100,AZ,0030.0,0030103100.0,Conventional:First Lien,Single Family (1-4 Units):Site-Built,Not Hispanic or Latino,White,Male,Applied for loan,1,175000.0,55.0,4.0,1.8,0,1200.0,800.0,400.0,1.2,400.0,360,0,0,1,0,0,0,1,150000.0,Site-Built,Owner Occupied,Not Applicable,Not Applicable,1,0,65000.0,28.0,1,1,1,2,0,1,0,1,0,2,25-34,55-64,No,Yes,0,1,1,1
2024,99999,GA,1000.0,1000204400.0,Conventional:First Lien,Single Family (1-4 Units):Site-Built,Not Hispanic or Latino,Black,Female,Conditionally approved,1,250000.0,85.0,4.9,3.1,0,2000.0,1200.0,800.0,2.0,800.0,360,1,0,0,0,1,0,0,300000.0,Site-Built,Owner Occupied,Not Applicable,Not Applicable,1,0,80000.0,32.0,1,1,1,2,0,1,0,0,2,0,45-54,75-85,Yes,No,1,1,1,1
2024,42000,WA,0860.0,0860201000.0,FHA,Single Family (1-4 Units):Site-Built,Not Hispanic or Latino,Hispanic or Latino,Male,File closed for incompleteness,32,400000.0,90.0,5.5,4.5,1,3000.0,2000.0,1000.0,4.0,1000.0,360,0,0,0,1,1,0,0,280000.0,Site-Built,Owner Occupied,Not Applicable,Not Applicable,1,0,100000.0,40.0,2,3,3,3,1,1,0,0,2,1,55-64,35-44,No,Yes,0,1,0,0
2024,15500,PA,1500.0,1500111100.0,VA Loan,Single Family (1-4 Units):Site-Built,Hispanic or Latino,White,Female,Approved for loan,1,300000.0,85.0,3.5,2.1,0,2200.0,1600.0,600.0,1.5,700.0,240,0,0,1,0,0,0,0,350000.0,Site-Built,Owner Occupied,Not Applicable,Not Applicable,1,0,70000.0,30.0,1,1,1,1,1,1,2,2,2,1,35-44,25-34,Yes,No,1,1,1,1
2024,18500,OH,1250.0,1250209100.0,FHA,Single Family (1-4 Units):Site-Built,Not Hispanic or Latino,White,Male,Denied,1,280000.0,70.0,5.2,2.2,1,2000.0,1400.0,600.0,3.0,800.0,360,0,0,0,0,1,0,0,200000.0,Site-Built,Owner Occupied,Not Applicable,Not Applicable,1,0,60000.0,35.0,1,1,1,2,0,0,1,1,1,2,55-64,25-34,No,Yes,1,1,1,1
2024,14400,NC,0550.0,0550403000.0,Conventional:First Lien,Multi-Family (5+ Units):Site-Built,Not Hispanic or Latino,White,Male,Action Taken Not Determined,1,125000.0,75.0,3.9,1.9,0,1000.0,600.0,400.0,1.0,200.0,360,0,0,0,0,0,0,0,150000.0,Site-Built,Owner Occupied,Not Applicable,Not Applicable,1,0,75000.0,32.0,1,1,1,1,1,1,1,1,1,1,65-74,75-85,No,Yes,1,1,1,1
2024,21950,CO,1230.0,1230303200.0,FHA,Single Family (1-4 Units):Site-Built,Not Hispanic or Latino,White,Male,Applied for loan,1,200000.0,80.0,4.3,2.3,0,1200.0,900.0,300.0,1.5,300.0,360,0,0,0,0,0,0,0,150000.0,Site-Built,Owner Occupied,Not Applicable,Not Applicable,1,0,60000.0,25.0,1,1,1,1,1,1,1,1,1,1,45-54,25-34,No,No,0,0,0,0
2024,17600,IN,0200.0,0200409100.0,Conventional:First Lien,Single Family (1-4 Units):Site-Built,Hispanic or Latino,Black,Female,Preapproved,1,500000.0,95.0,6.5,3.5,1,3500.0,3000.0,500.0,4.0,500.0,360,0,0,0,1,0,0,1,250000.0,Site-Built,Owner Occupied,Not Applicable,Not Applicable,1,0,200000.0,40.0,2,2,2,1,1,1,2,2,2,3,55-64,45-54,Yes,Yes,1,0,0,1
2024,51000,MD,0100.0,0100104100.0,Conventional:First Lien,Single Family (1-4 Units):Site-Built,Hispanic or Latino,Hispanic or Latino,Male,Approved for loan,1,300000.0,85.0,4.7,2.4,0,1800.0,1000.0,800.0,2.0,700.0,360,0,0,0,0,0,0,1,300000.0,Site-Built,Owner Occupied,Not Applicable,Not Applicable,1,0,75000.0,30.0,1,3,2,1,0,2,2,2,0,1,45-54,35-44,No,Yes,0,1,1,1
2024,99999,OR,0010.0,0010402100.0,FHA,Single Family (1-4 Units):Site-Built,Hispanic or Latino,White,Female,Preapproved,1,190000.0,90.0,5.1,4.0,0,1800.0,1200.0,600.0,2.5,400.0,360,0,0,0,1,1,0,0,180000.0,Site-Built,Owner Occupied,Not Applicable,Not Applicable,1,0,70000.0,33.0,2,1,2,2,1,2,2,1,2,1,55-64,35-44,Yes,Yes,0,1,1,1
2024,49300,WA,0860.0,0860301000.0,Va Loan,Single Family (1-4 Units):Site-Built,Not Hispanic or Latino,Black,Male,File closed for incompleteness,1,200000.0,70.0,4.1,2.0,0,1000.0,600.0,400.0,1.0,400.0,360,0,0,0,0,1,0,0,200000.0,Site-Built,Owner Occupied,Not Applicable,Not Applicable,1,0,50000.0,25.0,1,1,1,1,1,1,1,2,1,1,35-44,25-34,No,Yes,1,1,0,1
2024,21300,TX,0850.0,0850303500.0,Conventional:First Lien,Multi-Family (5+ Units):Site-Built,Not Hispanic or Latino,White,Female,Applied for loan,1,500000.0,90.0,6.3,3.2,1,3000.0,2000.0,1000.0,3.5,700.0,360,1,0,0,1,0,0,1,500000.0,Site-Built,Investment Property,Not Applicable,Not Applicable,1,0,200000.0,35.0,1,1,1,1,1,1,1,0,1,1,35-44,55-64,None,Yes,0,1,1,1
2024,22000,MI,0630.0,0630408100.0,FHA,Single Family (1-4 Units):Site-Built,Not Hispanic or Latino,White,Female,Denied,1,275000.0,70.0,3.8,2.0,0,1800.0,1000.0,800.0,2.0,500.0,360,0,0,0,1,1,0,1,250000.0,Site-Built,Owner Occupied,Not Applicable,Not Applicable,1,0,80000.0,32.0,2,2,1,1,1,1,0,0,1,1,35-44,45-54,No,Yes,0,1,1,1
2024,11000,AL,0530.0,0530904100.0,Conventional:First Lien,Single Family (1-4 Units):Site-Built,Hispanic or Latino,Hispanic or Latino,Male,Applied for loan,1,150000.0,80.0,5.0,3.0,1,1200.0,900.0,300.0,2.0,300.0,360,0,0,0,0,0,0,1,125000.0,Site-Built,Owner Occupied,Not Applicable,Not Applicable,1,0,50000.0,30.0,3,2,1,1,0,0,1,1,2,2,45-54,55-64,No,Yes,0,1,0,0
2024,16800,GA,0175.0,0175101300.0,FHA,Single Family (1-4 Units):Site-Built,Not Hispanic or Latino,White,Female,Approved for loan,1,125000.0,68.0,4.2,2.1,0,1000.0,700.0,300.0,1.0,300.0,240,0,0,0,0,0,0,0,200000.0,Site-Built,Owner Occupied,Not Applicable,Not Applicable,1,0,60000.0,35.0,1,1,1,1,1,1,2,1,1,1,25-34,55-64,No,No,1,1,1,1
2024,32600,NJ,1470.0,1470206100.0,Conventional:First Lien,Single Family (1-4 Units):Site-Built,Not Hispanic or Latino,White,Male,Denied,1,350000.0,90.0,5.9,3.0,1,2000.0,1500.0,500.0,3.0,500.0,360,0,0,1,0,0,0,1,300000.0,Site-Built,Owner Occupied,Not Applicable,Not Applicable,1,0,90000.0,33.0,1,1,1,2,1,1,1,1,0,2,55-64,45-54,No,Yes,1,1,1,1
2024,56200,SC,0030.0,0030102100.0,FHA,Single Family (1-4 Units):Site-Built,Not Hispanic or Latino,White,Male,Approved for loan,1,320000.0,85.0,4.6,2.2,0,1800.0,1200.0,600.0,1.5,600.0,360,0,0,0,0,0,0,0,320000.0,Site-Built,Owner Occupied,Not Applicable,Not Applicable,1,0,80000.0,30.0,1,1,1,1,1,1,2,2,1,1,45-54,35-44,No,YES,1,1,1,1
2024,10800,FL,1190.0,1190504000.0,Conventional:First Lien,Single Family (1-4 Units):Site-Built,Not Hispanic or Latino,White,Male,Approved for loan,1,450000.0,80.0,5.3,3.0,0,2200.0,1500.0,700.0,2.0,700.0,360,1,0,0,0,1,1,0,400000.0,Site-Built,Owner Occupied,Not Applicable,Not Applicable,1,0,150000.0,32.0,1,1,1,2,1,1,1,0,0,2,35-44,35-44,No,Yes,1,1,1,1
2024,12100,MD,0750.0,0750305100.0,FHA,Single Family (1-4 Units):Site-Built,Hispanic or Latino,Hispanic or Latino,Female,Applied for loan,1,225000.0,65.0,3.9,1.9,0,1500.0,1000.0,500.0,1.5,200.0,360,0,0,0,0,0,0,0,200000.0,Site-Built,Owner Occupied,Not Applicable,Not Applicable,1,0,75000.0,30.0,2,2,2,2,1,0,2,1,2,1,45-54,45-54,No,Yes,0,1,1,1
2024,16900,NH,0460.0,0460704000.0,Conventional:First Lien,Single Family (1-4 Units):Site-Built,Not Hispanic or Latino,White,Male,Preapproved,1,80000.0,65.0,3.6,2.0,0,800.0,400.0,400.0,1.0,300.0,360,0,0,0,0,1,1,0,70000.0,Site-Built,Owner Occupied,Not Applicable,Not Applicable,1,0,40000.0,25.0,1,1,1,1,1,1,2,2,2,1,25-34,55-64,No,Yes,1,1,1,1
2024,32500,ME,0600.0,0600301000.0,FHA,Single Family (1-4 Units):Site-Built,Not Hispanic or Latino,White,Female,Denied,1,400000.0,90.0,5.4,3.8,1,2500.0,2000.0,500.0,3.0,500.0,360,0,0,0,1,0,0,0,280000.0,Site-Built,Owner Occupied,Not Applicable,Not Applicable,1,0,100000.0,32.0,1,1,1,1,0,0,1,1,1,2,35-44,55-64,No,Yes,1,1,1,1
2024,39700,RI,1350.0,1350103200.0,Conventional:First Lien,Single Family (1-4 Units):Site-Built,Not Hispanic or Latino,White,Male,Approved for loan,1,350000.0,75.0,4.8,2.5,0,2000.0,1200.0,800.0,2.0,700.0,360,0,0,0,0,1,1,0,350000.0,Site-Built,Owner Occupied,Not Applicable,Not Applicable,1,0,70000.0,30.0,1,1,1,1,1,1,1,2,1,1,55-64,45-54,No,Yes,1,1,1,1
2024,41000,VA,0320.0,0320203000.0,FHA,Single Family (1-4 Units):Site-Built,Hispanic or Latino,Hispanic or Latino,Male,Applied for loan,1,200000.0,75.0,4.0,3.0,0,1200.0,800.0,400.0,1.0,400.0,360,0,0,0,0,0,0,1,150000.0,Site-Built,Owner Occupied,Not Applicable,Not Applicable,1,0,50000.0,22.0,1,1,2,1,0,0,0,1,1,1,35-44,35-44,Yes,No,0,1,0,1
2024,15200,MA,0600.0,0600102100.0,Conventional:First Lien,Single Family (1-4 Units):Site-Built,Not Hispanic or Latino,White,Male,Approved for loan,1,180000.0,70.0,3.8,2.0,1,1200.0,800.0,400.0,1.5,300.0,360,0,0,0,1,1,1,1,200000.0,Site-Built,Owner Occupied,Not Applicable,Not Applicable,1,0,55000.0,25.0,1,1,1,2,1,1,2,2,2,1,45-54,65-74,No,Yes,1,1,1,1
2024,43500,OH,0390.0,0390804100.0,FHA,Single Family (1-4 Units):Site-Built,Hispanic or Latino,Hispanic or Latino,Female,Preapproved,1,350000.0,75.0,5.0,2.5,0,2000.0,1400.0,600.0,3.0,600.0,360,0,0,0,0,0,0,1,300000.0,Site-Built,Owner Occupied,Not Applicable,Not Applicable,1,0,60000.0,30.0,1,2,2,2,0,1,1,1,0,1,55-64,25-34,No,Yes,0,1,0,1
2024,35500,NV,0050.0,0050502100.0,FHA,Single Family (1-4 Units):Site-Built,Not Hispanic or Latino,White,Male,Action taken Not Determined,1,250000.0,80.0,5.6,2.5,1,1800.0,1500.0,300.0,2.0,300.0,360,0,0,0,0,0,0,0,300000.0,Site-Built,Owner Occupied,Not Applicable,Not Applicable,1,0,65000.0,32.0,1,2,1,1,1,1,1,1,1,1,35-44,55-64,Yes,Yes,1,1,1,1
2024,13700,KY,1460.0,1460403100.0,Conventional:First Lien,Single Family (1-4 Units):Site-Built,Not Hispanic or Latino,White,Female,Denied,1,300000.0,75.0,4.8,1.8,0,2200.0,1500.0,700.0,2.0,700.0,360,0,0,0,0,1,1,0,320000.0,Site-Built,Owner Occupied,Not Applicable,Not Applicable,1,0,70000.0,30.0,1,1,1,1,1,0,1,2,1,1,25-34,35-44,Yes,Yes,1,1,1,1
2024,18100,PA,0540.0,0540403200.0,FHA,Single Family (1-4 Units):Site-Built,Not Hispanic or Latino,White,Female,Applied for loan,1,250000.0,80.0,4.2,2.2,0,1800.0,1200.0,600.0,3.0,200.0,360,0,0,0,0,0,0,1,250000.0,Site-Built,Owner Occupied,Not Applicable,Not Applicable,1,0,60000.0,22.0,1,1,1,1,0,0,1,1,1,2,65-74,45-54,Yes,Yes,1,1,0,0
2024,46900,DC,1330.0,1330401000.0,Conventional:First Lien,Single Family (1-4 Units):Site-Built,Not Hispanic or Latino,White,Male,Approved for loan,1,250000.0,70.0,3.5,2.0,0,2000.0,1200.0,800.0,2.0,900.0,360,0,0,0,0,0,0,0,275000.0,Site-Built,Owner Occupied,Not Applicable,Not Applicable,1,0,70000.0,25.0,1,1,1,1,1,1,1,1,2,2,35-44,55-64,Yes,Yes,1,1,1,1
2024,30800,PW,0400.0,0400202100.0,FHA,Single Family (1-4 Units):Site-Built,Not Hispanic or Latino,White,Female,Approve,1,275000.0,85.0,4.5,2.2,0,2200.0,1800.0,400.0,2.0,500.0,360,1,0,0,1,0,0,0,250000.0,Site-Built,Owner Occupied,Not Applicable,Not Applicable,1,0,75000.0,30.0,1,1,1,1,1,1,1,1,2,2,35-44,35-44,No,Yes,1,1,1,1
2024,29900,CA,0200.0,0200103100.0,FHA,Single Family (1-4 Units):Site-Built,Hispanic or Latino,White,Female,Approved for loan,1,300000.0,90.0,4.1,2.0,1,1500.0,1000.0,500.0,2.0,500.0,360,0,0,0,0,1,0,1,350000.0,Site-Built,Owner Occupied,Not Applicable,Not Applicable,1,0,80000.0,28.0,1,1,1,2,1,1,1,1,1,1,25-34,55-64,No,Yes,0,1,0,1
2024,23700,IL,4390.0,4390101100.0,Conventional:First Lien,Single Family (1-4 Units):Site-Built,Hispanic or Latino,Hispanic or Latino,Female,Denied,1,200000.0,80.0,5.8,
2024,99999,CT,9150.0,9150708100.0,Conventional:Subordinate Lien,Single Family (1-4 Units):Site-Built,Not Hispanic or Latino,White,Male,File closed for incompleteness,32,25000.0,,,,3,,,,,,240,,,2,2,2,2,,1,1,3,5,1,,96.0,,1111,1111,2.0,5.0,2,4,5.0,8.0,2,4,1,5,2,4,65-74,9999,Yes,,1,1
2024,99999,NJ,9100.0,9100708100.0,Conventional:First Lien,Single Family (1-4 Units):Site-Built,Hispanic or Latino,Black,Female,Loan originations,11,32000.0,85.0,6.7,2.3,1,2200.0,500.0,1500.0,0.0,0.0,120,,1,,1,1,1,,3,0,4,7,1,,85.5,,2222,2222,4.0,7.0,1,3,7.0,9.0,1,3,3,2,1,3,25-34,9999,No,,0,1
2024,99999,MD,9250.0,9250708100.0,FHA:First Lien,Single Family (1-4 Units):Site-Built,Not Hispanic or Latino,Asian,Male,Denial,22,200000.0,90.0,5.2,3.0,1,3500.0,200.0,1900.0,1.0,300.0,480,,2,,0,0,0,1,,4,0,1,2,2,,88.7,,3333,3333,4.0,6.0,1,2,8.0,9.0,0,1,1,1,0,1,40-54,9999,Yes,,1,1
2024,99999,NV,9350.0,9350708100.0,VA:First Lien,Mixed Use (1-4 Units):Site-Built,Not Hispanic or Latino,Native Hawaiian or Other Pacific Islander,Female,Approval,11,150000.0,75.0,6.8,1.4,1,2800.0,400.0,1500.0,1.0,100.0,360,,2,,1,0,1,2,,2,0,0,4,1,,91.8,,4444,4444,2.0,5.0,0,2,6.0,5.0,1,3,0,1,1,1,55-64,9999,No,,0,1
2024,99999,PA,9450.0,9450708100.0,Conventional:Subordinate Lien,Single Family (1-4 Units):Site-Built,Hispanic or Latino,White,Male,File closed for incompleteness,22,220000.0,95.0,7.0,3.5,1,4900.0,600.0,2500.0,1.0,300.0,180,,1,,1,0,1,,0,,1,1,5,2,1,,93.3,,5555,5555,5.0,4.0,1,2,6.5,5.0,1,2,2,3,1,1,25-34,65-74,Yes,,1,1
2024,99999,WY,9550.0,9550708100.0,FHA:First Lien,Single Family (1-4 Units):Site-Built,Not Hispanic or Latino,White,Female,Approved,11,180000.0,80.0,5.8,1.5,0,3800.0,300.0,2000.0,1.0,300.0,240,,1,,0,0,0,,0,,2,1,4,5,0,,69.5,,6666,6666,3.0,8.0,0,1,6.0,6.0,2,5,1,2,0,1,65-74,9999,Yes,,1,1
2024,99999,SC,9650.0,9650708100.0,Conventional:First Lien,Single Family (1-4 Units):Site-Built,Hispanic or Latino,White,Male,Loan originations,31,320000.0,90.0,6.9,3.1,1,1900.0,100.0,1200.0,1.0,200.0,360,,2,,1,0,1,2,,2,0,1,4,0,,82.1,,7777,7777,3.0,5.0,0,2,7.0,6.0,1,3,1,2,0,1,55-64,9999,Yes,,0,1
2024,99999,MI,9750.0,9750708100.0,Va:First Lien,Single Family (1-4 Units):Site-Built,Not Hispanic or Latino,Black,Female,Denial,21,260000.0,85.0,8.1,2.5,0,2900.0,200.0,1700.0,1.0,100.0,180,,1,,0,0,0,1,,1,1,5,3,0,,78.9,,8888,8888,4.0,6.0,1,2,8.0,7.0,0,1,2,1,1,1,35-44,9999,Yes,,1,1
2024,99999,CA,9850.0,9850708100.0,Conventional:First Lien,Multi-Family (1-4 Units):Site-Built,Not Hispanic or Latino,White,Male,Approval,11,400000.0,78.0,8.2,3.2,0,5500.0,700.0,2900.0,1.0,400.0,360,,2,,1,0,1,1,,1,0,3,3,0,,80.0,,9999,9999,2.0,9.0,0,3,5.0,7.0,1,2,2,3,1,0,30-39,9999,No,,0,1
2024,99999,FL,9950.0,9950708100.0,FHA:First Lien,Single Family (1-4 Units):Site-Built,Hispanic or Latino,Hispanic Migrant,Male,Loan originations,12,120000.0,90.0,6.2,2.0,1,3200.0,300.0,1600.0,1.0,400.0,300,,0,,0,0,1,2,,1,0,2,5,1,,84.3,,1010,1010,2.0,5.0,1,3,8.0,5.0,6,5,1,4,1,4,45-54,9999,Yes,,0,1
2024,99999,NM,9010.0,9010708100.0,VA:First Lien,Single Family (1-4 Units):Site-Built,Not Hispanic or Latino,White,Female,File closed for incompleteness,31,500000.0,85.0,8.0,1.2,0,4300.0,500.0,2000.0,1.0,200.0,120,,0,,0,1,0,1,,3,0,3,6,0,,90.0,,1111,1111,5.0,7.0,1,1,5.0,6.0,2,4,1,3,0,4,45-54,65-74,Yes,,0,1
2024,99999,KY,9020.0,9020708100.0,Conventional:Subordinate Lien,Mixed Use (1-4 Units):Site-Built,Not Hispanic or Latino,Asian,Male,Approval,11,330000.0,92.0,7.1,2.1,0,4300.0,300.0,2100.0,1.0,500.0,240,,1,,1,0,0,2,,2,0,2,4,0,,87.5,,2222,2222,4.0,4.0,1,2,7.0,8.0,3,3,5,3,1,2,25-34,9999,Yes,,1,1
2024,99999,RI,9030.0,9030708100.0,FHA:First Lien,Single Family (1-4 Units):Site-Built,Not Hispanic or Latino,Hispanic Migrant,Female,Denial,21,140000.0,95.0,6.6,2.0,1,3000.0,400.0,1600.0,1.0,100.0,60,,1,,1,0,0,0,,2,0,1,2,1,,79.3,,3333,3333,3.0,7.0,1,1,9.0,8.0,2,5,4,2,3,4,45-54,9999,No,,0,1
2024,99999,OH,9040.0,9040708100.0,Va:First Lien,Multi-Family (1-4 Units):Site-Built,Not Hispanic or Latino,White,Male,Approval,12,280000.0,85.0,7.3,1.8,1,3400.0,500.0,1700.0,1.0,200.0,120,,0,,1,1,1,2,,0,0,3,6,0,,85.1,,4444,4444,2.0,5.0,0,1,6.0,7.0,3,5,4,2,0,0,35-44,9999,Yes,,1,1
2024,99999,TX,9050.0,9050708100.0,Conventional:First Lien,Single Family (1-4 Units):Site-Built,Hispanic or Latino,White,Female,Loan originations,32,320000.0,95.0,7.2,3.1,1,3300.0,300.0,1900.0,1.0,500.0,240,,1,,1,1,0,1,,1,0,1,2,1,,78.2,,5555,5555,3.0,7.0,1,3,8.0,8.0,2,4,1,2,3,3,55-64,9999,Yes,,0,1
2024,99999,VT,9060.0,9060708100.0,FHA:First Lien,Single Family (1-4 Units):Site-Built,Not Hispanic or Latino,Asian,Male,Approval,11,110000.0,85.0,7.1,1.7,1,2200.0,500.0,1000.0,0.0,300.0,120,,1,,0,0,0,,1,,0,1,2,1,,82.5,,6666,6666,4.0,6.0,0,3,5.0,7.0,2,2,3,5,0,1,25-34,9999,No,,1,1
2024,99999,GA,9070.0,9070708100.0,Conventional:First Lien,Single Family (1-4 Units):Site-Built,Hispanic or Latino,Mexican,Male,Duplicate Application,31,150000.0,75.0,6.8,3.1,0,2800.0,500.0,1300.0,1.0,200.0,360,,1,,1,1,1,1,,2,0,2,4,1,,82.2,,7777,7777,5.0,7.0,1,4,7.0,5.0,2,2,5,5,1,1,40-54,9999,Yes,,1,1
2024,99999,IN,9080.0,9080708100.0,Va:First Lien,Single Family (1-4 Units):Site-Built,Not Hispanic or Latino,White,Female,Approval,12,240000.0,85.0,7.2,2.0,1,3400.0,400.0,1700.0,1.0,300.0,360,,1,,1,1,1,1,,3,0,1,2,0,,84.3,,8888,8888,2.0,5.0,1,2,6.0,4.0,3,1,2,4,0,0,55-64,9999,No,,0,1
2024,99999,NC,9090.0,9090708100.0,Conventional:First Lien,Multi-Family (1-4 Units):Site-Built,Not Hispanic or Latino,White,Male,Appraisal not accepted,11,200000.0,90.0,6.2,1.6,1,2700.0,500.0,1300.0,0.0,300.0,120,,1,,0,0,1,2,,2,0,1,4,0,,85.1,,9999,9999,3.0,7.0,1,4,5.0,5.0,1,1,2,1,2,3,30-39,65-74,Yes,,0,1
2024,99999,IA,9100.0,9100708100.0,FHA:First Lien,Mixed Use (1-4 Units):Site-Built,Not Hispanic or Latino,White,Male,Loan originations,32,170000.0,93.0,5.9,2.5,1,2200.0,600.0,1000.0,1.0,500.0,180,,0,,0,0,0,,1,,1,1,2,1,,81.2,,1010,1010,4.0,6.0,1,2,7.0,5.0,1,4,4,2,0,1,40-54,9999,Yes,,1,1
2024,99999,AL,9110.0,9110708100.0,Conventional:First Lien,Single Family (1-4 Units):Site-Built,Not Hispanic or Latino,Black,Female,File closed for incompleteness,11,450000.0,95.0,6.7,3.0,1,2700.0,500.0,1000.0,1.0,500.0,360,,1,,1,1,0,1,,0,0,1,3,0,,82.1,,1111,1111,5.0,6.0,1,2,6.0,7.0,2,5,4,1,0,0,30-39,9999,Yes,,1,1
2024,99999,OR,9120.0,9120708100.0,Va:First Lien,Multi-Family (1-4 Units):Site-Built,Hispanic or Latino,Hispanic Migrant,Male,Approval,31,380000.0,85.0,8.1,2.0,0,4200.0,300.0,2000.0,1.0,200.0,180,,2,,0,0,1,1,,1,0,2,3,0,,84.2,,2222,2222,5.0,7.0,1,1,8.0,7.0,2,5,2,3,1,5,55-64,9999,Yes,,0,1
2024,99999,MA,9130.0,9130708100.0,FHA:First Lien,Single Family (1-4 Units):Site-Built,Not Hispanic or Latino,White,Female,Decision on application,12,290000.0,88.0,7.3,2.2,1,1900.0,300.0,1400.0,0.0,100.0,240,,2,,1,0,1,1,,1,0,1,4,0,,82.5,,3333,3333,3.0,4.0,1,3,6.0,5.0,3,5,1,3,0,1,25-34,9999,No,,1,1
2024,99999,KS,9140.0,9140708100.0,Conventional:First Lien,Single Family (1-4 Units):Site-Built,Not Hispanic or Latino,White,Male,Loan originations,11,350000.0,75.0,6.5,2.1,0,4200.0,400.0,1800.0,0.0,100.0,360,,1,,0,0,0,,0,,3,0,1,1,1,,83.6,,4444,4444,3.0,8.0,1,2,7.0,6.0,1,3,3,5,2,2,65-74,9999,Yes,,1,1
2024,99999,MO,9150.0,9150708100.0,VA:First Lien,Single Family (1-4 Units):Site-Built,Hispanic or Latino,Mexican,Female,Denial,21,300000.0,80.0,7.8,1.2,0,3500.0,200.0,1500.0,0.0,0.0,120,,2,,0,1,0,2,,1,0,2,6,1,,90.0,,5555,5555,4.0,7.0,1,4,5.0,6.0,1,1,5,4,1,2,45-54,9999,No,,0,1
2024,99999,LA,9160.0,9160708100.0,FHA:First Lien,Single Family (1-4 Units):Site-Built,Not Hispanic or Latino,Native Hawaiian or Other Pacific Islander,Male,Approval,31,330000.0,75.0,6.5,2.2,1,2700.0,400.0,1400.0,0.0,100.0,360,,1,,1,0,0,1,,1,0,1,2,0,,81.0,,6666,6666,3.0,7.0,1,3,8.0,8.0,3,2,0,1,2,4,25-34,9999,Yes,,0,1
2024,99999,DE,9170.0,9170708100.0,Conventional:Subordinate Lien,Mixed Use (1-4 Units):Site-Built,Hispanic or Latino,Mexican,Female,Duplicate Application,11,250000.0,90.0,7.2,2.1,1,3000.0,0.0,0.0,0.0,0.0,240,,0,,1,0,0,1,,0,0,2,3,0,,84.0,,7777,7777,3.0,6.0,0,3,7.0,8.0,0,1,3,4,2,2,55-64,9999,Yes,,1,1
2024,99999,ME,9180.0,9180708100.0,FHA:First Lien,Multi-Family (1-4 Units):Site-Built,Not Hispanic or Latino,White,Male,Loan originations,11,420000.0,85.0,8.0,2.2,1,5000.0,0.0,0.0,0.0,0.0,120,,2,,0,1,0,1,,1,1,2,4,1,,80.3,,8888,8888,3.0,8.0,1,4,6.0,5.0,1,3,1,1,0,1,25-34,9999,Yes,,1,1
2024,99999,NH,9190.0,9190708100.0,VA:First Lien,Single Family (1-4 Units):Site-Built,Hispanic or Latino,Hispanic Migrant,Male,Denial,21,160000.0,90.0,6.8,2.0,1,2900.0,300.0,1600.0,1.0,100.0,360,,0,,1,0,0,2,,2,0,3,6,0,,76.1,,9999,9999,3.0,6.0,1,2,6.0,8.0,1,2,1,2,2,3,30-39,9999,No,,0,1
2024,99999,AZ,9200.0,9200708100.0,Conventional:First Lien,Single Family (1-4 Units):Site-Built,Not Hispanic or Latino,Hispanic Migrant,Female,Loan originations,31,430000.0,90.0,8.2,3.1,1,4500.0,0.0,0.0,0.0,0.0,360,,1,,0,1,0,1,,1,0,1,4,1,,83.0,,1010,1010,5.0,7.0,0,2,5.0,5.0,1,2,2,5,2,2,45-54,9999,Yes,,0,1
2024,99999,NE,9210.0,9210708100.0,FHA:First Lien,Mixed Use (1-4 Units):Site-Built,Hispanic or Latino,Hispanic Migrant,Male,Decision on application,11,150000.0,95.0,7.2,1.9,1,2800.0,500.0,1000.0,0.0,100.0,240,,1,,1,0,0,2,,2,1,2,3,0,,86.4,,1111,1111,3.0,5.0,1,2,6.0,7.0,0,3,1,3,1,3,35-44,9999,No,,1,1
2024,99999,OK,9220.0,9220708100.0,Va:First Lien,Single Family (1-4 Units):Site-Built,Hispanic or Latino,Mexican,Female,Loan originations,32,640000.0,92.0,6.3,3.1,1,2400.0,400.0,1000.0,0.0,100.0,120,,0,,0,1,0,0,,1,0,4,3,0,,81.0,,2222,2222,4.0,6.0,1,2,7.0,9.0,1,3,1,5,1,1,40-54,9999,Yes,,0,1
2024,99999,CO,9230.0,9230708100.0,Conventional:First Lien,Multi-Family (1-4 Units):Site-Built,Not Hispanic or Latino,White,Male,Approval,31,180000.0,80.0,5.9,2.0,0,3000.0,400.0,1500.0,1.0,300.0,360,,1,,1,0,0,1,,2,0,1,1,0,,80.1,,3333,3333,2.0,6.0,1,2,5.0,6.0,0,1,2,3,2,3,55-64,9999,No,,1,1
2024,99999,WI,9240.0,9240708100.0,FHA:First Lien,Single Family (1-4 Units):Site-Built,Hispanic or Latino,Hispanic Migrant,Male,Approval,11,330000.0,95.0,8.0,1.5,1,2600.0,0.0,0.0,0.0,0.0,240,,1,,0,0,0,0,,1,0,3,3,0,,77.8,,4444,4444,3.0,5.0,0,2,8.0,7.0,2,3,5,4,3,1,30-39,9999,Yes,,1,1
2024,99999,NY,9250.0,9250708100.0,VA:First Lien,Mixed Use (1-4 Units):Site-Built,Not Hispanic or Latino,White,Male,File closed for incompleteness,11,450000.0,80.0,6.1,1.2,1,4000.0,200.0,1800.0,1.0,500.0,360,,0,,0,0,1,1,,1,0,2,6,0,,85.2,,5555,5555,2.0,7.0,1,2,8.0,9.0,1,2,3,4,1,2,55-64,9999,No,,0,1
2024,99999,AR,9260.0,9260708100.0,Conventional:First Lien,Single Family (1-4 Units):Site-Built,Islander,Other Asian,Female,Approval,12,500000.0,75.0,5.2,1.5,0,3200.0,300.0,1900.0,1.0,300.0,240,,1,,1,0,1,1,,1,0,1,3,0,,92.1,,6666,6666,4.0,9.0,1,4,6.0,6.0,2,2,4,1,0,1,25-34,9999,Yes,,1,1
2024,99999,MS,9270.0,9270708100.0,FHA:First Lien,Single Family (1-4 Units):Site-Built,Not Hispanic or Latino,Black,Female,Denied due to insufficient information,11,190000.0,85.0,6.1,3.2,1,4200.0,200.0,2200.0,1.0,300.0,360,,1,,0,0,1,1,,2,0,3,5,0,,79.2,,7777,7777,2.0,5.0,0,1,7.0,6.0,0,1,3,3,0,5,65-74,9999,Yes,,0,1
2024,99999,ID,9280.0,9280708100.0,Conventional:First Lien,Single Family (1-4 Units):Site-Built,Not Hispanic or Latino,White,Male,Approval,11,180000.0,90.0,6.4,2.3,1,4000.0,300.0,1800.0,0.0,100.0,240,,1,,1,0,1,0,,0,0,1,2,0,,81.6,,8888,8888,3.0,8.0,1,2,5.0,5.0,1,3,1,4,2,2,40-54,9999,No,,0,1
2024,99999,BY,9290.0,9290708100.0,Va:First Lien,Single Family (1-4 Units):Site-Built,Hispanic or Latino,Other,Female,Denial,21,335000.0,85.0,7.3,2.3,0,3800.0,200.0,1500.0,1.0,300.0,240,,0,,1,0,0,1,,2,0,3,5,1,,77.9,,9999,9999,2.0,5.0,1,2,6.0,6.0,0,1,5,2,0,0,30-39,9999,Yes,,0,1
2024,99999,SD,9300.0,9300708100.0,FHA:First Lien,Multi-Family (1-4 Units):Site-Built,Not Hispanic or Latino,White,Female,Loan originations,11,290000.0,90.0,7.6,2.5,0,3000.0,0.0,1000.0,0.0,0.0
2024,99999,CT,9150.0,9150708100.0,Conventional:Subordinate Lien,Single Family (1-4 Units):Site-Built,Not Hispanic or Latino,White,Male,File closed for incompleteness,32,25000.0,,,,3,,,,,,240,,,2,2,2,2,,1,1,3,5,1,,96.0,,1111,1111,2.0,5.0,2,4,5.0,8.0,2,4,1,5,2,4,65-74,9999,Yes,,1,1
2024,99999,NY,36047.0,3604700300.0,FHA:First Lien,Single Family (1-4 Units):Site-Built,Hispanic or Latino,White,Male,Loan originated,1,300000.0,80.0,6.5,1.5,1,12000.0,2500.0,1500.0,1.0,8000.0,360,0,0,2,0,0,0,1,60000.0,Site-Built,Principal Residence,0,1,1,11.0,154000.0,3,1,1,2,1,2,1,2,3,1,1,2,2,60-64,60-64,No,1,1,2,2,3,1,1,3,1,1,2,1,1,3,1,1
2024,99999,TX,48201.0,4820100700.0,VA:First Lien,Single Family (1-4 Units):Site-Built,Not Hispanic or Latino,White,Male,Loan originated,1,280000.0,75.0,6.75,1.75,1,8000.0,3000.0,2000.0,1.5,4000.0,360,0,0,2,0,0,0,1,190000.0,Site-Built,Principal Residence,0,1,1,10.0,90000.0,3,1,1,2,1,2,1,2,3,1,1,2,2,65-74,65-74,No,,,1,1,1,1,3,1,1,1,1,1,2,1,1,3,1,1
2024,99999,FL,12086.0,1208600100.0,Conventional:First Lien,Single Family (1-4 Units):Site-Built,Not Hispanic or Latino,Black,Male,"Application denied by financial institution",2,145000.0,85.0,9.0,3.0,0,,,0.0,,,,,,0,2,1,2,,,1,2,70000.0,Site-Built,Investment Property,0,1,1,9.0,10000.0,3,2,2,2,1,1,2,2,3,2,1,1,2,60-64,60-64,No,1,2,1,1,1,1,2,2,2,1,1,2,1,1,1,1,1,3,1,1
2024,99999,CA,06037.0,0603700100.0,FHA:First Lien,Single Family (1-4 Units):Site-Built,Hispanic or Latino,Hispanic or Latino,Gender Non-Conforming,Loan originated,1,600000.0,70.0,6.25,1.25,1,20000.0,4500.0,3000.0,2.0,10000.0,300,,,0,2,0,0,1,250000.0,Site-Built,Principal Residence,0,1,1,14.0,125000.0,3,0,0,0,2,0,0,2,3,1,1,0,0,60-64,65-74,Yes,2,1,3,2,3,2,1,1,1,2,2,1,1,1,2,1,1
2024,99999,GA,13205.0,1320500100.0,VA:First Lien,Multi-Family:Site-Built,Hispanic or Latino,White,Female,Loan originated,1,400000.0,80.0,7.0,2.0,1,14000.0,2800.0,1200.0,1.5,5000.0,360,0,0,2,0,0,0,1,140000.0,Site-Built,Principal Residence,0,1,1,18.0,100000.0,1,2,1,2,2,2,2,1,2,2,2,2,2,65-74,75+,Yes,1,2,1,1,,3,1,1,2,1,1,2,2,1,1,2,1,1,1,2,1,1
2024,99999,NJ,34013.0,3401300100.0,FHA:First Lien,Single Family (1-4 Units):Site-Built,Not Hispanic or Latino,Asian,Female,Loan originated,1,300000.0,75.0,6.4,1.4,1,15000.0,3200.0,1500.0,1.0,6300.0,300,0,0,2,1,0,0,1,75000.0,Site-Built,Principal Residence,0,1,1,17.0,90000.0,3,1,1,1,2,1,1,1,2,2,1,2,1,75-84,65-74,Yes,1,1,1,2,1,2,1,1,1,1,2,2,1,1,1,1,1,1,1,1,1,1
2024,99999,WI,55079.0,5507900100.0,Conventional:Subordinate Lien,Single Family (1-4 Units):Site-Built,Not Hispanic or Latino,White,Male,Loan originated,1,270000.0,80.0,6.9,1.7,1,17000.0,3600.0,1800.0,1.5,9000.0,300,,,0,1,0,0,1,150000.0,Site-Built,Principal Residence,0,1,1,25.0,87000.0,3,2,2,2,2,1,2,2,2,2,1,2,1,60-64,60-64,Yes,1,2,1,1,1,1,2,1,2,1,1,2,1,2,1,2,1,1,1,1,1,1
2024,99999,TX,48201.0,4820100700.0,VA:First Lien,Single Family (1-4 Units):Site-Built,Not Hispanic or Latino,White,Male,Loan originated,1,210000.0,75.0,6.5,1.25,1,14000.0,2900.0,1600.0,1.0,10000.0,300,0,0,2,0,0,0,1,130000.0,Site-Built,Principal Residence,0,1,1,10.0,85000.0,3,1,1,2,1,2,1,2,3,1,1,2,1,60-64,65-74,No,1,2,1,2,3,1,1,2,1,1,2,1,1,3,1,1
2024,99999,IL,17031.0,1703100100.0,Conventional:First Lien,Single Family (1-4 Units):Site-Built,Not Hispanic or Latino,White,Female,Loan originated,1,350000.0,80.0,6.25,1.25,1,20000.0,4000.0,2600.0,1.0,8000.0,360,0,0,2,1,0,0,1,100000.0,Site-Built,Principal Residence,0,1,1,13.0,120000.0,3,1,1,1,2,1,1,1,2,2,1,2,1,65-74,65-74,Yes,1,1,1,1,3,2,1,1,2,1,2,2,1,1,2,1,1,3,1,1,1,1
2024,99999,OH,39001.0,3900100100.0,FHA:First Lien,Single Family (1-4 Units):Site-Built,Not Hispanic or Latino,White,Male,Loan originated,1,800000.0,85.0,6.75,1.25,1,12000.0,2000.0,1000.0,0.0,10000.0,360,,,0,1,0,0,1,90000.0,Site-Built,Principal Residence,0,1,1,11.0,75000.0,3,1,1,2,2,2,2,2,2,2,1,2,2,75+,75+,No,1,1,1,1,2,1,1,1,1,1,1,3,1,1,1,2,1,1,1,1,1,1
2024,99999,AZ,04021.0,0402100100.0,VA:First Lien,Single Family (1-4 Units):Site-Built,Hispanic or Latino,White,Male,Loan originated,1,320000.0,75.0,7.25,2.25,1,16000.0,3300.0,1800.0,1.5,5500.0,300,0,0,2,0,0,0,1,180000.0,Site-Built,Principal Residence,0,1,1,15.0,95000.0,3,1,1,1,1,1,1,1,1,1,1,1,1,60-64,60-64,Yes,1,1,3,1,3,1,1,2,1,1,1,1,2,1,1,1,1,1,1,1,1,1
2024,99999,NY,36047.0,3604700300.0,FHA:First Lien,Single Family (1-4 Units):Site-Built,Hispanic or Latino,Black,Female,Loan originated,1,450000.0,82.0,7.0,2.0,1,18000.0,3400.0,2200.0,2.0,7000.0,300,0,0,2,0,0,0,1,190000.0,Site-Built,Principal Residence,0,1,1,20.0,200000.0,3,1,1,1,2,1,2,2,1,1,2,1,1,60-64,75+,Yes,1,1,2,1,2,1,2,1,1,2,2,2,1,1,1,1,1,1,1,1,1,1
2024,99999,IL,17031.0,1703100100.0,Conventional:First Lien,Single Family (1-4 Units):Site-Built,Not Hispanic or Latino,White,Male,Loan originated,1,400000.0,80.0,6.5,1.0,1,10000.0,2000.0,1000.0,1.0,8000.0,300,0,0,2,0,0,0,1,100000.0,Site-Built,Principal Residence,0,1,1,12.0,110000.0,3,1,1,1,2,1,2,2,2,1,2,1,1,60-64,65-74,No,1,1,1,1,2,1,1,1,1,2,2,1,1,1,1,2,1,1,1,1,1,1
2024,99999,NC,37053.0,3705300100.0,FHA:First Lien,Single Family (1-4 Units):Site-Built,Not Hispanic or Latino,Asian,Male,Loan originated,1,300000.0,75.0,7.5,2.0,1,12000.0,2800.0,1200.0,1.5,6000.0,360,0,0,2,1,0,0,1,150000.0,Site-Built,Principal Residence,0,1,1,13.0,100000.0,3,1,1,1,2,1,1,1,2,2,1,2,1,65-74,60-64,Yes,1,1,1,1,2,1,1,2,1,1,2,1,1,1,1,1,1,1,1,1,1,1
2024,99999,FL,12086.0,1208600100.0,Conventional:Subordinate Lien,Single Family (1-4 Units):Site-Built,Hispanic or Latino,White,Male,"Application denied by financial institution",2,145000.0,85.0,9.0,3.0,0,,,0.0,,,,,,0,2,1,2,,,1,2,70000.0,Site-Built,Investment Property,0,1,1,9.0,10000.0,3,2,2,2,1,1,2,2,3,2,1,1,2,60-64,60-64,No,1,2,1,1,1,1,2,2,2,1,1,2,1,1,1,1,1,3,1,1
2024,99999,CA,06037.0,0603700100.0,FHA:First Lien,Single Family (1-4 Units):Site-Built,Hispanic or Latino,Hispanic or Latino,Gender Non-Conforming,Loan originated,1,600000.0,70.0,6.25,1.25,1,20000.0,4500.0,3000.0,2.0,10000.0,300,,,0,2,0,0,1,250000.0,Site-Built,Principal Residence,0,1,1,14.0,125000.0,3,0,0,0,2,0,0,2,3,1,1,0,0,60-64,65-74,Yes,2,1,3,2,3,2,1,1,1,2,2,1,1,1,2,1,1
2024,99999,GA,13205.0,1320500100.0,VA:First Lien,Multi-Family:Site-Built,Hispanic or Latino,White,Female,Loan originated,1,400000.0,80.0,7.0,2.0,1,14000.0,2800.0,1200.0,1.5,5000.0,360,0,0,2,0,0,0,1,140000.0,Site-Built,Principal Residence,0,1,1,18.0,100000.0,1,2,1,2,2,2,2,1,2,2,2,2,2,65-74,75+,Yes,1,2,1,1,,3,1,1,2,1,1,2,2,1,1,2,1,1,1,2,1,1
2024,99999,NJ,34013.0,3401300100.0,FHA:First Lien,Single Family (1-4 Units):Site-Built,Not Hispanic or Latino,Asian,Female,Loan originated,1,300000.0,75.0,6.4,1.4,1,15000.0,3200.0,1500.0,1.0,6300.0,300,0,0,2,1,0,0,1,75000.0,Site-Built,Principal Residence,0,1,1,17.0,90000.0,3,1,1,1,2,1,1,1,2,2,1,2,1,75-84,65-74,Yes,1,1,1,2,1,2,1,1,1,1,2,2,1,1,1,1,1,1,1,1,1,1
2024,99999,WI,55079.0,5507900100.0,Conventional:Subordinate Lien,Single Family (1-4 Units):Site-Built,Not Hispanic or Latino,White,Male,Loan originated,1,270000.0,80.0,6.9,1.7,1,17000.0,3600.0,1800.0,1.5,9000.0,300,,,0,1,0,0,1,150000.0,Site-Built,Principal Residence,0,1,1,25.0,87000.0,3,2,2,2,2,1,2,2,2,2,1,2,1,60-64,60-64,Yes,1,2,1,1,1,1,2,1,2,1,1,2,1,2,1,2,1,1,1,1,1,1
2024,99999,FL,12086.0,1208600100.0,Conventional:Subordinate Lien,Single Family (1-4 Units):Site-Built,Not Hispanic or Latino,White,Female,"Application denied by financial institution",2,145000.0,85.0,9.0,3.0,0,,,0.0,,,,,,0,2,1,2,,,1,2,70000.0,Site-Built,Investment Property,0,1,1,9.0,10000.0,3,2,2,2,1,1,2,2,3,2,1,1,2,60-64,60-64,No,1,2,1,1,1,1,2,2,2,1,1,2,1,1,1,1,1,3,1,1
2024,99999,CA,06037.0,0603700100.0,FHA:First Lien,Single Family (1-4 Units):Site-Built,Hispanic or Latino,Hispanic or Latino,Gender Non-Conforming,Loan originated,1,600000.0,70.0,6.25,1.25,1,20000.0,4500.0,3000.0,2.0,10000.0,300,,,0,2,0,0,1,250000.0,Site-Built,Principal Residence,0,1,1,14.0,125000.0,3,0,0,0,2,0,0,2,3,1,1,0,0,60-64,65-74,Yes,2,1,3,2,3,2,1,1,1,2,2,1,1,1,2,1,1
2024,99999,GA,13205.0,1320500100.0,VA:First Lien,Multi-Family:Site-Built,Hispanic or Latino,White,Female,Loan originated,1,400000.0,80.0,7.0,2.0,1,14000.0,2800.0,1200.0,1.5,5000.0,360,0,0,2,0,0,0,1,140000.0,Site-Built,Principal Residence,0,1,1,18.0,100000.0,1,2,1,2,2,2,2,1,2,2,2,2,2,65-74,75+,Yes,1,2,1,1,,3,1,1,2,1,1,2,2,1,1,2,1,1,1,2,1,1
2024,99999,NJ,34013.0,3401300100.0,FHA:First Lien,Single Family (1-4 Units):Site-Built,Not Hispanic or Latino,Asian,Female,Loan originated,1,300000.0,75.0,6.4,1.4,1,15000.0,3200.0,1500.0,1.0,6300.0,300,0,0,2,1,0,0,1,75000.0,Site-Built,Principal Residence,0,1,1,17.0,90000.0,3,1,1,1,2,1,1,1,2,2,1,2,1,75-84,65-74,Yes,1,1,1,2,1,2,1,1,1,1,2,2,1,1,1,1,1,1,1,1,1,1
2024,99999,WA,53055.0,5305500100.0,Conventional:First Lien,Single Family (1-4 Units):Site-Built,Not Hispanic or Latino,White,Male,Loan originated,1,360000.0,80.0,6.5,1.0,1,10000.0,2000.0,1000.0,1.0,8000.0,300,0,0,2,0,0,0,1,100000.0,Site-Built,Principal Residence,0,1,1,12.0,110000.0,3,1,1,1,2,1,2,2,2,1,2,1,1,60-64,75+,No,1,1,1,1,2,1,1,1,1,2,2,1,1,1,1,2,1,1,1,1,1,1
2024,99999,TX,48201.0,4820100700.0,VA:First Lien,Single Family (1-4 Units):Site-Built,Not Hispanic or Latino,White,Male,Loan originated,1,210000.0,75.0,6.5,1.25,1,14000.0,2900.0,1600.0,1.0,10000.0,300,0,0,2,0,0,0,1,130000.0,Site-Built,Principal Residence,0,1,1,10.0,85000.0,3,1,1,2,1,2,1,2,3,1,1,2,1,60-64,65-74,No,1,2,1,2,3,1,1,2,1,1,2,1,1,3,1,1
2024,99999,MA,25017.0,2501700100.0,Conventional:Subordinate Lien,Single Family (1-4 Units):Site-Built,Not Hispanic or Latino,White,Female,"Application denied by financial institution",2,145000.0,85.0,9.0,3.0,0,,,0.0,,,,,,0,2,1,2,,,1,2,70000.0,Site-Built,Investment Property,0,1,1,9.0,10000.0,3,2,2,2,1,1,2,2,3,2,1,1,2,60-64,60-64,No,1,2,1,1,1,1,2,2,2,1,1,2,1,1,1,1,1,3,1,1
2024,99999,MI,26001.0,2600100100.0,FHA:First Lien,Single Family (1-4 Units):Site-Built,Hispanic or Latino,White,Male,Loan originated,1,300000.0,75.0,7.25,2.25,1,16000.0,3300.0,1800.0,1.5,5500.0,300,0,0,2,0,0,0,1,180000.0,Site-Built,Principal Residence,0,1,1,15.0,95000.0,3,1,1,1,1,1,1,1,1,1,1,1,1,60-64,60-64,Yes,1,1,3,1,3,1,1,2,1,1,1,1,2,1,1,1,1,1,1,1,1,1
2024,99999,SC,45075.0,4507500100.0,Conventional:First Lien,Single Family (1-4 Units):Site-Built,Not Hispanic or Latino,White,Male,Loan originated,1,320000.0,75.0,7.0,1.25,1,10000.0,2000.0,1000.0,1.0,7000.0,300,0,0,2,1,0,0,1,150000.0,Site-Built,Principal Residence,0,1,1,14.0,80000.0,3,1,1,1,1,1,1,1,1,1,1,1,1,75+,65-74,Yes,1,1,1,1,2,1,1,1,1,2,2,1,1,1,1,2,1,1,1,1,1,1
2024,99999,WV,54017.0,5401700100.0,FHA:First Lien,Single Family (1-4 Units):Site-Built,Hispanic or Latino,Black,Male,Loan originated,1,250000.0,85.0,7.5,2.0,1,11000.0,2200.0,1000.0,1.5,10000.0,360,0,0,2,1,0,0,1,180000.0,Site-Built,Principal Residence,0,1,1,12.0,90000.0,3,1,1,2,2,1,1,2,3,1,1,2,2,65-74,65-74,No,1,1,2,1,3,2,1,2,1,1,2,1,1,1,1,1,1,1,1,1,1,1
2024,99999,OH,39001.0,3900100100.0,FHA:First Lien,Single Family (1-4 Units):Site-Built,Not Hispanic or Latino,White,Male,Loan originated,1,800000.0,85.0,6.75,1.25,1,12000.0,2000.0,1000.0,0.0,10000.0,360,,,0,1,0,0,1,90000.0,Site-Built,Principal Residence,0,1,1,11.0,75000.0,3,1,1,2,2,2,2,2,2,2,1,2,2,75+,75+,No,1,1,1,1,2,1,1,1,1,1,1,3,1,1,1,2,1,1,1,1,1,1
2024,99999,PA,42003.0,4200300100.0,VA:First Lien,Single Family (1-4 Units):Site-Built,Not Hispanic or Latino,White,Female,Loan originated,1,400000.0,80.0,7.25,2.25,1,12000.0,3000.0,1500.0,1.5,9000.0,360,0,0,2,1,0,0,1,100000.0,Site-Built,Principal Residence,0,1,1,13.0,150000.0,3,1,1,1,2,1,1,2,2,2,1,2,1,65-74,65-74,Yes,1,1,1,1,3,1,1,2,1,1,2,1,1,2,1,1,1,2,1,1,1,1
2024,99999,CO,08021.0,0802100100.0,Conventional:First Lien,Single Family (1-4 Units):Site-Built,Not Hispanic or Latino,Black,Male,Loan originated,1,300000.0,70.0,6.5,1.0,1,10000.0,2200.0,1000.0,0.5,4000.0,300,0,0,2,1,0,0,1,80000.0,Site-Built,Principal Residence,0,1,1,14.0,120000.0,3,2,2,2,2,2,2,1,2,2,1,1,2,60-64,75+,No,1,
2024,99999,CT,9150.0,9150708100.0,Conventional:Subordinate Lien,Single Family (1-4 Units):Site-Built,Not Hispanic or Latino,White,Male,File closed for incompleteness,32,25000.0,,,,3,,,,,,240,,,2,2,2,2,,1,1,3,5,1,,96.0,,1111,1111,2.0,5.0,2,4,5.0,8.0,2,4,1,5,2,4,65-74,9999,Yes,,1,1
2024,99999,FL,1201.0,1201092300.0,Conventional:First Lien,Single Family (1-4 Units):Site-Built,Hispanic or Latino,Black or African American,Female,Loan originated,1,150000.0,80.0,4.75,1.25,1,1250.0,300.0,200.0,2.0,750.0,60,0,60,0,0,1,2,3,9,1,0,86.0,,2222,2222,11.0,11.0,2,10,15.0,10.0,1,1,1,2,2,2,45-54,35-44,No,,1,0
2024,99999,NY,36061.0,3606104000.0,FHA:First Lien,Single Family (1-4 Units):Site-Built,Not Hispanic or Latino,Asian,Female,Application denied by financial institution,3,135000.0,90.0,5.25,1.75,0,300.0,50.0,0.0,2.0,50.0,360,0,0,0,0,0,2,3,2,3,0,0,75.0,,3333,3333,15.0,10.0,5,12,7.0,6.0,3,3,3,3,5,5,55-64,65-74,Yes,,0,0
2024,99999,TX,48201.0,4820105000.0,VA:First Lien,Single Family (1-4 Units):Site-Built,Not Hispanic or Latino,White,Male,Loan originated,1,320000.0,75.0,4.0,0.75,0,6000.0,1200.0,300.0,3.0,1200.0,360,0,0,0,0,0,1,1,5,9,1,0,52.0,,4444,4444,12.0,7.0,3,9,6.0,0.0,2,4,1,5,1,1,35-44,55-64,Yes,,1,1
2024,99999,CA,06075.0,0607503000.0,Conventional:First Lien,Single Family (1-4 Units):Site-Built,Not Hispanic or Latino,Hispanic or Latino,Male,Preapproval request denied,4,240000.0,85.0,3.75,1.5,1,4000.0,800.0,600.0,2.0,400.0,240,0,0,0,0,0,2,3,1,6,0,0,56.0,,5555,5555,25.0,12.0,6,8,3.0,3.0,5,6,2,6,1,6,45-54,65-74,No,,1,0
2024,99999,WA,53033.0,5303302000.0,FHA:First Lien,Single Family (1-4 Units):Site-Built,Not Hispanic or Latino,White,Female,Denied due to credit history,5,280000.0,95.0,7.0,2.0,0,1500.0,200.0,0.0,1.0,0.0,360,0,0,0,0,1,2,1,3,7,1,0,68.0,,6666,6666,5.0,5.0,2,5,1.0,2.0,4,3,2,1,4,1,55-64,65-74,Yes,,0,1
2024,99999,MA,25025.0,2502501000.0,VA:First Lien,Single Family (1-4 Units):Site-Built,Not Hispanic or Latino,Black or African American,Male,File closed for incompleteness,12,120000.0,70.0,7.5,2.5,1,3500.0,700.0,100.0,1.0,300.0,300,0,30,0,0,1,1,1,2,8,0,1,54.0,,7777,7777,8.0,8.0,1,7,9.0,0.0,3,4,3,3,3,2,75+,,No,,1,1
2024,99999,GA,13247.0,1324707100.0,Conventional:First Lien,Single Family (1-4 Units):Site-Built,Not Hispanic or Latino,White,Female,Application withdrawn by applicant,2,350000.0,60.0,3.25,0.5,0,2000.0,400.0,0.0,1.0,0.0,360,0,0,0,0,0,1,2,3,5,0,1,42.0,,8888,8888,17.0,15.0,1,4,1.0,5.0,1,2,2,1,6,6,35-44,55-64,No,,1,0
2024,99999,IL,17031.0,1703102000.0,Conventional:First Lien,Single Family (1-4 Units):Site-Built,Hispanic or Latino,Hispanic or Latino,Male,Denied due to credit history,3,180000.0,80.0,6.5,3.0,0,3500.0,700.0,200.0,2.0,600.0,300,0,30,0,0,0,2,3,2,2,1,0,50.0,,9999,9999,5.0,2.0,3,3,2.0,8.0,4,4,1,4,3,3,25-34,55-64,No,,0,0
2024,99999,MI,26163.0,2616303000.0,Other:First Lien,Single Family (1-4 Units):Site-Built,Not Hispanic or Latino,White,Male,Loan purchased,1,200000.0,50.0,7.75,3.0,1,1000.0,300.0,50.0,2.5,0.0,360,0,0,0,0,0,0,1,2,2,1,0,41.0,,1111,1111,10.0,7.0,4,5,0.0,4.0,1,3,2,3,6,5,65-74,65+,,Yes,,1,1
2024,99999,OH,39051.0,3905104000.0,Conventional:First Lien,Single Family (1-4 Units):Site-Built,Hispanic or Latino,Hispanic or Latino,Female,Loan originated,1,320000.0,85.0,4.9,1.25,0,4500.0,900.0,1000.0,3.0,1500.0,360,0,0,0,0,0,1,1,2,8,1,0,52.0,,2222,2222,4.0,2.0,2,8,9.0,9.0,1,2,4,5,4,5,65-74,55-64,No,,0,1
2024,99999,NC,37067.0,3706701000.0,FHA:Second Lien,Multi-Family (5+ Units):Site-Built,Not Hispanic or Latino,Black or African American,Male,Denied due to credit history,1,40000.0,90.0,8.8,3.75,0,300.0,100.0,0.0,2.0,100.0,200,0,0,0,0,0,3,2,3,6,1,1,26.0,,3333,3333,5.0,4.0,1,10,0.0,0.0,1,4,1,4,6,4,35-44,45-54,Yes,,0,1
2024,99999,CO,08025.0,0802501000.0,Other:First Lien,Multi-Family (5+ Units):Manufactured,Not Hispanic or Latino,Asian,Male,Applied for,1,330000.0,95.0,4.25,1.75,1,1500.0,300.0,50.0,3.0,0.0,360,0,0,0,0,0,2,1,2,9,0,1,32.0,,4444,4444,2.0,2.0,3,3,5.0,3.0,4,4,3,5,3,3,45-54,75+,,Yes,,1,0
2024,99999,VA,51001.0,5100102000.0,Conventional:First Lien,Single Family (1-4 Units):Site-Built,Not Hispanic or Latino,White,Female,Loan originated,1,250000.0,85.0,4.0,0.75,0,900.0,180.0,0.0,1.0,0.0,360,0,0,0,0,0,1,1,1,5,1,1,45.0,,5555,5555,18.0,20.0,3,11,6.0,4.0,2,1,6,6,5,5,55-64,65-74,No,,0,1
2024,99999,PA,42091.0,4209105000.0,VA:First Lien,Single Family (1-4 Units):Site-Built,Hispanic or Latino,Hispanic or Latino,Male,Application denied by financial institution,3,240000.0,60.0,6.25,2.5,0,2800.0,560.0,400.0,1.0,600.0,360,0,0,0,0,1,1,1,3,7,0,1,20.0,,6666,6666,1.0,1.0,3,9,10.0,15.0,4,2,2,7,7,5,35-44,65-74,No,,1,1
2024,99999,SC,45083.0,4508303000.0,Conventional:First Lien,Single Family (1-4 Units):Site-Built,Not Hispanic or Latino,Black or African American,Male,Denied due to credit history,1,175000.0,80.0,5.5,2.5,1,2200.0,400.0,0.0,2.0,400.0,360,0,0,0,0,0,2,1,1,3,0,1,33.0,,7777,7777,2.0,5.0,2,8,5.0,10.0,2,4,3,1,4,2,45-54,65+,,No,,1,0
2024,99999,IN,18127.0,1812701000.0,VA:First Lien,Single Family (1-4 Units):Site-Built,Hispanic or Latino,Hispanic or Latino,Female,Application withdrawn by applicant,11,120000.0,90.0,7.25,3.0,1,500.0,100.0,0.0,3.0,100.0,360,0,0,0,0,0,0,2,1,4,1,0,55.0,,8888,8888,11.0,4.0,7,7,0.0,0.0,2,2,1,5,3,1,55-64,55-64,No,,0,0
2024,99999,AL,01015.0,0101502000.0,FHA:First Lien,Single Family (1-4 Units):Site-Built,Not Hispanic or Latino,White,Male,Loan originated,1,280000.0,75.0,5.75,1.5,1,10000.0,900.0,300.0,2.5,500.0,360,0,0,0,0,0,1,1,3,5,0,1,55.0,,9999,9999,12.0,5.0,2,9,1.0,0.0,1,2,5,7,6,1,65-74,75+,,No,,1,0
2024,99999,NE,31069.0,3106902000.0,Conventional:First Lien,Single Family (1-4 Units):Site-Built,Hispanic or Latino,White,Female,Applied for,1,350000.0,70.0,6.5,2.25,0,1200.0,360.0,200.0,1.0,0.0,360,0,0,0,0,1,1,1,3,3,1,1,31.0,,1111,1111,2.0,1.0,2,1,3.0,4.0,2,4,1,2,4,5,65-74,65-74,No,,1,1
2024,99999,ID,16001.0,1600101000.0,Conventional:First Lien,Single Family (1-4 Units):Site-Built,Not Hispanic or Latino,White,Male,File closed for incompleteness,2,150000.0,90.0,3.5,1.0,1,600.0,120.0,25.0,3.0,0.0,360,0,0,0,0,0,2,1,2,7,0,1,26.0,,2222,2222,8.0,4.0,1,6,0.0,5.0,3,2,2,6,1,2,75+,,No,,0,1
2024,99999,KS,20013.0,2001302000.0,FHA:First Lien,Single Family (1-4 Units):Site-Built,Not Hispanic or Latino,Hispanic or Latino,Male,Denied due to credit history,1,175000.0,80.0,6.75,2.0,0,2400.0,480.0,200.0,1.0,800.0,360,0,0,0,0,0,2,3,8,4,0,0,42.0,,3333,3333,1.0,0.0,8,3,5.0,0.0,4,1,2,2,3,7,45-54,55-64,No,,0,0
2024,99999,MN,27037.0,2703702000.0,Conventional:Second Lien,Single Family (1-4 Units):Site-Built,Not Hispanic or Latino,White,Female,Loan originated,1,120000.0,85.0,4.25,1.5,1,750.0,150.0,75.0,2.0,0.0,360,0,0,0,0,0,1,0,3,2,1,1,29.0,,4444,4444,3.0,2.0,2,5,4.0,6.0,3,2,6,2,5,4,35-44,65-74,No,,0,1
2024,99999,VT,50017.0,5001701000.0,Conventional:Subordinate Lien,Single Family (1-4 Units):Site-Built,Hispanic or Latino,Hispanic or Latino,Male,Application denied by financial institution,3,130000.0,80.0,3.75,0.5,1,1000.0,200.0,100.0,1.0,200.0,360,0,0,0,0,0,3,1,2,1,0,1,46.0,,5555,5555,6.0,4.0,3,6,3.0,2.0,2,2,5,3,1,4,65-74,55-64,No,,0,0
2024,99999,NJ,34029.0,3402902000.0,Conventional:First Lien,Single Family (1-4 Units):Site-Built,Not Hispanic or Latino,Hispanic or Latino,Male,Denied due to credit history,1,375000.0,70.0,4.0,1.25,0,1400.0,280.0,200.0,3.0,0.0,240,0,0,0,0,0,2,1,3,6,1,1,39.0,,6666,6666,3.0,1.0,1,7,5.0,15.0,2,3,1,5,6,4,45-54,65-74,No,,0,1
2024,99999,NH,33015.0,3301502000.0,Conventional:First Lien,Single Family (1-4 Units):Site-Built,Hispanic or Latino,Hispanic or Latino,Female,Denied due to credit history,5,75000.0,90.0,5.5,1.0,0,1200.0,240.0,30.0,1.0,0.0,300,0,0,0,0,0,0,1,1,6,0,0,36.0,,7777,7777,9.0,5.0,4,3,1.0,10.0,1,2,1,7,7,8,55-64,55-64,No,,0,0
2024,99999,OR,41053.0,4105304000.0,FHA:First Lien,Single Family (1-4 Units):Site-Built,Not Hispanic or Latino,White,Female,Application withdrawn by applicant,14,225000.0,82.0,4.5,1.5,1,2000.0,400.0,0.0,2.0,0.0,360,0,0,0,0,1,0,1,2,2,1,0,30.0,,8888,8888,4.0,10.0,2,8,10.0,5.0,4,5,2,3,2,1,55-64,45-54,Yes,,0,1
2024,99999,WI,55009.0,5500901000.0,VA:First Lien,Single Family (1-4 Units):Site-Built,Not Hispanic or Latino,Black or African American,Female,Applied for,1,130000.0,75.0,3.75,1.0,1,3500.0,700.0,100.0,1.0,0.0,300,0,0,0,0,0,2,1,2,1,0,1,23.0,,9999,9999,7.0,5.0,5,5,1.0,1.0,4,6,3,2,7,1,75+,,No,,1,0
2024,99999,NM,35026.0,3502603000.0,Conventional:First Lien,Single Family (1-4 Units):Site-Built,Not Hispanic or Latino,White,Male,Denied due to credit history,1,200000.0,90.0,5.25,1.5,1,2500.0,500.0,150.0,2.0,0.0,300,0,0,0,0,0,1,1,1,1,1,0,19.0,,1111,1111,3.0,5.0,3,9,0.0,3.0,3,4,1,1,3,3,55-64,65-74,Yes,,1,1
2024,99999,MO,29175.0,2917501000.0,Other:First Lien,Single Family (1-4 Units):Site-Built,Hispanic or Latino,Hispanic or Latino,Male,Preapproval request denied,12,110000.0,70.0,4.5,1.0,0,1200.0,240.0,300.0,1.0,300.0,300,0,0,0,0,0,0,1,1,3,0,1,60.0,,6666,6666,2.0,5.0,1,8,4.0,10.0,1,1,2,3,6,4,35-44,45-54,No,,0,0
2024,99999,AR,05055.0,0505502000.0,VA:First Lien,Single Family (1-4 Units):Site-Built,Not Hispanic or Latino,Asian,Female,File closed for incompleteness,15,350000.0,60.0,7.25,2.5,0,4500.0,900.0,500.0,2.0,750.0,360,0,0,0,0,1,1,2,1,4,0,0,46.0,,7777,7777,7.0,4.0,4,7,10.0,2.0,2,5,4,7,1,8,35-44,65-74,No,,1,1
2024,99999,MT,30005.0,3000502000.0,FHA:First Lien,Single Family (1-4 Units):Site-Built,Not Hispanic or Latino,White,Male,Loan originated,1,275000.0,85.0,5.25,1.25,0,1800.0,360.0,300.0,2.0,0.0,360,0,0,0,0,0,1,1,3,3,0,1,58.0,,8888,8888,3.0,5.0,1,4,3.0,1.0,2,3,2,8,8,3,45-54,45-54,No,,0,1
2024,99999,KY,21057.0,2105701000.0,Conventional:First Lien,Single Family (1-4 Units):Site-Built,Hispanic or Latino,Hispanic or Latino,Female,Loan originated,1,375000.0,70.0,4.75,1.0,0,1200.0,240.0,0.0,1.0,0.0,360,0,0,0,0,0,0,1,2,5,1,1,54.0,,9999,9999,3.0,4.0,2,4,4.0,10.0,4,1,1,3,2,5,45-54,65-74,No,,0,1
2024,99999,WY,56027.0,5602701000.0,VA:First Lien,Single Family (1-4 Units):Site-Built,Not Hispanic or Latino,White,Male,Applied for,16,210000.0,75.0,6.5,2.0,0,1500.0,300.0,0.0,4.0,0.0,300,0,0,0,0,0,1,3,1,5,1,1,70.0,,1111,1111,6.0,5.0,1,9,2.0,0.0,1,2,3,4,5,3,55-64,45-54,No,,1,1
2024,99999,MD,24031.0,2403102000.0,Conventional:First Lien,Single Family (1-4 Units):Site-Built,Not Hispanic or Latino,Hispanic or Latino,Male,Denied due to credit history,10,175000.0,85.0,7.0,2.25,0,2800.0,560.0,300.0,2.0,600.0,360,0,0,0,0,1,0,1,2,4,1,1,31.0,,2222,2222,6.0,3.0,5,5,0.0,0.0,1,4,2,1,4,2,45-54,55-64,No,,0,1
2024,99999,RI,44005.0,4400501000.0,VA:First Lien,Single Family (1-4 Units):Site-Built,Hispanic or Latino,White,Female,File closed for incompleteness,2,225000.0,65.0,4.75,1.0,1,1000.0,200.0,25.0,1.0,0.0,300,0,0,0,0,0,1,1,2,2,0,0,21.0,,3333,3333,2.0,5.0,1,8,8.0,2.0,4,5,4,6,4,1,55-64,55-64,No,,1,0
2024,99999,UT,49001.0,4900102000.0,Conventional:First Lien,Single Family (1-4 Units):Site-Built,Not Hispanic or Latino,White,Male,Loan purchased,1,200000.0,85.0,5.0,1.0,0,3000.0,600.0,0.0,1.0,600.0,360,0,0,0,0,0,1,4,1,2,0,1,21.0,,4444,4444,1.0,4.0,3,6,0.0,0.0,5,3,2,6,1,1,55-64,75+,,Yes,,1,1
2024,99999,KS,20077.0,2007701000.0,Other:First Lien,Single Family (1-4 Units):Site-Built,Hispanic or Latino,White,Male,Loan originated,1,350000.0,75.0,3.25,1.0,1,350.0,70.0,40.0,2.0,40.0,360,0,0,0,0,0,1,1,3,3,1,1,51.0,,5555,5555,6.0,6.0,2,3,3.0,1.0,1,2,4,4,1,7,25-34,65-74,No,,1,0
2024,99999,SD,46045.0,4604503000.0,FHA:First Lien,Single Family (1-4 Units):Site-Built,Not Hispanic or Latino,White,Female,Denied due to credit history,1,125000.0,95.0,8.0,3.0,0,1000.0,200.0,25.0,1.0,0.0,360,0,0,0,0,0,1,0,2,5,0,1,30.0,,6666,6666,5.0,6.0,1,5,0.0,0.0,3,4,1,3,2,7,35-44,55-64,No,,0,1
2024,99999,HI,15001.0,1500102000.0,Conventional:First Lien,Single Family (1-4 Units):Site-Built,Hispanic or Latino,Hispanic or Latino,Male,Applied for,2,250000.0,85.0,5.0,0.65,0,2200.0,440.0,500.0,1.0,500.0,240,0,0,0,0,0,0,1,1,1,0,0,29.0,,7777,7777,2.0,3.0,4,8,6.0,0.0,1,4,2,5,
2024,99999,CT,9150.0,9150708100.0,Conventional:Subordinate Lien,Single Family (1-4 Units):Site-Built,Not Hispanic or Latino,White,Male,File closed for incompleteness,32,25000.0,,,,3,,,,,,240,,,2,2,2,2,,1,1,3,5,1,,96.0,,1111,1111,2.0,5.0,2,4,5.0,8.0,2,4,1,5,2,4,65-74,9999,Yes,,1,1
2024,99999,CT,9150.0,9150708100.0,FHA,Single Family (1-4 Units):Site-Built,Hispanic or Latino,Black,Male,Loan Originated,1,100000.0,75.0,4.5,0.5,1,5000.0,500.0,200.0,1.0,2000.0,360,,1,,0,1,1,3,1,2,60.0,1,1111,1111,1.0,3.0,1,3,3.0,4.0,1,2,2,3,1,3,45-54,65-74,No,,2,2
2024,99999,CT,9150.0,9150708100.0,Conventional:First Lien,Single Family (1-4 Units):Site-Built,Not Hispanic or Latino,White,Female,Loan Approved but not Accepted,2,190000.0,80.0,4.0,0.2,1,4000.0,400.0,150.0,0.0,1500.0,360,,1,,1,1,1,1,1,1,65.0,,1111,1111,1.0,4.0,1,4,2.0,5.0,1,3,1,4,1,4,65-74,55-64,Yes,,3,3
2024,99999,CT,9150.0,9150708100.0,VA,Single Family (1-4 Units):Site-Built,Not Hispanic or Latino,White,Female,Loan Originated,1,210000.0,85.0,3.5,0.0,1,3500.0,350.0,100.0,0.0,1000.0,360,,1,,1,1,2,1,1,1,45.0,,1111,1111,2.0,3.0,1,2,4.0,5.0,1,5,1,3,1,3,40-49,60-69,No,,4,4
2024,99999,CT,9150.0,9150708100.0,FHA,Single Family (1-4 Units):Site-Built,Hispanic or Latino,Hispanic,LGBTQ,Denial,3,85000.0,90.0,5.0,0.6,1,3000.0,300.0,180.0,0.0,1200.0,360,,2,,0,1,1,1,1,2,70.0,1,1111,1111,2.0,3.0,1,3,3.0,4.0,1,4,2,3,1,4,70-79,50-59,Yes,,3,3
2024,99999,CT,9150.0,9150708100.0,Conventional:First Lien,Single Family (1-4 Units):Site-Built,Not Hispanic or Latino,Black,Female,Loan Originated,1,220000.0,83.0,4.2,0.3,1,2500.0,250.0,75.0,0.0,500.0,360,,1,,1,1,2,1,2,1,65.0,,1111,1111,2.0,3.0,1,3,3.0,4.0,1,2,2,2,1,2,,45-54,50-59,No,,2,2
2024,99999,CT,9150.0,9150708100.0,Conventional:First Lien,Single Family (1-4 Units):Site-Built,Not Hispanic or Latino,White,Male,Loan Originated,1,185000.0,80.0,4.1,0.4,1,4000.0,400.0,130.0,0.0,900.0,360,,1,,1,1,1,2,1,1,60.0,,1111,1111,1.0,2.0,1,4,2.0,3.0,1,2,1,3,2,1,35-44,60-69,No,,1,2
2024,99999,CT,9150.0,9150708100.0,FHA,Single Family (1-4 Units):Site-Built,Not Hispanic or Latino,White,Female,Denied by Financial Institution,2,80000.0,90.0,5.5,0.7,1,3500.0,350.0,190.0,0.0,1400.0,360,,2,,1,1,3,2,1,2,50.0,,1111,1111,2.0,3.0,1,3,4.0,5.0,1,3,1,4,2,2,25-34,35-44,Yes,,1,1
2024,99999,CT,9150.0,9150708100.0,VA,Single Family (1-4 Units):Site-Built,Not Hispanic or Latino,White,Female,Application Approved but Not Accepted,1,175000.0,80.0,3.8,0.0,1,3000.0,300.0,90.0,0.0,1100.0,360,,1,,1,1,1,1,1,1,55.0,,1111,1111,2.0,3.0,1,2,2.0,3.0,1,2,1,2,1,2,30-39,55-64,Yes,,2,2
2024,99999,CT,9150.0,9150708100.0,FHA,Single Family (1-4 Units):Site-Built,Hispanic or Latino,Hispanic,Male,Loan Originated,1,200000.0,85.0,4.3,0.5,1,3500.0,350.0,150.0,0.0,1000.0,360,,1,,0,1,2,1,1,1,65.0,,1111,1111,1.0,2.0,1,1,1.0,3.0,1,1,1,4,1,1,35-44,70-79,No,,2,2
2024,99999,CT,9150.0,9150708100.0,Conventional:First Lien,Single Family (1-4 Units):Site-Built,Not Hispanic or Latino,White,Male,Loan Originated,1,280000.0,90.0,4.2,0.6,1,3800.0,380.0,160.0,0.0,950.0,360,,1,,1,1,2,1,1,1,45.0,,1111,1111,2.0,3.0,1,3,3.0,4.0,1,3,1,2,1,3,25-34,50-59,No,,1,1
2024,99999,CT,9150.0,9150708100.0,Conventional:First Lien,Single Family (1-4 Units):Site-Built,Not Hispanic or Latino,White,Female,Approved but Not Accepted,2,90000.0,80.0,4.0,0.3,1,3000.0,300.0,100.0,0.0,800.0,360,,1,,1,1,1,2,2,1,62.0,,1111,1111,2.0,3.0,1,4,2.0,3.0,1,3,1,3,1,2,55-64,35-44,Yes,,1,2
2024,99999,CT,9150.0,9150708100.0,FHA,Single Family (1-4 Units):Site-Built,Not Hispanic or Latino,White,Male,Denied by Financial Institution,3,120000.0,95.0,5.5,0.8,1,4000.0,400.0,220.0,1.0,1300.0,360,,1,,1,1,1,1,1,1,70.0,,1111,1111,1.0,3.0,1,2,3.0,5.0,1,4,1,3,1,3,30-39,55-64,Yes,,2,2
2024,99999,CT,9150.0,9150708100.0,Conventional:First Lien,Single Family (1-4 Units):Site-Built,Not Hispanic or Latino,White,Male,File closed for incompleteness,2,180000.0,75.0,4.5,0.4,1,5000.0,500.0,200.0,0.0,1200.0,360,,2,,1,1,1,1,2,1,65.0,,1111,1111,2.0,3.0,1,3,4.0,5.0,1,2,1,4,1,3,65-74,30-39,No,,1,2
2024,99999,CT,9150.0,9150708100.0,VA,Single Family (1-4 Units):Site-Built,Not Hispanic or Latino,White,Female,Loan Originated,1,220000.0,88.0,3.6,0.3,1,3200.0,320.0,180.0,0.0,1200.0,360,,1,,1,1,1,1,1,1,52.0,,1111,1111,2.0,4.0,1,3,3.0,5.0,1,4,1,2,1,4,45-54,45-54,No,,2,1
2024,99999,CT,9150.0,9150708100.0,FHA,Single Family (1-4 Units):Site-Built,Not Hispanic or Latino,White,Male,Denied by Financial Institution,3,130000.0,90.0,5.2,0.7,1,3500.0,350.0,150.0,0.0,1000.0,360,,2,,0,1,1,1,2,1,48.0,,1111,1111,2.0,3.0,1,3,3.0,4.0,1,2,2,2,1,3,35-44,65-74,Yes,,1,2
2024,99999,CT,9150.0,9150708100.0,Conventional:First Lien,Single Family (1-4 Units):Site-Built,Hispanic or Latino,Hispanic,LGBTQ,Loan Originated,1,100000.0,78.0,4.3,0.5,1,3500.0,350.0,150.0,0.0,1000.0,360,,1,,1,1,1,2,2,2,65.0,,1111,1111,1.0,3.0,1,3,2.0,3.0,1,2,2,3,2,2,55-64,70-79,No,,2,2
2024,99999,CT,9150.0,9150708100.0,VA,Single Family (1-4 Units):Site-Built,Not Hispanic or Latino,White,Female,Approved but Not Accepted,2,180000.0,85.0,3.9,0.4,1,4000.0,400.0,140.0,0.0,1200.0,360,,1,,0,1,1,1,1,1,65.0,,1111,1111,2.0,2.0,1,2,1.0,3.0,1,2,1,3,1,1,45-54,50-59,No,,1,1
2024,99999,CT,9150.0,9150708100.0,FHA,Single Family (1-4 Units):Site-Built,Not Hispanic or Latino,White,Male,Denied by Financial Institution,3,125000.0,88.0,5.0,0.5,1,3700.0,370.0,160.0,0.0,1100.0,360,,2,,1,1,2,1,1,1,65.0,,1111,1111,2.0,3.0,1,3,5.0,6.0,1,3,1,2,1,2,65-74,80+,Yes,,1,2
2024,99999,CT,9150.0,9150708100.0,Purchase,Single Family (1-4 Units):Site-Built,Hispanic or Latino,Hispanic,Male,Loan Originated,1,250000.0,90.0,4.6,0.3,1,4000.0,400.0,200.0,0.0,1200.0,360,,1,,0,1,2,1,1,1,50.0,,1111,1111,1.0,2.0,1,4,2.0,3.0,1,3,1,3,1,2,50-59,35-44,No,,1,2
2024,99999,CT,9150.0,9150708100.0,VA,Single Family (1-4 Units):Site-Built,Not Hispanic or Latino,White,Female,Application Withdrawn,2,90000.0,85.0,4.6,0.3,1,4000.0,400.0,180.0,0.0,1000.0,360,,0,,1,1,1,1,2,1,80.0,,1111,1111,2.0,3.0,1,3,4.0,5.0,1,4,2,3,2,3,70-79,45-54,No,,1,1
2024,99999,CT,9150.0,9150708100.0,Conventional:Subordinate Lien,Single Family (1-4 Units):Site-Built,Not Hispanic or Latino,White,Male,Loan Originated,1,45000.0,80.0,3.8,0.3,1,2800.0,280.0,120.0,0.0,500.0,120,,1,,0,1,1,2,1,1,65.0,,1111,1111,1.0,3.0,1,5,4.0,5.0,1,2,1,2,1,2,65-74,30-39,Yes,,1,1
2024,99999,CT,9150.0,9150708100.0,FHA,Single Family (1-4 Units):Site-Built,Not Hispanic or Latino,White,Female,Denial,3,100000.0,90.0,4.9,0.6,1,3800.0,380.0,170.0,0.0,1000.0,360,,1,,1,1,1,1,2,1,40.0,,1111,1111,1.0,3.0,1,2,4.0,5.0,1,2,2,2,2,1,35-44,45-54,No,,1,1
2024,99999,CT,9150.0,9150708100.0,Conventional:First Lien,Single Family (1-4 Units):Site-Built,Hispanic or Latino,Hispanic,Male,Loan Originated,1,220000.0,85.0,4.3,0.5,1,4000.0,400.0,150.0,0.0,1000.0,360,,1,,1,1,2,1,1,1,45.0,,1111,1111,1.0,4.0,1,3,2.0,4.0,1,3,1,3,2,1,45-54,35-44,No,,2,1
2024,99999,CT,9150.0,9150708100.0,VA,Single Family (1-4 Units):Site-Built,Not Hispanic or Latino,White,Female,Approved But Not Accepted,1,160000.0,90.0,4.0,0.3,1,3100.0,310.0,180.0,0.0,650.0,360,,0,,1,1,1,2,1,2,50.0,,1111,1111,1.0,3.0,1,4,4.0,5.0,1,2,1,3,1,3,45-54,70-79,No,,1,2
2024,99999,CT,9150.0,9150708100.0,Affordable Housing Loan,Single Family (1-4 Units):Site-Built,N/A,N/A,Male,Loan Originated,1,180000.0,75.0,4.0,0.3,1,3200.0,320.0,100.0,0.0,1000.0,360,,1,,0,1,1,1,1,1,65.0,,1111,1111,2.0,2.0,1,3,3.0,4.0,1,3,1,2,1,3,65-74,45-54,No,,1,1
2024,99999,CT,9150.0,9150708100.0,FHA,Single Family (1-4 Units):Site-Built,Not Hispanic or Latino,White,Male,Loan Originated,1,200000.0,85.0,4.3,0.4,1,3300.0,330.0,150.0,0.0,1000.0,360,,1,,1,1,1,2,2,1,70.0,,1111,1111,1.0,3.0,1,4,4.0,5.0,1,4,1,3,1,3,70-79,45-54,Yes,,2,2
2024,99999,CT,9150.0,9150708100.0,Conventional:First Lien,Single Family (1-4 Units):Site-Built,Not Hispanic or Latino,White,Female,File closed for incompleteness,2,250000.0,90.0,4.2,0.1,1,4800.0,480.0,200.0,0.0,1500.0,360,,2,,1,1,2,1,1,1,45.0,,1111,1111,1.0,2.0,1,3,5.0,6.0,1,3,1,3,1,3,55-64,70-79,No,,1,2
2024,99999,CT,9150.0,9150708100.0,FHA,Single Family (1-4 Units):Site-Built,Not Hispanic or Latino,White,Male,Denied by Financial Institution,3,120000.0,95.0,4.8,0.8,1,3700.0,370.0,180.0,0.0,1200.0,360,,1,,1,1,1,2,1,1,60.0,,1111,1111,2.0,3.0,1,3,3.0,4.0,1,4,1,2,2,1,55-64,50-59,Yes,,1,2
2024,99999,CT,9150.0,9150708100.0,Veterans Affairs,Single Family (1-4 Units):Site-Built,Not Hispanic or Latino,White,Female,Loan Originated,1,190000.0,80.0,3.5,0.2,1,3000.0,300.0,150.0,0.0,1000.0,360,,1,,1,1,1,1,1,1,55.0,,1111,1111,1.0,3.0,1,3,2.0,4.0,1,3,1,3,1,2,55-64,35-44,No,,1,2
2024,99999,CT,9150.0,9150708100.0,Purchase,Single Family (1-4 Units):Site-Built,Hispanic or Latino,Hispanic,Male,Denied by Financial Institution,3,300000.0,90.0,5.0,0.6,1,4200.0,420.0,200.0,0.0,1200.0,360,,2,,1,1,1,1,2,1,40.0,,1111,1111,1.0,3.0,1,4,2.0,4.0,1,3,1,2,2,2,40-49,50-59,Yes,,2,2
2024,99999,CT,9150.0,9150708100.0,FHA,Single Family (1-4 Units):Site-Built,Not Hispanic or Latino,White,Female,Application Approved but Not Accepted,2,100000.0,80.0,4.2,0.3,1,4000.0,400.0,100.0,0.0,1000.0,360,,1,,1,1,1,2,1,1,50.0,,1111,1111,2.0,2.0,1,1,3.0,4.0,1,2,1,3,1,3,35-44,70-79,Yes,,1,1
2024,99999,CT,9150.0,9150708100.0,Veterans Affairs,Single Family (1-4 Units):Site-Built,Hispanic or Latino,Hispanic,LGBTQ,Loan Originated,1,250000.0,85.0,3.7,0.3,1,3000.0,300.0,100.0,0.0,500.0,360,,1,,0,1,2,1,1,1,70.0,,1111,1111,2.0,3.0,1,3,3.0,4.0,1,2,2,2,1,3,70-79,45-54,No,,2,2
2024,99999,CT,9150.0,9150708100.0,FHA,Single Family (1-4 Units):Site-Built,Not Hispanic or Latino,White,Male,File Closed For Incompleteness,3,140000.0,90.0,4.8,0.8,1,3800.0,380.0,200.0,0.0,1100.0,360,,2,,0,1,1,1,1,1,55.0,,1111,1111,2.0,3.0,1,3,3.0,4.0,1,2,1,3,1,2,55-64,35-44,No,,1,2
2024,99999,CT,9150.0,9150708100.0,Conventional:First Lien,Single Family (1-4 Units):Site-Built,Not Hispanic or Latino,White,Female,Approved but Not Accepted,2,220000.0,90.0,4.2,0.5,1,4000.0,400.0,150.0,0.0,1100.0,360,,1,,1,1,1,1,2,1,65.0,,1111,1111,2.0,4.0,1,3,3.0,5.0,1,4,1,3,1,2,65-74,40-49,No,,1,3
2024,99999,CT,9150.0,9150708100.0,VA,Single Family (1-4 Units):Site-Built,Not Hispanic or Latino,White,Male,Loan Originated,1,190000.0,100.0,4.0,0.1,1,2500.0,250.0,80.0,0.0,600.0,360,,1,,1,1,1,1,1,1,65.0,,1111,1111,2.0,4.0,1,3,3.0,5.0,1,3,1,3,1,3,70-79,45-54,No,,1,1
2024,99999,CT,9150.0,9150708100.0,Conventional:First Lien,Single Family (1-4 Units):Site-Built,Not Hispanic or Latino,White,Female,Approved but Not Accepted,2,210000.0,85.0,4.3,0.6,1,3800.0,380.0,150.0,0.0,900.0,360,,1,,1,1,1,1,2,1,60.0,,1111,1111,2.0,3.0,1,3,2.0,4.0,1,2,1,4,1,3,60-69,40-49,No,,1,1
2024,99999,CT,9150.0,9150708100.0,Purchase,Single Family (1-4 Units):Site-Built,Hispanic or Latino,Hispanic,Male,File closed for incompleteness,2,180000.0,90.0,4.5,0.4,1,3200.0,320.0,160.0,0.0,600.0,360,,0,,0,1,2,1,2,1,45.0,,1111,1111,1.0,3.0,1,3,4.0,5.0,1,3,1,3,1,2,55-64,55-64,No,,1,2
2024,99999,CT,9150.0,9150708100.0,FHA,Single Family (1-4 Units):Site-Built,Not Hispanic or Latino,White,Female,Denied by Financial Institution,3,115000.0,85.0,5.0,0.4,1,3900.0,390.0,190.0,0.0,1100.0,360,,2,,1,1,2,1,1,1,75.0,,1111,1111,2.0,3.0,1,2,3.0,5.0,1,2,2,2,2,2,65-74,35-44,No,,1,1
2024,99999,CT,9150.0,9150708100.0,VA,Single Family (1-4 Units):Site-Built,Not Hispanic or Latino,White,Male,Loan Originated,1,190000.0,78.0,3.3,0.2,1,3800.0,380.0,120.0,0.0,800.0,360,,0,,1,1,1,1,1,1,40.0,,1111,1111,2.0,3.0,1,3,3.0,4.0,1,2,1,3,1,3,50-59,60-69,No,,2,2
2024,99999,CT,9150.0,9150708100.0,Conventional:Subordinate Lien,Single Family (1-4 Units):Site-Built,Not Hispanic or Latino,White,Female,Approved But Not Accepted,2,135000.0,75.0,4.0,0.2,1,3000.0,300.0,120.0,0.0,500.0,360,,1,,1,1,1,1,2,1,50.0,,1111,1111,1.0,2.0,1,3,4.0,5.0,1,2,1,2,1,2,50-59,35-44,No,,1,2
2024,9999
2024,99999,CA,0750.0,0750103010.0,Conventional:First Lien,Single Family (1-4 Units):Site-Built,Hispanic or Latino,White,Male,Loan originated,1,400000.0,85.0,6.25,2.0,1,14500.0,1200.0,1300.0,2.0,2500.0,30.0,0,0,0,0,0,,500000.0,Site-Built,Primary Residence,Unknown,Unknown,1.0,,,150000.0,2.0,1.0,1,2,5.0,9.0,4.0,7.0,1,1,2,1,70-79,1,5,3.0,1.0,1,1,2,1,2,2,35,32,No,No,Yes,,1,1,1  
2024,99999,FL,0010.0,0011010110.0,FHA:First Lien,Single Family (1-4 Units):Site-Built,Not Hispanic or Latino,Black,Male,Loan originated,1,250000.0,90.0,7.00,3.0,1,19250.0,1650.0,1800.0,4.0,2750.0,30.0,0,0,0,0,0,,300000.0,Site-Built,Primary Residence,Unknown,Unknown,1.0,,,75000.0,2.0,1.0,1,1,4.0,9.0,3.0,6.0,1,1,2,2,50-59,1,3,1.0,1.0,1,1,1,1,1,2,28,55,No,No,Yes,,1,2,2  
2024,99999,NY,0610.0,0610501010.0,VA:First Lien,Single Family (1-4 Units):Site-Built,Not Hispanic or Latino,American Indian or Alaska Native,Female,Loan originated,2,325000.0,75.0,5.50,2.5,1,15500.0,1150.0,1200.0,1.0,1800.0,15.0,0,0,0,0,0,,400000.0,Site-Built,Primary Residence,Unknown,Unknown,1.0,,,130000.0,1.0,1.0,1,3,6.0,10.0,5.0,8.0,1,1,1,2,65-74,1,5,3.0,1.0,2,1,2,1,2,1,60,30,No,No,Yes,,2,1,2  
2024,99999,TX,0010.0,0010904010.0,Conventional:First Lien,Single Family (1-4 Units):Site-Built,Not Hispanic or Latino,Asian,Male,Loan originated,1,525000.0,80.0,6.10,1.5,1,11500.0,900.0,1000.0,2.5,1600.0,30.0,0,0,0,0,0,,600000.0,Site-Built,Primary Residence,Unknown,Unknown,1.0,,,200000.0,1.0,1.0,1,2,5.0,7.0,4.0,6.0,1,1,1,2,40-49,1,4,3.0,1.0,1,1,1,1,2,2,47,45,No,No,Yes,,1,2,2  
2024,99999,IL,0310.0,0310201030.0,FHA:First Lien,Single Family (1-4 Units):Site-Built,Hispanic or Latino,White,Female,Loan originated,1,310000.0,78.0,7.25,2.5,1,17250.0,1450.0,1500.0,3.5,2300.0,30.0,0,0,0,0,0,,350000.0,Site-Built,Primary Residence,Unknown,Unknown,1.0,,,125000.0,1.0,1.0,1,4,5.0,9.0,2.0,7.0,1,1,2,1,50-59,1,2,2.0,1.0,1,1,1,1,2,1,58,36,No,No,Yes,,1,2,2  
2024,99999,GA,1210.0,1210301030.0,Conventional:Subordinate Lien,Single Family (1-4 Units):Site-Built,Not Hispanic or Latino,White,Female,Loan originated,2,175000.0,82.0,5.75,1.8,1,7450.0,650.0,750.0,1.0,1000.0,15.0,0,0,0,0,0,,200000.0,Site-Built,Primary Residence,Unknown,Unknown,1.0,,,55000.0,1.0,1.0,1,1,4.0,6.0,3.0,5.0,1,1,1,2,30-39,1,4,3.0,1.0,2,1,2,2,2,2,32,35,No,No,Yes,,2,1,2  
2024,99999,NC,0550.0,0550105020.0,VA:First Lien,Single Family (1-4 Units):Site-Built,Not Hispanic or Latino,Black,Male,Loan originated,1,500000.0,85.0,6.50,3.0,1,26250.0,2150.0,2300.0,4.0,3300.0,30.0,0,0,0,0,0,,550000.0,Site-Built,Primary Residence,Unknown,Unknown,1.0,,,250000.0,2.0,1.0,1,1,5.0,9.0,3.0,7.0,1,1,1,1,60-69,1,3,3.0,1.0,1,1,2,1,2,1,48,45,No,No,Yes,,1,2,2  
2024,99999,OH,0470.0,0470509010.0,Conventional:First Lien,Single Family (1-4 Units):Site-Built,Hispanic or Latino,White,Male,Loan originated,2,375000.0,79.0,5.80,2.0,1,13750.0,1000.0,1100.0,2.0,1350.0,15.0,0,0,0,0,0,,450000.0,Site-Built,Primary Residence,Unknown,Unknown,1.0,,,167000.0,2.0,1.0,1,1,4.0,6.0,2.0,6.0,1,1,2,1,40-49,1,4,3.0,1.0,1,1,2,1,2,1,52,56,No,No,No,,1,2,2  
2024,99999,WA,0130.0,0130501010.0,FHA:First Lien,Single Family (1-4 Units):Site-Built,Not Hispanic or Latino,White,Female,Loan originated,1,425000.0,90.0,7.00,2.75,1,21250.0,1600.0,1750.0,3.0,2800.0,30.0,0,0,0,0,0,,500000.0,Site-Built,Primary Residence,Unknown,Unknown,1.0,,,300000.0,2.0,1.0,1,2,5.0,9.0,4.0,8.0,1,1,3,2,55-64,1,4,4.0,1.0,2,1,2,1,2,1,50,49,No,No,Yes,,1,1,2  
2024,99999,MI,0570.0,0570303020.0,Conventional:First Lien,Multifamily (5+ Units):Site-Built,Not Hispanic or Latino,Asian,Male,Loan originated,1,750000.0,90.0,6.50,1.5,1,36000.0,2500.0,3000.0,5.0,4000.0,30.0,0,0,0,0,0,,850000.0,Site-Built,Primary Residence,Unknown,Unknown,3.0,,,400000.0,2.0,1.0,1,3,7.0,9.0,4.0,10.0,1,1,1,2,30-39,1,5,3.0,1.0,1,1,1,1,1,1,33,43,No,No,Yes,,1,2,2  
2024,99999,MA,0150.0,0150501010.0,Conventional:First Lien,Single Family (1-4 Units):Site-Built,Not Hispanic or Latino,White,Female,Loan originated,3,325000.0,92.0,7.50,3.0,1,13250.0,1000.0,1100.0,1.0,1250.0,30.0,0,0,0,0,0,,350000.0,Site-Built,Primary Residence,Unknown,Unknown,1.0,,,250000.0,2.0,1.0,1,4,6.0,9.0,2.0,7.0,1,1,1,2,40-49,1,4,1.0,1.0,2,1,1,1,1,2,50,38,No,No,No,,1,2,2  
2024,99999,PA,0090.0,0090101010.0,FHA:First Lien,Single Family (1-4 Units):Site-Built,Not Hispanic or Latino,Historical Not Provided,Male,Loan originated,1,200000.0,83.0,7.10,2.0,1,12200.0,800.0,950.0,2.0,1300.0,30.0,0,0,0,0,0,,250000.0,Site-Built,Primary Residence,Unknown,Unknown,1.0,,,110000.0,2.0,1.0,1,2,5.0,9.0,3.0,7.0,1,1,1,2,30-39,1,4,3.0,1.0,2,1,1,1,1,1,31,32,No,No,Yes,,1,1,1  
2024,99999,CO,0050.0,0050101010.0,Conventional:First Lien,Single Family (1-4 Units):Site-Built,Not Hispanic or Latino,Caucasian,Female,Loan originated,1,450000.0,84.0,5.95,1.75,1,16250.0,1100.0,1250.0,1.5,1500.0,30.0,0,0,0,0,0,,550000.0,Site-Built,Primary Residence,Unknown,Unknown,1.0,,,200000.0,1.0,1.0,1,1,5.0,8.0,2.0,6.0,1,1,2,2,35-44,1,3,3.0,1.0,2,1,2,1,2,1,45,40,No,No,Yes,,1,1,2  
2024,99999,FL,0010.0,0010102010.0,FHA:First Lien,Single Family (1-4 Units):Site-Built,Hispanic or Latino,White,Female,Loan originated,2,300000.0,82.0,6.25,2.5,1,18000.0,1200.0,1300.0,2.0,1450.0,30.0,0,0,0,0,0,,350000.0,Site-Built,Primary Residence,Unknown,Unknown,1.0,,,200000.0,2.0,1.0,1,1,5.0,8.0,3.0,7.0,1,1,2,1,25-34,1,5,3.0,1.0,2,2,1,1,1,1,20,21,No,No,No,,1,1,1  
2024,99999,MD,0030.0,0030101010.0,Conventional:First Lien,Single Family (1-4 Units):Site-Built,Not Hispanic or Latino,Black,Male,Loan originated,1,400000.0,88.0,6.75,2.0,1,12200.0,950.0,1050.0,2.0,1250.0,30.0,0,0,0,0,0,,450000.0,Site-Built,Primary Residence,Unknown,Unknown,1.0,,,225000.0,1.0,1.0,1,2,5.0,8.0,2.0,5.0,1,1,2,2,40-49,1,3,3.0,1.0,1,1,2,1,2,1,36,38,No,No,Yes,,1,1,1  
2024,99999,NJ,0330.0,0330101010.0,VA:First Lien,Single Family (1-4 Units):Site-Built,Not Hispanic or Latino,White,Male,Loan originated,2,350000.0,85.0,6.30,2.0,1,15500.0,1000.0,1100.0,1.5,1200.0,15.0,0,0,0,0,0,,400000.0,Site-Built,Primary Residence,Unknown,Unknown,1.0,,,150000.0,2.0,1.0,1,2,5.0,8.0,4.0,7.0,1,1,1,2,45-54,1,4,2.0,1.0,1,1,2,2,2,2,28,31,No,No,Yes,,1,1,1  
2024,99999,WI,0010.0,0010103010.0,FHA:First Lien,Single Family (1-4 Units):Site-Built,Not Hispanic or Latino,White,Female,Loan originated,1,250000.0,87.0,6.75,2.25,1,9250.0,750.0,850.0,1.5,1000.0,30.0,0,0,0,0,0,,300000.0,Site-Built,Primary Residence,Unknown,Unknown,1.0,,,160000.0,2.0,1.0,1,2,4.0,7.0,3.0,6.0,1,1,1,2,35-44,1,3,1.0,1.0,2,1,1,1,2,1,30,32,No,No,Yes,,1,1,2  
2024,99999,VA,0750.0,0750102010.0,Conventional:Subordinate Lien,Single Family (1-4 Units):Site-Built,Hispanic or Latino,Native Hawaiian or Other Pacific Islander,Female,Loan originated,1,475000.0,85.0,6.15,1.75,1,15750.0,1100.0,1300.0,2.0,1450.0,30.0,0,0,0,0,0,,550000.0,Site-Built,Primary Residence,Unknown,Unknown,1.0,,,250000.0,1.0,1.0,1,1,5.0,7.0,2.0,6.0,1,1,2,1,20-29,1,2,2.0,1.0,1,1,1,2,1,2,30,30,No,No,Yes,,1,1,2  
2024,99999,DC,0010.0,0010401030.0,Conventional:First Lien,Single Family (1-4 Units):Site-Built,Not Hispanic or Latino,Asian,Male,Loan originated,1,420000.0,88.0,6.80,2.0,1,16700.0,1300.0,1350.0,2.0,1550.0,30.0,0,0,0,0,0,,500000.0,Site-Built,Primary Residence,Unknown,Unknown,1.0,,,155000.0,2.0,1.0,1,2,4.0,7.0,3.0,6.0,1,1,2,1,60-69,1,2,2.0,1.0,1,2,1,1,2,1,31,33,No,No,Yes,,1,2,1  
2024,99999,IL,0310.0,0310322030.0,FHA:First Lien,Single Family (1-4 Units):Site-Built,Hispanic or Latino,African American,Female,Loan originated,2,500000.0,92.0,7.30,3.0,1,26200.0,2150.0,2200.0,5.0,2750.0,30.0,0,0,0,0,0,,600000.0,Site-Built,Primary Residence,Unknown,Unknown,1.0,,,180000.0,2.0,1.0,1,3,6.0,8.0,4.0,7.0,1,2,2,1,55-64,1,5,2.0,1.0,2,1,2,1,2,1,60,44,No,No,Yes,,1,1,2  
2024,99999,CA,0150.0,0150301010.0,Conventional:First Lien,Single Family (1-4 Units):Site-Built,Not Hispanic or Latino,White,Male,Loan originated,1,800000.0,80.0,6.40,1.5,1,25000.0,1800.0,2100.0,3.0,3000.0,30.0,0,0,0,0,0,,1000000.0,Site-Built,Primary Residence,Unknown,Unknown,1.0,,,300000.0,2.0,1.0,1,1,4.0,6.0,3.0,6.0,1,1,2,2,30-39,1,4,3.0,1.0,1,2,1,2,2,1,35,36,No,No,Yes,,1,1,2  
2024,99999,NY,0070.0,0071330200.0,FHA:First Lien,Single Family (1-4 Units):Site-Built,Not Hispanic or Latino,White,Male,Loan originated,1,400000.0,85.0,7.25,2.5,1,16500.0,1200.0,1350.0,2.0,1800.0,30.0,0,0,0,0,0,,450000.0,Site-Built,Primary Residence,Unknown,Unknown,1.0,,,300000.0,2.0,1.0,1,1,5.0,8.0,3.0,7.0,1,1,1,2,30-39,1,3,3.0,1.0,1,1,2,1,2,2,28,30,No,No,Yes,,2,1,1  
2024,99999,NY,0550.0,0550109040.0,Conventional:First Lien,Single Family (1-4 Units):Site-Built,Hispanic or Latino,White,Male,Loan originated,1,550000.0,79.0,6.30,2.0,1,19250.0,1600.0,1750.0,3.0,2600.0,30.0,0,0,0,0,0,,650000.0,Site-Built,Primary Residence,Unknown,Unknown,1.0,,,250000.0,1.0,1.0,1,1,5.0,7.0,4.0,6.0,1,1,2,1,40-49,1,4,3.0,1.0,2,1,2,1,2,1,30,32,No,No,Yes,,1,1,1  
2024,99999,TX,0310.0,0310101010.0,Conventional:First Lien,Single Family (1-4 Units):Site-Built,Not Hispanic or Latino,White,Female,Loan originated,3,325000.0,82.0,5.80,2.5,1,16250.0,1100.0,1250.0,2.0,1400.0,30.0,0,0,0,0,0,,380000.0,Site-Built,Primary Residence,Unknown,Unknown,1.0,,,140000.0,2.0,1.0,1,3,3.0,5.0,3.0,6.0,1,2,1,2,50-59,1,5,3.0,1.0,2,1,1,1,1,1,58,55,No,No,No,,1,1,1  
2024,99999,WA,0390.0,0390103010.0,Mixed-Use/Commercial,Single Family (1-4 Units):Site-Built,Not Hispanic or Latino,White,Female,Loan originated,1,900000.0,80.0,6.90,2.25,1,33000.0,2400.0,2500.0,6.0,3900.0,30.0,0,0,0,0,0,,1000000.0,Site-Built,Primary Residence,Unknown,Unknown,1.0,,,450000.0,3.0,1.0,1,3,5.0,8.0,4.0,10.0,1,1,2,1,30-39,1,3,3.0,1.0,2,1,2,1,2,1,30,28,No,No,Yes,,1,1,2  
2024,99999,NY,0230.0,0230103020.0,VA:First Lien,Single Family (1-4 Units):Site-Built,Not Hispanic or Latino,White,Male,Loan originated,1,425000.0,87.0,6.40,2.0,1,10500.0,900.0,1000.0,2.0,1200.0,30.0,0,0,0,0,0,,475000.0,Site-Built,Primary Residence,Unknown,Unknown,1.0,,,200000.0,1.0,1.0,1,3,3.0,5.0,3.0,7.0,1,1,2,1,25-34,1,4,3.0,1.0,1,1,2,1,1,2,20,22,No,No,Yes,,1,1,2  
2024,99999,FL,0350.0,0350302020.0,Conventional:First Lien,Single Family (1-4 Units):Site-Built,Not Hispanic or Latino,White,Female,Loan originated,1,300000.0,90.0,7.00,2.5,1,16200.0,1350.0,1400.0,2.0,1700.0,30.0,0,0,0,0,0,,350000.0,Site-Built,Primary Residence,Unknown,Unknown,1.0,,,180000.0,2.0,1.0,1,2,6.0,9.0,2.0,7.0,1,1,1,1,40-49,1,5,2.0,1.0,1,1,1,1,1,1,30,32,No,No,Yes,,1,1,1  
2024,99999,VA,0030.0,0030101010.0,FHA:First Lien,Single Family (1-4 Units):Site-Built,Not Hispanic or Latino,Black,Male,Loan originated,1,275000.0,75.0,6.50,2.0,1,11000.0,800.0,900.0,1.5,1100.0,30.0,0,0,0,0,0,,300000.0,Site-Built,Primary Residence,Unknown,Unknown,1.0,,,110000.0,2.0,1.0,1,3,5.0,7.0,3.0,6.0,1,1,2,2,45-54,1,1,2.0,1.0,1,1,2,2,2,1,75,55,No,No,Yes,,1,1,1  
2024,99999,FL,0130.0,0130101010.0,Conventional:Subordinate Lien,Single Family (1-4 Units):Site-Built,Not Hispanic or Latino,Native Hawaiian or Other Pacific Islander,Male,Loan originated,2,175000.0,80.0,6.75,1.5,1,7250.0,550.0,650.0,1.0,900.0,30.0,0,0,0,0,0,,250000.0,Site-Built,Primary Residence,Unknown,Unknown,1.0,,,50000.0,2.0,1.0,1,1,4.0,7.0,2.0,5.0,1,1,1,2,20-29,1,4,3.0,1.0,1,1,1,2,1,1,26,28,No,No,No,,1,1,2  
2024,99999,MD,0150.0,0150101010.0,Conventional:First Lien,Single Family (1-4 Units):Site-Built,Hispanic or Latino,White,Female,Loan originated,2,350000.0,85.0,6.00,2.0,1,11500.0,900.0,1000.0,2.0,1200.0,30.0,0,0,0,0,0,,400000.0,Site-Built,Primary Residence,Unknown,Unknown,1.0,,,160000.0,2.0,1.0,1,1,5.0,8.0,3.0,8.0,1,1,1,2,60-69,1,2,1.0,1.0,1,1,1,1,1,1,48,45,No,No,Yes,,1,1,1  
2024,99999,PA,0190.0,0190302030.0,FHA:First Lien,Single Family (1-4 Units):Site-Built,Hispanic or Latino,White,Female,Loan originated,1,320000.0,88.0,7.10,3.0,1,17600.0,1350.0,1400.0,3.0,1800.0,30.0,0,0,0,0,0,,360000.0,Site-Built,Primary Residence,Unknown,Unknown,1.0,,,145000.0,1.0,1.0,1,3,6.0,8.0,2.0,7.0,1,1,1,2,25-34,1,5,1.0,1.0,2,1,2,1,2,2,29,27,No,No,No,,1,1,1  
2024,99999,OR,0370.0,0370103010.0,Conventional:First Lien,Single Family (1-4 Units):Site-Built,Hispanic or Latino,White,Male,Loan originated,1,210000.0,87.0,7.00,2.5,1,10000.0,750.0,800.0,1.5,900.0,30.0,0,0,0,0,0,,240000.0,Site-Built,Primary Residence,Unknown,Unknown,1.0,,,60000.0,1.0,1.0,1,3,5.0,6.0,2.0,7.0,1,1,2,2,55-64,1,1,2.0,1.0,1,1,2,1,1,1,39,40,No,No,Yes,,1,1,1  
2024,99999,IL,0330.0,0330101010.0,Conventional:First Lien,Single Family (1-4 Units):Site-Built,Not Hispanic or Latino,White,Male,Loan originated,1,500000.0,88.0,6.75,1.75,1,20000.0,14
2024,99999,CT,9150.0,9150708100.0,Conventional:Subordinate Lien,Single Family (1-4 Units):Site-Built,Not Hispanic or Latino,White,Male,File closed for incompleteness,32,25000.0,,,,3,,,,,,240,,,2,2,2,2,,1,1,3,5,1,,96.0,,1111,1111,2.0,5.0,2,4,5.0,8.0,2,4,1,5,2,4,65-74,9999,Yes,,1,1
2024,99999,RI,1001.0,1001703200.0,FHA,Single Family (1-4 Units):Site-Built,Hispanic or Latino,Black or African American,Male,Loan originated,1,150000.0,80.0,4.25,1.75,0,5000.0,2000.0,1000.0,1.5,500.0,360,0,0,0,1,0,0,0,0,0,0,300500.0,Site-Built,Primary,0,0,1,0,0,35.0,60.0,2,1,2,1,55-64,50-64,1,1,1,0,1,0,1,0,45,60,No,Serviced by Institution
2024,99999,NJ,0150.0,0150360100.0,FHA,Single Family (1-4 Units):Site-Built,Not Hispanic or Latino,Asian,Female,Loan originated,1,300000.0,75.0,3.75,1.25,0,3000.0,1000.0,500.0,1.0,200.0,360,0,0,0,0,0,0,0,0,0,0,450000.0,Site-Built,Primary,0,0,1,0,0,40.0,50.0,2,1,2,1,35-54,35-54,1,1,1,0,1,0,1,0,35,35,No,Serviced by Institution
2024,99999,NY,0100.0,0100500200.0,Conventional:First Lien,Single Family (1-4 Units):Site-Built,Hispanic or Latino,White,Male,Denial,2,500000.0,95.0,4.5,2.0,1,8000.0,3500.0,1800.0,2.0,2500.0,360,0,0,0,0,0,0,0,0,0,0,1200000.0,Site-Built,Primary,0,0,1,0,0,55.0,65.0,2,2,0,0,45-64,45-64,0,1,0,0,0,1,0,0,45,50,No,Serviced by Institution
2024,99999,FL,0200.0,0200131000.0,FHA,Single Family (1-4 Units):Site-Built,Not Hispanic or Latino,White,Female,Withdrawn by Applican,3,75000.0,85.0,4.25,1.5,1,4000.0,1200.0,600.0,1.2,600.0,300,0,0,0,0,0,0,0,0,0,0,300000.0,Site-Built,Primary,0,0,1,0,0,40.0,55.0,1,2,1,2,25-34,35-54,1,1,1,0,1,0,1,1,30,50,No,Serviced by Institution
2024,99999,VA,0230.0,0230312100.0,Conventional:Subordinate Lien,Single Family (1-4 Units):Site-Built,Hispanic or Latino,White,Female,Loan approved but not accepted,1,220000.0,80.0,4.1,1.25,0,4800.0,1600.0,800.0,1.0,1100.0,300,0,0,0,0,0,0,0,0,0,0,300000.0,Site-Built,Primary,0,0,2,0,0,25.0,40.0,1,1,0,1,25-34,25-34,1,1,1,0,1,0,1,1,25,25,Yes,Origination by Institution
2024,99999,IL,0650.0,0650900500.0,FHA,Single Family (1-4 Units):Site-Built,Not Hispanic or Latino,Other,Unknown,Mixed,2,100000.0,90.0,5.0,1.75,0,6500.0,2750.0,1300.0,1.8,2000.0,360,0,0,0,0,0,0,0,0,0,0,110000.0,Site-Built,Primary,0,0,1,0,0,30.0,50.0,1,2,1,1,35-54,35-54,1,1,1,0,1,0,1,0,30,35,No,Serviced by Institution
2024,99999,TX,0770.0,0770300000.0,VA,Single Family (1-4 Units):Site-Built,Not Hispanic or Latino,White,Male,Withdrawn by Applicant,3,175000.0,85.0,4.35,1.6,0,5500.0,1900.0,900.0,0.0,1200.0,360,0,0,0,0,0,0,0,0,0,0,250000.0,Site-Built,Primary,0,0,1,0,0,45.0,60.0,1,1,1,0,45-64,45-64,1,1,1,0,1,0,1,0,55,45,Yes,Origination by Institution
2024,99999,MD,0100.0,0100214500.0,FHA,Single Family (1-4 Units):Site-Built,Hispanic or Latino,Black or African American,Female,Denial,2,75000.0,95.0,4.7,2.0,1,5300.0,2200.0,1200.0,0.0,1100.0,240,0,0,0,0,0,0,0,0,0,0,120000.0,Site-Built,Primary,0,0,1,0,0,30.0,55.0,2,1,1,0,45-64,25-34,0,1,1,0,1,0,1,0,30,25,No,Serviced by Institution
2024,99999,WI,0950.0,0950250000.0,Conventional:First Lien,Single Family (1-4 Units):Site-Built,Not Hispanic or Latino,White,Male,Loan originated,1,200000.0,85.0,4.0,1.0,0,6000.0,2500.0,1100.0,1.5,2000.0,300,0,0,0,1,0,0,1,0,0,0,230000.0,Site-Built,Primary,0,0,1,0,0,35.0,50.0,1,2,1,1,45-64,45-64,1,1,1,0,1,0,1,0,35,45,No,Origination by Institution
2024,99999,NV,0220.0,0220040000.0,FHA,Single Family (1-4 Units):Site-Built,Hispanic or Latino,Asian,Female,Loan originated,1,175000.0,75.0,3.9,1.0,0,4400.0,1900.0,1000.0,1.0,800.0,360,0,0,0,0,0,0,0,0,0,0,240000.0,Site-Built,Primary,0,0,1,0,0,30.0,50.0,1,1,1,1,35-54,35-54,1,1,1,0,1,0,1,0,30,35,No,Serviced by Institution
2024,99999,MI,0210.0,0210321000.0,Conventional:First Lien,Single Family (1-4 Units):Site-Built,Not Hispanic or Latino,White,Female,Denial,2,125000.0,90.0,4.75,2.0,0,4500.0,2000.0,1200.0,0.0,1500.0,240,0,0,0,0,0,0,0,0,0,0,150000.0,Site-Built,Primary,0,0,1,0,0,35.0,55.0,2,1,2,0,45-64,25-34,1,1,1,0,1,0,1,0,35,25,No,Serviced by Institution
2024,99999,IN,0210.0,0210060000.0,VA,Single Family (1-4 Units):Site-Built,Not Hispanic or Latino,American Indian or Alaska Native,Male,Loan originated,1,100000.0,75.0,3.6,0.8,0,4800.0,2000.0,1000.0,0.8,800.0,300,0,0,0,0,0,0,0,0,0,0,275000.0,Site-Built,Primary,0,0,1,0,0,30.0,50.0,1,1,1,0,35-54,30-44,1,1,1,0,1,0,1,0,30,35,No,Serviced by Institution
2024,99999,MO,0090.0,0090712000.0,FHA,Single Family (1-4 Units):Site-Built,Hispanic or Latino,White,Female,Withdrawn by applicant,3,80000.0,80.0,4.2,1.25,1,4300.0,1700.0,800.0,1.3,500.0,300,0,0,0,0,0,0,0,0,0,0,120000.0,Site-Built,Primary,0,0,1,0,0,40.0,55.0,1,1,1,0,45-64,40-54,1,1,1,0,1,0,1,0,40,55,Yes,Serviced by Institution
2024,99999,CA,0890.0,0890500000.0,Conventional:First Lien,Single Family (1-4 Units):Site-Built,Not Hispanic or Latino,White,Male,Loan originated,1,500000.0,75.0,3.85,1.0,0,7000.0,3000.0,1800.0,0.0,1500.0,300,0,0,0,0,0,0,0,0,0,0,600000.0,Site-Built,Primary,0,0,1,0,0,40.0,50.0,1,1,1,0,25-34,35-54,1,1,1,0,1,0,1,0,50,30,No,Origination by Institution
2024,99999,DE,0000.0,0000000000.0,Conventional:Subordinate Lien,Single Family (1-4 Units):Site-Built,Not Hispanic or Latino,White,Female,File closed for incompleteness,2,225000.0,95.0,5.0,2.0,1,6500.0,2100.0,1000.0,1.5,1300.0,360,0,0,0,0,0,0,0,0,0,0,400000.0,Site-Built,Primary,0,0,1,0,0,60.0,70.0,2,1,0,0,45-64,45-64,1,1,1,0,1,0,0,0,60,45,No,Serviced by Institution
2024,99999,NC,0750.0,0750052100.0,FHA,Single Family (1-4 Units):Site-Built,Hispanic or Latino,White,Female,Loan originated,1,250000.0,80.0,4.5,1.75,0,4800.0,1900.0,900.0,1.2,700.0,360,0,0,0,0,0,0,0,0,0,0,300000.0,Site-Built,Primary,0,0,1,0,0,50.0,60.0,1,2,1,0,45-64,50-64,1,1,1,0,1,0,1,0,50,45,No,Serviced by Institution
2024,99999,WY,0310.0,0310000200.0,VA,Single Family (1-4 Units):Site-Built,Not Hispanic or Latino,White,Male,Denial,2,300000.0,90.0,4.9,2.0,1,7500.0,3000.0,1600.0,1.0,1300.0,360,0,0,0,0,0,0,0,0,0,0,450000.0,Site-Built,Primary,0,0,1,0,0,65.0,70.0,2,1,2,0,55-64,45-64,1,1,1,0,1,0,1,0,9999,50,No,Serviced by Institution
2024,99999,OK,0010.0,0010000000.0,Conventional:First Lien,Single Family (1-4 Units):Site-Built,Not Hispanic or Latino,White,Female,Loan originated,1,275000.0,80.0,4.0,1.0,0,8000.0,3200.0,1800.0,1.0,1000.0,300,0,0,0,0,0,0,0,0,0,0,350000.0,Site-Built,Primary,0,0,1,0,0,55.0,65.0,1,2,1,0,35-54,45-64,1,1,1,0,1,0,1,0,50,55,No,Origination by Institution
2024,99999,LA,0050.0,0050010500.0,FHA,Single Family (1-4 Units):Site-Built,Hispanic or Latino,Black or African American,Male,Withdrawn by Applicant,3,90000.0,90.0,4.25,1.75,0,4500.0,1500.0,800.0,0.0,600.0,300,0,0,0,0,0,0,0,0,0,0,120000.0,Site-Built,Primary,0,0,1,0,0,30.0,55.0,2,1,0,0,25-34,45-64,0,1,1,0,1,0,1,0,30,45,No,Serviced by Institution
2024,99999,WA,0930.0,0930300300.0,Conventional:Subordinate Lien,Single Family (1-4 Units):Site-Built,Not Hispanic or Latino,White,Male,Loan approved but not accepted,1,200000.0,85.0,4.1,1.1,0,6000.0,2100.0,1000.0,0.0,900.0,240,0,0,0,0,0,0,0,0,0,0,220000.0,Site-Built,Primary,0,0,1,0,0,50.0,65.0,1,1,1,0,35-54,35-54,1,1,1,0,1,0,1,0,50,50,No,Serviced by Institution
2024,99999,VT,0130.0,0130010200.0,FHA,Single Family (1-4 Units):Site-Built,Not Hispanic or Latino,White,Female,Denial,2,150000.0,95.0,4.65,2.0,0,3700.0,1300.0,1000.0,1.0,900.0,360,0,0,0,0,0,0,0,0,0,0,250000.0,Site-Built,Primary,0,0,1,0,0,40.0,60.0,2,1,1,0,35-54,40-54,1,1,1,0,1,0,1,0,40,35,No,Serviced by Institution
2024,99999,NH,0310.0,0310020000.0,Conventional:First Lien,Single Family (1-4 Units):Site-Built,Hispanic or Latino,White,Male,Loan originated,1,300000.0,80.0,3.85,1.0,0,6500.0,2300.0,1200.0,0.0,900.0,300,0,0,0,0,0,0,0,0,0,0,380000.0,Site-Built,Primary,0,0,1,0,0,35.0,50.0,1,1,1,0,45-64,35-54,1,1,1,0,1,0,1,0,35,35,Yes,Origination by Institution
2024,99999,MT,0310.0,0310010000.0,FHA,Single Family (1-4 Units):Site-Built,Not Hispanic or Latino,White,Female,Denial,2,350000.0,90.0,4.75,2.0,0,7000.0,2500.0,1200.0,1.0,1000.0,360,0,0,0,0,0,0,0,0,0,0,500000.0,Site-Built,Primary,0,0,1,0,0,50.0,60.0,2,1,1,1,55-64,50-64,1,1,1,0,1,0,1,0,50,45,No,Serviced by Institution
2024,99999,NM,0510.0,0510090700.0,VA,Single Family (1-4 Units):Site-Built,Hispanic or Latino,White,Female,Withdrawn by Applicant,3,130000.0,85.0,4.35,1.25,0,3600.0,1400.0,600.0,1.0,600.0,360,0,0,0,0,0,0,0,0,0,0,220000.0,Site-Built,Primary,0,0,1,0,0,30.0,60.0,1,1,1,0,45-64,35-54,1,1,1,0,1,0,1,0,30,50,Yes,Origination by Institution
2024,99999,KY,0710.0,0710180000.0,FHA,Single Family (1-4 Units):Site-Built,Not Hispanic or Latino,White,Male,Loan originated,1,175000.0,85.0,4.1,1.25,0,4000.0,1500.0,800.0,1.0,700.0,300,0,0,0,0,0,0,0,0,0,0,200000.0,Site-Built,Primary,0,0,1,0,0,45.0,60.0,1,1,1,1,35-54,40-54,1,1,1,0,1,0,1,0,40,45,No,Serviced by Institution
2024,99999,TN,0750.0,0750020700.0,Conventional:First Lien,Single Family (1-4 Units):Site-Built,Hispanic or Latino,White,Male,Loan originated,1,225000.0,80.0,3.9,0.85,0,4200.0,1700.0,800.0,0.0,600.0,360,0,0,0,0,1,0,0,0,0,0,300000.0,Site-Built,Primary,0,0,1,0,0,35.0,50.0,1,1,1,1,45-64,40-54,1,1,1,0,1,0,1,0,30,50,No,Serviced by Institution
2024,99999,SC,0150.0,0150360100.0,FHA,Single Family (1-4 Units):Site-Built,Not Hispanic or Latino,White,Female,Loan originated,1,350000.0,85.0,4.25,1.5,0,7500.0,2500.0,1100.0,1.0,800.0,360,0,0,0,0,0,0,0,0,0,0,500000.0,Site-Built,Primary,0,0,1,0,0,45.0,55.0,1,2,1,0,45-64,45-64,1,1,1,0,1,0,1,0,40,50,No,Serviced by Institution
2024,99999,HI,0190.0,0190400000.0,Conventional:Subordinate Lien,Single Family (1-4 Units):Site-Built,Not Hispanic or Latino,White,Male,Denial,2,400000.0,95.0,5.0,1.75,1,7800.0,3000.0,1200.0,1.0,1100.0,360,0,0,0,0,0,0,0,0,0,0,500000.0,Site-Built,Primary,0,0,1,0,0,60.0,65.0,2,1,1,0,45-64,45-64,1,1,1,0,1,0,1,0,60,45,No,Serviced by Institution
2024,99999,HU,0000.0,0000000000.0,VA,Single Family (1-4 Units):Site-Built,Hispanic or Latino,White,Female,Denial,2,300000.0,90.0,4.75,2.0,0,9000.0,3200.0,1500.0,1.0,1400.0,360,0,0,0,0,0,0,0,0,0,0,400000.0,Site-Built,Primary,0,0,1,0,0,65.0,70.0,2,1,1,1,45-64,35-54,1,1,1,0,1,0,1,0,50,60,No,Serviced by Institution
2024,99999,AR,0030.0,0030110000.0,FHA,Single Family (1-4 Units):Site-Built,Not Hispanic or Latino,White,Male,Loan originated,1,200000.0,80.0,4.0,1.25,0,5000.0,2000.0,1100.0,1.0,700.0,300,0,0,0,0,0,0,0,0,0,0,300000.0,Site-Built,Primary,0,0,1,0,0,35.0,50.0,1,1,2,0,45-64,40-54,1,1,1,0,1,0,1,0,40,35,No,Serviced by Institution
2024,99999,AK,0010.0,0010000000.0,Conventional:First Lien,Single Family (1-4 Units):Site-Built,Hispanic or Latino,White,Female,Loan originated,1,300000.0,80.0,3.5,0.8,0,6800.0,2900.0,1200.0,1.0,900.0,360,0,0,0,0,0,0,0,0,0,0,400000.0,Site-Built,Primary,0,0,1,0,0,40.0,55.0,1,1,1,1,45-64,45-64,1,1,1,0,1,0,1,0,35,50,No,Serviced by Institution
2024,99999,PA,0100.0,0100500200.0,FHA,Single Family (1-4 Units):Site-Built,Not Hispanic or Latino,White,Male,Withdrawn by Applicant,3,120000.0,85.0,4.25,1.5,1,4900.0,1700.0,700.0,0.0,1000.0,300,0,0,0,0,0,0,0,0,0,0,250000.0,Site-Built,Primary,0,0,1,0,0,30.0,50.0,1,1,1,1,35-54,45-64,1,1,1,0,1,0,1,0,30,40,No,Serviced by Institution
2024,99999,OH,0230.0,0230051000.0,Conventional:Subordinate Lien,Single Family (1-4 Units):Site-Built,Hispanic or Latino,White,Male,Loan originated,1,250000.0,80.0,3.75,1.0,0,4900.0,1800.0,1000.0,0.0,1100.0,360,0,0,0,0,0,0,0,0,0,0,300000.0,Site-Built,Primary,0,0,1,0,0,50.0,60.0,1,1,1,0,45-64,45-64,1,1,1,0,1,0,1,0,50,45,No,Serviced by Institution
2024,99999,GA,0370.0,0370301000.0,FHA,Single Family (1-4 Units):Site-Built,Not Hispanic or Latino,White,Female,Loan originated,1,400000.0,75.0,4.15,1.5,0,9000.0,3500.0,1500.0,1.5,1300.0,300,0,0,0,0,0,0,0,0,0,0,500000.0,Site-Built,Primary,0,0,1,0,0,60.0,65.0,1,1,1,0,55-64,50-64,1,1,1,0,1,0,1,0,50,60,No,Serviced by Institution
2024,99999,WV,0130.0,0130010200.0,Conventional:First Lien,Single Family (1-4 Units):Site-Built,Not Hispanic or Latino,White,Male,Loan originated,1,280000.0,85.0,4.25,1.25,0,6000.0,2300.0,1300.0,1.0,800.0,360,0,0,0,1,0,0,0,0,0,0,350000.0,Site-Built,Primary,0,0,1,0,0,45.0,55.0,1,1,1,1,45-64,45-64,1,1,1,0,1,0,1,0,45,50,No,Serviced by Institution
2024,99999,CO,0530.0,0530000000.0,FHA,Single Family (1-4 Units):Site-Built,Hispanic or Latino,American Indian or Alaska Native,Male,Denial,2,175000.0
2024,99999,CT,9150.0,9150708100.0,Conventional:Subordinate Lien,Single Family (1-4 Units):Site-Built,Not Hispanic or Latino,White,Male,File closed for incompleteness,32,25000.0,,,,3,,,,,,240,,,2,2,2,2,,1,1,3,5,1,,96.0,,1111,1111,2.0,5.0,2,4,5.0,8.0,2,4,1,5,2,4,65-74,9999,Yes,,1,1
2024,99999,NY,36047.0,3604702400.0,Conventional:First Lien,Single Family (1-4 Units):Site-Built,Hispanic or Latino,White,Female,Approved,1,350000.0,80.0,4.5,1.2,,0,2,1,2,240,,3,1,2,1,2,,3,1,4,6,1,,65.0,,2222,2222,3.0,6.0,1,3,4.0,7.0,1,3,2,2,1,3,35-44,51-60,No,,2,2
2024,99999,TX,48113.0,4811300680.0,FHA:First Lien,Single Family (1-4 Units):Site-Built,Not Hispanic or Latino,White,Male,Denied,2,200000.0,75.0,5.2,2.0,,1,0,3,3,180,,3,1,2,2,3,,2,1,1,4,2,,78.0,,5555,5555,4.0,7.5,2,5,6.0,9.0,3,4,2,3,1,3,45-54,55-64,No,,2,3
2024,99999,FL,12086.0,1208605010.0,VA:First Lien,Single Family (1-4 Units):Site-Built,Not Hispanic or Latino,Black,Female,Approved,1,450000.0,90.0,4.0,1.0,,0,1,1,1,360,,4,1,2,1,1,,4,1,2,5,1,,89.0,,3333,3333,1.0,5.0,2,4,3.0,6.0,2,4,1,1,1,2,25-34,65-74,No,,1,1
2024,99999,CA,06075.0,0607500200.0,FSA/RHS:First Lien,Single Family (1-4 Units):Site-Built,Hispanic or Latino,Hispanic,Male,Approved,3,180000.0,70.0,4.3,0.8,,0,0,2,3,300,,2,1,1,2,1,,3,1,3,7,2,,55.0,,7777,7777,3.0,6.5,1,3,5.0,8.0,2,2,1,3,3,4,35-44,55-64,Yes,,2,2
2024,99999,IL,17031.0,1703101200.0,Other:First Lien,Single Family (1-4 Units):Site-Built,Not Hispanic or Latino,Asian,Female,Approved,1,320000.0,85.0,5.0,1.5,,0,2,1,1,360,,3,1,2,1,3,,3,1,4,1,1,,70.0,,4444,4444,4.0,7.0,1,4,4.0,7.0,1,1,1,2,2,3,45-54,65-74,No,,1,2
2024,99999,GA,13215.0,1321505300.0,Conventional:Subordinate Lien,Single Family (1-4 Units):Site-Built,Not Hispanic or Latino,White,Male,Approved for preapproval,3,150000.0,75.0,4.5,2.0,,1,1,3,2,360,,2,1,2,2,1,,2,1,1,3,2,,38.0,,9999,9999,2.0,6.0,2,5,5.0,8.0,4,4,2,1,1,4,25-34,45-54,No,,3,1
2024,99999,NJ,34003.0,3400300100.0,FHA:First Lien,Single Family (1-4 Units):Site-Built,Not Hispanic or Latino,Black,Female,Denied,1,300000.0,90.0,4.8,1.2,,2,0,2,3,180,,3,1,1,2,1,,2,1,3,2,1,,42.0,,6666,6666,2.0,7.0,3,4,6.0,9.0,1,3,2,2,1,2,55-64,55-64,No,,1,2
2024,99999,WA,53033.0,5303300100.0,VA:First Lien,Single Family (1-4 Units):Site-Built,Hispanic or Latino,Hispanic,Male,Approved,1,275000.0,70.0,4.0,0.8,,1,1,1,4,360,,2,1,2,3,2,,1,1,4,4,1,,80.0,,1111,1111,1.0,6.5,4,3,3.0,7.0,4,2,2,2,3,3,45-54,55-64,Yes,,2,2
2024,99999,OH,39035.0,3903505400.0,FHA:First Lien,Single Family (1-4 Units):Site-Built,Not Hispanic or Latino,Native Hawaiian or Other Pacific Islander,Female,Approved,2,190000.0,75.0,5.3,1.0,,0,1,1,0,240,,3,2,1,1,1,,3,2,2,6,2,,95.0,,5555,5555,2.0,6.0,1,2,4.0,7.0,2,2,1,2,1,4,55-64,65-74,No,,1,1
2024,99999,MA,25001.0,2500102100.0,FSA/RHS:First Lien,Single Family (1-4 Units):Site-Built,Not Hispanic or Latino,White,Male,Approved,1,400000.0,75.0,4.2,0.8,,0,2,2,2,360,,3,1,1,2,1,,4,1,1,7,1,,50.0,,3333,3333,3.0,7.0,1,3,5.0,8.0,2,2,2,4,1,2,55-64,70-74,No,,2,2
2024,99999,MI,26017.0,2601700050.0,Conventional:First Lien,Single Family (1-4 Units):Site-Built,Not Hispanic or Latino,Hispanic,Female,Approved for preapproval,3,300000.0,70.0,5.0,1.0,,1,0,1,3,300,,3,1,1,2,2,,3,1,1,4,1,,60.0,,2222,2222,2.0,6.0,1,4,6.0,9.0,1,2,2,3,2,4,45-54,35-44,Yes,,2,1
2024,99999,WV,54001.0,5400100200.0,VAC:Subordinate Lien,Single Family (1-4 Units):Site-Built,Hispanic or Latino,White,Male,Approved,2,250000.0,80.0,4.5,1.5,,1,1,1,1,300,,1,1,2,2,1,,2,1,4,1,3,,35.0,,6666,6666,1.0,5.5,2,2,3.0,6.0,2,2,1,2,3,3,70-74,55-64,No,,1,2
2024,99999,CO,08013.0,0801305000.0,FHA:First Lien,Single Family (1-4 Units):Site-Built,Not Hispanic or Latino,White,Female,Approved,1,150000.0,65.0,4.2,0.8,,0,1,1,2,360,,2,1,1,2,1,,3,1,4,2,1,,58.0,,3333,3333,2.0,7.0,1,3,4.0,7.0,2,4,1,2,1,3,35-44,45-54,No,,2,2
2024,99999,MD,24031.0,2403100100.0,VA:First Lien,Single Family (1-4 Units):Site-Built,Hispanic or Latino,White,Male,Approved,2,275000.0,85.0,5.0,1.5,,0,1,1,1,360,,2,1,1,2,4,,4,1,4,3,2,,66.0,,7777,7777,2.0,7.0,2,3,4.0,8.0,2,4,2,2,1,4,45-54,55-64,Borrower does not have an observable ethnicity or race,No,,1,1
2024,99999,AZ,04013.0,0401302300.0,Conventional:First Lien,Single Family (1-4 Units):Site-Built,Not Hispanic or Latino,Black,Female,Approved,1,375000.0,80.0,5.0,1.3,,0,2,2,1,360,,3,1,2,1,2,,2,1,3,2,2,,75.0,,1111,1111,1.0,6.0,1,2,3.0,6.0,2,1,1,2,3,3,65-74,55-64,No,,2,1
2024,99999,VT,50017.0,5001700400.0,Other:First Lien,Single Family (1-4 Units):Site-Built,Not Hispanic or Latino,Asian,Male,Approved for preapproval,3,110000.0,75.0,4.0,0.8,,1,1,2,2,180,,2,0,1,1,4,,3,1,1,1,1,,40.0,,9999,9999,2.0,6.0,2,3,4.0,7.0,3,3,2,2,2,3,35-44,55-64,No,,1,2
2024,99999,RI,44001.0,4400100200.0,FHA:First Lien,Single Family (1-4 Units):Site-Built,Not Hispanic or Latino,White,Female,Approved,1,350000.0,85.0,4.3,1.0,,0,1,3,1,360,,4,1,2,1,1,,3,1,2,5,2,,90.0,,2222,2222,3.0,7.0,3,4,5.0,8.0,2,3,1,2,3,3,55-64,75-85,No,,1,1
2024,99999,OR,41053.0,4105300400.0,Conventional:Subordinate Lien,Single Family (1-4 Units):Site-Built,Not Hispanic or Latino,White,Male,Approved,2,300000.0,80.0,5.0,1.2,,0,0,2,2,360,,3,1,1,2,2,,2,1,1,4,1,,39.0,,6666,6666,2.0,6.0,1,3,4.0,7.0,1,1,2,2,1,2,70-74,55-64,Yes,,1,2
2024,99999,KY,21087.0,2108700200.0,FSA/RHS:First Lien,Single Family (1-4 Units):Site-Built,Not Hispanic or Latino,Hispanic,Female,Approved,1,175000.0,70.0,5.2,1.1,,1,1,1,3,300,,2,1,1,1,2,,2,1,3,3,1,,42.0,,7777,7777,1.0,5.0,1,4,4.0,6.0,2,3,1,3,2,3,65-74,45-54,Yes,,2,2
2024,99999,IN,18017.0,1801714000.0,FHA:First Lien,Single Family (1-4 Units):Site-Built,Hispanic or Latino,White,Female,Approved,1,500000.0,75.0,4.5,0.9,,0,1,1,4,360,,1,1,1,1,1,,3,1,3,4,1,,74.0,,5555,5555,2.0,6.0,3,3,3.0,6.0,2,2,3,2,3,3,55-64,45-54,Yes,,2,1
2024,99999,WI,55013.0,5501300100.0,FHA:First Lien,Single Family (1-4 Units):Site-Built,Not Hispanic or Latino,White,Male,Approved,2,325000.0,70.0,4.2,1.0,,0,0,0,2,300,,3,1,2,1,3,,2,1,1,2,1,,81.0,,1111,1111,2.0,6.0,1,3,6.0,7.0,1,1,2,4,1,3,65-74,65-74,Yes,,1,2
2024,99999,SC,45037.0,4503700050.0,FSA/RHS:First Lien,Single Family (1-4 Units):Site-Built,Not Hispanic or Latino,White,Male,Approved,1,175000.0,60.0,4.6,0.8,,0,1,1,2,120,,2,1,1,1,2,,3,2,2,3,2,,76.0,,9999,9999,3.0,7.0,2,3,4.0,7.0,1,2,2,3,1,3,65-74,60-70,No,,1,2
2024,99999,ME,23003.0,2300300100.0,FHA:First Lien,Single Family (1-4 Units):Site-Built,Hispanic or Latino,Hispanic,Male,Approved,3,400000.0,80.0,4.8,1.5,,1,1,2,1,360,,3,1,2,1,3,,4,1,1,2,1,,32.0,,2222,2222,1.0,6.0,2,5,5.0,7.0,2,4,1,3,1,2,45-54,30-44,Yes,,1,2
2024,99999,DC,11001.0,1100100100.0,VA:First Lien,Single Family (1-4 Units):Site-Built,Not Hispanic or Latino,White,Female,Approved,1,450000.0,85.0,4.3,1.0,,0,1,1,1,360,,2,1,1,1,1,,3,2,2,1,2,,68.0,,3333,3333,2.0,6.0,1,3,6.0,7.0,2,4,2,3,1,2,55-64,60-70,Yes,,2,2
2024,99999,NC,37027.0,3702701300.0,FHA:First Lien,Single Family (1-4 Units):Site-Built,Not Hispanic or Latino,Asian,Female,Approved,3,300000.0,80.0,4.4,1.2,,1,1,1,1,300,,2,1,2,1,1,,4,1,1,4,1,,37.0,,1111,1111,2.0,6.0,4,3,5.0,8.0,1,1,2,3,1,4,35-44,55-64,No,,2,2
2024,99999,PA,42007.0,4200701300.0,VAC:Subordinate Lien,Single Family (1-4 Units):Site-Built,Hispanic or Latino,White,Female,Approved,2,165000.0,80.0,4.5,1.0,,0,1,1,1,300,,1,1,2,1,3,,2,1,3,5,2,,45.0,,6666,6666,2.0,6.0,1,4,4.0,7.0,2,2,1,1,3,2,35-44,55-64,Yes,,2,2
2024,99999,VA,51177.0,5117701300.0,FHA:First Lien,Single Family (1-4 Units):Site-Built,Not Hispanic or Latino,White,Male,Approved,1,375000.0,75.0,4.0,0.8,,0,1,1,0,300,,3,1,2,1,1,,2,1,4,5,1,,44.0,,7777,7777,2.0,7.0,1,3,5.0,8.0,2,2,1,2,3,3,25-34,45-54,None,,2,1
2024,99999,NM,35013.0,3501300100.0,Conventional:First Lien,Single Family (1-4 Units):Site-Built,Hispanic or Latino,White,Male,Approved,1,200000.0,70.0,4.2,1.0,,1,1,1,1,300,,2,1,2,1,2,,3,1,1,3,2,,80.0,,2222,2222,1.0,6.0,2,1,5.0,7.0,1,1,2,3,1,2,35-44,55-64,No,,1,1
2024,99999,MN,27021.0,2702100400.0,VAC:Subordinate Lien,Single Family (1-4 Units):Site-Built,Not Hispanic or Latino,White,Female,Approved,1,425000.0,85.0,4.5,1.2,,0,1,1,2,180,,1,1,1,1,1,,4,1,1,4,2,,64.0,,4444,4444,0.0,5.0,1,3,4.0,6.0,1,2,1,2,3,3,55-64,70+ Yes,,2,2
2024,99999,HI,15001.0,1500100100.0,FSA/RHS:First Lien,Single Family (1-4 Units):Site-Built,Not Hispanic or Latino,White,Male,Approved,1,250000.0,75.0,4.0,0.8,,0,1,1,3,360,,0,1,1,1,2,,2,1,1,2,2,,53.0,,9999,9999,3.0,7.0,2,5,5.0,8.0,1,2,1,2,1,2,55-64,60-70,Yes,,1,1
2024,99999,UT,49043.0,4904300300.0,FHA:First Lien,Single Family (1-4 Units):Site-Built,Not Hispanic or Latino,Black,Female,Approved,1,180000.0,70.0,5.4,1.0,,1,1,2,1,240,,3,1,2,1,1,,1,1,1,3,1,,68.0,,2222,2222,1.0,6.5,3,4,4.0,7.0,2,4,3,2,1,3,55-64,55-64,No,,2,2
2024,99999,NH,33015.0,3301500100.0,Conventional:Subordinate Lien,Single Family (1-4 Units):Site-Built,Not Hispanic or Latino,Black,Male,Approved,1,350000.0,80.0,4.8,1.5,,1,1,0,1,240,,2,1,1,1,2,,3,1,3,4,1,,73.0,,1111,1111,0.0,4.0,4,5,6.0,8.0,2,2,1,2,1,2,45-54,55-64,Yes,,2,2
2024,99999,OK,40017.0,4001700100.0,VAC:Subordinate Lien,Single Family (1-4 Units):Site-Built,Not Hispanic or Latino,White,Female,Approved,1,400000.0,90.0,4.2,0.9,,1,1,1,1,180,,2,1,1,1,1,,2,1,3,1,1,,43.0,,5555,5555,1.0,5.0,1,3,4.0,7.0,1,2,1,2,1,1,65-74,55-64,Yes,,2,1
2024,99999,NE,31063.0,3106300200.0,Other:First Lien,Single Family (1-4 Units):Site-Built,Not Hispanic or Latino,Hispanic,Female,Approved for preapproval,3,225000.0,75.0,5.0,1.3,,1,1,2,3,300,,3,2,2,2,1,,3,1,1,4,2,,32.0,,7777,7777,2.0,5.0,2,4,5.0,8.0,2,3,1,1,1,2,65-74,74+ No,,1,1
2024,99999,TN,47015.0,4701500200.0,FHA:First Lien,Single Family (1-4 Units):Site-Built,Not Hispanic or Latino,White,Male,Denied,2,195000.0,80.0,5.2,1.0,,2,1,2,1,300,,1,1,2,2,1,,3,1,3,5,1,,41.0,,4444,4444,2.0,6.0,1,2,6.0,9.0,2,3,2,3,2,2,45-54,55-64,No,,2,2
2024,99999,KS,20173.0,2017300500.0,FSA/RHS:First Lien,Single Family (1-4 Units):Site-Built,Not Hispanic or Latino,Hispanic,Male,Approved,1,225000.0,80.0,4.6,1.2,,1,1,1,2,360,,1,1,2,1,2,,2,1,4,2,1,,90.0,,6666,6666,1.0,5.0,3,4,4.0,7.0,1,1,1,1,2,4,35-44,65-74,No,,1,1
2024,99999,DE,10001.0,1000101000.0,Conventional:First Lien,Single Family (1-4 Units):Site-Built,Not Hispanic or Latino,White,Male,Approved,1,280000.0,72.0,4.2,1.0,,0,1,2,1,360,,3,1,2,2,2,,3,2,1,6,1,,56.0,,3333,3333,1.0,6.0,1,3,4.0,7.0,2,4,2,2,2,2,35-44,55-64,Yes,,2,2
2024,99999,AR,05035.0,0503500100.0,FHA:First Lien,Single Family (1-4 Units):Site-Built,Not Hispanic or Latino,Asian,Female,Approved,1,245000.0,80.0,4.5,1.0,,0,1,1,2,360,,1,1,1,3,2,,2,1,2,1,1,,31.0,,8888,8888,1.0,7.0,4,4,5.0,8.0,2,4,1,2,1,2,45-54,65-74,Yes,,1,2
2024,99999,AL,01043.0,0104300100.0,Conventional:First Lien,Single Family (1-4 Units):Site-Built,Not Hispanic or Latino,Black,Male,Approved,2,310000.0,80.0,4.2,1.0,,0,1,1,1,240,,2,1,1,2,2,,1,1,1,1,1,,88.0,,2222,2222,2.0,7.0,3,4,5.0,7.0,2,3,1,2,1,1,55-64,65-74,Yes,,2,2
2024,99999,MT,30035.0,3003500100.0,VAC:Subordinate Lien,Single Family (1-4 Units):Site-Built,Not Hispanic or Latino,White,Male,Approved,1,375000.0,75.0,4.2,1.2,,0,1,2,2,300,,3,1,1,1,1,,4,1,1,2,1,,46.0,,7777,7777,1.0,6.5,1,3,5.0,8.0,1,4,2,3,2,3,75-85,55-64,Yes,,1,2
2024,99999,ID,16031.0,1603100100.0,FSA/RHS:First Lien,Single Family (1-4 Units):Site-Built,Not Hispanic or Latino,White,Female,Approved,2,250000.0,70.0,4.5,1.0,,0,1,1,1,300,,3,1,1,1,1,,3,1,2,4,1,,54.0,,2222,2222,1.0,5.0,2,4,4.0,7.0,1,3,1,2,2,2,55-64,65-74,No,,1,2
2024,99999,MO,29019.0,2901900100.0,Conventional:First Lien,Single Family (1-4 Units):Site-Built,Not Hispanic or Latino,Hispanic,Female,Approved,1,200000.0,80.0,4.6,1.0,,1,0,2,2,360,,3,1,2,1,2,,1,1,1,3,2,,34.0,,1111,1111,1.0,5.0,1,2,5.0,8.0,2,4,1,2,1,2,35-44,65-74,Yes,,2,2
2024,99999,MS,28007.0,2800700100.0,VA:First Lien,Single Family (1-4 Units):Site-Built,Not Hispanic or Latino,White,Male,Approved,1,280000.0,75.0,4.8,1.2,,1,1,1,4,300,,3,1,1,1,1,,3,1,1,5,1,,61.0,,6666,6666,2.0,6.0,1,3,5.0,7.0,1,1,2,4,1,2,55-64,65-74,Yes,,1,2
2024,99999,WY,56001.0,5600100100.0,Conventional:First Lien,Single Family (1-4 Units):Site-Built,Not Hispanic or Latino,White,Male,Approved,1,250000.0,80.0,4.5,1.0,,1,1
2024,99999,CA,0100.0,0100101000.0,Conventional:First Lien,Single Family (1-4 Units):Site-Built,Hispanic or Latino,Black or African American,Female,Loan originated,1,300000.0,75.3,4.5,0.5,1,12000.0,1200.0,1500.0,2.5,10000.0,360,360,0,0,0,0,0,0,450000.0,Site-Built,Primary,Single-wide,Full,1,0,65000.0,35.0,7,7,Hispanic or Latino,Not Hispanic or Latino,Y,1,2,2,4,4,1,3,2,1,65,65,N,No,Yes,,,1,0
2024,99999,FL,0050.0,0050000000.0,Conventional:First Lien,Single Family (1-4 Units):Site-Built,Not Hispanic or Latino,White,Male,Loan originated,1,250000.0,70.2,4.2,0.3,1,10000.0,1000.0,1200.0,2.0,8000.0,360,360,0,0,0,0,0,0,350000.0,Site-Built,Primary,Single-wide,Full,1,0,55000.0,30.0,8,8,Not Hispanic or Latino,Not Hispanic or Latino,Y,1,2,2,8,8,1,2,1,1,54,54,N,No,Yes,1,1
2024,99999,MD,0170.0,0170100000.0,FHA:First Lien,Single Family (1-4 Units):Site-Built,Not Hispanic or Latino,White,Female,Loan approved but not accepted,1,200000.0,80.0,5.5,1.0,0,15000.0,1500.0,1800.0,3.0,12000.0,360,360,0,0,0,0,0,0,250000.0,Site-Built,Primary,Mobile Home,Full,1,0,70000.0,28.0,7,7,Not Hispanic or Latino,Not Hispanic or Latino,Y,1,2,2,4,4,1,3,1,2,68,68,N,No,No,,1,0
2024,99999,TX,0650.0,0650302000.0,VA:First Lien,Single Family (1-4 Units):Site-Built,Not Hispanic or Latino,White,Male,Loan originated,1,320000.0,78.9,4.8,0.4,1,18000.0,1800.0,2100.0,2.8,14000.0,360,360,0,0,0,0,0,0,400000.0,Site-Built,Primary,Single-wide,Full,1,0,120000.0,40.0,8,8,Not Hispanic or Latino,Not Hispanic or Latino,Y,1,3,3,4,4,1,2,1,2,70,70,N,No,No,1,1
2024,99999,NV,0070.0,0070100100.0,Conventional:First Lien,Single Family (1-4 Units):Site-Built,Hispanic or Latino,Hispanic or Latino,Male,Loan originated,1,380000.0,85.0,5.2,0.8,1,21000.0,2100.0,2400.0,3.2,15000.0,360,360,0,0,0,0,0,0,450000.0,Site-Built,Primary,Single-wide,Full,1,0,90000.0,32.0,6,6,Hispanic or Latino,Hispanic or Latino,Y,1,2,2,4,4,1,2,1,2,62,62,N,No,No,,1,1
2024,99999,GA,0790.0,0790100000.0,Conventional:First Lien,Single Family (1-4 Units):Site-Built,Hispanic or Latino,Hispanic or Latino,Male,Loan approved but not accepted,1,210000.0,72.1,4.4,0.3,1,12000.0,1200.0,1400.0,2.2,9000.0,360,360,0,0,0,0,0,0,280000.0,Site-Built,Primary,Mobile Home,Full,1,0,50000.0,29.0,7,7,Hispanic or Latino,Hispanic or Latino,Y,1,2,2,4,4,1,3,1,1,56,56,N,No,No,1,0
2024,99999,OR,0250.0,0250200200.0,FHA:First Lien,Single Family (1-4 Units):Site-Built,Hispanic or Latino,White,Male,Loan originated,1,180000.0,75.0,5.6,1.0,0,13000.0,1300.0,1600.0,3.0,10000.0,360,360,0,0,0,0,0,0,240000.0,Site-Built,Primary,Single-wide,Full,1,0,40000.0,30.0,6,6,Hispanic or Latino,Not Hispanic or Latino,Y,1,1,1,4,4,1,2,1,2,48,48,N,No,Yes,0,1
2024,99999,IL,0350.0,0350102000.0,Conventional:First Lien,Single Family (1-4 Units):Site-Built,Not Hispanic or Latino,Asian,Male,Loan originated,1,270000.0,76.0,4.7,0.5,1,15000.0,1500.0,1700.0,2.8,11000.0,360,360,0,0,0,0,0,0,350000.0,Site-Built,Primary,Single-wide,Full,1,0,60000.0,34.0,7,7,Not Hispanic or Latino,Not Hispanic or Latino,Y,1,2,2,4,4,1,3,2,1,58,58,N,No,Yes,1,1
2024,99999,AZ,0030.0,0030000000.0,FHA:First Lien,Single Family (1-4 Units):Site-Built,Not Hispanic or Latino,Other,Male,Loan originated,1,230000.0,68.2,5.4,0.8,0,11000.0,1100.0,1300.0,2.2,8500.0,360,360,0,0,0,0,0,0,300000.0,Site-Built,Primary,Single-wide,Full,1,0,55000.0,30.0,6,6,Not Hispanic or Latino,Other,Y,1,1,1,4,4,1,2,1,2,45,45,N,No,Yes,0,0
2024,99999,WA,0540.0,0540103000.0,FHA:First Lien,Single Family (1-4 Units):Site-Built,Not Hispanic or Latino,White,Female,Loan originated,1,310000.0,75.0,4.6,0.6,1,17000.0,1700.0,2000.0,2.7,13000.0,360,360,0,0,0,0,0,0,400000.0,Site-Built,Primary,Single-wide,Full,1,0,60000.0,31.0,7,7,Not Hispanic or Latino,Not Hispanic or Latino,Y,1,2,2,4,4,1,3,1,2,59,59,N,No,Yes,1,1
2024,99999,NJ,0210.0,0210104000.0,Conventional:First Lien,Single Family (1-4 Units):Site-Built,Hispanic or Latino,Asian,Male,Loan originated,1,290000.0,79.0,4.8,0.4,1,16000.0,1600.0,1900.0,2.9,12000.0,360,360,0,0,0,0,0,0,380000.0,Site-Built,Primary,Single-wide,Full,1,0,80000.0,33.0,7,7,Hispanic or Latino,Asian,Y,1,2,2,4,4,1,3,1,2,57,57,N,No,Yes,,1
2024,99999,MI,0030.0,0030000000.0,FHA:First Lien,Single Family (1-4 Units):Site-Built,Not Hispanic or Latino,White,Female,Loan originated,1,235000.0,78.0,5.0,0.7,0,12000.0,1200.0,1400.0,2.5,9500.0,360,360,0,0,0,0,0,0,300000.0,Site-Built,Primary,Mobile Home,Full,1,0,45000.0,30.0,7,7,Not Hispanic or Latino,Not Hispanic or Latino,Y,1,3,3,4,4,1,2,2,1,60,60,N,No,Yes,1,0
2024,99999,PA,0250.0,0250105000.0,VA:First Lien,Single Family (1-4 Units):Site-Built,Not Hispanic or Latino,White,Male,Loan originated,1,330000.0,76.0,4.9,0.6,1,19000.0,1900.0,2200.0,3.0,13000.0,360,360,0,0,0,0,0,0,420000.0,Site-Built,Primary,Single-wide,Full,1,0,75000.0,35.0,8,8,Not Hispanic or Latino,Not Hispanic or Latino,Y,1,2,2,4,4,1,2,1,1,65,65,N,No,Yes,1,1
2024,99999,OH,0670.0,0670102000.0,Conventional:First Lien,Single Family (1-4 Units):Site-Built,Hispanic or Latino,Black or African American,Female,Loan originated,1,240000.0,75.5,4.4,0.4,1,13000.0,1300.0,1500.0,2.3,10000.0,360,360,0,0,0,0,0,0,320000.0,Site-Built,Primary,Single-wide,Full,1,0,50000.0,29.0,6,6,Hispanic or Latino,Black or African American,Y,1,2,2,4,4,1,3,1,1,55,55,N,No,No,,1
2024,99999,DC,0010.0,0010000000.0,FHA:First Lien,Single Family (1-4 Units):Site-Built,Hispanic or Latino,White,Male,Loan originated,1,260000.0,78.5,5.1,0.7,0,14000.0,1400.0,1700.0,2.6,11000.0,360,360,0,0,0,0,0,0,350000.0,Site-Built,Primary,Single-wide,Full,1,0,70000.0,32.0,7,7,Hispanic or Latino,Not Hispanic or Latino,Y,1,2,2,4,4,1,2,1,0,63,63,N,No,No,,1
2024,99999,MA,0070.0,0070000100.0,Conventional:First Lien,Single Family (1-4 Units):Site-Built,Not Hispanic or Latino,White,Female,Loan originated,1,280000.0,77.0,4.6,0.5,1,15000.0,1500.0,1800.0,2.7,11000.0,360,360,0,0,0,0,0,0,360000.0,Site-Built,Primary,Mobile Home,Full,1,0,58000.0,33.0,7,7,Not Hispanic or Latino,Not Hispanic or Latino,Y,1,3,3,4,4,1,2,1,1,67,67,N,No,Yes,1,1
2024,99999,CO,0550.0,0550100000.0,VA:First Lien,Single Family (1-4 Units):Site-Built,Hispanic or Latino,Hispanic or Latino,Male,Loan originated,1,390000.0,84.0,5.3,0.9,1,22000.0,2200.0,2500.0,3.3,16000.0,360,360,0,0,0,0,0,0,470000.0,Site-Built,Primary,Single-wide,Full,1,0,85000.0,39.0,8,8,Hispanic or Latino,Hispanic or Latino,Y,1,2,2,4,4,1,2,1,1,50,50,N,No,Yes,0,0
2024,99999,MN,0570.0,0570000000.0,FHA:First Lien,Single Family (1-4 Units):Site-Built,Hispanic or Latino,White,Female,Loan originated,1,220000.0,73.5,5.2,0.6,0,10000.0,1000.0,1200.0,2.0,8000.0,360,360,0,0,0,0,0,0,300000.0,Site-Built,Primary,Mobile Home,Full,1,0,55000.0,30.0,7,7,Hispanic or Latino,Not Hispanic or Latino,Y,1,2,2,4,4,1,3,2,1,58,58,N,No,Yes,0,1
2024,99999,WI,0180.0,0180200000.0,Conventional:First Lien,Single Family (1-4 Units):Site-Built,Not Hispanic or Latino,White,Male,Loan originated,1,250000.0,74.5,4.5,0.4,1,12000.0,1200.0,1400.0,2.1,10000.0,360,360,0,0,0,0,0,0,350000.0,Site-Built,Primary,Single-wide,Full,1,0,60000.0,30.0,8,8,Not Hispanic or Latino,Not Hispanic or Latino,Y,1,2,2,4,4,1,2,1,1,62,62,N,No,Yes,1,1
2024,99999,NC,0050.0,0050100000.0,Conventional:First Lien,Single Family (1-4 Units):Site-Built,Hispanic or Latino,Other,Male,Loan originated,1,230000.0,71.0,4.2,0.3,1,10000.0,1000.0,1200.0,2.0,9000.0,360,360,0,0,0,0,0,0,320000.0,Site-Built,Primary,Single-wide,Full,1,0,50000.0,30.0,7,7,Hispanic or Latino,Other,Y,1,2,2,4,4,1,2,1,2,53,53,N,No,No,,0
2024,99999,VA,0290.0,0290102000.0,FHA:First Lien,Single Family (1-4 Units):Site-Built,Hispanic or Latino,Asian,Female,Loan originated,1,270000.0,80.0,5.0,0.7,0,13000.0,1300.0,1600.0,2.8,11000.0,360,360,0,0,0,0,0,0,350000.0,Site-Built,Primary,Single-wide,Full,1,0,90000.0,38.0,7,7,Hispanic or Latino,Asian,Y,1,2,2,4,4,1,3,2,2,58,58,N,No,Yes,0,1
2024,99999,MO,0450.0,0450100000.0,VA:First Lien,Single Family (1-4 Units):Site-Built,Not Hispanic or Latino,White,Male,Loan originated,1,400000.0,79.0,4.9,0.6,1,23000.0,2300.0,2600.0,3.1,15000.0,360,360,0,0,0,0,0,0,500000.0,Site-Built,Primary,Single-wide,Full,1,0,100000.0,40.0,8,8,Not Hispanic or Latino,Not Hispanic or Latino,Y,1,1,1,4,4,1,2,1,0,64,64,N,No,Yes,1,1
2024,99999,NE,0370.0,0370100000.0,Conventional:First Lien,Single Family (1-4 Units):Site-Built,Hispanic or Latino,White,Female,Loan originated,1,240000.0,76.0,5.1,0.5,1,12000.0,1200.0,1400.0,2.5,10000.0,360,360,0,0,0,0,0,0,360000.0,Site-Built,Primary,Single-wide,Full,1,0,60000.0,31.0,6,6,Hispanic or Latino,Not Hispanic or Latino,Y,1,2,2,4,4,1,3,1,0,56,56,N,No,Yes,0,1
2024,99999,NH,0070.0,0070000000.0,Conventional:First Lien,Single Family (1-4 Units):Site-Built,Hispanic or Latino,Hispanic or Latino,Male,Loan originated,1,300000.0,75.0,4.8,0.4,1,16000.0,1600.0,1900.0,2.6,12000.0,360,360,0,0,0,0,0,0,400000.0,Site-Built,Primary,Single-wide,Full,1,0,67000.0,32.0,7,7,Hispanic or Latino,Hispanic or Latino,Y,1,2,2,4,4,1,2,1,1,60,60,N,No,Yes,0,0
2024,99999,IN,0300.0,0300101000.0,FHA:First Lien,Single Family (1-4 Units):Site-Built,Hispanic or Latino,White,Female,Loan originated,1,220000.0,76.0,5.3,0.5,0,11000.0,1100.0,1300.0,2.4,9000.0,360,360,0,0,0,0,0,0,300000.0,Site-Built,Primary,Single-wide,Full,1,0,55000.0,31.0,6,6,Hispanic or Latino,Not Hispanic or Latino,Y,1,1,1,4,4,1,3,1,1,54,54,N,No,No,,0
2024,99999,KY,0590.0,0590000100.0,Conventional:First Lien,Single Family (1-4 Units):Site-Built,Not Hispanic or Latino,White,Male,Loan originated,1,280000.0,78.0,4.6,0.4,1,14000.0,1400.0,1600.0,2.8,11000.0,360,360,0,0,0,0,0,0,350000.0,Site-Built,Primary,Single-wide,Full,1,0,65000.0,35.0,8,8,Not Hispanic or Latino,Not Hispanic or Latino,Y,1,2,2,4,4,1,2,1,0,61,61,N,No,Yes,1,1
2024,99999,VT,0110.0,0110100000.0,VA:First Lien,Single Family (1-4 Units):Site-Built,Not Hispanic or Latino,White,Female,Loan originated,1,260000.0,72.0,4.7,0.5,1,13000.0,1300.0,1500.0,2.4,10000.0,360,360,0,0,0,0,0,0,350000.0,Site-Built,Primary,Single-wide,Full,1,0,60000.0,32.0,7,7,Not Hispanic or Latino,Not Hispanic or Latino,Y,1,2,2,4,4,1,3,1,1,57,57,N,No,Yes,0,1
2024,99999,MD,0050.0,0050700000.0,FHA:First Lien,Single Family (1-4 Units):Site-Built,Hispanic or Latino,White,Male,Loan originated,1,340000.0,80.5,5.5,0.7,0,19000.0,1900.0,2200.0,3.1,13000.0,360,360,0,0,0,0,0,0,450000.0,Site-Built,Primary,Single-wide,Full,1,0,90000.0,35.0,7,7,Hispanic or Latino,Not Hispanic or Latino,Y,1,1,1,4,4,1,2,1,0,65,65,N,No,No,,1
2024,99999,CT,0050.0,0050100000.0,VA:First Lien,Single Family (1-4 Units):Site-Built,Not Hispanic or Latino,White,Male,Loan originated,1,300000.0,77.0,4.6,0.5,1,15000.0,1500.0,1800.0,2.6,12000.0,360,360,0,0,0,0,0,0,400000.0,Site-Built,Primary,Single-wide,Full,1,0,68000.0,34.0,8,8,Not Hispanic or Latino,Not Hispanic or Latino,Y,1,2,2,4,4,1,2,1,1,63,63,N,No,Yes,1,1
2024,99999,SC,0290.0,0290101000.0,Conventional:First Lien,Single Family (1-4 Units):Site-Built,Not Hispanic or Latino,White,Female,Loan originated,1,350000.0,75.0,4.9,0.6,1,18000.0,1800.0,2100.0,3.0,14000.0,360,360,0,0,0,0,0,0,480000.0,Site-Built,Primary,Single-wide,Full,1,0,70000.0,33.0,8,8,Not Hispanic or Latino,Not Hispanic or Latino,Y,1,2,2,4,4,1,3,2,2,60,60,N,No,Yes,1,1
2024,99999,UT,0110.0,0110201000.0,FHA:First Lien,Single Family (1-4 Units):Site-Built,Hispanic or Latino,Hispanic or Latino,Male,Loan originated,1,250000.0,77.0,5.3,0.8,0,12000.0,1200.0,1400.0,2.2,10000.0,360,360,0,0,0,0,0,0,350000.0,Site-Built,Primary,Single-wide,Full,1,0,55000.0,30.0,7,7,Hispanic or Latino,Hispanic or Latino,Y,1,1,1,4,4,1,2,1,0,55,55,N,No,No,,1
2024,99999,MS,0450.0,0450103000.0,Conventional:First Lien,Single Family (1-4 Units):Site-Built,Not Hispanic or Latino,White,Female,Loan originated,1,220000.0,72.8,4.2,0.3,1,10000.0,1000.0,1200.0,2.0,8000.0,360,360,0,0,0,0,0,0,300000.0,Site-Built,Primary,Single-wide,Full,1,0,50000.0,28.0,6,6,Not Hispanic or Latino,Not Hispanic or Latino,Y,1,2,2,4,4,1,3,1,1,58,58,N,No,Yes,1,1
2024,99999,RI,0030.0,0030000000.0,FHA:First Lien,Single Family (1-4 Units):Site-Built,Not Hispanic or Latino,White,Male,Loan originated,1,260000.0,73.5,5.1,0.5,0,11000.0,1100.0,1300.0,2.3,9000.0,360,360,0,0,0,0,0,0,350000.0,Site-Built,Primary,Single-wide,Full,1,0,60000.0,31.0,7,7,Not Hispanic or Latino,Not Hispanic or Latino,Y,1,1,1,4,4,1,2,1,2,62,62,N,No,Yes,1,1
2024,99999,AL,0310.0,0310100000.0,VA:First Lien,Single Family (1-4 Units):Site-Built,Not Hispanic or Latino,White,Female,Loan originated,1,280000.0,75.0,4.8,0.5,1,14000.0,1400.0,1600.0,2.7,11000.0,360,360,0,0,0,0,0,0,380000.0,Site-Built,Primary,Single-wide,Full,1,0,55000.0,32.0,7,7,Not Hispanic or Latino,Not Hispanic or Latino,Y,1,2,2,4,4,1,3,1,1,59,59,N,No,Yes,1,1
2024,99999,DE,0010.0,0010000000.0,Conventional:First Lien,Single Family (1-4 Units):Site-Built,Not Hispanic or Latino,Hispanic or Latino,Male,Loan originated,1,300000.0,76.0,4.5,0.4,1,15000.0,1500.0,1800.0,2.6,12000.0,360,360,0,0,0,0,0,0,400000.0,Site-Built,Primary,Single-wide,Full,1,0,65000.0,33.0,8,8,Not Hispanic or Latino,Hispanic or Latino,Y,1,2,2,4,4,1,2,1,1,63,63,N,No,Yes,1,0
2024,99999,SD,0110.0,0110000000.0,FHA:First Lien,Single Family (1-4 Units):Site-Built,Hispanic or Latino,White,Female,Loan originated,1,235000.0,74.0,5.2,0.6,0,11000.0,1100.0,1300.0,2.2,9000.0,360,360,0,0,0,0,0,0,320000.0,Site-Built,Primary,Single-wide,Full,1,0,52000.0,30.0,6,6,Hispanic or Latino,Not Hispanic or Latino,Y,1,1,1,4,4,1,3,1,1,54,54,N,No,Yes,0,0
2024,99999,ID,0210.0,0210101000.0,Conventional:First Lien,Single Family (1-
2024,99999,CT,9150.0,9150708100.0,Conventional:Subordinate Lien,Single Family (1-4 Units):Site-Built,Not Hispanic or Latino,White,Male,File closed for incompleteness,32,25000.0,,,,3,,,,,,240,,,2,2,2,2,,1,1,3,5,1,,96.0,,1111,1111,2.0,5.0,2,4,5.0,8.0,2,4,1,5,2,4,65-74,9999,Yes,,1,1
2024,99999,FL,12345.0,1234567890.0,FHA,Single Family (1-4 Units):Site-Built,Hispanic or Latino,Black or African American,Female,Loan Originated,1,350000.0,85.0,4.75,1.25,1,8000.0,1200.0,3500.0,2.0,1200.0,360,5,0,0,0,0,0,330000.0,Site-Built,Primary Residency,0,0,1,0,75000.0,42.0,1,1,1,1,1,1,2,1,1,1,30-39,30-39,No,,1,1
2024,99999,NY,12345.0,1234567890.0,VA,Single Family (1-4 Units):Site-Built,Not Hispanic or Latino,Asian,Male,Loan Approved but not accepted,3,40000.0,90.0,4.5,1.0,1,3000.0,650.0,1500.0,1.0,500.0,360,12,0,0,0,0,0,40000.0,Site-Built,Primary Residency,0,0,1,0,80000.0,35.0,2,2,2,2,2,2,3,0,1,0,40-50,40-50,Yes,,1,1
2024,99999,TX,12345.0,1234567890.0,Conventional:First Lien,Single Family (1-4 Units):Site-Built,Not Hispanic or Latino,White,Female,Application approved for funding,1,400000.0,80.0,5.25,1.5,0,4300.0,2500.0,2800.0,2.0,1700.0,360,24,0,1,0,0,1,420000.0,Site-Built,Primary Residency,0,0,1,0,70000.0,30.0,1,1,1,1,1,1,4,1,1,1,25-35,25-35,No,,1,1
2024,99999,GA,12345.0,1234567890.0,FHA,Single Family (1-4 Units):Site-Built,Hispanic or Latino,White,Male,Preapproval request denied,3,250000.0,85.0,5.5,2.0,0,2700.0,1000.0,1400.0,1.0,1000.0,360,60,0,0,0,0,0,300000.0,Site-Built,Primary Residency,0,0,1,0,40000.0,38.0,0,0,1,0,0,0,0,0,1,0,30-39,30-39,Yes,,0,0
2024,99999,CA,12345.0,1234567890.0,Conventional:First Lien,Single Family (1-4 Units):Site-Built,Not Hispanic or Latino,White,Male,Loan originator requested,3,350000.0,90.0,4.15,0.75,0,3600.0,1900.0,1700.0,1.0,500.0,360,6,0,0,0,1,1,280000.0,Site-Built,Primary Residency,0,0,1,0,80000.0,25.0,1,1,1,1,1,1,1,1,1,1,25-35,25-35,Yes,,1,1
2024,99999,TN,12345.0,1234567890.0,VA,Multi-Family:Site-Built,Not Hispanic or Latino,Asian,Female,Loan originated,2,375000.0,88.0,4.25,0.85,1,3900.0,1300.0,2100.0,0.5,1500.0,360,12,0,0,0,0,0,500000.0,Site-Built,Investment Property,0,0,1,0,85000.0,31.0,1,1,1,1,1,1,0,1,1,1,35-45,35-45,No,,1,1
2024,99999,MI,12345.0,1234567890.0,Conventional:First Lien,Single Family (1-4 Units):Site-Built,Not Hispanic or Latino,White,Female,Denial of loan application,3,275000.0,92.0,5.75,2.25,0,3100.0,1200.0,1900.0,0.5,1600.0,360,24,0,1,0,0,1,300000.0,Site-Built,Primary Residency,0,0,1,0,70000.0,40.0,1,1,1,1,1,1,4,0,1,1,25-35,25-35,Yes,,1,1
2024,99999,NJ,12345.0,1234567890.0,Conventional:First Lien,Single Family (1-4 Units):Site-Built,Not Hispanic or Latino,White,Male,File closed for incompleteness,1,300000.0,85.0,4.0,0.75,1,4000.0,1000.0,1500.0,1.0,800.0,360,12,0,0,0,0,1,320000.0,Site-Built,Primary Residency,0,0,1,0,65000.0,36.0,1,1,1,1,1,1,4,1,1,1,40-50,40-50,No,,1,1
2024,99999,AZ,12345.0,1234567890.0,FHA,Single Family (1-4 Units):Site-Built,Not Hispanic or Latino,Black or African American,Female,Loan Originated,2,280000.0,85.0,4.5,1.25,1,3700.0,1500.0,1600.0,1.0,1200.0,360,60,0,0,1,0,0,330000.0,Site-Built,Primary Residency,0,0,1,0,65000.0,30.0,2,2,2,2,2,2,2,0,1,0,40-50,40-50,Yes,,1,1
2024,99999,WA,12345.0,1234567890.0,VA,Single Family (1-4 Units):Site-Built,Hispanic or Latino,White,Male,Application approved for funding,2,350000.0,78.0,4.25,0.8,0,2900.0,1200.0,1300.0,0.0,800.0,360,24,0,0,0,0,0,400000.0,Site-Built,Primary Residency,0,0,1,0,80000.0,32.0,1,1,1,1,1,1,1,1,1,1,30-39,30-39,Yes,,1,1
2024,99999,OH,12345.0,1234567890.0,Conventional:Subordinate Lien,Single Family (1-4 Units):Site-Built,Not Hispanic or Latino,White,Female,Loan originated,3,500000.0,80.0,4.0,0.75,0,4200.0,2000.0,2500.0,2.0,1800.0,360,12,0,1,0,0,1,520000.0,Site-Built,Primary Residency,0,0,1,0,75000.0,28.0,1,1,1,1,1,1,4,0,1,1,35-45,35-45,No,,1,1
2024,99999,WI,12345.0,1234567890.0,FHA,Single Family (1-4 Units):Site-Built,Not Hispanic or Latino,White,Female,Loan approved but not accepted,3,330000.0,90.0,5.0,1.5,1,3200.0,700.0,1600.0,1.0,800.0,360,60,0,0,0,0,0,350000.0,Site-Built,Primary Residency,0,0,1,0,60000.0,22.0,1,1,1,1,1,1,0,1,1,1,25-35,25-35,Yes,,1,1
2024,99999,MD,12345.0,1234567890.0,Conventional:First Lien,Single Family (1-4 Units):Site-Built,Hispanic or Latino,White,Male,Denial of loan application,1,425000.0,88.0,5.25,1.0,0,4200.0,2100.0,2800.0,1.5,2000.0,360,24,0,0,0,1,1,450000.0,Site-Built,Primary Residency,0,0,1,0,90000.0,33.0,1,1,1,1,1,1,1,1,1,1,40-50,40-50,No,,1,1
2024,99999,MA,12345.0,1234567890.0,VA,Single Family (1-4 Units):Site-Built,Not Hispanic or Latino,White,Female,Preapproval request denied,2,260000.0,90.0,6.0,2.0,0,3300.0,1000.0,1900.0,0.5,1200.0,360,36,0,0,0,0,0,300000.0,Site-Built,Primary Residency,0,0,1,0,85000.0,34.0,1,1,1,1,1,1,1,1,1,1,25-35,25-35,Yes,,1,1
2024,99999,IL,12345.0,1234567890.0,FHA,Single Family (1-4 Units):Site-Built,Hispanic or Latino,White,Male,File closed for incompleteness,3,350000.0,85.0,5.5,1.25,1,3600.0,1200.0,2000.0,1.0,800.0,360,60,0,0,0,1,0,380000.0,Site-Built,Primary Residency,0,0,1,0,65000.0,30.0,0,0,1,0,0,0,0,0,1,0,40-50,40-50,Yes,,0,0
2024,99999,NC,12345.0,1234567890.0,FHA,Single Family (1-4 Units):Site-Built,Not Hispanic or Latino,White,Male,Application approved for funding,1,400000.0,80.0,5.75,1.5,0,3500.0,1000.0,1800.0,1.0,700.0,360,24,0,0,0,1,1,420000.0,Site-Built,Primary Residency,0,0,1,0,70000.0,30.0,1,1,1,1,1,1,2,1,1,0,30-39,30-39,Yes,,1,1
2024,99999,LA,12345.0,1234567890.0,Conventional:First Lien,Single Family (1-4 Units):Site-Built,Hispanic or Latino,Black or African American,Female,Preapproval request denied,3,320000.0,90.0,6.25,2.0,0,3200.0,1100.0,1600.0,1.0,1300.0,360,0,0,1,0,1,1,350000.0,Site-Built,Primary Residency,0,0,1,0,50000.0,40.0,2,2,2,2,2,2,1,1,1,1,35-45,35-45,No,,1,1
2024,99999,SC,12345.0,1234567890.0,VA,Single Family (1-4 Units):Site-Built,Not Hispanic or Latino,White,Female,Loan Originated,2,350000.0,80.0,4.25,0.85,0,3900.0,1200.0,1400.0,1.0,800.0,360,0,0,0,1,0,0,400000.0,Site-Built,Primary Residency,0,0,1,0,65000.0,30.0,2,2,2,2,2,2,0,0,1,1,30-39,30-39,Yes,,1,1
2024,99999,PA,12345.0,1234567890.0,FHA,Single Family (1-4 Units):Site-Built,Not Hispanic or Latino,White,Male,File closed for incompleteness,3,300000.0,85.0,4.75,1.25,1,4200.0,1200.0,2200.0,1.0,800.0,360,24,0,0,0,1,0,320000.0,Site-Built,Primary Residency,0,0,1,0,60000.0,28.0,1,1,1,1,1,1,4,1,1,1,65-74,65-74,No,,1,1
2024,99999,CO,12345.0,1234567890.0,Conventional:Subordinate Lien,Single Family (1-4 Units):Site-Built,Not Hispanic or Latino,Black or African American,Male,Application approved for funding,3,280000.0,92.0,5.0,1.5,1,3600.0,1300.0,1900.0,1.0,800.0,360,36,0,0,0,0,1,310000.0,Site-Built,Primary Residency,0,0,1,0,55000.0,34.0,1,1,1,1,1,1,1,1,1,0,45-55,45-55,Yes,,1,1
2024,99999,OK,12345.0,1234567890.0,FHA,Single Family (1-4 Units):Site-Built,Hispanic or Latino,White,Female,Loan Originated,1,320000.0,86.0,5.25,2.0,1,3200.0,1100.0,1900.0,0.5,600.0,360,60,0,1,0,1,0,350000.0,Site-Built,Primary Residency,0,0,1,0,50000.0,30.0,2,0,1,0,0,0,1,0,1,0,35-45,35-45,Yes,,1,1
2024,99999,IN,12345.0,1234567890.0,VA,Single Family (1-4 Units):Site-Built,Hispanic or Latino,White,Male,Denial of loan application,1,250000.0,90.0,5.5,1.5,1,3800.0,1000.0,2100.0,0.5,1200.0,360,6,0,0,0,0,0,280000.0,Site-Built,Primary Residency,0,0,1,0,60000.0,35.0,1,0,1,0,0,0,2,0,1,0,25-35,25-35 Yes,,1,1
2024,99999,KY,12345.0,1234567890.0,Conventional:First Lien,Single Family (1-4 Units):Site-Built,Not Hispanic or Latino,White,Female,Loan originated,2,300000.0,85.0,4.75,1.25,1,3300.0,1100.0,1000.0,1.0,900.0,360,12,0,1,0,1,1,320000.0,Site-Built,Primary Residency,0,0,1,0,65000.0,30.0,1,1,1,1,1,1,4,1,1,1,30-39,30-39,No,,1,1
2024,99999,AL,12345.0,1234567890.0,FHA,Single Family (1-4 Units):Site-Built,Hispanic or Latino,White,Male,Loan originator requested,2,375000.0,88.0,5.75,2.25,1,3200.0,1400.0,1100.0,1.5,1200.0,360,24,0,0,0,0,0,400000.0,Site-Built,Primary Residency,0,0,1,0,55000.0,32.0,2,1,1,0,0,0,1,1,1,1,25-35,25-35,Yes,,1,1
2024,99999,FL,12345.0,1234567890.0,Conventional:First Lien,Single Family (1-4 Units):Site-Built,Not Hispanic or Latino,White,Female,Denial of loan application,1,450000.0,95.0,5.5,2.0,0,4800.0,2000.0,1900.0,1.0,2000.0,360,24,0,1,0,0,1,500000.0,Site-Built,Primary Residency,0,0,1,0,70000.0,26.0,1,1,1,1,1,1,4,1,1,0,35-45,35-45,No,,1,1
2024,99999,VA,12345.0,1234567890.0,VA,Single Family (1-4 Units):Site-Built,Hispanic or Latino,White,Male,Preapproval request denied,2,340000.0,92.0,4.25,1.0,0,3900.0,1400.0,1400.0,1.0,1200.0,360,12,0,0,0,0,0,360000.0,Site-Built,Primary Residency,0,0,1,0,80000.0,34.0,1,0,1,0,0,0,1,1,1,1,40-50,40-50,Yes,,1,1
2024,99999,MS,12345.0,1234567890.0,FHA,Single Family (1-4 Units):Site-Built,Not Hispanic or Latino,White,Female,Loan originated,1,300000.0,90.0,5.25,1.5,0,3800.0,1000.0,1500.0,0.5,700.0,360,6,0,0,0,1,0,320000.0,Site-Built,Primary Residency,0,0,1,0,60000.0,32.0,1,1,1,1,1,1,4,1,1,1,25-35,25-35,Yes,,1,1
2024,99999,OR,12345.0,1234567890.0,Conventional:First Lien,Single Family (1-4 Units):Site-Built,Not Hispanic or Latino,White,Male,Application approved for funding,1,280000.0,80.0,4.75,1.0,0,3700.0,1300.0,1800.0,1.0,1000.0,360,24,0,1,0,1,0,300000.0,Site-Built,Primary Residency,0,0,1,0,95000.0,36.0,1,1,1,1,1,1,2,1,1,1,45-55,45-55,No,,1,1
2024,99999,DE,12345.0,1234567890.0,FHA,Single Family (1-4 Units):Site-Built,Not Hispanic or Latino,White,Male,File closed for incompleteness,3,340000.0,90.0,5.0,1.0,0,3400.0,1200.0,1300.0,1.5,1600.0,360,36,0,0,0,0,0,350000.0,Site-Built,Primary Residency,0,0,1,0,55000.0,31.0,1,1,1,1,1,1,1,1,1,0,30-39,30-39,Yes,,1,1
2024,99999,VT,12345.0,1234567890.0,Conventional:First Lien,Single Family (1-4 Units):Site-Built,Not Hispanic or Latino,White,Female,Preapproval request denied,1,375000.0,78.0,4.25,0.5,0,3100.0,1300.0,1900.0,0.5,800.0,360,36,0,0,0,1,1,400000.0,Site-Built,Primary Residency,0,0,1,0,75000.0,27.0,1,1,1,1,1,1,1,1,1,0,35-45,35-45,Yes,,1,1
2024,99999,RI,12345.0,1234567890.0,VA,Single Family (1-4 Units):Site-Built,Not Hispanic or Latino,White,Male,Loan originator requested,3,360000.0,78.0,4.75,1.25,0,3200.0,1600.0,2000.0,1.0,700.0,360,12,0,0,0,0,0,380000.0,Site-Built,Primary Residency,0,0,1,0,85000.0,30.0,1,1,1,1,1,1,0,0,1,1,65-74,65-74,No,,1,1
2024,99999,ME,12345.0,1234567890.0,FHA,Single Family (1-4 Units):Site-Built,Not Hispanic or Latino,White,Female,Denial of loan application,3,320000.0,88.0,6.0,2.0,1,3700.0,1100.0,1200.0,0.5,800.0,360,6,0,1,0,1,0,350000.0,Site-Built,Primary Residency,0,0,1,0,65000.0,35.0,1,1,1,1,1,1,1,1,1,1,50-60,50-60,No,,1,1
2024,99999,WV,12345.0,1234567890.0,Conventional:First Lien,Single Family (1-4 Units):Site-Built,Not Hispanic or Latino,White,Female,Application approved for funding,2,440000.0,80.0,4.5,1.0,1,4900.0,1900.0,2200.0,1.5,800.0,360,0,0,0,0,0,0,460000.0,Site-Built,Primary Residency,0,0,1,0,60000.0,31.0,1,1,1,1,1,1,4,0,1,0,45-55,45-55,Yes,,1,1
2024,99999,MT,12345.0,1234567890.0,FHA,Single Family (1-4 Units):Site-Built,Hispanic or Latino,White,Male,Preapproval request denied,1,275000.0,90.0,5.75,1.25,0,3000.0,1000.0,1600.0,0.75,1200.0,360,24,0,0,0,0,0,300000.0,Site-Built,Primary Residency,0,0,1,0,60000.0,29.0,2,2,2,2,2,2,0,1,0,1,25-35,25-35,Yes,,1,1
2024,99999,ID,12345.0,1234567890.0,Conventional:Subordinate Lien,Single Family (1-4 Units):Site-Built,Hispanic or Latino,White,Female,Loan Originated,2,350000.0,86.0,4.25,1.0,0,4300.0,1500.0,1600.0,1.0,700.0,360,0,0,1,0,1,0,370000.0,Site-Built,Primary Residency,0,0,1,0,55000.0,35.0,1,2,1,0,1,0,0,0,1,0,35-45,35-45,Yes,,0,1
2024,99999,NM,12345.0,1234567890.0,VA,Single Family (1-4 Units):Site-Built,Not Hispanic or Latino,White,Female,Denial of loan application,1,425000.0,88.0,5.25,1.5,0,3500.0,1100.0,1300.0,1.0,600.0,360,0,0,0,0,1,1,450000.0,Site-Built,Primary Residency,0,0,1,0,70000.0,32.0,1,1,1,1,1,1,1,1,1,1,25-35,25-35,Yes,,1,1
2024,99999,AZ,12345.0,1234567890.0,VA,Single Family (1-4 Units):Site-Built,Not Hispanic or Latino,White,Male,Application approved for funding,2,375000.0,78.0,4.5,0.75,0,3900.0,1500.0,1900.0,0.5,1800.0,360,12,0,0,0,1,0,400000.0,Site-Built,Primary Residency,0,0,1,0,85000.0,30.0,1,1,1,1,1,1,0,0,1,1,65-74,65-74,No,,1,1
2024,99999,WA,12345.0,1234567890.0,FHA,Single Family (1-4 Units):Site-Built,Not Hispanic or Latino,Black or African American,Female,File closed for incompleteness,3,300000.0,95.0,6.5,2.5,1
2024,99999,CT,9150.0,9150708100.0,Conventional:Subordinate Lien,Single Family (1-4 Units):Site-Built,Not Hispanic or Latino,White,Male,File closed for incompleteness,32,25000.0,,,,3,,,,,,240,,,2,2,2,2,,1,1,3,5,1,,96.0,,1111,1111,2.0,5.0,2,4,5.0,8.0,2,4,1,5,2,4,65-74,9999,Yes,,1,1
2024,99999,NY,36047.0,3604700400.0,FHA:First Lien,Single Family (1-4 Units):Site-Built,Hispanic or Latino,Black or African American,Female,Loan originations,1,310000.0,80.0,6.25,0.75,1,4500.0,2.5,1200.0,1.25,3000.0,360,15,36,0,1,1,0,1,300000.0,Site-Built,Primary,Single-wide,Other,1,0,100000.0,45.0,1,1111,1111,2.0,5.0,2,4,5.0,8.0,2,4,1,5,2,4,35-44,30-34,No,11,0
2024,99999,FL,12057.0,1205700600.0,VA:First Lien,Single Family (1-4 Units):Site-Built,Not Hispanic or Latino,Asian,Male,Denied by lender,2,500000.0,,7.0,1.25,0,0.0,0.0,0.0,0.0,0.0,240,,2,0,1,0,1,0,,500000.0,Site-Built,Primary,Single-wide,Other,1,0,90000.0,35.0,1,1111,1111,1.0,6.5,1,3,2.0,4.5,0,4,1,5,2,1,40-54,45-54,Yes,,1,1
2024,99999,TX,48301.0,4830101700.0,Conventional:First Lien,Single Family (1-4 Units):Site-Built,Not Hispanic or Latino,White,Female,Approved,1,300000.0,65.0,5.5,0.25,1,2000.0,1.5,500.0,0.75,1500.0,300,0,0,1,0,0,1,1,380000.0,Site-Built,Primary,Double-wide,Owner-occupied,2,1,120000.0,40.0,1,1111,1111,2.0,8.0,2,4,8.0,6.5,1,5,2,4,25-34,25-34,No,,11,1
2024,99999,IL,17031.0,1703102000.0,Conventional:First Lien,Single Family (1-4 Units):Site-Built,Hispanic or Latino,White,Male,Approved for loan,3,420000.0,,5.25,0.5,0,12000.0,3.45,3000.0,1.5,6500.0,280,0,28,1,1,0,0,1,,0.0,Site-Built,Primary,Double-wide,Owner-occupied,3,1,95000.0,38.0,1,1111,1111,2.0,6.5,1,5,3.0,4.5,2,3,1,4,30-39,30-39,No,,11,0
2024,99999,CA,06075.0,0607510200.0,Va:First Lien,Single Family (1-4 Units):Site-Built,Not Hispanic or Latino,White,Male,Denial reasons,4,610000.0,,8.0,1.5,1,18000.0,4.0,4000.0,2.0,8000.0,300,18,36,0,1,1,0,0,620000.0,Site-Built,Primary,Single-wide,Other,1,1,90000.0,45.0,1,1111,1111,1.0,7.75,3,4,2.0,5.0,3,5,2,4,45-54,40,Maybe,10,1
2024,99999,OH,39031.0,3903101600.0,FHA:First Lien,Single Family (1-4 Units):Site-Built,Not Hispanic or Latino,White,Male,Loan originated but not closed,2,540000.0,70.0,6.25,0.5,2,1000.0,1.0,0.0,0.0,0.0,300,1,0,0,1,1,1,3,0.0,Site-Built,Primary,Double-wide,Other,2,1,80000.0,40.0,1,1111,1111,2.0,9.0,2,4,1,3,2,0,2,5,35-44,30,1,11,1
2024,99999,OR,41001.0,4100100600.0,Conventional:First Lien,Single Family (1-4 Units):Site-Built,Not Hispanic or Latino,White,Female,Approved,1,600000.0,,6.75,0.55,1,6500.0,2.25,2000.0,1.0,4500.0,275,1,24,0,0,0,1,1,620000.0,Site-Built,Primary,Single-wide,Owner-occupied,1,0,110000.0,40.0,1,1111,1111,2.0,7.0,4,5,6.0,5.0,1,1,2,4,25-34,30-34,No,,1,1
2024,99999,NC,37055.0,3705502100.0,FHA:Subordinate Lien,Single Family (1-4 Units):Site-Built,Hispanic or Latino,Asian,Male,Denied by lender,2,500000.0,,7.0,1.25,0,0.0,0.0,0.0,0.0,0.0,240,,2,0,1,0,1,0,,500000.0,Site-Built,Primary,Single-wide,Other,1,0,80000.0,38.0,1,1111,1111,1.0,6.5,1,4,2.0,4.5,0,5,2,4,40-54,35-44,No,,1,0
2024,99999,GA,13175.0,1317503050.0,VA:First Lien,Single Family (1-4 Units):Site-Built,Not Hispanic or Latino,White,Female,Loan originated,1,750000.0,85.0,7.5,1.0,1,10000.0,2.0,3000.0,0.5,7000.0,320,,0,1,1,1,0,0,0.0,Site-Built,Primary,Double-wide,Owner-occupied,1,0,125000.0,42.0,1,1111,1111,2.0,8.0,3,5,3.0,6.5,0,4,2,4,65-74,65-74,Yes,,11,1
2024,99999,PA,42071.0,4207100400.0,FHA:First Lien,Single Family (1-4 Units):Site-Built,Hispanic or Latino,White,Female,Approved for loan,3,350000.0,,5.75,0.35,1,2000.0,1.5,500.0,0.75,1500.0,300,0,0,1,0,0,0,0,387000.0,Site-Built,Primary,Double-wide,Owner-occupied,1,0,95000.0,40.0,1,1111,1111,1.0,7.0,4,4,3.0,4.0,2,5,2,4,25-34,25-34,No,,11,1
2024,99999,WI,55009.0,5500900200.0,Conventional:First Lien,Single Family (1-4 Units):Site-Built,Hispanic or Latino,Black or African American,Male,Denied by lender,2,420000.0,,6.25,1.0,1,5500.0,2.0,1000.0,1.0,4500.0,280,0,0,0,1,0,1,1,,0.0,Site-Built,Primary,Single-wide,Other,1,1,75000.0,35.0,1,1111,1111,2.0,6.0,2,5,5.0,7.0,1,5,1,5,50-59,59-59,Yes,,1,1
2024,99999,NV,32019.0,3201903000.0,VA:First Lien,Single Family (1-4 Units):Site-Built,Not Hispanic or Latino,White,Female,Denied by lender,2,600000.0,,6.55,1.0,0,0.0,0.0,0.0,0.0,0.0,250,0,0,1,0,0,1,1,640000.0,Site-Built,Primary,Double-wide,Other,2,1,100000.0,45.0,1,1111,1111,1.0,7.0,2,4,7.0,5.0,1,4,1,1,40-54,35-44,No,,10,0
2024,99999,IA,19015.0,1901500100.0,Conventional:Subordinate Lien,Single Family (1-4 Units):Site-Built,Not Hispanic or Latino,White,Male,Denied by lender,1,590000.0,,7.25,0.75,0,0.0,0.0,0.0,0.0,0.0,260,,2,0,1,0,1,0,,590000.0,Site-Built,Primary,Double-wide,Other,1,0,85000.0,40.0,1,1111,1111,2.0,8.0,2,4,3.0,5.0,1,3,3,5,40-54,35-44,No,,11,1
2024,99999,IN,18019.0,1801900300.0,FHA:First Lien,Single Family (1-4 Units):Site-Built,Not Hispanic or Latino,White,Male,Approved for loan,1,300000.0,,6.0,0.5,1,2000.0,1.0,500.0,0.5,1000.0,300,0,0,1,0,0,1,1,380000.0,Site-Built,Primary,Single-wide,Owner-occupied,1,0,80000.0,42.0,1,1111,1111,2.0,7.0,3,5,4.0,6.0,1,4,2,4,35-44,40-54,Yes,,1,1
2024,99999,VA,51073.0,5107301500.0,VA:First Lien,Single Family (1-4 Units):Site-Built,Not Hispanic or Latino,White,Male,Denied by lender,2,550000.0,,5.75,0.75,1,6000.0,2.5,2000.0,0.75,4000.0,300,0,0,1,0,0,0,1,587000.0,Site-Built,Primary,Single-wide,Owner-occupied,2,1,110000.0,38.0,1,1111,1111,2.0,6.0,2,4,3.0,4.5,1,4,2,5,40-54,65-74,Yes,,0,1
2024,99999,KY,21061.0,2106100100.0,FHA:First Lien,Single Family (1-4 Units):Site-Built,Hispanic or Latino,White,Female,Approved for loan,3,380000.0,80.0,6.25,0.25,1,5000.0,2.0,1200.0,1.0,3800.0,360,0,0,0,1,0,0,1,,0.0,Site-Built,Primary,Double-wide,Other,1,1,89000.0,42.0,1,1111,1111,1.0,6.5,3,4,2.0,4.5,1,4,1,4,25-34,35-44,No,,11,0
2024,99999,MD,24003.0,2400300500.0,Conventional:First Lien,Single Family (1-4 Units):Site-Built,Hispanic or Latino,Asian,Male,Loan originated but not closed,1,450000.0,65.0,7.0,0.75,1,2500.0,1.5,800.0,0.75,1700.0,320,1,12,0,0,1,0,1,470000.0,Site-Built,Primary,Double-wide,Owner-occupied,2,1,98000.0,39.0,1,1111,1111,2.0,7.0,2,5,5.0,6.0,2,5,2,4,25-34,30-34,No,,11,0
2024,99999,AZ,04011.0,0401101000.0,FHA:First Lien,Single Family (1-4 Units):Site-Built,Not Hispanic or Latino,White,Male,Approved for loan,3,470000.0,85.0,6.5,0.5,1,4200.0,2.25,1000.0,1.0,3500.0,300,15,36,0,0,0,1,1,490000.0,Site-Built,Primary,Single-wide,Owner-occupied,1,1,89000.0,40.0,1,1111,1111,2.0,7.0,2,4,4.0,5.0,1,5,2,5,35-44,50-59,No,,11,0
2024,99999,WY,56009.0,5600900300.0,VA:First Lien,Single Family (1-4 Units):Site-Built,Not Hispanic or Latino,White,Female,Denied by lender,2,500000.0,,6.8,0.5,1,0.0,0.0,0.0,0.0,0.0,240,,1,1,1,0,0,0,1,500000.0,Site-Built,Primary,Double-wide,Owner-occupied,1,1,80000.0,42.0,1,1111,1111,1.0,7.0,2,5,3.0,5.0,0,5,2,4,50-59,50-59,Yes,,11,0
2024,99999,MI,26039.0,2603901200.0,FHA:First Lien,Single Family (1-4 Units):Site-Built,Hispanic or Latino,White,Binary-Female,Denied by lender,1,800000.0,,7.0,1.0,1,9000.0,3.5,6000.0,2.0,5500.0,360,18,0,0,1,1,1,0,820000.0,Site-Built,Primary,Single-wide,Owner-occupied,1,0,120000.0,40.0,1,1111,1111,1.0,7.0,2,4,5.0,6.0,0,4,1,5,30-39,40-54,No,,11,1
2024,99999,MN,27033.0,2703301300.0,Conventional:Subordinate Lien,Single Family (1-4 Units):Site-Built,Not Hispanic or Latino,White,Male,Loan originated but not closed,2,420000.0,,6.25,1.0,1,2000.0,0.5,500.0,0.0,0.0,320,1,24,0,1,1,0,1,450000.0,Site-Built,Primary,Double-wide,Owner-occupied,3,1,100000.0,35.0,1,1111,1111,2.0,7.0,2,4,3.0,5.0,3,5,2,4,35-44,60-69,No,,11,1
2024,99999,AL,01107.0,0110700300.0,VA:First Lien,Single Family (1-4 Units):Site-Built,Hispanic or Latino,White,Female,Approved for loan,1,650000.0,88.0,7.25,0.65,1,3000.0,1.5,0.0,0.75,0.0,320,2,36,0,1,0,0,0,650000.0,Site-Built,Primary,Single-wide,Other,1,0,95000.0,38.0,1,1111,1111,0.0,7.0,4,5,7.0,6.0,1,4,2,5,55-64,58,Maybe,10,1
2024,99999,ME,23011.0,2301100400.0,FHA:First Lien,Single Family (1-4 Units):Site-Built,Not Hispanic or Latino,White,Female,Denied by lender,2,490000.0,,6.5,1.0,0,0.0,0.0,0.0,0.0,0.0,240,1,0,1,1,1,1,1,490000.0,Site-Built,Primary,Double-wide,Other,1,0,75000.0,35.0,1,1111,1111,1.0,6.0,2,4,3.0,4.0,0,5,1,5,30-39,25-34,No,,1,0
2024,99999,MA,25007.0,2500700300.0,FHA:First Lien,Single Family (1-4 Units):Site-Built,Hispanic or Latino,White,Binary-Male,Approved for loan,3,380000.0,,5.25,0.25,0,2000.0,1.5,500.0,1.0,1000.0,300,0,0,1,0,0,1,1,0.0,Site-Built,Primary,Single-wide,Other,2,1,100000.0,38.0,1,1111,1111,2.0,6.0,2,4,5.0,4.5,1,4,2,4,30-39,40-54,No,,11,0
2024,99999,MO,29095.0,2909501600.0,Va:First Lien,Single Family (1-4 Units):Site-Built,Not Hispanic or Latino,White,Male,Denied by lender,1,350000.0,,8.0,1.5,1,8000.0,3.0,2500.0,1.5,5500.0,300,18,36,0,1,0,1,0,350000.0,Site-Built,Primary,Double-wide,Others,2,1,80000.0,40.0,1,1111,1111,2.0,7.0,2,4,8.0,6.5,1,3,1,4,65-74,30-34,Yes,,11,0
2024,99999,WV,54005.0,5400500900.0,FHA:First Lien,Single Family (1-4 Units):Site-Built,Hispanic or Latino,White,Male,Approved for loan,3,440000.0,,6.75,0.5,1,2200.0,1.5,700.0,0.75,1500.0,320,0,0,0,1,0,0,0,470000.0,Site-Built,Primary,Single-wide,Other,1,0,90000.0,35.0,1,1111,1111,1.0,6.0,2,5,2.0,4.0,2,5,40-54,65-74,Yes,,11,0
2024,99999,CO,08031.0,0803100300.0,Conventional:Subordinate Lien,Single Family (1-4 Units):Site-Built,Not Hispanic or Latino,White,Female,Denied by lender,2,500000.0,,7.5,0.75,0,0.0,0.0,0.0,0.0,0.0,250,0,0,0,0,0,1,1,500000.0,Site-Built,Primary,Double-wide,Other,1,0,85000.0,45.0,1,1111,1111,2.0,8.0,2,4,6.0,7.0,0,4,2,5,40-54,45-54,Yes,,10,1
2024,99999,HI,15001.0,1500100300.0,VA:First Lien,Single Family (1-4 Units):Site-Built,Not Hispanic or Latino,White,Male,Approved for loan,3,550000.0,85.0,6.5,0.5,1,4500.0,2.0,1200.0,1.0,2800.0,360,12,24,0,0,0,0,0,590000.0,Site-Built,Primary,Single-wide,Owner-occupied,1,0,90000.0,40.0,1,1111,1111,2.0,6.5,2,4,3.0,5.0,1,4,2,5,40-54,45-54,No,,11,0
2024,99999,VT,50001.0,5000100800.0,FHA:First Lien,Single Family (1-4 Units):Site-Built,Not Hispanic or Latino,White,Male,Denied by lender,1,570000.0,,7.0,1.0,0,0.0,0.0,0.0,0.0,0.0,240,,1,0,1,0,0,1,1,590000.0,Site-Built,Primary,Double-wide,Other,1,0,90000.0,37.0,1,1111,1111,2.0,6.5,2,5,3.0,7.0,0,5,2,4,65-74,30-34,No,,11,1
2024,99999,NE,31001.0,3100100100.0,FHA:First Lien,Single Family (1-4 Units):Site-Built,Not Hispanic or Latino,White,Female,Approved for loan,1,450000.0,,6.0,0.25,1,2000.0,1.0,500.0,0.0,1500.0,360,0,0,1,0,0,1,1,480000.0,Site-Built,Primary,Single-wide,Other,1,0,90000.0,42.0,1,1111,1111,2.0,7.0,2,4,3.0,4.0,2,4,65-74,65-74,Yes,,11,0
2024,99999,RI,44005.0,4400500400.0,VA:First Lien,Single Family (1-4 Units):Site-Built,Not Hispanic or Latino,White,Female,Approved for loan,3,430000.0,,5.9,0.5,1,2200.0,1.5,600.0,0.75,1600.0,300,0,0,1,1,0,0,1,430000.0,Site-Built,Primary,Double-wide,Owner-occupied,2,1,80000.0,40.0,1,1111,1111,1.0,6.0,2,4,3.0,4.5,0,4,1,4,30-39,40-54,No,,10,1
2024,99999,DE,10003.0,1000300700.0,Va:First Lien,Single Family (1-4 Units):Site-Built,Not Hispanic or Latino,White,Male,Approved for loan,1,500000.0,90.0,7.0,0.5,1,5000.0,2.0,1200.0,1.5,3000.0,300,0,0,0,1,0,1,0,510000.0,Site-Built,Primary,Single-wide,Owner-occupied,1,0,90000.0,38.0,1,1111,1111,2.0,7.5,2,5,4.0,6.5,1,5,2,4,40-54,50-59,Yes,,1,1
2024,99999,ID,16001.0,1600100200.0,FHA:First Lien,Single Family (1-4 Units):Site-Built,Hispanic or Latino,White,Male,Denied by lender,2,550000.0,,6.75,1.0,0,0.0,0.0,0.0,0.0,0.0,240,1,12,1,0,1,1,1,550000.0,Site-Built,Primary,Double-wide,Other,1,0,80000.0,38.0,1,1111,1111,2.0,6.5,2,4,4.0,5.0,0,4,1,5,35-44,30-34,No,,11,0
2024,99999,SC,45019.0,4501901900.0,Conventional:First Lien,Single Family (1-4 Units):Site-Built,Not Hispanic or Latino,White,Female,Denied by lender,2,420000.0,,6.0,1.0,0,0.0,0.0,0.0,0.0,0.0,270,0,0,1,1,1,0,0,450000.0,Site-Built,Primary,Single-wide,Owner-occupied,2,1,80000.0,37.0,1,1111,1111,2.0,6.0,1,4,3.0,4.0,1,3,1,5,30-39,65-74,Yes,,11,0
2024,99999,NC,37029.0,3702902100.0,FHA:First Lien,Single Family (1-4 Units):Site-Built,Not Hispanic or Latino,White,Male,Approved for loan,1,520000.0,,6.5,0.5,1,2000.0,1.5,600.0,0.75,1400.0,300,0,0,0,1,1,1,1,0.0,Site-Built,Primary,Double-wide,Owner-occupied,2,1,100000.0,40.0,1,1111,1111,2.0,7.0,2,4,4.0,6.0,2,5,2,4,25-34,65-74,Yes,,1,1
2024,99999,KS,20059.0,2005902100.0,Conventional:First Lien,Single
2024,10000,CA,1001.0,1001000100.0,Conventional:First Lien,Single Family (1-4 Units):Site-Built,Hispanic or Latino,Black,Female,Approved for loan,1,320000.0,85.0,6.25,0.25,1,1280.0,256.0,480.0,1.0,800.0,360,0,0,0,1,0,0,0,120000.0,Site-built,Primary residence,Not Applicable,Not Applicable,1,0,75000.0,32.0,2,2,Hispanic or Latino,Not Hispanic or Latino,1,1,Black,Not Black,1,1,Male,Female,1,1,38,38,0,0,1,1
2024,10001,FL,2002.0,2002000100.0,Conventional:First Lien,Single Family (1-4 Units):Site-Built,Not Hispanic or Latino,White,Female,Approved for loan,1,420000.0,82.0,5.5,0.75,1,1400.0,280.0,520.0,2.0,680.0,360,0,0,0,1,0,0,0,220000.0,Site-built,Primary residence,Not Applicable,Not Applicable,1,0,85000.0,28.0,1,1,Not Hispanic or Latino,Not Hispanic or Latino,1,1,White,White,1,1,Female,Female,1,1,42,42,0,0,1,1
2024,10002,NY,3003.0,3003000100.0,Conventional:First Lien,Single Family (1-4 Units):Site-Built,Not Hispanic or Latino,Asian,Male,Approved for loan,1,280000.0,89.0,7.0,1.0,0,1200.0,240.0,450.0,1.0,500.0,300,0,0,0,1,0,0,0,90000.0,Site-built,Primary residence,Not Applicable,Not Applicable,1,0,65000.0,35.0,2,2,Not Hispanic or Latino,Not Hispanic or Latino,1,1,Asian,Asian,1,1,Male,Male,1,1,29,29,0,0,1,1
2024,10003,TX,4004.0,4004000100.0,FHA:First Lien,Single Family (1-4 Units):Site-Built,Not Hispanic or Latino,White,Male,Loan originated,1,300000.0,90.0,4.8,0.5,0,1000.0,200.0,300.0,1.0,400.0,360,0,0,0,1,0,0,0,150000.0,Site-built,Primary residence,Not Applicable,Not Applicable,1,0,70000.0,30.0,2,2,Not Hispanic or Latino,Not Hispanic or Latino,1,1,White,White,1,1,Male,Male,1,1,35,35,0,0,0,0
2024,10004,IL,5005.0,5005000100.0,Conventional:First Lien,Single Family (1-4 Units):Site-Built,Not Hispanic or Latino,Black,Female,Approved for loan,1,340000.0,81.0,6.1,0.6,1,1300.0,260.0,500.0,1.0,550.0,360,0,0,0,1,0,0,0,180000.0,Site-built,Primary residence,Not Applicable,Not Applicable,1,0,68000.0,31.0,2,2,Not Hispanic or Latino,Not Hispanic or Latino,1,1,Black,Black,1,1,Female,Female,1,1,40,40,0,0,1,1
2024,10005,GA,6006.0,6006000100.0,Conventional:First Lien,Single Family (1-4 Units):Site-Built,Non-Hispanic,White,Female,Approved for loan,1,310000.0,82.0,5.8,0.6,1,1220.0,244.0,470.0,1.0,500.0,360,0,0,0,1,0,0,0,140000.0,Site-built,Primary residence,Not Applicable,Not Applicable,1,0,72000.0,33.0,2,2,Non-Hispanic,Non-Hispanic,1,1,White,White,1,1,Female,Female,1,1,37,37,0,0,1,1
2024,10006,VA,7007.0,7007000100.0,Conventional:First Lien,Single Family (1-4 Units):Site-Built,Not Hispanic or Latino,White,Male,Approved for loan,1,330000.0,83.0,6.0,0.7,1,1280.0,256.0,480.0,1.5,500.0,360,0,0,0,1,0,0,0,180000.0,Site-built,Primary residence,Not Applicable,Not Applicable,1,0,74000.0,30.0,1,1,Not Hispanic or Latino,Not Hispanic or Latino,1,1,White,White,1,1,Male,Male,1,1,39,39,0,0,1,1
2024,10007,NC,8008.0,8008000100.0,Conventional:First Lien,Single Family (1-4 Units):Site-Built,Not Hispanic or Latino,White,Male,Approved for loan,1,290000.0,84.0,5.7,0.6,1,1090.0,218.0,400.0,1.0,400.0,360,0,0,0,1,0,0,0,130000.0,Site-built,Primary residence,Not Applicable,Not Applicable,1,0,65000.0,30.0,2,2,Not Hispanic or Latino,Not Hispanic or Latino,1,1,White,White,1,1,Male,Male,1,1,33,33,0,0,1,1
2024,10008,OH,9009.0,9009000100.0,Conventional:First Lien,Single Family (1-4 Units):Site-Built,Not Hispanic or Latino,White,Female,Approved for loan,1,270000.0,86.0,6.2,0.8,1,1120.0,224.0,420.0,1.0,480.0,360,0,0,0,1,0,0,0,110000.0,Site-built,Primary residence,Not Applicable,Not Applicable,1,0,60000.0,31.0,1,1,Not Hispanic or Latino,Not Hispanic or Latino,1,1,White,White,1,1,Female,Female,1,1,41,41,0,0,1,1
2024,10009,MI,10010.0,1001000100.0,FHA:First Lien,Single Family (1-4 Units):Site-Built,Hispanic or Latino,Hispanic,Male,Approved for loan,1,350000.0,80.0,4.5,0.4,0,960.0,192.0,320.0,1.0,400.0,360,0,0,0,1,0,0,0,160000.0,Site-built,Primary residence,Not Applicable,Not Applicable,1,0,60000.0,28.0,2,2,Hispanic or Latino,Hispanic or Latino,1,1,Hispanic,Hispanic,1,1,Male,Male,1,1,35,35,0,0,1,1
2024,10010,WA,11011.0,1101100100.0,USDA:First Lien,Single Family (1-4 Units):Site-Built,Not Hispanic or Latino,White,Female,Approved for loan,1,370000.0,78.0,5.2,0.5,1,1450.0,290.0,500.0,1.0,600.0,360,0,0,0,1,0,0,0,180000.0,Site-built,Primary residence,Not Applicable,Not Applicable,1,0,75000.0,29.0,1,1,Not Hispanic or Latino,Not Hispanic or Latino,1,1,White,White,1,1,Female,Female,1,1,44,44,0,0,1,1
2024,10011,MA,12012.0,1201200100.0,Conventional:First Lien,Single Family (1-4 Units):Site-Built,Not Hispanic or Latino,White,Male,Approved for loan,1,280000.0,85.0,5.5,0.4,1,1050.0,210.0,400.0,1.0,450.0,360,0,0,0,1,0,0,0,140000.0,Site-built,Primary residence,Not Applicable,Not Applicable,1,0,70000.0,32.0,2,2,Not Hispanic or Latino,Not Hispanic or Latino,1,1,White,White,1,1,Male,Male,1,1,40,40,0,0,1,1
2024,10012,AZ,13013.0,1301300100.0,FHA:First Lien,Single Family (1-4 Units):Site-Built,Not Hispanic or Latino,White,Male,Approved for loan,1,340000.0,79.0,4.9,0.5,1,1200.0,240.0,480.0,1.0,480.0,360,0,0,0,1,0,0,0,145000.0,Site-built,Primary residence,Not Applicable,Not Applicable,1,0,65000.0,30.0,2,2,Not Hispanic or Latino,Not Hispanic or Latino,1,1,White,White,1,1,Male,Male,1,1,36,36,0,0,1,1
2024,10013,NJ,14014.0,1401400100.0,Conventional:First Lien,Single Family (1-4 Units):Site-Built,Hispanic or Latino,White,Male,Approved for loan,1,290000.0,87.0,6.1,0.7,0,1200.0,240.0,480.0,1.0,500.0,360,0,0,0,1,0,0,0,120000.0,Site-built,Primary residence,Not Applicable,Not Applicable,1,0,72000.0,31.0,2,2,Hispanic or Latino,Hispanic or Latino,1,1,White,White,1,1,Male,Male,1,1,41,41,0,0,1,1
2024,10014,CO,15015.0,1501500100.0,Conventional:First Lien,Single Family (1-4 Units):Site-Built,Not Hispanic or Latino,White,Female,Approved for loan,1,300000.0,83.0,5.0,0.2,1,1100.0,220.0,400.0,1.0,480.0,360,0,0,0,1,0,0,0,160000.0,Site-built,Primary residence,Not Applicable,Not Applicable,1,0,70000.0,33.0,2,2,Not Hispanic or Latino,Not Hispanic or Latino,1,1,White,White,1,1,Female,Female,1,1,39,39,0,0,1,1
2024,10015,OR,16016.0,1601600100.0,VA:First Lien,Single Family (1-4 Units):Site-Built,Not Hispanic or Latino,White,Male,Approved for loan,1,320000.0,81.0,5.7,0.3,1,1080.0,216.0,420.0,1.0,450.0,360,0,0,0,1,0,0,0,175000.0,Site-built,Primary residence,Not Applicable,Not Applicable,1,0,75000.0,28.0,2,2,Not Hispanic or Latino,Not Hispanic or Latino,1,1,White,White,1,1,Male,Male,1,1,42,42,0,0,1,1
2024,10016,MD,17017.0,1701700100.0,Conventional:First Lien,Single Family (1-4 Units):Site-Built,Not Hispanic or Latino,White,Female,Approved for loan,1,400000.0,80.0,5.5,0.5,1,1450.0,290.0,520.0,1.0,600.0,360,0,0,0,1,0,0,0,180000.0,Site-built,Primary residence,Not Applicable,Not Applicable,1,0,80000.0,29.0,2,2,Not Hispanic or Latino,Not Hispanic or Latino,1,1,White,White,1,1,Female,Female,1,1,38,38,0,0,1,1
2024,10017,SC,18018.0,1801800100.0,Conventional:First Lien,Single Family (1-4 Units):Site-Built,Hispanic or Latino,Hispanic,Male,Approved for loan,1,360000.0,82.0,6.6,1.0,1,1300.0,260.0,500.0,1.0,550.0,360,0,0,0,1,0,0,0,150000.0,Site-built,Primary residence,Not Applicable,Not Applicable,1,0,68000.0,34.0,2,2,Hispanic or Latino,Hispanic or Latino,1,1,Hispanic,Hispanic,1,1,Male,Male,1,1,37,37,0,0,1,1
2024,10018,IN,19019.0,1901900100.0,Conventional:First Lien,Single Family (1-4 Units):Site-Built,Not Hispanic or Latino,White,Female,Approved for loan,1,270000.0,84.0,6.0,0.7,1,1100.0,220.0,400.0,1.0,480.0,360,0,0,0,1,0,0,0,100000.0,Site-built,Primary residence,Not Applicable,Not Applicable,1,0,65000.0,30.0,2,2,Not Hispanic or Latino,Not Hispanic or Latino,1,1,White,White,1,1,Female,Female,1,1,36,36,0,0,1,1
2024,10019,PA,20020.0,2002000100.0,FHA:First Lien,Single Family (1-4 Units):Site-Built,Not Hispanic or Latino,Hispanic,Male,Approved for loan,1,310000.0,76.0,4.8,0.5,0,1050.0,210.0,450.0,1.0,400.0,360,0,0,0,1,0,0,0,130000.0,Site-built,Primary residence,Not Applicable,Not Applicable,1,0,70000.0,32.0,2,2,Not Hispanic or Latino,Hispanic,1,1,Hispanic,Hispanic,1,1,Male,Male,1,1,38,38,0,0,1,1
2024,10020,KS,21021.0,2102100100.0,Conventional:First Lien,Single Family (1-4 Units):Site-Built,Hispanic or Latino,Hispanic,Male,Approved for loan,1,390000.0,84.0,6.1,0.7,1,1340.0,268.0,500.0,1.0,600.0,360,0,0,0,1,0,0,0,180000.0,Site-built,Primary residence,Not Applicable,Not Applicable,1,0,60000.0,31.0,2,2,Hispanic or Latino,Hispanic or Latino,1,1,Hispanic,Hispanic,1,1,Male,Male,1,1,35,35,0,0,1,1
2024,10021,UT,22022.0,2202200100.0,Conventional:First Lien,Single Family (1-4 Units):Site-Built,Not Hispanic or Latino,White,Male,Approved for loan,1,400000.0,81.0,5.3,0.6,1,1500.0,300.0,540.0,1.0,650.0,360,0,0,0,1,0,0,0,165000.0,Site-built,Primary residence,Not Applicable,Not Applicable,1,0,80000.0,30.0,2,2,Not Hispanic or Latino,Not Hispanic or Latino,1,1,White,White,1,1,Male,Male,1,1,37,37,0,0,1,1
2024,10022,NE,23023.0,2302300100.0,FHA:First Lien,Single Family (1-4 Units):Site-Built,Not Hispanic or Latino,White,Male,Approved for loan,1,340000.0,82.0,4.6,0.6,1,1500.0,300.0,520.0,1.0,600.0,360,0,0,0,1,0,0,0,140000.0,Site-built,Primary residence,Not Applicable,Not Applicable,1,0,65000.0,30.0,1,1,Not Hispanic or Latino,Not Hispanic or Latino,1,1,White,White,1,1,Male,Male,1,1,42,42,0,0,1,1
2024,10023,MN,24024.0,2402400100.0,Conventional:First Lien,Single Family (1-4 Units):Site-Built,Not Hispanic or Latino,White,Male,Approved for loan,1,280000.0,86.0,5.7,0.8,1,1100.0,220.0,400.0,1.0,420.0,360,0,0,0,1,0,0,0,110000.0,Site-built,Primary residence,Not Applicable,Not Applicable,1,0,70000.0,32.0,2,2,Not Hispanic or Latino,Not Hispanic or Latino,1,1,White,White,1,1,Male,Male,1,1,38,38,0,0,1,1
2024,10024,WI,25025.0,2502500100.0,Conventional:First Lien,Single Family (1-4 Units):Site-Built,Hispanic or Latino,White,Female,Approved for loan,1,320000.0,84.0,5.9,0.8,1,1420.0,284.0,480.0,1.0,500.0,360,0,0,0,1,0,0,0,120000.0,Site-built,Primary residence,Not Applicable,Not Applicable,1,0,65000.0,32.0,2,2,Hispanic or Latino,Hispanic or Latino,1,1,White,White,1,1,Female,Female,1,1,37,37,0,0,1,1
2024,10025,RI,26026.0,2602600100.0,FHA:First Lien,Single Family (1-4 Units):Site-Built,Not Hispanic or Latino,White,Female,Approved for loan,1,380000.0,83.0,4.9,0.4,1,1200.0,240.0,440.0,1.0,480.0,360,0,0,0,1,0,0,0,160000.0,Site-built,Primary residence,Not Applicable,Not Applicable,1,0,75000.0,30.0,2,2,Not Hispanic or Latino,Not Hispanic or Latino,1,1,White,White,1,1,Female,Female,1,1,39,39,0,0,1,1
2024,10026,VT,27027.0,2702700100.0,Conventional:First Lien,Single Family (1-4 Units):Site-Built,Not Hispanic or Latino,White,Male,Approved for loan,1,310000.0,82.0,5.4,0.6,1,1040.0,208.0,400.0,1.0,400.0,360,0,0,0,1,0,0,0,130000.0,Site-built,Primary residence,Not Applicable,Not Applicable,1,0,70000.0,33.0,2,2,Not Hispanic or Latino,Not Hispanic or Latino,1,1,White,White,1,1,Male,Male,1,1,41,41,0,0,1,1
2024,10027,DE,28028.0,2802800100.0,VA:First Lien,Single Family (1-4 Units):Site-Built,Not Hispanic or Latino,White,Female,Approved for loan,1,350000.0,85.0,6.0,1.0,1,1350.0,270.0,480.0,1.0,550.0,360,0,0,0,1,0,0,0,165000.0,Site-built,Primary residence,Not Applicable,Not Applicable,1,0,72000.0,32.0,2,2,Not Hispanic or Latino,Not Hispanic or Latino,1,1,White,White,1,1,Female,Female,1,1,40,40,0,0,1,1
2024,10028,NV,29029.0,2902900100.0,Conventional:First Lien,Single Family (1-4 Units):Site-Built,Hispanic or Latino,Hispanic,Male,Approved for loan,1,370000.0,86.0,6.3,1.2,1,1500.0,300.0,540.0,1.0,600.0,360,0,0,0,1,0,0,0,170000.0,Site-built,Primary residence,Not Applicable,Not Applicable,1,0,65000.0,32.0,2,2,Hispanic or Latino,Hispanic or Latino,1,1,Hispanic,Hispanic,1,1,Male,Male,1,1,36,36,0,0,1,1
2024,10029,SD,30030.0,3003000100.0,FHA:First Lien,Single Family (1-4 Units):Site-Built,Not Hispanic or Latino,White,Male,Approved for loan,1,330000.0,83.0,4.8,0.7,1,1100.0,220.0,400.0,1.0,420.0,360,0,0,0,1,0,0,0,140000.0,Site-built,Primary residence,Not Applicable,Not Applicable,1,0,68000.0,32.0,2,2,Not Hispanic or Latino,Not Hispanic or Latino,1,1,White,White,1,1,Male,Male,1,1,39,39,0,0,1,1
2024,10030,TN,31031.0,3103100100.0,Conventional:First Lien,Single Family (1-4 Units):Site-Built,Not Hispanic or Latino,White,Female,Approved for loan,1,290000.0,85.0,6.1,1.0,1,1200.0,240.0,440.0,1.0,460.0,360,0,0,0,1,0,0,0,130000.0,Site-built,Primary residence,Not Applicable,Not Applicable,1,0,72000.0,30.0,2,2,Not Hispanic or Latino,Not Hispanic or Latino,1,1,White,White,1,1,Female,Female,1,1,43,43,0,0,1,1
2024,10031,ME,32032.0,3203200100.0,USDA:First Lien,Single Family (1-4 Units):Site-Built,Hispanic or Latino,Hispanic,Male,Approved for loan,1,340000.0,87.0,4.9,0.5,1,1320.0,264.0,480.0,1.0,520.0,360,0,0,0,1,0,0,0,150000.0,Site-built,Primary residence,Not Applicable,Not Applicable,1,0,62000.0,30.0,2,2,Hispanic or Latino,Hispanic or Latino,1,1,Hispanic,Hispanic,1,1,Male,Male,1,1,36,36,0,0,1,1
2024,10032,HI,33033.0,3303300100.0,VA:First Lien,Single Family (1-4 Units):Site-Built,Hispanic or Latino,Hispanic,Male,Approved for loan,1,380000.0,84.0,6.7,1.2,1,1480.0,296.0,500.0,1.0,570.0,360,0,0,0,1,0,0,0,175000.0,Site-built,Primary residence,Not Applicable,Not Applicable,1,0,70000.0,32.0,2,2,Hispanic or Latino,Hispanic or Latino,1,1,Hispanic,Hispanic,1,1,Male,Male,1,1,40,40,0,0,1,1
2024,10033,AK,34034.0,3403400100.0,Conventional:First Lien,Single Family (1-4 Units):Site-Built,Not Hispanic or Latino,White,Male,Approved for loan,1,320000.0,81.0,5.8,0.9,1,1300.0,260.0,480.0,1.0,500.0,360,0,0,0,1,0,0,0,130000.0,Site-built,Primary residence,Not Applicable,Not Applicable,1,0,75000.0,30.0,2,2,Not Hispanic or Latino,Not Hispanic or Latino,1,1,White,White,1,1,Male,Male,1,1,41,41,0,0,1,1
2024,10034,ID,35035.0,3503500100.0,Conventional:First Lien,Single Family (1-4 Units):Site-Built,Not Hispanic or Latino,White,Male,Approved for loan,1,300000.0,80.0,5.6,1.0,1,1250.0,250.0,460.0,1.0,480.0,360,0,0,0,1,0,0,0,120000.0,Site-built,Primary residence,Not Applicable,Not Applicable,1,0,70000.0,31.0,2,2,Not Hispanic or Latino,Not Hispanic or Latino,1,1,White,White,1,1,Male,Male,1,1,38,38,0,0,1,1
2024,10035,MS,36036.0,3603600100.0,Conventional:First Lien,Single Family (1-4 Units):Site-Built,Not Hispanic or Latino,Black,Female,Approved for loan,1,270000.0,85.0,6.5,1.0,1,1100.0,220.0,400.0,1.0,440.0,360,0,0,0,1,0,0,0,100000.0,Site-built,Primary residence,Not Applicable,Not Applicable,1,0,65000.0,32.0,1,1,Not Hispanic or Latino,Not Hispanic or Latino,1,1,Black,Black,1,1,Female,Female,1,1,39,39,0,0,1,1
2024,10036,KY,37037.0
2024,99999,NY,0610.0,06101010100.0,Conventional:First Lien,Single Family (1-4 Units):Site-Built,Hispanic or Latino,Black or African American,Male,Approved for loan,1,35000.0,92.0,5.5,0.5,2,1200.0,1800.0,400.0,2.0,800.0,360,,30,1,0,0,0,0,1,0,1,2,3,0,43.0,0.0,1,1,1111,1111,2.0,9.0,1,4,2,5,1,4,1,5,1,4,55-64,9999,No,,1,1
2024,99999,CA,0750.0,07501012000.0,FHA:First Lien,Single Family (1-4 Units):Site-Built,Not Hispanic or Latino,Asian,Female,Approved for loan,1,250000.0,81.0,4.8,0.3,2,2400.0,3200.0,600.0,3.0,1000.0,360,,30,1,1,0,0,0,1,1,2,1,4,0,1,65.0,,1,1,1111,1111,4.0,15.0,4,1,1,2,2,1,1,2,2,55-64,9999,No,,1,1
2024,99999,FL,1210.0,12101010000.0,VA:First Lien,Single Family (1-4 Units):Site-Built,Not Hispanic or Latino,White,Female,Pending application,1,135000.0,93.0,6.2,0.8,1,,0.0,200.0,0.0,600.0,120,,60,0,1,0,0,0,1,0,3,2,1,0,0,40.0,,1,1,1111,1111,2.0,10.0,4,3,2,4,1,1,2,4,1,45-54,9999,Yes,,1,1
2024,99999,IL,0470.0,04701010000.0,Conventional:Subordinate Lien,Single Family (1-4 Units):Site-Built,Hispanic or Latino,Unknown,Female,Approved for loan,1,277000.0,97.0,7.0,0.8,2,4500.0,5000.0,800.0,7.0,1200.0,120,,30,1,1,0,0,0,2,0,3,3,3,0,,90.0,,0,1,4444,4444,5.0,10.0,1,4,1,3,1,3,1,3,1,55-64,9999,No,,0,1
2024,99999,TX,0950.0,09501004000.0,FHA:First Lien,Single Family (1-4 Units):Site-Built,Not Hispanic or Latino,White,Male,Deny application,2,400000.0,85.0,5.3,0.25,2,1500.0,2000.0,500.0,4.0,900.0,360,,360,0,1,1,0,0,1,1,4,3,4,1,,80.0,1,1,1111,1111,1.0,12.0,1,3,1,1,2,3,1,3,1,35-44,9999,No,,1,1
2024,99999,MI,0830.0,08301010000.0,Conventional:First Lien,Single Family (1-4 Units):Site-Built,Not Hispanic or Latino,White,Male,Approved for loan,1,420000.0,89.0,6.1,0.6,2,3000.0,4200.0,700.0,5.0,1100.0,300,,60,1,1,0,1,1,1,1,4,0,5,0,,70.0,1,1,1111,1111,7.0,30.0,1,2,1,4,2,4,1,2,1,35-44,9999,Yes,,1,1
2024,99999,OH,1030.0,10301010000.0,VA:First Lien,Single Family (1-4 Units):Site-Built,Not Hispanic or Latino,White,Female,File closed for incompleteness,1,245000.0,95.0,5.6,0.4,2,3500.0,5400.0,850.0,1.0,1000.0,240,,30,0,1,0,0,0,1,0,6,2,8,0,0,32.0,,0,1,1111,1111,2.0,5.0,4,4,1,3,1,3,2,4,1,45-54,9999,No,,1,1
2024,99999,GA,0100.0,01001010000.0,Conventional:First Lien,Single Family (1-4 Units):Site-Built,Hispanic or Latino,Native Hawaiian or Other Pacific Islander,Female,Pending application,1,177000.0,82.0,6.1,0.3,2,,0.0,300.0,0.0,1200.0,360,,30,1,1,1,0,0,2,0,3,3,4,0,,58.0,,0,1,3333,3333,1.0,10.0,3,3,2,2,2,1,2,2,1,35-44,9999,Yes,,0,1
2024,99999,WA,1370.0,13701010000.0,Conventional:First Lien,Single Family (1-4 Units):Site-Built,Not Hispanic or Latino,White,Male,Approved for loan,1,235000.0,88.0,4.9,0.4,2,4200.0,6200.0,1000.0,2.0,1100.0,300,,60,1,0,0,1,1,1,0,0,4,3,0,0,53.0,,1,1,1111,1111,2.0,6.0,1,4,1,5,1,4,1,2,1,65-74,9999,No,,1,1
2024,99999,NC,0610.0,06101010100.0,FHA:First Lien,Single Family (1-4 Units):Site-Built,Hispanic or Latino,Other Asian,Male,Approved for loan,1,475000.0,90.0,5.4,0.2,2,3000.0,4800.0,650.0,3.0,1200.0,360,,60,0,1,0,1,1,1,0,1,1,2,0,,60.0,,1,0,1111,1111,3.0,12.0,2,2,2,1,1,4,2,4,1,55-64,9999,No,,1,0
2024,99999,MO,0550.0,05501010000.0,VA:First Lien,Single Family (1-4 Units):Site-Built,Not Hispanic or Latino,White,Female,Loan originations,1,300000.0,91.0,5.1,0.3,2,3800.0,5600.0,650.0,4.0,1300.0,360,,30,1,0,1,0,0,1,1,0,4,1,0,0,34.0,,1,1,1111,1111,3.0,8.0,2,1,2,3,1,4,1,3,1,65-74,9999,No,,1,1
2024,99999,IN,0250.0,02501010000.0,Conventional:Subordinate Lien,Single Family (1-4 Units):Site-Built,Hispanic or Latino,White,Male,Approved for loan,1,250000.0,98.0,7.7,0.7,2,4500.0,5000.0,900.0,9.0,1500.0,120,,30,1,1,0,0,0,1,1,1,3,4,1,,31.0,,1,1,1111,1111,1.0,8.0,1,1,1,2,1,4,1,3,1,55-64,9999,Yes,,1,1
2024,99999,MD,0250.0,02501010000.0,FHA:First Lien,Single Family (1-4 Units):Site-Built,Not Hispanic or Latino,Black or African American,Female,Pending application,1,375000.0,96.0,6.6,0.7,2,3300.0,4700.0,500.0,2.0,700.0,360,,360,1,1,0,0,0,1,1,4,4,5,1,1,29.0,,0,1,1111,1111,2.0,5.0,2,4,2,1,1,1,2,4,1,35-44,9999,No,,1,1
2024,99999,CO,0370.0,03701010000.0,VA:First Lien,Single Family (1-4 Units):Site-Built,Not Hispanic or Latino,Native Hawaiian or Other Pacific Islander,Female,Approved for loan,1,480000.0,92.0,7.9,0.8,2,4900.0,6700.0,800.0,1.0,1300.0,240,,60,0,1,0,1,1,1,1,0,3,2,1,,30.0,,1,1,2222,2222,3.0,15.0,1,2,1,2,1,3,2,3,1,45-54,9999,No,,1,1
2024,99999,TX,0950.0,09501004000.0,Conventional:First Lien,Single Family (1-4 Units):Site-Built,Not Hispanic or Latino,White,Male,Denied by lender,1,320000.0,90.0,6.0,0.5,2,2400.0,3600.0,400.0,5.0,800.0,360,,360,1,0,1,0,0,1,1,1,4,3,0,,29.0,,1,1,1111,1111,4.0,11.0,2,3,1,4,1,4,1,4,1,45-54,9999,Yes,,1,1
2024,99999,AZ,0010.0,00101010000.0,FHA:First Lien,Single Family (1-4 Units):Site-Built,Hispanic or Latino,Asian,Female,Approved for loan,1,390000.0,92.0,5.7,0.35,2,3000.0,4200.0,600.0,2.0,800.0,360,,30,1,0,0,0,0,1,1,3,4,5,0,0,32.0,,1,1,1111,1111,2.0,8.0,4,2,1,3,1,2,2,4,1,25-34,9999,Yes,,1,1
2024,99999,FL,1210.0,12101010000.0,VA:First Lien,Single Family (1-4 Units):Site-Built,Not Hispanic or Latino,White,Male,Approved for loan,1,195000.0,85.0,6.0,0.5,2,2600.0,3600.0,600.0,3.0,900.0,120,,30,1,0,0,0,0,1,1,2,3,4,0,,66.0,,1,1,1111,1111,2.0,11.0,2,1,2,3,1,1,1,1,1,65-74,9999,No,,1,1
2024,99999,VA,0250.0,02501010000.0,FHA:First Lien,Single Family (1-4 Units):Site-Built,Not Hispanic or Latino,White,Male,Approved for loan,1,300000.0,90.0,4.6,0.2,2,2200.0,3200.0,300.0,2.0,700.0,360,,30,0,1,0,1,1,1,0,0,2,3,0,,73.0,,1,1,1111,1111,3.0,10.0,2,1,1,3,2,1,2,2,1,35-44,9999,Yes,,1,1
2024,99999,SC,1210.0,12101010000.0,Conventional:First Lien,Single Family (1-4 Units):Site-Built,Hispanic or Latino,Black or African American,Male,Pending application,1,275000.0,92.0,8.3,0.4,2,4500.0,5600.0,200.0,2.0,1100.0,240,,30,1,1,0,0,0,2,1,2,4,5,0,0,23.0,,0,1,1111,1111,5.0,14.0,3,2,1,1,2,4,1,3,1,65-74,9999,Yes,,1,1
2024,99999,MA,0170.0,01701010000.0,VA:First Lien,Single Family (1-4 Units):Site-Built,Not Hispanic or Latino,Unknown,Female,Deny application,3,312000.0,89.0,6.0,0.25,2,2700.0,3900.0,800.0,3.0,500.0,120,,60,0,1,0,0,0,1,0,5,1,6,0,1,64.0,,1,1,1111,1111,2.0,5.0,4,1,2,4,1,2,2,2,2,65-74,9999,Yes,,1,1
2024,99999,GA,0100.0,01001010000.0,Conventional:First Lien,Single Family (1-4 Units):Site-Built,Hispanic or Latino,Native Hawaiian or Other Pacific Islander,Male,Pending application,1,198000.0,96.0,9.4,0.6,2,3900.0,5300.0,650.0,4.0,800.0,360,,30,1,1,0,1,0,2,0,2,4,1,0,,32.0,,0,1,1111,1111,3.0,5.0,4,2,1,1,2,3,1,3,1,55-64,9999,No,,0,1
2024,99999,PA,0250.0,02501010000.0,FHA:First Lien,Single Family (1-4 Units):Site-Built,Not Hispanic or Latino,White,Male,Approved for loan,1,333000.0,90.0,4.8,0.3,2,2500.0,3700.0,300.0,2.0,1000.0,360,,30,0,0,0,1,1,1,1,0,2,3,0,,53.0,,1,1,1111,1111,2.0,5.0,3,2,1,2,1,3,1,1,1,35-44,9999,No,,1,1
2024,99999,RI,0170.0,01701010000.0,Conventional:First Lien,Single Family (1-4 Units):Site-Built,Not Hispanic or Latino,Other Asian,Female,Approved for loan,1,330000.0,93.0,6.4,0.4,2,3600.0,4800.0,200.0,5.0,1200.0,120,,30,1,1,0,0,0,1,1,2,3,1,0,0,28.0,,1,1,1111,1111,2.0,5.0,5,2,2,3,2,1,2,3,1,35-44,9999,No,,1,1
2024,99999,NJ,0010.0,00101010000.0,FHA:First Lien,Single Family (1-4 Units):Site-Built,Hispanic or Latino,White,Female,Approved for loan,1,140000.0,93.0,9.0,0.5,2,2800.0,4200.0,400.0,4.0,900.0,360,,30,0,1,0,0,0,1,1,2,3,4,0,,25.0,,1,1,1111,1111,2.0,10.0,2,1,1,2,1,3,1,55-64,9999,No,,1,1
2024,99999,CT,0170.0,01701010000.0,Conventional:First Lien,Single Family (1-4 Units):Site-Built,Not Hispanic or Latino,White,Male,Approved for loan,1,335000.0,92.0,5.8,0.6,2,2600.0,3800.0,600.0,2.0,1300.0,360,,30,1,1,0,1,0,1,0,3,4,6,0,,66.0,,1,1,1111,1111,3.0,12.0,3,4,2,1,2,2,1,55-64,9999,No,,1,1
2024,99999,AL,0100.0,01001010000.0,FHA:First Lien,Single Family (1-4 Units):Site-Built,Not Hispanic or Latino,White,Male,Approved for loan,1,170000.0,97.0,8.3,0.7,2,2300.0,3400.0,650.0,3.0,500.0,120,,60,0,1,1,1,1,1,1,2,4,2,0,,35.0,,1,1,1111,1111,1.0,8.0,3,3,2,2,1,4,2,2,1,65-74,9999,Yes,,1,1
2024,99999,WI,0950.0,09501010000.0,Conventional:First Lien,Single Family (1-4 Units):Site-Built,Not Hispanic or Latino,White,Female,Approved for loan,1,290000.0,89.0,5.7,0.4,2,2900.0,4200.0,400.0,6.0,700.0,360,,30,1,1,0,0,1,1,0,2,3,3,0,,61.0,,1,1,1111,1111,2.0,8.0,2,4,1,2,1,4,2,3,1,65-74,9999,Yes,,1,1
2024,99999,NV,0550.0,05501010000.0,Conventional:First Lien,Single Family (1-4 Units):Site-Built,Not Hispanic or Latino,White,Male,Deny application,1,135000.0,87.0,6.1,0.6,2,2200.0,3900.0,300.0,3.0,600.0,240,,30,0,1,1,0,0,1,0,1,1,4,0,,41.0,,1,1,1111,1111,3.0,5.0,1,1,1,1,2,2,1,35-44,9999,No,,1,1
2024,99999,Oklahoma,0370.0,03701010000.0,FHA:First Lien,Single Family (1-4 Units):Site-Built,Hispanic or Latino,Unknown,Female,Approved for loan,1,285000.0,94.0,6.4,0.6,2,2100.0,3800.0,500.0,2.0,500.0,120,,30,1,0,0,1,1,1,0,2,2,3,0,,26.0,,0,1,3333,3333,4.0,8.0,1,1,2,2,2,1,1,45-54,9999,Yes,,0,1
2024,99999,MN,0750.0,07501010000.0,VA:First Lien,Single Family (1-4 Units):Site-Built,Not Hispanic or Latino,White,Male,Pending application,1,195000.0,92.0,7.5,0.4,2,2200.0,3300.0,500.0,5.0,1100.0,360,,60,1,1,1,0,0,1,1,3,1,2,0,,39.0,,1,1,1111,1111,2.0,6.0,2,2,2,3,1,4,1,1,1,35-44,9999,No,,1,1
2024,99999,LA,0750.0,07501010000.0,Conventional:First Lien,Single Family (1-4 Units):Site-Built,Hispanic or Latino,White,Female,Approved for loan,1,330000.0,92.0,5.6,0.3,2,3200.0,4200.0,650.0,1.0,500.0,120,,30,0,1,0,0,0,1,0,1,4,2,0,,37.0,,1,1,1111,1111,2.0,2.0,1,1,1,4,2,2,1,45-54,9999,Yes,,1,1
2024,99999,NH,0550.0,05501010000.0,FHA:First Lien,Single Family (1-4 Units):Site-Built,Not Hispanic or Latino,White,Male,File closed for incompleteness,1,377000.0,91.0,5.7,0.45,2,2200.0,3700.0,500.0,3.0,1000.0,240,,30,1,1,0,0,0,1,0,1,2,1,0,,61.0,,1,1,1111,1111,3.0,11.0,3,3,2,3,2,4,1,45-54,9999,Yes,,1,1
2024,99999,ME,0170.0,01701010000.0,Conventional:First Lien,Single Family (1-4 Units):Site-Built,Hispanic or Latino,Others,Female,Approved for loan,1,222000.0,89.0,9.0,0.55,2,3500.0,5900.0,600.0,2.0,700.0,360,,30,0,1,1,0,0,1,1,2,1,3,0,,34.0,,0,1,2222,2222,4.0,7.0,3,1,2,1,1,1,2,45-54,9999,No,,0,1
2024,99999,KY,0100.0,01001010000.0,VA:First Lien,Single Family (1-4 Units):Site-Built,Not Hispanic or Latino,White,Female,Approved for loan,1,450000.0,94.0,7.2,0.6,2,3400.0,5700.0,800.0,4.0,800.0,240,,60,1,1,0,1,1,1,0,1,3,2,0,,52.0,,1,1,1111,1111,3.0,13.0,4,2,1,1,1,2,2,3,1,45-54,9999,No,,1,1
2024,99999,TN,0250.0,02501010000.0,Conventional:First Lien,Single Family (1-4 Units):Site-Built,Hispanic or Latino,Native Hawaiian or Other Pacific Islander,Male,Pending application,1,275000.0,92.0,6.8,0.3,2,3800.0,7000.0,600.0,3.0,900.0,360,,60,1,1,0,0,0,2,0,2,1,3,0,,74.0,,1,0,3333,3333,2.0,5.0,2,3,1,2,1,1,1,45-54,9999,Yes,,1,0
2024,99999,MS,0100.0,01001010000.0,FHA:First Lien,Single Family (1-4 Units):Site-Built,Not Hispanic or Latino,White,Female,Approved for loan,1,320000.0,95.0,6.3,0.35,2,2900.0,3700.0,350.0,5.0,700.0,360,,60,0,0,0,1,0,1,0,1,3,5,0,,47.0,,1,1,1111,1111,5.0,13.0,1,2,2,2,2,2,1,25-34,9999,Yes,,1,1
2024,99999,VT,0170.0,01701010000.0,VA:First Lien,Single Family (1-4 Units):Site-Built,Hispanic or Latino,White,Male,Approved for loan,1,295000.0,90.0,8.5,0.5,2,4200.0,6000.0,1000.0,6.0,600.0,120,,30,1,1,0,0,0,1,0,1,4,2,0,,28.0,,1,1,1111,1111,4.0,9.0,2,4,2,3,1,3,1,45-54,9999,Yes,,1,1
2024,99999,SD,0010.0,00101010000.0,Conventional:First Lien,Single Family (1-4 Units):Site-Built,Hispanic or Latino,Other Asian,Female,Approved for loan,1,230000.0,94.0,6.1,0.25,2,2100.0,3100.0,300.0,4.0,1000.0,360,,30,0,1,0,0,0,1,1,3,1,2,0,,30.0,,1,1,2222,2222,4.0,11.0,1,3,2,4,2,3,1,55-64,9999,No,,1,1
2024,99999,NE,0370.0,03701010000.0,Conventional:First Lien,Single Family (1-4 Units):Site-Built,Not Hispanic or Latino,Asian,Male,Approved for loan,1,375000.0,89.0,5.9,0.4,2,3100.0,4800.0,600.
2024,99999,CT,9150.0,9150708100.0,Conventional:Subordinate Lien,Single Family (1-4 Units):Site-Built,Not Hispanic or Latino,White,Male,File closed for incompleteness,32,25000.0,,,,3,,,,,,240,,,2,2,2,2,,1,1,3,5,1,,96.0,,1111,1111,2.0,5.0,2,4,5.0,8.0,2,4,1,5,2,4,65-74,9999,Yes,,1,1
2024,99999,NY,36047.0,3604700000.0,FHA:First Lien,Single Family (1-4 Units):Site-Built,Hispanic or Latino,White,Male,Approved for loan originations,1,375000.0,80.0,6.50,0.50,1,4100.0,1600.0,2500.0,0.0,1500.0,120.0,0.0,,0.0,1.0,0.0,1.0,0.0,0.0,1.0,1.0,0.0,3.0,2.0,0.0,4.0,,,25.0,4.0,56-65,0.0,3.0,6.0,1.0,3.0,1,1,1
2024,99999,CA,6037.0,6037402000.0,VA:First Lien,Single Family (1-4 Units):Site-Built,Not Hispanic or Latino,Black,Female,Approved for loan originations,1,210000.0,90.0,9.00,2.00,1,3100.0,500.0,1500.0,0.0,200.0,360.0,2.0,0.0,0.0,0.0,0.0,0.0,3.0,,0.0,1.0,0.0,0.0,0.0,0.0,1.0,20.0,2000.0,60-70,2.0,1.0,9.0,3.0,0.0,2.0,3,2,1
2024,99999,TX,48201.0,4820134000.0,Conventional:First Lien,Single Family (1-4 Units):Site-Built,Hispanic or Latino,White,Male,Denied by lender,3,187500.0,,5.50,,1,3000.0,1500.0,1000.0,0.0,500.0,240.0,1.0,,1.0,0.0,1.0,0.0,0.0,0.0,1.0,0.0,0.0,1.0,0.0,0.0,0.0,30.0,0.0,41-50,0.0,1.0,10.0,5.0,0.0,4.0,5,2,2
2024,99999,FL,12013.0,1201300000.0,FHA:First Lien,Single Family (1-4 Units):Site-Built,Hispanic or Latino,Hispanic and Latino,Other/Mixed,Female,Approved for loan originations,1,625000.0,90.0,4.25,0.50,1,4900.0,1200.0,1500.0,0.0,2000.0,180.0,0.0,,1.0,0.0,0.0,0.0,1.0,0.0,1.0,0.0,0.0,0.0,0.0,1.0,0.0,35.0,0.0,51-60,1.0,0.0,6.0,4.0,0.0,2.0,5,2,2
2024,99999,IL,17031.0,1703100000.0,FHA:First Lien,Multi-Family (5 or more units):Site-Built,Not Hispanic or Latino,White,Female,Approved for loan originations,3,195000.0,75.0,6.25,0.25,1,3800.0,1000.0,2200.0,0.0,600.0,120.0,2.0,,0.0,0.0,0.0,1.0,0.0,0.0,1.0,0.0,1.0,1.0,0.0,1.0,0.0,55.0,0.0,41-50,0.0,1.0,5.0,0.0,0.0,3.0,4,2,2
2024,99999,GA,13067.0,1306700010.0,FHA:First Lien,Single Family (1-4 Units):Site-Built,Hispanic or Latino,White,Male,Approved for loan originations,2,465000.0,85.0,7.00,0.75,1,3300.0,900.0,1600.0,0.0,800.0,300.0,1.0,,1.0,1.0,0.0,0.0,0.0,0.0,0.0,0.0,1.0,0.0,0.0,0.0,1.0,25.0,0.0,31-40,1.0,0.0,7.0,6.0,0.0,1.0,3,2,2
2024,99999,OH,39051.0,3905140700.0,FHA:First Lien,Single Family (1-4 Units):Site-Built,Not Hispanic or Latino,White,Male,Denied by lender,3,580000.0,,6.75,,1,3100.0,1200.0,2200.0,0.0,800.0,240.0,0.0,,0.0,0.0,0.0,1.0,1.0,0.0,0.0,0.0,0.0,0.0,0.0,0.0,0.0,32.0,0.0,20-30,0.0,1.0,9.0,3.0,1.0,3.0,5,2,2
2024,99999,MD,24005.0,2400500000.0,FHA:First Lien,Single Family (1-4 Units):Site-Built,Not Hispanic or Latino,Black,Female,Approved for loan originations,1,320000.0,80.0,5.50,0.25,1,3400.0,800.0,1900.0,0.0,700.0,180.0,1.0,,0.0,0.0,1.0,0.0,0.0,0.0,1.0,0.0,1.0,0.0,0.0,0.0,1.0,35.0,0.0,51-60,1.0,0.0,5.0,3.0,0.0,3.0,1,2,2
2024,99999,WI,55075.0,5507500000.0,Conventional:First Lien,Single Family (1-4 Units):Site-Built,Not Hispanic or Latino,White,Male,Approved for loan originations,1,250000.0,90.0,7.00,1.00,1,2750.0,1000.0,1100.0,0.0,500.0,360.0,0.0,,0.0,0.0,0.0,0.0,1.0,1.0,1.0,1.0,0.0,0.0,0.0,0.0,1.0,40.0,0.0,41-50,1.0,0.0,6.0,10.0,1.0,2.0,2,2,1
2024,99999,NC,37011.0,3701100000.0,FHA:First Lien,Single Family (1-4 Units):Site-Built,Hispanic or Latino,White,Male,Rejected due to insufficient income,3,205000.0,,6.50,1.00,1,3400.0,1200.0,1200.0,0.0,500.0,240.0,1.0,,1.0,0.0,0.0,0.0,0.0,0.0,1.0,1.0,1.0,1.0,0.0,0.0,1.0,35.0,0.0,31-40,0.0,1.0,7.0,8.0,0.0,5.0,3,2,2
2024,99999,MA,25025.0,2502500000.0,FHA:First Lien,Single Family (1-4 Units):Site-Built,Hispanic or Latino,Hispanic and Latino,Other/Female,Approved for loan originations,1,360000.0,80.0,5.75,0.50,1,4300.0,1200.0,2500.0,0.0,1800.0,180.0,0.0,,0.0,0.0,1.0,1.0,0.0,0.0,0.0,0.0,0.0,0.0,1.0,0.0,0.0,21.0,0.0,41-50,0.0,1.0,5.0,6.0,1.0,0.0,2,2,1
2024,99999,MN,27037.0,2703700000.0,VA:Second Lien,Single Family (1-4 Units):Site-Built,Not Hispanic or Latino,White,Female,Approved for loan originations,1,570000.0,95.0,7.25,1.25,1,2000.0,400.0,500.0,0.0,200.0,240.0,1.0,,1.0,1.0,0.0,0.0,0.0,1.0,0.0,0.0,0.0,0.0,0.0,1.0,0.0,50.0,0.0,31-40,1.0,1.0,6.0,8.0,1.0,0.0,4,2,1
2024,99999,CO,08025.0,0802516000.0,Conventional:First Lien,Single Family (1-4 Units):Site-Built,Not Hispanic or Latino,White,Male,Approved for loan originations,1,220000.0,85.0,5.75,0.25,1,3600.0,2300.0,600.0,0.0,1500.0,180.0,0.0,,0.0,0.0,0.0,0.0,0.0,0.0,0.0,0.0,0.0,0.0,1.0,0.0,1.0,30.0,0.0,51-60,0.0,1.0,4.0,5.0,1.0,0.0,3,2,2
2024,99999,NJ,34015.0,3401501000.0,FHA:First Lien,Single Family (1-4 Units):Site-Built,Not Hispanic or Latino,White,Male,Approved for loan originations,1,180000.0,,7.50,2.00,1,5500.0,1500.0,2000.0,0.0,800.0,240.0,0.0,,0.0,0.0,0.0,0.0,0.0,0.0,0.0,0.0,1.0,1.0,1.0,0.0,1.0,45.0,0.0,41-50,0.0,1.0,5.0,5.0,1.0,1.0,1,2,2
2024,99999,MI,26029.0,2602900000.0,FHA:First Lien,Single Family (1-4 Units):Site-Built,Not Hispanic or Latino,White,Male,Denied by lender,2,175000.0,,4.50,,1,1600.0,200.0,800.0,0.0,0.0,120.0,0.0,,0.0,0.0,0.0,0.0,1.0,0.0,0.0,0.0,0.0,0.0,0.0,0.0,0.0,60.0,0.0,31-40,1.0,1.0,5.0,5.0,0.0,1.0,5,1,2
2024,99999,PA,42017.0,4201700000.0,FHA:First Lien,Single Family (1-4 Units):Site-Built,Hispanic or Latino,White,Male,Approved for loan originations,1,700000.0,80.0,6.50,0.25,1,2700.0,900.0,1800.0,0.0,500.0,360.0,1.0,,0.0,0.0,0.0,1.0,0.0,0.0,0.0,0.0,0.0,0.0,1.0,0.0,0.0,48.0,0.0,31-40,1.0,0.0,4.0,3.0,1.0,0.0,0,2,2
2024,99999,VA,51750.0,5175001500.0,FHA:First Lien,Single Family (1-4 Units):Site-Built,Hispanic or Latino,White,Female,Approved for loan originations,1,420000.0,90.0,8.25,1.50,1,3700.0,800.0,1500.0,0.0,800.0,300.0,1.0,,1.0,0.0,0.0,0.0,0.0,1.0,0.0,0.0,1.0,1.0,0.0,0.0,0.0,50.0,0.0,21-30,0.0,1.0,6.0,5.0,0.0,3.0,2,2,2
2024,99999,WA,53033.0,5303302000.0,Conventional:First Lien,Single Family (1-4 Units):Site-Built,Not Hispanic or Latino,White,Male,Approved for loan originations,1,400000.0,90.0,7.00,0.75,1,3400.0,1500.0,1000.0,0.0,900.0,180.0,1.0,,0.0,0.0,0.0,0.0,1.0,0.0,0.0,0.0,0.0,0.0,0.0,1.0,0.0,65.0,0.0,41-50,0.0,1.0,5.0,10.0,0.0,3.0,3,2,2
2024,99999,AZ,04001.0,0400100000.0,VA:First Lien,Single Family (1-4 Units):Site-Built,Hispanic or Latino,White,Female,Approved for loan originations,1,625000.0,85.0,5.25,0.25,1,2500.0,1100.0,300.0,0.0,900.0,120.0,0.0,,1.0,0.0,0.0,0.0,0.0,0.0,0.0,0.0,0.0,0.0,0.0,1.0,0.0,50.0,0.0,51-60,0.0,1.0,5.0,5.0,0.0,0.0,3,2,1
2024,99999,KY,21095.0,2109500000.0,FHA:First Lien,Single Family (1-4 Units):Site-Built,Not Hispanic or Latino,White,Male,Approved for loan originations,1,210000.0,90.0,5.00,1.00,0,3900.0,900.0,1500.0,0.0,700.0,360.0,0.0,,1.0,0.0,0.0,0.0,1.0,0.0,1.0,1.0,0.0,0.0,0.0,1.0,0.0,40.0,0.0,61-70,0.0,0.0,5.0,5.0,0.0,4.0,1,2,1
2024,99999,NC,37131.0,3713132010.0,FHA:First Lien,Single Family (1-4 Units):Site-Built,Hispanic or Latino,White,Male,Approved for loan originations,1,300000.0,85.0,6.50,1.00,1,3200.0,2000.0,100.0,0.0,3000.0,180.0,1.0,,0.0,1.0,0.0,0.0,0.0,0.0,0.0,0.0,0.0,0.0,1.0,0.0,1.0,35.0,0.0,31-40,1.0,0.0,5.0,7.0,1.0,0.0,1,2,1
2024,99999,UT,49045.0,4904500000.0,FHA:First Lien,Single Family (1-4 Units):Site-Built,Not Hispanic or Latino,Hispanic and Latino,Other,Female,Approved for loan originations,1,390000.0,85.0,6.75,0.50,1,3200.0,2000.0,1000.0,0.0,700.0,120.0,2.0,,1.0,0.0,0.0,0.0,0.0,1.0,0.0,0.0,0.0,0.0,1.0,0.0,0.0,50.0,0.0,41-50,0.0,1.0,5.0,8.0,0.0,3.0,4,2,1
2024,99999,TN,47087.0,4708700000.0,FHA:First Lien,Single Family (1-4 Units):Site-Built,Not Hispanic or Latino,White,Male,Approved for loan originations,1,240000.0,90.0,6.00,0.50,1,2700.0,700.0,1700.0,0.0,300.0,240.0,0.0,,0.0,0.0,1.0,0.0,0.0,0.0,0.0,0.0,0.0,1.0,1.0,0.0,0.0,42.0,0.0,51-60,0.0,0.0,6.0,7.0,1.0,1.0,2,2,2
2024,99999,DE,10003.0,1000301020.0,Conventional:Second Lien,Single Family (1-4 Units):Site-Built,Hispanic or Latino,Hispanic and Latino,Other/Mixed,Other,Approved for loan originations,2,540000.0,80.0,4.25,0.25,1,3500.0,0.0,1000.0,0.0,0.0,300.0,0.0,,0.0,0.0,0.0,1.0,0.0,0.0,0.0,0.0,0.0,0.0,1.0,0.0,0.0,42.0,0.0,51-60,0.0,1.0,5.0,5.0,0.0,3.0,1,2,2
2024,99999,SC,45019.0,4501900010.0,FHA:First Lien,Single Family (1-4 Units):Site-Built,Not Hispanic or Latino,White,Female,Approved for loan originations,1,330000.0,85.0,5.50,0.50,1,3500.0,1200.0,1600.0,0.0,2000.0,120.0,1.0,,0.0,0.0,0.0,0.0,0.0,1.0,0.0,0.0,0.0,0.0,0.0,0.0,1.0,30.0,0.0,21-30,0.0,0.0,6.0,5.0,0.0,2.0,3,2,2
2024,99999,ID,16075.0,1607500000.0,FHA:First Lien,Single Family (1-4 Units):Site-Built,Not Hispanic or Latino,White,Male,Approved for loan originations,1,340000.0,80.0,7.75,1.25,1,3800.0,1400.0,2200.0,0.0,400.0,240.0,0.0,,1.0,0.0,0.0,0.0,1.0,0.0,0.0,1.0,0.0,0.0,1.0,0.0,1.0,40.0,0.0,61-70,0.0,1.0,5.0,8.0,0.0,2.0,2,2,2
2024,99999,OR,41053.0,4105301000.0,FHA:First Lien,Single Family (1-4 Units):Site-Built,Hispanic or Latino,White,Male,Approved for loan originations,1,375000.0,85.0,6.00,0.50,1,4200.0,2000.0,1500.0,0.0,400.0,300.0,0.0,,0.0,0.0,1.0,1.0,0.0,1.0,0.0,0.0,0.0,0.0,1.0,0.0,0.0,35.0,0.0,41-50,0.0,1.0,5.0,6.0,0.0,2.0,4,2,2
2024,99999,NV,32001.0,3200130100.0,FHA:First Lien,Single Family (1-4 Units):Site-Built,Not Hispanic or Latino,White,Male,Approved for loan originations,1,400000.0,90.0,6.10,0.75,1,4200.0,1200.0,1500.0,0.0,700.0,240.0,1.0,,1.0,0.0,0.0,0.0,1.0,0.0,0.0,0.0,0.0,0.0,0.0,0.0,0.0,30.0,0.0,51-60,1.0,1.0,5.0,9.0,0.0,0.0,3,2,1
2024,99999,OK,40027.0,4002700000.0,VA:First Lien,Single Family (1-4 Units):Site-Built,Hispanic or Latino,White,Female,Approved for loan originations,1,350000.0,80.0,5.25,0.25,1,2400.0,900.0,1000.0,0.0,700.0,120.0,0.0,,0.0,0.0,0.0,0.0,0.0,0.0,0.0,0.0,0.0,1.0,1.0,0.0,0.0,30.0,0.0,41-50,0.0,1.0,6.0,7.0,0.0,3.0,4,2,2
2024,99999,WV,54037.0,5403700000.0,FHA:First Lien,Single Family (1-4 Units):Site-Built,Not Hispanic or Latino,White,Male,Approved for loan originations,1,500000.0,85.0,7.00,0.75,1,3900.0,1500.0,2000.0,0.0,300.0,180.0,1.0,,0.0,0.0,1.0,0.0,0.0,1.0,0.0,0.0,0.0,1.0,1.0,0.0,0.0,45.0,0.0,51-60,0.0,0.0,5.0,7.0,0.0,2.0,5,2,2
2024,99999,DC,11001.0,1100100000.0,FHA:First Lien,Single Family (1-4 Units):Site-Built,Not Hispanic or Latino,White,Male,Approved for loan originations,1,375000.0,80.0,5.50,0.50,1,3500.0,1200.0,1700.0,0.0,500.0,240.0,0.0,,1.0,0.0,0.0,0.0,0.0,1.0,0.0,0.0,0.0,1.0,1.0,1.0,0.0,31.0,0.0,41-50,0.0,1.0,7.0,5.0,1.0,2.0,1,2,2
2024,99999,IN,18083.0,1808300000.0,FHA:First Lien,Single Family (1-4 Units):Site-Built,Hispanic or Latino,Hispanic and Latino,Other/Female,Approved for loan originations,1,550000.0,80.0,6.00,0.50,1,2800.0,900.0,1100.0,0.0,700.0,120.0,0.0,,0.0,0.0,1.0,0.0,0.0,0.0,0.0,0.0,0.0,0.0,0.0,1.0,0.0,59.0,0.0,31-40,0.0,1.0,6.0,6.0,0.0,2.0,3,2,1
2024,99999,FL,12031.0,1203100000.0,FHA:First Lien,Single Family (1-4 Units):Site-Built,Hispanic or Latino,White,Male,Approved for loan originations,1,435000.0,,5.75,,1,4350.0,1690.0,1800.0,0.0,1100.0,300.0,1.0,,1.0,0.0,1.0,0.0,0.0,0.0,0.0,0.0,0.0,0.0,0.0,0.0,0.0,65.0,0.0,51-60,1.0,0.0,7.0,6.0,0.0,3.0,0,2,1
2024,99999,MS,28079.0,2807903010.0,FHA:First Lien,Single Family (1-4 Units):Site-Built,Not Hispanic or Latino,White,Female,Approved for loan originations,1,450000.0,85.0,6.75,0.75,1,4500.0,2000.0,2000.0,0.0,1000.0,120.0,1.0,,0.0,0.0,0.0,0.0,0.0,0.0,0.0,0.0,0.0,0.0,1.0,1.0,0.0,35.0,0.0,41-50,0.0,0.0,7.0,5.0,0.0,1.0,1,2,1
2024,99999,ME,23005.0,2300500000.0,FHA:First Lien,Single Family (1-4 Units):Site-Built,Not Hispanic or Latino,White,Male,Approved for loan originations,1,380000.0,80.0,7.50,1.00,1,3200.0,1000.0,1400.0,0.0,400.0,180.0,1.0,,0.
2024,99999,CA,8400.0,8400101200.0,Conventional:First Lien,Single Family (1-4 Units):Site-Built,Hispanic or Latino,Black,Female,Approved for loan,1,500000.0,85.0,6.25,2.25,0,4300.0,2300.0,1500.0,0.75,2100.0,180,0,0,0,0,0,0,0,0,0,1,1,2,4,1,,75.0,,2222,2222,3.0,6.5,1,3,3.0,7.5,5,3,2,2,7,3,75-84,9999,Yes,,2,2  
2024,99999,NY,36017.0,3601700100.0,FHA:First Lien,Single Family (1-4 Units):Site-Built,Not Hispanic or Latino,White,Male,Loan originations,2,300000.0,90.0,4.75,1.75,1,2500.0,1800.0,1000.0,0.5,1500.0,180,0,0,0,0,0,0,0,0,0,1,1,3,5,1,,92.0,,1111,1111,1.0,3.0,1,4,4.0,9.0,2,5,1,4,6,2,65-74,9999,Yes,,1,2  
2024,99999,FL,12015.0,1201508100.0,Conventional:First Lien,Single Family (1-4 Units):Site-Built,Not Hispanic or Latino,White,Male,Denied application,3,450000.0,92.5,5.25,2.0,0,3400.0,2100.0,1300.0,1.0,2100.0,240,0,0,0,1,1,0,0,0,0,1,1,2,5,2,,94.0,,2222,2222,3.0,5.0,3,4,2.0,6.5,3,3,4,5,6,3,75-84,9999,Yes,,3,3  
2024,99999,TX,48119.0,4811912300.0,FHA:First Lien,Multi-Family (5+ Units):Site-Built,Hispanic or Latino,Hispanic or Latino,Female,Approved for loan,1,650000.0,80.0,5.75,1.5,1,4800.0,2700.0,1400.0,1.25,3100.0,360,0,0,0,0,0,0,0,0,0,1,2,3,4,1,,88.0,,1111,1111,2.0,4.2,1,3,3.5,8.0,2,5,4,3,7,2,85-99,9999,Yes,,1,3  
2024,99999,GA,13069.0,1306905010.0,VA:First Lien,Single Family (1-4 Units):Site-Built,Not Hispanic or Latino,Black,Male,Approved for loan,1,250000.0,83.5,6.50,2.5,1,3200.0,1900.0,1000.0,0.75,2200.0,180,0,0,0,0,0,0,0,0,0,2,1,2,5,1,,90.0,,2222,2222,4.0,6.0,3,3,3.0,5.0,4,5,3,1,6,2,65-74,9999,Yes,,3,1  
2024,99999,WA,53029.0,5302935010.0,Conventional:First Lien,Single Family (1-4 Units):Site-Built,Not Hispanic or Latino,Asian,Female,Approved for loan,1,325000.0,82.0,5.50,1.75,1,3800.0,2200.0,1300.0,1.0,2500.0,240,0,0,0,0,0,0,0,0,0,3,2,2,5,1,,89.0,,1111,1111,3.0,7.0,1,4,4.5,9.5,5,3,5,1,7,2,75-84,9999,Yes,,3,2  
2024,99999,MD,24027.0,2402700700.0,FHA:First Lien,Single Family (1-4 Units):Site-Built,Hispanic or Latino,Hispanic or Latino,Male,Denied application,2,400000.0,90.0,5.00,1.25,0,3100.0,1600.0,900.0,0.75,1800.0,180,0,0,0,0,0,0,0,0,0,4,1,2,4,1,,91.0,,2222,2222,2.0,5.5,3,6,3.0,6.0,5,2,2,1,7,3,85-99,9999,Yes,,1,1  
2024,99999,IL,17031.0,1703106500.0,Conventional:First Lien,Single Family (1-4 Units):Site-Built,Not Hispanic or Latino,White,Female,Approved for loan,1,650000.0,85.0,5.25,1.75,1,4000.0,2400.0,1400.0,0.75,2600.0,360,0,0,0,0,0,0,0,0,0,5,2,3,5,1,,93.0,,1111,1111,2.0,6.0,1,4,4.0,7.0,1,4,2,1,6,2,75-84,9999,Yes,,2,3  
2024,99999,MA,25017.0,2501700400.0,FHA:First Lien,Single Family (1-4 Units):Site-Built,Not Hispanic or Latino,White,Male,Approved for loan,3,520000.0,80.0,6.00,1.85,1,4600.0,2600.0,1600.0,2.0,2800.0,360,0,0,0,0,0,0,0,0,0,6,2,2,4,1,,87.0,,1111,1111,3.0,5.0,1,3,3.0,6.5,1,5,1,1,6,3,85-99,9999,Yes,,1,1  
2024,99999,SC,45063.0,4506300500.0,Conventional:First Lien,Single Family (1-4 Units):Site-Built,Hispanic or Latino,Hispanic or Latino,Male,Loan originations,1,285000.0,82.5,4.75,1.0,1,2900.0,1700.0,1100.0,0.5,1900.0,240,0,0,0,0,0,0,0,0,0,7,3,2,4,1,,95.0,,2222,2222,5.0,4.5,3,4,4.0,5.5,2,5,3,2,5,5,75-84,9999,Yes,,2,3  
2024,99999,MI,26143.0,2614308600.0,VA:First Lien,Single Family (1-4 Units):Site-Built,Not Hispanic or Latino,White,Female,Approved for loan,1,480000.0,90.0,4.50,1.5,1,3100.0,2000.0,1200.0,0.75,2100.0,180,0,0,0,0,0,0,0,0,0,8,3,3,4,1,,89.0,,1111,1111,4.0,6.0,2,4,2.5,8.0,1,4,5,1,7,3,65-74,9999,Yes,,2,1  
2024,99999,AZ,40013.0,4001315000.0,FHA:First Lien,Single Family (1-4 Units):Site-Built,Hispanic or Latino,Hispanic or Latino,Male,Approved for loan,1,320000.0,86.0,6.25,2.25,0,3200.0,1900.0,1000.0,1.0,2200.0,240,0,0,0,0,0,0,0,0,0,9,2,3,5,2,,90.0,,2222,2222,2.0,5.5,2,3,3.5,7.0,3,5,3,2,4,3,85-99,9999,Yes,,1,3  
2024,99999,CO,08013.0,0801301000.0,Conventional:First Lien,Single Family (1-4 Units):Site-Built,Not Hispanic or Latino,White,Female,Denied application,1,500000.0,87.0,5.75,1.75,1,4100.0,2300.0,1500.0,0.75,2500.0,360,0,0,0,0,0,0,0,0,0,10,2,2,5,1,,88.0,,1111,1111,3.0,7.0,1,3,3.0,6.0,4,2,5,1,3,4,65-74,9999,Yes,,2,1  
2024,99999,NJ,34003.0,3400301000.0,FHA:First Lien,Single Family (1-4 Units):Site-Built,Hispanic or Latino,Hispanic or Latino,Male,Approved for loan,2,420000.0,88.5,5.50,2.25,1,3200.0,1900.0,1200.0,1.0,2100.0,180,0,0,0,0,0,0,0,0,0,11,2,2,4,1,,89.0,,2222,2222,4.0,6.0,2,3,4.0,7.5,3,5,3,2,4,2,75-84,9999,Yes,,2,2  
2024,99999,OR,41051.0,4105108100.0,VA:First Lien,Single Family (1-4 Units):Site-Built,Not Hispanic or Latino,Black,Male,Approved for loan,1,600000.0,85.0,4.25,1.5,1,3300.0,2100.0,1300.0,0.75,2200.0,180,0,0,0,0,0,0,0,0,0,12,3,2,5,1,,91.0,,1111,1111,3.0,4.0,1,5,3.0,8.0,1,1,2,1,4,2,65-74,9999,Yes,,1,3  
2024,99999,LV,32001.0,3200100100.0,Conventional:First Lien,Single Family (1-4 Units):Site-Built,Hispanic or Latino,Hispanic or Latino,Female,Approved for loan,1,310000.0,80.0,5.75,1.75,0,3100.0,2000.0,1200.0,0.75,2300.0,240,0,0,0,0,0,0,0,0,0,13,2,3,4,1,,86.0,,2222,2222,5.0,6.5,2,4,4.5,7.0,2,5,3,2,3,3,75-84,9999,Yes,,2,3  
2024,99999,MO,29149.0,2914903010.0,FHA:First Lien,Single Family (1-4 Units):Site-Built,Not Hispanic or Latino,White,Male,Approved for loan,1,700000.0,90.0,5.25,1.5,1,4400.0,2500.0,1400.0,1.0,2700.0,300,0,0,0,0,0,0,0,0,0,14,3,2,5,1,,89.0,,1111,1111,3.0,5.0,1,4,3.0,6.0,2,5,4,2,5,2,65-74,9999,Yes,,2,1  
2024,99999,OH,39003.0,3900300100.0,Conventional:First Lien,Single Family (1-4 Units):Site-Built,Not Hispanic or Latino,White,Female,Approved for loan,1,380000.0,85.0,5.00,1.6,1,3800.0,2200.0,1100.0,1.0,2400.0,360,0,0,0,0,0,0,0,0,0,15,2,2,4,1,,90.0,,2222,2222,2.0,5.5,3,4,4.5,7.0,1,3,4,2,6,2,75-84,9999,Yes,,2,1  
2024,99999,NC,37169.0,3716900100.0,FHA:First Lien,Single Family (1-4 Units):Site-Built,Not Hispanic or Latino,White,Male,Approved for loan,3,540000.0,85.0,5.50,2.0,0,4000.0,2300.0,1400.0,0.75,2500.0,240,0,0,0,0,0,0,0,0,0,16,2,2,5,1,,91.0,,1111,1111,4.0,7.0,1,4,3.5,6.5,2,3,5,1,5,2,75-84,9999,Yes,,2,1  
2024,99999,ID,16059.0,1605900200.0,VA:First Lien,Single Family (1-4 Units):Site-Built,Not Hispanic or Latino,White,Female,Approved for loan,1,300000.0,88.0,5.75,1.75,0,3300.0,2000.0,1100.0,1.0,2100.0,360,0,0,0,0,0,0,0,0,0,17,2,2,4,1,,92.0,,2222,2222,2.0,5.5,1,3,2.5,8.0,1,2,3,1,6,2,65-74,9999,Yes,,2,3  
2024,99999,VT,50001.0,5000100300.0,Conventional:First Lien,Single Family (1-4 Units):Site-Built,Not Hispanic or Latino,White,Male,Approved for loan,1,600000.0,85.0,6.00,2.5,1,4100.0,2600.0,1600.0,1.0,2700.0,180,0,0,0,0,0,0,0,0,0,18,2,2,5,1,,87.0,,1111,1111,3.0,6.0,1,3,3.0,8.0,1,2,4,2,6,2,75-84,9999,Yes,,1,1  
2024,99999,IN,18113.0,1811302000.0,FHA:First Lien,Single Family (1-4 Units):Site-Built,Hispanic or Latino,Hispanic or Latino,Female,Approved for loan,1,450000.0,85.0,6.00,2.5,1,4200.0,2400.0,1300.0,1.0,2600.0,360,0,0,0,0,0,0,0,0,0,19,2,2,5,2,,89.0,,2222,2222,2.0,6.5,3,3,4.0,9.0,1,2,3,2,6,2,85-99,9999,Yes,,2,1  
2024,99999,OK,40027.0,4002700100.0,Conventional:First Lien,Single Family (1-4 Units):Site-Built,Not Hispanic or Latino,White,Male,Denied application,1,310000.0,88.0,6.25,1.75,0,3200.0,1900.0,1000.0,0.75,2100.0,240,0,0,0,0,0,0,0,0,0,20,2,3,5,1,,90.0,,1111,1111,5.0,5.5,1,4,2.5,7.0,2,4,5,2,5,2,75-84,9999,Yes,,2,3  
2024,99999,WI,55011.0,5501101000.0,FHA:First Lien,Single Family (1-4 Units):Site-Built,Hispanic or Latino,Hispanic or Latino,Male,Approved for loan,1,420000.0,87.0,5.50,2.5,1,4000.0,2300.0,1400.0,1.0,2500.0,240,0,0,0,0,0,0,0,0,0,21,2,3,4,1,,88.0,,2222,2222,3.0,6.0,1,4,4.0,8.0,3,5,4,1,6,2,85-99,9999,Yes,,2,1  
2024,99999,PA,42071.0,4207100400.0,VA:First Lien,Single Family (1-4 Units):Site-Built,Not Hispanic or Latino,Black,Male,Approved for loan,1,300000.0,83.0,6.75,2.75,0,4200.0,2500.0,1200.0,1.5,2600.0,300,0,0,0,0,0,0,0,0,0,22,2,2,4,2,,89.0,,1111,1111,2.0,5.0,1,4,3.5,8.0,1,5,5,2,4,3,65-74,9999,Yes,,2,2  
2024,99999,KY,21003.0,2100305000.0,Conventional:First Lien,Single Family (1-4 Units):Site-Built,Hispanic or Latino,Hispanic or Latino,Male, Approved for loan,1,700000.0,85.0,5.00,1.5,1,4300.0,2400.0,1500.0,0.75,2600.0,360,0,0,0,0,0,0,0,0,0,23,2,2,5,1,,92.0,,2222,2222,3.0,6.0,1,4,2.0,6.0,2,3,5,2,7,2,75-84,9999,Yes,,2,2  
2024,99999,DE,10001.0,1000103000.0,FHA:First Lien,Single Family (1-4 Units):Site-Built,Not Hispanic or Latino,White,Female,Approved for loan,1,500000.0,90.0,6.50,2.25,1,3800.0,2300.0,1100.0,0.75,2400.0,180,0,0,0,0,0,0,0,0,0,24,2,2,4,1,,86.0,,1111,1111,5.0,5.5,3,4,2.5,8.0,1,2,3,2,5,2,75-84,9999,Yes,,2,3  
2024,99999,NC,37027.0,3702701000.0,Conventional:First Lien,Single Family (1-4 Units):Site-Built,Not Hispanic or Latino,White,Male,Loan originations,2,350000.0,85.0,5.25,2.0,1,4000.0,2500.0,1200.0,1.0,2400.0,360,0,0,0,0,0,0,0,0,0,25,2,2,4,1,,90.0,,2222,2222,2.0,7.0,1,4,4.0,7.0,1,3,5,3,4,2,65-74,9999,Yes,,2,1  
2024,99999,AR,05029.0,0502900700.0,FHA:First Lien,Single Family (1-4 Units):Site-Built,Hispanic or Latino,Hispanic or Latino,Male,Approved for loan,1,250000.0,85.0,5.50,2.0,1,3200.0,2000.0,1100.0,0.75,2100.0,240,0,0,0,0,0,0,0,0,0,26,2,3,5,1,,88.0,,1111,1111,3.0,6.0,1,3,2.5,7.0,1,4,3,2,6,2,85-99,9999,Yes,,2,1  
2024,99999,TN,47119.0,4711900100.0,VA:First Lien,Single Family (1-4 Units):Site-Built,Not Hispanic or Latino,White,Male,Approved for loan,1,450000.0,90.0,4.25,1.5,1,3300.0,2100.0,1200.0,0.75,2100.0,180,0,0,0,0,0,0,0,0,0,27,2,2,5,1,,90.0,,2222,2222,5.0,5.0,2,4,3.5,8.0,3,2,3,3,6,2,75-84,9999,Yes,,2,1  
2024,99999,IL,17157.0,1715700700.0,Conventional:First Lien,Single Family (1-4 Units):Site-Built,Not Hispanic or Latino,White,Female,Approved for loan,2,600000.0,85.0,5.00,1.75,1,3800.0,2300.0,1200.0,0.75,2400.0,360,0,0,0,0,0,0,0,0,0,28,2,2,5,1,,89.0,,1111,1111,2.0,6.5,2,4,4.5,9.0,3,3,2,5,6,3,65-74,9999,Yes,,2,2  
2024,99999,RI,44001.0,4400100400.0,FHA:First Lien,Single Family (1-4 Units):Site-Built,Not Hispanic or Latino,White,Male,Approved for loan,3,300000.0,83.0,6.50,1.5,1,3600.0,2100.0,1300.0,0.75,2200.0,180,0,0,0,0,0,0,0,0,0,29,2,2,5,1,,87.0,,2222,2222,3.0,7.0,1,4,4.0,8.0,2,5,4,1,6,1,75-84,9999,Yes,,2,1  
2024,99999,SD,46115.0,4611501000.0,Conventional:First Lien,Single Family (1-4 Units):Site-Built,Not Hispanic or Latino,White,Male,Approved for loan,1,550000.0,85.0,4.50,1.25,1,3400.0,2000.0,1400.0,0.75,2300.0,240,0,0,0,0,0,0,0,0,0,30,2,2,4,1,,89.0,,1111,1111,1.0,6.0,1,3,3.0,9.0,2,5,4,2,6,3,75-84,9999,Yes,,2,1  
2024,99999,WV,54013.0,5401302000.0,FHA:First Lien,Single Family (1-4 Units):Site-Built,Not Hispanic or Latino,White,Female,Approved for loan,1,280000.0,85.0,4.75,1.75,1,3100.0,1900.0,1100.0,0.75,2100.0,180,0,0,0,0,0,0,0,0,0,31,2,2,4,1,,87.0,,2222,2222,2.0,5.5,1,4,4.0,6.5,2,4,2,2,3,2,65-74,9999,Yes,,2,1  
2024,99999,VT,50003.0,5000309000.0,Conventional:First Lien,Single Family (1-4 Units):Site-Built,Hispanic or Latino,Hispanic or Latino,Male,Approved for loan,1,500000.0,85.0,6.00,1.75,1,3600.0,2100.0,1400.0,0.75,2500.0,360,0,0,0,0,0,0,0,0,0,32,2,2,5,1,,88.0,,1111,1111,2.0,5.0,1,3,4.0,7.0,2,4,3,1,6,2,85-99,9999,Yes,,2,3  
2024,99999,HI,15003.0,1500300100.0,VA:First Lien,Single Family (1-4 Units):Site-Built,Hispanic or Latino,Hispanic or Latino,Male,Approved for loan,1,350000.0,83.0,5.75,1.25,1,3200.0,1900.0,1000.0,0.75,2300.0,240,0,0,0,0,0,0,0,0,0,33,2,3,4,1,,88.0,,2222,2222,4.0,6.5,1,4,3.5,7.5,2,4,4,1,5,1,65-74,9999,Yes,,2,1  
2024,99999,NE,31031.0,3103101000.0,FHA:First Lien,Single Family (1-4 Units):Site-Built,Not Hispanic or Latino,White,Female,Approved for loan,1,600000.0,80.0,6.75,2.0,1,3400.0,2200.0,1100.0,1.0,2400.0,360,0,0,0,0,0,0,0,0,0,34,2,2,5,1,,95.0,,1111,1111,3.0,7.0,1,3,4.5,8.0,1,4,3,2,
2024,99999,CA,3700.0,3700507000.0,Conventional:First Lien,Single Family (1-4 Units):Site-Built,Hispanic or Latino,White,Male,Loan originated,1,450000.0,85.0,7.25,2.5,1,12000.0,800.0,1500.0,2.0,600.0,360,0,0,0,0,0,0,0,550000.0,Standard,Owner Occupied,Manufactured Home Site,12345,6,0,120000.0,35.0,3,8,3,3,5,4,1,2,1,2,4,8,1,2,65-74,80-89,Yes,1,
2024,99999,TX,8500.0,8500601000.0,FHA:First Lien,Single Family (1-4 Units):Site-Built,Not Hispanic or Latino,Black,Female,Loan denied,2,320000.0,90.0,6.75,1.8,0,8000.0,500.0,1000.0,1.0,300.0,360,0,0,0,0,0,0,0,400000.0,Standard,Investor Occupied,Other,12345,4,0,80000.0,30.0,2,2,2,2,1,1,1,1,1,1,3,3,1,1,45-54,45-54,Yes,0,
2024,99999,NY,7900.0,7902503000.0,Conventional:First Lien,Single Family (1-4 Units):Site-Built,Not Hispanic or Latino,White,Female,Loan originated,1,550000.0,75.0,6.0,1.5,1,15000.0,700.0,1800.0,1.5,400.0,360,0,0,0,0,0,0,0,750000.0,Standard,Owner Occupied,Manufactured Home Site,12345,5,0,150000.0,32.0,2,4,2,2,1,2,1,1,1,1,1,2,1,1,55-64,55-64,Yes,1,
2024,99999,FL,1200.0,1200102000.0,VA:First Lien,Single Family (1-4 Units):Site-Built,Not Hispanic or Latino,Hispanic,Male,Loan originated,3,400000.0,80.0,7.5,2.0,1,10000.0,450.0,1200.0,1.0,300.0,360,0,0,0,0,0,0,0,500000.0,Standard,Owner Occupied,Other,12345,6,0,100000.0,36.0,3,3,3,3,2,2,2,2,2,2,3,3,1,1,65-74,65-74,Yes,1,
2024,99999,IL,9050.0,9050401000.0,FHA:First Lien,Single Family (1-4 Units):Site-Built,Not Hispanic or Latino,Hispanic,Male,Loan rejected,5,350000.0,85.0,6.25,1.2,0,9000.0,350.0,900.0,0.5,250.0,360,0,0,0,0,0,0,0,450000.0,Standard,Owner Occupied,Other,12345,5,0,90000.0,34.0,2,2,1,1,2,1,2,1,2,1,2,2,1,1,55-64,55-64,Yes,1,
2024,99999,OH,4900.0,4900408000.0,Conventional:First Lien,Single Family (1-4 Units):Site-Built,Hispanic or Latino,White,Female,Loan originated,1,500000.0,75.0,6.5,1.7,1,14000.0,600.0,1700.0,1.8,350.0,360,0,0,0,0,0,0,0,700000.0,Standard,Owner Occupied,Manufactured Home Site,12345,7,0,120000.0,38.0,3,4,2,3,1,3,1,2,1,2,1,3,1,2,45-54,55-64,Yes,1,
2024,99999,GA,2100.0,2100105000.0,VA:First Lien,Single Family (1-4 Units):Site-Built,Not Hispanic or Latino,Black,Male,Loan originated,1,375000.0,80.0,6.0,1.5,1,10000.0,450.0,1300.0,1.0,250.0,360,0,0,0,0,0,0,0,470000.0,Standard,Investor Occupied,Other,12345,6,0,95000.0,33.0,2,4,2,2,1,2,1,2,1,1,3,3,1,1,45-54,55-64,Yes,1,
2024,99999,WA,4500.0,4500702000.0,FHA:First Lien,Multi-Family:Site-Built,Not Hispanic or Latino,Hispanic,Male,Loan approved,1,800000.0,75.0,7.0,2.0,1,20000.0,900.0,2100.0,2.0,600.0,360,0,0,0,0,0,0,0,1000000.0,Standard,Owner Occupied,Other,12345,8,0,200000.0,40.0,3,5,3,3,2,3,2,2,2,2,2,3,1,1,65-74,65-74,Yes,1,
2024,99999,NC,2200.0,2200104000.0,FHA:First Lien,Single Family (1-4 Units):Site-Built,Hispanic or Latino,White,Male,Loan originated,1,320000.0,85.0,6.75,1.8,0,8000.0,400.0,1000.0,1.0,250.0,360,0,0,0,0,0,0,0,400000.0,Standard,Owner Occupied,Manufactured Home Site,12345,6,0,80000.0,32.0,2,4,2,2,1,2,1,1,1,1,2,2,1,1,55-64,55-64,Yes,1,
2024,99999,MI,4300.0,4300301000.0,Conventional:First Lien,Single Family (1-4 Units):Site-Built,Not Hispanic or Latino,White,Female,Loan originated,3,480000.0,75.0,6.8,1.5,1,13500.0,600.0,1600.0,1.5,300.0,360,0,0,0,0,0,0,0,650000.0,Standard,Owner Occupied,Other,12345,5,0,130000.0,35.0,2,2,2,3,1,3,1,1,1,1,1,1,1,1,65-74,65-74,Yes,0,
2024,99999,PA,5000.0,5000106000.0,FHA:First Lien,Single Family (1-4 Units):Site-Built,Hispanic or Latino,White,Male,Loan approved,1,320000.0,85.0,6.5,1.2,0,8500.0,400.0,900.0,0.5,200.0,360,0,0,0,0,0,0,0,400000.0,Standard,Owner Occupied,Manufactured Home Site,12345,5,0,80000.0,33.0,1,3,1,2,2,1,2,1,2,1,3,2,1,1,45-54,55-64,Yes,0,
2024,99999,MO,1050.0,1050203000.0,Conventional:First Lien,Single Family (1-4 Units):Site-Built,Hispanic or Latino,White,Female,Loan originated,1,350000.0,80.0,7.0,1.8,1,9500.0,500.0,1200.0,1.2,300.0,360,0,0,0,0,0,0,0,440000.0,Standard,Owner Occupied,Other,12345,6,0,90000.0,32.0,2,4,2,2,1,2,1,2,1,1,2,2,1,1,65-74,65-74,Yes,1,
2024,99999,SC,3700.0,3700704000.0,FHA:First Lien,Single Family (1-4 Units):Site-Built,Not Hispanic or Latino,Hispanic,Male,Loan originated,1,300000.0,90.0,6.25,1.0,0,7000.0,350.0,800.0,0.5,150.0,360,0,0,0,0,0,0,0,350000.0,Standard,Investor Occupied,Other,12345,4,0,70000.0,34.0,2,2,1,2,1,2,1,1,2,1,2,2,1,1,55-64,55-64,Yes,0,
2024,99999,AL,3500.0,3500103000.0,VA:First Lien,Single Family (1-4 Units):Site-Built,Not Hispanic or Latino,Black,Female,Loan originated,1,600000.0,75.0,7.0,1.5,1,18000.0,1000.0,2000.0,2.0,500.0,360,0,0,0,0,0,0,0,800000.0,Standard,Owner Occupied,Other,12345,6,0,150000.0,38.0,2,3,2,2,1,2,1,1,1,2,1,2,1,1,45-54,55-64,Yes,1,
2024,99999,MA,3200.0,3200102000.0,Conventional:First Lien,Single Family (1-4 Units):Site-Built,Hispanic or Latino,White,Female,Application withdrawn,1,800000.0,80.0,7.2,1.8,1,17000.0,700.0,2000.0,1.8,400.0,360,0,0,0,0,0,0,0,1000000.0,Standard,Owner Occupied,Manufactured Home Site,12345,8,0,180000.0,42.0,2,5,2,2,2,2,2,3,2,2,2,2,1,1,55-64,55-64,No,1,
2024,99999,IN,4700.0,4700104000.0,FHA:First Lien,Single Family (1-4 Units):Site-Built,Not Hispanic or Latino,White,Male,Loan originated,1,450000.0,78.0,7.0,1.8,1,12000.0,500.0,1500.0,1.0,400.0,360,0,0,0,0,0,0,0,600000.0,Standard,Investor Occupied,Other,12345,5,0,100000.0,35.0,2,3,2,2,1,1,1,1,1,1,1,2,1,1,45-54,55-64,Yes,1,
2024,99999,TX,8700.0,8700201000.0,VA:First Lien,Single Family (1-4 Units):Site-Built,Hispanic or Latino,Hispanic,Male,Submission of application,1,400000.0,82.0,6.75,1.2,1,11000.0,600.0,1700.0,1.0,300.0,360,0,0,0,0,0,0,0,500000.0,Standard,Owner Occupied,Manufactured Home Site,12345,4,0,95000.0,33.0,4,4,3,3,2,3,2,2,2,2,2,3,1,1,65-74,65-74,Yes,1,
2024,99999,OR,4300.0,4300502000.0,FHA:First Lien,Multi-Family:Site-Built,Not Hispanic or Latino,White,Female,Loan originated,1,950000.0,78.0,7.25,2.0,1,18000.0,1000.0,2200.0,2.0,550.0,360,0,0,0,0,0,0,0,1200000.0,Standard,Owner Occupied,Other,12345,8,0,250000.0,36.0,3,5,3,3,1,1,1,1,1,1,1,2,1,1,45-54,55-64,Yes,1,
2024,99999,MN,7400.0,7400301000.0,Conventional:First Lien,Single Family (1-4 Units):Site-Built,Not Hispanic or Latino,Hispanic,Male,Loan originated,1,520000.0,75.0,6.75,1.5,1,15000.0,700.0,1800.0,1.2,400.0,360,0,0,0,0,0,0,0,700000.0,Standard,Owner Occupied,Manufactured Home Site,12345,6,0,120000.0,35.0,2,3,2,2,2,2,2,2,2,2,2,3,1,1,55-64,55-64,Yes,1,
2024,99999,MD,2100.0,2100603000.0,FHA:First Lien,Single Family (1-4 Units):Site-Built,Hispanic or Latino,White,Female,Loan originated,1,480000.0,80.0,6.5,1.6,0,11000.0,500.0,1400.0,1.0,300.0,360,0,0,0,0,0,0,0,600000.0,Standard,Owner Occupied,Other,12345,5,0,100000.0,34.0,2,2,1,2,1,2,1,1,1,1,2,1,1,1,65-74,65-74,Yes,1,
2024,99999,CT,5700.0,5700102000.0,VA:First Lien,Single Family (1-4 Units):Site-Built,Hispanic or Latino,White,Male,Loan originated,1,600000.0,77.0,6.75,1.8,1,17000.0,800.0,2000.0,2.0,400.0,360,0,0,0,0,0,0,0,800000.0,Standard,Owner Occupied,Manufactured Home Site,12345,6,0,150000.0,36.0,2,3,2,2,1,1,1,2,1,1,1,2,1,1,55-64,65-74,Yes,1,
2024,99999,WI,6600.0,6600103000.0,Conventional:First Lien,Single Family (1-4 Units):Site-Built,Not Hispanic or Latino,Black,Female,Loan originated,1,320000.0,85.0,6.25,1.5,1,8000.0,450.0,1200.0,1.0,250.0,360,0,0,0,0,0,0,0,400000.0,Standard,Owner Occupied,Other,12345,4,0,80000.0,32.0,2,2,2,2,1,1,1,1,1,1,1,2,1,1,55-64,55-64,Yes,1,
2024,99999,DE,5900.0,5900101000.0,FHA:First Lien,Single Family (1-4 Units):Site-Built,Not Hispanic or Latino,Hispanic,Male,Loan originated,1,450000.0,80.0,6.0,1.3,1,11000.0,500.0,1300.0,1.0,300.0,360,0,0,0,0,0,0,0,550000.0,Standard,Owner Occupied,Other,12345,5,0,100000.0,33.0,2,3,2,3,2,2,2,2,2,2,2,2,1,1,65-74,55-64,Yes,0,
2024,99999,KY,1400.0,1400104000.0,Conventional:First Lien,Single Family (1-4 Units):Site-Built,Not Hispanic or Latino,White,Female,Loan originated,1,500000.0,75.0,7.25,1.8,1,13000.0,600.0,1700.0,2.0,350.0,360,0,0,0,0,0,0,0,650000.0,Standard,Investor Occupied,Manufactured Home Site,12345,5,0,120000.0,35.0,2,4,2,2,1,2,1,1,1,1,1,2,1,1,45-54,65-74,Yes,1,
2024,99999,ND,4200.0,4200101000.0,FHA:First Lien,Single Family (1-4 Units):Site-Built,Not Hispanic or Latino,White,Male,Loan originated,3,300000.0,85.0,7.0,2.0,1,9000.0,400.0,1200.0,1.0,300.0,360,0,0,0,0,0,0,0,370000.0,Standard,Owner Occupied,Other,12345,6,0,90000.0,31.0,2,3,2,2,1,2,1,2,1,1,2,2,1,1,55-64,65-74,Yes,1,
2024,99999,NJ,3200.0,3200102000.0,VA:First Lien,Single Family (1-4 Units):Site-Built,Hispanic or Latino,Hispanic,Female,Loan originated,1,900000.0,75.0,7.25,2.0,1,18000.0,900.0,2100.0,2.2,500.0,360,0,0,0,0,0,0,0,1300000.0,Standard,Owner Occupied,Manufactured Home Site,12345,8,0,180000.0,40.0,3,5,3,2,1,2,1,1,1,1,1,2,1,1,55-64,55-64,Yes,1,
2024,99999,VA,2700.0,2700104000.0,Conventional:First Lien,Single Family (1-4 Units):Site-Built,Hispanic or Latino,White,Male,Loan originated,1,400000.0,80.0,6.5,1.5,1,11000.0,500.0,1400.0,1.2,350.0,360,0,0,0,0,0,0,0,500000.0,Standard,Owner Occupied,Other,12345,5,0,100000.0,33.0,2,4,2,2,1,2,1,2,1,1,1,2,1,1,65-74,55-64,Yes,1,
2024,99999,VT,4300.0,4300101000.0,FHA:First Lien,Single Family (1-4 Units):Site-Built,Not Hispanic or Latino,White,Male,Loan originated,1,320000.0,85.0,6.75,2.0,1,8500.0,350.0,900.0,1.0,200.0,360,0,0,0,0,0,0,0,400000.0,Standard,Owner Occupied,Manufactured Home Site,12345,4,0,80000.0,35.0,2,2,2,2,1,1,2,1,1,1,1,3,1,1,45-54,65-74,Yes,1,
2024,99999,AK,4900.0,4900103000.0,Conventional:First Lien,Single Family (1-4 Units):Site-Built,Hispanic or Latino,White,Female,Loan originated,1,540000.0,76.0,7.25,1.8,1,14000.0,600.0,1900.0,1.8,400.0,360,0,0,0,0,0,0,0,700000.0,Standard,Investor Occupied,Manufactured Home Site,12345,6,0,130000.0,38.0,2,3,2,2,1,2,1,1,1,1,1,2,1,1,65-74,55-64,Yes,1,
2024,99999,KS,1900.0,1900102000.0,VA:First Lien,Single Family (1-4 Units):Site-Built,Hispanic or Latino,Hispanic,Male,Loan originated,1,380000.0,80.0,6.25,1.2,0,9000.0,500.0,1200.0,1.0,300.0,360,0,0,0,0,0,0,0,450000.0,Standard,Owner Occupied,Other,12345,5,0,90000.0,33.0,2,2,2,2,1,1,1,2,1,1,2,2,1,1,55-64,65-74,Yes,0,
2024,99999,ID,1050.0,1050103000.0,Conventional:First Lien,Single Family (1-4 Units):Site-Built,Hispanic or Latino,White,Female,Loan originated,1,450000.0,75.0,6.5,1.7,1,11000.0,600.0,1500.0,1.2,350.0,360,0,0,0,0,0,0,0,600000.0,Standard,Owner Occupied,Other,12345,6,0,120000.0,32.0,2,3,2,2,1,2,1,1,1,1,1,2,1,1,45-54,55-64,Yes,1,
2024,99999,NE,4700.0,4700104000.0,FHA:First Lien,Single Family (1-4 Units):Site-Built,Not Hispanic or Latino,White,Male,Loan originated,1,360000.0,85.0,6.75,1.6,0,9000.0,400.0,1400.0,1.0,200.0,360,0,0,0,0,0,0,0,450000.0,Standard,Owner Occupied,Manufactured Home Site,12345,5,0,90000.0,33.0,2,2,2,2,2,2,1,2,2,2,2,2,1,1,55-64,55-64,Yes,1,
2024,99999,SD,2100.0,2100103000.0,Conventional:First Lien,Single Family (1-4 Units):Site-Built,Hispanic or Latino,White,Male,Loan originated,1,650000.0,80.0,7.0,1.8,1,16000.0,700.0,1900.0,1.5,400.0,360,0,0,0,0,0,0,0,850000.0,Standard,Investor Occupied,Manufactured Home Site,12345,6,0,140000.0,37.0,2,2,2,2,1,1,1,1,1,1,1,2,1,1,45-54,55-64,Yes,1,
2024,99999,NH,3100.0,3100102000.0,FHA:First Lien,Single Family (1-4 Units):Site-Built,Hispanic or Latino,White,Female,Loan originated,3,600000.0,75.0,7.0,2.0,1,15500.0,800.0,2100.0,2.0,500.0,360,0,0,0,0,0,0,0,800000.0,Standard,Owner Occupied,Other,12345,7,0,150000.0,40.0,3,3,3,3,1,1,1,1,1,1,1,2,1,1,45-54,65-74,Yes,1,
2024,99999,ME,2200.0,2200101000.0,Conventional:First Lien,Single Family (1-4 Units):Site-Built,Hispanic or Latino,Hispanic,Male,Loan originated,1,420000.0,80.0,6.25,1.5,0,11000.0,500.0,1400.0,1.0,300.0,360,0,0,0,0,0,0,0,520000.0,Standard,Owner Occupied,Manufactured Home Site,12345,5,0,100000.0,34.0,2,4,2,2,2,2,2,1,2,2,2,2,1,1,55-64,65-74,Yes,1,
2024,99999,CO,2000.0,2000103000.0,FHA:First Lien,Single Family (1-4 Units):Site-Built,Hispanic or Latino,White,Female,Loan originated,1,600000.0,75.0,7.25,2.0,1,16000.0,700.0,2000.0,2.0,600.0,360,0,0,0,0,0,0,0,800000.0,Standard,Investor Occupied,Other,12345,8,0,160000.0,39.0,2,3,2,2,1,2,1,1,1,1,1,2,1,1,45-54,55-64,Yes,1,
2024,99999,NV,5100.0,5100103000.0,Conventional:First Lien,Single Family (1-4 Units):Site-Built,Hispanic or Latino,White,Male,Loan originated,1,380000.0,80.0,6.75,1.8,1,10000.0,500.0,1300.0,1.2,300.0,360,0,0,0,
